ISO-10303-21;
HEADER;
FILE_DESCRIPTION(('Open CASCADE Model'),'2;1');
FILE_NAME('Open CASCADE Shape Model','2026-09-18T15:45:38',('Author'),(
    'Open CASCADE'),'Open CASCADE STEP processor 7.3','Open CASCADE 7.3'
  ,'Unknown');
FILE_SCHEMA(('AUTOMOTIVE_DESIGN { 1 0 10303 214 1 1 1 1 }'));
ENDSEC;
DATA;
#1 = APPLICATION_PROTOCOL_DEFINITION('international standard',
  'automotive_design',2000,#2);
#2 = APPLICATION_CONTEXT(
  'core data for automotive mechanical design processes');
#3 = SHAPE_DEFINITION_REPRESENTATION(#4,#10);
#4 = PRODUCT_DEFINITION_SHAPE('','',#5);
#5 = PRODUCT_DEFINITION('design','',#6,#9);
#6 = PRODUCT_DEFINITION_FORMATION('','',#7);
#7 = PRODUCT('Pottmanager 36','Pottmanager 36','',(#8));
#8 = PRODUCT_CONTEXT('',#2,'mechanical');
#9 = PRODUCT_DEFINITION_CONTEXT('part definition',#2,'design');
#10 = ADVANCED_BREP_SHAPE_REPRESENTATION('',(#11,#15),#16439);
#11 = AXIS2_PLACEMENT_3D('',#12,#13,#14);
#12 = CARTESIAN_POINT('',(0.,0.,0.));
#13 = DIRECTION('',(0.,0.,1.));
#14 = DIRECTION('',(1.,0.,-0.));
#15 = BREP_WITH_VOIDS('',#16,(#16110,#16190,#16290));
#16 = CLOSED_SHELL('',(#17,#364,#389,#421,#471,#513,#554,#594,#626,#672,
    #756,#787,#829,#897,#970,#1012,#1029,#1071,#1163,#1244,#1284,#1316,
    #1356,#1398,#1422,#1464,#1495,#1536,#1578,#1767,#1812,#1854,#1918,
    #1950,#1981,#2023,#2119,#2151,#2204,#2254,#2312,#2381,#2431,#2473,
    #2515,#2555,#2587,#2624,#2664,#2702,#2748,#2790,#2821,#2863,#2895,
    #3187,#3222,#3253,#3285,#3323,#3364,#3389,#3417,#3434,#3466,#3507,
    #3537,#3588,#3620,#3671,#3713,#3744,#3830,#3881,#3914,#3930,#3970,
    #4028,#4052,#4088,#4171,#4186,#4296,#4347,#4380,#4413,#4455,#4496,
    #4527,#4544,#4586,#4637,#4679,#4711,#4735,#4760,#4781,#4867,#4885,
    #4925,#4965,#5016,#5044,#5078,#5129,#5162,#5186,#5211,#5236,#5253,
    #5285,#5318,#5350,#5390,#5443,#5483,#5516,#5558,#5585,#5626,#5682,
    #5800,#5887,#5974,#6046,#6071,#6104,#6146,#6171,#6208,#6250,#6306,
    #6346,#6390,#6430,#6463,#6496,#6538,#6578,#6619,#6637,#6664,#6704,
    #6744,#6784,#6817,#6841,#6865,#6890,#6923,#6974,#7006,#7042,#7065,
    #7105,#7137,#7149,#7182,#7199,#7215,#7247,#7280,#7302,#7371,#7419,
    #7444,#7475,#7507,#7547,#7584,#7609,#7675,#7699,#7835,#7957,#8001,
    #8025,#8057,#8099,#8121,#8146,#8275,#8506,#8545,#8563,#8640,#8673,
    #8698,#8740,#8771,#8804,#8844,#8877,#8901,#8934,#8959,#8992,#9017,
    #9050,#9075,#9092,#9102,#9118,#9135,#9147,#9174,#9214,#9246,#9288,
    #9323,#9340,#9365,#9398,#9422,#9453,#9485,#9514,#9536,#9571,#9604,
    #9633,#9675,#9699,#9723,#9748,#9782,#9815,#9833,#9858,#9882,#9924,
    #9945,#9986,#10064,#10107,#10135,#10151,#10169,#10183,#10207,#10240,
    #10273,#10295,#10337,#10369,#10385,#10428,#10441,#10462,#10486,
    #10759,#10776,#10801,#10825,#10858,#10875,#10906,#10931,#10955,
    #10973,#10997,#11014,#11033,#11064,#11095,#11128,#11161,#11186,
    #11197,#11253,#11277,#11305,#11336,#11361,#11379,#11404,#11421,
    #11583,#11605,#11639,#11671,#11903,#11917,#11942,#11959,#12030,
    #12055,#12077,#12118,#12136,#12153,#12165,#12202,#12223,#12255,
    #12279,#12304,#12354,#12371,#12413,#12446,#12479,#12515,#12574,
    #12598,#12626,#12650,#12674,#12690,#12885,#12933,#12959,#12977,
    #12995,#13020,#13039,#13056,#13068,#13080,#13099,#13117,#13160,
    #13178,#13239,#13263,#13291,#13315,#13339,#13361,#13383,#13417,
    #13441,#13466,#13504,#13521,#13574,#13593,#13611,#13623,#13641,
    #13653,#13670,#13687,#13704,#13723,#13747,#13772,#13790,#13808,
    #13859,#13884,#13903,#13936,#13957,#13969,#13981,#13999,#14020,
    #14039,#14056,#14075,#14095,#14116,#14140,#14158,#14170,#14187,
    #14204,#14221,#14263,#14276,#14291,#14310,#14327,#14344,#14356,
    #14368,#14380,#14402,#14418,#14446,#14462,#14480,#14498,#14522,
    #14580,#14592,#14621,#14638,#14663,#14687,#14711,#14743,#14767,
    #14784,#14812,#14831,#14853,#14873,#14897,#14919,#14931,#14949,
    #14967,#14980,#15010,#15026,#15043,#15067,#15084,#15096,#15114,
    #15126,#15150,#15167,#15179,#15196,#15214,#15226,#15238,#15264,
    #15280,#15296,#15313,#15333,#15345,#15357,#15373,#15390,#15407,
    #15419,#15447,#15459,#15472,#15488,#15506,#15518,#15530,#15542,
    #15559,#15576,#15588,#15600,#15617,#15634,#15647,#15659,#15671,
    #15683,#15701,#15713,#15725,#15743,#15761,#15778,#15791,#15804,
    #15817,#15830,#15842,#15859,#15875,#15896,#15917,#15934,#15946,
    #15963,#15975,#15987,#15998,#16015,#16037,#16049,#16061,#16074,
    #16086,#16098));
#17 = ADVANCED_FACE('',(#18,#275),#359,.T.);
#18 = FACE_BOUND('',#19,.T.);
#19 = EDGE_LOOP('',(#20,#31,#38,#67,#76,#105,#113,#122,#130,#145,#180,
    #188,#197,#205,#244,#252,#261,#267,#268));
#20 = ORIENTED_EDGE('',*,*,#21,.T.);
#21 = EDGE_CURVE('',#22,#24,#26,.T.);
#22 = VERTEX_POINT('',#23);
#23 = CARTESIAN_POINT('',(44.,175.10001,31.5));
#24 = VERTEX_POINT('',#25);
#25 = CARTESIAN_POINT('',(13.81308230376,175.10001,-9.));
#26 = CIRCLE('',#27,31.5);
#27 = AXIS2_PLACEMENT_3D('',#28,#29,#30);
#28 = CARTESIAN_POINT('',(44.,175.10001,-1.78301828857E-14));
#29 = DIRECTION('',(0.,-1.,1.110223024625E-16));
#30 = DIRECTION('',(0.,1.110223024625E-16,1.));
#31 = ORIENTED_EDGE('',*,*,#32,.T.);
#32 = EDGE_CURVE('',#24,#33,#35,.T.);
#33 = VERTEX_POINT('',#34);
#34 = CARTESIAN_POINT('',(13.81308230376,162.10001,-9.));
#35 = B_SPLINE_CURVE_WITH_KNOTS('',1,(#36,#37),.UNSPECIFIED.,.F.,.F.,(2,
    2),(37.,50.),.PIECEWISE_BEZIER_KNOTS.);
#36 = CARTESIAN_POINT('',(13.81308230376,175.10001,-9.));
#37 = CARTESIAN_POINT('',(13.81308230376,162.10001,-9.));
#38 = ORIENTED_EDGE('',*,*,#39,.T.);
#39 = EDGE_CURVE('',#33,#40,#42,.T.);
#40 = VERTEX_POINT('',#41);
#41 = CARTESIAN_POINT('',(12.51587701714,170.10001,-1.));
#42 = B_SPLINE_CURVE_WITH_KNOTS('',3,(#43,#44,#45,#46,#47,#48,#49,#50,
    #51,#52,#53,#54,#55,#56,#57,#58,#59,#60,#61,#62,#63,#64,#65,#66),
  .UNSPECIFIED.,.F.,.F.,(4,1,1,1,1,1,1,1,1,1,1,1,1,1,1,1,1,1,1,1,1,4),(
    0.,2.267325683214E-02,4.527372917325E-02,6.783358379527E-02,
    9.038516127045E-02,0.112960837732,0.135592885875,0.158313338162,
    0.181153855091,0.204145601143,0.22731913064,0.250704285351,
    0.375533447905,0.499834717914,0.623937259265,0.749118142322,
    0.791697202858,0.833732303552,0.875398955833,0.916877348536,
    0.958350124389,1.),.UNSPECIFIED.);
#43 = CARTESIAN_POINT('',(13.81308230376,162.10001,-9.));
#44 = CARTESIAN_POINT('',(13.81278884131,162.19546975586,-8.999016005171
    ));
#45 = CARTESIAN_POINT('',(13.81220285846,162.38608282774,-8.997051174282
    ));
#46 = CARTESIAN_POINT('',(13.80744400665,162.67127684847,-8.981075376362
    ));
#47 = CARTESIAN_POINT('',(13.79985787476,162.95514918883,-8.955543004194
    ));
#48 = CARTESIAN_POINT('',(13.78919450279,163.23769825,-8.919520126364));
#49 = CARTESIAN_POINT('',(13.77556462315,163.51892222567,-8.87324387541)
  );
#50 = CARTESIAN_POINT('',(13.75899588515,163.79881955763,-8.816634484869
    ));
#51 = CARTESIAN_POINT('',(13.73955183887,164.07738831275,-8.749694140193
    ));
#52 = CARTESIAN_POINT('',(13.71729933991,164.35462850661,-8.67239817189)
  );
#53 = CARTESIAN_POINT('',(13.69231996347,164.63053360104,-8.584731597037
    ));
#54 = CARTESIAN_POINT('',(13.6646970339,164.90512269126,-8.486652279609)
  );
#55 = CARTESIAN_POINT('',(13.5910953424,165.57225751906,-8.221824448475)
  );
#56 = CARTESIAN_POINT('',(13.4475056527,166.58562837845,-7.685080400573)
  );
#57 = CARTESIAN_POINT('',(13.21212812187,167.7931662354,-6.69183234093)
  );
#58 = CARTESIAN_POINT('',(12.97156667757,168.78687062903,-5.483814114895
    ));
#59 = CARTESIAN_POINT('',(12.80328402138,169.36112557552,-4.400696343864
    ));
#60 = CARTESIAN_POINT('',(12.70276097809,169.67328725063,-3.58022853513)
  );
#61 = CARTESIAN_POINT('',(12.64900286471,169.82907208812,-3.074329687127
    ));
#62 = CARTESIAN_POINT('',(12.60301342042,169.9503609132,-2.563096185619)
  );
#63 = CARTESIAN_POINT('',(12.56522825841,170.03634842907,-2.046605594645
    ));
#64 = CARTESIAN_POINT('',(12.53509119318,170.09012226965,-1.525049298059
    ));
#65 = CARTESIAN_POINT('',(12.52229083323,170.09670941173,-1.175264847692
    ));
#66 = CARTESIAN_POINT('',(12.51587701714,170.10001,-1.));
#67 = ORIENTED_EDGE('',*,*,#68,.T.);
#68 = EDGE_CURVE('',#40,#69,#71,.T.);
#69 = VERTEX_POINT('',#70);
#70 = CARTESIAN_POINT('',(12.51587701714,170.10001,1.));
#71 = CIRCLE('',#72,31.5);
#72 = AXIS2_PLACEMENT_3D('',#73,#74,#75);
#73 = CARTESIAN_POINT('',(44.,170.10001,-1.727507137339E-14));
#74 = DIRECTION('',(0.,1.,-1.110223024625E-16));
#75 = DIRECTION('',(0.,-1.110223024625E-16,-1.));
#76 = ORIENTED_EDGE('',*,*,#77,.T.);
#77 = EDGE_CURVE('',#69,#78,#80,.T.);
#78 = VERTEX_POINT('',#79);
#79 = CARTESIAN_POINT('',(13.81308230376,162.10001,9.));
#80 = B_SPLINE_CURVE_WITH_KNOTS('',3,(#81,#82,#83,#84,#85,#86,#87,#88,
    #89,#90,#91,#92,#93,#94,#95,#96,#97,#98,#99,#100,#101,#102,#103,#104
    ),.UNSPECIFIED.,.F.,.F.,(4,1,1,1,1,1,1,1,1,1,1,1,1,1,1,1,1,1,1,1,1,4
    ),(0.,2.274946597948E-02,4.542005117784E-02,6.804111378005E-02,
    9.064220495752E-02,0.113252954187,0.135902953044,0.158621639732,
    0.181438186593,0.204381392682,0.227479583301,0.25076051806,
    0.375781530493,0.49989837594,0.624208730066,0.749186802234,
    0.791923920109,0.834029357465,0.875692629737,0.917109323646,
    0.958478524179,1.),.UNSPECIFIED.);
#81 = CARTESIAN_POINT('',(12.51587701714,170.10001,1.));
#82 = CARTESIAN_POINT('',(12.51916980989,170.09902808579,1.095724468435)
  );
#83 = CARTESIAN_POINT('',(12.52574397806,170.09706766202,1.286841493302)
  );
#84 = CARTESIAN_POINT('',(12.53888178128,170.08112642964,1.572648357839)
  );
#85 = CARTESIAN_POINT('',(12.55434737762,170.05565359225,1.856970815538)
  );
#86 = CARTESIAN_POINT('',(12.57233967686,170.0197254475,2.139778800177)
  );
#87 = CARTESIAN_POINT('',(12.59275697593,169.97358901348,2.421052250894)
  );
#88 = CARTESIAN_POINT('',(12.61557793082,169.91717846904,2.700769428683)
  );
#89 = CARTESIAN_POINT('',(12.64075952743,169.85051245895,2.978909543646)
  );
#90 = CARTESIAN_POINT('',(12.66826501491,169.77358564945,3.255454098812)
  );
#91 = CARTESIAN_POINT('',(12.69805428523,169.68640514066,3.530378991108)
  );
#92 = CARTESIAN_POINT('',(12.7300945478,169.5889530609,3.803685140432));
#93 = CARTESIAN_POINT('',(12.81407142922,169.32486734793,4.469950127799)
  );
#94 = CARTESIAN_POINT('',(12.97110771569,168.78880142373,5.481156117361)
  );
#95 = CARTESIAN_POINT('',(13.21150515442,167.79597757107,6.689005669071)
  );
#96 = CARTESIAN_POINT('',(13.44705189413,166.5882035156,7.683301403613)
  );
#97 = CARTESIAN_POINT('',(13.60088085888,165.50255918307,8.258465721138)
  );
#98 = CARTESIAN_POINT('',(13.6884720747,164.68086014822,8.571594621425)
  );
#99 = CARTESIAN_POINT('',(13.73325898049,164.17333029615,8.72818860957)
  );
#100 = CARTESIAN_POINT('',(13.76868910221,163.66133290038,8.849952643669
    ));
#101 = CARTESIAN_POINT('',(13.79410328764,163.14483738322,8.936192389935
    ));
#102 = CARTESIAN_POINT('',(13.81012482188,162.62389239993,8.990090864142
    ));
#103 = CARTESIAN_POINT('',(13.81209526985,162.27485120338,8.996692911924
    ));
#104 = CARTESIAN_POINT('',(13.81308230376,162.10001,9.));
#105 = ORIENTED_EDGE('',*,*,#106,.T.);
#106 = EDGE_CURVE('',#78,#107,#109,.T.);
#107 = VERTEX_POINT('',#108);
#108 = CARTESIAN_POINT('',(13.81308230376,160.47750907475,9.));
#109 = LINE('',#110,#111);
#110 = CARTESIAN_POINT('',(13.81308230376,212.10001,9.));
#111 = VECTOR('',#112,1.);
#112 = DIRECTION('',(0.,-1.,1.110223024625E-16));
#113 = ORIENTED_EDGE('',*,*,#114,.T.);
#114 = EDGE_CURVE('',#107,#115,#117,.T.);
#115 = VERTEX_POINT('',#116);
#116 = CARTESIAN_POINT('',(64.,160.47750907475,24.336187047276));
#117 = CIRCLE('',#118,31.5);
#118 = AXIS2_PLACEMENT_3D('',#119,#120,#121);
#119 = CARTESIAN_POINT('',(44.,160.47750907475,-1.459869823012E-14));
#120 = DIRECTION('',(-0.,1.,2.194012167712E-16));
#121 = DIRECTION('',(0.,-2.194012167712E-16,1.));
#122 = ORIENTED_EDGE('',*,*,#123,.F.);
#123 = EDGE_CURVE('',#124,#115,#126,.T.);
#124 = VERTEX_POINT('',#125);
#125 = CARTESIAN_POINT('',(64.,168.87248920982,24.336187047276));
#126 = LINE('',#127,#128);
#127 = CARTESIAN_POINT('',(64.,212.10001,24.336187047276));
#128 = VECTOR('',#129,1.);
#129 = DIRECTION('',(0.,-1.,1.110223024625E-16));
#130 = ORIENTED_EDGE('',*,*,#131,.F.);
#131 = EDGE_CURVE('',#132,#124,#134,.T.);
#132 = VERTEX_POINT('',#133);
#133 = CARTESIAN_POINT('',(64.3,169.07744519298,24.086510747719));
#134 = B_SPLINE_CURVE_WITH_KNOTS('',3,(#135,#136,#137,#138,#139,#140,
    #141,#142,#143,#144),.UNSPECIFIED.,.F.,.F.,(4,1,1,1,1,1,1,4),(0.,
    0.119114546432,0.228308923764,0.32809768493,0.419179909881,
    0.502480864021,0.745934895612,1.),.UNSPECIFIED.);
#135 = CARTESIAN_POINT('',(64.3,169.07744519298,24.086510747719));
#136 = CARTESIAN_POINT('',(64.284803740021,169.08384231993,
    24.099274521044));
#137 = CARTESIAN_POINT('',(64.2556768041,169.09610380446,24.123739067469
    ));
#138 = CARTESIAN_POINT('',(64.211900290946,169.10444925084,24.1602541702
    ));
#139 = CARTESIAN_POINT('',(64.171543916278,169.10508143513,
    24.19396562075));
#140 = CARTESIAN_POINT('',(64.134946875843,169.09817445265,
    24.224580737687));
#141 = CARTESIAN_POINT('',(64.081495780222,169.0763094705,
    24.269125950148));
#142 = CARTESIAN_POINT('',(64.01383338751,169.00686197194,24.32426081267
    ));
#143 = CARTESIAN_POINT('',(64.004676230358,168.91791250105,
    24.332155509788));
#144 = CARTESIAN_POINT('',(64.,168.87248920982,24.336187047276));
#145 = ORIENTED_EDGE('',*,*,#146,.F.);
#146 = EDGE_CURVE('',#147,#132,#149,.T.);
#147 = VERTEX_POINT('',#148);
#148 = CARTESIAN_POINT('',(68.336187047276,162.10001,20.));
#149 = B_SPLINE_CURVE_WITH_KNOTS('',3,(#150,#151,#152,#153,#154,#155,
    #156,#157,#158,#159,#160,#161,#162,#163,#164,#165,#166,#167,#168,
    #169,#170,#171,#172,#173,#174,#175,#176,#177,#178,#179),
  .UNSPECIFIED.,.F.,.F.,(4,1,1,1,1,1,1,1,1,1,1,1,1,1,1,1,1,1,1,1,1,1,1,1
    ,1,1,1,4),(0.,2.596847887236E-02,5.188309641592E-02,
    7.776048313435E-02,0.10361734137,0.129470413252,0.155336448264,
    0.181232170735,0.207174247578,0.233179256581,0.259263655541,
    0.285443752536,0.311735677569,0.338155355821,0.364718482702,
    0.391440500855,0.41833657924,0.44542159437,0.472710113762,
    0.500216381601,0.558948228309,0.618513219442,0.679036782241,
    0.740638489278,0.80343175463,0.867523667384,0.933014946699,1.),
  .UNSPECIFIED.);
#150 = CARTESIAN_POINT('',(68.336187047276,162.10001,20.));
#151 = CARTESIAN_POINT('',(68.335580761,162.18357108192,20.000755976311)
  );
#152 = CARTESIAN_POINT('',(68.334369445949,162.35051993138,
    20.002266360959));
#153 = CARTESIAN_POINT('',(68.32454188572,162.60033214891,
    20.014452531765));
#154 = CARTESIAN_POINT('',(68.308845037358,162.84897867545,
    20.033814145344));
#155 = CARTESIAN_POINT('',(68.286707318087,163.0962225997,
    20.060981578965));
#156 = CARTESIAN_POINT('',(68.258281606074,163.34183159479,
    20.095674944345));
#157 = CARTESIAN_POINT('',(68.223527018604,163.58557815646,
    20.137849243111));
#158 = CARTESIAN_POINT('',(68.182454596177,163.82723976851,
    20.187388253925));
#159 = CARTESIAN_POINT('',(68.135061500743,164.06659907475,
    20.244186813807));
#160 = CARTESIAN_POINT('',(68.081348654171,164.30344403595,
    20.30812906085));
#161 = CARTESIAN_POINT('',(68.021316002052,164.53756807747,
    20.379094577733));
#162 = CARTESIAN_POINT('',(67.954963783514,164.76877022576,
    20.456957049697));
#163 = CARTESIAN_POINT('',(67.882292182485,164.99685523497,
    20.541584936742));
#164 = CARTESIAN_POINT('',(67.803301430852,165.22163370055,20.6328416036
    ));
#165 = CARTESIAN_POINT('',(67.717991725942,165.44292217115,
    20.730585606155));
#166 = CARTESIAN_POINT('',(67.626363438106,165.66054321707,
    20.834670901471));
#167 = CARTESIAN_POINT('',(67.528416335651,165.87432561294,
    20.944947209738));
#168 = CARTESIAN_POINT('',(67.424152483698,166.08410404155,
    21.061259839845));
#169 = CARTESIAN_POINT('',(67.313565295295,166.28972055608,
    21.183451525127));
#170 = CARTESIAN_POINT('',(67.152786645873,166.56661410431,
    21.359389527999));
#171 = CARTESIAN_POINT('',(66.931500226047,166.90542407411,
    21.597615827771));
#172 = CARTESIAN_POINT('',(66.636755419463,167.29160973333,
    21.90674512235));
#173 = CARTESIAN_POINT('',(66.314895559541,167.65357105702,
    22.234887682881));
#174 = CARTESIAN_POINT('',(65.965904131392,167.99064578029,
    22.579973824977));
#175 = CARTESIAN_POINT('',(65.589881279415,168.30258580194,
    22.939992365076));
#176 = CARTESIAN_POINT('',(65.186478000183,168.58843610025,
    23.312910988667));
#177 = CARTESIAN_POINT('',(64.757069430723,168.8506786423,
    23.696955666807));
#178 = CARTESIAN_POINT('',(64.45349748042,169.00129025495,
    23.955686589757));
#179 = CARTESIAN_POINT('',(64.3,169.07744519298,24.086510747719));
#180 = ORIENTED_EDGE('',*,*,#181,.F.);
#181 = EDGE_CURVE('',#182,#147,#184,.T.);
#182 = VERTEX_POINT('',#183);
#183 = CARTESIAN_POINT('',(68.336187047276,160.47750907475,20.));
#184 = LINE('',#185,#186);
#185 = CARTESIAN_POINT('',(68.336187047276,212.10001,20.));
#186 = VECTOR('',#187,1.);
#187 = DIRECTION('',(0.,1.,-1.110223024625E-16));
#188 = ORIENTED_EDGE('',*,*,#189,.T.);
#189 = EDGE_CURVE('',#182,#190,#192,.T.);
#190 = VERTEX_POINT('',#191);
#191 = CARTESIAN_POINT('',(74.467195473164,160.47750907475,8.));
#192 = CIRCLE('',#193,31.5);
#193 = AXIS2_PLACEMENT_3D('',#194,#195,#196);
#194 = CARTESIAN_POINT('',(44.,160.47750907475,-1.459869823012E-14));
#195 = DIRECTION('',(-0.,1.,2.194012167712E-16));
#196 = DIRECTION('',(0.,-2.194012167712E-16,1.));
#197 = ORIENTED_EDGE('',*,*,#198,.F.);
#198 = EDGE_CURVE('',#199,#190,#201,.T.);
#199 = VERTEX_POINT('',#200);
#200 = CARTESIAN_POINT('',(74.467195473164,162.10001,8.));
#201 = LINE('',#202,#203);
#202 = CARTESIAN_POINT('',(74.467195473164,212.10001,8.));
#203 = VECTOR('',#204,1.);
#204 = DIRECTION('',(0.,-1.,1.110223024625E-16));
#205 = ORIENTED_EDGE('',*,*,#206,.F.);
#206 = EDGE_CURVE('',#207,#199,#209,.T.);
#207 = VERTEX_POINT('',#208);
#208 = CARTESIAN_POINT('',(74.467195473164,162.10001,-8.));
#209 = B_SPLINE_CURVE_WITH_KNOTS('',3,(#210,#211,#212,#213,#214,#215,
    #216,#217,#218,#219,#220,#221,#222,#223,#224,#225,#226,#227,#228,
    #229,#230,#231,#232,#233,#234,#235,#236,#237,#238,#239,#240,#241,
    #242,#243),.UNSPECIFIED.,.F.,.F.,(4,1,1,1,1,1,1,1,1,1,1,1,1,1,1,1,1,
    1,1,1,1,1,1,1,1,1,1,1,1,1,1,4),(0.,1.039304453319E-02,
    2.098564276863E-02,3.177877251901E-02,4.277335801832E-02,
    5.397027353839E-02,6.53703467255E-02,7.697436168032E-02,
    8.878306180263E-02,0.100797152421,0.113017303223,0.125444150507,
    0.179665918755,0.250058906852,0.297776625578,0.339422871735,
    0.375000374506,0.440423093841,0.499724615554,0.559046301659,
    0.624414991285,0.680186106918,0.749704953531,0.798706261787,
    0.840388280229,0.874751151281,0.897293451022,0.919162746288,
    0.940363218466,0.96089946031,0.980776527833,1.),.UNSPECIFIED.);
#210 = CARTESIAN_POINT('',(74.467195473164,162.10001,-8.));
#211 = CARTESIAN_POINT('',(74.467454810717,162.18734645761,
    -7.999172966884));
#212 = CARTESIAN_POINT('',(74.467978465286,162.36369629373,
    -7.997503021038));
#213 = CARTESIAN_POINT('',(74.472120894947,162.63042939576,
    -7.983805650594));
#214 = CARTESIAN_POINT('',(74.478704058755,162.90155566009,
    -7.961351929066));
#215 = CARTESIAN_POINT('',(74.487982585592,163.17671925795,
    -7.92884727287));
#216 = CARTESIAN_POINT('',(74.499886320271,163.45552933066,
    -7.886038037742));
#217 = CARTESIAN_POINT('',(74.514434657502,163.73755910003,
    -7.832392623302));
#218 = CARTESIAN_POINT('',(74.531622084018,164.02234464921,
    -7.767467967713));
#219 = CARTESIAN_POINT('',(74.551450885648,164.30938550409,
    -7.690811070295));
#220 = CARTESIAN_POINT('',(74.57391759695,164.59813888871,
    -7.601992085603));
#221 = CARTESIAN_POINT('',(74.599034140595,164.88803886044,
    -7.500588547155));
#222 = CARTESIAN_POINT('',(74.657678749795,165.50234599115,
    -7.258666463323));
#223 = CARTESIAN_POINT('',(74.781839234483,166.5232445631,
    -6.727563089053));
#224 = CARTESIAN_POINT('',(74.963802958163,167.6543691776,
    -5.821570385258));
#225 = CARTESIAN_POINT('',(75.13300591497,168.52609949916,-4.80880847217
    ));
#226 = CARTESIAN_POINT('',(75.252379586157,169.09148181802,
    -3.928480008367));
#227 = CARTESIAN_POINT('',(75.37234676561,169.61108175975,
    -2.852710907069));
#228 = CARTESIAN_POINT('',(75.469754431896,170.00019234771,
    -1.555462690084));
#229 = CARTESIAN_POINT('',(75.514186449864,170.14683039482,
    -7.077817294816E-03));
#230 = CARTESIAN_POINT('',(75.470584407264,170.00292109807,
    1.541305690089));
#231 = CARTESIAN_POINT('',(75.361312453174,169.56772127596,
    3.002000243444));
#232 = CARTESIAN_POINT('',(75.193279624054,168.82881967624,
    4.422064136348));
#233 = CARTESIAN_POINT('',(75.010480549748,167.91149220328,
    5.565285036777));
#234 = CARTESIAN_POINT('',(74.839975075598,166.89430068677,
    6.437888942233));
#235 = CARTESIAN_POINT('',(74.718701205967,166.01148249269,
    7.000370821034));
#236 = CARTESIAN_POINT('',(74.633525124187,165.26727873376,
    7.358065381432));
#237 = CARTESIAN_POINT('',(74.576936180782,164.64925205853,
    7.589823900176));
#238 = CARTESIAN_POINT('',(74.537002087099,164.12172792204,
    7.746620998601));
#239 = CARTESIAN_POINT('',(74.505899199049,163.6007559407,7.863941882556
    ));
#240 = CARTESIAN_POINT('',(74.483812906962,163.08936424692,
    7.943650779174));
#241 = CARTESIAN_POINT('',(74.469869570847,162.59018325847,
    7.991401496684));
#242 = CARTESIAN_POINT('',(74.468076850161,162.26157007948,
    7.997165951314));
#243 = CARTESIAN_POINT('',(74.467195473164,162.10001,8.));
#244 = ORIENTED_EDGE('',*,*,#245,.F.);
#245 = EDGE_CURVE('',#246,#207,#248,.T.);
#246 = VERTEX_POINT('',#247);
#247 = CARTESIAN_POINT('',(74.467195473164,160.47750907475,-8.));
#248 = LINE('',#249,#250);
#249 = CARTESIAN_POINT('',(74.467195473164,212.10001,-8.));
#250 = VECTOR('',#251,1.);
#251 = DIRECTION('',(0.,1.,-1.110223024625E-16));
#252 = ORIENTED_EDGE('',*,*,#253,.T.);
#253 = EDGE_CURVE('',#246,#254,#256,.T.);
#254 = VERTEX_POINT('',#255);
#255 = CARTESIAN_POINT('',(13.81308230376,160.47750907475,-9.));
#256 = CIRCLE('',#257,31.5);
#257 = AXIS2_PLACEMENT_3D('',#258,#259,#260);
#258 = CARTESIAN_POINT('',(44.,160.47750907475,-1.459869823012E-14));
#259 = DIRECTION('',(-0.,1.,2.194012167712E-16));
#260 = DIRECTION('',(0.,-2.194012167712E-16,1.));
#261 = ORIENTED_EDGE('',*,*,#262,.T.);
#262 = EDGE_CURVE('',#254,#33,#263,.T.);
#263 = LINE('',#264,#265);
#264 = CARTESIAN_POINT('',(13.81308230376,212.10001,-9.));
#265 = VECTOR('',#266,1.);
#266 = DIRECTION('',(0.,1.,-1.110223024625E-16));
#267 = ORIENTED_EDGE('',*,*,#32,.F.);
#268 = ORIENTED_EDGE('',*,*,#269,.T.);
#269 = EDGE_CURVE('',#24,#22,#270,.T.);
#270 = CIRCLE('',#271,31.5);
#271 = AXIS2_PLACEMENT_3D('',#272,#273,#274);
#272 = CARTESIAN_POINT('',(44.,175.10001,-1.78301828857E-14));
#273 = DIRECTION('',(0.,-1.,1.110223024625E-16));
#274 = DIRECTION('',(0.,1.110223024625E-16,1.));
#275 = FACE_BOUND('',#276,.T.);
#276 = EDGE_LOOP('',(#277,#320));
#277 = ORIENTED_EDGE('',*,*,#278,.F.);
#278 = EDGE_CURVE('',#279,#281,#283,.T.);
#279 = VERTEX_POINT('',#280);
#280 = CARTESIAN_POINT('',(44.,173.10001,-31.5));
#281 = VERTEX_POINT('',#282);
#282 = CARTESIAN_POINT('',(49.,168.10001,-31.10064310012));
#283 = B_SPLINE_CURVE_WITH_KNOTS('',3,(#284,#285,#286,#287,#288,#289,
    #290,#291,#292,#293,#294,#295,#296,#297,#298,#299,#300,#301,#302,
    #303,#304,#305,#306,#307,#308,#309,#310,#311,#312,#313,#314,#315,
    #316,#317,#318,#319),.UNSPECIFIED.,.T.,.F.,(1,1,1,1,1,1,1,1,1,1,1,1,
    1,1,1,1,1,1,1,1,1,1,1,1,1,1,1,1,1,1,1,1,1,1,1,1,1,1,1,1),(
    -6.6995517991E-02,-4.1950587396E-02,-1.9620829364E-02,0.,
    3.415104542342E-02,7.57822672754E-02,0.124897073127,0.155470377609,
    0.183255441775,0.208254155973,0.230470113523,0.249909466229,
    0.250000422,0.283923415587,0.325547182617,0.374873559923,
    0.405300512985,0.433017459479,0.458026486439,0.48033134614,
    0.499938268738,0.534084993254,0.575681124498,0.62473032603,
    0.655355267179,0.683178867715,0.7082029859,0.730431188657,
    0.74986961277,0.783816517536,0.825444546877,0.874755778361,
    0.905240628985,0.933004482009,0.958049412604,0.980379170636,1.,
    1.034151045423,1.075782267275,1.124897073127),.UNSPECIFIED.);
#284 = CARTESIAN_POINT('',(43.355243613853,173.0728816344,
    -31.49360492968));
#285 = CARTESIAN_POINT('',(44.151972476476,173.12213985302,
    -31.50515296996));
#286 = CARTESIAN_POINT('',(45.152750357778,173.01432593064,
    -31.48034528719));
#287 = CARTESIAN_POINT('',(46.394736102588,172.56722544446,
    -31.41206602628));
#288 = CARTESIAN_POINT('',(47.434575465982,171.80670812855,
    -31.31625451136));
#289 = CARTESIAN_POINT('',(48.151518642152,170.93639262912,
    -31.22888271791));
#290 = CARTESIAN_POINT('',(48.576110746739,170.17109061696,
    -31.17280307864));
#291 = CARTESIAN_POINT('',(48.839130822901,169.4291896369,
    -31.13200162636));
#292 = CARTESIAN_POINT('',(48.97295979459,168.74271450379,
    -31.10717505598));
#293 = CARTESIAN_POINT('',(48.999941523521,168.30536793568,
    -31.10065084866));
#294 = CARTESIAN_POINT('',(49.000101574571,167.74592083651,
    -31.10062956666));
#295 = CARTESIAN_POINT('',(48.915137365319,166.95195597023,
    -31.12054743019));
#296 = CARTESIAN_POINT('',(48.470008550151,165.70986172734,
    -31.1893324641));
#297 = CARTESIAN_POINT('',(47.709846531561,164.66864795871,
    -31.28535719605));
#298 = CARTESIAN_POINT('',(46.840054495126,163.95125423452,
    -31.3726260317));
#299 = CARTESIAN_POINT('',(46.077163875671,163.52671832422,
    -31.42836800003));
#300 = CARTESIAN_POINT('',(45.335372212736,163.26249093566,
    -31.46890671002));
#301 = CARTESIAN_POINT('',(44.646132255792,163.12734418464,
    -31.49357780602));
#302 = CARTESIAN_POINT('',(43.849875612893,163.07784008214,
    -31.50515286281));
#303 = CARTESIAN_POINT('',(42.849612475677,163.18519208926,
    -31.48046429165));
#304 = CARTESIAN_POINT('',(41.608454618082,163.63126187005,
    -31.41232870485));
#305 = CARTESIAN_POINT('',(40.568446558911,164.39055615666,
    -31.31658692372));
#306 = CARTESIAN_POINT('',(39.850547237427,165.26044716936,
    -31.22918108022));
#307 = CARTESIAN_POINT('',(39.424900273424,166.02657567405,
    -31.17299050065));
#308 = CARTESIAN_POINT('',(39.161305443832,166.76908191524,
    -31.13211004763));
#309 = CARTESIAN_POINT('',(39.027222833169,167.45604064319,
    -31.10719775956));
#310 = CARTESIAN_POINT('',(38.978084886105,168.24761097209,
    -31.09541685857));
#311 = CARTESIAN_POINT('',(39.083984919895,169.24435655813,
    -31.12042939191));
#312 = CARTESIAN_POINT('',(39.528378360832,170.48715781472,
    -31.18906311467));
#313 = CARTESIAN_POINT('',(40.288091139561,171.52920376669,
    -31.28511624395));
#314 = CARTESIAN_POINT('',(41.158229518313,172.24771508287,
    -31.37246693241));
#315 = CARTESIAN_POINT('',(41.922325496468,172.67314867042,
    -31.42831029142));
#316 = CARTESIAN_POINT('',(42.665198923221,172.93773632856,
    -31.4689110253));
#317 = CARTESIAN_POINT('',(43.355243613853,173.0728816344,
    -31.49360492968));
#318 = CARTESIAN_POINT('',(44.151972476476,173.12213985302,
    -31.50515296996));
#319 = CARTESIAN_POINT('',(45.152750357778,173.01432593064,
    -31.48034528719));
#320 = ORIENTED_EDGE('',*,*,#321,.F.);
#321 = EDGE_CURVE('',#281,#279,#322,.T.);
#322 = B_SPLINE_CURVE_WITH_KNOTS('',3,(#323,#324,#325,#326,#327,#328,
    #329,#330,#331,#332,#333,#334,#335,#336,#337,#338,#339,#340,#341,
    #342,#343,#344,#345,#346,#347,#348,#349,#350,#351,#352,#353,#354,
    #355,#356,#357,#358),.UNSPECIFIED.,.T.,.F.,(1,1,1,1,1,1,1,1,1,1,1,1,
    1,1,1,1,1,1,1,1,1,1,1,1,1,1,1,1,1,1,1,1,1,1,1,1,1,1,1,1),(
    -6.6995517991E-02,-4.1950587396E-02,-1.9620829364E-02,0.,
    3.415104542342E-02,7.57822672754E-02,0.124897073127,0.155470377609,
    0.183255441775,0.208254155973,0.230470113523,0.249909466229,
    0.250000422,0.283923415587,0.325547182617,0.374873559923,
    0.405300512985,0.433017459479,0.458026486439,0.48033134614,
    0.499938268738,0.534084993254,0.575681124498,0.62473032603,
    0.655355267179,0.683178867715,0.7082029859,0.730431188657,
    0.74986961277,0.783816517536,0.825444546877,0.874755778361,
    0.905240628985,0.933004482009,0.958049412604,0.980379170636,1.,
    1.034151045423,1.075782267275,1.124897073127),.UNSPECIFIED.);
#323 = CARTESIAN_POINT('',(43.355243613853,173.0728816344,
    -31.49360492968));
#324 = CARTESIAN_POINT('',(44.151972476476,173.12213985302,
    -31.50515296996));
#325 = CARTESIAN_POINT('',(45.152750357778,173.01432593064,
    -31.48034528719));
#326 = CARTESIAN_POINT('',(46.394736102588,172.56722544446,
    -31.41206602628));
#327 = CARTESIAN_POINT('',(47.434575465982,171.80670812855,
    -31.31625451136));
#328 = CARTESIAN_POINT('',(48.151518642152,170.93639262912,
    -31.22888271791));
#329 = CARTESIAN_POINT('',(48.576110746739,170.17109061696,
    -31.17280307864));
#330 = CARTESIAN_POINT('',(48.839130822901,169.4291896369,
    -31.13200162636));
#331 = CARTESIAN_POINT('',(48.97295979459,168.74271450379,
    -31.10717505598));
#332 = CARTESIAN_POINT('',(48.999941523521,168.30536793568,
    -31.10065084866));
#333 = CARTESIAN_POINT('',(49.000101574571,167.74592083651,
    -31.10062956666));
#334 = CARTESIAN_POINT('',(48.915137365319,166.95195597023,
    -31.12054743019));
#335 = CARTESIAN_POINT('',(48.470008550151,165.70986172734,
    -31.1893324641));
#336 = CARTESIAN_POINT('',(47.709846531561,164.66864795871,
    -31.28535719605));
#337 = CARTESIAN_POINT('',(46.840054495126,163.95125423452,
    -31.3726260317));
#338 = CARTESIAN_POINT('',(46.077163875671,163.52671832422,
    -31.42836800003));
#339 = CARTESIAN_POINT('',(45.335372212736,163.26249093566,
    -31.46890671002));
#340 = CARTESIAN_POINT('',(44.646132255792,163.12734418464,
    -31.49357780602));
#341 = CARTESIAN_POINT('',(43.849875612893,163.07784008214,
    -31.50515286281));
#342 = CARTESIAN_POINT('',(42.849612475677,163.18519208926,
    -31.48046429165));
#343 = CARTESIAN_POINT('',(41.608454618082,163.63126187005,
    -31.41232870485));
#344 = CARTESIAN_POINT('',(40.568446558911,164.39055615666,
    -31.31658692372));
#345 = CARTESIAN_POINT('',(39.850547237427,165.26044716936,
    -31.22918108022));
#346 = CARTESIAN_POINT('',(39.424900273424,166.02657567405,
    -31.17299050065));
#347 = CARTESIAN_POINT('',(39.161305443832,166.76908191524,
    -31.13211004763));
#348 = CARTESIAN_POINT('',(39.027222833169,167.45604064319,
    -31.10719775956));
#349 = CARTESIAN_POINT('',(38.978084886105,168.24761097209,
    -31.09541685857));
#350 = CARTESIAN_POINT('',(39.083984919895,169.24435655813,
    -31.12042939191));
#351 = CARTESIAN_POINT('',(39.528378360832,170.48715781472,
    -31.18906311467));
#352 = CARTESIAN_POINT('',(40.288091139561,171.52920376669,
    -31.28511624395));
#353 = CARTESIAN_POINT('',(41.158229518313,172.24771508287,
    -31.37246693241));
#354 = CARTESIAN_POINT('',(41.922325496468,172.67314867042,
    -31.42831029142));
#355 = CARTESIAN_POINT('',(42.665198923221,172.93773632856,
    -31.4689110253));
#356 = CARTESIAN_POINT('',(43.355243613853,173.0728816344,
    -31.49360492968));
#357 = CARTESIAN_POINT('',(44.151972476476,173.12213985302,
    -31.50515296996));
#358 = CARTESIAN_POINT('',(45.152750357778,173.01432593064,
    -31.48034528719));
#359 = CYLINDRICAL_SURFACE('',#360,31.5);
#360 = AXIS2_PLACEMENT_3D('',#361,#362,#363);
#361 = CARTESIAN_POINT('',(44.,212.10001,-2.193800807682E-14));
#362 = DIRECTION('',(0.,-1.,1.110223024625E-16));
#363 = DIRECTION('',(0.,-1.110223024625E-16,-1.));
#364 = ADVANCED_FACE('',(#365),#384,.F.);
#365 = FACE_BOUND('',#366,.F.);
#366 = EDGE_LOOP('',(#367,#376,#381,#382,#383));
#367 = ORIENTED_EDGE('',*,*,#368,.F.);
#368 = EDGE_CURVE('',#369,#369,#371,.T.);
#369 = VERTEX_POINT('',#370);
#370 = CARTESIAN_POINT('',(49.,168.10001,-26.8));
#371 = CIRCLE('',#372,5.);
#372 = AXIS2_PLACEMENT_3D('',#373,#374,#375);
#373 = CARTESIAN_POINT('',(44.,168.10001,-26.8));
#374 = DIRECTION('',(-0.,1.110223024625E-16,1.));
#375 = DIRECTION('',(1.,0.,0.));
#376 = ORIENTED_EDGE('',*,*,#377,.F.);
#377 = EDGE_CURVE('',#281,#369,#378,.T.);
#378 = B_SPLINE_CURVE_WITH_KNOTS('',1,(#379,#380),.UNSPECIFIED.,.F.,.F.,
  (2,2),(0.399356899876,4.7),.PIECEWISE_BEZIER_KNOTS.);
#379 = CARTESIAN_POINT('',(49.,168.10001,-31.10064310012));
#380 = CARTESIAN_POINT('',(49.,168.10001,-26.8));
#381 = ORIENTED_EDGE('',*,*,#278,.F.);
#382 = ORIENTED_EDGE('',*,*,#321,.F.);
#383 = ORIENTED_EDGE('',*,*,#377,.T.);
#384 = CYLINDRICAL_SURFACE('',#385,5.);
#385 = AXIS2_PLACEMENT_3D('',#386,#387,#388);
#386 = CARTESIAN_POINT('',(44.,168.10001,-31.5));
#387 = DIRECTION('',(0.,1.110223024625E-16,1.));
#388 = DIRECTION('',(1.,0.,0.));
#389 = ADVANCED_FACE('',(#390),#416,.T.);
#390 = FACE_BOUND('',#391,.T.);
#391 = EDGE_LOOP('',(#392,#401,#408,#415));
#392 = ORIENTED_EDGE('',*,*,#393,.F.);
#393 = EDGE_CURVE('',#394,#394,#396,.T.);
#394 = VERTEX_POINT('',#395);
#395 = CARTESIAN_POINT('',(39.140738846138,4.25680067927,20.583464885313
    ));
#396 = CIRCLE('',#397,5.75);
#397 = AXIS2_PLACEMENT_3D('',#398,#399,#400);
#398 = CARTESIAN_POINT('',(39.814567049698,8.50001,16.761995244916));
#399 = DIRECTION('',(0.984807753012,-1.804112415016E-16,0.173648177667)
  );
#400 = DIRECTION('',(-0.117187513663,-0.737949447085,0.664603415721));
#401 = ORIENTED_EDGE('',*,*,#402,.T.);
#402 = EDGE_CURVE('',#394,#403,#405,.T.);
#403 = VERTEX_POINT('',#404);
#404 = CARTESIAN_POINT('',(36.727959851258,4.25680067927,20.158026850029
    ));
#405 = B_SPLINE_CURVE_WITH_KNOTS('',1,(#406,#407),.UNSPECIFIED.,.F.,.F.,
  (2,2),(3.25,5.7),.PIECEWISE_BEZIER_KNOTS.);
#406 = CARTESIAN_POINT('',(39.140738846138,4.25680067927,20.583464885313
    ));
#407 = CARTESIAN_POINT('',(36.727959851258,4.25680067927,20.158026850029
    ));
#408 = ORIENTED_EDGE('',*,*,#409,.F.);
#409 = EDGE_CURVE('',#403,#403,#410,.T.);
#410 = CIRCLE('',#411,5.75);
#411 = AXIS2_PLACEMENT_3D('',#412,#413,#414);
#412 = CARTESIAN_POINT('',(37.401788054818,8.50001,16.336557209632));
#413 = DIRECTION('',(-0.984807753012,1.804112415016E-16,-0.173648177667)
  );
#414 = DIRECTION('',(-0.117187513663,-0.737949447085,0.664603415721));
#415 = ORIENTED_EDGE('',*,*,#402,.F.);
#416 = CYLINDRICAL_SURFACE('',#417,5.75);
#417 = AXIS2_PLACEMENT_3D('',#418,#419,#420);
#418 = CARTESIAN_POINT('',(43.015192246988,8.50001,17.326351822333));
#419 = DIRECTION('',(-0.984807753012,2.241030471391E-16,-0.173648177667)
  );
#420 = DIRECTION('',(-0.117187513663,-0.737949447085,0.664603415721));
#421 = ADVANCED_FACE('',(#422),#466,.T.);
#422 = FACE_BOUND('',#423,.T.);
#423 = EDGE_LOOP('',(#424,#434,#442,#450,#459));
#424 = ORIENTED_EDGE('',*,*,#425,.F.);
#425 = EDGE_CURVE('',#426,#428,#430,.T.);
#426 = VERTEX_POINT('',#427);
#427 = CARTESIAN_POINT('',(26.01,205.10001,6.2125));
#428 = VERTEX_POINT('',#429);
#429 = CARTESIAN_POINT('',(28.17581459443,205.10001,6.2125));
#430 = LINE('',#431,#432);
#431 = CARTESIAN_POINT('',(26.01,205.10001,6.2125));
#432 = VECTOR('',#433,1.);
#433 = DIRECTION('',(1.,0.,0.));
#434 = ORIENTED_EDGE('',*,*,#435,.F.);
#435 = EDGE_CURVE('',#436,#426,#438,.T.);
#436 = VERTEX_POINT('',#437);
#437 = CARTESIAN_POINT('',(26.01,207.10001,7.367200538379));
#438 = LINE('',#439,#440);
#439 = CARTESIAN_POINT('',(26.01,205.10001,6.2125));
#440 = VECTOR('',#441,1.);
#441 = DIRECTION('',(0.,-0.866025403784,-0.5));
#442 = ORIENTED_EDGE('',*,*,#443,.F.);
#443 = EDGE_CURVE('',#444,#436,#446,.T.);
#444 = VERTEX_POINT('',#445);
#445 = CARTESIAN_POINT('',(28.04106523878,207.10001,7.367200538379));
#446 = LINE('',#447,#448);
#447 = CARTESIAN_POINT('',(44.,207.10001,7.367200538379));
#448 = VECTOR('',#449,1.);
#449 = DIRECTION('',(-1.,0.,0.));
#450 = ORIENTED_EDGE('',*,*,#451,.T.);
#451 = EDGE_CURVE('',#444,#452,#454,.T.);
#452 = VERTEX_POINT('',#453);
#453 = CARTESIAN_POINT('',(28.41481686595,206.10001,6.78985026919));
#454 = B_SPLINE_CURVE_WITH_KNOTS('',3,(#455,#456,#457,#458),
  .UNSPECIFIED.,.F.,.F.,(4,4),(0.,1.),.PIECEWISE_BEZIER_KNOTS.);
#455 = CARTESIAN_POINT('',(28.04106523878,207.10001,7.367200538379));
#456 = CARTESIAN_POINT('',(28.16432641444,206.76630806771,7.174537637946
    ));
#457 = CARTESIAN_POINT('',(28.28888312902,206.43296268148,6.98208058947)
  );
#458 = CARTESIAN_POINT('',(28.41481686595,206.10001,6.78985026919));
#459 = ORIENTED_EDGE('',*,*,#460,.F.);
#460 = EDGE_CURVE('',#428,#452,#461,.T.);
#461 = ELLIPSE('',#462,34.,17.);
#462 = AXIS2_PLACEMENT_3D('',#463,#464,#465);
#463 = CARTESIAN_POINT('',(44.,194.33964435797,-1.996621139066E-14));
#464 = DIRECTION('',(0.,0.5,-0.866025403784));
#465 = DIRECTION('',(0.,-0.866025403784,-0.5));
#466 = PLANE('',#467);
#467 = AXIS2_PLACEMENT_3D('',#468,#469,#470);
#468 = CARTESIAN_POINT('',(26.01,205.10001,6.2125));
#469 = DIRECTION('',(0.,0.5,-0.866025403784));
#470 = DIRECTION('',(1.,0.,0.));
#471 = ADVANCED_FACE('',(#472),#508,.T.);
#472 = FACE_BOUND('',#473,.T.);
#473 = EDGE_LOOP('',(#474,#485,#493,#502));
#474 = ORIENTED_EDGE('',*,*,#475,.F.);
#475 = EDGE_CURVE('',#476,#478,#480,.T.);
#476 = VERTEX_POINT('',#477);
#477 = CARTESIAN_POINT('',(30.58544607509,9.50001,-26.433984271));
#478 = VERTEX_POINT('',#479);
#479 = CARTESIAN_POINT('',(30.51091235136,9.50001,-26.49032973758));
#480 = CIRCLE('',#481,0.12);
#481 = AXIS2_PLACEMENT_3D('',#482,#483,#484);
#482 = CARTESIAN_POINT('',(30.61483539981,9.50001,-26.55032973758));
#483 = DIRECTION('',(-8.326672684682E-16,-1.,-3.697183691345E-16));
#484 = DIRECTION('',(-0.500000000001,9.614813431887E-17,0.866025403784)
  );
#485 = ORIENTED_EDGE('',*,*,#486,.T.);
#486 = EDGE_CURVE('',#476,#487,#489,.T.);
#487 = VERTEX_POINT('',#488);
#488 = CARTESIAN_POINT('',(30.58544607509,11.17001,-26.433984271));
#489 = LINE('',#490,#491);
#490 = CARTESIAN_POINT('',(30.58544607509,11.17001,-26.433984271));
#491 = VECTOR('',#492,1.);
#492 = DIRECTION('',(0.,1.,-1.110223024625E-16));
#493 = ORIENTED_EDGE('',*,*,#494,.F.);
#494 = EDGE_CURVE('',#495,#487,#497,.T.);
#495 = VERTEX_POINT('',#496);
#496 = CARTESIAN_POINT('',(30.51091235136,11.17001,-26.49032973758));
#497 = CIRCLE('',#498,0.12);
#498 = AXIS2_PLACEMENT_3D('',#499,#500,#501);
#499 = CARTESIAN_POINT('',(30.61483539981,11.17001,-26.55032973758));
#500 = DIRECTION('',(8.326672684682E-16,1.,3.697183691345E-16));
#501 = DIRECTION('',(-0.500000000001,9.614813431887E-17,0.866025403784)
  );
#502 = ORIENTED_EDGE('',*,*,#503,.F.);
#503 = EDGE_CURVE('',#478,#495,#504,.T.);
#504 = LINE('',#505,#506);
#505 = CARTESIAN_POINT('',(30.51091235136,11.17001,-26.49032973758));
#506 = VECTOR('',#507,1.);
#507 = DIRECTION('',(0.,1.,-1.110223024625E-16));
#508 = CYLINDRICAL_SURFACE('',#509,0.12);
#509 = AXIS2_PLACEMENT_3D('',#510,#511,#512);
#510 = CARTESIAN_POINT('',(30.61483539981,11.17001,-26.55032973758));
#511 = DIRECTION('',(0.,-1.,1.110223024625E-16));
#512 = DIRECTION('',(1.,0.,0.));
#513 = ADVANCED_FACE('',(#514),#549,.F.);
#514 = FACE_BOUND('',#515,.F.);
#515 = EDGE_LOOP('',(#516,#527,#534,#541,#542));
#516 = ORIENTED_EDGE('',*,*,#517,.F.);
#517 = EDGE_CURVE('',#518,#520,#522,.T.);
#518 = VERTEX_POINT('',#519);
#519 = CARTESIAN_POINT('',(37.451293437723,8.50001,20.08693756979));
#520 = VERTEX_POINT('',#521);
#521 = CARTESIAN_POINT('',(37.659340095344,5.78080861145,18.907046342793
    ));
#522 = CIRCLE('',#523,3.684807135903);
#523 = AXIS2_PLACEMENT_3D('',#524,#525,#526);
#524 = CARTESIAN_POINT('',(38.091153481927,8.50001,16.458110933998));
#525 = DIRECTION('',(0.984807753012,-2.498001805407E-16,0.173648177667)
  );
#526 = DIRECTION('',(-0.117187513663,-0.737949447085,0.664603415721));
#527 = ORIENTED_EDGE('',*,*,#528,.F.);
#528 = EDGE_CURVE('',#529,#518,#531,.T.);
#529 = VERTEX_POINT('',#530);
#530 = CARTESIAN_POINT('',(37.38509271467,8.50001,20.036139968367));
#531 = B_SPLINE_CURVE_WITH_KNOTS('',1,(#532,#533),.UNSPECIFIED.,.F.,.F.,
  (2,2),(-8.344418519663E-02,-8.743006318923E-16),
  .PIECEWISE_BEZIER_KNOTS.);
#532 = CARTESIAN_POINT('',(37.385092714642,8.50001,20.036139968404));
#533 = CARTESIAN_POINT('',(37.451293437723,8.50001,20.08693756979));
#534 = ORIENTED_EDGE('',*,*,#535,.F.);
#535 = EDGE_CURVE('',#529,#529,#536,.T.);
#536 = CIRCLE('',#537,3.646276899106);
#537 = AXIS2_PLACEMENT_3D('',#538,#539,#540);
#538 = CARTESIAN_POINT('',(38.018262053468,8.50001,16.445258208499));
#539 = DIRECTION('',(-0.984807753012,6.398790634407E-17,-0.173648177667)
  );
#540 = DIRECTION('',(-0.173648177667,1.093356242223E-16,0.984807753012)
  );
#541 = ORIENTED_EDGE('',*,*,#528,.T.);
#542 = ORIENTED_EDGE('',*,*,#543,.F.);
#543 = EDGE_CURVE('',#520,#518,#544,.T.);
#544 = CIRCLE('',#545,3.684807135903);
#545 = AXIS2_PLACEMENT_3D('',#546,#547,#548);
#546 = CARTESIAN_POINT('',(38.091153481927,8.50001,16.458110933998));
#547 = DIRECTION('',(0.984807753012,-2.498001805407E-16,0.173648177667)
  );
#548 = DIRECTION('',(-0.117187513663,-0.737949447085,0.664603415721));
#549 = CONICAL_SURFACE('',#550,3.684807135903,0.47996554375);
#550 = AXIS2_PLACEMENT_3D('',#551,#552,#553);
#551 = CARTESIAN_POINT('',(38.091153481927,8.50001,16.458110933998));
#552 = DIRECTION('',(0.984807753012,-2.614476038041E-16,0.173648177667)
  );
#553 = DIRECTION('',(0.117187513663,0.737949447085,-0.664603415721));
#554 = ADVANCED_FACE('',(#555),#589,.F.);
#555 = FACE_BOUND('',#556,.T.);
#556 = EDGE_LOOP('',(#557,#567,#575,#583));
#557 = ORIENTED_EDGE('',*,*,#558,.T.);
#558 = EDGE_CURVE('',#559,#561,#563,.T.);
#559 = VERTEX_POINT('',#560);
#560 = CARTESIAN_POINT('',(50.697964631681,9.50001,-6.83429487682));
#561 = VERTEX_POINT('',#562);
#562 = CARTESIAN_POINT('',(50.689087648665,9.50001,-6.849670262421));
#563 = LINE('',#564,#565);
#564 = CARTESIAN_POINT('',(50.697964631681,9.50001,-6.83429487682));
#565 = VECTOR('',#566,1.);
#566 = DIRECTION('',(-0.499999999999,1.118431410543E-16,-0.866025403785)
  );
#567 = ORIENTED_EDGE('',*,*,#568,.T.);
#568 = EDGE_CURVE('',#561,#569,#571,.T.);
#569 = VERTEX_POINT('',#570);
#570 = CARTESIAN_POINT('',(50.689087648665,11.17001,-6.849670262421));
#571 = LINE('',#572,#573);
#572 = CARTESIAN_POINT('',(50.689087648665,11.17001,-6.849670262421));
#573 = VECTOR('',#574,1.);
#574 = DIRECTION('',(0.,1.,-1.110223024625E-16));
#575 = ORIENTED_EDGE('',*,*,#576,.T.);
#576 = EDGE_CURVE('',#569,#577,#579,.T.);
#577 = VERTEX_POINT('',#578);
#578 = CARTESIAN_POINT('',(50.697964631681,11.17001,-6.83429487682));
#579 = LINE('',#580,#581);
#580 = CARTESIAN_POINT('',(50.697964631681,11.17001,-6.83429487682));
#581 = VECTOR('',#582,1.);
#582 = DIRECTION('',(0.499999999999,-1.118431410543E-16,0.866025403785)
  );
#583 = ORIENTED_EDGE('',*,*,#584,.F.);
#584 = EDGE_CURVE('',#559,#577,#585,.T.);
#585 = LINE('',#586,#587);
#586 = CARTESIAN_POINT('',(50.697964631681,11.17001,-6.83429487682));
#587 = VECTOR('',#588,1.);
#588 = DIRECTION('',(0.,1.,-1.110223024625E-16));
#589 = PLANE('',#590);
#590 = AXIS2_PLACEMENT_3D('',#591,#592,#593);
#591 = CARTESIAN_POINT('',(50.697964631681,11.17001,-6.83429487682));
#592 = DIRECTION('',(-0.866025403785,5.551115123115E-17,0.499999999999)
  );
#593 = DIRECTION('',(0.,-1.,1.110223024625E-16));
#594 = ADVANCED_FACE('',(#595),#621,.T.);
#595 = FACE_BOUND('',#596,.T.);
#596 = EDGE_LOOP('',(#597,#606,#613,#620));
#597 = ORIENTED_EDGE('',*,*,#598,.T.);
#598 = EDGE_CURVE('',#599,#599,#601,.T.);
#599 = VERTEX_POINT('',#600);
#600 = CARTESIAN_POINT('',(31.1,13.25001,-27.17));
#601 = CIRCLE('',#602,2.5);
#602 = AXIS2_PLACEMENT_3D('',#603,#604,#605);
#603 = CARTESIAN_POINT('',(31.1,13.25001,-24.67));
#604 = DIRECTION('',(0.,-1.,1.110223024625E-16));
#605 = DIRECTION('',(0.,-1.110223024625E-16,-1.));
#606 = ORIENTED_EDGE('',*,*,#607,.F.);
#607 = EDGE_CURVE('',#608,#599,#610,.T.);
#608 = VERTEX_POINT('',#609);
#609 = CARTESIAN_POINT('',(31.1,12.75350462261,-26.94539893905));
#610 = B_SPLINE_CURVE_WITH_KNOTS('',1,(#611,#612),.UNSPECIFIED.,.F.,.F.,
  (2,2),(-1.830335434669E-16,0.544943323991),.PIECEWISE_BEZIER_KNOTS.);
#611 = CARTESIAN_POINT('',(31.1,12.75350462261,-26.94539893905));
#612 = CARTESIAN_POINT('',(31.1,13.25001000011,-27.16999999976));
#613 = ORIENTED_EDGE('',*,*,#614,.F.);
#614 = EDGE_CURVE('',#608,#608,#615,.T.);
#615 = CIRCLE('',#616,2.275398939057);
#616 = AXIS2_PLACEMENT_3D('',#617,#618,#619);
#617 = CARTESIAN_POINT('',(31.1,12.75350462261,-24.67));
#618 = DIRECTION('',(0.,-1.,1.110223024625E-16));
#619 = DIRECTION('',(0.,-1.110223024625E-16,-1.));
#620 = ORIENTED_EDGE('',*,*,#607,.T.);
#621 = CONICAL_SURFACE('',#622,2.275398939057,0.424817926695);
#622 = AXIS2_PLACEMENT_3D('',#623,#624,#625);
#623 = CARTESIAN_POINT('',(31.1,12.75350462261,-24.67));
#624 = DIRECTION('',(0.,1.,-1.110223024625E-16));
#625 = DIRECTION('',(0.,1.110223024625E-16,1.));
#626 = ADVANCED_FACE('',(#627),#667,.T.);
#627 = FACE_BOUND('',#628,.T.);
#628 = EDGE_LOOP('',(#629,#639,#647,#661));
#629 = ORIENTED_EDGE('',*,*,#630,.F.);
#630 = EDGE_CURVE('',#631,#633,#635,.T.);
#631 = VERTEX_POINT('',#632);
#632 = CARTESIAN_POINT('',(46.341048714255,10.7018326132,18.620179195866
    ));
#633 = VERTEX_POINT('',#634);
#634 = CARTESIAN_POINT('',(46.732652352766,10.2042312477,16.399284600283
    ));
#635 = LINE('',#636,#637);
#636 = CARTESIAN_POINT('',(46.53685053351,10.45303193045,17.509731898075
    ));
#637 = VECTOR('',#638,1.);
#638 = DIRECTION('',(0.169569349582,-0.215467711741,-0.961675569451));
#639 = ORIENTED_EDGE('',*,*,#640,.T.);
#640 = EDGE_CURVE('',#631,#641,#643,.T.);
#641 = VERTEX_POINT('',#642);
#642 = CARTESIAN_POINT('',(42.943983863446,10.7018326132,18.021185007452
    ));
#643 = LINE('',#644,#645);
#644 = CARTESIAN_POINT('',(19.25883550642,10.7018326132,13.844854310026)
  );
#645 = VECTOR('',#646,1.);
#646 = DIRECTION('',(-0.984807753012,6.398790634407E-17,-0.173648177667)
  );
#647 = ORIENTED_EDGE('',*,*,#648,.T.);
#648 = EDGE_CURVE('',#641,#649,#651,.T.);
#649 = VERTEX_POINT('',#650);
#650 = CARTESIAN_POINT('',(43.335587501957,10.2042312477,15.800290411869
    ));
#651 = B_SPLINE_CURVE_WITH_KNOTS('',2,(#652,#653,#654,#655,#656,#657,
    #658,#659,#660),.UNSPECIFIED.,.F.,.F.,(3,2,2,2,3),(0.,0.25,0.5,0.75,
    1.),.PIECEWISE_BEZIER_KNOTS.);
#652 = CARTESIAN_POINT('',(42.943983863446,10.7018326132,18.021185007452
    ));
#653 = CARTESIAN_POINT('',(43.161978473655,10.63973424289,
    17.773848710505));
#654 = CARTESIAN_POINT('',(43.296144783759,10.58292357819,
    17.536065067237));
#655 = CARTESIAN_POINT('',(43.451517553953,10.51713336345,
    17.260697105394));
#656 = CARTESIAN_POINT('',(43.501807434736,10.45373943621,
    16.977827830083));
#657 = CARTESIAN_POINT('',(43.552514545098,10.38981956179,
    16.692611732178));
#658 = CARTESIAN_POINT('',(43.501291520503,10.3238741377,16.380101089377
    ));
#659 = CARTESIAN_POINT('',(43.457097844826,10.26697842123,16.11047636294
    ));
#660 = CARTESIAN_POINT('',(43.335587501957,10.2042312477,15.800290411869
    ));
#661 = ORIENTED_EDGE('',*,*,#662,.F.);
#662 = EDGE_CURVE('',#633,#649,#663,.T.);
#663 = LINE('',#664,#665);
#664 = CARTESIAN_POINT('',(19.65043914493,10.2042312477,11.623959714443)
  );
#665 = VECTOR('',#666,1.);
#666 = DIRECTION('',(-0.984807753012,6.398790634407E-17,-0.173648177667)
  );
#667 = PLANE('',#668);
#668 = AXIS2_PLACEMENT_3D('',#669,#670,#671);
#669 = CARTESIAN_POINT('',(19.25883550642,10.7018326132,13.844854310026)
  );
#670 = DIRECTION('',(-3.741557548998E-02,-0.976510965221,0.212194273046)
  );
#671 = DIRECTION('',(0.999266765737,-3.828747698657E-02,
    3.847174384364E-14));
#672 = ADVANCED_FACE('',(#673),#751,.F.);
#673 = FACE_BOUND('',#674,.F.);
#674 = EDGE_LOOP('',(#675,#684,#691,#705,#713,#714,#728,#738,#750));
#675 = ORIENTED_EDGE('',*,*,#676,.T.);
#676 = EDGE_CURVE('',#677,#677,#679,.T.);
#677 = VERTEX_POINT('',#678);
#678 = CARTESIAN_POINT('',(40.573311060903,5.52607372825,19.657407232356
    ));
#679 = CIRCLE('',#680,4.03);
#680 = AXIS2_PLACEMENT_3D('',#681,#682,#683);
#681 = CARTESIAN_POINT('',(41.045576740963,8.50001,16.979055466999));
#682 = DIRECTION('',(0.984807753012,-1.804112415016E-16,0.173648177667)
  );
#683 = DIRECTION('',(-0.117187513663,-0.737949447085,0.664603415721));
#684 = ORIENTED_EDGE('',*,*,#685,.F.);
#685 = EDGE_CURVE('',#686,#677,#688,.T.);
#686 = VERTEX_POINT('',#687);
#687 = CARTESIAN_POINT('',(42.794321561486,6.79578875231,18.869962099637
    ));
#688 = B_SPLINE_CURVE_WITH_KNOTS('',1,(#689,#690),.UNSPECIFIED.,.F.,.F.,
  (2,2),(0.48134262717,3.158119368527),.PIECEWISE_BEZIER_KNOTS.);
#689 = CARTESIAN_POINT('',(42.794321561278,6.79578875253,18.869962099399
    ));
#690 = CARTESIAN_POINT('',(40.573311059534,5.52607372968,19.657407230792
    ));
#691 = ORIENTED_EDGE('',*,*,#692,.T.);
#692 = EDGE_CURVE('',#686,#693,#695,.T.);
#693 = VERTEX_POINT('',#694);
#694 = CARTESIAN_POINT('',(42.673350893211,8.99761136551,19.556020851336
    ));
#695 = B_SPLINE_CURVE_WITH_KNOTS('',2,(#696,#697,#698,#699,#700,#701,
    #702,#703,#704),.UNSPECIFIED.,.F.,.F.,(3,2,2,2,3),(0.,0.25,0.5,0.75,
    1.),.PIECEWISE_BEZIER_KNOTS.);
#696 = CARTESIAN_POINT('',(42.794321561486,6.79578875231,18.869962099637
    ));
#697 = CARTESIAN_POINT('',(42.948349246935,7.07056612525,18.985400260179
    ));
#698 = CARTESIAN_POINT('',(43.023995446157,7.32194607493,19.079500657799
    ));
#699 = CARTESIAN_POINT('',(43.111598358691,7.61305938889,19.18847465764)
  );
#700 = CARTESIAN_POINT('',(43.096586774164,7.89356943608,19.27594839532)
  );
#701 = CARTESIAN_POINT('',(43.08145064615,8.17640673255,19.364147858142)
  );
#702 = CARTESIAN_POINT('',(42.962297884263,8.46820682808,19.436885899472
    ));
#703 = CARTESIAN_POINT('',(42.85949648672,8.71996312099,19.49964208057)
  );
#704 = CARTESIAN_POINT('',(42.673350893211,8.99761136551,19.556020851336
    ));
#705 = ORIENTED_EDGE('',*,*,#706,.T.);
#706 = EDGE_CURVE('',#693,#641,#707,.T.);
#707 = B_SPLINE_CURVE_WITH_KNOTS('',2,(#708,#709,#710,#711,#712),
  .UNSPECIFIED.,.F.,.F.,(3,2,3),(0.,0.5,1.),.PIECEWISE_BEZIER_KNOTS.);
#708 = CARTESIAN_POINT('',(42.673350893211,8.99761136551,19.556020851336
    ));
#709 = CARTESIAN_POINT('',(43.108995274975,9.45425658202,19.208791704654
    ));
#710 = CARTESIAN_POINT('',(43.171873062539,9.85021193193,18.852190925817
    ));
#711 = CARTESIAN_POINT('',(43.234595457345,10.24518873925,
    18.496471430828));
#712 = CARTESIAN_POINT('',(42.943983863446,10.7018326132,18.021185007452
    ));
#713 = ORIENTED_EDGE('',*,*,#648,.T.);
#714 = ORIENTED_EDGE('',*,*,#715,.T.);
#715 = EDGE_CURVE('',#649,#716,#718,.T.);
#716 = VERTEX_POINT('',#717);
#717 = CARTESIAN_POINT('',(43.456558170232,8.0024086345,15.11423166017)
  );
#718 = B_SPLINE_CURVE_WITH_KNOTS('',2,(#719,#720,#721,#722,#723,#724,
    #725,#726,#727),.UNSPECIFIED.,.F.,.F.,(3,2,2,2,3),(0.,0.25,0.5,0.75,
    1.),.PIECEWISE_BEZIER_KNOTS.);
#719 = CARTESIAN_POINT('',(43.335587501957,10.2042312477,15.800290411869
    ));
#720 = CARTESIAN_POINT('',(43.519808357579,9.92945387477,15.744494595305
    ));
#721 = CARTESIAN_POINT('',(43.623076764264,9.67807392508,15.681941669948
    ));
#722 = CARTESIAN_POINT('',(43.742667877775,9.38696061112,15.609501567142
    ));
#723 = CARTESIAN_POINT('',(43.758479382868,9.10645056393,15.522168877039
    ));
#724 = CARTESIAN_POINT('',(43.774422067983,8.82361326745,15.434111631992
    ));
#725 = CARTESIAN_POINT('',(43.687332972211,8.53181317193,15.325007586608
    ));
#726 = CARTESIAN_POINT('',(43.61219513558,8.280056879,15.230875917594));
#727 = CARTESIAN_POINT('',(43.456558170232,8.0024086345,15.11423166017)
  );
#728 = ORIENTED_EDGE('',*,*,#729,.T.);
#729 = EDGE_CURVE('',#716,#730,#732,.T.);
#730 = VERTEX_POINT('',#731);
#731 = CARTESIAN_POINT('',(43.185925199997,6.29818738681,16.649067504054
    ));
#732 = B_SPLINE_CURVE_WITH_KNOTS('',2,(#733,#734,#735,#736,#737),
  .UNSPECIFIED.,.F.,.F.,(3,2,3),(0.,0.5,1.),.PIECEWISE_BEZIER_KNOTS.);
#733 = CARTESIAN_POINT('',(43.456558170232,8.0024086345,15.11423166017)
  );
#734 = CARTESIAN_POINT('',(43.746837953062,7.546286142,15.588975416633)
  );
#735 = CARTESIAN_POINT('',(43.684447369326,7.15078795324,15.945237578535
    ));
#736 = CARTESIAN_POINT('',(43.622066902844,6.75535389845,16.301441968983
    ));
#737 = CARTESIAN_POINT('',(43.185925199997,6.29818738681,16.649067504055
    ));
#738 = ORIENTED_EDGE('',*,*,#739,.T.);
#739 = EDGE_CURVE('',#730,#686,#740,.T.);
#740 = B_SPLINE_CURVE_WITH_KNOTS('',2,(#741,#742,#743,#744,#745,#746,
    #747,#748,#749),.UNSPECIFIED.,.F.,.F.,(3,2,2,2,3),(0.,0.25,0.5,0.75,
    1.),.PIECEWISE_BEZIER_KNOTS.);
#741 = CARTESIAN_POINT('',(43.185925199997,6.29818738681,16.649067504054
    ));
#742 = CARTESIAN_POINT('',(43.306179130849,6.36028575711,16.956046144972
    ));
#743 = CARTESIAN_POINT('',(43.350927426662,6.41709642182,17.22537726051)
  );
#744 = CARTESIAN_POINT('',(43.40274868251,6.48288663656,17.537279119392)
  );
#745 = CARTESIAN_POINT('',(43.353258722296,6.5462805638,17.820289442276)
  );
#746 = CARTESIAN_POINT('',(43.303358169034,6.61020043822,18.105647757971
    ));
#747 = CARTESIAN_POINT('',(43.148339335972,6.6761458623,18.381792396703)
  );
#748 = CARTESIAN_POINT('',(43.01459377747,6.73304157878,18.620041635231)
  );
#749 = CARTESIAN_POINT('',(42.794321561486,6.79578875231,18.869962099637
    ));
#750 = ORIENTED_EDGE('',*,*,#685,.T.);
#751 = CONICAL_SURFACE('',#752,2.,0.6981317);
#752 = AXIS2_PLACEMENT_3D('',#753,#754,#755);
#753 = CARTESIAN_POINT('',(43.428082541627,8.50001,17.399155521351));
#754 = DIRECTION('',(-0.984807753012,2.454189755149E-16,-0.173648177667)
  );
#755 = DIRECTION('',(-0.117187513663,-0.737949447085,0.664603415721));
#756 = ADVANCED_FACE('',(#757),#782,.T.);
#757 = FACE_BOUND('',#758,.T.);
#758 = EDGE_LOOP('',(#759,#769,#775,#776));
#759 = ORIENTED_EDGE('',*,*,#760,.F.);
#760 = EDGE_CURVE('',#761,#763,#765,.T.);
#761 = VERTEX_POINT('',#762);
#762 = CARTESIAN_POINT('',(46.853623021041,8.0024086345,15.713225848584)
  );
#763 = VERTEX_POINT('',#764);
#764 = CARTESIAN_POINT('',(46.582990050806,6.29818738681,17.248061692468
    ));
#765 = LINE('',#766,#767);
#766 = CARTESIAN_POINT('',(46.718306535924,7.15029801066,16.480643770526
    ));
#767 = VECTOR('',#768,1.);
#768 = DIRECTION('',(-0.117187513663,-0.737949447085,0.664603415721));
#769 = ORIENTED_EDGE('',*,*,#770,.T.);
#770 = EDGE_CURVE('',#761,#716,#771,.T.);
#771 = LINE('',#772,#773);
#772 = CARTESIAN_POINT('',(19.77140981321,8.0024086345,10.937900962744)
  );
#773 = VECTOR('',#774,1.);
#774 = DIRECTION('',(-0.984807753012,6.398790634407E-17,-0.173648177667)
  );
#775 = ORIENTED_EDGE('',*,*,#729,.T.);
#776 = ORIENTED_EDGE('',*,*,#777,.F.);
#777 = EDGE_CURVE('',#763,#730,#778,.T.);
#778 = LINE('',#779,#780);
#779 = CARTESIAN_POINT('',(19.50077684297,6.29818738681,12.472736806628)
  );
#780 = VECTOR('',#781,1.);
#781 = DIRECTION('',(-0.984807753012,6.398790634407E-17,-0.173648177667)
  );
#782 = PLANE('',#783);
#783 = AXIS2_PLACEMENT_3D('',#784,#785,#786);
#784 = CARTESIAN_POINT('',(19.77140981321,8.0024086345,10.937900962744)
  );
#785 = DIRECTION('',(-0.128143576697,0.674855994674,0.72673833682));
#786 = DIRECTION('',(-0.982445552041,-0.186549557153,-1.517606540927E-13
    ));
#787 = ADVANCED_FACE('',(#788),#824,.F.);
#788 = FACE_BOUND('',#789,.F.);
#789 = EDGE_LOOP('',(#790,#800,#809,#817));
#790 = ORIENTED_EDGE('',*,*,#791,.T.);
#791 = EDGE_CURVE('',#792,#794,#796,.T.);
#792 = VERTEX_POINT('',#793);
#793 = CARTESIAN_POINT('',(29.82123527292,9.50001,-26.17511985327));
#794 = VERTEX_POINT('',#795);
#795 = CARTESIAN_POINT('',(29.82123527292,11.17001,-26.17511985327));
#796 = LINE('',#797,#798);
#797 = CARTESIAN_POINT('',(29.82123527292,11.17001,-26.17511985327));
#798 = VECTOR('',#799,1.);
#799 = DIRECTION('',(0.,1.,-1.110223024625E-16));
#800 = ORIENTED_EDGE('',*,*,#801,.F.);
#801 = EDGE_CURVE('',#802,#794,#804,.T.);
#802 = VERTEX_POINT('',#803);
#803 = CARTESIAN_POINT('',(30.43591033489,11.17001,-26.53000266576));
#804 = CIRCLE('',#805,1.974999999999);
#805 = AXIS2_PLACEMENT_3D('',#806,#807,#808);
#806 = CARTESIAN_POINT('',(31.10000000002,11.17001,-24.66999999999));
#807 = DIRECTION('',(8.326672684682E-16,1.,3.697183691345E-16));
#808 = DIRECTION('',(-0.500000000001,9.614813431887E-17,0.866025403784)
  );
#809 = ORIENTED_EDGE('',*,*,#810,.F.);
#810 = EDGE_CURVE('',#811,#802,#813,.T.);
#811 = VERTEX_POINT('',#812);
#812 = CARTESIAN_POINT('',(30.43591033489,9.50001,-26.53000266576));
#813 = LINE('',#814,#815);
#814 = CARTESIAN_POINT('',(30.43591033489,11.17001,-26.53000266576));
#815 = VECTOR('',#816,1.);
#816 = DIRECTION('',(0.,1.,-1.110223024625E-16));
#817 = ORIENTED_EDGE('',*,*,#818,.T.);
#818 = EDGE_CURVE('',#811,#792,#819,.T.);
#819 = CIRCLE('',#820,1.974999999999);
#820 = AXIS2_PLACEMENT_3D('',#821,#822,#823);
#821 = CARTESIAN_POINT('',(31.10000000002,9.50001,-24.66999999999));
#822 = DIRECTION('',(0.,1.,-1.110223024625E-16));
#823 = DIRECTION('',(1.,0.,0.));
#824 = CYLINDRICAL_SURFACE('',#825,1.974999999999);
#825 = AXIS2_PLACEMENT_3D('',#826,#827,#828);
#826 = CARTESIAN_POINT('',(31.10000000002,11.17001,-24.66999999999));
#827 = DIRECTION('',(0.,-1.,1.110223024625E-16));
#828 = DIRECTION('',(1.,0.,0.));
#829 = ADVANCED_FACE('',(#830),#892,.T.);
#830 = FACE_BOUND('',#831,.T.);
#831 = EDGE_LOOP('',(#832,#843,#852,#860,#869,#886));
#832 = ORIENTED_EDGE('',*,*,#833,.T.);
#833 = EDGE_CURVE('',#834,#836,#838,.T.);
#834 = VERTEX_POINT('',#835);
#835 = CARTESIAN_POINT('',(64.818871451968,206.1885672429,9.15));
#836 = VERTEX_POINT('',#837);
#837 = CARTESIAN_POINT('',(64.86917251483,206.10001,9.080966458552));
#838 = B_SPLINE_CURVE_WITH_KNOTS('',3,(#839,#840,#841,#842),
  .UNSPECIFIED.,.F.,.F.,(4,4),(0.,1.),.PIECEWISE_BEZIER_KNOTS.);
#839 = CARTESIAN_POINT('',(64.818871451968,206.1885672429,9.15));
#840 = CARTESIAN_POINT('',(64.836421020733,206.15817049815,
    9.128785049968));
#841 = CARTESIAN_POINT('',(64.853193190025,206.12869907501,
    9.105535172674));
#842 = CARTESIAN_POINT('',(64.86917251483,206.10001,9.080966458552));
#843 = ORIENTED_EDGE('',*,*,#844,.F.);
#844 = EDGE_CURVE('',#845,#836,#847,.T.);
#845 = VERTEX_POINT('',#846);
#846 = CARTESIAN_POINT('',(61.99,206.10001,6.27));
#847 = CIRCLE('',#848,2.88);
#848 = AXIS2_PLACEMENT_3D('',#849,#850,#851);
#849 = CARTESIAN_POINT('',(61.99,206.10001,9.15));
#850 = DIRECTION('',(0.,-1.,1.110223024625E-16));
#851 = DIRECTION('',(1.,0.,0.));
#852 = ORIENTED_EDGE('',*,*,#853,.F.);
#853 = EDGE_CURVE('',#854,#845,#856,.T.);
#854 = VERTEX_POINT('',#855);
#855 = CARTESIAN_POINT('',(61.99,207.10001,6.84735026919));
#856 = LINE('',#857,#858);
#857 = CARTESIAN_POINT('',(61.99,206.10001,6.27));
#858 = VECTOR('',#859,1.);
#859 = DIRECTION('',(0.,-0.866025403784,-0.5));
#860 = ORIENTED_EDGE('',*,*,#861,.F.);
#861 = EDGE_CURVE('',#862,#854,#864,.T.);
#862 = VERTEX_POINT('',#863);
#863 = CARTESIAN_POINT('',(64.015908267968,207.10001,8.055517714817));
#864 = CIRCLE('',#865,2.30264973081);
#865 = AXIS2_PLACEMENT_3D('',#866,#867,#868);
#866 = CARTESIAN_POINT('',(61.99,207.10001,9.15));
#867 = DIRECTION('',(0.,1.,-1.110223024625E-16));
#868 = DIRECTION('',(0.,1.110223024625E-16,1.));
#869 = ORIENTED_EDGE('',*,*,#870,.T.);
#870 = EDGE_CURVE('',#862,#871,#873,.T.);
#871 = VERTEX_POINT('',#872);
#872 = CARTESIAN_POINT('',(64.524144041478,206.69905009226,9.15));
#873 = B_SPLINE_CURVE_WITH_KNOTS('',3,(#874,#875,#876,#877,#878,#879,
    #880,#881,#882,#883,#884,#885),.UNSPECIFIED.,.F.,.F.,(4,1,1,1,1,1,1,
    1,1,4),(0.,8.257717715801E-02,0.165712893152,0.249813475028,
    0.376501121452,0.499650739099,0.626180544046,0.749251212468,
    0.882387255146,1.),.UNSPECIFIED.);
#874 = CARTESIAN_POINT('',(64.015908268495,207.10001000034,
    8.055517714533));
#875 = CARTESIAN_POINT('',(64.03274244077,207.09946903965,8.0870328735)
  );
#876 = CARTESIAN_POINT('',(64.066524648974,207.0983834593,8.150276354936
    ));
#877 = CARTESIAN_POINT('',(64.115299875415,207.08965353539,
    8.246416289413));
#878 = CARTESIAN_POINT('',(64.170609243364,207.07339030071,
    8.359796884001));
#879 = CARTESIAN_POINT('',(64.229853984211,207.04636908837,
    8.488941736745));
#880 = CARTESIAN_POINT('',(64.292357926345,207.00422726549,
    8.633417403105));
#881 = CARTESIAN_POINT('',(64.350787560957,206.95036345213,
    8.774035680708));
#882 = CARTESIAN_POINT('',(64.408586364778,206.88154382306,
    8.913092559196));
#883 = CARTESIAN_POINT('',(64.463574971994,206.80207162783,
    9.043973178171));
#884 = CARTESIAN_POINT('',(64.504805175177,206.73194344448,
    9.116147101564));
#885 = CARTESIAN_POINT('',(64.524144041836,206.69905009246,9.15));
#886 = ORIENTED_EDGE('',*,*,#887,.T.);
#887 = EDGE_CURVE('',#871,#834,#888,.T.);
#888 = LINE('',#889,#890);
#889 = CARTESIAN_POINT('',(64.87,206.10001,9.15));
#890 = VECTOR('',#891,1.);
#891 = DIRECTION('',(0.5,-0.866025403784,2.302848809644E-16));
#892 = CONICAL_SURFACE('',#893,2.88,0.523598775);
#893 = AXIS2_PLACEMENT_3D('',#894,#895,#896);
#894 = CARTESIAN_POINT('',(61.99,206.10001,9.15));
#895 = DIRECTION('',(4.783544928532E-17,-1.,1.110223024625E-16));
#896 = DIRECTION('',(1.,4.783544928532E-17,-5.979431160665E-17));
#897 = ADVANCED_FACE('',(#898),#965,.T.);
#898 = FACE_BOUND('',#899,.T.);
#899 = EDGE_LOOP('',(#900,#911,#931,#940,#948,#949,#957,#958));
#900 = ORIENTED_EDGE('',*,*,#901,.F.);
#901 = EDGE_CURVE('',#902,#904,#906,.T.);
#902 = VERTEX_POINT('',#903);
#903 = CARTESIAN_POINT('',(24.28002854896,207.09191787694,9.0925));
#904 = VERTEX_POINT('',#905);
#905 = CARTESIAN_POINT('',(24.30705578739,207.10001,8.815662067299));
#906 = B_SPLINE_CURVE_WITH_KNOTS('',3,(#907,#908,#909,#910),
  .UNSPECIFIED.,.F.,.F.,(4,4),(0.,1.),.PIECEWISE_BEZIER_KNOTS.);
#907 = CARTESIAN_POINT('',(24.28002854896,207.09191787694,9.0925));
#908 = CARTESIAN_POINT('',(24.28281152951,207.09673814064,8.999909878287
    ));
#909 = CARTESIAN_POINT('',(24.2921721509,207.10001,8.907217449045));
#910 = CARTESIAN_POINT('',(24.30705578739,207.10001,8.815662067299));
#911 = ORIENTED_EDGE('',*,*,#912,.T.);
#912 = EDGE_CURVE('',#902,#913,#915,.T.);
#913 = VERTEX_POINT('',#914);
#914 = CARTESIAN_POINT('',(23.62654557867,205.96005217052,
    10.178628174344));
#915 = B_SPLINE_CURVE_WITH_KNOTS('',3,(#916,#917,#918,#919,#920,#921,
    #922,#923,#924,#925,#926,#927,#928,#929,#930),.UNSPECIFIED.,.F.,.F.,
  (4,1,1,1,1,1,1,1,1,1,1,1,4),(0.,9.00836892481E-02,0.173666376812,
    0.25085883251,0.321825170311,0.386803101047,0.446131589129,
    0.500287476537,0.59711330777,0.684204123994,0.773385764228,
    0.87604541179,1.),.UNSPECIFIED.);
#916 = CARTESIAN_POINT('',(24.28002854896,207.09191787694,9.0925));
#917 = CARTESIAN_POINT('',(24.27750221503,207.0875457249,9.161844911749)
  );
#918 = CARTESIAN_POINT('',(24.2726318632,207.07911694261,9.295530373283)
  );
#919 = CARTESIAN_POINT('',(24.25939074647,207.05621582996,9.487433216595
    ));
#920 = CARTESIAN_POINT('',(24.24207712118,207.02625043986,9.662990571688
    ));
#921 = CARTESIAN_POINT('',(24.22042765809,206.98875588673,9.821835613581
    ));
#922 = CARTESIAN_POINT('',(24.1946504431,206.94409017285,9.963615065878)
  );
#923 = CARTESIAN_POINT('',(24.16482124124,206.89239288015,
    10.088078927021));
#924 = CARTESIAN_POINT('',(24.12142012394,206.81718699572,
    10.225394979255));
#925 = CARTESIAN_POINT('',(24.05667893782,206.70508275016,
    10.360722860626));
#926 = CARTESIAN_POINT('',(23.95738340482,206.5331295428,10.448791771597
    ));
#927 = CARTESIAN_POINT('',(23.84688928251,206.34173396859,
    10.443154817737));
#928 = CARTESIAN_POINT('',(23.73164233957,206.14208985227,
    10.350768634796));
#929 = CARTESIAN_POINT('',(23.66370583032,206.02441729467,
    10.239493825908));
#930 = CARTESIAN_POINT('',(23.62654557867,205.96005217052,
    10.178628174344));
#931 = ORIENTED_EDGE('',*,*,#932,.F.);
#932 = EDGE_CURVE('',#933,#913,#935,.T.);
#933 = VERTEX_POINT('',#934);
#934 = CARTESIAN_POINT('',(64.869819061639,205.96005217052,
    9.117717307759));
#935 = CIRCLE('',#936,22.774593664208);
#936 = AXIS2_PLACEMENT_3D('',#937,#938,#939);
#937 = CARTESIAN_POINT('',(44.,205.96005217052,-2.125633582156E-14));
#938 = DIRECTION('',(0.,-1.,1.110223024625E-16));
#939 = DIRECTION('',(0.,-1.110223024625E-16,-1.));
#940 = ORIENTED_EDGE('',*,*,#941,.T.);
#941 = EDGE_CURVE('',#933,#836,#942,.T.);
#942 = B_SPLINE_CURVE_WITH_KNOTS('',3,(#943,#944,#945,#946,#947),
  .UNSPECIFIED.,.F.,.F.,(4,1,4),(0.,0.488856984127,1.),.UNSPECIFIED.);
#943 = CARTESIAN_POINT('',(64.869819061639,205.96005217052,
    9.117717307759));
#944 = CARTESIAN_POINT('',(64.869782214054,205.98344674975,
    9.113980567426));
#945 = CARTESIAN_POINT('',(64.869706839074,206.03130242123,
    9.106336736091));
#946 = CARTESIAN_POINT('',(64.869353249613,206.07676971191,
    9.089547936307));
#947 = CARTESIAN_POINT('',(64.86917251483,206.10001,9.080966458552));
#948 = ORIENTED_EDGE('',*,*,#833,.F.);
#949 = ORIENTED_EDGE('',*,*,#950,.F.);
#950 = EDGE_CURVE('',#871,#834,#951,.T.);
#951 = B_SPLINE_CURVE_WITH_KNOTS('',2,(#952,#953,#954,#955,#956),
  .UNSPECIFIED.,.F.,.F.,(3,2,3),(0.,0.5,1.),.PIECEWISE_BEZIER_KNOTS.);
#952 = CARTESIAN_POINT('',(64.524144041478,206.69905009226,9.15));
#953 = CARTESIAN_POINT('',(64.590397711874,206.58429536894,
    9.252916140296));
#954 = CARTESIAN_POINT('',(64.670504804773,206.445545814,9.247851609509)
  );
#955 = CARTESIAN_POINT('',(64.741646649252,206.32232452481,
    9.243353879676));
#956 = CARTESIAN_POINT('',(64.818871451968,206.1885672429,9.15));
#957 = ORIENTED_EDGE('',*,*,#870,.F.);
#958 = ORIENTED_EDGE('',*,*,#959,.T.);
#959 = EDGE_CURVE('',#862,#904,#960,.T.);
#960 = CIRCLE('',#961,21.576096714792);
#961 = AXIS2_PLACEMENT_3D('',#962,#963,#964);
#962 = CARTESIAN_POINT('',(44.,207.10001,-2.13828965645E-14));
#963 = DIRECTION('',(0.,-1.,1.110223024625E-16));
#964 = DIRECTION('',(0.,-1.110223024625E-16,-1.));
#965 = TOROIDAL_SURFACE('',#966,21.576096714792,1.2);
#966 = AXIS2_PLACEMENT_3D('',#967,#968,#969);
#967 = CARTESIAN_POINT('',(44.,205.90001,-2.124966980155E-14));
#968 = DIRECTION('',(0.,-1.,1.110223024625E-16));
#969 = DIRECTION('',(0.,-1.110223024625E-16,-1.));
#970 = ADVANCED_FACE('',(#971),#1007,.T.);
#971 = FACE_BOUND('',#972,.T.);
#972 = EDGE_LOOP('',(#973,#982,#990,#999,#1005,#1006));
#973 = ORIENTED_EDGE('',*,*,#974,.T.);
#974 = EDGE_CURVE('',#933,#975,#977,.T.);
#975 = VERTEX_POINT('',#976);
#976 = CARTESIAN_POINT('',(64.87,205.69838128124,9.15));
#977 = B_SPLINE_CURVE_WITH_KNOTS('',3,(#978,#979,#980,#981),
  .UNSPECIFIED.,.F.,.F.,(4,4),(0.,1.),.PIECEWISE_BEZIER_KNOTS.);
#978 = CARTESIAN_POINT('',(64.869819061639,205.96005217052,
    9.117717307759));
#979 = CARTESIAN_POINT('',(64.869938375558,205.8728142045,9.128360859276
    ));
#980 = CARTESIAN_POINT('',(64.87,205.78559006099,9.139119242946));
#981 = CARTESIAN_POINT('',(64.87,205.69838128124,9.15));
#982 = ORIENTED_EDGE('',*,*,#983,.F.);
#983 = EDGE_CURVE('',#984,#975,#986,.T.);
#984 = VERTEX_POINT('',#985);
#985 = CARTESIAN_POINT('',(64.87,202.60001,9.15));
#986 = LINE('',#987,#988);
#987 = CARTESIAN_POINT('',(64.87,201.10001,9.15));
#988 = VECTOR('',#989,1.);
#989 = DIRECTION('',(0.,1.,-1.110223024625E-16));
#990 = ORIENTED_EDGE('',*,*,#991,.F.);
#991 = EDGE_CURVE('',#992,#984,#994,.T.);
#992 = VERTEX_POINT('',#993);
#993 = CARTESIAN_POINT('',(61.99,202.60001,6.27));
#994 = CIRCLE('',#995,2.88);
#995 = AXIS2_PLACEMENT_3D('',#996,#997,#998);
#996 = CARTESIAN_POINT('',(61.99,202.60001,9.15));
#997 = DIRECTION('',(0.,-1.,1.110223024625E-16));
#998 = DIRECTION('',(0.,1.110223024625E-16,1.));
#999 = ORIENTED_EDGE('',*,*,#1000,.T.);
#1000 = EDGE_CURVE('',#992,#845,#1001,.T.);
#1001 = LINE('',#1002,#1003);
#1002 = CARTESIAN_POINT('',(61.99,201.10001,6.27));
#1003 = VECTOR('',#1004,1.);
#1004 = DIRECTION('',(0.,1.,-1.110223024625E-16));
#1005 = ORIENTED_EDGE('',*,*,#844,.T.);
#1006 = ORIENTED_EDGE('',*,*,#941,.F.);
#1007 = CYLINDRICAL_SURFACE('',#1008,2.88);
#1008 = AXIS2_PLACEMENT_3D('',#1009,#1010,#1011);
#1009 = CARTESIAN_POINT('',(61.99,201.10001,9.15));
#1010 = DIRECTION('',(0.,1.,-1.110223024625E-16));
#1011 = DIRECTION('',(0.,1.110223024625E-16,1.));
#1012 = ADVANCED_FACE('',(#1013),#1024,.F.);
#1013 = FACE_BOUND('',#1014,.T.);
#1014 = EDGE_LOOP('',(#1015));
#1015 = ORIENTED_EDGE('',*,*,#1016,.T.);
#1016 = EDGE_CURVE('',#1017,#1017,#1019,.T.);
#1017 = VERTEX_POINT('',#1018);
#1018 = CARTESIAN_POINT('',(48.7,168.10001,-26.5));
#1019 = CIRCLE('',#1020,4.7);
#1020 = AXIS2_PLACEMENT_3D('',#1021,#1022,#1023);
#1021 = CARTESIAN_POINT('',(44.,168.10001,-26.5));
#1022 = DIRECTION('',(0.,-1.110223024625E-16,-1.));
#1023 = DIRECTION('',(1.,0.,0.));
#1024 = PLANE('',#1025);
#1025 = AXIS2_PLACEMENT_3D('',#1026,#1027,#1028);
#1026 = CARTESIAN_POINT('',(44.,168.10001,-26.5));
#1027 = DIRECTION('',(0.,1.110223024625E-16,1.));
#1028 = DIRECTION('',(-1.,0.,0.));
#1029 = ADVANCED_FACE('',(#1030),#1066,.F.);
#1030 = FACE_BOUND('',#1031,.F.);
#1031 = EDGE_LOOP('',(#1032,#1042,#1051,#1059));
#1032 = ORIENTED_EDGE('',*,*,#1033,.F.);
#1033 = EDGE_CURVE('',#1034,#1036,#1038,.T.);
#1034 = VERTEX_POINT('',#1035);
#1035 = CARTESIAN_POINT('',(64.,162.10001,20.3));
#1036 = VERTEX_POINT('',#1037);
#1037 = CARTESIAN_POINT('',(64.,158.97501,20.3));
#1038 = LINE('',#1039,#1040);
#1039 = CARTESIAN_POINT('',(64.,144.10001,20.3));
#1040 = VECTOR('',#1041,1.);
#1041 = DIRECTION('',(0.,-1.,1.110223024625E-16));
#1042 = ORIENTED_EDGE('',*,*,#1043,.T.);
#1043 = EDGE_CURVE('',#1034,#1044,#1046,.T.);
#1044 = VERTEX_POINT('',#1045);
#1045 = CARTESIAN_POINT('',(64.3,162.10001,20.));
#1046 = CIRCLE('',#1047,0.3);
#1047 = AXIS2_PLACEMENT_3D('',#1048,#1049,#1050);
#1048 = CARTESIAN_POINT('',(64.3,162.10001,20.3));
#1049 = DIRECTION('',(0.,-1.,1.110223024625E-16));
#1050 = DIRECTION('',(0.,-1.110223024625E-16,-1.));
#1051 = ORIENTED_EDGE('',*,*,#1052,.F.);
#1052 = EDGE_CURVE('',#1053,#1044,#1055,.T.);
#1053 = VERTEX_POINT('',#1054);
#1054 = CARTESIAN_POINT('',(64.3,158.97501,20.));
#1055 = LINE('',#1056,#1057);
#1056 = CARTESIAN_POINT('',(64.3,162.10001,20.));
#1057 = VECTOR('',#1058,1.);
#1058 = DIRECTION('',(0.,1.,-1.110223024625E-16));
#1059 = ORIENTED_EDGE('',*,*,#1060,.F.);
#1060 = EDGE_CURVE('',#1036,#1053,#1061,.T.);
#1061 = CIRCLE('',#1062,0.3);
#1062 = AXIS2_PLACEMENT_3D('',#1063,#1064,#1065);
#1063 = CARTESIAN_POINT('',(64.3,158.97501,20.3));
#1064 = DIRECTION('',(0.,-1.,1.110223024625E-16));
#1065 = DIRECTION('',(0.,-1.110223024625E-16,-1.));
#1066 = CYLINDRICAL_SURFACE('',#1067,0.3);
#1067 = AXIS2_PLACEMENT_3D('',#1068,#1069,#1070);
#1068 = CARTESIAN_POINT('',(64.3,144.10001,20.3));
#1069 = DIRECTION('',(0.,-1.,1.110223024625E-16));
#1070 = DIRECTION('',(0.,-1.110223024625E-16,-1.));
#1071 = ADVANCED_FACE('',(#1072,#1083),#1158,.T.);
#1072 = FACE_BOUND('',#1073,.T.);
#1073 = EDGE_LOOP('',(#1074));
#1074 = ORIENTED_EDGE('',*,*,#1075,.T.);
#1075 = EDGE_CURVE('',#1076,#1076,#1078,.T.);
#1076 = VERTEX_POINT('',#1077);
#1077 = CARTESIAN_POINT('',(62.,1.30001,2.5));
#1078 = CIRCLE('',#1079,2.5);
#1079 = AXIS2_PLACEMENT_3D('',#1080,#1081,#1082);
#1080 = CARTESIAN_POINT('',(62.,1.30001,1.465493282282E-15));
#1081 = DIRECTION('',(0.,1.,-1.110223024625E-16));
#1082 = DIRECTION('',(0.,1.110223024625E-16,1.));
#1083 = FACE_BOUND('',#1084,.T.);
#1084 = EDGE_LOOP('',(#1085,#1095,#1103,#1111,#1120,#1128,#1136,#1144,
    #1152));
#1085 = ORIENTED_EDGE('',*,*,#1086,.T.);
#1086 = EDGE_CURVE('',#1087,#1089,#1091,.T.);
#1087 = VERTEX_POINT('',#1088);
#1088 = CARTESIAN_POINT('',(43.885155279191,1.30001,23.5));
#1089 = VERTEX_POINT('',#1090);
#1090 = CARTESIAN_POINT('',(43.131759111665,1.30001,22.424038765061));
#1091 = LINE('',#1092,#1093);
#1092 = CARTESIAN_POINT('',(32.88154974143,1.30001,7.785222684264));
#1093 = VECTOR('',#1094,1.);
#1094 = DIRECTION('',(-0.573576436351,-9.094414602384E-17,
    -0.819152044289));
#1095 = ORIENTED_EDGE('',*,*,#1096,.T.);
#1096 = EDGE_CURVE('',#1089,#1097,#1099,.T.);
#1097 = VERTEX_POINT('',#1098);
#1098 = CARTESIAN_POINT('',(45.190207119782,1.30001,10.75));
#1099 = LINE('',#1100,#1101);
#1100 = CARTESIAN_POINT('',(46.9926762541,1.30001,0.527689568123));
#1101 = VECTOR('',#1102,1.);
#1102 = DIRECTION('',(0.173648177667,-1.093356242223E-16,-0.984807753012
    ));
#1103 = ORIENTED_EDGE('',*,*,#1104,.F.);
#1104 = EDGE_CURVE('',#1105,#1097,#1107,.T.);
#1105 = VERTEX_POINT('',#1106);
#1106 = CARTESIAN_POINT('',(48.7,1.30001,10.75));
#1107 = LINE('',#1108,#1109);
#1108 = CARTESIAN_POINT('',(44.,1.30001,10.75));
#1109 = VECTOR('',#1110,1.);
#1110 = DIRECTION('',(-1.,2.289015097837E-30,2.061761508333E-14));
#1111 = ORIENTED_EDGE('',*,*,#1112,.T.);
#1112 = EDGE_CURVE('',#1105,#1113,#1115,.T.);
#1113 = VERTEX_POINT('',#1114);
#1114 = CARTESIAN_POINT('',(56.7,1.30001,2.75));
#1115 = CIRCLE('',#1116,8.);
#1116 = AXIS2_PLACEMENT_3D('',#1117,#1118,#1119);
#1117 = CARTESIAN_POINT('',(48.7,1.30001,2.75));
#1118 = DIRECTION('',(0.,1.,-1.110223024625E-16));
#1119 = DIRECTION('',(0.,-1.110223024625E-16,-1.));
#1120 = ORIENTED_EDGE('',*,*,#1121,.F.);
#1121 = EDGE_CURVE('',#1122,#1113,#1124,.T.);
#1122 = VERTEX_POINT('',#1123);
#1123 = CARTESIAN_POINT('',(56.7,1.30001,-31.65));
#1124 = LINE('',#1125,#1126);
#1125 = CARTESIAN_POINT('',(56.7,1.30001,-2.575801914985E-13));
#1126 = VECTOR('',#1127,1.);
#1127 = DIRECTION('',(2.039729801423E-14,1.110223024625E-16,1.));
#1128 = ORIENTED_EDGE('',*,*,#1129,.F.);
#1129 = EDGE_CURVE('',#1130,#1122,#1132,.T.);
#1130 = VERTEX_POINT('',#1131);
#1131 = CARTESIAN_POINT('',(59.019047558312,1.30001,-31.65));
#1132 = LINE('',#1133,#1134);
#1133 = CARTESIAN_POINT('',(44.,1.30001,-31.65));
#1134 = VECTOR('',#1135,1.);
#1135 = DIRECTION('',(-1.,0.,0.));
#1136 = ORIENTED_EDGE('',*,*,#1137,.F.);
#1137 = EDGE_CURVE('',#1138,#1130,#1140,.T.);
#1138 = VERTEX_POINT('',#1139);
#1139 = CARTESIAN_POINT('',(65.5,1.30001,-25.16904755831));
#1140 = LINE('',#1141,#1142);
#1141 = CARTESIAN_POINT('',(67.334523779156,1.30001,-23.33452377915));
#1142 = VECTOR('',#1143,1.);
#1143 = DIRECTION('',(-0.707106781187,-7.850462293419E-17,
    -0.707106781187));
#1144 = ORIENTED_EDGE('',*,*,#1145,.T.);
#1145 = EDGE_CURVE('',#1138,#1146,#1148,.T.);
#1146 = VERTEX_POINT('',#1147);
#1147 = CARTESIAN_POINT('',(65.5,1.30001,23.5));
#1148 = LINE('',#1149,#1150);
#1149 = CARTESIAN_POINT('',(65.5,1.30001,1.465493282282E-15));
#1150 = VECTOR('',#1151,1.);
#1151 = DIRECTION('',(0.,1.110223024625E-16,1.));
#1152 = ORIENTED_EDGE('',*,*,#1153,.T.);
#1153 = EDGE_CURVE('',#1146,#1087,#1154,.T.);
#1154 = LINE('',#1155,#1156);
#1155 = CARTESIAN_POINT('',(44.,1.30001,23.5));
#1156 = VECTOR('',#1157,1.);
#1157 = DIRECTION('',(-1.,0.,0.));
#1158 = PLANE('',#1159);
#1159 = AXIS2_PLACEMENT_3D('',#1160,#1161,#1162);
#1160 = CARTESIAN_POINT('',(44.,1.30001,1.465493282282E-15));
#1161 = DIRECTION('',(0.,-1.,1.110223024625E-16));
#1162 = DIRECTION('',(0.,-1.110223024625E-16,-1.));
#1163 = ADVANCED_FACE('',(#1164),#1239,.T.);
#1164 = FACE_BOUND('',#1165,.T.);
#1165 = EDGE_LOOP('',(#1166,#1176,#1184,#1192,#1200,#1208,#1216,#1224,
    #1233));
#1166 = ORIENTED_EDGE('',*,*,#1167,.F.);
#1167 = EDGE_CURVE('',#1168,#1170,#1172,.T.);
#1168 = VERTEX_POINT('',#1169);
#1169 = CARTESIAN_POINT('',(49.486815584869,16.50001,31.5));
#1170 = VERTEX_POINT('',#1171);
#1171 = CARTESIAN_POINT('',(46.580960194079,16.50001,31.5));
#1172 = LINE('',#1173,#1174);
#1173 = CARTESIAN_POINT('',(44.,16.50001,31.5));
#1174 = VECTOR('',#1175,1.);
#1175 = DIRECTION('',(-1.,0.,0.));
#1176 = ORIENTED_EDGE('',*,*,#1177,.T.);
#1177 = EDGE_CURVE('',#1168,#1178,#1180,.T.);
#1178 = VERTEX_POINT('',#1179);
#1179 = CARTESIAN_POINT('',(49.486815584869,9.30001,31.5));
#1180 = LINE('',#1181,#1182);
#1181 = CARTESIAN_POINT('',(49.486815584869,175.10001,31.5));
#1182 = VECTOR('',#1183,1.);
#1183 = DIRECTION('',(0.,-1.,1.110223024625E-16));
#1184 = ORIENTED_EDGE('',*,*,#1185,.T.);
#1185 = EDGE_CURVE('',#1178,#1186,#1188,.T.);
#1186 = VERTEX_POINT('',#1187);
#1187 = CARTESIAN_POINT('',(61.290367901872,9.30001,31.5));
#1188 = LINE('',#1189,#1190);
#1189 = CARTESIAN_POINT('',(44.,9.30001,31.5));
#1190 = VECTOR('',#1191,1.);
#1191 = DIRECTION('',(1.,0.,0.));
#1192 = ORIENTED_EDGE('',*,*,#1193,.T.);
#1193 = EDGE_CURVE('',#1186,#1194,#1196,.T.);
#1194 = VERTEX_POINT('',#1195);
#1195 = CARTESIAN_POINT('',(61.290367901872,133.10001,31.5));
#1196 = LINE('',#1197,#1198);
#1197 = CARTESIAN_POINT('',(61.290367901872,175.10001,31.5));
#1198 = VECTOR('',#1199,1.);
#1199 = DIRECTION('',(0.,1.,-1.110223024625E-16));
#1200 = ORIENTED_EDGE('',*,*,#1201,.F.);
#1201 = EDGE_CURVE('',#1202,#1194,#1204,.T.);
#1202 = VERTEX_POINT('',#1203);
#1203 = CARTESIAN_POINT('',(30.95227278525,133.10001,31.5));
#1204 = LINE('',#1205,#1206);
#1205 = CARTESIAN_POINT('',(44.,133.10001,31.5));
#1206 = VECTOR('',#1207,1.);
#1207 = DIRECTION('',(1.,0.,0.));
#1208 = ORIENTED_EDGE('',*,*,#1209,.T.);
#1209 = EDGE_CURVE('',#1202,#1210,#1212,.T.);
#1210 = VERTEX_POINT('',#1211);
#1211 = CARTESIAN_POINT('',(30.95227278525,36.50001,31.5));
#1212 = LINE('',#1213,#1214);
#1213 = CARTESIAN_POINT('',(30.95227278525,175.10001,31.5));
#1214 = VECTOR('',#1215,1.);
#1215 = DIRECTION('',(0.,-1.,1.110223024625E-16));
#1216 = ORIENTED_EDGE('',*,*,#1217,.T.);
#1217 = EDGE_CURVE('',#1210,#1218,#1220,.T.);
#1218 = VERTEX_POINT('',#1219);
#1219 = CARTESIAN_POINT('',(45.870161565759,36.50001,31.5));
#1220 = LINE('',#1221,#1222);
#1221 = CARTESIAN_POINT('',(44.,36.50001,31.5));
#1222 = VECTOR('',#1223,1.);
#1223 = DIRECTION('',(1.,0.,0.));
#1224 = ORIENTED_EDGE('',*,*,#1225,.T.);
#1225 = EDGE_CURVE('',#1218,#1226,#1228,.T.);
#1226 = VERTEX_POINT('',#1227);
#1227 = CARTESIAN_POINT('',(46.580960194079,35.80001,31.5));
#1228 = ELLIPSE('',#1229,0.71079862832,0.7);
#1229 = AXIS2_PLACEMENT_3D('',#1230,#1231,#1232);
#1230 = CARTESIAN_POINT('',(45.870161565759,35.80001,31.5));
#1231 = DIRECTION('',(-0.,-1.110223024625E-16,-1.));
#1232 = DIRECTION('',(-1.,0.,0.));
#1233 = ORIENTED_EDGE('',*,*,#1234,.T.);
#1234 = EDGE_CURVE('',#1226,#1170,#1235,.T.);
#1235 = LINE('',#1236,#1237);
#1236 = CARTESIAN_POINT('',(46.580960194079,175.10001,31.5));
#1237 = VECTOR('',#1238,1.);
#1238 = DIRECTION('',(0.,-1.,1.110223024625E-16));
#1239 = PLANE('',#1240);
#1240 = AXIS2_PLACEMENT_3D('',#1241,#1242,#1243);
#1241 = CARTESIAN_POINT('',(44.,175.10001,31.5));
#1242 = DIRECTION('',(0.,1.110223024625E-16,1.));
#1243 = DIRECTION('',(-1.,0.,0.));
#1244 = ADVANCED_FACE('',(#1245),#1279,.F.);
#1245 = FACE_BOUND('',#1246,.T.);
#1246 = EDGE_LOOP('',(#1247,#1257,#1265,#1273));
#1247 = ORIENTED_EDGE('',*,*,#1248,.T.);
#1248 = EDGE_CURVE('',#1249,#1251,#1253,.T.);
#1249 = VERTEX_POINT('',#1250);
#1250 = CARTESIAN_POINT('',(42.197964631681,9.50001,-6.83429487682));
#1251 = VERTEX_POINT('',#1252);
#1252 = CARTESIAN_POINT('',(42.189087648665,9.50001,-6.849670262421));
#1253 = LINE('',#1254,#1255);
#1254 = CARTESIAN_POINT('',(42.197964631681,9.50001,-6.83429487682));
#1255 = VECTOR('',#1256,1.);
#1256 = DIRECTION('',(-0.499999999999,1.118431410543E-16,-0.866025403785
    ));
#1257 = ORIENTED_EDGE('',*,*,#1258,.T.);
#1258 = EDGE_CURVE('',#1251,#1259,#1261,.T.);
#1259 = VERTEX_POINT('',#1260);
#1260 = CARTESIAN_POINT('',(42.189087648665,11.17001,-6.849670262421));
#1261 = LINE('',#1262,#1263);
#1262 = CARTESIAN_POINT('',(42.189087648665,11.17001,-6.849670262421));
#1263 = VECTOR('',#1264,1.);
#1264 = DIRECTION('',(0.,1.,-1.110223024625E-16));
#1265 = ORIENTED_EDGE('',*,*,#1266,.T.);
#1266 = EDGE_CURVE('',#1259,#1267,#1269,.T.);
#1267 = VERTEX_POINT('',#1268);
#1268 = CARTESIAN_POINT('',(42.197964631681,11.17001,-6.83429487682));
#1269 = LINE('',#1270,#1271);
#1270 = CARTESIAN_POINT('',(42.197964631681,11.17001,-6.83429487682));
#1271 = VECTOR('',#1272,1.);
#1272 = DIRECTION('',(0.499999999999,-1.118431410543E-16,0.866025403785)
  );
#1273 = ORIENTED_EDGE('',*,*,#1274,.F.);
#1274 = EDGE_CURVE('',#1249,#1267,#1275,.T.);
#1275 = LINE('',#1276,#1277);
#1276 = CARTESIAN_POINT('',(42.197964631681,11.17001,-6.83429487682));
#1277 = VECTOR('',#1278,1.);
#1278 = DIRECTION('',(0.,1.,-1.110223024625E-16));
#1279 = PLANE('',#1280);
#1280 = AXIS2_PLACEMENT_3D('',#1281,#1282,#1283);
#1281 = CARTESIAN_POINT('',(42.197964631681,11.17001,-6.83429487682));
#1282 = DIRECTION('',(-0.866025403785,5.551115123115E-17,0.499999999999)
  );
#1283 = DIRECTION('',(0.,-1.,1.110223024625E-16));
#1284 = ADVANCED_FACE('',(#1285),#1311,.T.);
#1285 = FACE_BOUND('',#1286,.T.);
#1286 = EDGE_LOOP('',(#1287,#1296,#1303,#1310));
#1287 = ORIENTED_EDGE('',*,*,#1288,.T.);
#1288 = EDGE_CURVE('',#1289,#1289,#1291,.T.);
#1289 = VERTEX_POINT('',#1290);
#1290 = CARTESIAN_POINT('',(50.1,11.20001,-27.65161785944));
#1291 = CIRCLE('',#1292,2.98161785944);
#1292 = AXIS2_PLACEMENT_3D('',#1293,#1294,#1295);
#1293 = CARTESIAN_POINT('',(50.1,11.20001,-24.67));
#1294 = DIRECTION('',(0.,-1.,1.110223024625E-16));
#1295 = DIRECTION('',(0.,-1.110223024625E-16,-1.));
#1296 = ORIENTED_EDGE('',*,*,#1297,.T.);
#1297 = EDGE_CURVE('',#1289,#1298,#1300,.T.);
#1298 = VERTEX_POINT('',#1299);
#1299 = CARTESIAN_POINT('',(50.1,10.60001,-27.87));
#1300 = B_SPLINE_CURVE_WITH_KNOTS('',1,(#1301,#1302),.UNSPECIFIED.,.F.,
  .F.,(2,2),(-0.638506663486,-3.330669073875E-16),
  .PIECEWISE_BEZIER_KNOTS.);
#1301 = CARTESIAN_POINT('',(50.1,11.20001000009,-27.65161785968));
#1302 = CARTESIAN_POINT('',(50.1,10.60001,-27.87));
#1303 = ORIENTED_EDGE('',*,*,#1304,.F.);
#1304 = EDGE_CURVE('',#1298,#1298,#1305,.T.);
#1305 = CIRCLE('',#1306,3.2);
#1306 = AXIS2_PLACEMENT_3D('',#1307,#1308,#1309);
#1307 = CARTESIAN_POINT('',(50.1,10.60001,-24.67));
#1308 = DIRECTION('',(0.,-1.,1.110223024625E-16));
#1309 = DIRECTION('',(0.,-1.110223024625E-16,-1.));
#1310 = ORIENTED_EDGE('',*,*,#1297,.F.);
#1311 = CONICAL_SURFACE('',#1312,3.2,0.34906585);
#1312 = AXIS2_PLACEMENT_3D('',#1313,#1314,#1315);
#1313 = CARTESIAN_POINT('',(50.1,10.60001,-24.67));
#1314 = DIRECTION('',(0.,-1.,3.378019242183E-16));
#1315 = DIRECTION('',(0.,-3.378019242183E-16,-1.));
#1316 = ADVANCED_FACE('',(#1317),#1351,.F.);
#1317 = FACE_BOUND('',#1318,.T.);
#1318 = EDGE_LOOP('',(#1319,#1329,#1337,#1345));
#1319 = ORIENTED_EDGE('',*,*,#1320,.T.);
#1320 = EDGE_CURVE('',#1321,#1323,#1325,.T.);
#1321 = VERTEX_POINT('',#1322);
#1322 = CARTESIAN_POINT('',(29.80921504532,9.50001,-23.23429487681));
#1323 = VERTEX_POINT('',#1324);
#1324 = CARTESIAN_POINT('',(29.81809202834,9.50001,-23.24967026241));
#1325 = LINE('',#1326,#1327);
#1326 = CARTESIAN_POINT('',(29.80921504532,9.50001,-23.23429487681));
#1327 = VECTOR('',#1328,1.);
#1328 = DIRECTION('',(0.5,1.118431410553E-16,-0.866025403784));
#1329 = ORIENTED_EDGE('',*,*,#1330,.T.);
#1330 = EDGE_CURVE('',#1323,#1331,#1333,.T.);
#1331 = VERTEX_POINT('',#1332);
#1332 = CARTESIAN_POINT('',(29.81809202834,11.17001,-23.24967026241));
#1333 = LINE('',#1334,#1335);
#1334 = CARTESIAN_POINT('',(29.81809202834,11.17001,-23.24967026241));
#1335 = VECTOR('',#1336,1.);
#1336 = DIRECTION('',(0.,1.,-1.110223024625E-16));
#1337 = ORIENTED_EDGE('',*,*,#1338,.T.);
#1338 = EDGE_CURVE('',#1331,#1339,#1341,.T.);
#1339 = VERTEX_POINT('',#1340);
#1340 = CARTESIAN_POINT('',(29.80921504532,11.17001,-23.23429487681));
#1341 = LINE('',#1342,#1343);
#1342 = CARTESIAN_POINT('',(29.80921504532,11.17001,-23.23429487681));
#1343 = VECTOR('',#1344,1.);
#1344 = DIRECTION('',(-0.5,-1.118431410553E-16,0.866025403784));
#1345 = ORIENTED_EDGE('',*,*,#1346,.F.);
#1346 = EDGE_CURVE('',#1321,#1339,#1347,.T.);
#1347 = LINE('',#1348,#1349);
#1348 = CARTESIAN_POINT('',(29.80921504532,11.17001,-23.23429487681));
#1349 = VECTOR('',#1350,1.);
#1350 = DIRECTION('',(0.,1.,-1.110223024625E-16));
#1351 = PLANE('',#1352);
#1352 = AXIS2_PLACEMENT_3D('',#1353,#1354,#1355);
#1353 = CARTESIAN_POINT('',(29.80921504532,11.17001,-23.23429487681));
#1354 = DIRECTION('',(-0.866025403784,-5.551115123128E-17,-0.5));
#1355 = DIRECTION('',(0.,-1.,1.110223024625E-16));
#1356 = ADVANCED_FACE('',(#1357),#1393,.F.);
#1357 = FACE_BOUND('',#1358,.F.);
#1358 = EDGE_LOOP('',(#1359,#1369,#1378,#1386));
#1359 = ORIENTED_EDGE('',*,*,#1360,.T.);
#1360 = EDGE_CURVE('',#1361,#1363,#1365,.T.);
#1361 = VERTEX_POINT('',#1362);
#1362 = CARTESIAN_POINT('',(56.2,11.50001,2.25));
#1363 = VERTEX_POINT('',#1364);
#1364 = CARTESIAN_POINT('',(56.2,16.50001,2.25));
#1365 = LINE('',#1366,#1367);
#1366 = CARTESIAN_POINT('',(56.2,16.50001,2.25));
#1367 = VECTOR('',#1368,1.);
#1368 = DIRECTION('',(0.,1.,-1.110223024625E-16));
#1369 = ORIENTED_EDGE('',*,*,#1370,.F.);
#1370 = EDGE_CURVE('',#1371,#1363,#1373,.T.);
#1371 = VERTEX_POINT('',#1372);
#1372 = CARTESIAN_POINT('',(48.2,16.50001,10.249999999999));
#1373 = CIRCLE('',#1374,8.);
#1374 = AXIS2_PLACEMENT_3D('',#1375,#1376,#1377);
#1375 = CARTESIAN_POINT('',(48.2,16.50001,2.249999999999));
#1376 = DIRECTION('',(0.,1.,-1.110223024625E-16));
#1377 = DIRECTION('',(1.,-6.018531076211E-33,-5.421010862428E-17));
#1378 = ORIENTED_EDGE('',*,*,#1379,.F.);
#1379 = EDGE_CURVE('',#1380,#1371,#1382,.T.);
#1380 = VERTEX_POINT('',#1381);
#1381 = CARTESIAN_POINT('',(48.2,11.50001,10.249999999999));
#1382 = LINE('',#1383,#1384);
#1383 = CARTESIAN_POINT('',(48.2,16.50001,10.249999999999));
#1384 = VECTOR('',#1385,1.);
#1385 = DIRECTION('',(0.,1.,-1.110223024625E-16));
#1386 = ORIENTED_EDGE('',*,*,#1387,.T.);
#1387 = EDGE_CURVE('',#1380,#1361,#1388,.T.);
#1388 = CIRCLE('',#1389,8.);
#1389 = AXIS2_PLACEMENT_3D('',#1390,#1391,#1392);
#1390 = CARTESIAN_POINT('',(48.2,11.50001,2.249999999999));
#1391 = DIRECTION('',(0.,1.,-1.110223024625E-16));
#1392 = DIRECTION('',(1.,-6.018531076211E-33,-5.421010862428E-17));
#1393 = CYLINDRICAL_SURFACE('',#1394,8.);
#1394 = AXIS2_PLACEMENT_3D('',#1395,#1396,#1397);
#1395 = CARTESIAN_POINT('',(48.2,16.50001,2.249999999999));
#1396 = DIRECTION('',(0.,-1.,1.110223024625E-16));
#1397 = DIRECTION('',(0.,-1.110223024625E-16,-1.));
#1398 = ADVANCED_FACE('',(#1399),#1417,.T.);
#1399 = FACE_BOUND('',#1400,.T.);
#1400 = EDGE_LOOP('',(#1401,#1402,#1409,#1416));
#1401 = ORIENTED_EDGE('',*,*,#393,.T.);
#1402 = ORIENTED_EDGE('',*,*,#1403,.F.);
#1403 = EDGE_CURVE('',#1404,#394,#1406,.T.);
#1404 = VERTEX_POINT('',#1405);
#1405 = CARTESIAN_POINT('',(39.416237662807,4.44128804104,
    20.460726075799));
#1406 = B_SPLINE_CURVE_WITH_KNOTS('',1,(#1407,#1408),.UNSPECIFIED.,.F.,
  .F.,(2,2),(1.020560097257E-14,0.353553390593),
  .PIECEWISE_BEZIER_KNOTS.);
#1407 = CARTESIAN_POINT('',(39.416237662807,4.44128804104,
    20.460726075799));
#1408 = CARTESIAN_POINT('',(39.140738845943,4.25680067943,
    20.583464885125));
#1409 = ORIENTED_EDGE('',*,*,#1410,.F.);
#1410 = EDGE_CURVE('',#1404,#1404,#1411,.T.);
#1411 = CIRCLE('',#1412,5.5);
#1412 = AXIS2_PLACEMENT_3D('',#1413,#1414,#1415);
#1413 = CARTESIAN_POINT('',(40.060768987951,8.50001,16.805407289332));
#1414 = DIRECTION('',(0.984807753012,-1.804112415016E-16,0.173648177667)
  );
#1415 = DIRECTION('',(-0.117187513663,-0.737949447085,0.664603415721));
#1416 = ORIENTED_EDGE('',*,*,#1403,.T.);
#1417 = CONICAL_SURFACE('',#1418,5.5,0.7853981625);
#1418 = AXIS2_PLACEMENT_3D('',#1419,#1420,#1421);
#1419 = CARTESIAN_POINT('',(40.060768987951,8.50001,16.805407289332));
#1420 = DIRECTION('',(-0.984807753012,2.607320711522E-16,-0.173648177667
    ));
#1421 = DIRECTION('',(-0.117187513663,-0.737949447085,0.664603415721));
#1422 = ADVANCED_FACE('',(#1423),#1459,.F.);
#1423 = FACE_BOUND('',#1424,.F.);
#1424 = EDGE_LOOP('',(#1425,#1435,#1444,#1452));
#1425 = ORIENTED_EDGE('',*,*,#1426,.T.);
#1426 = EDGE_CURVE('',#1427,#1429,#1431,.T.);
#1427 = VERTEX_POINT('',#1428);
#1428 = CARTESIAN_POINT('',(40.321235272913,9.50001,-10.17511985327));
#1429 = VERTEX_POINT('',#1430);
#1430 = CARTESIAN_POINT('',(40.321235272913,11.17001,-10.17511985327));
#1431 = LINE('',#1432,#1433);
#1432 = CARTESIAN_POINT('',(40.321235272913,11.17001,-10.17511985327));
#1433 = VECTOR('',#1434,1.);
#1434 = DIRECTION('',(0.,1.,-1.110223024625E-16));
#1435 = ORIENTED_EDGE('',*,*,#1436,.F.);
#1436 = EDGE_CURVE('',#1437,#1429,#1439,.T.);
#1437 = VERTEX_POINT('',#1438);
#1438 = CARTESIAN_POINT('',(40.935910334887,11.17001,-10.53000266576));
#1439 = CIRCLE('',#1440,1.974999999999);
#1440 = AXIS2_PLACEMENT_3D('',#1441,#1442,#1443);
#1441 = CARTESIAN_POINT('',(41.600000000014,11.17001,-8.669999999999));
#1442 = DIRECTION('',(8.326672684682E-16,1.,3.697183691345E-16));
#1443 = DIRECTION('',(-0.500000000001,9.614813431887E-17,0.866025403784)
  );
#1444 = ORIENTED_EDGE('',*,*,#1445,.F.);
#1445 = EDGE_CURVE('',#1446,#1437,#1448,.T.);
#1446 = VERTEX_POINT('',#1447);
#1447 = CARTESIAN_POINT('',(40.935910334887,9.50001,-10.53000266576));
#1448 = LINE('',#1449,#1450);
#1449 = CARTESIAN_POINT('',(40.935910334887,11.17001,-10.53000266576));
#1450 = VECTOR('',#1451,1.);
#1451 = DIRECTION('',(0.,1.,-1.110223024625E-16));
#1452 = ORIENTED_EDGE('',*,*,#1453,.T.);
#1453 = EDGE_CURVE('',#1446,#1427,#1454,.T.);
#1454 = CIRCLE('',#1455,1.974999999999);
#1455 = AXIS2_PLACEMENT_3D('',#1456,#1457,#1458);
#1456 = CARTESIAN_POINT('',(41.600000000014,9.50001,-8.669999999999));
#1457 = DIRECTION('',(0.,1.,-1.110223024625E-16));
#1458 = DIRECTION('',(1.,0.,0.));
#1459 = CYLINDRICAL_SURFACE('',#1460,1.974999999999);
#1460 = AXIS2_PLACEMENT_3D('',#1461,#1462,#1463);
#1461 = CARTESIAN_POINT('',(41.600000000014,11.17001,-8.669999999999));
#1462 = DIRECTION('',(0.,-1.,1.110223024625E-16));
#1463 = DIRECTION('',(1.,0.,0.));
#1464 = ADVANCED_FACE('',(#1465),#1490,.T.);
#1465 = FACE_BOUND('',#1466,.T.);
#1466 = EDGE_LOOP('',(#1467,#1477,#1483,#1484));
#1467 = ORIENTED_EDGE('',*,*,#1468,.F.);
#1468 = EDGE_CURVE('',#1469,#1471,#1473,.T.);
#1469 = VERTEX_POINT('',#1470);
#1470 = CARTESIAN_POINT('',(26.,36.50001,26.547727214752));
#1471 = VERTEX_POINT('',#1472);
#1472 = CARTESIAN_POINT('',(26.,133.10001,26.547727214752));
#1473 = LINE('',#1474,#1475);
#1474 = CARTESIAN_POINT('',(26.,105.64568835477,26.547727214752));
#1475 = VECTOR('',#1476,1.);
#1476 = DIRECTION('',(0.,1.,-1.110223024625E-16));
#1477 = ORIENTED_EDGE('',*,*,#1478,.T.);
#1478 = EDGE_CURVE('',#1469,#1210,#1479,.T.);
#1479 = LINE('',#1480,#1481);
#1480 = CARTESIAN_POINT('',(21.72613639263,36.50001,22.273863607376));
#1481 = VECTOR('',#1482,1.);
#1482 = DIRECTION('',(0.707106781187,7.850462293419E-17,0.707106781187)
  );
#1483 = ORIENTED_EDGE('',*,*,#1209,.F.);
#1484 = ORIENTED_EDGE('',*,*,#1485,.F.);
#1485 = EDGE_CURVE('',#1471,#1202,#1486,.T.);
#1486 = LINE('',#1487,#1488);
#1487 = CARTESIAN_POINT('',(21.72613639263,133.10001,22.273863607376));
#1488 = VECTOR('',#1489,1.);
#1489 = DIRECTION('',(0.707106781187,7.850462293419E-17,0.707106781187)
  );
#1490 = PLANE('',#1491);
#1491 = AXIS2_PLACEMENT_3D('',#1492,#1493,#1494);
#1492 = CARTESIAN_POINT('',(21.72613639263,105.64568835477,
    22.273863607376));
#1493 = DIRECTION('',(-0.707106781187,7.850462293419E-17,0.707106781187)
  );
#1494 = DIRECTION('',(0.,-1.,1.110223024625E-16));
#1495 = ADVANCED_FACE('',(#1496),#1531,.F.);
#1496 = FACE_BOUND('',#1497,.F.);
#1497 = EDGE_LOOP('',(#1498,#1509,#1516,#1523,#1524));
#1498 = ORIENTED_EDGE('',*,*,#1499,.F.);
#1499 = EDGE_CURVE('',#1500,#1502,#1504,.T.);
#1500 = VERTEX_POINT('',#1501);
#1501 = CARTESIAN_POINT('',(63.616524037357,9.97034576412,
    -25.31081867662));
#1502 = VERTEX_POINT('',#1503);
#1503 = CARTESIAN_POINT('',(60.383475962643,8.62967423589,
    -25.31081867662));
#1504 = CIRCLE('',#1505,1.75);
#1505 = AXIS2_PLACEMENT_3D('',#1506,#1507,#1508);
#1506 = CARTESIAN_POINT('',(62.,9.30001,-25.31081867662));
#1507 = DIRECTION('',(0.,1.110223024625E-16,1.));
#1508 = DIRECTION('',(0.923728021347,0.383049008063,-4.252698283114E-17)
  );
#1509 = ORIENTED_EDGE('',*,*,#1510,.F.);
#1510 = EDGE_CURVE('',#1511,#1500,#1513,.T.);
#1511 = VERTEX_POINT('',#1512);
#1512 = CARTESIAN_POINT('',(63.616524037357,9.97034576412,-26.15));
#1513 = B_SPLINE_CURVE_WITH_KNOTS('',1,(#1514,#1515),.UNSPECIFIED.,.F.,
  .F.,(2,2),(0.,0.839181323376),.PIECEWISE_BEZIER_KNOTS.);
#1514 = CARTESIAN_POINT('',(63.616524037357,9.97034576412,-26.15));
#1515 = CARTESIAN_POINT('',(63.616524037357,9.97034576412,
    -25.31081867662));
#1516 = ORIENTED_EDGE('',*,*,#1517,.T.);
#1517 = EDGE_CURVE('',#1511,#1511,#1518,.T.);
#1518 = CIRCLE('',#1519,1.75);
#1519 = AXIS2_PLACEMENT_3D('',#1520,#1521,#1522);
#1520 = CARTESIAN_POINT('',(62.,9.30001,-26.15));
#1521 = DIRECTION('',(0.,1.110223024625E-16,1.));
#1522 = DIRECTION('',(0.923728021347,0.383049008063,-4.252698283114E-17)
  );
#1523 = ORIENTED_EDGE('',*,*,#1510,.T.);
#1524 = ORIENTED_EDGE('',*,*,#1525,.F.);
#1525 = EDGE_CURVE('',#1502,#1500,#1526,.T.);
#1526 = CIRCLE('',#1527,1.75);
#1527 = AXIS2_PLACEMENT_3D('',#1528,#1529,#1530);
#1528 = CARTESIAN_POINT('',(62.,9.30001,-25.31081867662));
#1529 = DIRECTION('',(0.,1.110223024625E-16,1.));
#1530 = DIRECTION('',(0.923728021347,0.383049008063,-4.252698283114E-17)
  );
#1531 = CYLINDRICAL_SURFACE('',#1532,1.75);
#1532 = AXIS2_PLACEMENT_3D('',#1533,#1534,#1535);
#1533 = CARTESIAN_POINT('',(62.,9.30001,-26.15));
#1534 = DIRECTION('',(0.,1.110223024625E-16,1.));
#1535 = DIRECTION('',(0.923728021347,0.383049008063,-4.252698283114E-17)
  );
#1536 = ADVANCED_FACE('',(#1537),#1573,.F.);
#1537 = FACE_BOUND('',#1538,.F.);
#1538 = EDGE_LOOP('',(#1539,#1549,#1558,#1566));
#1539 = ORIENTED_EDGE('',*,*,#1540,.T.);
#1540 = EDGE_CURVE('',#1541,#1543,#1545,.T.);
#1541 = VERTEX_POINT('',#1542);
#1542 = CARTESIAN_POINT('',(41.002035368336,9.50001,-6.834294876823));
#1543 = VERTEX_POINT('',#1544);
#1544 = CARTESIAN_POINT('',(41.002035368336,11.17001,-6.834294876823));
#1545 = LINE('',#1546,#1547);
#1546 = CARTESIAN_POINT('',(41.002035368336,11.17001,-6.834294876823));
#1547 = VECTOR('',#1548,1.);
#1548 = DIRECTION('',(0.,1.,-1.110223024625E-16));
#1549 = ORIENTED_EDGE('',*,*,#1550,.T.);
#1550 = EDGE_CURVE('',#1543,#1551,#1553,.T.);
#1551 = VERTEX_POINT('',#1552);
#1552 = CARTESIAN_POINT('',(40.935910334887,11.17001,-6.809997334233));
#1553 = CIRCLE('',#1554,5.499999999707E-02);
#1554 = AXIS2_PLACEMENT_3D('',#1555,#1556,#1557);
#1555 = CARTESIAN_POINT('',(40.95440397113,11.17001,-6.861794876821));
#1556 = DIRECTION('',(-7.814892604496E-16,-1.,5.622153373519E-16));
#1557 = DIRECTION('',(-0.5,-9.614813431899E-17,-0.866025403784));
#1558 = ORIENTED_EDGE('',*,*,#1559,.F.);
#1559 = EDGE_CURVE('',#1560,#1551,#1562,.T.);
#1560 = VERTEX_POINT('',#1561);
#1561 = CARTESIAN_POINT('',(40.935910334887,9.50001,-6.809997334233));
#1562 = LINE('',#1563,#1564);
#1563 = CARTESIAN_POINT('',(40.935910334887,11.17001,-6.809997334233));
#1564 = VECTOR('',#1565,1.);
#1565 = DIRECTION('',(0.,1.,-1.110223024625E-16));
#1566 = ORIENTED_EDGE('',*,*,#1567,.T.);
#1567 = EDGE_CURVE('',#1560,#1541,#1568,.T.);
#1568 = CIRCLE('',#1569,5.499999999707E-02);
#1569 = AXIS2_PLACEMENT_3D('',#1570,#1571,#1572);
#1570 = CARTESIAN_POINT('',(40.95440397113,9.50001,-6.861794876821));
#1571 = DIRECTION('',(7.814892604496E-16,1.,-5.622153373519E-16));
#1572 = DIRECTION('',(-0.5,-9.614813431899E-17,-0.866025403784));
#1573 = CYLINDRICAL_SURFACE('',#1574,5.499999999707E-02);
#1574 = AXIS2_PLACEMENT_3D('',#1575,#1576,#1577);
#1575 = CARTESIAN_POINT('',(40.95440397113,11.17001,-6.861794876821));
#1576 = DIRECTION('',(0.,-1.,1.110223024625E-16));
#1577 = DIRECTION('',(1.,0.,0.));
#1578 = ADVANCED_FACE('',(#1579),#1762,.F.);
#1579 = FACE_BOUND('',#1580,.F.);
#1580 = EDGE_LOOP('',(#1581,#1592,#1599,#1606,#1607,#1616,#1624,#1645,
    #1654,#1674,#1682,#1689,#1690,#1698,#1719,#1728,#1747,#1755));
#1581 = ORIENTED_EDGE('',*,*,#1582,.T.);
#1582 = EDGE_CURVE('',#1583,#1585,#1587,.T.);
#1583 = VERTEX_POINT('',#1584);
#1584 = CARTESIAN_POINT('',(28.41481686595,206.10001,-6.78985026919));
#1585 = VERTEX_POINT('',#1586);
#1586 = CARTESIAN_POINT('',(44.,206.10001,-17.));
#1587 = CIRCLE('',#1588,17.);
#1588 = AXIS2_PLACEMENT_3D('',#1589,#1590,#1591);
#1589 = CARTESIAN_POINT('',(44.,206.10001,-2.127187426204E-14));
#1590 = DIRECTION('',(0.,-1.,1.110223024625E-16));
#1591 = DIRECTION('',(0.,-1.110223024625E-16,-1.));
#1592 = ORIENTED_EDGE('',*,*,#1593,.T.);
#1593 = EDGE_CURVE('',#1585,#1594,#1596,.T.);
#1594 = VERTEX_POINT('',#1595);
#1595 = CARTESIAN_POINT('',(44.,194.08733063104,-17.));
#1596 = B_SPLINE_CURVE_WITH_KNOTS('',1,(#1597,#1598),.UNSPECIFIED.,.F.,
  .F.,(2,2),(11.,23.012679368952),.PIECEWISE_BEZIER_KNOTS.);
#1597 = CARTESIAN_POINT('',(44.,206.10001,-17.));
#1598 = CARTESIAN_POINT('',(44.,194.08733063104,-17.));
#1599 = ORIENTED_EDGE('',*,*,#1600,.F.);
#1600 = EDGE_CURVE('',#1594,#1594,#1601,.T.);
#1601 = CIRCLE('',#1602,17.);
#1602 = AXIS2_PLACEMENT_3D('',#1603,#1604,#1605);
#1603 = CARTESIAN_POINT('',(44.,194.08733063104,-1.993819893976E-14));
#1604 = DIRECTION('',(0.,-1.,1.110223024625E-16));
#1605 = DIRECTION('',(0.,-1.110223024625E-16,-1.));
#1606 = ORIENTED_EDGE('',*,*,#1593,.F.);
#1607 = ORIENTED_EDGE('',*,*,#1608,.T.);
#1608 = EDGE_CURVE('',#1585,#1609,#1611,.T.);
#1609 = VERTEX_POINT('',#1610);
#1610 = CARTESIAN_POINT('',(59.801490436032,206.10001,-6.27));
#1611 = CIRCLE('',#1612,17.);
#1612 = AXIS2_PLACEMENT_3D('',#1613,#1614,#1615);
#1613 = CARTESIAN_POINT('',(44.,206.10001,-2.127187426204E-14));
#1614 = DIRECTION('',(0.,-1.,1.110223024625E-16));
#1615 = DIRECTION('',(0.,-1.110223024625E-16,-1.));
#1616 = ORIENTED_EDGE('',*,*,#1617,.F.);
#1617 = EDGE_CURVE('',#1618,#1609,#1620,.T.);
#1618 = VERTEX_POINT('',#1619);
#1619 = CARTESIAN_POINT('',(59.801490436032,202.60001,-6.27));
#1620 = LINE('',#1621,#1622);
#1621 = CARTESIAN_POINT('',(59.801490436032,217.10001,-6.27));
#1622 = VECTOR('',#1623,1.);
#1623 = DIRECTION('',(0.,1.,-1.110223024625E-16));
#1624 = ORIENTED_EDGE('',*,*,#1625,.T.);
#1625 = EDGE_CURVE('',#1618,#1626,#1628,.T.);
#1626 = VERTEX_POINT('',#1627);
#1627 = CARTESIAN_POINT('',(60.317080008384,201.10001,-4.77));
#1628 = B_SPLINE_CURVE_WITH_KNOTS('',3,(#1629,#1630,#1631,#1632,#1633,
    #1634,#1635,#1636,#1637,#1638,#1639,#1640,#1641,#1642,#1643,#1644),
  .UNSPECIFIED.,.F.,.F.,(4,1,1,1,1,1,1,1,1,1,1,1,1,4),(0.,
    4.885294327619E-02,9.82278077075E-02,0.148171754442,0.198730351857,
    0.24994752751,0.369022634479,0.499818240239,0.609921998592,
    0.749618736,0.812114003523,0.874627308024,0.936773551782,1.),
  .UNSPECIFIED.);
#1629 = CARTESIAN_POINT('',(59.801490436032,202.60001,-6.27));
#1630 = CARTESIAN_POINT('',(59.801855357179,202.56059915296,
    -6.269101760695));
#1631 = CARTESIAN_POINT('',(59.802589098116,202.4813564125,
    -6.267295685732));
#1632 = CARTESIAN_POINT('',(59.808455945243,202.36268639039,
    -6.252612309106));
#1633 = CARTESIAN_POINT('',(59.81779876888,202.24440487726,
    -6.228949154128));
#1634 = CARTESIAN_POINT('',(59.830971043836,202.12731998263,
    -6.195315227044));
#1635 = CARTESIAN_POINT('',(59.855257079889,201.96206679324,
    -6.132965044172));
#1636 = CARTESIAN_POINT('',(59.899660871167,201.75074362003,
    -6.018316003615));
#1637 = CARTESIAN_POINT('',(59.967190554997,201.53222990896,
    -5.836098530466));
#1638 = CARTESIAN_POINT('',(60.049883878283,201.34367667638,
    -5.606728793012));
#1639 = CARTESIAN_POINT('',(60.122654898758,201.22830661858,
    -5.392546152068));
#1640 = CARTESIAN_POINT('',(60.185327691199,201.16044327528,
    -5.199814550234));
#1641 = CARTESIAN_POINT('',(60.229831758644,201.12603543614,
    -5.059557957008));
#1642 = CARTESIAN_POINT('',(60.274119046944,201.10413924773,
    -4.915969154311));
#1643 = CARTESIAN_POINT('',(60.302677668049,201.10139429935,
    -4.818935064958));
#1644 = CARTESIAN_POINT('',(60.317080008384,201.10001,-4.77));
#1645 = ORIENTED_EDGE('',*,*,#1646,.F.);
#1646 = EDGE_CURVE('',#1647,#1626,#1649,.T.);
#1647 = VERTEX_POINT('',#1648);
#1648 = CARTESIAN_POINT('',(60.317080008384,201.10001,4.77));
#1649 = CIRCLE('',#1650,17.);
#1650 = AXIS2_PLACEMENT_3D('',#1651,#1652,#1653);
#1651 = CARTESIAN_POINT('',(44.,201.10001,-2.071676274973E-14));
#1652 = DIRECTION('',(0.,1.,-1.110223024625E-16));
#1653 = DIRECTION('',(0.,1.110223024625E-16,1.));
#1654 = ORIENTED_EDGE('',*,*,#1655,.T.);
#1655 = EDGE_CURVE('',#1647,#1656,#1658,.T.);
#1656 = VERTEX_POINT('',#1657);
#1657 = CARTESIAN_POINT('',(59.801490436032,202.60001,6.27));
#1658 = B_SPLINE_CURVE_WITH_KNOTS('',3,(#1659,#1660,#1661,#1662,#1663,
    #1664,#1665,#1666,#1667,#1668,#1669,#1670,#1671,#1672,#1673),
  .UNSPECIFIED.,.F.,.F.,(4,1,1,1,1,1,1,1,1,1,1,1,4),(0.,
    4.123064159126E-02,8.887741141261E-02,0.142940118816,0.196441157509,
    0.249951679881,0.38708162459,0.499594925366,0.630658174894,
    0.749187601137,0.83477645787,0.918310168653,1.),.UNSPECIFIED.);
#1659 = CARTESIAN_POINT('',(60.317080008384,201.10001,4.77));
#1660 = CARTESIAN_POINT('',(60.307684384728,201.10060464188,
    4.801898460814));
#1661 = CARTESIAN_POINT('',(60.28743103244,201.10188646115,
    4.870659278395));
#1662 = CARTESIAN_POINT('',(60.254140273922,201.11340773033,
    4.980556546582));
#1663 = CARTESIAN_POINT('',(60.217577779481,201.13462383663,
    5.098480724844));
#1664 = CARTESIAN_POINT('',(60.179445763868,201.16687440834,
    5.218554242417));
#1665 = CARTESIAN_POINT('',(60.121418872304,201.23043872555,
    5.395769053361));
#1666 = CARTESIAN_POINT('',(60.050587679835,201.34181449787,
    5.60386044629));
#1667 = CARTESIAN_POINT('',(59.96807492766,201.52978673143,
    5.833940657424));
#1668 = CARTESIAN_POINT('',(59.899987187199,201.74941620297,
    6.017331000188));
#1669 = CARTESIAN_POINT('',(59.850474740105,201.98439739405,
    6.145336976177));
#1670 = CARTESIAN_POINT('',(59.821146987005,202.20241004822,
    6.220805397167));
#1671 = CARTESIAN_POINT('',(59.804614543301,202.40073642417,
    6.262383303374));
#1672 = CARTESIAN_POINT('',(59.802524028471,202.53408151434,
    6.267480060905));
#1673 = CARTESIAN_POINT('',(59.801490436032,202.60001,6.27));
#1674 = ORIENTED_EDGE('',*,*,#1675,.T.);
#1675 = EDGE_CURVE('',#1656,#1676,#1678,.T.);
#1676 = VERTEX_POINT('',#1677);
#1677 = CARTESIAN_POINT('',(59.801490436032,206.10001,6.27));
#1678 = LINE('',#1679,#1680);
#1679 = CARTESIAN_POINT('',(59.801490436032,217.10001,6.27));
#1680 = VECTOR('',#1681,1.);
#1681 = DIRECTION('',(0.,1.,-1.110223024625E-16));
#1682 = ORIENTED_EDGE('',*,*,#1683,.T.);
#1683 = EDGE_CURVE('',#1676,#452,#1684,.T.);
#1684 = CIRCLE('',#1685,17.);
#1685 = AXIS2_PLACEMENT_3D('',#1686,#1687,#1688);
#1686 = CARTESIAN_POINT('',(44.,206.10001,-2.127187426204E-14));
#1687 = DIRECTION('',(0.,-1.,1.110223024625E-16));
#1688 = DIRECTION('',(0.,-1.110223024625E-16,-1.));
#1689 = ORIENTED_EDGE('',*,*,#460,.F.);
#1690 = ORIENTED_EDGE('',*,*,#1691,.T.);
#1691 = EDGE_CURVE('',#428,#1692,#1694,.T.);
#1692 = VERTEX_POINT('',#1693);
#1693 = CARTESIAN_POINT('',(28.17581459443,198.60001,6.2125));
#1694 = LINE('',#1695,#1696);
#1695 = CARTESIAN_POINT('',(28.17581459443,217.10001,6.2125));
#1696 = VECTOR('',#1697,1.);
#1697 = DIRECTION('',(0.,-1.,1.110223024625E-16));
#1698 = ORIENTED_EDGE('',*,*,#1699,.T.);
#1699 = EDGE_CURVE('',#1692,#1700,#1702,.T.);
#1700 = VERTEX_POINT('',#1701);
#1701 = CARTESIAN_POINT('',(27.66622077565,197.10001,4.7125));
#1702 = B_SPLINE_CURVE_WITH_KNOTS('',3,(#1703,#1704,#1705,#1706,#1707,
    #1708,#1709,#1710,#1711,#1712,#1713,#1714,#1715,#1716,#1717,#1718),
  .UNSPECIFIED.,.F.,.F.,(4,1,1,1,1,1,1,1,1,1,1,1,1,4),(0.,
    4.885553209844E-02,9.82325461242E-02,0.148177161013,0.198733942121,
    0.249945856411,0.369019586343,0.49981245854,0.609826582827,
    0.749611017976,0.812107606262,0.874620624343,0.936762700423,1.),
  .UNSPECIFIED.);
#1703 = CARTESIAN_POINT('',(28.17581459443,198.60001,6.2125));
#1704 = CARTESIAN_POINT('',(28.17545394829,198.56062164033,
    6.211602793483));
#1705 = CARTESIAN_POINT('',(28.17472880649,198.48142449129,
    6.209798803703));
#1706 = CARTESIAN_POINT('',(28.16893076965,198.36282065165,
    6.195132130393));
#1707 = CARTESIAN_POINT('',(28.15969752509,198.24460186616,6.17149529252
    ));
#1708 = CARTESIAN_POINT('',(28.1466797462,198.12757497382,6.137897924175
    ));
#1709 = CARTESIAN_POINT('',(28.12267682415,197.96238490877,
    6.075609316224));
#1710 = CARTESIAN_POINT('',(28.07878392561,197.75109442742,
    5.961050635495));
#1711 = CARTESIAN_POINT('',(28.01203853235,197.53258720012,
    5.778949542476));
#1712 = CARTESIAN_POINT('',(27.93027619089,197.34391986384,
    5.549604137093));
#1713 = CARTESIAN_POINT('',(27.85833695029,197.22844386657,
    5.335375621646));
#1714 = CARTESIAN_POINT('',(27.79637363333,197.1604996774,5.142510531347
    ));
#1715 = CARTESIAN_POINT('',(27.75239784427,197.12606118412,
    5.002198271608));
#1716 = CARTESIAN_POINT('',(27.70864544124,197.10414356636,
    4.858542237988));
#1717 = CARTESIAN_POINT('',(27.68044444534,197.10139585612,
    4.761463416109));
#1718 = CARTESIAN_POINT('',(27.66622077565,197.10001,4.7125));
#1719 = ORIENTED_EDGE('',*,*,#1720,.F.);
#1720 = EDGE_CURVE('',#1721,#1700,#1723,.T.);
#1721 = VERTEX_POINT('',#1722);
#1722 = CARTESIAN_POINT('',(27.66622077565,197.10001,-4.7125));
#1723 = CIRCLE('',#1724,17.);
#1724 = AXIS2_PLACEMENT_3D('',#1725,#1726,#1727);
#1725 = CARTESIAN_POINT('',(44.,197.10001,-2.027267353988E-14));
#1726 = DIRECTION('',(0.,1.,-1.110223024625E-16));
#1727 = DIRECTION('',(0.,1.110223024625E-16,1.));
#1728 = ORIENTED_EDGE('',*,*,#1729,.T.);
#1729 = EDGE_CURVE('',#1721,#1730,#1732,.T.);
#1730 = VERTEX_POINT('',#1731);
#1731 = CARTESIAN_POINT('',(28.17581459443,198.60001,-6.2125));
#1732 = B_SPLINE_CURVE_WITH_KNOTS('',3,(#1733,#1734,#1735,#1736,#1737,
    #1738,#1739,#1740,#1741,#1742,#1743,#1744,#1745,#1746),
  .UNSPECIFIED.,.F.,.F.,(4,1,1,1,1,1,1,1,1,1,1,4),(0.,3.960405219337E-02
    ,8.328283751575E-02,0.166549867105,0.249903664492,0.383808817884,
    0.499567140527,0.630636476921,0.749176304931,0.834762003847,
    0.918301023035,1.),.UNSPECIFIED.);
#1733 = CARTESIAN_POINT('',(27.66622077565,197.10001,-4.7125));
#1734 = CARTESIAN_POINT('',(27.67512160363,197.10055905312,
    -4.743154356839));
#1735 = CARTESIAN_POINT('',(27.69383903706,197.10171364968,
    -4.807616998373));
#1736 = CARTESIAN_POINT('',(27.73212921512,197.114362259,-4.935755881704
    ));
#1737 = CARTESIAN_POINT('',(27.78093413913,197.1454092167,
    -5.095521313874));
#1738 = CARTESIAN_POINT('',(27.85190188907,197.21885139726,
    -5.31571318431));
#1739 = CARTESIAN_POINT('',(27.92914337314,197.3405213776,-5.54439891297
    ));
#1740 = CARTESIAN_POINT('',(28.01044425534,197.52813929342,
    -5.775132604817));
#1741 = CARTESIAN_POINT('',(28.07848340134,197.74975308679,
    -5.960052910682));
#1742 = CARTESIAN_POINT('',(28.12739825288,197.98471018931,
    -6.087971972815));
#1743 = CARTESIAN_POINT('',(28.15639009206,198.20263498968,
    -6.163361821785));
#1744 = CARTESIAN_POINT('',(28.17272694218,198.40085256989,
    -6.204892346885));
#1745 = CARTESIAN_POINT('',(28.17479304619,198.5341188615,
    -6.209983011682));
#1746 = CARTESIAN_POINT('',(28.17581459443,198.60001,-6.2125));
#1747 = ORIENTED_EDGE('',*,*,#1748,.F.);
#1748 = EDGE_CURVE('',#1749,#1730,#1751,.T.);
#1749 = VERTEX_POINT('',#1750);
#1750 = CARTESIAN_POINT('',(28.17581459443,205.10001,-6.2125));
#1751 = LINE('',#1752,#1753);
#1752 = CARTESIAN_POINT('',(28.17581459443,217.10001,-6.2125));
#1753 = VECTOR('',#1754,1.);
#1754 = DIRECTION('',(0.,-1.,1.110223024625E-16));
#1755 = ORIENTED_EDGE('',*,*,#1756,.T.);
#1756 = EDGE_CURVE('',#1749,#1583,#1757,.T.);
#1757 = ELLIPSE('',#1758,34.,17.);
#1758 = AXIS2_PLACEMENT_3D('',#1759,#1760,#1761);
#1759 = CARTESIAN_POINT('',(44.,194.33964435797,-1.996621139066E-14));
#1760 = DIRECTION('',(-0.,-0.5,-0.866025403784));
#1761 = DIRECTION('',(0.,-0.866025403784,0.5));
#1762 = CYLINDRICAL_SURFACE('',#1763,17.);
#1763 = AXIS2_PLACEMENT_3D('',#1764,#1765,#1766);
#1764 = CARTESIAN_POINT('',(44.,217.10001,-2.249311958913E-14));
#1765 = DIRECTION('',(0.,-1.,1.110223024625E-16));
#1766 = DIRECTION('',(0.,-1.110223024625E-16,-1.));
#1767 = ADVANCED_FACE('',(#1768),#1807,.F.);
#1768 = FACE_BOUND('',#1769,.F.);
#1769 = EDGE_LOOP('',(#1770,#1781,#1789));
#1770 = ORIENTED_EDGE('',*,*,#1771,.F.);
#1771 = EDGE_CURVE('',#1772,#1774,#1776,.T.);
#1772 = VERTEX_POINT('',#1773);
#1773 = CARTESIAN_POINT('',(23.13,198.60001,9.0925));
#1774 = VERTEX_POINT('',#1775);
#1775 = CARTESIAN_POINT('',(22.65813437293,197.50779220523,9.0925));
#1776 = CIRCLE('',#1777,1.5);
#1777 = AXIS2_PLACEMENT_3D('',#1778,#1779,#1780);
#1778 = CARTESIAN_POINT('',(21.63,198.60001,9.0925));
#1779 = DIRECTION('',(0.,-1.267504619781E-15,-1.));
#1780 = DIRECTION('',(0.,1.,-1.267504619781E-15));
#1781 = ORIENTED_EDGE('',*,*,#1782,.F.);
#1782 = EDGE_CURVE('',#1783,#1772,#1785,.T.);
#1783 = VERTEX_POINT('',#1784);
#1784 = CARTESIAN_POINT('',(23.13,198.60001,10.002808982548));
#1785 = LINE('',#1786,#1787);
#1786 = CARTESIAN_POINT('',(23.13,198.60001,9.0925));
#1787 = VECTOR('',#1788,1.);
#1788 = DIRECTION('',(0.,-1.110223024625E-16,-1.));
#1789 = ORIENTED_EDGE('',*,*,#1790,.F.);
#1790 = EDGE_CURVE('',#1774,#1783,#1791,.T.);
#1791 = B_SPLINE_CURVE_WITH_KNOTS('',3,(#1792,#1793,#1794,#1795,#1796,
    #1797,#1798,#1799,#1800,#1801,#1802,#1803,#1804,#1805,#1806),
  .UNSPECIFIED.,.F.,.F.,(4,1,1,1,1,1,1,1,1,1,1,1,4),(0.,0.115855070155,
    0.224233852001,0.325404336971,0.419695997811,0.507515763123,
    0.589367144632,0.665871587184,0.737789279063,0.806033858922,
    0.87167252553,0.935902503169,1.),.UNSPECIFIED.);
#1792 = CARTESIAN_POINT('',(22.65813437293,197.50779220523,9.0925));
#1793 = CARTESIAN_POINT('',(22.68186941124,197.53096760007,
    9.144947221473));
#1794 = CARTESIAN_POINT('',(22.72780783293,197.5758228494,9.246457172501
    ));
#1795 = CARTESIAN_POINT('',(22.79426284861,197.65251736925,
    9.388309416396));
#1796 = CARTESIAN_POINT('',(22.85553523236,197.73310314613,
    9.515836390649));
#1797 = CARTESIAN_POINT('',(22.91133966966,197.81795969624,
    9.628742302714));
#1798 = CARTESIAN_POINT('',(22.96139336561,197.90657559009,
    9.727105757195));
#1799 = CARTESIAN_POINT('',(23.0054374271,197.99864071934,9.810902341167
    ));
#1800 = CARTESIAN_POINT('',(23.04323613399,198.09378515149,
    9.880125331803));
#1801 = CARTESIAN_POINT('',(23.07454939713,198.1916299519,9.934697878799
    ));
#1802 = CARTESIAN_POINT('',(23.09921688477,198.29177669797,
    9.974651589746));
#1803 = CARTESIAN_POINT('',(23.11685985598,198.39371420522,
    9.999517887757));
#1804 = CARTESIAN_POINT('',(23.12796595792,198.49705922358,
    10.010539256015));
#1805 = CARTESIAN_POINT('',(23.12932245278,198.56571670105,
    10.005383966324));
#1806 = CARTESIAN_POINT('',(23.13,198.60001,10.002808982548));
#1807 = CYLINDRICAL_SURFACE('',#1808,1.5);
#1808 = AXIS2_PLACEMENT_3D('',#1809,#1810,#1811);
#1809 = CARTESIAN_POINT('',(21.63,198.60001,-9.0925));
#1810 = DIRECTION('',(0.,1.110223024625E-16,1.));
#1811 = DIRECTION('',(1.,0.,0.));
#1812 = ADVANCED_FACE('',(#1813),#1849,.F.);
#1813 = FACE_BOUND('',#1814,.F.);
#1814 = EDGE_LOOP('',(#1815,#1825,#1834,#1842));
#1815 = ORIENTED_EDGE('',*,*,#1816,.T.);
#1816 = EDGE_CURVE('',#1817,#1819,#1821,.T.);
#1817 = VERTEX_POINT('',#1818);
#1818 = CARTESIAN_POINT('',(48.809215045321,9.50001,-26.10570512318));
#1819 = VERTEX_POINT('',#1820);
#1820 = CARTESIAN_POINT('',(48.809215045321,11.17001,-26.10570512318));
#1821 = LINE('',#1822,#1823);
#1822 = CARTESIAN_POINT('',(48.809215045321,11.17001,-26.10570512318));
#1823 = VECTOR('',#1824,1.);
#1824 = DIRECTION('',(0.,1.,-1.110223024625E-16));
#1825 = ORIENTED_EDGE('',*,*,#1826,.T.);
#1826 = EDGE_CURVE('',#1819,#1827,#1829,.T.);
#1827 = VERTEX_POINT('',#1828);
#1828 = CARTESIAN_POINT('',(48.821235272913,11.17001,-26.17511985327));
#1829 = CIRCLE('',#1830,5.499999999707E-02);
#1830 = AXIS2_PLACEMENT_3D('',#1831,#1832,#1833);
#1831 = CARTESIAN_POINT('',(48.856846442527,11.17001,-26.13320512318));
#1832 = DIRECTION('',(0.,-1.,1.110223024625E-16));
#1833 = DIRECTION('',(1.,0.,0.));
#1834 = ORIENTED_EDGE('',*,*,#1835,.F.);
#1835 = EDGE_CURVE('',#1836,#1827,#1838,.T.);
#1836 = VERTEX_POINT('',#1837);
#1837 = CARTESIAN_POINT('',(48.821235272913,9.50001,-26.17511985327));
#1838 = LINE('',#1839,#1840);
#1839 = CARTESIAN_POINT('',(48.821235272913,11.17001,-26.17511985327));
#1840 = VECTOR('',#1841,1.);
#1841 = DIRECTION('',(0.,1.,-1.110223024625E-16));
#1842 = ORIENTED_EDGE('',*,*,#1843,.T.);
#1843 = EDGE_CURVE('',#1836,#1817,#1844,.T.);
#1844 = CIRCLE('',#1845,5.499999999707E-02);
#1845 = AXIS2_PLACEMENT_3D('',#1846,#1847,#1848);
#1846 = CARTESIAN_POINT('',(48.856846442527,9.50001,-26.13320512318));
#1847 = DIRECTION('',(0.,1.,-1.110223024625E-16));
#1848 = DIRECTION('',(1.,0.,0.));
#1849 = CYLINDRICAL_SURFACE('',#1850,5.499999999707E-02);
#1850 = AXIS2_PLACEMENT_3D('',#1851,#1852,#1853);
#1851 = CARTESIAN_POINT('',(48.856846442527,11.17001,-26.13320512318));
#1852 = DIRECTION('',(0.,-1.,1.110223024625E-16));
#1853 = DIRECTION('',(1.,0.,0.));
#1854 = ADVANCED_FACE('',(#1855),#1913,.F.);
#1855 = FACE_BOUND('',#1856,.T.);
#1856 = EDGE_LOOP('',(#1857,#1871,#1879,#1891,#1899,#1907));
#1857 = ORIENTED_EDGE('',*,*,#1858,.T.);
#1858 = EDGE_CURVE('',#1859,#1861,#1863,.T.);
#1859 = VERTEX_POINT('',#1860);
#1860 = CARTESIAN_POINT('',(70.8,155.2798208029,8.));
#1861 = VERTEX_POINT('',#1862);
#1862 = CARTESIAN_POINT('',(71.093587802283,155.22501,8.));
#1863 = B_SPLINE_CURVE_WITH_KNOTS('',3,(#1864,#1865,#1866,#1867,#1868,
    #1869,#1870),.UNSPECIFIED.,.F.,.F.,(4,3,4),(0.,0.514797162194,1.),
  .UNSPECIFIED.);
#1864 = CARTESIAN_POINT('',(70.8,155.2798208029,8.));
#1865 = CARTESIAN_POINT('',(70.848138360419,155.2611463237,8.));
#1866 = CARTESIAN_POINT('',(70.898308698821,155.24706761507,8.));
#1867 = CARTESIAN_POINT('',(70.949124331458,155.23791286785,8.));
#1868 = CARTESIAN_POINT('',(70.996704540286,155.22934100204,8.));
#1869 = CARTESIAN_POINT('',(71.045241621919,155.22501,8.));
#1870 = CARTESIAN_POINT('',(71.093587802283,155.22501,8.));
#1871 = ORIENTED_EDGE('',*,*,#1872,.T.);
#1872 = EDGE_CURVE('',#1861,#1873,#1875,.T.);
#1873 = VERTEX_POINT('',#1874);
#1874 = CARTESIAN_POINT('',(71.768165442698,155.22501,8.));
#1875 = LINE('',#1876,#1877);
#1876 = CARTESIAN_POINT('',(44.,155.22501,8.));
#1877 = VECTOR('',#1878,1.);
#1878 = DIRECTION('',(1.,0.,0.));
#1879 = ORIENTED_EDGE('',*,*,#1880,.T.);
#1880 = EDGE_CURVE('',#1873,#1881,#1883,.T.);
#1881 = VERTEX_POINT('',#1882);
#1882 = CARTESIAN_POINT('',(74.467195473164,153.72251092524,8.));
#1883 = B_SPLINE_CURVE_WITH_KNOTS('',3,(#1884,#1885,#1886,#1887,#1888,
    #1889,#1890),.UNSPECIFIED.,.F.,.F.,(4,3,4),(0.,1.010026241169E-02,1.
    ),.UNSPECIFIED.);
#1884 = CARTESIAN_POINT('',(71.768165442698,155.22501,8.));
#1885 = CARTESIAN_POINT('',(71.777259770293,155.21996460176,8.));
#1886 = CARTESIAN_POINT('',(71.786354017305,155.21491905827,8.));
#1887 = CARTESIAN_POINT('',(71.795448183949,155.20987336993,8.));
#1888 = CARTESIAN_POINT('',(72.686739313066,154.71536107059,8.));
#1889 = CARTESIAN_POINT('',(73.577264392831,154.21946662074,8.));
#1890 = CARTESIAN_POINT('',(74.467195473164,153.72251092524,8.));
#1891 = ORIENTED_EDGE('',*,*,#1892,.T.);
#1892 = EDGE_CURVE('',#1881,#1893,#1895,.T.);
#1893 = VERTEX_POINT('',#1894);
#1894 = CARTESIAN_POINT('',(74.467195473164,149.10001,8.));
#1895 = LINE('',#1896,#1897);
#1896 = CARTESIAN_POINT('',(74.467195473164,212.10001,8.));
#1897 = VECTOR('',#1898,1.);
#1898 = DIRECTION('',(0.,-1.,1.110223024625E-16));
#1899 = ORIENTED_EDGE('',*,*,#1900,.T.);
#1900 = EDGE_CURVE('',#1893,#1901,#1903,.T.);
#1901 = VERTEX_POINT('',#1902);
#1902 = CARTESIAN_POINT('',(70.8,149.10001,8.));
#1903 = LINE('',#1904,#1905);
#1904 = CARTESIAN_POINT('',(44.,149.10001,8.));
#1905 = VECTOR('',#1906,1.);
#1906 = DIRECTION('',(-1.,0.,0.));
#1907 = ORIENTED_EDGE('',*,*,#1908,.F.);
#1908 = EDGE_CURVE('',#1859,#1901,#1909,.T.);
#1909 = LINE('',#1910,#1911);
#1910 = CARTESIAN_POINT('',(70.8,144.10001,8.));
#1911 = VECTOR('',#1912,1.);
#1912 = DIRECTION('',(0.,-1.,-1.045460014855E-15));
#1913 = PLANE('',#1914);
#1914 = AXIS2_PLACEMENT_3D('',#1915,#1916,#1917);
#1915 = CARTESIAN_POINT('',(80.5,144.10001,8.));
#1916 = DIRECTION('',(0.,-1.045460014855E-15,1.));
#1917 = DIRECTION('',(-1.,0.,0.));
#1918 = ADVANCED_FACE('',(#1919),#1945,.T.);
#1919 = FACE_BOUND('',#1920,.T.);
#1920 = EDGE_LOOP('',(#1921,#1930,#1937,#1944));
#1921 = ORIENTED_EDGE('',*,*,#1922,.T.);
#1922 = EDGE_CURVE('',#1923,#1923,#1925,.T.);
#1923 = VERTEX_POINT('',#1924);
#1924 = CARTESIAN_POINT('',(31.1,11.20001,-27.65161785944));
#1925 = CIRCLE('',#1926,2.98161785944);
#1926 = AXIS2_PLACEMENT_3D('',#1927,#1928,#1929);
#1927 = CARTESIAN_POINT('',(31.1,11.20001,-24.67));
#1928 = DIRECTION('',(0.,-1.,1.110223024625E-16));
#1929 = DIRECTION('',(0.,-1.110223024625E-16,-1.));
#1930 = ORIENTED_EDGE('',*,*,#1931,.T.);
#1931 = EDGE_CURVE('',#1923,#1932,#1934,.T.);
#1932 = VERTEX_POINT('',#1933);
#1933 = CARTESIAN_POINT('',(31.1,10.60001,-27.87));
#1934 = B_SPLINE_CURVE_WITH_KNOTS('',1,(#1935,#1936),.UNSPECIFIED.,.F.,
  .F.,(2,2),(-0.638506663486,-3.330669073875E-16),
  .PIECEWISE_BEZIER_KNOTS.);
#1935 = CARTESIAN_POINT('',(31.1,11.20001000009,-27.65161785968));
#1936 = CARTESIAN_POINT('',(31.1,10.60001,-27.87));
#1937 = ORIENTED_EDGE('',*,*,#1938,.F.);
#1938 = EDGE_CURVE('',#1932,#1932,#1939,.T.);
#1939 = CIRCLE('',#1940,3.2);
#1940 = AXIS2_PLACEMENT_3D('',#1941,#1942,#1943);
#1941 = CARTESIAN_POINT('',(31.1,10.60001,-24.67));
#1942 = DIRECTION('',(0.,-1.,1.110223024625E-16));
#1943 = DIRECTION('',(0.,-1.110223024625E-16,-1.));
#1944 = ORIENTED_EDGE('',*,*,#1931,.F.);
#1945 = CONICAL_SURFACE('',#1946,3.2,0.34906585);
#1946 = AXIS2_PLACEMENT_3D('',#1947,#1948,#1949);
#1947 = CARTESIAN_POINT('',(31.1,10.60001,-24.67));
#1948 = DIRECTION('',(0.,-1.,3.378019242183E-16));
#1949 = DIRECTION('',(0.,-3.378019242183E-16,-1.));
#1950 = ADVANCED_FACE('',(#1951),#1976,.F.);
#1951 = FACE_BOUND('',#1952,.T.);
#1952 = EDGE_LOOP('',(#1953,#1961,#1962,#1970));
#1953 = ORIENTED_EDGE('',*,*,#1954,.T.);
#1954 = EDGE_CURVE('',#1955,#478,#1957,.T.);
#1955 = VERTEX_POINT('',#1956);
#1956 = CARTESIAN_POINT('',(30.50203536834,9.50001,-26.50570512318));
#1957 = LINE('',#1958,#1959);
#1958 = CARTESIAN_POINT('',(30.50203536834,9.50001,-26.50570512318));
#1959 = VECTOR('',#1960,1.);
#1960 = DIRECTION('',(0.5,-1.118431410553E-16,0.866025403784));
#1961 = ORIENTED_EDGE('',*,*,#503,.T.);
#1962 = ORIENTED_EDGE('',*,*,#1963,.T.);
#1963 = EDGE_CURVE('',#495,#1964,#1966,.T.);
#1964 = VERTEX_POINT('',#1965);
#1965 = CARTESIAN_POINT('',(30.50203536834,11.17001,-26.50570512318));
#1966 = LINE('',#1967,#1968);
#1967 = CARTESIAN_POINT('',(30.50203536834,11.17001,-26.50570512318));
#1968 = VECTOR('',#1969,1.);
#1969 = DIRECTION('',(-0.5,1.118431410553E-16,-0.866025403784));
#1970 = ORIENTED_EDGE('',*,*,#1971,.F.);
#1971 = EDGE_CURVE('',#1955,#1964,#1972,.T.);
#1972 = LINE('',#1973,#1974);
#1973 = CARTESIAN_POINT('',(30.50203536834,11.17001,-26.50570512318));
#1974 = VECTOR('',#1975,1.);
#1975 = DIRECTION('',(0.,1.,-1.110223024625E-16));
#1976 = PLANE('',#1977);
#1977 = AXIS2_PLACEMENT_3D('',#1978,#1979,#1980);
#1978 = CARTESIAN_POINT('',(30.50203536834,11.17001,-26.50570512318));
#1979 = DIRECTION('',(0.866025403784,-5.551115123128E-17,-0.5));
#1980 = DIRECTION('',(0.5,9.614813431917E-17,0.866025403784));
#1981 = ADVANCED_FACE('',(#1982),#2018,.F.);
#1982 = FACE_BOUND('',#1983,.F.);
#1983 = EDGE_LOOP('',(#1984,#1994,#2003,#2011));
#1984 = ORIENTED_EDGE('',*,*,#1985,.T.);
#1985 = EDGE_CURVE('',#1986,#1988,#1990,.T.);
#1986 = VERTEX_POINT('',#1987);
#1987 = CARTESIAN_POINT('',(51.390784954708,9.50001,-7.23429487682));
#1988 = VERTEX_POINT('',#1989);
#1989 = CARTESIAN_POINT('',(51.390784954708,11.17001,-7.23429487682));
#1990 = LINE('',#1991,#1992);
#1991 = CARTESIAN_POINT('',(51.390784954708,11.17001,-7.23429487682));
#1992 = VECTOR('',#1993,1.);
#1993 = DIRECTION('',(0.,1.,-1.110223024625E-16));
#1994 = ORIENTED_EDGE('',*,*,#1995,.F.);
#1995 = EDGE_CURVE('',#1996,#1988,#1998,.T.);
#1996 = VERTEX_POINT('',#1997);
#1997 = CARTESIAN_POINT('',(51.378764727115,11.17001,-7.164880146729));
#1998 = CIRCLE('',#1999,5.5E-02);
#1999 = AXIS2_PLACEMENT_3D('',#2000,#2001,#2002);
#2000 = CARTESIAN_POINT('',(51.3431535575,11.17001,-7.20679487682));
#2001 = DIRECTION('',(-8.326672684704E-16,1.,3.697183691308E-16));
#2002 = DIRECTION('',(-0.499999999997,-9.614813431913E-17,
    -0.866025403786));
#2003 = ORIENTED_EDGE('',*,*,#2004,.F.);
#2004 = EDGE_CURVE('',#2005,#1996,#2007,.T.);
#2005 = VERTEX_POINT('',#2006);
#2006 = CARTESIAN_POINT('',(51.378764727115,9.50001,-7.164880146729));
#2007 = LINE('',#2008,#2009);
#2008 = CARTESIAN_POINT('',(51.378764727115,11.17001,-7.164880146729));
#2009 = VECTOR('',#2010,1.);
#2010 = DIRECTION('',(0.,1.,-1.110223024625E-16));
#2011 = ORIENTED_EDGE('',*,*,#2012,.F.);
#2012 = EDGE_CURVE('',#1986,#2005,#2013,.T.);
#2013 = CIRCLE('',#2014,5.5E-02);
#2014 = AXIS2_PLACEMENT_3D('',#2015,#2016,#2017);
#2015 = CARTESIAN_POINT('',(51.3431535575,9.50001,-7.20679487682));
#2016 = DIRECTION('',(8.326672684704E-16,-1.,-3.697183691308E-16));
#2017 = DIRECTION('',(-0.499999999997,-9.614813431913E-17,
    -0.866025403786));
#2018 = CYLINDRICAL_SURFACE('',#2019,5.5E-02);
#2019 = AXIS2_PLACEMENT_3D('',#2020,#2021,#2022);
#2020 = CARTESIAN_POINT('',(51.3431535575,11.17001,-7.20679487682));
#2021 = DIRECTION('',(0.,-1.,1.110223024625E-16));
#2022 = DIRECTION('',(1.,0.,0.));
#2023 = ADVANCED_FACE('',(#2024),#2114,.F.);
#2024 = FACE_BOUND('',#2025,.T.);
#2025 = EDGE_LOOP('',(#2026,#2037,#2046,#2055,#2063,#2072,#2081,#2090,
    #2098,#2107));
#2026 = ORIENTED_EDGE('',*,*,#2027,.F.);
#2027 = EDGE_CURVE('',#2028,#2030,#2032,.T.);
#2028 = VERTEX_POINT('',#2029);
#2029 = CARTESIAN_POINT('',(32.57224318645,11.17001,-25.52));
#2030 = VERTEX_POINT('',#2031);
#2031 = CARTESIAN_POINT('',(32.57224318645,11.17001,-23.81999999999));
#2032 = CIRCLE('',#2033,1.7);
#2033 = AXIS2_PLACEMENT_3D('',#2034,#2035,#2036);
#2034 = CARTESIAN_POINT('',(31.1,11.17001,-24.67));
#2035 = DIRECTION('',(0.,-1.,1.110223024625E-16));
#2036 = DIRECTION('',(-1.,0.,0.));
#2037 = ORIENTED_EDGE('',*,*,#2038,.F.);
#2038 = EDGE_CURVE('',#2039,#2028,#2041,.T.);
#2039 = VERTEX_POINT('',#2040);
#2040 = CARTESIAN_POINT('',(32.88493215304,11.17001,-25.1063753649));
#2041 = CIRCLE('',#2042,2.10098297883);
#2042 = AXIS2_PLACEMENT_3D('',#2043,#2044,#2045);
#2043 = CARTESIAN_POINT('',(34.391747819032,11.17001,-26.57049148941));
#2044 = DIRECTION('',(-8.838452764881E-16,-1.,-3.992660058399E-16));
#2045 = DIRECTION('',(-0.5,9.614813431938E-17,0.866025403784));
#2046 = ORIENTED_EDGE('',*,*,#2047,.F.);
#2047 = EDGE_CURVE('',#2048,#2039,#2050,.T.);
#2048 = VERTEX_POINT('',#2049);
#2049 = CARTESIAN_POINT('',(32.97099562035,11.17001,-25.06999999999));
#2050 = CIRCLE('',#2051,0.12);
#2051 = AXIS2_PLACEMENT_3D('',#2052,#2053,#2054);
#2052 = CARTESIAN_POINT('',(32.97099562035,11.17001,-25.18999999999));
#2053 = DIRECTION('',(-8.838452764881E-16,-1.,-3.992660058399E-16));
#2054 = DIRECTION('',(-0.5,9.614813431938E-17,0.866025403784));
#2055 = ORIENTED_EDGE('',*,*,#2056,.T.);
#2056 = EDGE_CURVE('',#2048,#2057,#2059,.T.);
#2057 = VERTEX_POINT('',#2058);
#2058 = CARTESIAN_POINT('',(32.98874958639,11.17001,-25.06999999999));
#2059 = LINE('',#2060,#2061);
#2060 = CARTESIAN_POINT('',(32.98874958639,11.17001,-25.06999999999));
#2061 = VECTOR('',#2062,1.);
#2062 = DIRECTION('',(1.,1.962789321056E-28,-1.2610576602E-12));
#2063 = ORIENTED_EDGE('',*,*,#2064,.T.);
#2064 = EDGE_CURVE('',#2057,#2065,#2067,.T.);
#2065 = VERTEX_POINT('',#2066);
#2066 = CARTESIAN_POINT('',(33.04285439224,11.17001,-25.02488281249));
#2067 = CIRCLE('',#2068,5.499999999707E-02);
#2068 = AXIS2_PLACEMENT_3D('',#2069,#2070,#2071);
#2069 = CARTESIAN_POINT('',(32.98874958639,11.17001,-25.01499999999));
#2070 = DIRECTION('',(-8.838452764881E-16,-1.,-3.992660058399E-16));
#2071 = DIRECTION('',(-0.5,9.614813431938E-17,0.866025403784));
#2072 = ORIENTED_EDGE('',*,*,#2073,.F.);
#2073 = EDGE_CURVE('',#2074,#2065,#2076,.T.);
#2074 = VERTEX_POINT('',#2075);
#2075 = CARTESIAN_POINT('',(33.04285439224,11.17001,-24.3151171875));
#2076 = CIRCLE('',#2077,1.974999999996);
#2077 = AXIS2_PLACEMENT_3D('',#2078,#2079,#2080);
#2078 = CARTESIAN_POINT('',(31.10000000002,11.17001,-24.66999999999));
#2079 = DIRECTION('',(-8.326672684704E-16,1.,3.697183691308E-16));
#2080 = DIRECTION('',(-0.499999999997,-9.614813431913E-17,
    -0.866025403786));
#2081 = ORIENTED_EDGE('',*,*,#2082,.F.);
#2082 = EDGE_CURVE('',#2083,#2074,#2085,.T.);
#2083 = VERTEX_POINT('',#2084);
#2084 = CARTESIAN_POINT('',(32.98874958639,11.17001,-24.27));
#2085 = CIRCLE('',#2086,5.499999999707E-02);
#2086 = AXIS2_PLACEMENT_3D('',#2087,#2088,#2089);
#2087 = CARTESIAN_POINT('',(32.98874958639,11.17001,-24.325));
#2088 = DIRECTION('',(-8.326672684704E-16,1.,3.697183691308E-16));
#2089 = DIRECTION('',(-0.499999999997,-9.614813431913E-17,
    -0.866025403786));
#2090 = ORIENTED_EDGE('',*,*,#2091,.F.);
#2091 = EDGE_CURVE('',#2092,#2083,#2094,.T.);
#2092 = VERTEX_POINT('',#2093);
#2093 = CARTESIAN_POINT('',(32.97099562035,11.17001,-24.27));
#2094 = LINE('',#2095,#2096);
#2095 = CARTESIAN_POINT('',(32.98874958639,11.17001,-24.27));
#2096 = VECTOR('',#2097,1.);
#2097 = DIRECTION('',(1.,-1.962789321056E-28,1.2610576602E-12));
#2098 = ORIENTED_EDGE('',*,*,#2099,.T.);
#2099 = EDGE_CURVE('',#2092,#2100,#2102,.T.);
#2100 = VERTEX_POINT('',#2101);
#2101 = CARTESIAN_POINT('',(32.88493215304,11.17001,-24.23362463509));
#2102 = CIRCLE('',#2103,0.12);
#2103 = AXIS2_PLACEMENT_3D('',#2104,#2105,#2106);
#2104 = CARTESIAN_POINT('',(32.97099562035,11.17001,-24.15));
#2105 = DIRECTION('',(-8.326672684704E-16,1.,3.697183691308E-16));
#2106 = DIRECTION('',(-0.499999999997,-9.614813431913E-17,
    -0.866025403786));
#2107 = ORIENTED_EDGE('',*,*,#2108,.T.);
#2108 = EDGE_CURVE('',#2100,#2030,#2109,.T.);
#2109 = CIRCLE('',#2110,2.10098297883);
#2110 = AXIS2_PLACEMENT_3D('',#2111,#2112,#2113);
#2111 = CARTESIAN_POINT('',(34.391747819032,11.17001,-22.76950851058));
#2112 = DIRECTION('',(-8.326672684704E-16,1.,3.697183691308E-16));
#2113 = DIRECTION('',(-0.499999999997,-9.614813431913E-17,
    -0.866025403786));
#2114 = PLANE('',#2115);
#2115 = AXIS2_PLACEMENT_3D('',#2116,#2117,#2118);
#2116 = CARTESIAN_POINT('',(29.21125041365,11.17001,-25.015));
#2117 = DIRECTION('',(0.,1.,-1.110223024625E-16));
#2118 = DIRECTION('',(-1.,0.,0.));
#2119 = ADVANCED_FACE('',(#2120),#2146,.F.);
#2120 = FACE_BOUND('',#2121,.F.);
#2121 = EDGE_LOOP('',(#2122,#2130,#2139,#2145));
#2122 = ORIENTED_EDGE('',*,*,#2123,.F.);
#2123 = EDGE_CURVE('',#2124,#1618,#2126,.T.);
#2124 = VERTEX_POINT('',#2125);
#2125 = CARTESIAN_POINT('',(61.99,202.60001,-6.27));
#2126 = LINE('',#2127,#2128);
#2127 = CARTESIAN_POINT('',(49.,202.60001,-6.27));
#2128 = VECTOR('',#2129,1.);
#2129 = DIRECTION('',(-1.,0.,0.));
#2130 = ORIENTED_EDGE('',*,*,#2131,.F.);
#2131 = EDGE_CURVE('',#2132,#2124,#2134,.T.);
#2132 = VERTEX_POINT('',#2133);
#2133 = CARTESIAN_POINT('',(61.99,201.10001,-4.77));
#2134 = CIRCLE('',#2135,1.5);
#2135 = AXIS2_PLACEMENT_3D('',#2136,#2137,#2138);
#2136 = CARTESIAN_POINT('',(61.99,202.60001,-4.77));
#2137 = DIRECTION('',(1.,2.567906592517E-31,2.312964634636E-15));
#2138 = DIRECTION('',(2.312964634636E-15,-1.110223024625E-16,-1.));
#2139 = ORIENTED_EDGE('',*,*,#2140,.F.);
#2140 = EDGE_CURVE('',#1626,#2132,#2141,.T.);
#2141 = LINE('',#2142,#2143);
#2142 = CARTESIAN_POINT('',(61.99,201.10001,-4.77));
#2143 = VECTOR('',#2144,1.);
#2144 = DIRECTION('',(1.,0.,0.));
#2145 = ORIENTED_EDGE('',*,*,#1625,.F.);
#2146 = CYLINDRICAL_SURFACE('',#2147,1.5);
#2147 = AXIS2_PLACEMENT_3D('',#2148,#2149,#2150);
#2148 = CARTESIAN_POINT('',(61.99,202.60001,-4.77));
#2149 = DIRECTION('',(1.,0.,0.));
#2150 = DIRECTION('',(0.,-1.110223024625E-16,-1.));
#2151 = ADVANCED_FACE('',(#2152),#2199,.F.);
#2152 = FACE_BOUND('',#2153,.F.);
#2153 = EDGE_LOOP('',(#2154,#2163,#2164,#2173,#2182));
#2154 = ORIENTED_EDGE('',*,*,#2155,.F.);
#2155 = EDGE_CURVE('',#2132,#2156,#2158,.T.);
#2156 = VERTEX_POINT('',#2157);
#2157 = CARTESIAN_POINT('',(65.882253938827,201.10001,-7.141328977735));
#2158 = CIRCLE('',#2159,4.38);
#2159 = AXIS2_PLACEMENT_3D('',#2160,#2161,#2162);
#2160 = CARTESIAN_POINT('',(61.99,201.10001,-9.15));
#2161 = DIRECTION('',(0.,1.,-1.110223024625E-16));
#2162 = DIRECTION('',(0.,1.110223024625E-16,1.));
#2163 = ORIENTED_EDGE('',*,*,#2131,.T.);
#2164 = ORIENTED_EDGE('',*,*,#2165,.F.);
#2165 = EDGE_CURVE('',#2166,#2124,#2168,.T.);
#2166 = VERTEX_POINT('',#2167);
#2167 = CARTESIAN_POINT('',(64.87,202.60001,-9.15));
#2168 = CIRCLE('',#2169,2.88);
#2169 = AXIS2_PLACEMENT_3D('',#2170,#2171,#2172);
#2170 = CARTESIAN_POINT('',(61.99,202.60001,-9.15));
#2171 = DIRECTION('',(0.,-1.,1.110223024625E-16));
#2172 = DIRECTION('',(0.,1.110223024625E-16,1.));
#2173 = ORIENTED_EDGE('',*,*,#2174,.F.);
#2174 = EDGE_CURVE('',#2175,#2166,#2177,.T.);
#2175 = VERTEX_POINT('',#2176);
#2176 = CARTESIAN_POINT('',(65.081304524031,201.83237468931,-9.15));
#2177 = CIRCLE('',#2178,1.5);
#2178 = AXIS2_PLACEMENT_3D('',#2179,#2180,#2181);
#2179 = CARTESIAN_POINT('',(66.37,202.60001,-9.15));
#2180 = DIRECTION('',(-0.,-1.110223024625E-16,-1.));
#2181 = DIRECTION('',(-1.,0.,0.));
#2182 = ORIENTED_EDGE('',*,*,#2183,.F.);
#2183 = EDGE_CURVE('',#2156,#2175,#2184,.T.);
#2184 = B_SPLINE_CURVE_WITH_KNOTS('',3,(#2185,#2186,#2187,#2188,#2189,
    #2190,#2191,#2192,#2193,#2194,#2195,#2196,#2197,#2198),
  .UNSPECIFIED.,.F.,.F.,(4,1,1,1,1,1,1,1,1,1,1,4),(0.,6.829435572061E-02
    ,0.137767442483,0.208332254196,0.279904627592,0.352405431616,
    0.425762573719,0.499912829011,0.617147560849,0.750048626898,
    0.876198662233,1.),.UNSPECIFIED.);
#2185 = CARTESIAN_POINT('',(65.882253938827,201.10001,-7.141328977735));
#2186 = CARTESIAN_POINT('',(65.865747031744,201.10082627932,
    -7.19149120719));
#2187 = CARTESIAN_POINT('',(65.832448315502,201.1024729266,
    -7.292681444486));
#2188 = CARTESIAN_POINT('',(65.78047402015,201.11554112905,
    -7.444696699922));
#2189 = CARTESIAN_POINT('',(65.726543493468,201.13631044132,
    -7.597813333942));
#2190 = CARTESIAN_POINT('',(65.670667056906,201.16551484864,
    -7.751398609805));
#2191 = CARTESIAN_POINT('',(65.613053817383,201.20282714892,
    -7.904921434104));
#2192 = CARTESIAN_POINT('',(65.553923290701,201.24814156092,
    -8.057912270026));
#2193 = CARTESIAN_POINT('',(65.482013740526,201.31137871552,
    -8.23888478601));
#2194 = CARTESIAN_POINT('',(65.39339666407,201.40166686884,
    -8.455589717045));
#2195 = CARTESIAN_POINT('',(65.289731531024,201.52514625593,
    -8.698039333024));
#2196 = CARTESIAN_POINT('',(65.182706312597,201.6693309194,
    -8.933877007488));
#2197 = CARTESIAN_POINT('',(65.11489271406,201.77836829352,
    -9.078411714974));
#2198 = CARTESIAN_POINT('',(65.081304524031,201.83237468931,-9.15));
#2199 = TOROIDAL_SURFACE('',#2200,4.38,1.5);
#2200 = AXIS2_PLACEMENT_3D('',#2201,#2202,#2203);
#2201 = CARTESIAN_POINT('',(61.99,202.60001,-9.15));
#2202 = DIRECTION('',(0.,1.,-1.110223024625E-16));
#2203 = DIRECTION('',(0.,1.110223024625E-16,1.));
#2204 = ADVANCED_FACE('',(#2205,#2216),#2249,.F.);
#2205 = FACE_BOUND('',#2206,.T.);
#2206 = EDGE_LOOP('',(#2207));
#2207 = ORIENTED_EDGE('',*,*,#2208,.T.);
#2208 = EDGE_CURVE('',#2209,#2209,#2211,.T.);
#2209 = VERTEX_POINT('',#2210);
#2210 = CARTESIAN_POINT('',(64.5,9.30001,-26.16904755831));
#2211 = ELLIPSE('',#2212,3.535533905933,2.5);
#2212 = AXIS2_PLACEMENT_3D('',#2213,#2214,#2215);
#2213 = CARTESIAN_POINT('',(62.,9.30001,-28.66904755831));
#2214 = DIRECTION('',(-0.707106781187,7.850462293419E-17,0.707106781187)
  );
#2215 = DIRECTION('',(0.707106781187,7.850462293419E-17,0.707106781187)
  );
#2216 = FACE_BOUND('',#2217,.T.);
#2217 = EDGE_LOOP('',(#2218,#2228,#2234,#2235,#2243));
#2218 = ORIENTED_EDGE('',*,*,#2219,.T.);
#2219 = EDGE_CURVE('',#2220,#2222,#2224,.T.);
#2220 = VERTEX_POINT('',#2221);
#2221 = CARTESIAN_POINT('',(75.5,133.10001,-15.16904755831));
#2222 = VERTEX_POINT('',#2223);
#2223 = CARTESIAN_POINT('',(75.5,11.30001,-15.16904755831));
#2224 = LINE('',#2225,#2226);
#2225 = CARTESIAN_POINT('',(75.5,175.10001,-15.16904755831));
#2226 = VECTOR('',#2227,1.);
#2227 = DIRECTION('',(0.,-1.,1.110223024625E-16));
#2228 = ORIENTED_EDGE('',*,*,#2229,.T.);
#2229 = EDGE_CURVE('',#2222,#1138,#2230,.T.);
#2230 = LINE('',#2231,#2232);
#2231 = CARTESIAN_POINT('',(73.889682519437,9.68969251944,
    -16.77936503887));
#2232 = VECTOR('',#2233,1.);
#2233 = DIRECTION('',(-0.57735026919,-0.57735026919,-0.57735026919));
#2234 = ORIENTED_EDGE('',*,*,#1137,.T.);
#2235 = ORIENTED_EDGE('',*,*,#2236,.F.);
#2236 = EDGE_CURVE('',#2237,#1130,#2239,.T.);
#2237 = VERTEX_POINT('',#2238);
#2238 = CARTESIAN_POINT('',(59.019047558312,133.10001,-31.65));
#2239 = LINE('',#2240,#2241);
#2240 = CARTESIAN_POINT('',(59.019047558312,175.10001,-31.65));
#2241 = VECTOR('',#2242,1.);
#2242 = DIRECTION('',(0.,-1.,1.110223024625E-16));
#2243 = ORIENTED_EDGE('',*,*,#2244,.T.);
#2244 = EDGE_CURVE('',#2237,#2220,#2245,.T.);
#2245 = LINE('',#2246,#2247);
#2246 = CARTESIAN_POINT('',(67.334523779156,133.10001,-23.33452377915));
#2247 = VECTOR('',#2248,1.);
#2248 = DIRECTION('',(0.707106781187,7.850462293419E-17,0.707106781187)
  );
#2249 = PLANE('',#2250);
#2250 = AXIS2_PLACEMENT_3D('',#2251,#2252,#2253);
#2251 = CARTESIAN_POINT('',(67.334523779156,105.64568835477,
    -23.33452377915));
#2252 = DIRECTION('',(-0.707106781187,7.850462293419E-17,0.707106781187)
  );
#2253 = DIRECTION('',(0.,-1.,1.110223024625E-16));
#2254 = ADVANCED_FACE('',(#2255),#2307,.F.);
#2255 = FACE_BOUND('',#2256,.F.);
#2256 = EDGE_LOOP('',(#2257,#2267,#2276,#2284,#2300));
#2257 = ORIENTED_EDGE('',*,*,#2258,.F.);
#2258 = EDGE_CURVE('',#2259,#2261,#2263,.T.);
#2259 = VERTEX_POINT('',#2260);
#2260 = CARTESIAN_POINT('',(17.2,149.10001,9.));
#2261 = VERTEX_POINT('',#2262);
#2262 = CARTESIAN_POINT('',(17.2,155.22501,9.));
#2263 = LINE('',#2264,#2265);
#2264 = CARTESIAN_POINT('',(17.2,144.10001,9.));
#2265 = VECTOR('',#2266,1.);
#2266 = DIRECTION('',(0.,1.,-4.00142881792E-16));
#2267 = ORIENTED_EDGE('',*,*,#2268,.F.);
#2268 = EDGE_CURVE('',#2269,#2259,#2271,.T.);
#2269 = VERTEX_POINT('',#2270);
#2270 = CARTESIAN_POINT('',(17.5,149.10001,8.7));
#2271 = CIRCLE('',#2272,0.3);
#2272 = AXIS2_PLACEMENT_3D('',#2273,#2274,#2275);
#2273 = CARTESIAN_POINT('',(17.2,149.10001,8.7));
#2274 = DIRECTION('',(0.,-1.,1.110223024625E-16));
#2275 = DIRECTION('',(0.,1.110223024625E-16,1.));
#2276 = ORIENTED_EDGE('',*,*,#2277,.F.);
#2277 = EDGE_CURVE('',#2278,#2269,#2280,.T.);
#2278 = VERTEX_POINT('',#2279);
#2279 = CARTESIAN_POINT('',(17.5,155.31619888515,8.7));
#2280 = LINE('',#2281,#2282);
#2281 = CARTESIAN_POINT('',(17.5,162.10001,8.7));
#2282 = VECTOR('',#2283,1.);
#2283 = DIRECTION('',(0.,-1.,4.00142881792E-16));
#2284 = ORIENTED_EDGE('',*,*,#2285,.F.);
#2285 = EDGE_CURVE('',#2286,#2278,#2288,.T.);
#2286 = VERTEX_POINT('',#2287);
#2287 = CARTESIAN_POINT('',(17.22171287371,155.22501,8.999213220155));
#2288 = B_SPLINE_CURVE_WITH_KNOTS('',3,(#2289,#2290,#2291,#2292,#2293,
    #2294,#2295,#2296,#2297,#2298,#2299),.UNSPECIFIED.,.F.,.F.,(4,1,1,1,
    1,1,1,1,4),(0.,8.333065971282E-02,0.166638523884,0.250135347095,
    0.499349827871,0.624181244875,0.749624498068,0.875961676159,1.),
  .UNSPECIFIED.);
#2289 = CARTESIAN_POINT('',(17.22171287371,155.22501,8.999213220155));
#2290 = CARTESIAN_POINT('',(17.23440759601,155.22519476498,
    8.997819867319));
#2291 = CARTESIAN_POINT('',(17.25979356789,155.22556424439,
    8.995033542807));
#2292 = CARTESIAN_POINT('',(17.29674449576,155.22857310805,
    8.984764664315));
#2293 = CARTESIAN_POINT('',(17.35528962699,155.23649501809,
    8.960774301536));
#2294 = CARTESIAN_POINT('',(17.41143206914,155.25261046506,
    8.918420834736));
#2295 = CARTESIAN_POINT('',(17.45611398336,155.27308990506,
    8.859491417394));
#2296 = CARTESIAN_POINT('',(17.48085087243,155.28980906366,
    8.809907560062));
#2297 = CARTESIAN_POINT('',(17.49691065272,155.30559655981,
    8.756416941405));
#2298 = CARTESIAN_POINT('',(17.49897654031,155.31268647569,
    8.718690182804));
#2299 = CARTESIAN_POINT('',(17.5,155.31619888515,8.7));
#2300 = ORIENTED_EDGE('',*,*,#2301,.F.);
#2301 = EDGE_CURVE('',#2261,#2286,#2302,.T.);
#2302 = CIRCLE('',#2303,0.3);
#2303 = AXIS2_PLACEMENT_3D('',#2304,#2305,#2306);
#2304 = CARTESIAN_POINT('',(17.2,155.22501,8.7));
#2305 = DIRECTION('',(0.,1.,-1.110223024625E-16));
#2306 = DIRECTION('',(0.,1.110223024625E-16,1.));
#2307 = CYLINDRICAL_SURFACE('',#2308,0.3);
#2308 = AXIS2_PLACEMENT_3D('',#2309,#2310,#2311);
#2309 = CARTESIAN_POINT('',(17.2,144.10001,8.7));
#2310 = DIRECTION('',(0.,1.,-1.110223024625E-16));
#2311 = DIRECTION('',(0.,1.110223024625E-16,1.));
#2312 = ADVANCED_FACE('',(#2313),#2376,.F.);
#2313 = FACE_BOUND('',#2314,.F.);
#2314 = EDGE_LOOP('',(#2315,#2327,#2342,#2343,#2350,#2351,#2369));
#2315 = ORIENTED_EDGE('',*,*,#2316,.T.);
#2316 = EDGE_CURVE('',#2317,#2319,#2321,.T.);
#2317 = VERTEX_POINT('',#2318);
#2318 = CARTESIAN_POINT('',(70.5,155.97501,7.34846922835));
#2319 = VERTEX_POINT('',#2320);
#2320 = CARTESIAN_POINT('',(70.5,155.60785529163,7.7));
#2321 = B_SPLINE_CURVE_WITH_KNOTS('',2,(#2322,#2323,#2324,#2325,#2326),
  .UNSPECIFIED.,.F.,.F.,(3,2,3),(0.,0.5,1.),.PIECEWISE_BEZIER_KNOTS.);
#2322 = CARTESIAN_POINT('',(70.5,155.97501,7.34846922835));
#2323 = CARTESIAN_POINT('',(70.5,155.8613159554,7.34846922835));
#2324 = CARTESIAN_POINT('',(70.5,155.75003079877,7.476686509157));
#2325 = CARTESIAN_POINT('',(70.5,155.67705714706,7.560763159423));
#2326 = CARTESIAN_POINT('',(70.5,155.60785529163,7.7));
#2327 = ORIENTED_EDGE('',*,*,#2328,.T.);
#2328 = EDGE_CURVE('',#2319,#1859,#2329,.T.);
#2329 = B_SPLINE_CURVE_WITH_KNOTS('',3,(#2330,#2331,#2332,#2333,#2334,
    #2335,#2336,#2337,#2338,#2339,#2340,#2341),.UNSPECIFIED.,.F.,.F.,(4,
    1,1,1,1,1,1,1,1,4),(0.,6.645052033902E-02,0.149606716039,
    0.249902821668,0.374805098405,0.499589191842,0.632663661395,
    0.749434878027,0.877880837033,1.),.UNSPECIFIED.);
#2330 = CARTESIAN_POINT('',(70.5,155.60785529163,7.7));
#2331 = CARTESIAN_POINT('',(70.500379444228,155.60165796395,
    7.711170544372));
#2332 = CARTESIAN_POINT('',(70.501233725046,155.58770529905,
    7.736319910415));
#2333 = CARTESIAN_POINT('',(70.508509970886,155.559372468,7.774658024682
    ));
#2334 = CARTESIAN_POINT('',(70.522929318409,155.5223272786,
    7.818674544224));
#2335 = CARTESIAN_POINT('',(70.546769913411,155.47828505365,
    7.86387601349));
#2336 = CARTESIAN_POINT('',(70.581332760898,155.43044012115,
    7.908029456675));
#2337 = CARTESIAN_POINT('',(70.624152838537,155.38570471159,
    7.945409194514));
#2338 = CARTESIAN_POINT('',(70.675969548384,155.3440288459,
    7.975132045207));
#2339 = CARTESIAN_POINT('',(70.734017693074,155.30795125669,
    7.995738530165));
#2340 = CARTESIAN_POINT('',(70.778379275923,155.28903843726,
    7.998603624702));
#2341 = CARTESIAN_POINT('',(70.8,155.2798208029,8.));
#2342 = ORIENTED_EDGE('',*,*,#1858,.T.);
#2343 = ORIENTED_EDGE('',*,*,#2344,.T.);
#2344 = EDGE_CURVE('',#1861,#2286,#2345,.T.);
#2345 = CIRCLE('',#2346,28.25);
#2346 = AXIS2_PLACEMENT_3D('',#2347,#2348,#2349);
#2347 = CARTESIAN_POINT('',(44.,155.22501,-1.562361462426E-14));
#2348 = DIRECTION('',(0.,-1.,-1.346022605077E-16));
#2349 = DIRECTION('',(0.,1.346022605077E-16,-1.));
#2350 = ORIENTED_EDGE('',*,*,#2285,.T.);
#2351 = ORIENTED_EDGE('',*,*,#2352,.F.);
#2352 = EDGE_CURVE('',#2353,#2278,#2355,.T.);
#2353 = VERTEX_POINT('',#2354);
#2354 = CARTESIAN_POINT('',(17.5,155.97501,7.34846922835));
#2355 = B_SPLINE_CURVE_WITH_KNOTS('',3,(#2356,#2357,#2358,#2359,#2360,
    #2361,#2362,#2363,#2364,#2365,#2366,#2367,#2368),.UNSPECIFIED.,.F.,
  .F.,(4,1,1,1,1,1,1,1,1,1,4),(0.,2.832221348936E-02,5.76050920791E-02,
    8.888682350176E-02,0.123025840271,0.181099387249,0.252041574005,
    0.364363233722,0.501509063775,0.717468852852,1.),.UNSPECIFIED.);
#2356 = CARTESIAN_POINT('',(17.5,155.97501,7.34846922835));
#2357 = CARTESIAN_POINT('',(17.49998590741,155.96009281807,
    7.349397105285));
#2358 = CARTESIAN_POINT('',(17.49995724421,155.92975247625,
    7.351284331942));
#2359 = CARTESIAN_POINT('',(17.49978768928,155.8850306047,7.366449007755
    ));
#2360 = CARTESIAN_POINT('',(17.49962718374,155.8411847418,7.390396542461
    ));
#2361 = CARTESIAN_POINT('',(17.49953285268,155.78983020835,
    7.430563979633));
#2362 = CARTESIAN_POINT('',(17.49986438736,155.73189545972,
    7.494376471138));
#2363 = CARTESIAN_POINT('',(17.50005811479,155.6595438425,7.598903709901
    ));
#2364 = CARTESIAN_POINT('',(17.50002481562,155.58101879014,
    7.748445861146));
#2365 = CARTESIAN_POINT('',(17.49994187029,155.48986963402,
    7.975809693261));
#2366 = CARTESIAN_POINT('',(17.50035464452,155.39350468565,
    8.296490162719));
#2367 = CARTESIAN_POINT('',(17.50012829103,155.34416390299,
    8.554032171894));
#2368 = CARTESIAN_POINT('',(17.5,155.31619888514,8.7));
#2369 = ORIENTED_EDGE('',*,*,#2370,.F.);
#2370 = EDGE_CURVE('',#2317,#2353,#2371,.T.);
#2371 = CIRCLE('',#2372,27.5);
#2372 = AXIS2_PLACEMENT_3D('',#2373,#2374,#2375);
#2373 = CARTESIAN_POINT('',(44.,155.97501,-1.547726765977E-14));
#2374 = DIRECTION('',(0.,-1.,-1.41301112225E-16));
#2375 = DIRECTION('',(0.,1.41301112225E-16,-1.));
#2376 = TOROIDAL_SURFACE('',#2377,28.25,0.75);
#2377 = AXIS2_PLACEMENT_3D('',#2378,#2379,#2380);
#2378 = CARTESIAN_POINT('',(44.,155.97501,-1.570688135111E-14));
#2379 = DIRECTION('',(0.,-1.,-2.47886002912E-16));
#2380 = DIRECTION('',(0.,2.47886002912E-16,-1.));
#2381 = ADVANCED_FACE('',(#2382),#2426,.F.);
#2382 = FACE_BOUND('',#2383,.F.);
#2383 = EDGE_LOOP('',(#2384,#2394,#2403,#2411));
#2384 = ORIENTED_EDGE('',*,*,#2385,.F.);
#2385 = EDGE_CURVE('',#2386,#2388,#2390,.T.);
#2386 = VERTEX_POINT('',#2387);
#2387 = CARTESIAN_POINT('',(70.5,162.10001,-7.7));
#2388 = VERTEX_POINT('',#2389);
#2389 = CARTESIAN_POINT('',(70.5,158.59216470836,-7.7));
#2390 = LINE('',#2391,#2392);
#2391 = CARTESIAN_POINT('',(70.5,162.10001,-7.7));
#2392 = VECTOR('',#2393,1.);
#2393 = DIRECTION('',(0.,-1.,1.074757566894E-15));
#2394 = ORIENTED_EDGE('',*,*,#2395,.T.);
#2395 = EDGE_CURVE('',#2386,#2396,#2398,.T.);
#2396 = VERTEX_POINT('',#2397);
#2397 = CARTESIAN_POINT('',(70.8,162.10001,-8.));
#2398 = CIRCLE('',#2399,0.3);
#2399 = AXIS2_PLACEMENT_3D('',#2400,#2401,#2402);
#2400 = CARTESIAN_POINT('',(70.8,162.10001,-7.7));
#2401 = DIRECTION('',(0.,-1.,1.110223024625E-16));
#2402 = DIRECTION('',(0.,-1.110223024625E-16,-1.));
#2403 = ORIENTED_EDGE('',*,*,#2404,.F.);
#2404 = EDGE_CURVE('',#2405,#2396,#2407,.T.);
#2405 = VERTEX_POINT('',#2406);
#2406 = CARTESIAN_POINT('',(70.8,158.9201991971,-8.));
#2407 = LINE('',#2408,#2409);
#2408 = CARTESIAN_POINT('',(70.8,162.10001,-8.));
#2409 = VECTOR('',#2410,1.);
#2410 = DIRECTION('',(0.,1.,-1.074757566894E-15));
#2411 = ORIENTED_EDGE('',*,*,#2412,.F.);
#2412 = EDGE_CURVE('',#2388,#2405,#2413,.T.);
#2413 = B_SPLINE_CURVE_WITH_KNOTS('',3,(#2414,#2415,#2416,#2417,#2418,
    #2419,#2420,#2421,#2422,#2423,#2424,#2425),.UNSPECIFIED.,.F.,.F.,(4,
    1,1,1,1,1,1,1,1,4),(0.,6.645052035117E-02,0.149606716051,
    0.249902821668,0.374805098405,0.499589191842,0.63266366134,
    0.749434878027,0.877880837021,1.),.UNSPECIFIED.);
#2414 = CARTESIAN_POINT('',(70.5,158.59216470836,-7.7));
#2415 = CARTESIAN_POINT('',(70.500379444228,158.59836203605,
    -7.711170544374));
#2416 = CARTESIAN_POINT('',(70.501233725047,158.61231470095,
    -7.736319910419));
#2417 = CARTESIAN_POINT('',(70.508509970888,158.64064753199,
    -7.774658024687));
#2418 = CARTESIAN_POINT('',(70.52292931841,158.6776927214,
    -7.818674544225));
#2419 = CARTESIAN_POINT('',(70.546769913411,158.72173494635,
    -7.86387601349));
#2420 = CARTESIAN_POINT('',(70.581332760893,158.76957987884,
    -7.908029456669));
#2421 = CARTESIAN_POINT('',(70.624152838529,158.8143152884,
    -7.945409194509));
#2422 = CARTESIAN_POINT('',(70.675969548374,158.85599115408,
    -7.975132045204));
#2423 = CARTESIAN_POINT('',(70.734017693071,158.8920687433,
    -7.995738530164));
#2424 = CARTESIAN_POINT('',(70.778379275921,158.91098156273,
    -7.998603624702));
#2425 = CARTESIAN_POINT('',(70.8,158.9201991971,-8.));
#2426 = CYLINDRICAL_SURFACE('',#2427,0.3);
#2427 = AXIS2_PLACEMENT_3D('',#2428,#2429,#2430);
#2428 = CARTESIAN_POINT('',(70.8,162.10001,-7.7));
#2429 = DIRECTION('',(0.,-1.,1.110223024625E-16));
#2430 = DIRECTION('',(0.,-1.110223024625E-16,-1.));
#2431 = ADVANCED_FACE('',(#2432),#2468,.F.);
#2432 = FACE_BOUND('',#2433,.F.);
#2433 = EDGE_LOOP('',(#2434,#2444,#2453,#2461));
#2434 = ORIENTED_EDGE('',*,*,#2435,.T.);
#2435 = EDGE_CURVE('',#2436,#2438,#2440,.T.);
#2436 = VERTEX_POINT('',#2437);
#2437 = CARTESIAN_POINT('',(48.821235272913,9.50001,-23.16488014672));
#2438 = VERTEX_POINT('',#2439);
#2439 = CARTESIAN_POINT('',(48.821235272913,11.17001,-23.16488014672));
#2440 = LINE('',#2441,#2442);
#2441 = CARTESIAN_POINT('',(48.821235272913,11.17001,-23.16488014672));
#2442 = VECTOR('',#2443,1.);
#2443 = DIRECTION('',(0.,1.,-1.110223024625E-16));
#2444 = ORIENTED_EDGE('',*,*,#2445,.F.);
#2445 = EDGE_CURVE('',#2446,#2438,#2448,.T.);
#2446 = VERTEX_POINT('',#2447);
#2447 = CARTESIAN_POINT('',(48.809215045318,11.17001,-23.23429487681));
#2448 = CIRCLE('',#2449,5.499999999707E-02);
#2449 = AXIS2_PLACEMENT_3D('',#2450,#2451,#2452);
#2450 = CARTESIAN_POINT('',(48.856846442527,11.17001,-23.20679487681));
#2451 = DIRECTION('',(0.,1.,-1.110223024625E-16));
#2452 = DIRECTION('',(1.,0.,0.));
#2453 = ORIENTED_EDGE('',*,*,#2454,.F.);
#2454 = EDGE_CURVE('',#2455,#2446,#2457,.T.);
#2455 = VERTEX_POINT('',#2456);
#2456 = CARTESIAN_POINT('',(48.809215045318,9.50001,-23.23429487681));
#2457 = LINE('',#2458,#2459);
#2458 = CARTESIAN_POINT('',(48.809215045318,11.17001,-23.23429487681));
#2459 = VECTOR('',#2460,1.);
#2460 = DIRECTION('',(0.,1.,-1.110223024625E-16));
#2461 = ORIENTED_EDGE('',*,*,#2462,.F.);
#2462 = EDGE_CURVE('',#2436,#2455,#2463,.T.);
#2463 = CIRCLE('',#2464,5.499999999707E-02);
#2464 = AXIS2_PLACEMENT_3D('',#2465,#2466,#2467);
#2465 = CARTESIAN_POINT('',(48.856846442527,9.50001,-23.20679487681));
#2466 = DIRECTION('',(0.,-1.,1.110223024625E-16));
#2467 = DIRECTION('',(1.,0.,0.));
#2468 = CYLINDRICAL_SURFACE('',#2469,5.499999999707E-02);
#2469 = AXIS2_PLACEMENT_3D('',#2470,#2471,#2472);
#2470 = CARTESIAN_POINT('',(48.856846442527,11.17001,-23.20679487681));
#2471 = DIRECTION('',(0.,-1.,1.110223024625E-16));
#2472 = DIRECTION('',(1.,0.,0.));
#2473 = ADVANCED_FACE('',(#2474),#2510,.T.);
#2474 = FACE_BOUND('',#2475,.T.);
#2475 = EDGE_LOOP('',(#2476,#2487,#2495,#2504));
#2476 = ORIENTED_EDGE('',*,*,#2477,.T.);
#2477 = EDGE_CURVE('',#2478,#2480,#2482,.T.);
#2478 = VERTEX_POINT('',#2479);
#2479 = CARTESIAN_POINT('',(29.22900437968,9.50001,-25.07));
#2480 = VERTEX_POINT('',#2481);
#2481 = CARTESIAN_POINT('',(29.31506784699,9.50001,-25.1063753649));
#2482 = CIRCLE('',#2483,0.12);
#2483 = AXIS2_PLACEMENT_3D('',#2484,#2485,#2486);
#2484 = CARTESIAN_POINT('',(29.22900437968,9.50001,-25.19));
#2485 = DIRECTION('',(0.,1.,-1.110223024625E-16));
#2486 = DIRECTION('',(1.,0.,0.));
#2487 = ORIENTED_EDGE('',*,*,#2488,.T.);
#2488 = EDGE_CURVE('',#2480,#2489,#2491,.T.);
#2489 = VERTEX_POINT('',#2490);
#2490 = CARTESIAN_POINT('',(29.31506784699,11.17001,-25.1063753649));
#2491 = LINE('',#2492,#2493);
#2492 = CARTESIAN_POINT('',(29.31506784699,11.17001,-25.1063753649));
#2493 = VECTOR('',#2494,1.);
#2494 = DIRECTION('',(0.,1.,-1.110223024625E-16));
#2495 = ORIENTED_EDGE('',*,*,#2496,.T.);
#2496 = EDGE_CURVE('',#2489,#2497,#2499,.T.);
#2497 = VERTEX_POINT('',#2498);
#2498 = CARTESIAN_POINT('',(29.22900437968,11.17001,-25.07));
#2499 = CIRCLE('',#2500,0.12);
#2500 = AXIS2_PLACEMENT_3D('',#2501,#2502,#2503);
#2501 = CARTESIAN_POINT('',(29.22900437968,11.17001,-25.19));
#2502 = DIRECTION('',(0.,-1.,1.110223024625E-16));
#2503 = DIRECTION('',(1.,0.,0.));
#2504 = ORIENTED_EDGE('',*,*,#2505,.F.);
#2505 = EDGE_CURVE('',#2478,#2497,#2506,.T.);
#2506 = LINE('',#2507,#2508);
#2507 = CARTESIAN_POINT('',(29.22900437968,11.17001,-25.07));
#2508 = VECTOR('',#2509,1.);
#2509 = DIRECTION('',(0.,1.,-1.110223024625E-16));
#2510 = CYLINDRICAL_SURFACE('',#2511,0.12);
#2511 = AXIS2_PLACEMENT_3D('',#2512,#2513,#2514);
#2512 = CARTESIAN_POINT('',(29.22900437968,11.17001,-25.19));
#2513 = DIRECTION('',(0.,-1.,1.110223024625E-16));
#2514 = DIRECTION('',(1.,0.,0.));
#2515 = ADVANCED_FACE('',(#2516),#2550,.F.);
#2516 = FACE_BOUND('',#2517,.T.);
#2517 = EDGE_LOOP('',(#2518,#2528,#2536,#2544));
#2518 = ORIENTED_EDGE('',*,*,#2519,.T.);
#2519 = EDGE_CURVE('',#2520,#2522,#2524,.T.);
#2520 = VERTEX_POINT('',#2521);
#2521 = CARTESIAN_POINT('',(39.711250413647,9.50001,-9.070000000001));
#2522 = VERTEX_POINT('',#2523);
#2523 = CARTESIAN_POINT('',(39.729004379678,9.50001,-9.070000000001));
#2524 = LINE('',#2525,#2526);
#2525 = CARTESIAN_POINT('',(39.711250413647,9.50001,-9.070000000001));
#2526 = VECTOR('',#2527,1.);
#2527 = DIRECTION('',(1.,-3.389964285058E-31,-3.053408378197E-15));
#2528 = ORIENTED_EDGE('',*,*,#2529,.T.);
#2529 = EDGE_CURVE('',#2522,#2530,#2532,.T.);
#2530 = VERTEX_POINT('',#2531);
#2531 = CARTESIAN_POINT('',(39.729004379678,11.17001,-9.070000000001));
#2532 = LINE('',#2533,#2534);
#2533 = CARTESIAN_POINT('',(39.729004379678,11.17001,-9.070000000001));
#2534 = VECTOR('',#2535,1.);
#2535 = DIRECTION('',(0.,1.,-1.110223024625E-16));
#2536 = ORIENTED_EDGE('',*,*,#2537,.T.);
#2537 = EDGE_CURVE('',#2530,#2538,#2540,.T.);
#2538 = VERTEX_POINT('',#2539);
#2539 = CARTESIAN_POINT('',(39.711250413647,11.17001,-9.070000000001));
#2540 = LINE('',#2541,#2542);
#2541 = CARTESIAN_POINT('',(39.711250413647,11.17001,-9.070000000001));
#2542 = VECTOR('',#2543,1.);
#2543 = DIRECTION('',(-1.,3.389964285058E-31,3.053408378197E-15));
#2544 = ORIENTED_EDGE('',*,*,#2545,.F.);
#2545 = EDGE_CURVE('',#2520,#2538,#2546,.T.);
#2546 = LINE('',#2547,#2548);
#2547 = CARTESIAN_POINT('',(39.711250413647,11.17001,-9.070000000001));
#2548 = VECTOR('',#2549,1.);
#2549 = DIRECTION('',(0.,1.,-1.110223024625E-16));
#2550 = PLANE('',#2551);
#2551 = AXIS2_PLACEMENT_3D('',#2552,#2553,#2554);
#2552 = CARTESIAN_POINT('',(39.711250413647,11.17001,-9.070000000001));
#2553 = DIRECTION('',(-3.053408378197E-15,-1.110223024625E-16,-1.));
#2554 = DIRECTION('',(0.,-1.,1.110223024625E-16));
#2555 = ADVANCED_FACE('',(#2556),#2582,.T.);
#2556 = FACE_BOUND('',#2557,.T.);
#2557 = EDGE_LOOP('',(#2558,#2567,#2574,#2581));
#2558 = ORIENTED_EDGE('',*,*,#2559,.T.);
#2559 = EDGE_CURVE('',#2560,#2560,#2562,.T.);
#2560 = VERTEX_POINT('',#2561);
#2561 = CARTESIAN_POINT('',(41.6,13.25001,-11.17));
#2562 = CIRCLE('',#2563,2.5);
#2563 = AXIS2_PLACEMENT_3D('',#2564,#2565,#2566);
#2564 = CARTESIAN_POINT('',(41.6,13.25001,-8.670000000001));
#2565 = DIRECTION('',(0.,-1.,1.110223024625E-16));
#2566 = DIRECTION('',(0.,-1.110223024625E-16,-1.));
#2567 = ORIENTED_EDGE('',*,*,#2568,.F.);
#2568 = EDGE_CURVE('',#2569,#2560,#2571,.T.);
#2569 = VERTEX_POINT('',#2570);
#2570 = CARTESIAN_POINT('',(41.6,12.75350462261,-10.94539893905));
#2571 = B_SPLINE_CURVE_WITH_KNOTS('',1,(#2572,#2573),.UNSPECIFIED.,.F.,
  .F.,(2,2),(-1.830335434669E-16,0.544943323991),
  .PIECEWISE_BEZIER_KNOTS.);
#2572 = CARTESIAN_POINT('',(41.6,12.75350462261,-10.94539893905));
#2573 = CARTESIAN_POINT('',(41.6,13.25001000011,-11.16999999976));
#2574 = ORIENTED_EDGE('',*,*,#2575,.F.);
#2575 = EDGE_CURVE('',#2569,#2569,#2576,.T.);
#2576 = CIRCLE('',#2577,2.275398939057);
#2577 = AXIS2_PLACEMENT_3D('',#2578,#2579,#2580);
#2578 = CARTESIAN_POINT('',(41.6,12.75350462261,-8.670000000001));
#2579 = DIRECTION('',(0.,-1.,1.110223024625E-16));
#2580 = DIRECTION('',(0.,-1.110223024625E-16,-1.));
#2581 = ORIENTED_EDGE('',*,*,#2568,.T.);
#2582 = CONICAL_SURFACE('',#2583,2.275398939057,0.424817926695);
#2583 = AXIS2_PLACEMENT_3D('',#2584,#2585,#2586);
#2584 = CARTESIAN_POINT('',(41.6,12.75350462261,-8.670000000001));
#2585 = DIRECTION('',(0.,1.,-1.110223024625E-16));
#2586 = DIRECTION('',(0.,1.110223024625E-16,1.));
#2587 = ADVANCED_FACE('',(#2588,#2599),#2619,.F.);
#2588 = FACE_BOUND('',#2589,.T.);
#2589 = EDGE_LOOP('',(#2590));
#2590 = ORIENTED_EDGE('',*,*,#2591,.T.);
#2591 = EDGE_CURVE('',#2592,#2592,#2594,.T.);
#2592 = VERTEX_POINT('',#2593);
#2593 = CARTESIAN_POINT('',(38.056213546951,5.17923748812,
    19.535650393578));
#2594 = CIRCLE('',#2595,4.5);
#2595 = AXIS2_PLACEMENT_3D('',#2596,#2597,#2598);
#2596 = CARTESIAN_POINT('',(38.583557358433,8.50001,16.544935022832));
#2597 = DIRECTION('',(-0.984807753012,2.498001805407E-16,-0.173648177667
    ));
#2598 = DIRECTION('',(-0.117187513663,-0.737949447085,0.664603415721));
#2599 = FACE_BOUND('',#2600,.T.);
#2600 = EDGE_LOOP('',(#2601,#2612));
#2601 = ORIENTED_EDGE('',*,*,#2602,.F.);
#2602 = EDGE_CURVE('',#2603,#2605,#2607,.T.);
#2603 = VERTEX_POINT('',#2604);
#2604 = CARTESIAN_POINT('',(39.079260541226,11.62153616117,
    13.733662574331));
#2605 = VERTEX_POINT('',#2606);
#2606 = CARTESIAN_POINT('',(38.087854175484,5.37848383897,
    19.356207471182));
#2607 = CIRCLE('',#2608,4.23);
#2608 = AXIS2_PLACEMENT_3D('',#2609,#2610,#2611);
#2609 = CARTESIAN_POINT('',(38.583557358433,8.50001,16.544935022832));
#2610 = DIRECTION('',(-0.984807753012,1.804112415016E-16,-0.173648177667
    ));
#2611 = DIRECTION('',(0.117187513663,0.737949447085,-0.664603415721));
#2612 = ORIENTED_EDGE('',*,*,#2613,.F.);
#2613 = EDGE_CURVE('',#2605,#2603,#2614,.T.);
#2614 = CIRCLE('',#2615,4.23);
#2615 = AXIS2_PLACEMENT_3D('',#2616,#2617,#2618);
#2616 = CARTESIAN_POINT('',(38.583557358433,8.50001,16.544935022832));
#2617 = DIRECTION('',(-0.984807753012,1.804112415016E-16,-0.173648177667
    ));
#2618 = DIRECTION('',(0.117187513663,0.737949447085,-0.664603415721));
#2619 = PLANE('',#2620);
#2620 = AXIS2_PLACEMENT_3D('',#2621,#2622,#2623);
#2621 = CARTESIAN_POINT('',(39.110901169915,11.82078251189,
    13.554219652086));
#2622 = DIRECTION('',(0.984807753012,-6.398790634407E-17,0.173648177667)
  );
#2623 = DIRECTION('',(8.455125032515E-17,1.,-1.110223024625E-16));
#2624 = ADVANCED_FACE('',(#2625),#2659,.F.);
#2625 = FACE_BOUND('',#2626,.T.);
#2626 = EDGE_LOOP('',(#2627,#2637,#2645,#2653));
#2627 = ORIENTED_EDGE('',*,*,#2628,.T.);
#2628 = EDGE_CURVE('',#2629,#2631,#2633,.T.);
#2629 = VERTEX_POINT('',#2630);
#2630 = CARTESIAN_POINT('',(32.39078495471,9.50001,-26.10570512318));
#2631 = VERTEX_POINT('',#2632);
#2632 = CARTESIAN_POINT('',(32.3819079717,9.50001,-26.09032973758));
#2633 = LINE('',#2634,#2635);
#2634 = CARTESIAN_POINT('',(32.39078495471,9.50001,-26.10570512318));
#2635 = VECTOR('',#2636,1.);
#2636 = DIRECTION('',(-0.499999999999,-1.118431410543E-16,0.866025403785
    ));
#2637 = ORIENTED_EDGE('',*,*,#2638,.T.);
#2638 = EDGE_CURVE('',#2631,#2639,#2641,.T.);
#2639 = VERTEX_POINT('',#2640);
#2640 = CARTESIAN_POINT('',(32.3819079717,11.17001,-26.09032973758));
#2641 = LINE('',#2642,#2643);
#2642 = CARTESIAN_POINT('',(32.3819079717,11.17001,-26.09032973758));
#2643 = VECTOR('',#2644,1.);
#2644 = DIRECTION('',(0.,1.,-1.110223024625E-16));
#2645 = ORIENTED_EDGE('',*,*,#2646,.T.);
#2646 = EDGE_CURVE('',#2639,#2647,#2649,.T.);
#2647 = VERTEX_POINT('',#2648);
#2648 = CARTESIAN_POINT('',(32.39078495471,11.17001,-26.10570512318));
#2649 = LINE('',#2650,#2651);
#2650 = CARTESIAN_POINT('',(32.39078495471,11.17001,-26.10570512318));
#2651 = VECTOR('',#2652,1.);
#2652 = DIRECTION('',(0.499999999999,1.118431410543E-16,-0.866025403785)
  );
#2653 = ORIENTED_EDGE('',*,*,#2654,.F.);
#2654 = EDGE_CURVE('',#2629,#2647,#2655,.T.);
#2655 = LINE('',#2656,#2657);
#2656 = CARTESIAN_POINT('',(32.39078495471,11.17001,-26.10570512318));
#2657 = VECTOR('',#2658,1.);
#2658 = DIRECTION('',(0.,1.,-1.110223024625E-16));
#2659 = PLANE('',#2660);
#2660 = AXIS2_PLACEMENT_3D('',#2661,#2662,#2663);
#2661 = CARTESIAN_POINT('',(32.39078495471,11.17001,-26.10570512318));
#2662 = DIRECTION('',(0.866025403785,5.551115123115E-17,0.499999999999)
  );
#2663 = DIRECTION('',(0.,1.,-1.110223024625E-16));
#2664 = ADVANCED_FACE('',(#2665),#2697,.T.);
#2665 = FACE_BOUND('',#2666,.T.);
#2666 = EDGE_LOOP('',(#2667,#2678,#2689,#2690));
#2667 = ORIENTED_EDGE('',*,*,#2668,.F.);
#2668 = EDGE_CURVE('',#2669,#2671,#2673,.T.);
#2669 = VERTEX_POINT('',#2670);
#2670 = CARTESIAN_POINT('',(63.75,2.13919132338,1.052119277124E-15));
#2671 = VERTEX_POINT('',#2672);
#2672 = CARTESIAN_POINT('',(60.25,2.13919132338,1.480745656826E-15));
#2673 = CIRCLE('',#2674,1.75);
#2674 = AXIS2_PLACEMENT_3D('',#2675,#2676,#2677);
#2675 = CARTESIAN_POINT('',(62.,2.13919132338,1.480745656826E-15));
#2676 = DIRECTION('',(0.,1.,-1.110223024625E-16));
#2677 = DIRECTION('',(-1.,0.,0.));
#2678 = ORIENTED_EDGE('',*,*,#2679,.T.);
#2679 = EDGE_CURVE('',#2669,#2680,#2682,.T.);
#2680 = VERTEX_POINT('',#2681);
#2681 = CARTESIAN_POINT('',(62.,1.20001,1.585015729777E-15));
#2682 = B_SPLINE_CURVE_WITH_KNOTS('',5,(#2683,#2684,#2685,#2686,#2687,
    #2688),.UNSPECIFIED.,.F.,.F.,(6,6),(0.585685543457,1.570796326795),
  .PIECEWISE_BEZIER_KNOTS.);
#2683 = CARTESIAN_POINT('',(63.75,2.13919132338,1.480745656826E-15));
#2684 = CARTESIAN_POINT('',(63.521293000832,1.79440254921,
    1.519024900397E-15));
#2685 = CARTESIAN_POINT('',(63.207703629179,1.50588822233,
    1.551056425261E-15));
#2686 = CARTESIAN_POINT('',(62.827518182075,1.30185218156,
    1.573708976293E-15));
#2687 = CARTESIAN_POINT('',(62.413746529002,1.20001,1.585015729777E-15)
  );
#2688 = CARTESIAN_POINT('',(62.,1.20001,1.585015729777E-15));
#2689 = ORIENTED_EDGE('',*,*,#2679,.F.);
#2690 = ORIENTED_EDGE('',*,*,#2691,.F.);
#2691 = EDGE_CURVE('',#2671,#2669,#2692,.T.);
#2692 = CIRCLE('',#2693,1.75);
#2693 = AXIS2_PLACEMENT_3D('',#2694,#2695,#2696);
#2694 = CARTESIAN_POINT('',(62.,2.13919132338,1.480745656826E-15));
#2695 = DIRECTION('',(0.,1.,-1.110223024625E-16));
#2696 = DIRECTION('',(-1.,0.,0.));
#2697 = SPHERICAL_SURFACE('',#2698,2.1);
#2698 = AXIS2_PLACEMENT_3D('',#2699,#2700,#2701);
#2699 = CARTESIAN_POINT('',(62.,3.30001,1.351868894606E-15));
#2700 = DIRECTION('',(0.,-1.,1.110223024625E-16));
#2701 = DIRECTION('',(1.,0.,0.));
#2702 = ADVANCED_FACE('',(#2703,#2723),#2743,.F.);
#2703 = FACE_BOUND('',#2704,.T.);
#2704 = EDGE_LOOP('',(#2705,#2716));
#2705 = ORIENTED_EDGE('',*,*,#2706,.T.);
#2706 = EDGE_CURVE('',#2707,#2709,#2711,.T.);
#2707 = VERTEX_POINT('',#2708);
#2708 = CARTESIAN_POINT('',(37.069032456239,9.15344716044,
    13.735153018881));
#2709 = VERTEX_POINT('',#2710);
#2710 = CARTESIAN_POINT('',(36.184806650349,8.50001,18.749846756258));
#2711 = CIRCLE('',#2712,2.587952858922);
#2712 = AXIS2_PLACEMENT_3D('',#2713,#2714,#2715);
#2713 = CARTESIAN_POINT('',(36.634199948189,8.50001,16.201210716362));
#2714 = DIRECTION('',(-0.984807753012,6.938893903907E-18,-0.173648177667
    ));
#2715 = DIRECTION('',(0.16802180401,0.252491910037,-0.952899002383));
#2716 = ORIENTED_EDGE('',*,*,#2717,.T.);
#2717 = EDGE_CURVE('',#2709,#2707,#2718,.T.);
#2718 = CIRCLE('',#2719,2.587952858922);
#2719 = AXIS2_PLACEMENT_3D('',#2720,#2721,#2722);
#2720 = CARTESIAN_POINT('',(36.634199948189,8.50001,16.201210716362));
#2721 = DIRECTION('',(-0.984807753012,6.938893903907E-18,-0.173648177667
    ));
#2722 = DIRECTION('',(0.16802180401,0.252491910037,-0.952899002383));
#2723 = FACE_BOUND('',#2724,.T.);
#2724 = EDGE_LOOP('',(#2725,#2736));
#2725 = ORIENTED_EDGE('',*,*,#2726,.F.);
#2726 = EDGE_CURVE('',#2727,#2729,#2731,.T.);
#2727 = VERTEX_POINT('',#2728);
#2728 = CARTESIAN_POINT('',(36.214145438163,7.86878022491,18.58345822232
    ));
#2729 = VERTEX_POINT('',#2730);
#2730 = CARTESIAN_POINT('',(37.054254457698,9.13123977498,
    13.818963210753));
#2731 = CIRCLE('',#2732,2.5);
#2732 = AXIS2_PLACEMENT_3D('',#2733,#2734,#2735);
#2733 = CARTESIAN_POINT('',(36.634199948189,8.50001,16.201210716362));
#2734 = DIRECTION('',(-0.984807753012,7.632783294298E-17,-0.173648177667
    ));
#2735 = DIRECTION('',(-0.16802180401,-0.252491910037,0.952899002383));
#2736 = ORIENTED_EDGE('',*,*,#2737,.F.);
#2737 = EDGE_CURVE('',#2729,#2727,#2738,.T.);
#2738 = CIRCLE('',#2739,2.5);
#2739 = AXIS2_PLACEMENT_3D('',#2740,#2741,#2742);
#2740 = CARTESIAN_POINT('',(36.634199948189,8.50001,16.201210716362));
#2741 = DIRECTION('',(-0.984807753012,7.632783294298E-17,-0.173648177667
    ));
#2742 = DIRECTION('',(-0.16802180401,-0.252491910037,0.952899002383));
#2743 = PLANE('',#2744);
#2744 = AXIS2_PLACEMENT_3D('',#2745,#2746,#2747);
#2745 = CARTESIAN_POINT('',(36.199367440139,7.84657283957,
    18.667268413843));
#2746 = DIRECTION('',(0.984807753012,-1.659232998182E-16,0.173648177667)
  );
#2747 = DIRECTION('',(1.880591615519E-16,1.,-1.110223024626E-16));
#2748 = ADVANCED_FACE('',(#2749),#2785,.F.);
#2749 = FACE_BOUND('',#2750,.F.);
#2750 = EDGE_LOOP('',(#2751,#2761,#2770,#2778));
#2751 = ORIENTED_EDGE('',*,*,#2752,.T.);
#2752 = EDGE_CURVE('',#2753,#2755,#2757,.T.);
#2753 = VERTEX_POINT('',#2754);
#2754 = CARTESIAN_POINT('',(26.,36.50001,0.910432031987));
#2755 = VERTEX_POINT('',#2756);
#2756 = CARTESIAN_POINT('',(37.15,36.50001,7.347887533451));
#2757 = LINE('',#2758,#2759);
#2758 = CARTESIAN_POINT('',(37.15,36.50001,7.347887533451));
#2759 = VECTOR('',#2760,1.);
#2760 = DIRECTION('',(0.866025403784,5.551115123128E-17,0.5));
#2761 = ORIENTED_EDGE('',*,*,#2762,.T.);
#2762 = EDGE_CURVE('',#2755,#2763,#2765,.T.);
#2763 = VERTEX_POINT('',#2764);
#2764 = CARTESIAN_POINT('',(37.5,35.80001,6.741669750802));
#2765 = CIRCLE('',#2766,0.7);
#2766 = AXIS2_PLACEMENT_3D('',#2767,#2768,#2769);
#2767 = CARTESIAN_POINT('',(37.15,35.80001,7.347887533451));
#2768 = DIRECTION('',(-0.866025403784,-5.551115123128E-17,-0.5));
#2769 = DIRECTION('',(-0.5,9.614813431917E-17,0.866025403784));
#2770 = ORIENTED_EDGE('',*,*,#2771,.T.);
#2771 = EDGE_CURVE('',#2763,#2772,#2774,.T.);
#2772 = VERTEX_POINT('',#2773);
#2773 = CARTESIAN_POINT('',(26.,35.80001,0.102141655122));
#2774 = LINE('',#2775,#2776);
#2775 = CARTESIAN_POINT('',(37.5,35.80001,6.741669750802));
#2776 = VECTOR('',#2777,1.);
#2777 = DIRECTION('',(-0.866025403784,-5.551115123128E-17,-0.5));
#2778 = ORIENTED_EDGE('',*,*,#2779,.T.);
#2779 = EDGE_CURVE('',#2772,#2753,#2780,.T.);
#2780 = ELLIPSE('',#2781,0.808290376865,0.7);
#2781 = AXIS2_PLACEMENT_3D('',#2782,#2783,#2784);
#2782 = CARTESIAN_POINT('',(26.,35.80001,0.910432031987));
#2783 = DIRECTION('',(1.,0.,0.));
#2784 = DIRECTION('',(0.,-1.110223024625E-16,-1.));
#2785 = CYLINDRICAL_SURFACE('',#2786,0.7);
#2786 = AXIS2_PLACEMENT_3D('',#2787,#2788,#2789);
#2787 = CARTESIAN_POINT('',(37.15,35.80001,7.347887533451));
#2788 = DIRECTION('',(-0.866025403784,-5.551115123128E-17,-0.5));
#2789 = DIRECTION('',(-0.5,9.614813431917E-17,0.866025403784));
#2790 = ADVANCED_FACE('',(#2791),#2816,.T.);
#2791 = FACE_BOUND('',#2792,.T.);
#2792 = EDGE_LOOP('',(#2793,#2801,#2802,#2810));
#2793 = ORIENTED_EDGE('',*,*,#2794,.F.);
#2794 = EDGE_CURVE('',#1541,#2795,#2797,.T.);
#2795 = VERTEX_POINT('',#2796);
#2796 = CARTESIAN_POINT('',(41.010912351353,9.50001,-6.849670262422));
#2797 = LINE('',#2798,#2799);
#2798 = CARTESIAN_POINT('',(41.002035368338,9.50001,-6.834294876821));
#2799 = VECTOR('',#2800,1.);
#2800 = DIRECTION('',(0.5,1.118431410553E-16,-0.866025403784));
#2801 = ORIENTED_EDGE('',*,*,#1540,.T.);
#2802 = ORIENTED_EDGE('',*,*,#2803,.F.);
#2803 = EDGE_CURVE('',#2804,#1543,#2806,.T.);
#2804 = VERTEX_POINT('',#2805);
#2805 = CARTESIAN_POINT('',(41.010912351353,11.17001,-6.849670262422));
#2806 = LINE('',#2807,#2808);
#2807 = CARTESIAN_POINT('',(41.002035368338,11.17001,-6.834294876821));
#2808 = VECTOR('',#2809,1.);
#2809 = DIRECTION('',(-0.5,-1.118431410553E-16,0.866025403784));
#2810 = ORIENTED_EDGE('',*,*,#2811,.F.);
#2811 = EDGE_CURVE('',#2795,#2804,#2812,.T.);
#2812 = LINE('',#2813,#2814);
#2813 = CARTESIAN_POINT('',(41.010912351353,11.17001,-6.849670262422));
#2814 = VECTOR('',#2815,1.);
#2815 = DIRECTION('',(0.,1.,-1.110223024625E-16));
#2816 = PLANE('',#2817);
#2817 = AXIS2_PLACEMENT_3D('',#2818,#2819,#2820);
#2818 = CARTESIAN_POINT('',(41.002035368338,11.17001,-6.834294876821));
#2819 = DIRECTION('',(-0.866025403784,-5.551115123128E-17,-0.5));
#2820 = DIRECTION('',(0.,-1.,1.110223024625E-16));
#2821 = ADVANCED_FACE('',(#2822),#2858,.F.);
#2822 = FACE_BOUND('',#2823,.F.);
#2823 = EDGE_LOOP('',(#2824,#2834,#2843,#2851));
#2824 = ORIENTED_EDGE('',*,*,#2825,.T.);
#2825 = EDGE_CURVE('',#2826,#2828,#2830,.T.);
#2826 = VERTEX_POINT('',#2827);
#2827 = CARTESIAN_POINT('',(31.69796463169,9.50001,-26.50570512318));
#2828 = VERTEX_POINT('',#2829);
#2829 = CARTESIAN_POINT('',(31.69796463169,11.17001,-26.50570512318));
#2830 = LINE('',#2831,#2832);
#2831 = CARTESIAN_POINT('',(31.69796463169,11.17001,-26.50570512318));
#2832 = VECTOR('',#2833,1.);
#2833 = DIRECTION('',(0.,1.,-1.110223024625E-16));
#2834 = ORIENTED_EDGE('',*,*,#2835,.F.);
#2835 = EDGE_CURVE('',#2836,#2828,#2838,.T.);
#2836 = VERTEX_POINT('',#2837);
#2837 = CARTESIAN_POINT('',(31.76408966514,11.17001,-26.53000266577));
#2838 = CIRCLE('',#2839,5.5E-02);
#2839 = AXIS2_PLACEMENT_3D('',#2840,#2841,#2842);
#2840 = CARTESIAN_POINT('',(31.74559602889,11.17001,-26.47820512318));
#2841 = DIRECTION('',(8.326672684682E-16,1.,3.697183691345E-16));
#2842 = DIRECTION('',(-0.500000000001,9.614813431887E-17,0.866025403784)
  );
#2843 = ORIENTED_EDGE('',*,*,#2844,.F.);
#2844 = EDGE_CURVE('',#2845,#2836,#2847,.T.);
#2845 = VERTEX_POINT('',#2846);
#2846 = CARTESIAN_POINT('',(31.76408966514,9.50001,-26.53000266577));
#2847 = LINE('',#2848,#2849);
#2848 = CARTESIAN_POINT('',(31.76408966514,11.17001,-26.53000266577));
#2849 = VECTOR('',#2850,1.);
#2850 = DIRECTION('',(0.,1.,-1.110223024625E-16));
#2851 = ORIENTED_EDGE('',*,*,#2852,.F.);
#2852 = EDGE_CURVE('',#2826,#2845,#2853,.T.);
#2853 = CIRCLE('',#2854,5.5E-02);
#2854 = AXIS2_PLACEMENT_3D('',#2855,#2856,#2857);
#2855 = CARTESIAN_POINT('',(31.74559602889,9.50001,-26.47820512318));
#2856 = DIRECTION('',(-8.326672684682E-16,-1.,-3.697183691345E-16));
#2857 = DIRECTION('',(-0.500000000001,9.614813431887E-17,0.866025403784)
  );
#2858 = CYLINDRICAL_SURFACE('',#2859,5.5E-02);
#2859 = AXIS2_PLACEMENT_3D('',#2860,#2861,#2862);
#2860 = CARTESIAN_POINT('',(31.74559602889,11.17001,-26.47820512318));
#2861 = DIRECTION('',(0.,-1.,1.110223024625E-16));
#2862 = DIRECTION('',(1.,0.,0.));
#2863 = ADVANCED_FACE('',(#2864),#2890,.F.);
#2864 = FACE_BOUND('',#2865,.F.);
#2865 = EDGE_LOOP('',(#2866,#2867,#2875));
#2866 = ORIENTED_EDGE('',*,*,#2174,.T.);
#2867 = ORIENTED_EDGE('',*,*,#2868,.F.);
#2868 = EDGE_CURVE('',#2869,#2166,#2871,.T.);
#2869 = VERTEX_POINT('',#2870);
#2870 = CARTESIAN_POINT('',(64.87,202.60001,-9.529999658249));
#2871 = LINE('',#2872,#2873);
#2872 = CARTESIAN_POINT('',(64.87,202.60001,-9.15));
#2873 = VECTOR('',#2874,1.);
#2874 = DIRECTION('',(2.682734932885E-16,1.110223024625E-16,1.));
#2875 = ORIENTED_EDGE('',*,*,#2876,.F.);
#2876 = EDGE_CURVE('',#2175,#2869,#2877,.T.);
#2877 = B_SPLINE_CURVE_WITH_KNOTS('',3,(#2878,#2879,#2880,#2881,#2882,
    #2883,#2884,#2885,#2886,#2887,#2888,#2889),.UNSPECIFIED.,.F.,.F.,(4,
    1,1,1,1,1,1,1,1,4),(0.,0.136357639967,0.264098273562,0.383960694775,
    0.496838494274,0.603800460755,0.706100968964,0.805171614158,
    0.902586492646,1.),.UNSPECIFIED.);
#2878 = CARTESIAN_POINT('',(65.081304524031,201.83237468931,-9.15));
#2879 = CARTESIAN_POINT('',(65.066742455347,201.85774304501,
    -9.180256178168));
#2880 = CARTESIAN_POINT('',(65.038538555663,201.90687662451,
    -9.238856520773));
#2881 = CARTESIAN_POINT('',(64.999767702622,201.98764251943,
    -9.316646726983));
#2882 = CARTESIAN_POINT('',(64.965682826398,202.07030121979,
    -9.383012744379));
#2883 = CARTESIAN_POINT('',(64.936538478802,202.15518560987,
    -9.437528086793));
#2884 = CARTESIAN_POINT('',(64.91245789988,202.24188335655,
    -9.480232642343));
#2885 = CARTESIAN_POINT('',(64.893539407373,202.33014908584,
    -9.5111313239));
#2886 = CARTESIAN_POINT('',(64.880037354166,202.41961018928,
    -9.529873256038));
#2887 = CARTESIAN_POINT('',(64.871553448044,202.51002937182,
    -9.537469792757));
#2888 = CARTESIAN_POINT('',(64.870517813585,202.57001659799,
    -9.532489691402));
#2889 = CARTESIAN_POINT('',(64.87,202.60001,-9.529999658249));
#2890 = CYLINDRICAL_SURFACE('',#2891,1.5);
#2891 = AXIS2_PLACEMENT_3D('',#2892,#2893,#2894);
#2892 = CARTESIAN_POINT('',(66.37,202.60001,-9.15));
#2893 = DIRECTION('',(0.,-1.110223024625E-16,-1.));
#2894 = DIRECTION('',(-1.,0.,0.));
#2895 = ADVANCED_FACE('',(#2896,#3098,#3140),#3182,.T.);
#2896 = FACE_BOUND('',#2897,.T.);
#2897 = EDGE_LOOP('',(#2898,#2909,#2916,#2925,#2934,#2941,#2942,#2943,
    #2952,#2969,#2987,#2994,#2995,#2996,#3005,#3012,#3013,#3032,#3041,
    #3055,#3074,#3083,#3090,#3091));
#2898 = ORIENTED_EDGE('',*,*,#2899,.T.);
#2899 = EDGE_CURVE('',#2900,#2902,#2904,.T.);
#2900 = VERTEX_POINT('',#2901);
#2901 = CARTESIAN_POINT('',(44.,177.10001,24.220420934833));
#2902 = VERTEX_POINT('',#2903);
#2903 = CARTESIAN_POINT('',(22.33315275557,177.10000999998,
    -10.8248104249));
#2904 = CIRCLE('',#2905,24.220420934833);
#2905 = AXIS2_PLACEMENT_3D('',#2906,#2907,#2908);
#2906 = CARTESIAN_POINT('',(44.,177.10001,-1.805222749063E-14));
#2907 = DIRECTION('',(0.,1.,-1.110223024625E-16));
#2908 = DIRECTION('',(0.,1.110223024625E-16,1.));
#2909 = ORIENTED_EDGE('',*,*,#2910,.F.);
#2910 = EDGE_CURVE('',#2911,#2902,#2913,.T.);
#2911 = VERTEX_POINT('',#2912);
#2912 = CARTESIAN_POINT('',(23.62654557867,205.96005217052,
    -10.17862817434));
#2913 = B_SPLINE_CURVE_WITH_KNOTS('',1,(#2914,#2915),.UNSPECIFIED.,.F.,
  .F.,(2,2),(-24.59084323826,4.305392685826),.PIECEWISE_BEZIER_KNOTS.);
#2914 = CARTESIAN_POINT('',(23.62654557741,205.96005217059,
    -10.17862817497));
#2915 = CARTESIAN_POINT('',(22.33315275557,177.10000999998,
    -10.8248104249));
#2916 = ORIENTED_EDGE('',*,*,#2917,.T.);
#2917 = EDGE_CURVE('',#2911,#2918,#2920,.T.);
#2918 = VERTEX_POINT('',#2919);
#2919 = CARTESIAN_POINT('',(64.869819061639,205.96005217052,
    -9.117717307759));
#2920 = CIRCLE('',#2921,22.774593664208);
#2921 = AXIS2_PLACEMENT_3D('',#2922,#2923,#2924);
#2922 = CARTESIAN_POINT('',(44.,205.96005217052,-2.125633582156E-14));
#2923 = DIRECTION('',(0.,-1.,1.110223024625E-16));
#2924 = DIRECTION('',(0.,-1.110223024625E-16,-1.));
#2925 = ORIENTED_EDGE('',*,*,#2926,.T.);
#2926 = EDGE_CURVE('',#2918,#2927,#2929,.T.);
#2927 = VERTEX_POINT('',#2928);
#2928 = CARTESIAN_POINT('',(64.87,205.69838128127,-9.15));
#2929 = B_SPLINE_CURVE_WITH_KNOTS('',3,(#2930,#2931,#2932,#2933),
  .UNSPECIFIED.,.F.,.F.,(4,4),(0.,1.),.PIECEWISE_BEZIER_KNOTS.);
#2930 = CARTESIAN_POINT('',(64.869819061639,205.96005217052,
    -9.117717307759));
#2931 = CARTESIAN_POINT('',(64.869938375558,205.87281420451,
    -9.128360859275));
#2932 = CARTESIAN_POINT('',(64.87,205.78559006101,-9.139119242947));
#2933 = CARTESIAN_POINT('',(64.87,205.69838128127,-9.15));
#2934 = ORIENTED_EDGE('',*,*,#2935,.T.);
#2935 = EDGE_CURVE('',#2927,#2869,#2936,.T.);
#2936 = B_SPLINE_CURVE_WITH_KNOTS('',3,(#2937,#2938,#2939,#2940),
  .UNSPECIFIED.,.F.,.F.,(4,4),(0.,1.),.PIECEWISE_BEZIER_KNOTS.);
#2937 = CARTESIAN_POINT('',(64.87,205.69838128127,-9.149999999998));
#2938 = CARTESIAN_POINT('',(64.87,204.66589214228,-9.278820326517));
#2939 = CARTESIAN_POINT('',(64.87,203.63304980486,-9.405407014534));
#2940 = CARTESIAN_POINT('',(64.87,202.60001,-9.529999658249));
#2941 = ORIENTED_EDGE('',*,*,#2876,.F.);
#2942 = ORIENTED_EDGE('',*,*,#2183,.F.);
#2943 = ORIENTED_EDGE('',*,*,#2944,.T.);
#2944 = EDGE_CURVE('',#2156,#2945,#2947,.T.);
#2945 = VERTEX_POINT('',#2946);
#2946 = CARTESIAN_POINT('',(65.882253938827,201.10001,7.141328977735));
#2947 = CIRCLE('',#2948,23.018071531115);
#2948 = AXIS2_PLACEMENT_3D('',#2949,#2950,#2951);
#2949 = CARTESIAN_POINT('',(44.,201.10001,-2.071676274973E-14));
#2950 = DIRECTION('',(0.,-1.,1.110223024625E-16));
#2951 = DIRECTION('',(0.,1.110223024625E-16,1.));
#2952 = ORIENTED_EDGE('',*,*,#2953,.F.);
#2953 = EDGE_CURVE('',#2954,#2945,#2956,.T.);
#2954 = VERTEX_POINT('',#2955);
#2955 = CARTESIAN_POINT('',(65.081304524031,201.83237468931,9.15));
#2956 = B_SPLINE_CURVE_WITH_KNOTS('',3,(#2957,#2958,#2959,#2960,#2961,
    #2962,#2963,#2964,#2965,#2966,#2967,#2968),.UNSPECIFIED.,.F.,.F.,(4,
    1,1,1,1,1,1,1,1,4),(0.,8.185767023026E-02,0.165086273011,
    0.249853211323,0.370116381077,0.500067603799,0.628999352697,
    0.75555555696,0.879365337816,1.),.UNSPECIFIED.);
#2957 = CARTESIAN_POINT('',(65.081304524031,201.83237468931,9.15));
#2958 = CARTESIAN_POINT('',(65.103619349289,201.79600881192,
    9.103240848472));
#2959 = CARTESIAN_POINT('',(65.148622723124,201.72266801018,
    9.008939434405));
#2960 = CARTESIAN_POINT('',(65.218360481661,201.62211139228,
    8.85927632728));
#2961 = CARTESIAN_POINT('',(65.29724874869,201.51645566834,
    8.679504361933));
#2962 = CARTESIAN_POINT('',(65.388994491371,201.4062156894,
    8.463648332358));
#2963 = CARTESIAN_POINT('',(65.493745885776,201.29893914587,
    8.211469191283));
#2964 = CARTESIAN_POINT('',(65.59780565168,201.21138544168,
    7.945911532699));
#2965 = CARTESIAN_POINT('',(65.698233858608,201.14799971431,
    7.677530128664));
#2966 = CARTESIAN_POINT('',(65.793450321018,201.10772447622,
    7.409345582296));
#2967 = CARTESIAN_POINT('',(65.852910176662,201.10255912762,
    7.229890859498));
#2968 = CARTESIAN_POINT('',(65.882253938827,201.10001,7.141328977735));
#2969 = ORIENTED_EDGE('',*,*,#2970,.F.);
#2970 = EDGE_CURVE('',#2971,#2954,#2973,.T.);
#2971 = VERTEX_POINT('',#2972);
#2972 = CARTESIAN_POINT('',(64.87,202.60001,9.529999658249));
#2973 = B_SPLINE_CURVE_WITH_KNOTS('',3,(#2974,#2975,#2976,#2977,#2978,
    #2979,#2980,#2981,#2982,#2983,#2984,#2985,#2986),.UNSPECIFIED.,.F.,
  .F.,(4,1,1,1,1,1,1,1,1,1,4),(0.,8.770452660502E-02,0.175274979976,
    0.263922117958,0.354813681341,0.449033997453,0.54755754842,
    0.651237549746,0.760806823302,0.876886706113,1.),.UNSPECIFIED.);
#2974 = CARTESIAN_POINT('',(64.87,202.60001,9.529999658249));
#2975 = CARTESIAN_POINT('',(64.870419144434,202.57301995506,
    9.532342235044));
#2976 = CARTESIAN_POINT('',(64.87125679256,202.51908112465,
    9.537023807554));
#2977 = CARTESIAN_POINT('',(64.878113458612,202.43776572074,
    9.531881152331));
#2978 = CARTESIAN_POINT('',(64.889036181199,202.35714983497,
    9.517731604767));
#2979 = CARTESIAN_POINT('',(64.904362136445,202.27739722603,
    9.493744561264));
#2980 = CARTESIAN_POINT('',(64.923903485064,202.1987803214,
    9.460192968327));
#2981 = CARTESIAN_POINT('',(64.947604378679,202.12152123507,
    9.417040779284));
#2982 = CARTESIAN_POINT('',(64.975355396246,202.04579844383,
    9.364354929827));
#2983 = CARTESIAN_POINT('',(65.007079844893,201.9719244842,
    9.302064248934));
#2984 = CARTESIAN_POINT('',(65.042577260704,201.8996037478,9.23052169419
    ));
#2985 = CARTESIAN_POINT('',(65.068144833717,201.85521941196,
    9.177361617321));
#2986 = CARTESIAN_POINT('',(65.081304524031,201.83237468931,9.15));
#2987 = ORIENTED_EDGE('',*,*,#2988,.F.);
#2988 = EDGE_CURVE('',#975,#2971,#2989,.T.);
#2989 = B_SPLINE_CURVE_WITH_KNOTS('',3,(#2990,#2991,#2992,#2993),
  .UNSPECIFIED.,.F.,.F.,(4,4),(0.,1.),.PIECEWISE_BEZIER_KNOTS.);
#2990 = CARTESIAN_POINT('',(64.87,205.69838128124,9.150000000002));
#2991 = CARTESIAN_POINT('',(64.87,204.66589214226,9.27882032652));
#2992 = CARTESIAN_POINT('',(64.87,203.63304980485,9.405407014536));
#2993 = CARTESIAN_POINT('',(64.87,202.60001,9.529999658249));
#2994 = ORIENTED_EDGE('',*,*,#974,.F.);
#2995 = ORIENTED_EDGE('',*,*,#932,.T.);
#2996 = ORIENTED_EDGE('',*,*,#2997,.F.);
#2997 = EDGE_CURVE('',#2998,#913,#3000,.T.);
#2998 = VERTEX_POINT('',#2999);
#2999 = CARTESIAN_POINT('',(23.13,205.10001,9.224403445845));
#3000 = ELLIPSE('',#3001,42.332228851709,21.086279833573);
#3001 = AXIS2_PLACEMENT_3D('',#3002,#3003,#3004);
#3002 = CARTESIAN_POINT('',(42.163371929699,238.06677722159,
    -2.482089836127E-14));
#3003 = DIRECTION('',(-0.866025403784,0.5,-5.551115123128E-17));
#3004 = DIRECTION('',(-0.5,-0.866025403784,9.614813431917E-17));
#3005 = ORIENTED_EDGE('',*,*,#3006,.T.);
#3006 = EDGE_CURVE('',#2998,#1783,#3007,.T.);
#3007 = B_SPLINE_CURVE_WITH_KNOTS('',3,(#3008,#3009,#3010,#3011),
  .UNSPECIFIED.,.F.,.F.,(4,4),(0.,1.),.PIECEWISE_BEZIER_KNOTS.);
#3008 = CARTESIAN_POINT('',(23.13,205.10001,9.224403445845));
#3009 = CARTESIAN_POINT('',(23.13,202.93460616838,9.49274723423));
#3010 = CARTESIAN_POINT('',(23.13,200.76773370509,9.751546878495));
#3011 = CARTESIAN_POINT('',(23.13,198.60001,10.002808982548));
#3012 = ORIENTED_EDGE('',*,*,#1790,.F.);
#3013 = ORIENTED_EDGE('',*,*,#3014,.F.);
#3014 = EDGE_CURVE('',#3015,#1774,#3017,.T.);
#3015 = VERTEX_POINT('',#3016);
#3016 = CARTESIAN_POINT('',(21.98255819584,197.10001,7.370840186317));
#3017 = B_SPLINE_CURVE_WITH_KNOTS('',3,(#3018,#3019,#3020,#3021,#3022,
    #3023,#3024,#3025,#3026,#3027,#3028,#3029,#3030,#3031),
  .UNSPECIFIED.,.F.,.F.,(4,1,1,1,1,1,1,1,1,1,1,4),(0.,9.107632991998E-02
    ,0.182205237426,0.273337882705,0.364434679136,0.455466129106,
    0.546413397809,0.637268651136,0.728035183467,0.818727360052,
    0.909370397004,1.),.UNSPECIFIED.);
#3018 = CARTESIAN_POINT('',(21.98255819584,197.10001,7.370840186317));
#3019 = CARTESIAN_POINT('',(22.00110250835,197.10086381634,
    7.425641318223));
#3020 = CARTESIAN_POINT('',(22.03820183884,197.10257194193,7.53527521826
    ));
#3021 = CARTESIAN_POINT('',(22.09594801399,197.11583503816,
    7.698575534196));
#3022 = CARTESIAN_POINT('',(22.15492948274,197.13621781133,
    7.860642086262));
#3023 = CARTESIAN_POINT('',(22.2150859629,197.16393755721,8.02112947546)
  );
#3024 = CARTESIAN_POINT('',(22.27618101658,197.1981722167,8.179851019031
    ));
#3025 = CARTESIAN_POINT('',(22.33807780061,197.23836568089,
    8.336681465022));
#3026 = CARTESIAN_POINT('',(22.40067454614,197.28389355349,
    8.491569971327));
#3027 = CARTESIAN_POINT('',(22.46391780388,197.33413689481,
    8.644540538695));
#3028 = CARTESIAN_POINT('',(22.52784189399,197.38855825704,
    8.795625296999));
#3029 = CARTESIAN_POINT('',(22.59242235504,197.4463569322,8.945072248964
    ));
#3030 = CARTESIAN_POINT('',(22.63623144918,197.48731479267,
    9.043359844324));
#3031 = CARTESIAN_POINT('',(22.65813437293,197.50779220523,9.0925));
#3032 = ORIENTED_EDGE('',*,*,#3033,.T.);
#3033 = EDGE_CURVE('',#3015,#3034,#3036,.T.);
#3034 = VERTEX_POINT('',#3035);
#3035 = CARTESIAN_POINT('',(21.98255819584,197.10001,-7.370840186309));
#3036 = CIRCLE('',#3037,23.218463098401);
#3037 = AXIS2_PLACEMENT_3D('',#3038,#3039,#3040);
#3038 = CARTESIAN_POINT('',(44.,197.10001,-2.027267353988E-14));
#3039 = DIRECTION('',(0.,-1.,1.110223024625E-16));
#3040 = DIRECTION('',(0.,1.110223024625E-16,1.));
#3041 = ORIENTED_EDGE('',*,*,#3042,.F.);
#3042 = EDGE_CURVE('',#3043,#3034,#3045,.T.);
#3043 = VERTEX_POINT('',#3044);
#3044 = CARTESIAN_POINT('',(22.65813437292,197.50779220522,-9.0925));
#3045 = B_SPLINE_CURVE_WITH_KNOTS('',3,(#3046,#3047,#3048,#3049,#3050,
    #3051,#3052,#3053,#3054),.UNSPECIFIED.,.F.,.F.,(4,1,1,1,1,1,4),(0.,
    0.164412401166,0.330921147414,0.499837090871,0.668221789021,
    0.835069911748,1.),.UNSPECIFIED.);
#3046 = CARTESIAN_POINT('',(22.65813437293,197.50779220522,
    -9.092499999996));
#3047 = CARTESIAN_POINT('',(22.61849734209,197.47094649419,
    -9.003183141294));
#3048 = CARTESIAN_POINT('',(22.5387178873,197.39678526983,
    -8.823410586696));
#3049 = CARTESIAN_POINT('',(22.42126530357,197.29845391023,
    -8.545199973197));
#3050 = CARTESIAN_POINT('',(22.30514734828,197.21446155241,
    -8.25887480304));
#3051 = CARTESIAN_POINT('',(22.19254079643,197.15087467008,
    -7.965762236634));
#3052 = CARTESIAN_POINT('',(22.08425023711,197.10844611461,
    -7.669564170351));
#3053 = CARTESIAN_POINT('',(22.01632464864,197.10281117954,
    -7.470030341028));
#3054 = CARTESIAN_POINT('',(21.98255819584,197.10001,-7.370840186309));
#3055 = ORIENTED_EDGE('',*,*,#3056,.F.);
#3056 = EDGE_CURVE('',#3057,#3043,#3059,.T.);
#3057 = VERTEX_POINT('',#3058);
#3058 = CARTESIAN_POINT('',(23.13,198.60001,-10.00280898254));
#3059 = B_SPLINE_CURVE_WITH_KNOTS('',3,(#3060,#3061,#3062,#3063,#3064,
    #3065,#3066,#3067,#3068,#3069,#3070,#3071,#3072,#3073),
  .UNSPECIFIED.,.F.,.F.,(4,1,1,1,1,1,1,1,1,1,1,4),(0.,5.050232988205E-02
    ,0.10095146442,0.151982421124,0.20420899887,0.258204237722,
    0.314487181218,0.373516556557,0.435690329902,0.501349316686,
    0.729743775529,1.),.UNSPECIFIED.);
#3060 = CARTESIAN_POINT('',(23.13,198.60001,-10.00280898254));
#3061 = CARTESIAN_POINT('',(23.12958147547,198.5730440528,
    -10.00506311922));
#3062 = CARTESIAN_POINT('',(23.12874486725,198.51914056229,
    -10.00956901823));
#3063 = CARTESIAN_POINT('',(23.12190171564,198.43791289417,
    -10.00473008105));
#3064 = CARTESIAN_POINT('',(23.11099300379,198.35732720987,
    -9.991314992259));
#3065 = CARTESIAN_POINT('',(23.09567290106,198.27755084263,
    -9.968525998792));
#3066 = CARTESIAN_POINT('',(23.07611920282,198.19885641574,
    -9.936617251077));
#3067 = CARTESIAN_POINT('',(23.05238104904,198.12146164617,
    -9.895556406649));
#3068 = CARTESIAN_POINT('',(23.02455475267,198.04558914787,
    -9.845381852144));
#3069 = CARTESIAN_POINT('',(22.99273506959,197.97140651893,
    -9.786119052291));
#3070 = CARTESIAN_POINT('',(22.92824009148,197.84109524846,
    -9.662609914957));
#3071 = CARTESIAN_POINT('',(22.81596200907,197.66874383906,
    -9.437552741827));
#3072 = CARTESIAN_POINT('',(22.71360779972,197.56436365807,
    -9.213779507708));
#3073 = CARTESIAN_POINT('',(22.65813437292,197.50779220522,-9.0925));
#3074 = ORIENTED_EDGE('',*,*,#3075,.F.);
#3075 = EDGE_CURVE('',#3076,#3057,#3078,.T.);
#3076 = VERTEX_POINT('',#3077);
#3077 = CARTESIAN_POINT('',(23.13,205.10001,-9.224403445845));
#3078 = B_SPLINE_CURVE_WITH_KNOTS('',3,(#3079,#3080,#3081,#3082),
  .UNSPECIFIED.,.F.,.F.,(4,4),(0.,1.),.PIECEWISE_BEZIER_KNOTS.);
#3079 = CARTESIAN_POINT('',(23.13,205.10001,-9.224403445845));
#3080 = CARTESIAN_POINT('',(23.13,202.93460616838,-9.49274723423));
#3081 = CARTESIAN_POINT('',(23.13,200.76773370509,-9.751546878495));
#3082 = CARTESIAN_POINT('',(23.13,198.60001,-10.00280898254));
#3083 = ORIENTED_EDGE('',*,*,#3084,.T.);
#3084 = EDGE_CURVE('',#3076,#2911,#3085,.T.);
#3085 = ELLIPSE('',#3086,42.332228851709,21.086279833573);
#3086 = AXIS2_PLACEMENT_3D('',#3087,#3088,#3089);
#3087 = CARTESIAN_POINT('',(42.163371929699,238.06677722159,
    -2.482089836127E-14));
#3088 = DIRECTION('',(0.866025403784,-0.5,5.551115123128E-17));
#3089 = DIRECTION('',(-0.5,-0.866025403784,9.614813431917E-17));
#3090 = ORIENTED_EDGE('',*,*,#2910,.T.);
#3091 = ORIENTED_EDGE('',*,*,#3092,.T.);
#3092 = EDGE_CURVE('',#2902,#2900,#3093,.T.);
#3093 = CIRCLE('',#3094,24.220420934833);
#3094 = AXIS2_PLACEMENT_3D('',#3095,#3096,#3097);
#3095 = CARTESIAN_POINT('',(44.,177.10001,-1.805222749063E-14));
#3096 = DIRECTION('',(0.,1.,-1.110223024625E-16));
#3097 = DIRECTION('',(0.,1.110223024625E-16,1.));
#3098 = FACE_BOUND('',#3099,.T.);
#3099 = EDGE_LOOP('',(#3100));
#3100 = ORIENTED_EDGE('',*,*,#3101,.T.);
#3101 = EDGE_CURVE('',#3102,#3102,#3104,.T.);
#3102 = VERTEX_POINT('',#3103);
#3103 = CARTESIAN_POINT('',(20.18257619968,181.17150343748,
    -3.08546267065));
#3104 = B_SPLINE_CURVE_WITH_KNOTS('',3,(#3105,#3106,#3107,#3108,#3109,
    #3110,#3111,#3112,#3113,#3114,#3115,#3116,#3117,#3118,#3119,#3120,
    #3121,#3122,#3123,#3124,#3125,#3126,#3127,#3128,#3129,#3130,#3131,
    #3132,#3133,#3134,#3135,#3136,#3137,#3138,#3139),.UNSPECIFIED.,.T.,
  .F.,(1,1,1,1,1,1,1,1,1,1,1,1,1,1,1,1,1,1,1,1,1,1,1,1,1,1,1,1,1,1,1,1,1
    ,1,1,1,1,1,1),(-9.4233497999E-02,-6.277965305E-02,-3.1383429057E-02,
    0.,3.127399016203E-02,6.228528932249E-02,9.332749097387E-02,
    0.124243732616,0.155205547734,0.186234247275,0.217294734434,
    0.248497777883,0.279796542224,0.311215604271,0.342688779829,
    0.374194028935,0.405730419879,0.43729003821,0.468818993533,
    0.500193326293,0.531395868861,0.562534637725,0.593453499916,
    0.624273278311,0.65503112194,0.68609499537,0.717256493368,
    0.74858484105,0.779993371837,0.811426404899,0.842906566024,
    0.87434171622,0.905766502001,0.93722034695,0.968616570943,1.,
    1.031273990162,1.062285289322,1.093327490974),.UNSPECIFIED.);
#3105 = CARTESIAN_POINT('',(20.07806225296,180.61495374511,
    -2.45686396435));
#3106 = CARTESIAN_POINT('',(20.18143894555,181.15222106215,
    -3.10363009369));
#3107 = CARTESIAN_POINT('',(20.29045212302,181.79846614661,
    -3.635006958672));
#3108 = CARTESIAN_POINT('',(20.39180413027,182.53666202343,
    -4.024533497581));
#3109 = CARTESIAN_POINT('',(20.47511565964,183.33512702221,
    -4.264141248386));
#3110 = CARTESIAN_POINT('',(20.53095468658,184.16751128919,
    -4.336464803434));
#3111 = CARTESIAN_POINT('',(20.55661982715,184.99966942149,
    -4.24629840636));
#3112 = CARTESIAN_POINT('',(20.55103967666,185.79713124644,
    -3.986810749357));
#3113 = CARTESIAN_POINT('',(20.52155310172,186.531190578,-3.578235097938
    ));
#3114 = CARTESIAN_POINT('',(20.47547879756,187.16838594563,
    -3.028271539663));
#3115 = CARTESIAN_POINT('',(20.42493242123,187.69130718676,
    -2.365138419238));
#3116 = CARTESIAN_POINT('',(20.37961310246,188.07311044807,
    -1.60883186618));
#3117 = CARTESIAN_POINT('',(20.34936782693,188.30748985529,
    -0.792074370896));
#3118 = CARTESIAN_POINT('',(20.33945103056,188.3767075851,
    5.63953228348E-02));
#3119 = CARTESIAN_POINT('',(20.35233516955,188.28625902227,
    0.903663998554));
#3120 = CARTESIAN_POINT('',(20.38504619822,188.02990867487,
    1.715887886389));
#3121 = CARTESIAN_POINT('',(20.43192184204,187.62706508422,
    2.463921688691));
#3122 = CARTESIAN_POINT('',(20.48253742388,187.08476662207,
    3.113607613834));
#3123 = CARTESIAN_POINT('',(20.52695367287,186.43054073039,
    3.645608263177));
#3124 = CARTESIAN_POINT('',(20.55320502073,185.68486408197,
    4.032209091202));
#3125 = CARTESIAN_POINT('',(20.55471497957,184.88196981137,
    4.268517124102));
#3126 = CARTESIAN_POINT('',(20.52497501462,184.05152880777,
    4.336102362277));
#3127 = CARTESIAN_POINT('',(20.46520657727,183.22420489823,
    4.240880804546));
#3128 = CARTESIAN_POINT('',(20.37871646895,182.43308596905,
    3.978968382535));
#3129 = CARTESIAN_POINT('',(20.27557377643,181.70371972298,
    3.569522468223));
#3130 = CARTESIAN_POINT('',(20.16639495285,181.07008201637,
    3.019937760065));
#3131 = CARTESIAN_POINT('',(20.06468398362,180.54979487543,
    2.357791742069));
#3132 = CARTESIAN_POINT('',(19.98239740441,180.16965000232,
    1.602404427359));
#3133 = CARTESIAN_POINT('',(19.92968993605,179.93666229,0.786675984462)
  );
#3134 = CARTESIAN_POINT('',(19.91335778855,179.86893997602,
    -6.043762742154E-02));
#3135 = CARTESIAN_POINT('',(19.93508659458,179.96025912706,
    -0.904928912144));
#3136 = CARTESIAN_POINT('',(19.99241729043,180.21497725037,
    -1.713078754487));
#3137 = CARTESIAN_POINT('',(20.07806225296,180.61495374511,
    -2.45686396435));
#3138 = CARTESIAN_POINT('',(20.18143894555,181.15222106215,
    -3.10363009369));
#3139 = CARTESIAN_POINT('',(20.29045212302,181.79846614661,
    -3.635006958672));
#3140 = FACE_BOUND('',#3141,.T.);
#3141 = EDGE_LOOP('',(#3142));
#3142 = ORIENTED_EDGE('',*,*,#3143,.T.);
#3143 = EDGE_CURVE('',#3144,#3144,#3146,.T.);
#3144 = VERTEX_POINT('',#3145);
#3145 = CARTESIAN_POINT('',(67.817423762017,181.17150067143,
    -3.085465446587));
#3146 = B_SPLINE_CURVE_WITH_KNOTS('',3,(#3147,#3148,#3149,#3150,#3151,
    #3152,#3153,#3154,#3155,#3156,#3157,#3158,#3159,#3160,#3161,#3162,
    #3163,#3164,#3165,#3166,#3167,#3168,#3169,#3170,#3171,#3172,#3173,
    #3174,#3175,#3176,#3177,#3178,#3179,#3180,#3181),.UNSPECIFIED.,.T.,
  .F.,(1,1,1,1,1,1,1,1,1,1,1,1,1,1,1,1,1,1,1,1,1,1,1,1,1,1,1,1,1,1,1,1,1
    ,1,1,1,1,1,1),(-9.3640186074E-02,-6.2612639059E-02,-3.129273446E-02,
    0.,3.137247380362E-02,6.281493889692E-02,9.431370599054E-02,
    0.125780597301,0.157206253725,0.189004902251,0.220436060455,
    0.251530164008,0.28250186228,0.313527513446,0.344814603725,
    0.375693249744,0.406635323146,0.438010174028,0.469162174316,
    0.500094494876,0.531078383279,0.56248837864,0.594224638161,
    0.625750575524,0.657286354757,0.688799933369,0.72026161736,
    0.751656712358,0.782882423512,0.814280983813,0.845240088809,
    0.875849182217,0.906359813926,0.937387360941,0.96870726554,1.,
    1.031372473804,1.062814938897,1.094313705991),.UNSPECIFIED.);
#3147 = CARTESIAN_POINT('',(67.709298130286,181.8020490568,
    -3.635431986929));
#3148 = CARTESIAN_POINT('',(67.818495146884,181.15210369686,
    -3.104142780889));
#3149 = CARTESIAN_POINT('',(67.921939644987,180.61480482346,
    -2.456964994406));
#3150 = CARTESIAN_POINT('',(68.00763473752,180.2147553669,
    -1.712653571583));
#3151 = CARTESIAN_POINT('',(68.06498814113,179.96005789456,
    -0.903504849227));
#3152 = CARTESIAN_POINT('',(68.08667487356,179.86847522959,
    -5.849215494416E-02));
#3153 = CARTESIAN_POINT('',(68.070081302895,179.93882114642,
    0.791531278975));
#3154 = CARTESIAN_POINT('',(68.016889763912,180.17628612772,
    1.60852924694));
#3155 = CARTESIAN_POINT('',(67.934397936298,180.55593442023,2.3636383826
    ));
#3156 = CARTESIAN_POINT('',(67.833255998879,181.07154559782,
    3.021641141037));
#3157 = CARTESIAN_POINT('',(67.725178806686,181.70048579614,
    3.56539375784));
#3158 = CARTESIAN_POINT('',(67.622471966013,182.42726522645,
    3.973735712354));
#3159 = CARTESIAN_POINT('',(67.535491013096,183.21905230772,
    4.238520376153));
#3160 = CARTESIAN_POINT('',(67.474955329634,184.05011580059,
    4.336862849337));
#3161 = CARTESIAN_POINT('',(67.445258538709,184.88681277301,
    4.267355874484));
#3162 = CARTESIAN_POINT('',(67.447568061183,185.69336808886,
    4.025343269379));
#3163 = CARTESIAN_POINT('',(67.473838324288,186.43981387627,
    3.637385536019));
#3164 = CARTESIAN_POINT('',(67.517770492686,187.08948385117,
    3.109147991407));
#3165 = CARTESIAN_POINT('',(67.568191561527,187.62516216551,
    2.463306135001));
#3166 = CARTESIAN_POINT('',(67.615036024614,188.02543272747,
    1.717815130789));
#3167 = CARTESIAN_POINT('',(67.647685758992,188.28422360198,
    0.906231073223));
#3168 = CARTESIAN_POINT('',(67.660534924337,188.37695779629,
    5.756486317851E-02));
#3169 = CARTESIAN_POINT('',(67.650628566245,188.308276512,
    -0.791329821613));
#3170 = CARTESIAN_POINT('',(67.620341046775,188.07396641321,
    -1.608988289936));
#3171 = CARTESIAN_POINT('',(67.574986800968,187.69096870025,
    -2.366249306904));
#3172 = CARTESIAN_POINT('',(67.524332204694,187.16708328581,
    -3.03026652049));
#3173 = CARTESIAN_POINT('',(67.478336866677,186.52512307947,
    -3.580956194971));
#3174 = CARTESIAN_POINT('',(67.44947537963,185.78681216141,
    -3.986812664808));
#3175 = CARTESIAN_POINT('',(67.44395273625,184.99053364512,
    -4.245711799986));
#3176 = CARTESIAN_POINT('',(67.469072122726,184.16607002189,
    -4.33672031859));
#3177 = CARTESIAN_POINT('',(67.524765784068,183.34085977232,
    -4.263198944697));
#3178 = CARTESIAN_POINT('',(67.608081379432,182.54414899075,
    -4.022961449684));
#3179 = CARTESIAN_POINT('',(67.709298130286,181.8020490568,
    -3.635431986929));
#3180 = CARTESIAN_POINT('',(67.818495146884,181.15210369686,
    -3.104142780889));
#3181 = CARTESIAN_POINT('',(67.921939644987,180.61480482346,
    -2.456964994406));
#3182 = CONICAL_SURFACE('',#3183,24.005,5.005604289E-02);
#3183 = AXIS2_PLACEMENT_3D('',#3184,#3185,#3186);
#3184 = CARTESIAN_POINT('',(44.,181.40001,-1.852962339122E-14));
#3185 = DIRECTION('',(0.,-1.,4.855768567228E-16));
#3186 = DIRECTION('',(0.,-4.855768567228E-16,-1.));
#3187 = ADVANCED_FACE('',(#3188),#3217,.F.);
#3188 = FACE_BOUND('',#3189,.F.);
#3189 = EDGE_LOOP('',(#3190,#3199,#3208,#3215,#3216));
#3190 = ORIENTED_EDGE('',*,*,#3191,.F.);
#3191 = EDGE_CURVE('',#3192,#3015,#3194,.T.);
#3192 = VERTEX_POINT('',#3193);
#3193 = CARTESIAN_POINT('',(26.01,197.10001,4.7125));
#3194 = CIRCLE('',#3195,4.38);
#3195 = AXIS2_PLACEMENT_3D('',#3196,#3197,#3198);
#3196 = CARTESIAN_POINT('',(26.01,197.10001,9.0925));
#3197 = DIRECTION('',(0.,1.,-1.110223024625E-16));
#3198 = DIRECTION('',(0.,1.110223024625E-16,1.));
#3199 = ORIENTED_EDGE('',*,*,#3200,.F.);
#3200 = EDGE_CURVE('',#3201,#3192,#3203,.T.);
#3201 = VERTEX_POINT('',#3202);
#3202 = CARTESIAN_POINT('',(26.01,198.60001,6.2125));
#3203 = CIRCLE('',#3204,1.5);
#3204 = AXIS2_PLACEMENT_3D('',#3205,#3206,#3207);
#3205 = CARTESIAN_POINT('',(26.01,198.60001,4.7125));
#3206 = DIRECTION('',(1.,0.,0.));
#3207 = DIRECTION('',(0.,-1.110223024625E-16,-1.));
#3208 = ORIENTED_EDGE('',*,*,#3209,.F.);
#3209 = EDGE_CURVE('',#1772,#3201,#3210,.T.);
#3210 = CIRCLE('',#3211,2.88);
#3211 = AXIS2_PLACEMENT_3D('',#3212,#3213,#3214);
#3212 = CARTESIAN_POINT('',(26.01,198.60001,9.0925));
#3213 = DIRECTION('',(0.,-1.,1.110223024625E-16));
#3214 = DIRECTION('',(0.,1.110223024625E-16,1.));
#3215 = ORIENTED_EDGE('',*,*,#1771,.T.);
#3216 = ORIENTED_EDGE('',*,*,#3014,.F.);
#3217 = TOROIDAL_SURFACE('',#3218,4.38,1.5);
#3218 = AXIS2_PLACEMENT_3D('',#3219,#3220,#3221);
#3219 = CARTESIAN_POINT('',(26.01,198.60001,9.0925));
#3220 = DIRECTION('',(0.,1.,-1.110223024625E-16));
#3221 = DIRECTION('',(0.,1.110223024625E-16,1.));
#3222 = ADVANCED_FACE('',(#3223),#3248,.F.);
#3223 = FACE_BOUND('',#3224,.T.);
#3224 = EDGE_LOOP('',(#3225,#3233,#3241,#3247));
#3225 = ORIENTED_EDGE('',*,*,#3226,.T.);
#3226 = EDGE_CURVE('',#2455,#3227,#3229,.T.);
#3227 = VERTEX_POINT('',#3228);
#3228 = CARTESIAN_POINT('',(48.818092028334,9.50001,-23.24967026241));
#3229 = LINE('',#3230,#3231);
#3230 = CARTESIAN_POINT('',(48.809215045318,9.50001,-23.23429487681));
#3231 = VECTOR('',#3232,1.);
#3232 = DIRECTION('',(0.5,1.118431410553E-16,-0.866025403784));
#3233 = ORIENTED_EDGE('',*,*,#3234,.T.);
#3234 = EDGE_CURVE('',#3227,#3235,#3237,.T.);
#3235 = VERTEX_POINT('',#3236);
#3236 = CARTESIAN_POINT('',(48.818092028334,11.17001,-23.24967026241));
#3237 = LINE('',#3238,#3239);
#3238 = CARTESIAN_POINT('',(48.818092028334,11.17001,-23.24967026241));
#3239 = VECTOR('',#3240,1.);
#3240 = DIRECTION('',(0.,1.,-1.110223024625E-16));
#3241 = ORIENTED_EDGE('',*,*,#3242,.T.);
#3242 = EDGE_CURVE('',#3235,#2446,#3243,.T.);
#3243 = LINE('',#3244,#3245);
#3244 = CARTESIAN_POINT('',(48.809215045318,11.17001,-23.23429487681));
#3245 = VECTOR('',#3246,1.);
#3246 = DIRECTION('',(-0.5,-1.118431410553E-16,0.866025403784));
#3247 = ORIENTED_EDGE('',*,*,#2454,.F.);
#3248 = PLANE('',#3249);
#3249 = AXIS2_PLACEMENT_3D('',#3250,#3251,#3252);
#3250 = CARTESIAN_POINT('',(48.809215045318,11.17001,-23.23429487681));
#3251 = DIRECTION('',(-0.866025403784,-5.551115123128E-17,-0.5));
#3252 = DIRECTION('',(0.,-1.,1.110223024625E-16));
#3253 = ADVANCED_FACE('',(#3254),#3280,.F.);
#3254 = FACE_BOUND('',#3255,.F.);
#3255 = EDGE_LOOP('',(#3256,#3265,#3272,#3279));
#3256 = ORIENTED_EDGE('',*,*,#3257,.T.);
#3257 = EDGE_CURVE('',#3258,#3258,#3260,.T.);
#3258 = VERTEX_POINT('',#3259);
#3259 = CARTESIAN_POINT('',(36.623998945673,5.46259132909,
    19.019987298882));
#3260 = CIRCLE('',#3261,4.116025403784);
#3261 = AXIS2_PLACEMENT_3D('',#3262,#3263,#3264);
#3262 = CARTESIAN_POINT('',(37.106345728915,8.50001,16.284462756332));
#3263 = DIRECTION('',(0.984807753012,-2.498001805407E-16,0.173648177667)
  );
#3264 = DIRECTION('',(-0.117187513663,-0.737949447085,0.664603415721));
#3265 = ORIENTED_EDGE('',*,*,#3266,.F.);
#3266 = EDGE_CURVE('',#3267,#3258,#3269,.T.);
#3267 = VERTEX_POINT('',#3268);
#3268 = CARTESIAN_POINT('',(37.012160225528,5.88028946285,
    18.700552224339));
#3269 = B_SPLINE_CURVE_WITH_KNOTS('',1,(#3270,#3271),.UNSPECIFIED.,.F.,
  .F.,(2,2),(-1.461451640642E-14,0.653589838486),
  .PIECEWISE_BEZIER_KNOTS.);
#3270 = CARTESIAN_POINT('',(37.012160225528,5.88028946285,
    18.700552224339));
#3271 = CARTESIAN_POINT('',(36.623998945052,5.46259132938,
    19.019987298505));
#3272 = ORIENTED_EDGE('',*,*,#3273,.F.);
#3273 = EDGE_CURVE('',#3267,#3267,#3274,.T.);
#3274 = CIRCLE('',#3275,3.55);
#3275 = AXIS2_PLACEMENT_3D('',#3276,#3277,#3278);
#3276 = CARTESIAN_POINT('',(37.42817589903,8.50001,16.341210098529));
#3277 = DIRECTION('',(0.984807753012,-1.804112415016E-16,0.173648177667)
  );
#3278 = DIRECTION('',(-0.117187513663,-0.737949447085,0.664603415721));
#3279 = ORIENTED_EDGE('',*,*,#3266,.T.);
#3280 = CONICAL_SURFACE('',#3281,3.55,1.04719755);
#3281 = AXIS2_PLACEMENT_3D('',#3282,#3283,#3284);
#3282 = CARTESIAN_POINT('',(37.42817589903,8.50001,16.341210098529));
#3283 = DIRECTION('',(-0.984807753012,2.495671853711E-16,-0.173648177667
    ));
#3284 = DIRECTION('',(-0.117187513663,-0.737949447085,0.664603415721));
#3285 = ADVANCED_FACE('',(#3286),#3318,.T.);
#3286 = FACE_BOUND('',#3287,.T.);
#3287 = EDGE_LOOP('',(#3288,#3299,#3310,#3311));
#3288 = ORIENTED_EDGE('',*,*,#3289,.F.);
#3289 = EDGE_CURVE('',#3290,#3292,#3294,.T.);
#3290 = VERTEX_POINT('',#3291);
#3291 = CARTESIAN_POINT('',(74.660818676624,25.70001,-1.75));
#3292 = VERTEX_POINT('',#3293);
#3293 = CARTESIAN_POINT('',(74.660818676624,25.70001,1.75));
#3294 = CIRCLE('',#3295,1.75);
#3295 = AXIS2_PLACEMENT_3D('',#3296,#3297,#3298);
#3296 = CARTESIAN_POINT('',(74.660818676624,25.70001,-1.243450897803E-15
    ));
#3297 = DIRECTION('',(-1.,0.,0.));
#3298 = DIRECTION('',(0.,1.110223024625E-16,1.));
#3299 = ORIENTED_EDGE('',*,*,#3300,.T.);
#3300 = EDGE_CURVE('',#3290,#3301,#3303,.T.);
#3301 = VERTEX_POINT('',#3302);
#3302 = CARTESIAN_POINT('',(75.6,25.70001,-1.500626725624E-15));
#3303 = B_SPLINE_CURVE_WITH_KNOTS('',5,(#3304,#3305,#3306,#3307,#3308,
    #3309),.UNSPECIFIED.,.F.,.F.,(6,6),(0.585685543457,1.570796326795),
  .PIECEWISE_BEZIER_KNOTS.);
#3304 = CARTESIAN_POINT('',(74.660818676624,25.70001,-1.75));
#3305 = CARTESIAN_POINT('',(75.005607450793,25.70001,-1.521293000831));
#3306 = CARTESIAN_POINT('',(75.294121777677,25.70001,-1.207703629179));
#3307 = CARTESIAN_POINT('',(75.498157818442,25.70001,-0.827518182075));
#3308 = CARTESIAN_POINT('',(75.6,25.70001,-0.413746529002));
#3309 = CARTESIAN_POINT('',(75.6,25.70001,-1.57651780519E-15));
#3310 = ORIENTED_EDGE('',*,*,#3300,.F.);
#3311 = ORIENTED_EDGE('',*,*,#3312,.F.);
#3312 = EDGE_CURVE('',#3292,#3290,#3313,.T.);
#3313 = CIRCLE('',#3314,1.75);
#3314 = AXIS2_PLACEMENT_3D('',#3315,#3316,#3317);
#3315 = CARTESIAN_POINT('',(74.660818676624,25.70001,-1.243450897803E-15
    ));
#3316 = DIRECTION('',(-1.,0.,0.));
#3317 = DIRECTION('',(0.,1.110223024625E-16,1.));
#3318 = SPHERICAL_SURFACE('',#3319,2.1);
#3319 = AXIS2_PLACEMENT_3D('',#3320,#3321,#3322);
#3320 = CARTESIAN_POINT('',(73.5,25.70001,-1.243450897803E-15));
#3321 = DIRECTION('',(1.,-6.798155367235E-33,-6.123233995737E-17));
#3322 = DIRECTION('',(-6.123233995737E-17,-1.110223024625E-16,-1.));
#3323 = ADVANCED_FACE('',(#3324),#3359,.T.);
#3324 = FACE_BOUND('',#3325,.T.);
#3325 = EDGE_LOOP('',(#3326,#3335,#3342,#3351,#3358));
#3326 = ORIENTED_EDGE('',*,*,#3327,.F.);
#3327 = EDGE_CURVE('',#3328,#3328,#3330,.T.);
#3328 = VERTEX_POINT('',#3329);
#3329 = CARTESIAN_POINT('',(75.5,25.70001,-2.15));
#3330 = CIRCLE('',#3331,2.15);
#3331 = AXIS2_PLACEMENT_3D('',#3332,#3333,#3334);
#3332 = CARTESIAN_POINT('',(75.5,25.70001,-1.243450897803E-15));
#3333 = DIRECTION('',(1.,0.,0.));
#3334 = DIRECTION('',(0.,-1.110223024625E-16,-1.));
#3335 = ORIENTED_EDGE('',*,*,#3336,.T.);
#3336 = EDGE_CURVE('',#3328,#3337,#3339,.T.);
#3337 = VERTEX_POINT('',#3338);
#3338 = CARTESIAN_POINT('',(75.15,25.70001,-2.5));
#3339 = B_SPLINE_CURVE_WITH_KNOTS('',1,(#3340,#3341),.UNSPECIFIED.,.F.,
  .F.,(2,2),(-0.494974746831,0.),.PIECEWISE_BEZIER_KNOTS.);
#3340 = CARTESIAN_POINT('',(75.500000000314,25.70001,-2.150000000314));
#3341 = CARTESIAN_POINT('',(75.15,25.70001,-2.5));
#3342 = ORIENTED_EDGE('',*,*,#3343,.F.);
#3343 = EDGE_CURVE('',#3344,#3337,#3346,.T.);
#3344 = VERTEX_POINT('',#3345);
#3345 = CARTESIAN_POINT('',(75.15,25.70001,2.5));
#3346 = CIRCLE('',#3347,2.5);
#3347 = AXIS2_PLACEMENT_3D('',#3348,#3349,#3350);
#3348 = CARTESIAN_POINT('',(75.15,25.70001,-1.243450897803E-15));
#3349 = DIRECTION('',(-1.,-0.,0.));
#3350 = DIRECTION('',(0.,-1.110223024625E-16,-1.));
#3351 = ORIENTED_EDGE('',*,*,#3352,.F.);
#3352 = EDGE_CURVE('',#3337,#3344,#3353,.T.);
#3353 = CIRCLE('',#3354,2.5);
#3354 = AXIS2_PLACEMENT_3D('',#3355,#3356,#3357);
#3355 = CARTESIAN_POINT('',(75.15,25.70001,-1.243450897803E-15));
#3356 = DIRECTION('',(-1.,-0.,0.));
#3357 = DIRECTION('',(0.,-1.110223024625E-16,-1.));
#3358 = ORIENTED_EDGE('',*,*,#3336,.F.);
#3359 = CONICAL_SURFACE('',#3360,2.5,0.7853981625);
#3360 = AXIS2_PLACEMENT_3D('',#3361,#3362,#3363);
#3361 = CARTESIAN_POINT('',(75.15,25.70001,-1.243450897803E-15));
#3362 = DIRECTION('',(-1.,1.152676275943E-33,1.038238489363E-17));
#3363 = DIRECTION('',(1.038238489363E-17,1.110223024625E-16,1.));
#3364 = ADVANCED_FACE('',(#3365),#3384,.F.);
#3365 = FACE_BOUND('',#3366,.F.);
#3366 = EDGE_LOOP('',(#3367,#3368,#3369,#3376,#3383));
#3367 = ORIENTED_EDGE('',*,*,#3289,.F.);
#3368 = ORIENTED_EDGE('',*,*,#3312,.F.);
#3369 = ORIENTED_EDGE('',*,*,#3370,.F.);
#3370 = EDGE_CURVE('',#3371,#3292,#3373,.T.);
#3371 = VERTEX_POINT('',#3372);
#3372 = CARTESIAN_POINT('',(75.5,25.70001,1.75));
#3373 = B_SPLINE_CURVE_WITH_KNOTS('',1,(#3374,#3375),.UNSPECIFIED.,.F.,
  .F.,(2,2),(0.,0.839181323376),.PIECEWISE_BEZIER_KNOTS.);
#3374 = CARTESIAN_POINT('',(75.5,25.70001,1.75));
#3375 = CARTESIAN_POINT('',(74.660818676624,25.70001,1.75));
#3376 = ORIENTED_EDGE('',*,*,#3377,.T.);
#3377 = EDGE_CURVE('',#3371,#3371,#3378,.T.);
#3378 = CIRCLE('',#3379,1.75);
#3379 = AXIS2_PLACEMENT_3D('',#3380,#3381,#3382);
#3380 = CARTESIAN_POINT('',(75.5,25.70001,-1.243450897803E-15));
#3381 = DIRECTION('',(-1.,0.,0.));
#3382 = DIRECTION('',(0.,1.110223024625E-16,1.));
#3383 = ORIENTED_EDGE('',*,*,#3370,.T.);
#3384 = CYLINDRICAL_SURFACE('',#3385,1.75);
#3385 = AXIS2_PLACEMENT_3D('',#3386,#3387,#3388);
#3386 = CARTESIAN_POINT('',(75.5,25.70001,-1.243450897803E-15));
#3387 = DIRECTION('',(-1.,0.,0.));
#3388 = DIRECTION('',(0.,1.110223024625E-16,1.));
#3389 = ADVANCED_FACE('',(#3390,#3401),#3412,.T.);
#3390 = FACE_BOUND('',#3391,.T.);
#3391 = EDGE_LOOP('',(#3392));
#3392 = ORIENTED_EDGE('',*,*,#3393,.T.);
#3393 = EDGE_CURVE('',#3394,#3394,#3396,.T.);
#3394 = VERTEX_POINT('',#3395);
#3395 = CARTESIAN_POINT('',(47.576950486631,189.30001,1.889116286253));
#3396 = CIRCLE('',#3397,4.045161940738);
#3397 = AXIS2_PLACEMENT_3D('',#3398,#3399,#3400);
#3398 = CARTESIAN_POINT('',(44.,189.30001,-1.997113592008E-14));
#3399 = DIRECTION('',(0.,1.,-1.110223024625E-16));
#3400 = DIRECTION('',(0.884253965363,5.184811950464E-17,0.467006343362)
  );
#3401 = FACE_BOUND('',#3402,.T.);
#3402 = EDGE_LOOP('',(#3403));
#3403 = ORIENTED_EDGE('',*,*,#3404,.F.);
#3404 = EDGE_CURVE('',#3405,#3405,#3407,.T.);
#3405 = VERTEX_POINT('',#3406);
#3406 = CARTESIAN_POINT('',(47.53701586145,189.30001,1.86802537345));
#3407 = CIRCLE('',#3408,4.);
#3408 = AXIS2_PLACEMENT_3D('',#3409,#3410,#3411);
#3409 = CARTESIAN_POINT('',(44.,189.30001,-1.997113592008E-14));
#3410 = DIRECTION('',(0.,1.,-1.110223024625E-16));
#3411 = DIRECTION('',(0.884253965363,5.184811950464E-17,0.467006343362)
  );
#3412 = PLANE('',#3413);
#3413 = AXIS2_PLACEMENT_3D('',#3414,#3415,#3416);
#3414 = CARTESIAN_POINT('',(44.,189.30001,-1.997113592008E-14));
#3415 = DIRECTION('',(0.,1.,-1.110223024625E-16));
#3416 = DIRECTION('',(-1.,0.,0.));
#3417 = ADVANCED_FACE('',(#3418),#3429,.T.);
#3418 = FACE_BOUND('',#3419,.T.);
#3419 = EDGE_LOOP('',(#3420));
#3420 = ORIENTED_EDGE('',*,*,#3421,.T.);
#3421 = EDGE_CURVE('',#3422,#3422,#3424,.T.);
#3422 = VERTEX_POINT('',#3423);
#3423 = CARTESIAN_POINT('',(47.53701586145,154.10001,1.86802537345));
#3424 = CIRCLE('',#3425,4.);
#3425 = AXIS2_PLACEMENT_3D('',#3426,#3427,#3428);
#3426 = CARTESIAN_POINT('',(44.,154.10001,-1.606315087339E-14));
#3427 = DIRECTION('',(0.,1.,-1.110223024625E-16));
#3428 = DIRECTION('',(0.884253965363,5.184811950464E-17,0.467006343362)
  );
#3429 = PLANE('',#3430);
#3430 = AXIS2_PLACEMENT_3D('',#3431,#3432,#3433);
#3431 = CARTESIAN_POINT('',(44.,154.10001,-1.528539311441E-14));
#3432 = DIRECTION('',(0.,1.,-1.110223024625E-16));
#3433 = DIRECTION('',(-1.,0.,0.));
#3434 = ADVANCED_FACE('',(#3435),#3461,.T.);
#3435 = FACE_BOUND('',#3436,.T.);
#3436 = EDGE_LOOP('',(#3437,#3446,#3453,#3460));
#3437 = ORIENTED_EDGE('',*,*,#3438,.T.);
#3438 = EDGE_CURVE('',#3439,#3439,#3441,.T.);
#3439 = VERTEX_POINT('',#3440);
#3440 = CARTESIAN_POINT('',(49.305523792175,185.90505250723,
    2.802038060175));
#3441 = CIRCLE('',#3442,6.);
#3442 = AXIS2_PLACEMENT_3D('',#3443,#3444,#3445);
#3443 = CARTESIAN_POINT('',(44.,185.90505250723,-1.959421992247E-14));
#3444 = DIRECTION('',(0.,-1.,1.110223024625E-16));
#3445 = DIRECTION('',(0.884253965363,5.184811950464E-17,0.467006343362)
  );
#3446 = ORIENTED_EDGE('',*,*,#3447,.F.);
#3447 = EDGE_CURVE('',#3448,#3439,#3450,.T.);
#3448 = VERTEX_POINT('',#3449);
#3449 = CARTESIAN_POINT('',(49.305523792175,164.60001,2.802038060175));
#3450 = B_SPLINE_CURVE_WITH_KNOTS('',1,(#3451,#3452),.UNSPECIFIED.,.F.,
  .F.,(2,2),(0.,21.305042507238),.PIECEWISE_BEZIER_KNOTS.);
#3451 = CARTESIAN_POINT('',(49.305523792175,164.60001,2.802038060175));
#3452 = CARTESIAN_POINT('',(49.305523792175,185.90505250723,
    2.802038060175));
#3453 = ORIENTED_EDGE('',*,*,#3454,.T.);
#3454 = EDGE_CURVE('',#3448,#3448,#3455,.T.);
#3455 = CIRCLE('',#3456,6.);
#3456 = AXIS2_PLACEMENT_3D('',#3457,#3458,#3459);
#3457 = CARTESIAN_POINT('',(44.,164.60001,-1.722888504925E-14));
#3458 = DIRECTION('',(0.,1.,-1.110223024625E-16));
#3459 = DIRECTION('',(0.884253965363,5.184811950464E-17,0.467006343362)
  );
#3460 = ORIENTED_EDGE('',*,*,#3447,.T.);
#3461 = CYLINDRICAL_SURFACE('',#3462,6.);
#3462 = AXIS2_PLACEMENT_3D('',#3463,#3464,#3465);
#3463 = CARTESIAN_POINT('',(44.,164.60001,-1.722888504925E-14));
#3464 = DIRECTION('',(0.,1.,-1.110223024625E-16));
#3465 = DIRECTION('',(0.884253965363,5.184811950464E-17,0.467006343362)
  );
#3466 = ADVANCED_FACE('',(#3467),#3502,.T.);
#3467 = FACE_BOUND('',#3468,.T.);
#3468 = EDGE_LOOP('',(#3469,#3478,#3485,#3494,#3501));
#3469 = ORIENTED_EDGE('',*,*,#3470,.F.);
#3470 = EDGE_CURVE('',#3471,#3471,#3473,.T.);
#3471 = VERTEX_POINT('',#3472);
#3472 = CARTESIAN_POINT('',(60.013984754104,8.47645463267,-26.15));
#3473 = CIRCLE('',#3474,2.15);
#3474 = AXIS2_PLACEMENT_3D('',#3475,#3476,#3477);
#3475 = CARTESIAN_POINT('',(62.,9.30001,-26.15));
#3476 = DIRECTION('',(0.,-1.110223024625E-16,-1.));
#3477 = DIRECTION('',(-0.923728021347,-0.383049008063,4.252698283114E-17
    ));
#3478 = ORIENTED_EDGE('',*,*,#3479,.T.);
#3479 = EDGE_CURVE('',#3471,#3480,#3482,.T.);
#3480 = VERTEX_POINT('',#3481);
#3481 = CARTESIAN_POINT('',(59.690679946632,8.34238747985,-25.8));
#3482 = B_SPLINE_CURVE_WITH_KNOTS('',1,(#3483,#3484),.UNSPECIFIED.,.F.,
  .F.,(2,2),(-0.494974746831,0.),.PIECEWISE_BEZIER_KNOTS.);
#3483 = CARTESIAN_POINT('',(60.013984753814,8.47645463255,
    -26.15000000031));
#3484 = CARTESIAN_POINT('',(59.690679946632,8.34238747985,-25.8));
#3485 = ORIENTED_EDGE('',*,*,#3486,.F.);
#3486 = EDGE_CURVE('',#3487,#3480,#3489,.T.);
#3487 = VERTEX_POINT('',#3488);
#3488 = CARTESIAN_POINT('',(64.5,9.30001,-25.8));
#3489 = CIRCLE('',#3490,2.5);
#3490 = AXIS2_PLACEMENT_3D('',#3491,#3492,#3493);
#3491 = CARTESIAN_POINT('',(62.,9.30001,-25.8));
#3492 = DIRECTION('',(0.,1.110223024625E-16,1.));
#3493 = DIRECTION('',(-0.923728021347,-0.383049008063,4.252698283114E-17
    ));
#3494 = ORIENTED_EDGE('',*,*,#3495,.F.);
#3495 = EDGE_CURVE('',#3480,#3487,#3496,.T.);
#3496 = CIRCLE('',#3497,2.5);
#3497 = AXIS2_PLACEMENT_3D('',#3498,#3499,#3500);
#3498 = CARTESIAN_POINT('',(62.,9.30001,-25.8));
#3499 = DIRECTION('',(0.,1.110223024625E-16,1.));
#3500 = DIRECTION('',(-0.923728021347,-0.383049008063,4.252698283114E-17
    ));
#3501 = ORIENTED_EDGE('',*,*,#3479,.F.);
#3502 = CONICAL_SURFACE('',#3503,2.5,0.7853981625);
#3503 = AXIS2_PLACEMENT_3D('',#3504,#3505,#3506);
#3504 = CARTESIAN_POINT('',(62.,9.30001,-25.8));
#3505 = DIRECTION('',(4.15588327035E-17,1.282558054801E-16,1.));
#3506 = DIRECTION('',(0.923728021347,0.383049008063,-8.75173173702E-17)
  );
#3507 = ADVANCED_FACE('',(#3508),#3532,.F.);
#3508 = FACE_BOUND('',#3509,.T.);
#3509 = EDGE_LOOP('',(#3510,#3511,#3517,#3518,#3526));
#3510 = ORIENTED_EDGE('',*,*,#1185,.F.);
#3511 = ORIENTED_EDGE('',*,*,#3512,.T.);
#3512 = EDGE_CURVE('',#1178,#1087,#3513,.T.);
#3513 = LINE('',#3514,#3515);
#3514 = CARTESIAN_POINT('',(43.907766008539,1.33230146805,23.53229146805
    ));
#3515 = VECTOR('',#3516,1.);
#3516 = DIRECTION('',(-0.44371260628,-0.633687274225,-0.633687274225));
#3517 = ORIENTED_EDGE('',*,*,#1153,.F.);
#3518 = ORIENTED_EDGE('',*,*,#3519,.T.);
#3519 = EDGE_CURVE('',#1146,#3520,#3522,.T.);
#3520 = VERTEX_POINT('',#3521);
#3521 = CARTESIAN_POINT('',(67.395183950936,3.19519395094,
    25.395183950936));
#3522 = LINE('',#3523,#3524);
#3523 = CARTESIAN_POINT('',(58.333333333333,-5.86665666666,
    16.333333333333));
#3524 = VECTOR('',#3525,1.);
#3525 = DIRECTION('',(0.57735026919,0.57735026919,0.57735026919));
#3526 = ORIENTED_EDGE('',*,*,#3527,.F.);
#3527 = EDGE_CURVE('',#1186,#3520,#3528,.T.);
#3528 = LINE('',#3529,#3530);
#3529 = CARTESIAN_POINT('',(33.91168581633,36.67869208555,
    58.878682085549));
#3530 = VECTOR('',#3531,1.);
#3531 = DIRECTION('',(0.57735026919,-0.57735026919,-0.57735026919));
#3532 = PLANE('',#3533);
#3533 = AXIS2_PLACEMENT_3D('',#3534,#3535,#3536);
#3534 = CARTESIAN_POINT('',(44.,1.30001,23.5));
#3535 = DIRECTION('',(0.,0.707106781187,-0.707106781187));
#3536 = DIRECTION('',(1.,0.,0.));
#3537 = ADVANCED_FACE('',(#3538),#3583,.T.);
#3538 = FACE_BOUND('',#3539,.T.);
#3539 = EDGE_LOOP('',(#3540,#3551,#3559,#3568,#3577));
#3540 = ORIENTED_EDGE('',*,*,#3541,.F.);
#3541 = EDGE_CURVE('',#3542,#3544,#3546,.T.);
#3542 = VERTEX_POINT('',#3543);
#3543 = CARTESIAN_POINT('',(51.370378228119,9.50001,-7.342391093903));
#3544 = VERTEX_POINT('',#3545);
#3545 = CARTESIAN_POINT('',(51.884932153039,9.50001,-8.233624635096));
#3546 = CIRCLE('',#3547,2.10098297883);
#3547 = AXIS2_PLACEMENT_3D('',#3548,#3549,#3550);
#3548 = CARTESIAN_POINT('',(53.391747819032,9.50001,-6.769508510585));
#3549 = DIRECTION('',(8.326672684704E-16,-1.,-3.697183691308E-16));
#3550 = DIRECTION('',(-0.499999999997,-9.614813431913E-17,
    -0.866025403786));
#3551 = ORIENTED_EDGE('',*,*,#3552,.T.);
#3552 = EDGE_CURVE('',#3542,#3553,#3555,.T.);
#3553 = VERTEX_POINT('',#3554);
#3554 = CARTESIAN_POINT('',(51.370378228119,11.17001,-7.342391093903));
#3555 = LINE('',#3556,#3557);
#3556 = CARTESIAN_POINT('',(51.370378228119,11.17001,-7.342391093903));
#3557 = VECTOR('',#3558,1.);
#3558 = DIRECTION('',(0.,1.,-1.110223024625E-16));
#3559 = ORIENTED_EDGE('',*,*,#3560,.F.);
#3560 = EDGE_CURVE('',#3561,#3553,#3563,.T.);
#3561 = VERTEX_POINT('',#3562);
#3562 = CARTESIAN_POINT('',(51.572243186444,11.17001,-7.819999999998));
#3563 = CIRCLE('',#3564,2.10098297883);
#3564 = AXIS2_PLACEMENT_3D('',#3565,#3566,#3567);
#3565 = CARTESIAN_POINT('',(53.391747819032,11.17001,-6.769508510585));
#3566 = DIRECTION('',(-8.326672684704E-16,1.,3.697183691308E-16));
#3567 = DIRECTION('',(-0.499999999997,-9.614813431913E-17,
    -0.866025403786));
#3568 = ORIENTED_EDGE('',*,*,#3569,.F.);
#3569 = EDGE_CURVE('',#3570,#3561,#3572,.T.);
#3570 = VERTEX_POINT('',#3571);
#3571 = CARTESIAN_POINT('',(51.884932153039,11.17001,-8.233624635096));
#3572 = CIRCLE('',#3573,2.10098297883);
#3573 = AXIS2_PLACEMENT_3D('',#3574,#3575,#3576);
#3574 = CARTESIAN_POINT('',(53.391747819032,11.17001,-6.769508510585));
#3575 = DIRECTION('',(-8.326672684704E-16,1.,3.697183691308E-16));
#3576 = DIRECTION('',(-0.499999999997,-9.614813431913E-17,
    -0.866025403786));
#3577 = ORIENTED_EDGE('',*,*,#3578,.F.);
#3578 = EDGE_CURVE('',#3544,#3570,#3579,.T.);
#3579 = LINE('',#3580,#3581);
#3580 = CARTESIAN_POINT('',(51.884932153039,11.17001,-8.233624635096));
#3581 = VECTOR('',#3582,1.);
#3582 = DIRECTION('',(0.,1.,-1.110223024625E-16));
#3583 = CYLINDRICAL_SURFACE('',#3584,2.10098297883);
#3584 = AXIS2_PLACEMENT_3D('',#3585,#3586,#3587);
#3585 = CARTESIAN_POINT('',(53.391747819032,11.17001,-6.769508510585));
#3586 = DIRECTION('',(0.,-1.,1.110223024625E-16));
#3587 = DIRECTION('',(1.,0.,0.));
#3588 = ADVANCED_FACE('',(#3589),#3615,.F.);
#3589 = FACE_BOUND('',#3590,.F.);
#3590 = EDGE_LOOP('',(#3591,#3600,#3607,#3614));
#3591 = ORIENTED_EDGE('',*,*,#3592,.F.);
#3592 = EDGE_CURVE('',#3593,#3593,#3595,.T.);
#3593 = VERTEX_POINT('',#3594);
#3594 = CARTESIAN_POINT('',(44.,166.65477312628,-17.249));
#3595 = CIRCLE('',#3596,17.249);
#3596 = AXIS2_PLACEMENT_3D('',#3597,#3598,#3599);
#3597 = CARTESIAN_POINT('',(44.,166.65477312628,-1.689257324314E-14));
#3598 = DIRECTION('',(0.,-1.,1.110223024625E-16));
#3599 = DIRECTION('',(0.,-1.110223024625E-16,-1.));
#3600 = ORIENTED_EDGE('',*,*,#3601,.F.);
#3601 = EDGE_CURVE('',#3602,#3593,#3604,.T.);
#3602 = VERTEX_POINT('',#3603);
#3603 = CARTESIAN_POINT('',(44.,175.10001,-17.249));
#3604 = B_SPLINE_CURVE_WITH_KNOTS('',1,(#3605,#3606),.UNSPECIFIED.,.F.,
  .F.,(2,2),(42.,50.44523687372),.PIECEWISE_BEZIER_KNOTS.);
#3605 = CARTESIAN_POINT('',(44.,175.10001,-17.249));
#3606 = CARTESIAN_POINT('',(44.,166.65477312628,-17.249));
#3607 = ORIENTED_EDGE('',*,*,#3608,.T.);
#3608 = EDGE_CURVE('',#3602,#3602,#3609,.T.);
#3609 = CIRCLE('',#3610,17.249);
#3610 = AXIS2_PLACEMENT_3D('',#3611,#3612,#3613);
#3611 = CARTESIAN_POINT('',(44.,175.10001,-1.78301828857E-14));
#3612 = DIRECTION('',(0.,-1.,1.110223024625E-16));
#3613 = DIRECTION('',(0.,-1.110223024625E-16,-1.));
#3614 = ORIENTED_EDGE('',*,*,#3601,.T.);
#3615 = CYLINDRICAL_SURFACE('',#3616,17.249);
#3616 = AXIS2_PLACEMENT_3D('',#3617,#3618,#3619);
#3617 = CARTESIAN_POINT('',(44.,217.10001,-2.249311958913E-14));
#3618 = DIRECTION('',(0.,-1.,1.110223024625E-16));
#3619 = DIRECTION('',(0.,-1.110223024625E-16,-1.));
#3620 = ADVANCED_FACE('',(#3621),#3666,.T.);
#3621 = FACE_BOUND('',#3622,.T.);
#3622 = EDGE_LOOP('',(#3623,#3634,#3642,#3651,#3660));
#3623 = ORIENTED_EDGE('',*,*,#3624,.T.);
#3624 = EDGE_CURVE('',#3625,#3627,#3629,.T.);
#3625 = VERTEX_POINT('',#3626);
#3626 = CARTESIAN_POINT('',(48.315067846989,9.50001,-25.1063753649));
#3627 = VERTEX_POINT('',#3628);
#3628 = CARTESIAN_POINT('',(48.829621771908,9.50001,-25.9976089061));
#3629 = CIRCLE('',#3630,2.10098297883);
#3630 = AXIS2_PLACEMENT_3D('',#3631,#3632,#3633);
#3631 = CARTESIAN_POINT('',(46.808252180995,9.50001,-26.57049148941));
#3632 = DIRECTION('',(0.,1.,-1.110223024625E-16));
#3633 = DIRECTION('',(1.,0.,0.));
#3634 = ORIENTED_EDGE('',*,*,#3635,.T.);
#3635 = EDGE_CURVE('',#3627,#3636,#3638,.T.);
#3636 = VERTEX_POINT('',#3637);
#3637 = CARTESIAN_POINT('',(48.829621771908,11.17001,-25.9976089061));
#3638 = LINE('',#3639,#3640);
#3639 = CARTESIAN_POINT('',(48.829621771908,11.17001,-25.9976089061));
#3640 = VECTOR('',#3641,1.);
#3641 = DIRECTION('',(0.,1.,-1.110223024625E-16));
#3642 = ORIENTED_EDGE('',*,*,#3643,.T.);
#3643 = EDGE_CURVE('',#3636,#3644,#3646,.T.);
#3644 = VERTEX_POINT('',#3645);
#3645 = CARTESIAN_POINT('',(48.627756813578,11.17001,-25.51999999999));
#3646 = CIRCLE('',#3647,2.10098297883);
#3647 = AXIS2_PLACEMENT_3D('',#3648,#3649,#3650);
#3648 = CARTESIAN_POINT('',(46.808252180995,11.17001,-26.57049148941));
#3649 = DIRECTION('',(0.,-1.,1.110223024625E-16));
#3650 = DIRECTION('',(1.,0.,0.));
#3651 = ORIENTED_EDGE('',*,*,#3652,.T.);
#3652 = EDGE_CURVE('',#3644,#3653,#3655,.T.);
#3653 = VERTEX_POINT('',#3654);
#3654 = CARTESIAN_POINT('',(48.315067846989,11.17001,-25.1063753649));
#3655 = CIRCLE('',#3656,2.10098297883);
#3656 = AXIS2_PLACEMENT_3D('',#3657,#3658,#3659);
#3657 = CARTESIAN_POINT('',(46.808252180995,11.17001,-26.57049148941));
#3658 = DIRECTION('',(0.,-1.,1.110223024625E-16));
#3659 = DIRECTION('',(1.,0.,0.));
#3660 = ORIENTED_EDGE('',*,*,#3661,.F.);
#3661 = EDGE_CURVE('',#3625,#3653,#3662,.T.);
#3662 = LINE('',#3663,#3664);
#3663 = CARTESIAN_POINT('',(48.315067846989,11.17001,-25.1063753649));
#3664 = VECTOR('',#3665,1.);
#3665 = DIRECTION('',(0.,1.,-1.110223024625E-16));
#3666 = CYLINDRICAL_SURFACE('',#3667,2.10098297883);
#3667 = AXIS2_PLACEMENT_3D('',#3668,#3669,#3670);
#3668 = CARTESIAN_POINT('',(46.808252180995,11.17001,-26.57049148941));
#3669 = DIRECTION('',(0.,-1.,1.110223024625E-16));
#3670 = DIRECTION('',(1.,0.,0.));
#3671 = ADVANCED_FACE('',(#3672),#3708,.T.);
#3672 = FACE_BOUND('',#3673,.T.);
#3673 = EDGE_LOOP('',(#3674,#3685,#3693,#3702));
#3674 = ORIENTED_EDGE('',*,*,#3675,.F.);
#3675 = EDGE_CURVE('',#3676,#3678,#3680,.T.);
#3676 = VERTEX_POINT('',#3677);
#3677 = CARTESIAN_POINT('',(13.81308230376,149.10001,-9.));
#3678 = VERTEX_POINT('',#3679);
#3679 = CARTESIAN_POINT('',(74.467195473164,149.10001,-8.));
#3680 = CIRCLE('',#3681,31.5);
#3681 = AXIS2_PLACEMENT_3D('',#3682,#3683,#3684);
#3682 = CARTESIAN_POINT('',(44.,149.10001,-1.494360302168E-14));
#3683 = DIRECTION('',(0.,-1.,1.110223024625E-16));
#3684 = DIRECTION('',(1.,-6.798155367235E-33,-6.123233995737E-17));
#3685 = ORIENTED_EDGE('',*,*,#3686,.T.);
#3686 = EDGE_CURVE('',#3676,#3687,#3689,.T.);
#3687 = VERTEX_POINT('',#3688);
#3688 = CARTESIAN_POINT('',(13.81308230376,153.72251092524,-9.));
#3689 = LINE('',#3690,#3691);
#3690 = CARTESIAN_POINT('',(13.81308230376,212.10001,-9.));
#3691 = VECTOR('',#3692,1.);
#3692 = DIRECTION('',(0.,1.,-1.110223024625E-16));
#3693 = ORIENTED_EDGE('',*,*,#3694,.T.);
#3694 = EDGE_CURVE('',#3687,#3695,#3697,.T.);
#3695 = VERTEX_POINT('',#3696);
#3696 = CARTESIAN_POINT('',(74.467195473164,153.72251092524,-8.));
#3697 = CIRCLE('',#3698,31.5);
#3698 = AXIS2_PLACEMENT_3D('',#3699,#3700,#3701);
#3699 = CARTESIAN_POINT('',(44.,153.72251092524,-1.591679619592E-14));
#3700 = DIRECTION('',(0.,-1.,-2.194012167712E-16));
#3701 = DIRECTION('',(0.,2.194012167712E-16,-1.));
#3702 = ORIENTED_EDGE('',*,*,#3703,.F.);
#3703 = EDGE_CURVE('',#3678,#3695,#3704,.T.);
#3704 = LINE('',#3705,#3706);
#3705 = CARTESIAN_POINT('',(74.467195473164,212.10001,-8.));
#3706 = VECTOR('',#3707,1.);
#3707 = DIRECTION('',(0.,1.,-1.110223024625E-16));
#3708 = CYLINDRICAL_SURFACE('',#3709,31.5);
#3709 = AXIS2_PLACEMENT_3D('',#3710,#3711,#3712);
#3710 = CARTESIAN_POINT('',(44.,212.10001,-2.193800807682E-14));
#3711 = DIRECTION('',(0.,-1.,1.110223024625E-16));
#3712 = DIRECTION('',(0.,-1.110223024625E-16,-1.));
#3713 = ADVANCED_FACE('',(#3714),#3739,.F.);
#3714 = FACE_BOUND('',#3715,.T.);
#3715 = EDGE_LOOP('',(#3716,#3726,#3732,#3733));
#3716 = ORIENTED_EDGE('',*,*,#3717,.T.);
#3717 = EDGE_CURVE('',#3718,#3720,#3722,.T.);
#3718 = VERTEX_POINT('',#3719);
#3719 = CARTESIAN_POINT('',(32.98874958639,9.50001,-24.27));
#3720 = VERTEX_POINT('',#3721);
#3721 = CARTESIAN_POINT('',(32.97099562035,9.50001,-24.27));
#3722 = LINE('',#3723,#3724);
#3723 = CARTESIAN_POINT('',(32.98874958639,9.50001,-24.27));
#3724 = VECTOR('',#3725,1.);
#3725 = DIRECTION('',(-1.,1.962789321056E-28,-1.2610576602E-12));
#3726 = ORIENTED_EDGE('',*,*,#3727,.T.);
#3727 = EDGE_CURVE('',#3720,#2092,#3728,.T.);
#3728 = LINE('',#3729,#3730);
#3729 = CARTESIAN_POINT('',(32.97099562035,11.17001,-24.27));
#3730 = VECTOR('',#3731,1.);
#3731 = DIRECTION('',(0.,1.,-1.110223024625E-16));
#3732 = ORIENTED_EDGE('',*,*,#2091,.T.);
#3733 = ORIENTED_EDGE('',*,*,#3734,.F.);
#3734 = EDGE_CURVE('',#3718,#2083,#3735,.T.);
#3735 = LINE('',#3736,#3737);
#3736 = CARTESIAN_POINT('',(32.98874958639,11.17001,-24.27));
#3737 = VECTOR('',#3738,1.);
#3738 = DIRECTION('',(0.,1.,-1.110223024625E-16));
#3739 = PLANE('',#3740);
#3740 = AXIS2_PLACEMENT_3D('',#3741,#3742,#3743);
#3741 = CARTESIAN_POINT('',(32.98874958639,11.17001,-24.27));
#3742 = DIRECTION('',(-2.005417653664E-36,1.110223040528E-16,1.));
#3743 = DIRECTION('',(-1.,-1.2610576602E-12,1.400055249734E-28));
#3744 = ADVANCED_FACE('',(#3745),#3825,.F.);
#3745 = FACE_BOUND('',#3746,.T.);
#3746 = EDGE_LOOP('',(#3747,#3756,#3765,#3774,#3782,#3791,#3800,#3809,
    #3817,#3824));
#3747 = ORIENTED_EDGE('',*,*,#3748,.F.);
#3748 = EDGE_CURVE('',#3749,#3644,#3751,.T.);
#3749 = VERTEX_POINT('',#3750);
#3750 = CARTESIAN_POINT('',(48.627756813569,11.17001,-23.81999999999));
#3751 = CIRCLE('',#3752,1.7);
#3752 = AXIS2_PLACEMENT_3D('',#3753,#3754,#3755);
#3753 = CARTESIAN_POINT('',(50.1,11.17001,-24.67));
#3754 = DIRECTION('',(0.,-1.,1.110223024625E-16));
#3755 = DIRECTION('',(-1.,0.,0.));
#3756 = ORIENTED_EDGE('',*,*,#3757,.T.);
#3757 = EDGE_CURVE('',#3749,#3758,#3760,.T.);
#3758 = VERTEX_POINT('',#3759);
#3759 = CARTESIAN_POINT('',(48.315067846989,11.17001,-24.23362463509));
#3760 = CIRCLE('',#3761,2.10098297883);
#3761 = AXIS2_PLACEMENT_3D('',#3762,#3763,#3764);
#3762 = CARTESIAN_POINT('',(46.808252180995,11.17001,-22.76950851058));
#3763 = DIRECTION('',(0.,1.,-1.110223024625E-16));
#3764 = DIRECTION('',(1.,0.,0.));
#3765 = ORIENTED_EDGE('',*,*,#3766,.T.);
#3766 = EDGE_CURVE('',#3758,#3767,#3769,.T.);
#3767 = VERTEX_POINT('',#3768);
#3768 = CARTESIAN_POINT('',(48.229004379678,11.17001,-24.27));
#3769 = CIRCLE('',#3770,0.12);
#3770 = AXIS2_PLACEMENT_3D('',#3771,#3772,#3773);
#3771 = CARTESIAN_POINT('',(48.229004379678,11.17001,-24.15));
#3772 = DIRECTION('',(0.,1.,-1.110223024625E-16));
#3773 = DIRECTION('',(1.,0.,0.));
#3774 = ORIENTED_EDGE('',*,*,#3775,.T.);
#3775 = EDGE_CURVE('',#3767,#3776,#3778,.T.);
#3776 = VERTEX_POINT('',#3777);
#3777 = CARTESIAN_POINT('',(48.211250413647,11.17001,-24.27));
#3778 = LINE('',#3779,#3780);
#3779 = CARTESIAN_POINT('',(48.211250413647,11.17001,-24.27));
#3780 = VECTOR('',#3781,1.);
#3781 = DIRECTION('',(-1.,-3.389964285059E-31,-3.053408378198E-15));
#3782 = ORIENTED_EDGE('',*,*,#3783,.F.);
#3783 = EDGE_CURVE('',#3784,#3776,#3786,.T.);
#3784 = VERTEX_POINT('',#3785);
#3785 = CARTESIAN_POINT('',(48.157145607788,11.17001,-24.3151171875));
#3786 = CIRCLE('',#3787,5.5E-02);
#3787 = AXIS2_PLACEMENT_3D('',#3788,#3789,#3790);
#3788 = CARTESIAN_POINT('',(48.211250413647,11.17001,-24.325));
#3789 = DIRECTION('',(0.,1.,-1.110223024625E-16));
#3790 = DIRECTION('',(1.,0.,0.));
#3791 = ORIENTED_EDGE('',*,*,#3792,.T.);
#3792 = EDGE_CURVE('',#3784,#3793,#3795,.T.);
#3793 = VERTEX_POINT('',#3794);
#3794 = CARTESIAN_POINT('',(48.157145607788,11.17001,-25.0248828125));
#3795 = CIRCLE('',#3796,1.975);
#3796 = AXIS2_PLACEMENT_3D('',#3797,#3798,#3799);
#3797 = CARTESIAN_POINT('',(50.100000000014,11.17001,-24.66999999999));
#3798 = DIRECTION('',(0.,-1.,1.110223024625E-16));
#3799 = DIRECTION('',(1.,0.,0.));
#3800 = ORIENTED_EDGE('',*,*,#3801,.T.);
#3801 = EDGE_CURVE('',#3793,#3802,#3804,.T.);
#3802 = VERTEX_POINT('',#3803);
#3803 = CARTESIAN_POINT('',(48.211250413647,11.17001,-25.07));
#3804 = CIRCLE('',#3805,5.5E-02);
#3805 = AXIS2_PLACEMENT_3D('',#3806,#3807,#3808);
#3806 = CARTESIAN_POINT('',(48.211250413647,11.17001,-25.015));
#3807 = DIRECTION('',(0.,-1.,1.110223024625E-16));
#3808 = DIRECTION('',(1.,0.,0.));
#3809 = ORIENTED_EDGE('',*,*,#3810,.F.);
#3810 = EDGE_CURVE('',#3811,#3802,#3813,.T.);
#3811 = VERTEX_POINT('',#3812);
#3812 = CARTESIAN_POINT('',(48.229004379678,11.17001,-25.07));
#3813 = LINE('',#3814,#3815);
#3814 = CARTESIAN_POINT('',(48.211250413647,11.17001,-25.07));
#3815 = VECTOR('',#3816,1.);
#3816 = DIRECTION('',(-1.,3.389964285058E-31,3.053408378197E-15));
#3817 = ORIENTED_EDGE('',*,*,#3818,.F.);
#3818 = EDGE_CURVE('',#3653,#3811,#3819,.T.);
#3819 = CIRCLE('',#3820,0.12);
#3820 = AXIS2_PLACEMENT_3D('',#3821,#3822,#3823);
#3821 = CARTESIAN_POINT('',(48.229004379678,11.17001,-25.19));
#3822 = DIRECTION('',(0.,-1.,1.110223024625E-16));
#3823 = DIRECTION('',(1.,0.,0.));
#3824 = ORIENTED_EDGE('',*,*,#3652,.F.);
#3825 = PLANE('',#3826);
#3826 = AXIS2_PLACEMENT_3D('',#3827,#3828,#3829);
#3827 = CARTESIAN_POINT('',(48.211250413647,11.17001,-25.015));
#3828 = DIRECTION('',(0.,1.,-1.110223024625E-16));
#3829 = DIRECTION('',(-1.,0.,0.));
#3830 = ADVANCED_FACE('',(#3831),#3876,.T.);
#3831 = FACE_BOUND('',#3832,.T.);
#3832 = EDGE_LOOP('',(#3833,#3844,#3852,#3861,#3870));
#3833 = ORIENTED_EDGE('',*,*,#3834,.F.);
#3834 = EDGE_CURVE('',#3835,#3837,#3839,.T.);
#3835 = VERTEX_POINT('',#3836);
#3836 = CARTESIAN_POINT('',(29.31506784699,9.50001,-24.23362463509));
#3837 = VERTEX_POINT('',#3838);
#3838 = CARTESIAN_POINT('',(29.82962177191,9.50001,-23.3423910939));
#3839 = CIRCLE('',#3840,2.10098297883);
#3840 = AXIS2_PLACEMENT_3D('',#3841,#3842,#3843);
#3841 = CARTESIAN_POINT('',(27.808252181,9.50001,-22.76950851058));
#3842 = DIRECTION('',(0.,-1.,1.110223024625E-16));
#3843 = DIRECTION('',(1.,0.,0.));
#3844 = ORIENTED_EDGE('',*,*,#3845,.T.);
#3845 = EDGE_CURVE('',#3835,#3846,#3848,.T.);
#3846 = VERTEX_POINT('',#3847);
#3847 = CARTESIAN_POINT('',(29.31506784699,11.17001,-24.23362463509));
#3848 = LINE('',#3849,#3850);
#3849 = CARTESIAN_POINT('',(29.31506784699,11.17001,-24.23362463509));
#3850 = VECTOR('',#3851,1.);
#3851 = DIRECTION('',(0.,1.,-1.110223024625E-16));
#3852 = ORIENTED_EDGE('',*,*,#3853,.F.);
#3853 = EDGE_CURVE('',#3854,#3846,#3856,.T.);
#3854 = VERTEX_POINT('',#3855);
#3855 = CARTESIAN_POINT('',(29.62775681357,11.17001,-23.81999999999));
#3856 = CIRCLE('',#3857,2.10098297883);
#3857 = AXIS2_PLACEMENT_3D('',#3858,#3859,#3860);
#3858 = CARTESIAN_POINT('',(27.808252181,11.17001,-22.76950851058));
#3859 = DIRECTION('',(0.,1.,-1.110223024625E-16));
#3860 = DIRECTION('',(1.,0.,0.));
#3861 = ORIENTED_EDGE('',*,*,#3862,.F.);
#3862 = EDGE_CURVE('',#3863,#3854,#3865,.T.);
#3863 = VERTEX_POINT('',#3864);
#3864 = CARTESIAN_POINT('',(29.82962177191,11.17001,-23.3423910939));
#3865 = CIRCLE('',#3866,2.10098297883);
#3866 = AXIS2_PLACEMENT_3D('',#3867,#3868,#3869);
#3867 = CARTESIAN_POINT('',(27.808252181,11.17001,-22.76950851058));
#3868 = DIRECTION('',(0.,1.,-1.110223024625E-16));
#3869 = DIRECTION('',(1.,0.,0.));
#3870 = ORIENTED_EDGE('',*,*,#3871,.F.);
#3871 = EDGE_CURVE('',#3837,#3863,#3872,.T.);
#3872 = LINE('',#3873,#3874);
#3873 = CARTESIAN_POINT('',(29.82962177191,11.17001,-23.3423910939));
#3874 = VECTOR('',#3875,1.);
#3875 = DIRECTION('',(0.,1.,-1.110223024625E-16));
#3876 = CYLINDRICAL_SURFACE('',#3877,2.10098297883);
#3877 = AXIS2_PLACEMENT_3D('',#3878,#3879,#3880);
#3878 = CARTESIAN_POINT('',(27.808252181,11.17001,-22.76950851058));
#3879 = DIRECTION('',(0.,-1.,1.110223024625E-16));
#3880 = DIRECTION('',(1.,0.,0.));
#3881 = ADVANCED_FACE('',(#3882),#3909,.T.);
#3882 = FACE_BOUND('',#3883,.T.);
#3883 = EDGE_LOOP('',(#3884,#3894,#3901,#3902));
#3884 = ORIENTED_EDGE('',*,*,#3885,.F.);
#3885 = EDGE_CURVE('',#3886,#3888,#3890,.T.);
#3886 = VERTEX_POINT('',#3887);
#3887 = CARTESIAN_POINT('',(68.336187047276,149.10001,20.));
#3888 = VERTEX_POINT('',#3889);
#3889 = CARTESIAN_POINT('',(68.336187047276,153.72251092524,20.));
#3890 = LINE('',#3891,#3892);
#3891 = CARTESIAN_POINT('',(68.336187047276,212.10001,20.));
#3892 = VECTOR('',#3893,1.);
#3893 = DIRECTION('',(0.,1.,-1.110223024625E-16));
#3894 = ORIENTED_EDGE('',*,*,#3895,.F.);
#3895 = EDGE_CURVE('',#1893,#3886,#3896,.T.);
#3896 = CIRCLE('',#3897,31.5);
#3897 = AXIS2_PLACEMENT_3D('',#3898,#3899,#3900);
#3898 = CARTESIAN_POINT('',(44.,149.10001,-1.494360302168E-14));
#3899 = DIRECTION('',(0.,-1.,1.110223024625E-16));
#3900 = DIRECTION('',(1.,-6.798155367235E-33,-6.123233995737E-17));
#3901 = ORIENTED_EDGE('',*,*,#1892,.F.);
#3902 = ORIENTED_EDGE('',*,*,#3903,.T.);
#3903 = EDGE_CURVE('',#1881,#3888,#3904,.T.);
#3904 = CIRCLE('',#3905,31.5);
#3905 = AXIS2_PLACEMENT_3D('',#3906,#3907,#3908);
#3906 = CARTESIAN_POINT('',(44.,153.72251092524,-1.591679619592E-14));
#3907 = DIRECTION('',(0.,-1.,-2.194012167712E-16));
#3908 = DIRECTION('',(0.,2.194012167712E-16,-1.));
#3909 = CYLINDRICAL_SURFACE('',#3910,31.5);
#3910 = AXIS2_PLACEMENT_3D('',#3911,#3912,#3913);
#3911 = CARTESIAN_POINT('',(44.,212.10001,-2.193800807682E-14));
#3912 = DIRECTION('',(0.,-1.,1.110223024625E-16));
#3913 = DIRECTION('',(0.,-1.110223024625E-16,-1.));
#3914 = ADVANCED_FACE('',(#3915),#3925,.T.);
#3915 = FACE_BOUND('',#3916,.T.);
#3916 = EDGE_LOOP('',(#3917,#3923,#3924));
#3917 = ORIENTED_EDGE('',*,*,#3918,.F.);
#3918 = EDGE_CURVE('',#2166,#2927,#3919,.T.);
#3919 = LINE('',#3920,#3921);
#3920 = CARTESIAN_POINT('',(64.87,201.10001,-9.15));
#3921 = VECTOR('',#3922,1.);
#3922 = DIRECTION('',(0.,1.,-1.110223024625E-16));
#3923 = ORIENTED_EDGE('',*,*,#2868,.F.);
#3924 = ORIENTED_EDGE('',*,*,#2935,.F.);
#3925 = PLANE('',#3926);
#3926 = AXIS2_PLACEMENT_3D('',#3927,#3928,#3929);
#3927 = CARTESIAN_POINT('',(64.87,201.10001,-9.15));
#3928 = DIRECTION('',(1.,-2.978434091455E-32,-2.682734932885E-16));
#3929 = DIRECTION('',(2.682734932885E-16,1.110223024625E-16,1.));
#3930 = ADVANCED_FACE('',(#3931),#3965,.T.);
#3931 = FACE_BOUND('',#3932,.T.);
#3932 = EDGE_LOOP('',(#3933,#3943,#3951,#3959));
#3933 = ORIENTED_EDGE('',*,*,#3934,.F.);
#3934 = EDGE_CURVE('',#3935,#3937,#3939,.T.);
#3935 = VERTEX_POINT('',#3936);
#3936 = CARTESIAN_POINT('',(30.50203536834,9.50001,-22.83429487682));
#3937 = VERTEX_POINT('',#3938);
#3938 = CARTESIAN_POINT('',(30.51091235136,9.50001,-22.84967026242));
#3939 = LINE('',#3940,#3941);
#3940 = CARTESIAN_POINT('',(30.50203536834,9.50001,-22.83429487682));
#3941 = VECTOR('',#3942,1.);
#3942 = DIRECTION('',(0.5,1.118431410553E-16,-0.866025403784));
#3943 = ORIENTED_EDGE('',*,*,#3944,.T.);
#3944 = EDGE_CURVE('',#3935,#3945,#3947,.T.);
#3945 = VERTEX_POINT('',#3946);
#3946 = CARTESIAN_POINT('',(30.50203536834,11.17001,-22.83429487682));
#3947 = LINE('',#3948,#3949);
#3948 = CARTESIAN_POINT('',(30.50203536834,11.17001,-22.83429487682));
#3949 = VECTOR('',#3950,1.);
#3950 = DIRECTION('',(0.,1.,-1.110223024625E-16));
#3951 = ORIENTED_EDGE('',*,*,#3952,.F.);
#3952 = EDGE_CURVE('',#3953,#3945,#3955,.T.);
#3953 = VERTEX_POINT('',#3954);
#3954 = CARTESIAN_POINT('',(30.51091235136,11.17001,-22.84967026242));
#3955 = LINE('',#3956,#3957);
#3956 = CARTESIAN_POINT('',(30.50203536834,11.17001,-22.83429487682));
#3957 = VECTOR('',#3958,1.);
#3958 = DIRECTION('',(-0.5,-1.118431410553E-16,0.866025403784));
#3959 = ORIENTED_EDGE('',*,*,#3960,.F.);
#3960 = EDGE_CURVE('',#3937,#3953,#3961,.T.);
#3961 = LINE('',#3962,#3963);
#3962 = CARTESIAN_POINT('',(30.51091235136,11.17001,-22.84967026242));
#3963 = VECTOR('',#3964,1.);
#3964 = DIRECTION('',(0.,1.,-1.110223024625E-16));
#3965 = PLANE('',#3966);
#3966 = AXIS2_PLACEMENT_3D('',#3967,#3968,#3969);
#3967 = CARTESIAN_POINT('',(30.50203536834,11.17001,-22.83429487682));
#3968 = DIRECTION('',(-0.866025403784,-5.551115123128E-17,-0.5));
#3969 = DIRECTION('',(0.,-1.,1.110223024625E-16));
#3970 = ADVANCED_FACE('',(#3971),#4023,.F.);
#3971 = FACE_BOUND('',#3972,.F.);
#3972 = EDGE_LOOP('',(#3973,#3982,#3991,#3998,#4007,#4014,#4015,#4022));
#3973 = ORIENTED_EDGE('',*,*,#3974,.T.);
#3974 = EDGE_CURVE('',#3975,#3977,#3979,.T.);
#3975 = VERTEX_POINT('',#3976);
#3976 = CARTESIAN_POINT('',(31.1,12.19147305235,-24.67));
#3977 = VERTEX_POINT('',#3978);
#3978 = CARTESIAN_POINT('',(31.10000000001,11.17001,-26.37));
#3979 = B_SPLINE_CURVE_WITH_KNOTS('',1,(#3980,#3981),.UNSPECIFIED.,.F.,
  .F.,(2,2),(-1.983276776668,0.),.PIECEWISE_BEZIER_KNOTS.);
#3980 = CARTESIAN_POINT('',(31.1,12.19147305507,-24.67));
#3981 = CARTESIAN_POINT('',(31.1,11.17001,-26.37));
#3982 = ORIENTED_EDGE('',*,*,#3983,.F.);
#3983 = EDGE_CURVE('',#3984,#3977,#3986,.T.);
#3984 = VERTEX_POINT('',#3985);
#3985 = CARTESIAN_POINT('',(29.62775681358,11.17001,-25.51999999999));
#3986 = CIRCLE('',#3987,1.7);
#3987 = AXIS2_PLACEMENT_3D('',#3988,#3989,#3990);
#3988 = CARTESIAN_POINT('',(31.1,11.17001,-24.67));
#3989 = DIRECTION('',(0.,-1.,1.110223024625E-16));
#3990 = DIRECTION('',(-1.,0.,0.));
#3991 = ORIENTED_EDGE('',*,*,#3992,.F.);
#3992 = EDGE_CURVE('',#3854,#3984,#3993,.T.);
#3993 = CIRCLE('',#3994,1.7);
#3994 = AXIS2_PLACEMENT_3D('',#3995,#3996,#3997);
#3995 = CARTESIAN_POINT('',(31.1,11.17001,-24.67));
#3996 = DIRECTION('',(0.,-1.,1.110223024625E-16));
#3997 = DIRECTION('',(-1.,0.,0.));
#3998 = ORIENTED_EDGE('',*,*,#3999,.F.);
#3999 = EDGE_CURVE('',#4000,#3854,#4002,.T.);
#4000 = VERTEX_POINT('',#4001);
#4001 = CARTESIAN_POINT('',(31.10000000001,11.17001,-22.97));
#4002 = CIRCLE('',#4003,1.7);
#4003 = AXIS2_PLACEMENT_3D('',#4004,#4005,#4006);
#4004 = CARTESIAN_POINT('',(31.1,11.17001,-24.67));
#4005 = DIRECTION('',(0.,-1.,1.110223024625E-16));
#4006 = DIRECTION('',(-1.,0.,0.));
#4007 = ORIENTED_EDGE('',*,*,#4008,.F.);
#4008 = EDGE_CURVE('',#2030,#4000,#4009,.T.);
#4009 = CIRCLE('',#4010,1.7);
#4010 = AXIS2_PLACEMENT_3D('',#4011,#4012,#4013);
#4011 = CARTESIAN_POINT('',(31.1,11.17001,-24.67));
#4012 = DIRECTION('',(0.,-1.,1.110223024625E-16));
#4013 = DIRECTION('',(-1.,0.,0.));
#4014 = ORIENTED_EDGE('',*,*,#2027,.F.);
#4015 = ORIENTED_EDGE('',*,*,#4016,.F.);
#4016 = EDGE_CURVE('',#3977,#2028,#4017,.T.);
#4017 = CIRCLE('',#4018,1.7);
#4018 = AXIS2_PLACEMENT_3D('',#4019,#4020,#4021);
#4019 = CARTESIAN_POINT('',(31.1,11.17001,-24.67));
#4020 = DIRECTION('',(6.123031769112E-17,-1.,1.110223024625E-16));
#4021 = DIRECTION('',(0.,-1.110223024625E-16,-1.));
#4022 = ORIENTED_EDGE('',*,*,#3974,.F.);
#4023 = CONICAL_SURFACE('',#4024,1.7,1.0297442575);
#4024 = AXIS2_PLACEMENT_3D('',#4025,#4026,#4027);
#4025 = CARTESIAN_POINT('',(31.1,11.17001,-24.67));
#4026 = DIRECTION('',(6.123031769112E-17,-1.,-2.055217740305E-16));
#4027 = DIRECTION('',(0.,2.055217740305E-16,-1.));
#4028 = ADVANCED_FACE('',(#4029),#4047,.T.);
#4029 = FACE_BOUND('',#4030,.T.);
#4030 = EDGE_LOOP('',(#4031,#4032,#4039,#4046));
#4031 = ORIENTED_EDGE('',*,*,#409,.T.);
#4032 = ORIENTED_EDGE('',*,*,#4033,.F.);
#4033 = EDGE_CURVE('',#4034,#403,#4036,.T.);
#4034 = VERTEX_POINT('',#4035);
#4035 = CARTESIAN_POINT('',(36.467673779453,4.47818551339,
    19.906551372012));
#4036 = B_SPLINE_CURVE_WITH_KNOTS('',1,(#4037,#4038),.UNSPECIFIED.,.F.,
  .F.,(2,2),(-8.164480777828E-15,0.424264068712),
  .PIECEWISE_BEZIER_KNOTS.);
#4037 = CARTESIAN_POINT('',(36.467673779453,4.47818551339,
    19.906551372012));
#4038 = CARTESIAN_POINT('',(36.727959851555,4.25680067946,
    20.158026849897));
#4039 = ORIENTED_EDGE('',*,*,#4040,.F.);
#4040 = EDGE_CURVE('',#4034,#4034,#4041,.T.);
#4041 = CIRCLE('',#4042,5.45);
#4042 = AXIS2_PLACEMENT_3D('',#4043,#4044,#4045);
#4043 = CARTESIAN_POINT('',(37.106345728915,8.50001,16.284462756332));
#4044 = DIRECTION('',(-0.984807753012,1.804112415016E-16,-0.173648177667
    ));
#4045 = DIRECTION('',(-0.117187513663,-0.737949447085,0.664603415721));
#4046 = ORIENTED_EDGE('',*,*,#4033,.T.);
#4047 = CONICAL_SURFACE('',#4048,5.45,0.7853981625);
#4048 = AXIS2_PLACEMENT_3D('',#4049,#4050,#4051);
#4049 = CARTESIAN_POINT('',(37.106345728915,8.50001,16.284462756332));
#4050 = DIRECTION('',(0.984807753012,-2.516348399277E-16,0.173648177667)
  );
#4051 = DIRECTION('',(0.117187513663,0.737949447085,-0.664603415721));
#4052 = ADVANCED_FACE('',(#4053),#4083,.T.);
#4053 = FACE_BOUND('',#4054,.T.);
#4054 = EDGE_LOOP('',(#4055,#4065,#4074,#4080,#4081,#4082));
#4055 = ORIENTED_EDGE('',*,*,#4056,.T.);
#4056 = EDGE_CURVE('',#2918,#4057,#4059,.T.);
#4057 = VERTEX_POINT('',#4058);
#4058 = CARTESIAN_POINT('',(64.86917251483,206.10001,-9.080966458552));
#4059 = B_SPLINE_CURVE_WITH_KNOTS('',3,(#4060,#4061,#4062,#4063,#4064),
  .UNSPECIFIED.,.F.,.F.,(4,1,4),(0.,0.490013005697,1.),.UNSPECIFIED.);
#4060 = CARTESIAN_POINT('',(64.869819061639,205.96005217052,
    -9.117717307759));
#4061 = CARTESIAN_POINT('',(64.86978002841,205.98350264669,
    -9.113972586915));
#4062 = CARTESIAN_POINT('',(64.869700370871,206.03135949112,
    -9.106330502316));
#4063 = CARTESIAN_POINT('',(64.869350794323,206.07682379587,
    -9.089532977662));
#4064 = CARTESIAN_POINT('',(64.86917251483,206.10001,-9.080966458552));
#4065 = ORIENTED_EDGE('',*,*,#4066,.F.);
#4066 = EDGE_CURVE('',#4067,#4057,#4069,.T.);
#4067 = VERTEX_POINT('',#4068);
#4068 = CARTESIAN_POINT('',(61.99,206.10001,-6.27));
#4069 = CIRCLE('',#4070,2.88);
#4070 = AXIS2_PLACEMENT_3D('',#4071,#4072,#4073);
#4071 = CARTESIAN_POINT('',(61.99,206.10001,-9.15));
#4072 = DIRECTION('',(0.,1.,-1.110223024625E-16));
#4073 = DIRECTION('',(1.,0.,0.));
#4074 = ORIENTED_EDGE('',*,*,#4075,.F.);
#4075 = EDGE_CURVE('',#2124,#4067,#4076,.T.);
#4076 = LINE('',#4077,#4078);
#4077 = CARTESIAN_POINT('',(61.99,201.10001,-6.27));
#4078 = VECTOR('',#4079,1.);
#4079 = DIRECTION('',(0.,1.,-1.110223024625E-16));
#4080 = ORIENTED_EDGE('',*,*,#2165,.F.);
#4081 = ORIENTED_EDGE('',*,*,#3918,.T.);
#4082 = ORIENTED_EDGE('',*,*,#2926,.F.);
#4083 = CYLINDRICAL_SURFACE('',#4084,2.88);
#4084 = AXIS2_PLACEMENT_3D('',#4085,#4086,#4087);
#4085 = CARTESIAN_POINT('',(61.99,201.10001,-9.15));
#4086 = DIRECTION('',(0.,1.,-1.110223024625E-16));
#4087 = DIRECTION('',(0.,1.110223024625E-16,1.));
#4088 = ADVANCED_FACE('',(#4089),#4166,.T.);
#4089 = FACE_BOUND('',#4090,.T.);
#4090 = EDGE_LOOP('',(#4091,#4107,#4116,#4125,#4141,#4157,#4164,#4165));
#4091 = ORIENTED_EDGE('',*,*,#4092,.F.);
#4092 = EDGE_CURVE('',#4093,#2911,#4095,.T.);
#4093 = VERTEX_POINT('',#4094);
#4094 = CARTESIAN_POINT('',(24.28002854896,207.09191787694,-9.0925));
#4095 = B_SPLINE_CURVE_WITH_KNOTS('',2,(#4096,#4097,#4098,#4099,#4100,
    #4101,#4102,#4103,#4104,#4105,#4106),.UNSPECIFIED.,.F.,.F.,(3,2,2,2,
    2,3),(0.,0.2,0.5,0.625,0.75,1.),.UNSPECIFIED.);
#4096 = CARTESIAN_POINT('',(24.28002854896,207.09191787694,-9.0925));
#4097 = CARTESIAN_POINT('',(24.27235188874,207.07862151141,
    -9.347903475763));
#4098 = CARTESIAN_POINT('',(24.25294564024,207.04500890302,
    -9.552116345271));
#4099 = CARTESIAN_POINT('',(24.21356074491,206.97679226325,
    -9.966565458929));
#4100 = CARTESIAN_POINT('',(24.12895179481,206.83024526292,
    -10.19589374261));
#4101 = CARTESIAN_POINT('',(24.0815485953,206.74814051292,
    -10.32437771946));
#4102 = CARTESIAN_POINT('',(24.02148408426,206.64410572806,
    -10.38741314412));
#4103 = CARTESIAN_POINT('',(23.95665806312,206.5318237658,-10.4554455929
    ));
#4104 = CARTESIAN_POINT('',(23.88074256989,206.40033427445,
    -10.4402706294));
#4105 = CARTESIAN_POINT('',(23.75769591719,206.18721122026,
    -10.41567448462));
#4106 = CARTESIAN_POINT('',(23.62654557867,205.96005217052,
    -10.17862817434));
#4107 = ORIENTED_EDGE('',*,*,#4108,.T.);
#4108 = EDGE_CURVE('',#4093,#4109,#4111,.T.);
#4109 = VERTEX_POINT('',#4110);
#4110 = CARTESIAN_POINT('',(24.30705578739,207.10001,-8.815662067299));
#4111 = B_SPLINE_CURVE_WITH_KNOTS('',3,(#4112,#4113,#4114,#4115),
  .UNSPECIFIED.,.F.,.F.,(4,4),(0.,1.),.PIECEWISE_BEZIER_KNOTS.);
#4112 = CARTESIAN_POINT('',(24.28002854896,207.09191787694,-9.0925));
#4113 = CARTESIAN_POINT('',(24.2828115295,207.09673814064,
    -8.999909878287));
#4114 = CARTESIAN_POINT('',(24.2921721509,207.10001,-8.907217449045));
#4115 = CARTESIAN_POINT('',(24.30705578739,207.10001,-8.815662067299));
#4116 = ORIENTED_EDGE('',*,*,#4117,.T.);
#4117 = EDGE_CURVE('',#4109,#4118,#4120,.T.);
#4118 = VERTEX_POINT('',#4119);
#4119 = CARTESIAN_POINT('',(64.015908267968,207.10001,-8.055517714817));
#4120 = CIRCLE('',#4121,21.576096714792);
#4121 = AXIS2_PLACEMENT_3D('',#4122,#4123,#4124);
#4122 = CARTESIAN_POINT('',(44.,207.10001,-2.13828965645E-14));
#4123 = DIRECTION('',(0.,-1.,1.110223024625E-16));
#4124 = DIRECTION('',(0.,-1.110223024625E-16,-1.));
#4125 = ORIENTED_EDGE('',*,*,#4126,.T.);
#4126 = EDGE_CURVE('',#4118,#4127,#4129,.T.);
#4127 = VERTEX_POINT('',#4128);
#4128 = CARTESIAN_POINT('',(64.524144041478,206.69905009226,-9.15));
#4129 = B_SPLINE_CURVE_WITH_KNOTS('',3,(#4130,#4131,#4132,#4133,#4134,
    #4135,#4136,#4137,#4138,#4139,#4140),.UNSPECIFIED.,.F.,.F.,(4,1,1,1,
    1,1,1,1,4),(0.,7.681087470449E-02,0.160085135984,0.249862115087,
    0.499535840201,0.646660465871,0.784947149944,0.901428720725,1.),
  .UNSPECIFIED.);
#4130 = CARTESIAN_POINT('',(64.015908267968,207.10001,-8.055517714817));
#4131 = CARTESIAN_POINT('',(64.03156945252,207.09953530293,
    -8.084822344856));
#4132 = CARTESIAN_POINT('',(64.064209659629,207.09854596457,
    -8.145897494732));
#4133 = CARTESIAN_POINT('',(64.113117324349,207.09020816095,
    -8.242003865835));
#4134 = CARTESIAN_POINT('',(64.192789841244,207.06720932424,
    -8.405018770431));
#4135 = CARTESIAN_POINT('',(64.275889025474,207.01980384622,
    -8.59356320258));
#4136 = CARTESIAN_POINT('',(64.358659090418,206.94186380652,
    -8.79557799017));
#4137 = CARTESIAN_POINT('',(64.419803134319,206.86654277421,
    -8.939996715426));
#4138 = CARTESIAN_POINT('',(64.472274586009,206.78747186163,
    -9.060753949171));
#4139 = CARTESIAN_POINT('',(64.507841601382,206.72684083317,
    -9.121950189486));
#4140 = CARTESIAN_POINT('',(64.524144041478,206.69905009226,-9.15));
#4141 = ORIENTED_EDGE('',*,*,#4142,.T.);
#4142 = EDGE_CURVE('',#4127,#4143,#4145,.T.);
#4143 = VERTEX_POINT('',#4144);
#4144 = CARTESIAN_POINT('',(64.818871451969,206.1885672429,-9.15));
#4145 = B_SPLINE_CURVE_WITH_KNOTS('',3,(#4146,#4147,#4148,#4149,#4150,
    #4151,#4152,#4153,#4154,#4155,#4156),.UNSPECIFIED.,.F.,.F.,(4,1,1,1,
    1,1,1,1,4),(0.,0.122071995847,0.239423128793,0.354816179153,
    0.471187745076,0.591430523659,0.718193305152,0.853757263903,1.),
  .UNSPECIFIED.);
#4146 = CARTESIAN_POINT('',(64.524144041478,206.69905009226,-9.15));
#4147 = CARTESIAN_POINT('',(64.534606188764,206.68092591793,
    -9.16493188102));
#4148 = CARTESIAN_POINT('',(64.555125883063,206.6453784814,
    -9.194218185777));
#4149 = CARTESIAN_POINT('',(64.589348851138,206.58607099586,
    -9.224958657324));
#4150 = CARTESIAN_POINT('',(64.624932999219,206.5244124273,
    -9.243959008766));
#4151 = CARTESIAN_POINT('',(64.661973837052,206.46024542469,
    -9.250299326043));
#4152 = CARTESIAN_POINT('',(64.70020749352,206.39403202348,
    -9.244136525994));
#4153 = CARTESIAN_POINT('',(64.739427875214,206.32612507741,
    -9.22526348507));
#4154 = CARTESIAN_POINT('',(64.779668895859,206.25645807616,
    -9.194335763473));
#4155 = CARTESIAN_POINT('',(64.805477930907,206.21176209026,
    -9.165147277132));
#4156 = CARTESIAN_POINT('',(64.818871451964,206.1885672429,
    -9.149999999998));
#4157 = ORIENTED_EDGE('',*,*,#4158,.T.);
#4158 = EDGE_CURVE('',#4143,#4057,#4159,.T.);
#4159 = B_SPLINE_CURVE_WITH_KNOTS('',3,(#4160,#4161,#4162,#4163),
  .UNSPECIFIED.,.F.,.F.,(4,4),(0.,1.),.PIECEWISE_BEZIER_KNOTS.);
#4160 = CARTESIAN_POINT('',(64.818871451969,206.1885672429,-9.15));
#4161 = CARTESIAN_POINT('',(64.836421020733,206.15817049815,
    -9.128785049968));
#4162 = CARTESIAN_POINT('',(64.853193190025,206.12869907501,
    -9.105535172674));
#4163 = CARTESIAN_POINT('',(64.86917251483,206.10001,-9.080966458552));
#4164 = ORIENTED_EDGE('',*,*,#4056,.F.);
#4165 = ORIENTED_EDGE('',*,*,#2917,.F.);
#4166 = TOROIDAL_SURFACE('',#4167,21.576096714792,1.2);
#4167 = AXIS2_PLACEMENT_3D('',#4168,#4169,#4170);
#4168 = CARTESIAN_POINT('',(44.,205.90001,-2.124966980155E-14));
#4169 = DIRECTION('',(0.,-1.,1.110223024625E-16));
#4170 = DIRECTION('',(0.,-1.110223024625E-16,-1.));
#4171 = ADVANCED_FACE('',(#4172),#4181,.T.);
#4172 = FACE_BOUND('',#4173,.T.);
#4173 = EDGE_LOOP('',(#4174,#4180));
#4174 = ORIENTED_EDGE('',*,*,#4175,.T.);
#4175 = EDGE_CURVE('',#4127,#4143,#4176,.T.);
#4176 = LINE('',#4177,#4178);
#4177 = CARTESIAN_POINT('',(64.87,206.10001,-9.15));
#4178 = VECTOR('',#4179,1.);
#4179 = DIRECTION('',(0.5,-0.866025403784,9.614813431917E-17));
#4180 = ORIENTED_EDGE('',*,*,#4142,.F.);
#4181 = PLANE('',#4182);
#4182 = AXIS2_PLACEMENT_3D('',#4183,#4184,#4185);
#4183 = CARTESIAN_POINT('',(64.87,206.10001,-9.15));
#4184 = DIRECTION('',(0.866025403784,0.5,-2.878428115821E-16));
#4185 = DIRECTION('',(2.682734932894E-16,1.110223024629E-16,1.));
#4186 = ADVANCED_FACE('',(#4187),#4291,.F.);
#4187 = FACE_BOUND('',#4188,.T.);
#4188 = EDGE_LOOP('',(#4189,#4199,#4205,#4206,#4212,#4213,#4221,#4229,
    #4237,#4245,#4253,#4261,#4269,#4277,#4285));
#4189 = ORIENTED_EDGE('',*,*,#4190,.F.);
#4190 = EDGE_CURVE('',#4191,#4193,#4195,.T.);
#4191 = VERTEX_POINT('',#4192);
#4192 = CARTESIAN_POINT('',(26.,16.50001,0.102141655122));
#4193 = VERTEX_POINT('',#4194);
#4194 = CARTESIAN_POINT('',(26.,16.50001,-12.5));
#4195 = LINE('',#4196,#4197);
#4196 = CARTESIAN_POINT('',(26.,16.50001,73.));
#4197 = VECTOR('',#4198,1.);
#4198 = DIRECTION('',(0.,-1.110223024625E-16,-1.));
#4199 = ORIENTED_EDGE('',*,*,#4200,.T.);
#4200 = EDGE_CURVE('',#4191,#2772,#4201,.T.);
#4201 = LINE('',#4202,#4203);
#4202 = CARTESIAN_POINT('',(26.,147.10001,0.102141655122));
#4203 = VECTOR('',#4204,1.);
#4204 = DIRECTION('',(0.,1.,-1.110223024625E-16));
#4205 = ORIENTED_EDGE('',*,*,#2779,.T.);
#4206 = ORIENTED_EDGE('',*,*,#4207,.F.);
#4207 = EDGE_CURVE('',#1469,#2753,#4208,.T.);
#4208 = LINE('',#4209,#4210);
#4209 = CARTESIAN_POINT('',(26.,36.50001,73.));
#4210 = VECTOR('',#4211,1.);
#4211 = DIRECTION('',(0.,-1.110223024625E-16,-1.));
#4212 = ORIENTED_EDGE('',*,*,#1468,.T.);
#4213 = ORIENTED_EDGE('',*,*,#4214,.T.);
#4214 = EDGE_CURVE('',#1471,#4215,#4217,.T.);
#4215 = VERTEX_POINT('',#4216);
#4216 = CARTESIAN_POINT('',(26.,133.10001,19.448650338777));
#4217 = LINE('',#4218,#4219);
#4218 = CARTESIAN_POINT('',(26.,133.10001,-1.316724618228E-14));
#4219 = VECTOR('',#4220,1.);
#4220 = DIRECTION('',(0.,-1.110223024625E-16,-1.));
#4221 = ORIENTED_EDGE('',*,*,#4222,.T.);
#4222 = EDGE_CURVE('',#4215,#4223,#4225,.T.);
#4223 = VERTEX_POINT('',#4224);
#4224 = CARTESIAN_POINT('',(26.,147.10001,19.448650338777));
#4225 = LINE('',#4226,#4227);
#4226 = CARTESIAN_POINT('',(26.,149.10001,19.448650338777));
#4227 = VECTOR('',#4228,1.);
#4228 = DIRECTION('',(0.,1.,-1.110223024625E-16));
#4229 = ORIENTED_EDGE('',*,*,#4230,.F.);
#4230 = EDGE_CURVE('',#4231,#4223,#4233,.T.);
#4231 = VERTEX_POINT('',#4232);
#4232 = CARTESIAN_POINT('',(26.,147.10001,-19.44865033877));
#4233 = LINE('',#4234,#4235);
#4234 = CARTESIAN_POINT('',(26.,147.10001,73.));
#4235 = VECTOR('',#4236,1.);
#4236 = DIRECTION('',(0.,1.110223024625E-16,1.));
#4237 = ORIENTED_EDGE('',*,*,#4238,.T.);
#4238 = EDGE_CURVE('',#4231,#4239,#4241,.T.);
#4239 = VERTEX_POINT('',#4240);
#4240 = CARTESIAN_POINT('',(26.,133.10001,-19.44865033877));
#4241 = LINE('',#4242,#4243);
#4242 = CARTESIAN_POINT('',(26.,149.10001,-19.44865033877));
#4243 = VECTOR('',#4244,1.);
#4244 = DIRECTION('',(0.,-1.,1.110223024625E-16));
#4245 = ORIENTED_EDGE('',*,*,#4246,.T.);
#4246 = EDGE_CURVE('',#4239,#4247,#4249,.T.);
#4247 = VERTEX_POINT('',#4248);
#4248 = CARTESIAN_POINT('',(26.,133.10001,-31.65));
#4249 = LINE('',#4250,#4251);
#4250 = CARTESIAN_POINT('',(26.,133.10001,-1.316724618228E-14));
#4251 = VECTOR('',#4252,1.);
#4252 = DIRECTION('',(0.,-1.110223024625E-16,-1.));
#4253 = ORIENTED_EDGE('',*,*,#4254,.F.);
#4254 = EDGE_CURVE('',#4255,#4247,#4257,.T.);
#4255 = VERTEX_POINT('',#4256);
#4256 = CARTESIAN_POINT('',(26.,16.50001,-31.65));
#4257 = LINE('',#4258,#4259);
#4258 = CARTESIAN_POINT('',(26.,175.10001,-31.65));
#4259 = VECTOR('',#4260,1.);
#4260 = DIRECTION('',(0.,1.,-1.110223024625E-16));
#4261 = ORIENTED_EDGE('',*,*,#4262,.F.);
#4262 = EDGE_CURVE('',#4263,#4255,#4265,.T.);
#4263 = VERTEX_POINT('',#4264);
#4264 = CARTESIAN_POINT('',(26.,16.50001,-19.45));
#4265 = LINE('',#4266,#4267);
#4266 = CARTESIAN_POINT('',(26.,16.50001,73.));
#4267 = VECTOR('',#4268,1.);
#4268 = DIRECTION('',(0.,-1.110223024625E-16,-1.));
#4269 = ORIENTED_EDGE('',*,*,#4270,.F.);
#4270 = EDGE_CURVE('',#4271,#4263,#4273,.T.);
#4271 = VERTEX_POINT('',#4272);
#4272 = CARTESIAN_POINT('',(26.,11.50001,-19.45));
#4273 = LINE('',#4274,#4275);
#4274 = CARTESIAN_POINT('',(26.,147.10001,-19.45));
#4275 = VECTOR('',#4276,1.);
#4276 = DIRECTION('',(0.,1.,-1.110223024625E-16));
#4277 = ORIENTED_EDGE('',*,*,#4278,.F.);
#4278 = EDGE_CURVE('',#4279,#4271,#4281,.T.);
#4279 = VERTEX_POINT('',#4280);
#4280 = CARTESIAN_POINT('',(26.,11.50001,-12.5));
#4281 = LINE('',#4282,#4283);
#4282 = CARTESIAN_POINT('',(26.,11.50001,73.));
#4283 = VECTOR('',#4284,1.);
#4284 = DIRECTION('',(0.,-1.110223024625E-16,-1.));
#4285 = ORIENTED_EDGE('',*,*,#4286,.F.);
#4286 = EDGE_CURVE('',#4193,#4279,#4287,.T.);
#4287 = LINE('',#4288,#4289);
#4288 = CARTESIAN_POINT('',(26.,147.10001,-12.5));
#4289 = VECTOR('',#4290,1.);
#4290 = DIRECTION('',(0.,-1.,1.110223024625E-16));
#4291 = PLANE('',#4292);
#4292 = AXIS2_PLACEMENT_3D('',#4293,#4294,#4295);
#4293 = CARTESIAN_POINT('',(26.,147.10001,73.));
#4294 = DIRECTION('',(1.,0.,0.));
#4295 = DIRECTION('',(0.,1.,-1.110223024625E-16));
#4296 = ADVANCED_FACE('',(#4297,#4308),#4342,.T.);
#4297 = FACE_BOUND('',#4298,.T.);
#4298 = EDGE_LOOP('',(#4299));
#4299 = ORIENTED_EDGE('',*,*,#4300,.F.);
#4300 = EDGE_CURVE('',#4301,#4301,#4303,.T.);
#4301 = VERTEX_POINT('',#4302);
#4302 = CARTESIAN_POINT('',(50.1,16.50001,-27.17));
#4303 = CIRCLE('',#4304,2.5);
#4304 = AXIS2_PLACEMENT_3D('',#4305,#4306,#4307);
#4305 = CARTESIAN_POINT('',(50.1,16.50001,-24.67));
#4306 = DIRECTION('',(0.,-1.,1.110223024625E-16));
#4307 = DIRECTION('',(0.,-1.110223024625E-16,-1.));
#4308 = FACE_BOUND('',#4309,.T.);
#4309 = EDGE_LOOP('',(#4310,#4320,#4328,#4336));
#4310 = ORIENTED_EDGE('',*,*,#4311,.F.);
#4311 = EDGE_CURVE('',#4312,#4314,#4316,.T.);
#4312 = VERTEX_POINT('',#4313);
#4313 = CARTESIAN_POINT('',(56.2,16.50001,-19.45));
#4314 = VERTEX_POINT('',#4315);
#4315 = CARTESIAN_POINT('',(56.2,16.50001,-31.65));
#4316 = LINE('',#4317,#4318);
#4317 = CARTESIAN_POINT('',(56.2,16.50001,-33.15));
#4318 = VECTOR('',#4319,1.);
#4319 = DIRECTION('',(-2.389336108421E-14,-1.110223024625E-16,-1.));
#4320 = ORIENTED_EDGE('',*,*,#4321,.F.);
#4321 = EDGE_CURVE('',#4322,#4312,#4324,.T.);
#4322 = VERTEX_POINT('',#4323);
#4323 = CARTESIAN_POINT('',(44.45,16.50001,-19.45));
#4324 = LINE('',#4325,#4326);
#4325 = CARTESIAN_POINT('',(53.1,16.50001,-19.45));
#4326 = VECTOR('',#4327,1.);
#4327 = DIRECTION('',(1.,-2.220892188122E-30,-2.000401846171E-14));
#4328 = ORIENTED_EDGE('',*,*,#4329,.F.);
#4329 = EDGE_CURVE('',#4330,#4322,#4332,.T.);
#4330 = VERTEX_POINT('',#4331);
#4331 = CARTESIAN_POINT('',(44.45,16.50001,-31.65));
#4332 = LINE('',#4333,#4334);
#4333 = CARTESIAN_POINT('',(44.45,16.50001,-22.55));
#4334 = VECTOR('',#4335,1.);
#4335 = DIRECTION('',(2.413372666018E-14,1.110223024625E-16,1.));
#4336 = ORIENTED_EDGE('',*,*,#4337,.T.);
#4337 = EDGE_CURVE('',#4330,#4314,#4338,.T.);
#4338 = LINE('',#4339,#4340);
#4339 = CARTESIAN_POINT('',(44.,16.50001,-31.65));
#4340 = VECTOR('',#4341,1.);
#4341 = DIRECTION('',(1.,0.,0.));
#4342 = PLANE('',#4343);
#4343 = AXIS2_PLACEMENT_3D('',#4344,#4345,#4346);
#4344 = CARTESIAN_POINT('',(53.1,16.50001,-22.55));
#4345 = DIRECTION('',(0.,-1.,1.110223024625E-16));
#4346 = DIRECTION('',(0.,-1.110223024625E-16,-1.));
#4347 = ADVANCED_FACE('',(#4348),#4375,.T.);
#4348 = FACE_BOUND('',#4349,.T.);
#4349 = EDGE_LOOP('',(#4350,#4351,#4358,#4359,#4360,#4368));
#4350 = ORIENTED_EDGE('',*,*,#443,.T.);
#4351 = ORIENTED_EDGE('',*,*,#4352,.T.);
#4352 = EDGE_CURVE('',#436,#904,#4353,.T.);
#4353 = CIRCLE('',#4354,1.725299461621);
#4354 = AXIS2_PLACEMENT_3D('',#4355,#4356,#4357);
#4355 = CARTESIAN_POINT('',(26.01,207.10001,9.0925));
#4356 = DIRECTION('',(0.,1.,-1.110223024625E-16));
#4357 = DIRECTION('',(0.,1.110223024625E-16,1.));
#4358 = ORIENTED_EDGE('',*,*,#959,.F.);
#4359 = ORIENTED_EDGE('',*,*,#861,.T.);
#4360 = ORIENTED_EDGE('',*,*,#4361,.T.);
#4361 = EDGE_CURVE('',#854,#4362,#4364,.T.);
#4362 = VERTEX_POINT('',#4363);
#4363 = CARTESIAN_POINT('',(60.188793555321,207.10001,6.84735026919));
#4364 = LINE('',#4365,#4366);
#4365 = CARTESIAN_POINT('',(44.,207.10001,6.84735026919));
#4366 = VECTOR('',#4367,1.);
#4367 = DIRECTION('',(-1.,0.,0.));
#4368 = ORIENTED_EDGE('',*,*,#4369,.F.);
#4369 = EDGE_CURVE('',#444,#4362,#4370,.T.);
#4370 = CIRCLE('',#4371,17.57735026919);
#4371 = AXIS2_PLACEMENT_3D('',#4372,#4373,#4374);
#4372 = CARTESIAN_POINT('',(44.,207.10001,-2.13828965645E-14));
#4373 = DIRECTION('',(0.,1.,-1.110223024625E-16));
#4374 = DIRECTION('',(0.,1.110223024625E-16,1.));
#4375 = PLANE('',#4376);
#4376 = AXIS2_PLACEMENT_3D('',#4377,#4378,#4379);
#4377 = CARTESIAN_POINT('',(44.,207.10001,21.576096714792));
#4378 = DIRECTION('',(0.,1.,-1.110223024625E-16));
#4379 = DIRECTION('',(-1.,0.,0.));
#4380 = ADVANCED_FACE('',(#4381),#4408,.T.);
#4381 = FACE_BOUND('',#4382,.T.);
#4382 = EDGE_LOOP('',(#4383,#4392,#4393,#4402));
#4383 = ORIENTED_EDGE('',*,*,#4384,.T.);
#4384 = EDGE_CURVE('',#4385,#2795,#4387,.T.);
#4385 = VERTEX_POINT('',#4386);
#4386 = CARTESIAN_POINT('',(41.08544607509,9.50001,-6.906015728997));
#4387 = CIRCLE('',#4388,0.12);
#4388 = AXIS2_PLACEMENT_3D('',#4389,#4390,#4391);
#4389 = CARTESIAN_POINT('',(41.114835399807,9.50001,-6.789670262422));
#4390 = DIRECTION('',(7.814892604496E-16,1.,-5.622153373519E-16));
#4391 = DIRECTION('',(-0.5,-9.614813431899E-17,-0.866025403784));
#4392 = ORIENTED_EDGE('',*,*,#2811,.T.);
#4393 = ORIENTED_EDGE('',*,*,#4394,.T.);
#4394 = EDGE_CURVE('',#2804,#4395,#4397,.T.);
#4395 = VERTEX_POINT('',#4396);
#4396 = CARTESIAN_POINT('',(41.08544607509,11.17001,-6.906015728997));
#4397 = CIRCLE('',#4398,0.12);
#4398 = AXIS2_PLACEMENT_3D('',#4399,#4400,#4401);
#4399 = CARTESIAN_POINT('',(41.114835399807,11.17001,-6.789670262422));
#4400 = DIRECTION('',(-7.814892604496E-16,-1.,5.622153373519E-16));
#4401 = DIRECTION('',(-0.5,-9.614813431899E-17,-0.866025403784));
#4402 = ORIENTED_EDGE('',*,*,#4403,.F.);
#4403 = EDGE_CURVE('',#4385,#4395,#4404,.T.);
#4404 = LINE('',#4405,#4406);
#4405 = CARTESIAN_POINT('',(41.08544607509,11.17001,-6.906015728997));
#4406 = VECTOR('',#4407,1.);
#4407 = DIRECTION('',(0.,1.,-1.110223024625E-16));
#4408 = CYLINDRICAL_SURFACE('',#4409,0.12);
#4409 = AXIS2_PLACEMENT_3D('',#4410,#4411,#4412);
#4410 = CARTESIAN_POINT('',(41.114835399807,11.17001,-6.789670262422));
#4411 = DIRECTION('',(0.,-1.,1.110223024625E-16));
#4412 = DIRECTION('',(1.,0.,0.));
#4413 = ADVANCED_FACE('',(#4414),#4450,.F.);
#4414 = FACE_BOUND('',#4415,.F.);
#4415 = EDGE_LOOP('',(#4416,#4426,#4435,#4443));
#4416 = ORIENTED_EDGE('',*,*,#4417,.T.);
#4417 = EDGE_CURVE('',#4418,#4420,#4422,.T.);
#4418 = VERTEX_POINT('',#4419);
#4419 = CARTESIAN_POINT('',(52.042854392236,9.50001,-9.024882812498));
#4420 = VERTEX_POINT('',#4421);
#4421 = CARTESIAN_POINT('',(52.042854392236,11.17001,-9.024882812498));
#4422 = LINE('',#4423,#4424);
#4423 = CARTESIAN_POINT('',(52.042854392236,11.17001,-9.024882812498));
#4424 = VECTOR('',#4425,1.);
#4425 = DIRECTION('',(0.,1.,-1.110223024625E-16));
#4426 = ORIENTED_EDGE('',*,*,#4427,.F.);
#4427 = EDGE_CURVE('',#4428,#4420,#4430,.T.);
#4428 = VERTEX_POINT('',#4429);
#4429 = CARTESIAN_POINT('',(52.042854392237,11.17001,-8.315117187504));
#4430 = CIRCLE('',#4431,1.974999999996);
#4431 = AXIS2_PLACEMENT_3D('',#4432,#4433,#4434);
#4432 = CARTESIAN_POINT('',(50.100000000014,11.17001,-8.669999999999));
#4433 = DIRECTION('',(-8.326672684704E-16,1.,3.697183691308E-16));
#4434 = DIRECTION('',(-0.499999999997,-9.614813431913E-17,
    -0.866025403786));
#4435 = ORIENTED_EDGE('',*,*,#4436,.F.);
#4436 = EDGE_CURVE('',#4437,#4428,#4439,.T.);
#4437 = VERTEX_POINT('',#4438);
#4438 = CARTESIAN_POINT('',(52.042854392237,9.50001,-8.315117187504));
#4439 = LINE('',#4440,#4441);
#4440 = CARTESIAN_POINT('',(52.042854392237,11.17001,-8.315117187504));
#4441 = VECTOR('',#4442,1.);
#4442 = DIRECTION('',(0.,1.,-1.110223024625E-16));
#4443 = ORIENTED_EDGE('',*,*,#4444,.T.);
#4444 = EDGE_CURVE('',#4437,#4418,#4445,.T.);
#4445 = CIRCLE('',#4446,1.974999999996);
#4446 = AXIS2_PLACEMENT_3D('',#4447,#4448,#4449);
#4447 = CARTESIAN_POINT('',(50.100000000014,9.50001,-8.669999999999));
#4448 = DIRECTION('',(8.838452764881E-16,1.,3.992660058399E-16));
#4449 = DIRECTION('',(-0.5,9.614813431938E-17,0.866025403784));
#4450 = CYLINDRICAL_SURFACE('',#4451,1.974999999996);
#4451 = AXIS2_PLACEMENT_3D('',#4452,#4453,#4454);
#4452 = CARTESIAN_POINT('',(50.100000000014,11.17001,-8.669999999999));
#4453 = DIRECTION('',(0.,-1.,1.110223024625E-16));
#4454 = DIRECTION('',(1.,0.,0.));
#4455 = ADVANCED_FACE('',(#4456),#4491,.T.);
#4456 = FACE_BOUND('',#4457,.T.);
#4457 = EDGE_LOOP('',(#4458,#4469,#4475,#4476,#4485));
#4458 = ORIENTED_EDGE('',*,*,#4459,.F.);
#4459 = EDGE_CURVE('',#4460,#4462,#4464,.T.);
#4460 = VERTEX_POINT('',#4461);
#4461 = CARTESIAN_POINT('',(48.315067846989,9.50001,-24.23362463509));
#4462 = VERTEX_POINT('',#4463);
#4463 = CARTESIAN_POINT('',(48.829621771908,9.50001,-23.3423910939));
#4464 = CIRCLE('',#4465,2.10098297883);
#4465 = AXIS2_PLACEMENT_3D('',#4466,#4467,#4468);
#4466 = CARTESIAN_POINT('',(46.808252180995,9.50001,-22.76950851058));
#4467 = DIRECTION('',(0.,-1.,1.110223024625E-16));
#4468 = DIRECTION('',(1.,0.,0.));
#4469 = ORIENTED_EDGE('',*,*,#4470,.T.);
#4470 = EDGE_CURVE('',#4460,#3758,#4471,.T.);
#4471 = LINE('',#4472,#4473);
#4472 = CARTESIAN_POINT('',(48.315067846989,11.17001,-24.23362463509));
#4473 = VECTOR('',#4474,1.);
#4474 = DIRECTION('',(0.,1.,-1.110223024625E-16));
#4475 = ORIENTED_EDGE('',*,*,#3757,.F.);
#4476 = ORIENTED_EDGE('',*,*,#4477,.F.);
#4477 = EDGE_CURVE('',#4478,#3749,#4480,.T.);
#4478 = VERTEX_POINT('',#4479);
#4479 = CARTESIAN_POINT('',(48.829621771908,11.17001,-23.3423910939));
#4480 = CIRCLE('',#4481,2.10098297883);
#4481 = AXIS2_PLACEMENT_3D('',#4482,#4483,#4484);
#4482 = CARTESIAN_POINT('',(46.808252180995,11.17001,-22.76950851058));
#4483 = DIRECTION('',(0.,1.,-1.110223024625E-16));
#4484 = DIRECTION('',(1.,0.,0.));
#4485 = ORIENTED_EDGE('',*,*,#4486,.F.);
#4486 = EDGE_CURVE('',#4462,#4478,#4487,.T.);
#4487 = LINE('',#4488,#4489);
#4488 = CARTESIAN_POINT('',(48.829621771908,11.17001,-23.3423910939));
#4489 = VECTOR('',#4490,1.);
#4490 = DIRECTION('',(0.,1.,-1.110223024625E-16));
#4491 = CYLINDRICAL_SURFACE('',#4492,2.10098297883);
#4492 = AXIS2_PLACEMENT_3D('',#4493,#4494,#4495);
#4493 = CARTESIAN_POINT('',(46.808252180995,11.17001,-22.76950851058));
#4494 = DIRECTION('',(0.,-1.,1.110223024625E-16));
#4495 = DIRECTION('',(1.,0.,0.));
#4496 = ADVANCED_FACE('',(#4497),#4522,.T.);
#4497 = FACE_BOUND('',#4498,.T.);
#4498 = EDGE_LOOP('',(#4499,#4509,#4515,#4516));
#4499 = ORIENTED_EDGE('',*,*,#4500,.F.);
#4500 = EDGE_CURVE('',#4501,#4503,#4505,.T.);
#4501 = VERTEX_POINT('',#4502);
#4502 = CARTESIAN_POINT('',(46.191386412295,6.79578875231,
    19.468956288051));
#4503 = VERTEX_POINT('',#4504);
#4504 = CARTESIAN_POINT('',(46.07041574402,8.99761136551,20.15501503975)
  );
#4505 = LINE('',#4506,#4507);
#4506 = CARTESIAN_POINT('',(46.130901078157,7.89670005891,
    19.811985663901));
#4507 = VECTOR('',#4508,1.);
#4508 = DIRECTION('',(-5.238183591976E-02,0.953417158826,0.29707215373)
  );
#4509 = ORIENTED_EDGE('',*,*,#4510,.T.);
#4510 = EDGE_CURVE('',#4501,#686,#4511,.T.);
#4511 = LINE('',#4512,#4513);
#4512 = CARTESIAN_POINT('',(19.10917320446,6.79578875231,14.693631402211
    ));
#4513 = VECTOR('',#4514,1.);
#4514 = DIRECTION('',(-0.984807753012,6.398790634407E-17,-0.173648177667
    ));
#4515 = ORIENTED_EDGE('',*,*,#692,.T.);
#4516 = ORIENTED_EDGE('',*,*,#4517,.F.);
#4517 = EDGE_CURVE('',#4503,#693,#4518,.T.);
#4518 = LINE('',#4519,#4520);
#4519 = CARTESIAN_POINT('',(18.98820253619,8.99761136551,15.37969015391)
  );
#4520 = VECTOR('',#4521,1.);
#4521 = DIRECTION('',(-0.984807753012,6.398790634407E-17,-0.173648177667
    ));
#4522 = PLANE('',#4523);
#4523 = AXIS2_PLACEMENT_3D('',#4524,#4525,#4526);
#4524 = CARTESIAN_POINT('',(19.10917320446,6.79578875231,14.693631402211
    ));
#4525 = DIRECTION('',(0.165559152187,0.301654970548,-0.938932609867));
#4526 = DIRECTION('',(0.984807753012,-6.651777852776E-13,0.173648177667)
  );
#4527 = ADVANCED_FACE('',(#4528),#4539,.T.);
#4528 = FACE_BOUND('',#4529,.T.);
#4529 = EDGE_LOOP('',(#4530,#4536,#4537,#4538));
#4530 = ORIENTED_EDGE('',*,*,#4531,.F.);
#4531 = EDGE_CURVE('',#763,#4501,#4532,.T.);
#4532 = LINE('',#4533,#4534);
#4533 = CARTESIAN_POINT('',(46.387188231551,6.54698806956,18.35850899026
    ));
#4534 = VECTOR('',#4535,1.);
#4535 = DIRECTION('',(-0.169569349582,0.215467711741,0.961675569451));
#4536 = ORIENTED_EDGE('',*,*,#777,.T.);
#4537 = ORIENTED_EDGE('',*,*,#739,.T.);
#4538 = ORIENTED_EDGE('',*,*,#4510,.F.);
#4539 = PLANE('',#4540);
#4540 = AXIS2_PLACEMENT_3D('',#4541,#4542,#4543);
#4541 = CARTESIAN_POINT('',(19.50077684297,6.29818738681,12.472736806628
    ));
#4542 = DIRECTION('',(3.741557548998E-02,0.976510965221,-0.212194273046)
  );
#4543 = DIRECTION('',(0.984807753012,-1.187884626022E-13,0.173648177667)
  );
#4544 = ADVANCED_FACE('',(#4545),#4581,.F.);
#4545 = FACE_BOUND('',#4546,.F.);
#4546 = EDGE_LOOP('',(#4547,#4557,#4566,#4574));
#4547 = ORIENTED_EDGE('',*,*,#4548,.T.);
#4548 = EDGE_CURVE('',#4549,#4551,#4553,.T.);
#4549 = VERTEX_POINT('',#4550);
#4550 = CARTESIAN_POINT('',(42.878764727116,9.50001,-10.17511985327));
#4551 = VERTEX_POINT('',#4552);
#4552 = CARTESIAN_POINT('',(42.878764727116,11.17001,-10.17511985327));
#4553 = LINE('',#4554,#4555);
#4554 = CARTESIAN_POINT('',(42.878764727116,11.17001,-10.17511985327));
#4555 = VECTOR('',#4556,1.);
#4556 = DIRECTION('',(0.,1.,-1.110223024625E-16));
#4557 = ORIENTED_EDGE('',*,*,#4558,.T.);
#4558 = EDGE_CURVE('',#4551,#4559,#4561,.T.);
#4559 = VERTEX_POINT('',#4560);
#4560 = CARTESIAN_POINT('',(42.890784954708,11.17001,-10.10570512318));
#4561 = CIRCLE('',#4562,5.5E-02);
#4562 = AXIS2_PLACEMENT_3D('',#4563,#4564,#4565);
#4563 = CARTESIAN_POINT('',(42.8431535575,11.17001,-10.13320512318));
#4564 = DIRECTION('',(-8.838452764881E-16,-1.,-3.992660058399E-16));
#4565 = DIRECTION('',(-0.5,9.614813431938E-17,0.866025403784));
#4566 = ORIENTED_EDGE('',*,*,#4567,.F.);
#4567 = EDGE_CURVE('',#4568,#4559,#4570,.T.);
#4568 = VERTEX_POINT('',#4569);
#4569 = CARTESIAN_POINT('',(42.890784954708,9.50001,-10.10570512318));
#4570 = LINE('',#4571,#4572);
#4571 = CARTESIAN_POINT('',(42.890784954708,11.17001,-10.10570512318));
#4572 = VECTOR('',#4573,1.);
#4573 = DIRECTION('',(0.,1.,-1.110223024625E-16));
#4574 = ORIENTED_EDGE('',*,*,#4575,.T.);
#4575 = EDGE_CURVE('',#4568,#4549,#4576,.T.);
#4576 = CIRCLE('',#4577,5.5E-02);
#4577 = AXIS2_PLACEMENT_3D('',#4578,#4579,#4580);
#4578 = CARTESIAN_POINT('',(42.8431535575,9.50001,-10.13320512318));
#4579 = DIRECTION('',(8.838452764881E-16,1.,3.992660058399E-16));
#4580 = DIRECTION('',(-0.5,9.614813431938E-17,0.866025403784));
#4581 = CYLINDRICAL_SURFACE('',#4582,5.5E-02);
#4582 = AXIS2_PLACEMENT_3D('',#4583,#4584,#4585);
#4583 = CARTESIAN_POINT('',(42.8431535575,11.17001,-10.13320512318));
#4584 = DIRECTION('',(0.,-1.,1.110223024625E-16));
#4585 = DIRECTION('',(1.,0.,0.));
#4586 = ADVANCED_FACE('',(#4587),#4632,.T.);
#4587 = FACE_BOUND('',#4588,.T.);
#4588 = EDGE_LOOP('',(#4589,#4600,#4608,#4617,#4626));
#4589 = ORIENTED_EDGE('',*,*,#4590,.T.);
#4590 = EDGE_CURVE('',#4591,#4593,#4595,.T.);
#4591 = VERTEX_POINT('',#4592);
#4592 = CARTESIAN_POINT('',(51.370378228119,9.50001,-25.99760890609));
#4593 = VERTEX_POINT('',#4594);
#4594 = CARTESIAN_POINT('',(51.884932153039,9.50001,-25.1063753649));
#4595 = CIRCLE('',#4596,2.10098297883);
#4596 = AXIS2_PLACEMENT_3D('',#4597,#4598,#4599);
#4597 = CARTESIAN_POINT('',(53.391747819032,9.50001,-26.57049148941));
#4598 = DIRECTION('',(8.838452764881E-16,1.,3.992660058399E-16));
#4599 = DIRECTION('',(-0.5,9.614813431938E-17,0.866025403784));
#4600 = ORIENTED_EDGE('',*,*,#4601,.T.);
#4601 = EDGE_CURVE('',#4593,#4602,#4604,.T.);
#4602 = VERTEX_POINT('',#4603);
#4603 = CARTESIAN_POINT('',(51.884932153039,11.17001,-25.1063753649));
#4604 = LINE('',#4605,#4606);
#4605 = CARTESIAN_POINT('',(51.884932153039,11.17001,-25.1063753649));
#4606 = VECTOR('',#4607,1.);
#4607 = DIRECTION('',(0.,1.,-1.110223024625E-16));
#4608 = ORIENTED_EDGE('',*,*,#4609,.T.);
#4609 = EDGE_CURVE('',#4602,#4610,#4612,.T.);
#4610 = VERTEX_POINT('',#4611);
#4611 = CARTESIAN_POINT('',(51.572243186445,11.17001,-25.52));
#4612 = CIRCLE('',#4613,2.10098297883);
#4613 = AXIS2_PLACEMENT_3D('',#4614,#4615,#4616);
#4614 = CARTESIAN_POINT('',(53.391747819032,11.17001,-26.57049148941));
#4615 = DIRECTION('',(-8.838452764881E-16,-1.,-3.992660058399E-16));
#4616 = DIRECTION('',(-0.5,9.614813431938E-17,0.866025403784));
#4617 = ORIENTED_EDGE('',*,*,#4618,.T.);
#4618 = EDGE_CURVE('',#4610,#4619,#4621,.T.);
#4619 = VERTEX_POINT('',#4620);
#4620 = CARTESIAN_POINT('',(51.370378228119,11.17001,-25.99760890609));
#4621 = CIRCLE('',#4622,2.10098297883);
#4622 = AXIS2_PLACEMENT_3D('',#4623,#4624,#4625);
#4623 = CARTESIAN_POINT('',(53.391747819032,11.17001,-26.57049148941));
#4624 = DIRECTION('',(-8.838452764881E-16,-1.,-3.992660058399E-16));
#4625 = DIRECTION('',(-0.5,9.614813431938E-17,0.866025403784));
#4626 = ORIENTED_EDGE('',*,*,#4627,.F.);
#4627 = EDGE_CURVE('',#4591,#4619,#4628,.T.);
#4628 = LINE('',#4629,#4630);
#4629 = CARTESIAN_POINT('',(51.370378228119,11.17001,-25.99760890609));
#4630 = VECTOR('',#4631,1.);
#4631 = DIRECTION('',(0.,1.,-1.110223024625E-16));
#4632 = CYLINDRICAL_SURFACE('',#4633,2.10098297883);
#4633 = AXIS2_PLACEMENT_3D('',#4634,#4635,#4636);
#4634 = CARTESIAN_POINT('',(53.391747819032,11.17001,-26.57049148941));
#4635 = DIRECTION('',(0.,-1.,1.110223024625E-16));
#4636 = DIRECTION('',(1.,0.,0.));
#4637 = ADVANCED_FACE('',(#4638),#4674,.T.);
#4638 = FACE_BOUND('',#4639,.T.);
#4639 = EDGE_LOOP('',(#4640,#4651,#4659,#4668));
#4640 = ORIENTED_EDGE('',*,*,#4641,.F.);
#4641 = EDGE_CURVE('',#4642,#4644,#4646,.T.);
#4642 = VERTEX_POINT('',#4643);
#4643 = CARTESIAN_POINT('',(49.58544607509,9.50001,-10.433984271));
#4644 = VERTEX_POINT('',#4645);
#4645 = CARTESIAN_POINT('',(49.510912351353,9.50001,-10.49032973758));
#4646 = CIRCLE('',#4647,0.12);
#4647 = AXIS2_PLACEMENT_3D('',#4648,#4649,#4650);
#4648 = CARTESIAN_POINT('',(49.614835399807,9.50001,-10.55032973758));
#4649 = DIRECTION('',(-8.326672684682E-16,-1.,-3.697183691345E-16));
#4650 = DIRECTION('',(-0.500000000001,9.614813431887E-17,0.866025403784)
  );
#4651 = ORIENTED_EDGE('',*,*,#4652,.T.);
#4652 = EDGE_CURVE('',#4642,#4653,#4655,.T.);
#4653 = VERTEX_POINT('',#4654);
#4654 = CARTESIAN_POINT('',(49.58544607509,11.17001,-10.433984271));
#4655 = LINE('',#4656,#4657);
#4656 = CARTESIAN_POINT('',(49.58544607509,11.17001,-10.433984271));
#4657 = VECTOR('',#4658,1.);
#4658 = DIRECTION('',(0.,1.,-1.110223024625E-16));
#4659 = ORIENTED_EDGE('',*,*,#4660,.F.);
#4660 = EDGE_CURVE('',#4661,#4653,#4663,.T.);
#4661 = VERTEX_POINT('',#4662);
#4662 = CARTESIAN_POINT('',(49.510912351353,11.17001,-10.49032973758));
#4663 = CIRCLE('',#4664,0.12);
#4664 = AXIS2_PLACEMENT_3D('',#4665,#4666,#4667);
#4665 = CARTESIAN_POINT('',(49.614835399807,11.17001,-10.55032973758));
#4666 = DIRECTION('',(8.326672684682E-16,1.,3.697183691345E-16));
#4667 = DIRECTION('',(-0.500000000001,9.614813431887E-17,0.866025403784)
  );
#4668 = ORIENTED_EDGE('',*,*,#4669,.F.);
#4669 = EDGE_CURVE('',#4644,#4661,#4670,.T.);
#4670 = LINE('',#4671,#4672);
#4671 = CARTESIAN_POINT('',(49.510912351353,11.17001,-10.49032973758));
#4672 = VECTOR('',#4673,1.);
#4673 = DIRECTION('',(0.,1.,-1.110223024625E-16));
#4674 = CYLINDRICAL_SURFACE('',#4675,0.12);
#4675 = AXIS2_PLACEMENT_3D('',#4676,#4677,#4678);
#4676 = CARTESIAN_POINT('',(49.614835399807,11.17001,-10.55032973758));
#4677 = DIRECTION('',(0.,-1.,1.110223024625E-16));
#4678 = DIRECTION('',(1.,0.,0.));
#4679 = ADVANCED_FACE('',(#4680),#4706,.F.);
#4680 = FACE_BOUND('',#4681,.F.);
#4681 = EDGE_LOOP('',(#4682,#4690,#4691,#4699));
#4682 = ORIENTED_EDGE('',*,*,#4683,.T.);
#4683 = EDGE_CURVE('',#4684,#3776,#4686,.T.);
#4684 = VERTEX_POINT('',#4685);
#4685 = CARTESIAN_POINT('',(48.211250413647,9.50001,-24.27));
#4686 = LINE('',#4687,#4688);
#4687 = CARTESIAN_POINT('',(48.211250413647,11.17001,-24.27));
#4688 = VECTOR('',#4689,1.);
#4689 = DIRECTION('',(0.,1.,-1.110223024625E-16));
#4690 = ORIENTED_EDGE('',*,*,#3783,.F.);
#4691 = ORIENTED_EDGE('',*,*,#4692,.F.);
#4692 = EDGE_CURVE('',#4693,#3784,#4695,.T.);
#4693 = VERTEX_POINT('',#4694);
#4694 = CARTESIAN_POINT('',(48.157145607788,9.50001,-24.3151171875));
#4695 = LINE('',#4696,#4697);
#4696 = CARTESIAN_POINT('',(48.157145607788,11.17001,-24.3151171875));
#4697 = VECTOR('',#4698,1.);
#4698 = DIRECTION('',(0.,1.,-1.110223024625E-16));
#4699 = ORIENTED_EDGE('',*,*,#4700,.F.);
#4700 = EDGE_CURVE('',#4684,#4693,#4701,.T.);
#4701 = CIRCLE('',#4702,5.5E-02);
#4702 = AXIS2_PLACEMENT_3D('',#4703,#4704,#4705);
#4703 = CARTESIAN_POINT('',(48.211250413647,9.50001,-24.325));
#4704 = DIRECTION('',(0.,-1.,1.110223024625E-16));
#4705 = DIRECTION('',(1.,0.,0.));
#4706 = CYLINDRICAL_SURFACE('',#4707,5.5E-02);
#4707 = AXIS2_PLACEMENT_3D('',#4708,#4709,#4710);
#4708 = CARTESIAN_POINT('',(48.211250413647,11.17001,-24.325));
#4709 = DIRECTION('',(0.,-1.,1.110223024625E-16));
#4710 = DIRECTION('',(1.,0.,0.));
#4711 = ADVANCED_FACE('',(#4712),#4730,.T.);
#4712 = FACE_BOUND('',#4713,.T.);
#4713 = EDGE_LOOP('',(#4714,#4722,#4723,#4724));
#4714 = ORIENTED_EDGE('',*,*,#4715,.F.);
#4715 = EDGE_CURVE('',#4684,#4716,#4718,.T.);
#4716 = VERTEX_POINT('',#4717);
#4717 = CARTESIAN_POINT('',(48.229004379678,9.50001,-24.27));
#4718 = LINE('',#4719,#4720);
#4719 = CARTESIAN_POINT('',(48.211250413647,9.50001,-24.27));
#4720 = VECTOR('',#4721,1.);
#4721 = DIRECTION('',(1.,3.389964285059E-31,3.053408378198E-15));
#4722 = ORIENTED_EDGE('',*,*,#4683,.T.);
#4723 = ORIENTED_EDGE('',*,*,#3775,.F.);
#4724 = ORIENTED_EDGE('',*,*,#4725,.F.);
#4725 = EDGE_CURVE('',#4716,#3767,#4726,.T.);
#4726 = LINE('',#4727,#4728);
#4727 = CARTESIAN_POINT('',(48.229004379678,11.17001,-24.27));
#4728 = VECTOR('',#4729,1.);
#4729 = DIRECTION('',(0.,1.,-1.110223024625E-16));
#4730 = PLANE('',#4731);
#4731 = AXIS2_PLACEMENT_3D('',#4732,#4733,#4734);
#4732 = CARTESIAN_POINT('',(48.211250413647,11.17001,-24.27));
#4733 = DIRECTION('',(3.053408378198E-15,-1.110223024625E-16,-1.));
#4734 = DIRECTION('',(1.,3.389964285059E-31,3.053408378198E-15));
#4735 = ADVANCED_FACE('',(#4736),#4755,.F.);
#4736 = FACE_BOUND('',#4737,.F.);
#4737 = EDGE_LOOP('',(#4738,#4739,#4740,#4748));
#4738 = ORIENTED_EDGE('',*,*,#4692,.T.);
#4739 = ORIENTED_EDGE('',*,*,#3792,.T.);
#4740 = ORIENTED_EDGE('',*,*,#4741,.F.);
#4741 = EDGE_CURVE('',#4742,#3793,#4744,.T.);
#4742 = VERTEX_POINT('',#4743);
#4743 = CARTESIAN_POINT('',(48.157145607788,9.50001,-25.0248828125));
#4744 = LINE('',#4745,#4746);
#4745 = CARTESIAN_POINT('',(48.157145607788,11.17001,-25.0248828125));
#4746 = VECTOR('',#4747,1.);
#4747 = DIRECTION('',(0.,1.,-1.110223024625E-16));
#4748 = ORIENTED_EDGE('',*,*,#4749,.F.);
#4749 = EDGE_CURVE('',#4693,#4742,#4750,.T.);
#4750 = CIRCLE('',#4751,1.974999999999);
#4751 = AXIS2_PLACEMENT_3D('',#4752,#4753,#4754);
#4752 = CARTESIAN_POINT('',(50.100000000014,9.50001,-24.66999999999));
#4753 = DIRECTION('',(0.,-1.,1.110223024625E-16));
#4754 = DIRECTION('',(1.,0.,0.));
#4755 = CYLINDRICAL_SURFACE('',#4756,1.974999999999);
#4756 = AXIS2_PLACEMENT_3D('',#4757,#4758,#4759);
#4757 = CARTESIAN_POINT('',(50.100000000014,11.17001,-24.66999999999));
#4758 = DIRECTION('',(0.,-1.,1.110223024625E-16));
#4759 = DIRECTION('',(1.,0.,0.));
#4760 = ADVANCED_FACE('',(#4761),#4776,.F.);
#4761 = FACE_BOUND('',#4762,.F.);
#4762 = EDGE_LOOP('',(#4763,#4764,#4774,#4775));
#4763 = ORIENTED_EDGE('',*,*,#1016,.T.);
#4764 = ORIENTED_EDGE('',*,*,#4765,.F.);
#4765 = EDGE_CURVE('',#369,#1017,#4766,.T.);
#4766 = B_SPLINE_CURVE_WITH_KNOTS('',6,(#4767,#4768,#4769,#4770,#4771,
    #4772,#4773),.UNSPECIFIED.,.F.,.F.,(7,7),(0.,1.570796326795),
  .PIECEWISE_BEZIER_KNOTS.);
#4767 = CARTESIAN_POINT('',(49.,168.10001,-26.8));
#4768 = CARTESIAN_POINT('',(49.,168.10001,-26.72146018366));
#4769 = CARTESIAN_POINT('',(48.975331694194,168.10001,-26.64292704978));
#4770 = CARTESIAN_POINT('',(48.925957044892,168.10001,-26.5740429551));
#4771 = CARTESIAN_POINT('',(48.857072950212,168.10001,-26.5246683058));
#4772 = CARTESIAN_POINT('',(48.77853981634,168.10001,-26.5));
#4773 = CARTESIAN_POINT('',(48.7,168.10001,-26.5));
#4774 = ORIENTED_EDGE('',*,*,#368,.T.);
#4775 = ORIENTED_EDGE('',*,*,#4765,.T.);
#4776 = TOROIDAL_SURFACE('',#4777,4.7,0.3);
#4777 = AXIS2_PLACEMENT_3D('',#4778,#4779,#4780);
#4778 = CARTESIAN_POINT('',(44.,168.10001,-26.8));
#4779 = DIRECTION('',(0.,1.110223024625E-16,1.));
#4780 = DIRECTION('',(1.,0.,0.));
#4781 = ADVANCED_FACE('',(#4782),#4862,.F.);
#4782 = FACE_BOUND('',#4783,.T.);
#4783 = EDGE_LOOP('',(#4784,#4795,#4804,#4813,#4821,#4830,#4837,#4838,
    #4846,#4855));
#4784 = ORIENTED_EDGE('',*,*,#4785,.F.);
#4785 = EDGE_CURVE('',#4786,#4788,#4790,.T.);
#4786 = VERTEX_POINT('',#4787);
#4787 = CARTESIAN_POINT('',(41.600000000004,11.17001,-10.37));
#4788 = VERTEX_POINT('',#4789);
#4789 = CARTESIAN_POINT('',(43.072243186445,11.17001,-9.520000000004));
#4790 = CIRCLE('',#4791,1.7);
#4791 = AXIS2_PLACEMENT_3D('',#4792,#4793,#4794);
#4792 = CARTESIAN_POINT('',(41.6,11.17001,-8.670000000001));
#4793 = DIRECTION('',(6.123031769112E-17,-1.,1.110223024625E-16));
#4794 = DIRECTION('',(0.,-1.110223024625E-16,-1.));
#4795 = ORIENTED_EDGE('',*,*,#4796,.T.);
#4796 = EDGE_CURVE('',#4786,#4797,#4799,.T.);
#4797 = VERTEX_POINT('',#4798);
#4798 = CARTESIAN_POINT('',(42.114553924928,11.17001,-10.433984271));
#4799 = CIRCLE('',#4800,2.10098297883);
#4800 = AXIS2_PLACEMENT_3D('',#4801,#4802,#4803);
#4801 = CARTESIAN_POINT('',(41.600000000008,11.17001,-12.47098297883));
#4802 = DIRECTION('',(8.326672684682E-16,1.,3.697183691345E-16));
#4803 = DIRECTION('',(-0.500000000001,9.614813431887E-17,0.866025403784)
  );
#4804 = ORIENTED_EDGE('',*,*,#4805,.T.);
#4805 = EDGE_CURVE('',#4797,#4806,#4808,.T.);
#4806 = VERTEX_POINT('',#4807);
#4807 = CARTESIAN_POINT('',(42.189087648665,11.17001,-10.49032973758));
#4808 = CIRCLE('',#4809,0.12);
#4809 = AXIS2_PLACEMENT_3D('',#4810,#4811,#4812);
#4810 = CARTESIAN_POINT('',(42.085164600211,11.17001,-10.55032973758));
#4811 = DIRECTION('',(8.326672684682E-16,1.,3.697183691345E-16));
#4812 = DIRECTION('',(-0.500000000001,9.614813431887E-17,0.866025403784)
  );
#4813 = ORIENTED_EDGE('',*,*,#4814,.T.);
#4814 = EDGE_CURVE('',#4806,#4815,#4817,.T.);
#4815 = VERTEX_POINT('',#4816);
#4816 = CARTESIAN_POINT('',(42.197964631681,11.17001,-10.50570512318));
#4817 = LINE('',#4818,#4819);
#4818 = CARTESIAN_POINT('',(42.197964631681,11.17001,-10.50570512318));
#4819 = VECTOR('',#4820,1.);
#4820 = DIRECTION('',(0.499999999999,1.118431410543E-16,-0.866025403785)
  );
#4821 = ORIENTED_EDGE('',*,*,#4822,.F.);
#4822 = EDGE_CURVE('',#4823,#4815,#4825,.T.);
#4823 = VERTEX_POINT('',#4824);
#4824 = CARTESIAN_POINT('',(42.264089665132,11.17001,-10.53000266577));
#4825 = CIRCLE('',#4826,5.5E-02);
#4826 = AXIS2_PLACEMENT_3D('',#4827,#4828,#4829);
#4827 = CARTESIAN_POINT('',(42.245596028889,11.17001,-10.47820512318));
#4828 = DIRECTION('',(8.326672684682E-16,1.,3.697183691345E-16));
#4829 = DIRECTION('',(-0.500000000001,9.614813431887E-17,0.866025403784)
  );
#4830 = ORIENTED_EDGE('',*,*,#4831,.T.);
#4831 = EDGE_CURVE('',#4823,#4551,#4832,.T.);
#4832 = CIRCLE('',#4833,1.974999999999);
#4833 = AXIS2_PLACEMENT_3D('',#4834,#4835,#4836);
#4834 = CARTESIAN_POINT('',(41.600000000014,11.17001,-8.669999999999));
#4835 = DIRECTION('',(-8.838452764881E-16,-1.,-3.992660058399E-16));
#4836 = DIRECTION('',(-0.5,9.614813431938E-17,0.866025403784));
#4837 = ORIENTED_EDGE('',*,*,#4558,.T.);
#4838 = ORIENTED_EDGE('',*,*,#4839,.F.);
#4839 = EDGE_CURVE('',#4840,#4559,#4842,.T.);
#4840 = VERTEX_POINT('',#4841);
#4841 = CARTESIAN_POINT('',(42.881907971693,11.17001,-10.09032973758));
#4842 = LINE('',#4843,#4844);
#4843 = CARTESIAN_POINT('',(42.890784954708,11.17001,-10.10570512318));
#4844 = VECTOR('',#4845,1.);
#4845 = DIRECTION('',(0.499999999999,1.118431410543E-16,-0.866025403785)
  );
#4846 = ORIENTED_EDGE('',*,*,#4847,.F.);
#4847 = EDGE_CURVE('',#4848,#4840,#4850,.T.);
#4848 = VERTEX_POINT('',#4849);
#4849 = CARTESIAN_POINT('',(42.870378228119,11.17001,-9.997608906099));
#4850 = CIRCLE('',#4851,0.12);
#4851 = AXIS2_PLACEMENT_3D('',#4852,#4853,#4854);
#4852 = CARTESIAN_POINT('',(42.985831020147,11.17001,-10.03032973758));
#4853 = DIRECTION('',(-8.838452764881E-16,-1.,-3.992660058399E-16));
#4854 = DIRECTION('',(-0.5,9.614813431938E-17,0.866025403784));
#4855 = ORIENTED_EDGE('',*,*,#4856,.F.);
#4856 = EDGE_CURVE('',#4788,#4848,#4857,.T.);
#4857 = CIRCLE('',#4858,2.10098297883);
#4858 = AXIS2_PLACEMENT_3D('',#4859,#4860,#4861);
#4859 = CARTESIAN_POINT('',(44.891747819032,11.17001,-10.57049148941));
#4860 = DIRECTION('',(-8.838452764881E-16,-1.,-3.992660058399E-16));
#4861 = DIRECTION('',(-0.5,9.614813431938E-17,0.866025403784));
#4862 = PLANE('',#4863);
#4863 = AXIS2_PLACEMENT_3D('',#4864,#4865,#4866);
#4864 = CARTESIAN_POINT('',(39.711250413647,11.17001,-9.015000000001));
#4865 = DIRECTION('',(0.,1.,-1.110223024625E-16));
#4866 = DIRECTION('',(-1.,0.,0.));
#4867 = ADVANCED_FACE('',(#4868),#4880,.T.);
#4868 = FACE_BOUND('',#4869,.T.);
#4869 = EDGE_LOOP('',(#4870,#4877,#4878,#4879));
#4870 = ORIENTED_EDGE('',*,*,#4871,.F.);
#4871 = EDGE_CURVE('',#4716,#4460,#4872,.T.);
#4872 = CIRCLE('',#4873,0.12);
#4873 = AXIS2_PLACEMENT_3D('',#4874,#4875,#4876);
#4874 = CARTESIAN_POINT('',(48.229004379678,9.50001,-24.15));
#4875 = DIRECTION('',(0.,-1.,1.110223024625E-16));
#4876 = DIRECTION('',(1.,0.,0.));
#4877 = ORIENTED_EDGE('',*,*,#4725,.T.);
#4878 = ORIENTED_EDGE('',*,*,#3766,.F.);
#4879 = ORIENTED_EDGE('',*,*,#4470,.F.);
#4880 = CYLINDRICAL_SURFACE('',#4881,0.12);
#4881 = AXIS2_PLACEMENT_3D('',#4882,#4883,#4884);
#4882 = CARTESIAN_POINT('',(48.229004379678,11.17001,-24.15));
#4883 = DIRECTION('',(0.,-1.,1.110223024625E-16));
#4884 = DIRECTION('',(1.,0.,0.));
#4885 = ADVANCED_FACE('',(#4886),#4920,.F.);
#4886 = FACE_BOUND('',#4887,.T.);
#4887 = EDGE_LOOP('',(#4888,#4898,#4906,#4914));
#4888 = ORIENTED_EDGE('',*,*,#4889,.T.);
#4889 = EDGE_CURVE('',#4890,#4892,#4894,.T.);
#4890 = VERTEX_POINT('',#4891);
#4891 = CARTESIAN_POINT('',(31.69796463169,9.50001,-22.83429487682));
#4892 = VERTEX_POINT('',#4893);
#4893 = CARTESIAN_POINT('',(31.68908764867,9.50001,-22.84967026242));
#4894 = LINE('',#4895,#4896);
#4895 = CARTESIAN_POINT('',(31.69796463169,9.50001,-22.83429487682));
#4896 = VECTOR('',#4897,1.);
#4897 = DIRECTION('',(-0.499999999999,1.118431410543E-16,-0.866025403785
    ));
#4898 = ORIENTED_EDGE('',*,*,#4899,.T.);
#4899 = EDGE_CURVE('',#4892,#4900,#4902,.T.);
#4900 = VERTEX_POINT('',#4901);
#4901 = CARTESIAN_POINT('',(31.68908764867,11.17001,-22.84967026242));
#4902 = LINE('',#4903,#4904);
#4903 = CARTESIAN_POINT('',(31.68908764867,11.17001,-22.84967026242));
#4904 = VECTOR('',#4905,1.);
#4905 = DIRECTION('',(0.,1.,-1.110223024625E-16));
#4906 = ORIENTED_EDGE('',*,*,#4907,.T.);
#4907 = EDGE_CURVE('',#4900,#4908,#4910,.T.);
#4908 = VERTEX_POINT('',#4909);
#4909 = CARTESIAN_POINT('',(31.69796463169,11.17001,-22.83429487682));
#4910 = LINE('',#4911,#4912);
#4911 = CARTESIAN_POINT('',(31.69796463169,11.17001,-22.83429487682));
#4912 = VECTOR('',#4913,1.);
#4913 = DIRECTION('',(0.499999999999,-1.118431410543E-16,0.866025403785)
  );
#4914 = ORIENTED_EDGE('',*,*,#4915,.F.);
#4915 = EDGE_CURVE('',#4890,#4908,#4916,.T.);
#4916 = LINE('',#4917,#4918);
#4917 = CARTESIAN_POINT('',(31.69796463169,11.17001,-22.83429487682));
#4918 = VECTOR('',#4919,1.);
#4919 = DIRECTION('',(0.,1.,-1.110223024625E-16));
#4920 = PLANE('',#4921);
#4921 = AXIS2_PLACEMENT_3D('',#4922,#4923,#4924);
#4922 = CARTESIAN_POINT('',(31.69796463169,11.17001,-22.83429487682));
#4923 = DIRECTION('',(-0.866025403785,5.551115123115E-17,0.499999999999)
  );
#4924 = DIRECTION('',(0.,-1.,1.110223024625E-16));
#4925 = ADVANCED_FACE('',(#4926),#4960,.T.);
#4926 = FACE_BOUND('',#4927,.T.);
#4927 = EDGE_LOOP('',(#4928,#4938,#4946,#4954));
#4928 = ORIENTED_EDGE('',*,*,#4929,.F.);
#4929 = EDGE_CURVE('',#4930,#4932,#4934,.T.);
#4930 = VERTEX_POINT('',#4931);
#4931 = CARTESIAN_POINT('',(48.809215045321,9.50001,-10.10570512318));
#4932 = VERTEX_POINT('',#4933);
#4933 = CARTESIAN_POINT('',(48.818092028334,9.50001,-10.09032973758));
#4934 = LINE('',#4935,#4936);
#4935 = CARTESIAN_POINT('',(48.809215045318,9.50001,-10.10570512318));
#4936 = VECTOR('',#4937,1.);
#4937 = DIRECTION('',(0.5,-1.118431410553E-16,0.866025403784));
#4938 = ORIENTED_EDGE('',*,*,#4939,.T.);
#4939 = EDGE_CURVE('',#4930,#4940,#4942,.T.);
#4940 = VERTEX_POINT('',#4941);
#4941 = CARTESIAN_POINT('',(48.809215045321,11.17001,-10.10570512318));
#4942 = LINE('',#4943,#4944);
#4943 = CARTESIAN_POINT('',(48.809215045321,11.17001,-10.10570512318));
#4944 = VECTOR('',#4945,1.);
#4945 = DIRECTION('',(0.,1.,-1.110223024625E-16));
#4946 = ORIENTED_EDGE('',*,*,#4947,.F.);
#4947 = EDGE_CURVE('',#4948,#4940,#4950,.T.);
#4948 = VERTEX_POINT('',#4949);
#4949 = CARTESIAN_POINT('',(48.818092028334,11.17001,-10.09032973758));
#4950 = LINE('',#4951,#4952);
#4951 = CARTESIAN_POINT('',(48.809215045318,11.17001,-10.10570512318));
#4952 = VECTOR('',#4953,1.);
#4953 = DIRECTION('',(-0.5,1.118431410553E-16,-0.866025403784));
#4954 = ORIENTED_EDGE('',*,*,#4955,.F.);
#4955 = EDGE_CURVE('',#4932,#4948,#4956,.T.);
#4956 = LINE('',#4957,#4958);
#4957 = CARTESIAN_POINT('',(48.818092028334,11.17001,-10.09032973758));
#4958 = VECTOR('',#4959,1.);
#4959 = DIRECTION('',(0.,1.,-1.110223024625E-16));
#4960 = PLANE('',#4961);
#4961 = AXIS2_PLACEMENT_3D('',#4962,#4963,#4964);
#4962 = CARTESIAN_POINT('',(48.809215045318,11.17001,-10.10570512318));
#4963 = DIRECTION('',(0.866025403784,-5.551115123128E-17,-0.5));
#4964 = DIRECTION('',(0.5,9.614813431917E-17,0.866025403784));
#4965 = ADVANCED_FACE('',(#4966),#5011,.T.);
#4966 = FACE_BOUND('',#4967,.T.);
#4967 = EDGE_LOOP('',(#4968,#4979,#4987,#4996,#5005));
#4968 = ORIENTED_EDGE('',*,*,#4969,.T.);
#4969 = EDGE_CURVE('',#4970,#4972,#4974,.T.);
#4970 = VERTEX_POINT('',#4971);
#4971 = CARTESIAN_POINT('',(51.370378228119,9.50001,-9.997608906099));
#4972 = VERTEX_POINT('',#4973);
#4973 = CARTESIAN_POINT('',(51.884932153039,9.50001,-9.106375364906));
#4974 = CIRCLE('',#4975,2.10098297883);
#4975 = AXIS2_PLACEMENT_3D('',#4976,#4977,#4978);
#4976 = CARTESIAN_POINT('',(53.391747819032,9.50001,-10.57049148941));
#4977 = DIRECTION('',(8.838452764881E-16,1.,3.992660058399E-16));
#4978 = DIRECTION('',(-0.5,9.614813431938E-17,0.866025403784));
#4979 = ORIENTED_EDGE('',*,*,#4980,.T.);
#4980 = EDGE_CURVE('',#4972,#4981,#4983,.T.);
#4981 = VERTEX_POINT('',#4982);
#4982 = CARTESIAN_POINT('',(51.884932153039,11.17001,-9.106375364906));
#4983 = LINE('',#4984,#4985);
#4984 = CARTESIAN_POINT('',(51.884932153039,11.17001,-9.106375364906));
#4985 = VECTOR('',#4986,1.);
#4986 = DIRECTION('',(0.,1.,-1.110223024625E-16));
#4987 = ORIENTED_EDGE('',*,*,#4988,.T.);
#4988 = EDGE_CURVE('',#4981,#4989,#4991,.T.);
#4989 = VERTEX_POINT('',#4990);
#4990 = CARTESIAN_POINT('',(51.572243186444,11.17001,-9.520000000004));
#4991 = CIRCLE('',#4992,2.10098297883);
#4992 = AXIS2_PLACEMENT_3D('',#4993,#4994,#4995);
#4993 = CARTESIAN_POINT('',(53.391747819032,11.17001,-10.57049148941));
#4994 = DIRECTION('',(-8.838452764881E-16,-1.,-3.992660058399E-16));
#4995 = DIRECTION('',(-0.5,9.614813431938E-17,0.866025403784));
#4996 = ORIENTED_EDGE('',*,*,#4997,.T.);
#4997 = EDGE_CURVE('',#4989,#4998,#5000,.T.);
#4998 = VERTEX_POINT('',#4999);
#4999 = CARTESIAN_POINT('',(51.370378228119,11.17001,-9.997608906099));
#5000 = CIRCLE('',#5001,2.10098297883);
#5001 = AXIS2_PLACEMENT_3D('',#5002,#5003,#5004);
#5002 = CARTESIAN_POINT('',(53.391747819032,11.17001,-10.57049148941));
#5003 = DIRECTION('',(-8.838452764881E-16,-1.,-3.992660058399E-16));
#5004 = DIRECTION('',(-0.5,9.614813431938E-17,0.866025403784));
#5005 = ORIENTED_EDGE('',*,*,#5006,.F.);
#5006 = EDGE_CURVE('',#4970,#4998,#5007,.T.);
#5007 = LINE('',#5008,#5009);
#5008 = CARTESIAN_POINT('',(51.370378228119,11.17001,-9.997608906099));
#5009 = VECTOR('',#5010,1.);
#5010 = DIRECTION('',(0.,1.,-1.110223024625E-16));
#5011 = CYLINDRICAL_SURFACE('',#5012,2.10098297883);
#5012 = AXIS2_PLACEMENT_3D('',#5013,#5014,#5015);
#5013 = CARTESIAN_POINT('',(53.391747819032,11.17001,-10.57049148941));
#5014 = DIRECTION('',(0.,-1.,1.110223024625E-16));
#5015 = DIRECTION('',(1.,0.,0.));
#5016 = ADVANCED_FACE('',(#5017,#5028),#5039,.T.);
#5017 = FACE_BOUND('',#5018,.T.);
#5018 = EDGE_LOOP('',(#5019));
#5019 = ORIENTED_EDGE('',*,*,#5020,.F.);
#5020 = EDGE_CURVE('',#5021,#5021,#5023,.T.);
#5021 = VERTEX_POINT('',#5022);
#5022 = CARTESIAN_POINT('',(43.612262629099,12.2598624329,
    13.940197419233));
#5023 = CIRCLE('',#5024,5.095);
#5024 = AXIS2_PLACEMENT_3D('',#5025,#5026,#5027);
#5025 = CARTESIAN_POINT('',(43.015192246988,8.50001,17.326351822333));
#5026 = DIRECTION('',(0.984807753012,-1.804112415016E-16,0.173648177667)
  );
#5027 = DIRECTION('',(0.117187513663,0.737949447085,-0.664603415721));
#5028 = FACE_BOUND('',#5029,.T.);
#5029 = EDGE_LOOP('',(#5030));
#5030 = ORIENTED_EDGE('',*,*,#5031,.F.);
#5031 = EDGE_CURVE('',#5032,#5032,#5034,.T.);
#5032 = VERTEX_POINT('',#5033);
#5033 = CARTESIAN_POINT('',(42.394098424576,4.58887793045,
    20.848749925656));
#5034 = CIRCLE('',#5035,5.3);
#5035 = AXIS2_PLACEMENT_3D('',#5036,#5037,#5038);
#5036 = CARTESIAN_POINT('',(43.015192246988,8.50001,17.326351822333));
#5037 = DIRECTION('',(-0.984807753012,1.804112415016E-16,-0.173648177667
    ));
#5038 = DIRECTION('',(-0.117187513663,-0.737949447085,0.664603415721));
#5039 = PLANE('',#5040);
#5040 = AXIS2_PLACEMENT_3D('',#5041,#5042,#5043);
#5041 = CARTESIAN_POINT('',(43.653864196449,12.52183448662,
    13.704263206652));
#5042 = DIRECTION('',(0.984807753012,-6.398790634407E-17,0.173648177667)
  );
#5043 = DIRECTION('',(8.455125032515E-17,1.,-1.110223024625E-16));
#5044 = ADVANCED_FACE('',(#5045),#5073,.T.);
#5045 = FACE_BOUND('',#5046,.T.);
#5046 = EDGE_LOOP('',(#5047,#5048,#5055,#5064,#5071,#5072));
#5047 = ORIENTED_EDGE('',*,*,#2899,.F.);
#5048 = ORIENTED_EDGE('',*,*,#5049,.F.);
#5049 = EDGE_CURVE('',#5050,#2900,#5052,.T.);
#5050 = VERTEX_POINT('',#5051);
#5051 = CARTESIAN_POINT('',(44.,176.24329722661,23.990865439059));
#5052 = B_SPLINE_CURVE_WITH_KNOTS('',1,(#5053,#5054),.UNSPECIFIED.,.F.,
  .F.,(2,2),(1.286871711015E-15,0.886934327737),
  .PIECEWISE_BEZIER_KNOTS.);
#5053 = CARTESIAN_POINT('',(44.,176.24329722661,23.990865439059));
#5054 = CARTESIAN_POINT('',(44.,177.10001000006,24.220420934576));
#5055 = ORIENTED_EDGE('',*,*,#5056,.F.);
#5056 = EDGE_CURVE('',#5057,#5050,#5059,.T.);
#5057 = VERTEX_POINT('',#5058);
#5058 = CARTESIAN_POINT('',(44.,176.24329722661,-23.99086543905));
#5059 = CIRCLE('',#5060,23.990865439059);
#5060 = AXIS2_PLACEMENT_3D('',#5061,#5062,#5063);
#5061 = CARTESIAN_POINT('',(44.,176.24329722661,-1.795711326598E-14));
#5062 = DIRECTION('',(0.,-1.,1.110223024625E-16));
#5063 = DIRECTION('',(0.,-1.110223024625E-16,-1.));
#5064 = ORIENTED_EDGE('',*,*,#5065,.F.);
#5065 = EDGE_CURVE('',#5050,#5057,#5066,.T.);
#5066 = CIRCLE('',#5067,23.990865439059);
#5067 = AXIS2_PLACEMENT_3D('',#5068,#5069,#5070);
#5068 = CARTESIAN_POINT('',(44.,176.24329722661,-1.795711326598E-14));
#5069 = DIRECTION('',(0.,-1.,1.110223024625E-16));
#5070 = DIRECTION('',(0.,-1.110223024625E-16,-1.));
#5071 = ORIENTED_EDGE('',*,*,#5049,.T.);
#5072 = ORIENTED_EDGE('',*,*,#3092,.F.);
#5073 = CONICAL_SURFACE('',#5074,23.990865439059,0.2617993875);
#5074 = AXIS2_PLACEMENT_3D('',#5075,#5076,#5077);
#5075 = CARTESIAN_POINT('',(44.,176.24329722661,-1.795711326598E-14));
#5076 = DIRECTION('',(0.,1.,-5.383003642652E-17));
#5077 = DIRECTION('',(0.,5.383003642652E-17,1.));
#5078 = ADVANCED_FACE('',(#5079),#5124,.T.);
#5079 = FACE_BOUND('',#5080,.T.);
#5080 = EDGE_LOOP('',(#5081,#5092,#5100,#5109,#5118));
#5081 = ORIENTED_EDGE('',*,*,#5082,.F.);
#5082 = EDGE_CURVE('',#5083,#5085,#5087,.T.);
#5083 = VERTEX_POINT('',#5084);
#5084 = CARTESIAN_POINT('',(51.370378228119,9.50001,-23.3423910939));
#5085 = VERTEX_POINT('',#5086);
#5086 = CARTESIAN_POINT('',(51.884932153039,9.50001,-24.23362463509));
#5087 = CIRCLE('',#5088,2.10098297883);
#5088 = AXIS2_PLACEMENT_3D('',#5089,#5090,#5091);
#5089 = CARTESIAN_POINT('',(53.391747819032,9.50001,-22.76950851058));
#5090 = DIRECTION('',(8.326672684704E-16,-1.,-3.697183691308E-16));
#5091 = DIRECTION('',(-0.499999999997,-9.614813431913E-17,
    -0.866025403786));
#5092 = ORIENTED_EDGE('',*,*,#5093,.T.);
#5093 = EDGE_CURVE('',#5083,#5094,#5096,.T.);
#5094 = VERTEX_POINT('',#5095);
#5095 = CARTESIAN_POINT('',(51.370378228119,11.17001,-23.3423910939));
#5096 = LINE('',#5097,#5098);
#5097 = CARTESIAN_POINT('',(51.370378228119,11.17001,-23.3423910939));
#5098 = VECTOR('',#5099,1.);
#5099 = DIRECTION('',(0.,1.,-1.110223024625E-16));
#5100 = ORIENTED_EDGE('',*,*,#5101,.F.);
#5101 = EDGE_CURVE('',#5102,#5094,#5104,.T.);
#5102 = VERTEX_POINT('',#5103);
#5103 = CARTESIAN_POINT('',(51.572243186445,11.17001,-23.81999999999));
#5104 = CIRCLE('',#5105,2.10098297883);
#5105 = AXIS2_PLACEMENT_3D('',#5106,#5107,#5108);
#5106 = CARTESIAN_POINT('',(53.391747819032,11.17001,-22.76950851058));
#5107 = DIRECTION('',(-8.326672684704E-16,1.,3.697183691308E-16));
#5108 = DIRECTION('',(-0.499999999997,-9.614813431913E-17,
    -0.866025403786));
#5109 = ORIENTED_EDGE('',*,*,#5110,.F.);
#5110 = EDGE_CURVE('',#5111,#5102,#5113,.T.);
#5111 = VERTEX_POINT('',#5112);
#5112 = CARTESIAN_POINT('',(51.884932153039,11.17001,-24.23362463509));
#5113 = CIRCLE('',#5114,2.10098297883);
#5114 = AXIS2_PLACEMENT_3D('',#5115,#5116,#5117);
#5115 = CARTESIAN_POINT('',(53.391747819032,11.17001,-22.76950851058));
#5116 = DIRECTION('',(-8.326672684704E-16,1.,3.697183691308E-16));
#5117 = DIRECTION('',(-0.499999999997,-9.614813431913E-17,
    -0.866025403786));
#5118 = ORIENTED_EDGE('',*,*,#5119,.F.);
#5119 = EDGE_CURVE('',#5085,#5111,#5120,.T.);
#5120 = LINE('',#5121,#5122);
#5121 = CARTESIAN_POINT('',(51.884932153039,11.17001,-24.23362463509));
#5122 = VECTOR('',#5123,1.);
#5123 = DIRECTION('',(0.,1.,-1.110223024625E-16));
#5124 = CYLINDRICAL_SURFACE('',#5125,2.10098297883);
#5125 = AXIS2_PLACEMENT_3D('',#5126,#5127,#5128);
#5126 = CARTESIAN_POINT('',(53.391747819032,11.17001,-22.76950851058));
#5127 = DIRECTION('',(0.,-1.,1.110223024625E-16));
#5128 = DIRECTION('',(1.,0.,0.));
#5129 = ADVANCED_FACE('',(#5130),#5157,.F.);
#5130 = FACE_BOUND('',#5131,.F.);
#5131 = EDGE_LOOP('',(#5132,#5142,#5149,#5150));
#5132 = ORIENTED_EDGE('',*,*,#5133,.T.);
#5133 = EDGE_CURVE('',#5134,#5136,#5138,.T.);
#5134 = VERTEX_POINT('',#5135);
#5135 = CARTESIAN_POINT('',(50.764089665133,9.50001,-6.809997334229));
#5136 = VERTEX_POINT('',#5137);
#5137 = CARTESIAN_POINT('',(50.764089665133,11.17001,-6.809997334229));
#5138 = LINE('',#5139,#5140);
#5139 = CARTESIAN_POINT('',(50.764089665133,11.17001,-6.809997334229));
#5140 = VECTOR('',#5141,1.);
#5141 = DIRECTION('',(0.,1.,-1.110223024625E-16));
#5142 = ORIENTED_EDGE('',*,*,#5143,.T.);
#5143 = EDGE_CURVE('',#5136,#577,#5144,.T.);
#5144 = CIRCLE('',#5145,5.5E-02);
#5145 = AXIS2_PLACEMENT_3D('',#5146,#5147,#5148);
#5146 = CARTESIAN_POINT('',(50.745596028889,11.17001,-6.86179487682));
#5147 = DIRECTION('',(-7.814892604496E-16,-1.,5.622153373519E-16));
#5148 = DIRECTION('',(-0.5,-9.614813431899E-17,-0.866025403784));
#5149 = ORIENTED_EDGE('',*,*,#584,.F.);
#5150 = ORIENTED_EDGE('',*,*,#5151,.T.);
#5151 = EDGE_CURVE('',#559,#5134,#5152,.T.);
#5152 = CIRCLE('',#5153,5.5E-02);
#5153 = AXIS2_PLACEMENT_3D('',#5154,#5155,#5156);
#5154 = CARTESIAN_POINT('',(50.745596028889,9.50001,-6.86179487682));
#5155 = DIRECTION('',(7.814892604496E-16,1.,-5.622153373519E-16));
#5156 = DIRECTION('',(-0.5,-9.614813431899E-17,-0.866025403784));
#5157 = CYLINDRICAL_SURFACE('',#5158,5.5E-02);
#5158 = AXIS2_PLACEMENT_3D('',#5159,#5160,#5161);
#5159 = CARTESIAN_POINT('',(50.745596028889,11.17001,-6.86179487682));
#5160 = DIRECTION('',(0.,-1.,1.110223024625E-16));
#5161 = DIRECTION('',(1.,0.,0.));
#5162 = ADVANCED_FACE('',(#5163),#5181,.F.);
#5163 = FACE_BOUND('',#5164,.F.);
#5164 = EDGE_LOOP('',(#5165,#5166,#5173,#5174));
#5165 = ORIENTED_EDGE('',*,*,#2004,.T.);
#5166 = ORIENTED_EDGE('',*,*,#5167,.T.);
#5167 = EDGE_CURVE('',#1996,#5136,#5168,.T.);
#5168 = CIRCLE('',#5169,1.974999999996);
#5169 = AXIS2_PLACEMENT_3D('',#5170,#5171,#5172);
#5170 = CARTESIAN_POINT('',(50.100000000014,11.17001,-8.669999999999));
#5171 = DIRECTION('',(-7.814892604496E-16,-1.,5.622153373519E-16));
#5172 = DIRECTION('',(-0.5,-9.614813431899E-17,-0.866025403784));
#5173 = ORIENTED_EDGE('',*,*,#5133,.F.);
#5174 = ORIENTED_EDGE('',*,*,#5175,.F.);
#5175 = EDGE_CURVE('',#2005,#5134,#5176,.T.);
#5176 = CIRCLE('',#5177,1.974999999996);
#5177 = AXIS2_PLACEMENT_3D('',#5178,#5179,#5180);
#5178 = CARTESIAN_POINT('',(50.100000000014,9.50001,-8.669999999999));
#5179 = DIRECTION('',(8.326672684704E-16,-1.,-3.697183691308E-16));
#5180 = DIRECTION('',(-0.499999999997,-9.614813431913E-17,
    -0.866025403786));
#5181 = CYLINDRICAL_SURFACE('',#5182,1.974999999996);
#5182 = AXIS2_PLACEMENT_3D('',#5183,#5184,#5185);
#5183 = CARTESIAN_POINT('',(50.100000000014,11.17001,-8.669999999999));
#5184 = DIRECTION('',(0.,-1.,1.110223024625E-16));
#5185 = DIRECTION('',(1.,0.,0.));
#5186 = ADVANCED_FACE('',(#5187),#5206,.F.);
#5187 = FACE_BOUND('',#5188,.F.);
#5188 = EDGE_LOOP('',(#5189,#5190,#5197,#5204,#5205));
#5189 = ORIENTED_EDGE('',*,*,#3343,.F.);
#5190 = ORIENTED_EDGE('',*,*,#5191,.F.);
#5191 = EDGE_CURVE('',#5192,#3344,#5194,.T.);
#5192 = VERTEX_POINT('',#5193);
#5193 = CARTESIAN_POINT('',(75.5,25.70001,2.5));
#5194 = B_SPLINE_CURVE_WITH_KNOTS('',1,(#5195,#5196),.UNSPECIFIED.,.F.,
  .F.,(2,2),(0.,0.35),.PIECEWISE_BEZIER_KNOTS.);
#5195 = CARTESIAN_POINT('',(75.5,25.70001,2.5));
#5196 = CARTESIAN_POINT('',(75.15,25.70001,2.5));
#5197 = ORIENTED_EDGE('',*,*,#5198,.T.);
#5198 = EDGE_CURVE('',#5192,#5192,#5199,.T.);
#5199 = CIRCLE('',#5200,2.5);
#5200 = AXIS2_PLACEMENT_3D('',#5201,#5202,#5203);
#5201 = CARTESIAN_POINT('',(75.5,25.70001,-1.243450897803E-15));
#5202 = DIRECTION('',(-1.,0.,0.));
#5203 = DIRECTION('',(0.,1.110223024625E-16,1.));
#5204 = ORIENTED_EDGE('',*,*,#5191,.T.);
#5205 = ORIENTED_EDGE('',*,*,#3352,.F.);
#5206 = CYLINDRICAL_SURFACE('',#5207,2.5);
#5207 = AXIS2_PLACEMENT_3D('',#5208,#5209,#5210);
#5208 = CARTESIAN_POINT('',(75.5,25.70001,-1.243450897803E-15));
#5209 = DIRECTION('',(-1.,0.,0.));
#5210 = DIRECTION('',(0.,1.110223024625E-16,1.));
#5211 = ADVANCED_FACE('',(#5212),#5231,.F.);
#5212 = FACE_BOUND('',#5213,.T.);
#5213 = EDGE_LOOP('',(#5214,#5215,#5223,#5229,#5230));
#5214 = ORIENTED_EDGE('',*,*,#2229,.F.);
#5215 = ORIENTED_EDGE('',*,*,#5216,.F.);
#5216 = EDGE_CURVE('',#5217,#2222,#5219,.T.);
#5217 = VERTEX_POINT('',#5218);
#5218 = CARTESIAN_POINT('',(75.5,11.30001,17.290367901872));
#5219 = LINE('',#5220,#5221);
#5220 = CARTESIAN_POINT('',(75.5,11.30001,3.552702576568E-16));
#5221 = VECTOR('',#5222,1.);
#5222 = DIRECTION('',(0.,-1.110223024625E-16,-1.));
#5223 = ORIENTED_EDGE('',*,*,#5224,.F.);
#5224 = EDGE_CURVE('',#3520,#5217,#5225,.T.);
#5225 = LINE('',#5226,#5227);
#5226 = CARTESIAN_POINT('',(102.21201541888,38.01202541889,
    -9.421647517011));
#5227 = VECTOR('',#5228,1.);
#5228 = DIRECTION('',(0.57735026919,0.57735026919,-0.57735026919));
#5229 = ORIENTED_EDGE('',*,*,#3519,.F.);
#5230 = ORIENTED_EDGE('',*,*,#1145,.F.);
#5231 = PLANE('',#5232);
#5232 = AXIS2_PLACEMENT_3D('',#5233,#5234,#5235);
#5233 = CARTESIAN_POINT('',(65.5,1.30001,1.465493282282E-15));
#5234 = DIRECTION('',(-0.707106781187,0.707106781187,-7.850462293419E-17
    ));
#5235 = DIRECTION('',(0.,-1.110223024625E-16,-1.));
#5236 = ADVANCED_FACE('',(#5237),#5248,.F.);
#5237 = FACE_BOUND('',#5238,.F.);
#5238 = EDGE_LOOP('',(#5239,#5240,#5245,#5246,#5247));
#5239 = ORIENTED_EDGE('',*,*,#3486,.F.);
#5240 = ORIENTED_EDGE('',*,*,#5241,.F.);
#5241 = EDGE_CURVE('',#2209,#3487,#5242,.T.);
#5242 = B_SPLINE_CURVE_WITH_KNOTS('',1,(#5243,#5244),.UNSPECIFIED.,.F.,
  .F.,(2,2),(5.480952441688,5.85),.PIECEWISE_BEZIER_KNOTS.);
#5243 = CARTESIAN_POINT('',(64.5,9.30001,-26.16904755831));
#5244 = CARTESIAN_POINT('',(64.5,9.30001,-25.8));
#5245 = ORIENTED_EDGE('',*,*,#2208,.T.);
#5246 = ORIENTED_EDGE('',*,*,#5241,.T.);
#5247 = ORIENTED_EDGE('',*,*,#3495,.F.);
#5248 = CYLINDRICAL_SURFACE('',#5249,2.5);
#5249 = AXIS2_PLACEMENT_3D('',#5250,#5251,#5252);
#5250 = CARTESIAN_POINT('',(62.,9.30001,-31.65));
#5251 = DIRECTION('',(0.,1.110223024625E-16,1.));
#5252 = DIRECTION('',(1.,0.,0.));
#5253 = ADVANCED_FACE('',(#5254),#5280,.F.);
#5254 = FACE_BOUND('',#5255,.F.);
#5255 = EDGE_LOOP('',(#5256,#5264,#5273,#5279));
#5256 = ORIENTED_EDGE('',*,*,#5257,.F.);
#5257 = EDGE_CURVE('',#5258,#1721,#5260,.T.);
#5258 = VERTEX_POINT('',#5259);
#5259 = CARTESIAN_POINT('',(26.01,197.10001,-4.7125));
#5260 = LINE('',#5261,#5262);
#5261 = CARTESIAN_POINT('',(26.01,197.10001,-4.7125));
#5262 = VECTOR('',#5263,1.);
#5263 = DIRECTION('',(1.,0.,0.));
#5264 = ORIENTED_EDGE('',*,*,#5265,.T.);
#5265 = EDGE_CURVE('',#5258,#5266,#5268,.T.);
#5266 = VERTEX_POINT('',#5267);
#5267 = CARTESIAN_POINT('',(26.01,198.60001,-6.2125));
#5268 = CIRCLE('',#5269,1.5);
#5269 = AXIS2_PLACEMENT_3D('',#5270,#5271,#5272);
#5270 = CARTESIAN_POINT('',(26.01,198.60001,-4.7125));
#5271 = DIRECTION('',(1.,0.,0.));
#5272 = DIRECTION('',(0.,-1.110223024625E-16,-1.));
#5273 = ORIENTED_EDGE('',*,*,#5274,.F.);
#5274 = EDGE_CURVE('',#1730,#5266,#5275,.T.);
#5275 = LINE('',#5276,#5277);
#5276 = CARTESIAN_POINT('',(26.01,198.60001,-6.2125));
#5277 = VECTOR('',#5278,1.);
#5278 = DIRECTION('',(-1.,0.,0.));
#5279 = ORIENTED_EDGE('',*,*,#1729,.F.);
#5280 = CYLINDRICAL_SURFACE('',#5281,1.5);
#5281 = AXIS2_PLACEMENT_3D('',#5282,#5283,#5284);
#5282 = CARTESIAN_POINT('',(26.01,198.60001,-4.7125));
#5283 = DIRECTION('',(1.,0.,0.));
#5284 = DIRECTION('',(0.,-1.110223024625E-16,-1.));
#5285 = ADVANCED_FACE('',(#5286),#5313,.F.);
#5286 = FACE_BOUND('',#5287,.F.);
#5287 = EDGE_LOOP('',(#5288,#5297,#5304,#5305,#5312));
#5288 = ORIENTED_EDGE('',*,*,#5289,.T.);
#5289 = EDGE_CURVE('',#3043,#5290,#5292,.T.);
#5290 = VERTEX_POINT('',#5291);
#5291 = CARTESIAN_POINT('',(23.13,198.60001,-9.0925));
#5292 = CIRCLE('',#5293,1.5);
#5293 = AXIS2_PLACEMENT_3D('',#5294,#5295,#5296);
#5294 = CARTESIAN_POINT('',(21.63,198.60001,-9.0925));
#5295 = DIRECTION('',(-1.156482317318E-15,1.110223024625E-16,1.));
#5296 = DIRECTION('',(1.,1.283953296258E-31,1.156482317318E-15));
#5297 = ORIENTED_EDGE('',*,*,#5298,.F.);
#5298 = EDGE_CURVE('',#5266,#5290,#5299,.T.);
#5299 = CIRCLE('',#5300,2.88);
#5300 = AXIS2_PLACEMENT_3D('',#5301,#5302,#5303);
#5301 = CARTESIAN_POINT('',(26.01,198.60001,-9.0925));
#5302 = DIRECTION('',(0.,-1.,1.110223024625E-16));
#5303 = DIRECTION('',(0.,1.110223024625E-16,1.));
#5304 = ORIENTED_EDGE('',*,*,#5265,.F.);
#5305 = ORIENTED_EDGE('',*,*,#5306,.F.);
#5306 = EDGE_CURVE('',#3034,#5258,#5307,.T.);
#5307 = CIRCLE('',#5308,4.38);
#5308 = AXIS2_PLACEMENT_3D('',#5309,#5310,#5311);
#5309 = CARTESIAN_POINT('',(26.01,197.10001,-9.0925));
#5310 = DIRECTION('',(0.,1.,-1.110223024625E-16));
#5311 = DIRECTION('',(0.,1.110223024625E-16,1.));
#5312 = ORIENTED_EDGE('',*,*,#3042,.F.);
#5313 = TOROIDAL_SURFACE('',#5314,4.38,1.5);
#5314 = AXIS2_PLACEMENT_3D('',#5315,#5316,#5317);
#5315 = CARTESIAN_POINT('',(26.01,198.60001,-9.0925));
#5316 = DIRECTION('',(0.,1.,-1.110223024625E-16));
#5317 = DIRECTION('',(0.,1.110223024625E-16,1.));
#5318 = ADVANCED_FACE('',(#5319),#5345,.T.);
#5319 = FACE_BOUND('',#5320,.T.);
#5320 = EDGE_LOOP('',(#5321,#5330,#5337,#5344));
#5321 = ORIENTED_EDGE('',*,*,#5322,.T.);
#5322 = EDGE_CURVE('',#5323,#5323,#5325,.T.);
#5323 = VERTEX_POINT('',#5324);
#5324 = CARTESIAN_POINT('',(50.1,9.80001,-11.87));
#5325 = CIRCLE('',#5326,3.2);
#5326 = AXIS2_PLACEMENT_3D('',#5327,#5328,#5329);
#5327 = CARTESIAN_POINT('',(50.1,9.80001,-8.670000000001));
#5328 = DIRECTION('',(0.,-1.,1.110223024625E-16));
#5329 = DIRECTION('',(0.,-1.110223024625E-16,-1.));
#5330 = ORIENTED_EDGE('',*,*,#5331,.F.);
#5331 = EDGE_CURVE('',#5332,#5323,#5334,.T.);
#5332 = VERTEX_POINT('',#5333);
#5333 = CARTESIAN_POINT('',(50.1,9.50001,-11.04575677416));
#5334 = B_SPLINE_CURVE_WITH_KNOTS('',1,(#5335,#5336),.UNSPECIFIED.,.F.,
  .F.,(2,2),(4.173073532547E-16,0.877141320049),
  .PIECEWISE_BEZIER_KNOTS.);
#5335 = CARTESIAN_POINT('',(50.1,9.50001,-11.04575677416));
#5336 = CARTESIAN_POINT('',(50.1,9.80001000116,-11.86999999958));
#5337 = ORIENTED_EDGE('',*,*,#5338,.F.);
#5338 = EDGE_CURVE('',#5332,#5332,#5339,.T.);
#5339 = CIRCLE('',#5340,2.375756774164);
#5340 = AXIS2_PLACEMENT_3D('',#5341,#5342,#5343);
#5341 = CARTESIAN_POINT('',(50.1,9.50001,-8.670000000001));
#5342 = DIRECTION('',(0.,-1.,1.110223024625E-16));
#5343 = DIRECTION('',(0.,-1.110223024625E-16,-1.));
#5344 = ORIENTED_EDGE('',*,*,#5331,.T.);
#5345 = CONICAL_SURFACE('',#5346,2.375756774164,1.221730475);
#5346 = AXIS2_PLACEMENT_3D('',#5347,#5348,#5349);
#5347 = CARTESIAN_POINT('',(50.1,9.50001,-8.670000000001));
#5348 = DIRECTION('',(0.,1.,5.927848584339E-21));
#5349 = DIRECTION('',(0.,-5.927848584339E-21,1.));
#5350 = ADVANCED_FACE('',(#5351),#5385,.T.);
#5351 = FACE_BOUND('',#5352,.T.);
#5352 = EDGE_LOOP('',(#5353,#5364,#5374,#5375));
#5353 = ORIENTED_EDGE('',*,*,#5354,.F.);
#5354 = EDGE_CURVE('',#5355,#5357,#5359,.T.);
#5355 = VERTEX_POINT('',#5356);
#5356 = CARTESIAN_POINT('',(16.53964654174,158.97501,-9.));
#5357 = VERTEX_POINT('',#5358);
#5358 = CARTESIAN_POINT('',(71.768165442698,158.97501,-8.));
#5359 = CIRCLE('',#5360,28.897595264192);
#5360 = AXIS2_PLACEMENT_3D('',#5361,#5362,#5363);
#5361 = CARTESIAN_POINT('',(44.,158.97501,-1.489187980179E-14));
#5362 = DIRECTION('',(0.,-1.,-2.49157870341E-16));
#5363 = DIRECTION('',(0.,2.49157870341E-16,-1.));
#5364 = ORIENTED_EDGE('',*,*,#5365,.T.);
#5365 = EDGE_CURVE('',#5355,#254,#5366,.T.);
#5366 = B_SPLINE_CURVE_WITH_KNOTS('',3,(#5367,#5368,#5369,#5370,#5371,
    #5372,#5373),.UNSPECIFIED.,.F.,.F.,(4,3,4),(0.,0.756932985549,1.),
  .UNSPECIFIED.);
#5367 = CARTESIAN_POINT('',(16.53964654174,158.97501,-9.));
#5368 = CARTESIAN_POINT('',(15.85100092437,159.35282533334,-9.));
#5369 = CARTESIAN_POINT('',(15.16293367871,159.73169612324,-9.));
#5370 = CARTESIAN_POINT('',(14.4753422206,160.11142655283,-9.));
#5371 = CARTESIAN_POINT('',(14.25454069166,160.23336678121,-9.));
#5372 = CARTESIAN_POINT('',(14.03378834374,160.35539610086,-9.));
#5373 = CARTESIAN_POINT('',(13.81308230376,160.47750907475,-9.));
#5374 = ORIENTED_EDGE('',*,*,#253,.F.);
#5375 = ORIENTED_EDGE('',*,*,#5376,.F.);
#5376 = EDGE_CURVE('',#5357,#246,#5377,.T.);
#5377 = B_SPLINE_CURVE_WITH_KNOTS('',3,(#5378,#5379,#5380,#5381,#5382,
    #5383,#5384),.UNSPECIFIED.,.F.,.F.,(4,3,4),(0.,1.010026241169E-02,1.
    ),.UNSPECIFIED.);
#5378 = CARTESIAN_POINT('',(71.768165442698,158.97501,-8.));
#5379 = CARTESIAN_POINT('',(71.777259770293,158.98005539823,-8.));
#5380 = CARTESIAN_POINT('',(71.786354017305,158.98510094172,-8.));
#5381 = CARTESIAN_POINT('',(71.795448183949,158.99014663006,-8.));
#5382 = CARTESIAN_POINT('',(72.686739313066,159.4846589294,-8.));
#5383 = CARTESIAN_POINT('',(73.577264392831,159.98055337925,-8.));
#5384 = CARTESIAN_POINT('',(74.467195473164,160.47750907475,-8.));
#5385 = CONICAL_SURFACE('',#5386,28.897595264192,1.04719755);
#5386 = AXIS2_PLACEMENT_3D('',#5387,#5388,#5389);
#5387 = CARTESIAN_POINT('',(44.,158.97501,-1.489187980179E-14));
#5388 = DIRECTION('',(0.,1.,1.72688657085E-16));
#5389 = DIRECTION('',(0.,-1.72688657085E-16,1.));
#5390 = ADVANCED_FACE('',(#5391),#5438,.F.);
#5391 = FACE_BOUND('',#5392,.T.);
#5392 = EDGE_LOOP('',(#5393,#5402,#5403,#5412,#5418,#5419,#5420,#5421,
    #5422,#5431));
#5393 = ORIENTED_EDGE('',*,*,#5394,.F.);
#5394 = EDGE_CURVE('',#3561,#5395,#5397,.T.);
#5395 = VERTEX_POINT('',#5396);
#5396 = CARTESIAN_POINT('',(50.100000000004,11.17001,-6.970000000001));
#5397 = CIRCLE('',#5398,1.7);
#5398 = AXIS2_PLACEMENT_3D('',#5399,#5400,#5401);
#5399 = CARTESIAN_POINT('',(50.1,11.17001,-8.670000000001));
#5400 = DIRECTION('',(0.,-1.,1.110223024625E-16));
#5401 = DIRECTION('',(-1.,0.,0.));
#5402 = ORIENTED_EDGE('',*,*,#3560,.T.);
#5403 = ORIENTED_EDGE('',*,*,#5404,.T.);
#5404 = EDGE_CURVE('',#3553,#5405,#5407,.T.);
#5405 = VERTEX_POINT('',#5406);
#5406 = CARTESIAN_POINT('',(51.381907971693,11.17001,-7.24967026242));
#5407 = CIRCLE('',#5408,0.12);
#5408 = AXIS2_PLACEMENT_3D('',#5409,#5410,#5411);
#5409 = CARTESIAN_POINT('',(51.485831020147,11.17001,-7.30967026242));
#5410 = DIRECTION('',(-8.326672684704E-16,1.,3.697183691308E-16));
#5411 = DIRECTION('',(-0.499999999997,-9.614813431913E-17,
    -0.866025403786));
#5412 = ORIENTED_EDGE('',*,*,#5413,.T.);
#5413 = EDGE_CURVE('',#5405,#1988,#5414,.T.);
#5414 = LINE('',#5415,#5416);
#5415 = CARTESIAN_POINT('',(51.390784954708,11.17001,-7.23429487682));
#5416 = VECTOR('',#5417,1.);
#5417 = DIRECTION('',(0.499999999999,-1.118431410543E-16,0.866025403785)
  );
#5418 = ORIENTED_EDGE('',*,*,#1995,.F.);
#5419 = ORIENTED_EDGE('',*,*,#5167,.T.);
#5420 = ORIENTED_EDGE('',*,*,#5143,.T.);
#5421 = ORIENTED_EDGE('',*,*,#576,.F.);
#5422 = ORIENTED_EDGE('',*,*,#5423,.F.);
#5423 = EDGE_CURVE('',#5424,#569,#5426,.T.);
#5424 = VERTEX_POINT('',#5425);
#5425 = CARTESIAN_POINT('',(50.614553924928,11.17001,-6.906015728996));
#5426 = CIRCLE('',#5427,0.12);
#5427 = AXIS2_PLACEMENT_3D('',#5428,#5429,#5430);
#5428 = CARTESIAN_POINT('',(50.585164600211,11.17001,-6.789670262421));
#5429 = DIRECTION('',(-7.814892604496E-16,-1.,5.622153373519E-16));
#5430 = DIRECTION('',(-0.5,-9.614813431899E-17,-0.866025403784));
#5431 = ORIENTED_EDGE('',*,*,#5432,.F.);
#5432 = EDGE_CURVE('',#5395,#5424,#5433,.T.);
#5433 = CIRCLE('',#5434,2.10098297883);
#5434 = AXIS2_PLACEMENT_3D('',#5435,#5436,#5437);
#5435 = CARTESIAN_POINT('',(50.100000000008,11.17001,-4.869017021171));
#5436 = DIRECTION('',(-7.814892604496E-16,-1.,5.622153373519E-16));
#5437 = DIRECTION('',(-0.5,-9.614813431899E-17,-0.866025403784));
#5438 = PLANE('',#5439);
#5439 = AXIS2_PLACEMENT_3D('',#5440,#5441,#5442);
#5440 = CARTESIAN_POINT('',(48.211250413647,11.17001,-9.015000000001));
#5441 = DIRECTION('',(0.,1.,-1.110223024625E-16));
#5442 = DIRECTION('',(-1.,0.,0.));
#5443 = ADVANCED_FACE('',(#5444),#5478,.F.);
#5444 = FACE_BOUND('',#5445,.T.);
#5445 = EDGE_LOOP('',(#5446,#5456,#5464,#5472));
#5446 = ORIENTED_EDGE('',*,*,#5447,.T.);
#5447 = EDGE_CURVE('',#5448,#5450,#5452,.T.);
#5448 = VERTEX_POINT('',#5449);
#5449 = CARTESIAN_POINT('',(51.390784954708,9.50001,-10.10570512318));
#5450 = VERTEX_POINT('',#5451);
#5451 = CARTESIAN_POINT('',(51.381907971693,9.50001,-10.09032973758));
#5452 = LINE('',#5453,#5454);
#5453 = CARTESIAN_POINT('',(51.390784954708,9.50001,-10.10570512318));
#5454 = VECTOR('',#5455,1.);
#5455 = DIRECTION('',(-0.499999999999,-1.118431410543E-16,0.866025403785
    ));
#5456 = ORIENTED_EDGE('',*,*,#5457,.T.);
#5457 = EDGE_CURVE('',#5450,#5458,#5460,.T.);
#5458 = VERTEX_POINT('',#5459);
#5459 = CARTESIAN_POINT('',(51.381907971693,11.17001,-10.09032973758));
#5460 = LINE('',#5461,#5462);
#5461 = CARTESIAN_POINT('',(51.381907971693,11.17001,-10.09032973758));
#5462 = VECTOR('',#5463,1.);
#5463 = DIRECTION('',(0.,1.,-1.110223024625E-16));
#5464 = ORIENTED_EDGE('',*,*,#5465,.T.);
#5465 = EDGE_CURVE('',#5458,#5466,#5468,.T.);
#5466 = VERTEX_POINT('',#5467);
#5467 = CARTESIAN_POINT('',(51.390784954708,11.17001,-10.10570512318));
#5468 = LINE('',#5469,#5470);
#5469 = CARTESIAN_POINT('',(51.390784954708,11.17001,-10.10570512318));
#5470 = VECTOR('',#5471,1.);
#5471 = DIRECTION('',(0.499999999999,1.118431410543E-16,-0.866025403785)
  );
#5472 = ORIENTED_EDGE('',*,*,#5473,.F.);
#5473 = EDGE_CURVE('',#5448,#5466,#5474,.T.);
#5474 = LINE('',#5475,#5476);
#5475 = CARTESIAN_POINT('',(51.390784954708,11.17001,-10.10570512318));
#5476 = VECTOR('',#5477,1.);
#5477 = DIRECTION('',(0.,1.,-1.110223024625E-16));
#5478 = PLANE('',#5479);
#5479 = AXIS2_PLACEMENT_3D('',#5480,#5481,#5482);
#5480 = CARTESIAN_POINT('',(51.390784954708,11.17001,-10.10570512318));
#5481 = DIRECTION('',(0.866025403785,5.551115123115E-17,0.499999999999)
  );
#5482 = DIRECTION('',(0.,1.,-1.110223024625E-16));
#5483 = ADVANCED_FACE('',(#5484),#5511,.F.);
#5484 = FACE_BOUND('',#5485,.F.);
#5485 = EDGE_LOOP('',(#5486,#5487,#5496,#5504));
#5486 = ORIENTED_EDGE('',*,*,#2844,.T.);
#5487 = ORIENTED_EDGE('',*,*,#5488,.T.);
#5488 = EDGE_CURVE('',#2836,#5489,#5491,.T.);
#5489 = VERTEX_POINT('',#5490);
#5490 = CARTESIAN_POINT('',(32.37876472712,11.17001,-26.17511985327));
#5491 = CIRCLE('',#5492,1.974999999999);
#5492 = AXIS2_PLACEMENT_3D('',#5493,#5494,#5495);
#5493 = CARTESIAN_POINT('',(31.10000000002,11.17001,-24.66999999999));
#5494 = DIRECTION('',(-8.838452764881E-16,-1.,-3.992660058399E-16));
#5495 = DIRECTION('',(-0.5,9.614813431938E-17,0.866025403784));
#5496 = ORIENTED_EDGE('',*,*,#5497,.F.);
#5497 = EDGE_CURVE('',#5498,#5489,#5500,.T.);
#5498 = VERTEX_POINT('',#5499);
#5499 = CARTESIAN_POINT('',(32.37876472712,9.50001,-26.17511985327));
#5500 = LINE('',#5501,#5502);
#5501 = CARTESIAN_POINT('',(32.37876472712,11.17001,-26.17511985327));
#5502 = VECTOR('',#5503,1.);
#5503 = DIRECTION('',(0.,1.,-1.110223024625E-16));
#5504 = ORIENTED_EDGE('',*,*,#5505,.F.);
#5505 = EDGE_CURVE('',#2845,#5498,#5506,.T.);
#5506 = CIRCLE('',#5507,1.975);
#5507 = AXIS2_PLACEMENT_3D('',#5508,#5509,#5510);
#5508 = CARTESIAN_POINT('',(31.10000000002,9.50001,-24.66999999999));
#5509 = DIRECTION('',(-8.326672684682E-16,-1.,-3.697183691345E-16));
#5510 = DIRECTION('',(-0.500000000001,9.614813431887E-17,0.866025403784)
  );
#5511 = CYLINDRICAL_SURFACE('',#5512,1.975);
#5512 = AXIS2_PLACEMENT_3D('',#5513,#5514,#5515);
#5513 = CARTESIAN_POINT('',(31.10000000002,11.17001,-24.66999999999));
#5514 = DIRECTION('',(0.,-1.,1.110223024625E-16));
#5515 = DIRECTION('',(1.,0.,0.));
#5516 = ADVANCED_FACE('',(#5517),#5553,.F.);
#5517 = FACE_BOUND('',#5518,.F.);
#5518 = EDGE_LOOP('',(#5519,#5529,#5538,#5546));
#5519 = ORIENTED_EDGE('',*,*,#5520,.T.);
#5520 = EDGE_CURVE('',#5521,#5523,#5525,.T.);
#5521 = VERTEX_POINT('',#5522);
#5522 = CARTESIAN_POINT('',(29.21125041365,9.50001,-24.27));
#5523 = VERTEX_POINT('',#5524);
#5524 = CARTESIAN_POINT('',(29.21125041365,11.17001,-24.27));
#5525 = LINE('',#5526,#5527);
#5526 = CARTESIAN_POINT('',(29.21125041365,11.17001,-24.27));
#5527 = VECTOR('',#5528,1.);
#5528 = DIRECTION('',(0.,1.,-1.110223024625E-16));
#5529 = ORIENTED_EDGE('',*,*,#5530,.F.);
#5530 = EDGE_CURVE('',#5531,#5523,#5533,.T.);
#5531 = VERTEX_POINT('',#5532);
#5532 = CARTESIAN_POINT('',(29.15714560779,11.17001,-24.3151171875));
#5533 = CIRCLE('',#5534,5.5E-02);
#5534 = AXIS2_PLACEMENT_3D('',#5535,#5536,#5537);
#5535 = CARTESIAN_POINT('',(29.21125041365,11.17001,-24.325));
#5536 = DIRECTION('',(0.,1.,-1.110223024625E-16));
#5537 = DIRECTION('',(1.,0.,0.));
#5538 = ORIENTED_EDGE('',*,*,#5539,.F.);
#5539 = EDGE_CURVE('',#5540,#5531,#5542,.T.);
#5540 = VERTEX_POINT('',#5541);
#5541 = CARTESIAN_POINT('',(29.15714560779,9.50001,-24.3151171875));
#5542 = LINE('',#5543,#5544);
#5543 = CARTESIAN_POINT('',(29.15714560779,11.17001,-24.3151171875));
#5544 = VECTOR('',#5545,1.);
#5545 = DIRECTION('',(0.,1.,-1.110223024625E-16));
#5546 = ORIENTED_EDGE('',*,*,#5547,.F.);
#5547 = EDGE_CURVE('',#5521,#5540,#5548,.T.);
#5548 = CIRCLE('',#5549,5.5E-02);
#5549 = AXIS2_PLACEMENT_3D('',#5550,#5551,#5552);
#5550 = CARTESIAN_POINT('',(29.21125041365,9.50001,-24.325));
#5551 = DIRECTION('',(0.,-1.,1.110223024625E-16));
#5552 = DIRECTION('',(1.,0.,0.));
#5553 = CYLINDRICAL_SURFACE('',#5554,5.5E-02);
#5554 = AXIS2_PLACEMENT_3D('',#5555,#5556,#5557);
#5555 = CARTESIAN_POINT('',(29.21125041365,11.17001,-24.325));
#5556 = DIRECTION('',(0.,-1.,1.110223024625E-16));
#5557 = DIRECTION('',(1.,0.,0.));
#5558 = ADVANCED_FACE('',(#5559),#5580,.T.);
#5559 = FACE_BOUND('',#5560,.T.);
#5560 = EDGE_LOOP('',(#5561,#5570,#5576,#5577,#5578,#5579));
#5561 = ORIENTED_EDGE('',*,*,#5562,.T.);
#5562 = EDGE_CURVE('',#2755,#5563,#5565,.T.);
#5563 = VERTEX_POINT('',#5564);
#5564 = CARTESIAN_POINT('',(43.11313536205,36.50001,15.864127414697));
#5565 = CIRCLE('',#5566,12.3);
#5566 = AXIS2_PLACEMENT_3D('',#5567,#5568,#5569);
#5567 = CARTESIAN_POINT('',(31.,36.50001,18.));
#5568 = DIRECTION('',(0.,-1.,1.110223024625E-16));
#5569 = DIRECTION('',(0.,-1.110223024625E-16,-1.));
#5570 = ORIENTED_EDGE('',*,*,#5571,.T.);
#5571 = EDGE_CURVE('',#5563,#1218,#5572,.T.);
#5572 = LINE('',#5573,#5574);
#5573 = CARTESIAN_POINT('',(45.89159476697,36.50001,31.621553724367));
#5574 = VECTOR('',#5575,1.);
#5575 = DIRECTION('',(0.173648177667,1.093356242223E-16,0.984807753012)
  );
#5576 = ORIENTED_EDGE('',*,*,#1217,.F.);
#5577 = ORIENTED_EDGE('',*,*,#1478,.F.);
#5578 = ORIENTED_EDGE('',*,*,#4207,.T.);
#5579 = ORIENTED_EDGE('',*,*,#2752,.T.);
#5580 = PLANE('',#5581);
#5581 = AXIS2_PLACEMENT_3D('',#5582,#5583,#5584);
#5582 = CARTESIAN_POINT('',(31.,36.50001,18.));
#5583 = DIRECTION('',(0.,-1.,1.110223024625E-16));
#5584 = DIRECTION('',(0.,-1.110223024625E-16,-1.));
#5585 = ADVANCED_FACE('',(#5586),#5621,.F.);
#5586 = FACE_BOUND('',#5587,.F.);
#5587 = EDGE_LOOP('',(#5588,#5597,#5604,#5613,#5620));
#5588 = ORIENTED_EDGE('',*,*,#5589,.F.);
#5589 = EDGE_CURVE('',#5590,#5590,#5592,.T.);
#5590 = VERTEX_POINT('',#5591);
#5591 = CARTESIAN_POINT('',(41.563379358126,7.7677834609,19.919682800442
    ));
#5592 = CIRCLE('',#5593,2.9);
#5593 = AXIS2_PLACEMENT_3D('',#5594,#5595,#5596);
#5594 = CARTESIAN_POINT('',(42.050642589756,8.50001,17.15627569353));
#5595 = DIRECTION('',(0.984807753012,-5.551115123126E-17,0.173648177667)
  );
#5596 = DIRECTION('',(-0.16802180401,-0.252491910037,0.952899002383));
#5597 = ORIENTED_EDGE('',*,*,#5598,.F.);
#5598 = EDGE_CURVE('',#5599,#5590,#5601,.T.);
#5599 = VERTEX_POINT('',#5600);
#5600 = CARTESIAN_POINT('',(40.828272004025,7.99502617993,
    18.905790338396));
#5601 = B_SPLINE_CURVE_WITH_KNOTS('',1,(#5602,#5603),.UNSPECIFIED.,.F.,
  .F.,(2,2),(-4.985043551777E-15,1.272792206136),
  .PIECEWISE_BEZIER_KNOTS.);
#5602 = CARTESIAN_POINT('',(40.828272004025,7.99502617993,
    18.905790338396));
#5603 = CARTESIAN_POINT('',(41.563379359057,7.7677834611,19.919682799812
    ));
#5604 = ORIENTED_EDGE('',*,*,#5605,.T.);
#5605 = EDGE_CURVE('',#5599,#5606,#5608,.T.);
#5606 = VERTEX_POINT('',#5607);
#5607 = CARTESIAN_POINT('',(41.500359220066,9.00499382008,
    15.094194328863));
#5608 = CIRCLE('',#5609,2.);
#5609 = AXIS2_PLACEMENT_3D('',#5610,#5611,#5612);
#5610 = CARTESIAN_POINT('',(41.164315612045,8.50001,16.99999233363));
#5611 = DIRECTION('',(0.984807753012,-1.734723475977E-16,0.173648177667)
  );
#5612 = DIRECTION('',(0.16802180401,0.252491910037,-0.952899002383));
#5613 = ORIENTED_EDGE('',*,*,#5614,.T.);
#5614 = EDGE_CURVE('',#5606,#5599,#5615,.T.);
#5615 = CIRCLE('',#5616,2.);
#5616 = AXIS2_PLACEMENT_3D('',#5617,#5618,#5619);
#5617 = CARTESIAN_POINT('',(41.164315612045,8.50001,16.99999233363));
#5618 = DIRECTION('',(0.984807753012,-1.734723475977E-16,0.173648177667)
  );
#5619 = DIRECTION('',(0.16802180401,0.252491910037,-0.952899002383));
#5620 = ORIENTED_EDGE('',*,*,#5598,.T.);
#5621 = CONICAL_SURFACE('',#5622,2.,0.7853981625);
#5622 = AXIS2_PLACEMENT_3D('',#5623,#5624,#5625);
#5623 = CARTESIAN_POINT('',(41.164315612045,8.50001,16.99999233363));
#5624 = DIRECTION('',(0.984807753012,-1.329224122068E-16,0.173648177667)
  );
#5625 = DIRECTION('',(-0.16802180401,-0.252491910037,0.952899002383));
#5626 = ADVANCED_FACE('',(#5627),#5677,.F.);
#5627 = FACE_BOUND('',#5628,.F.);
#5628 = EDGE_LOOP('',(#5629,#5644,#5653,#5670));
#5629 = ORIENTED_EDGE('',*,*,#5630,.F.);
#5630 = EDGE_CURVE('',#5631,#5633,#5635,.T.);
#5631 = VERTEX_POINT('',#5632);
#5632 = CARTESIAN_POINT('',(70.5,148.90001,-1.492139856119E-14));
#5633 = VERTEX_POINT('',#5634);
#5634 = CARTESIAN_POINT('',(70.5,149.10001,3.261901286059));
#5635 = B_SPLINE_CURVE_WITH_KNOTS('',3,(#5636,#5637,#5638,#5639,#5640,
    #5641,#5642,#5643),.UNSPECIFIED.,.F.,.F.,(4,1,1,1,1,4),(0.,
    0.29211853127,0.500076162633,0.693020608038,0.859684319244,1.),
  .UNSPECIFIED.);
#5636 = CARTESIAN_POINT('',(70.5,148.90001,2.789053266127E-14));
#5637 = CARTESIAN_POINT('',(70.500046246619,148.92766079198,
    0.317106435823));
#5638 = CARTESIAN_POINT('',(70.500125415959,148.97499603596,
    0.859959259584));
#5639 = CARTESIAN_POINT('',(70.499994788683,149.03283778803,
    1.612919845747));
#5640 = CARTESIAN_POINT('',(70.500061450079,149.07117775719,
    2.230191413599));
#5641 = CARTESIAN_POINT('',(70.500094712154,149.09523166986,
    2.774497655546));
#5642 = CARTESIAN_POINT('',(70.500029711037,149.0985110462,
    3.109003620984));
#5643 = CARTESIAN_POINT('',(70.5,149.10001,3.261901286059));
#5644 = ORIENTED_EDGE('',*,*,#5645,.T.);
#5645 = EDGE_CURVE('',#5631,#5646,#5648,.T.);
#5646 = VERTEX_POINT('',#5647);
#5647 = CARTESIAN_POINT('',(24.87177978871,148.90001,18.340152440706));
#5648 = CIRCLE('',#5649,26.5);
#5649 = AXIS2_PLACEMENT_3D('',#5650,#5651,#5652);
#5650 = CARTESIAN_POINT('',(44.,148.90001,-1.492139856119E-14));
#5651 = DIRECTION('',(0.,-1.,1.110223024625E-16));
#5652 = DIRECTION('',(0.,1.110223024625E-16,1.));
#5653 = ORIENTED_EDGE('',*,*,#5654,.F.);
#5654 = EDGE_CURVE('',#5655,#5646,#5657,.T.);
#5655 = VERTEX_POINT('',#5656);
#5656 = CARTESIAN_POINT('',(24.,149.10001,17.688696955966));
#5657 = B_SPLINE_CURVE_WITH_KNOTS('',3,(#5658,#5659,#5660,#5661,#5662,
    #5663,#5664,#5665,#5666,#5667,#5668,#5669),.UNSPECIFIED.,.F.,.F.,(4,
    1,1,1,1,1,1,1,1,4),(0.,0.149233426916,0.288826814872,0.418831754646,
    0.539299239123,0.650276234866,0.751803691796,0.843915814215,
    0.926640387491,1.),.UNSPECIFIED.);
#5658 = CARTESIAN_POINT('',(24.,149.10001,17.688696955966));
#5659 = CARTESIAN_POINT('',(24.04648858077,149.0990772642,
    17.718879552083));
#5660 = CARTESIAN_POINT('',(24.13646271717,149.09727204459,
    17.777295037684));
#5661 = CARTESIAN_POINT('',(24.26643472796,149.0832925039,
    17.861805706575));
#5662 = CARTESIAN_POINT('',(24.38562659656,149.06332900291,
    17.941753443445));
#5663 = CARTESIAN_POINT('',(24.49359884863,149.03860382368,
    18.017671583838));
#5664 = CARTESIAN_POINT('',(24.59022136037,149.01114454956,
    18.089852827447));
#5665 = CARTESIAN_POINT('',(24.67572130222,148.98252096791,
    18.15823397939));
#5666 = CARTESIAN_POINT('',(24.75040939523,148.95401633889,
    18.222629291863));
#5667 = CARTESIAN_POINT('',(24.81510214619,148.92676366519,
    18.282415043222));
#5668 = CARTESIAN_POINT('',(24.853658358,148.90856389653,18.321692176632
    ));
#5669 = CARTESIAN_POINT('',(24.87177978871,148.90001,18.340152440706));
#5670 = ORIENTED_EDGE('',*,*,#5671,.T.);
#5671 = EDGE_CURVE('',#5655,#5633,#5672,.T.);
#5672 = CIRCLE('',#5673,26.7);
#5673 = AXIS2_PLACEMENT_3D('',#5674,#5675,#5676);
#5674 = CARTESIAN_POINT('',(44.,149.10001,-1.494360302168E-14));
#5675 = DIRECTION('',(0.,1.,-1.110223024625E-16));
#5676 = DIRECTION('',(0.,1.110223024625E-16,1.));
#5677 = TOROIDAL_SURFACE('',#5678,26.7,0.2);
#5678 = AXIS2_PLACEMENT_3D('',#5679,#5680,#5681);
#5679 = CARTESIAN_POINT('',(44.,148.90001,-1.492139856119E-14));
#5680 = DIRECTION('',(0.,1.,-1.110223024625E-16));
#5681 = DIRECTION('',(0.,1.110223024625E-16,1.));
#5682 = ADVANCED_FACE('',(#5683),#5795,.F.);
#5683 = FACE_BOUND('',#5684,.T.);
#5684 = EDGE_LOOP('',(#5685,#5699,#5707,#5715,#5716,#5725,#5733,#5745,
    #5751,#5752,#5760,#5766,#5767,#5781,#5789));
#5685 = ORIENTED_EDGE('',*,*,#5686,.T.);
#5686 = EDGE_CURVE('',#5687,#5689,#5691,.T.);
#5687 = VERTEX_POINT('',#5688);
#5688 = CARTESIAN_POINT('',(70.5,155.60785529163,-7.7));
#5689 = VERTEX_POINT('',#5690);
#5690 = CARTESIAN_POINT('',(70.5,155.97501,-7.34846922835));
#5691 = B_SPLINE_CURVE_WITH_KNOTS('',2,(#5692,#5693,#5694,#5695,#5696,
    #5697,#5698),.UNSPECIFIED.,.F.,.F.,(3,2,2,3),(0.,0.5,0.75,1.),
  .UNSPECIFIED.);
#5692 = CARTESIAN_POINT('',(70.5,155.60785529163,-7.7));
#5693 = CARTESIAN_POINT('',(70.5,155.67618224344,-7.562523499724));
#5694 = CARTESIAN_POINT('',(70.5,155.75016388154,-7.476532442059));
#5695 = CARTESIAN_POINT('',(70.5,155.79825567572,-7.420633919768));
#5696 = CARTESIAN_POINT('',(70.5,155.85082774566,-7.387431111242));
#5697 = CARTESIAN_POINT('',(70.5,155.91251851591,-7.34846922835));
#5698 = CARTESIAN_POINT('',(70.5,155.97501,-7.34846922835));
#5699 = ORIENTED_EDGE('',*,*,#5700,.T.);
#5700 = EDGE_CURVE('',#5689,#5701,#5703,.T.);
#5701 = VERTEX_POINT('',#5702);
#5702 = CARTESIAN_POINT('',(70.5,158.22501,-7.34846922835));
#5703 = LINE('',#5704,#5705);
#5704 = CARTESIAN_POINT('',(70.5,158.97501,-7.34846922835));
#5705 = VECTOR('',#5706,1.);
#5706 = DIRECTION('',(0.,1.,1.951292859931E-16));
#5707 = ORIENTED_EDGE('',*,*,#5708,.T.);
#5708 = EDGE_CURVE('',#5701,#2388,#5709,.T.);
#5709 = B_SPLINE_CURVE_WITH_KNOTS('',2,(#5710,#5711,#5712,#5713,#5714),
  .UNSPECIFIED.,.F.,.F.,(3,2,3),(0.,0.5,1.),.PIECEWISE_BEZIER_KNOTS.);
#5710 = CARTESIAN_POINT('',(70.5,158.22501,-7.34846922835));
#5711 = CARTESIAN_POINT('',(70.5,158.33896030542,-7.34846922835));
#5712 = CARTESIAN_POINT('',(70.5,158.45046363812,-7.477236545964));
#5713 = CARTESIAN_POINT('',(70.5,158.52319337451,-7.561226977815));
#5714 = CARTESIAN_POINT('',(70.5,158.59216470837,-7.699999999994));
#5715 = ORIENTED_EDGE('',*,*,#2385,.F.);
#5716 = ORIENTED_EDGE('',*,*,#5717,.F.);
#5717 = EDGE_CURVE('',#5718,#2386,#5720,.T.);
#5718 = VERTEX_POINT('',#5719);
#5719 = CARTESIAN_POINT('',(70.5,162.10001,7.7));
#5720 = CIRCLE('',#5721,7.7);
#5721 = AXIS2_PLACEMENT_3D('',#5722,#5723,#5724);
#5722 = CARTESIAN_POINT('',(70.5,162.10001,-8.83737638624E-15));
#5723 = DIRECTION('',(-1.,0.,0.));
#5724 = DIRECTION('',(0.,1.110223024625E-16,1.));
#5725 = ORIENTED_EDGE('',*,*,#5726,.F.);
#5726 = EDGE_CURVE('',#5727,#5718,#5729,.T.);
#5727 = VERTEX_POINT('',#5728);
#5728 = CARTESIAN_POINT('',(70.5,158.59216470836,7.7));
#5729 = LINE('',#5730,#5731);
#5730 = CARTESIAN_POINT('',(70.5,162.10001,7.7));
#5731 = VECTOR('',#5732,1.);
#5732 = DIRECTION('',(0.,1.,1.045460014855E-15));
#5733 = ORIENTED_EDGE('',*,*,#5734,.T.);
#5734 = EDGE_CURVE('',#5727,#5735,#5737,.T.);
#5735 = VERTEX_POINT('',#5736);
#5736 = CARTESIAN_POINT('',(70.5,158.22501,7.34846922835));
#5737 = B_SPLINE_CURVE_WITH_KNOTS('',2,(#5738,#5739,#5740,#5741,#5742,
    #5743,#5744),.UNSPECIFIED.,.F.,.F.,(3,2,2,3),(0.,0.5,0.75,1.),
  .UNSPECIFIED.);
#5738 = CARTESIAN_POINT('',(70.5,158.59216470836,7.7));
#5739 = CARTESIAN_POINT('',(70.5,158.52380891428,7.562465467955));
#5740 = CARTESIAN_POINT('',(70.5,158.4498066145,7.476475157202));
#5741 = CARTESIAN_POINT('',(70.5,158.40163194863,7.420496430853));
#5742 = CARTESIAN_POINT('',(70.5,158.3489609962,7.387293461093));
#5743 = CARTESIAN_POINT('',(70.5,158.28737285121,7.34846922835));
#5744 = CARTESIAN_POINT('',(70.5,158.22501,7.34846922835));
#5745 = ORIENTED_EDGE('',*,*,#5746,.T.);
#5746 = EDGE_CURVE('',#5735,#2317,#5747,.T.);
#5747 = LINE('',#5748,#5749);
#5748 = CARTESIAN_POINT('',(70.5,158.97501,7.34846922835));
#5749 = VECTOR('',#5750,1.);
#5750 = DIRECTION('',(0.,-1.,-1.951292859931E-16));
#5751 = ORIENTED_EDGE('',*,*,#2316,.T.);
#5752 = ORIENTED_EDGE('',*,*,#5753,.F.);
#5753 = EDGE_CURVE('',#5754,#2319,#5756,.T.);
#5754 = VERTEX_POINT('',#5755);
#5755 = CARTESIAN_POINT('',(70.5,149.10001,7.7));
#5756 = LINE('',#5757,#5758);
#5757 = CARTESIAN_POINT('',(70.5,162.10001,7.7));
#5758 = VECTOR('',#5759,1.);
#5759 = DIRECTION('',(0.,1.,1.045460014855E-15));
#5760 = ORIENTED_EDGE('',*,*,#5761,.T.);
#5761 = EDGE_CURVE('',#5754,#5633,#5762,.T.);
#5762 = LINE('',#5763,#5764);
#5763 = CARTESIAN_POINT('',(70.5,149.10001,-1.494360302168E-14));
#5764 = VECTOR('',#5765,1.);
#5765 = DIRECTION('',(0.,-1.110223024625E-16,-1.));
#5766 = ORIENTED_EDGE('',*,*,#5630,.F.);
#5767 = ORIENTED_EDGE('',*,*,#5768,.F.);
#5768 = EDGE_CURVE('',#5769,#5631,#5771,.T.);
#5769 = VERTEX_POINT('',#5770);
#5770 = CARTESIAN_POINT('',(70.5,149.10001,-3.26190128606));
#5771 = B_SPLINE_CURVE_WITH_KNOTS('',3,(#5772,#5773,#5774,#5775,#5776,
    #5777,#5778,#5779,#5780),.UNSPECIFIED.,.F.,.F.,(4,1,1,1,1,1,4),(0.,
    0.102623772747,0.230945255644,0.384883056395,0.564372217424,
    0.769392607145,1.),.UNSPECIFIED.);
#5772 = CARTESIAN_POINT('',(70.5,149.10001,-3.26190128606));
#5773 = CARTESIAN_POINT('',(70.500170405694,149.09921144051,
    -3.150073844941));
#5774 = CARTESIAN_POINT('',(70.500553887859,149.09741435668,
    -2.89841658965));
#5775 = CARTESIAN_POINT('',(70.501515687381,149.08330383057,
    -2.479210379524));
#5776 = CARTESIAN_POINT('',(70.501524092967,149.0577610251,
    -1.976684922793));
#5777 = CARTESIAN_POINT('',(70.500827107047,149.01772014066,
    -1.39129136426));
#5778 = CARTESIAN_POINT('',(70.500040012225,148.9633015889,
    -0.72321736795));
#5779 = CARTESIAN_POINT('',(70.500013849636,148.92191744176,
    -0.250330930939));
#5780 = CARTESIAN_POINT('',(70.5,148.90001,2.789053266127E-14));
#5781 = ORIENTED_EDGE('',*,*,#5782,.T.);
#5782 = EDGE_CURVE('',#5769,#5783,#5785,.T.);
#5783 = VERTEX_POINT('',#5784);
#5784 = CARTESIAN_POINT('',(70.5,149.10001,-7.7));
#5785 = LINE('',#5786,#5787);
#5786 = CARTESIAN_POINT('',(70.5,149.10001,-1.494360302168E-14));
#5787 = VECTOR('',#5788,1.);
#5788 = DIRECTION('',(0.,-1.110223024625E-16,-1.));
#5789 = ORIENTED_EDGE('',*,*,#5790,.F.);
#5790 = EDGE_CURVE('',#5687,#5783,#5791,.T.);
#5791 = LINE('',#5792,#5793);
#5792 = CARTESIAN_POINT('',(70.5,162.10001,-7.7));
#5793 = VECTOR('',#5794,1.);
#5794 = DIRECTION('',(0.,-1.,1.074757566894E-15));
#5795 = PLANE('',#5796);
#5796 = AXIS2_PLACEMENT_3D('',#5797,#5798,#5799);
#5797 = CARTESIAN_POINT('',(70.5,162.10001,-2.304823110144E-14));
#5798 = DIRECTION('',(-1.,0.,0.));
#5799 = DIRECTION('',(0.,1.110223024625E-16,1.));
#5800 = ADVANCED_FACE('',(#5801),#5882,.F.);
#5801 = FACE_BOUND('',#5802,.F.);
#5802 = EDGE_LOOP('',(#5803,#5814,#5826,#5841,#5842,#5851,#5870));
#5803 = ORIENTED_EDGE('',*,*,#5804,.F.);
#5804 = EDGE_CURVE('',#5805,#5807,#5809,.T.);
#5805 = VERTEX_POINT('',#5806);
#5806 = CARTESIAN_POINT('',(71.093587802283,158.97501,8.));
#5807 = VERTEX_POINT('',#5808);
#5808 = CARTESIAN_POINT('',(17.22171287371,158.97501,8.999213220155));
#5809 = CIRCLE('',#5810,28.25);
#5810 = AXIS2_PLACEMENT_3D('',#5811,#5812,#5813);
#5811 = CARTESIAN_POINT('',(44.,158.97501,-1.489187980179E-14));
#5812 = DIRECTION('',(0.,-1.,-1.346022605077E-16));
#5813 = DIRECTION('',(0.,1.346022605077E-16,-1.));
#5814 = ORIENTED_EDGE('',*,*,#5815,.T.);
#5815 = EDGE_CURVE('',#5805,#5816,#5818,.T.);
#5816 = VERTEX_POINT('',#5817);
#5817 = CARTESIAN_POINT('',(70.8,158.9201991971,8.));
#5818 = B_SPLINE_CURVE_WITH_KNOTS('',3,(#5819,#5820,#5821,#5822,#5823,
    #5824,#5825),.UNSPECIFIED.,.F.,.F.,(4,3,4),(0.,0.482035750873,1.),
  .UNSPECIFIED.);
#5819 = CARTESIAN_POINT('',(71.093587802283,158.97501,8.));
#5820 = CARTESIAN_POINT('',(71.045241621919,158.97501,8.));
#5821 = CARTESIAN_POINT('',(70.996704540286,158.97067899795,8.));
#5822 = CARTESIAN_POINT('',(70.949124331458,158.96210713214,8.));
#5823 = CARTESIAN_POINT('',(70.898308698821,158.95295238492,8.));
#5824 = CARTESIAN_POINT('',(70.848138360419,158.93887367629,8.));
#5825 = CARTESIAN_POINT('',(70.8,158.9201991971,8.));
#5826 = ORIENTED_EDGE('',*,*,#5827,.T.);
#5827 = EDGE_CURVE('',#5816,#5727,#5828,.T.);
#5828 = B_SPLINE_CURVE_WITH_KNOTS('',3,(#5829,#5830,#5831,#5832,#5833,
    #5834,#5835,#5836,#5837,#5838,#5839,#5840),.UNSPECIFIED.,.F.,.F.,(4,
    1,1,1,1,1,1,1,1,4),(0.,8.064600571572E-02,0.163873680229,
    0.25005882859,0.366830622598,0.500015381074,0.749195926505,
    0.874382050765,0.941983251176,1.),.UNSPECIFIED.);
#5829 = CARTESIAN_POINT('',(70.8,158.9201991971,8.));
#5830 = CARTESIAN_POINT('',(70.785675350009,158.91428230682,
    7.999394483439));
#5831 = CARTESIAN_POINT('',(70.756567484204,158.90225911266,
    7.998164066305));
#5832 = CARTESIAN_POINT('',(70.714815917519,158.88000230732,
    7.988622246618));
#5833 = CARTESIAN_POINT('',(70.670544418153,158.85169933753,
    7.972171359542));
#5834 = CARTESIAN_POINT('',(70.624479304016,158.81454797493,
    7.945583825869));
#5835 = CARTESIAN_POINT('',(70.567450625273,158.75509249056,
    7.895991218233));
#5836 = CARTESIAN_POINT('',(70.526912051891,158.6899163474,7.83348871738
    ));
#5837 = CARTESIAN_POINT('',(70.507240983179,158.63654873605,
    7.770205298362));
#5838 = CARTESIAN_POINT('',(70.500917281992,158.60897358225,
    7.731023934052));
#5839 = CARTESIAN_POINT('',(70.500289802088,158.59747523096,
    7.709801566961));
#5840 = CARTESIAN_POINT('',(70.5,158.59216470836,7.7));
#5841 = ORIENTED_EDGE('',*,*,#5734,.T.);
#5842 = ORIENTED_EDGE('',*,*,#5843,.T.);
#5843 = EDGE_CURVE('',#5735,#5844,#5846,.T.);
#5844 = VERTEX_POINT('',#5845);
#5845 = CARTESIAN_POINT('',(17.5,158.22501,7.34846922835));
#5846 = CIRCLE('',#5847,27.5);
#5847 = AXIS2_PLACEMENT_3D('',#5848,#5849,#5850);
#5848 = CARTESIAN_POINT('',(44.,158.22501,-1.503822676628E-14));
#5849 = DIRECTION('',(0.,-1.,-1.41301112225E-16));
#5850 = DIRECTION('',(0.,1.41301112225E-16,-1.));
#5851 = ORIENTED_EDGE('',*,*,#5852,.F.);
#5852 = EDGE_CURVE('',#5853,#5844,#5855,.T.);
#5853 = VERTEX_POINT('',#5854);
#5854 = CARTESIAN_POINT('',(17.5,158.88382111485,8.7));
#5855 = B_SPLINE_CURVE_WITH_KNOTS('',3,(#5856,#5857,#5858,#5859,#5860,
    #5861,#5862,#5863,#5864,#5865,#5866,#5867,#5868,#5869),
  .UNSPECIFIED.,.F.,.F.,(4,1,1,1,1,1,1,1,1,1,1,4),(0.,0.149580503228,
    0.282393424529,0.398592201853,0.498333106241,0.635570808142,
    0.748013533512,0.818772265862,0.877071166492,0.921986383622,
    0.962212179405,1.),.UNSPECIFIED.);
#5856 = CARTESIAN_POINT('',(17.5,158.88382111485,8.7));
#5857 = CARTESIAN_POINT('',(17.50003873155,158.86977569055,
    8.622614809579));
#5858 = CARTESIAN_POINT('',(17.50011185293,158.84325929718,
    8.476519105533));
#5859 = CARTESIAN_POINT('',(17.50025419748,158.79502719614,
    8.272506077849));
#5860 = CARTESIAN_POINT('',(17.50012458585,158.74578123674,
    8.095844442126));
#5861 = CARTESIAN_POINT('',(17.49995124341,158.6876955858,7.919425227616
    ));
#5862 = CARTESIAN_POINT('',(17.50003238991,158.61910110717,
    7.748777280393));
#5863 = CARTESIAN_POINT('',(17.50004718129,158.54067577856,7.59917195223
    ));
#5864 = CARTESIAN_POINT('',(17.49988649323,158.46824278541,
    7.494640749676));
#5865 = CARTESIAN_POINT('',(17.49958943236,158.40642108591,
    7.426545696404));
#5866 = CARTESIAN_POINT('',(17.4997107206,158.34573078818,7.381302944426
    ));
#5867 = CARTESIAN_POINT('',(17.4999336751,158.28606819599,7.353663342774
    ));
#5868 = CARTESIAN_POINT('',(17.49997835715,158.2449342446,7.350164149148
    ));
#5869 = CARTESIAN_POINT('',(17.5,158.22501,7.34846922835));
#5870 = ORIENTED_EDGE('',*,*,#5871,.T.);
#5871 = EDGE_CURVE('',#5853,#5807,#5872,.T.);
#5872 = B_SPLINE_CURVE_WITH_KNOTS('',3,(#5873,#5874,#5875,#5876,#5877,
    #5878,#5879,#5880,#5881),.UNSPECIFIED.,.F.,.F.,(4,1,1,1,1,1,4),(0.,
    0.112912909394,0.250438152856,0.375712622098,0.501065600196,
    0.753834334648,1.),.UNSPECIFIED.);
#5873 = CARTESIAN_POINT('',(17.5,158.88382111485,8.7));
#5874 = CARTESIAN_POINT('',(17.49914955662,158.88712677831,
    8.716957208509));
#5875 = CARTESIAN_POINT('',(17.49726329338,158.8944586614,8.754567894473
    ));
#5876 = CARTESIAN_POINT('',(17.4816660929,158.90978774411,8.808263259654
    ));
#5877 = CARTESIAN_POINT('',(17.45608431697,158.92604848371,
    8.859589599815));
#5878 = CARTESIAN_POINT('',(17.41130481414,158.94785956017,
    8.918316217405));
#5879 = CARTESIAN_POINT('',(17.33510276491,158.97033532132,8.97819523439
    ));
#5880 = CARTESIAN_POINT('',(17.25917455076,158.97346558276,
    8.992269311958));
#5881 = CARTESIAN_POINT('',(17.22171287371,158.97501,8.999213220155));
#5882 = TOROIDAL_SURFACE('',#5883,28.25,0.75);
#5883 = AXIS2_PLACEMENT_3D('',#5884,#5885,#5886);
#5884 = CARTESIAN_POINT('',(44.,158.22501,-1.595668153165E-14));
#5885 = DIRECTION('',(0.,-1.,-2.47886002912E-16));
#5886 = DIRECTION('',(0.,2.47886002912E-16,-1.));
#5887 = ADVANCED_FACE('',(#5888),#5969,.F.);
#5888 = FACE_BOUND('',#5889,.F.);
#5889 = EDGE_LOOP('',(#5890,#5901,#5913,#5928,#5929,#5938,#5957));
#5890 = ORIENTED_EDGE('',*,*,#5891,.T.);
#5891 = EDGE_CURVE('',#5892,#5894,#5896,.T.);
#5892 = VERTEX_POINT('',#5893);
#5893 = CARTESIAN_POINT('',(17.22171287371,155.22501,-8.999213220155));
#5894 = VERTEX_POINT('',#5895);
#5895 = CARTESIAN_POINT('',(71.093587802283,155.22501,-8.));
#5896 = CIRCLE('',#5897,28.25);
#5897 = AXIS2_PLACEMENT_3D('',#5898,#5899,#5900);
#5898 = CARTESIAN_POINT('',(44.,155.22501,-1.562361462426E-14));
#5899 = DIRECTION('',(0.,-1.,-1.346022605077E-16));
#5900 = DIRECTION('',(0.,1.346022605077E-16,-1.));
#5901 = ORIENTED_EDGE('',*,*,#5902,.T.);
#5902 = EDGE_CURVE('',#5894,#5903,#5905,.T.);
#5903 = VERTEX_POINT('',#5904);
#5904 = CARTESIAN_POINT('',(70.8,155.27982080289,-8.));
#5905 = B_SPLINE_CURVE_WITH_KNOTS('',3,(#5906,#5907,#5908,#5909,#5910,
    #5911,#5912),.UNSPECIFIED.,.F.,.F.,(4,3,4),(0.,0.482035750873,1.),
  .UNSPECIFIED.);
#5906 = CARTESIAN_POINT('',(71.093587802283,155.22501,-8.));
#5907 = CARTESIAN_POINT('',(71.045241621919,155.22501,-8.));
#5908 = CARTESIAN_POINT('',(70.996704540286,155.22934100204,-8.));
#5909 = CARTESIAN_POINT('',(70.949124331458,155.23791286785,-8.));
#5910 = CARTESIAN_POINT('',(70.898308698821,155.24706761507,-8.));
#5911 = CARTESIAN_POINT('',(70.848138360419,155.2611463237,-8.));
#5912 = CARTESIAN_POINT('',(70.8,155.27982080289,-8.));
#5913 = ORIENTED_EDGE('',*,*,#5914,.T.);
#5914 = EDGE_CURVE('',#5903,#5687,#5915,.T.);
#5915 = B_SPLINE_CURVE_WITH_KNOTS('',3,(#5916,#5917,#5918,#5919,#5920,
    #5921,#5922,#5923,#5924,#5925,#5926,#5927),.UNSPECIFIED.,.F.,.F.,(4,
    1,1,1,1,1,1,1,1,4),(0.,8.064600575269E-02,0.163873680266,
    0.250058828591,0.36683062264,0.500015381074,0.749195926505,
    0.874382050765,0.941983251166,1.),.UNSPECIFIED.);
#5916 = CARTESIAN_POINT('',(70.8,155.27982080289,-8.));
#5917 = CARTESIAN_POINT('',(70.785675350002,155.28573769317,
    -7.999394483439));
#5918 = CARTESIAN_POINT('',(70.75656748419,155.29776088734,
    -7.998164066304));
#5919 = CARTESIAN_POINT('',(70.714815917505,155.32001769268,
    -7.988622246613));
#5920 = CARTESIAN_POINT('',(70.670544418142,155.34832066247,
    -7.972171359537));
#5921 = CARTESIAN_POINT('',(70.624479304012,155.38547202507,
    -7.945583825866));
#5922 = CARTESIAN_POINT('',(70.567450625268,155.44492750943,
    -7.895991218227));
#5923 = CARTESIAN_POINT('',(70.526912051891,155.51010365259,
    -7.83348871738));
#5924 = CARTESIAN_POINT('',(70.507240983179,155.56347126394,
    -7.770205298363));
#5925 = CARTESIAN_POINT('',(70.500917281992,155.59104641774,
    -7.731023934054));
#5926 = CARTESIAN_POINT('',(70.500289802088,155.60254476903,
    -7.709801566963));
#5927 = CARTESIAN_POINT('',(70.5,155.60785529163,-7.7));
#5928 = ORIENTED_EDGE('',*,*,#5686,.T.);
#5929 = ORIENTED_EDGE('',*,*,#5930,.F.);
#5930 = EDGE_CURVE('',#5931,#5689,#5933,.T.);
#5931 = VERTEX_POINT('',#5932);
#5932 = CARTESIAN_POINT('',(17.5,155.97501,-7.34846922835));
#5933 = CIRCLE('',#5934,27.5);
#5934 = AXIS2_PLACEMENT_3D('',#5935,#5936,#5937);
#5935 = CARTESIAN_POINT('',(44.,155.97501,-1.547726765977E-14));
#5936 = DIRECTION('',(0.,-1.,-1.41301112225E-16));
#5937 = DIRECTION('',(0.,1.41301112225E-16,-1.));
#5938 = ORIENTED_EDGE('',*,*,#5939,.F.);
#5939 = EDGE_CURVE('',#5940,#5931,#5942,.T.);
#5940 = VERTEX_POINT('',#5941);
#5941 = CARTESIAN_POINT('',(17.5,155.31619888514,-8.7));
#5942 = B_SPLINE_CURVE_WITH_KNOTS('',3,(#5943,#5944,#5945,#5946,#5947,
    #5948,#5949,#5950,#5951,#5952,#5953,#5954,#5955,#5956),
  .UNSPECIFIED.,.F.,.F.,(4,1,1,1,1,1,1,1,1,1,1,4),(0.,0.149401175772,
    0.2820696169,0.398158222329,0.497822674551,0.635446958068,
    0.748154939295,0.819115594533,0.877217350359,0.921955502673,
    0.962132207136,1.),.UNSPECIFIED.);
#5943 = CARTESIAN_POINT('',(17.5,155.31619888514,-8.7));
#5944 = CARTESIAN_POINT('',(17.50003857728,155.33022738347,-8.622702196)
  );
#5945 = CARTESIAN_POINT('',(17.50011141123,155.3567132068,
    -8.476763840102));
#5946 = CARTESIAN_POINT('',(17.50025336421,155.40488032742,
    -8.272955742661));
#5947 = CARTESIAN_POINT('',(17.50012395156,155.45405899415,
    -8.096443215802));
#5948 = CARTESIAN_POINT('',(17.49995212252,155.51214750433,
    -7.91990180307));
#5949 = CARTESIAN_POINT('',(17.50002791579,155.58081618296,
    -7.748941676834));
#5950 = CARTESIAN_POINT('',(17.50005965143,155.65948722825,
    -7.598941902581));
#5951 = CARTESIAN_POINT('',(17.49986059672,155.73199313901,
    -7.494284483727));
#5952 = CARTESIAN_POINT('',(17.49950323028,155.79368454471,
    -7.426184024931));
#5953 = CARTESIAN_POINT('',(17.49964676992,155.85424230175,
    -7.381109786736));
#5954 = CARTESIAN_POINT('',(17.49991718951,155.9138875219,
    -7.353618398534));
#5955 = CARTESIAN_POINT('',(17.49997294635,155.95504168312,
    -7.350151428828));
#5956 = CARTESIAN_POINT('',(17.5,155.97501,-7.348469228349));
#5957 = ORIENTED_EDGE('',*,*,#5958,.T.);
#5958 = EDGE_CURVE('',#5940,#5892,#5959,.T.);
#5959 = B_SPLINE_CURVE_WITH_KNOTS('',3,(#5960,#5961,#5962,#5963,#5964,
    #5965,#5966,#5967,#5968),.UNSPECIFIED.,.F.,.F.,(4,1,1,1,1,1,4),(0.,
    0.11291290928,0.250438152856,0.375712622094,0.501065600195,
    0.753834334574,1.),.UNSPECIFIED.);
#5960 = CARTESIAN_POINT('',(17.5,155.31619888514,-8.7));
#5961 = CARTESIAN_POINT('',(17.49914955662,155.31289322168,
    -8.716957208491));
#5962 = CARTESIAN_POINT('',(17.49726329338,155.30556133859,
    -8.754567894455));
#5963 = CARTESIAN_POINT('',(17.48166609291,155.29023225589,
    -8.808263259639));
#5964 = CARTESIAN_POINT('',(17.45608431696,155.27397151629,
    -8.859589599816));
#5965 = CARTESIAN_POINT('',(17.41130481415,155.25216043982,
    -8.918316217395));
#5966 = CARTESIAN_POINT('',(17.33510276493,155.22968467867,
    -8.978195234384));
#5967 = CARTESIAN_POINT('',(17.25917455077,155.22655441723,
    -8.992269311954));
#5968 = CARTESIAN_POINT('',(17.22171287371,155.22501,-8.999213220155));
#5969 = TOROIDAL_SURFACE('',#5970,28.25,0.75);
#5970 = AXIS2_PLACEMENT_3D('',#5971,#5972,#5973);
#5971 = CARTESIAN_POINT('',(44.,155.97501,-1.570688135111E-14));
#5972 = DIRECTION('',(0.,-1.,-2.47886002912E-16));
#5973 = DIRECTION('',(0.,2.47886002912E-16,-1.));
#5974 = ADVANCED_FACE('',(#5975),#6041,.F.);
#5975 = FACE_BOUND('',#5976,.F.);
#5976 = EDGE_LOOP('',(#5977,#5978,#5979,#5991,#6000,#6016,#6034));
#5977 = ORIENTED_EDGE('',*,*,#5708,.T.);
#5978 = ORIENTED_EDGE('',*,*,#2412,.T.);
#5979 = ORIENTED_EDGE('',*,*,#5980,.T.);
#5980 = EDGE_CURVE('',#2405,#5981,#5983,.T.);
#5981 = VERTEX_POINT('',#5982);
#5982 = CARTESIAN_POINT('',(71.093587802283,158.97501,-8.));
#5983 = B_SPLINE_CURVE_WITH_KNOTS('',3,(#5984,#5985,#5986,#5987,#5988,
    #5989,#5990),.UNSPECIFIED.,.F.,.F.,(4,3,4),(0.,0.514797162194,1.),
  .UNSPECIFIED.);
#5984 = CARTESIAN_POINT('',(70.8,158.9201991971,-8.));
#5985 = CARTESIAN_POINT('',(70.848138360419,158.93887367629,-8.));
#5986 = CARTESIAN_POINT('',(70.898308698821,158.95295238492,-8.));
#5987 = CARTESIAN_POINT('',(70.949124331458,158.96210713214,-8.));
#5988 = CARTESIAN_POINT('',(70.996704540286,158.97067899795,-8.));
#5989 = CARTESIAN_POINT('',(71.045241621919,158.97501,-8.));
#5990 = CARTESIAN_POINT('',(71.093587802283,158.97501,-8.));
#5991 = ORIENTED_EDGE('',*,*,#5992,.F.);
#5992 = EDGE_CURVE('',#5993,#5981,#5995,.T.);
#5993 = VERTEX_POINT('',#5994);
#5994 = CARTESIAN_POINT('',(17.22171287371,158.97501,-8.999213220155));
#5995 = CIRCLE('',#5996,28.25);
#5996 = AXIS2_PLACEMENT_3D('',#5997,#5998,#5999);
#5997 = CARTESIAN_POINT('',(44.,158.97501,-1.489187980179E-14));
#5998 = DIRECTION('',(0.,-1.,-1.346022605077E-16));
#5999 = DIRECTION('',(0.,1.346022605077E-16,-1.));
#6000 = ORIENTED_EDGE('',*,*,#6001,.T.);
#6001 = EDGE_CURVE('',#5993,#6002,#6004,.T.);
#6002 = VERTEX_POINT('',#6003);
#6003 = CARTESIAN_POINT('',(17.5,158.88382111485,-8.7));
#6004 = B_SPLINE_CURVE_WITH_KNOTS('',3,(#6005,#6006,#6007,#6008,#6009,
    #6010,#6011,#6012,#6013,#6014,#6015),.UNSPECIFIED.,.F.,.F.,(4,1,1,1,
    1,1,1,1,4),(0.,8.333065975411E-02,0.166638523925,0.250135347096,
    0.499349827871,0.624181244876,0.749624498068,0.875961676173,1.),
  .UNSPECIFIED.);
#6005 = CARTESIAN_POINT('',(17.22171287371,158.97501,-8.999213220155));
#6006 = CARTESIAN_POINT('',(17.23440759601,158.97482523502,
    -8.997819867318));
#6007 = CARTESIAN_POINT('',(17.2597935679,158.9744557556,-8.995033542804
    ));
#6008 = CARTESIAN_POINT('',(17.29674449578,158.97144689194,
    -8.984764664311));
#6009 = CARTESIAN_POINT('',(17.35528962699,158.9635249819,
    -8.960774301532));
#6010 = CARTESIAN_POINT('',(17.41143206914,158.94740953494,
    -8.918420834736));
#6011 = CARTESIAN_POINT('',(17.45611398336,158.92693009493,
    -8.859491417395));
#6012 = CARTESIAN_POINT('',(17.48085087243,158.91021093633,
    -8.80990756006));
#6013 = CARTESIAN_POINT('',(17.49691065272,158.89442344018,
    -8.756416941403));
#6014 = CARTESIAN_POINT('',(17.49897654031,158.8873335243,
    -8.718690182802));
#6015 = CARTESIAN_POINT('',(17.5,158.88382111485,-8.7));
#6016 = ORIENTED_EDGE('',*,*,#6017,.F.);
#6017 = EDGE_CURVE('',#6018,#6002,#6020,.T.);
#6018 = VERTEX_POINT('',#6019);
#6019 = CARTESIAN_POINT('',(17.5,158.22501,-7.348469228349));
#6020 = B_SPLINE_CURVE_WITH_KNOTS('',3,(#6021,#6022,#6023,#6024,#6025,
    #6026,#6027,#6028,#6029,#6030,#6031,#6032,#6033),.UNSPECIFIED.,.F.,
  .F.,(4,1,1,1,1,1,1,1,1,1,4),(0.,2.832667931436E-02,5.764041982829E-02,
    8.898313502189E-02,0.123214100256,0.181490872877,0.25254682554,
    0.365213974281,0.502819708981,0.71830267408,1.),.UNSPECIFIED.);
#6021 = CARTESIAN_POINT('',(17.5,158.22501,-7.348469228349));
#6022 = CARTESIAN_POINT('',(17.49998685602,158.23992926961,
    -7.34940097655));
#6023 = CARTESIAN_POINT('',(17.49996011004,158.27028768029,
    -7.351296940311));
#6024 = CARTESIAN_POINT('',(17.49980080836,158.31504531002,
    -7.366518096087));
#6025 = CARTESIAN_POINT('',(17.49964899171,158.35895406688,
    -7.390549127878));
#6026 = CARTESIAN_POINT('',(17.49955941352,158.41042660874,
    -7.430866824089));
#6027 = CARTESIAN_POINT('',(17.49987276482,158.46849044367,
    -7.494851040236));
#6028 = CARTESIAN_POINT('',(17.50005412123,158.54097586123,
    -7.599709283537));
#6029 = CARTESIAN_POINT('',(17.50002672736,158.61960305903,
    -7.749741102701));
#6030 = CARTESIAN_POINT('',(17.4999412369,158.7106552291,-7.977323857767
    ));
#6031 = CARTESIAN_POINT('',(17.50035109087,158.80675433255,
    -8.297603004011));
#6032 = CARTESIAN_POINT('',(17.50012697933,158.85594830657,
    -8.554464738409));
#6033 = CARTESIAN_POINT('',(17.5,158.88382111485,-8.7));
#6034 = ORIENTED_EDGE('',*,*,#6035,.T.);
#6035 = EDGE_CURVE('',#6018,#5701,#6036,.T.);
#6036 = CIRCLE('',#6037,27.5);
#6037 = AXIS2_PLACEMENT_3D('',#6038,#6039,#6040);
#6038 = CARTESIAN_POINT('',(44.,158.22501,-1.503822676628E-14));
#6039 = DIRECTION('',(0.,-1.,-1.41301112225E-16));
#6040 = DIRECTION('',(0.,1.41301112225E-16,-1.));
#6041 = TOROIDAL_SURFACE('',#6042,28.25,0.75);
#6042 = AXIS2_PLACEMENT_3D('',#6043,#6044,#6045);
#6043 = CARTESIAN_POINT('',(44.,158.22501,-1.595668153165E-14));
#6044 = DIRECTION('',(0.,-1.,-2.47886002912E-16));
#6045 = DIRECTION('',(0.,2.47886002912E-16,-1.));
#6046 = ADVANCED_FACE('',(#6047),#6066,.F.);
#6047 = FACE_BOUND('',#6048,.F.);
#6048 = EDGE_LOOP('',(#6049,#6057,#6064,#6065));
#6049 = ORIENTED_EDGE('',*,*,#6050,.F.);
#6050 = EDGE_CURVE('',#6051,#5816,#6053,.T.);
#6051 = VERTEX_POINT('',#6052);
#6052 = CARTESIAN_POINT('',(70.8,162.10001,8.));
#6053 = LINE('',#6054,#6055);
#6054 = CARTESIAN_POINT('',(70.8,144.10001,8.));
#6055 = VECTOR('',#6056,1.);
#6056 = DIRECTION('',(0.,-1.,-1.045460014855E-15));
#6057 = ORIENTED_EDGE('',*,*,#6058,.T.);
#6058 = EDGE_CURVE('',#6051,#5718,#6059,.T.);
#6059 = CIRCLE('',#6060,0.3);
#6060 = AXIS2_PLACEMENT_3D('',#6061,#6062,#6063);
#6061 = CARTESIAN_POINT('',(70.8,162.10001,7.7));
#6062 = DIRECTION('',(0.,-1.,1.110223024625E-16));
#6063 = DIRECTION('',(0.,-1.110223024625E-16,-1.));
#6064 = ORIENTED_EDGE('',*,*,#5726,.F.);
#6065 = ORIENTED_EDGE('',*,*,#5827,.F.);
#6066 = CYLINDRICAL_SURFACE('',#6067,0.3);
#6067 = AXIS2_PLACEMENT_3D('',#6068,#6069,#6070);
#6068 = CARTESIAN_POINT('',(70.8,162.10001,7.7));
#6069 = DIRECTION('',(0.,1.,-1.110223024625E-16));
#6070 = DIRECTION('',(0.,1.110223024625E-16,1.));
#6071 = ADVANCED_FACE('',(#6072),#6099,.T.);
#6072 = FACE_BOUND('',#6073,.T.);
#6073 = EDGE_LOOP('',(#6074,#6083,#6084,#6093));
#6074 = ORIENTED_EDGE('',*,*,#6075,.F.);
#6075 = EDGE_CURVE('',#5085,#6076,#6078,.T.);
#6076 = VERTEX_POINT('',#6077);
#6077 = CARTESIAN_POINT('',(51.97099562035,9.50001,-24.27));
#6078 = CIRCLE('',#6079,0.12);
#6079 = AXIS2_PLACEMENT_3D('',#6080,#6081,#6082);
#6080 = CARTESIAN_POINT('',(51.97099562035,9.50001,-24.15));
#6081 = DIRECTION('',(8.326672684704E-16,-1.,-3.697183691308E-16));
#6082 = DIRECTION('',(-0.499999999997,-9.614813431913E-17,
    -0.866025403786));
#6083 = ORIENTED_EDGE('',*,*,#5119,.T.);
#6084 = ORIENTED_EDGE('',*,*,#6085,.F.);
#6085 = EDGE_CURVE('',#6086,#5111,#6088,.T.);
#6086 = VERTEX_POINT('',#6087);
#6087 = CARTESIAN_POINT('',(51.97099562035,11.17001,-24.27));
#6088 = CIRCLE('',#6089,0.12);
#6089 = AXIS2_PLACEMENT_3D('',#6090,#6091,#6092);
#6090 = CARTESIAN_POINT('',(51.97099562035,11.17001,-24.15));
#6091 = DIRECTION('',(-8.326672684704E-16,1.,3.697183691308E-16));
#6092 = DIRECTION('',(-0.499999999997,-9.614813431913E-17,
    -0.866025403786));
#6093 = ORIENTED_EDGE('',*,*,#6094,.F.);
#6094 = EDGE_CURVE('',#6076,#6086,#6095,.T.);
#6095 = LINE('',#6096,#6097);
#6096 = CARTESIAN_POINT('',(51.97099562035,11.17001,-24.27));
#6097 = VECTOR('',#6098,1.);
#6098 = DIRECTION('',(0.,1.,-1.110223024625E-16));
#6099 = CYLINDRICAL_SURFACE('',#6100,0.12);
#6100 = AXIS2_PLACEMENT_3D('',#6101,#6102,#6103);
#6101 = CARTESIAN_POINT('',(51.97099562035,11.17001,-24.15));
#6102 = DIRECTION('',(0.,-1.,1.110223024625E-16));
#6103 = DIRECTION('',(1.,0.,0.));
#6104 = ADVANCED_FACE('',(#6105),#6141,.F.);
#6105 = FACE_BOUND('',#6106,.F.);
#6106 = EDGE_LOOP('',(#6107,#6117,#6126,#6134));
#6107 = ORIENTED_EDGE('',*,*,#6108,.T.);
#6108 = EDGE_CURVE('',#6109,#6111,#6113,.T.);
#6109 = VERTEX_POINT('',#6110);
#6110 = CARTESIAN_POINT('',(51.378764727116,9.50001,-26.17511985327));
#6111 = VERTEX_POINT('',#6112);
#6112 = CARTESIAN_POINT('',(51.378764727116,11.17001,-26.17511985327));
#6113 = LINE('',#6114,#6115);
#6114 = CARTESIAN_POINT('',(51.378764727116,11.17001,-26.17511985327));
#6115 = VECTOR('',#6116,1.);
#6116 = DIRECTION('',(0.,1.,-1.110223024625E-16));
#6117 = ORIENTED_EDGE('',*,*,#6118,.T.);
#6118 = EDGE_CURVE('',#6111,#6119,#6121,.T.);
#6119 = VERTEX_POINT('',#6120);
#6120 = CARTESIAN_POINT('',(51.390784954709,11.17001,-26.10570512318));
#6121 = CIRCLE('',#6122,5.5E-02);
#6122 = AXIS2_PLACEMENT_3D('',#6123,#6124,#6125);
#6123 = CARTESIAN_POINT('',(51.3431535575,11.17001,-26.13320512318));
#6124 = DIRECTION('',(-8.838452764881E-16,-1.,-3.992660058399E-16));
#6125 = DIRECTION('',(-0.5,9.614813431938E-17,0.866025403784));
#6126 = ORIENTED_EDGE('',*,*,#6127,.F.);
#6127 = EDGE_CURVE('',#6128,#6119,#6130,.T.);
#6128 = VERTEX_POINT('',#6129);
#6129 = CARTESIAN_POINT('',(51.390784954709,9.50001,-26.10570512318));
#6130 = LINE('',#6131,#6132);
#6131 = CARTESIAN_POINT('',(51.390784954709,11.17001,-26.10570512318));
#6132 = VECTOR('',#6133,1.);
#6133 = DIRECTION('',(0.,1.,-1.110223024625E-16));
#6134 = ORIENTED_EDGE('',*,*,#6135,.T.);
#6135 = EDGE_CURVE('',#6128,#6109,#6136,.T.);
#6136 = CIRCLE('',#6137,5.5E-02);
#6137 = AXIS2_PLACEMENT_3D('',#6138,#6139,#6140);
#6138 = CARTESIAN_POINT('',(51.3431535575,9.50001,-26.13320512318));
#6139 = DIRECTION('',(8.838452764881E-16,1.,3.992660058399E-16));
#6140 = DIRECTION('',(-0.5,9.614813431938E-17,0.866025403784));
#6141 = CYLINDRICAL_SURFACE('',#6142,5.5E-02);
#6142 = AXIS2_PLACEMENT_3D('',#6143,#6144,#6145);
#6143 = CARTESIAN_POINT('',(51.3431535575,11.17001,-26.13320512318));
#6144 = DIRECTION('',(0.,-1.,1.110223024625E-16));
#6145 = DIRECTION('',(1.,0.,0.));
#6146 = ADVANCED_FACE('',(#6147),#6166,.T.);
#6147 = FACE_BOUND('',#6148,.T.);
#6148 = EDGE_LOOP('',(#6149,#6158,#6159,#6160));
#6149 = ORIENTED_EDGE('',*,*,#6150,.T.);
#6150 = EDGE_CURVE('',#6151,#3625,#6153,.T.);
#6151 = VERTEX_POINT('',#6152);
#6152 = CARTESIAN_POINT('',(48.229004379678,9.50001,-25.07));
#6153 = CIRCLE('',#6154,0.12);
#6154 = AXIS2_PLACEMENT_3D('',#6155,#6156,#6157);
#6155 = CARTESIAN_POINT('',(48.229004379678,9.50001,-25.19));
#6156 = DIRECTION('',(0.,1.,-1.110223024625E-16));
#6157 = DIRECTION('',(1.,0.,0.));
#6158 = ORIENTED_EDGE('',*,*,#3661,.T.);
#6159 = ORIENTED_EDGE('',*,*,#3818,.T.);
#6160 = ORIENTED_EDGE('',*,*,#6161,.F.);
#6161 = EDGE_CURVE('',#6151,#3811,#6162,.T.);
#6162 = LINE('',#6163,#6164);
#6163 = CARTESIAN_POINT('',(48.229004379678,11.17001,-25.07));
#6164 = VECTOR('',#6165,1.);
#6165 = DIRECTION('',(0.,1.,-1.110223024625E-16));
#6166 = CYLINDRICAL_SURFACE('',#6167,0.12);
#6167 = AXIS2_PLACEMENT_3D('',#6168,#6169,#6170);
#6168 = CARTESIAN_POINT('',(48.229004379678,11.17001,-25.19));
#6169 = DIRECTION('',(0.,-1.,1.110223024625E-16));
#6170 = DIRECTION('',(1.,0.,0.));
#6171 = ADVANCED_FACE('',(#6172),#6203,.T.);
#6172 = FACE_BOUND('',#6173,.T.);
#6173 = EDGE_LOOP('',(#6174,#6184,#6191,#6197));
#6174 = ORIENTED_EDGE('',*,*,#6175,.T.);
#6175 = EDGE_CURVE('',#6176,#6178,#6180,.T.);
#6176 = VERTEX_POINT('',#6177);
#6177 = CARTESIAN_POINT('',(61.99,207.10001,-6.84735026919));
#6178 = VERTEX_POINT('',#6179);
#6179 = CARTESIAN_POINT('',(60.188793555321,207.10001,-6.84735026919));
#6180 = LINE('',#6181,#6182);
#6181 = CARTESIAN_POINT('',(44.,207.10001,-6.84735026919));
#6182 = VECTOR('',#6183,1.);
#6183 = DIRECTION('',(-1.,0.,0.));
#6184 = ORIENTED_EDGE('',*,*,#6185,.F.);
#6185 = EDGE_CURVE('',#1609,#6178,#6186,.T.);
#6186 = B_SPLINE_CURVE_WITH_KNOTS('',3,(#6187,#6188,#6189,#6190),
  .UNSPECIFIED.,.F.,.F.,(4,4),(0.,1.),.PIECEWISE_BEZIER_KNOTS.);
#6187 = CARTESIAN_POINT('',(59.801490436032,206.10001,-6.27));
#6188 = CARTESIAN_POINT('',(59.932010996922,206.43292846952,
    -6.462210567998));
#6189 = CARTESIAN_POINT('',(60.061083175377,206.76627512902,
    -6.654668351596));
#6190 = CARTESIAN_POINT('',(60.188793555321,207.10001,-6.84735026919));
#6191 = ORIENTED_EDGE('',*,*,#6192,.T.);
#6192 = EDGE_CURVE('',#1609,#4067,#6193,.T.);
#6193 = LINE('',#6194,#6195);
#6194 = CARTESIAN_POINT('',(49.,206.10001,-6.27));
#6195 = VECTOR('',#6196,1.);
#6196 = DIRECTION('',(1.,0.,0.));
#6197 = ORIENTED_EDGE('',*,*,#6198,.F.);
#6198 = EDGE_CURVE('',#6176,#4067,#6199,.T.);
#6199 = LINE('',#6200,#6201);
#6200 = CARTESIAN_POINT('',(61.99,206.10001,-6.27));
#6201 = VECTOR('',#6202,1.);
#6202 = DIRECTION('',(0.,-0.866025403784,0.5));
#6203 = PLANE('',#6204);
#6204 = AXIS2_PLACEMENT_3D('',#6205,#6206,#6207);
#6205 = CARTESIAN_POINT('',(49.,206.10001,-6.27));
#6206 = DIRECTION('',(0.,0.5,0.866025403784));
#6207 = DIRECTION('',(-1.,0.,0.));
#6208 = ADVANCED_FACE('',(#6209),#6245,.F.);
#6209 = FACE_BOUND('',#6210,.F.);
#6210 = EDGE_LOOP('',(#6211,#6221,#6230,#6238));
#6211 = ORIENTED_EDGE('',*,*,#6212,.T.);
#6212 = EDGE_CURVE('',#6213,#6215,#6217,.T.);
#6213 = VERTEX_POINT('',#6214);
#6214 = CARTESIAN_POINT('',(49.435910334887,9.50001,-6.809997334233));
#6215 = VERTEX_POINT('',#6216);
#6216 = CARTESIAN_POINT('',(49.435910334887,11.17001,-6.809997334233));
#6217 = LINE('',#6218,#6219);
#6218 = CARTESIAN_POINT('',(49.435910334887,11.17001,-6.809997334233));
#6219 = VECTOR('',#6220,1.);
#6220 = DIRECTION('',(0.,1.,-1.110223024625E-16));
#6221 = ORIENTED_EDGE('',*,*,#6222,.F.);
#6222 = EDGE_CURVE('',#6223,#6215,#6225,.T.);
#6223 = VERTEX_POINT('',#6224);
#6224 = CARTESIAN_POINT('',(48.821235272913,11.17001,-7.164880146728));
#6225 = CIRCLE('',#6226,1.974999999996);
#6226 = AXIS2_PLACEMENT_3D('',#6227,#6228,#6229);
#6227 = CARTESIAN_POINT('',(50.100000000014,11.17001,-8.669999999999));
#6228 = DIRECTION('',(0.,1.,-1.110223024625E-16));
#6229 = DIRECTION('',(1.,0.,0.));
#6230 = ORIENTED_EDGE('',*,*,#6231,.F.);
#6231 = EDGE_CURVE('',#6232,#6223,#6234,.T.);
#6232 = VERTEX_POINT('',#6233);
#6233 = CARTESIAN_POINT('',(48.821235272913,9.50001,-7.164880146728));
#6234 = LINE('',#6235,#6236);
#6235 = CARTESIAN_POINT('',(48.821235272913,11.17001,-7.164880146728));
#6236 = VECTOR('',#6237,1.);
#6237 = DIRECTION('',(0.,1.,-1.110223024625E-16));
#6238 = ORIENTED_EDGE('',*,*,#6239,.T.);
#6239 = EDGE_CURVE('',#6232,#6213,#6240,.T.);
#6240 = CIRCLE('',#6241,1.974999999996);
#6241 = AXIS2_PLACEMENT_3D('',#6242,#6243,#6244);
#6242 = CARTESIAN_POINT('',(50.100000000014,9.50001,-8.669999999999));
#6243 = DIRECTION('',(7.814892604496E-16,1.,-5.622153373519E-16));
#6244 = DIRECTION('',(-0.5,-9.614813431899E-17,-0.866025403784));
#6245 = CYLINDRICAL_SURFACE('',#6246,1.974999999996);
#6246 = AXIS2_PLACEMENT_3D('',#6247,#6248,#6249);
#6247 = CARTESIAN_POINT('',(50.100000000014,11.17001,-8.669999999999));
#6248 = DIRECTION('',(0.,-1.,1.110223024625E-16));
#6249 = DIRECTION('',(1.,0.,0.));
#6250 = ADVANCED_FACE('',(#6251),#6301,.F.);
#6251 = FACE_BOUND('',#6252,.F.);
#6252 = EDGE_LOOP('',(#6253,#6262,#6269,#6270,#6279,#6286,#6293,#6300));
#6253 = ORIENTED_EDGE('',*,*,#6254,.T.);
#6254 = EDGE_CURVE('',#6255,#6257,#6259,.T.);
#6255 = VERTEX_POINT('',#6256);
#6256 = CARTESIAN_POINT('',(50.1,12.19147305235,-24.67));
#6257 = VERTEX_POINT('',#6258);
#6258 = CARTESIAN_POINT('',(50.100000000004,11.17001,-26.37));
#6259 = B_SPLINE_CURVE_WITH_KNOTS('',1,(#6260,#6261),.UNSPECIFIED.,.F.,
  .F.,(2,2),(-1.983276776668,0.),.PIECEWISE_BEZIER_KNOTS.);
#6260 = CARTESIAN_POINT('',(50.1,12.19147305507,-24.67));
#6261 = CARTESIAN_POINT('',(50.1,11.17001,-26.37));
#6262 = ORIENTED_EDGE('',*,*,#6263,.F.);
#6263 = EDGE_CURVE('',#3644,#6257,#6264,.T.);
#6264 = CIRCLE('',#6265,1.7);
#6265 = AXIS2_PLACEMENT_3D('',#6266,#6267,#6268);
#6266 = CARTESIAN_POINT('',(50.1,11.17001,-24.67));
#6267 = DIRECTION('',(0.,-1.,1.110223024625E-16));
#6268 = DIRECTION('',(-1.,0.,0.));
#6269 = ORIENTED_EDGE('',*,*,#3748,.F.);
#6270 = ORIENTED_EDGE('',*,*,#6271,.F.);
#6271 = EDGE_CURVE('',#6272,#3749,#6274,.T.);
#6272 = VERTEX_POINT('',#6273);
#6273 = CARTESIAN_POINT('',(50.100000000004,11.17001,-22.97));
#6274 = CIRCLE('',#6275,1.7);
#6275 = AXIS2_PLACEMENT_3D('',#6276,#6277,#6278);
#6276 = CARTESIAN_POINT('',(50.1,11.17001,-24.67));
#6277 = DIRECTION('',(0.,-1.,1.110223024625E-16));
#6278 = DIRECTION('',(-1.,0.,0.));
#6279 = ORIENTED_EDGE('',*,*,#6280,.F.);
#6280 = EDGE_CURVE('',#5102,#6272,#6281,.T.);
#6281 = CIRCLE('',#6282,1.7);
#6282 = AXIS2_PLACEMENT_3D('',#6283,#6284,#6285);
#6283 = CARTESIAN_POINT('',(50.1,11.17001,-24.67));
#6284 = DIRECTION('',(0.,-1.,1.110223024625E-16));
#6285 = DIRECTION('',(-1.,0.,0.));
#6286 = ORIENTED_EDGE('',*,*,#6287,.F.);
#6287 = EDGE_CURVE('',#4610,#5102,#6288,.T.);
#6288 = CIRCLE('',#6289,1.7);
#6289 = AXIS2_PLACEMENT_3D('',#6290,#6291,#6292);
#6290 = CARTESIAN_POINT('',(50.1,11.17001,-24.67));
#6291 = DIRECTION('',(0.,-1.,1.110223024625E-16));
#6292 = DIRECTION('',(-1.,0.,0.));
#6293 = ORIENTED_EDGE('',*,*,#6294,.F.);
#6294 = EDGE_CURVE('',#6257,#4610,#6295,.T.);
#6295 = CIRCLE('',#6296,1.7);
#6296 = AXIS2_PLACEMENT_3D('',#6297,#6298,#6299);
#6297 = CARTESIAN_POINT('',(50.1,11.17001,-24.67));
#6298 = DIRECTION('',(6.123031769112E-17,-1.,1.110223024625E-16));
#6299 = DIRECTION('',(0.,-1.110223024625E-16,-1.));
#6300 = ORIENTED_EDGE('',*,*,#6254,.F.);
#6301 = CONICAL_SURFACE('',#6302,1.7,1.0297442575);
#6302 = AXIS2_PLACEMENT_3D('',#6303,#6304,#6305);
#6303 = CARTESIAN_POINT('',(50.1,11.17001,-24.67));
#6304 = DIRECTION('',(6.123031769112E-17,-1.,-2.055217740305E-16));
#6305 = DIRECTION('',(0.,2.055217740305E-16,-1.));
#6306 = ADVANCED_FACE('',(#6307),#6341,.T.);
#6307 = FACE_BOUND('',#6308,.T.);
#6308 = EDGE_LOOP('',(#6309,#6319,#6327,#6335));
#6309 = ORIENTED_EDGE('',*,*,#6310,.F.);
#6310 = EDGE_CURVE('',#6311,#6313,#6315,.T.);
#6311 = VERTEX_POINT('',#6312);
#6312 = CARTESIAN_POINT('',(50.697964631681,9.50001,-10.50570512318));
#6313 = VERTEX_POINT('',#6314);
#6314 = CARTESIAN_POINT('',(50.689087648665,9.50001,-10.49032973758));
#6315 = LINE('',#6316,#6317);
#6316 = CARTESIAN_POINT('',(50.697964631681,9.50001,-10.50570512318));
#6317 = VECTOR('',#6318,1.);
#6318 = DIRECTION('',(-0.499999999999,-1.118431410543E-16,0.866025403785
    ));
#6319 = ORIENTED_EDGE('',*,*,#6320,.T.);
#6320 = EDGE_CURVE('',#6311,#6321,#6323,.T.);
#6321 = VERTEX_POINT('',#6322);
#6322 = CARTESIAN_POINT('',(50.697964631681,11.17001,-10.50570512318));
#6323 = LINE('',#6324,#6325);
#6324 = CARTESIAN_POINT('',(50.697964631681,11.17001,-10.50570512318));
#6325 = VECTOR('',#6326,1.);
#6326 = DIRECTION('',(0.,1.,-1.110223024625E-16));
#6327 = ORIENTED_EDGE('',*,*,#6328,.F.);
#6328 = EDGE_CURVE('',#6329,#6321,#6331,.T.);
#6329 = VERTEX_POINT('',#6330);
#6330 = CARTESIAN_POINT('',(50.689087648665,11.17001,-10.49032973758));
#6331 = LINE('',#6332,#6333);
#6332 = CARTESIAN_POINT('',(50.697964631681,11.17001,-10.50570512318));
#6333 = VECTOR('',#6334,1.);
#6334 = DIRECTION('',(0.499999999999,1.118431410543E-16,-0.866025403785)
  );
#6335 = ORIENTED_EDGE('',*,*,#6336,.F.);
#6336 = EDGE_CURVE('',#6313,#6329,#6337,.T.);
#6337 = LINE('',#6338,#6339);
#6338 = CARTESIAN_POINT('',(50.689087648665,11.17001,-10.49032973758));
#6339 = VECTOR('',#6340,1.);
#6340 = DIRECTION('',(0.,1.,-1.110223024625E-16));
#6341 = PLANE('',#6342);
#6342 = AXIS2_PLACEMENT_3D('',#6343,#6344,#6345);
#6343 = CARTESIAN_POINT('',(50.697964631681,11.17001,-10.50570512318));
#6344 = DIRECTION('',(0.866025403785,5.551115123115E-17,0.499999999999)
  );
#6345 = DIRECTION('',(0.,1.,-1.110223024625E-16));
#6346 = ADVANCED_FACE('',(#6347),#6385,.F.);
#6347 = FACE_BOUND('',#6348,.F.);
#6348 = EDGE_LOOP('',(#6349,#6360,#6369,#6378));
#6349 = ORIENTED_EDGE('',*,*,#6350,.F.);
#6350 = EDGE_CURVE('',#6351,#6353,#6355,.T.);
#6351 = VERTEX_POINT('',#6352);
#6352 = CARTESIAN_POINT('',(17.2,162.10001,9.));
#6353 = VERTEX_POINT('',#6354);
#6354 = CARTESIAN_POINT('',(17.2,170.10001,1.));
#6355 = CIRCLE('',#6356,8.);
#6356 = AXIS2_PLACEMENT_3D('',#6357,#6358,#6359);
#6357 = CARTESIAN_POINT('',(17.2,162.10001,1.));
#6358 = DIRECTION('',(-1.,0.,0.));
#6359 = DIRECTION('',(0.,1.110223024625E-16,1.));
#6360 = ORIENTED_EDGE('',*,*,#6361,.F.);
#6361 = EDGE_CURVE('',#6362,#6351,#6364,.T.);
#6362 = VERTEX_POINT('',#6363);
#6363 = CARTESIAN_POINT('',(17.5,162.10001,8.7));
#6364 = CIRCLE('',#6365,0.3);
#6365 = AXIS2_PLACEMENT_3D('',#6366,#6367,#6368);
#6366 = CARTESIAN_POINT('',(17.2,162.10001,8.7));
#6367 = DIRECTION('',(0.,-1.,1.110223024625E-16));
#6368 = DIRECTION('',(0.,-1.110223024625E-16,-1.));
#6369 = ORIENTED_EDGE('',*,*,#6370,.F.);
#6370 = EDGE_CURVE('',#6371,#6362,#6373,.T.);
#6371 = VERTEX_POINT('',#6372);
#6372 = CARTESIAN_POINT('',(17.5,169.80001,1.));
#6373 = CIRCLE('',#6374,7.7);
#6374 = AXIS2_PLACEMENT_3D('',#6375,#6376,#6377);
#6375 = CARTESIAN_POINT('',(17.5,162.10001,1.));
#6376 = DIRECTION('',(1.,0.,-0.));
#6377 = DIRECTION('',(0.,1.110223024625E-16,1.));
#6378 = ORIENTED_EDGE('',*,*,#6379,.T.);
#6379 = EDGE_CURVE('',#6371,#6353,#6380,.T.);
#6380 = CIRCLE('',#6381,0.3);
#6381 = AXIS2_PLACEMENT_3D('',#6382,#6383,#6384);
#6382 = CARTESIAN_POINT('',(17.2,169.80001,1.));
#6383 = DIRECTION('',(-0.,1.110223024625E-16,1.));
#6384 = DIRECTION('',(1.,0.,0.));
#6385 = TOROIDAL_SURFACE('',#6386,7.7,0.3);
#6386 = AXIS2_PLACEMENT_3D('',#6387,#6388,#6389);
#6387 = CARTESIAN_POINT('',(17.2,162.10001,1.));
#6388 = DIRECTION('',(-1.,0.,0.));
#6389 = DIRECTION('',(0.,1.110223024625E-16,1.));
#6390 = ADVANCED_FACE('',(#6391),#6425,.F.);
#6391 = FACE_BOUND('',#6392,.T.);
#6392 = EDGE_LOOP('',(#6393,#6403,#6411,#6419));
#6393 = ORIENTED_EDGE('',*,*,#6394,.T.);
#6394 = EDGE_CURVE('',#6395,#6397,#6399,.T.);
#6395 = VERTEX_POINT('',#6396);
#6396 = CARTESIAN_POINT('',(43.488749586381,9.50001,-8.270000000003));
#6397 = VERTEX_POINT('',#6398);
#6398 = CARTESIAN_POINT('',(43.47099562035,9.50001,-8.270000000003));
#6399 = LINE('',#6400,#6401);
#6400 = CARTESIAN_POINT('',(43.488749586381,9.50001,-8.270000000003));
#6401 = VECTOR('',#6402,1.);
#6402 = DIRECTION('',(-1.,1.962789321056E-28,-1.2610576602E-12));
#6403 = ORIENTED_EDGE('',*,*,#6404,.T.);
#6404 = EDGE_CURVE('',#6397,#6405,#6407,.T.);
#6405 = VERTEX_POINT('',#6406);
#6406 = CARTESIAN_POINT('',(43.47099562035,11.17001,-8.270000000003));
#6407 = LINE('',#6408,#6409);
#6408 = CARTESIAN_POINT('',(43.47099562035,11.17001,-8.270000000003));
#6409 = VECTOR('',#6410,1.);
#6410 = DIRECTION('',(0.,1.,-1.110223024625E-16));
#6411 = ORIENTED_EDGE('',*,*,#6412,.T.);
#6412 = EDGE_CURVE('',#6405,#6413,#6415,.T.);
#6413 = VERTEX_POINT('',#6414);
#6414 = CARTESIAN_POINT('',(43.488749586381,11.17001,-8.270000000003));
#6415 = LINE('',#6416,#6417);
#6416 = CARTESIAN_POINT('',(43.488749586381,11.17001,-8.270000000003));
#6417 = VECTOR('',#6418,1.);
#6418 = DIRECTION('',(1.,-1.962789321056E-28,1.2610576602E-12));
#6419 = ORIENTED_EDGE('',*,*,#6420,.F.);
#6420 = EDGE_CURVE('',#6395,#6413,#6421,.T.);
#6421 = LINE('',#6422,#6423);
#6422 = CARTESIAN_POINT('',(43.488749586381,11.17001,-8.270000000003));
#6423 = VECTOR('',#6424,1.);
#6424 = DIRECTION('',(0.,1.,-1.110223024625E-16));
#6425 = PLANE('',#6426);
#6426 = AXIS2_PLACEMENT_3D('',#6427,#6428,#6429);
#6427 = CARTESIAN_POINT('',(43.488749586381,11.17001,-8.270000000003));
#6428 = DIRECTION('',(-2.005417653664E-36,1.110223040528E-16,1.));
#6429 = DIRECTION('',(-1.,-1.2610576602E-12,1.400055249734E-28));
#6430 = ADVANCED_FACE('',(#6431),#6458,.F.);
#6431 = FACE_BOUND('',#6432,.F.);
#6432 = EDGE_LOOP('',(#6433,#6443,#6450,#6451));
#6433 = ORIENTED_EDGE('',*,*,#6434,.T.);
#6434 = EDGE_CURVE('',#6435,#6437,#6439,.T.);
#6435 = VERTEX_POINT('',#6436);
#6436 = CARTESIAN_POINT('',(43.542854392237,9.50001,-8.315117187504));
#6437 = VERTEX_POINT('',#6438);
#6438 = CARTESIAN_POINT('',(43.542854392237,11.17001,-8.315117187504));
#6439 = LINE('',#6440,#6441);
#6440 = CARTESIAN_POINT('',(43.542854392237,11.17001,-8.315117187504));
#6441 = VECTOR('',#6442,1.);
#6442 = DIRECTION('',(0.,1.,-1.110223024625E-16));
#6443 = ORIENTED_EDGE('',*,*,#6444,.F.);
#6444 = EDGE_CURVE('',#6413,#6437,#6445,.T.);
#6445 = CIRCLE('',#6446,5.499999999707E-02);
#6446 = AXIS2_PLACEMENT_3D('',#6447,#6448,#6449);
#6447 = CARTESIAN_POINT('',(43.488749586381,11.17001,-8.325000000003));
#6448 = DIRECTION('',(-8.326672684704E-16,1.,3.697183691308E-16));
#6449 = DIRECTION('',(-0.499999999997,-9.614813431913E-17,
    -0.866025403786));
#6450 = ORIENTED_EDGE('',*,*,#6420,.F.);
#6451 = ORIENTED_EDGE('',*,*,#6452,.F.);
#6452 = EDGE_CURVE('',#6435,#6395,#6453,.T.);
#6453 = CIRCLE('',#6454,5.499999999707E-02);
#6454 = AXIS2_PLACEMENT_3D('',#6455,#6456,#6457);
#6455 = CARTESIAN_POINT('',(43.488749586381,9.50001,-8.325000000003));
#6456 = DIRECTION('',(8.326672684704E-16,-1.,-3.697183691308E-16));
#6457 = DIRECTION('',(-0.499999999997,-9.614813431913E-17,
    -0.866025403786));
#6458 = CYLINDRICAL_SURFACE('',#6459,5.499999999707E-02);
#6459 = AXIS2_PLACEMENT_3D('',#6460,#6461,#6462);
#6460 = CARTESIAN_POINT('',(43.488749586381,11.17001,-8.325000000003));
#6461 = DIRECTION('',(0.,-1.,1.110223024625E-16));
#6462 = DIRECTION('',(1.,0.,0.));
#6463 = ADVANCED_FACE('',(#6464),#6491,.T.);
#6464 = FACE_BOUND('',#6465,.T.);
#6465 = EDGE_LOOP('',(#6466,#6475,#6483,#6490));
#6466 = ORIENTED_EDGE('',*,*,#6467,.F.);
#6467 = EDGE_CURVE('',#6468,#6397,#6470,.T.);
#6468 = VERTEX_POINT('',#6469);
#6469 = CARTESIAN_POINT('',(43.384932153039,9.50001,-8.233624635096));
#6470 = CIRCLE('',#6471,0.12);
#6471 = AXIS2_PLACEMENT_3D('',#6472,#6473,#6474);
#6472 = CARTESIAN_POINT('',(43.47099562035,9.50001,-8.150000000003));
#6473 = DIRECTION('',(8.326672684704E-16,-1.,-3.697183691308E-16));
#6474 = DIRECTION('',(-0.499999999997,-9.614813431913E-17,
    -0.866025403786));
#6475 = ORIENTED_EDGE('',*,*,#6476,.T.);
#6476 = EDGE_CURVE('',#6468,#6477,#6479,.T.);
#6477 = VERTEX_POINT('',#6478);
#6478 = CARTESIAN_POINT('',(43.384932153039,11.17001,-8.233624635096));
#6479 = LINE('',#6480,#6481);
#6480 = CARTESIAN_POINT('',(43.384932153039,11.17001,-8.233624635096));
#6481 = VECTOR('',#6482,1.);
#6482 = DIRECTION('',(0.,1.,-1.110223024625E-16));
#6483 = ORIENTED_EDGE('',*,*,#6484,.F.);
#6484 = EDGE_CURVE('',#6405,#6477,#6485,.T.);
#6485 = CIRCLE('',#6486,0.12);
#6486 = AXIS2_PLACEMENT_3D('',#6487,#6488,#6489);
#6487 = CARTESIAN_POINT('',(43.47099562035,11.17001,-8.150000000003));
#6488 = DIRECTION('',(-8.326672684704E-16,1.,3.697183691308E-16));
#6489 = DIRECTION('',(-0.499999999997,-9.614813431913E-17,
    -0.866025403786));
#6490 = ORIENTED_EDGE('',*,*,#6404,.F.);
#6491 = CYLINDRICAL_SURFACE('',#6492,0.12);
#6492 = AXIS2_PLACEMENT_3D('',#6493,#6494,#6495);
#6493 = CARTESIAN_POINT('',(43.47099562035,11.17001,-8.150000000003));
#6494 = DIRECTION('',(0.,-1.,1.110223024625E-16));
#6495 = DIRECTION('',(1.,0.,0.));
#6496 = ADVANCED_FACE('',(#6497),#6533,.T.);
#6497 = FACE_BOUND('',#6498,.T.);
#6498 = EDGE_LOOP('',(#6499,#6508,#6516,#6525,#6532));
#6499 = ORIENTED_EDGE('',*,*,#6500,.F.);
#6500 = EDGE_CURVE('',#6501,#6468,#6503,.T.);
#6501 = VERTEX_POINT('',#6502);
#6502 = CARTESIAN_POINT('',(42.870378228119,9.50001,-7.342391093903));
#6503 = CIRCLE('',#6504,2.10098297883);
#6504 = AXIS2_PLACEMENT_3D('',#6505,#6506,#6507);
#6505 = CARTESIAN_POINT('',(44.891747819032,9.50001,-6.769508510585));
#6506 = DIRECTION('',(8.326672684704E-16,-1.,-3.697183691308E-16));
#6507 = DIRECTION('',(-0.499999999997,-9.614813431913E-17,
    -0.866025403786));
#6508 = ORIENTED_EDGE('',*,*,#6509,.T.);
#6509 = EDGE_CURVE('',#6501,#6510,#6512,.T.);
#6510 = VERTEX_POINT('',#6511);
#6511 = CARTESIAN_POINT('',(42.870378228119,11.17001,-7.342391093903));
#6512 = LINE('',#6513,#6514);
#6513 = CARTESIAN_POINT('',(42.870378228119,11.17001,-7.342391093903));
#6514 = VECTOR('',#6515,1.);
#6515 = DIRECTION('',(0.,1.,-1.110223024625E-16));
#6516 = ORIENTED_EDGE('',*,*,#6517,.F.);
#6517 = EDGE_CURVE('',#6518,#6510,#6520,.T.);
#6518 = VERTEX_POINT('',#6519);
#6519 = CARTESIAN_POINT('',(43.072243186445,11.17001,-7.819999999998));
#6520 = CIRCLE('',#6521,2.10098297883);
#6521 = AXIS2_PLACEMENT_3D('',#6522,#6523,#6524);
#6522 = CARTESIAN_POINT('',(44.891747819032,11.17001,-6.769508510585));
#6523 = DIRECTION('',(-8.326672684704E-16,1.,3.697183691308E-16));
#6524 = DIRECTION('',(-0.499999999997,-9.614813431913E-17,
    -0.866025403786));
#6525 = ORIENTED_EDGE('',*,*,#6526,.F.);
#6526 = EDGE_CURVE('',#6477,#6518,#6527,.T.);
#6527 = CIRCLE('',#6528,2.10098297883);
#6528 = AXIS2_PLACEMENT_3D('',#6529,#6530,#6531);
#6529 = CARTESIAN_POINT('',(44.891747819032,11.17001,-6.769508510585));
#6530 = DIRECTION('',(-8.326672684704E-16,1.,3.697183691308E-16));
#6531 = DIRECTION('',(-0.499999999997,-9.614813431913E-17,
    -0.866025403786));
#6532 = ORIENTED_EDGE('',*,*,#6476,.F.);
#6533 = CYLINDRICAL_SURFACE('',#6534,2.10098297883);
#6534 = AXIS2_PLACEMENT_3D('',#6535,#6536,#6537);
#6535 = CARTESIAN_POINT('',(44.891747819032,11.17001,-6.769508510585));
#6536 = DIRECTION('',(0.,-1.,1.110223024625E-16));
#6537 = DIRECTION('',(1.,0.,0.));
#6538 = ADVANCED_FACE('',(#6539),#6573,.T.);
#6539 = FACE_BOUND('',#6540,.T.);
#6540 = EDGE_LOOP('',(#6541,#6550,#6558,#6565,#6572));
#6541 = ORIENTED_EDGE('',*,*,#6542,.T.);
#6542 = EDGE_CURVE('',#2480,#6543,#6545,.T.);
#6543 = VERTEX_POINT('',#6544);
#6544 = CARTESIAN_POINT('',(29.82962177191,9.50001,-25.9976089061));
#6545 = CIRCLE('',#6546,2.10098297883);
#6546 = AXIS2_PLACEMENT_3D('',#6547,#6548,#6549);
#6547 = CARTESIAN_POINT('',(27.808252181,9.50001,-26.57049148941));
#6548 = DIRECTION('',(0.,1.,-1.110223024625E-16));
#6549 = DIRECTION('',(1.,0.,0.));
#6550 = ORIENTED_EDGE('',*,*,#6551,.T.);
#6551 = EDGE_CURVE('',#6543,#6552,#6554,.T.);
#6552 = VERTEX_POINT('',#6553);
#6553 = CARTESIAN_POINT('',(29.82962177191,11.17001,-25.9976089061));
#6554 = LINE('',#6555,#6556);
#6555 = CARTESIAN_POINT('',(29.82962177191,11.17001,-25.9976089061));
#6556 = VECTOR('',#6557,1.);
#6557 = DIRECTION('',(0.,1.,-1.110223024625E-16));
#6558 = ORIENTED_EDGE('',*,*,#6559,.T.);
#6559 = EDGE_CURVE('',#6552,#3984,#6560,.T.);
#6560 = CIRCLE('',#6561,2.10098297883);
#6561 = AXIS2_PLACEMENT_3D('',#6562,#6563,#6564);
#6562 = CARTESIAN_POINT('',(27.808252181,11.17001,-26.57049148941));
#6563 = DIRECTION('',(0.,-1.,1.110223024625E-16));
#6564 = DIRECTION('',(1.,0.,0.));
#6565 = ORIENTED_EDGE('',*,*,#6566,.T.);
#6566 = EDGE_CURVE('',#3984,#2489,#6567,.T.);
#6567 = CIRCLE('',#6568,2.10098297883);
#6568 = AXIS2_PLACEMENT_3D('',#6569,#6570,#6571);
#6569 = CARTESIAN_POINT('',(27.808252181,11.17001,-26.57049148941));
#6570 = DIRECTION('',(0.,-1.,1.110223024625E-16));
#6571 = DIRECTION('',(1.,0.,0.));
#6572 = ORIENTED_EDGE('',*,*,#2488,.F.);
#6573 = CYLINDRICAL_SURFACE('',#6574,2.10098297883);
#6574 = AXIS2_PLACEMENT_3D('',#6575,#6576,#6577);
#6575 = CARTESIAN_POINT('',(27.808252181,11.17001,-26.57049148941));
#6576 = DIRECTION('',(0.,-1.,1.110223024625E-16));
#6577 = DIRECTION('',(1.,0.,0.));
#6578 = ADVANCED_FACE('',(#6579),#6614,.T.);
#6579 = FACE_BOUND('',#6580,.T.);
#6580 = EDGE_LOOP('',(#6581,#6590,#6591,#6599,#6608));
#6581 = ORIENTED_EDGE('',*,*,#6582,.T.);
#6582 = EDGE_CURVE('',#6583,#4109,#6585,.T.);
#6583 = VERTEX_POINT('',#6584);
#6584 = CARTESIAN_POINT('',(26.01,207.10001,-7.367200538379));
#6585 = CIRCLE('',#6586,1.725299461621);
#6586 = AXIS2_PLACEMENT_3D('',#6587,#6588,#6589);
#6587 = CARTESIAN_POINT('',(26.01,207.10001,-9.0925));
#6588 = DIRECTION('',(0.,-1.,1.110223024625E-16));
#6589 = DIRECTION('',(0.,1.110223024625E-16,1.));
#6590 = ORIENTED_EDGE('',*,*,#4108,.F.);
#6591 = ORIENTED_EDGE('',*,*,#6592,.T.);
#6592 = EDGE_CURVE('',#4093,#6593,#6595,.T.);
#6593 = VERTEX_POINT('',#6594);
#6594 = CARTESIAN_POINT('',(23.13,205.10001,-9.0925));
#6595 = LINE('',#6596,#6597);
#6596 = CARTESIAN_POINT('',(23.13,205.10001,-9.0925));
#6597 = VECTOR('',#6598,1.);
#6598 = DIRECTION('',(-0.5,-0.866025403784,9.614813431917E-17));
#6599 = ORIENTED_EDGE('',*,*,#6600,.T.);
#6600 = EDGE_CURVE('',#6593,#6601,#6603,.T.);
#6601 = VERTEX_POINT('',#6602);
#6602 = CARTESIAN_POINT('',(26.01,205.10001,-6.2125));
#6603 = CIRCLE('',#6604,2.88);
#6604 = AXIS2_PLACEMENT_3D('',#6605,#6606,#6607);
#6605 = CARTESIAN_POINT('',(26.01,205.10001,-9.0925));
#6606 = DIRECTION('',(0.,1.,-1.110223024625E-16));
#6607 = DIRECTION('',(1.,0.,0.));
#6608 = ORIENTED_EDGE('',*,*,#6609,.F.);
#6609 = EDGE_CURVE('',#6583,#6601,#6610,.T.);
#6610 = LINE('',#6611,#6612);
#6611 = CARTESIAN_POINT('',(26.01,205.10001,-6.2125));
#6612 = VECTOR('',#6613,1.);
#6613 = DIRECTION('',(-6.023345402717E-16,-0.866025403784,0.5));
#6614 = CONICAL_SURFACE('',#6615,2.88,0.523598775);
#6615 = AXIS2_PLACEMENT_3D('',#6616,#6617,#6618);
#6616 = CARTESIAN_POINT('',(26.01,205.10001,-9.0925));
#6617 = DIRECTION('',(4.783544928532E-17,-1.,1.110223024625E-16));
#6618 = DIRECTION('',(1.,4.783544928532E-17,5.979431160665E-17));
#6619 = ADVANCED_FACE('',(#6620),#6632,.F.);
#6620 = FACE_BOUND('',#6621,.F.);
#6621 = EDGE_LOOP('',(#6622,#6623,#6630,#6631));
#6622 = ORIENTED_EDGE('',*,*,#1683,.F.);
#6623 = ORIENTED_EDGE('',*,*,#6624,.T.);
#6624 = EDGE_CURVE('',#1676,#4362,#6625,.T.);
#6625 = B_SPLINE_CURVE_WITH_KNOTS('',3,(#6626,#6627,#6628,#6629),
  .UNSPECIFIED.,.F.,.F.,(4,4),(0.,1.),.PIECEWISE_BEZIER_KNOTS.);
#6626 = CARTESIAN_POINT('',(59.801490436032,206.10001,6.27));
#6627 = CARTESIAN_POINT('',(59.932010996922,206.43292846952,
    6.462210567998));
#6628 = CARTESIAN_POINT('',(60.061083175377,206.76627512902,
    6.654668351596));
#6629 = CARTESIAN_POINT('',(60.188793555321,207.10001,6.84735026919));
#6630 = ORIENTED_EDGE('',*,*,#4369,.F.);
#6631 = ORIENTED_EDGE('',*,*,#451,.T.);
#6632 = CONICAL_SURFACE('',#6633,17.,0.523598775);
#6633 = AXIS2_PLACEMENT_3D('',#6634,#6635,#6636);
#6634 = CARTESIAN_POINT('',(44.,206.10001,-2.127187426204E-14));
#6635 = DIRECTION('',(0.,1.,2.907476010028E-17));
#6636 = DIRECTION('',(0.,-2.907476010028E-17,1.));
#6637 = ADVANCED_FACE('',(#6638,#6641),#6659,.T.);
#6638 = FACE_BOUND('',#6639,.T.);
#6639 = EDGE_LOOP('',(#6640));
#6640 = ORIENTED_EDGE('',*,*,#5198,.T.);
#6641 = FACE_BOUND('',#6642,.T.);
#6642 = EDGE_LOOP('',(#6643,#6651,#6652,#6653));
#6643 = ORIENTED_EDGE('',*,*,#6644,.T.);
#6644 = EDGE_CURVE('',#6645,#5217,#6647,.T.);
#6645 = VERTEX_POINT('',#6646);
#6646 = CARTESIAN_POINT('',(75.5,133.10001,17.290367901872));
#6647 = LINE('',#6648,#6649);
#6648 = CARTESIAN_POINT('',(75.5,175.10001,17.290367901872));
#6649 = VECTOR('',#6650,1.);
#6650 = DIRECTION('',(0.,-1.,1.110223024625E-16));
#6651 = ORIENTED_EDGE('',*,*,#5216,.T.);
#6652 = ORIENTED_EDGE('',*,*,#2219,.F.);
#6653 = ORIENTED_EDGE('',*,*,#6654,.F.);
#6654 = EDGE_CURVE('',#6645,#2220,#6655,.T.);
#6655 = LINE('',#6656,#6657);
#6656 = CARTESIAN_POINT('',(75.5,133.10001,-1.316724618228E-14));
#6657 = VECTOR('',#6658,1.);
#6658 = DIRECTION('',(0.,-1.110223024625E-16,-1.));
#6659 = PLANE('',#6660);
#6660 = AXIS2_PLACEMENT_3D('',#6661,#6662,#6663);
#6661 = CARTESIAN_POINT('',(75.5,175.10001,-1.78301828857E-14));
#6662 = DIRECTION('',(1.,0.,0.));
#6663 = DIRECTION('',(0.,1.,-1.110223024625E-16));
#6664 = ADVANCED_FACE('',(#6665),#6699,.T.);
#6665 = FACE_BOUND('',#6666,.T.);
#6666 = EDGE_LOOP('',(#6667,#6677,#6685,#6693));
#6667 = ORIENTED_EDGE('',*,*,#6668,.F.);
#6668 = EDGE_CURVE('',#6669,#6671,#6673,.T.);
#6669 = VERTEX_POINT('',#6670);
#6670 = CARTESIAN_POINT('',(43.488749586381,9.50001,-9.069999999996));
#6671 = VERTEX_POINT('',#6672);
#6672 = CARTESIAN_POINT('',(43.47099562035,9.50001,-9.069999999999));
#6673 = LINE('',#6674,#6675);
#6674 = CARTESIAN_POINT('',(43.488749586381,9.50001,-9.069999999999));
#6675 = VECTOR('',#6676,1.);
#6676 = DIRECTION('',(-1.,-1.962789321056E-28,1.2610576602E-12));
#6677 = ORIENTED_EDGE('',*,*,#6678,.T.);
#6678 = EDGE_CURVE('',#6669,#6679,#6681,.T.);
#6679 = VERTEX_POINT('',#6680);
#6680 = CARTESIAN_POINT('',(43.488749586381,11.17001,-9.069999999996));
#6681 = LINE('',#6682,#6683);
#6682 = CARTESIAN_POINT('',(43.488749586381,11.17001,-9.069999999996));
#6683 = VECTOR('',#6684,1.);
#6684 = DIRECTION('',(0.,1.,-1.110223024625E-16));
#6685 = ORIENTED_EDGE('',*,*,#6686,.F.);
#6686 = EDGE_CURVE('',#6687,#6679,#6689,.T.);
#6687 = VERTEX_POINT('',#6688);
#6688 = CARTESIAN_POINT('',(43.47099562035,11.17001,-9.069999999999));
#6689 = LINE('',#6690,#6691);
#6690 = CARTESIAN_POINT('',(43.488749586381,11.17001,-9.069999999999));
#6691 = VECTOR('',#6692,1.);
#6692 = DIRECTION('',(1.,1.962789321056E-28,-1.2610576602E-12));
#6693 = ORIENTED_EDGE('',*,*,#6694,.F.);
#6694 = EDGE_CURVE('',#6671,#6687,#6695,.T.);
#6695 = LINE('',#6696,#6697);
#6696 = CARTESIAN_POINT('',(43.47099562035,11.17001,-9.069999999999));
#6697 = VECTOR('',#6698,1.);
#6698 = DIRECTION('',(0.,1.,-1.110223024625E-16));
#6699 = PLANE('',#6700);
#6700 = AXIS2_PLACEMENT_3D('',#6701,#6702,#6703);
#6701 = CARTESIAN_POINT('',(43.488749586381,11.17001,-9.069999999999));
#6702 = DIRECTION('',(2.005417653664E-36,1.110223040528E-16,1.));
#6703 = DIRECTION('',(-1.,1.2610576602E-12,-1.400055249734E-28));
#6704 = ADVANCED_FACE('',(#6705),#6739,.F.);
#6705 = FACE_BOUND('',#6706,.T.);
#6706 = EDGE_LOOP('',(#6707,#6717,#6725,#6733));
#6707 = ORIENTED_EDGE('',*,*,#6708,.T.);
#6708 = EDGE_CURVE('',#6709,#6711,#6713,.T.);
#6709 = VERTEX_POINT('',#6710);
#6710 = CARTESIAN_POINT('',(48.809215045318,9.50001,-7.234294876817));
#6711 = VERTEX_POINT('',#6712);
#6712 = CARTESIAN_POINT('',(48.818092028334,9.50001,-7.249670262417));
#6713 = LINE('',#6714,#6715);
#6714 = CARTESIAN_POINT('',(48.809215045318,9.50001,-7.234294876817));
#6715 = VECTOR('',#6716,1.);
#6716 = DIRECTION('',(0.5,1.118431410553E-16,-0.866025403784));
#6717 = ORIENTED_EDGE('',*,*,#6718,.T.);
#6718 = EDGE_CURVE('',#6711,#6719,#6721,.T.);
#6719 = VERTEX_POINT('',#6720);
#6720 = CARTESIAN_POINT('',(48.818092028334,11.17001,-7.249670262417));
#6721 = LINE('',#6722,#6723);
#6722 = CARTESIAN_POINT('',(48.818092028334,11.17001,-7.249670262417));
#6723 = VECTOR('',#6724,1.);
#6724 = DIRECTION('',(0.,1.,-1.110223024625E-16));
#6725 = ORIENTED_EDGE('',*,*,#6726,.T.);
#6726 = EDGE_CURVE('',#6719,#6727,#6729,.T.);
#6727 = VERTEX_POINT('',#6728);
#6728 = CARTESIAN_POINT('',(48.809215045318,11.17001,-7.234294876817));
#6729 = LINE('',#6730,#6731);
#6730 = CARTESIAN_POINT('',(48.809215045318,11.17001,-7.234294876817));
#6731 = VECTOR('',#6732,1.);
#6732 = DIRECTION('',(-0.5,-1.118431410553E-16,0.866025403784));
#6733 = ORIENTED_EDGE('',*,*,#6734,.F.);
#6734 = EDGE_CURVE('',#6709,#6727,#6735,.T.);
#6735 = LINE('',#6736,#6737);
#6736 = CARTESIAN_POINT('',(48.809215045318,11.17001,-7.234294876817));
#6737 = VECTOR('',#6738,1.);
#6738 = DIRECTION('',(0.,1.,-1.110223024625E-16));
#6739 = PLANE('',#6740);
#6740 = AXIS2_PLACEMENT_3D('',#6741,#6742,#6743);
#6741 = CARTESIAN_POINT('',(48.809215045318,11.17001,-7.234294876817));
#6742 = DIRECTION('',(-0.866025403784,-5.551115123128E-17,-0.5));
#6743 = DIRECTION('',(0.,-1.,1.110223024625E-16));
#6744 = ADVANCED_FACE('',(#6745),#6779,.F.);
#6745 = FACE_BOUND('',#6746,.T.);
#6746 = EDGE_LOOP('',(#6747,#6757,#6765,#6773));
#6747 = ORIENTED_EDGE('',*,*,#6748,.T.);
#6748 = EDGE_CURVE('',#6749,#6751,#6753,.T.);
#6749 = VERTEX_POINT('',#6750);
#6750 = CARTESIAN_POINT('',(41.002035368338,9.50001,-10.50570512318));
#6751 = VERTEX_POINT('',#6752);
#6752 = CARTESIAN_POINT('',(41.010912351353,9.50001,-10.49032973758));
#6753 = LINE('',#6754,#6755);
#6754 = CARTESIAN_POINT('',(41.002035368338,9.50001,-10.50570512318));
#6755 = VECTOR('',#6756,1.);
#6756 = DIRECTION('',(0.5,-1.118431410553E-16,0.866025403784));
#6757 = ORIENTED_EDGE('',*,*,#6758,.T.);
#6758 = EDGE_CURVE('',#6751,#6759,#6761,.T.);
#6759 = VERTEX_POINT('',#6760);
#6760 = CARTESIAN_POINT('',(41.010912351353,11.17001,-10.49032973758));
#6761 = LINE('',#6762,#6763);
#6762 = CARTESIAN_POINT('',(41.010912351353,11.17001,-10.49032973758));
#6763 = VECTOR('',#6764,1.);
#6764 = DIRECTION('',(0.,1.,-1.110223024625E-16));
#6765 = ORIENTED_EDGE('',*,*,#6766,.T.);
#6766 = EDGE_CURVE('',#6759,#6767,#6769,.T.);
#6767 = VERTEX_POINT('',#6768);
#6768 = CARTESIAN_POINT('',(41.002035368338,11.17001,-10.50570512318));
#6769 = LINE('',#6770,#6771);
#6770 = CARTESIAN_POINT('',(41.002035368338,11.17001,-10.50570512318));
#6771 = VECTOR('',#6772,1.);
#6772 = DIRECTION('',(-0.5,1.118431410553E-16,-0.866025403784));
#6773 = ORIENTED_EDGE('',*,*,#6774,.F.);
#6774 = EDGE_CURVE('',#6749,#6767,#6775,.T.);
#6775 = LINE('',#6776,#6777);
#6776 = CARTESIAN_POINT('',(41.002035368338,11.17001,-10.50570512318));
#6777 = VECTOR('',#6778,1.);
#6778 = DIRECTION('',(0.,1.,-1.110223024625E-16));
#6779 = PLANE('',#6780);
#6780 = AXIS2_PLACEMENT_3D('',#6781,#6782,#6783);
#6781 = CARTESIAN_POINT('',(41.002035368338,11.17001,-10.50570512318));
#6782 = DIRECTION('',(0.866025403784,-5.551115123128E-17,-0.5));
#6783 = DIRECTION('',(0.5,9.614813431917E-17,0.866025403784));
#6784 = ADVANCED_FACE('',(#6785),#6812,.T.);
#6785 = FACE_BOUND('',#6786,.T.);
#6786 = EDGE_LOOP('',(#6787,#6795,#6802,#6803,#6810,#6811));
#6787 = ORIENTED_EDGE('',*,*,#6788,.F.);
#6788 = EDGE_CURVE('',#6789,#6583,#6791,.T.);
#6789 = VERTEX_POINT('',#6790);
#6790 = CARTESIAN_POINT('',(28.04106523878,207.10001,-7.367200538379));
#6791 = LINE('',#6792,#6793);
#6792 = CARTESIAN_POINT('',(44.,207.10001,-7.367200538379));
#6793 = VECTOR('',#6794,1.);
#6794 = DIRECTION('',(-1.,0.,0.));
#6795 = ORIENTED_EDGE('',*,*,#6796,.F.);
#6796 = EDGE_CURVE('',#6178,#6789,#6797,.T.);
#6797 = CIRCLE('',#6798,17.57735026919);
#6798 = AXIS2_PLACEMENT_3D('',#6799,#6800,#6801);
#6799 = CARTESIAN_POINT('',(44.,207.10001,-2.13828965645E-14));
#6800 = DIRECTION('',(0.,1.,-1.110223024625E-16));
#6801 = DIRECTION('',(0.,1.110223024625E-16,1.));
#6802 = ORIENTED_EDGE('',*,*,#6175,.F.);
#6803 = ORIENTED_EDGE('',*,*,#6804,.F.);
#6804 = EDGE_CURVE('',#4118,#6176,#6805,.T.);
#6805 = CIRCLE('',#6806,2.30264973081);
#6806 = AXIS2_PLACEMENT_3D('',#6807,#6808,#6809);
#6807 = CARTESIAN_POINT('',(61.99,207.10001,-9.15));
#6808 = DIRECTION('',(0.,-1.,1.110223024625E-16));
#6809 = DIRECTION('',(0.,1.110223024625E-16,1.));
#6810 = ORIENTED_EDGE('',*,*,#4117,.F.);
#6811 = ORIENTED_EDGE('',*,*,#6582,.F.);
#6812 = PLANE('',#6813);
#6813 = AXIS2_PLACEMENT_3D('',#6814,#6815,#6816);
#6814 = CARTESIAN_POINT('',(44.,207.10001,21.576096714792));
#6815 = DIRECTION('',(0.,1.,-1.110223024625E-16));
#6816 = DIRECTION('',(-1.,0.,0.));
#6817 = ADVANCED_FACE('',(#6818),#6836,.F.);
#6818 = FACE_BOUND('',#6819,.T.);
#6819 = EDGE_LOOP('',(#6820,#6828,#6829,#6830));
#6820 = ORIENTED_EDGE('',*,*,#6821,.T.);
#6821 = EDGE_CURVE('',#6822,#6151,#6824,.T.);
#6822 = VERTEX_POINT('',#6823);
#6823 = CARTESIAN_POINT('',(48.211250413647,9.50001,-25.07));
#6824 = LINE('',#6825,#6826);
#6825 = CARTESIAN_POINT('',(48.211250413647,9.50001,-25.07));
#6826 = VECTOR('',#6827,1.);
#6827 = DIRECTION('',(1.,-3.389964285058E-31,-3.053408378197E-15));
#6828 = ORIENTED_EDGE('',*,*,#6161,.T.);
#6829 = ORIENTED_EDGE('',*,*,#3810,.T.);
#6830 = ORIENTED_EDGE('',*,*,#6831,.F.);
#6831 = EDGE_CURVE('',#6822,#3802,#6832,.T.);
#6832 = LINE('',#6833,#6834);
#6833 = CARTESIAN_POINT('',(48.211250413647,11.17001,-25.07));
#6834 = VECTOR('',#6835,1.);
#6835 = DIRECTION('',(0.,1.,-1.110223024625E-16));
#6836 = PLANE('',#6837);
#6837 = AXIS2_PLACEMENT_3D('',#6838,#6839,#6840);
#6838 = CARTESIAN_POINT('',(48.211250413647,11.17001,-25.07));
#6839 = DIRECTION('',(-3.053408378197E-15,-1.110223024625E-16,-1.));
#6840 = DIRECTION('',(0.,-1.,1.110223024625E-16));
#6841 = ADVANCED_FACE('',(#6842),#6860,.F.);
#6842 = FACE_BOUND('',#6843,.F.);
#6843 = EDGE_LOOP('',(#6844,#6851,#6852,#6859));
#6844 = ORIENTED_EDGE('',*,*,#6845,.F.);
#6845 = EDGE_CURVE('',#1044,#132,#6846,.T.);
#6846 = CIRCLE('',#6847,8.);
#6847 = AXIS2_PLACEMENT_3D('',#6848,#6849,#6850);
#6848 = CARTESIAN_POINT('',(64.3,162.10001,28.));
#6849 = DIRECTION('',(1.,0.,-0.));
#6850 = DIRECTION('',(0.,1.110223024625E-16,1.));
#6851 = ORIENTED_EDGE('',*,*,#1043,.F.);
#6852 = ORIENTED_EDGE('',*,*,#6853,.F.);
#6853 = EDGE_CURVE('',#124,#1034,#6854,.T.);
#6854 = CIRCLE('',#6855,7.7);
#6855 = AXIS2_PLACEMENT_3D('',#6856,#6857,#6858);
#6856 = CARTESIAN_POINT('',(64.,162.10001,28.));
#6857 = DIRECTION('',(-1.,0.,0.));
#6858 = DIRECTION('',(0.,1.110223024625E-16,1.));
#6859 = ORIENTED_EDGE('',*,*,#131,.F.);
#6860 = TOROIDAL_SURFACE('',#6861,7.7,0.3);
#6861 = AXIS2_PLACEMENT_3D('',#6862,#6863,#6864);
#6862 = CARTESIAN_POINT('',(64.3,162.10001,28.));
#6863 = DIRECTION('',(-1.,0.,0.));
#6864 = DIRECTION('',(0.,1.110223024625E-16,1.));
#6865 = ADVANCED_FACE('',(#6866),#6885,.F.);
#6866 = FACE_BOUND('',#6867,.T.);
#6867 = EDGE_LOOP('',(#6868,#6869,#6877,#6883,#6884));
#6868 = ORIENTED_EDGE('',*,*,#123,.T.);
#6869 = ORIENTED_EDGE('',*,*,#6870,.T.);
#6870 = EDGE_CURVE('',#115,#6871,#6873,.T.);
#6871 = VERTEX_POINT('',#6872);
#6872 = CARTESIAN_POINT('',(64.,158.97501,20.858355928813));
#6873 = B_SPLINE_CURVE_WITH_KNOTS('',2,(#6874,#6875,#6876),
  .UNSPECIFIED.,.F.,.F.,(3,3),(0.,1.),.PIECEWISE_BEZIER_KNOTS.);
#6874 = CARTESIAN_POINT('',(64.,160.47750907475,24.336187047276));
#6875 = CARTESIAN_POINT('',(64.,159.66844903976,22.522345291615));
#6876 = CARTESIAN_POINT('',(64.,158.97501,20.858355928813));
#6877 = ORIENTED_EDGE('',*,*,#6878,.T.);
#6878 = EDGE_CURVE('',#6871,#1036,#6879,.T.);
#6879 = LINE('',#6880,#6881);
#6880 = CARTESIAN_POINT('',(64.,158.97501,28.25));
#6881 = VECTOR('',#6882,1.);
#6882 = DIRECTION('',(0.,1.951292859931E-16,-1.));
#6883 = ORIENTED_EDGE('',*,*,#1033,.F.);
#6884 = ORIENTED_EDGE('',*,*,#6853,.F.);
#6885 = PLANE('',#6886);
#6886 = AXIS2_PLACEMENT_3D('',#6887,#6888,#6889);
#6887 = CARTESIAN_POINT('',(64.,144.10001,23.5));
#6888 = DIRECTION('',(-1.,0.,0.));
#6889 = DIRECTION('',(0.,1.110223024625E-16,1.));
#6890 = ADVANCED_FACE('',(#6891),#6918,.F.);
#6891 = FACE_BOUND('',#6892,.F.);
#6892 = EDGE_LOOP('',(#6893,#6903,#6910,#6911));
#6893 = ORIENTED_EDGE('',*,*,#6894,.T.);
#6894 = EDGE_CURVE('',#6895,#6897,#6899,.T.);
#6895 = VERTEX_POINT('',#6896);
#6896 = CARTESIAN_POINT('',(39.657145607788,9.50001,-9.024882812501));
#6897 = VERTEX_POINT('',#6898);
#6898 = CARTESIAN_POINT('',(39.657145607788,11.17001,-9.024882812501));
#6899 = LINE('',#6900,#6901);
#6900 = CARTESIAN_POINT('',(39.657145607788,11.17001,-9.024882812501));
#6901 = VECTOR('',#6902,1.);
#6902 = DIRECTION('',(0.,1.,-1.110223024625E-16));
#6903 = ORIENTED_EDGE('',*,*,#6904,.T.);
#6904 = EDGE_CURVE('',#6897,#2538,#6905,.T.);
#6905 = CIRCLE('',#6906,5.5E-02);
#6906 = AXIS2_PLACEMENT_3D('',#6907,#6908,#6909);
#6907 = CARTESIAN_POINT('',(39.711250413647,11.17001,-9.015000000001));
#6908 = DIRECTION('',(0.,-1.,1.110223024625E-16));
#6909 = DIRECTION('',(1.,0.,0.));
#6910 = ORIENTED_EDGE('',*,*,#2545,.F.);
#6911 = ORIENTED_EDGE('',*,*,#6912,.T.);
#6912 = EDGE_CURVE('',#2520,#6895,#6913,.T.);
#6913 = CIRCLE('',#6914,5.5E-02);
#6914 = AXIS2_PLACEMENT_3D('',#6915,#6916,#6917);
#6915 = CARTESIAN_POINT('',(39.711250413647,9.50001,-9.015000000001));
#6916 = DIRECTION('',(0.,1.,-1.110223024625E-16));
#6917 = DIRECTION('',(1.,0.,0.));
#6918 = CYLINDRICAL_SURFACE('',#6919,5.5E-02);
#6919 = AXIS2_PLACEMENT_3D('',#6920,#6921,#6922);
#6920 = CARTESIAN_POINT('',(39.711250413647,11.17001,-9.015000000001));
#6921 = DIRECTION('',(0.,-1.,1.110223024625E-16));
#6922 = DIRECTION('',(1.,0.,0.));
#6923 = ADVANCED_FACE('',(#6924),#6969,.T.);
#6924 = FACE_BOUND('',#6925,.T.);
#6925 = EDGE_LOOP('',(#6926,#6937,#6945,#6954,#6963));
#6926 = ORIENTED_EDGE('',*,*,#6927,.F.);
#6927 = EDGE_CURVE('',#6928,#6930,#6932,.T.);
#6928 = VERTEX_POINT('',#6929);
#6929 = CARTESIAN_POINT('',(48.315067846989,9.50001,-8.233624635094));
#6930 = VERTEX_POINT('',#6931);
#6931 = CARTESIAN_POINT('',(48.829621771908,9.50001,-7.3423910939));
#6932 = CIRCLE('',#6933,2.10098297883);
#6933 = AXIS2_PLACEMENT_3D('',#6934,#6935,#6936);
#6934 = CARTESIAN_POINT('',(46.808252180995,9.50001,-6.769508510584));
#6935 = DIRECTION('',(0.,-1.,1.110223024625E-16));
#6936 = DIRECTION('',(1.,0.,0.));
#6937 = ORIENTED_EDGE('',*,*,#6938,.T.);
#6938 = EDGE_CURVE('',#6928,#6939,#6941,.T.);
#6939 = VERTEX_POINT('',#6940);
#6940 = CARTESIAN_POINT('',(48.315067846989,11.17001,-8.233624635094));
#6941 = LINE('',#6942,#6943);
#6942 = CARTESIAN_POINT('',(48.315067846989,11.17001,-8.233624635094));
#6943 = VECTOR('',#6944,1.);
#6944 = DIRECTION('',(0.,1.,-1.110223024625E-16));
#6945 = ORIENTED_EDGE('',*,*,#6946,.F.);
#6946 = EDGE_CURVE('',#6947,#6939,#6949,.T.);
#6947 = VERTEX_POINT('',#6948);
#6948 = CARTESIAN_POINT('',(48.627756813569,11.17001,-7.819999999998));
#6949 = CIRCLE('',#6950,2.10098297883);
#6950 = AXIS2_PLACEMENT_3D('',#6951,#6952,#6953);
#6951 = CARTESIAN_POINT('',(46.808252180995,11.17001,-6.769508510584));
#6952 = DIRECTION('',(0.,1.,-1.110223024625E-16));
#6953 = DIRECTION('',(1.,0.,0.));
#6954 = ORIENTED_EDGE('',*,*,#6955,.F.);
#6955 = EDGE_CURVE('',#6956,#6947,#6958,.T.);
#6956 = VERTEX_POINT('',#6957);
#6957 = CARTESIAN_POINT('',(48.829621771908,11.17001,-7.3423910939));
#6958 = CIRCLE('',#6959,2.10098297883);
#6959 = AXIS2_PLACEMENT_3D('',#6960,#6961,#6962);
#6960 = CARTESIAN_POINT('',(46.808252180995,11.17001,-6.769508510584));
#6961 = DIRECTION('',(0.,1.,-1.110223024625E-16));
#6962 = DIRECTION('',(1.,0.,0.));
#6963 = ORIENTED_EDGE('',*,*,#6964,.F.);
#6964 = EDGE_CURVE('',#6930,#6956,#6965,.T.);
#6965 = LINE('',#6966,#6967);
#6966 = CARTESIAN_POINT('',(48.829621771908,11.17001,-7.3423910939));
#6967 = VECTOR('',#6968,1.);
#6968 = DIRECTION('',(0.,1.,-1.110223024625E-16));
#6969 = CYLINDRICAL_SURFACE('',#6970,2.10098297883);
#6970 = AXIS2_PLACEMENT_3D('',#6971,#6972,#6973);
#6971 = CARTESIAN_POINT('',(46.808252180995,11.17001,-6.769508510584));
#6972 = DIRECTION('',(0.,-1.,1.110223024625E-16));
#6973 = DIRECTION('',(1.,0.,0.));
#6974 = ADVANCED_FACE('',(#6975),#7001,.T.);
#6975 = FACE_BOUND('',#6976,.T.);
#6976 = EDGE_LOOP('',(#6977,#6988,#6994,#6995));
#6977 = ORIENTED_EDGE('',*,*,#6978,.T.);
#6978 = EDGE_CURVE('',#6979,#6981,#6983,.T.);
#6979 = VERTEX_POINT('',#6980);
#6980 = CARTESIAN_POINT('',(32.88493215304,9.50001,-25.1063753649));
#6981 = VERTEX_POINT('',#6982);
#6982 = CARTESIAN_POINT('',(32.97099562035,9.50001,-25.06999999999));
#6983 = CIRCLE('',#6984,0.12);
#6984 = AXIS2_PLACEMENT_3D('',#6985,#6986,#6987);
#6985 = CARTESIAN_POINT('',(32.97099562035,9.50001,-25.18999999999));
#6986 = DIRECTION('',(8.838452764881E-16,1.,3.992660058399E-16));
#6987 = DIRECTION('',(-0.5,9.614813431938E-17,0.866025403784));
#6988 = ORIENTED_EDGE('',*,*,#6989,.T.);
#6989 = EDGE_CURVE('',#6981,#2048,#6990,.T.);
#6990 = LINE('',#6991,#6992);
#6991 = CARTESIAN_POINT('',(32.97099562035,11.17001,-25.06999999999));
#6992 = VECTOR('',#6993,1.);
#6993 = DIRECTION('',(0.,1.,-1.110223024625E-16));
#6994 = ORIENTED_EDGE('',*,*,#2047,.T.);
#6995 = ORIENTED_EDGE('',*,*,#6996,.F.);
#6996 = EDGE_CURVE('',#6979,#2039,#6997,.T.);
#6997 = LINE('',#6998,#6999);
#6998 = CARTESIAN_POINT('',(32.88493215304,11.17001,-25.1063753649));
#6999 = VECTOR('',#7000,1.);
#7000 = DIRECTION('',(0.,1.,-1.110223024625E-16));
#7001 = CYLINDRICAL_SURFACE('',#7002,0.12);
#7002 = AXIS2_PLACEMENT_3D('',#7003,#7004,#7005);
#7003 = CARTESIAN_POINT('',(32.97099562035,11.17001,-25.18999999999));
#7004 = DIRECTION('',(0.,-1.,1.110223024625E-16));
#7005 = DIRECTION('',(1.,0.,0.));
#7006 = ADVANCED_FACE('',(#7007),#7037,.T.);
#7007 = FACE_BOUND('',#7008,.T.);
#7008 = EDGE_LOOP('',(#7009,#7017,#7026,#7036));
#7009 = ORIENTED_EDGE('',*,*,#7010,.F.);
#7010 = EDGE_CURVE('',#7011,#182,#7013,.T.);
#7011 = VERTEX_POINT('',#7012);
#7012 = CARTESIAN_POINT('',(64.858355928813,158.97501,20.));
#7013 = B_SPLINE_CURVE_WITH_KNOTS('',2,(#7014,#7015,#7016),
  .UNSPECIFIED.,.F.,.F.,(3,3),(0.,1.),.PIECEWISE_BEZIER_KNOTS.);
#7014 = CARTESIAN_POINT('',(64.858355928813,158.97501,20.));
#7015 = CARTESIAN_POINT('',(66.522345291617,159.66844903976,20.));
#7016 = CARTESIAN_POINT('',(68.336187047276,160.47750907475,20.));
#7017 = ORIENTED_EDGE('',*,*,#7018,.F.);
#7018 = EDGE_CURVE('',#7019,#7011,#7021,.T.);
#7019 = VERTEX_POINT('',#7020);
#7020 = CARTESIAN_POINT('',(71.768165442698,158.97501,8.));
#7021 = CIRCLE('',#7022,28.897595264192);
#7022 = AXIS2_PLACEMENT_3D('',#7023,#7024,#7025);
#7023 = CARTESIAN_POINT('',(44.,158.97501,-1.489187980179E-14));
#7024 = DIRECTION('',(0.,-1.,-2.49157870341E-16));
#7025 = DIRECTION('',(0.,2.49157870341E-16,-1.));
#7026 = ORIENTED_EDGE('',*,*,#7027,.F.);
#7027 = EDGE_CURVE('',#190,#7019,#7028,.T.);
#7028 = B_SPLINE_CURVE_WITH_KNOTS('',3,(#7029,#7030,#7031,#7032,#7033,
    #7034,#7035),.UNSPECIFIED.,.F.,.F.,(4,3,4),(0.,0.989899737588,1.),
  .UNSPECIFIED.);
#7029 = CARTESIAN_POINT('',(74.467195473164,160.47750907475,8.));
#7030 = CARTESIAN_POINT('',(73.577264392831,159.98055337925,8.));
#7031 = CARTESIAN_POINT('',(72.686739313066,159.4846589294,8.));
#7032 = CARTESIAN_POINT('',(71.795448183949,158.99014663006,8.));
#7033 = CARTESIAN_POINT('',(71.786354017305,158.98510094172,8.));
#7034 = CARTESIAN_POINT('',(71.777259770293,158.98005539823,8.));
#7035 = CARTESIAN_POINT('',(71.768165442698,158.97501,8.));
#7036 = ORIENTED_EDGE('',*,*,#189,.F.);
#7037 = CONICAL_SURFACE('',#7038,28.897595264192,1.04719755);
#7038 = AXIS2_PLACEMENT_3D('',#7039,#7040,#7041);
#7039 = CARTESIAN_POINT('',(44.,158.97501,-1.489187980179E-14));
#7040 = DIRECTION('',(0.,1.,1.72688657085E-16));
#7041 = DIRECTION('',(0.,-1.72688657085E-16,1.));
#7042 = ADVANCED_FACE('',(#7043),#7060,.F.);
#7043 = FACE_BOUND('',#7044,.T.);
#7044 = EDGE_LOOP('',(#7045,#7046,#7052,#7053,#7059));
#7045 = ORIENTED_EDGE('',*,*,#181,.T.);
#7046 = ORIENTED_EDGE('',*,*,#7047,.T.);
#7047 = EDGE_CURVE('',#147,#1044,#7048,.T.);
#7048 = LINE('',#7049,#7050);
#7049 = CARTESIAN_POINT('',(114.,162.10001,20.));
#7050 = VECTOR('',#7051,1.);
#7051 = DIRECTION('',(-1.,0.,0.));
#7052 = ORIENTED_EDGE('',*,*,#1052,.F.);
#7053 = ORIENTED_EDGE('',*,*,#7054,.T.);
#7054 = EDGE_CURVE('',#1053,#7011,#7055,.T.);
#7055 = LINE('',#7056,#7057);
#7056 = CARTESIAN_POINT('',(44.,158.97501,20.));
#7057 = VECTOR('',#7058,1.);
#7058 = DIRECTION('',(1.,0.,0.));
#7059 = ORIENTED_EDGE('',*,*,#7010,.T.);
#7060 = PLANE('',#7061);
#7061 = AXIS2_PLACEMENT_3D('',#7062,#7063,#7064);
#7062 = CARTESIAN_POINT('',(114.,162.10001,20.));
#7063 = DIRECTION('',(0.,-1.110223024625E-16,-1.));
#7064 = DIRECTION('',(0.,-1.,1.110223024625E-16));
#7065 = ADVANCED_FACE('',(#7066),#7100,.T.);
#7066 = FACE_BOUND('',#7067,.T.);
#7067 = EDGE_LOOP('',(#7068,#7078,#7086,#7094));
#7068 = ORIENTED_EDGE('',*,*,#7069,.T.);
#7069 = EDGE_CURVE('',#7070,#7072,#7074,.T.);
#7070 = VERTEX_POINT('',#7071);
#7071 = CARTESIAN_POINT('',(36.,16.50001,-31.65));
#7072 = VERTEX_POINT('',#7073);
#7073 = CARTESIAN_POINT('',(36.,11.50001,-31.65));
#7074 = LINE('',#7075,#7076);
#7075 = CARTESIAN_POINT('',(36.,175.10001,-31.65));
#7076 = VECTOR('',#7077,1.);
#7077 = DIRECTION('',(0.,-1.,1.110223024625E-16));
#7078 = ORIENTED_EDGE('',*,*,#7079,.T.);
#7079 = EDGE_CURVE('',#7072,#7080,#7082,.T.);
#7080 = VERTEX_POINT('',#7081);
#7081 = CARTESIAN_POINT('',(36.,11.50001,-19.45));
#7082 = LINE('',#7083,#7084);
#7083 = CARTESIAN_POINT('',(36.,11.50001,-27.03041346956));
#7084 = VECTOR('',#7085,1.);
#7085 = DIRECTION('',(2.55123629777E-14,1.110223024625E-16,1.));
#7086 = ORIENTED_EDGE('',*,*,#7087,.T.);
#7087 = EDGE_CURVE('',#7080,#7088,#7090,.T.);
#7088 = VERTEX_POINT('',#7089);
#7089 = CARTESIAN_POINT('',(36.,16.50001,-19.45));
#7090 = LINE('',#7091,#7092);
#7091 = CARTESIAN_POINT('',(36.,16.50001,-19.45));
#7092 = VECTOR('',#7093,1.);
#7093 = DIRECTION('',(0.,1.,-1.110223024625E-16));
#7094 = ORIENTED_EDGE('',*,*,#7095,.F.);
#7095 = EDGE_CURVE('',#7070,#7088,#7096,.T.);
#7096 = LINE('',#7097,#7098);
#7097 = CARTESIAN_POINT('',(36.,16.50001,-27.03041346956));
#7098 = VECTOR('',#7099,1.);
#7099 = DIRECTION('',(2.55123629777E-14,1.110223024625E-16,1.));
#7100 = PLANE('',#7101);
#7101 = AXIS2_PLACEMENT_3D('',#7102,#7103,#7104);
#7102 = CARTESIAN_POINT('',(36.,16.50001,-27.03041346956));
#7103 = DIRECTION('',(-1.,6.50880664706E-28,1.653324150313E-41));
#7104 = DIRECTION('',(3.876948474932E-54,-2.540134067524E-14,1.));
#7105 = ADVANCED_FACE('',(#7106),#7132,.F.);
#7106 = FACE_BOUND('',#7107,.F.);
#7107 = EDGE_LOOP('',(#7108,#7116,#7117,#7125));
#7108 = ORIENTED_EDGE('',*,*,#7109,.T.);
#7109 = EDGE_CURVE('',#7110,#2057,#7112,.T.);
#7110 = VERTEX_POINT('',#7111);
#7111 = CARTESIAN_POINT('',(32.98874958639,9.50001,-25.06999999999));
#7112 = LINE('',#7113,#7114);
#7113 = CARTESIAN_POINT('',(32.98874958639,11.17001,-25.06999999999));
#7114 = VECTOR('',#7115,1.);
#7115 = DIRECTION('',(0.,1.,-1.110223024625E-16));
#7116 = ORIENTED_EDGE('',*,*,#2064,.T.);
#7117 = ORIENTED_EDGE('',*,*,#7118,.F.);
#7118 = EDGE_CURVE('',#7119,#2065,#7121,.T.);
#7119 = VERTEX_POINT('',#7120);
#7120 = CARTESIAN_POINT('',(33.04285439224,9.50001,-25.02488281249));
#7121 = LINE('',#7122,#7123);
#7122 = CARTESIAN_POINT('',(33.04285439224,11.17001,-25.02488281249));
#7123 = VECTOR('',#7124,1.);
#7124 = DIRECTION('',(0.,1.,-1.110223024625E-16));
#7125 = ORIENTED_EDGE('',*,*,#7126,.T.);
#7126 = EDGE_CURVE('',#7119,#7110,#7127,.T.);
#7127 = CIRCLE('',#7128,5.499999999707E-02);
#7128 = AXIS2_PLACEMENT_3D('',#7129,#7130,#7131);
#7129 = CARTESIAN_POINT('',(32.98874958639,9.50001,-25.01499999999));
#7130 = DIRECTION('',(8.838452764881E-16,1.,3.992660058399E-16));
#7131 = DIRECTION('',(-0.5,9.614813431938E-17,0.866025403784));
#7132 = CYLINDRICAL_SURFACE('',#7133,5.499999999707E-02);
#7133 = AXIS2_PLACEMENT_3D('',#7134,#7135,#7136);
#7134 = CARTESIAN_POINT('',(32.98874958639,11.17001,-25.01499999999));
#7135 = DIRECTION('',(0.,-1.,1.110223024625E-16));
#7136 = DIRECTION('',(1.,0.,0.));
#7137 = ADVANCED_FACE('',(#7138,#7141),#7144,.T.);
#7138 = FACE_BOUND('',#7139,.T.);
#7139 = EDGE_LOOP('',(#7140));
#7140 = ORIENTED_EDGE('',*,*,#3327,.T.);
#7141 = FACE_BOUND('',#7142,.T.);
#7142 = EDGE_LOOP('',(#7143));
#7143 = ORIENTED_EDGE('',*,*,#3377,.T.);
#7144 = PLANE('',#7145);
#7145 = AXIS2_PLACEMENT_3D('',#7146,#7147,#7148);
#7146 = CARTESIAN_POINT('',(75.5,25.70001,-1.243450897803E-15));
#7147 = DIRECTION('',(1.,0.,0.));
#7148 = DIRECTION('',(0.,1.,-1.110223024625E-16));
#7149 = ADVANCED_FACE('',(#7150),#7177,.T.);
#7150 = FACE_BOUND('',#7151,.T.);
#7151 = EDGE_LOOP('',(#7152,#7161,#7162,#7171));
#7152 = ORIENTED_EDGE('',*,*,#7153,.T.);
#7153 = EDGE_CURVE('',#7154,#3937,#7156,.T.);
#7154 = VERTEX_POINT('',#7155);
#7155 = CARTESIAN_POINT('',(30.58544607509,9.50001,-22.90601572899));
#7156 = CIRCLE('',#7157,0.12);
#7157 = AXIS2_PLACEMENT_3D('',#7158,#7159,#7160);
#7158 = CARTESIAN_POINT('',(30.61483539981,9.50001,-22.78967026242));
#7159 = DIRECTION('',(7.814892604496E-16,1.,-5.622153373519E-16));
#7160 = DIRECTION('',(-0.5,-9.614813431899E-17,-0.866025403784));
#7161 = ORIENTED_EDGE('',*,*,#3960,.T.);
#7162 = ORIENTED_EDGE('',*,*,#7163,.T.);
#7163 = EDGE_CURVE('',#3953,#7164,#7166,.T.);
#7164 = VERTEX_POINT('',#7165);
#7165 = CARTESIAN_POINT('',(30.58544607509,11.17001,-22.90601572899));
#7166 = CIRCLE('',#7167,0.12);
#7167 = AXIS2_PLACEMENT_3D('',#7168,#7169,#7170);
#7168 = CARTESIAN_POINT('',(30.61483539981,11.17001,-22.78967026242));
#7169 = DIRECTION('',(-7.814892604496E-16,-1.,5.622153373519E-16));
#7170 = DIRECTION('',(-0.5,-9.614813431899E-17,-0.866025403784));
#7171 = ORIENTED_EDGE('',*,*,#7172,.F.);
#7172 = EDGE_CURVE('',#7154,#7164,#7173,.T.);
#7173 = LINE('',#7174,#7175);
#7174 = CARTESIAN_POINT('',(30.58544607509,11.17001,-22.90601572899));
#7175 = VECTOR('',#7176,1.);
#7176 = DIRECTION('',(0.,1.,-1.110223024625E-16));
#7177 = CYLINDRICAL_SURFACE('',#7178,0.12);
#7178 = AXIS2_PLACEMENT_3D('',#7179,#7180,#7181);
#7179 = CARTESIAN_POINT('',(30.61483539981,11.17001,-22.78967026242));
#7180 = DIRECTION('',(0.,-1.,1.110223024625E-16));
#7181 = DIRECTION('',(1.,0.,0.));
#7182 = ADVANCED_FACE('',(#7183),#7194,.T.);
#7183 = FACE_BOUND('',#7184,.T.);
#7184 = EDGE_LOOP('',(#7185,#7191,#7192,#7193));
#7185 = ORIENTED_EDGE('',*,*,#7186,.F.);
#7186 = EDGE_CURVE('',#6593,#3076,#7187,.T.);
#7187 = LINE('',#7188,#7189);
#7188 = CARTESIAN_POINT('',(23.13,205.10001,-9.0925));
#7189 = VECTOR('',#7190,1.);
#7190 = DIRECTION('',(0.,-1.110223024625E-16,-1.));
#7191 = ORIENTED_EDGE('',*,*,#6592,.F.);
#7192 = ORIENTED_EDGE('',*,*,#4092,.T.);
#7193 = ORIENTED_EDGE('',*,*,#3084,.F.);
#7194 = PLANE('',#7195);
#7195 = AXIS2_PLACEMENT_3D('',#7196,#7197,#7198);
#7196 = CARTESIAN_POINT('',(23.13,205.10001,-9.0925));
#7197 = DIRECTION('',(-0.866025403784,0.5,-5.551115123128E-17));
#7198 = DIRECTION('',(0.,-1.110223024625E-16,-1.));
#7199 = ADVANCED_FACE('',(#7200),#7210,.F.);
#7200 = FACE_BOUND('',#7201,.F.);
#7201 = EDGE_LOOP('',(#7202,#7208,#7209));
#7202 = ORIENTED_EDGE('',*,*,#7203,.F.);
#7203 = EDGE_CURVE('',#5290,#3057,#7204,.T.);
#7204 = LINE('',#7205,#7206);
#7205 = CARTESIAN_POINT('',(23.13,198.60001,-22.0825));
#7206 = VECTOR('',#7207,1.);
#7207 = DIRECTION('',(0.,-1.110223024625E-16,-1.));
#7208 = ORIENTED_EDGE('',*,*,#5289,.F.);
#7209 = ORIENTED_EDGE('',*,*,#3056,.F.);
#7210 = CYLINDRICAL_SURFACE('',#7211,1.5);
#7211 = AXIS2_PLACEMENT_3D('',#7212,#7213,#7214);
#7212 = CARTESIAN_POINT('',(21.63,198.60001,-9.0925));
#7213 = DIRECTION('',(0.,1.110223024625E-16,1.));
#7214 = DIRECTION('',(1.,0.,0.));
#7215 = ADVANCED_FACE('',(#7216),#7242,.T.);
#7216 = FACE_BOUND('',#7217,.T.);
#7217 = EDGE_LOOP('',(#7218,#7229,#7235,#7236));
#7218 = ORIENTED_EDGE('',*,*,#7219,.T.);
#7219 = EDGE_CURVE('',#7220,#7222,#7224,.T.);
#7220 = VERTEX_POINT('',#7221);
#7221 = CARTESIAN_POINT('',(42.881907971693,9.50001,-10.09032973758));
#7222 = VERTEX_POINT('',#7223);
#7223 = CARTESIAN_POINT('',(42.870378228119,9.50001,-9.997608906099));
#7224 = CIRCLE('',#7225,0.12);
#7225 = AXIS2_PLACEMENT_3D('',#7226,#7227,#7228);
#7226 = CARTESIAN_POINT('',(42.985831020147,9.50001,-10.03032973758));
#7227 = DIRECTION('',(8.838452764881E-16,1.,3.992660058399E-16));
#7228 = DIRECTION('',(-0.5,9.614813431938E-17,0.866025403784));
#7229 = ORIENTED_EDGE('',*,*,#7230,.T.);
#7230 = EDGE_CURVE('',#7222,#4848,#7231,.T.);
#7231 = LINE('',#7232,#7233);
#7232 = CARTESIAN_POINT('',(42.870378228119,11.17001,-9.997608906099));
#7233 = VECTOR('',#7234,1.);
#7234 = DIRECTION('',(0.,1.,-1.110223024625E-16));
#7235 = ORIENTED_EDGE('',*,*,#4847,.T.);
#7236 = ORIENTED_EDGE('',*,*,#7237,.F.);
#7237 = EDGE_CURVE('',#7220,#4840,#7238,.T.);
#7238 = LINE('',#7239,#7240);
#7239 = CARTESIAN_POINT('',(42.881907971693,11.17001,-10.09032973758));
#7240 = VECTOR('',#7241,1.);
#7241 = DIRECTION('',(0.,1.,-1.110223024625E-16));
#7242 = CYLINDRICAL_SURFACE('',#7243,0.12);
#7243 = AXIS2_PLACEMENT_3D('',#7244,#7245,#7246);
#7244 = CARTESIAN_POINT('',(42.985831020147,11.17001,-10.03032973758));
#7245 = DIRECTION('',(0.,-1.,1.110223024625E-16));
#7246 = DIRECTION('',(1.,0.,0.));
#7247 = ADVANCED_FACE('',(#7248),#7275,.T.);
#7248 = FACE_BOUND('',#7249,.T.);
#7249 = EDGE_LOOP('',(#7250,#7259,#7267,#7274));
#7250 = ORIENTED_EDGE('',*,*,#7251,.F.);
#7251 = EDGE_CURVE('',#7252,#6501,#7254,.T.);
#7252 = VERTEX_POINT('',#7253);
#7253 = CARTESIAN_POINT('',(42.881907971693,9.50001,-7.24967026242));
#7254 = CIRCLE('',#7255,0.12);
#7255 = AXIS2_PLACEMENT_3D('',#7256,#7257,#7258);
#7256 = CARTESIAN_POINT('',(42.985831020147,9.50001,-7.30967026242));
#7257 = DIRECTION('',(8.326672684704E-16,-1.,-3.697183691308E-16));
#7258 = DIRECTION('',(-0.499999999997,-9.614813431913E-17,
    -0.866025403786));
#7259 = ORIENTED_EDGE('',*,*,#7260,.T.);
#7260 = EDGE_CURVE('',#7252,#7261,#7263,.T.);
#7261 = VERTEX_POINT('',#7262);
#7262 = CARTESIAN_POINT('',(42.881907971693,11.17001,-7.24967026242));
#7263 = LINE('',#7264,#7265);
#7264 = CARTESIAN_POINT('',(42.881907971693,11.17001,-7.24967026242));
#7265 = VECTOR('',#7266,1.);
#7266 = DIRECTION('',(0.,1.,-1.110223024625E-16));
#7267 = ORIENTED_EDGE('',*,*,#7268,.F.);
#7268 = EDGE_CURVE('',#6510,#7261,#7269,.T.);
#7269 = CIRCLE('',#7270,0.12);
#7270 = AXIS2_PLACEMENT_3D('',#7271,#7272,#7273);
#7271 = CARTESIAN_POINT('',(42.985831020147,11.17001,-7.30967026242));
#7272 = DIRECTION('',(-8.326672684704E-16,1.,3.697183691308E-16));
#7273 = DIRECTION('',(-0.499999999997,-9.614813431913E-17,
    -0.866025403786));
#7274 = ORIENTED_EDGE('',*,*,#6509,.F.);
#7275 = CYLINDRICAL_SURFACE('',#7276,0.12);
#7276 = AXIS2_PLACEMENT_3D('',#7277,#7278,#7279);
#7277 = CARTESIAN_POINT('',(42.985831020147,11.17001,-7.30967026242));
#7278 = DIRECTION('',(0.,-1.,1.110223024625E-16));
#7279 = DIRECTION('',(1.,0.,0.));
#7280 = ADVANCED_FACE('',(#7281),#7297,.T.);
#7281 = FACE_BOUND('',#7282,.T.);
#7282 = EDGE_LOOP('',(#7283,#7289,#7295,#7296));
#7283 = ORIENTED_EDGE('',*,*,#7284,.F.);
#7284 = EDGE_CURVE('',#6601,#1749,#7285,.T.);
#7285 = LINE('',#7286,#7287);
#7286 = CARTESIAN_POINT('',(26.01,205.10001,-6.2125));
#7287 = VECTOR('',#7288,1.);
#7288 = DIRECTION('',(1.,0.,0.));
#7289 = ORIENTED_EDGE('',*,*,#7290,.F.);
#7290 = EDGE_CURVE('',#5266,#6601,#7291,.T.);
#7291 = LINE('',#7292,#7293);
#7292 = CARTESIAN_POINT('',(26.01,197.10001,-6.2125));
#7293 = VECTOR('',#7294,1.);
#7294 = DIRECTION('',(0.,1.,-1.110223024625E-16));
#7295 = ORIENTED_EDGE('',*,*,#5274,.F.);
#7296 = ORIENTED_EDGE('',*,*,#1748,.F.);
#7297 = PLANE('',#7298);
#7298 = AXIS2_PLACEMENT_3D('',#7299,#7300,#7301);
#7299 = CARTESIAN_POINT('',(26.01,197.10001,-6.2125));
#7300 = DIRECTION('',(0.,1.110223024625E-16,1.));
#7301 = DIRECTION('',(-1.,0.,0.));
#7302 = ADVANCED_FACE('',(#7303),#7366,.T.);
#7303 = FACE_BOUND('',#7304,.T.);
#7304 = EDGE_LOOP('',(#7305,#7313,#7314,#7315,#7321,#7322,#7328,#7329,
    #7337,#7346,#7352,#7353,#7359,#7360));
#7305 = ORIENTED_EDGE('',*,*,#7306,.F.);
#7306 = EDGE_CURVE('',#2269,#7307,#7309,.T.);
#7307 = VERTEX_POINT('',#7308);
#7308 = CARTESIAN_POINT('',(17.5,149.10001,-8.7));
#7309 = LINE('',#7310,#7311);
#7310 = CARTESIAN_POINT('',(17.5,149.10001,-1.494360302168E-14));
#7311 = VECTOR('',#7312,1.);
#7312 = DIRECTION('',(0.,-1.110223024625E-16,-1.));
#7313 = ORIENTED_EDGE('',*,*,#2277,.F.);
#7314 = ORIENTED_EDGE('',*,*,#2352,.F.);
#7315 = ORIENTED_EDGE('',*,*,#7316,.F.);
#7316 = EDGE_CURVE('',#5844,#2353,#7317,.T.);
#7317 = LINE('',#7318,#7319);
#7318 = CARTESIAN_POINT('',(17.5,158.97501,7.34846922835));
#7319 = VECTOR('',#7320,1.);
#7320 = DIRECTION('',(0.,-1.,-1.951292859931E-16));
#7321 = ORIENTED_EDGE('',*,*,#5852,.F.);
#7322 = ORIENTED_EDGE('',*,*,#7323,.F.);
#7323 = EDGE_CURVE('',#6362,#5853,#7324,.T.);
#7324 = LINE('',#7325,#7326);
#7325 = CARTESIAN_POINT('',(17.5,162.10001,8.7));
#7326 = VECTOR('',#7327,1.);
#7327 = DIRECTION('',(0.,-1.,4.00142881792E-16));
#7328 = ORIENTED_EDGE('',*,*,#6370,.F.);
#7329 = ORIENTED_EDGE('',*,*,#7330,.F.);
#7330 = EDGE_CURVE('',#7331,#6371,#7333,.T.);
#7331 = VERTEX_POINT('',#7332);
#7332 = CARTESIAN_POINT('',(17.5,169.80001,-1.));
#7333 = LINE('',#7334,#7335);
#7334 = CARTESIAN_POINT('',(17.5,169.80001,1.));
#7335 = VECTOR('',#7336,1.);
#7336 = DIRECTION('',(0.,1.110223024625E-16,1.));
#7337 = ORIENTED_EDGE('',*,*,#7338,.F.);
#7338 = EDGE_CURVE('',#7339,#7331,#7341,.T.);
#7339 = VERTEX_POINT('',#7340);
#7340 = CARTESIAN_POINT('',(17.5,162.10001,-8.7));
#7341 = CIRCLE('',#7342,7.7);
#7342 = AXIS2_PLACEMENT_3D('',#7343,#7344,#7345);
#7343 = CARTESIAN_POINT('',(17.5,162.10001,-1.));
#7344 = DIRECTION('',(1.,0.,-0.));
#7345 = DIRECTION('',(0.,1.110223024625E-16,1.));
#7346 = ORIENTED_EDGE('',*,*,#7347,.F.);
#7347 = EDGE_CURVE('',#6002,#7339,#7348,.T.);
#7348 = LINE('',#7349,#7350);
#7349 = CARTESIAN_POINT('',(17.5,162.10001,-8.7));
#7350 = VECTOR('',#7351,1.);
#7351 = DIRECTION('',(0.,1.,3.708453297533E-16));
#7352 = ORIENTED_EDGE('',*,*,#6017,.F.);
#7353 = ORIENTED_EDGE('',*,*,#7354,.F.);
#7354 = EDGE_CURVE('',#5931,#6018,#7355,.T.);
#7355 = LINE('',#7356,#7357);
#7356 = CARTESIAN_POINT('',(17.5,158.97501,-7.34846922835));
#7357 = VECTOR('',#7358,1.);
#7358 = DIRECTION('',(0.,1.,1.951292859931E-16));
#7359 = ORIENTED_EDGE('',*,*,#5939,.F.);
#7360 = ORIENTED_EDGE('',*,*,#7361,.F.);
#7361 = EDGE_CURVE('',#7307,#5940,#7362,.T.);
#7362 = LINE('',#7363,#7364);
#7363 = CARTESIAN_POINT('',(17.5,162.10001,-8.7));
#7364 = VECTOR('',#7365,1.);
#7365 = DIRECTION('',(0.,1.,3.708453297533E-16));
#7366 = PLANE('',#7367);
#7367 = AXIS2_PLACEMENT_3D('',#7368,#7369,#7370);
#7368 = CARTESIAN_POINT('',(17.5,162.10001,1.));
#7369 = DIRECTION('',(-1.,0.,0.));
#7370 = DIRECTION('',(0.,1.110223024625E-16,1.));
#7371 = ADVANCED_FACE('',(#7372),#7414,.F.);
#7372 = FACE_BOUND('',#7373,.T.);
#7373 = EDGE_LOOP('',(#7374,#7384,#7392,#7400,#7408));
#7374 = ORIENTED_EDGE('',*,*,#7375,.T.);
#7375 = EDGE_CURVE('',#7376,#7378,#7380,.T.);
#7376 = VERTEX_POINT('',#7377);
#7377 = CARTESIAN_POINT('',(64.,155.22501,20.3));
#7378 = VERTEX_POINT('',#7379);
#7379 = CARTESIAN_POINT('',(64.,155.22501,20.858355928813));
#7380 = LINE('',#7381,#7382);
#7381 = CARTESIAN_POINT('',(64.,155.22501,28.897595264192));
#7382 = VECTOR('',#7383,1.);
#7383 = DIRECTION('',(0.,-1.951292859931E-16,1.));
#7384 = ORIENTED_EDGE('',*,*,#7385,.T.);
#7385 = EDGE_CURVE('',#7378,#7386,#7388,.T.);
#7386 = VERTEX_POINT('',#7387);
#7387 = CARTESIAN_POINT('',(64.,153.72251092524,24.336187047276));
#7388 = B_SPLINE_CURVE_WITH_KNOTS('',2,(#7389,#7390,#7391),
  .UNSPECIFIED.,.F.,.F.,(3,3),(0.,1.),.PIECEWISE_BEZIER_KNOTS.);
#7389 = CARTESIAN_POINT('',(64.,155.22501,20.858355928813));
#7390 = CARTESIAN_POINT('',(64.,154.53157096023,22.522345291618));
#7391 = CARTESIAN_POINT('',(64.,153.72251092524,24.336187047276));
#7392 = ORIENTED_EDGE('',*,*,#7393,.T.);
#7393 = EDGE_CURVE('',#7386,#7394,#7396,.T.);
#7394 = VERTEX_POINT('',#7395);
#7395 = CARTESIAN_POINT('',(64.,149.10001,24.336187047276));
#7396 = LINE('',#7397,#7398);
#7397 = CARTESIAN_POINT('',(64.,212.10001,24.336187047276));
#7398 = VECTOR('',#7399,1.);
#7399 = DIRECTION('',(0.,-1.,1.110223024625E-16));
#7400 = ORIENTED_EDGE('',*,*,#7401,.T.);
#7401 = EDGE_CURVE('',#7394,#7402,#7404,.T.);
#7402 = VERTEX_POINT('',#7403);
#7403 = CARTESIAN_POINT('',(64.,149.10001,20.3));
#7404 = LINE('',#7405,#7406);
#7405 = CARTESIAN_POINT('',(64.,149.10001,-1.494360302168E-14));
#7406 = VECTOR('',#7407,1.);
#7407 = DIRECTION('',(0.,-1.110223024625E-16,-1.));
#7408 = ORIENTED_EDGE('',*,*,#7409,.F.);
#7409 = EDGE_CURVE('',#7376,#7402,#7410,.T.);
#7410 = LINE('',#7411,#7412);
#7411 = CARTESIAN_POINT('',(64.,144.10001,20.3));
#7412 = VECTOR('',#7413,1.);
#7413 = DIRECTION('',(0.,-1.,1.110223024625E-16));
#7414 = PLANE('',#7415);
#7415 = AXIS2_PLACEMENT_3D('',#7416,#7417,#7418);
#7416 = CARTESIAN_POINT('',(64.,144.10001,23.5));
#7417 = DIRECTION('',(-1.,0.,0.));
#7418 = DIRECTION('',(0.,1.110223024625E-16,1.));
#7419 = ADVANCED_FACE('',(#7420),#7439,.T.);
#7420 = FACE_BOUND('',#7421,.T.);
#7421 = EDGE_LOOP('',(#7422,#7431,#7437,#7438));
#7422 = ORIENTED_EDGE('',*,*,#7423,.F.);
#7423 = EDGE_CURVE('',#7424,#3720,#7426,.T.);
#7424 = VERTEX_POINT('',#7425);
#7425 = CARTESIAN_POINT('',(32.88493215304,9.50001,-24.23362463509));
#7426 = CIRCLE('',#7427,0.12);
#7427 = AXIS2_PLACEMENT_3D('',#7428,#7429,#7430);
#7428 = CARTESIAN_POINT('',(32.97099562035,9.50001,-24.15));
#7429 = DIRECTION('',(8.326672684704E-16,-1.,-3.697183691308E-16));
#7430 = DIRECTION('',(-0.499999999997,-9.614813431913E-17,
    -0.866025403786));
#7431 = ORIENTED_EDGE('',*,*,#7432,.T.);
#7432 = EDGE_CURVE('',#7424,#2100,#7433,.T.);
#7433 = LINE('',#7434,#7435);
#7434 = CARTESIAN_POINT('',(32.88493215304,11.17001,-24.23362463509));
#7435 = VECTOR('',#7436,1.);
#7436 = DIRECTION('',(0.,1.,-1.110223024625E-16));
#7437 = ORIENTED_EDGE('',*,*,#2099,.F.);
#7438 = ORIENTED_EDGE('',*,*,#3727,.F.);
#7439 = CYLINDRICAL_SURFACE('',#7440,0.12);
#7440 = AXIS2_PLACEMENT_3D('',#7441,#7442,#7443);
#7441 = CARTESIAN_POINT('',(32.97099562035,11.17001,-24.15));
#7442 = DIRECTION('',(0.,-1.,1.110223024625E-16));
#7443 = DIRECTION('',(1.,0.,0.));
#7444 = ADVANCED_FACE('',(#7445),#7470,.F.);
#7445 = FACE_BOUND('',#7446,.T.);
#7446 = EDGE_LOOP('',(#7447,#7455,#7456,#7464));
#7447 = ORIENTED_EDGE('',*,*,#7448,.T.);
#7448 = EDGE_CURVE('',#7449,#6076,#7451,.T.);
#7449 = VERTEX_POINT('',#7450);
#7450 = CARTESIAN_POINT('',(51.988749586381,9.50001,-24.27));
#7451 = LINE('',#7452,#7453);
#7452 = CARTESIAN_POINT('',(51.988749586381,9.50001,-24.27));
#7453 = VECTOR('',#7454,1.);
#7454 = DIRECTION('',(-1.,1.962789321056E-28,-1.2610576602E-12));
#7455 = ORIENTED_EDGE('',*,*,#6094,.T.);
#7456 = ORIENTED_EDGE('',*,*,#7457,.T.);
#7457 = EDGE_CURVE('',#6086,#7458,#7460,.T.);
#7458 = VERTEX_POINT('',#7459);
#7459 = CARTESIAN_POINT('',(51.988749586381,11.17001,-24.27));
#7460 = LINE('',#7461,#7462);
#7461 = CARTESIAN_POINT('',(51.988749586381,11.17001,-24.27));
#7462 = VECTOR('',#7463,1.);
#7463 = DIRECTION('',(1.,-1.962789321056E-28,1.2610576602E-12));
#7464 = ORIENTED_EDGE('',*,*,#7465,.F.);
#7465 = EDGE_CURVE('',#7449,#7458,#7466,.T.);
#7466 = LINE('',#7467,#7468);
#7467 = CARTESIAN_POINT('',(51.988749586381,11.17001,-24.27));
#7468 = VECTOR('',#7469,1.);
#7469 = DIRECTION('',(0.,1.,-1.110223024625E-16));
#7470 = PLANE('',#7471);
#7471 = AXIS2_PLACEMENT_3D('',#7472,#7473,#7474);
#7472 = CARTESIAN_POINT('',(51.988749586381,11.17001,-24.27));
#7473 = DIRECTION('',(-2.005417653664E-36,1.110223040528E-16,1.));
#7474 = DIRECTION('',(-1.,-1.2610576602E-12,1.400055249734E-28));
#7475 = ADVANCED_FACE('',(#7476),#7502,.T.);
#7476 = FACE_BOUND('',#7477,.T.);
#7477 = EDGE_LOOP('',(#7478,#7487,#7494,#7501));
#7478 = ORIENTED_EDGE('',*,*,#7479,.T.);
#7479 = EDGE_CURVE('',#7480,#7480,#7482,.T.);
#7480 = VERTEX_POINT('',#7481);
#7481 = CARTESIAN_POINT('',(44.,176.08800579955,-23.97042093483));
#7482 = CIRCLE('',#7483,23.970420934833);
#7483 = AXIS2_PLACEMENT_3D('',#7484,#7485,#7486);
#7484 = CARTESIAN_POINT('',(44.,176.08800579955,-1.793987245419E-14));
#7485 = DIRECTION('',(0.,-1.,1.110223024625E-16));
#7486 = DIRECTION('',(0.,-1.110223024625E-16,-1.));
#7487 = ORIENTED_EDGE('',*,*,#7488,.T.);
#7488 = EDGE_CURVE('',#7480,#7489,#7491,.T.);
#7489 = VERTEX_POINT('',#7490);
#7490 = CARTESIAN_POINT('',(44.,175.57501,-23.97042093483));
#7491 = B_SPLINE_CURVE_WITH_KNOTS('',1,(#7492,#7493),.UNSPECIFIED.,.F.,
  .F.,(2,2),(31.012004200445,31.525),.PIECEWISE_BEZIER_KNOTS.);
#7492 = CARTESIAN_POINT('',(44.,176.08800579955,-23.97042093483));
#7493 = CARTESIAN_POINT('',(44.,175.57501,-23.97042093483));
#7494 = ORIENTED_EDGE('',*,*,#7495,.F.);
#7495 = EDGE_CURVE('',#7489,#7489,#7496,.T.);
#7496 = CIRCLE('',#7497,23.970420934833);
#7497 = AXIS2_PLACEMENT_3D('',#7498,#7499,#7500);
#7498 = CARTESIAN_POINT('',(44.,175.57501,-1.788291847937E-14));
#7499 = DIRECTION('',(0.,-1.,1.110223024625E-16));
#7500 = DIRECTION('',(0.,-1.110223024625E-16,-1.));
#7501 = ORIENTED_EDGE('',*,*,#7488,.F.);
#7502 = CYLINDRICAL_SURFACE('',#7503,23.970420934833);
#7503 = AXIS2_PLACEMENT_3D('',#7504,#7505,#7506);
#7504 = CARTESIAN_POINT('',(44.,207.10001,-2.13828965645E-14));
#7505 = DIRECTION('',(0.,-1.,1.110223024625E-16));
#7506 = DIRECTION('',(0.,-1.110223024625E-16,-1.));
#7507 = ADVANCED_FACE('',(#7508),#7542,.T.);
#7508 = FACE_BOUND('',#7509,.T.);
#7509 = EDGE_LOOP('',(#7510,#7520,#7528,#7536));
#7510 = ORIENTED_EDGE('',*,*,#7511,.F.);
#7511 = EDGE_CURVE('',#7512,#7514,#7516,.T.);
#7512 = VERTEX_POINT('',#7513);
#7513 = CARTESIAN_POINT('',(40.309215045321,9.50001,-10.10570512318));
#7514 = VERTEX_POINT('',#7515);
#7515 = CARTESIAN_POINT('',(40.318092028334,9.50001,-10.09032973758));
#7516 = LINE('',#7517,#7518);
#7517 = CARTESIAN_POINT('',(40.309215045318,9.50001,-10.10570512318));
#7518 = VECTOR('',#7519,1.);
#7519 = DIRECTION('',(0.5,-1.118431410553E-16,0.866025403784));
#7520 = ORIENTED_EDGE('',*,*,#7521,.T.);
#7521 = EDGE_CURVE('',#7512,#7522,#7524,.T.);
#7522 = VERTEX_POINT('',#7523);
#7523 = CARTESIAN_POINT('',(40.309215045321,11.17001,-10.10570512318));
#7524 = LINE('',#7525,#7526);
#7525 = CARTESIAN_POINT('',(40.309215045321,11.17001,-10.10570512318));
#7526 = VECTOR('',#7527,1.);
#7527 = DIRECTION('',(0.,1.,-1.110223024625E-16));
#7528 = ORIENTED_EDGE('',*,*,#7529,.F.);
#7529 = EDGE_CURVE('',#7530,#7522,#7532,.T.);
#7530 = VERTEX_POINT('',#7531);
#7531 = CARTESIAN_POINT('',(40.318092028334,11.17001,-10.09032973758));
#7532 = LINE('',#7533,#7534);
#7533 = CARTESIAN_POINT('',(40.309215045318,11.17001,-10.10570512318));
#7534 = VECTOR('',#7535,1.);
#7535 = DIRECTION('',(-0.5,1.118431410553E-16,-0.866025403784));
#7536 = ORIENTED_EDGE('',*,*,#7537,.F.);
#7537 = EDGE_CURVE('',#7514,#7530,#7538,.T.);
#7538 = LINE('',#7539,#7540);
#7539 = CARTESIAN_POINT('',(40.318092028334,11.17001,-10.09032973758));
#7540 = VECTOR('',#7541,1.);
#7541 = DIRECTION('',(0.,1.,-1.110223024625E-16));
#7542 = PLANE('',#7543);
#7543 = AXIS2_PLACEMENT_3D('',#7544,#7545,#7546);
#7544 = CARTESIAN_POINT('',(40.309215045318,11.17001,-10.10570512318));
#7545 = DIRECTION('',(0.866025403784,-5.551115123128E-17,-0.5));
#7546 = DIRECTION('',(0.5,9.614813431917E-17,0.866025403784));
#7547 = ADVANCED_FACE('',(#7548),#7579,.T.);
#7548 = FACE_BOUND('',#7549,.T.);
#7549 = EDGE_LOOP('',(#7550,#7551,#7560,#7572));
#7550 = ORIENTED_EDGE('',*,*,#7385,.F.);
#7551 = ORIENTED_EDGE('',*,*,#7552,.T.);
#7552 = EDGE_CURVE('',#7378,#7553,#7555,.T.);
#7553 = VERTEX_POINT('',#7554);
#7554 = CARTESIAN_POINT('',(16.53964654174,155.22501,9.));
#7555 = CIRCLE('',#7556,28.897595264192);
#7556 = AXIS2_PLACEMENT_3D('',#7557,#7558,#7559);
#7557 = CARTESIAN_POINT('',(44.,155.22501,-1.562361462426E-14));
#7558 = DIRECTION('',(0.,-1.,-2.49157870341E-16));
#7559 = DIRECTION('',(0.,2.49157870341E-16,-1.));
#7560 = ORIENTED_EDGE('',*,*,#7561,.T.);
#7561 = EDGE_CURVE('',#7553,#7562,#7564,.T.);
#7562 = VERTEX_POINT('',#7563);
#7563 = CARTESIAN_POINT('',(13.81308230376,153.72251092524,9.));
#7564 = B_SPLINE_CURVE_WITH_KNOTS('',3,(#7565,#7566,#7567,#7568,#7569,
    #7570,#7571),.UNSPECIFIED.,.F.,.F.,(4,3,4),(0.,0.756932985549,1.),
  .UNSPECIFIED.);
#7565 = CARTESIAN_POINT('',(16.53964654174,155.22501,9.));
#7566 = CARTESIAN_POINT('',(15.85100092437,154.84719466665,9.));
#7567 = CARTESIAN_POINT('',(15.16293367871,154.46832387675,9.));
#7568 = CARTESIAN_POINT('',(14.4753422206,154.08859344716,9.));
#7569 = CARTESIAN_POINT('',(14.25454069166,153.96665321878,9.));
#7570 = CARTESIAN_POINT('',(14.03378834374,153.84462389913,9.));
#7571 = CARTESIAN_POINT('',(13.81308230376,153.72251092524,9.));
#7572 = ORIENTED_EDGE('',*,*,#7573,.F.);
#7573 = EDGE_CURVE('',#7386,#7562,#7574,.T.);
#7574 = CIRCLE('',#7575,31.5);
#7575 = AXIS2_PLACEMENT_3D('',#7576,#7577,#7578);
#7576 = CARTESIAN_POINT('',(44.,153.72251092524,-1.591679619592E-14));
#7577 = DIRECTION('',(0.,-1.,-2.194012167712E-16));
#7578 = DIRECTION('',(0.,2.194012167712E-16,-1.));
#7579 = CONICAL_SURFACE('',#7580,36.15,1.04719755);
#7580 = AXIS2_PLACEMENT_3D('',#7581,#7582,#7583);
#7581 = CARTESIAN_POINT('',(44.,151.0378321735,-1.644065564387E-14));
#7582 = DIRECTION('',(0.,-1.,-1.322823155428E-16));
#7583 = DIRECTION('',(0.,1.322823155428E-16,-1.));
#7584 = ADVANCED_FACE('',(#7585),#7604,.T.);
#7585 = FACE_BOUND('',#7586,.T.);
#7586 = EDGE_LOOP('',(#7587,#7595,#7596,#7597));
#7587 = ORIENTED_EDGE('',*,*,#7588,.F.);
#7588 = EDGE_CURVE('',#3888,#7589,#7591,.T.);
#7589 = VERTEX_POINT('',#7590);
#7590 = CARTESIAN_POINT('',(64.858355928813,155.22501,20.));
#7591 = B_SPLINE_CURVE_WITH_KNOTS('',2,(#7592,#7593,#7594),
  .UNSPECIFIED.,.F.,.F.,(3,3),(0.,1.),.PIECEWISE_BEZIER_KNOTS.);
#7592 = CARTESIAN_POINT('',(68.336187047276,153.72251092524,20.));
#7593 = CARTESIAN_POINT('',(66.522345291615,154.53157096023,20.));
#7594 = CARTESIAN_POINT('',(64.858355928813,155.22501,20.));
#7595 = ORIENTED_EDGE('',*,*,#3903,.F.);
#7596 = ORIENTED_EDGE('',*,*,#1880,.F.);
#7597 = ORIENTED_EDGE('',*,*,#7598,.T.);
#7598 = EDGE_CURVE('',#1873,#7589,#7599,.T.);
#7599 = CIRCLE('',#7600,28.897595264192);
#7600 = AXIS2_PLACEMENT_3D('',#7601,#7602,#7603);
#7601 = CARTESIAN_POINT('',(44.,155.22501,-1.562361462426E-14));
#7602 = DIRECTION('',(0.,-1.,-2.49157870341E-16));
#7603 = DIRECTION('',(0.,2.49157870341E-16,-1.));
#7604 = CONICAL_SURFACE('',#7605,36.15,1.04719755);
#7605 = AXIS2_PLACEMENT_3D('',#7606,#7607,#7608);
#7606 = CARTESIAN_POINT('',(44.,151.0378321735,-1.644065564387E-14));
#7607 = DIRECTION('',(0.,-1.,-1.322823155428E-16));
#7608 = DIRECTION('',(0.,1.322823155428E-16,-1.));
#7609 = ADVANCED_FACE('',(#7610),#7670,.F.);
#7610 = FACE_BOUND('',#7611,.T.);
#7611 = EDGE_LOOP('',(#7612,#7619,#7620,#7629,#7637,#7644,#7645,#7654,
    #7662,#7669));
#7612 = ORIENTED_EDGE('',*,*,#7613,.F.);
#7613 = EDGE_CURVE('',#4989,#3561,#7614,.T.);
#7614 = CIRCLE('',#7615,1.7);
#7615 = AXIS2_PLACEMENT_3D('',#7616,#7617,#7618);
#7616 = CARTESIAN_POINT('',(50.1,11.17001,-8.670000000001));
#7617 = DIRECTION('',(0.,-1.,1.110223024625E-16));
#7618 = DIRECTION('',(-1.,0.,0.));
#7619 = ORIENTED_EDGE('',*,*,#4988,.F.);
#7620 = ORIENTED_EDGE('',*,*,#7621,.F.);
#7621 = EDGE_CURVE('',#7622,#4981,#7624,.T.);
#7622 = VERTEX_POINT('',#7623);
#7623 = CARTESIAN_POINT('',(51.97099562035,11.17001,-9.069999999999));
#7624 = CIRCLE('',#7625,0.12);
#7625 = AXIS2_PLACEMENT_3D('',#7626,#7627,#7628);
#7626 = CARTESIAN_POINT('',(51.97099562035,11.17001,-9.189999999999));
#7627 = DIRECTION('',(-8.838452764881E-16,-1.,-3.992660058399E-16));
#7628 = DIRECTION('',(-0.5,9.614813431938E-17,0.866025403784));
#7629 = ORIENTED_EDGE('',*,*,#7630,.T.);
#7630 = EDGE_CURVE('',#7622,#7631,#7633,.T.);
#7631 = VERTEX_POINT('',#7632);
#7632 = CARTESIAN_POINT('',(51.988749586381,11.17001,-9.069999999996));
#7633 = LINE('',#7634,#7635);
#7634 = CARTESIAN_POINT('',(51.988749586381,11.17001,-9.069999999999));
#7635 = VECTOR('',#7636,1.);
#7636 = DIRECTION('',(1.,1.962789321056E-28,-1.2610576602E-12));
#7637 = ORIENTED_EDGE('',*,*,#7638,.T.);
#7638 = EDGE_CURVE('',#7631,#4420,#7639,.T.);
#7639 = CIRCLE('',#7640,5.499999999707E-02);
#7640 = AXIS2_PLACEMENT_3D('',#7641,#7642,#7643);
#7641 = CARTESIAN_POINT('',(51.988749586381,11.17001,-9.014999999999));
#7642 = DIRECTION('',(-8.838452764881E-16,-1.,-3.992660058399E-16));
#7643 = DIRECTION('',(-0.5,9.614813431938E-17,0.866025403784));
#7644 = ORIENTED_EDGE('',*,*,#4427,.F.);
#7645 = ORIENTED_EDGE('',*,*,#7646,.F.);
#7646 = EDGE_CURVE('',#7647,#4428,#7649,.T.);
#7647 = VERTEX_POINT('',#7648);
#7648 = CARTESIAN_POINT('',(51.988749586381,11.17001,-8.270000000003));
#7649 = CIRCLE('',#7650,5.499999999707E-02);
#7650 = AXIS2_PLACEMENT_3D('',#7651,#7652,#7653);
#7651 = CARTESIAN_POINT('',(51.988749586381,11.17001,-8.325000000003));
#7652 = DIRECTION('',(-8.326672684704E-16,1.,3.697183691308E-16));
#7653 = DIRECTION('',(-0.499999999997,-9.614813431913E-17,
    -0.866025403786));
#7654 = ORIENTED_EDGE('',*,*,#7655,.F.);
#7655 = EDGE_CURVE('',#7656,#7647,#7658,.T.);
#7656 = VERTEX_POINT('',#7657);
#7657 = CARTESIAN_POINT('',(51.97099562035,11.17001,-8.270000000003));
#7658 = LINE('',#7659,#7660);
#7659 = CARTESIAN_POINT('',(51.988749586381,11.17001,-8.270000000003));
#7660 = VECTOR('',#7661,1.);
#7661 = DIRECTION('',(1.,-1.962789321056E-28,1.2610576602E-12));
#7662 = ORIENTED_EDGE('',*,*,#7663,.T.);
#7663 = EDGE_CURVE('',#7656,#3570,#7664,.T.);
#7664 = CIRCLE('',#7665,0.12);
#7665 = AXIS2_PLACEMENT_3D('',#7666,#7667,#7668);
#7666 = CARTESIAN_POINT('',(51.97099562035,11.17001,-8.150000000003));
#7667 = DIRECTION('',(-8.326672684704E-16,1.,3.697183691308E-16));
#7668 = DIRECTION('',(-0.499999999997,-9.614813431913E-17,
    -0.866025403786));
#7669 = ORIENTED_EDGE('',*,*,#3569,.T.);
#7670 = PLANE('',#7671);
#7671 = AXIS2_PLACEMENT_3D('',#7672,#7673,#7674);
#7672 = CARTESIAN_POINT('',(48.211250413647,11.17001,-9.015000000001));
#7673 = DIRECTION('',(0.,1.,-1.110223024625E-16));
#7674 = DIRECTION('',(-1.,0.,0.));
#7675 = ADVANCED_FACE('',(#7676),#7694,.T.);
#7676 = FACE_BOUND('',#7677,.T.);
#7677 = EDGE_LOOP('',(#7678,#7679,#7680,#7688));
#7678 = ORIENTED_EDGE('',*,*,#2997,.T.);
#7679 = ORIENTED_EDGE('',*,*,#912,.F.);
#7680 = ORIENTED_EDGE('',*,*,#7681,.T.);
#7681 = EDGE_CURVE('',#902,#7682,#7684,.T.);
#7682 = VERTEX_POINT('',#7683);
#7683 = CARTESIAN_POINT('',(23.13,205.10001,9.0925));
#7684 = LINE('',#7685,#7686);
#7685 = CARTESIAN_POINT('',(23.13,205.10001,9.0925));
#7686 = VECTOR('',#7687,1.);
#7687 = DIRECTION('',(-0.5,-0.866025403784,3.973154044551E-16));
#7688 = ORIENTED_EDGE('',*,*,#7689,.T.);
#7689 = EDGE_CURVE('',#7682,#2998,#7690,.T.);
#7690 = LINE('',#7691,#7692);
#7691 = CARTESIAN_POINT('',(23.13,205.10001,9.0925));
#7692 = VECTOR('',#7693,1.);
#7693 = DIRECTION('',(0.,1.110223024625E-16,1.));
#7694 = PLANE('',#7695);
#7695 = AXIS2_PLACEMENT_3D('',#7696,#7697,#7698);
#7696 = CARTESIAN_POINT('',(23.13,205.10001,9.0925));
#7697 = DIRECTION('',(-0.866025403784,0.5,-5.551115123128E-17));
#7698 = DIRECTION('',(0.,-1.110223024625E-16,-1.));
#7699 = ADVANCED_FACE('',(#7700),#7830,.F.);
#7700 = FACE_BOUND('',#7701,.F.);
#7701 = EDGE_LOOP('',(#7702,#7711,#7718,#7727,#7770,#7779,#7822,#7829));
#7702 = ORIENTED_EDGE('',*,*,#7703,.T.);
#7703 = EDGE_CURVE('',#7704,#7704,#7706,.T.);
#7704 = VERTEX_POINT('',#7705);
#7705 = CARTESIAN_POINT('',(44.,192.02453167425,-20.));
#7706 = CIRCLE('',#7707,20.);
#7707 = AXIS2_PLACEMENT_3D('',#7708,#7709,#7710);
#7708 = CARTESIAN_POINT('',(44.,192.02453167425,-1.970918225006E-14));
#7709 = DIRECTION('',(0.,-1.,1.110223024625E-16));
#7710 = DIRECTION('',(0.,-1.110223024625E-16,-1.));
#7711 = ORIENTED_EDGE('',*,*,#7712,.T.);
#7712 = EDGE_CURVE('',#7704,#7713,#7715,.T.);
#7713 = VERTEX_POINT('',#7714);
#7714 = CARTESIAN_POINT('',(44.,181.13722781949,-20.));
#7715 = B_SPLINE_CURVE_WITH_KNOTS('',1,(#7716,#7717),.UNSPECIFIED.,.F.,
  .F.,(2,2),(25.075478325749,35.962782180507),.PIECEWISE_BEZIER_KNOTS.);
#7716 = CARTESIAN_POINT('',(44.,192.02453167425,-20.));
#7717 = CARTESIAN_POINT('',(44.,181.13722781949,-20.));
#7718 = ORIENTED_EDGE('',*,*,#7719,.F.);
#7719 = EDGE_CURVE('',#7720,#7713,#7722,.T.);
#7720 = VERTEX_POINT('',#7721);
#7721 = CARTESIAN_POINT('',(24.13254977988,181.13722781949,
    -2.298787017292));
#7722 = CIRCLE('',#7723,20.);
#7723 = AXIS2_PLACEMENT_3D('',#7724,#7725,#7726);
#7724 = CARTESIAN_POINT('',(44.,181.13722781949,-1.850044870849E-14));
#7725 = DIRECTION('',(0.,-1.,1.110223024625E-16));
#7726 = DIRECTION('',(0.,-1.110223024625E-16,-1.));
#7727 = ORIENTED_EDGE('',*,*,#7728,.F.);
#7728 = EDGE_CURVE('',#7729,#7720,#7731,.T.);
#7729 = VERTEX_POINT('',#7730);
#7730 = CARTESIAN_POINT('',(24.13254977988,181.13722781949,
    2.298787017292));
#7731 = B_SPLINE_CURVE_WITH_KNOTS('',3,(#7732,#7733,#7734,#7735,#7736,
    #7737,#7738,#7739,#7740,#7741,#7742,#7743,#7744,#7745,#7746,#7747,
    #7748,#7749,#7750,#7751,#7752,#7753,#7754,#7755,#7756,#7757,#7758,
    #7759,#7760,#7761,#7762,#7763,#7764,#7765,#7766,#7767,#7768,#7769),
  .UNSPECIFIED.,.F.,.F.,(4,1,1,1,1,1,1,1,1,1,1,1,1,1,1,1,1,1,1,1,1,1,1,1
    ,1,1,1,1,1,1,1,1,1,1,1,4),(0.,1.046740658778E-02,2.088342224152E-02,
    3.127538706217E-02,4.167083095007E-02,5.209725628134E-02,
    6.258192166431E-02,9.379557883622E-02,0.125089309616,0.156247589226,
    0.187584583001,0.218707965706,0.250087785325,0.281228750751,
    0.312598905353,0.343794226645,0.375099008013,0.406356748779,
    0.437580052341,0.468875986353,0.500059558442,0.531364424561,
    0.562558955556,0.59387874987,0.625074994803,0.656436884175,
    0.68758969922,0.749907163435,0.812225037578,0.843438412124,
    0.874755260191,0.905908206522,0.937290084871,0.958185457058,
    0.979014280032,1.),.UNSPECIFIED.);
#7732 = CARTESIAN_POINT('',(24.13254977988,181.13722781949,
    2.298787017292));
#7733 = CARTESIAN_POINT('',(24.13851663953,181.17766543387,
    2.349356698079));
#7734 = CARTESIAN_POINT('',(24.15042106386,181.25834212952,
    2.450247782002));
#7735 = CARTESIAN_POINT('',(24.16867693454,181.38878353773,2.59318736783
    ));
#7736 = CARTESIAN_POINT('',(24.18694755312,181.525614417,2.729297790596)
  );
#7737 = CARTESIAN_POINT('',(24.20513035065,181.66952675491,
    2.858043081985));
#7738 = CARTESIAN_POINT('',(24.22307135056,181.82035597134,
    2.979570511207));
#7739 = CARTESIAN_POINT('',(24.25217466811,182.08145970669,
    3.168867266945));
#7740 = CARTESIAN_POINT('',(24.28993815811,182.4741752755,3.396310496912
    ));
#7741 = CARTESIAN_POINT('',(24.32750916175,183.01800265423,
    3.605875856752));
#7742 = CARTESIAN_POINT('',(24.35096913378,183.58898953849,
    3.730596645672));
#7743 = CARTESIAN_POINT('',(24.35738329189,184.17187219746,
    3.763925233827));
#7744 = CARTESIAN_POINT('',(24.34669322206,184.75434291617,
    3.708190084063));
#7745 = CARTESIAN_POINT('',(24.31938957491,185.3190260246,3.561670909569
    ));
#7746 = CARTESIAN_POINT('',(24.27871389135,185.85562236386,
    3.331048277982));
#7747 = CARTESIAN_POINT('',(24.22825490693,186.34758492603,
    3.019807905693));
#7748 = CARTESIAN_POINT('',(24.17319244321,186.78728200371,
    2.637438497635));
#7749 = CARTESIAN_POINT('',(24.11848416575,187.1609309092,2.191151942851
    ));
#7750 = CARTESIAN_POINT('',(24.06949865019,187.46326820119,
    1.692960156215));
#7751 = CARTESIAN_POINT('',(24.03064971019,187.68357119339,
    1.152654264454));
#7752 = CARTESIAN_POINT('',(24.00577211717,187.81967777758,
    0.584899137722));
#7753 = CARTESIAN_POINT('',(23.99714504077,187.86448654121,
    1.794499819114E-03));
#7754 = CARTESIAN_POINT('',(24.00564842407,187.82035015647,
    -0.580745862576));
#7755 = CARTESIAN_POINT('',(24.03045869753,187.68480919752,
    -1.149369785827));
#7756 = CARTESIAN_POINT('',(24.06920014758,187.4650841714,
    -1.689495454768));
#7757 = CARTESIAN_POINT('',(24.1181929453,187.16308770553,
    -2.188529281774));
#7758 = CARTESIAN_POINT('',(24.17284799325,186.78981938113,
    -2.634883272205));
#7759 = CARTESIAN_POINT('',(24.24612315829,186.20636531341,
    -3.14405861573));
#7760 = CARTESIAN_POINT('',(24.32624473319,185.33990123861,
    -3.603856291135));
#7761 = CARTESIAN_POINT('',(24.35963525937,184.37029848271,
    -3.775355446212));
#7762 = CARTESIAN_POINT('',(24.35107919389,183.59347209669,
    -3.731219417398));
#7763 = CARTESIAN_POINT('',(24.32780523976,183.02283768648,
    -3.607482296137));
#7764 = CARTESIAN_POINT('',(24.29025406238,182.47771896772,
    -3.398080135743));
#7765 = CARTESIAN_POINT('',(24.2470945311,182.02863425671,
    -3.138548320996));
#7766 = CARTESIAN_POINT('',(24.20563025884,181.66882196108,
    -2.863859118815));
#7767 = CARTESIAN_POINT('',(24.16865724015,181.38437662327,
    -2.598796358542));
#7768 = CARTESIAN_POINT('',(24.14461566965,181.21981657543,
    -2.399039973753));
#7769 = CARTESIAN_POINT('',(24.13254977988,181.13722781949,
    -2.298787017292));
#7770 = ORIENTED_EDGE('',*,*,#7771,.F.);
#7771 = EDGE_CURVE('',#7772,#7729,#7774,.T.);
#7772 = VERTEX_POINT('',#7773);
#7773 = CARTESIAN_POINT('',(63.867450220125,181.13722781949,
    2.298787017292));
#7774 = CIRCLE('',#7775,20.);
#7775 = AXIS2_PLACEMENT_3D('',#7776,#7777,#7778);
#7776 = CARTESIAN_POINT('',(44.,181.13722781949,-1.850044870849E-14));
#7777 = DIRECTION('',(0.,-1.,1.110223024625E-16));
#7778 = DIRECTION('',(0.,-1.110223024625E-16,-1.));
#7779 = ORIENTED_EDGE('',*,*,#7780,.F.);
#7780 = EDGE_CURVE('',#7781,#7772,#7783,.T.);
#7781 = VERTEX_POINT('',#7782);
#7782 = CARTESIAN_POINT('',(63.867450220125,181.13722781949,
    -2.298787017292));
#7783 = B_SPLINE_CURVE_WITH_KNOTS('',3,(#7784,#7785,#7786,#7787,#7788,
    #7789,#7790,#7791,#7792,#7793,#7794,#7795,#7796,#7797,#7798,#7799,
    #7800,#7801,#7802,#7803,#7804,#7805,#7806,#7807,#7808,#7809,#7810,
    #7811,#7812,#7813,#7814,#7815,#7816,#7817,#7818,#7819,#7820,#7821),
  .UNSPECIFIED.,.F.,.F.,(4,1,1,1,1,1,1,1,1,1,1,1,1,1,1,1,1,1,1,1,1,1,1,1
    ,1,1,1,1,1,1,1,1,1,1,1,4),(0.,1.046740658959E-02,2.088342224441E-02,
    3.127538706542E-02,4.167083095296E-02,5.209725628318E-02,
    6.258192166441E-02,9.379557884129E-02,0.125089309616,0.156247589229,
    0.187584583001,0.218707965707,0.250087785325,0.281228750749,
    0.312598905353,0.34379422664,0.375099008013,0.406356748778,
    0.437580052341,0.468875986354,0.500059558442,0.53136442456,
    0.562558955556,0.593878749872,0.625074994803,0.656436884181,
    0.68758969922,0.749907163435,0.812225037578,0.843438412121,
    0.874755260191,0.905908206517,0.937290084871,0.958185457055,
    0.979014280029,1.),.UNSPECIFIED.);
#7784 = CARTESIAN_POINT('',(63.867450220125,181.13722781949,
    -2.298787017292));
#7785 = CARTESIAN_POINT('',(63.86148336047,181.17766543387,
    -2.349356698088));
#7786 = CARTESIAN_POINT('',(63.849578936144,181.25834212953,
    -2.450247782025));
#7787 = CARTESIAN_POINT('',(63.831323065462,181.38878353776,
    -2.593187367869));
#7788 = CARTESIAN_POINT('',(63.813052446874,181.52561441704,
    -2.729297790641));
#7789 = CARTESIAN_POINT('',(63.794869649351,181.66952675494,
    -2.858043082024));
#7790 = CARTESIAN_POINT('',(63.77692864944,181.82035597136,
    -2.979570511232));
#7791 = CARTESIAN_POINT('',(63.747825331889,182.08145970673,
    -3.168867266962));
#7792 = CARTESIAN_POINT('',(63.710061841892,182.47417527553,
    -3.396310496922));
#7793 = CARTESIAN_POINT('',(63.672490838253,183.01800265427,
    -3.605875856767));
#7794 = CARTESIAN_POINT('',(63.649030866228,183.5889895385,
    -3.730596645667));
#7795 = CARTESIAN_POINT('',(63.642616708112,184.17187219748,
    -3.763925233829));
#7796 = CARTESIAN_POINT('',(63.653306777949,184.75434291617,
    -3.708190084059));
#7797 = CARTESIAN_POINT('',(63.680610425098,185.31902602459,
    -3.561670909575));
#7798 = CARTESIAN_POINT('',(63.721286108658,185.85562236384,
    -3.331048277978));
#7799 = CARTESIAN_POINT('',(63.77174509307,186.34758492599,
    -3.019807905721));
#7800 = CARTESIAN_POINT('',(63.826807556796,186.78728200369,
    -2.637438497657));
#7801 = CARTESIAN_POINT('',(63.881515834251,187.16093090918,
    -2.19115194288));
#7802 = CARTESIAN_POINT('',(63.930501349811,187.4632682012,
    -1.69296015623));
#7803 = CARTESIAN_POINT('',(63.969350289812,187.68357119338,
    -1.152654264453));
#7804 = CARTESIAN_POINT('',(63.994227882831,187.81967777758,
    -0.584899137714));
#7805 = CARTESIAN_POINT('',(64.002854959236,187.86448654121,
    -1.794499815475E-03));
#7806 = CARTESIAN_POINT('',(63.994351575931,187.82035015647,
    0.580745862572));
#7807 = CARTESIAN_POINT('',(63.969541302473,187.68480919752,
    1.149369785834));
#7808 = CARTESIAN_POINT('',(63.930799852423,187.46508417141,
    1.689495454785));
#7809 = CARTESIAN_POINT('',(63.881807054698,187.1630877055,
    2.188529281809));
#7810 = CARTESIAN_POINT('',(63.827152006753,186.78981938111,
    2.634883272232));
#7811 = CARTESIAN_POINT('',(63.753876841717,186.20636531338,
    3.144058615745));
#7812 = CARTESIAN_POINT('',(63.673755266818,185.33990123862,
    3.603856291134));
#7813 = CARTESIAN_POINT('',(63.640364740636,184.37029848272,
    3.775355446214));
#7814 = CARTESIAN_POINT('',(63.648920806119,183.5934720967,
    3.731219417392));
#7815 = CARTESIAN_POINT('',(63.672194760245,183.02283768652,
    3.607482296151));
#7816 = CARTESIAN_POINT('',(63.709745937628,182.47771896775,
    3.398080135752));
#7817 = CARTESIAN_POINT('',(63.752905468904,182.02863425676,
    3.138548321019));
#7818 = CARTESIAN_POINT('',(63.794369741164,181.6688219611,
    2.863859118849));
#7819 = CARTESIAN_POINT('',(63.831342759848,181.38437662329,
    2.598796358571));
#7820 = CARTESIAN_POINT('',(63.855384330349,181.21981657544,
    2.399039973767));
#7821 = CARTESIAN_POINT('',(63.867450220125,181.13722781949,
    2.298787017292));
#7822 = ORIENTED_EDGE('',*,*,#7823,.F.);
#7823 = EDGE_CURVE('',#7713,#7781,#7824,.T.);
#7824 = CIRCLE('',#7825,20.);
#7825 = AXIS2_PLACEMENT_3D('',#7826,#7827,#7828);
#7826 = CARTESIAN_POINT('',(44.,181.13722781949,-1.850044870849E-14));
#7827 = DIRECTION('',(0.,-1.,1.110223024625E-16));
#7828 = DIRECTION('',(0.,-1.110223024625E-16,-1.));
#7829 = ORIENTED_EDGE('',*,*,#7712,.F.);
#7830 = CYLINDRICAL_SURFACE('',#7831,20.);
#7831 = AXIS2_PLACEMENT_3D('',#7832,#7833,#7834);
#7832 = CARTESIAN_POINT('',(44.,217.10001,-2.249311958913E-14));
#7833 = DIRECTION('',(0.,-1.,1.110223024625E-16));
#7834 = DIRECTION('',(0.,-1.110223024625E-16,-1.));
#7835 = ADVANCED_FACE('',(#7836),#7952,.F.);
#7836 = FACE_BOUND('',#7837,.F.);
#7837 = EDGE_LOOP('',(#7838,#7883,#7888,#7909,#7910,#7911));
#7838 = ORIENTED_EDGE('',*,*,#7839,.F.);
#7839 = EDGE_CURVE('',#7840,#7842,#7844,.T.);
#7840 = VERTEX_POINT('',#7841);
#7841 = CARTESIAN_POINT('',(67.439778562523,181.13722781949,
    2.298787017292));
#7842 = VERTEX_POINT('',#7843);
#7843 = CARTESIAN_POINT('',(67.36741744666,181.48224641249,
    -2.685110780469));
#7844 = B_SPLINE_CURVE_WITH_KNOTS('',3,(#7845,#7846,#7847,#7848,#7849,
    #7850,#7851,#7852,#7853,#7854,#7855,#7856,#7857,#7858,#7859,#7860,
    #7861,#7862,#7863,#7864,#7865,#7866,#7867,#7868,#7869,#7870,#7871,
    #7872,#7873,#7874,#7875,#7876,#7877,#7878,#7879,#7880,#7881,#7882),
  .UNSPECIFIED.,.T.,.F.,(1,1,1,1,1,1,1,1,1,1,1,1,1,1,1,1,1,1,1,1,1,1,1,1
    ,1,1,1,1,1,1,1,1,1,1,1,1,1,1,1,1,1,1),(-0.124790923203,
    -9.4210731901E-02,-5.2541939961E-02,0.,3.029842238724E-02,
    5.433633326502E-02,7.210610338887E-02,0.102409920419,0.129408906818,
    0.155765854967,0.179982078059,0.200535336617,0.223869439134,
    0.253453306654,0.283045867888,0.312647889876,0.333237860719,
    0.355239760273,0.378667507028,0.403532518211,0.429844232701,
    0.449335074852,0.476494622784,0.511802546174,0.533448989146,
    0.579807281217,0.622411469365,0.661448038294,0.707644293963,
    0.735325962628,0.763019580574,0.778996985452,0.795437267999,
    0.81234557569,0.844084580809,0.875209076797,0.905789268099,
    0.947458060039,1.,1.030298422387,1.054336333265,1.072106103389),
  .UNSPECIFIED.);
#7845 = CARTESIAN_POINT('',(67.5230698904,180.74431677795,
    -1.794782819448));
#7846 = CARTESIAN_POINT('',(67.393100419058,181.33128746715,
    -2.592560740265));
#7847 = CARTESIAN_POINT('',(67.273632703005,181.98298255303,
    -3.11709901564));
#7848 = CARTESIAN_POINT('',(67.197462364405,182.47589538081,
    -3.391961285843));
#7849 = CARTESIAN_POINT('',(67.126257693295,182.99980126085,
    -3.600092773833));
#7850 = CARTESIAN_POINT('',(67.065237383885,183.57591646635,
    -3.733727585696));
#7851 = CARTESIAN_POINT('',(67.018583435754,184.23480675573,
    -3.765240455763));
#7852 = CARTESIAN_POINT('',(66.999824761894,184.84333370386,
    -3.691829705062));
#7853 = CARTESIAN_POINT('',(66.999596192105,185.3833305656,
    -3.536843370003));
#7854 = CARTESIAN_POINT('',(67.013558612114,185.87360982932,
    -3.317621477388));
#7855 = CARTESIAN_POINT('',(67.040551513219,186.36496407386,
    -3.010586602537));
#7856 = CARTESIAN_POINT('',(67.077252745317,186.85292768394,
    -2.578254131311));
#7857 = CARTESIAN_POINT('',(67.118200978001,187.28256995787,
    -2.024165062852));
#7858 = CARTESIAN_POINT('',(67.161997929771,187.56974799863,
    -1.463489785829));
#7859 = CARTESIAN_POINT('',(67.193825793941,187.74622910103,
    -0.923037813649));
#7860 = CARTESIAN_POINT('',(67.20597413622,187.84036582786,
    -0.410625393858));
#7861 = CARTESIAN_POINT('',(67.20661869675,187.8617422763,0.143994836956
    ));
#7862 = CARTESIAN_POINT('',(67.194560377751,187.79499274445,
    0.729372313351));
#7863 = CARTESIAN_POINT('',(67.173190488764,187.64351243739,
    1.266668663733));
#7864 = CARTESIAN_POINT('',(67.141513500311,187.40987728237,
    1.791409415798));
#7865 = CARTESIAN_POINT('',(67.100797926212,187.06360913138,
    2.337346272719));
#7866 = CARTESIAN_POINT('',(67.058710458925,186.60337199872,
    2.819441619555));
#7867 = CARTESIAN_POINT('',(67.01267467696,185.94622962904,
    3.298379544756));
#7868 = CARTESIAN_POINT('',(66.992755941026,185.13743026287,
    3.655574385068));
#7869 = CARTESIAN_POINT('',(67.018650212167,184.12737347022,
    3.791382747475));
#7870 = CARTESIAN_POINT('',(67.105620087639,183.12313237215,
    3.667308276673));
#7871 = CARTESIAN_POINT('',(67.218646673365,182.29583048674,
    3.326309044736));
#7872 = CARTESIAN_POINT('',(67.330441441962,181.64999134316,
    2.863579335526));
#7873 = CARTESIAN_POINT('',(67.411565276292,181.25850047458,
    2.465271891924));
#7874 = CARTESIAN_POINT('',(67.476219425203,180.97814939468,
    2.089157308961));
#7875 = CARTESIAN_POINT('',(67.520702211177,180.77977952888,
    1.757755549656));
#7876 = CARTESIAN_POINT('',(67.57176081423,180.56471711742,
    1.295011492604));
#7877 = CARTESIAN_POINT('',(67.615454220476,180.38885342542,
    0.689253372379));
#7878 = CARTESIAN_POINT('',(67.631273052509,180.32659516193,
    -4.798831366918E-02));
#7879 = CARTESIAN_POINT('',(67.610275321225,180.41665082417,
    -0.86120146239));
#7880 = CARTESIAN_POINT('',(67.5230698904,180.74431677795,
    -1.794782819448));
#7881 = CARTESIAN_POINT('',(67.393100419058,181.33128746715,
    -2.592560740265));
#7882 = CARTESIAN_POINT('',(67.273632703005,181.98298255303,
    -3.11709901564));
#7883 = ORIENTED_EDGE('',*,*,#7884,.T.);
#7884 = EDGE_CURVE('',#7840,#7772,#7885,.T.);
#7885 = B_SPLINE_CURVE_WITH_KNOTS('',1,(#7886,#7887),.UNSPECIFIED.,.F.,
  .F.,(2,2),(39.560221437477,43.132549779875),.PIECEWISE_BEZIER_KNOTS.);
#7886 = CARTESIAN_POINT('',(67.439778562523,181.13722781949,
    2.298787017292));
#7887 = CARTESIAN_POINT('',(63.867450220125,181.13722781949,
    2.298787017292));
#7888 = ORIENTED_EDGE('',*,*,#7889,.T.);
#7889 = EDGE_CURVE('',#7772,#7781,#7890,.T.);
#7890 = B_SPLINE_CURVE_WITH_KNOTS('',3,(#7891,#7892,#7893,#7894,#7895,
    #7896,#7897,#7898,#7899,#7900,#7901,#7902,#7903,#7904,#7905,#7906,
    #7907,#7908),.UNSPECIFIED.,.F.,.F.,(4,1,1,1,1,1,1,1,1,1,1,1,1,1,1,4)
  ,(0.,3.603786217474E-02,7.18453074989E-02,0.10749771823,0.143071605146
    ,0.178644159761,0.214292783974,0.250094611664,0.375028688077,
    0.499941464687,0.624656749805,0.749772493965,0.812284829161,
    0.874549658547,0.936984072813,1.),.UNSPECIFIED.);
#7891 = CARTESIAN_POINT('',(63.867450220125,181.13722781949,
    2.298787017292));
#7892 = CARTESIAN_POINT('',(63.872682552526,181.10153209277,
    2.251488776835));
#7893 = CARTESIAN_POINT('',(63.883113763136,181.03036886865,
    2.157194708743));
#7894 = CARTESIAN_POINT('',(63.896465180532,180.93231470532,
    2.009824443651));
#7895 = CARTESIAN_POINT('',(63.908288180492,180.84121023971,
    1.85888679479));
#7896 = CARTESIAN_POINT('',(63.918574957184,180.75763714422,
    1.703959996799));
#7897 = CARTESIAN_POINT('',(63.927512127012,180.6814418409,
    1.545212061786));
#7898 = CARTESIAN_POINT('',(63.935208583203,180.61266517464,
    1.38262581467));
#7899 = CARTESIAN_POINT('',(63.947178926287,180.50050380515,
    1.078721436452));
#7900 = CARTESIAN_POINT('',(63.95813633463,180.38356907449,
    0.619595054167));
#7901 = CARTESIAN_POINT('',(63.962687233998,180.333301583,
    7.432996063185E-04));
#7902 = CARTESIAN_POINT('',(63.958154424938,180.38336273407,
    -0.618481199166));
#7903 = CARTESIAN_POINT('',(63.946192114825,180.51115969846,
    -1.120396200771));
#7904 = CARTESIAN_POINT('',(63.930038376989,180.66027024572,
    -1.505004506289));
#7905 = CARTESIAN_POINT('',(63.914060853124,180.79580149377,
    -1.782540464526));
#7906 = CARTESIAN_POINT('',(63.894102274149,180.95291226326,
    -2.049434832765));
#7907 = CARTESIAN_POINT('',(63.876361649782,181.07559973212,
    -2.215413163618));
#7908 = CARTESIAN_POINT('',(63.867450220125,181.13722781949,
    -2.298787017292));
#7909 = ORIENTED_EDGE('',*,*,#7780,.T.);
#7910 = ORIENTED_EDGE('',*,*,#7884,.F.);
#7911 = ORIENTED_EDGE('',*,*,#7912,.F.);
#7912 = EDGE_CURVE('',#7842,#7840,#7913,.T.);
#7913 = B_SPLINE_CURVE_WITH_KNOTS('',3,(#7914,#7915,#7916,#7917,#7918,
    #7919,#7920,#7921,#7922,#7923,#7924,#7925,#7926,#7927,#7928,#7929,
    #7930,#7931,#7932,#7933,#7934,#7935,#7936,#7937,#7938,#7939,#7940,
    #7941,#7942,#7943,#7944,#7945,#7946,#7947,#7948,#7949,#7950,#7951),
  .UNSPECIFIED.,.T.,.F.,(1,1,1,1,1,1,1,1,1,1,1,1,1,1,1,1,1,1,1,1,1,1,1,1
    ,1,1,1,1,1,1,1,1,1,1,1,1,1,1,1,1,1,1),(-0.124790923203,
    -9.4210731901E-02,-5.2541939961E-02,0.,3.029842238724E-02,
    5.433633326502E-02,7.210610338887E-02,0.102409920419,0.129408906818,
    0.155765854967,0.179982078059,0.200535336617,0.223869439134,
    0.253453306654,0.283045867888,0.312647889876,0.333237860719,
    0.355239760273,0.378667507028,0.403532518211,0.429844232701,
    0.449335074852,0.476494622784,0.511802546174,0.533448989146,
    0.579807281217,0.622411469365,0.661448038294,0.707644293963,
    0.735325962628,0.763019580574,0.778996985452,0.795437267999,
    0.81234557569,0.844084580809,0.875209076797,0.905789268099,
    0.947458060039,1.,1.030298422387,1.054336333265,1.072106103389),
  .UNSPECIFIED.);
#7914 = CARTESIAN_POINT('',(67.5230698904,180.74431677795,
    -1.794782819448));
#7915 = CARTESIAN_POINT('',(67.393100419058,181.33128746715,
    -2.592560740265));
#7916 = CARTESIAN_POINT('',(67.273632703005,181.98298255303,
    -3.11709901564));
#7917 = CARTESIAN_POINT('',(67.197462364405,182.47589538081,
    -3.391961285843));
#7918 = CARTESIAN_POINT('',(67.126257693295,182.99980126085,
    -3.600092773833));
#7919 = CARTESIAN_POINT('',(67.065237383885,183.57591646635,
    -3.733727585696));
#7920 = CARTESIAN_POINT('',(67.018583435754,184.23480675573,
    -3.765240455763));
#7921 = CARTESIAN_POINT('',(66.999824761894,184.84333370386,
    -3.691829705062));
#7922 = CARTESIAN_POINT('',(66.999596192105,185.3833305656,
    -3.536843370003));
#7923 = CARTESIAN_POINT('',(67.013558612114,185.87360982932,
    -3.317621477388));
#7924 = CARTESIAN_POINT('',(67.040551513219,186.36496407386,
    -3.010586602537));
#7925 = CARTESIAN_POINT('',(67.077252745317,186.85292768394,
    -2.578254131311));
#7926 = CARTESIAN_POINT('',(67.118200978001,187.28256995787,
    -2.024165062852));
#7927 = CARTESIAN_POINT('',(67.161997929771,187.56974799863,
    -1.463489785829));
#7928 = CARTESIAN_POINT('',(67.193825793941,187.74622910103,
    -0.923037813649));
#7929 = CARTESIAN_POINT('',(67.20597413622,187.84036582786,
    -0.410625393858));
#7930 = CARTESIAN_POINT('',(67.20661869675,187.8617422763,0.143994836956
    ));
#7931 = CARTESIAN_POINT('',(67.194560377751,187.79499274445,
    0.729372313351));
#7932 = CARTESIAN_POINT('',(67.173190488764,187.64351243739,
    1.266668663733));
#7933 = CARTESIAN_POINT('',(67.141513500311,187.40987728237,
    1.791409415798));
#7934 = CARTESIAN_POINT('',(67.100797926212,187.06360913138,
    2.337346272719));
#7935 = CARTESIAN_POINT('',(67.058710458925,186.60337199872,
    2.819441619555));
#7936 = CARTESIAN_POINT('',(67.01267467696,185.94622962904,
    3.298379544756));
#7937 = CARTESIAN_POINT('',(66.992755941026,185.13743026287,
    3.655574385068));
#7938 = CARTESIAN_POINT('',(67.018650212167,184.12737347022,
    3.791382747475));
#7939 = CARTESIAN_POINT('',(67.105620087639,183.12313237215,
    3.667308276673));
#7940 = CARTESIAN_POINT('',(67.218646673365,182.29583048674,
    3.326309044736));
#7941 = CARTESIAN_POINT('',(67.330441441962,181.64999134316,
    2.863579335526));
#7942 = CARTESIAN_POINT('',(67.411565276292,181.25850047458,
    2.465271891924));
#7943 = CARTESIAN_POINT('',(67.476219425203,180.97814939468,
    2.089157308961));
#7944 = CARTESIAN_POINT('',(67.520702211177,180.77977952888,
    1.757755549656));
#7945 = CARTESIAN_POINT('',(67.57176081423,180.56471711742,
    1.295011492604));
#7946 = CARTESIAN_POINT('',(67.615454220476,180.38885342542,
    0.689253372379));
#7947 = CARTESIAN_POINT('',(67.631273052509,180.32659516193,
    -4.798831366918E-02));
#7948 = CARTESIAN_POINT('',(67.610275321225,180.41665082417,
    -0.86120146239));
#7949 = CARTESIAN_POINT('',(67.5230698904,180.74431677795,
    -1.794782819448));
#7950 = CARTESIAN_POINT('',(67.393100419058,181.33128746715,
    -2.592560740265));
#7951 = CARTESIAN_POINT('',(67.273632703005,181.98298255303,
    -3.11709901564));
#7952 = CYLINDRICAL_SURFACE('',#7953,3.75);
#7953 = AXIS2_PLACEMENT_3D('',#7954,#7955,#7956);
#7954 = CARTESIAN_POINT('',(107.,184.10001,-1.882938360787E-14));
#7955 = DIRECTION('',(-1.,0.,0.));
#7956 = DIRECTION('',(0.,1.110223024625E-16,1.));
#7957 = ADVANCED_FACE('',(#7958),#7996,.F.);
#7958 = FACE_BOUND('',#7959,.F.);
#7959 = EDGE_LOOP('',(#7960,#7961,#7970,#7971,#7972,#7973,#7994,#7995));
#7960 = ORIENTED_EDGE('',*,*,#3608,.F.);
#7961 = ORIENTED_EDGE('',*,*,#7962,.F.);
#7962 = EDGE_CURVE('',#7713,#3602,#7963,.T.);
#7963 = B_SPLINE_CURVE_WITH_KNOTS('',5,(#7964,#7965,#7966,#7967,#7968,
    #7969),.UNSPECIFIED.,.F.,.F.,(6,6),(0.,0.855123917711),
  .PIECEWISE_BEZIER_KNOTS.);
#7964 = CARTESIAN_POINT('',(44.,181.13722781949,-20.));
#7965 = CARTESIAN_POINT('',(44.,179.76902955115,-20.));
#7966 = CARTESIAN_POINT('',(44.,178.40079535686,-19.70759628271));
#7967 = CARTESIAN_POINT('',(44.,177.1161148661,-19.12220146414));
#7968 = CARTESIAN_POINT('',(44.,175.99771908881,-18.28151387077));
#7969 = CARTESIAN_POINT('',(44.,175.10001,-17.249));
#7970 = ORIENTED_EDGE('',*,*,#7823,.T.);
#7971 = ORIENTED_EDGE('',*,*,#7889,.F.);
#7972 = ORIENTED_EDGE('',*,*,#7771,.T.);
#7973 = ORIENTED_EDGE('',*,*,#7974,.F.);
#7974 = EDGE_CURVE('',#7720,#7729,#7975,.T.);
#7975 = B_SPLINE_CURVE_WITH_KNOTS('',3,(#7976,#7977,#7978,#7979,#7980,
    #7981,#7982,#7983,#7984,#7985,#7986,#7987,#7988,#7989,#7990,#7991,
    #7992,#7993),.UNSPECIFIED.,.F.,.F.,(4,1,1,1,1,1,1,1,1,1,1,1,1,1,1,4)
  ,(0.,3.603786217652E-02,7.184530750187E-02,0.107497718233,
    0.14307160515,0.178644159764,0.214292783976,0.250094611664,
    0.375028688086,0.499941464688,0.624656749807,0.749772493965,
    0.812284829158,0.874549658543,0.93698407281,1.),.UNSPECIFIED.);
#7976 = CARTESIAN_POINT('',(24.13254977988,181.13722781949,
    -2.298787017292));
#7977 = CARTESIAN_POINT('',(24.12731744748,181.10153209277,
    -2.251488776832));
#7978 = CARTESIAN_POINT('',(24.11688623687,181.03036886865,
    -2.157194708737));
#7979 = CARTESIAN_POINT('',(24.10353481947,180.93231470531,
    -2.00982444364));
#7980 = CARTESIAN_POINT('',(24.09171181951,180.8412102397,
    -1.858886794777));
#7981 = CARTESIAN_POINT('',(24.08142504282,180.75763714421,
    -1.703959996786));
#7982 = CARTESIAN_POINT('',(24.07248787299,180.68144184089,
    -1.545212061775));
#7983 = CARTESIAN_POINT('',(24.0647914168,180.61266517464,
    -1.382625814664));
#7984 = CARTESIAN_POINT('',(24.05282107372,180.50050380515,
    -1.078721436433));
#7985 = CARTESIAN_POINT('',(24.04186366537,180.38356907449,
    -0.619595054152));
#7986 = CARTESIAN_POINT('',(24.03731276601,180.33330158299,
    -7.432995866007E-04));
#7987 = CARTESIAN_POINT('',(24.04184557507,180.38336273409,
    0.618481199168));
#7988 = CARTESIAN_POINT('',(24.05380788518,180.51115969846,1.12039620077
    ));
#7989 = CARTESIAN_POINT('',(24.06996162302,180.66027024571,
    1.505004506281));
#7990 = CARTESIAN_POINT('',(24.08593914688,180.79580149376,
    1.782540464514));
#7991 = CARTESIAN_POINT('',(24.10589772585,180.95291226326,
    2.049434832757));
#7992 = CARTESIAN_POINT('',(24.12363835022,181.07559973211,
    2.215413163614));
#7993 = CARTESIAN_POINT('',(24.13254977988,181.13722781949,
    2.298787017292));
#7994 = ORIENTED_EDGE('',*,*,#7719,.T.);
#7995 = ORIENTED_EDGE('',*,*,#7962,.T.);
#7996 = TOROIDAL_SURFACE('',#7997,12.,8.);
#7997 = AXIS2_PLACEMENT_3D('',#7998,#7999,#8000);
#7998 = CARTESIAN_POINT('',(44.,181.13722781949,-1.850044870849E-14));
#7999 = DIRECTION('',(0.,-1.,1.110223024625E-16));
#8000 = DIRECTION('',(0.,-1.110223024625E-16,-1.));
#8001 = ADVANCED_FACE('',(#8002),#8020,.F.);
#8002 = FACE_BOUND('',#8003,.F.);
#8003 = EDGE_LOOP('',(#8004,#8013,#8018,#8019));
#8004 = ORIENTED_EDGE('',*,*,#8005,.F.);
#8005 = EDGE_CURVE('',#8006,#8006,#8008,.T.);
#8006 = VERTEX_POINT('',#8007);
#8007 = CARTESIAN_POINT('',(44.,192.54545096294,-19.6977299022));
#8008 = CIRCLE('',#8009,19.697729902205);
#8009 = AXIS2_PLACEMENT_3D('',#8010,#8011,#8012);
#8010 = CARTESIAN_POINT('',(44.,192.54545096294,-1.976701590888E-14));
#8011 = DIRECTION('',(0.,-1.,1.110223024625E-16));
#8012 = DIRECTION('',(0.,-1.110223024625E-16,-1.));
#8013 = ORIENTED_EDGE('',*,*,#8014,.F.);
#8014 = EDGE_CURVE('',#1594,#8006,#8015,.T.);
#8015 = B_SPLINE_CURVE_WITH_KNOTS('',1,(#8016,#8017),.UNSPECIFIED.,.F.,
  .F.,(2,2),(4.930380657631E-32,3.107272040901),
  .PIECEWISE_BEZIER_KNOTS.);
#8016 = CARTESIAN_POINT('',(44.,194.08733063104,-17.));
#8017 = CARTESIAN_POINT('',(44.,192.5454509597,-19.69772990035));
#8018 = ORIENTED_EDGE('',*,*,#1600,.T.);
#8019 = ORIENTED_EDGE('',*,*,#8014,.T.);
#8020 = CONICAL_SURFACE('',#8021,17.,1.051560873125);
#8021 = AXIS2_PLACEMENT_3D('',#8022,#8023,#8024);
#8022 = CARTESIAN_POINT('',(44.,194.08733063104,-1.993819893976E-14));
#8023 = DIRECTION('',(0.,-1.,1.385164928493E-16));
#8024 = DIRECTION('',(0.,-1.385164928493E-16,-1.));
#8025 = ADVANCED_FACE('',(#8026),#8052,.F.);
#8026 = FACE_BOUND('',#8027,.T.);
#8027 = EDGE_LOOP('',(#8028,#8038,#8046));
#8028 = ORIENTED_EDGE('',*,*,#8029,.T.);
#8029 = EDGE_CURVE('',#8030,#8032,#8034,.T.);
#8030 = VERTEX_POINT('',#8031);
#8031 = CARTESIAN_POINT('',(44.05619123208,16.50001,17.181323687082));
#8032 = VERTEX_POINT('',#8033);
#8033 = CARTESIAN_POINT('',(43.131759111665,16.50001,22.424038765061));
#8034 = LINE('',#8035,#8036);
#8035 = CARTESIAN_POINT('',(46.604722665004,16.50001,2.727883704817));
#8036 = VECTOR('',#8037,1.);
#8037 = DIRECTION('',(-0.173648177667,1.093356242223E-16,0.984807753012)
  );
#8038 = ORIENTED_EDGE('',*,*,#8039,.T.);
#8039 = EDGE_CURVE('',#8032,#8040,#8042,.T.);
#8040 = VERTEX_POINT('',#8041);
#8041 = CARTESIAN_POINT('',(45.602911476491,16.50001,25.953210089243));
#8042 = LINE('',#8043,#8044);
#8043 = CARTESIAN_POINT('',(43.131759111665,16.50001,22.424038765061));
#8044 = VECTOR('',#8045,1.);
#8045 = DIRECTION('',(0.573576436351,9.094414602384E-17,0.819152044289)
  );
#8046 = ORIENTED_EDGE('',*,*,#8047,.T.);
#8047 = EDGE_CURVE('',#8040,#8030,#8048,.T.);
#8048 = LINE('',#8049,#8050);
#8049 = CARTESIAN_POINT('',(43.802500789159,16.50001,15.74257369033));
#8050 = VECTOR('',#8051,1.);
#8051 = DIRECTION('',(-0.173648177667,-1.093356242223E-16,
    -0.984807753012));
#8052 = PLANE('',#8053);
#8053 = AXIS2_PLACEMENT_3D('',#8054,#8055,#8056);
#8054 = CARTESIAN_POINT('',(31.,16.50001,18.));
#8055 = DIRECTION('',(0.,-1.,1.110223024625E-16));
#8056 = DIRECTION('',(0.,-1.110223024625E-16,-1.));
#8057 = ADVANCED_FACE('',(#8058),#8094,.F.);
#8058 = FACE_BOUND('',#8059,.F.);
#8059 = EDGE_LOOP('',(#8060,#8070,#8079,#8087));
#8060 = ORIENTED_EDGE('',*,*,#8061,.T.);
#8061 = EDGE_CURVE('',#8062,#8064,#8066,.T.);
#8062 = VERTEX_POINT('',#8063);
#8063 = CARTESIAN_POINT('',(29.15714560779,9.50001,-25.0248828125));
#8064 = VERTEX_POINT('',#8065);
#8065 = CARTESIAN_POINT('',(29.15714560779,11.17001,-25.0248828125));
#8066 = LINE('',#8067,#8068);
#8067 = CARTESIAN_POINT('',(29.15714560779,11.17001,-25.0248828125));
#8068 = VECTOR('',#8069,1.);
#8069 = DIRECTION('',(0.,1.,-1.110223024625E-16));
#8070 = ORIENTED_EDGE('',*,*,#8071,.T.);
#8071 = EDGE_CURVE('',#8064,#8072,#8074,.T.);
#8072 = VERTEX_POINT('',#8073);
#8073 = CARTESIAN_POINT('',(29.21125041365,11.17001,-25.07));
#8074 = CIRCLE('',#8075,5.5E-02);
#8075 = AXIS2_PLACEMENT_3D('',#8076,#8077,#8078);
#8076 = CARTESIAN_POINT('',(29.21125041365,11.17001,-25.015));
#8077 = DIRECTION('',(0.,-1.,1.110223024625E-16));
#8078 = DIRECTION('',(1.,0.,0.));
#8079 = ORIENTED_EDGE('',*,*,#8080,.F.);
#8080 = EDGE_CURVE('',#8081,#8072,#8083,.T.);
#8081 = VERTEX_POINT('',#8082);
#8082 = CARTESIAN_POINT('',(29.21125041365,9.50001,-25.07));
#8083 = LINE('',#8084,#8085);
#8084 = CARTESIAN_POINT('',(29.21125041365,11.17001,-25.07));
#8085 = VECTOR('',#8086,1.);
#8086 = DIRECTION('',(0.,1.,-1.110223024625E-16));
#8087 = ORIENTED_EDGE('',*,*,#8088,.T.);
#8088 = EDGE_CURVE('',#8081,#8062,#8089,.T.);
#8089 = CIRCLE('',#8090,5.5E-02);
#8090 = AXIS2_PLACEMENT_3D('',#8091,#8092,#8093);
#8091 = CARTESIAN_POINT('',(29.21125041365,9.50001,-25.015));
#8092 = DIRECTION('',(0.,1.,-1.110223024625E-16));
#8093 = DIRECTION('',(1.,0.,0.));
#8094 = CYLINDRICAL_SURFACE('',#8095,5.5E-02);
#8095 = AXIS2_PLACEMENT_3D('',#8096,#8097,#8098);
#8096 = CARTESIAN_POINT('',(29.21125041365,11.17001,-25.015));
#8097 = DIRECTION('',(0.,-1.,1.110223024625E-16));
#8098 = DIRECTION('',(1.,0.,0.));
#8099 = ADVANCED_FACE('',(#8100),#8116,.F.);
#8100 = FACE_BOUND('',#8101,.F.);
#8101 = EDGE_LOOP('',(#8102,#8108,#8109,#8115));
#8102 = ORIENTED_EDGE('',*,*,#8103,.F.);
#8103 = EDGE_CURVE('',#3201,#1692,#8104,.T.);
#8104 = LINE('',#8105,#8106);
#8105 = CARTESIAN_POINT('',(39.,198.60001,6.2125));
#8106 = VECTOR('',#8107,1.);
#8107 = DIRECTION('',(1.,0.,0.));
#8108 = ORIENTED_EDGE('',*,*,#3200,.T.);
#8109 = ORIENTED_EDGE('',*,*,#8110,.F.);
#8110 = EDGE_CURVE('',#1700,#3192,#8111,.T.);
#8111 = LINE('',#8112,#8113);
#8112 = CARTESIAN_POINT('',(26.01,197.10001,4.7125));
#8113 = VECTOR('',#8114,1.);
#8114 = DIRECTION('',(-1.,0.,0.));
#8115 = ORIENTED_EDGE('',*,*,#1699,.F.);
#8116 = CYLINDRICAL_SURFACE('',#8117,1.5);
#8117 = AXIS2_PLACEMENT_3D('',#8118,#8119,#8120);
#8118 = CARTESIAN_POINT('',(26.01,198.60001,4.7125));
#8119 = DIRECTION('',(-1.,0.,0.));
#8120 = DIRECTION('',(0.,1.110223024625E-16,1.));
#8121 = ADVANCED_FACE('',(#8122),#8141,.F.);
#8122 = FACE_BOUND('',#8123,.F.);
#8123 = EDGE_LOOP('',(#8124,#8132,#8139,#8140));
#8124 = ORIENTED_EDGE('',*,*,#8125,.F.);
#8125 = EDGE_CURVE('',#8126,#5903,#8128,.T.);
#8126 = VERTEX_POINT('',#8127);
#8127 = CARTESIAN_POINT('',(70.8,149.10001,-8.));
#8128 = LINE('',#8129,#8130);
#8129 = CARTESIAN_POINT('',(70.8,162.10001,-8.));
#8130 = VECTOR('',#8131,1.);
#8131 = DIRECTION('',(0.,1.,-1.074757566894E-15));
#8132 = ORIENTED_EDGE('',*,*,#8133,.F.);
#8133 = EDGE_CURVE('',#5783,#8126,#8134,.T.);
#8134 = CIRCLE('',#8135,0.3);
#8135 = AXIS2_PLACEMENT_3D('',#8136,#8137,#8138);
#8136 = CARTESIAN_POINT('',(70.8,149.10001,-7.7));
#8137 = DIRECTION('',(0.,-1.,1.110223024625E-16));
#8138 = DIRECTION('',(0.,1.110223024625E-16,1.));
#8139 = ORIENTED_EDGE('',*,*,#5790,.F.);
#8140 = ORIENTED_EDGE('',*,*,#5914,.F.);
#8141 = CYLINDRICAL_SURFACE('',#8142,0.3);
#8142 = AXIS2_PLACEMENT_3D('',#8143,#8144,#8145);
#8143 = CARTESIAN_POINT('',(70.8,162.10001,-7.7));
#8144 = DIRECTION('',(0.,-1.,1.110223024625E-16));
#8145 = DIRECTION('',(0.,-1.110223024625E-16,-1.));
#8146 = ADVANCED_FACE('',(#8147),#8158,.T.);
#8147 = FACE_BOUND('',#8148,.T.);
#8148 = EDGE_LOOP('',(#8149,#8150,#8155,#8156,#8157));
#8149 = ORIENTED_EDGE('',*,*,#7912,.F.);
#8150 = ORIENTED_EDGE('',*,*,#8151,.F.);
#8151 = EDGE_CURVE('',#3144,#7842,#8152,.T.);
#8152 = B_SPLINE_CURVE_WITH_KNOTS('',1,(#8153,#8154),.UNSPECIFIED.,.F.,
  .F.,(2,2),(2.197532781848E-07,1.000001784522),
  .PIECEWISE_BEZIER_KNOTS.);
#8153 = CARTESIAN_POINT('',(67.817423768612,181.1715007356,
    -3.085465362752));
#8154 = CARTESIAN_POINT('',(67.36741664534,181.48224639028,
    -2.685110640293));
#8155 = ORIENTED_EDGE('',*,*,#3143,.F.);
#8156 = ORIENTED_EDGE('',*,*,#8151,.T.);
#8157 = ORIENTED_EDGE('',*,*,#7839,.F.);
#8158 = B_SPLINE_SURFACE_WITH_KNOTS('',1,3,(
    (#8159,#8160,#8161,#8162,#8163,#8164,#8165,#8166,#8167,#8168,#8169
      ,#8170,#8171,#8172,#8173,#8174,#8175,#8176,#8177,#8178,#8179,#8180
      ,#8181,#8182,#8183,#8184,#8185,#8186,#8187,#8188,#8189,#8190,#8191
      ,#8192,#8193,#8194,#8195,#8196,#8197,#8198,#8199,#8200,#8201,#8202
      ,#8203,#8204,#8205,#8206,#8207,#8208,#8209,#8210,#8211,#8212,#8213
      ,#8214,#8215,#8216)
    ,(#8217,#8218,#8219,#8220,#8221,#8222,#8223,#8224,#8225,#8226,#8227
      ,#8228,#8229,#8230,#8231,#8232,#8233,#8234,#8235,#8236,#8237,#8238
      ,#8239,#8240,#8241,#8242,#8243,#8244,#8245,#8246,#8247,#8248,#8249
      ,#8250,#8251,#8252,#8253,#8254,#8255,#8256,#8257,#8258,#8259,#8260
      ,#8261,#8262,#8263,#8264,#8265,#8266,#8267,#8268,#8269,#8270,#8271
      ,#8272,#8273,#8274
    )),.UNSPECIFIED.,.F.,.T.,.F.,(2,2),(2,2,2,2,2,2,2,2,2,2,2,2,2,2,2,2,
    2,2,2,2,2,2,2,2,2,2,2,2,2,2,2),(0.,1.),(-3.125E-02,0.,3.125E-02,
    6.25E-02,0.125,0.15625,0.1875,0.21875,0.25,0.3125,0.34375,0.375,
    0.40625,0.4375,0.46875,0.5,0.5625,0.59375,0.625,0.65625,0.6875,
    0.71875,0.75,0.78125,0.8125,0.84375,0.875,0.9375,0.96875,1.,1.03125)
  ,.UNSPECIFIED.);
#8159 = CARTESIAN_POINT('',(67.781533061488,181.37191735267,
    -3.284040842971));
#8160 = CARTESIAN_POINT('',(67.852100476106,180.97786141649,
    -2.893612838637));
#8161 = CARTESIAN_POINT('',(67.887042937316,180.79680213529,
    -2.674989486529));
#8162 = CARTESIAN_POINT('',(67.949738410535,180.48586438837,
    -2.2145202288));
#8163 = CARTESIAN_POINT('',(67.978157913038,180.35218122694,
    -1.969661695461));
#8164 = CARTESIAN_POINT('',(68.050295289408,180.02171416377,
    -1.189528878114));
#8165 = CARTESIAN_POINT('',(68.078348542203,179.90381252941,
    -0.631655721551));
#8166 = CARTESIAN_POINT('',(68.081264560831,179.89130702953,
    0.221880530165));
#8167 = CARTESIAN_POINT('',(68.075710092266,179.91501079223,
    0.502934392207));
#8168 = CARTESIAN_POINT('',(68.05285933275,180.01451563121,
    1.055849187407));
#8169 = CARTESIAN_POINT('',(68.035041638944,180.09264055132,
    1.332424225856));
#8170 = CARTESIAN_POINT('',(67.990031219768,180.2971170802,
    1.855268092912));
#8171 = CARTESIAN_POINT('',(67.962942999316,180.42293477148,
    2.10398759986));
#8172 = CARTESIAN_POINT('',(67.901418368507,180.72386671021,
    2.578160637268));
#8173 = CARTESIAN_POINT('',(67.867332125005,180.89781515023,
    2.800230400131));
#8174 = CARTESIAN_POINT('',(67.762802598301,181.46920854296,
    3.400795723731));
#8175 = CARTESIAN_POINT('',(67.687598022574,181.93464268877,
    3.729329483839));
#8176 = CARTESIAN_POINT('',(67.593390275159,182.68811604229,
    4.063243100814));
#8177 = CARTESIAN_POINT('',(67.564311537688,182.9547135955,
    4.151391846241));
#8178 = CARTESIAN_POINT('',(67.515327244264,183.49601800864,
    4.271183796236));
#8179 = CARTESIAN_POINT('',(67.49542264134,183.76916649821,
    4.303603507709));
#8180 = CARTESIAN_POINT('',(67.465313903863,184.32202401726,
    4.31422361343));
#8181 = CARTESIAN_POINT('',(67.455248321572,184.60390455891,
    4.291091655507));
#8182 = CARTESIAN_POINT('',(67.445748068257,185.14686742373,
    4.190771292217));
#8183 = CARTESIAN_POINT('',(67.445959343422,185.4129202577,
    4.114109476422));
#8184 = CARTESIAN_POINT('',(67.455237632421,185.93268827054,
    3.905454733172));
#8185 = CARTESIAN_POINT('',(67.464196422366,186.18112615719,
    3.77527714226));
#8186 = CARTESIAN_POINT('',(67.487934509625,186.64885486403,
    3.467779311095));
#8187 = CARTESIAN_POINT('',(67.502788610662,186.86889266852,
    3.288909931271));
#8188 = CARTESIAN_POINT('',(67.550012870584,187.46186823476,
    2.702899859289));
#8189 = CARTESIAN_POINT('',(67.586010692183,187.7856493344,
    2.224407911443));
#8190 = CARTESIAN_POINT('',(67.625573895756,188.11304169165,
    1.451435960773));
#8191 = CARTESIAN_POINT('',(67.636637355976,188.19874042749,
    1.179279356713));
#8192 = CARTESIAN_POINT('',(67.65197494346,188.31524437451,
    0.623391253226));
#8193 = CARTESIAN_POINT('',(67.656179826456,188.34590439684,
    0.34395554904));
#8194 = CARTESIAN_POINT('',(67.657295551598,188.35413036028,
    -0.219690304517));
#8195 = CARTESIAN_POINT('',(67.654013924778,188.33028227728,
    -0.507333343551));
#8196 = CARTESIAN_POINT('',(67.64064778086,188.22949082199,
    -1.06121564878));
#8197 = CARTESIAN_POINT('',(67.630684415999,188.15348090402,
    -1.331372007485));
#8198 = CARTESIAN_POINT('',(67.605326491098,187.94674188258,
    -1.859874712031));
#8199 = CARTESIAN_POINT('',(67.59023156724,187.81810363944,
    -2.112673405014));
#8200 = CARTESIAN_POINT('',(67.558438299423,187.51802507234,
    -2.583469989646));
#8201 = CARTESIAN_POINT('',(67.541534211108,187.34464230282,
    -2.805136954123));
#8202 = CARTESIAN_POINT('',(67.509054975777,186.95469886846,
    -3.212978134536));
#8203 = CARTESIAN_POINT('',(67.493996631936,186.74331799646,
    -3.393693534062));
#8204 = CARTESIAN_POINT('',(67.468866347202,186.28911773636,
    -3.711964374718));
#8205 = CARTESIAN_POINT('',(67.458746135678,186.0417114804,
    -3.850918945595));
#8206 = CARTESIAN_POINT('',(67.44709788836,185.53198210382,
    -4.073108968623));
#8207 = CARTESIAN_POINT('',(67.445390719184,185.26917295163,
    -4.157936135286));
#8208 = CARTESIAN_POINT('',(67.451976167802,184.72551314276,
    -4.275199439769));
#8209 = CARTESIAN_POINT('',(67.460491123494,184.44535590909,
    -4.30624723069));
#8210 = CARTESIAN_POINT('',(67.500867875169,183.61900635762,
    -4.315659838622));
#8211 = CARTESIAN_POINT('',(67.549709317703,183.05974937086,
    -4.208423008962));
#8212 = CARTESIAN_POINT('',(67.641422008521,182.29629535196,
    -3.896393457013));
#8213 = CARTESIAN_POINT('',(67.675485818632,182.04818689802,
    -3.76539311826));
#8214 = CARTESIAN_POINT('',(67.745708557575,181.58553584971,
    -3.458298808579));
#8215 = CARTESIAN_POINT('',(67.781533061488,181.37191735267,
    -3.284040842971));
#8216 = CARTESIAN_POINT('',(67.852100476106,180.97786141649,
    -2.893612838637));
#8217 = CARTESIAN_POINT('',(67.332016639556,181.6600162797,
    -2.857898945461));
#8218 = CARTESIAN_POINT('',(67.401620639004,181.31048700479,
    -2.518173498458));
#8219 = CARTESIAN_POINT('',(67.436073472283,181.1498866599,
    -2.327932920717));
#8220 = CARTESIAN_POINT('',(67.497878161012,180.87408356875,
    -1.927229734451));
#8221 = CARTESIAN_POINT('',(67.525887463,180.75550604217,-1.714145896487
    ));
#8222 = CARTESIAN_POINT('',(67.596975954178,180.46238036378,
    -1.035233369096));
#8223 = CARTESIAN_POINT('',(67.624612058541,180.35780111872,
    -0.54972347413));
#8224 = CARTESIAN_POINT('',(67.627484937843,180.34670868755,
    0.193100348185));
#8225 = CARTESIAN_POINT('',(67.622012744559,180.36773402483,
    0.437698719315));
#8226 = CARTESIAN_POINT('',(67.599498740865,180.45599523627,
    0.918890730479));
#8227 = CARTESIAN_POINT('',(67.58194317048,180.52529236922,
    1.159586805474));
#8228 = CARTESIAN_POINT('',(67.537588719062,180.70666391168,
    1.61459559781));
#8229 = CARTESIAN_POINT('',(67.510892880029,180.81826473362,
    1.831041224702));
#8230 = CARTESIAN_POINT('',(67.450246102669,181.08519263063,
    2.243673363355));
#8231 = CARTESIAN_POINT('',(67.416639858824,181.2394856296,2.43691504997
    ));
#8232 = CARTESIAN_POINT('',(67.31354842212,181.74631397502,
    2.959495947636));
#8233 = CARTESIAN_POINT('',(67.239330169466,182.15915602951,
    3.245335317098));
#8234 = CARTESIAN_POINT('',(67.146201823901,182.82749005707,
    3.535802470999));
#8235 = CARTESIAN_POINT('',(67.117424994679,183.06396321291,
    3.612469475165));
#8236 = CARTESIAN_POINT('',(67.068863663382,183.54410250709,
    3.71662880296));
#8237 = CARTESIAN_POINT('',(67.049081514049,183.78638636772,
    3.744797226649));
#8238 = CARTESIAN_POINT('',(67.019027268882,184.27677331531,
    3.753953952957));
#8239 = CARTESIAN_POINT('',(67.008889037199,184.52680254306,
    3.733782635271));
#8240 = CARTESIAN_POINT('',(66.999060003766,185.00841289056,
    3.646410665314));
#8241 = CARTESIAN_POINT('',(66.999017216653,185.24440287487,
    3.579667442017));
#8242 = CARTESIAN_POINT('',(67.007629008531,185.70543929124,
    3.398045511001));
#8243 = CARTESIAN_POINT('',(67.016182357074,185.92580474299,
    3.284747220958));
#8244 = CARTESIAN_POINT('',(67.039024587646,186.34068207573,
    3.017145162461));
#8245 = CARTESIAN_POINT('',(67.053386123531,186.53585653529,
    2.861493611641));
#8246 = CARTESIAN_POINT('',(67.09914358093,187.06182835895,
    2.351577698931));
#8247 = CARTESIAN_POINT('',(67.134142520446,187.34902355259,
    1.935254582587));
#8248 = CARTESIAN_POINT('',(67.17263381616,187.63942196113,
    1.262746729641));
#8249 = CARTESIAN_POINT('',(67.183402915401,187.71543709777,
    1.025967535681));
#8250 = CARTESIAN_POINT('',(67.198334515239,187.81877658943,
    0.542344601127));
#8251 = CARTESIAN_POINT('',(67.202429266265,187.84597215836,
    0.299238025846));
#8252 = CARTESIAN_POINT('',(67.203515685796,187.85326862258,
    -0.191128458057));
#8253 = CARTESIAN_POINT('',(67.200319936582,187.8321152726,
    -0.441374984819));
#8254 = CARTESIAN_POINT('',(67.187306921175,187.74271282711,
    -0.923251518042));
#8255 = CARTESIAN_POINT('',(67.177607579044,187.67529171039,
    -1.158289293714));
#8256 = CARTESIAN_POINT('',(67.152933837298,187.49191332663,
    -1.618099126486));
#8257 = CARTESIAN_POINT('',(67.138251289511,187.37781066375,
    -1.838044720084));
#8258 = CARTESIAN_POINT('',(67.107353499991,187.11163971096,
    -2.247670096381));
#8259 = CARTESIAN_POINT('',(67.09093829545,186.95784846427,
    -2.440542158463));
#8260 = CARTESIAN_POINT('',(67.059451222142,186.61196699567,
    -2.795419712901));
#8261 = CARTESIAN_POINT('',(67.044881320867,186.42447127199,
    -2.95267527148));
#8262 = CARTESIAN_POINT('',(67.020661085039,186.02159372854,
    -3.229646448827));
#8263 = CARTESIAN_POINT('',(67.010967704057,185.80214333749,
    -3.350580163668));
#8264 = CARTESIAN_POINT('',(67.000022040429,185.35001123384,
    -3.54397576639));
#8265 = CARTESIAN_POINT('',(66.998594536722,185.11689840906,
    -3.617822463096));
#8266 = CARTESIAN_POINT('',(67.005565109682,184.63466986892,
    -3.719935909942));
#8267 = CARTESIAN_POINT('',(67.014180665194,184.38616922047,
    -3.746994482691));
#8268 = CARTESIAN_POINT('',(67.054563849875,183.65319369529,
    -3.755310977895));
#8269 = CARTESIAN_POINT('',(67.10300086948,183.15713038248,
    -3.662084567167));
#8270 = CARTESIAN_POINT('',(67.193690265825,182.47994346081,
    -3.39066492733));
#8271 = CARTESIAN_POINT('',(67.227341414451,182.25987021451,
    -3.276700765159));
#8272 = CARTESIAN_POINT('',(67.29666909128,181.84949678621,
    -3.009518928707));
#8273 = CARTESIAN_POINT('',(67.332016639556,181.6600162797,
    -2.857898945461));
#8274 = CARTESIAN_POINT('',(67.401620639004,181.31048700479,
    -2.518173498458));
#8275 = ADVANCED_FACE('',(#8276),#8373,.T.);
#8276 = FACE_BOUND('',#8277,.T.);
#8277 = EDGE_LOOP('',(#8278,#8324,#8329,#8330,#8331));
#8278 = ORIENTED_EDGE('',*,*,#8279,.F.);
#8279 = EDGE_CURVE('',#8280,#8282,#8284,.T.);
#8280 = VERTEX_POINT('',#8281);
#8281 = CARTESIAN_POINT('',(20.63258269317,181.48224765392,
    -2.685109580317));
#8282 = VERTEX_POINT('',#8283);
#8283 = CARTESIAN_POINT('',(20.56108382303,181.13722781949,
    2.298787017292));
#8284 = B_SPLINE_CURVE_WITH_KNOTS('',3,(#8285,#8286,#8287,#8288,#8289,
    #8290,#8291,#8292,#8293,#8294,#8295,#8296,#8297,#8298,#8299,#8300,
    #8301,#8302,#8303,#8304,#8305,#8306,#8307,#8308,#8309,#8310,#8311,
    #8312,#8313,#8314,#8315,#8316,#8317,#8318,#8319,#8320,#8321,#8322,
    #8323),.UNSPECIFIED.,.T.,.F.,(1,1,1,1,1,1,1,1,1,1,1,1,1,1,1,1,1,1,1,
    1,1,1,1,1,1,1,1,1,1,1,1,1,1,1,1,1,1,1,1,1,1,1,1),(-9.5697442391E-02,
    -7.3954933936E-02,-4.6650665969E-02,0.,3.330181976821E-02,
    6.217918764058E-02,8.664504728941E-02,0.134569544145,0.183660656614,
    0.204991591154,0.230370652253,0.260512762107,0.290671976407,
    0.320848820434,0.332823591935,0.346292813357,0.361263324047,
    0.377739973765,0.409637120678,0.444637288926,0.482784402823,
    0.496705439741,0.521992354396,0.565572779161,0.601747256656,
    0.630511179002,0.656197684423,0.683938750539,0.719523133832,
    0.755122536851,0.790739087313,0.807719214241,0.82545840083,
    0.843972887752,0.863276941361,0.883383129732,0.904302557609,
    0.926045066064,0.953349334031,1.,1.033301819768,1.062179187641,
    1.086645047289),.UNSPECIFIED.);
#8285 = CARTESIAN_POINT('',(20.76646925173,182.21715642745,
    -3.282616088854));
#8286 = CARTESIAN_POINT('',(20.64617563533,181.52995077078,
    -2.784909169738));
#8287 = CARTESIAN_POINT('',(20.52962895547,180.98389294906,
    -2.128547306638));
#8288 = CARTESIAN_POINT('',(20.45261869807,180.65742128095,
    -1.530629647987));
#8289 = CARTESIAN_POINT('',(20.38494827109,180.39723124366,
    -0.77785294899));
#8290 = CARTESIAN_POINT('',(20.36224036131,180.29500183666,
    0.188752250989));
#8291 = CARTESIAN_POINT('',(20.40841305312,180.48629458297,
    1.116227858738));
#8292 = CARTESIAN_POINT('',(20.48442380298,180.79566921832,
    1.801171193413));
#8293 = CARTESIAN_POINT('',(20.55972339402,181.12077852975,
    2.308442099652));
#8294 = CARTESIAN_POINT('',(20.65016306335,181.57563451943,
    2.803068595595));
#8295 = CARTESIAN_POINT('',(20.74616199807,182.14500466339,
    3.226093204924));
#8296 = CARTESIAN_POINT('',(20.82947987196,182.65488347857,
    3.472795501488));
#8297 = CARTESIAN_POINT('',(20.88675714826,183.0670645256,3.609045630776
    ));
#8298 = CARTESIAN_POINT('',(20.91829672085,183.37480238356,
    3.684287823889));
#8299 = CARTESIAN_POINT('',(20.9466921409,183.72356188888,3.73718020513)
  );
#8300 = CARTESIAN_POINT('',(20.97934288654,184.22091104561,
    3.763033048673));
#8301 = CARTESIAN_POINT('',(21.00157352663,184.8780981975,3.696939168827
    ));
#8302 = CARTESIAN_POINT('',(20.99470917822,185.67100777499,
    3.441904997275));
#8303 = CARTESIAN_POINT('',(20.96704585837,186.26374702966,
    3.084783755339));
#8304 = CARTESIAN_POINT('',(20.93035388788,186.72633218585,
    2.690339794095));
#8305 = CARTESIAN_POINT('',(20.88936344807,187.16736230883,
    2.209324046325));
#8306 = CARTESIAN_POINT('',(20.84118465627,187.58655752645,
    1.485637744512));
#8307 = CARTESIAN_POINT('',(20.80551845388,187.81870324669,
    0.657323758503));
#8308 = CARTESIAN_POINT('',(20.79338380118,187.86802934594,
    -5.780209929744E-02));
#8309 = CARTESIAN_POINT('',(20.80488012802,187.80143214554,
    -0.703740440783));
#8310 = CARTESIAN_POINT('',(20.83201745035,187.61329338706,
    -1.381275987161));
#8311 = CARTESIAN_POINT('',(20.87292255514,187.25803433163,
    -2.080120157639));
#8312 = CARTESIAN_POINT('',(20.92032519027,186.71680899623,
    -2.729927055923));
#8313 = CARTESIAN_POINT('',(20.9701500198,186.16168819937,
    -3.153719144261));
#8314 = CARTESIAN_POINT('',(21.00205968854,185.67264755735,
    -3.412516469017));
#8315 = CARTESIAN_POINT('',(21.01004648087,185.28251369672,
    -3.567277145143));
#8316 = CARTESIAN_POINT('',(21.0065482155,184.8595524831,-3.681330055771
    ));
#8317 = CARTESIAN_POINT('',(20.99050270604,184.4077248635,
    -3.747006745053));
#8318 = CARTESIAN_POINT('',(20.96229632032,183.9327542393,
    -3.756669880276));
#8319 = CARTESIAN_POINT('',(20.92149117461,183.44211862732,
    -3.703232737019));
#8320 = CARTESIAN_POINT('',(20.865739221,182.90883035156,-3.571356209762
    ));
#8321 = CARTESIAN_POINT('',(20.76646925173,182.21715642745,
    -3.282616088854));
#8322 = CARTESIAN_POINT('',(20.64617563533,181.52995077078,
    -2.784909169738));
#8323 = CARTESIAN_POINT('',(20.52962895547,180.98389294906,
    -2.128547306638));
#8324 = ORIENTED_EDGE('',*,*,#8325,.F.);
#8325 = EDGE_CURVE('',#3102,#8280,#8326,.T.);
#8326 = B_SPLINE_CURVE_WITH_KNOTS('',1,(#8327,#8328),.UNSPECIFIED.,.F.,
  .F.,(2,2),(-1.573142884284E-07,0.999997999791),
  .PIECEWISE_BEZIER_KNOTS.);
#8327 = CARTESIAN_POINT('',(20.18257620558,181.17150339809,
    -3.085462737189));
#8328 = CARTESIAN_POINT('',(20.63258179519,181.48224767977,
    -2.685109738387));
#8329 = ORIENTED_EDGE('',*,*,#3101,.F.);
#8330 = ORIENTED_EDGE('',*,*,#8325,.T.);
#8331 = ORIENTED_EDGE('',*,*,#8332,.F.);
#8332 = EDGE_CURVE('',#8282,#8280,#8333,.T.);
#8333 = B_SPLINE_CURVE_WITH_KNOTS('',3,(#8334,#8335,#8336,#8337,#8338,
    #8339,#8340,#8341,#8342,#8343,#8344,#8345,#8346,#8347,#8348,#8349,
    #8350,#8351,#8352,#8353,#8354,#8355,#8356,#8357,#8358,#8359,#8360,
    #8361,#8362,#8363,#8364,#8365,#8366,#8367,#8368,#8369,#8370,#8371,
    #8372),.UNSPECIFIED.,.T.,.F.,(1,1,1,1,1,1,1,1,1,1,1,1,1,1,1,1,1,1,1,
    1,1,1,1,1,1,1,1,1,1,1,1,1,1,1,1,1,1,1,1,1,1,1,1),(-9.5697442391E-02,
    -7.3954933936E-02,-4.6650665969E-02,0.,3.330181976821E-02,
    6.217918764058E-02,8.664504728941E-02,0.134569544145,0.183660656614,
    0.204991591154,0.230370652253,0.260512762107,0.290671976407,
    0.320848820434,0.332823591935,0.346292813357,0.361263324047,
    0.377739973765,0.409637120678,0.444637288926,0.482784402823,
    0.496705439741,0.521992354396,0.565572779161,0.601747256656,
    0.630511179002,0.656197684423,0.683938750539,0.719523133832,
    0.755122536851,0.790739087313,0.807719214241,0.82545840083,
    0.843972887752,0.863276941361,0.883383129732,0.904302557609,
    0.926045066064,0.953349334031,1.,1.033301819768,1.062179187641,
    1.086645047289),.UNSPECIFIED.);
#8334 = CARTESIAN_POINT('',(20.76646925173,182.21715642745,
    -3.282616088854));
#8335 = CARTESIAN_POINT('',(20.64617563533,181.52995077078,
    -2.784909169738));
#8336 = CARTESIAN_POINT('',(20.52962895547,180.98389294906,
    -2.128547306638));
#8337 = CARTESIAN_POINT('',(20.45261869807,180.65742128095,
    -1.530629647987));
#8338 = CARTESIAN_POINT('',(20.38494827109,180.39723124366,
    -0.77785294899));
#8339 = CARTESIAN_POINT('',(20.36224036131,180.29500183666,
    0.188752250989));
#8340 = CARTESIAN_POINT('',(20.40841305312,180.48629458297,
    1.116227858738));
#8341 = CARTESIAN_POINT('',(20.48442380298,180.79566921832,
    1.801171193413));
#8342 = CARTESIAN_POINT('',(20.55972339402,181.12077852975,
    2.308442099652));
#8343 = CARTESIAN_POINT('',(20.65016306335,181.57563451943,
    2.803068595595));
#8344 = CARTESIAN_POINT('',(20.74616199807,182.14500466339,
    3.226093204924));
#8345 = CARTESIAN_POINT('',(20.82947987196,182.65488347857,
    3.472795501488));
#8346 = CARTESIAN_POINT('',(20.88675714826,183.0670645256,3.609045630776
    ));
#8347 = CARTESIAN_POINT('',(20.91829672085,183.37480238356,
    3.684287823889));
#8348 = CARTESIAN_POINT('',(20.9466921409,183.72356188888,3.73718020513)
  );
#8349 = CARTESIAN_POINT('',(20.97934288654,184.22091104561,
    3.763033048673));
#8350 = CARTESIAN_POINT('',(21.00157352663,184.8780981975,3.696939168827
    ));
#8351 = CARTESIAN_POINT('',(20.99470917822,185.67100777499,
    3.441904997275));
#8352 = CARTESIAN_POINT('',(20.96704585837,186.26374702966,
    3.084783755339));
#8353 = CARTESIAN_POINT('',(20.93035388788,186.72633218585,
    2.690339794095));
#8354 = CARTESIAN_POINT('',(20.88936344807,187.16736230883,
    2.209324046325));
#8355 = CARTESIAN_POINT('',(20.84118465627,187.58655752645,
    1.485637744512));
#8356 = CARTESIAN_POINT('',(20.80551845388,187.81870324669,
    0.657323758503));
#8357 = CARTESIAN_POINT('',(20.79338380118,187.86802934594,
    -5.780209929744E-02));
#8358 = CARTESIAN_POINT('',(20.80488012802,187.80143214554,
    -0.703740440783));
#8359 = CARTESIAN_POINT('',(20.83201745035,187.61329338706,
    -1.381275987161));
#8360 = CARTESIAN_POINT('',(20.87292255514,187.25803433163,
    -2.080120157639));
#8361 = CARTESIAN_POINT('',(20.92032519027,186.71680899623,
    -2.729927055923));
#8362 = CARTESIAN_POINT('',(20.9701500198,186.16168819937,
    -3.153719144261));
#8363 = CARTESIAN_POINT('',(21.00205968854,185.67264755735,
    -3.412516469017));
#8364 = CARTESIAN_POINT('',(21.01004648087,185.28251369672,
    -3.567277145143));
#8365 = CARTESIAN_POINT('',(21.0065482155,184.8595524831,-3.681330055771
    ));
#8366 = CARTESIAN_POINT('',(20.99050270604,184.4077248635,
    -3.747006745053));
#8367 = CARTESIAN_POINT('',(20.96229632032,183.9327542393,
    -3.756669880276));
#8368 = CARTESIAN_POINT('',(20.92149117461,183.44211862732,
    -3.703232737019));
#8369 = CARTESIAN_POINT('',(20.865739221,182.90883035156,-3.571356209762
    ));
#8370 = CARTESIAN_POINT('',(20.76646925173,182.21715642745,
    -3.282616088854));
#8371 = CARTESIAN_POINT('',(20.64617563533,181.52995077078,
    -2.784909169738));
#8372 = CARTESIAN_POINT('',(20.52962895547,180.98389294906,
    -2.128547306638));
#8373 = B_SPLINE_SURFACE_WITH_KNOTS('',1,3,(
    (#8374,#8375,#8376,#8377,#8378,#8379,#8380,#8381,#8382,#8383,#8384
      ,#8385,#8386,#8387,#8388,#8389,#8390,#8391,#8392,#8393,#8394,#8395
      ,#8396,#8397,#8398,#8399,#8400,#8401,#8402,#8403,#8404,#8405,#8406
      ,#8407,#8408,#8409,#8410,#8411,#8412,#8413,#8414,#8415,#8416,#8417
      ,#8418,#8419,#8420,#8421,#8422,#8423,#8424,#8425,#8426,#8427,#8428
      ,#8429,#8430,#8431,#8432,#8433,#8434,#8435,#8436,#8437,#8438,#8439
      )
    ,(#8440,#8441,#8442,#8443,#8444,#8445,#8446,#8447,#8448,#8449,#8450
      ,#8451,#8452,#8453,#8454,#8455,#8456,#8457,#8458,#8459,#8460,#8461
      ,#8462,#8463,#8464,#8465,#8466,#8467,#8468,#8469,#8470,#8471,#8472
      ,#8473,#8474,#8475,#8476,#8477,#8478,#8479,#8480,#8481,#8482,#8483
      ,#8484,#8485,#8486,#8487,#8488,#8489,#8490,#8491,#8492,#8493,#8494
      ,#8495,#8496,#8497,#8498,#8499,#8500,#8501,#8502,#8503,#8504,#8505
      )),.UNSPECIFIED.,.F.,.T.,.F.,(2,2),(2,2,2,2,2,2,2,2,2,2,2,2,2,2,2,
    2,2,2,2,2,2,2,2,2,2,2,2,2,2,2,2,2,2,2,2),(0.,1.),(-3.125E-02,0.,
    3.125E-02,6.25E-02,9.375E-02,0.125,0.15625,0.1875,0.21875,0.25,
    0.28125,0.3125,0.34375,0.375,0.40625,0.4375,0.46875,0.5,0.53125,
    0.5625,0.59375,0.625,0.65625,0.6875,0.71875,0.75,0.78125,0.8125,
    0.84375,0.875,0.90625,0.9375,0.96875,1.,1.03125),.UNSPECIFIED.);
#8374 = CARTESIAN_POINT('',(20.14796418632,180.9783406488,
    -2.893755827879));
#8375 = CARTESIAN_POINT('',(20.21840227609,181.37143812037,
    -3.283897853729));
#8376 = CARTESIAN_POINT('',(20.25514707677,181.59075771171,
    -3.462362108521));
#8377 = CARTESIAN_POINT('',(20.32486223599,182.0509022736,
    -3.766589159213));
#8378 = CARTESIAN_POINT('',(20.3583099663,182.29386794025,
    -3.895445497697));
#8379 = CARTESIAN_POINT('',(20.42006371769,182.80832463198,
    -4.105619434041));
#8380 = CARTESIAN_POINT('',(20.44782133592,183.07640906469,
    -4.184842408253));
#8381 = CARTESIAN_POINT('',(20.4938181481,183.61646168102,
    -4.287623123963));
#8382 = CARTESIAN_POINT('',(20.51250060759,183.89220397661,
    -4.312628825686));
#8383 = CARTESIAN_POINT('',(20.53979467921,184.45160870257,
    -4.306094947043));
#8384 = CARTESIAN_POINT('',(20.54798925775,184.72657319414,
    -4.274699416928));
#8385 = CARTESIAN_POINT('',(20.55461909418,185.26608230854,
    -4.158873242446));
#8386 = CARTESIAN_POINT('',(20.55290170913,185.53493517014,
    -4.072291547746));
#8387 = CARTESIAN_POINT('',(20.54109956066,186.04549019072,
    -3.848795445911));
#8388 = CARTESIAN_POINT('',(20.53122706481,186.28681562474,
    -3.713235516751));
#8389 = CARTESIAN_POINT('',(20.50598968256,186.74417667982,
    -3.393432620527));
#8390 = CARTESIAN_POINT('',(20.49054847697,186.95962815996,
    -3.208180726772));
#8391 = CARTESIAN_POINT('',(20.45852633024,187.34374873459,
    -2.805712363811));
#8392 = CARTESIAN_POINT('',(20.44173296316,187.51649278664,
    -2.586074919131));
#8393 = CARTESIAN_POINT('',(20.40946402361,187.82089228378,
    -2.108096240128));
#8394 = CARTESIAN_POINT('',(20.39450994211,187.94804046398,
    -1.856577356989));
#8395 = CARTESIAN_POINT('',(20.36948916176,188.15210068908,
    -1.334878207454));
#8396 = CARTESIAN_POINT('',(20.35928619519,188.2300095228,
    -1.060535628636));
#8397 = CARTESIAN_POINT('',(20.34589238872,188.33096779137,
    -0.50136367446));
#8398 = CARTESIAN_POINT('',(20.34274918707,188.35379841896,
    -0.221140834061));
#8399 = CARTESIAN_POINT('',(20.34376979138,188.34627794103,
    0.342428091438));
#8400 = CARTESIAN_POINT('',(20.34813802291,188.31441297153,
    0.629230827749));
#8401 = CARTESIAN_POINT('',(20.36342970718,188.19820388391,
    1.179949703562));
#8402 = CARTESIAN_POINT('',(20.37426964626,188.11451365306,
    1.447900194961));
#8403 = CARTESIAN_POINT('',(20.40092908601,187.89354811865,1.96971989275
    ));
#8404 = CARTESIAN_POINT('',(20.41654912675,187.75750988273,
    2.219302948357));
#8405 = CARTESIAN_POINT('',(20.44902835738,187.4422445952,2.684218927997
    ));
#8406 = CARTESIAN_POINT('',(20.46617196657,187.2595458917,2.903555007093
    ));
#8407 = CARTESIAN_POINT('',(20.49761895065,186.86284364818,
    3.294167140341));
#8408 = CARTESIAN_POINT('',(20.5121688232,186.64713914194,3.469057168152
    ));
#8409 = CARTESIAN_POINT('',(20.53595626764,186.17779338937,
    3.777317063103));
#8410 = CARTESIAN_POINT('',(20.54483238533,185.92912449921,
    3.906873929174));
#8411 = CARTESIAN_POINT('',(20.55397605688,185.41618029365,
    4.112812249049));
#8412 = CARTESIAN_POINT('',(20.55432937143,185.14799704996,
    4.190894374157));
#8413 = CARTESIAN_POINT('',(20.54458354026,184.59763500162,
    4.291913958763));
#8414 = CARTESIAN_POINT('',(20.53465146719,184.32253783696,
    4.313890747374));
#8415 = CARTESIAN_POINT('',(20.50476017182,183.77137912642,
    4.303987127959));
#8416 = CARTESIAN_POINT('',(20.4843035739,183.49108201397,4.270549469333
    ));
#8417 = CARTESIAN_POINT('',(20.43536864107,182.95204620041,
    4.150337663286));
#8418 = CARTESIAN_POINT('',(20.40693109623,182.69087951266,
    4.064458181541));
#8419 = CARTESIAN_POINT('',(20.34349423116,182.18312537323,
    3.839458121739));
#8420 = CARTESIAN_POINT('',(20.30881669536,181.93972993667,
    3.700953580789));
#8421 = CARTESIAN_POINT('',(20.23858555456,181.48997482938,3.38304434283
    ));
#8422 = CARTESIAN_POINT('',(20.20252306118,181.27973108319,
    3.201849141833));
#8423 = CARTESIAN_POINT('',(20.1318206925,180.89311773444,2.795087226612
    ));
#8424 = CARTESIAN_POINT('',(20.09826924348,180.72238631817,2.57555128703
    ));
#8425 = CARTESIAN_POINT('',(20.03738021151,180.42446810912,2.1066803432)
  );
#8426 = CARTESIAN_POINT('',(20.00968956771,180.29580147088,
    1.853062426375));
#8427 = CARTESIAN_POINT('',(19.964637396,180.09123010867,1.327642088871)
  );
#8428 = CARTESIAN_POINT('',(19.9473144343,180.01528095659,1.058093581614
    ));
#8429 = CARTESIAN_POINT('',(19.92424520886,179.91480759221,
    0.503802003146));
#8430 = CARTESIAN_POINT('',(19.91871622797,179.89121093192,
    0.216293147478));
#8431 = CARTESIAN_POINT('',(19.92071454032,179.89980843098,
    -0.346256937309));
#8432 = CARTESIAN_POINT('',(19.92790625416,179.93055676898,
    -0.625864838241));
#8433 = CARTESIAN_POINT('',(19.95470958861,180.0477897288,
    -1.182670893547));
#8434 = CARTESIAN_POINT('',(19.97403113236,180.13310593512,
    -1.452738169137));
#8435 = CARTESIAN_POINT('',(20.02160912597,180.35116362258,
    -1.967011825876));
#8436 = CARTESIAN_POINT('',(20.05032747701,180.4860744107,
    -2.215597202355));
#8437 = CARTESIAN_POINT('',(20.11382480907,180.80122489249,
    -2.68075937328));
#8438 = CARTESIAN_POINT('',(20.14796418632,180.9783406488,
    -2.893755827879));
#8439 = CARTESIAN_POINT('',(20.21840227609,181.37143812037,
    -3.283897853729));
#8440 = CARTESIAN_POINT('',(20.5984432465,181.31091208587,
    -2.518297847419));
#8441 = CARTESIAN_POINT('',(20.66791947495,181.65959119861,
    -2.857774596499));
#8442 = CARTESIAN_POINT('',(20.70417525962,181.85412859991,
    -3.013054311086));
#8443 = CARTESIAN_POINT('',(20.77300258766,182.26227876396,
    -3.277741174232));
#8444 = CARTESIAN_POINT('',(20.80604450822,182.47779033362,
    -3.389840328596));
#8445 = CARTESIAN_POINT('',(20.86710961851,182.93411558579,
    -3.572660649764));
#8446 = CARTESIAN_POINT('',(20.89459160577,183.17190760658,
    -3.641559542521));
#8447 = CARTESIAN_POINT('',(20.94022078125,183.65093655174,
    -3.730915394778));
#8448 = CARTESIAN_POINT('',(20.95880637062,183.89552112936,
    -3.752631802127));
#8449 = CARTESIAN_POINT('',(20.98610557751,184.39171547677,
    -3.746861064968));
#8450 = CARTESIAN_POINT('',(20.99440197236,184.63561013904,
    -3.719500688298));
#8451 = CARTESIAN_POINT('',(21.00141218483,185.11415699553,
    -3.618638300496));
#8452 = CARTESIAN_POINT('',(20.99998033899,185.35263061604,
    -3.543264080021));
#8453 = CARTESIAN_POINT('',(20.98888450586,185.80549506952,
    -3.34873205702));
#8454 = CARTESIAN_POINT('',(20.97942836989,186.01955174581,
    -3.230752745732));
#8455 = CARTESIAN_POINT('',(20.95510606125,186.42523292778,
    -2.952448113514));
#8456 = CARTESIAN_POINT('',(20.94016450112,186.61633929804,
    -2.791245232436));
#8457 = CARTESIAN_POINT('',(20.90912024109,186.95705586544,
    -2.441042924048));
#8458 = CARTESIAN_POINT('',(20.8928130169,187.11028056706,
    -2.249936535975));
#8459 = CARTESIAN_POINT('',(20.86145279688,187.38028420307,
    -1.834062300327));
#8460 = CARTESIAN_POINT('',(20.84690698041,187.49306517432,
    -1.615230364346));
#8461 = CARTESIAN_POINT('',(20.8225613441,187.6740674534,-1.161339755876
    ));
#8462 = CARTESIAN_POINT('',(20.81262881825,187.743172917,-0.922659867939
    ));
#8463 = CARTESIAN_POINT('',(20.7995888329,187.83272332641,
    -0.436181418557));
#8464 = CARTESIAN_POINT('',(20.79652787585,187.85297418923,
    -0.192390402583));
#8465 = CARTESIAN_POINT('',(20.79752167681,187.84630349362,
    0.297909150101));
#8466 = CARTESIAN_POINT('',(20.80177548534,187.81803913158,
    0.547424995765));
#8467 = CARTESIAN_POINT('',(20.81666234775,187.71496118126,
    1.026550776419));
#8468 = CARTESIAN_POINT('',(20.82721412287,187.64072759415,
    1.259670496175));
#8469 = CARTESIAN_POINT('',(20.85315094797,187.44473023452,
    1.713668688549));
#8470 = CARTESIAN_POINT('',(20.86834157087,187.32406374646,
    1.930818240178));
#8471 = CARTESIAN_POINT('',(20.89989794698,187.0444221085,2.335330959754
    ));
#8472 = CARTESIAN_POINT('',(20.91653938798,186.88236758917,
    2.526177355606));
#8473 = CARTESIAN_POINT('',(20.94700791479,186.53049102849,2.86606833113
    ));
#8474 = CARTESIAN_POINT('',(20.96107514528,186.339160223,3.018257178782)
  );
#8475 = CARTESIAN_POINT('',(20.98396426709,185.9228485639,3.286522523551
    ));
#8476 = CARTESIAN_POINT('',(20.99243632308,185.70227821108,
    3.399280865719));
#8477 = CARTESIAN_POINT('',(21.00092248037,185.24729454047,3.57853825392
    ));
#8478 = CARTESIAN_POINT('',(21.00101701818,185.0094148738,3.646517572868
    ));
#8479 = CARTESIAN_POINT('',(20.99094014457,184.52124141932,
    3.734499095274));
#8480 = CARTESIAN_POINT('',(20.98093924137,184.27722907547,
    3.753664231907));
#8481 = CARTESIAN_POINT('',(20.95109989687,183.78834897834,
    3.745130695487));
#8482 = CARTESIAN_POINT('',(20.93076954702,183.53972425892,
    3.716077590918));
#8483 = CARTESIAN_POINT('',(20.88225875084,183.06159722233,
    3.611552520255));
#8484 = CARTESIAN_POINT('',(20.85411605027,182.82994127034,
    3.536859473461));
#8485 = CARTESIAN_POINT('',(20.7914056544,182.37956121029,3.341134781147
    ));
#8486 = CARTESIAN_POINT('',(20.75715661045,182.16366843302,
    3.220638639246));
#8487 = CARTESIAN_POINT('',(20.68783239111,181.76473375874,
    2.944041506584));
#8488 = CARTESIAN_POINT('',(20.65225433434,181.57824667043,
    2.786382963062));
#8489 = CARTESIAN_POINT('',(20.58252455549,181.23531900191,
    2.432439679654));
#8490 = CARTESIAN_POINT('',(20.5494460087,181.08387951669,2.241402633792
    ));
#8491 = CARTESIAN_POINT('',(20.489425677,180.81962481052,1.833384524125)
  );
#8492 = CARTESIAN_POINT('',(20.4621360964,180.70549696058,1.612676168379
    ));
#8493 = CARTESIAN_POINT('',(20.41774058371,180.52404130074,
    1.155425045611));
#8494 = CARTESIAN_POINT('',(20.40067247282,180.45667408309,
    0.920843959922));
#8495 = CARTESIAN_POINT('',(20.37794320791,180.36755378557,
    0.438453812952));
#8496 = CARTESIAN_POINT('',(20.37249612361,180.3466234486,0.188237680138
    ));
#8497 = CARTESIAN_POINT('',(20.3744648964,180.35424946649,
    -0.301343820326));
#8498 = CARTESIAN_POINT('',(20.38155013253,180.38152337176,
    -0.544683485966));
#8499 = CARTESIAN_POINT('',(20.40795890808,180.48550950088,
    -1.029260537853));
#8500 = CARTESIAN_POINT('',(20.42699672183,180.56118533514,
    -1.264291947351));
#8501 = CARTESIAN_POINT('',(20.47388300035,180.75460342231,
    -1.711839803636));
#8502 = CARTESIAN_POINT('',(20.50218668732,180.87426985951,
    -1.928167026911));
#8503 = CARTESIAN_POINT('',(20.56478205026,181.1538096641,
    -2.332953806387));
#8504 = CARTESIAN_POINT('',(20.5984432465,181.31091208587,
    -2.518297847419));
#8505 = CARTESIAN_POINT('',(20.66791947495,181.65959119861,
    -2.857774596499));
#8506 = ADVANCED_FACE('',(#8507),#8540,.F.);
#8507 = FACE_BOUND('',#8508,.F.);
#8508 = EDGE_LOOP('',(#8509,#8510,#8519,#8533));
#8509 = ORIENTED_EDGE('',*,*,#5768,.F.);
#8510 = ORIENTED_EDGE('',*,*,#8511,.T.);
#8511 = EDGE_CURVE('',#5769,#8512,#8514,.T.);
#8512 = VERTEX_POINT('',#8513);
#8513 = CARTESIAN_POINT('',(24.,149.10001,-17.68869695596));
#8514 = CIRCLE('',#8515,26.7);
#8515 = AXIS2_PLACEMENT_3D('',#8516,#8517,#8518);
#8516 = CARTESIAN_POINT('',(44.,149.10001,-1.494360302168E-14));
#8517 = DIRECTION('',(0.,1.,-1.110223024625E-16));
#8518 = DIRECTION('',(0.,1.110223024625E-16,1.));
#8519 = ORIENTED_EDGE('',*,*,#8520,.F.);
#8520 = EDGE_CURVE('',#8521,#8512,#8523,.T.);
#8521 = VERTEX_POINT('',#8522);
#8522 = CARTESIAN_POINT('',(24.87177978871,148.90001,-18.3401524407));
#8523 = B_SPLINE_CURVE_WITH_KNOTS('',3,(#8524,#8525,#8526,#8527,#8528,
    #8529,#8530,#8531,#8532),.UNSPECIFIED.,.F.,.F.,(4,1,1,1,1,1,4),(0.,
    0.113555326359,0.248206664441,0.404042569682,0.581182881952,
    0.77977883177,1.),.UNSPECIFIED.);
#8524 = CARTESIAN_POINT('',(24.87177978871,148.90001,-18.3401524407));
#8525 = CARTESIAN_POINT('',(24.84352506071,148.91316429827,
    -18.31173713935));
#8526 = CARTESIAN_POINT('',(24.78176651517,148.94191666597,
    -18.24962761623));
#8527 = CARTESIAN_POINT('',(24.67297311882,148.98416836912,
    -18.15512992928));
#8528 = CARTESIAN_POINT('',(24.54055243566,149.02703631072,
    -18.0511317098));
#8529 = CARTESIAN_POINT('',(24.38257302748,149.06514525339,-17.938859085
    ));
#8530 = CARTESIAN_POINT('',(24.19924577175,149.0941075575,
    -17.81769923002));
#8531 = CARTESIAN_POINT('',(24.06866276648,149.09797593911,
    -17.73315287059));
#8532 = CARTESIAN_POINT('',(24.,149.10001,-17.68869695596));
#8533 = ORIENTED_EDGE('',*,*,#8534,.T.);
#8534 = EDGE_CURVE('',#8521,#5631,#8535,.T.);
#8535 = CIRCLE('',#8536,26.5);
#8536 = AXIS2_PLACEMENT_3D('',#8537,#8538,#8539);
#8537 = CARTESIAN_POINT('',(44.,148.90001,-1.492139856119E-14));
#8538 = DIRECTION('',(0.,-1.,1.110223024625E-16));
#8539 = DIRECTION('',(0.,1.110223024625E-16,1.));
#8540 = TOROIDAL_SURFACE('',#8541,26.7,0.2);
#8541 = AXIS2_PLACEMENT_3D('',#8542,#8543,#8544);
#8542 = CARTESIAN_POINT('',(44.,148.90001,-1.492139856119E-14));
#8543 = DIRECTION('',(0.,1.,-1.110223024625E-16));
#8544 = DIRECTION('',(0.,1.110223024625E-16,1.));
#8545 = ADVANCED_FACE('',(#8546),#8558,.F.);
#8546 = FACE_BOUND('',#8547,.F.);
#8547 = EDGE_LOOP('',(#8548,#8549,#8556,#8557));
#8548 = ORIENTED_EDGE('',*,*,#5753,.F.);
#8549 = ORIENTED_EDGE('',*,*,#8550,.F.);
#8550 = EDGE_CURVE('',#1901,#5754,#8551,.T.);
#8551 = CIRCLE('',#8552,0.3);
#8552 = AXIS2_PLACEMENT_3D('',#8553,#8554,#8555);
#8553 = CARTESIAN_POINT('',(70.8,149.10001,7.7));
#8554 = DIRECTION('',(0.,-1.,1.110223024625E-16));
#8555 = DIRECTION('',(0.,1.110223024625E-16,1.));
#8556 = ORIENTED_EDGE('',*,*,#1908,.F.);
#8557 = ORIENTED_EDGE('',*,*,#2328,.F.);
#8558 = CYLINDRICAL_SURFACE('',#8559,0.3);
#8559 = AXIS2_PLACEMENT_3D('',#8560,#8561,#8562);
#8560 = CARTESIAN_POINT('',(70.8,162.10001,7.7));
#8561 = DIRECTION('',(0.,1.,-1.110223024625E-16));
#8562 = DIRECTION('',(0.,1.110223024625E-16,1.));
#8563 = ADVANCED_FACE('',(#8564),#8635,.F.);
#8564 = FACE_BOUND('',#8565,.T.);
#8565 = EDGE_LOOP('',(#8566,#8577,#8586,#8593,#8594,#8603,#8612,#8621,
    #8627,#8628));
#8566 = ORIENTED_EDGE('',*,*,#8567,.F.);
#8567 = EDGE_CURVE('',#8568,#8570,#8572,.T.);
#8568 = VERTEX_POINT('',#8569);
#8569 = CARTESIAN_POINT('',(48.627756813578,11.17001,-9.519999999999));
#8570 = VERTEX_POINT('',#8571);
#8571 = CARTESIAN_POINT('',(50.100000000004,11.17001,-10.37));
#8572 = CIRCLE('',#8573,1.7);
#8573 = AXIS2_PLACEMENT_3D('',#8574,#8575,#8576);
#8574 = CARTESIAN_POINT('',(50.1,11.17001,-8.670000000001));
#8575 = DIRECTION('',(0.,-1.,1.110223024625E-16));
#8576 = DIRECTION('',(-1.,0.,0.));
#8577 = ORIENTED_EDGE('',*,*,#8578,.F.);
#8578 = EDGE_CURVE('',#8579,#8568,#8581,.T.);
#8579 = VERTEX_POINT('',#8580);
#8580 = CARTESIAN_POINT('',(48.829621771908,11.17001,-9.997608906102));
#8581 = CIRCLE('',#8582,2.10098297883);
#8582 = AXIS2_PLACEMENT_3D('',#8583,#8584,#8585);
#8583 = CARTESIAN_POINT('',(46.808252180995,11.17001,-10.57049148941));
#8584 = DIRECTION('',(0.,-1.,1.110223024625E-16));
#8585 = DIRECTION('',(1.,0.,0.));
#8586 = ORIENTED_EDGE('',*,*,#8587,.F.);
#8587 = EDGE_CURVE('',#4948,#8579,#8588,.T.);
#8588 = CIRCLE('',#8589,0.12);
#8589 = AXIS2_PLACEMENT_3D('',#8590,#8591,#8592);
#8590 = CARTESIAN_POINT('',(48.714168979879,11.17001,-10.03032973758));
#8591 = DIRECTION('',(0.,-1.,1.110223024625E-16));
#8592 = DIRECTION('',(1.,0.,0.));
#8593 = ORIENTED_EDGE('',*,*,#4947,.T.);
#8594 = ORIENTED_EDGE('',*,*,#8595,.T.);
#8595 = EDGE_CURVE('',#4940,#8596,#8598,.T.);
#8596 = VERTEX_POINT('',#8597);
#8597 = CARTESIAN_POINT('',(48.821235272913,11.17001,-10.17511985327));
#8598 = CIRCLE('',#8599,5.499999999707E-02);
#8599 = AXIS2_PLACEMENT_3D('',#8600,#8601,#8602);
#8600 = CARTESIAN_POINT('',(48.856846442526,11.17001,-10.13320512318));
#8601 = DIRECTION('',(0.,-1.,1.110223024625E-16));
#8602 = DIRECTION('',(1.,0.,0.));
#8603 = ORIENTED_EDGE('',*,*,#8604,.F.);
#8604 = EDGE_CURVE('',#8605,#8596,#8607,.T.);
#8605 = VERTEX_POINT('',#8606);
#8606 = CARTESIAN_POINT('',(49.435910334887,11.17001,-10.53000266576));
#8607 = CIRCLE('',#8608,1.974999999999);
#8608 = AXIS2_PLACEMENT_3D('',#8609,#8610,#8611);
#8609 = CARTESIAN_POINT('',(50.100000000014,11.17001,-8.669999999999));
#8610 = DIRECTION('',(8.326672684682E-16,1.,3.697183691345E-16));
#8611 = DIRECTION('',(-0.500000000001,9.614813431887E-17,0.866025403784)
  );
#8612 = ORIENTED_EDGE('',*,*,#8613,.F.);
#8613 = EDGE_CURVE('',#8614,#8605,#8616,.T.);
#8614 = VERTEX_POINT('',#8615);
#8615 = CARTESIAN_POINT('',(49.502035368338,11.17001,-10.50570512318));
#8616 = CIRCLE('',#8617,5.499999999707E-02);
#8617 = AXIS2_PLACEMENT_3D('',#8618,#8619,#8620);
#8618 = CARTESIAN_POINT('',(49.45440397113,11.17001,-10.47820512318));
#8619 = DIRECTION('',(8.326672684682E-16,1.,3.697183691345E-16));
#8620 = DIRECTION('',(-0.500000000001,9.614813431887E-17,0.866025403784)
  );
#8621 = ORIENTED_EDGE('',*,*,#8622,.F.);
#8622 = EDGE_CURVE('',#4661,#8614,#8623,.T.);
#8623 = LINE('',#8624,#8625);
#8624 = CARTESIAN_POINT('',(49.502035368338,11.17001,-10.50570512318));
#8625 = VECTOR('',#8626,1.);
#8626 = DIRECTION('',(-0.5,1.118431410553E-16,-0.866025403784));
#8627 = ORIENTED_EDGE('',*,*,#4660,.T.);
#8628 = ORIENTED_EDGE('',*,*,#8629,.T.);
#8629 = EDGE_CURVE('',#4653,#8570,#8630,.T.);
#8630 = CIRCLE('',#8631,2.10098297883);
#8631 = AXIS2_PLACEMENT_3D('',#8632,#8633,#8634);
#8632 = CARTESIAN_POINT('',(50.100000000008,11.17001,-12.47098297883));
#8633 = DIRECTION('',(8.326672684682E-16,1.,3.697183691345E-16));
#8634 = DIRECTION('',(-0.500000000001,9.614813431887E-17,0.866025403784)
  );
#8635 = PLANE('',#8636);
#8636 = AXIS2_PLACEMENT_3D('',#8637,#8638,#8639);
#8637 = CARTESIAN_POINT('',(48.211250413647,11.17001,-9.015000000001));
#8638 = DIRECTION('',(0.,1.,-1.110223024625E-16));
#8639 = DIRECTION('',(-1.,0.,0.));
#8640 = ADVANCED_FACE('',(#8641),#8668,.T.);
#8641 = FACE_BOUND('',#8642,.T.);
#8642 = EDGE_LOOP('',(#8643,#8652,#8653,#8662));
#8643 = ORIENTED_EDGE('',*,*,#8644,.T.);
#8644 = EDGE_CURVE('',#8645,#6671,#8647,.T.);
#8645 = VERTEX_POINT('',#8646);
#8646 = CARTESIAN_POINT('',(43.384932153039,9.50001,-9.106375364906));
#8647 = CIRCLE('',#8648,0.12);
#8648 = AXIS2_PLACEMENT_3D('',#8649,#8650,#8651);
#8649 = CARTESIAN_POINT('',(43.47099562035,9.50001,-9.189999999999));
#8650 = DIRECTION('',(8.838452764881E-16,1.,3.992660058399E-16));
#8651 = DIRECTION('',(-0.5,9.614813431938E-17,0.866025403784));
#8652 = ORIENTED_EDGE('',*,*,#6694,.T.);
#8653 = ORIENTED_EDGE('',*,*,#8654,.T.);
#8654 = EDGE_CURVE('',#6687,#8655,#8657,.T.);
#8655 = VERTEX_POINT('',#8656);
#8656 = CARTESIAN_POINT('',(43.384932153039,11.17001,-9.106375364906));
#8657 = CIRCLE('',#8658,0.12);
#8658 = AXIS2_PLACEMENT_3D('',#8659,#8660,#8661);
#8659 = CARTESIAN_POINT('',(43.47099562035,11.17001,-9.189999999999));
#8660 = DIRECTION('',(-8.838452764881E-16,-1.,-3.992660058399E-16));
#8661 = DIRECTION('',(-0.5,9.614813431938E-17,0.866025403784));
#8662 = ORIENTED_EDGE('',*,*,#8663,.F.);
#8663 = EDGE_CURVE('',#8645,#8655,#8664,.T.);
#8664 = LINE('',#8665,#8666);
#8665 = CARTESIAN_POINT('',(43.384932153039,11.17001,-9.106375364906));
#8666 = VECTOR('',#8667,1.);
#8667 = DIRECTION('',(0.,1.,-1.110223024625E-16));
#8668 = CYLINDRICAL_SURFACE('',#8669,0.12);
#8669 = AXIS2_PLACEMENT_3D('',#8670,#8671,#8672);
#8670 = CARTESIAN_POINT('',(43.47099562035,11.17001,-9.189999999999));
#8671 = DIRECTION('',(0.,-1.,1.110223024625E-16));
#8672 = DIRECTION('',(1.,0.,0.));
#8673 = ADVANCED_FACE('',(#8674),#8693,.F.);
#8674 = FACE_BOUND('',#8675,.F.);
#8675 = EDGE_LOOP('',(#8676,#8677,#8678,#8685,#8692));
#8676 = ORIENTED_EDGE('',*,*,#5605,.F.);
#8677 = ORIENTED_EDGE('',*,*,#5614,.F.);
#8678 = ORIENTED_EDGE('',*,*,#8679,.T.);
#8679 = EDGE_CURVE('',#5606,#8680,#8682,.T.);
#8680 = VERTEX_POINT('',#8681);
#8681 = CARTESIAN_POINT('',(37.462647432716,9.00499382008,
    14.382236800429));
#8682 = B_SPLINE_CURVE_WITH_KNOTS('',1,(#8683,#8684),.UNSPECIFIED.,.F.,
  .F.,(2,2),(3.9,8.),.PIECEWISE_BEZIER_KNOTS.);
#8683 = CARTESIAN_POINT('',(41.500359220066,9.00499382008,
    15.094194328863));
#8684 = CARTESIAN_POINT('',(37.462647432716,9.00499382008,
    14.382236800429));
#8685 = ORIENTED_EDGE('',*,*,#8686,.T.);
#8686 = EDGE_CURVE('',#8680,#8680,#8687,.T.);
#8687 = CIRCLE('',#8688,2.);
#8688 = AXIS2_PLACEMENT_3D('',#8689,#8690,#8691);
#8689 = CARTESIAN_POINT('',(37.126603824695,8.50001,16.288034805195));
#8690 = DIRECTION('',(0.984807753012,-1.734723475977E-16,0.173648177667)
  );
#8691 = DIRECTION('',(0.16802180401,0.252491910037,-0.952899002383));
#8692 = ORIENTED_EDGE('',*,*,#8679,.F.);
#8693 = CYLINDRICAL_SURFACE('',#8694,2.);
#8694 = AXIS2_PLACEMENT_3D('',#8695,#8696,#8697);
#8695 = CARTESIAN_POINT('',(45.005065848793,8.50001,17.677220226531));
#8696 = DIRECTION('',(-0.984807753012,1.52774746908E-16,-0.173648177667)
  );
#8697 = DIRECTION('',(0.16802180401,0.252491910037,-0.952899002383));
#8698 = ADVANCED_FACE('',(#8699),#8735,.F.);
#8699 = FACE_BOUND('',#8700,.F.);
#8700 = EDGE_LOOP('',(#8701,#8711,#8720,#8728));
#8701 = ORIENTED_EDGE('',*,*,#8702,.T.);
#8702 = EDGE_CURVE('',#8703,#8705,#8707,.T.);
#8703 = VERTEX_POINT('',#8704);
#8704 = CARTESIAN_POINT('',(32.39078495471,9.50001,-23.23429487682));
#8705 = VERTEX_POINT('',#8706);
#8706 = CARTESIAN_POINT('',(32.39078495471,11.17001,-23.23429487682));
#8707 = LINE('',#8708,#8709);
#8708 = CARTESIAN_POINT('',(32.39078495471,11.17001,-23.23429487682));
#8709 = VECTOR('',#8710,1.);
#8710 = DIRECTION('',(0.,1.,-1.110223024625E-16));
#8711 = ORIENTED_EDGE('',*,*,#8712,.F.);
#8712 = EDGE_CURVE('',#8713,#8705,#8715,.T.);
#8713 = VERTEX_POINT('',#8714);
#8714 = CARTESIAN_POINT('',(32.37876472712,11.17001,-23.16488014672));
#8715 = CIRCLE('',#8716,5.5E-02);
#8716 = AXIS2_PLACEMENT_3D('',#8717,#8718,#8719);
#8717 = CARTESIAN_POINT('',(32.3431535575,11.17001,-23.20679487682));
#8718 = DIRECTION('',(-8.326672684704E-16,1.,3.697183691308E-16));
#8719 = DIRECTION('',(-0.499999999997,-9.614813431913E-17,
    -0.866025403786));
#8720 = ORIENTED_EDGE('',*,*,#8721,.F.);
#8721 = EDGE_CURVE('',#8722,#8713,#8724,.T.);
#8722 = VERTEX_POINT('',#8723);
#8723 = CARTESIAN_POINT('',(32.37876472712,9.50001,-23.16488014672));
#8724 = LINE('',#8725,#8726);
#8725 = CARTESIAN_POINT('',(32.37876472712,11.17001,-23.16488014672));
#8726 = VECTOR('',#8727,1.);
#8727 = DIRECTION('',(0.,1.,-1.110223024625E-16));
#8728 = ORIENTED_EDGE('',*,*,#8729,.F.);
#8729 = EDGE_CURVE('',#8703,#8722,#8730,.T.);
#8730 = CIRCLE('',#8731,5.5E-02);
#8731 = AXIS2_PLACEMENT_3D('',#8732,#8733,#8734);
#8732 = CARTESIAN_POINT('',(32.3431535575,9.50001,-23.20679487682));
#8733 = DIRECTION('',(8.326672684704E-16,-1.,-3.697183691308E-16));
#8734 = DIRECTION('',(-0.499999999997,-9.614813431913E-17,
    -0.866025403786));
#8735 = CYLINDRICAL_SURFACE('',#8736,5.5E-02);
#8736 = AXIS2_PLACEMENT_3D('',#8737,#8738,#8739);
#8737 = CARTESIAN_POINT('',(32.3431535575,11.17001,-23.20679487682));
#8738 = DIRECTION('',(0.,-1.,1.110223024625E-16));
#8739 = DIRECTION('',(1.,0.,0.));
#8740 = ADVANCED_FACE('',(#8741),#8766,.T.);
#8741 = FACE_BOUND('',#8742,.T.);
#8742 = EDGE_LOOP('',(#8743,#8751,#8752,#8760));
#8743 = ORIENTED_EDGE('',*,*,#8744,.F.);
#8744 = EDGE_CURVE('',#8703,#8745,#8747,.T.);
#8745 = VERTEX_POINT('',#8746);
#8746 = CARTESIAN_POINT('',(32.3819079717,9.50001,-23.24967026242));
#8747 = LINE('',#8748,#8749);
#8748 = CARTESIAN_POINT('',(32.39078495471,9.50001,-23.23429487682));
#8749 = VECTOR('',#8750,1.);
#8750 = DIRECTION('',(-0.499999999999,1.118431410543E-16,-0.866025403785
    ));
#8751 = ORIENTED_EDGE('',*,*,#8702,.T.);
#8752 = ORIENTED_EDGE('',*,*,#8753,.F.);
#8753 = EDGE_CURVE('',#8754,#8705,#8756,.T.);
#8754 = VERTEX_POINT('',#8755);
#8755 = CARTESIAN_POINT('',(32.3819079717,11.17001,-23.24967026242));
#8756 = LINE('',#8757,#8758);
#8757 = CARTESIAN_POINT('',(32.39078495471,11.17001,-23.23429487682));
#8758 = VECTOR('',#8759,1.);
#8759 = DIRECTION('',(0.499999999999,-1.118431410543E-16,0.866025403785)
  );
#8760 = ORIENTED_EDGE('',*,*,#8761,.F.);
#8761 = EDGE_CURVE('',#8745,#8754,#8762,.T.);
#8762 = LINE('',#8763,#8764);
#8763 = CARTESIAN_POINT('',(32.3819079717,11.17001,-23.24967026242));
#8764 = VECTOR('',#8765,1.);
#8765 = DIRECTION('',(0.,1.,-1.110223024625E-16));
#8766 = PLANE('',#8767);
#8767 = AXIS2_PLACEMENT_3D('',#8768,#8769,#8770);
#8768 = CARTESIAN_POINT('',(32.39078495471,11.17001,-23.23429487682));
#8769 = DIRECTION('',(-0.866025403785,5.551115123115E-17,0.499999999999)
  );
#8770 = DIRECTION('',(0.,-1.,1.110223024625E-16));
#8771 = ADVANCED_FACE('',(#8772),#8799,.F.);
#8772 = FACE_BOUND('',#8773,.F.);
#8773 = EDGE_LOOP('',(#8774,#8775,#8784,#8792));
#8774 = ORIENTED_EDGE('',*,*,#8721,.T.);
#8775 = ORIENTED_EDGE('',*,*,#8776,.T.);
#8776 = EDGE_CURVE('',#8713,#8777,#8779,.T.);
#8777 = VERTEX_POINT('',#8778);
#8778 = CARTESIAN_POINT('',(31.76408966514,11.17001,-22.80999733422));
#8779 = CIRCLE('',#8780,1.974999999996);
#8780 = AXIS2_PLACEMENT_3D('',#8781,#8782,#8783);
#8781 = CARTESIAN_POINT('',(31.10000000002,11.17001,-24.66999999999));
#8782 = DIRECTION('',(-7.814892604496E-16,-1.,5.622153373519E-16));
#8783 = DIRECTION('',(-0.5,-9.614813431899E-17,-0.866025403784));
#8784 = ORIENTED_EDGE('',*,*,#8785,.F.);
#8785 = EDGE_CURVE('',#8786,#8777,#8788,.T.);
#8786 = VERTEX_POINT('',#8787);
#8787 = CARTESIAN_POINT('',(31.76408966514,9.50001,-22.80999733422));
#8788 = LINE('',#8789,#8790);
#8789 = CARTESIAN_POINT('',(31.76408966514,11.17001,-22.80999733422));
#8790 = VECTOR('',#8791,1.);
#8791 = DIRECTION('',(0.,1.,-1.110223024625E-16));
#8792 = ORIENTED_EDGE('',*,*,#8793,.F.);
#8793 = EDGE_CURVE('',#8722,#8786,#8794,.T.);
#8794 = CIRCLE('',#8795,1.974999999996);
#8795 = AXIS2_PLACEMENT_3D('',#8796,#8797,#8798);
#8796 = CARTESIAN_POINT('',(31.10000000002,9.50001,-24.66999999999));
#8797 = DIRECTION('',(8.326672684704E-16,-1.,-3.697183691308E-16));
#8798 = DIRECTION('',(-0.499999999997,-9.614813431913E-17,
    -0.866025403786));
#8799 = CYLINDRICAL_SURFACE('',#8800,1.974999999996);
#8800 = AXIS2_PLACEMENT_3D('',#8801,#8802,#8803);
#8801 = CARTESIAN_POINT('',(31.10000000002,11.17001,-24.66999999999));
#8802 = DIRECTION('',(0.,-1.,1.110223024625E-16));
#8803 = DIRECTION('',(1.,0.,0.));
#8804 = ADVANCED_FACE('',(#8805),#8839,.T.);
#8805 = FACE_BOUND('',#8806,.T.);
#8806 = EDGE_LOOP('',(#8807,#8816,#8824,#8831,#8838));
#8807 = ORIENTED_EDGE('',*,*,#8808,.F.);
#8808 = EDGE_CURVE('',#8809,#476,#8811,.T.);
#8809 = VERTEX_POINT('',#8810);
#8810 = CARTESIAN_POINT('',(31.61455392493,9.50001,-26.433984271));
#8811 = CIRCLE('',#8812,2.10098297883);
#8812 = AXIS2_PLACEMENT_3D('',#8813,#8814,#8815);
#8813 = CARTESIAN_POINT('',(31.10000000001,9.50001,-28.47098297883));
#8814 = DIRECTION('',(-8.326672684682E-16,-1.,-3.697183691345E-16));
#8815 = DIRECTION('',(-0.500000000001,9.614813431887E-17,0.866025403784)
  );
#8816 = ORIENTED_EDGE('',*,*,#8817,.T.);
#8817 = EDGE_CURVE('',#8809,#8818,#8820,.T.);
#8818 = VERTEX_POINT('',#8819);
#8819 = CARTESIAN_POINT('',(31.61455392493,11.17001,-26.433984271));
#8820 = LINE('',#8821,#8822);
#8821 = CARTESIAN_POINT('',(31.61455392493,11.17001,-26.433984271));
#8822 = VECTOR('',#8823,1.);
#8823 = DIRECTION('',(0.,1.,-1.110223024625E-16));
#8824 = ORIENTED_EDGE('',*,*,#8825,.F.);
#8825 = EDGE_CURVE('',#3977,#8818,#8826,.T.);
#8826 = CIRCLE('',#8827,2.10098297883);
#8827 = AXIS2_PLACEMENT_3D('',#8828,#8829,#8830);
#8828 = CARTESIAN_POINT('',(31.10000000001,11.17001,-28.47098297883));
#8829 = DIRECTION('',(8.326672684682E-16,1.,3.697183691345E-16));
#8830 = DIRECTION('',(-0.500000000001,9.614813431887E-17,0.866025403784)
  );
#8831 = ORIENTED_EDGE('',*,*,#8832,.F.);
#8832 = EDGE_CURVE('',#487,#3977,#8833,.T.);
#8833 = CIRCLE('',#8834,2.10098297883);
#8834 = AXIS2_PLACEMENT_3D('',#8835,#8836,#8837);
#8835 = CARTESIAN_POINT('',(31.10000000001,11.17001,-28.47098297883));
#8836 = DIRECTION('',(8.326672684682E-16,1.,3.697183691345E-16));
#8837 = DIRECTION('',(-0.500000000001,9.614813431887E-17,0.866025403784)
  );
#8838 = ORIENTED_EDGE('',*,*,#486,.F.);
#8839 = CYLINDRICAL_SURFACE('',#8840,2.10098297883);
#8840 = AXIS2_PLACEMENT_3D('',#8841,#8842,#8843);
#8841 = CARTESIAN_POINT('',(31.10000000001,11.17001,-28.47098297883));
#8842 = DIRECTION('',(0.,-1.,1.110223024625E-16));
#8843 = DIRECTION('',(1.,0.,0.));
#8844 = ADVANCED_FACE('',(#8845),#8872,.T.);
#8845 = FACE_BOUND('',#8846,.T.);
#8846 = EDGE_LOOP('',(#8847,#8856,#8864,#8871));
#8847 = ORIENTED_EDGE('',*,*,#8848,.F.);
#8848 = EDGE_CURVE('',#8849,#8809,#8851,.T.);
#8849 = VERTEX_POINT('',#8850);
#8850 = CARTESIAN_POINT('',(31.68908764867,9.50001,-26.49032973758));
#8851 = CIRCLE('',#8852,0.12);
#8852 = AXIS2_PLACEMENT_3D('',#8853,#8854,#8855);
#8853 = CARTESIAN_POINT('',(31.58516460022,9.50001,-26.55032973758));
#8854 = DIRECTION('',(-8.326672684682E-16,-1.,-3.697183691345E-16));
#8855 = DIRECTION('',(-0.500000000001,9.614813431887E-17,0.866025403784)
  );
#8856 = ORIENTED_EDGE('',*,*,#8857,.T.);
#8857 = EDGE_CURVE('',#8849,#8858,#8860,.T.);
#8858 = VERTEX_POINT('',#8859);
#8859 = CARTESIAN_POINT('',(31.68908764867,11.17001,-26.49032973758));
#8860 = LINE('',#8861,#8862);
#8861 = CARTESIAN_POINT('',(31.68908764867,11.17001,-26.49032973758));
#8862 = VECTOR('',#8863,1.);
#8863 = DIRECTION('',(0.,1.,-1.110223024625E-16));
#8864 = ORIENTED_EDGE('',*,*,#8865,.F.);
#8865 = EDGE_CURVE('',#8818,#8858,#8866,.T.);
#8866 = CIRCLE('',#8867,0.12);
#8867 = AXIS2_PLACEMENT_3D('',#8868,#8869,#8870);
#8868 = CARTESIAN_POINT('',(31.58516460022,11.17001,-26.55032973758));
#8869 = DIRECTION('',(8.326672684682E-16,1.,3.697183691345E-16));
#8870 = DIRECTION('',(-0.500000000001,9.614813431887E-17,0.866025403784)
  );
#8871 = ORIENTED_EDGE('',*,*,#8817,.F.);
#8872 = CYLINDRICAL_SURFACE('',#8873,0.12);
#8873 = AXIS2_PLACEMENT_3D('',#8874,#8875,#8876);
#8874 = CARTESIAN_POINT('',(31.58516460022,11.17001,-26.55032973758));
#8875 = DIRECTION('',(0.,-1.,1.110223024625E-16));
#8876 = DIRECTION('',(1.,0.,0.));
#8877 = ADVANCED_FACE('',(#8878),#8896,.T.);
#8878 = FACE_BOUND('',#8879,.T.);
#8879 = EDGE_LOOP('',(#8880,#8889,#8894,#8895));
#8880 = ORIENTED_EDGE('',*,*,#8881,.T.);
#8881 = EDGE_CURVE('',#8882,#8882,#8884,.T.);
#8882 = VERTEX_POINT('',#8883);
#8883 = CARTESIAN_POINT('',(42.173699371241,4.44128804104,
    20.946940973267));
#8884 = CIRCLE('',#8885,5.5);
#8885 = AXIS2_PLACEMENT_3D('',#8886,#8887,#8888);
#8886 = CARTESIAN_POINT('',(42.818230696385,8.50001,17.2916221868));
#8887 = DIRECTION('',(0.984807753012,-1.804112415016E-16,0.173648177667)
  );
#8888 = DIRECTION('',(-0.117187513663,-0.737949447085,0.664603415721));
#8889 = ORIENTED_EDGE('',*,*,#8890,.F.);
#8890 = EDGE_CURVE('',#5032,#8882,#8891,.T.);
#8891 = B_SPLINE_CURVE_WITH_KNOTS('',1,(#8892,#8893),.UNSPECIFIED.,.F.,
  .F.,(2,2),(8.321490023838E-15,0.282842712475),
  .PIECEWISE_BEZIER_KNOTS.);
#8892 = CARTESIAN_POINT('',(42.394098424576,4.58887793045,
    20.848749925656));
#8893 = CARTESIAN_POINT('',(42.173699371085,4.44128804117,
    20.946940973116));
#8894 = ORIENTED_EDGE('',*,*,#5031,.T.);
#8895 = ORIENTED_EDGE('',*,*,#8890,.T.);
#8896 = CONICAL_SURFACE('',#8897,5.3,0.7853981625);
#8897 = AXIS2_PLACEMENT_3D('',#8898,#8899,#8900);
#8898 = CARTESIAN_POINT('',(43.015192246988,8.50001,17.326351822333));
#8899 = DIRECTION('',(-0.984807753012,2.521094502451E-16,-0.173648177667
    ));
#8900 = DIRECTION('',(-0.117187513663,-0.737949447085,0.664603415721));
#8901 = ADVANCED_FACE('',(#8902),#8929,.F.);
#8902 = FACE_BOUND('',#8903,.F.);
#8903 = EDGE_LOOP('',(#8904,#8914,#8921,#8922));
#8904 = ORIENTED_EDGE('',*,*,#8905,.T.);
#8905 = EDGE_CURVE('',#8906,#8908,#8910,.T.);
#8906 = VERTEX_POINT('',#8907);
#8907 = CARTESIAN_POINT('',(43.542854392236,9.50001,-9.024882812498));
#8908 = VERTEX_POINT('',#8909);
#8909 = CARTESIAN_POINT('',(43.542854392236,11.17001,-9.024882812498));
#8910 = LINE('',#8911,#8912);
#8911 = CARTESIAN_POINT('',(43.542854392236,11.17001,-9.024882812498));
#8912 = VECTOR('',#8913,1.);
#8913 = DIRECTION('',(0.,1.,-1.110223024625E-16));
#8914 = ORIENTED_EDGE('',*,*,#8915,.F.);
#8915 = EDGE_CURVE('',#6437,#8908,#8916,.T.);
#8916 = CIRCLE('',#8917,1.974999999996);
#8917 = AXIS2_PLACEMENT_3D('',#8918,#8919,#8920);
#8918 = CARTESIAN_POINT('',(41.600000000014,11.17001,-8.669999999999));
#8919 = DIRECTION('',(-8.326672684704E-16,1.,3.697183691308E-16));
#8920 = DIRECTION('',(-0.499999999997,-9.614813431913E-17,
    -0.866025403786));
#8921 = ORIENTED_EDGE('',*,*,#6434,.F.);
#8922 = ORIENTED_EDGE('',*,*,#8923,.T.);
#8923 = EDGE_CURVE('',#6435,#8906,#8924,.T.);
#8924 = CIRCLE('',#8925,1.974999999996);
#8925 = AXIS2_PLACEMENT_3D('',#8926,#8927,#8928);
#8926 = CARTESIAN_POINT('',(41.600000000014,9.50001,-8.669999999999));
#8927 = DIRECTION('',(8.838452764881E-16,1.,3.992660058399E-16));
#8928 = DIRECTION('',(-0.5,9.614813431938E-17,0.866025403784));
#8929 = CYLINDRICAL_SURFACE('',#8930,1.974999999996);
#8930 = AXIS2_PLACEMENT_3D('',#8931,#8932,#8933);
#8931 = CARTESIAN_POINT('',(41.600000000014,11.17001,-8.669999999999));
#8932 = DIRECTION('',(0.,-1.,1.110223024625E-16));
#8933 = DIRECTION('',(1.,0.,0.));
#8934 = ADVANCED_FACE('',(#8935),#8954,.F.);
#8935 = FACE_BOUND('',#8936,.F.);
#8936 = EDGE_LOOP('',(#8937,#8945,#8946,#8947));
#8937 = ORIENTED_EDGE('',*,*,#8938,.T.);
#8938 = EDGE_CURVE('',#8939,#4823,#8941,.T.);
#8939 = VERTEX_POINT('',#8940);
#8940 = CARTESIAN_POINT('',(42.264089665132,9.50001,-10.53000266577));
#8941 = LINE('',#8942,#8943);
#8942 = CARTESIAN_POINT('',(42.264089665132,11.17001,-10.53000266577));
#8943 = VECTOR('',#8944,1.);
#8944 = DIRECTION('',(0.,1.,-1.110223024625E-16));
#8945 = ORIENTED_EDGE('',*,*,#4831,.T.);
#8946 = ORIENTED_EDGE('',*,*,#4548,.F.);
#8947 = ORIENTED_EDGE('',*,*,#8948,.F.);
#8948 = EDGE_CURVE('',#8939,#4549,#8949,.T.);
#8949 = CIRCLE('',#8950,1.975);
#8950 = AXIS2_PLACEMENT_3D('',#8951,#8952,#8953);
#8951 = CARTESIAN_POINT('',(41.600000000014,9.50001,-8.669999999999));
#8952 = DIRECTION('',(-8.326672684682E-16,-1.,-3.697183691345E-16));
#8953 = DIRECTION('',(-0.500000000001,9.614813431887E-17,0.866025403784)
  );
#8954 = CYLINDRICAL_SURFACE('',#8955,1.975);
#8955 = AXIS2_PLACEMENT_3D('',#8956,#8957,#8958);
#8956 = CARTESIAN_POINT('',(41.600000000014,11.17001,-8.669999999999));
#8957 = DIRECTION('',(0.,-1.,1.110223024625E-16));
#8958 = DIRECTION('',(1.,0.,0.));
#8959 = ADVANCED_FACE('',(#8960),#8987,.T.);
#8960 = FACE_BOUND('',#8961,.T.);
#8961 = EDGE_LOOP('',(#8962,#8971,#8972,#8981));
#8962 = ORIENTED_EDGE('',*,*,#8963,.F.);
#8963 = EDGE_CURVE('',#8745,#8964,#8966,.T.);
#8964 = VERTEX_POINT('',#8965);
#8965 = CARTESIAN_POINT('',(32.37037822812,9.50001,-23.3423910939));
#8966 = CIRCLE('',#8967,0.12);
#8967 = AXIS2_PLACEMENT_3D('',#8968,#8969,#8970);
#8968 = CARTESIAN_POINT('',(32.48583102015,9.50001,-23.30967026242));
#8969 = DIRECTION('',(8.326672684704E-16,-1.,-3.697183691308E-16));
#8970 = DIRECTION('',(-0.499999999997,-9.614813431913E-17,
    -0.866025403786));
#8971 = ORIENTED_EDGE('',*,*,#8761,.T.);
#8972 = ORIENTED_EDGE('',*,*,#8973,.F.);
#8973 = EDGE_CURVE('',#8974,#8754,#8976,.T.);
#8974 = VERTEX_POINT('',#8975);
#8975 = CARTESIAN_POINT('',(32.37037822812,11.17001,-23.3423910939));
#8976 = CIRCLE('',#8977,0.12);
#8977 = AXIS2_PLACEMENT_3D('',#8978,#8979,#8980);
#8978 = CARTESIAN_POINT('',(32.48583102015,11.17001,-23.30967026242));
#8979 = DIRECTION('',(-8.326672684704E-16,1.,3.697183691308E-16));
#8980 = DIRECTION('',(-0.499999999997,-9.614813431913E-17,
    -0.866025403786));
#8981 = ORIENTED_EDGE('',*,*,#8982,.F.);
#8982 = EDGE_CURVE('',#8964,#8974,#8983,.T.);
#8983 = LINE('',#8984,#8985);
#8984 = CARTESIAN_POINT('',(32.37037822812,11.17001,-23.3423910939));
#8985 = VECTOR('',#8986,1.);
#8986 = DIRECTION('',(0.,1.,-1.110223024625E-16));
#8987 = CYLINDRICAL_SURFACE('',#8988,0.12);
#8988 = AXIS2_PLACEMENT_3D('',#8989,#8990,#8991);
#8989 = CARTESIAN_POINT('',(32.48583102015,11.17001,-23.30967026242));
#8990 = DIRECTION('',(0.,-1.,1.110223024625E-16));
#8991 = DIRECTION('',(1.,0.,0.));
#8992 = ADVANCED_FACE('',(#8993),#9012,.T.);
#8993 = FACE_BOUND('',#8994,.T.);
#8994 = EDGE_LOOP('',(#8995,#9002,#9003,#9010,#9011));
#8995 = ORIENTED_EDGE('',*,*,#8996,.F.);
#8996 = EDGE_CURVE('',#8964,#7424,#8997,.T.);
#8997 = CIRCLE('',#8998,2.10098297883);
#8998 = AXIS2_PLACEMENT_3D('',#8999,#9000,#9001);
#8999 = CARTESIAN_POINT('',(34.391747819032,9.50001,-22.76950851058));
#9000 = DIRECTION('',(8.326672684704E-16,-1.,-3.697183691308E-16));
#9001 = DIRECTION('',(-0.499999999997,-9.614813431913E-17,
    -0.866025403786));
#9002 = ORIENTED_EDGE('',*,*,#8982,.T.);
#9003 = ORIENTED_EDGE('',*,*,#9004,.F.);
#9004 = EDGE_CURVE('',#2030,#8974,#9005,.T.);
#9005 = CIRCLE('',#9006,2.10098297883);
#9006 = AXIS2_PLACEMENT_3D('',#9007,#9008,#9009);
#9007 = CARTESIAN_POINT('',(34.391747819032,11.17001,-22.76950851058));
#9008 = DIRECTION('',(-8.326672684704E-16,1.,3.697183691308E-16));
#9009 = DIRECTION('',(-0.499999999997,-9.614813431913E-17,
    -0.866025403786));
#9010 = ORIENTED_EDGE('',*,*,#2108,.F.);
#9011 = ORIENTED_EDGE('',*,*,#7432,.F.);
#9012 = CYLINDRICAL_SURFACE('',#9013,2.10098297883);
#9013 = AXIS2_PLACEMENT_3D('',#9014,#9015,#9016);
#9014 = CARTESIAN_POINT('',(34.391747819032,11.17001,-22.76950851058));
#9015 = DIRECTION('',(0.,-1.,1.110223024625E-16));
#9016 = DIRECTION('',(1.,0.,0.));
#9017 = ADVANCED_FACE('',(#9018),#9045,.T.);
#9018 = FACE_BOUND('',#9019,.T.);
#9019 = EDGE_LOOP('',(#9020,#9029,#9037,#9044));
#9020 = ORIENTED_EDGE('',*,*,#9021,.T.);
#9021 = EDGE_CURVE('',#2631,#9022,#9024,.T.);
#9022 = VERTEX_POINT('',#9023);
#9023 = CARTESIAN_POINT('',(32.37037822812,9.50001,-25.99760890609));
#9024 = CIRCLE('',#9025,0.12);
#9025 = AXIS2_PLACEMENT_3D('',#9026,#9027,#9028);
#9026 = CARTESIAN_POINT('',(32.48583102015,9.50001,-26.03032973758));
#9027 = DIRECTION('',(8.838452764881E-16,1.,3.992660058399E-16));
#9028 = DIRECTION('',(-0.5,9.614813431938E-17,0.866025403784));
#9029 = ORIENTED_EDGE('',*,*,#9030,.T.);
#9030 = EDGE_CURVE('',#9022,#9031,#9033,.T.);
#9031 = VERTEX_POINT('',#9032);
#9032 = CARTESIAN_POINT('',(32.37037822812,11.17001,-25.99760890609));
#9033 = LINE('',#9034,#9035);
#9034 = CARTESIAN_POINT('',(32.37037822812,11.17001,-25.99760890609));
#9035 = VECTOR('',#9036,1.);
#9036 = DIRECTION('',(0.,1.,-1.110223024625E-16));
#9037 = ORIENTED_EDGE('',*,*,#9038,.T.);
#9038 = EDGE_CURVE('',#9031,#2639,#9039,.T.);
#9039 = CIRCLE('',#9040,0.12);
#9040 = AXIS2_PLACEMENT_3D('',#9041,#9042,#9043);
#9041 = CARTESIAN_POINT('',(32.48583102015,11.17001,-26.03032973758));
#9042 = DIRECTION('',(-8.838452764881E-16,-1.,-3.992660058399E-16));
#9043 = DIRECTION('',(-0.5,9.614813431938E-17,0.866025403784));
#9044 = ORIENTED_EDGE('',*,*,#2638,.F.);
#9045 = CYLINDRICAL_SURFACE('',#9046,0.12);
#9046 = AXIS2_PLACEMENT_3D('',#9047,#9048,#9049);
#9047 = CARTESIAN_POINT('',(32.48583102015,11.17001,-26.03032973758));
#9048 = DIRECTION('',(0.,-1.,1.110223024625E-16));
#9049 = DIRECTION('',(1.,0.,0.));
#9050 = ADVANCED_FACE('',(#9051),#9070,.T.);
#9051 = FACE_BOUND('',#9052,.T.);
#9052 = EDGE_LOOP('',(#9053,#9060,#9061,#9062,#9069));
#9053 = ORIENTED_EDGE('',*,*,#9054,.T.);
#9054 = EDGE_CURVE('',#9022,#6979,#9055,.T.);
#9055 = CIRCLE('',#9056,2.10098297883);
#9056 = AXIS2_PLACEMENT_3D('',#9057,#9058,#9059);
#9057 = CARTESIAN_POINT('',(34.391747819032,9.50001,-26.57049148941));
#9058 = DIRECTION('',(8.838452764881E-16,1.,3.992660058399E-16));
#9059 = DIRECTION('',(-0.5,9.614813431938E-17,0.866025403784));
#9060 = ORIENTED_EDGE('',*,*,#6996,.T.);
#9061 = ORIENTED_EDGE('',*,*,#2038,.T.);
#9062 = ORIENTED_EDGE('',*,*,#9063,.T.);
#9063 = EDGE_CURVE('',#2028,#9031,#9064,.T.);
#9064 = CIRCLE('',#9065,2.10098297883);
#9065 = AXIS2_PLACEMENT_3D('',#9066,#9067,#9068);
#9066 = CARTESIAN_POINT('',(34.391747819032,11.17001,-26.57049148941));
#9067 = DIRECTION('',(-8.838452764881E-16,-1.,-3.992660058399E-16));
#9068 = DIRECTION('',(-0.5,9.614813431938E-17,0.866025403784));
#9069 = ORIENTED_EDGE('',*,*,#9030,.F.);
#9070 = CYLINDRICAL_SURFACE('',#9071,2.10098297883);
#9071 = AXIS2_PLACEMENT_3D('',#9072,#9073,#9074);
#9072 = CARTESIAN_POINT('',(34.391747819032,11.17001,-26.57049148941));
#9073 = DIRECTION('',(0.,-1.,1.110223024625E-16));
#9074 = DIRECTION('',(1.,0.,0.));
#9075 = ADVANCED_FACE('',(#9076),#9087,.T.);
#9076 = FACE_BOUND('',#9077,.T.);
#9077 = EDGE_LOOP('',(#9078,#9079,#9085,#9086));
#9078 = ORIENTED_EDGE('',*,*,#853,.T.);
#9079 = ORIENTED_EDGE('',*,*,#9080,.F.);
#9080 = EDGE_CURVE('',#1676,#845,#9081,.T.);
#9081 = LINE('',#9082,#9083);
#9082 = CARTESIAN_POINT('',(49.,206.10001,6.27));
#9083 = VECTOR('',#9084,1.);
#9084 = DIRECTION('',(1.,0.,0.));
#9085 = ORIENTED_EDGE('',*,*,#6624,.T.);
#9086 = ORIENTED_EDGE('',*,*,#4361,.F.);
#9087 = PLANE('',#9088);
#9088 = AXIS2_PLACEMENT_3D('',#9089,#9090,#9091);
#9089 = CARTESIAN_POINT('',(49.,206.10001,6.27));
#9090 = DIRECTION('',(0.,0.5,-0.866025403784));
#9091 = DIRECTION('',(1.,0.,0.));
#9092 = ADVANCED_FACE('',(#9093),#9097,.T.);
#9093 = FACE_BOUND('',#9094,.T.);
#9094 = EDGE_LOOP('',(#9095,#9096));
#9095 = ORIENTED_EDGE('',*,*,#950,.T.);
#9096 = ORIENTED_EDGE('',*,*,#887,.F.);
#9097 = PLANE('',#9098);
#9098 = AXIS2_PLACEMENT_3D('',#9099,#9100,#9101);
#9099 = CARTESIAN_POINT('',(64.87,206.10001,9.15));
#9100 = DIRECTION('',(0.866025403784,0.5,1.768205091195E-16));
#9101 = DIRECTION('',(-2.682734932894E-16,1.110223024621E-16,1.));
#9102 = ADVANCED_FACE('',(#9103),#9113,.F.);
#9103 = FACE_BOUND('',#9104,.T.);
#9104 = EDGE_LOOP('',(#9105,#9106,#9112));
#9105 = ORIENTED_EDGE('',*,*,#2988,.T.);
#9106 = ORIENTED_EDGE('',*,*,#9107,.F.);
#9107 = EDGE_CURVE('',#984,#2971,#9108,.T.);
#9108 = LINE('',#9109,#9110);
#9109 = CARTESIAN_POINT('',(64.87,202.60001,22.0825));
#9110 = VECTOR('',#9111,1.);
#9111 = DIRECTION('',(-2.682734932885E-16,1.110223024625E-16,1.));
#9112 = ORIENTED_EDGE('',*,*,#983,.T.);
#9113 = PLANE('',#9114);
#9114 = AXIS2_PLACEMENT_3D('',#9115,#9116,#9117);
#9115 = CARTESIAN_POINT('',(64.87,201.10001,9.15));
#9116 = DIRECTION('',(-1.,-2.978434091455E-32,-2.682734932885E-16));
#9117 = DIRECTION('',(0.,1.,-1.110223024625E-16));
#9118 = ADVANCED_FACE('',(#9119),#9130,.F.);
#9119 = FACE_BOUND('',#9120,.T.);
#9120 = EDGE_LOOP('',(#9121,#9122,#9123,#9124));
#9121 = ORIENTED_EDGE('',*,*,#1675,.T.);
#9122 = ORIENTED_EDGE('',*,*,#9080,.T.);
#9123 = ORIENTED_EDGE('',*,*,#1000,.F.);
#9124 = ORIENTED_EDGE('',*,*,#9125,.F.);
#9125 = EDGE_CURVE('',#1656,#992,#9126,.T.);
#9126 = LINE('',#9127,#9128);
#9127 = CARTESIAN_POINT('',(61.99,202.60001,6.27));
#9128 = VECTOR('',#9129,1.);
#9129 = DIRECTION('',(1.,0.,0.));
#9130 = PLANE('',#9131);
#9131 = AXIS2_PLACEMENT_3D('',#9132,#9133,#9134);
#9132 = CARTESIAN_POINT('',(49.,201.10001,6.27));
#9133 = DIRECTION('',(0.,1.110223024625E-16,1.));
#9134 = DIRECTION('',(-1.,0.,0.));
#9135 = ADVANCED_FACE('',(#9136),#9142,.T.);
#9136 = FACE_BOUND('',#9137,.T.);
#9137 = EDGE_LOOP('',(#9138,#9139,#9140,#9141));
#9138 = ORIENTED_EDGE('',*,*,#2123,.F.);
#9139 = ORIENTED_EDGE('',*,*,#4075,.T.);
#9140 = ORIENTED_EDGE('',*,*,#6192,.F.);
#9141 = ORIENTED_EDGE('',*,*,#1617,.F.);
#9142 = PLANE('',#9143);
#9143 = AXIS2_PLACEMENT_3D('',#9144,#9145,#9146);
#9144 = CARTESIAN_POINT('',(49.,201.10001,-6.27));
#9145 = DIRECTION('',(0.,1.110223024625E-16,1.));
#9146 = DIRECTION('',(-1.,0.,0.));
#9147 = ADVANCED_FACE('',(#9148),#9169,.T.);
#9148 = FACE_BOUND('',#9149,.T.);
#9149 = EDGE_LOOP('',(#9150,#9151,#9152,#9153,#9161,#9168));
#9150 = ORIENTED_EDGE('',*,*,#2155,.F.);
#9151 = ORIENTED_EDGE('',*,*,#2140,.F.);
#9152 = ORIENTED_EDGE('',*,*,#1646,.F.);
#9153 = ORIENTED_EDGE('',*,*,#9154,.F.);
#9154 = EDGE_CURVE('',#9155,#1647,#9157,.T.);
#9155 = VERTEX_POINT('',#9156);
#9156 = CARTESIAN_POINT('',(61.99,201.10001,4.77));
#9157 = LINE('',#9158,#9159);
#9158 = CARTESIAN_POINT('',(49.,201.10001,4.77));
#9159 = VECTOR('',#9160,1.);
#9160 = DIRECTION('',(-1.,0.,0.));
#9161 = ORIENTED_EDGE('',*,*,#9162,.F.);
#9162 = EDGE_CURVE('',#2945,#9155,#9163,.T.);
#9163 = CIRCLE('',#9164,4.38);
#9164 = AXIS2_PLACEMENT_3D('',#9165,#9166,#9167);
#9165 = CARTESIAN_POINT('',(61.99,201.10001,9.15));
#9166 = DIRECTION('',(0.,1.,-1.110223024625E-16));
#9167 = DIRECTION('',(0.,1.110223024625E-16,1.));
#9168 = ORIENTED_EDGE('',*,*,#2944,.F.);
#9169 = PLANE('',#9170);
#9170 = AXIS2_PLACEMENT_3D('',#9171,#9172,#9173);
#9171 = CARTESIAN_POINT('',(61.99,201.10001,-9.15));
#9172 = DIRECTION('',(0.,1.,-1.110223024625E-16));
#9173 = DIRECTION('',(-1.,0.,0.));
#9174 = ADVANCED_FACE('',(#9175),#9209,.T.);
#9175 = FACE_BOUND('',#9176,.T.);
#9176 = EDGE_LOOP('',(#9177,#9186,#9187,#9194,#9203));
#9177 = ORIENTED_EDGE('',*,*,#9178,.T.);
#9178 = EDGE_CURVE('',#9179,#7154,#9181,.T.);
#9179 = VERTEX_POINT('',#9180);
#9180 = CARTESIAN_POINT('',(31.61455392493,9.50001,-22.90601572899));
#9181 = CIRCLE('',#9182,2.10098297883);
#9182 = AXIS2_PLACEMENT_3D('',#9183,#9184,#9185);
#9183 = CARTESIAN_POINT('',(31.10000000001,9.50001,-20.86901702117));
#9184 = DIRECTION('',(7.814892604496E-16,1.,-5.622153373519E-16));
#9185 = DIRECTION('',(-0.5,-9.614813431899E-17,-0.866025403784));
#9186 = ORIENTED_EDGE('',*,*,#7172,.T.);
#9187 = ORIENTED_EDGE('',*,*,#9188,.T.);
#9188 = EDGE_CURVE('',#7164,#4000,#9189,.T.);
#9189 = CIRCLE('',#9190,2.10098297883);
#9190 = AXIS2_PLACEMENT_3D('',#9191,#9192,#9193);
#9191 = CARTESIAN_POINT('',(31.10000000001,11.17001,-20.86901702117));
#9192 = DIRECTION('',(-7.814892604496E-16,-1.,5.622153373519E-16));
#9193 = DIRECTION('',(-0.5,-9.614813431899E-17,-0.866025403784));
#9194 = ORIENTED_EDGE('',*,*,#9195,.T.);
#9195 = EDGE_CURVE('',#4000,#9196,#9198,.T.);
#9196 = VERTEX_POINT('',#9197);
#9197 = CARTESIAN_POINT('',(31.61455392493,11.17001,-22.90601572899));
#9198 = CIRCLE('',#9199,2.10098297883);
#9199 = AXIS2_PLACEMENT_3D('',#9200,#9201,#9202);
#9200 = CARTESIAN_POINT('',(31.10000000001,11.17001,-20.86901702117));
#9201 = DIRECTION('',(-7.814892604496E-16,-1.,5.622153373519E-16));
#9202 = DIRECTION('',(-0.5,-9.614813431899E-17,-0.866025403784));
#9203 = ORIENTED_EDGE('',*,*,#9204,.F.);
#9204 = EDGE_CURVE('',#9179,#9196,#9205,.T.);
#9205 = LINE('',#9206,#9207);
#9206 = CARTESIAN_POINT('',(31.61455392493,11.17001,-22.90601572899));
#9207 = VECTOR('',#9208,1.);
#9208 = DIRECTION('',(0.,1.,-1.110223024625E-16));
#9209 = CYLINDRICAL_SURFACE('',#9210,2.10098297883);
#9210 = AXIS2_PLACEMENT_3D('',#9211,#9212,#9213);
#9211 = CARTESIAN_POINT('',(31.10000000001,11.17001,-20.86901702117));
#9212 = DIRECTION('',(0.,-1.,1.110223024625E-16));
#9213 = DIRECTION('',(1.,0.,0.));
#9214 = ADVANCED_FACE('',(#9215),#9241,.T.);
#9215 = FACE_BOUND('',#9216,.T.);
#9216 = EDGE_LOOP('',(#9217,#9226,#9233,#9240));
#9217 = ORIENTED_EDGE('',*,*,#9218,.T.);
#9218 = EDGE_CURVE('',#9219,#9219,#9221,.T.);
#9219 = VERTEX_POINT('',#9220);
#9220 = CARTESIAN_POINT('',(50.1,16.50001,-11.17));
#9221 = CIRCLE('',#9222,2.5);
#9222 = AXIS2_PLACEMENT_3D('',#9223,#9224,#9225);
#9223 = CARTESIAN_POINT('',(50.1,16.50001,-8.670000000001));
#9224 = DIRECTION('',(0.,-1.,1.110223024625E-16));
#9225 = DIRECTION('',(0.,-1.110223024625E-16,-1.));
#9226 = ORIENTED_EDGE('',*,*,#9227,.T.);
#9227 = EDGE_CURVE('',#9219,#9228,#9230,.T.);
#9228 = VERTEX_POINT('',#9229);
#9229 = CARTESIAN_POINT('',(50.1,13.25001,-11.17));
#9230 = B_SPLINE_CURVE_WITH_KNOTS('',1,(#9231,#9232),.UNSPECIFIED.,.F.,
  .F.,(2,2),(6.,9.25),.PIECEWISE_BEZIER_KNOTS.);
#9231 = CARTESIAN_POINT('',(50.1,16.50001,-11.17));
#9232 = CARTESIAN_POINT('',(50.1,13.25001,-11.17));
#9233 = ORIENTED_EDGE('',*,*,#9234,.F.);
#9234 = EDGE_CURVE('',#9228,#9228,#9235,.T.);
#9235 = CIRCLE('',#9236,2.5);
#9236 = AXIS2_PLACEMENT_3D('',#9237,#9238,#9239);
#9237 = CARTESIAN_POINT('',(50.1,13.25001,-8.670000000001));
#9238 = DIRECTION('',(0.,-1.,1.110223024625E-16));
#9239 = DIRECTION('',(0.,-1.110223024625E-16,-1.));
#9240 = ORIENTED_EDGE('',*,*,#9227,.F.);
#9241 = CYLINDRICAL_SURFACE('',#9242,2.5);
#9242 = AXIS2_PLACEMENT_3D('',#9243,#9244,#9245);
#9243 = CARTESIAN_POINT('',(50.1,22.50001,-8.670000000001));
#9244 = DIRECTION('',(0.,-1.,1.110223024625E-16));
#9245 = DIRECTION('',(0.,-1.110223024625E-16,-1.));
#9246 = ADVANCED_FACE('',(#9247),#9283,.F.);
#9247 = FACE_BOUND('',#9248,.F.);
#9248 = EDGE_LOOP('',(#9249,#9250,#9257,#9266,#9275,#9282));
#9249 = ORIENTED_EDGE('',*,*,#5020,.F.);
#9250 = ORIENTED_EDGE('',*,*,#9251,.F.);
#9251 = EDGE_CURVE('',#9252,#5021,#9254,.T.);
#9252 = VERTEX_POINT('',#9253);
#9253 = CARTESIAN_POINT('',(43.50757307908,12.18975723516,
    13.986838167153));
#9254 = B_SPLINE_CURVE_WITH_KNOTS('',1,(#9255,#9256),.UNSPECIFIED.,.F.,
  .F.,(2,2),(0.572756492761,0.707106781187),.PIECEWISE_BEZIER_KNOTS.);
#9255 = CARTESIAN_POINT('',(43.50757307908,12.18975723516,
    13.986838167153));
#9256 = CARTESIAN_POINT('',(43.612262629488,12.25986243257,
    13.940197419609));
#9257 = ORIENTED_EDGE('',*,*,#9258,.F.);
#9258 = EDGE_CURVE('',#9259,#9252,#9261,.T.);
#9259 = VERTEX_POINT('',#9260);
#9260 = CARTESIAN_POINT('',(42.335697942138,4.81026276458,
    20.632872324061));
#9261 = CIRCLE('',#9262,5.);
#9262 = AXIS2_PLACEMENT_3D('',#9263,#9264,#9265);
#9263 = CARTESIAN_POINT('',(42.921635510452,8.50001,17.309855245455));
#9264 = DIRECTION('',(-0.984807753012,6.398790634407E-17,-0.173648177667
    ));
#9265 = DIRECTION('',(0.173648177667,-1.093356242223E-16,-0.984807753012
    ));
#9266 = ORIENTED_EDGE('',*,*,#9267,.F.);
#9267 = EDGE_CURVE('',#9268,#9259,#9270,.T.);
#9268 = VERTEX_POINT('',#9269);
#9269 = CARTESIAN_POINT('',(43.789876398786,8.50001,12.385816480394));
#9270 = CIRCLE('',#9271,5.);
#9271 = AXIS2_PLACEMENT_3D('',#9272,#9273,#9274);
#9272 = CARTESIAN_POINT('',(42.921635510452,8.50001,17.309855245455));
#9273 = DIRECTION('',(-0.984807753012,6.398790634407E-17,-0.173648177667
    ));
#9274 = DIRECTION('',(0.173648177667,-1.093356242223E-16,-0.984807753012
    ));
#9275 = ORIENTED_EDGE('',*,*,#9276,.F.);
#9276 = EDGE_CURVE('',#9252,#9268,#9277,.T.);
#9277 = CIRCLE('',#9278,5.);
#9278 = AXIS2_PLACEMENT_3D('',#9279,#9280,#9281);
#9279 = CARTESIAN_POINT('',(42.921635510452,8.50001,17.309855245455));
#9280 = DIRECTION('',(-0.984807753012,6.398790634407E-17,-0.173648177667
    ));
#9281 = DIRECTION('',(0.173648177667,-1.093356242223E-16,-0.984807753012
    ));
#9282 = ORIENTED_EDGE('',*,*,#9251,.T.);
#9283 = CONICAL_SURFACE('',#9284,4.595,0.7853981625);
#9284 = AXIS2_PLACEMENT_3D('',#9285,#9286,#9287);
#9285 = CARTESIAN_POINT('',(42.522788370482,8.50001,17.2395277335));
#9286 = DIRECTION('',(0.984807753012,-2.4148217401E-16,0.173648177667));
#9287 = DIRECTION('',(0.117187513663,0.737949447085,-0.664603415721));
#9288 = ADVANCED_FACE('',(#9289),#9318,.F.);
#9289 = FACE_BOUND('',#9290,.T.);
#9290 = EDGE_LOOP('',(#9291,#9292,#9293,#9299,#9300,#9312));
#9291 = ORIENTED_EDGE('',*,*,#5902,.T.);
#9292 = ORIENTED_EDGE('',*,*,#8125,.F.);
#9293 = ORIENTED_EDGE('',*,*,#9294,.T.);
#9294 = EDGE_CURVE('',#8126,#3678,#9295,.T.);
#9295 = LINE('',#9296,#9297);
#9296 = CARTESIAN_POINT('',(44.,149.10001,-8.));
#9297 = VECTOR('',#9298,1.);
#9298 = DIRECTION('',(1.,0.,0.));
#9299 = ORIENTED_EDGE('',*,*,#3703,.T.);
#9300 = ORIENTED_EDGE('',*,*,#9301,.T.);
#9301 = EDGE_CURVE('',#3695,#9302,#9304,.T.);
#9302 = VERTEX_POINT('',#9303);
#9303 = CARTESIAN_POINT('',(71.768165442698,155.22501,-8.));
#9304 = B_SPLINE_CURVE_WITH_KNOTS('',3,(#9305,#9306,#9307,#9308,#9309,
    #9310,#9311),.UNSPECIFIED.,.F.,.F.,(4,3,4),(0.,0.989899737588,1.),
  .UNSPECIFIED.);
#9305 = CARTESIAN_POINT('',(74.467195473164,153.72251092524,-8.));
#9306 = CARTESIAN_POINT('',(73.577264392831,154.21946662074,-8.));
#9307 = CARTESIAN_POINT('',(72.686739313066,154.71536107059,-8.));
#9308 = CARTESIAN_POINT('',(71.795448183949,155.20987336993,-8.));
#9309 = CARTESIAN_POINT('',(71.786354017305,155.21491905827,-8.));
#9310 = CARTESIAN_POINT('',(71.777259770293,155.21996460176,-8.));
#9311 = CARTESIAN_POINT('',(71.768165442698,155.22501,-8.));
#9312 = ORIENTED_EDGE('',*,*,#9313,.T.);
#9313 = EDGE_CURVE('',#9302,#5894,#9314,.T.);
#9314 = LINE('',#9315,#9316);
#9315 = CARTESIAN_POINT('',(44.,155.22501,-8.));
#9316 = VECTOR('',#9317,1.);
#9317 = DIRECTION('',(-1.,0.,0.));
#9318 = PLANE('',#9319);
#9319 = AXIS2_PLACEMENT_3D('',#9320,#9321,#9322);
#9320 = CARTESIAN_POINT('',(80.5,162.10001,-8.));
#9321 = DIRECTION('',(0.,-1.074757566894E-15,-1.));
#9322 = DIRECTION('',(0.,-1.,1.074757566894E-15));
#9323 = ADVANCED_FACE('',(#9324),#9335,.F.);
#9324 = FACE_BOUND('',#9325,.F.);
#9325 = EDGE_LOOP('',(#9326,#9327,#9332,#9333,#9334));
#9326 = ORIENTED_EDGE('',*,*,#8686,.F.);
#9327 = ORIENTED_EDGE('',*,*,#9328,.T.);
#9328 = EDGE_CURVE('',#8680,#2729,#9329,.T.);
#9329 = B_SPLINE_CURVE_WITH_KNOTS('',1,(#9330,#9331),.UNSPECIFIED.,.F.,
  .F.,(2,2),(-3.140184915677E-15,0.707106781187),
  .PIECEWISE_BEZIER_KNOTS.);
#9330 = CARTESIAN_POINT('',(37.462647432716,9.00499382008,
    14.382236800429));
#9331 = CARTESIAN_POINT('',(37.054254457698,9.13123977498,
    13.818963210753));
#9332 = ORIENTED_EDGE('',*,*,#2726,.F.);
#9333 = ORIENTED_EDGE('',*,*,#2737,.F.);
#9334 = ORIENTED_EDGE('',*,*,#9328,.F.);
#9335 = CONICAL_SURFACE('',#9336,2.,0.7853981625);
#9336 = AXIS2_PLACEMENT_3D('',#9337,#9338,#9339);
#9337 = CARTESIAN_POINT('',(37.126603824695,8.50001,16.288034805195));
#9338 = DIRECTION('',(-0.984807753012,1.329224122068E-16,-0.173648177667
    ));
#9339 = DIRECTION('',(0.16802180401,0.252491910037,-0.952899002383));
#9340 = ADVANCED_FACE('',(#9341),#9360,.F.);
#9341 = FACE_BOUND('',#9342,.F.);
#9342 = EDGE_LOOP('',(#9343,#9344,#9353,#9359));
#9343 = ORIENTED_EDGE('',*,*,#7330,.F.);
#9344 = ORIENTED_EDGE('',*,*,#9345,.F.);
#9345 = EDGE_CURVE('',#9346,#7331,#9348,.T.);
#9346 = VERTEX_POINT('',#9347);
#9347 = CARTESIAN_POINT('',(17.2,170.10001,-1.));
#9348 = CIRCLE('',#9349,0.3);
#9349 = AXIS2_PLACEMENT_3D('',#9350,#9351,#9352);
#9350 = CARTESIAN_POINT('',(17.2,169.80001,-1.));
#9351 = DIRECTION('',(-0.,-1.110223024625E-16,-1.));
#9352 = DIRECTION('',(-1.,0.,0.));
#9353 = ORIENTED_EDGE('',*,*,#9354,.F.);
#9354 = EDGE_CURVE('',#6353,#9346,#9355,.T.);
#9355 = LINE('',#9356,#9357);
#9356 = CARTESIAN_POINT('',(17.2,170.10001,1.));
#9357 = VECTOR('',#9358,1.);
#9358 = DIRECTION('',(0.,-1.110223024625E-16,-1.));
#9359 = ORIENTED_EDGE('',*,*,#6379,.F.);
#9360 = CYLINDRICAL_SURFACE('',#9361,0.3);
#9361 = AXIS2_PLACEMENT_3D('',#9362,#9363,#9364);
#9362 = CARTESIAN_POINT('',(17.2,169.80001,1.));
#9363 = DIRECTION('',(0.,-1.110223024625E-16,-1.));
#9364 = DIRECTION('',(-1.,0.,0.));
#9365 = ADVANCED_FACE('',(#9366),#9393,.T.);
#9366 = FACE_BOUND('',#9367,.T.);
#9367 = EDGE_LOOP('',(#9368,#9377,#9378,#9387));
#9368 = ORIENTED_EDGE('',*,*,#9369,.F.);
#9369 = EDGE_CURVE('',#6313,#9370,#9372,.T.);
#9370 = VERTEX_POINT('',#9371);
#9371 = CARTESIAN_POINT('',(50.614553924928,9.50001,-10.433984271));
#9372 = CIRCLE('',#9373,0.12);
#9373 = AXIS2_PLACEMENT_3D('',#9374,#9375,#9376);
#9374 = CARTESIAN_POINT('',(50.585164600211,9.50001,-10.55032973758));
#9375 = DIRECTION('',(-8.326672684682E-16,-1.,-3.697183691345E-16));
#9376 = DIRECTION('',(-0.500000000001,9.614813431887E-17,0.866025403784)
  );
#9377 = ORIENTED_EDGE('',*,*,#6336,.T.);
#9378 = ORIENTED_EDGE('',*,*,#9379,.F.);
#9379 = EDGE_CURVE('',#9380,#6329,#9382,.T.);
#9380 = VERTEX_POINT('',#9381);
#9381 = CARTESIAN_POINT('',(50.614553924928,11.17001,-10.433984271));
#9382 = CIRCLE('',#9383,0.12);
#9383 = AXIS2_PLACEMENT_3D('',#9384,#9385,#9386);
#9384 = CARTESIAN_POINT('',(50.585164600211,11.17001,-10.55032973758));
#9385 = DIRECTION('',(8.326672684682E-16,1.,3.697183691345E-16));
#9386 = DIRECTION('',(-0.500000000001,9.614813431887E-17,0.866025403784)
  );
#9387 = ORIENTED_EDGE('',*,*,#9388,.F.);
#9388 = EDGE_CURVE('',#9370,#9380,#9389,.T.);
#9389 = LINE('',#9390,#9391);
#9390 = CARTESIAN_POINT('',(50.614553924928,11.17001,-10.433984271));
#9391 = VECTOR('',#9392,1.);
#9392 = DIRECTION('',(0.,1.,-1.110223024625E-16));
#9393 = CYLINDRICAL_SURFACE('',#9394,0.12);
#9394 = AXIS2_PLACEMENT_3D('',#9395,#9396,#9397);
#9395 = CARTESIAN_POINT('',(50.585164600211,11.17001,-10.55032973758));
#9396 = DIRECTION('',(0.,-1.,1.110223024625E-16));
#9397 = DIRECTION('',(1.,0.,0.));
#9398 = ADVANCED_FACE('',(#9399),#9417,.F.);
#9399 = FACE_BOUND('',#9400,.F.);
#9400 = EDGE_LOOP('',(#9401,#9402,#9409,#9410));
#9401 = ORIENTED_EDGE('',*,*,#7521,.T.);
#9402 = ORIENTED_EDGE('',*,*,#9403,.T.);
#9403 = EDGE_CURVE('',#7522,#1429,#9404,.T.);
#9404 = CIRCLE('',#9405,5.499999999707E-02);
#9405 = AXIS2_PLACEMENT_3D('',#9406,#9407,#9408);
#9406 = CARTESIAN_POINT('',(40.356846442526,11.17001,-10.13320512318));
#9407 = DIRECTION('',(0.,-1.,1.110223024625E-16));
#9408 = DIRECTION('',(1.,0.,0.));
#9409 = ORIENTED_EDGE('',*,*,#1426,.F.);
#9410 = ORIENTED_EDGE('',*,*,#9411,.T.);
#9411 = EDGE_CURVE('',#1427,#7512,#9412,.T.);
#9412 = CIRCLE('',#9413,5.499999999707E-02);
#9413 = AXIS2_PLACEMENT_3D('',#9414,#9415,#9416);
#9414 = CARTESIAN_POINT('',(40.356846442526,9.50001,-10.13320512318));
#9415 = DIRECTION('',(0.,1.,-1.110223024625E-16));
#9416 = DIRECTION('',(1.,0.,0.));
#9417 = CYLINDRICAL_SURFACE('',#9418,5.499999999707E-02);
#9418 = AXIS2_PLACEMENT_3D('',#9419,#9420,#9421);
#9419 = CARTESIAN_POINT('',(40.356846442526,11.17001,-10.13320512318));
#9420 = DIRECTION('',(0.,-1.,1.110223024625E-16));
#9421 = DIRECTION('',(1.,0.,0.));
#9422 = ADVANCED_FACE('',(#9423),#9448,.T.);
#9423 = FACE_BOUND('',#9424,.T.);
#9424 = EDGE_LOOP('',(#9425,#9433,#9441,#9447));
#9425 = ORIENTED_EDGE('',*,*,#9426,.T.);
#9426 = EDGE_CURVE('',#4279,#9427,#9429,.T.);
#9427 = VERTEX_POINT('',#9428);
#9428 = CARTESIAN_POINT('',(56.2,11.50001,-12.5));
#9429 = LINE('',#9430,#9431);
#9430 = CARTESIAN_POINT('',(34.40455488499,11.50001,-12.5));
#9431 = VECTOR('',#9432,1.);
#9432 = DIRECTION('',(1.,-2.245852685047E-30,-2.022884263101E-14));
#9433 = ORIENTED_EDGE('',*,*,#9434,.T.);
#9434 = EDGE_CURVE('',#9427,#9435,#9437,.T.);
#9435 = VERTEX_POINT('',#9436);
#9436 = CARTESIAN_POINT('',(56.2,16.50001,-12.5));
#9437 = LINE('',#9438,#9439);
#9438 = CARTESIAN_POINT('',(56.2,16.50001,-12.5));
#9439 = VECTOR('',#9440,1.);
#9440 = DIRECTION('',(0.,1.,-1.110223024625E-16));
#9441 = ORIENTED_EDGE('',*,*,#9442,.F.);
#9442 = EDGE_CURVE('',#4193,#9435,#9443,.T.);
#9443 = LINE('',#9444,#9445);
#9444 = CARTESIAN_POINT('',(53.1,16.50001,-12.5));
#9445 = VECTOR('',#9446,1.);
#9446 = DIRECTION('',(1.,-2.213139336854E-30,-1.993418698555E-14));
#9447 = ORIENTED_EDGE('',*,*,#4286,.T.);
#9448 = PLANE('',#9449);
#9449 = AXIS2_PLACEMENT_3D('',#9450,#9451,#9452);
#9450 = CARTESIAN_POINT('',(53.1,16.50001,-12.5));
#9451 = DIRECTION('',(7.921283978776E-42,1.110223024629E-16,1.));
#9452 = DIRECTION('',(-1.,1.993418698555E-14,-2.213139336854E-30));
#9453 = ADVANCED_FACE('',(#9454),#9480,.T.);
#9454 = FACE_BOUND('',#9455,.T.);
#9455 = EDGE_LOOP('',(#9456,#9467,#9473,#9474));
#9456 = ORIENTED_EDGE('',*,*,#9457,.F.);
#9457 = EDGE_CURVE('',#9458,#9460,#9462,.T.);
#9458 = VERTEX_POINT('',#9459);
#9459 = CARTESIAN_POINT('',(42.189087648665,9.50001,-10.49032973758));
#9460 = VERTEX_POINT('',#9461);
#9461 = CARTESIAN_POINT('',(42.114553924928,9.50001,-10.433984271));
#9462 = CIRCLE('',#9463,0.12);
#9463 = AXIS2_PLACEMENT_3D('',#9464,#9465,#9466);
#9464 = CARTESIAN_POINT('',(42.085164600211,9.50001,-10.55032973758));
#9465 = DIRECTION('',(-8.326672684682E-16,-1.,-3.697183691345E-16));
#9466 = DIRECTION('',(-0.500000000001,9.614813431887E-17,0.866025403784)
  );
#9467 = ORIENTED_EDGE('',*,*,#9468,.T.);
#9468 = EDGE_CURVE('',#9458,#4806,#9469,.T.);
#9469 = LINE('',#9470,#9471);
#9470 = CARTESIAN_POINT('',(42.189087648665,11.17001,-10.49032973758));
#9471 = VECTOR('',#9472,1.);
#9472 = DIRECTION('',(0.,1.,-1.110223024625E-16));
#9473 = ORIENTED_EDGE('',*,*,#4805,.F.);
#9474 = ORIENTED_EDGE('',*,*,#9475,.F.);
#9475 = EDGE_CURVE('',#9460,#4797,#9476,.T.);
#9476 = LINE('',#9477,#9478);
#9477 = CARTESIAN_POINT('',(42.114553924928,11.17001,-10.433984271));
#9478 = VECTOR('',#9479,1.);
#9479 = DIRECTION('',(0.,1.,-1.110223024625E-16));
#9480 = CYLINDRICAL_SURFACE('',#9481,0.12);
#9481 = AXIS2_PLACEMENT_3D('',#9482,#9483,#9484);
#9482 = CARTESIAN_POINT('',(42.085164600211,11.17001,-10.55032973758));
#9483 = DIRECTION('',(0.,-1.,1.110223024625E-16));
#9484 = DIRECTION('',(1.,0.,0.));
#9485 = ADVANCED_FACE('',(#9486,#9489),#9509,.T.);
#9486 = FACE_BOUND('',#9487,.T.);
#9487 = EDGE_LOOP('',(#9488));
#9488 = ORIENTED_EDGE('',*,*,#5589,.F.);
#9489 = FACE_BOUND('',#9490,.T.);
#9490 = EDGE_LOOP('',(#9491,#9502));
#9491 = ORIENTED_EDGE('',*,*,#9492,.F.);
#9492 = EDGE_CURVE('',#9493,#9495,#9497,.T.);
#9493 = VERTEX_POINT('',#9494);
#9494 = CARTESIAN_POINT('',(42.581907766398,9.29835971406,
    14.143321155845));
#9495 = VERTEX_POINT('',#9496);
#9496 = CARTESIAN_POINT('',(41.501587481551,8.50001,20.270121946664));
#9497 = CIRCLE('',#9498,3.161882350752);
#9498 = AXIS2_PLACEMENT_3D('',#9499,#9500,#9501);
#9499 = CARTESIAN_POINT('',(42.050642589756,8.50001,17.15627569353));
#9500 = DIRECTION('',(-0.984807753012,0.,-0.173648177667));
#9501 = DIRECTION('',(0.16802180401,0.252491910037,-0.952899002383));
#9502 = ORIENTED_EDGE('',*,*,#9503,.F.);
#9503 = EDGE_CURVE('',#9495,#9493,#9504,.T.);
#9504 = CIRCLE('',#9505,3.161882350752);
#9505 = AXIS2_PLACEMENT_3D('',#9506,#9507,#9508);
#9506 = CARTESIAN_POINT('',(42.050642589756,8.50001,17.15627569353));
#9507 = DIRECTION('',(-0.984807753012,0.,-0.173648177667));
#9508 = DIRECTION('',(0.16802180401,0.252491910037,-0.952899002383));
#9509 = PLANE('',#9510);
#9510 = AXIS2_PLACEMENT_3D('',#9511,#9512,#9513);
#9511 = CARTESIAN_POINT('',(41.519377413114,7.70166028595,
    20.169230231216));
#9512 = DIRECTION('',(0.984807753012,-1.659232998182E-16,0.173648177667)
  );
#9513 = DIRECTION('',(1.880591615519E-16,1.,-1.110223024626E-16));
#9514 = ADVANCED_FACE('',(#9515),#9531,.T.);
#9515 = FACE_BOUND('',#9516,.T.);
#9516 = EDGE_LOOP('',(#9517,#9518,#9528,#9529,#9530));
#9517 = ORIENTED_EDGE('',*,*,#535,.F.);
#9518 = ORIENTED_EDGE('',*,*,#9519,.F.);
#9519 = EDGE_CURVE('',#9495,#529,#9520,.T.);
#9520 = B_SPLINE_CURVE_WITH_KNOTS('',6,(#9521,#9522,#9523,#9524,#9525,
    #9526,#9527),.UNSPECIFIED.,.F.,.F.,(7,7),(-0.659219403412,
    0.423711565889),.PIECEWISE_BEZIER_KNOTS.);
#9521 = CARTESIAN_POINT('',(41.501587481551,8.50001,20.270121946664));
#9522 = CARTESIAN_POINT('',(40.86278738737,8.50001,20.606502665848));
#9523 = CARTESIAN_POINT('',(40.151140657337,8.50001000001,20.80452812658
    ));
#9524 = CARTESIAN_POINT('',(39.404044034777,8.50001,20.844474967199));
#9525 = CARTESIAN_POINT('',(38.666285841732,8.50001,20.720128828897));
#9526 = CARTESIAN_POINT('',(37.981661753758,8.50001,20.442739193853));
#9527 = CARTESIAN_POINT('',(37.38509271467,8.50001,20.036139968367));
#9528 = ORIENTED_EDGE('',*,*,#9503,.T.);
#9529 = ORIENTED_EDGE('',*,*,#9492,.T.);
#9530 = ORIENTED_EDGE('',*,*,#9519,.T.);
#9531 = SPHERICAL_SURFACE('',#9532,4.);
#9532 = AXIS2_PLACEMENT_3D('',#9533,#9534,#9535);
#9533 = CARTESIAN_POINT('',(39.637863594876,8.50001,16.730837658246));
#9534 = DIRECTION('',(-0.984807753012,-1.927882050301E-17,
    -0.173648177667));
#9535 = DIRECTION('',(-0.16802180401,-0.252491910037,0.952899002383));
#9536 = ADVANCED_FACE('',(#9537),#9566,.T.);
#9537 = FACE_BOUND('',#9538,.T.);
#9538 = EDGE_LOOP('',(#9539,#9547,#9548,#9549,#9550,#9551,#9557,#9558,
    #9559));
#9539 = ORIENTED_EDGE('',*,*,#9540,.F.);
#9540 = EDGE_CURVE('',#7589,#9541,#9543,.T.);
#9541 = VERTEX_POINT('',#9542);
#9542 = CARTESIAN_POINT('',(64.3,155.22501,20.));
#9543 = LINE('',#9544,#9545);
#9544 = CARTESIAN_POINT('',(44.,155.22501,20.));
#9545 = VECTOR('',#9546,1.);
#9546 = DIRECTION('',(-1.,0.,0.));
#9547 = ORIENTED_EDGE('',*,*,#7598,.F.);
#9548 = ORIENTED_EDGE('',*,*,#1872,.F.);
#9549 = ORIENTED_EDGE('',*,*,#2344,.T.);
#9550 = ORIENTED_EDGE('',*,*,#2301,.F.);
#9551 = ORIENTED_EDGE('',*,*,#9552,.T.);
#9552 = EDGE_CURVE('',#2261,#7553,#9553,.T.);
#9553 = LINE('',#9554,#9555);
#9554 = CARTESIAN_POINT('',(44.,155.22501,9.));
#9555 = VECTOR('',#9556,1.);
#9556 = DIRECTION('',(-1.,0.,0.));
#9557 = ORIENTED_EDGE('',*,*,#7552,.F.);
#9558 = ORIENTED_EDGE('',*,*,#7375,.F.);
#9559 = ORIENTED_EDGE('',*,*,#9560,.F.);
#9560 = EDGE_CURVE('',#9541,#7376,#9561,.T.);
#9561 = CIRCLE('',#9562,0.3);
#9562 = AXIS2_PLACEMENT_3D('',#9563,#9564,#9565);
#9563 = CARTESIAN_POINT('',(64.3,155.22501,20.3));
#9564 = DIRECTION('',(0.,1.,-1.110223024625E-16));
#9565 = DIRECTION('',(0.,1.110223024625E-16,1.));
#9566 = PLANE('',#9567);
#9567 = AXIS2_PLACEMENT_3D('',#9568,#9569,#9570);
#9568 = CARTESIAN_POINT('',(44.,155.22501,28.897595264192));
#9569 = DIRECTION('',(0.,1.,1.951292859931E-16));
#9570 = DIRECTION('',(-1.,0.,0.));
#9571 = ADVANCED_FACE('',(#9572),#9599,.T.);
#9572 = FACE_BOUND('',#9573,.T.);
#9573 = EDGE_LOOP('',(#9574,#9583,#9584,#9593));
#9574 = ORIENTED_EDGE('',*,*,#9575,.T.);
#9575 = EDGE_CURVE('',#9576,#4591,#9578,.T.);
#9576 = VERTEX_POINT('',#9577);
#9577 = CARTESIAN_POINT('',(51.381907971693,9.50001,-26.09032973758));
#9578 = CIRCLE('',#9579,0.12);
#9579 = AXIS2_PLACEMENT_3D('',#9580,#9581,#9582);
#9580 = CARTESIAN_POINT('',(51.485831020147,9.50001,-26.03032973758));
#9581 = DIRECTION('',(8.838452764881E-16,1.,3.992660058399E-16));
#9582 = DIRECTION('',(-0.5,9.614813431938E-17,0.866025403784));
#9583 = ORIENTED_EDGE('',*,*,#4627,.T.);
#9584 = ORIENTED_EDGE('',*,*,#9585,.T.);
#9585 = EDGE_CURVE('',#4619,#9586,#9588,.T.);
#9586 = VERTEX_POINT('',#9587);
#9587 = CARTESIAN_POINT('',(51.381907971693,11.17001,-26.09032973758));
#9588 = CIRCLE('',#9589,0.12);
#9589 = AXIS2_PLACEMENT_3D('',#9590,#9591,#9592);
#9590 = CARTESIAN_POINT('',(51.485831020147,11.17001,-26.03032973758));
#9591 = DIRECTION('',(-8.838452764881E-16,-1.,-3.992660058399E-16));
#9592 = DIRECTION('',(-0.5,9.614813431938E-17,0.866025403784));
#9593 = ORIENTED_EDGE('',*,*,#9594,.F.);
#9594 = EDGE_CURVE('',#9576,#9586,#9595,.T.);
#9595 = LINE('',#9596,#9597);
#9596 = CARTESIAN_POINT('',(51.381907971693,11.17001,-26.09032973758));
#9597 = VECTOR('',#9598,1.);
#9598 = DIRECTION('',(0.,1.,-1.110223024625E-16));
#9599 = CYLINDRICAL_SURFACE('',#9600,0.12);
#9600 = AXIS2_PLACEMENT_3D('',#9601,#9602,#9603);
#9601 = CARTESIAN_POINT('',(51.485831020147,11.17001,-26.03032973758));
#9602 = DIRECTION('',(0.,-1.,1.110223024625E-16));
#9603 = DIRECTION('',(1.,0.,0.));
#9604 = ADVANCED_FACE('',(#9605),#9628,.F.);
#9605 = FACE_BOUND('',#9606,.T.);
#9606 = EDGE_LOOP('',(#9607,#9608,#9609,#9610,#9616,#9617,#9618,#9625,
    #9626,#9627));
#9607 = ORIENTED_EDGE('',*,*,#4016,.F.);
#9608 = ORIENTED_EDGE('',*,*,#8825,.T.);
#9609 = ORIENTED_EDGE('',*,*,#8865,.T.);
#9610 = ORIENTED_EDGE('',*,*,#9611,.T.);
#9611 = EDGE_CURVE('',#8858,#2828,#9612,.T.);
#9612 = LINE('',#9613,#9614);
#9613 = CARTESIAN_POINT('',(31.69796463169,11.17001,-26.50570512318));
#9614 = VECTOR('',#9615,1.);
#9615 = DIRECTION('',(0.499999999999,1.118431410543E-16,-0.866025403785)
  );
#9616 = ORIENTED_EDGE('',*,*,#2835,.F.);
#9617 = ORIENTED_EDGE('',*,*,#5488,.T.);
#9618 = ORIENTED_EDGE('',*,*,#9619,.T.);
#9619 = EDGE_CURVE('',#5489,#2647,#9620,.T.);
#9620 = CIRCLE('',#9621,5.5E-02);
#9621 = AXIS2_PLACEMENT_3D('',#9622,#9623,#9624);
#9622 = CARTESIAN_POINT('',(32.3431535575,11.17001,-26.13320512318));
#9623 = DIRECTION('',(-8.838452764881E-16,-1.,-3.992660058399E-16));
#9624 = DIRECTION('',(-0.5,9.614813431938E-17,0.866025403784));
#9625 = ORIENTED_EDGE('',*,*,#2646,.F.);
#9626 = ORIENTED_EDGE('',*,*,#9038,.F.);
#9627 = ORIENTED_EDGE('',*,*,#9063,.F.);
#9628 = PLANE('',#9629);
#9629 = AXIS2_PLACEMENT_3D('',#9630,#9631,#9632);
#9630 = CARTESIAN_POINT('',(29.21125041365,11.17001,-25.015));
#9631 = DIRECTION('',(0.,1.,-1.110223024625E-16));
#9632 = DIRECTION('',(-1.,0.,0.));
#9633 = ADVANCED_FACE('',(#9634),#9670,.F.);
#9634 = FACE_BOUND('',#9635,.F.);
#9635 = EDGE_LOOP('',(#9636,#9646,#9655,#9663));
#9636 = ORIENTED_EDGE('',*,*,#9637,.T.);
#9637 = EDGE_CURVE('',#9638,#9640,#9642,.T.);
#9638 = VERTEX_POINT('',#9639);
#9639 = CARTESIAN_POINT('',(42.890784954708,9.50001,-7.23429487682));
#9640 = VERTEX_POINT('',#9641);
#9641 = CARTESIAN_POINT('',(42.890784954708,11.17001,-7.23429487682));
#9642 = LINE('',#9643,#9644);
#9643 = CARTESIAN_POINT('',(42.890784954708,11.17001,-7.23429487682));
#9644 = VECTOR('',#9645,1.);
#9645 = DIRECTION('',(0.,1.,-1.110223024625E-16));
#9646 = ORIENTED_EDGE('',*,*,#9647,.F.);
#9647 = EDGE_CURVE('',#9648,#9640,#9650,.T.);
#9648 = VERTEX_POINT('',#9649);
#9649 = CARTESIAN_POINT('',(42.878764727115,11.17001,-7.164880146729));
#9650 = CIRCLE('',#9651,5.5E-02);
#9651 = AXIS2_PLACEMENT_3D('',#9652,#9653,#9654);
#9652 = CARTESIAN_POINT('',(42.8431535575,11.17001,-7.20679487682));
#9653 = DIRECTION('',(-8.326672684704E-16,1.,3.697183691308E-16));
#9654 = DIRECTION('',(-0.499999999997,-9.614813431913E-17,
    -0.866025403786));
#9655 = ORIENTED_EDGE('',*,*,#9656,.F.);
#9656 = EDGE_CURVE('',#9657,#9648,#9659,.T.);
#9657 = VERTEX_POINT('',#9658);
#9658 = CARTESIAN_POINT('',(42.878764727115,9.50001,-7.164880146729));
#9659 = LINE('',#9660,#9661);
#9660 = CARTESIAN_POINT('',(42.878764727115,11.17001,-7.164880146729));
#9661 = VECTOR('',#9662,1.);
#9662 = DIRECTION('',(0.,1.,-1.110223024625E-16));
#9663 = ORIENTED_EDGE('',*,*,#9664,.F.);
#9664 = EDGE_CURVE('',#9638,#9657,#9665,.T.);
#9665 = CIRCLE('',#9666,5.5E-02);
#9666 = AXIS2_PLACEMENT_3D('',#9667,#9668,#9669);
#9667 = CARTESIAN_POINT('',(42.8431535575,9.50001,-7.20679487682));
#9668 = DIRECTION('',(8.326672684704E-16,-1.,-3.697183691308E-16));
#9669 = DIRECTION('',(-0.499999999997,-9.614813431913E-17,
    -0.866025403786));
#9670 = CYLINDRICAL_SURFACE('',#9671,5.5E-02);
#9671 = AXIS2_PLACEMENT_3D('',#9672,#9673,#9674);
#9672 = CARTESIAN_POINT('',(42.8431535575,11.17001,-7.20679487682));
#9673 = DIRECTION('',(0.,-1.,1.110223024625E-16));
#9674 = DIRECTION('',(1.,0.,0.));
#9675 = ADVANCED_FACE('',(#9676),#9694,.F.);
#9676 = FACE_BOUND('',#9677,.F.);
#9677 = EDGE_LOOP('',(#9678,#9679,#9686,#9687));
#9678 = ORIENTED_EDGE('',*,*,#5539,.T.);
#9679 = ORIENTED_EDGE('',*,*,#9680,.T.);
#9680 = EDGE_CURVE('',#5531,#8064,#9681,.T.);
#9681 = CIRCLE('',#9682,1.975);
#9682 = AXIS2_PLACEMENT_3D('',#9683,#9684,#9685);
#9683 = CARTESIAN_POINT('',(31.10000000002,11.17001,-24.66999999999));
#9684 = DIRECTION('',(0.,-1.,1.110223024625E-16));
#9685 = DIRECTION('',(1.,0.,0.));
#9686 = ORIENTED_EDGE('',*,*,#8061,.F.);
#9687 = ORIENTED_EDGE('',*,*,#9688,.F.);
#9688 = EDGE_CURVE('',#5540,#8062,#9689,.T.);
#9689 = CIRCLE('',#9690,1.974999999999);
#9690 = AXIS2_PLACEMENT_3D('',#9691,#9692,#9693);
#9691 = CARTESIAN_POINT('',(31.10000000002,9.50001,-24.66999999999));
#9692 = DIRECTION('',(0.,-1.,1.110223024625E-16));
#9693 = DIRECTION('',(1.,0.,0.));
#9694 = CYLINDRICAL_SURFACE('',#9695,1.974999999999);
#9695 = AXIS2_PLACEMENT_3D('',#9696,#9697,#9698);
#9696 = CARTESIAN_POINT('',(31.10000000002,11.17001,-24.66999999999));
#9697 = DIRECTION('',(0.,-1.,1.110223024625E-16));
#9698 = DIRECTION('',(1.,0.,0.));
#9699 = ADVANCED_FACE('',(#9700),#9718,.T.);
#9700 = FACE_BOUND('',#9701,.T.);
#9701 = EDGE_LOOP('',(#9702,#9709,#9710,#9717));
#9702 = ORIENTED_EDGE('',*,*,#9703,.F.);
#9703 = EDGE_CURVE('',#3837,#1323,#9704,.T.);
#9704 = CIRCLE('',#9705,0.12);
#9705 = AXIS2_PLACEMENT_3D('',#9706,#9707,#9708);
#9706 = CARTESIAN_POINT('',(29.71416897988,9.50001,-23.30967026241));
#9707 = DIRECTION('',(0.,-1.,1.110223024625E-16));
#9708 = DIRECTION('',(1.,0.,0.));
#9709 = ORIENTED_EDGE('',*,*,#3871,.T.);
#9710 = ORIENTED_EDGE('',*,*,#9711,.F.);
#9711 = EDGE_CURVE('',#1331,#3863,#9712,.T.);
#9712 = CIRCLE('',#9713,0.12);
#9713 = AXIS2_PLACEMENT_3D('',#9714,#9715,#9716);
#9714 = CARTESIAN_POINT('',(29.71416897988,11.17001,-23.30967026241));
#9715 = DIRECTION('',(0.,1.,-1.110223024625E-16));
#9716 = DIRECTION('',(1.,0.,0.));
#9717 = ORIENTED_EDGE('',*,*,#1330,.F.);
#9718 = CYLINDRICAL_SURFACE('',#9719,0.12);
#9719 = AXIS2_PLACEMENT_3D('',#9720,#9721,#9722);
#9720 = CARTESIAN_POINT('',(29.71416897988,11.17001,-23.30967026241));
#9721 = DIRECTION('',(0.,-1.,1.110223024625E-16));
#9722 = DIRECTION('',(1.,0.,0.));
#9723 = ADVANCED_FACE('',(#9724),#9743,.T.);
#9724 = FACE_BOUND('',#9725,.T.);
#9725 = EDGE_LOOP('',(#9726,#9735,#9736,#9737));
#9726 = ORIENTED_EDGE('',*,*,#9727,.T.);
#9727 = EDGE_CURVE('',#9728,#4932,#9730,.T.);
#9728 = VERTEX_POINT('',#9729);
#9729 = CARTESIAN_POINT('',(48.829621771908,9.50001,-9.997608906102));
#9730 = CIRCLE('',#9731,0.12);
#9731 = AXIS2_PLACEMENT_3D('',#9732,#9733,#9734);
#9732 = CARTESIAN_POINT('',(48.714168979879,9.50001,-10.03032973758));
#9733 = DIRECTION('',(0.,1.,-1.110223024625E-16));
#9734 = DIRECTION('',(1.,0.,0.));
#9735 = ORIENTED_EDGE('',*,*,#4955,.T.);
#9736 = ORIENTED_EDGE('',*,*,#8587,.T.);
#9737 = ORIENTED_EDGE('',*,*,#9738,.F.);
#9738 = EDGE_CURVE('',#9728,#8579,#9739,.T.);
#9739 = LINE('',#9740,#9741);
#9740 = CARTESIAN_POINT('',(48.829621771908,11.17001,-9.997608906102));
#9741 = VECTOR('',#9742,1.);
#9742 = DIRECTION('',(0.,1.,-1.110223024625E-16));
#9743 = CYLINDRICAL_SURFACE('',#9744,0.12);
#9744 = AXIS2_PLACEMENT_3D('',#9745,#9746,#9747);
#9745 = CARTESIAN_POINT('',(48.714168979879,11.17001,-10.03032973758));
#9746 = DIRECTION('',(0.,-1.,1.110223024625E-16));
#9747 = DIRECTION('',(1.,0.,0.));
#9748 = ADVANCED_FACE('',(#9749),#9777,.T.);
#9749 = FACE_BOUND('',#9750,.T.);
#9750 = EDGE_LOOP('',(#9751,#9760,#9761,#9762,#9771));
#9751 = ORIENTED_EDGE('',*,*,#9752,.T.);
#9752 = EDGE_CURVE('',#9753,#9728,#9755,.T.);
#9753 = VERTEX_POINT('',#9754);
#9754 = CARTESIAN_POINT('',(48.315067846989,9.50001,-9.106375364908));
#9755 = CIRCLE('',#9756,2.10098297883);
#9756 = AXIS2_PLACEMENT_3D('',#9757,#9758,#9759);
#9757 = CARTESIAN_POINT('',(46.808252180995,9.50001,-10.57049148941));
#9758 = DIRECTION('',(0.,1.,-1.110223024625E-16));
#9759 = DIRECTION('',(1.,0.,0.));
#9760 = ORIENTED_EDGE('',*,*,#9738,.T.);
#9761 = ORIENTED_EDGE('',*,*,#8578,.T.);
#9762 = ORIENTED_EDGE('',*,*,#9763,.T.);
#9763 = EDGE_CURVE('',#8568,#9764,#9766,.T.);
#9764 = VERTEX_POINT('',#9765);
#9765 = CARTESIAN_POINT('',(48.315067846989,11.17001,-9.106375364908));
#9766 = CIRCLE('',#9767,2.10098297883);
#9767 = AXIS2_PLACEMENT_3D('',#9768,#9769,#9770);
#9768 = CARTESIAN_POINT('',(46.808252180995,11.17001,-10.57049148941));
#9769 = DIRECTION('',(0.,-1.,1.110223024625E-16));
#9770 = DIRECTION('',(1.,0.,0.));
#9771 = ORIENTED_EDGE('',*,*,#9772,.F.);
#9772 = EDGE_CURVE('',#9753,#9764,#9773,.T.);
#9773 = LINE('',#9774,#9775);
#9774 = CARTESIAN_POINT('',(48.315067846989,11.17001,-9.106375364908));
#9775 = VECTOR('',#9776,1.);
#9776 = DIRECTION('',(0.,1.,-1.110223024625E-16));
#9777 = CYLINDRICAL_SURFACE('',#9778,2.10098297883);
#9778 = AXIS2_PLACEMENT_3D('',#9779,#9780,#9781);
#9779 = CARTESIAN_POINT('',(46.808252180995,11.17001,-10.57049148941));
#9780 = DIRECTION('',(0.,-1.,1.110223024625E-16));
#9781 = DIRECTION('',(1.,0.,0.));
#9782 = ADVANCED_FACE('',(#9783),#9810,.T.);
#9783 = FACE_BOUND('',#9784,.T.);
#9784 = EDGE_LOOP('',(#9785,#9794,#9795,#9804));
#9785 = ORIENTED_EDGE('',*,*,#9786,.T.);
#9786 = EDGE_CURVE('',#9787,#9753,#9789,.T.);
#9787 = VERTEX_POINT('',#9788);
#9788 = CARTESIAN_POINT('',(48.229004379678,9.50001,-9.070000000001));
#9789 = CIRCLE('',#9790,0.12);
#9790 = AXIS2_PLACEMENT_3D('',#9791,#9792,#9793);
#9791 = CARTESIAN_POINT('',(48.229004379678,9.50001,-9.190000000001));
#9792 = DIRECTION('',(0.,1.,-1.110223024625E-16));
#9793 = DIRECTION('',(1.,0.,0.));
#9794 = ORIENTED_EDGE('',*,*,#9772,.T.);
#9795 = ORIENTED_EDGE('',*,*,#9796,.T.);
#9796 = EDGE_CURVE('',#9764,#9797,#9799,.T.);
#9797 = VERTEX_POINT('',#9798);
#9798 = CARTESIAN_POINT('',(48.229004379678,11.17001,-9.070000000001));
#9799 = CIRCLE('',#9800,0.12);
#9800 = AXIS2_PLACEMENT_3D('',#9801,#9802,#9803);
#9801 = CARTESIAN_POINT('',(48.229004379678,11.17001,-9.190000000001));
#9802 = DIRECTION('',(0.,-1.,1.110223024625E-16));
#9803 = DIRECTION('',(1.,0.,0.));
#9804 = ORIENTED_EDGE('',*,*,#9805,.F.);
#9805 = EDGE_CURVE('',#9787,#9797,#9806,.T.);
#9806 = LINE('',#9807,#9808);
#9807 = CARTESIAN_POINT('',(48.229004379678,11.17001,-9.070000000001));
#9808 = VECTOR('',#9809,1.);
#9809 = DIRECTION('',(0.,1.,-1.110223024625E-16));
#9810 = CYLINDRICAL_SURFACE('',#9811,0.12);
#9811 = AXIS2_PLACEMENT_3D('',#9812,#9813,#9814);
#9812 = CARTESIAN_POINT('',(48.229004379678,11.17001,-9.190000000001));
#9813 = DIRECTION('',(0.,-1.,1.110223024625E-16));
#9814 = DIRECTION('',(1.,0.,0.));
#9815 = ADVANCED_FACE('',(#9816),#9828,.F.);
#9816 = FACE_BOUND('',#9817,.F.);
#9817 = EDGE_LOOP('',(#9818,#9819,#9820,#9821));
#9818 = ORIENTED_EDGE('',*,*,#5497,.T.);
#9819 = ORIENTED_EDGE('',*,*,#9619,.T.);
#9820 = ORIENTED_EDGE('',*,*,#2654,.F.);
#9821 = ORIENTED_EDGE('',*,*,#9822,.T.);
#9822 = EDGE_CURVE('',#2629,#5498,#9823,.T.);
#9823 = CIRCLE('',#9824,5.5E-02);
#9824 = AXIS2_PLACEMENT_3D('',#9825,#9826,#9827);
#9825 = CARTESIAN_POINT('',(32.3431535575,9.50001,-26.13320512318));
#9826 = DIRECTION('',(8.838452764881E-16,1.,3.992660058399E-16));
#9827 = DIRECTION('',(-0.5,9.614813431938E-17,0.866025403784));
#9828 = CYLINDRICAL_SURFACE('',#9829,5.5E-02);
#9829 = AXIS2_PLACEMENT_3D('',#9830,#9831,#9832);
#9830 = CARTESIAN_POINT('',(32.3431535575,11.17001,-26.13320512318));
#9831 = DIRECTION('',(0.,-1.,1.110223024625E-16));
#9832 = DIRECTION('',(1.,0.,0.));
#9833 = ADVANCED_FACE('',(#9834),#9853,.F.);
#9834 = FACE_BOUND('',#9835,.F.);
#9835 = EDGE_LOOP('',(#9836,#9837,#9838,#9846));
#9836 = ORIENTED_EDGE('',*,*,#5571,.T.);
#9837 = ORIENTED_EDGE('',*,*,#1225,.T.);
#9838 = ORIENTED_EDGE('',*,*,#9839,.T.);
#9839 = EDGE_CURVE('',#1226,#9840,#9842,.T.);
#9840 = VERTEX_POINT('',#9841);
#9841 = CARTESIAN_POINT('',(43.802500789159,35.80001,15.74257369033));
#9842 = LINE('',#9843,#9844);
#9843 = CARTESIAN_POINT('',(43.802500789159,35.80001,15.74257369033));
#9844 = VECTOR('',#9845,1.);
#9845 = DIRECTION('',(-0.173648177667,-1.093356242223E-16,
    -0.984807753012));
#9846 = ORIENTED_EDGE('',*,*,#9847,.F.);
#9847 = EDGE_CURVE('',#5563,#9840,#9848,.T.);
#9848 = CIRCLE('',#9849,0.7);
#9849 = AXIS2_PLACEMENT_3D('',#9850,#9851,#9852);
#9850 = CARTESIAN_POINT('',(43.11313536205,35.80001,15.864127414697));
#9851 = DIRECTION('',(-0.173648177667,-1.093356242223E-16,
    -0.984807753012));
#9852 = DIRECTION('',(-0.984807753012,1.927882050301E-17,0.173648177667)
  );
#9853 = CYLINDRICAL_SURFACE('',#9854,0.7);
#9854 = AXIS2_PLACEMENT_3D('',#9855,#9856,#9857);
#9855 = CARTESIAN_POINT('',(43.11313536205,35.80001,15.864127414697));
#9856 = DIRECTION('',(-0.173648177667,-1.093356242223E-16,
    -0.984807753012));
#9857 = DIRECTION('',(-0.984807753012,1.927882050301E-17,0.173648177667)
  );
#9858 = ADVANCED_FACE('',(#9859),#9877,.F.);
#9859 = FACE_BOUND('',#9860,.F.);
#9860 = EDGE_LOOP('',(#9861,#9862,#9869,#9870));
#9861 = ORIENTED_EDGE('',*,*,#6231,.T.);
#9862 = ORIENTED_EDGE('',*,*,#9863,.F.);
#9863 = EDGE_CURVE('',#6727,#6223,#9864,.T.);
#9864 = CIRCLE('',#9865,5.499999999707E-02);
#9865 = AXIS2_PLACEMENT_3D('',#9866,#9867,#9868);
#9866 = CARTESIAN_POINT('',(48.856846442526,11.17001,-7.206794876817));
#9867 = DIRECTION('',(0.,1.,-1.110223024625E-16));
#9868 = DIRECTION('',(1.,0.,0.));
#9869 = ORIENTED_EDGE('',*,*,#6734,.F.);
#9870 = ORIENTED_EDGE('',*,*,#9871,.F.);
#9871 = EDGE_CURVE('',#6232,#6709,#9872,.T.);
#9872 = CIRCLE('',#9873,5.499999999707E-02);
#9873 = AXIS2_PLACEMENT_3D('',#9874,#9875,#9876);
#9874 = CARTESIAN_POINT('',(48.856846442526,9.50001,-7.206794876817));
#9875 = DIRECTION('',(0.,-1.,1.110223024625E-16));
#9876 = DIRECTION('',(1.,0.,0.));
#9877 = CYLINDRICAL_SURFACE('',#9878,5.499999999707E-02);
#9878 = AXIS2_PLACEMENT_3D('',#9879,#9880,#9881);
#9879 = CARTESIAN_POINT('',(48.856846442526,11.17001,-7.206794876817));
#9880 = DIRECTION('',(0.,-1.,1.110223024625E-16));
#9881 = DIRECTION('',(1.,0.,0.));
#9882 = ADVANCED_FACE('',(#9883),#9919,.T.);
#9883 = FACE_BOUND('',#9884,.T.);
#9884 = EDGE_LOOP('',(#9885,#9896,#9904,#9913));
#9885 = ORIENTED_EDGE('',*,*,#9886,.T.);
#9886 = EDGE_CURVE('',#9887,#9889,#9891,.T.);
#9887 = VERTEX_POINT('',#9888);
#9888 = CARTESIAN_POINT('',(49.58544607509,9.50001,-22.90601572899));
#9889 = VERTEX_POINT('',#9890);
#9890 = CARTESIAN_POINT('',(49.510912351353,9.50001,-22.84967026242));
#9891 = CIRCLE('',#9892,0.12);
#9892 = AXIS2_PLACEMENT_3D('',#9893,#9894,#9895);
#9893 = CARTESIAN_POINT('',(49.614835399808,9.50001,-22.78967026242));
#9894 = DIRECTION('',(7.814892604496E-16,1.,-5.622153373519E-16));
#9895 = DIRECTION('',(-0.5,-9.614813431899E-17,-0.866025403784));
#9896 = ORIENTED_EDGE('',*,*,#9897,.T.);
#9897 = EDGE_CURVE('',#9889,#9898,#9900,.T.);
#9898 = VERTEX_POINT('',#9899);
#9899 = CARTESIAN_POINT('',(49.510912351353,11.17001,-22.84967026242));
#9900 = LINE('',#9901,#9902);
#9901 = CARTESIAN_POINT('',(49.510912351353,11.17001,-22.84967026242));
#9902 = VECTOR('',#9903,1.);
#9903 = DIRECTION('',(0.,1.,-1.110223024625E-16));
#9904 = ORIENTED_EDGE('',*,*,#9905,.T.);
#9905 = EDGE_CURVE('',#9898,#9906,#9908,.T.);
#9906 = VERTEX_POINT('',#9907);
#9907 = CARTESIAN_POINT('',(49.58544607509,11.17001,-22.90601572899));
#9908 = CIRCLE('',#9909,0.12);
#9909 = AXIS2_PLACEMENT_3D('',#9910,#9911,#9912);
#9910 = CARTESIAN_POINT('',(49.614835399808,11.17001,-22.78967026242));
#9911 = DIRECTION('',(-7.814892604496E-16,-1.,5.622153373519E-16));
#9912 = DIRECTION('',(-0.5,-9.614813431899E-17,-0.866025403784));
#9913 = ORIENTED_EDGE('',*,*,#9914,.F.);
#9914 = EDGE_CURVE('',#9887,#9906,#9915,.T.);
#9915 = LINE('',#9916,#9917);
#9916 = CARTESIAN_POINT('',(49.58544607509,11.17001,-22.90601572899));
#9917 = VECTOR('',#9918,1.);
#9918 = DIRECTION('',(0.,1.,-1.110223024625E-16));
#9919 = CYLINDRICAL_SURFACE('',#9920,0.12);
#9920 = AXIS2_PLACEMENT_3D('',#9921,#9922,#9923);
#9921 = CARTESIAN_POINT('',(49.614835399808,11.17001,-22.78967026242));
#9922 = DIRECTION('',(0.,-1.,1.110223024625E-16));
#9923 = DIRECTION('',(1.,0.,0.));
#9924 = ADVANCED_FACE('',(#9925,#9929),#9940,.T.);
#9925 = FACE_BOUND('',#9926,.T.);
#9926 = EDGE_LOOP('',(#9927,#9928));
#9927 = ORIENTED_EDGE('',*,*,#21,.F.);
#9928 = ORIENTED_EDGE('',*,*,#269,.F.);
#9929 = FACE_BOUND('',#9930,.T.);
#9930 = EDGE_LOOP('',(#9931));
#9931 = ORIENTED_EDGE('',*,*,#9932,.T.);
#9932 = EDGE_CURVE('',#9933,#9933,#9935,.T.);
#9933 = VERTEX_POINT('',#9934);
#9934 = CARTESIAN_POINT('',(44.,175.10001,25.501798237297));
#9935 = CIRCLE('',#9936,25.501798237297);
#9936 = AXIS2_PLACEMENT_3D('',#9937,#9938,#9939);
#9937 = CARTESIAN_POINT('',(44.,175.10001,-1.78301828857E-14));
#9938 = DIRECTION('',(0.,-1.,1.110223024625E-16));
#9939 = DIRECTION('',(0.,1.110223024625E-16,1.));
#9940 = PLANE('',#9941);
#9941 = AXIS2_PLACEMENT_3D('',#9942,#9943,#9944);
#9942 = CARTESIAN_POINT('',(44.,175.10001,36.5));
#9943 = DIRECTION('',(0.,1.,-1.110223024625E-16));
#9944 = DIRECTION('',(-1.,0.,0.));
#9945 = ADVANCED_FACE('',(#9946),#9981,.T.);
#9946 = FACE_BOUND('',#9947,.T.);
#9947 = EDGE_LOOP('',(#9948,#9957,#9964,#9973,#9980));
#9948 = ORIENTED_EDGE('',*,*,#9949,.T.);
#9949 = EDGE_CURVE('',#9950,#9950,#9952,.T.);
#9950 = VERTEX_POINT('',#9951);
#9951 = CARTESIAN_POINT('',(44.,164.44001,-8.46));
#9952 = CIRCLE('',#9953,8.46);
#9953 = AXIS2_PLACEMENT_3D('',#9954,#9955,#9956);
#9954 = CARTESIAN_POINT('',(44.,164.44001,-1.664668514145E-14));
#9955 = DIRECTION('',(0.,1.,-1.110223024625E-16));
#9956 = DIRECTION('',(0.,-1.110223024625E-16,-1.));
#9957 = ORIENTED_EDGE('',*,*,#9958,.F.);
#9958 = EDGE_CURVE('',#9959,#9950,#9961,.T.);
#9959 = VERTEX_POINT('',#9960);
#9960 = CARTESIAN_POINT('',(44.,164.60001000062,-8.300000000628));
#9961 = B_SPLINE_CURVE_WITH_KNOTS('',1,(#9962,#9963),.UNSPECIFIED.,.F.,
  .F.,(2,2),(-0.989949493661,-0.763675323681),.PIECEWISE_BEZIER_KNOTS.);
#9962 = CARTESIAN_POINT('',(44.,164.60001000062,-8.300000000628));
#9963 = CARTESIAN_POINT('',(44.,164.44001000048,-8.460000000485));
#9964 = ORIENTED_EDGE('',*,*,#9965,.F.);
#9965 = EDGE_CURVE('',#9966,#9959,#9968,.T.);
#9966 = VERTEX_POINT('',#9967);
#9967 = CARTESIAN_POINT('',(51.339307912509,164.60001,3.876152649908));
#9968 = CIRCLE('',#9969,8.3);
#9969 = AXIS2_PLACEMENT_3D('',#9970,#9971,#9972);
#9970 = CARTESIAN_POINT('',(44.,164.60001,-1.666444870985E-14));
#9971 = DIRECTION('',(0.,1.,-1.110223024625E-16));
#9972 = DIRECTION('',(0.884253965363,5.184811950464E-17,0.467006343362)
  );
#9973 = ORIENTED_EDGE('',*,*,#9974,.F.);
#9974 = EDGE_CURVE('',#9959,#9966,#9975,.T.);
#9975 = CIRCLE('',#9976,8.3);
#9976 = AXIS2_PLACEMENT_3D('',#9977,#9978,#9979);
#9977 = CARTESIAN_POINT('',(44.,164.60001,-1.666444870985E-14));
#9978 = DIRECTION('',(0.,1.,-1.110223024625E-16));
#9979 = DIRECTION('',(0.884253965363,5.184811950464E-17,0.467006343362)
  );
#9980 = ORIENTED_EDGE('',*,*,#9958,.T.);
#9981 = CONICAL_SURFACE('',#9982,9.,0.7853981625);
#9982 = AXIS2_PLACEMENT_3D('',#9983,#9984,#9985);
#9983 = CARTESIAN_POINT('',(44.,163.90001,-1.658673309812E-14));
#9984 = DIRECTION('',(8.969497585129E-17,-1.,1.583934473271E-16));
#9985 = DIRECTION('',(-0.884253965363,-1.532838827183E-16,
    -0.467006343362));
#9986 = ADVANCED_FACE('',(#9987),#10059,.F.);
#9987 = FACE_BOUND('',#9988,.T.);
#9988 = EDGE_LOOP('',(#9989,#9990,#9991,#10000,#10008,#10017,#10026,
    #10035,#10043,#10052));
#9989 = ORIENTED_EDGE('',*,*,#6280,.F.);
#9990 = ORIENTED_EDGE('',*,*,#5101,.T.);
#9991 = ORIENTED_EDGE('',*,*,#9992,.T.);
#9992 = EDGE_CURVE('',#5094,#9993,#9995,.T.);
#9993 = VERTEX_POINT('',#9994);
#9994 = CARTESIAN_POINT('',(51.381907971693,11.17001,-23.24967026242));
#9995 = CIRCLE('',#9996,0.12);
#9996 = AXIS2_PLACEMENT_3D('',#9997,#9998,#9999);
#9997 = CARTESIAN_POINT('',(51.485831020147,11.17001,-23.30967026242));
#9998 = DIRECTION('',(-8.326672684704E-16,1.,3.697183691308E-16));
#9999 = DIRECTION('',(-0.499999999997,-9.614813431913E-17,
    -0.866025403786));
#10000 = ORIENTED_EDGE('',*,*,#10001,.T.);
#10001 = EDGE_CURVE('',#9993,#10002,#10004,.T.);
#10002 = VERTEX_POINT('',#10003);
#10003 = CARTESIAN_POINT('',(51.390784954709,11.17001,-23.23429487682));
#10004 = LINE('',#10005,#10006);
#10005 = CARTESIAN_POINT('',(51.390784954709,11.17001,-23.23429487682));
#10006 = VECTOR('',#10007,1.);
#10007 = DIRECTION('',(0.499999999999,-1.118431410543E-16,0.866025403785
    ));
#10008 = ORIENTED_EDGE('',*,*,#10009,.F.);
#10009 = EDGE_CURVE('',#10010,#10002,#10012,.T.);
#10010 = VERTEX_POINT('',#10011);
#10011 = CARTESIAN_POINT('',(51.378764727116,11.17001,-23.16488014672));
#10012 = CIRCLE('',#10013,5.5E-02);
#10013 = AXIS2_PLACEMENT_3D('',#10014,#10015,#10016);
#10014 = CARTESIAN_POINT('',(51.3431535575,11.17001,-23.20679487682));
#10015 = DIRECTION('',(-8.326672684704E-16,1.,3.697183691308E-16));
#10016 = DIRECTION('',(-0.499999999997,-9.614813431913E-17,
    -0.866025403786));
#10017 = ORIENTED_EDGE('',*,*,#10018,.T.);
#10018 = EDGE_CURVE('',#10010,#10019,#10021,.T.);
#10019 = VERTEX_POINT('',#10020);
#10020 = CARTESIAN_POINT('',(50.764089665133,11.17001,-22.80999733422));
#10021 = CIRCLE('',#10022,1.974999999996);
#10022 = AXIS2_PLACEMENT_3D('',#10023,#10024,#10025);
#10023 = CARTESIAN_POINT('',(50.100000000014,11.17001,-24.66999999999));
#10024 = DIRECTION('',(-7.814892604496E-16,-1.,5.622153373519E-16));
#10025 = DIRECTION('',(-0.5,-9.614813431899E-17,-0.866025403784));
#10026 = ORIENTED_EDGE('',*,*,#10027,.T.);
#10027 = EDGE_CURVE('',#10019,#10028,#10030,.T.);
#10028 = VERTEX_POINT('',#10029);
#10029 = CARTESIAN_POINT('',(50.697964631681,11.17001,-22.83429487682));
#10030 = CIRCLE('',#10031,5.5E-02);
#10031 = AXIS2_PLACEMENT_3D('',#10032,#10033,#10034);
#10032 = CARTESIAN_POINT('',(50.745596028889,11.17001,-22.86179487682));
#10033 = DIRECTION('',(-7.814892604496E-16,-1.,5.622153373519E-16));
#10034 = DIRECTION('',(-0.5,-9.614813431899E-17,-0.866025403784));
#10035 = ORIENTED_EDGE('',*,*,#10036,.F.);
#10036 = EDGE_CURVE('',#10037,#10028,#10039,.T.);
#10037 = VERTEX_POINT('',#10038);
#10038 = CARTESIAN_POINT('',(50.689087648665,11.17001,-22.84967026242));
#10039 = LINE('',#10040,#10041);
#10040 = CARTESIAN_POINT('',(50.697964631681,11.17001,-22.83429487682));
#10041 = VECTOR('',#10042,1.);
#10042 = DIRECTION('',(0.499999999999,-1.118431410543E-16,0.866025403785
    ));
#10043 = ORIENTED_EDGE('',*,*,#10044,.F.);
#10044 = EDGE_CURVE('',#10045,#10037,#10047,.T.);
#10045 = VERTEX_POINT('',#10046);
#10046 = CARTESIAN_POINT('',(50.614553924929,11.17001,-22.90601572899));
#10047 = CIRCLE('',#10048,0.12);
#10048 = AXIS2_PLACEMENT_3D('',#10049,#10050,#10051);
#10049 = CARTESIAN_POINT('',(50.585164600211,11.17001,-22.78967026242));
#10050 = DIRECTION('',(-7.814892604496E-16,-1.,5.622153373519E-16));
#10051 = DIRECTION('',(-0.5,-9.614813431899E-17,-0.866025403784));
#10052 = ORIENTED_EDGE('',*,*,#10053,.F.);
#10053 = EDGE_CURVE('',#6272,#10045,#10054,.T.);
#10054 = CIRCLE('',#10055,2.10098297883);
#10055 = AXIS2_PLACEMENT_3D('',#10056,#10057,#10058);
#10056 = CARTESIAN_POINT('',(50.100000000008,11.17001,-20.86901702117));
#10057 = DIRECTION('',(-7.814892604496E-16,-1.,5.622153373519E-16));
#10058 = DIRECTION('',(-0.5,-9.614813431899E-17,-0.866025403784));
#10059 = PLANE('',#10060);
#10060 = AXIS2_PLACEMENT_3D('',#10061,#10062,#10063);
#10061 = CARTESIAN_POINT('',(48.211250413647,11.17001,-25.015));
#10062 = DIRECTION('',(0.,1.,-1.110223024625E-16));
#10063 = DIRECTION('',(-1.,0.,0.));
#10064 = ADVANCED_FACE('',(#10065),#10102,.T.);
#10065 = FACE_BOUND('',#10066,.T.);
#10066 = EDGE_LOOP('',(#10067,#10068,#10069,#10070,#10079,#10087,#10094,
    #10095,#10101));
#10067 = ORIENTED_EDGE('',*,*,#7054,.F.);
#10068 = ORIENTED_EDGE('',*,*,#1060,.F.);
#10069 = ORIENTED_EDGE('',*,*,#6878,.F.);
#10070 = ORIENTED_EDGE('',*,*,#10071,.T.);
#10071 = EDGE_CURVE('',#6871,#10072,#10074,.T.);
#10072 = VERTEX_POINT('',#10073);
#10073 = CARTESIAN_POINT('',(16.53964654174,158.97501,9.));
#10074 = CIRCLE('',#10075,28.897595264192);
#10075 = AXIS2_PLACEMENT_3D('',#10076,#10077,#10078);
#10076 = CARTESIAN_POINT('',(44.,158.97501,-1.489187980179E-14));
#10077 = DIRECTION('',(0.,-1.,-2.49157870341E-16));
#10078 = DIRECTION('',(0.,2.49157870341E-16,-1.));
#10079 = ORIENTED_EDGE('',*,*,#10080,.T.);
#10080 = EDGE_CURVE('',#10072,#10081,#10083,.T.);
#10081 = VERTEX_POINT('',#10082);
#10082 = CARTESIAN_POINT('',(17.2,158.97501,9.));
#10083 = LINE('',#10084,#10085);
#10084 = CARTESIAN_POINT('',(44.,158.97501,9.));
#10085 = VECTOR('',#10086,1.);
#10086 = DIRECTION('',(1.,0.,0.));
#10087 = ORIENTED_EDGE('',*,*,#10088,.F.);
#10088 = EDGE_CURVE('',#5807,#10081,#10089,.T.);
#10089 = CIRCLE('',#10090,0.3);
#10090 = AXIS2_PLACEMENT_3D('',#10091,#10092,#10093);
#10091 = CARTESIAN_POINT('',(17.2,158.97501,8.7));
#10092 = DIRECTION('',(0.,-1.,1.110223024625E-16));
#10093 = DIRECTION('',(0.,-1.110223024625E-16,-1.));
#10094 = ORIENTED_EDGE('',*,*,#5804,.F.);
#10095 = ORIENTED_EDGE('',*,*,#10096,.F.);
#10096 = EDGE_CURVE('',#7019,#5805,#10097,.T.);
#10097 = LINE('',#10098,#10099);
#10098 = CARTESIAN_POINT('',(44.,158.97501,8.));
#10099 = VECTOR('',#10100,1.);
#10100 = DIRECTION('',(-1.,0.,0.));
#10101 = ORIENTED_EDGE('',*,*,#7018,.T.);
#10102 = PLANE('',#10103);
#10103 = AXIS2_PLACEMENT_3D('',#10104,#10105,#10106);
#10104 = CARTESIAN_POINT('',(44.,158.97501,28.25));
#10105 = DIRECTION('',(0.,-1.,-1.951292859931E-16));
#10106 = DIRECTION('',(0.,1.951292859931E-16,-1.));
#10107 = ADVANCED_FACE('',(#10108,#10119),#10130,.T.);
#10108 = FACE_BOUND('',#10109,.T.);
#10109 = EDGE_LOOP('',(#10110));
#10110 = ORIENTED_EDGE('',*,*,#10111,.T.);
#10111 = EDGE_CURVE('',#10112,#10112,#10114,.T.);
#10112 = VERTEX_POINT('',#10113);
#10113 = CARTESIAN_POINT('',(44.,165.10001,-8.46));
#10114 = CIRCLE('',#10115,8.46);
#10115 = AXIS2_PLACEMENT_3D('',#10116,#10117,#10118);
#10116 = CARTESIAN_POINT('',(44.,165.10001,-1.671995986108E-14));
#10117 = DIRECTION('',(0.,-1.,1.110223024625E-16));
#10118 = DIRECTION('',(0.,-1.110223024625E-16,-1.));
#10119 = FACE_BOUND('',#10120,.T.);
#10120 = EDGE_LOOP('',(#10121));
#10121 = ORIENTED_EDGE('',*,*,#10122,.F.);
#10122 = EDGE_CURVE('',#10123,#10123,#10125,.T.);
#10123 = VERTEX_POINT('',#10124);
#10124 = CARTESIAN_POINT('',(44.,165.10001,-15.75));
#10125 = CIRCLE('',#10126,15.75);
#10126 = AXIS2_PLACEMENT_3D('',#10127,#10128,#10129);
#10127 = CARTESIAN_POINT('',(44.,165.10001,-1.671995986108E-14));
#10128 = DIRECTION('',(0.,-1.,1.110223024625E-16));
#10129 = DIRECTION('',(0.,-1.110223024625E-16,-1.));
#10130 = PLANE('',#10131);
#10131 = AXIS2_PLACEMENT_3D('',#10132,#10133,#10134);
#10132 = CARTESIAN_POINT('',(44.,165.10001,15.75));
#10133 = DIRECTION('',(0.,1.,-1.110223024625E-16));
#10134 = DIRECTION('',(-1.,0.,0.));
#10135 = ADVANCED_FACE('',(#10136),#10146,.F.);
#10136 = FACE_BOUND('',#10137,.F.);
#10137 = EDGE_LOOP('',(#10138,#10139,#10144,#10145));
#10138 = ORIENTED_EDGE('',*,*,#9949,.T.);
#10139 = ORIENTED_EDGE('',*,*,#10140,.F.);
#10140 = EDGE_CURVE('',#10112,#9950,#10141,.T.);
#10141 = B_SPLINE_CURVE_WITH_KNOTS('',1,(#10142,#10143),.UNSPECIFIED.,
  .F.,.F.,(2,2),(52.,52.66),.PIECEWISE_BEZIER_KNOTS.);
#10142 = CARTESIAN_POINT('',(44.,165.10001,-8.46));
#10143 = CARTESIAN_POINT('',(44.,164.44001,-8.46));
#10144 = ORIENTED_EDGE('',*,*,#10111,.T.);
#10145 = ORIENTED_EDGE('',*,*,#10140,.T.);
#10146 = CYLINDRICAL_SURFACE('',#10147,8.46);
#10147 = AXIS2_PLACEMENT_3D('',#10148,#10149,#10150);
#10148 = CARTESIAN_POINT('',(44.,217.10001,-2.249311958913E-14));
#10149 = DIRECTION('',(0.,-1.,1.110223024625E-16));
#10150 = DIRECTION('',(0.,-1.110223024625E-16,-1.));
#10151 = ADVANCED_FACE('',(#10152),#10164,.F.);
#10152 = FACE_BOUND('',#10153,.F.);
#10153 = EDGE_LOOP('',(#10154,#10155,#10160,#10161,#10162,#10163));
#10154 = ORIENTED_EDGE('',*,*,#8332,.F.);
#10155 = ORIENTED_EDGE('',*,*,#10156,.F.);
#10156 = EDGE_CURVE('',#7729,#8282,#10157,.T.);
#10157 = B_SPLINE_CURVE_WITH_KNOTS('',1,(#10158,#10159),.UNSPECIFIED.,
  .F.,.F.,(2,2),(82.867450220125,86.438916176976),
  .PIECEWISE_BEZIER_KNOTS.);
#10158 = CARTESIAN_POINT('',(24.13254977988,181.13722781949,
    2.298787017292));
#10159 = CARTESIAN_POINT('',(20.56108382303,181.13722781949,
    2.298787017292));
#10160 = ORIENTED_EDGE('',*,*,#7728,.T.);
#10161 = ORIENTED_EDGE('',*,*,#7974,.T.);
#10162 = ORIENTED_EDGE('',*,*,#10156,.T.);
#10163 = ORIENTED_EDGE('',*,*,#8279,.F.);
#10164 = CYLINDRICAL_SURFACE('',#10165,3.75);
#10165 = AXIS2_PLACEMENT_3D('',#10166,#10167,#10168);
#10166 = CARTESIAN_POINT('',(107.,184.10001,-1.882938360787E-14));
#10167 = DIRECTION('',(-1.,0.,0.));
#10168 = DIRECTION('',(0.,1.110223024625E-16,1.));
#10169 = ADVANCED_FACE('',(#10170),#10178,.T.);
#10170 = FACE_BOUND('',#10171,.T.);
#10171 = EDGE_LOOP('',(#10172,#10173,#10174,#10175,#10176,#10177));
#10172 = ORIENTED_EDGE('',*,*,#4175,.F.);
#10173 = ORIENTED_EDGE('',*,*,#4126,.F.);
#10174 = ORIENTED_EDGE('',*,*,#6804,.T.);
#10175 = ORIENTED_EDGE('',*,*,#6198,.T.);
#10176 = ORIENTED_EDGE('',*,*,#4066,.T.);
#10177 = ORIENTED_EDGE('',*,*,#4158,.F.);
#10178 = CONICAL_SURFACE('',#10179,2.88,0.523598775);
#10179 = AXIS2_PLACEMENT_3D('',#10180,#10181,#10182);
#10180 = CARTESIAN_POINT('',(61.99,206.10001,-9.15));
#10181 = DIRECTION('',(4.783544928532E-17,-1.,1.110223024625E-16));
#10182 = DIRECTION('',(1.,4.783544928532E-17,5.979431160665E-17));
#10183 = ADVANCED_FACE('',(#10184),#10202,.T.);
#10184 = FACE_BOUND('',#10185,.T.);
#10185 = EDGE_LOOP('',(#10186,#10187,#10194,#10201));
#10186 = ORIENTED_EDGE('',*,*,#1304,.T.);
#10187 = ORIENTED_EDGE('',*,*,#10188,.T.);
#10188 = EDGE_CURVE('',#1298,#10189,#10191,.T.);
#10189 = VERTEX_POINT('',#10190);
#10190 = CARTESIAN_POINT('',(50.1,9.80001,-27.87));
#10191 = B_SPLINE_CURVE_WITH_KNOTS('',1,(#10192,#10193),.UNSPECIFIED.,
  .F.,.F.,(2,2),(11.9,12.7),.PIECEWISE_BEZIER_KNOTS.);
#10192 = CARTESIAN_POINT('',(50.1,10.60001,-27.87));
#10193 = CARTESIAN_POINT('',(50.1,9.80001,-27.87));
#10194 = ORIENTED_EDGE('',*,*,#10195,.F.);
#10195 = EDGE_CURVE('',#10189,#10189,#10196,.T.);
#10196 = CIRCLE('',#10197,3.2);
#10197 = AXIS2_PLACEMENT_3D('',#10198,#10199,#10200);
#10198 = CARTESIAN_POINT('',(50.1,9.80001,-24.67));
#10199 = DIRECTION('',(0.,-1.,1.110223024625E-16));
#10200 = DIRECTION('',(0.,-1.110223024625E-16,-1.));
#10201 = ORIENTED_EDGE('',*,*,#10188,.F.);
#10202 = CYLINDRICAL_SURFACE('',#10203,3.2);
#10203 = AXIS2_PLACEMENT_3D('',#10204,#10205,#10206);
#10204 = CARTESIAN_POINT('',(50.1,22.50001,-24.67));
#10205 = DIRECTION('',(0.,-1.,1.110223024625E-16));
#10206 = DIRECTION('',(0.,-1.110223024625E-16,-1.));
#10207 = ADVANCED_FACE('',(#10208),#10235,.F.);
#10208 = FACE_BOUND('',#10209,.F.);
#10209 = EDGE_LOOP('',(#10210,#10220,#10227,#10228));
#10210 = ORIENTED_EDGE('',*,*,#10211,.T.);
#10211 = EDGE_CURVE('',#10212,#10214,#10216,.T.);
#10212 = VERTEX_POINT('',#10213);
#10213 = CARTESIAN_POINT('',(51.378764727116,9.50001,-10.17511985327));
#10214 = VERTEX_POINT('',#10215);
#10215 = CARTESIAN_POINT('',(51.378764727116,11.17001,-10.17511985327));
#10216 = LINE('',#10217,#10218);
#10217 = CARTESIAN_POINT('',(51.378764727116,11.17001,-10.17511985327));
#10218 = VECTOR('',#10219,1.);
#10219 = DIRECTION('',(0.,1.,-1.110223024625E-16));
#10220 = ORIENTED_EDGE('',*,*,#10221,.T.);
#10221 = EDGE_CURVE('',#10214,#5466,#10222,.T.);
#10222 = CIRCLE('',#10223,5.5E-02);
#10223 = AXIS2_PLACEMENT_3D('',#10224,#10225,#10226);
#10224 = CARTESIAN_POINT('',(51.3431535575,11.17001,-10.13320512318));
#10225 = DIRECTION('',(-8.838452764881E-16,-1.,-3.992660058399E-16));
#10226 = DIRECTION('',(-0.5,9.614813431938E-17,0.866025403784));
#10227 = ORIENTED_EDGE('',*,*,#5473,.F.);
#10228 = ORIENTED_EDGE('',*,*,#10229,.T.);
#10229 = EDGE_CURVE('',#5448,#10212,#10230,.T.);
#10230 = CIRCLE('',#10231,5.5E-02);
#10231 = AXIS2_PLACEMENT_3D('',#10232,#10233,#10234);
#10232 = CARTESIAN_POINT('',(51.3431535575,9.50001,-10.13320512318));
#10233 = DIRECTION('',(8.838452764881E-16,1.,3.992660058399E-16));
#10234 = DIRECTION('',(-0.5,9.614813431938E-17,0.866025403784));
#10235 = CYLINDRICAL_SURFACE('',#10236,5.5E-02);
#10236 = AXIS2_PLACEMENT_3D('',#10237,#10238,#10239);
#10237 = CARTESIAN_POINT('',(51.3431535575,11.17001,-10.13320512318));
#10238 = DIRECTION('',(0.,-1.,1.110223024625E-16));
#10239 = DIRECTION('',(1.,0.,0.));
#10240 = ADVANCED_FACE('',(#10241),#10268,.F.);
#10241 = FACE_BOUND('',#10242,.F.);
#10242 = EDGE_LOOP('',(#10243,#10253,#10260,#10261));
#10243 = ORIENTED_EDGE('',*,*,#10244,.T.);
#10244 = EDGE_CURVE('',#10245,#10247,#10249,.T.);
#10245 = VERTEX_POINT('',#10246);
#10246 = CARTESIAN_POINT('',(50.764089665132,9.50001,-10.53000266577));
#10247 = VERTEX_POINT('',#10248);
#10248 = CARTESIAN_POINT('',(50.764089665132,11.17001,-10.53000266577));
#10249 = LINE('',#10250,#10251);
#10250 = CARTESIAN_POINT('',(50.764089665132,11.17001,-10.53000266577));
#10251 = VECTOR('',#10252,1.);
#10252 = DIRECTION('',(0.,1.,-1.110223024625E-16));
#10253 = ORIENTED_EDGE('',*,*,#10254,.T.);
#10254 = EDGE_CURVE('',#10247,#10214,#10255,.T.);
#10255 = CIRCLE('',#10256,1.974999999999);
#10256 = AXIS2_PLACEMENT_3D('',#10257,#10258,#10259);
#10257 = CARTESIAN_POINT('',(50.100000000014,11.17001,-8.669999999999));
#10258 = DIRECTION('',(-8.838452764881E-16,-1.,-3.992660058399E-16));
#10259 = DIRECTION('',(-0.5,9.614813431938E-17,0.866025403784));
#10260 = ORIENTED_EDGE('',*,*,#10211,.F.);
#10261 = ORIENTED_EDGE('',*,*,#10262,.F.);
#10262 = EDGE_CURVE('',#10245,#10212,#10263,.T.);
#10263 = CIRCLE('',#10264,1.975);
#10264 = AXIS2_PLACEMENT_3D('',#10265,#10266,#10267);
#10265 = CARTESIAN_POINT('',(50.100000000014,9.50001,-8.669999999999));
#10266 = DIRECTION('',(-8.326672684682E-16,-1.,-3.697183691345E-16));
#10267 = DIRECTION('',(-0.500000000001,9.614813431887E-17,0.866025403784
    ));
#10268 = CYLINDRICAL_SURFACE('',#10269,1.975);
#10269 = AXIS2_PLACEMENT_3D('',#10270,#10271,#10272);
#10270 = CARTESIAN_POINT('',(50.100000000014,11.17001,-8.669999999999));
#10271 = DIRECTION('',(0.,-1.,1.110223024625E-16));
#10272 = DIRECTION('',(1.,0.,0.));
#10273 = ADVANCED_FACE('',(#10274),#10290,.T.);
#10274 = FACE_BOUND('',#10275,.T.);
#10275 = EDGE_LOOP('',(#10276,#10277,#10288,#10289));
#10276 = ORIENTED_EDGE('',*,*,#1525,.F.);
#10277 = ORIENTED_EDGE('',*,*,#10278,.T.);
#10278 = EDGE_CURVE('',#1502,#10279,#10281,.T.);
#10279 = VERTEX_POINT('',#10280);
#10280 = CARTESIAN_POINT('',(62.,9.30001,-26.25));
#10281 = B_SPLINE_CURVE_WITH_KNOTS('',5,(#10282,#10283,#10284,#10285,
    #10286,#10287),.UNSPECIFIED.,.F.,.F.,(6,6),(0.585685543457,
    1.570796326795),.PIECEWISE_BEZIER_KNOTS.);
#10282 = CARTESIAN_POINT('',(60.383475962643,8.62967423589,
    -25.31081867662));
#10283 = CARTESIAN_POINT('',(60.594739026453,8.71728022506,
    -25.65560745079));
#10284 = CARTESIAN_POINT('',(60.884410316245,8.83740032281,
    -25.94412177767));
#10285 = CARTESIAN_POINT('',(61.235598267043,8.98302998121,
    -26.14815781844));
#10286 = CARTESIAN_POINT('',(61.617810737426,9.14152480248,-26.25));
#10287 = CARTESIAN_POINT('',(62.,9.30001,-26.25));
#10288 = ORIENTED_EDGE('',*,*,#10278,.F.);
#10289 = ORIENTED_EDGE('',*,*,#1499,.F.);
#10290 = SPHERICAL_SURFACE('',#10291,2.1);
#10291 = AXIS2_PLACEMENT_3D('',#10292,#10293,#10294);
#10292 = CARTESIAN_POINT('',(62.,9.30001,-24.15));
#10293 = DIRECTION('',(0.,-1.110223024625E-16,-1.));
#10294 = DIRECTION('',(-0.923728021347,-0.383049008063,
    4.252698283114E-17));
#10295 = ADVANCED_FACE('',(#10296),#10332,.F.);
#10296 = FACE_BOUND('',#10297,.F.);
#10297 = EDGE_LOOP('',(#10298,#10308,#10317,#10325));
#10298 = ORIENTED_EDGE('',*,*,#10299,.T.);
#10299 = EDGE_CURVE('',#10300,#10302,#10304,.T.);
#10300 = VERTEX_POINT('',#10301);
#10301 = CARTESIAN_POINT('',(51.988749586381,9.50001,-25.06999999999));
#10302 = VERTEX_POINT('',#10303);
#10303 = CARTESIAN_POINT('',(51.988749586381,11.17001,-25.06999999999));
#10304 = LINE('',#10305,#10306);
#10305 = CARTESIAN_POINT('',(51.988749586381,11.17001,-25.06999999999));
#10306 = VECTOR('',#10307,1.);
#10307 = DIRECTION('',(0.,1.,-1.110223024625E-16));
#10308 = ORIENTED_EDGE('',*,*,#10309,.T.);
#10309 = EDGE_CURVE('',#10302,#10310,#10312,.T.);
#10310 = VERTEX_POINT('',#10311);
#10311 = CARTESIAN_POINT('',(52.042854392236,11.17001,-25.02488281249));
#10312 = CIRCLE('',#10313,5.499999999707E-02);
#10313 = AXIS2_PLACEMENT_3D('',#10314,#10315,#10316);
#10314 = CARTESIAN_POINT('',(51.988749586381,11.17001,-25.01499999999));
#10315 = DIRECTION('',(-8.838452764881E-16,-1.,-3.992660058399E-16));
#10316 = DIRECTION('',(-0.5,9.614813431938E-17,0.866025403784));
#10317 = ORIENTED_EDGE('',*,*,#10318,.F.);
#10318 = EDGE_CURVE('',#10319,#10310,#10321,.T.);
#10319 = VERTEX_POINT('',#10320);
#10320 = CARTESIAN_POINT('',(52.042854392236,9.50001,-25.02488281249));
#10321 = LINE('',#10322,#10323);
#10322 = CARTESIAN_POINT('',(52.042854392236,11.17001,-25.02488281249));
#10323 = VECTOR('',#10324,1.);
#10324 = DIRECTION('',(0.,1.,-1.110223024625E-16));
#10325 = ORIENTED_EDGE('',*,*,#10326,.T.);
#10326 = EDGE_CURVE('',#10319,#10300,#10327,.T.);
#10327 = CIRCLE('',#10328,5.499999999707E-02);
#10328 = AXIS2_PLACEMENT_3D('',#10329,#10330,#10331);
#10329 = CARTESIAN_POINT('',(51.988749586381,9.50001,-25.01499999999));
#10330 = DIRECTION('',(8.838452764881E-16,1.,3.992660058399E-16));
#10331 = DIRECTION('',(-0.5,9.614813431938E-17,0.866025403784));
#10332 = CYLINDRICAL_SURFACE('',#10333,5.499999999707E-02);
#10333 = AXIS2_PLACEMENT_3D('',#10334,#10335,#10336);
#10334 = CARTESIAN_POINT('',(51.988749586381,11.17001,-25.01499999999));
#10335 = DIRECTION('',(0.,-1.,1.110223024625E-16));
#10336 = DIRECTION('',(1.,0.,0.));
#10337 = ADVANCED_FACE('',(#10338),#10364,.T.);
#10338 = FACE_BOUND('',#10339,.T.);
#10339 = EDGE_LOOP('',(#10340,#10349,#10356,#10363));
#10340 = ORIENTED_EDGE('',*,*,#10341,.T.);
#10341 = EDGE_CURVE('',#10342,#10342,#10344,.T.);
#10342 = VERTEX_POINT('',#10343);
#10343 = CARTESIAN_POINT('',(48.858136099844,188.18823856765,
    2.565756518395));
#10344 = CIRCLE('',#10345,5.494050680172);
#10345 = AXIS2_PLACEMENT_3D('',#10346,#10347,#10348);
#10346 = CARTESIAN_POINT('',(44.,188.18823856765,-1.984770449584E-14));
#10347 = DIRECTION('',(0.,-1.,1.110223024625E-16));
#10348 = DIRECTION('',(0.884253965363,5.184811950464E-17,0.467006343362)
  );
#10349 = ORIENTED_EDGE('',*,*,#10350,.T.);
#10350 = EDGE_CURVE('',#10342,#10351,#10353,.T.);
#10351 = VERTEX_POINT('',#10352);
#10352 = CARTESIAN_POINT('',(49.215133122514,186.68150964254,
    2.754299494371));
#10353 = B_SPLINE_CURVE_WITH_KNOTS('',1,(#10354,#10355),.UNSPECIFIED.,
  .F.,.F.,(2,2),(1.150990481968,2.710871048468),
  .PIECEWISE_BEZIER_KNOTS.);
#10354 = CARTESIAN_POINT('',(48.85813609955,188.18823856756,
    2.56575651824));
#10355 = CARTESIAN_POINT('',(49.215133121821,186.68150964233,
    2.754299494005));
#10356 = ORIENTED_EDGE('',*,*,#10357,.T.);
#10357 = EDGE_CURVE('',#10351,#10351,#10358,.T.);
#10358 = CIRCLE('',#10359,5.897777478867);
#10359 = AXIS2_PLACEMENT_3D('',#10360,#10361,#10362);
#10360 = CARTESIAN_POINT('',(44.,186.68150964254,-1.968042398139E-14));
#10361 = DIRECTION('',(0.,1.,-1.110223024625E-16));
#10362 = DIRECTION('',(0.884253965363,5.184811950464E-17,0.467006343362)
  );
#10363 = ORIENTED_EDGE('',*,*,#10350,.F.);
#10364 = CONICAL_SURFACE('',#10365,5.196152422707,0.2617993875);
#10365 = AXIS2_PLACEMENT_3D('',#10366,#10367,#10368);
#10366 = CARTESIAN_POINT('',(44.,189.30001,-1.997113592008E-14));
#10367 = DIRECTION('',(4.492658992994E-17,-1.,1.347496515102E-16));
#10368 = DIRECTION('',(-0.884253965363,-1.026554573168E-16,
    -0.467006343362));
#10369 = ADVANCED_FACE('',(#10370),#10380,.F.);
#10370 = FACE_BOUND('',#10371,.F.);
#10371 = EDGE_LOOP('',(#10372,#10373,#10378,#10379));
#10372 = ORIENTED_EDGE('',*,*,#3421,.T.);
#10373 = ORIENTED_EDGE('',*,*,#10374,.T.);
#10374 = EDGE_CURVE('',#3422,#3405,#10375,.T.);
#10375 = B_SPLINE_CURVE_WITH_KNOTS('',1,(#10376,#10377),.UNSPECIFIED.,
  .F.,.F.,(2,2),(1.,36.2),.PIECEWISE_BEZIER_KNOTS.);
#10376 = CARTESIAN_POINT('',(47.53701586145,154.10001,1.86802537345));
#10377 = CARTESIAN_POINT('',(47.53701586145,189.30001,1.86802537345));
#10378 = ORIENTED_EDGE('',*,*,#3404,.F.);
#10379 = ORIENTED_EDGE('',*,*,#10374,.F.);
#10380 = CYLINDRICAL_SURFACE('',#10381,4.);
#10381 = AXIS2_PLACEMENT_3D('',#10382,#10383,#10384);
#10382 = CARTESIAN_POINT('',(44.,153.10001,-1.595212857093E-14));
#10383 = DIRECTION('',(0.,1.,-1.110223024625E-16));
#10384 = DIRECTION('',(0.884253965363,5.184811950464E-17,0.467006343362)
  );
#10385 = ADVANCED_FACE('',(#10386),#10399,.T.);
#10386 = FACE_BOUND('',#10387,.T.);
#10387 = EDGE_LOOP('',(#10388,#10389,#10397,#10398));
#10388 = ORIENTED_EDGE('',*,*,#10357,.F.);
#10389 = ORIENTED_EDGE('',*,*,#10390,.T.);
#10390 = EDGE_CURVE('',#10351,#3439,#10391,.T.);
#10391 = B_SPLINE_CURVE_WITH_KNOTS('',4,(#10392,#10393,#10394,#10395,
    #10396),.UNSPECIFIED.,.F.,.F.,(5,5),(0.,1.),
  .PIECEWISE_BEZIER_KNOTS.);
#10392 = CARTESIAN_POINT('',(49.215133122514,186.68150964254,
    2.754299494371));
#10393 = CARTESIAN_POINT('',(49.25994180499,186.49239171243,
    2.777964572249));
#10394 = CARTESIAN_POINT('',(49.290457473069,186.29776684518,
    2.794080994819));
#10395 = CARTESIAN_POINT('',(49.305523792175,186.10084179556,
    2.802038060175));
#10396 = CARTESIAN_POINT('',(49.305523792175,185.90505250723,
    2.802038060175));
#10397 = ORIENTED_EDGE('',*,*,#3438,.F.);
#10398 = ORIENTED_EDGE('',*,*,#10390,.F.);
#10399 = ( BOUNDED_SURFACE() B_SPLINE_SURFACE(3,3,(
    (#10400,#10401,#10402,#10403,#10404,#10405,#10406)
    ,(#10407,#10408,#10409,#10410,#10411,#10412,#10413)
    ,(#10414,#10415,#10416,#10417,#10418,#10419,#10420)
    ,(#10421,#10422,#10423,#10424,#10425,#10426,#10427
)),.UNSPECIFIED.,.F.,.T.,.F.) B_SPLINE_SURFACE_WITH_KNOTS((4,4),(1,3,3,3
    ,1),(0.,1.),(-0.5,0.,0.5,1.,1.5),.UNSPECIFIED.) 
GEOMETRIC_REPRESENTATION_ITEM() RATIONAL_B_SPLINE_SURFACE((
    (1.,0.333333333333,0.333333333333,1.,0.333333333333,0.333333333333
      ,1.)
    ,(0.994296574249,0.331432191416,0.331432191416,0.994296574249
      ,0.331432191416,0.331432191416,0.994296574249)
    ,(0.994296574249,0.331432191416,0.331432191416,0.994296574249
      ,0.331432191416,0.331432191416,0.994296574249)
    ,(1.,0.333333333333,0.333333333333,1.,0.333333333333,0.333333333333
,1.))) REPRESENTATION_ITEM('') SURFACE() );
#10400 = CARTESIAN_POINT('',(49.215133122514,186.68150964254,
    2.754299494371));
#10401 = CARTESIAN_POINT('',(54.723732111256,186.68150964254,
    -7.675966750657));
#10402 = CARTESIAN_POINT('',(44.293465866228,186.68150964254,
    -13.18456573939));
#10403 = CARTESIAN_POINT('',(38.784866877486,186.68150964254,
    -2.754299494371));
#10404 = CARTESIAN_POINT('',(33.27626788875,186.68150964254,
    7.675966750657));
#10405 = CARTESIAN_POINT('',(43.706534133772,186.68150964254,
    13.184565739399));
#10406 = CARTESIAN_POINT('',(49.215133122514,186.68150964254,
    2.754299494371));
#10407 = CARTESIAN_POINT('',(49.275220737733,186.42790599281,
    2.786033926519));
#10408 = CARTESIAN_POINT('',(54.847288590771,186.42790599281,
    -7.764407548948));
#10409 = CARTESIAN_POINT('',(44.296847115304,186.42790599281,
    -13.33647540198));
#10410 = CARTESIAN_POINT('',(38.724779262267,186.42790599281,
    -2.786033926519));
#10411 = CARTESIAN_POINT('',(33.15271140923,186.42790599281,
    7.764407548948));
#10412 = CARTESIAN_POINT('',(43.703152884696,186.42790599281,
    13.336475401986));
#10413 = CARTESIAN_POINT('',(49.275220737733,186.42790599281,
    2.786033926519));
#10414 = CARTESIAN_POINT('',(49.305523792175,186.16760232507,
    2.802038060175));
#10415 = CARTESIAN_POINT('',(54.909599912524,186.16760232507,
    -7.809009524175));
#10416 = CARTESIAN_POINT('',(44.298552328174,186.16760232507,
    -13.41308564452));
#10417 = CARTESIAN_POINT('',(38.694476207825,186.16760232507,
    -2.802038060175));
#10418 = CARTESIAN_POINT('',(33.09040008748,186.16760232507,
    7.809009524175));
#10419 = CARTESIAN_POINT('',(43.701447671826,186.16760232507,
    13.413085644524));
#10420 = CARTESIAN_POINT('',(49.305523792175,186.16760232507,
    2.802038060175));
#10421 = CARTESIAN_POINT('',(49.305523792175,185.90505250723,
    2.802038060175));
#10422 = CARTESIAN_POINT('',(54.909599912524,185.90505250723,
    -7.809009524175));
#10423 = CARTESIAN_POINT('',(44.298552328174,185.90505250723,
    -13.41308564452));
#10424 = CARTESIAN_POINT('',(38.694476207825,185.90505250723,
    -2.802038060175));
#10425 = CARTESIAN_POINT('',(33.09040008748,185.90505250723,
    7.809009524175));
#10426 = CARTESIAN_POINT('',(43.701447671826,185.90505250723,
    13.413085644524));
#10427 = CARTESIAN_POINT('',(49.305523792175,185.90505250723,
    2.802038060175));
#10428 = ADVANCED_FACE('',(#10429,#10433),#10436,.T.);
#10429 = FACE_BOUND('',#10430,.T.);
#10430 = EDGE_LOOP('',(#10431,#10432));
#10431 = ORIENTED_EDGE('',*,*,#9965,.T.);
#10432 = ORIENTED_EDGE('',*,*,#9974,.T.);
#10433 = FACE_BOUND('',#10434,.T.);
#10434 = EDGE_LOOP('',(#10435));
#10435 = ORIENTED_EDGE('',*,*,#3454,.F.);
#10436 = PLANE('',#10437);
#10437 = AXIS2_PLACEMENT_3D('',#10438,#10439,#10440);
#10438 = CARTESIAN_POINT('',(44.,164.60001,-1.666444870985E-14));
#10439 = DIRECTION('',(0.,1.,-1.110223024625E-16));
#10440 = DIRECTION('',(-1.,0.,0.));
#10441 = ADVANCED_FACE('',(#10442),#10457,.T.);
#10442 = FACE_BOUND('',#10443,.T.);
#10443 = EDGE_LOOP('',(#10444,#10445,#10455,#10456));
#10444 = ORIENTED_EDGE('',*,*,#10341,.F.);
#10445 = ORIENTED_EDGE('',*,*,#10446,.T.);
#10446 = EDGE_CURVE('',#10342,#3394,#10447,.T.);
#10447 = B_SPLINE_CURVE_WITH_KNOTS('',6,(#10448,#10449,#10450,#10451,
    #10452,#10453,#10454),.UNSPECIFIED.,.F.,.F.,(7,7),(0.261799387799,
    1.570796326795),.PIECEWISE_BEZIER_KNOTS.);
#10448 = CARTESIAN_POINT('',(48.858136099844,188.18823856765,
    2.565756518395));
#10449 = CARTESIAN_POINT('',(48.783241261749,188.50433705513,
    2.526201858935));
#10450 = CARTESIAN_POINT('',(48.635178737177,188.79825342482,
    2.448004710946));
#10451 = CARTESIAN_POINT('',(48.420309580777,189.04296396227,
    2.334524576322));
#10452 = CARTESIAN_POINT('',(48.155684270902,189.21434321233,
    2.194766426325));
#10453 = CARTESIAN_POINT('',(47.86632192012,189.30001,2.041943754741));
#10454 = CARTESIAN_POINT('',(47.576950486631,189.30001,1.889116286253));
#10455 = ORIENTED_EDGE('',*,*,#3393,.F.);
#10456 = ORIENTED_EDGE('',*,*,#10446,.F.);
#10457 = TOROIDAL_SURFACE('',#10458,4.045161940738,1.5);
#10458 = AXIS2_PLACEMENT_3D('',#10459,#10460,#10461);
#10459 = CARTESIAN_POINT('',(44.,187.80001,-1.980460246638E-14));
#10460 = DIRECTION('',(0.,1.,-1.110223024625E-16));
#10461 = DIRECTION('',(0.884253965363,5.184811950464E-17,0.467006343362)
  );
#10462 = ADVANCED_FACE('',(#10463),#10481,.T.);
#10463 = FACE_BOUND('',#10464,.T.);
#10464 = EDGE_LOOP('',(#10465,#10466,#10473,#10480));
#10465 = ORIENTED_EDGE('',*,*,#4300,.T.);
#10466 = ORIENTED_EDGE('',*,*,#10467,.T.);
#10467 = EDGE_CURVE('',#4301,#10468,#10470,.T.);
#10468 = VERTEX_POINT('',#10469);
#10469 = CARTESIAN_POINT('',(50.1,13.25001,-27.17));
#10470 = B_SPLINE_CURVE_WITH_KNOTS('',1,(#10471,#10472),.UNSPECIFIED.,
  .F.,.F.,(2,2),(6.,9.25),.PIECEWISE_BEZIER_KNOTS.);
#10471 = CARTESIAN_POINT('',(50.1,16.50001,-27.17));
#10472 = CARTESIAN_POINT('',(50.1,13.25001,-27.17));
#10473 = ORIENTED_EDGE('',*,*,#10474,.F.);
#10474 = EDGE_CURVE('',#10468,#10468,#10475,.T.);
#10475 = CIRCLE('',#10476,2.5);
#10476 = AXIS2_PLACEMENT_3D('',#10477,#10478,#10479);
#10477 = CARTESIAN_POINT('',(50.1,13.25001,-24.67));
#10478 = DIRECTION('',(0.,-1.,1.110223024625E-16));
#10479 = DIRECTION('',(0.,-1.110223024625E-16,-1.));
#10480 = ORIENTED_EDGE('',*,*,#10467,.F.);
#10481 = CYLINDRICAL_SURFACE('',#10482,2.5);
#10482 = AXIS2_PLACEMENT_3D('',#10483,#10484,#10485);
#10483 = CARTESIAN_POINT('',(50.1,22.50001,-24.67));
#10484 = DIRECTION('',(0.,-1.,1.110223024625E-16));
#10485 = DIRECTION('',(0.,-1.110223024625E-16,-1.));
#10486 = ADVANCED_FACE('',(#10487,#10498),#10754,.T.);
#10487 = FACE_BOUND('',#10488,.T.);
#10488 = EDGE_LOOP('',(#10489));
#10489 = ORIENTED_EDGE('',*,*,#10490,.T.);
#10490 = EDGE_CURVE('',#10491,#10491,#10493,.T.);
#10491 = VERTEX_POINT('',#10492);
#10492 = CARTESIAN_POINT('',(50.1,9.50001,-27.04575677416));
#10493 = CIRCLE('',#10494,2.375756774164);
#10494 = AXIS2_PLACEMENT_3D('',#10495,#10496,#10497);
#10495 = CARTESIAN_POINT('',(50.1,9.50001,-24.67));
#10496 = DIRECTION('',(0.,-1.,1.110223024625E-16));
#10497 = DIRECTION('',(0.,-1.110223024625E-16,-1.));
#10498 = FACE_BOUND('',#10499,.T.);
#10499 = EDGE_LOOP('',(#10500,#10501,#10508,#10509,#10510,#10511,#10512,
    #10513,#10520,#10521,#10522,#10531,#10540,#10546,#10547,#10556,
    #10565,#10573,#10582,#10591,#10600,#10608,#10615,#10616,#10617,
    #10618,#10627,#10634,#10635,#10643,#10650,#10651,#10652,#10658,
    #10659,#10668,#10677,#10685,#10694,#10703,#10712,#10720,#10729,
    #10736,#10737,#10745,#10752,#10753));
#10500 = ORIENTED_EDGE('',*,*,#6821,.F.);
#10501 = ORIENTED_EDGE('',*,*,#10502,.T.);
#10502 = EDGE_CURVE('',#6822,#4742,#10503,.T.);
#10503 = CIRCLE('',#10504,5.5E-02);
#10504 = AXIS2_PLACEMENT_3D('',#10505,#10506,#10507);
#10505 = CARTESIAN_POINT('',(48.211250413647,9.50001,-25.015));
#10506 = DIRECTION('',(0.,1.,-1.110223024625E-16));
#10507 = DIRECTION('',(1.,0.,0.));
#10508 = ORIENTED_EDGE('',*,*,#4749,.F.);
#10509 = ORIENTED_EDGE('',*,*,#4700,.F.);
#10510 = ORIENTED_EDGE('',*,*,#4715,.T.);
#10511 = ORIENTED_EDGE('',*,*,#4871,.T.);
#10512 = ORIENTED_EDGE('',*,*,#4459,.T.);
#10513 = ORIENTED_EDGE('',*,*,#10514,.T.);
#10514 = EDGE_CURVE('',#4462,#3227,#10515,.T.);
#10515 = CIRCLE('',#10516,0.12);
#10516 = AXIS2_PLACEMENT_3D('',#10517,#10518,#10519);
#10517 = CARTESIAN_POINT('',(48.71416897988,9.50001,-23.30967026241));
#10518 = DIRECTION('',(0.,-1.,1.110223024625E-16));
#10519 = DIRECTION('',(1.,0.,0.));
#10520 = ORIENTED_EDGE('',*,*,#3226,.F.);
#10521 = ORIENTED_EDGE('',*,*,#2462,.F.);
#10522 = ORIENTED_EDGE('',*,*,#10523,.T.);
#10523 = EDGE_CURVE('',#2436,#10524,#10526,.T.);
#10524 = VERTEX_POINT('',#10525);
#10525 = CARTESIAN_POINT('',(49.435910334887,9.50001,-22.80999733423));
#10526 = CIRCLE('',#10527,1.974999999996);
#10527 = AXIS2_PLACEMENT_3D('',#10528,#10529,#10530);
#10528 = CARTESIAN_POINT('',(50.100000000014,9.50001,-24.66999999999));
#10529 = DIRECTION('',(7.814892604496E-16,1.,-5.622153373519E-16));
#10530 = DIRECTION('',(-0.5,-9.614813431899E-17,-0.866025403784));
#10531 = ORIENTED_EDGE('',*,*,#10532,.T.);
#10532 = EDGE_CURVE('',#10524,#10533,#10535,.T.);
#10533 = VERTEX_POINT('',#10534);
#10534 = CARTESIAN_POINT('',(49.502035368336,9.50001,-22.83429487682));
#10535 = CIRCLE('',#10536,5.499999999707E-02);
#10536 = AXIS2_PLACEMENT_3D('',#10537,#10538,#10539);
#10537 = CARTESIAN_POINT('',(49.45440397113,9.50001,-22.86179487682));
#10538 = DIRECTION('',(7.814892604496E-16,1.,-5.622153373519E-16));
#10539 = DIRECTION('',(-0.5,-9.614813431899E-17,-0.866025403784));
#10540 = ORIENTED_EDGE('',*,*,#10541,.T.);
#10541 = EDGE_CURVE('',#10533,#9889,#10542,.T.);
#10542 = LINE('',#10543,#10544);
#10543 = CARTESIAN_POINT('',(49.502035368338,9.50001,-22.83429487682));
#10544 = VECTOR('',#10545,1.);
#10545 = DIRECTION('',(0.5,1.118431410553E-16,-0.866025403784));
#10546 = ORIENTED_EDGE('',*,*,#9886,.F.);
#10547 = ORIENTED_EDGE('',*,*,#10548,.F.);
#10548 = EDGE_CURVE('',#10549,#9887,#10551,.T.);
#10549 = VERTEX_POINT('',#10550);
#10550 = CARTESIAN_POINT('',(50.614553924929,9.50001,-22.90601572899));
#10551 = CIRCLE('',#10552,2.10098297883);
#10552 = AXIS2_PLACEMENT_3D('',#10553,#10554,#10555);
#10553 = CARTESIAN_POINT('',(50.100000000008,9.50001,-20.86901702117));
#10554 = DIRECTION('',(7.814892604496E-16,1.,-5.622153373519E-16));
#10555 = DIRECTION('',(-0.5,-9.614813431899E-17,-0.866025403784));
#10556 = ORIENTED_EDGE('',*,*,#10557,.F.);
#10557 = EDGE_CURVE('',#10558,#10549,#10560,.T.);
#10558 = VERTEX_POINT('',#10559);
#10559 = CARTESIAN_POINT('',(50.689087648665,9.50001,-22.84967026242));
#10560 = CIRCLE('',#10561,0.12);
#10561 = AXIS2_PLACEMENT_3D('',#10562,#10563,#10564);
#10562 = CARTESIAN_POINT('',(50.585164600211,9.50001,-22.78967026242));
#10563 = DIRECTION('',(7.814892604496E-16,1.,-5.622153373519E-16));
#10564 = DIRECTION('',(-0.5,-9.614813431899E-17,-0.866025403784));
#10565 = ORIENTED_EDGE('',*,*,#10566,.F.);
#10566 = EDGE_CURVE('',#10567,#10558,#10569,.T.);
#10567 = VERTEX_POINT('',#10568);
#10568 = CARTESIAN_POINT('',(50.697964631681,9.50001,-22.83429487682));
#10569 = LINE('',#10570,#10571);
#10570 = CARTESIAN_POINT('',(50.697964631681,9.50001,-22.83429487682));
#10571 = VECTOR('',#10572,1.);
#10572 = DIRECTION('',(-0.499999999999,1.118431410543E-16,
    -0.866025403785));
#10573 = ORIENTED_EDGE('',*,*,#10574,.T.);
#10574 = EDGE_CURVE('',#10567,#10575,#10577,.T.);
#10575 = VERTEX_POINT('',#10576);
#10576 = CARTESIAN_POINT('',(50.764089665133,9.50001,-22.80999733422));
#10577 = CIRCLE('',#10578,5.5E-02);
#10578 = AXIS2_PLACEMENT_3D('',#10579,#10580,#10581);
#10579 = CARTESIAN_POINT('',(50.745596028889,9.50001,-22.86179487682));
#10580 = DIRECTION('',(7.814892604496E-16,1.,-5.622153373519E-16));
#10581 = DIRECTION('',(-0.5,-9.614813431899E-17,-0.866025403784));
#10582 = ORIENTED_EDGE('',*,*,#10583,.F.);
#10583 = EDGE_CURVE('',#10584,#10575,#10586,.T.);
#10584 = VERTEX_POINT('',#10585);
#10585 = CARTESIAN_POINT('',(51.378764727116,9.50001,-23.16488014672));
#10586 = CIRCLE('',#10587,1.974999999996);
#10587 = AXIS2_PLACEMENT_3D('',#10588,#10589,#10590);
#10588 = CARTESIAN_POINT('',(50.100000000014,9.50001,-24.66999999999));
#10589 = DIRECTION('',(8.326672684704E-16,-1.,-3.697183691308E-16));
#10590 = DIRECTION('',(-0.499999999997,-9.614813431913E-17,
    -0.866025403786));
#10591 = ORIENTED_EDGE('',*,*,#10592,.F.);
#10592 = EDGE_CURVE('',#10593,#10584,#10595,.T.);
#10593 = VERTEX_POINT('',#10594);
#10594 = CARTESIAN_POINT('',(51.390784954709,9.50001,-23.23429487682));
#10595 = CIRCLE('',#10596,5.5E-02);
#10596 = AXIS2_PLACEMENT_3D('',#10597,#10598,#10599);
#10597 = CARTESIAN_POINT('',(51.3431535575,9.50001,-23.20679487682));
#10598 = DIRECTION('',(8.326672684704E-16,-1.,-3.697183691308E-16));
#10599 = DIRECTION('',(-0.499999999997,-9.614813431913E-17,
    -0.866025403786));
#10600 = ORIENTED_EDGE('',*,*,#10601,.T.);
#10601 = EDGE_CURVE('',#10593,#10602,#10604,.T.);
#10602 = VERTEX_POINT('',#10603);
#10603 = CARTESIAN_POINT('',(51.381907971693,9.50001,-23.24967026242));
#10604 = LINE('',#10605,#10606);
#10605 = CARTESIAN_POINT('',(51.390784954709,9.50001,-23.23429487682));
#10606 = VECTOR('',#10607,1.);
#10607 = DIRECTION('',(-0.499999999999,1.118431410543E-16,
    -0.866025403785));
#10608 = ORIENTED_EDGE('',*,*,#10609,.T.);
#10609 = EDGE_CURVE('',#10602,#5083,#10610,.T.);
#10610 = CIRCLE('',#10611,0.12);
#10611 = AXIS2_PLACEMENT_3D('',#10612,#10613,#10614);
#10612 = CARTESIAN_POINT('',(51.485831020147,9.50001,-23.30967026242));
#10613 = DIRECTION('',(8.326672684704E-16,-1.,-3.697183691308E-16));
#10614 = DIRECTION('',(-0.499999999997,-9.614813431913E-17,
    -0.866025403786));
#10615 = ORIENTED_EDGE('',*,*,#5082,.T.);
#10616 = ORIENTED_EDGE('',*,*,#6075,.T.);
#10617 = ORIENTED_EDGE('',*,*,#7448,.F.);
#10618 = ORIENTED_EDGE('',*,*,#10619,.F.);
#10619 = EDGE_CURVE('',#10620,#7449,#10622,.T.);
#10620 = VERTEX_POINT('',#10621);
#10621 = CARTESIAN_POINT('',(52.042854392237,9.50001,-24.3151171875));
#10622 = CIRCLE('',#10623,5.499999999707E-02);
#10623 = AXIS2_PLACEMENT_3D('',#10624,#10625,#10626);
#10624 = CARTESIAN_POINT('',(51.988749586381,9.50001,-24.325));
#10625 = DIRECTION('',(8.326672684704E-16,-1.,-3.697183691308E-16));
#10626 = DIRECTION('',(-0.499999999997,-9.614813431913E-17,
    -0.866025403786));
#10627 = ORIENTED_EDGE('',*,*,#10628,.T.);
#10628 = EDGE_CURVE('',#10620,#10319,#10629,.T.);
#10629 = CIRCLE('',#10630,1.974999999996);
#10630 = AXIS2_PLACEMENT_3D('',#10631,#10632,#10633);
#10631 = CARTESIAN_POINT('',(50.100000000014,9.50001,-24.66999999999));
#10632 = DIRECTION('',(8.838452764881E-16,1.,3.992660058399E-16));
#10633 = DIRECTION('',(-0.5,9.614813431938E-17,0.866025403784));
#10634 = ORIENTED_EDGE('',*,*,#10326,.T.);
#10635 = ORIENTED_EDGE('',*,*,#10636,.T.);
#10636 = EDGE_CURVE('',#10300,#10637,#10639,.T.);
#10637 = VERTEX_POINT('',#10638);
#10638 = CARTESIAN_POINT('',(51.97099562035,9.50001,-25.06999999999));
#10639 = LINE('',#10640,#10641);
#10640 = CARTESIAN_POINT('',(51.988749586381,9.50001,-25.06999999999));
#10641 = VECTOR('',#10642,1.);
#10642 = DIRECTION('',(-1.,-1.962789321056E-28,1.2610576602E-12));
#10643 = ORIENTED_EDGE('',*,*,#10644,.F.);
#10644 = EDGE_CURVE('',#4593,#10637,#10645,.T.);
#10645 = CIRCLE('',#10646,0.12);
#10646 = AXIS2_PLACEMENT_3D('',#10647,#10648,#10649);
#10647 = CARTESIAN_POINT('',(51.97099562035,9.50001,-25.18999999999));
#10648 = DIRECTION('',(8.838452764881E-16,1.,3.992660058399E-16));
#10649 = DIRECTION('',(-0.5,9.614813431938E-17,0.866025403784));
#10650 = ORIENTED_EDGE('',*,*,#4590,.F.);
#10651 = ORIENTED_EDGE('',*,*,#9575,.F.);
#10652 = ORIENTED_EDGE('',*,*,#10653,.F.);
#10653 = EDGE_CURVE('',#6128,#9576,#10654,.T.);
#10654 = LINE('',#10655,#10656);
#10655 = CARTESIAN_POINT('',(51.390784954709,9.50001,-26.10570512318));
#10656 = VECTOR('',#10657,1.);
#10657 = DIRECTION('',(-0.499999999999,-1.118431410543E-16,
    0.866025403785));
#10658 = ORIENTED_EDGE('',*,*,#6135,.T.);
#10659 = ORIENTED_EDGE('',*,*,#10660,.F.);
#10660 = EDGE_CURVE('',#10661,#6109,#10663,.T.);
#10661 = VERTEX_POINT('',#10662);
#10662 = CARTESIAN_POINT('',(50.764089665132,9.50001,-26.53000266577));
#10663 = CIRCLE('',#10664,1.975);
#10664 = AXIS2_PLACEMENT_3D('',#10665,#10666,#10667);
#10665 = CARTESIAN_POINT('',(50.100000000014,9.50001,-24.66999999999));
#10666 = DIRECTION('',(-8.326672684682E-16,-1.,-3.697183691345E-16));
#10667 = DIRECTION('',(-0.500000000001,9.614813431887E-17,0.866025403784
    ));
#10668 = ORIENTED_EDGE('',*,*,#10669,.F.);
#10669 = EDGE_CURVE('',#10670,#10661,#10672,.T.);
#10670 = VERTEX_POINT('',#10671);
#10671 = CARTESIAN_POINT('',(50.697964631681,9.50001,-26.50570512318));
#10672 = CIRCLE('',#10673,5.5E-02);
#10673 = AXIS2_PLACEMENT_3D('',#10674,#10675,#10676);
#10674 = CARTESIAN_POINT('',(50.745596028889,9.50001,-26.47820512318));
#10675 = DIRECTION('',(-8.326672684682E-16,-1.,-3.697183691345E-16));
#10676 = DIRECTION('',(-0.500000000001,9.614813431887E-17,0.866025403784
    ));
#10677 = ORIENTED_EDGE('',*,*,#10678,.T.);
#10678 = EDGE_CURVE('',#10670,#10679,#10681,.T.);
#10679 = VERTEX_POINT('',#10680);
#10680 = CARTESIAN_POINT('',(50.689087648665,9.50001,-26.49032973758));
#10681 = LINE('',#10682,#10683);
#10682 = CARTESIAN_POINT('',(50.697964631681,9.50001,-26.50570512318));
#10683 = VECTOR('',#10684,1.);
#10684 = DIRECTION('',(-0.499999999999,-1.118431410543E-16,
    0.866025403785));
#10685 = ORIENTED_EDGE('',*,*,#10686,.T.);
#10686 = EDGE_CURVE('',#10679,#10687,#10689,.T.);
#10687 = VERTEX_POINT('',#10688);
#10688 = CARTESIAN_POINT('',(50.614553924929,9.50001,-26.433984271));
#10689 = CIRCLE('',#10690,0.12);
#10690 = AXIS2_PLACEMENT_3D('',#10691,#10692,#10693);
#10691 = CARTESIAN_POINT('',(50.585164600211,9.50001,-26.55032973758));
#10692 = DIRECTION('',(-8.326672684682E-16,-1.,-3.697183691345E-16));
#10693 = DIRECTION('',(-0.500000000001,9.614813431887E-17,0.866025403784
    ));
#10694 = ORIENTED_EDGE('',*,*,#10695,.T.);
#10695 = EDGE_CURVE('',#10687,#10696,#10698,.T.);
#10696 = VERTEX_POINT('',#10697);
#10697 = CARTESIAN_POINT('',(49.58544607509,9.50001,-26.433984271));
#10698 = CIRCLE('',#10699,2.10098297883);
#10699 = AXIS2_PLACEMENT_3D('',#10700,#10701,#10702);
#10700 = CARTESIAN_POINT('',(50.100000000008,9.50001,-28.47098297883));
#10701 = DIRECTION('',(-8.326672684682E-16,-1.,-3.697183691345E-16));
#10702 = DIRECTION('',(-0.500000000001,9.614813431887E-17,0.866025403784
    ));
#10703 = ORIENTED_EDGE('',*,*,#10704,.T.);
#10704 = EDGE_CURVE('',#10696,#10705,#10707,.T.);
#10705 = VERTEX_POINT('',#10706);
#10706 = CARTESIAN_POINT('',(49.510912351353,9.50001,-26.49032973758));
#10707 = CIRCLE('',#10708,0.12);
#10708 = AXIS2_PLACEMENT_3D('',#10709,#10710,#10711);
#10709 = CARTESIAN_POINT('',(49.614835399808,9.50001,-26.55032973758));
#10710 = DIRECTION('',(-8.326672684682E-16,-1.,-3.697183691345E-16));
#10711 = DIRECTION('',(-0.500000000001,9.614813431887E-17,0.866025403784
    ));
#10712 = ORIENTED_EDGE('',*,*,#10713,.F.);
#10713 = EDGE_CURVE('',#10714,#10705,#10716,.T.);
#10714 = VERTEX_POINT('',#10715);
#10715 = CARTESIAN_POINT('',(49.502035368338,9.50001,-26.50570512318));
#10716 = LINE('',#10717,#10718);
#10717 = CARTESIAN_POINT('',(49.502035368338,9.50001,-26.50570512318));
#10718 = VECTOR('',#10719,1.);
#10719 = DIRECTION('',(0.5,-1.118431410553E-16,0.866025403784));
#10720 = ORIENTED_EDGE('',*,*,#10721,.F.);
#10721 = EDGE_CURVE('',#10722,#10714,#10724,.T.);
#10722 = VERTEX_POINT('',#10723);
#10723 = CARTESIAN_POINT('',(49.435910334887,9.50001,-26.53000266576));
#10724 = CIRCLE('',#10725,5.499999999707E-02);
#10725 = AXIS2_PLACEMENT_3D('',#10726,#10727,#10728);
#10726 = CARTESIAN_POINT('',(49.45440397113,9.50001,-26.47820512318));
#10727 = DIRECTION('',(-8.326672684682E-16,-1.,-3.697183691345E-16));
#10728 = DIRECTION('',(-0.500000000001,9.614813431887E-17,0.866025403784
    ));
#10729 = ORIENTED_EDGE('',*,*,#10730,.T.);
#10730 = EDGE_CURVE('',#10722,#1836,#10731,.T.);
#10731 = CIRCLE('',#10732,1.974999999999);
#10732 = AXIS2_PLACEMENT_3D('',#10733,#10734,#10735);
#10733 = CARTESIAN_POINT('',(50.100000000014,9.50001,-24.66999999999));
#10734 = DIRECTION('',(0.,1.,-1.110223024625E-16));
#10735 = DIRECTION('',(1.,0.,0.));
#10736 = ORIENTED_EDGE('',*,*,#1843,.T.);
#10737 = ORIENTED_EDGE('',*,*,#10738,.T.);
#10738 = EDGE_CURVE('',#1817,#10739,#10741,.T.);
#10739 = VERTEX_POINT('',#10740);
#10740 = CARTESIAN_POINT('',(48.818092028334,9.50001,-26.09032973758));
#10741 = LINE('',#10742,#10743);
#10742 = CARTESIAN_POINT('',(48.809215045318,9.50001,-26.10570512318));
#10743 = VECTOR('',#10744,1.);
#10744 = DIRECTION('',(0.5,-1.118431410553E-16,0.866025403784));
#10745 = ORIENTED_EDGE('',*,*,#10746,.F.);
#10746 = EDGE_CURVE('',#3627,#10739,#10747,.T.);
#10747 = CIRCLE('',#10748,0.12);
#10748 = AXIS2_PLACEMENT_3D('',#10749,#10750,#10751);
#10749 = CARTESIAN_POINT('',(48.71416897988,9.50001,-26.03032973758));
#10750 = DIRECTION('',(0.,1.,-1.110223024625E-16));
#10751 = DIRECTION('',(1.,0.,0.));
#10752 = ORIENTED_EDGE('',*,*,#3624,.F.);
#10753 = ORIENTED_EDGE('',*,*,#6150,.F.);
#10754 = PLANE('',#10755);
#10755 = AXIS2_PLACEMENT_3D('',#10756,#10757,#10758);
#10756 = CARTESIAN_POINT('',(50.1,9.50001,-24.67));
#10757 = DIRECTION('',(0.,-1.,-9.303288641584E-18));
#10758 = DIRECTION('',(0.,9.303288641584E-18,-1.));
#10759 = ADVANCED_FACE('',(#10760),#10771,.F.);
#10760 = FACE_BOUND('',#10761,.T.);
#10761 = EDGE_LOOP('',(#10762,#10763,#10764,#10770));
#10762 = ORIENTED_EDGE('',*,*,#3075,.T.);
#10763 = ORIENTED_EDGE('',*,*,#7203,.F.);
#10764 = ORIENTED_EDGE('',*,*,#10765,.T.);
#10765 = EDGE_CURVE('',#5290,#6593,#10766,.T.);
#10766 = LINE('',#10767,#10768);
#10767 = CARTESIAN_POINT('',(23.13,197.10001,-9.0925));
#10768 = VECTOR('',#10769,1.);
#10769 = DIRECTION('',(0.,1.,-1.110223024625E-16));
#10770 = ORIENTED_EDGE('',*,*,#7186,.T.);
#10771 = PLANE('',#10772);
#10772 = AXIS2_PLACEMENT_3D('',#10773,#10774,#10775);
#10773 = CARTESIAN_POINT('',(23.13,197.10001,-9.0925));
#10774 = DIRECTION('',(1.,0.,0.));
#10775 = DIRECTION('',(0.,1.,-1.110223024625E-16));
#10776 = ADVANCED_FACE('',(#10777),#10796,.F.);
#10777 = FACE_BOUND('',#10778,.F.);
#10778 = EDGE_LOOP('',(#10779,#10787,#10794,#10795));
#10779 = ORIENTED_EDGE('',*,*,#10780,.T.);
#10780 = EDGE_CURVE('',#10620,#10781,#10783,.T.);
#10781 = VERTEX_POINT('',#10782);
#10782 = CARTESIAN_POINT('',(52.042854392237,11.17001,-24.3151171875));
#10783 = LINE('',#10784,#10785);
#10784 = CARTESIAN_POINT('',(52.042854392237,11.17001,-24.3151171875));
#10785 = VECTOR('',#10786,1.);
#10786 = DIRECTION('',(0.,1.,-1.110223024625E-16));
#10787 = ORIENTED_EDGE('',*,*,#10788,.F.);
#10788 = EDGE_CURVE('',#7458,#10781,#10789,.T.);
#10789 = CIRCLE('',#10790,5.499999999707E-02);
#10790 = AXIS2_PLACEMENT_3D('',#10791,#10792,#10793);
#10791 = CARTESIAN_POINT('',(51.988749586381,11.17001,-24.325));
#10792 = DIRECTION('',(-8.326672684704E-16,1.,3.697183691308E-16));
#10793 = DIRECTION('',(-0.499999999997,-9.614813431913E-17,
    -0.866025403786));
#10794 = ORIENTED_EDGE('',*,*,#7465,.F.);
#10795 = ORIENTED_EDGE('',*,*,#10619,.F.);
#10796 = CYLINDRICAL_SURFACE('',#10797,5.499999999707E-02);
#10797 = AXIS2_PLACEMENT_3D('',#10798,#10799,#10800);
#10798 = CARTESIAN_POINT('',(51.988749586381,11.17001,-24.325));
#10799 = DIRECTION('',(0.,-1.,1.110223024625E-16));
#10800 = DIRECTION('',(1.,0.,0.));
#10801 = ADVANCED_FACE('',(#10802),#10820,.F.);
#10802 = FACE_BOUND('',#10803,.T.);
#10803 = EDGE_LOOP('',(#10804,#10805,#10811,#10812,#10813,#10819));
#10804 = ORIENTED_EDGE('',*,*,#245,.T.);
#10805 = ORIENTED_EDGE('',*,*,#10806,.T.);
#10806 = EDGE_CURVE('',#207,#2396,#10807,.T.);
#10807 = LINE('',#10808,#10809);
#10808 = CARTESIAN_POINT('',(80.5,162.10001,-8.));
#10809 = VECTOR('',#10810,1.);
#10810 = DIRECTION('',(-1.,0.,0.));
#10811 = ORIENTED_EDGE('',*,*,#2404,.F.);
#10812 = ORIENTED_EDGE('',*,*,#5980,.T.);
#10813 = ORIENTED_EDGE('',*,*,#10814,.T.);
#10814 = EDGE_CURVE('',#5981,#5357,#10815,.T.);
#10815 = LINE('',#10816,#10817);
#10816 = CARTESIAN_POINT('',(44.,158.97501,-8.));
#10817 = VECTOR('',#10818,1.);
#10818 = DIRECTION('',(1.,0.,0.));
#10819 = ORIENTED_EDGE('',*,*,#5376,.T.);
#10820 = PLANE('',#10821);
#10821 = AXIS2_PLACEMENT_3D('',#10822,#10823,#10824);
#10822 = CARTESIAN_POINT('',(80.5,162.10001,-8.));
#10823 = DIRECTION('',(0.,-1.074757566894E-15,-1.));
#10824 = DIRECTION('',(0.,-1.,1.074757566894E-15));
#10825 = ADVANCED_FACE('',(#10826),#10853,.T.);
#10826 = FACE_BOUND('',#10827,.T.);
#10827 = EDGE_LOOP('',(#10828,#10837,#10845,#10852));
#10828 = ORIENTED_EDGE('',*,*,#10829,.T.);
#10829 = EDGE_CURVE('',#2522,#10830,#10832,.T.);
#10830 = VERTEX_POINT('',#10831);
#10831 = CARTESIAN_POINT('',(39.815067846989,9.50001,-9.106375364908));
#10832 = CIRCLE('',#10833,0.12);
#10833 = AXIS2_PLACEMENT_3D('',#10834,#10835,#10836);
#10834 = CARTESIAN_POINT('',(39.729004379678,9.50001,-9.190000000001));
#10835 = DIRECTION('',(0.,1.,-1.110223024625E-16));
#10836 = DIRECTION('',(1.,0.,0.));
#10837 = ORIENTED_EDGE('',*,*,#10838,.T.);
#10838 = EDGE_CURVE('',#10830,#10839,#10841,.T.);
#10839 = VERTEX_POINT('',#10840);
#10840 = CARTESIAN_POINT('',(39.815067846989,11.17001,-9.106375364908));
#10841 = LINE('',#10842,#10843);
#10842 = CARTESIAN_POINT('',(39.815067846989,11.17001,-9.106375364908));
#10843 = VECTOR('',#10844,1.);
#10844 = DIRECTION('',(0.,1.,-1.110223024625E-16));
#10845 = ORIENTED_EDGE('',*,*,#10846,.T.);
#10846 = EDGE_CURVE('',#10839,#2530,#10847,.T.);
#10847 = CIRCLE('',#10848,0.12);
#10848 = AXIS2_PLACEMENT_3D('',#10849,#10850,#10851);
#10849 = CARTESIAN_POINT('',(39.729004379678,11.17001,-9.190000000001));
#10850 = DIRECTION('',(0.,-1.,1.110223024625E-16));
#10851 = DIRECTION('',(1.,0.,0.));
#10852 = ORIENTED_EDGE('',*,*,#2529,.F.);
#10853 = CYLINDRICAL_SURFACE('',#10854,0.12);
#10854 = AXIS2_PLACEMENT_3D('',#10855,#10856,#10857);
#10855 = CARTESIAN_POINT('',(39.729004379678,11.17001,-9.190000000001));
#10856 = DIRECTION('',(0.,-1.,1.110223024625E-16));
#10857 = DIRECTION('',(1.,0.,0.));
#10858 = ADVANCED_FACE('',(#10859),#10870,.F.);
#10859 = FACE_BOUND('',#10860,.T.);
#10860 = EDGE_LOOP('',(#10861,#10862,#10863,#10869));
#10861 = ORIENTED_EDGE('',*,*,#10653,.T.);
#10862 = ORIENTED_EDGE('',*,*,#9594,.T.);
#10863 = ORIENTED_EDGE('',*,*,#10864,.T.);
#10864 = EDGE_CURVE('',#9586,#6119,#10865,.T.);
#10865 = LINE('',#10866,#10867);
#10866 = CARTESIAN_POINT('',(51.390784954709,11.17001,-26.10570512318));
#10867 = VECTOR('',#10868,1.);
#10868 = DIRECTION('',(0.499999999999,1.118431410543E-16,-0.866025403785
    ));
#10869 = ORIENTED_EDGE('',*,*,#6127,.F.);
#10870 = PLANE('',#10871);
#10871 = AXIS2_PLACEMENT_3D('',#10872,#10873,#10874);
#10872 = CARTESIAN_POINT('',(51.390784954709,11.17001,-26.10570512318));
#10873 = DIRECTION('',(0.866025403785,5.551115123115E-17,0.499999999999)
  );
#10874 = DIRECTION('',(0.,1.,-1.110223024625E-16));
#10875 = ADVANCED_FACE('',(#10876),#10901,.F.);
#10876 = FACE_BOUND('',#10877,.T.);
#10877 = EDGE_LOOP('',(#10878,#10888,#10894,#10895));
#10878 = ORIENTED_EDGE('',*,*,#10879,.F.);
#10879 = EDGE_CURVE('',#10880,#10882,#10884,.T.);
#10880 = VERTEX_POINT('',#10881);
#10881 = CARTESIAN_POINT('',(56.2,11.50001,-19.45));
#10882 = VERTEX_POINT('',#10883);
#10883 = CARTESIAN_POINT('',(56.2,11.50001,-31.65));
#10884 = LINE('',#10885,#10886);
#10885 = CARTESIAN_POINT('',(56.2,11.50001,-33.15));
#10886 = VECTOR('',#10887,1.);
#10887 = DIRECTION('',(-2.389336108421E-14,-1.110223024625E-16,-1.));
#10888 = ORIENTED_EDGE('',*,*,#10889,.F.);
#10889 = EDGE_CURVE('',#4312,#10880,#10890,.T.);
#10890 = LINE('',#10891,#10892);
#10891 = CARTESIAN_POINT('',(56.2,16.50001,-19.45));
#10892 = VECTOR('',#10893,1.);
#10893 = DIRECTION('',(0.,-1.,1.110223024625E-16));
#10894 = ORIENTED_EDGE('',*,*,#4311,.T.);
#10895 = ORIENTED_EDGE('',*,*,#10896,.F.);
#10896 = EDGE_CURVE('',#10882,#4314,#10897,.T.);
#10897 = LINE('',#10898,#10899);
#10898 = CARTESIAN_POINT('',(56.2,175.10001,-31.65));
#10899 = VECTOR('',#10900,1.);
#10900 = DIRECTION('',(0.,1.,-1.110223024625E-16));
#10901 = PLANE('',#10902);
#10902 = AXIS2_PLACEMENT_3D('',#10903,#10904,#10905);
#10903 = CARTESIAN_POINT('',(56.2,16.50001,-33.15));
#10904 = DIRECTION('',(1.,-2.652695961137E-30,-2.389336108421E-14));
#10905 = DIRECTION('',(2.389336108421E-14,1.110223024625E-16,1.));
#10906 = ADVANCED_FACE('',(#10907),#10926,.F.);
#10907 = FACE_BOUND('',#10908,.F.);
#10908 = EDGE_LOOP('',(#10909,#10917,#10924,#10925));
#10909 = ORIENTED_EDGE('',*,*,#10910,.F.);
#10910 = EDGE_CURVE('',#10911,#9541,#10913,.T.);
#10911 = VERTEX_POINT('',#10912);
#10912 = CARTESIAN_POINT('',(64.3,149.10001,20.));
#10913 = LINE('',#10914,#10915);
#10914 = CARTESIAN_POINT('',(64.3,162.10001,20.));
#10915 = VECTOR('',#10916,1.);
#10916 = DIRECTION('',(0.,1.,-1.110223024625E-16));
#10917 = ORIENTED_EDGE('',*,*,#10918,.F.);
#10918 = EDGE_CURVE('',#7402,#10911,#10919,.T.);
#10919 = CIRCLE('',#10920,0.3);
#10920 = AXIS2_PLACEMENT_3D('',#10921,#10922,#10923);
#10921 = CARTESIAN_POINT('',(64.3,149.10001,20.3));
#10922 = DIRECTION('',(0.,-1.,1.110223024625E-16));
#10923 = DIRECTION('',(0.,1.110223024625E-16,1.));
#10924 = ORIENTED_EDGE('',*,*,#7409,.F.);
#10925 = ORIENTED_EDGE('',*,*,#9560,.F.);
#10926 = CYLINDRICAL_SURFACE('',#10927,0.3);
#10927 = AXIS2_PLACEMENT_3D('',#10928,#10929,#10930);
#10928 = CARTESIAN_POINT('',(64.3,144.10001,20.3));
#10929 = DIRECTION('',(0.,-1.,1.110223024625E-16));
#10930 = DIRECTION('',(0.,-1.110223024625E-16,-1.));
#10931 = ADVANCED_FACE('',(#10932),#10950,.T.);
#10932 = FACE_BOUND('',#10933,.T.);
#10933 = EDGE_LOOP('',(#10934,#10942,#10943,#10944));
#10934 = ORIENTED_EDGE('',*,*,#10935,.F.);
#10935 = EDGE_CURVE('',#1986,#10936,#10938,.T.);
#10936 = VERTEX_POINT('',#10937);
#10937 = CARTESIAN_POINT('',(51.381907971693,9.50001,-7.24967026242));
#10938 = LINE('',#10939,#10940);
#10939 = CARTESIAN_POINT('',(51.390784954708,9.50001,-7.23429487682));
#10940 = VECTOR('',#10941,1.);
#10941 = DIRECTION('',(-0.499999999999,1.118431410543E-16,
    -0.866025403785));
#10942 = ORIENTED_EDGE('',*,*,#1985,.T.);
#10943 = ORIENTED_EDGE('',*,*,#5413,.F.);
#10944 = ORIENTED_EDGE('',*,*,#10945,.F.);
#10945 = EDGE_CURVE('',#10936,#5405,#10946,.T.);
#10946 = LINE('',#10947,#10948);
#10947 = CARTESIAN_POINT('',(51.381907971693,11.17001,-7.24967026242));
#10948 = VECTOR('',#10949,1.);
#10949 = DIRECTION('',(0.,1.,-1.110223024625E-16));
#10950 = PLANE('',#10951);
#10951 = AXIS2_PLACEMENT_3D('',#10952,#10953,#10954);
#10952 = CARTESIAN_POINT('',(51.390784954708,11.17001,-7.23429487682));
#10953 = DIRECTION('',(-0.866025403785,5.551115123115E-17,0.499999999999
    ));
#10954 = DIRECTION('',(0.,-1.,1.110223024625E-16));
#10955 = ADVANCED_FACE('',(#10956),#10968,.T.);
#10956 = FACE_BOUND('',#10957,.T.);
#10957 = EDGE_LOOP('',(#10958,#10965,#10966,#10967));
#10958 = ORIENTED_EDGE('',*,*,#10959,.F.);
#10959 = EDGE_CURVE('',#10936,#3542,#10960,.T.);
#10960 = CIRCLE('',#10961,0.12);
#10961 = AXIS2_PLACEMENT_3D('',#10962,#10963,#10964);
#10962 = CARTESIAN_POINT('',(51.485831020147,9.50001,-7.30967026242));
#10963 = DIRECTION('',(8.326672684704E-16,-1.,-3.697183691308E-16));
#10964 = DIRECTION('',(-0.499999999997,-9.614813431913E-17,
    -0.866025403786));
#10965 = ORIENTED_EDGE('',*,*,#10945,.T.);
#10966 = ORIENTED_EDGE('',*,*,#5404,.F.);
#10967 = ORIENTED_EDGE('',*,*,#3552,.F.);
#10968 = CYLINDRICAL_SURFACE('',#10969,0.12);
#10969 = AXIS2_PLACEMENT_3D('',#10970,#10971,#10972);
#10970 = CARTESIAN_POINT('',(51.485831020147,11.17001,-7.30967026242));
#10971 = DIRECTION('',(0.,-1.,1.110223024625E-16));
#10972 = DIRECTION('',(1.,0.,0.));
#10973 = ADVANCED_FACE('',(#10974),#10992,.T.);
#10974 = FACE_BOUND('',#10975,.T.);
#10975 = EDGE_LOOP('',(#10976,#10983,#10984,#10991));
#10976 = ORIENTED_EDGE('',*,*,#10977,.T.);
#10977 = EDGE_CURVE('',#5450,#4970,#10978,.T.);
#10978 = CIRCLE('',#10979,0.12);
#10979 = AXIS2_PLACEMENT_3D('',#10980,#10981,#10982);
#10980 = CARTESIAN_POINT('',(51.485831020147,9.50001,-10.03032973758));
#10981 = DIRECTION('',(8.838452764881E-16,1.,3.992660058399E-16));
#10982 = DIRECTION('',(-0.5,9.614813431938E-17,0.866025403784));
#10983 = ORIENTED_EDGE('',*,*,#5006,.T.);
#10984 = ORIENTED_EDGE('',*,*,#10985,.T.);
#10985 = EDGE_CURVE('',#4998,#5458,#10986,.T.);
#10986 = CIRCLE('',#10987,0.12);
#10987 = AXIS2_PLACEMENT_3D('',#10988,#10989,#10990);
#10988 = CARTESIAN_POINT('',(51.485831020147,11.17001,-10.03032973758));
#10989 = DIRECTION('',(-8.838452764881E-16,-1.,-3.992660058399E-16));
#10990 = DIRECTION('',(-0.5,9.614813431938E-17,0.866025403784));
#10991 = ORIENTED_EDGE('',*,*,#5457,.F.);
#10992 = CYLINDRICAL_SURFACE('',#10993,0.12);
#10993 = AXIS2_PLACEMENT_3D('',#10994,#10995,#10996);
#10994 = CARTESIAN_POINT('',(51.485831020147,11.17001,-10.03032973758));
#10995 = DIRECTION('',(0.,-1.,1.110223024625E-16));
#10996 = DIRECTION('',(1.,0.,0.));
#10997 = ADVANCED_FACE('',(#10998),#11009,.F.);
#10998 = FACE_BOUND('',#10999,.F.);
#10999 = EDGE_LOOP('',(#11000,#11001,#11008));
#11000 = ORIENTED_EDGE('',*,*,#9107,.F.);
#11001 = ORIENTED_EDGE('',*,*,#11002,.T.);
#11002 = EDGE_CURVE('',#984,#2954,#11003,.T.);
#11003 = CIRCLE('',#11004,1.5);
#11004 = AXIS2_PLACEMENT_3D('',#11005,#11006,#11007);
#11005 = CARTESIAN_POINT('',(66.37,202.60001,9.15));
#11006 = DIRECTION('',(-1.156482317318E-15,-1.045460014855E-15,1.));
#11007 = DIRECTION('',(1.,1.283953296258E-31,1.156482317318E-15));
#11008 = ORIENTED_EDGE('',*,*,#2970,.F.);
#11009 = CYLINDRICAL_SURFACE('',#11010,1.5);
#11010 = AXIS2_PLACEMENT_3D('',#11011,#11012,#11013);
#11011 = CARTESIAN_POINT('',(66.37,202.60001,9.15));
#11012 = DIRECTION('',(0.,-1.110223024625E-16,-1.));
#11013 = DIRECTION('',(-1.,0.,0.));
#11014 = ADVANCED_FACE('',(#11015),#11028,.F.);
#11015 = FACE_BOUND('',#11016,.F.);
#11016 = EDGE_LOOP('',(#11017,#11018,#11019,#11026,#11027));
#11017 = ORIENTED_EDGE('',*,*,#11002,.F.);
#11018 = ORIENTED_EDGE('',*,*,#991,.F.);
#11019 = ORIENTED_EDGE('',*,*,#11020,.T.);
#11020 = EDGE_CURVE('',#992,#9155,#11021,.T.);
#11021 = CIRCLE('',#11022,1.5);
#11022 = AXIS2_PLACEMENT_3D('',#11023,#11024,#11025);
#11023 = CARTESIAN_POINT('',(61.99,202.60001,4.77));
#11024 = DIRECTION('',(1.,0.,0.));
#11025 = DIRECTION('',(0.,-1.110223024625E-16,-1.));
#11026 = ORIENTED_EDGE('',*,*,#9162,.F.);
#11027 = ORIENTED_EDGE('',*,*,#2953,.F.);
#11028 = TOROIDAL_SURFACE('',#11029,4.38,1.5);
#11029 = AXIS2_PLACEMENT_3D('',#11030,#11031,#11032);
#11030 = CARTESIAN_POINT('',(61.99,202.60001,9.15));
#11031 = DIRECTION('',(0.,1.,-1.110223024625E-16));
#11032 = DIRECTION('',(0.,1.110223024625E-16,1.));
#11033 = ADVANCED_FACE('',(#11034),#11059,.F.);
#11034 = FACE_BOUND('',#11035,.T.);
#11035 = EDGE_LOOP('',(#11036,#11037,#11045,#11053));
#11036 = ORIENTED_EDGE('',*,*,#4329,.T.);
#11037 = ORIENTED_EDGE('',*,*,#11038,.T.);
#11038 = EDGE_CURVE('',#4322,#11039,#11041,.T.);
#11039 = VERTEX_POINT('',#11040);
#11040 = CARTESIAN_POINT('',(44.45,11.50001,-19.45));
#11041 = LINE('',#11042,#11043);
#11042 = CARTESIAN_POINT('',(44.45,16.50001,-19.45));
#11043 = VECTOR('',#11044,1.);
#11044 = DIRECTION('',(0.,-1.,1.110223024625E-16));
#11045 = ORIENTED_EDGE('',*,*,#11046,.F.);
#11046 = EDGE_CURVE('',#11047,#11039,#11049,.T.);
#11047 = VERTEX_POINT('',#11048);
#11048 = CARTESIAN_POINT('',(44.45,11.50001,-31.65));
#11049 = LINE('',#11050,#11051);
#11050 = CARTESIAN_POINT('',(44.45,11.50001,-22.55));
#11051 = VECTOR('',#11052,1.);
#11052 = DIRECTION('',(2.413372666018E-14,1.110223024625E-16,1.));
#11053 = ORIENTED_EDGE('',*,*,#11054,.F.);
#11054 = EDGE_CURVE('',#4330,#11047,#11055,.T.);
#11055 = LINE('',#11056,#11057);
#11056 = CARTESIAN_POINT('',(44.45,175.10001,-31.65));
#11057 = VECTOR('',#11058,1.);
#11058 = DIRECTION('',(0.,-1.,1.110223024625E-16));
#11059 = PLANE('',#11060);
#11060 = AXIS2_PLACEMENT_3D('',#11061,#11062,#11063);
#11061 = CARTESIAN_POINT('',(44.45,16.50001,-22.55));
#11062 = DIRECTION('',(-1.,5.824367625085E-28,1.399170615281E-41));
#11063 = DIRECTION('',(-3.135204881109E-55,-2.402270435772E-14,1.));
#11064 = ADVANCED_FACE('',(#11065),#11090,.F.);
#11065 = FACE_BOUND('',#11066,.T.);
#11066 = EDGE_LOOP('',(#11067,#11075,#11083,#11089));
#11067 = ORIENTED_EDGE('',*,*,#11068,.F.);
#11068 = EDGE_CURVE('',#11069,#1097,#11071,.T.);
#11069 = VERTEX_POINT('',#11070);
#11070 = CARTESIAN_POINT('',(45.190207119782,11.50001,10.75));
#11071 = LINE('',#11072,#11073);
#11072 = CARTESIAN_POINT('',(45.190207119782,-13.49999,10.75));
#11073 = VECTOR('',#11074,1.);
#11074 = DIRECTION('',(0.,-1.,1.110223024625E-16));
#11075 = ORIENTED_EDGE('',*,*,#11076,.F.);
#11076 = EDGE_CURVE('',#11077,#11069,#11079,.T.);
#11077 = VERTEX_POINT('',#11078);
#11078 = CARTESIAN_POINT('',(48.7,11.50001,10.75));
#11079 = LINE('',#11080,#11081);
#11080 = CARTESIAN_POINT('',(24.30000000001,11.50001,10.75));
#11081 = VECTOR('',#11082,1.);
#11082 = DIRECTION('',(-1.,2.289015097837E-30,2.061761508333E-14));
#11083 = ORIENTED_EDGE('',*,*,#11084,.T.);
#11084 = EDGE_CURVE('',#11077,#1105,#11085,.T.);
#11085 = LINE('',#11086,#11087);
#11086 = CARTESIAN_POINT('',(48.7,-13.49999,10.75));
#11087 = VECTOR('',#11088,1.);
#11088 = DIRECTION('',(0.,-1.,1.110223024625E-16));
#11089 = ORIENTED_EDGE('',*,*,#1104,.T.);
#11090 = PLANE('',#11091);
#11091 = AXIS2_PLACEMENT_3D('',#11092,#11093,#11094);
#11092 = CARTESIAN_POINT('',(24.30000000001,-13.49999,10.75));
#11093 = DIRECTION('',(8.764260591746E-42,1.110223024629E-16,1.));
#11094 = DIRECTION('',(-1.,2.061761508333E-14,-2.289015097837E-30));
#11095 = ADVANCED_FACE('',(#11096),#11123,.F.);
#11096 = FACE_BOUND('',#11097,.F.);
#11097 = EDGE_LOOP('',(#11098,#11109,#11114,#11115,#11116));
#11098 = ORIENTED_EDGE('',*,*,#11099,.F.);
#11099 = EDGE_CURVE('',#11100,#11102,#11104,.T.);
#11100 = VERTEX_POINT('',#11101);
#11101 = CARTESIAN_POINT('',(62.,1.65001,2.5));
#11102 = VERTEX_POINT('',#11103);
#11103 = CARTESIAN_POINT('',(64.5,1.65001,1.42663547642E-15));
#11104 = CIRCLE('',#11105,2.5);
#11105 = AXIS2_PLACEMENT_3D('',#11106,#11107,#11108);
#11106 = CARTESIAN_POINT('',(62.,1.65001,1.42663547642E-15));
#11107 = DIRECTION('',(0.,1.,-1.110223024625E-16));
#11108 = DIRECTION('',(1.,0.,0.));
#11109 = ORIENTED_EDGE('',*,*,#11110,.F.);
#11110 = EDGE_CURVE('',#1076,#11100,#11111,.T.);
#11111 = B_SPLINE_CURVE_WITH_KNOTS('',1,(#11112,#11113),.UNSPECIFIED.,
  .F.,.F.,(2,2),(0.,0.35),.PIECEWISE_BEZIER_KNOTS.);
#11112 = CARTESIAN_POINT('',(62.,1.30001,2.5));
#11113 = CARTESIAN_POINT('',(62.,1.65001,2.5));
#11114 = ORIENTED_EDGE('',*,*,#1075,.T.);
#11115 = ORIENTED_EDGE('',*,*,#11110,.T.);
#11116 = ORIENTED_EDGE('',*,*,#11117,.F.);
#11117 = EDGE_CURVE('',#11102,#11100,#11118,.T.);
#11118 = CIRCLE('',#11119,2.5);
#11119 = AXIS2_PLACEMENT_3D('',#11120,#11121,#11122);
#11120 = CARTESIAN_POINT('',(62.,1.65001,1.42663547642E-15));
#11121 = DIRECTION('',(0.,1.,-1.110223024625E-16));
#11122 = DIRECTION('',(1.,0.,0.));
#11123 = CYLINDRICAL_SURFACE('',#11124,2.5);
#11124 = AXIS2_PLACEMENT_3D('',#11125,#11126,#11127);
#11125 = CARTESIAN_POINT('',(62.,1.30001,1.465493282282E-15));
#11126 = DIRECTION('',(0.,1.,-1.110223024625E-16));
#11127 = DIRECTION('',(0.,1.110223024625E-16,1.));
#11128 = ADVANCED_FACE('',(#11129),#11156,.T.);
#11129 = FACE_BOUND('',#11130,.T.);
#11130 = EDGE_LOOP('',(#11131,#11140,#11148,#11155));
#11131 = ORIENTED_EDGE('',*,*,#11132,.T.);
#11132 = EDGE_CURVE('',#6543,#11133,#11135,.T.);
#11133 = VERTEX_POINT('',#11134);
#11134 = CARTESIAN_POINT('',(29.81809202834,9.50001,-26.09032973758));
#11135 = CIRCLE('',#11136,0.12);
#11136 = AXIS2_PLACEMENT_3D('',#11137,#11138,#11139);
#11137 = CARTESIAN_POINT('',(29.71416897988,9.50001,-26.03032973758));
#11138 = DIRECTION('',(0.,1.,-1.110223024625E-16));
#11139 = DIRECTION('',(1.,0.,0.));
#11140 = ORIENTED_EDGE('',*,*,#11141,.T.);
#11141 = EDGE_CURVE('',#11133,#11142,#11144,.T.);
#11142 = VERTEX_POINT('',#11143);
#11143 = CARTESIAN_POINT('',(29.81809202834,11.17001,-26.09032973758));
#11144 = LINE('',#11145,#11146);
#11145 = CARTESIAN_POINT('',(29.81809202834,11.17001,-26.09032973758));
#11146 = VECTOR('',#11147,1.);
#11147 = DIRECTION('',(0.,1.,-1.110223024625E-16));
#11148 = ORIENTED_EDGE('',*,*,#11149,.T.);
#11149 = EDGE_CURVE('',#11142,#6552,#11150,.T.);
#11150 = CIRCLE('',#11151,0.12);
#11151 = AXIS2_PLACEMENT_3D('',#11152,#11153,#11154);
#11152 = CARTESIAN_POINT('',(29.71416897988,11.17001,-26.03032973758));
#11153 = DIRECTION('',(0.,-1.,1.110223024625E-16));
#11154 = DIRECTION('',(1.,0.,0.));
#11155 = ORIENTED_EDGE('',*,*,#6551,.F.);
#11156 = CYLINDRICAL_SURFACE('',#11157,0.12);
#11157 = AXIS2_PLACEMENT_3D('',#11158,#11159,#11160);
#11158 = CARTESIAN_POINT('',(29.71416897988,11.17001,-26.03032973758));
#11159 = DIRECTION('',(0.,-1.,1.110223024625E-16));
#11160 = DIRECTION('',(1.,0.,0.));
#11161 = ADVANCED_FACE('',(#11162),#11181,.F.);
#11162 = FACE_BOUND('',#11163,.F.);
#11163 = EDGE_LOOP('',(#11164,#11172,#11179,#11180));
#11164 = ORIENTED_EDGE('',*,*,#11165,.T.);
#11165 = EDGE_CURVE('',#10661,#11166,#11168,.T.);
#11166 = VERTEX_POINT('',#11167);
#11167 = CARTESIAN_POINT('',(50.764089665132,11.17001,-26.53000266577));
#11168 = LINE('',#11169,#11170);
#11169 = CARTESIAN_POINT('',(50.764089665132,11.17001,-26.53000266577));
#11170 = VECTOR('',#11171,1.);
#11171 = DIRECTION('',(0.,1.,-1.110223024625E-16));
#11172 = ORIENTED_EDGE('',*,*,#11173,.T.);
#11173 = EDGE_CURVE('',#11166,#6111,#11174,.T.);
#11174 = CIRCLE('',#11175,1.974999999999);
#11175 = AXIS2_PLACEMENT_3D('',#11176,#11177,#11178);
#11176 = CARTESIAN_POINT('',(50.100000000014,11.17001,-24.66999999999));
#11177 = DIRECTION('',(-8.838452764881E-16,-1.,-3.992660058399E-16));
#11178 = DIRECTION('',(-0.5,9.614813431938E-17,0.866025403784));
#11179 = ORIENTED_EDGE('',*,*,#6108,.F.);
#11180 = ORIENTED_EDGE('',*,*,#10660,.F.);
#11181 = CYLINDRICAL_SURFACE('',#11182,1.975);
#11182 = AXIS2_PLACEMENT_3D('',#11183,#11184,#11185);
#11183 = CARTESIAN_POINT('',(50.100000000014,11.17001,-24.66999999999));
#11184 = DIRECTION('',(0.,-1.,1.110223024625E-16));
#11185 = DIRECTION('',(1.,0.,0.));
#11186 = ADVANCED_FACE('',(#11187),#11192,.F.);
#11187 = FACE_BOUND('',#11188,.F.);
#11188 = EDGE_LOOP('',(#11189,#11190,#11191));
#11189 = ORIENTED_EDGE('',*,*,#7047,.T.);
#11190 = ORIENTED_EDGE('',*,*,#6845,.T.);
#11191 = ORIENTED_EDGE('',*,*,#146,.F.);
#11192 = CYLINDRICAL_SURFACE('',#11193,8.);
#11193 = AXIS2_PLACEMENT_3D('',#11194,#11195,#11196);
#11194 = CARTESIAN_POINT('',(114.,162.10001,28.));
#11195 = DIRECTION('',(-1.,0.,0.));
#11196 = DIRECTION('',(0.,1.110223024625E-16,1.));
#11197 = ADVANCED_FACE('',(#11198),#11248,.F.);
#11198 = FACE_BOUND('',#11199,.F.);
#11199 = EDGE_LOOP('',(#11200,#11201,#11207,#11208,#11228,#11229));
#11200 = ORIENTED_EDGE('',*,*,#8520,.T.);
#11201 = ORIENTED_EDGE('',*,*,#11202,.F.);
#11202 = EDGE_CURVE('',#5655,#8512,#11203,.T.);
#11203 = LINE('',#11204,#11205);
#11204 = CARTESIAN_POINT('',(24.,149.10001,73.));
#11205 = VECTOR('',#11206,1.);
#11206 = DIRECTION('',(0.,-1.110223024625E-16,-1.));
#11207 = ORIENTED_EDGE('',*,*,#5654,.T.);
#11208 = ORIENTED_EDGE('',*,*,#11209,.F.);
#11209 = EDGE_CURVE('',#4223,#5646,#11210,.T.);
#11210 = B_SPLINE_CURVE_WITH_KNOTS('',3,(#11211,#11212,#11213,#11214,
    #11215,#11216,#11217,#11218,#11219,#11220,#11221,#11222,#11223,
    #11224,#11225,#11226,#11227),.UNSPECIFIED.,.F.,.F.,(4,1,1,1,1,1,1,1,
    1,1,1,1,1,1,4),(0.,4.715452897749E-02,9.457619619203E-02,
    0.142411822884,0.190804462629,0.239892299441,0.289807743991,
    0.340676744637,0.392618313623,0.445744255407,0.500159074451,
    0.612497198895,0.732913998954,0.861938289454,1.),.UNSPECIFIED.);
#11211 = CARTESIAN_POINT('',(26.,147.10001,19.448650338777));
#11212 = CARTESIAN_POINT('',(25.99929773641,147.14024494285,
    19.447992261283));
#11213 = CARTESIAN_POINT('',(25.99788923077,147.2209427662,
    19.446672378177));
#11214 = CARTESIAN_POINT('',(25.98649646236,147.34162852457,
    19.436035297703));
#11215 = CARTESIAN_POINT('',(25.96829557657,147.46171750951,
    19.419070933211));
#11216 = CARTESIAN_POINT('',(25.94262849908,147.58075650805,
    19.395150425025));
#11217 = CARTESIAN_POINT('',(25.90972198066,147.69829174502,
    19.364447915828));
#11218 = CARTESIAN_POINT('',(25.86959820161,147.81387035945,
    19.326919407513));
#11219 = CARTESIAN_POINT('',(25.82237121044,147.92704296305,
    19.282580453952));
#11220 = CARTESIAN_POINT('',(25.7681666905,148.03736230608,
    19.231430644009));
#11221 = CARTESIAN_POINT('',(25.70714024542,148.14439658083,
    19.173471806979));
#11222 = CARTESIAN_POINT('',(25.61606871753,148.28343757616,
    19.086296882071));
#11223 = CARTESIAN_POINT('',(25.48485107205,148.44769768296,
    18.959013479296));
#11224 = CARTESIAN_POINT('',(25.30372843626,148.62343715543,
    18.780339621825));
#11225 = CARTESIAN_POINT('',(25.09741654897,148.78037669632,
    18.573521511984));
#11226 = CARTESIAN_POINT('',(24.94866976289,148.8592426994,
    18.419677345444));
#11227 = CARTESIAN_POINT('',(24.87177978871,148.90001,18.340152440706));
#11228 = ORIENTED_EDGE('',*,*,#4230,.F.);
#11229 = ORIENTED_EDGE('',*,*,#11230,.F.);
#11230 = EDGE_CURVE('',#8521,#4231,#11231,.T.);
#11231 = B_SPLINE_CURVE_WITH_KNOTS('',3,(#11232,#11233,#11234,#11235,
    #11236,#11237,#11238,#11239,#11240,#11241,#11242,#11243,#11244,
    #11245,#11246,#11247),.UNSPECIFIED.,.F.,.F.,(4,1,1,1,1,1,1,1,1,1,1,1
    ,1,4),(0.,7.006796022271E-02,0.137815865399,0.203289184706,
    0.2665382933,0.327619069968,0.386593557624,0.443530685376,
    0.498507046449,0.606488915793,0.709648220979,0.808911517441,
    0.9053177594,1.),.UNSPECIFIED.);
#11232 = CARTESIAN_POINT('',(24.87177978871,148.90001,-18.3401524407));
#11233 = CARTESIAN_POINT('',(24.91088583513,148.8801591107,
    -18.38076816601));
#11234 = CARTESIAN_POINT('',(24.98780306824,148.84111462478,
    -18.46065476915));
#11235 = CARTESIAN_POINT('',(25.09927849217,148.77239280382,
    -18.57448537897));
#11236 = CARTESIAN_POINT('',(25.20495692967,148.69803112433,
    -18.68127935906));
#11237 = CARTESIAN_POINT('',(25.30446352084,148.61781528825,
    -18.78078128384));
#11238 = CARTESIAN_POINT('',(25.3975967278,148.53248429683,
    -18.87305694602));
#11239 = CARTESIAN_POINT('',(25.48416842632,148.44253604032,
    -18.95808760272));
#11240 = CARTESIAN_POINT('',(25.56404541124,148.34851583233,
    -19.03588492485));
#11241 = CARTESIAN_POINT('',(25.66143056281,148.21853854812,
    -19.1298787209));
#11242 = CARTESIAN_POINT('',(25.76836506121,148.04511248149,
    -19.23163547331));
#11243 = CARTESIAN_POINT('',(25.87140260497,147.82006878813,
    -19.32852581782));
#11244 = CARTESIAN_POINT('',(25.94505750565,147.58512511221,
    -19.39732206954));
#11245 = CARTESIAN_POINT('',(25.99139825917,147.34400670161,
    -19.44057348653));
#11246 = CARTESIAN_POINT('',(25.99715005062,147.1808515717,
    -19.44597429674));
#11247 = CARTESIAN_POINT('',(26.,147.10001,-19.44865033877));
#11248 = CYLINDRICAL_SURFACE('',#11249,2.);
#11249 = AXIS2_PLACEMENT_3D('',#11250,#11251,#11252);
#11250 = CARTESIAN_POINT('',(24.,147.10001,73.));
#11251 = DIRECTION('',(0.,-1.110223024625E-16,-1.));
#11252 = DIRECTION('',(-1.,0.,0.));
#11253 = ADVANCED_FACE('',(#11254),#11272,.F.);
#11254 = FACE_BOUND('',#11255,.T.);
#11255 = EDGE_LOOP('',(#11256,#11257,#11263,#11264,#11265,#11266));
#11256 = ORIENTED_EDGE('',*,*,#630,.T.);
#11257 = ORIENTED_EDGE('',*,*,#11258,.T.);
#11258 = EDGE_CURVE('',#633,#761,#11259,.T.);
#11259 = LINE('',#11260,#11261);
#11260 = CARTESIAN_POINT('',(46.793137686904,9.1033199411,
    16.056255224434));
#11261 = VECTOR('',#11262,1.);
#11262 = DIRECTION('',(5.238183591976E-02,-0.953417158826,-0.29707215373
    ));
#11263 = ORIENTED_EDGE('',*,*,#760,.T.);
#11264 = ORIENTED_EDGE('',*,*,#4531,.T.);
#11265 = ORIENTED_EDGE('',*,*,#4500,.T.);
#11266 = ORIENTED_EDGE('',*,*,#11267,.T.);
#11267 = EDGE_CURVE('',#4503,#631,#11268,.T.);
#11268 = LINE('',#11269,#11270);
#11269 = CARTESIAN_POINT('',(46.205732229137,9.84972198935,
    19.387597117808));
#11270 = VECTOR('',#11271,1.);
#11271 = DIRECTION('',(0.117187513663,0.737949447085,-0.664603415721));
#11272 = PLANE('',#11273);
#11273 = AXIS2_PLACEMENT_3D('',#11274,#11275,#11276);
#11274 = CARTESIAN_POINT('',(46.462019382531,8.50001,17.934120444167));
#11275 = DIRECTION('',(0.984807753012,1.927882050301E-17,0.173648177667)
  );
#11276 = DIRECTION('',(0.,1.,-1.110223024625E-16));
#11277 = ADVANCED_FACE('',(#11278,#11289),#11300,.T.);
#11278 = FACE_BOUND('',#11279,.T.);
#11279 = EDGE_LOOP('',(#11280));
#11280 = ORIENTED_EDGE('',*,*,#11281,.T.);
#11281 = EDGE_CURVE('',#11282,#11282,#11284,.T.);
#11282 = VERTEX_POINT('',#11283);
#11283 = CARTESIAN_POINT('',(64.15,1.30001,1.465493282282E-15));
#11284 = CIRCLE('',#11285,2.15);
#11285 = AXIS2_PLACEMENT_3D('',#11286,#11287,#11288);
#11286 = CARTESIAN_POINT('',(62.,1.30001,1.465493282282E-15));
#11287 = DIRECTION('',(0.,-1.,1.110223024625E-16));
#11288 = DIRECTION('',(1.,0.,0.));
#11289 = FACE_BOUND('',#11290,.T.);
#11290 = EDGE_LOOP('',(#11291));
#11291 = ORIENTED_EDGE('',*,*,#11292,.T.);
#11292 = EDGE_CURVE('',#11293,#11293,#11295,.T.);
#11293 = VERTEX_POINT('',#11294);
#11294 = CARTESIAN_POINT('',(60.25,1.30001,1.573913499531E-15));
#11295 = CIRCLE('',#11296,1.75);
#11296 = AXIS2_PLACEMENT_3D('',#11297,#11298,#11299);
#11297 = CARTESIAN_POINT('',(62.,1.30001,1.573913499531E-15));
#11298 = DIRECTION('',(0.,1.,-1.110223024625E-16));
#11299 = DIRECTION('',(-1.,0.,0.));
#11300 = PLANE('',#11301);
#11301 = AXIS2_PLACEMENT_3D('',#11302,#11303,#11304);
#11302 = CARTESIAN_POINT('',(62.,1.30001,1.465493282282E-15));
#11303 = DIRECTION('',(0.,-1.,1.110223024625E-16));
#11304 = DIRECTION('',(0.,-1.110223024625E-16,-1.));
#11305 = ADVANCED_FACE('',(#11306),#11331,.T.);
#11306 = FACE_BOUND('',#11307,.T.);
#11307 = EDGE_LOOP('',(#11308,#11309,#11317,#11325));
#11308 = ORIENTED_EDGE('',*,*,#10678,.F.);
#11309 = ORIENTED_EDGE('',*,*,#11310,.T.);
#11310 = EDGE_CURVE('',#10670,#11311,#11313,.T.);
#11311 = VERTEX_POINT('',#11312);
#11312 = CARTESIAN_POINT('',(50.697964631681,11.17001,-26.50570512318));
#11313 = LINE('',#11314,#11315);
#11314 = CARTESIAN_POINT('',(50.697964631681,11.17001,-26.50570512318));
#11315 = VECTOR('',#11316,1.);
#11316 = DIRECTION('',(0.,1.,-1.110223024625E-16));
#11317 = ORIENTED_EDGE('',*,*,#11318,.F.);
#11318 = EDGE_CURVE('',#11319,#11311,#11321,.T.);
#11319 = VERTEX_POINT('',#11320);
#11320 = CARTESIAN_POINT('',(50.689087648665,11.17001,-26.49032973758));
#11321 = LINE('',#11322,#11323);
#11322 = CARTESIAN_POINT('',(50.697964631681,11.17001,-26.50570512318));
#11323 = VECTOR('',#11324,1.);
#11324 = DIRECTION('',(0.499999999999,1.118431410543E-16,-0.866025403785
    ));
#11325 = ORIENTED_EDGE('',*,*,#11326,.F.);
#11326 = EDGE_CURVE('',#10679,#11319,#11327,.T.);
#11327 = LINE('',#11328,#11329);
#11328 = CARTESIAN_POINT('',(50.689087648665,11.17001,-26.49032973758));
#11329 = VECTOR('',#11330,1.);
#11330 = DIRECTION('',(0.,1.,-1.110223024625E-16));
#11331 = PLANE('',#11332);
#11332 = AXIS2_PLACEMENT_3D('',#11333,#11334,#11335);
#11333 = CARTESIAN_POINT('',(50.697964631681,11.17001,-26.50570512318));
#11334 = DIRECTION('',(0.866025403785,5.551115123115E-17,0.499999999999)
  );
#11335 = DIRECTION('',(0.,1.,-1.110223024625E-16));
#11336 = ADVANCED_FACE('',(#11337),#11356,.T.);
#11337 = FACE_BOUND('',#11338,.T.);
#11338 = EDGE_LOOP('',(#11339,#11340,#11341,#11350));
#11339 = ORIENTED_EDGE('',*,*,#10686,.F.);
#11340 = ORIENTED_EDGE('',*,*,#11326,.T.);
#11341 = ORIENTED_EDGE('',*,*,#11342,.F.);
#11342 = EDGE_CURVE('',#11343,#11319,#11345,.T.);
#11343 = VERTEX_POINT('',#11344);
#11344 = CARTESIAN_POINT('',(50.614553924929,11.17001,-26.433984271));
#11345 = CIRCLE('',#11346,0.12);
#11346 = AXIS2_PLACEMENT_3D('',#11347,#11348,#11349);
#11347 = CARTESIAN_POINT('',(50.585164600211,11.17001,-26.55032973758));
#11348 = DIRECTION('',(8.326672684682E-16,1.,3.697183691345E-16));
#11349 = DIRECTION('',(-0.500000000001,9.614813431887E-17,0.866025403784
    ));
#11350 = ORIENTED_EDGE('',*,*,#11351,.F.);
#11351 = EDGE_CURVE('',#10687,#11343,#11352,.T.);
#11352 = LINE('',#11353,#11354);
#11353 = CARTESIAN_POINT('',(50.614553924929,11.17001,-26.433984271));
#11354 = VECTOR('',#11355,1.);
#11355 = DIRECTION('',(0.,1.,-1.110223024625E-16));
#11356 = CYLINDRICAL_SURFACE('',#11357,0.12);
#11357 = AXIS2_PLACEMENT_3D('',#11358,#11359,#11360);
#11358 = CARTESIAN_POINT('',(50.585164600211,11.17001,-26.55032973758));
#11359 = DIRECTION('',(0.,-1.,1.110223024625E-16));
#11360 = DIRECTION('',(1.,0.,0.));
#11361 = ADVANCED_FACE('',(#11362),#11374,.F.);
#11362 = FACE_BOUND('',#11363,.F.);
#11363 = EDGE_LOOP('',(#11364,#11365,#11372,#11373));
#11364 = ORIENTED_EDGE('',*,*,#11310,.T.);
#11365 = ORIENTED_EDGE('',*,*,#11366,.F.);
#11366 = EDGE_CURVE('',#11166,#11311,#11367,.T.);
#11367 = CIRCLE('',#11368,5.5E-02);
#11368 = AXIS2_PLACEMENT_3D('',#11369,#11370,#11371);
#11369 = CARTESIAN_POINT('',(50.745596028889,11.17001,-26.47820512318));
#11370 = DIRECTION('',(8.326672684682E-16,1.,3.697183691345E-16));
#11371 = DIRECTION('',(-0.500000000001,9.614813431887E-17,0.866025403784
    ));
#11372 = ORIENTED_EDGE('',*,*,#11165,.F.);
#11373 = ORIENTED_EDGE('',*,*,#10669,.F.);
#11374 = CYLINDRICAL_SURFACE('',#11375,5.5E-02);
#11375 = AXIS2_PLACEMENT_3D('',#11376,#11377,#11378);
#11376 = CARTESIAN_POINT('',(50.745596028889,11.17001,-26.47820512318));
#11377 = DIRECTION('',(0.,-1.,1.110223024625E-16));
#11378 = DIRECTION('',(1.,0.,0.));
#11379 = ADVANCED_FACE('',(#11380),#11399,.T.);
#11380 = FACE_BOUND('',#11381,.T.);
#11381 = EDGE_LOOP('',(#11382,#11383,#11391,#11398));
#11382 = ORIENTED_EDGE('',*,*,#10644,.T.);
#11383 = ORIENTED_EDGE('',*,*,#11384,.T.);
#11384 = EDGE_CURVE('',#10637,#11385,#11387,.T.);
#11385 = VERTEX_POINT('',#11386);
#11386 = CARTESIAN_POINT('',(51.97099562035,11.17001,-25.06999999999));
#11387 = LINE('',#11388,#11389);
#11388 = CARTESIAN_POINT('',(51.97099562035,11.17001,-25.06999999999));
#11389 = VECTOR('',#11390,1.);
#11390 = DIRECTION('',(0.,1.,-1.110223024625E-16));
#11391 = ORIENTED_EDGE('',*,*,#11392,.T.);
#11392 = EDGE_CURVE('',#11385,#4602,#11393,.T.);
#11393 = CIRCLE('',#11394,0.12);
#11394 = AXIS2_PLACEMENT_3D('',#11395,#11396,#11397);
#11395 = CARTESIAN_POINT('',(51.97099562035,11.17001,-25.18999999999));
#11396 = DIRECTION('',(-8.838452764881E-16,-1.,-3.992660058399E-16));
#11397 = DIRECTION('',(-0.5,9.614813431938E-17,0.866025403784));
#11398 = ORIENTED_EDGE('',*,*,#4601,.F.);
#11399 = CYLINDRICAL_SURFACE('',#11400,0.12);
#11400 = AXIS2_PLACEMENT_3D('',#11401,#11402,#11403);
#11401 = CARTESIAN_POINT('',(51.97099562035,11.17001,-25.18999999999));
#11402 = DIRECTION('',(0.,-1.,1.110223024625E-16));
#11403 = DIRECTION('',(1.,0.,0.));
#11404 = ADVANCED_FACE('',(#11405),#11416,.T.);
#11405 = FACE_BOUND('',#11406,.T.);
#11406 = EDGE_LOOP('',(#11407,#11408,#11409,#11415));
#11407 = ORIENTED_EDGE('',*,*,#10636,.F.);
#11408 = ORIENTED_EDGE('',*,*,#10299,.T.);
#11409 = ORIENTED_EDGE('',*,*,#11410,.F.);
#11410 = EDGE_CURVE('',#11385,#10302,#11411,.T.);
#11411 = LINE('',#11412,#11413);
#11412 = CARTESIAN_POINT('',(51.988749586381,11.17001,-25.06999999999));
#11413 = VECTOR('',#11414,1.);
#11414 = DIRECTION('',(1.,1.962789321056E-28,-1.2610576602E-12));
#11415 = ORIENTED_EDGE('',*,*,#11384,.F.);
#11416 = PLANE('',#11417);
#11417 = AXIS2_PLACEMENT_3D('',#11418,#11419,#11420);
#11418 = CARTESIAN_POINT('',(51.988749586381,11.17001,-25.06999999999));
#11419 = DIRECTION('',(2.005417653664E-36,1.110223040528E-16,1.));
#11420 = DIRECTION('',(-1.,1.2610576602E-12,-1.400055249734E-28));
#11421 = ADVANCED_FACE('',(#11422,#11433),#11578,.T.);
#11422 = FACE_BOUND('',#11423,.T.);
#11423 = EDGE_LOOP('',(#11424));
#11424 = ORIENTED_EDGE('',*,*,#11425,.T.);
#11425 = EDGE_CURVE('',#11426,#11426,#11428,.T.);
#11426 = VERTEX_POINT('',#11427);
#11427 = CARTESIAN_POINT('',(31.1,9.50001,-27.04575677416));
#11428 = CIRCLE('',#11429,2.375756774164);
#11429 = AXIS2_PLACEMENT_3D('',#11430,#11431,#11432);
#11430 = CARTESIAN_POINT('',(31.1,9.50001,-24.67));
#11431 = DIRECTION('',(0.,-1.,1.110223024625E-16));
#11432 = DIRECTION('',(0.,-1.110223024625E-16,-1.));
#11433 = FACE_BOUND('',#11434,.T.);
#11434 = EDGE_LOOP('',(#11435,#11441,#11442,#11443,#11444,#11452,#11459,
    #11460,#11461,#11462,#11471,#11480,#11487,#11488,#11489,#11490,
    #11497,#11498,#11505,#11506,#11507,#11508,#11509,#11510,#11511,
    #11512,#11521,#11528,#11529,#11535,#11536,#11537,#11538,#11539,
    #11540,#11541,#11542,#11548,#11549,#11550,#11551,#11552,#11559,
    #11560,#11569,#11575,#11576,#11577));
#11435 = ORIENTED_EDGE('',*,*,#11436,.F.);
#11436 = EDGE_CURVE('',#8081,#2478,#11437,.T.);
#11437 = LINE('',#11438,#11439);
#11438 = CARTESIAN_POINT('',(29.21125041365,9.50001,-25.07));
#11439 = VECTOR('',#11440,1.);
#11440 = DIRECTION('',(1.,-3.389964285058E-31,-3.053408378197E-15));
#11441 = ORIENTED_EDGE('',*,*,#8088,.T.);
#11442 = ORIENTED_EDGE('',*,*,#9688,.F.);
#11443 = ORIENTED_EDGE('',*,*,#5547,.F.);
#11444 = ORIENTED_EDGE('',*,*,#11445,.T.);
#11445 = EDGE_CURVE('',#5521,#11446,#11448,.T.);
#11446 = VERTEX_POINT('',#11447);
#11447 = CARTESIAN_POINT('',(29.22900437968,9.50001,-24.27));
#11448 = LINE('',#11449,#11450);
#11449 = CARTESIAN_POINT('',(29.21125041365,9.50001,-24.27));
#11450 = VECTOR('',#11451,1.);
#11451 = DIRECTION('',(1.,3.389964285059E-31,3.053408378198E-15));
#11452 = ORIENTED_EDGE('',*,*,#11453,.T.);
#11453 = EDGE_CURVE('',#11446,#3835,#11454,.T.);
#11454 = CIRCLE('',#11455,0.12);
#11455 = AXIS2_PLACEMENT_3D('',#11456,#11457,#11458);
#11456 = CARTESIAN_POINT('',(29.22900437968,9.50001,-24.15));
#11457 = DIRECTION('',(0.,-1.,1.110223024625E-16));
#11458 = DIRECTION('',(1.,0.,0.));
#11459 = ORIENTED_EDGE('',*,*,#3834,.T.);
#11460 = ORIENTED_EDGE('',*,*,#9703,.T.);
#11461 = ORIENTED_EDGE('',*,*,#1320,.F.);
#11462 = ORIENTED_EDGE('',*,*,#11463,.F.);
#11463 = EDGE_CURVE('',#11464,#1321,#11466,.T.);
#11464 = VERTEX_POINT('',#11465);
#11465 = CARTESIAN_POINT('',(29.82123527292,9.50001,-23.16488014672));
#11466 = CIRCLE('',#11467,5.499999999707E-02);
#11467 = AXIS2_PLACEMENT_3D('',#11468,#11469,#11470);
#11468 = CARTESIAN_POINT('',(29.85684644253,9.50001,-23.20679487681));
#11469 = DIRECTION('',(0.,-1.,1.110223024625E-16));
#11470 = DIRECTION('',(1.,0.,0.));
#11471 = ORIENTED_EDGE('',*,*,#11472,.T.);
#11472 = EDGE_CURVE('',#11464,#11473,#11475,.T.);
#11473 = VERTEX_POINT('',#11474);
#11474 = CARTESIAN_POINT('',(30.43591033489,9.50001,-22.80999733423));
#11475 = CIRCLE('',#11476,1.974999999996);
#11476 = AXIS2_PLACEMENT_3D('',#11477,#11478,#11479);
#11477 = CARTESIAN_POINT('',(31.10000000002,9.50001,-24.66999999999));
#11478 = DIRECTION('',(7.814892604496E-16,1.,-5.622153373519E-16));
#11479 = DIRECTION('',(-0.5,-9.614813431899E-17,-0.866025403784));
#11480 = ORIENTED_EDGE('',*,*,#11481,.T.);
#11481 = EDGE_CURVE('',#11473,#3935,#11482,.T.);
#11482 = CIRCLE('',#11483,5.499999999707E-02);
#11483 = AXIS2_PLACEMENT_3D('',#11484,#11485,#11486);
#11484 = CARTESIAN_POINT('',(30.45440397113,9.50001,-22.86179487682));
#11485 = DIRECTION('',(7.814892604496E-16,1.,-5.622153373519E-16));
#11486 = DIRECTION('',(-0.5,-9.614813431899E-17,-0.866025403784));
#11487 = ORIENTED_EDGE('',*,*,#3934,.T.);
#11488 = ORIENTED_EDGE('',*,*,#7153,.F.);
#11489 = ORIENTED_EDGE('',*,*,#9178,.F.);
#11490 = ORIENTED_EDGE('',*,*,#11491,.F.);
#11491 = EDGE_CURVE('',#4892,#9179,#11492,.T.);
#11492 = CIRCLE('',#11493,0.12);
#11493 = AXIS2_PLACEMENT_3D('',#11494,#11495,#11496);
#11494 = CARTESIAN_POINT('',(31.58516460022,9.50001,-22.78967026242));
#11495 = DIRECTION('',(7.814892604496E-16,1.,-5.622153373519E-16));
#11496 = DIRECTION('',(-0.5,-9.614813431899E-17,-0.866025403784));
#11497 = ORIENTED_EDGE('',*,*,#4889,.F.);
#11498 = ORIENTED_EDGE('',*,*,#11499,.T.);
#11499 = EDGE_CURVE('',#4890,#8786,#11500,.T.);
#11500 = CIRCLE('',#11501,5.5E-02);
#11501 = AXIS2_PLACEMENT_3D('',#11502,#11503,#11504);
#11502 = CARTESIAN_POINT('',(31.74559602889,9.50001,-22.86179487682));
#11503 = DIRECTION('',(7.814892604496E-16,1.,-5.622153373519E-16));
#11504 = DIRECTION('',(-0.5,-9.614813431899E-17,-0.866025403784));
#11505 = ORIENTED_EDGE('',*,*,#8793,.F.);
#11506 = ORIENTED_EDGE('',*,*,#8729,.F.);
#11507 = ORIENTED_EDGE('',*,*,#8744,.T.);
#11508 = ORIENTED_EDGE('',*,*,#8963,.T.);
#11509 = ORIENTED_EDGE('',*,*,#8996,.T.);
#11510 = ORIENTED_EDGE('',*,*,#7423,.T.);
#11511 = ORIENTED_EDGE('',*,*,#3717,.F.);
#11512 = ORIENTED_EDGE('',*,*,#11513,.F.);
#11513 = EDGE_CURVE('',#11514,#3718,#11516,.T.);
#11514 = VERTEX_POINT('',#11515);
#11515 = CARTESIAN_POINT('',(33.04285439224,9.50001,-24.3151171875));
#11516 = CIRCLE('',#11517,5.499999999707E-02);
#11517 = AXIS2_PLACEMENT_3D('',#11518,#11519,#11520);
#11518 = CARTESIAN_POINT('',(32.98874958639,9.50001,-24.325));
#11519 = DIRECTION('',(8.326672684704E-16,-1.,-3.697183691308E-16));
#11520 = DIRECTION('',(-0.499999999997,-9.614813431913E-17,
    -0.866025403786));
#11521 = ORIENTED_EDGE('',*,*,#11522,.T.);
#11522 = EDGE_CURVE('',#11514,#7119,#11523,.T.);
#11523 = CIRCLE('',#11524,1.974999999996);
#11524 = AXIS2_PLACEMENT_3D('',#11525,#11526,#11527);
#11525 = CARTESIAN_POINT('',(31.10000000002,9.50001,-24.66999999999));
#11526 = DIRECTION('',(8.838452764881E-16,1.,3.992660058399E-16));
#11527 = DIRECTION('',(-0.5,9.614813431938E-17,0.866025403784));
#11528 = ORIENTED_EDGE('',*,*,#7126,.T.);
#11529 = ORIENTED_EDGE('',*,*,#11530,.T.);
#11530 = EDGE_CURVE('',#7110,#6981,#11531,.T.);
#11531 = LINE('',#11532,#11533);
#11532 = CARTESIAN_POINT('',(32.98874958639,9.50001,-25.06999999999));
#11533 = VECTOR('',#11534,1.);
#11534 = DIRECTION('',(-1.,-1.962789321056E-28,1.2610576602E-12));
#11535 = ORIENTED_EDGE('',*,*,#6978,.F.);
#11536 = ORIENTED_EDGE('',*,*,#9054,.F.);
#11537 = ORIENTED_EDGE('',*,*,#9021,.F.);
#11538 = ORIENTED_EDGE('',*,*,#2628,.F.);
#11539 = ORIENTED_EDGE('',*,*,#9822,.T.);
#11540 = ORIENTED_EDGE('',*,*,#5505,.F.);
#11541 = ORIENTED_EDGE('',*,*,#2852,.F.);
#11542 = ORIENTED_EDGE('',*,*,#11543,.T.);
#11543 = EDGE_CURVE('',#2826,#8849,#11544,.T.);
#11544 = LINE('',#11545,#11546);
#11545 = CARTESIAN_POINT('',(31.69796463169,9.50001,-26.50570512318));
#11546 = VECTOR('',#11547,1.);
#11547 = DIRECTION('',(-0.499999999999,-1.118431410543E-16,
    0.866025403785));
#11548 = ORIENTED_EDGE('',*,*,#8848,.T.);
#11549 = ORIENTED_EDGE('',*,*,#8808,.T.);
#11550 = ORIENTED_EDGE('',*,*,#475,.T.);
#11551 = ORIENTED_EDGE('',*,*,#1954,.F.);
#11552 = ORIENTED_EDGE('',*,*,#11553,.F.);
#11553 = EDGE_CURVE('',#811,#1955,#11554,.T.);
#11554 = CIRCLE('',#11555,5.499999999707E-02);
#11555 = AXIS2_PLACEMENT_3D('',#11556,#11557,#11558);
#11556 = CARTESIAN_POINT('',(30.45440397113,9.50001,-26.47820512318));
#11557 = DIRECTION('',(-8.326672684682E-16,-1.,-3.697183691345E-16));
#11558 = DIRECTION('',(-0.500000000001,9.614813431887E-17,0.866025403784
    ));
#11559 = ORIENTED_EDGE('',*,*,#818,.T.);
#11560 = ORIENTED_EDGE('',*,*,#11561,.T.);
#11561 = EDGE_CURVE('',#792,#11562,#11564,.T.);
#11562 = VERTEX_POINT('',#11563);
#11563 = CARTESIAN_POINT('',(29.80921504533,9.50001,-26.10570512318));
#11564 = CIRCLE('',#11565,5.499999999707E-02);
#11565 = AXIS2_PLACEMENT_3D('',#11566,#11567,#11568);
#11566 = CARTESIAN_POINT('',(29.85684644253,9.50001,-26.13320512318));
#11567 = DIRECTION('',(0.,1.,-1.110223024625E-16));
#11568 = DIRECTION('',(1.,0.,0.));
#11569 = ORIENTED_EDGE('',*,*,#11570,.T.);
#11570 = EDGE_CURVE('',#11562,#11133,#11571,.T.);
#11571 = LINE('',#11572,#11573);
#11572 = CARTESIAN_POINT('',(29.80921504532,9.50001,-26.10570512318));
#11573 = VECTOR('',#11574,1.);
#11574 = DIRECTION('',(0.5,-1.118431410553E-16,0.866025403784));
#11575 = ORIENTED_EDGE('',*,*,#11132,.F.);
#11576 = ORIENTED_EDGE('',*,*,#6542,.F.);
#11577 = ORIENTED_EDGE('',*,*,#2477,.F.);
#11578 = PLANE('',#11579);
#11579 = AXIS2_PLACEMENT_3D('',#11580,#11581,#11582);
#11580 = CARTESIAN_POINT('',(31.1,9.50001,-24.67));
#11581 = DIRECTION('',(0.,-1.,-9.303288641584E-18));
#11582 = DIRECTION('',(0.,9.303288641584E-18,-1.));
#11583 = ADVANCED_FACE('',(#11584),#11600,.F.);
#11584 = FACE_BOUND('',#11585,.F.);
#11585 = EDGE_LOOP('',(#11586,#11587,#11593,#11594));
#11586 = ORIENTED_EDGE('',*,*,#77,.T.);
#11587 = ORIENTED_EDGE('',*,*,#11588,.T.);
#11588 = EDGE_CURVE('',#78,#6351,#11589,.T.);
#11589 = LINE('',#11590,#11591);
#11590 = CARTESIAN_POINT('',(7.5,162.10001,9.));
#11591 = VECTOR('',#11592,1.);
#11592 = DIRECTION('',(1.,0.,0.));
#11593 = ORIENTED_EDGE('',*,*,#6350,.T.);
#11594 = ORIENTED_EDGE('',*,*,#11595,.F.);
#11595 = EDGE_CURVE('',#69,#6353,#11596,.T.);
#11596 = LINE('',#11597,#11598);
#11597 = CARTESIAN_POINT('',(7.5,170.10001,1.));
#11598 = VECTOR('',#11599,1.);
#11599 = DIRECTION('',(1.,0.,0.));
#11600 = CYLINDRICAL_SURFACE('',#11601,8.);
#11601 = AXIS2_PLACEMENT_3D('',#11602,#11603,#11604);
#11602 = CARTESIAN_POINT('',(7.5,162.10001,1.));
#11603 = DIRECTION('',(1.,0.,0.));
#11604 = DIRECTION('',(0.,-1.110223024625E-16,-1.));
#11605 = ADVANCED_FACE('',(#11606),#11634,.F.);
#11606 = FACE_BOUND('',#11607,.F.);
#11607 = EDGE_LOOP('',(#11608,#11617,#11625,#11632,#11633));
#11608 = ORIENTED_EDGE('',*,*,#11609,.F.);
#11609 = EDGE_CURVE('',#11610,#5993,#11612,.T.);
#11610 = VERTEX_POINT('',#11611);
#11611 = CARTESIAN_POINT('',(17.2,158.97501,-9.));
#11612 = CIRCLE('',#11613,0.3);
#11613 = AXIS2_PLACEMENT_3D('',#11614,#11615,#11616);
#11614 = CARTESIAN_POINT('',(17.2,158.97501,-8.7));
#11615 = DIRECTION('',(0.,-1.,1.110223024625E-16));
#11616 = DIRECTION('',(0.,-1.110223024625E-16,-1.));
#11617 = ORIENTED_EDGE('',*,*,#11618,.F.);
#11618 = EDGE_CURVE('',#11619,#11610,#11621,.T.);
#11619 = VERTEX_POINT('',#11620);
#11620 = CARTESIAN_POINT('',(17.2,162.10001,-9.));
#11621 = LINE('',#11622,#11623);
#11622 = CARTESIAN_POINT('',(17.2,162.10001,-9.));
#11623 = VECTOR('',#11624,1.);
#11624 = DIRECTION('',(0.,-1.,-3.708453297533E-16));
#11625 = ORIENTED_EDGE('',*,*,#11626,.T.);
#11626 = EDGE_CURVE('',#11619,#7339,#11627,.T.);
#11627 = CIRCLE('',#11628,0.3);
#11628 = AXIS2_PLACEMENT_3D('',#11629,#11630,#11631);
#11629 = CARTESIAN_POINT('',(17.2,162.10001,-8.7));
#11630 = DIRECTION('',(0.,-1.,1.110223024625E-16));
#11631 = DIRECTION('',(0.,-1.110223024625E-16,-1.));
#11632 = ORIENTED_EDGE('',*,*,#7347,.F.);
#11633 = ORIENTED_EDGE('',*,*,#6001,.F.);
#11634 = CYLINDRICAL_SURFACE('',#11635,0.3);
#11635 = AXIS2_PLACEMENT_3D('',#11636,#11637,#11638);
#11636 = CARTESIAN_POINT('',(17.2,162.10001,-8.7));
#11637 = DIRECTION('',(0.,-1.,1.110223024625E-16));
#11638 = DIRECTION('',(0.,-1.110223024625E-16,-1.));
#11639 = ADVANCED_FACE('',(#11640),#11666,.F.);
#11640 = FACE_BOUND('',#11641,.F.);
#11641 = EDGE_LOOP('',(#11642,#11650,#11659,#11665));
#11642 = ORIENTED_EDGE('',*,*,#11643,.T.);
#11643 = EDGE_CURVE('',#10722,#11644,#11646,.T.);
#11644 = VERTEX_POINT('',#11645);
#11645 = CARTESIAN_POINT('',(49.435910334887,11.17001,-26.53000266576));
#11646 = LINE('',#11647,#11648);
#11647 = CARTESIAN_POINT('',(49.435910334887,11.17001,-26.53000266576));
#11648 = VECTOR('',#11649,1.);
#11649 = DIRECTION('',(0.,1.,-1.110223024625E-16));
#11650 = ORIENTED_EDGE('',*,*,#11651,.F.);
#11651 = EDGE_CURVE('',#11652,#11644,#11654,.T.);
#11652 = VERTEX_POINT('',#11653);
#11653 = CARTESIAN_POINT('',(49.502035368338,11.17001,-26.50570512318));
#11654 = CIRCLE('',#11655,5.499999999707E-02);
#11655 = AXIS2_PLACEMENT_3D('',#11656,#11657,#11658);
#11656 = CARTESIAN_POINT('',(49.45440397113,11.17001,-26.47820512318));
#11657 = DIRECTION('',(8.326672684682E-16,1.,3.697183691345E-16));
#11658 = DIRECTION('',(-0.500000000001,9.614813431887E-17,0.866025403784
    ));
#11659 = ORIENTED_EDGE('',*,*,#11660,.F.);
#11660 = EDGE_CURVE('',#10714,#11652,#11661,.T.);
#11661 = LINE('',#11662,#11663);
#11662 = CARTESIAN_POINT('',(49.502035368338,11.17001,-26.50570512318));
#11663 = VECTOR('',#11664,1.);
#11664 = DIRECTION('',(0.,1.,-1.110223024625E-16));
#11665 = ORIENTED_EDGE('',*,*,#10721,.F.);
#11666 = CYLINDRICAL_SURFACE('',#11667,5.499999999707E-02);
#11667 = AXIS2_PLACEMENT_3D('',#11668,#11669,#11670);
#11668 = CARTESIAN_POINT('',(49.45440397113,11.17001,-26.47820512318));
#11669 = DIRECTION('',(0.,-1.,1.110223024625E-16));
#11670 = DIRECTION('',(1.,0.,0.));
#11671 = ADVANCED_FACE('',(#11672,#11683),#11898,.T.);
#11672 = FACE_BOUND('',#11673,.T.);
#11673 = EDGE_LOOP('',(#11674));
#11674 = ORIENTED_EDGE('',*,*,#11675,.T.);
#11675 = EDGE_CURVE('',#11676,#11676,#11678,.T.);
#11676 = VERTEX_POINT('',#11677);
#11677 = CARTESIAN_POINT('',(41.6,9.50001,-11.04575677416));
#11678 = CIRCLE('',#11679,2.375756774164);
#11679 = AXIS2_PLACEMENT_3D('',#11680,#11681,#11682);
#11680 = CARTESIAN_POINT('',(41.6,9.50001,-8.670000000001));
#11681 = DIRECTION('',(0.,-1.,1.110223024625E-16));
#11682 = DIRECTION('',(0.,-1.110223024625E-16,-1.));
#11683 = FACE_BOUND('',#11684,.T.);
#11684 = EDGE_LOOP('',(#11685,#11686,#11687,#11696,#11705,#11713,#11722,
    #11731,#11740,#11748,#11757,#11764,#11765,#11766,#11767,#11776,
    #11783,#11784,#11793,#11800,#11801,#11807,#11808,#11809,#11810,
    #11811,#11812,#11813,#11820,#11821,#11822,#11829,#11830,#11836,
    #11837,#11838,#11847,#11853,#11854,#11863,#11870,#11871,#11878,
    #11879,#11880,#11881,#11890,#11897));
#11685 = ORIENTED_EDGE('',*,*,#2519,.F.);
#11686 = ORIENTED_EDGE('',*,*,#6912,.T.);
#11687 = ORIENTED_EDGE('',*,*,#11688,.F.);
#11688 = EDGE_CURVE('',#11689,#6895,#11691,.T.);
#11689 = VERTEX_POINT('',#11690);
#11690 = CARTESIAN_POINT('',(39.657145607788,9.50001,-8.315117187501));
#11691 = CIRCLE('',#11692,1.974999999999);
#11692 = AXIS2_PLACEMENT_3D('',#11693,#11694,#11695);
#11693 = CARTESIAN_POINT('',(41.600000000014,9.50001,-8.669999999999));
#11694 = DIRECTION('',(0.,-1.,1.110223024625E-16));
#11695 = DIRECTION('',(1.,0.,0.));
#11696 = ORIENTED_EDGE('',*,*,#11697,.F.);
#11697 = EDGE_CURVE('',#11698,#11689,#11700,.T.);
#11698 = VERTEX_POINT('',#11699);
#11699 = CARTESIAN_POINT('',(39.711250413647,9.50001,-8.270000000001));
#11700 = CIRCLE('',#11701,5.5E-02);
#11701 = AXIS2_PLACEMENT_3D('',#11702,#11703,#11704);
#11702 = CARTESIAN_POINT('',(39.711250413647,9.50001,-8.325000000001));
#11703 = DIRECTION('',(0.,-1.,1.110223024625E-16));
#11704 = DIRECTION('',(1.,0.,0.));
#11705 = ORIENTED_EDGE('',*,*,#11706,.T.);
#11706 = EDGE_CURVE('',#11698,#11707,#11709,.T.);
#11707 = VERTEX_POINT('',#11708);
#11708 = CARTESIAN_POINT('',(39.729004379678,9.50001,-8.270000000001));
#11709 = LINE('',#11710,#11711);
#11710 = CARTESIAN_POINT('',(39.711250413647,9.50001,-8.270000000001));
#11711 = VECTOR('',#11712,1.);
#11712 = DIRECTION('',(1.,3.389964285059E-31,3.053408378198E-15));
#11713 = ORIENTED_EDGE('',*,*,#11714,.T.);
#11714 = EDGE_CURVE('',#11707,#11715,#11717,.T.);
#11715 = VERTEX_POINT('',#11716);
#11716 = CARTESIAN_POINT('',(39.815067846989,9.50001,-8.233624635094));
#11717 = CIRCLE('',#11718,0.12);
#11718 = AXIS2_PLACEMENT_3D('',#11719,#11720,#11721);
#11719 = CARTESIAN_POINT('',(39.729004379678,9.50001,-8.150000000001));
#11720 = DIRECTION('',(0.,-1.,1.110223024625E-16));
#11721 = DIRECTION('',(1.,0.,0.));
#11722 = ORIENTED_EDGE('',*,*,#11723,.T.);
#11723 = EDGE_CURVE('',#11715,#11724,#11726,.T.);
#11724 = VERTEX_POINT('',#11725);
#11725 = CARTESIAN_POINT('',(40.329621771908,9.50001,-7.3423910939));
#11726 = CIRCLE('',#11727,2.10098297883);
#11727 = AXIS2_PLACEMENT_3D('',#11728,#11729,#11730);
#11728 = CARTESIAN_POINT('',(38.308252180995,9.50001,-6.769508510584));
#11729 = DIRECTION('',(0.,-1.,1.110223024625E-16));
#11730 = DIRECTION('',(1.,0.,0.));
#11731 = ORIENTED_EDGE('',*,*,#11732,.T.);
#11732 = EDGE_CURVE('',#11724,#11733,#11735,.T.);
#11733 = VERTEX_POINT('',#11734);
#11734 = CARTESIAN_POINT('',(40.318092028334,9.50001,-7.249670262417));
#11735 = CIRCLE('',#11736,0.12);
#11736 = AXIS2_PLACEMENT_3D('',#11737,#11738,#11739);
#11737 = CARTESIAN_POINT('',(40.21416897988,9.50001,-7.309670262417));
#11738 = DIRECTION('',(0.,-1.,1.110223024625E-16));
#11739 = DIRECTION('',(1.,0.,0.));
#11740 = ORIENTED_EDGE('',*,*,#11741,.F.);
#11741 = EDGE_CURVE('',#11742,#11733,#11744,.T.);
#11742 = VERTEX_POINT('',#11743);
#11743 = CARTESIAN_POINT('',(40.309215045318,9.50001,-7.234294876817));
#11744 = LINE('',#11745,#11746);
#11745 = CARTESIAN_POINT('',(40.309215045318,9.50001,-7.234294876817));
#11746 = VECTOR('',#11747,1.);
#11747 = DIRECTION('',(0.5,1.118431410553E-16,-0.866025403784));
#11748 = ORIENTED_EDGE('',*,*,#11749,.F.);
#11749 = EDGE_CURVE('',#11750,#11742,#11752,.T.);
#11750 = VERTEX_POINT('',#11751);
#11751 = CARTESIAN_POINT('',(40.321235272913,9.50001,-7.164880146728));
#11752 = CIRCLE('',#11753,5.499999999707E-02);
#11753 = AXIS2_PLACEMENT_3D('',#11754,#11755,#11756);
#11754 = CARTESIAN_POINT('',(40.356846442526,9.50001,-7.206794876817));
#11755 = DIRECTION('',(0.,-1.,1.110223024625E-16));
#11756 = DIRECTION('',(1.,0.,0.));
#11757 = ORIENTED_EDGE('',*,*,#11758,.T.);
#11758 = EDGE_CURVE('',#11750,#1560,#11759,.T.);
#11759 = CIRCLE('',#11760,1.974999999996);
#11760 = AXIS2_PLACEMENT_3D('',#11761,#11762,#11763);
#11761 = CARTESIAN_POINT('',(41.600000000014,9.50001,-8.669999999999));
#11762 = DIRECTION('',(7.814892604496E-16,1.,-5.622153373519E-16));
#11763 = DIRECTION('',(-0.5,-9.614813431899E-17,-0.866025403784));
#11764 = ORIENTED_EDGE('',*,*,#1567,.T.);
#11765 = ORIENTED_EDGE('',*,*,#2794,.T.);
#11766 = ORIENTED_EDGE('',*,*,#4384,.F.);
#11767 = ORIENTED_EDGE('',*,*,#11768,.F.);
#11768 = EDGE_CURVE('',#11769,#4385,#11771,.T.);
#11769 = VERTEX_POINT('',#11770);
#11770 = CARTESIAN_POINT('',(42.114553924928,9.50001,-6.906015728996));
#11771 = CIRCLE('',#11772,2.10098297883);
#11772 = AXIS2_PLACEMENT_3D('',#11773,#11774,#11775);
#11773 = CARTESIAN_POINT('',(41.600000000008,9.50001,-4.869017021171));
#11774 = DIRECTION('',(7.814892604496E-16,1.,-5.622153373519E-16));
#11775 = DIRECTION('',(-0.5,-9.614813431899E-17,-0.866025403784));
#11776 = ORIENTED_EDGE('',*,*,#11777,.F.);
#11777 = EDGE_CURVE('',#1251,#11769,#11778,.T.);
#11778 = CIRCLE('',#11779,0.12);
#11779 = AXIS2_PLACEMENT_3D('',#11780,#11781,#11782);
#11780 = CARTESIAN_POINT('',(42.085164600211,9.50001,-6.789670262421));
#11781 = DIRECTION('',(7.814892604496E-16,1.,-5.622153373519E-16));
#11782 = DIRECTION('',(-0.5,-9.614813431899E-17,-0.866025403784));
#11783 = ORIENTED_EDGE('',*,*,#1248,.F.);
#11784 = ORIENTED_EDGE('',*,*,#11785,.T.);
#11785 = EDGE_CURVE('',#1249,#11786,#11788,.T.);
#11786 = VERTEX_POINT('',#11787);
#11787 = CARTESIAN_POINT('',(42.264089665133,9.50001,-6.809997334229));
#11788 = CIRCLE('',#11789,5.5E-02);
#11789 = AXIS2_PLACEMENT_3D('',#11790,#11791,#11792);
#11790 = CARTESIAN_POINT('',(42.245596028889,9.50001,-6.86179487682));
#11791 = DIRECTION('',(7.814892604496E-16,1.,-5.622153373519E-16));
#11792 = DIRECTION('',(-0.5,-9.614813431899E-17,-0.866025403784));
#11793 = ORIENTED_EDGE('',*,*,#11794,.F.);
#11794 = EDGE_CURVE('',#9657,#11786,#11795,.T.);
#11795 = CIRCLE('',#11796,1.974999999996);
#11796 = AXIS2_PLACEMENT_3D('',#11797,#11798,#11799);
#11797 = CARTESIAN_POINT('',(41.600000000014,9.50001,-8.669999999999));
#11798 = DIRECTION('',(8.326672684704E-16,-1.,-3.697183691308E-16));
#11799 = DIRECTION('',(-0.499999999997,-9.614813431913E-17,
    -0.866025403786));
#11800 = ORIENTED_EDGE('',*,*,#9664,.F.);
#11801 = ORIENTED_EDGE('',*,*,#11802,.T.);
#11802 = EDGE_CURVE('',#9638,#7252,#11803,.T.);
#11803 = LINE('',#11804,#11805);
#11804 = CARTESIAN_POINT('',(42.890784954708,9.50001,-7.23429487682));
#11805 = VECTOR('',#11806,1.);
#11806 = DIRECTION('',(-0.499999999999,1.118431410543E-16,
    -0.866025403785));
#11807 = ORIENTED_EDGE('',*,*,#7251,.T.);
#11808 = ORIENTED_EDGE('',*,*,#6500,.T.);
#11809 = ORIENTED_EDGE('',*,*,#6467,.T.);
#11810 = ORIENTED_EDGE('',*,*,#6394,.F.);
#11811 = ORIENTED_EDGE('',*,*,#6452,.F.);
#11812 = ORIENTED_EDGE('',*,*,#8923,.T.);
#11813 = ORIENTED_EDGE('',*,*,#11814,.T.);
#11814 = EDGE_CURVE('',#8906,#6669,#11815,.T.);
#11815 = CIRCLE('',#11816,5.499999999707E-02);
#11816 = AXIS2_PLACEMENT_3D('',#11817,#11818,#11819);
#11817 = CARTESIAN_POINT('',(43.488749586381,9.50001,-9.014999999999));
#11818 = DIRECTION('',(8.838452764881E-16,1.,3.992660058399E-16));
#11819 = DIRECTION('',(-0.5,9.614813431938E-17,0.866025403784));
#11820 = ORIENTED_EDGE('',*,*,#6668,.T.);
#11821 = ORIENTED_EDGE('',*,*,#8644,.F.);
#11822 = ORIENTED_EDGE('',*,*,#11823,.F.);
#11823 = EDGE_CURVE('',#7222,#8645,#11824,.T.);
#11824 = CIRCLE('',#11825,2.10098297883);
#11825 = AXIS2_PLACEMENT_3D('',#11826,#11827,#11828);
#11826 = CARTESIAN_POINT('',(44.891747819032,9.50001,-10.57049148941));
#11827 = DIRECTION('',(8.838452764881E-16,1.,3.992660058399E-16));
#11828 = DIRECTION('',(-0.5,9.614813431938E-17,0.866025403784));
#11829 = ORIENTED_EDGE('',*,*,#7219,.F.);
#11830 = ORIENTED_EDGE('',*,*,#11831,.F.);
#11831 = EDGE_CURVE('',#4568,#7220,#11832,.T.);
#11832 = LINE('',#11833,#11834);
#11833 = CARTESIAN_POINT('',(42.890784954708,9.50001,-10.10570512318));
#11834 = VECTOR('',#11835,1.);
#11835 = DIRECTION('',(-0.499999999999,-1.118431410543E-16,
    0.866025403785));
#11836 = ORIENTED_EDGE('',*,*,#4575,.T.);
#11837 = ORIENTED_EDGE('',*,*,#8948,.F.);
#11838 = ORIENTED_EDGE('',*,*,#11839,.F.);
#11839 = EDGE_CURVE('',#11840,#8939,#11842,.T.);
#11840 = VERTEX_POINT('',#11841);
#11841 = CARTESIAN_POINT('',(42.197964631681,9.50001,-10.50570512318));
#11842 = CIRCLE('',#11843,5.5E-02);
#11843 = AXIS2_PLACEMENT_3D('',#11844,#11845,#11846);
#11844 = CARTESIAN_POINT('',(42.245596028889,9.50001,-10.47820512318));
#11845 = DIRECTION('',(-8.326672684682E-16,-1.,-3.697183691345E-16));
#11846 = DIRECTION('',(-0.500000000001,9.614813431887E-17,0.866025403784
    ));
#11847 = ORIENTED_EDGE('',*,*,#11848,.T.);
#11848 = EDGE_CURVE('',#11840,#9458,#11849,.T.);
#11849 = LINE('',#11850,#11851);
#11850 = CARTESIAN_POINT('',(42.197964631681,9.50001,-10.50570512318));
#11851 = VECTOR('',#11852,1.);
#11852 = DIRECTION('',(-0.499999999999,-1.118431410543E-16,
    0.866025403785));
#11853 = ORIENTED_EDGE('',*,*,#9457,.T.);
#11854 = ORIENTED_EDGE('',*,*,#11855,.T.);
#11855 = EDGE_CURVE('',#9460,#11856,#11858,.T.);
#11856 = VERTEX_POINT('',#11857);
#11857 = CARTESIAN_POINT('',(41.08544607509,9.50001,-10.433984271));
#11858 = CIRCLE('',#11859,2.10098297883);
#11859 = AXIS2_PLACEMENT_3D('',#11860,#11861,#11862);
#11860 = CARTESIAN_POINT('',(41.600000000008,9.50001,-12.47098297883));
#11861 = DIRECTION('',(-8.326672684682E-16,-1.,-3.697183691345E-16));
#11862 = DIRECTION('',(-0.500000000001,9.614813431887E-17,0.866025403784
    ));
#11863 = ORIENTED_EDGE('',*,*,#11864,.T.);
#11864 = EDGE_CURVE('',#11856,#6751,#11865,.T.);
#11865 = CIRCLE('',#11866,0.12);
#11866 = AXIS2_PLACEMENT_3D('',#11867,#11868,#11869);
#11867 = CARTESIAN_POINT('',(41.114835399807,9.50001,-10.55032973758));
#11868 = DIRECTION('',(-8.326672684682E-16,-1.,-3.697183691345E-16));
#11869 = DIRECTION('',(-0.500000000001,9.614813431887E-17,0.866025403784
    ));
#11870 = ORIENTED_EDGE('',*,*,#6748,.F.);
#11871 = ORIENTED_EDGE('',*,*,#11872,.F.);
#11872 = EDGE_CURVE('',#1446,#6749,#11873,.T.);
#11873 = CIRCLE('',#11874,5.499999999707E-02);
#11874 = AXIS2_PLACEMENT_3D('',#11875,#11876,#11877);
#11875 = CARTESIAN_POINT('',(40.95440397113,9.50001,-10.47820512318));
#11876 = DIRECTION('',(-8.326672684682E-16,-1.,-3.697183691345E-16));
#11877 = DIRECTION('',(-0.500000000001,9.614813431887E-17,0.866025403784
    ));
#11878 = ORIENTED_EDGE('',*,*,#1453,.T.);
#11879 = ORIENTED_EDGE('',*,*,#9411,.T.);
#11880 = ORIENTED_EDGE('',*,*,#7511,.T.);
#11881 = ORIENTED_EDGE('',*,*,#11882,.F.);
#11882 = EDGE_CURVE('',#11883,#7514,#11885,.T.);
#11883 = VERTEX_POINT('',#11884);
#11884 = CARTESIAN_POINT('',(40.329621771908,9.50001,-9.997608906102));
#11885 = CIRCLE('',#11886,0.12);
#11886 = AXIS2_PLACEMENT_3D('',#11887,#11888,#11889);
#11887 = CARTESIAN_POINT('',(40.21416897988,9.50001,-10.03032973758));
#11888 = DIRECTION('',(0.,1.,-1.110223024625E-16));
#11889 = DIRECTION('',(1.,0.,0.));
#11890 = ORIENTED_EDGE('',*,*,#11891,.F.);
#11891 = EDGE_CURVE('',#10830,#11883,#11892,.T.);
#11892 = CIRCLE('',#11893,2.10098297883);
#11893 = AXIS2_PLACEMENT_3D('',#11894,#11895,#11896);
#11894 = CARTESIAN_POINT('',(38.308252180995,9.50001,-10.57049148941));
#11895 = DIRECTION('',(0.,1.,-1.110223024625E-16));
#11896 = DIRECTION('',(1.,0.,0.));
#11897 = ORIENTED_EDGE('',*,*,#10829,.F.);
#11898 = PLANE('',#11899);
#11899 = AXIS2_PLACEMENT_3D('',#11900,#11901,#11902);
#11900 = CARTESIAN_POINT('',(41.6,9.50001,-8.670000000001));
#11901 = DIRECTION('',(0.,-1.,-9.303288641584E-18));
#11902 = DIRECTION('',(0.,9.303288641584E-18,-1.));
#11903 = ADVANCED_FACE('',(#11904),#11912,.T.);
#11904 = FACE_BOUND('',#11905,.T.);
#11905 = EDGE_LOOP('',(#11906,#11907,#11908,#11909,#11910,#11911));
#11906 = ORIENTED_EDGE('',*,*,#3191,.F.);
#11907 = ORIENTED_EDGE('',*,*,#8110,.F.);
#11908 = ORIENTED_EDGE('',*,*,#1720,.F.);
#11909 = ORIENTED_EDGE('',*,*,#5257,.F.);
#11910 = ORIENTED_EDGE('',*,*,#5306,.F.);
#11911 = ORIENTED_EDGE('',*,*,#3033,.F.);
#11912 = PLANE('',#11913);
#11913 = AXIS2_PLACEMENT_3D('',#11914,#11915,#11916);
#11914 = CARTESIAN_POINT('',(26.01,197.10001,-9.0925));
#11915 = DIRECTION('',(0.,1.,-1.110223024625E-16));
#11916 = DIRECTION('',(-1.,0.,0.));
#11917 = ADVANCED_FACE('',(#11918),#11937,.F.);
#11918 = FACE_BOUND('',#11919,.F.);
#11919 = EDGE_LOOP('',(#11920,#11928,#11929,#11930));
#11920 = ORIENTED_EDGE('',*,*,#11921,.T.);
#11921 = EDGE_CURVE('',#11922,#7631,#11924,.T.);
#11922 = VERTEX_POINT('',#11923);
#11923 = CARTESIAN_POINT('',(51.988749586381,9.50001,-9.069999999996));
#11924 = LINE('',#11925,#11926);
#11925 = CARTESIAN_POINT('',(51.988749586381,11.17001,-9.069999999996));
#11926 = VECTOR('',#11927,1.);
#11927 = DIRECTION('',(0.,1.,-1.110223024625E-16));
#11928 = ORIENTED_EDGE('',*,*,#7638,.T.);
#11929 = ORIENTED_EDGE('',*,*,#4417,.F.);
#11930 = ORIENTED_EDGE('',*,*,#11931,.T.);
#11931 = EDGE_CURVE('',#4418,#11922,#11932,.T.);
#11932 = CIRCLE('',#11933,5.499999999707E-02);
#11933 = AXIS2_PLACEMENT_3D('',#11934,#11935,#11936);
#11934 = CARTESIAN_POINT('',(51.988749586381,9.50001,-9.014999999999));
#11935 = DIRECTION('',(8.838452764881E-16,1.,3.992660058399E-16));
#11936 = DIRECTION('',(-0.5,9.614813431938E-17,0.866025403784));
#11937 = CYLINDRICAL_SURFACE('',#11938,5.499999999707E-02);
#11938 = AXIS2_PLACEMENT_3D('',#11939,#11940,#11941);
#11939 = CARTESIAN_POINT('',(51.988749586381,11.17001,-9.014999999999));
#11940 = DIRECTION('',(0.,-1.,1.110223024625E-16));
#11941 = DIRECTION('',(1.,0.,0.));
#11942 = ADVANCED_FACE('',(#11943),#11954,.T.);
#11943 = FACE_BOUND('',#11944,.T.);
#11944 = EDGE_LOOP('',(#11945,#11951,#11952,#11953));
#11945 = ORIENTED_EDGE('',*,*,#11946,.T.);
#11946 = EDGE_CURVE('',#40,#9346,#11947,.T.);
#11947 = LINE('',#11948,#11949);
#11948 = CARTESIAN_POINT('',(7.5,170.10001,-1.));
#11949 = VECTOR('',#11950,1.);
#11950 = DIRECTION('',(1.,0.,0.));
#11951 = ORIENTED_EDGE('',*,*,#9354,.F.);
#11952 = ORIENTED_EDGE('',*,*,#11595,.F.);
#11953 = ORIENTED_EDGE('',*,*,#68,.F.);
#11954 = PLANE('',#11955);
#11955 = AXIS2_PLACEMENT_3D('',#11956,#11957,#11958);
#11956 = CARTESIAN_POINT('',(7.5,170.10001,1.));
#11957 = DIRECTION('',(0.,-1.,1.110223024625E-16));
#11958 = DIRECTION('',(0.,-1.110223024625E-16,-1.));
#11959 = ADVANCED_FACE('',(#11960),#12025,.F.);
#11960 = FACE_BOUND('',#11961,.T.);
#11961 = EDGE_LOOP('',(#11962,#11973,#11982,#11991,#11999,#12008,#12015,
    #12016,#12017,#12018));
#11962 = ORIENTED_EDGE('',*,*,#11963,.F.);
#11963 = EDGE_CURVE('',#11964,#11966,#11968,.T.);
#11964 = VERTEX_POINT('',#11965);
#11965 = CARTESIAN_POINT('',(40.127756813569,11.17001,-7.819999999998));
#11966 = VERTEX_POINT('',#11967);
#11967 = CARTESIAN_POINT('',(40.127756813578,11.17001,-9.519999999999));
#11968 = CIRCLE('',#11969,1.7);
#11969 = AXIS2_PLACEMENT_3D('',#11970,#11971,#11972);
#11970 = CARTESIAN_POINT('',(41.6,11.17001,-8.670000000001));
#11971 = DIRECTION('',(0.,-1.,1.110223024625E-16));
#11972 = DIRECTION('',(-1.,0.,0.));
#11973 = ORIENTED_EDGE('',*,*,#11974,.T.);
#11974 = EDGE_CURVE('',#11964,#11975,#11977,.T.);
#11975 = VERTEX_POINT('',#11976);
#11976 = CARTESIAN_POINT('',(39.815067846989,11.17001,-8.233624635094));
#11977 = CIRCLE('',#11978,2.10098297883);
#11978 = AXIS2_PLACEMENT_3D('',#11979,#11980,#11981);
#11979 = CARTESIAN_POINT('',(38.308252180995,11.17001,-6.769508510584));
#11980 = DIRECTION('',(0.,1.,-1.110223024625E-16));
#11981 = DIRECTION('',(1.,0.,0.));
#11982 = ORIENTED_EDGE('',*,*,#11983,.T.);
#11983 = EDGE_CURVE('',#11975,#11984,#11986,.T.);
#11984 = VERTEX_POINT('',#11985);
#11985 = CARTESIAN_POINT('',(39.729004379678,11.17001,-8.270000000001));
#11986 = CIRCLE('',#11987,0.12);
#11987 = AXIS2_PLACEMENT_3D('',#11988,#11989,#11990);
#11988 = CARTESIAN_POINT('',(39.729004379678,11.17001,-8.150000000001));
#11989 = DIRECTION('',(0.,1.,-1.110223024625E-16));
#11990 = DIRECTION('',(1.,0.,0.));
#11991 = ORIENTED_EDGE('',*,*,#11992,.T.);
#11992 = EDGE_CURVE('',#11984,#11993,#11995,.T.);
#11993 = VERTEX_POINT('',#11994);
#11994 = CARTESIAN_POINT('',(39.711250413647,11.17001,-8.270000000001));
#11995 = LINE('',#11996,#11997);
#11996 = CARTESIAN_POINT('',(39.711250413647,11.17001,-8.270000000001));
#11997 = VECTOR('',#11998,1.);
#11998 = DIRECTION('',(-1.,-3.389964285059E-31,-3.053408378198E-15));
#11999 = ORIENTED_EDGE('',*,*,#12000,.F.);
#12000 = EDGE_CURVE('',#12001,#11993,#12003,.T.);
#12001 = VERTEX_POINT('',#12002);
#12002 = CARTESIAN_POINT('',(39.657145607788,11.17001,-8.315117187501));
#12003 = CIRCLE('',#12004,5.5E-02);
#12004 = AXIS2_PLACEMENT_3D('',#12005,#12006,#12007);
#12005 = CARTESIAN_POINT('',(39.711250413647,11.17001,-8.325000000001));
#12006 = DIRECTION('',(0.,1.,-1.110223024625E-16));
#12007 = DIRECTION('',(1.,0.,0.));
#12008 = ORIENTED_EDGE('',*,*,#12009,.T.);
#12009 = EDGE_CURVE('',#12001,#6897,#12010,.T.);
#12010 = CIRCLE('',#12011,1.975);
#12011 = AXIS2_PLACEMENT_3D('',#12012,#12013,#12014);
#12012 = CARTESIAN_POINT('',(41.600000000014,11.17001,-8.669999999999));
#12013 = DIRECTION('',(0.,-1.,1.110223024625E-16));
#12014 = DIRECTION('',(1.,0.,0.));
#12015 = ORIENTED_EDGE('',*,*,#6904,.T.);
#12016 = ORIENTED_EDGE('',*,*,#2537,.F.);
#12017 = ORIENTED_EDGE('',*,*,#10846,.F.);
#12018 = ORIENTED_EDGE('',*,*,#12019,.F.);
#12019 = EDGE_CURVE('',#11966,#10839,#12020,.T.);
#12020 = CIRCLE('',#12021,2.10098297883);
#12021 = AXIS2_PLACEMENT_3D('',#12022,#12023,#12024);
#12022 = CARTESIAN_POINT('',(38.308252180995,11.17001,-10.57049148941));
#12023 = DIRECTION('',(0.,-1.,1.110223024625E-16));
#12024 = DIRECTION('',(1.,0.,0.));
#12025 = PLANE('',#12026);
#12026 = AXIS2_PLACEMENT_3D('',#12027,#12028,#12029);
#12027 = CARTESIAN_POINT('',(39.711250413647,11.17001,-9.015000000001));
#12028 = DIRECTION('',(0.,1.,-1.110223024625E-16));
#12029 = DIRECTION('',(-1.,0.,0.));
#12030 = ADVANCED_FACE('',(#12031),#12050,.F.);
#12031 = FACE_BOUND('',#12032,.F.);
#12032 = EDGE_LOOP('',(#12033,#12041,#12048,#12049));
#12033 = ORIENTED_EDGE('',*,*,#12034,.T.);
#12034 = EDGE_CURVE('',#11786,#12035,#12037,.T.);
#12035 = VERTEX_POINT('',#12036);
#12036 = CARTESIAN_POINT('',(42.264089665133,11.17001,-6.809997334229));
#12037 = LINE('',#12038,#12039);
#12038 = CARTESIAN_POINT('',(42.264089665133,11.17001,-6.809997334229));
#12039 = VECTOR('',#12040,1.);
#12040 = DIRECTION('',(0.,1.,-1.110223024625E-16));
#12041 = ORIENTED_EDGE('',*,*,#12042,.T.);
#12042 = EDGE_CURVE('',#12035,#1267,#12043,.T.);
#12043 = CIRCLE('',#12044,5.5E-02);
#12044 = AXIS2_PLACEMENT_3D('',#12045,#12046,#12047);
#12045 = CARTESIAN_POINT('',(42.245596028889,11.17001,-6.86179487682));
#12046 = DIRECTION('',(-7.814892604496E-16,-1.,5.622153373519E-16));
#12047 = DIRECTION('',(-0.5,-9.614813431899E-17,-0.866025403784));
#12048 = ORIENTED_EDGE('',*,*,#1274,.F.);
#12049 = ORIENTED_EDGE('',*,*,#11785,.T.);
#12050 = CYLINDRICAL_SURFACE('',#12051,5.5E-02);
#12051 = AXIS2_PLACEMENT_3D('',#12052,#12053,#12054);
#12052 = CARTESIAN_POINT('',(42.245596028889,11.17001,-6.86179487682));
#12053 = DIRECTION('',(0.,-1.,1.110223024625E-16));
#12054 = DIRECTION('',(1.,0.,0.));
#12055 = ADVANCED_FACE('',(#12056),#12072,.F.);
#12056 = FACE_BOUND('',#12057,.F.);
#12057 = EDGE_LOOP('',(#12058,#12064,#12065,#12071));
#12058 = ORIENTED_EDGE('',*,*,#12059,.T.);
#12059 = EDGE_CURVE('',#10584,#10010,#12060,.T.);
#12060 = LINE('',#12061,#12062);
#12061 = CARTESIAN_POINT('',(51.378764727116,11.17001,-23.16488014672));
#12062 = VECTOR('',#12063,1.);
#12063 = DIRECTION('',(0.,1.,-1.110223024625E-16));
#12064 = ORIENTED_EDGE('',*,*,#10018,.T.);
#12065 = ORIENTED_EDGE('',*,*,#12066,.F.);
#12066 = EDGE_CURVE('',#10575,#10019,#12067,.T.);
#12067 = LINE('',#12068,#12069);
#12068 = CARTESIAN_POINT('',(50.764089665133,11.17001,-22.80999733422));
#12069 = VECTOR('',#12070,1.);
#12070 = DIRECTION('',(0.,1.,-1.110223024625E-16));
#12071 = ORIENTED_EDGE('',*,*,#10583,.F.);
#12072 = CYLINDRICAL_SURFACE('',#12073,1.974999999996);
#12073 = AXIS2_PLACEMENT_3D('',#12074,#12075,#12076);
#12074 = CARTESIAN_POINT('',(50.100000000014,11.17001,-24.66999999999));
#12075 = DIRECTION('',(0.,-1.,1.110223024625E-16));
#12076 = DIRECTION('',(1.,0.,0.));
#12077 = ADVANCED_FACE('',(#12078),#12113,.T.);
#12078 = FACE_BOUND('',#12079,.T.);
#12079 = EDGE_LOOP('',(#12080,#12091,#12098,#12105,#12106));
#12080 = ORIENTED_EDGE('',*,*,#12081,.T.);
#12081 = EDGE_CURVE('',#12082,#12084,#12086,.T.);
#12082 = VERTEX_POINT('',#12083);
#12083 = CARTESIAN_POINT('',(38.702334494759,8.50001,21.643011696086));
#12084 = VERTEX_POINT('',#12085);
#12085 = CARTESIAN_POINT('',(38.98463781478,4.81026276458,
    20.041990009631));
#12086 = CIRCLE('',#12087,5.);
#12087 = AXIS2_PLACEMENT_3D('',#12088,#12089,#12090);
#12088 = CARTESIAN_POINT('',(39.570575383094,8.50001,16.718972931025));
#12089 = DIRECTION('',(-0.984807753012,6.398790634407E-17,
    -0.173648177667));
#12090 = DIRECTION('',(-0.173648177667,1.093356242223E-16,0.984807753012
    ));
#12091 = ORIENTED_EDGE('',*,*,#12092,.T.);
#12092 = EDGE_CURVE('',#12084,#12093,#12095,.T.);
#12093 = VERTEX_POINT('',#12094);
#12094 = CARTESIAN_POINT('',(38.490023666626,4.81026276458,
    19.954776190272));
#12095 = B_SPLINE_CURVE_WITH_KNOTS('',1,(#12096,#12097),.UNSPECIFIED.,
  .F.,.F.,(2,2),(10.997755631349,11.5),.PIECEWISE_BEZIER_KNOTS.);
#12096 = CARTESIAN_POINT('',(38.98463781478,4.81026276458,
    20.041990009631));
#12097 = CARTESIAN_POINT('',(38.490023666626,4.81026276458,
    19.954776190272));
#12098 = ORIENTED_EDGE('',*,*,#12099,.F.);
#12099 = EDGE_CURVE('',#12093,#12093,#12100,.T.);
#12100 = CIRCLE('',#12101,5.);
#12101 = AXIS2_PLACEMENT_3D('',#12102,#12103,#12104);
#12102 = CARTESIAN_POINT('',(39.075961234939,8.50001,16.631759111665));
#12103 = DIRECTION('',(-0.984807753012,1.804112415016E-16,
    -0.173648177667));
#12104 = DIRECTION('',(-0.117187513663,-0.737949447085,0.664603415721));
#12105 = ORIENTED_EDGE('',*,*,#12092,.F.);
#12106 = ORIENTED_EDGE('',*,*,#12107,.T.);
#12107 = EDGE_CURVE('',#12084,#12082,#12108,.T.);
#12108 = CIRCLE('',#12109,5.);
#12109 = AXIS2_PLACEMENT_3D('',#12110,#12111,#12112);
#12110 = CARTESIAN_POINT('',(39.570575383094,8.50001,16.718972931025));
#12111 = DIRECTION('',(-0.984807753012,6.398790634407E-17,
    -0.173648177667));
#12112 = DIRECTION('',(-0.173648177667,1.093356242223E-16,0.984807753012
    ));
#12113 = CYLINDRICAL_SURFACE('',#12114,5.);
#12114 = AXIS2_PLACEMENT_3D('',#12115,#12116,#12117);
#12115 = CARTESIAN_POINT('',(50.401250394579,8.50001,18.628713154835));
#12116 = DIRECTION('',(-0.984807753012,2.348310636733E-16,
    -0.173648177667));
#12117 = DIRECTION('',(-0.117187513663,-0.737949447085,0.664603415721));
#12118 = ADVANCED_FACE('',(#12119),#12131,.F.);
#12119 = FACE_BOUND('',#12120,.F.);
#12120 = EDGE_LOOP('',(#12121,#12122,#12129,#12130));
#12121 = ORIENTED_EDGE('',*,*,#8785,.T.);
#12122 = ORIENTED_EDGE('',*,*,#12123,.T.);
#12123 = EDGE_CURVE('',#8777,#4908,#12124,.T.);
#12124 = CIRCLE('',#12125,5.5E-02);
#12125 = AXIS2_PLACEMENT_3D('',#12126,#12127,#12128);
#12126 = CARTESIAN_POINT('',(31.74559602889,11.17001,-22.86179487682));
#12127 = DIRECTION('',(-7.814892604496E-16,-1.,5.622153373519E-16));
#12128 = DIRECTION('',(-0.5,-9.614813431899E-17,-0.866025403784));
#12129 = ORIENTED_EDGE('',*,*,#4915,.F.);
#12130 = ORIENTED_EDGE('',*,*,#11499,.T.);
#12131 = CYLINDRICAL_SURFACE('',#12132,5.5E-02);
#12132 = AXIS2_PLACEMENT_3D('',#12133,#12134,#12135);
#12133 = CARTESIAN_POINT('',(31.74559602889,11.17001,-22.86179487682));
#12134 = DIRECTION('',(0.,-1.,1.110223024625E-16));
#12135 = DIRECTION('',(1.,0.,0.));
#12136 = ADVANCED_FACE('',(#12137),#12148,.F.);
#12137 = FACE_BOUND('',#12138,.F.);
#12138 = EDGE_LOOP('',(#12139,#12140,#12141,#12147));
#12139 = ORIENTED_EDGE('',*,*,#7118,.T.);
#12140 = ORIENTED_EDGE('',*,*,#2073,.F.);
#12141 = ORIENTED_EDGE('',*,*,#12142,.F.);
#12142 = EDGE_CURVE('',#11514,#2074,#12143,.T.);
#12143 = LINE('',#12144,#12145);
#12144 = CARTESIAN_POINT('',(33.04285439224,11.17001,-24.3151171875));
#12145 = VECTOR('',#12146,1.);
#12146 = DIRECTION('',(0.,1.,-1.110223024625E-16));
#12147 = ORIENTED_EDGE('',*,*,#11522,.T.);
#12148 = CYLINDRICAL_SURFACE('',#12149,1.974999999996);
#12149 = AXIS2_PLACEMENT_3D('',#12150,#12151,#12152);
#12150 = CARTESIAN_POINT('',(31.10000000002,11.17001,-24.66999999999));
#12151 = DIRECTION('',(0.,-1.,1.110223024625E-16));
#12152 = DIRECTION('',(1.,0.,0.));
#12153 = ADVANCED_FACE('',(#12154,#12157),#12160,.T.);
#12154 = FACE_BOUND('',#12155,.T.);
#12155 = EDGE_LOOP('',(#12156));
#12156 = ORIENTED_EDGE('',*,*,#4040,.T.);
#12157 = FACE_BOUND('',#12158,.T.);
#12158 = EDGE_LOOP('',(#12159));
#12159 = ORIENTED_EDGE('',*,*,#3257,.T.);
#12160 = PLANE('',#12161);
#12161 = AXIS2_PLACEMENT_3D('',#12162,#12163,#12164);
#12162 = CARTESIAN_POINT('',(37.106345728915,8.50001,16.284462756332));
#12163 = DIRECTION('',(-0.984807753012,6.398790634407E-17,
    -0.173648177667));
#12164 = DIRECTION('',(-1.576858993827E-28,-1.,-3.684916663313E-16));
#12165 = ADVANCED_FACE('',(#12166),#12197,.T.);
#12166 = FACE_BOUND('',#12167,.T.);
#12167 = EDGE_LOOP('',(#12168,#12169,#12180,#12189,#12196));
#12168 = ORIENTED_EDGE('',*,*,#3273,.F.);
#12169 = ORIENTED_EDGE('',*,*,#12170,.T.);
#12170 = EDGE_CURVE('',#3267,#12171,#12173,.T.);
#12171 = VERTEX_POINT('',#12172);
#12172 = CARTESIAN_POINT('',(37.25710386674,5.94609621882,
    18.682633629953));
#12173 = B_SPLINE_CURVE_WITH_KNOTS('',5,(#12174,#12175,#12176,#12177,
    #12178,#12179),.UNSPECIFIED.,.F.,.F.,(6,6),(2.094395102393,
    3.472106308049),.PIECEWISE_BEZIER_KNOTS.);
#12174 = CARTESIAN_POINT('',(37.012160225528,5.88028946285,
    18.700552224339));
#12175 = CARTESIAN_POINT('',(37.044888650198,5.9155083335,
    18.673618557029));
#12176 = CARTESIAN_POINT('',(37.092679808848,5.94375189257,
    18.655818195486));
#12177 = CARTESIAN_POINT('',(37.150451102934,5.95927277497,
    18.651591997244));
#12178 = CARTESIAN_POINT('',(37.20786584285,5.95929391737,
    18.661696131957));
#12179 = CARTESIAN_POINT('',(37.25710386674,5.94609621882,
    18.682633629953));
#12180 = ORIENTED_EDGE('',*,*,#12181,.F.);
#12181 = EDGE_CURVE('',#12182,#12171,#12184,.T.);
#12182 = VERTEX_POINT('',#12183);
#12183 = CARTESIAN_POINT('',(37.061703397962,8.50001,19.790804756081));
#12184 = CIRCLE('',#12185,3.460824845483);
#12185 = AXIS2_PLACEMENT_3D('',#12186,#12187,#12188);
#12186 = CARTESIAN_POINT('',(37.662669325604,8.50001,16.382557616433));
#12187 = DIRECTION('',(-0.984807753012,-1.927882050301E-17,
    -0.173648177667));
#12188 = DIRECTION('',(-0.173648177667,1.093356242223E-16,0.984807753012
    ));
#12189 = ORIENTED_EDGE('',*,*,#12190,.F.);
#12190 = EDGE_CURVE('',#12171,#12182,#12191,.T.);
#12191 = CIRCLE('',#12192,3.460824845483);
#12192 = AXIS2_PLACEMENT_3D('',#12193,#12194,#12195);
#12193 = CARTESIAN_POINT('',(37.662669325604,8.50001,16.382557616433));
#12194 = DIRECTION('',(-0.984807753012,-1.927882050301E-17,
    -0.173648177667));
#12195 = DIRECTION('',(-0.173648177667,1.093356242223E-16,0.984807753012
    ));
#12196 = ORIENTED_EDGE('',*,*,#12170,.F.);
#12197 = TOROIDAL_SURFACE('',#12198,3.65,0.2);
#12198 = AXIS2_PLACEMENT_3D('',#12199,#12200,#12201);
#12199 = CARTESIAN_POINT('',(37.598749605421,8.50001,16.371286845165));
#12200 = DIRECTION('',(-0.984807753012,2.827220426586E-16,
    -0.173648177667));
#12201 = DIRECTION('',(-0.117187513663,-0.737949447085,0.664603415721));
#12202 = ADVANCED_FACE('',(#12203),#12218,.T.);
#12203 = FACE_BOUND('',#12204,.T.);
#12204 = EDGE_LOOP('',(#12205,#12206,#12214,#12215,#12216,#12217));
#12205 = ORIENTED_EDGE('',*,*,#2717,.F.);
#12206 = ORIENTED_EDGE('',*,*,#12207,.F.);
#12207 = EDGE_CURVE('',#12182,#2709,#12208,.T.);
#12208 = B_SPLINE_CURVE_WITH_KNOTS('',4,(#12209,#12210,#12211,#12212,
    #12213),.UNSPECIFIED.,.F.,.F.,(5,5),(0.525234843052,0.867168424054),
  .PIECEWISE_BEZIER_KNOTS.);
#12209 = CARTESIAN_POINT('',(37.061703397962,8.50001,19.790804756081));
#12210 = CARTESIAN_POINT('',(36.800127021084,8.50001,19.57058583574));
#12211 = CARTESIAN_POINT('',(36.563642121091,8.50001,19.320543306562));
#12212 = CARTESIAN_POINT('',(36.357398403089,8.50001,19.04502578787));
#12213 = CARTESIAN_POINT('',(36.184806650349,8.50001,18.749846756258));
#12214 = ORIENTED_EDGE('',*,*,#12181,.T.);
#12215 = ORIENTED_EDGE('',*,*,#12190,.T.);
#12216 = ORIENTED_EDGE('',*,*,#12207,.T.);
#12217 = ORIENTED_EDGE('',*,*,#2706,.F.);
#12218 = SPHERICAL_SURFACE('',#12219,4.);
#12219 = AXIS2_PLACEMENT_3D('',#12220,#12221,#12222);
#12220 = CARTESIAN_POINT('',(39.637863594876,8.50001,16.730837658246));
#12221 = DIRECTION('',(-0.984807753012,-1.927882050301E-17,
    -0.173648177667));
#12222 = DIRECTION('',(-0.16802180401,-0.252491910037,0.952899002383));
#12223 = ADVANCED_FACE('',(#12224),#12250,.F.);
#12224 = FACE_BOUND('',#12225,.F.);
#12225 = EDGE_LOOP('',(#12226,#12235,#12242,#12249));
#12226 = ORIENTED_EDGE('',*,*,#12227,.T.);
#12227 = EDGE_CURVE('',#12228,#12228,#12230,.T.);
#12228 = VERTEX_POINT('',#12229);
#12229 = CARTESIAN_POINT('',(37.890349951294,4.75491655605,
    19.900432539851));
#12230 = CIRCLE('',#12231,5.075);
#12231 = AXIS2_PLACEMENT_3D('',#12232,#12233,#12234);
#12232 = CARTESIAN_POINT('',(38.485076583132,8.50001,16.527570205065));
#12233 = DIRECTION('',(0.984807753012,-2.498001805407E-16,0.173648177667
    ));
#12234 = DIRECTION('',(-0.117187513663,-0.737949447085,0.664603415721));
#12235 = ORIENTED_EDGE('',*,*,#12236,.F.);
#12236 = EDGE_CURVE('',#12237,#12228,#12239,.T.);
#12237 = VERTEX_POINT('',#12238);
#12238 = CARTESIAN_POINT('',(38.746206871086,4.75491655605,
    20.051343206436));
#12239 = B_SPLINE_CURVE_WITH_KNOTS('',1,(#12240,#12241),.UNSPECIFIED.,
  .F.,.F.,(2,2),(5.730940107676,6.6),.PIECEWISE_BEZIER_KNOTS.);
#12240 = CARTESIAN_POINT('',(38.746206871086,4.75491655605,
    20.051343206436));
#12241 = CARTESIAN_POINT('',(37.890349951294,4.75491655605,
    19.900432539851));
#12242 = ORIENTED_EDGE('',*,*,#12243,.F.);
#12243 = EDGE_CURVE('',#12237,#12237,#12244,.T.);
#12244 = CIRCLE('',#12245,5.075);
#12245 = AXIS2_PLACEMENT_3D('',#12246,#12247,#12248);
#12246 = CARTESIAN_POINT('',(39.340933502924,8.50001,16.678480871651));
#12247 = DIRECTION('',(0.984807753012,-2.498001805407E-16,0.173648177667
    ));
#12248 = DIRECTION('',(-0.117187513663,-0.737949447085,0.664603415721));
#12249 = ORIENTED_EDGE('',*,*,#12236,.T.);
#12250 = CYLINDRICAL_SURFACE('',#12251,5.075);
#12251 = AXIS2_PLACEMENT_3D('',#12252,#12253,#12254);
#12252 = CARTESIAN_POINT('',(44.984807753012,8.50001,17.673648177667));
#12253 = DIRECTION('',(-0.984807753012,2.602632232907E-16,
    -0.173648177667));
#12254 = DIRECTION('',(-0.117187513663,-0.737949447085,0.664603415721));
#12255 = ADVANCED_FACE('',(#12256),#12274,.T.);
#12256 = FACE_BOUND('',#12257,.T.);
#12257 = EDGE_LOOP('',(#12258,#12259,#12266,#12273));
#12258 = ORIENTED_EDGE('',*,*,#1288,.F.);
#12259 = ORIENTED_EDGE('',*,*,#12260,.F.);
#12260 = EDGE_CURVE('',#12261,#1289,#12263,.T.);
#12261 = VERTEX_POINT('',#12262);
#12262 = CARTESIAN_POINT('',(50.1,12.3922912824,-26.9632539401));
#12263 = B_SPLINE_CURVE_WITH_KNOTS('',1,(#12264,#12265),.UNSPECIFIED.,
  .F.,.F.,(2,2),(-6.661338140848E-16,1.376727838678),
  .PIECEWISE_BEZIER_KNOTS.);
#12264 = CARTESIAN_POINT('',(50.1,12.3922912824,-26.9632539401));
#12265 = CARTESIAN_POINT('',(50.1,11.20000999959,-27.65161785872));
#12266 = ORIENTED_EDGE('',*,*,#12267,.T.);
#12267 = EDGE_CURVE('',#12261,#12261,#12268,.T.);
#12268 = CIRCLE('',#12269,2.293253940101);
#12269 = AXIS2_PLACEMENT_3D('',#12270,#12271,#12272);
#12270 = CARTESIAN_POINT('',(50.1,12.3922912824,-24.67));
#12271 = DIRECTION('',(0.,-1.,1.110223024625E-16));
#12272 = DIRECTION('',(0.,-1.110223024625E-16,-1.));
#12273 = ORIENTED_EDGE('',*,*,#12260,.T.);
#12274 = CONICAL_SURFACE('',#12275,2.293253940101,0.523598775);
#12275 = AXIS2_PLACEMENT_3D('',#12276,#12277,#12278);
#12276 = CARTESIAN_POINT('',(50.1,12.3922912824,-24.67));
#12277 = DIRECTION('',(0.,-1.,2.067900442144E-16));
#12278 = DIRECTION('',(0.,-2.067900442144E-16,-1.));
#12279 = ADVANCED_FACE('',(#12280),#12299,.T.);
#12280 = FACE_BOUND('',#12281,.T.);
#12281 = EDGE_LOOP('',(#12282,#12283,#12291,#12298));
#12282 = ORIENTED_EDGE('',*,*,#7573,.T.);
#12283 = ORIENTED_EDGE('',*,*,#12284,.T.);
#12284 = EDGE_CURVE('',#7562,#12285,#12287,.T.);
#12285 = VERTEX_POINT('',#12286);
#12286 = CARTESIAN_POINT('',(13.81308230376,149.10001,9.));
#12287 = LINE('',#12288,#12289);
#12288 = CARTESIAN_POINT('',(13.81308230376,212.10001,9.));
#12289 = VECTOR('',#12290,1.);
#12290 = DIRECTION('',(0.,-1.,1.110223024625E-16));
#12291 = ORIENTED_EDGE('',*,*,#12292,.F.);
#12292 = EDGE_CURVE('',#7394,#12285,#12293,.T.);
#12293 = CIRCLE('',#12294,31.5);
#12294 = AXIS2_PLACEMENT_3D('',#12295,#12296,#12297);
#12295 = CARTESIAN_POINT('',(44.,149.10001,-1.494360302168E-14));
#12296 = DIRECTION('',(0.,-1.,1.110223024625E-16));
#12297 = DIRECTION('',(1.,-6.798155367235E-33,-6.123233995737E-17));
#12298 = ORIENTED_EDGE('',*,*,#7393,.F.);
#12299 = CYLINDRICAL_SURFACE('',#12300,31.5);
#12300 = AXIS2_PLACEMENT_3D('',#12301,#12302,#12303);
#12301 = CARTESIAN_POINT('',(44.,212.10001,-2.193800807682E-14));
#12302 = DIRECTION('',(0.,-1.,1.110223024625E-16));
#12303 = DIRECTION('',(0.,-1.110223024625E-16,-1.));
#12304 = ADVANCED_FACE('',(#12305,#12316),#12349,.T.);
#12305 = FACE_BOUND('',#12306,.T.);
#12306 = EDGE_LOOP('',(#12307));
#12307 = ORIENTED_EDGE('',*,*,#12308,.F.);
#12308 = EDGE_CURVE('',#12309,#12309,#12311,.T.);
#12309 = VERTEX_POINT('',#12310);
#12310 = CARTESIAN_POINT('',(43.472656188518,5.17923748812,
    20.490715370746));
#12311 = CIRCLE('',#12312,4.5);
#12312 = AXIS2_PLACEMENT_3D('',#12313,#12314,#12315);
#12313 = CARTESIAN_POINT('',(44.,8.50001,17.5));
#12314 = DIRECTION('',(-0.984807753012,2.498001805407E-16,
    -0.173648177667));
#12315 = DIRECTION('',(-0.117187513663,-0.737949447085,0.664603415721));
#12316 = FACE_BOUND('',#12317,.T.);
#12317 = EDGE_LOOP('',(#12318,#12328,#12334,#12335,#12336,#12342,#12343)
  );
#12318 = ORIENTED_EDGE('',*,*,#12319,.T.);
#12319 = EDGE_CURVE('',#12320,#12322,#12324,.T.);
#12320 = VERTEX_POINT('',#12321);
#12321 = CARTESIAN_POINT('',(45.278370610136,16.50001,10.25));
#12322 = VERTEX_POINT('',#12323);
#12323 = CARTESIAN_POINT('',(45.278370610136,11.50001,10.25));
#12324 = LINE('',#12325,#12326);
#12325 = CARTESIAN_POINT('',(45.278370610136,16.50001,10.25));
#12326 = VECTOR('',#12327,1.);
#12327 = DIRECTION('',(0.,-1.,1.110223024625E-16));
#12328 = ORIENTED_EDGE('',*,*,#12329,.F.);
#12329 = EDGE_CURVE('',#11069,#12322,#12330,.T.);
#12330 = LINE('',#12331,#12332);
#12331 = CARTESIAN_POINT('',(45.09042152062,11.50001,11.315912254387));
#12332 = VECTOR('',#12333,1.);
#12333 = DIRECTION('',(0.173648177667,-1.093356242223E-16,
    -0.984807753012));
#12334 = ORIENTED_EDGE('',*,*,#11068,.T.);
#12335 = ORIENTED_EDGE('',*,*,#1096,.F.);
#12336 = ORIENTED_EDGE('',*,*,#12337,.F.);
#12337 = EDGE_CURVE('',#8032,#1089,#12338,.T.);
#12338 = LINE('',#12339,#12340);
#12339 = CARTESIAN_POINT('',(43.131759111665,-8.49999,22.424038765061));
#12340 = VECTOR('',#12341,1.);
#12341 = DIRECTION('',(0.,-1.,1.110223024625E-16));
#12342 = ORIENTED_EDGE('',*,*,#8029,.F.);
#12343 = ORIENTED_EDGE('',*,*,#12344,.F.);
#12344 = EDGE_CURVE('',#12320,#8030,#12345,.T.);
#12345 = LINE('',#12346,#12347);
#12346 = CARTESIAN_POINT('',(46.604722665004,16.50001,2.727883704817));
#12347 = VECTOR('',#12348,1.);
#12348 = DIRECTION('',(-0.173648177667,1.093356242223E-16,0.984807753012
    ));
#12349 = PLANE('',#12350);
#12350 = AXIS2_PLACEMENT_3D('',#12351,#12352,#12353);
#12351 = CARTESIAN_POINT('',(46.604722665004,-8.49999,2.727883704817));
#12352 = DIRECTION('',(-0.984807753012,-1.927882050301E-17,
    -0.173648177667));
#12353 = DIRECTION('',(0.,-1.,1.110223024625E-16));
#12354 = ADVANCED_FACE('',(#12355),#12366,.F.);
#12355 = FACE_BOUND('',#12356,.F.);
#12356 = EDGE_LOOP('',(#12357,#12363,#12364,#12365));
#12357 = ORIENTED_EDGE('',*,*,#12358,.T.);
#12358 = EDGE_CURVE('',#11689,#12001,#12359,.T.);
#12359 = LINE('',#12360,#12361);
#12360 = CARTESIAN_POINT('',(39.657145607788,11.17001,-8.315117187501));
#12361 = VECTOR('',#12362,1.);
#12362 = DIRECTION('',(0.,1.,-1.110223024625E-16));
#12363 = ORIENTED_EDGE('',*,*,#12009,.T.);
#12364 = ORIENTED_EDGE('',*,*,#6894,.F.);
#12365 = ORIENTED_EDGE('',*,*,#11688,.F.);
#12366 = CYLINDRICAL_SURFACE('',#12367,1.974999999999);
#12367 = AXIS2_PLACEMENT_3D('',#12368,#12369,#12370);
#12368 = CARTESIAN_POINT('',(41.600000000014,11.17001,-8.669999999999));
#12369 = DIRECTION('',(0.,-1.,1.110223024625E-16));
#12370 = DIRECTION('',(1.,0.,0.));
#12371 = ADVANCED_FACE('',(#12372),#12408,.F.);
#12372 = FACE_BOUND('',#12373,.F.);
#12373 = EDGE_LOOP('',(#12374,#12384,#12393,#12401));
#12374 = ORIENTED_EDGE('',*,*,#12375,.T.);
#12375 = EDGE_CURVE('',#12376,#12378,#12380,.T.);
#12376 = VERTEX_POINT('',#12377);
#12377 = CARTESIAN_POINT('',(48.157145607788,9.50001,-8.315117187501));
#12378 = VERTEX_POINT('',#12379);
#12379 = CARTESIAN_POINT('',(48.157145607788,11.17001,-8.315117187501));
#12380 = LINE('',#12381,#12382);
#12381 = CARTESIAN_POINT('',(48.157145607788,11.17001,-8.315117187501));
#12382 = VECTOR('',#12383,1.);
#12383 = DIRECTION('',(0.,1.,-1.110223024625E-16));
#12384 = ORIENTED_EDGE('',*,*,#12385,.T.);
#12385 = EDGE_CURVE('',#12378,#12386,#12388,.T.);
#12386 = VERTEX_POINT('',#12387);
#12387 = CARTESIAN_POINT('',(48.157145607788,11.17001,-9.024882812501));
#12388 = CIRCLE('',#12389,1.975);
#12389 = AXIS2_PLACEMENT_3D('',#12390,#12391,#12392);
#12390 = CARTESIAN_POINT('',(50.100000000014,11.17001,-8.669999999999));
#12391 = DIRECTION('',(0.,-1.,1.110223024625E-16));
#12392 = DIRECTION('',(1.,0.,0.));
#12393 = ORIENTED_EDGE('',*,*,#12394,.F.);
#12394 = EDGE_CURVE('',#12395,#12386,#12397,.T.);
#12395 = VERTEX_POINT('',#12396);
#12396 = CARTESIAN_POINT('',(48.157145607788,9.50001,-9.024882812501));
#12397 = LINE('',#12398,#12399);
#12398 = CARTESIAN_POINT('',(48.157145607788,11.17001,-9.024882812501));
#12399 = VECTOR('',#12400,1.);
#12400 = DIRECTION('',(0.,1.,-1.110223024625E-16));
#12401 = ORIENTED_EDGE('',*,*,#12402,.F.);
#12402 = EDGE_CURVE('',#12376,#12395,#12403,.T.);
#12403 = CIRCLE('',#12404,1.974999999999);
#12404 = AXIS2_PLACEMENT_3D('',#12405,#12406,#12407);
#12405 = CARTESIAN_POINT('',(50.100000000014,9.50001,-8.669999999999));
#12406 = DIRECTION('',(0.,-1.,1.110223024625E-16));
#12407 = DIRECTION('',(1.,0.,0.));
#12408 = CYLINDRICAL_SURFACE('',#12409,1.974999999999);
#12409 = AXIS2_PLACEMENT_3D('',#12410,#12411,#12412);
#12410 = CARTESIAN_POINT('',(50.100000000014,11.17001,-8.669999999999));
#12411 = DIRECTION('',(0.,-1.,1.110223024625E-16));
#12412 = DIRECTION('',(1.,0.,0.));
#12413 = ADVANCED_FACE('',(#12414),#12441,.F.);
#12414 = FACE_BOUND('',#12415,.F.);
#12415 = EDGE_LOOP('',(#12416,#12426,#12433,#12434));
#12416 = ORIENTED_EDGE('',*,*,#12417,.T.);
#12417 = EDGE_CURVE('',#12418,#12420,#12422,.T.);
#12418 = VERTEX_POINT('',#12419);
#12419 = CARTESIAN_POINT('',(48.211250413647,9.50001,-8.270000000001));
#12420 = VERTEX_POINT('',#12421);
#12421 = CARTESIAN_POINT('',(48.211250413647,11.17001,-8.270000000001));
#12422 = LINE('',#12423,#12424);
#12423 = CARTESIAN_POINT('',(48.211250413647,11.17001,-8.270000000001));
#12424 = VECTOR('',#12425,1.);
#12425 = DIRECTION('',(0.,1.,-1.110223024625E-16));
#12426 = ORIENTED_EDGE('',*,*,#12427,.F.);
#12427 = EDGE_CURVE('',#12378,#12420,#12428,.T.);
#12428 = CIRCLE('',#12429,5.5E-02);
#12429 = AXIS2_PLACEMENT_3D('',#12430,#12431,#12432);
#12430 = CARTESIAN_POINT('',(48.211250413647,11.17001,-8.325000000001));
#12431 = DIRECTION('',(0.,1.,-1.110223024625E-16));
#12432 = DIRECTION('',(1.,0.,0.));
#12433 = ORIENTED_EDGE('',*,*,#12375,.F.);
#12434 = ORIENTED_EDGE('',*,*,#12435,.F.);
#12435 = EDGE_CURVE('',#12418,#12376,#12436,.T.);
#12436 = CIRCLE('',#12437,5.5E-02);
#12437 = AXIS2_PLACEMENT_3D('',#12438,#12439,#12440);
#12438 = CARTESIAN_POINT('',(48.211250413647,9.50001,-8.325000000001));
#12439 = DIRECTION('',(0.,-1.,1.110223024625E-16));
#12440 = DIRECTION('',(1.,0.,0.));
#12441 = CYLINDRICAL_SURFACE('',#12442,5.5E-02);
#12442 = AXIS2_PLACEMENT_3D('',#12443,#12444,#12445);
#12443 = CARTESIAN_POINT('',(48.211250413647,11.17001,-8.325000000001));
#12444 = DIRECTION('',(0.,-1.,1.110223024625E-16));
#12445 = DIRECTION('',(1.,0.,0.));
#12446 = ADVANCED_FACE('',(#12447),#12474,.F.);
#12447 = FACE_BOUND('',#12448,.F.);
#12448 = EDGE_LOOP('',(#12449,#12450,#12459,#12467));
#12449 = ORIENTED_EDGE('',*,*,#12394,.T.);
#12450 = ORIENTED_EDGE('',*,*,#12451,.T.);
#12451 = EDGE_CURVE('',#12386,#12452,#12454,.T.);
#12452 = VERTEX_POINT('',#12453);
#12453 = CARTESIAN_POINT('',(48.211250413647,11.17001,-9.070000000001));
#12454 = CIRCLE('',#12455,5.5E-02);
#12455 = AXIS2_PLACEMENT_3D('',#12456,#12457,#12458);
#12456 = CARTESIAN_POINT('',(48.211250413647,11.17001,-9.015000000001));
#12457 = DIRECTION('',(0.,-1.,1.110223024625E-16));
#12458 = DIRECTION('',(1.,0.,0.));
#12459 = ORIENTED_EDGE('',*,*,#12460,.F.);
#12460 = EDGE_CURVE('',#12461,#12452,#12463,.T.);
#12461 = VERTEX_POINT('',#12462);
#12462 = CARTESIAN_POINT('',(48.211250413647,9.50001,-9.070000000001));
#12463 = LINE('',#12464,#12465);
#12464 = CARTESIAN_POINT('',(48.211250413647,11.17001,-9.070000000001));
#12465 = VECTOR('',#12466,1.);
#12466 = DIRECTION('',(0.,1.,-1.110223024625E-16));
#12467 = ORIENTED_EDGE('',*,*,#12468,.T.);
#12468 = EDGE_CURVE('',#12461,#12395,#12469,.T.);
#12469 = CIRCLE('',#12470,5.5E-02);
#12470 = AXIS2_PLACEMENT_3D('',#12471,#12472,#12473);
#12471 = CARTESIAN_POINT('',(48.211250413647,9.50001,-9.015000000001));
#12472 = DIRECTION('',(0.,1.,-1.110223024625E-16));
#12473 = DIRECTION('',(1.,0.,0.));
#12474 = CYLINDRICAL_SURFACE('',#12475,5.5E-02);
#12475 = AXIS2_PLACEMENT_3D('',#12476,#12477,#12478);
#12476 = CARTESIAN_POINT('',(48.211250413647,11.17001,-9.015000000001));
#12477 = DIRECTION('',(0.,-1.,1.110223024625E-16));
#12478 = DIRECTION('',(1.,0.,0.));
#12479 = ADVANCED_FACE('',(#12480),#12510,.F.);
#12480 = FACE_BOUND('',#12481,.T.);
#12481 = EDGE_LOOP('',(#12482,#12489,#12496,#12497,#12498,#12505,#12506,
    #12507,#12508,#12509));
#12482 = ORIENTED_EDGE('',*,*,#12483,.F.);
#12483 = EDGE_CURVE('',#8570,#4989,#12484,.T.);
#12484 = CIRCLE('',#12485,1.7);
#12485 = AXIS2_PLACEMENT_3D('',#12486,#12487,#12488);
#12486 = CARTESIAN_POINT('',(50.1,11.17001,-8.670000000001));
#12487 = DIRECTION('',(6.123031769112E-17,-1.,1.110223024625E-16));
#12488 = DIRECTION('',(0.,-1.110223024625E-16,-1.));
#12489 = ORIENTED_EDGE('',*,*,#12490,.T.);
#12490 = EDGE_CURVE('',#8570,#9380,#12491,.T.);
#12491 = CIRCLE('',#12492,2.10098297883);
#12492 = AXIS2_PLACEMENT_3D('',#12493,#12494,#12495);
#12493 = CARTESIAN_POINT('',(50.100000000008,11.17001,-12.47098297883));
#12494 = DIRECTION('',(8.326672684682E-16,1.,3.697183691345E-16));
#12495 = DIRECTION('',(-0.500000000001,9.614813431887E-17,0.866025403784
    ));
#12496 = ORIENTED_EDGE('',*,*,#9379,.T.);
#12497 = ORIENTED_EDGE('',*,*,#6328,.T.);
#12498 = ORIENTED_EDGE('',*,*,#12499,.F.);
#12499 = EDGE_CURVE('',#10247,#6321,#12500,.T.);
#12500 = CIRCLE('',#12501,5.5E-02);
#12501 = AXIS2_PLACEMENT_3D('',#12502,#12503,#12504);
#12502 = CARTESIAN_POINT('',(50.745596028889,11.17001,-10.47820512318));
#12503 = DIRECTION('',(8.326672684682E-16,1.,3.697183691345E-16));
#12504 = DIRECTION('',(-0.500000000001,9.614813431887E-17,0.866025403784
    ));
#12505 = ORIENTED_EDGE('',*,*,#10254,.T.);
#12506 = ORIENTED_EDGE('',*,*,#10221,.T.);
#12507 = ORIENTED_EDGE('',*,*,#5465,.F.);
#12508 = ORIENTED_EDGE('',*,*,#10985,.F.);
#12509 = ORIENTED_EDGE('',*,*,#4997,.F.);
#12510 = PLANE('',#12511);
#12511 = AXIS2_PLACEMENT_3D('',#12512,#12513,#12514);
#12512 = CARTESIAN_POINT('',(48.211250413647,11.17001,-9.015000000001));
#12513 = DIRECTION('',(0.,1.,-1.110223024625E-16));
#12514 = DIRECTION('',(-1.,0.,0.));
#12515 = ADVANCED_FACE('',(#12516),#12569,.F.);
#12516 = FACE_BOUND('',#12517,.T.);
#12517 = EDGE_LOOP('',(#12518,#12525,#12534,#12543,#12551,#12558,#12559,
    #12560,#12561,#12568));
#12518 = ORIENTED_EDGE('',*,*,#12519,.F.);
#12519 = EDGE_CURVE('',#5395,#6947,#12520,.T.);
#12520 = CIRCLE('',#12521,1.7);
#12521 = AXIS2_PLACEMENT_3D('',#12522,#12523,#12524);
#12522 = CARTESIAN_POINT('',(50.1,11.17001,-8.670000000001));
#12523 = DIRECTION('',(0.,-1.,1.110223024625E-16));
#12524 = DIRECTION('',(-1.,0.,0.));
#12525 = ORIENTED_EDGE('',*,*,#12526,.F.);
#12526 = EDGE_CURVE('',#12527,#5395,#12529,.T.);
#12527 = VERTEX_POINT('',#12528);
#12528 = CARTESIAN_POINT('',(49.58544607509,11.17001,-6.906015728997));
#12529 = CIRCLE('',#12530,2.10098297883);
#12530 = AXIS2_PLACEMENT_3D('',#12531,#12532,#12533);
#12531 = CARTESIAN_POINT('',(50.100000000008,11.17001,-4.869017021171));
#12532 = DIRECTION('',(-7.814892604496E-16,-1.,5.622153373519E-16));
#12533 = DIRECTION('',(-0.5,-9.614813431899E-17,-0.866025403784));
#12534 = ORIENTED_EDGE('',*,*,#12535,.F.);
#12535 = EDGE_CURVE('',#12536,#12527,#12538,.T.);
#12536 = VERTEX_POINT('',#12537);
#12537 = CARTESIAN_POINT('',(49.510912351353,11.17001,-6.849670262422));
#12538 = CIRCLE('',#12539,0.12);
#12539 = AXIS2_PLACEMENT_3D('',#12540,#12541,#12542);
#12540 = CARTESIAN_POINT('',(49.614835399807,11.17001,-6.789670262422));
#12541 = DIRECTION('',(-7.814892604496E-16,-1.,5.622153373519E-16));
#12542 = DIRECTION('',(-0.5,-9.614813431899E-17,-0.866025403784));
#12543 = ORIENTED_EDGE('',*,*,#12544,.T.);
#12544 = EDGE_CURVE('',#12536,#12545,#12547,.T.);
#12545 = VERTEX_POINT('',#12546);
#12546 = CARTESIAN_POINT('',(49.502035368336,11.17001,-6.834294876823));
#12547 = LINE('',#12548,#12549);
#12548 = CARTESIAN_POINT('',(49.502035368338,11.17001,-6.834294876821));
#12549 = VECTOR('',#12550,1.);
#12550 = DIRECTION('',(-0.5,-1.118431410553E-16,0.866025403784));
#12551 = ORIENTED_EDGE('',*,*,#12552,.T.);
#12552 = EDGE_CURVE('',#12545,#6215,#12553,.T.);
#12553 = CIRCLE('',#12554,5.499999999707E-02);
#12554 = AXIS2_PLACEMENT_3D('',#12555,#12556,#12557);
#12555 = CARTESIAN_POINT('',(49.45440397113,11.17001,-6.861794876821));
#12556 = DIRECTION('',(-7.814892604496E-16,-1.,5.622153373519E-16));
#12557 = DIRECTION('',(-0.5,-9.614813431899E-17,-0.866025403784));
#12558 = ORIENTED_EDGE('',*,*,#6222,.F.);
#12559 = ORIENTED_EDGE('',*,*,#9863,.F.);
#12560 = ORIENTED_EDGE('',*,*,#6726,.F.);
#12561 = ORIENTED_EDGE('',*,*,#12562,.T.);
#12562 = EDGE_CURVE('',#6719,#6956,#12563,.T.);
#12563 = CIRCLE('',#12564,0.12);
#12564 = AXIS2_PLACEMENT_3D('',#12565,#12566,#12567);
#12565 = CARTESIAN_POINT('',(48.714168979879,11.17001,-7.309670262417));
#12566 = DIRECTION('',(0.,1.,-1.110223024625E-16));
#12567 = DIRECTION('',(1.,0.,0.));
#12568 = ORIENTED_EDGE('',*,*,#6955,.T.);
#12569 = PLANE('',#12570);
#12570 = AXIS2_PLACEMENT_3D('',#12571,#12572,#12573);
#12571 = CARTESIAN_POINT('',(48.211250413647,11.17001,-9.015000000001));
#12572 = DIRECTION('',(0.,1.,-1.110223024625E-16));
#12573 = DIRECTION('',(-1.,0.,0.));
#12574 = ADVANCED_FACE('',(#12575),#12593,.T.);
#12575 = FACE_BOUND('',#12576,.T.);
#12576 = EDGE_LOOP('',(#12577,#12578,#12585,#12592));
#12577 = ORIENTED_EDGE('',*,*,#9234,.T.);
#12578 = ORIENTED_EDGE('',*,*,#12579,.F.);
#12579 = EDGE_CURVE('',#12580,#9228,#12582,.T.);
#12580 = VERTEX_POINT('',#12581);
#12581 = CARTESIAN_POINT('',(50.1,12.75350462261,-10.94539893905));
#12582 = B_SPLINE_CURVE_WITH_KNOTS('',1,(#12583,#12584),.UNSPECIFIED.,
  .F.,.F.,(2,2),(-1.830335434669E-16,0.544943323991),
  .PIECEWISE_BEZIER_KNOTS.);
#12583 = CARTESIAN_POINT('',(50.1,12.75350462261,-10.94539893905));
#12584 = CARTESIAN_POINT('',(50.1,13.25001000011,-11.16999999976));
#12585 = ORIENTED_EDGE('',*,*,#12586,.F.);
#12586 = EDGE_CURVE('',#12580,#12580,#12587,.T.);
#12587 = CIRCLE('',#12588,2.275398939057);
#12588 = AXIS2_PLACEMENT_3D('',#12589,#12590,#12591);
#12589 = CARTESIAN_POINT('',(50.1,12.75350462261,-8.670000000001));
#12590 = DIRECTION('',(0.,-1.,1.110223024625E-16));
#12591 = DIRECTION('',(0.,-1.110223024625E-16,-1.));
#12592 = ORIENTED_EDGE('',*,*,#12579,.T.);
#12593 = CONICAL_SURFACE('',#12594,2.275398939057,0.424817926695);
#12594 = AXIS2_PLACEMENT_3D('',#12595,#12596,#12597);
#12595 = CARTESIAN_POINT('',(50.1,12.75350462261,-8.670000000001));
#12596 = DIRECTION('',(0.,1.,-1.110223024625E-16));
#12597 = DIRECTION('',(0.,1.110223024625E-16,1.));
#12598 = ADVANCED_FACE('',(#12599),#12621,.F.);
#12599 = FACE_BOUND('',#12600,.F.);
#12600 = EDGE_LOOP('',(#12601,#12602,#12613,#12620));
#12601 = ORIENTED_EDGE('',*,*,#12586,.F.);
#12602 = ORIENTED_EDGE('',*,*,#12603,.F.);
#12603 = EDGE_CURVE('',#12604,#12580,#12606,.T.);
#12604 = VERTEX_POINT('',#12605);
#12605 = CARTESIAN_POINT('',(50.1,12.3922912824,-10.9632539401));
#12606 = B_SPLINE_CURVE_WITH_KNOTS('',5,(#12607,#12608,#12609,#12610,
    #12611,#12612),.UNSPECIFIED.,.F.,.F.,(6,6),(2.617993877991,
    3.566410580771),.PIECEWISE_BEZIER_KNOTS.);
#12607 = CARTESIAN_POINT('',(50.1,12.3922912824,-10.9632539401));
#12608 = CARTESIAN_POINT('',(50.1,12.45734243667,-10.92569663867));
#12609 = CARTESIAN_POINT('',(50.1,12.53129762468,-10.90355428868));
#12610 = CARTESIAN_POINT('',(50.1,12.60928832063,-10.89969915986));
#12611 = CARTESIAN_POINT('',(50.1,12.68506667209,-10.91444008746));
#12612 = CARTESIAN_POINT('',(50.1,12.75350462261,-10.94539893905));
#12613 = ORIENTED_EDGE('',*,*,#12614,.T.);
#12614 = EDGE_CURVE('',#12604,#12604,#12615,.T.);
#12615 = CIRCLE('',#12616,2.293253940101);
#12616 = AXIS2_PLACEMENT_3D('',#12617,#12618,#12619);
#12617 = CARTESIAN_POINT('',(50.1,12.3922912824,-8.670000000001));
#12618 = DIRECTION('',(0.,-1.,1.110223024625E-16));
#12619 = DIRECTION('',(0.,-1.110223024625E-16,-1.));
#12620 = ORIENTED_EDGE('',*,*,#12603,.T.);
#12621 = TOROIDAL_SURFACE('',#12622,2.6362,0.396);
#12622 = AXIS2_PLACEMENT_3D('',#12623,#12624,#12625);
#12623 = CARTESIAN_POINT('',(50.1,12.5902912824,-8.670000000001));
#12624 = DIRECTION('',(0.,-1.,1.110223024625E-16));
#12625 = DIRECTION('',(0.,-1.110223024625E-16,-1.));
#12626 = ADVANCED_FACE('',(#12627),#12645,.T.);
#12627 = FACE_BOUND('',#12628,.T.);
#12628 = EDGE_LOOP('',(#12629,#12638,#12643,#12644));
#12629 = ORIENTED_EDGE('',*,*,#12630,.F.);
#12630 = EDGE_CURVE('',#12631,#12631,#12633,.T.);
#12631 = VERTEX_POINT('',#12632);
#12632 = CARTESIAN_POINT('',(50.1,11.20001,-11.65161785944));
#12633 = CIRCLE('',#12634,2.98161785944);
#12634 = AXIS2_PLACEMENT_3D('',#12635,#12636,#12637);
#12635 = CARTESIAN_POINT('',(50.1,11.20001,-8.670000000001));
#12636 = DIRECTION('',(0.,-1.,1.110223024625E-16));
#12637 = DIRECTION('',(0.,-1.110223024625E-16,-1.));
#12638 = ORIENTED_EDGE('',*,*,#12639,.F.);
#12639 = EDGE_CURVE('',#12604,#12631,#12640,.T.);
#12640 = B_SPLINE_CURVE_WITH_KNOTS('',1,(#12641,#12642),.UNSPECIFIED.,
  .F.,.F.,(2,2),(2.220446046949E-16,1.376727838678),
  .PIECEWISE_BEZIER_KNOTS.);
#12641 = CARTESIAN_POINT('',(50.1,12.3922912824,-10.9632539401));
#12642 = CARTESIAN_POINT('',(50.1,11.20000999959,-11.65161785872));
#12643 = ORIENTED_EDGE('',*,*,#12614,.T.);
#12644 = ORIENTED_EDGE('',*,*,#12639,.T.);
#12645 = CONICAL_SURFACE('',#12646,2.293253940101,0.523598775);
#12646 = AXIS2_PLACEMENT_3D('',#12647,#12648,#12649);
#12647 = CARTESIAN_POINT('',(50.1,12.3922912824,-8.670000000001));
#12648 = DIRECTION('',(0.,-1.,2.067900442144E-16));
#12649 = DIRECTION('',(0.,-2.067900442144E-16,-1.));
#12650 = ADVANCED_FACE('',(#12651),#12669,.T.);
#12651 = FACE_BOUND('',#12652,.T.);
#12652 = EDGE_LOOP('',(#12653,#12654,#12661,#12668));
#12653 = ORIENTED_EDGE('',*,*,#12630,.T.);
#12654 = ORIENTED_EDGE('',*,*,#12655,.T.);
#12655 = EDGE_CURVE('',#12631,#12656,#12658,.T.);
#12656 = VERTEX_POINT('',#12657);
#12657 = CARTESIAN_POINT('',(50.1,10.60001,-11.87));
#12658 = B_SPLINE_CURVE_WITH_KNOTS('',1,(#12659,#12660),.UNSPECIFIED.,
  .F.,.F.,(2,2),(-0.638506663486,-3.330669073875E-16),
  .PIECEWISE_BEZIER_KNOTS.);
#12659 = CARTESIAN_POINT('',(50.1,11.20001000009,-11.65161785968));
#12660 = CARTESIAN_POINT('',(50.1,10.60001,-11.87));
#12661 = ORIENTED_EDGE('',*,*,#12662,.F.);
#12662 = EDGE_CURVE('',#12656,#12656,#12663,.T.);
#12663 = CIRCLE('',#12664,3.2);
#12664 = AXIS2_PLACEMENT_3D('',#12665,#12666,#12667);
#12665 = CARTESIAN_POINT('',(50.1,10.60001,-8.670000000001));
#12666 = DIRECTION('',(0.,-1.,1.110223024625E-16));
#12667 = DIRECTION('',(0.,-1.110223024625E-16,-1.));
#12668 = ORIENTED_EDGE('',*,*,#12655,.F.);
#12669 = CONICAL_SURFACE('',#12670,3.2,0.34906585);
#12670 = AXIS2_PLACEMENT_3D('',#12671,#12672,#12673);
#12671 = CARTESIAN_POINT('',(50.1,10.60001,-8.670000000001));
#12672 = DIRECTION('',(0.,-1.,3.378019242183E-16));
#12673 = DIRECTION('',(0.,-3.378019242183E-16,-1.));
#12674 = ADVANCED_FACE('',(#12675),#12685,.T.);
#12675 = FACE_BOUND('',#12676,.T.);
#12676 = EDGE_LOOP('',(#12677,#12678,#12683,#12684));
#12677 = ORIENTED_EDGE('',*,*,#12662,.T.);
#12678 = ORIENTED_EDGE('',*,*,#12679,.T.);
#12679 = EDGE_CURVE('',#12656,#5323,#12680,.T.);
#12680 = B_SPLINE_CURVE_WITH_KNOTS('',1,(#12681,#12682),.UNSPECIFIED.,
  .F.,.F.,(2,2),(11.9,12.7),.PIECEWISE_BEZIER_KNOTS.);
#12681 = CARTESIAN_POINT('',(50.1,10.60001,-11.87));
#12682 = CARTESIAN_POINT('',(50.1,9.80001,-11.87));
#12683 = ORIENTED_EDGE('',*,*,#5322,.F.);
#12684 = ORIENTED_EDGE('',*,*,#12679,.F.);
#12685 = CYLINDRICAL_SURFACE('',#12686,3.2);
#12686 = AXIS2_PLACEMENT_3D('',#12687,#12688,#12689);
#12687 = CARTESIAN_POINT('',(50.1,22.50001,-8.670000000001));
#12688 = DIRECTION('',(0.,-1.,1.110223024625E-16));
#12689 = DIRECTION('',(0.,-1.110223024625E-16,-1.));
#12690 = ADVANCED_FACE('',(#12691,#12694),#12880,.T.);
#12691 = FACE_BOUND('',#12692,.T.);
#12692 = EDGE_LOOP('',(#12693));
#12693 = ORIENTED_EDGE('',*,*,#5338,.T.);
#12694 = FACE_BOUND('',#12695,.T.);
#12695 = EDGE_LOOP('',(#12696,#12702,#12703,#12704,#12705,#12713,#12720,
    #12721,#12728,#12729,#12730,#12731,#12740,#12748,#12757,#12766,
    #12773,#12774,#12775,#12776,#12777,#12778,#12779,#12780,#12789,
    #12797,#12804,#12805,#12806,#12814,#12821,#12822,#12823,#12824,
    #12825,#12826,#12833,#12834,#12835,#12842,#12843,#12851,#12860,
    #12869,#12876,#12877,#12878,#12879));
#12696 = ORIENTED_EDGE('',*,*,#12697,.F.);
#12697 = EDGE_CURVE('',#12461,#9787,#12698,.T.);
#12698 = LINE('',#12699,#12700);
#12699 = CARTESIAN_POINT('',(48.211250413647,9.50001,-9.070000000001));
#12700 = VECTOR('',#12701,1.);
#12701 = DIRECTION('',(1.,-3.389964285058E-31,-3.053408378197E-15));
#12702 = ORIENTED_EDGE('',*,*,#12468,.T.);
#12703 = ORIENTED_EDGE('',*,*,#12402,.F.);
#12704 = ORIENTED_EDGE('',*,*,#12435,.F.);
#12705 = ORIENTED_EDGE('',*,*,#12706,.T.);
#12706 = EDGE_CURVE('',#12418,#12707,#12709,.T.);
#12707 = VERTEX_POINT('',#12708);
#12708 = CARTESIAN_POINT('',(48.229004379678,9.50001,-8.270000000001));
#12709 = LINE('',#12710,#12711);
#12710 = CARTESIAN_POINT('',(48.211250413647,9.50001,-8.270000000001));
#12711 = VECTOR('',#12712,1.);
#12712 = DIRECTION('',(1.,3.389964285059E-31,3.053408378198E-15));
#12713 = ORIENTED_EDGE('',*,*,#12714,.T.);
#12714 = EDGE_CURVE('',#12707,#6928,#12715,.T.);
#12715 = CIRCLE('',#12716,0.12);
#12716 = AXIS2_PLACEMENT_3D('',#12717,#12718,#12719);
#12717 = CARTESIAN_POINT('',(48.229004379678,9.50001,-8.150000000001));
#12718 = DIRECTION('',(0.,-1.,1.110223024625E-16));
#12719 = DIRECTION('',(1.,0.,0.));
#12720 = ORIENTED_EDGE('',*,*,#6927,.T.);
#12721 = ORIENTED_EDGE('',*,*,#12722,.T.);
#12722 = EDGE_CURVE('',#6930,#6711,#12723,.T.);
#12723 = CIRCLE('',#12724,0.12);
#12724 = AXIS2_PLACEMENT_3D('',#12725,#12726,#12727);
#12725 = CARTESIAN_POINT('',(48.714168979879,9.50001,-7.309670262417));
#12726 = DIRECTION('',(0.,-1.,1.110223024625E-16));
#12727 = DIRECTION('',(1.,0.,0.));
#12728 = ORIENTED_EDGE('',*,*,#6708,.F.);
#12729 = ORIENTED_EDGE('',*,*,#9871,.F.);
#12730 = ORIENTED_EDGE('',*,*,#6239,.T.);
#12731 = ORIENTED_EDGE('',*,*,#12732,.T.);
#12732 = EDGE_CURVE('',#6213,#12733,#12735,.T.);
#12733 = VERTEX_POINT('',#12734);
#12734 = CARTESIAN_POINT('',(49.502035368336,9.50001,-6.834294876823));
#12735 = CIRCLE('',#12736,5.499999999707E-02);
#12736 = AXIS2_PLACEMENT_3D('',#12737,#12738,#12739);
#12737 = CARTESIAN_POINT('',(49.45440397113,9.50001,-6.861794876821));
#12738 = DIRECTION('',(7.814892604496E-16,1.,-5.622153373519E-16));
#12739 = DIRECTION('',(-0.5,-9.614813431899E-17,-0.866025403784));
#12740 = ORIENTED_EDGE('',*,*,#12741,.T.);
#12741 = EDGE_CURVE('',#12733,#12742,#12744,.T.);
#12742 = VERTEX_POINT('',#12743);
#12743 = CARTESIAN_POINT('',(49.510912351353,9.50001,-6.849670262422));
#12744 = LINE('',#12745,#12746);
#12745 = CARTESIAN_POINT('',(49.502035368338,9.50001,-6.834294876821));
#12746 = VECTOR('',#12747,1.);
#12747 = DIRECTION('',(0.5,1.118431410553E-16,-0.866025403784));
#12748 = ORIENTED_EDGE('',*,*,#12749,.F.);
#12749 = EDGE_CURVE('',#12750,#12742,#12752,.T.);
#12750 = VERTEX_POINT('',#12751);
#12751 = CARTESIAN_POINT('',(49.58544607509,9.50001,-6.906015728997));
#12752 = CIRCLE('',#12753,0.12);
#12753 = AXIS2_PLACEMENT_3D('',#12754,#12755,#12756);
#12754 = CARTESIAN_POINT('',(49.614835399807,9.50001,-6.789670262422));
#12755 = DIRECTION('',(7.814892604496E-16,1.,-5.622153373519E-16));
#12756 = DIRECTION('',(-0.5,-9.614813431899E-17,-0.866025403784));
#12757 = ORIENTED_EDGE('',*,*,#12758,.F.);
#12758 = EDGE_CURVE('',#12759,#12750,#12761,.T.);
#12759 = VERTEX_POINT('',#12760);
#12760 = CARTESIAN_POINT('',(50.614553924928,9.50001,-6.906015728996));
#12761 = CIRCLE('',#12762,2.10098297883);
#12762 = AXIS2_PLACEMENT_3D('',#12763,#12764,#12765);
#12763 = CARTESIAN_POINT('',(50.100000000008,9.50001,-4.869017021171));
#12764 = DIRECTION('',(7.814892604496E-16,1.,-5.622153373519E-16));
#12765 = DIRECTION('',(-0.5,-9.614813431899E-17,-0.866025403784));
#12766 = ORIENTED_EDGE('',*,*,#12767,.F.);
#12767 = EDGE_CURVE('',#561,#12759,#12768,.T.);
#12768 = CIRCLE('',#12769,0.12);
#12769 = AXIS2_PLACEMENT_3D('',#12770,#12771,#12772);
#12770 = CARTESIAN_POINT('',(50.585164600211,9.50001,-6.789670262421));
#12771 = DIRECTION('',(7.814892604496E-16,1.,-5.622153373519E-16));
#12772 = DIRECTION('',(-0.5,-9.614813431899E-17,-0.866025403784));
#12773 = ORIENTED_EDGE('',*,*,#558,.F.);
#12774 = ORIENTED_EDGE('',*,*,#5151,.T.);
#12775 = ORIENTED_EDGE('',*,*,#5175,.F.);
#12776 = ORIENTED_EDGE('',*,*,#2012,.F.);
#12777 = ORIENTED_EDGE('',*,*,#10935,.T.);
#12778 = ORIENTED_EDGE('',*,*,#10959,.T.);
#12779 = ORIENTED_EDGE('',*,*,#3541,.T.);
#12780 = ORIENTED_EDGE('',*,*,#12781,.T.);
#12781 = EDGE_CURVE('',#3544,#12782,#12784,.T.);
#12782 = VERTEX_POINT('',#12783);
#12783 = CARTESIAN_POINT('',(51.97099562035,9.50001,-8.270000000003));
#12784 = CIRCLE('',#12785,0.12);
#12785 = AXIS2_PLACEMENT_3D('',#12786,#12787,#12788);
#12786 = CARTESIAN_POINT('',(51.97099562035,9.50001,-8.150000000003));
#12787 = DIRECTION('',(8.326672684704E-16,-1.,-3.697183691308E-16));
#12788 = DIRECTION('',(-0.499999999997,-9.614813431913E-17,
    -0.866025403786));
#12789 = ORIENTED_EDGE('',*,*,#12790,.F.);
#12790 = EDGE_CURVE('',#12791,#12782,#12793,.T.);
#12791 = VERTEX_POINT('',#12792);
#12792 = CARTESIAN_POINT('',(51.988749586381,9.50001,-8.270000000003));
#12793 = LINE('',#12794,#12795);
#12794 = CARTESIAN_POINT('',(51.988749586381,9.50001,-8.270000000003));
#12795 = VECTOR('',#12796,1.);
#12796 = DIRECTION('',(-1.,1.962789321056E-28,-1.2610576602E-12));
#12797 = ORIENTED_EDGE('',*,*,#12798,.F.);
#12798 = EDGE_CURVE('',#4437,#12791,#12799,.T.);
#12799 = CIRCLE('',#12800,5.499999999707E-02);
#12800 = AXIS2_PLACEMENT_3D('',#12801,#12802,#12803);
#12801 = CARTESIAN_POINT('',(51.988749586381,9.50001,-8.325000000003));
#12802 = DIRECTION('',(8.326672684704E-16,-1.,-3.697183691308E-16));
#12803 = DIRECTION('',(-0.499999999997,-9.614813431913E-17,
    -0.866025403786));
#12804 = ORIENTED_EDGE('',*,*,#4444,.T.);
#12805 = ORIENTED_EDGE('',*,*,#11931,.T.);
#12806 = ORIENTED_EDGE('',*,*,#12807,.T.);
#12807 = EDGE_CURVE('',#11922,#12808,#12810,.T.);
#12808 = VERTEX_POINT('',#12809);
#12809 = CARTESIAN_POINT('',(51.97099562035,9.50001,-9.069999999999));
#12810 = LINE('',#12811,#12812);
#12811 = CARTESIAN_POINT('',(51.988749586381,9.50001,-9.069999999999));
#12812 = VECTOR('',#12813,1.);
#12813 = DIRECTION('',(-1.,-1.962789321056E-28,1.2610576602E-12));
#12814 = ORIENTED_EDGE('',*,*,#12815,.F.);
#12815 = EDGE_CURVE('',#4972,#12808,#12816,.T.);
#12816 = CIRCLE('',#12817,0.12);
#12817 = AXIS2_PLACEMENT_3D('',#12818,#12819,#12820);
#12818 = CARTESIAN_POINT('',(51.97099562035,9.50001,-9.189999999999));
#12819 = DIRECTION('',(8.838452764881E-16,1.,3.992660058399E-16));
#12820 = DIRECTION('',(-0.5,9.614813431938E-17,0.866025403784));
#12821 = ORIENTED_EDGE('',*,*,#4969,.F.);
#12822 = ORIENTED_EDGE('',*,*,#10977,.F.);
#12823 = ORIENTED_EDGE('',*,*,#5447,.F.);
#12824 = ORIENTED_EDGE('',*,*,#10229,.T.);
#12825 = ORIENTED_EDGE('',*,*,#10262,.F.);
#12826 = ORIENTED_EDGE('',*,*,#12827,.F.);
#12827 = EDGE_CURVE('',#6311,#10245,#12828,.T.);
#12828 = CIRCLE('',#12829,5.5E-02);
#12829 = AXIS2_PLACEMENT_3D('',#12830,#12831,#12832);
#12830 = CARTESIAN_POINT('',(50.745596028889,9.50001,-10.47820512318));
#12831 = DIRECTION('',(-8.326672684682E-16,-1.,-3.697183691345E-16));
#12832 = DIRECTION('',(-0.500000000001,9.614813431887E-17,0.866025403784
    ));
#12833 = ORIENTED_EDGE('',*,*,#6310,.T.);
#12834 = ORIENTED_EDGE('',*,*,#9369,.T.);
#12835 = ORIENTED_EDGE('',*,*,#12836,.T.);
#12836 = EDGE_CURVE('',#9370,#4642,#12837,.T.);
#12837 = CIRCLE('',#12838,2.10098297883);
#12838 = AXIS2_PLACEMENT_3D('',#12839,#12840,#12841);
#12839 = CARTESIAN_POINT('',(50.100000000008,9.50001,-12.47098297883));
#12840 = DIRECTION('',(-8.326672684682E-16,-1.,-3.697183691345E-16));
#12841 = DIRECTION('',(-0.500000000001,9.614813431887E-17,0.866025403784
    ));
#12842 = ORIENTED_EDGE('',*,*,#4641,.T.);
#12843 = ORIENTED_EDGE('',*,*,#12844,.F.);
#12844 = EDGE_CURVE('',#12845,#4644,#12847,.T.);
#12845 = VERTEX_POINT('',#12846);
#12846 = CARTESIAN_POINT('',(49.502035368338,9.50001,-10.50570512318));
#12847 = LINE('',#12848,#12849);
#12848 = CARTESIAN_POINT('',(49.502035368338,9.50001,-10.50570512318));
#12849 = VECTOR('',#12850,1.);
#12850 = DIRECTION('',(0.5,-1.118431410553E-16,0.866025403784));
#12851 = ORIENTED_EDGE('',*,*,#12852,.F.);
#12852 = EDGE_CURVE('',#12853,#12845,#12855,.T.);
#12853 = VERTEX_POINT('',#12854);
#12854 = CARTESIAN_POINT('',(49.435910334887,9.50001,-10.53000266576));
#12855 = CIRCLE('',#12856,5.499999999707E-02);
#12856 = AXIS2_PLACEMENT_3D('',#12857,#12858,#12859);
#12857 = CARTESIAN_POINT('',(49.45440397113,9.50001,-10.47820512318));
#12858 = DIRECTION('',(-8.326672684682E-16,-1.,-3.697183691345E-16));
#12859 = DIRECTION('',(-0.500000000001,9.614813431887E-17,0.866025403784
    ));
#12860 = ORIENTED_EDGE('',*,*,#12861,.T.);
#12861 = EDGE_CURVE('',#12853,#12862,#12864,.T.);
#12862 = VERTEX_POINT('',#12863);
#12863 = CARTESIAN_POINT('',(48.821235272913,9.50001,-10.17511985327));
#12864 = CIRCLE('',#12865,1.974999999999);
#12865 = AXIS2_PLACEMENT_3D('',#12866,#12867,#12868);
#12866 = CARTESIAN_POINT('',(50.100000000014,9.50001,-8.669999999999));
#12867 = DIRECTION('',(0.,1.,-1.110223024625E-16));
#12868 = DIRECTION('',(1.,0.,0.));
#12869 = ORIENTED_EDGE('',*,*,#12870,.T.);
#12870 = EDGE_CURVE('',#12862,#4930,#12871,.T.);
#12871 = CIRCLE('',#12872,5.499999999707E-02);
#12872 = AXIS2_PLACEMENT_3D('',#12873,#12874,#12875);
#12873 = CARTESIAN_POINT('',(48.856846442526,9.50001,-10.13320512318));
#12874 = DIRECTION('',(0.,1.,-1.110223024625E-16));
#12875 = DIRECTION('',(1.,0.,0.));
#12876 = ORIENTED_EDGE('',*,*,#4929,.T.);
#12877 = ORIENTED_EDGE('',*,*,#9727,.F.);
#12878 = ORIENTED_EDGE('',*,*,#9752,.F.);
#12879 = ORIENTED_EDGE('',*,*,#9786,.F.);
#12880 = PLANE('',#12881);
#12881 = AXIS2_PLACEMENT_3D('',#12882,#12883,#12884);
#12882 = CARTESIAN_POINT('',(50.1,9.50001,-8.670000000001));
#12883 = DIRECTION('',(0.,-1.,-9.303288641584E-18));
#12884 = DIRECTION('',(0.,9.303288641584E-18,-1.));
#12885 = ADVANCED_FACE('',(#12886),#12928,.F.);
#12886 = FACE_BOUND('',#12887,.F.);
#12887 = EDGE_LOOP('',(#12888,#12895,#12902,#12903,#12912,#12919,#12926,
    #12927));
#12888 = ORIENTED_EDGE('',*,*,#12889,.T.);
#12889 = EDGE_CURVE('',#12890,#4786,#12892,.T.);
#12890 = VERTEX_POINT('',#12891);
#12891 = CARTESIAN_POINT('',(41.6,12.19147305235,-8.670000000001));
#12892 = B_SPLINE_CURVE_WITH_KNOTS('',1,(#12893,#12894),.UNSPECIFIED.,
  .F.,.F.,(2,2),(-1.983276776668,0.),.PIECEWISE_BEZIER_KNOTS.);
#12893 = CARTESIAN_POINT('',(41.6,12.19147305507,-8.670000000001));
#12894 = CARTESIAN_POINT('',(41.6,11.17001,-10.37));
#12895 = ORIENTED_EDGE('',*,*,#12896,.F.);
#12896 = EDGE_CURVE('',#11966,#4786,#12897,.T.);
#12897 = CIRCLE('',#12898,1.7);
#12898 = AXIS2_PLACEMENT_3D('',#12899,#12900,#12901);
#12899 = CARTESIAN_POINT('',(41.6,11.17001,-8.670000000001));
#12900 = DIRECTION('',(0.,-1.,1.110223024625E-16));
#12901 = DIRECTION('',(-1.,0.,0.));
#12902 = ORIENTED_EDGE('',*,*,#11963,.F.);
#12903 = ORIENTED_EDGE('',*,*,#12904,.F.);
#12904 = EDGE_CURVE('',#12905,#11964,#12907,.T.);
#12905 = VERTEX_POINT('',#12906);
#12906 = CARTESIAN_POINT('',(41.600000000004,11.17001,-6.970000000001));
#12907 = CIRCLE('',#12908,1.7);
#12908 = AXIS2_PLACEMENT_3D('',#12909,#12910,#12911);
#12909 = CARTESIAN_POINT('',(41.6,11.17001,-8.670000000001));
#12910 = DIRECTION('',(0.,-1.,1.110223024625E-16));
#12911 = DIRECTION('',(-1.,0.,0.));
#12912 = ORIENTED_EDGE('',*,*,#12913,.F.);
#12913 = EDGE_CURVE('',#6518,#12905,#12914,.T.);
#12914 = CIRCLE('',#12915,1.7);
#12915 = AXIS2_PLACEMENT_3D('',#12916,#12917,#12918);
#12916 = CARTESIAN_POINT('',(41.6,11.17001,-8.670000000001));
#12917 = DIRECTION('',(0.,-1.,1.110223024625E-16));
#12918 = DIRECTION('',(-1.,0.,0.));
#12919 = ORIENTED_EDGE('',*,*,#12920,.F.);
#12920 = EDGE_CURVE('',#4788,#6518,#12921,.T.);
#12921 = CIRCLE('',#12922,1.7);
#12922 = AXIS2_PLACEMENT_3D('',#12923,#12924,#12925);
#12923 = CARTESIAN_POINT('',(41.6,11.17001,-8.670000000001));
#12924 = DIRECTION('',(0.,-1.,1.110223024625E-16));
#12925 = DIRECTION('',(-1.,0.,0.));
#12926 = ORIENTED_EDGE('',*,*,#4785,.F.);
#12927 = ORIENTED_EDGE('',*,*,#12889,.F.);
#12928 = CONICAL_SURFACE('',#12929,1.7,1.0297442575);
#12929 = AXIS2_PLACEMENT_3D('',#12930,#12931,#12932);
#12930 = CARTESIAN_POINT('',(41.6,11.17001,-8.670000000001));
#12931 = DIRECTION('',(6.123031769112E-17,-1.,-2.055217740305E-16));
#12932 = DIRECTION('',(0.,2.055217740305E-16,-1.));
#12933 = ADVANCED_FACE('',(#12934),#12954,.T.);
#12934 = FACE_BOUND('',#12935,.T.);
#12935 = EDGE_LOOP('',(#12936,#12937,#12945,#12952,#12953));
#12936 = ORIENTED_EDGE('',*,*,#11891,.T.);
#12937 = ORIENTED_EDGE('',*,*,#12938,.T.);
#12938 = EDGE_CURVE('',#11883,#12939,#12941,.T.);
#12939 = VERTEX_POINT('',#12940);
#12940 = CARTESIAN_POINT('',(40.329621771908,11.17001,-9.997608906102));
#12941 = LINE('',#12942,#12943);
#12942 = CARTESIAN_POINT('',(40.329621771908,11.17001,-9.997608906102));
#12943 = VECTOR('',#12944,1.);
#12944 = DIRECTION('',(0.,1.,-1.110223024625E-16));
#12945 = ORIENTED_EDGE('',*,*,#12946,.T.);
#12946 = EDGE_CURVE('',#12939,#11966,#12947,.T.);
#12947 = CIRCLE('',#12948,2.10098297883);
#12948 = AXIS2_PLACEMENT_3D('',#12949,#12950,#12951);
#12949 = CARTESIAN_POINT('',(38.308252180995,11.17001,-10.57049148941));
#12950 = DIRECTION('',(0.,-1.,1.110223024625E-16));
#12951 = DIRECTION('',(1.,0.,0.));
#12952 = ORIENTED_EDGE('',*,*,#12019,.T.);
#12953 = ORIENTED_EDGE('',*,*,#10838,.F.);
#12954 = CYLINDRICAL_SURFACE('',#12955,2.10098297883);
#12955 = AXIS2_PLACEMENT_3D('',#12956,#12957,#12958);
#12956 = CARTESIAN_POINT('',(38.308252180995,11.17001,-10.57049148941));
#12957 = DIRECTION('',(0.,-1.,1.110223024625E-16));
#12958 = DIRECTION('',(1.,0.,0.));
#12959 = ADVANCED_FACE('',(#12960),#12972,.T.);
#12960 = FACE_BOUND('',#12961,.T.);
#12961 = EDGE_LOOP('',(#12962,#12963,#12964,#12971));
#12962 = ORIENTED_EDGE('',*,*,#11882,.T.);
#12963 = ORIENTED_EDGE('',*,*,#7537,.T.);
#12964 = ORIENTED_EDGE('',*,*,#12965,.T.);
#12965 = EDGE_CURVE('',#7530,#12939,#12966,.T.);
#12966 = CIRCLE('',#12967,0.12);
#12967 = AXIS2_PLACEMENT_3D('',#12968,#12969,#12970);
#12968 = CARTESIAN_POINT('',(40.21416897988,11.17001,-10.03032973758));
#12969 = DIRECTION('',(0.,-1.,1.110223024625E-16));
#12970 = DIRECTION('',(1.,0.,0.));
#12971 = ORIENTED_EDGE('',*,*,#12938,.F.);
#12972 = CYLINDRICAL_SURFACE('',#12973,0.12);
#12973 = AXIS2_PLACEMENT_3D('',#12974,#12975,#12976);
#12974 = CARTESIAN_POINT('',(40.21416897988,11.17001,-10.03032973758));
#12975 = DIRECTION('',(0.,-1.,1.110223024625E-16));
#12976 = DIRECTION('',(1.,0.,0.));
#12977 = ADVANCED_FACE('',(#12978),#12990,.F.);
#12978 = FACE_BOUND('',#12979,.F.);
#12979 = EDGE_LOOP('',(#12980,#12981,#12988,#12989));
#12980 = ORIENTED_EDGE('',*,*,#1445,.T.);
#12981 = ORIENTED_EDGE('',*,*,#12982,.F.);
#12982 = EDGE_CURVE('',#6767,#1437,#12983,.T.);
#12983 = CIRCLE('',#12984,5.499999999707E-02);
#12984 = AXIS2_PLACEMENT_3D('',#12985,#12986,#12987);
#12985 = CARTESIAN_POINT('',(40.95440397113,11.17001,-10.47820512318));
#12986 = DIRECTION('',(8.326672684682E-16,1.,3.697183691345E-16));
#12987 = DIRECTION('',(-0.500000000001,9.614813431887E-17,0.866025403784
    ));
#12988 = ORIENTED_EDGE('',*,*,#6774,.F.);
#12989 = ORIENTED_EDGE('',*,*,#11872,.F.);
#12990 = CYLINDRICAL_SURFACE('',#12991,5.499999999707E-02);
#12991 = AXIS2_PLACEMENT_3D('',#12992,#12993,#12994);
#12992 = CARTESIAN_POINT('',(40.95440397113,11.17001,-10.47820512318));
#12993 = DIRECTION('',(0.,-1.,1.110223024625E-16));
#12994 = DIRECTION('',(1.,0.,0.));
#12995 = ADVANCED_FACE('',(#12996),#13015,.T.);
#12996 = FACE_BOUND('',#12997,.T.);
#12997 = EDGE_LOOP('',(#12998,#12999,#13007,#13014));
#12998 = ORIENTED_EDGE('',*,*,#11864,.F.);
#12999 = ORIENTED_EDGE('',*,*,#13000,.T.);
#13000 = EDGE_CURVE('',#11856,#13001,#13003,.T.);
#13001 = VERTEX_POINT('',#13002);
#13002 = CARTESIAN_POINT('',(41.08544607509,11.17001,-10.433984271));
#13003 = LINE('',#13004,#13005);
#13004 = CARTESIAN_POINT('',(41.08544607509,11.17001,-10.433984271));
#13005 = VECTOR('',#13006,1.);
#13006 = DIRECTION('',(0.,1.,-1.110223024625E-16));
#13007 = ORIENTED_EDGE('',*,*,#13008,.F.);
#13008 = EDGE_CURVE('',#6759,#13001,#13009,.T.);
#13009 = CIRCLE('',#13010,0.12);
#13010 = AXIS2_PLACEMENT_3D('',#13011,#13012,#13013);
#13011 = CARTESIAN_POINT('',(41.114835399807,11.17001,-10.55032973758));
#13012 = DIRECTION('',(8.326672684682E-16,1.,3.697183691345E-16));
#13013 = DIRECTION('',(-0.500000000001,9.614813431887E-17,0.866025403784
    ));
#13014 = ORIENTED_EDGE('',*,*,#6758,.F.);
#13015 = CYLINDRICAL_SURFACE('',#13016,0.12);
#13016 = AXIS2_PLACEMENT_3D('',#13017,#13018,#13019);
#13017 = CARTESIAN_POINT('',(41.114835399807,11.17001,-10.55032973758));
#13018 = DIRECTION('',(0.,-1.,1.110223024625E-16));
#13019 = DIRECTION('',(1.,0.,0.));
#13020 = ADVANCED_FACE('',(#13021),#13034,.T.);
#13021 = FACE_BOUND('',#13022,.T.);
#13022 = EDGE_LOOP('',(#13023,#13024,#13025,#13026,#13033));
#13023 = ORIENTED_EDGE('',*,*,#11855,.F.);
#13024 = ORIENTED_EDGE('',*,*,#9475,.T.);
#13025 = ORIENTED_EDGE('',*,*,#4796,.F.);
#13026 = ORIENTED_EDGE('',*,*,#13027,.F.);
#13027 = EDGE_CURVE('',#13001,#4786,#13028,.T.);
#13028 = CIRCLE('',#13029,2.10098297883);
#13029 = AXIS2_PLACEMENT_3D('',#13030,#13031,#13032);
#13030 = CARTESIAN_POINT('',(41.600000000008,11.17001,-12.47098297883));
#13031 = DIRECTION('',(8.326672684682E-16,1.,3.697183691345E-16));
#13032 = DIRECTION('',(-0.500000000001,9.614813431887E-17,0.866025403784
    ));
#13033 = ORIENTED_EDGE('',*,*,#13000,.F.);
#13034 = CYLINDRICAL_SURFACE('',#13035,2.10098297883);
#13035 = AXIS2_PLACEMENT_3D('',#13036,#13037,#13038);
#13036 = CARTESIAN_POINT('',(41.600000000008,11.17001,-12.47098297883));
#13037 = DIRECTION('',(0.,-1.,1.110223024625E-16));
#13038 = DIRECTION('',(1.,0.,0.));
#13039 = ADVANCED_FACE('',(#13040),#13051,.T.);
#13040 = FACE_BOUND('',#13041,.T.);
#13041 = EDGE_LOOP('',(#13042,#13043,#13049,#13050));
#13042 = ORIENTED_EDGE('',*,*,#11848,.F.);
#13043 = ORIENTED_EDGE('',*,*,#13044,.T.);
#13044 = EDGE_CURVE('',#11840,#4815,#13045,.T.);
#13045 = LINE('',#13046,#13047);
#13046 = CARTESIAN_POINT('',(42.197964631681,11.17001,-10.50570512318));
#13047 = VECTOR('',#13048,1.);
#13048 = DIRECTION('',(0.,1.,-1.110223024625E-16));
#13049 = ORIENTED_EDGE('',*,*,#4814,.F.);
#13050 = ORIENTED_EDGE('',*,*,#9468,.F.);
#13051 = PLANE('',#13052);
#13052 = AXIS2_PLACEMENT_3D('',#13053,#13054,#13055);
#13053 = CARTESIAN_POINT('',(42.197964631681,11.17001,-10.50570512318));
#13054 = DIRECTION('',(0.866025403785,5.551115123115E-17,0.499999999999)
  );
#13055 = DIRECTION('',(0.,1.,-1.110223024625E-16));
#13056 = ADVANCED_FACE('',(#13057),#13063,.F.);
#13057 = FACE_BOUND('',#13058,.F.);
#13058 = EDGE_LOOP('',(#13059,#13060,#13061,#13062));
#13059 = ORIENTED_EDGE('',*,*,#13044,.T.);
#13060 = ORIENTED_EDGE('',*,*,#4822,.F.);
#13061 = ORIENTED_EDGE('',*,*,#8938,.F.);
#13062 = ORIENTED_EDGE('',*,*,#11839,.F.);
#13063 = CYLINDRICAL_SURFACE('',#13064,5.5E-02);
#13064 = AXIS2_PLACEMENT_3D('',#13065,#13066,#13067);
#13065 = CARTESIAN_POINT('',(42.245596028889,11.17001,-10.47820512318));
#13066 = DIRECTION('',(0.,-1.,1.110223024625E-16));
#13067 = DIRECTION('',(1.,0.,0.));
#13068 = ADVANCED_FACE('',(#13069),#13075,.F.);
#13069 = FACE_BOUND('',#13070,.T.);
#13070 = EDGE_LOOP('',(#13071,#13072,#13073,#13074));
#13071 = ORIENTED_EDGE('',*,*,#11831,.T.);
#13072 = ORIENTED_EDGE('',*,*,#7237,.T.);
#13073 = ORIENTED_EDGE('',*,*,#4839,.T.);
#13074 = ORIENTED_EDGE('',*,*,#4567,.F.);
#13075 = PLANE('',#13076);
#13076 = AXIS2_PLACEMENT_3D('',#13077,#13078,#13079);
#13077 = CARTESIAN_POINT('',(42.890784954708,11.17001,-10.10570512318));
#13078 = DIRECTION('',(0.866025403785,5.551115123115E-17,0.499999999999)
  );
#13079 = DIRECTION('',(0.,1.,-1.110223024625E-16));
#13080 = ADVANCED_FACE('',(#13081),#13094,.T.);
#13081 = FACE_BOUND('',#13082,.T.);
#13082 = EDGE_LOOP('',(#13083,#13084,#13085,#13092,#13093));
#13083 = ORIENTED_EDGE('',*,*,#11823,.T.);
#13084 = ORIENTED_EDGE('',*,*,#8663,.T.);
#13085 = ORIENTED_EDGE('',*,*,#13086,.T.);
#13086 = EDGE_CURVE('',#8655,#4788,#13087,.T.);
#13087 = CIRCLE('',#13088,2.10098297883);
#13088 = AXIS2_PLACEMENT_3D('',#13089,#13090,#13091);
#13089 = CARTESIAN_POINT('',(44.891747819032,11.17001,-10.57049148941));
#13090 = DIRECTION('',(-8.838452764881E-16,-1.,-3.992660058399E-16));
#13091 = DIRECTION('',(-0.5,9.614813431938E-17,0.866025403784));
#13092 = ORIENTED_EDGE('',*,*,#4856,.T.);
#13093 = ORIENTED_EDGE('',*,*,#7230,.F.);
#13094 = CYLINDRICAL_SURFACE('',#13095,2.10098297883);
#13095 = AXIS2_PLACEMENT_3D('',#13096,#13097,#13098);
#13096 = CARTESIAN_POINT('',(44.891747819032,11.17001,-10.57049148941));
#13097 = DIRECTION('',(0.,-1.,1.110223024625E-16));
#13098 = DIRECTION('',(1.,0.,0.));
#13099 = ADVANCED_FACE('',(#13100),#13112,.F.);
#13100 = FACE_BOUND('',#13101,.F.);
#13101 = EDGE_LOOP('',(#13102,#13103,#13110,#13111));
#13102 = ORIENTED_EDGE('',*,*,#6678,.T.);
#13103 = ORIENTED_EDGE('',*,*,#13104,.T.);
#13104 = EDGE_CURVE('',#6679,#8908,#13105,.T.);
#13105 = CIRCLE('',#13106,5.499999999707E-02);
#13106 = AXIS2_PLACEMENT_3D('',#13107,#13108,#13109);
#13107 = CARTESIAN_POINT('',(43.488749586381,11.17001,-9.014999999999));
#13108 = DIRECTION('',(-8.838452764881E-16,-1.,-3.992660058399E-16));
#13109 = DIRECTION('',(-0.5,9.614813431938E-17,0.866025403784));
#13110 = ORIENTED_EDGE('',*,*,#8905,.F.);
#13111 = ORIENTED_EDGE('',*,*,#11814,.T.);
#13112 = CYLINDRICAL_SURFACE('',#13113,5.499999999707E-02);
#13113 = AXIS2_PLACEMENT_3D('',#13114,#13115,#13116);
#13114 = CARTESIAN_POINT('',(43.488749586381,11.17001,-9.014999999999));
#13115 = DIRECTION('',(0.,-1.,1.110223024625E-16));
#13116 = DIRECTION('',(1.,0.,0.));
#13117 = ADVANCED_FACE('',(#13118),#13155,.F.);
#13118 = FACE_BOUND('',#13119,.T.);
#13119 = EDGE_LOOP('',(#13120,#13121,#13122,#13123,#13129,#13130,#13137,
    #13138,#13139,#13148));
#13120 = ORIENTED_EDGE('',*,*,#12913,.F.);
#13121 = ORIENTED_EDGE('',*,*,#6517,.T.);
#13122 = ORIENTED_EDGE('',*,*,#7268,.T.);
#13123 = ORIENTED_EDGE('',*,*,#13124,.T.);
#13124 = EDGE_CURVE('',#7261,#9640,#13125,.T.);
#13125 = LINE('',#13126,#13127);
#13126 = CARTESIAN_POINT('',(42.890784954708,11.17001,-7.23429487682));
#13127 = VECTOR('',#13128,1.);
#13128 = DIRECTION('',(0.499999999999,-1.118431410543E-16,0.866025403785
    ));
#13129 = ORIENTED_EDGE('',*,*,#9647,.F.);
#13130 = ORIENTED_EDGE('',*,*,#13131,.T.);
#13131 = EDGE_CURVE('',#9648,#12035,#13132,.T.);
#13132 = CIRCLE('',#13133,1.974999999996);
#13133 = AXIS2_PLACEMENT_3D('',#13134,#13135,#13136);
#13134 = CARTESIAN_POINT('',(41.600000000014,11.17001,-8.669999999999));
#13135 = DIRECTION('',(-7.814892604496E-16,-1.,5.622153373519E-16));
#13136 = DIRECTION('',(-0.5,-9.614813431899E-17,-0.866025403784));
#13137 = ORIENTED_EDGE('',*,*,#12042,.T.);
#13138 = ORIENTED_EDGE('',*,*,#1266,.F.);
#13139 = ORIENTED_EDGE('',*,*,#13140,.F.);
#13140 = EDGE_CURVE('',#13141,#1259,#13143,.T.);
#13141 = VERTEX_POINT('',#13142);
#13142 = CARTESIAN_POINT('',(42.114553924928,11.17001,-6.906015728996));
#13143 = CIRCLE('',#13144,0.12);
#13144 = AXIS2_PLACEMENT_3D('',#13145,#13146,#13147);
#13145 = CARTESIAN_POINT('',(42.085164600211,11.17001,-6.789670262421));
#13146 = DIRECTION('',(-7.814892604496E-16,-1.,5.622153373519E-16));
#13147 = DIRECTION('',(-0.5,-9.614813431899E-17,-0.866025403784));
#13148 = ORIENTED_EDGE('',*,*,#13149,.F.);
#13149 = EDGE_CURVE('',#12905,#13141,#13150,.T.);
#13150 = CIRCLE('',#13151,2.10098297883);
#13151 = AXIS2_PLACEMENT_3D('',#13152,#13153,#13154);
#13152 = CARTESIAN_POINT('',(41.600000000008,11.17001,-4.869017021171));
#13153 = DIRECTION('',(-7.814892604496E-16,-1.,5.622153373519E-16));
#13154 = DIRECTION('',(-0.5,-9.614813431899E-17,-0.866025403784));
#13155 = PLANE('',#13156);
#13156 = AXIS2_PLACEMENT_3D('',#13157,#13158,#13159);
#13157 = CARTESIAN_POINT('',(39.711250413647,11.17001,-9.015000000001));
#13158 = DIRECTION('',(0.,1.,-1.110223024625E-16));
#13159 = DIRECTION('',(-1.,0.,0.));
#13160 = ADVANCED_FACE('',(#13161),#13173,.F.);
#13161 = FACE_BOUND('',#13162,.T.);
#13162 = EDGE_LOOP('',(#13163,#13164,#13165,#13166,#13167,#13168,#13169,
    #13170,#13171,#13172));
#13163 = ORIENTED_EDGE('',*,*,#12920,.F.);
#13164 = ORIENTED_EDGE('',*,*,#13086,.F.);
#13165 = ORIENTED_EDGE('',*,*,#8654,.F.);
#13166 = ORIENTED_EDGE('',*,*,#6686,.T.);
#13167 = ORIENTED_EDGE('',*,*,#13104,.T.);
#13168 = ORIENTED_EDGE('',*,*,#8915,.F.);
#13169 = ORIENTED_EDGE('',*,*,#6444,.F.);
#13170 = ORIENTED_EDGE('',*,*,#6412,.F.);
#13171 = ORIENTED_EDGE('',*,*,#6484,.T.);
#13172 = ORIENTED_EDGE('',*,*,#6526,.T.);
#13173 = PLANE('',#13174);
#13174 = AXIS2_PLACEMENT_3D('',#13175,#13176,#13177);
#13175 = CARTESIAN_POINT('',(39.711250413647,11.17001,-9.015000000001));
#13176 = DIRECTION('',(0.,1.,-1.110223024625E-16));
#13177 = DIRECTION('',(-1.,0.,0.));
#13178 = ADVANCED_FACE('',(#13179),#13234,.F.);
#13179 = FACE_BOUND('',#13180,.T.);
#13180 = EDGE_LOOP('',(#13181,#13182,#13189,#13190,#13191,#13192,#13201,
    #13210,#13218,#13227));
#13181 = ORIENTED_EDGE('',*,*,#12904,.F.);
#13182 = ORIENTED_EDGE('',*,*,#13183,.F.);
#13183 = EDGE_CURVE('',#4395,#12905,#13184,.T.);
#13184 = CIRCLE('',#13185,2.10098297883);
#13185 = AXIS2_PLACEMENT_3D('',#13186,#13187,#13188);
#13186 = CARTESIAN_POINT('',(41.600000000008,11.17001,-4.869017021171));
#13187 = DIRECTION('',(-7.814892604496E-16,-1.,5.622153373519E-16));
#13188 = DIRECTION('',(-0.5,-9.614813431899E-17,-0.866025403784));
#13189 = ORIENTED_EDGE('',*,*,#4394,.F.);
#13190 = ORIENTED_EDGE('',*,*,#2803,.T.);
#13191 = ORIENTED_EDGE('',*,*,#1550,.T.);
#13192 = ORIENTED_EDGE('',*,*,#13193,.F.);
#13193 = EDGE_CURVE('',#13194,#1551,#13196,.T.);
#13194 = VERTEX_POINT('',#13195);
#13195 = CARTESIAN_POINT('',(40.321235272913,11.17001,-7.164880146728));
#13196 = CIRCLE('',#13197,1.974999999996);
#13197 = AXIS2_PLACEMENT_3D('',#13198,#13199,#13200);
#13198 = CARTESIAN_POINT('',(41.600000000014,11.17001,-8.669999999999));
#13199 = DIRECTION('',(0.,1.,-1.110223024625E-16));
#13200 = DIRECTION('',(1.,0.,0.));
#13201 = ORIENTED_EDGE('',*,*,#13202,.F.);
#13202 = EDGE_CURVE('',#13203,#13194,#13205,.T.);
#13203 = VERTEX_POINT('',#13204);
#13204 = CARTESIAN_POINT('',(40.309215045318,11.17001,-7.234294876817));
#13205 = CIRCLE('',#13206,5.499999999707E-02);
#13206 = AXIS2_PLACEMENT_3D('',#13207,#13208,#13209);
#13207 = CARTESIAN_POINT('',(40.356846442526,11.17001,-7.206794876817));
#13208 = DIRECTION('',(0.,1.,-1.110223024625E-16));
#13209 = DIRECTION('',(1.,0.,0.));
#13210 = ORIENTED_EDGE('',*,*,#13211,.F.);
#13211 = EDGE_CURVE('',#13212,#13203,#13214,.T.);
#13212 = VERTEX_POINT('',#13213);
#13213 = CARTESIAN_POINT('',(40.318092028334,11.17001,-7.249670262417));
#13214 = LINE('',#13215,#13216);
#13215 = CARTESIAN_POINT('',(40.309215045318,11.17001,-7.234294876817));
#13216 = VECTOR('',#13217,1.);
#13217 = DIRECTION('',(-0.5,-1.118431410553E-16,0.866025403784));
#13218 = ORIENTED_EDGE('',*,*,#13219,.T.);
#13219 = EDGE_CURVE('',#13212,#13220,#13222,.T.);
#13220 = VERTEX_POINT('',#13221);
#13221 = CARTESIAN_POINT('',(40.329621771908,11.17001,-7.3423910939));
#13222 = CIRCLE('',#13223,0.12);
#13223 = AXIS2_PLACEMENT_3D('',#13224,#13225,#13226);
#13224 = CARTESIAN_POINT('',(40.21416897988,11.17001,-7.309670262417));
#13225 = DIRECTION('',(0.,1.,-1.110223024625E-16));
#13226 = DIRECTION('',(1.,0.,0.));
#13227 = ORIENTED_EDGE('',*,*,#13228,.T.);
#13228 = EDGE_CURVE('',#13220,#11964,#13229,.T.);
#13229 = CIRCLE('',#13230,2.10098297883);
#13230 = AXIS2_PLACEMENT_3D('',#13231,#13232,#13233);
#13231 = CARTESIAN_POINT('',(38.308252180995,11.17001,-6.769508510584));
#13232 = DIRECTION('',(0.,1.,-1.110223024625E-16));
#13233 = DIRECTION('',(1.,0.,0.));
#13234 = PLANE('',#13235);
#13235 = AXIS2_PLACEMENT_3D('',#13236,#13237,#13238);
#13236 = CARTESIAN_POINT('',(39.711250413647,11.17001,-9.015000000001));
#13237 = DIRECTION('',(0.,1.,-1.110223024625E-16));
#13238 = DIRECTION('',(-1.,0.,0.));
#13239 = ADVANCED_FACE('',(#13240),#13258,.T.);
#13240 = FACE_BOUND('',#13241,.T.);
#13241 = EDGE_LOOP('',(#13242,#13251,#13256,#13257));
#13242 = ORIENTED_EDGE('',*,*,#13243,.T.);
#13243 = EDGE_CURVE('',#13244,#13244,#13246,.T.);
#13244 = VERTEX_POINT('',#13245);
#13245 = CARTESIAN_POINT('',(41.6,16.50001,-11.17));
#13246 = CIRCLE('',#13247,2.5);
#13247 = AXIS2_PLACEMENT_3D('',#13248,#13249,#13250);
#13248 = CARTESIAN_POINT('',(41.6,16.50001,-8.670000000001));
#13249 = DIRECTION('',(0.,-1.,1.110223024625E-16));
#13250 = DIRECTION('',(0.,-1.110223024625E-16,-1.));
#13251 = ORIENTED_EDGE('',*,*,#13252,.T.);
#13252 = EDGE_CURVE('',#13244,#2560,#13253,.T.);
#13253 = B_SPLINE_CURVE_WITH_KNOTS('',1,(#13254,#13255),.UNSPECIFIED.,
  .F.,.F.,(2,2),(6.,9.25),.PIECEWISE_BEZIER_KNOTS.);
#13254 = CARTESIAN_POINT('',(41.6,16.50001,-11.17));
#13255 = CARTESIAN_POINT('',(41.6,13.25001,-11.17));
#13256 = ORIENTED_EDGE('',*,*,#2559,.F.);
#13257 = ORIENTED_EDGE('',*,*,#13252,.F.);
#13258 = CYLINDRICAL_SURFACE('',#13259,2.5);
#13259 = AXIS2_PLACEMENT_3D('',#13260,#13261,#13262);
#13260 = CARTESIAN_POINT('',(41.6,22.50001,-8.670000000001));
#13261 = DIRECTION('',(0.,-1.,1.110223024625E-16));
#13262 = DIRECTION('',(0.,-1.110223024625E-16,-1.));
#13263 = ADVANCED_FACE('',(#13264),#13286,.F.);
#13264 = FACE_BOUND('',#13265,.F.);
#13265 = EDGE_LOOP('',(#13266,#13267,#13278,#13285));
#13266 = ORIENTED_EDGE('',*,*,#2575,.F.);
#13267 = ORIENTED_EDGE('',*,*,#13268,.F.);
#13268 = EDGE_CURVE('',#13269,#2569,#13271,.T.);
#13269 = VERTEX_POINT('',#13270);
#13270 = CARTESIAN_POINT('',(41.6,12.3922912824,-10.9632539401));
#13271 = B_SPLINE_CURVE_WITH_KNOTS('',5,(#13272,#13273,#13274,#13275,
    #13276,#13277),.UNSPECIFIED.,.F.,.F.,(6,6),(2.617993877991,
    3.566410580771),.PIECEWISE_BEZIER_KNOTS.);
#13272 = CARTESIAN_POINT('',(41.6,12.3922912824,-10.9632539401));
#13273 = CARTESIAN_POINT('',(41.6,12.45734243667,-10.92569663867));
#13274 = CARTESIAN_POINT('',(41.6,12.53129762468,-10.90355428868));
#13275 = CARTESIAN_POINT('',(41.6,12.60928832063,-10.89969915986));
#13276 = CARTESIAN_POINT('',(41.6,12.68506667209,-10.91444008746));
#13277 = CARTESIAN_POINT('',(41.6,12.75350462261,-10.94539893905));
#13278 = ORIENTED_EDGE('',*,*,#13279,.T.);
#13279 = EDGE_CURVE('',#13269,#13269,#13280,.T.);
#13280 = CIRCLE('',#13281,2.293253940101);
#13281 = AXIS2_PLACEMENT_3D('',#13282,#13283,#13284);
#13282 = CARTESIAN_POINT('',(41.6,12.3922912824,-8.670000000001));
#13283 = DIRECTION('',(0.,-1.,1.110223024625E-16));
#13284 = DIRECTION('',(0.,-1.110223024625E-16,-1.));
#13285 = ORIENTED_EDGE('',*,*,#13268,.T.);
#13286 = TOROIDAL_SURFACE('',#13287,2.6362,0.396);
#13287 = AXIS2_PLACEMENT_3D('',#13288,#13289,#13290);
#13288 = CARTESIAN_POINT('',(41.6,12.5902912824,-8.670000000001));
#13289 = DIRECTION('',(0.,-1.,1.110223024625E-16));
#13290 = DIRECTION('',(0.,-1.110223024625E-16,-1.));
#13291 = ADVANCED_FACE('',(#13292),#13310,.T.);
#13292 = FACE_BOUND('',#13293,.T.);
#13293 = EDGE_LOOP('',(#13294,#13303,#13308,#13309));
#13294 = ORIENTED_EDGE('',*,*,#13295,.F.);
#13295 = EDGE_CURVE('',#13296,#13296,#13298,.T.);
#13296 = VERTEX_POINT('',#13297);
#13297 = CARTESIAN_POINT('',(41.6,11.20001,-11.65161785944));
#13298 = CIRCLE('',#13299,2.98161785944);
#13299 = AXIS2_PLACEMENT_3D('',#13300,#13301,#13302);
#13300 = CARTESIAN_POINT('',(41.6,11.20001,-8.670000000001));
#13301 = DIRECTION('',(0.,-1.,1.110223024625E-16));
#13302 = DIRECTION('',(0.,-1.110223024625E-16,-1.));
#13303 = ORIENTED_EDGE('',*,*,#13304,.F.);
#13304 = EDGE_CURVE('',#13269,#13296,#13305,.T.);
#13305 = B_SPLINE_CURVE_WITH_KNOTS('',1,(#13306,#13307),.UNSPECIFIED.,
  .F.,.F.,(2,2),(2.220446046949E-16,1.376727838678),
  .PIECEWISE_BEZIER_KNOTS.);
#13306 = CARTESIAN_POINT('',(41.6,12.3922912824,-10.9632539401));
#13307 = CARTESIAN_POINT('',(41.6,11.20000999959,-11.65161785872));
#13308 = ORIENTED_EDGE('',*,*,#13279,.T.);
#13309 = ORIENTED_EDGE('',*,*,#13304,.T.);
#13310 = CONICAL_SURFACE('',#13311,2.293253940101,0.523598775);
#13311 = AXIS2_PLACEMENT_3D('',#13312,#13313,#13314);
#13312 = CARTESIAN_POINT('',(41.6,12.3922912824,-8.670000000001));
#13313 = DIRECTION('',(0.,-1.,2.067900442144E-16));
#13314 = DIRECTION('',(0.,-2.067900442144E-16,-1.));
#13315 = ADVANCED_FACE('',(#13316),#13334,.T.);
#13316 = FACE_BOUND('',#13317,.T.);
#13317 = EDGE_LOOP('',(#13318,#13319,#13326,#13333));
#13318 = ORIENTED_EDGE('',*,*,#13295,.T.);
#13319 = ORIENTED_EDGE('',*,*,#13320,.T.);
#13320 = EDGE_CURVE('',#13296,#13321,#13323,.T.);
#13321 = VERTEX_POINT('',#13322);
#13322 = CARTESIAN_POINT('',(41.6,10.60001,-11.87));
#13323 = B_SPLINE_CURVE_WITH_KNOTS('',1,(#13324,#13325),.UNSPECIFIED.,
  .F.,.F.,(2,2),(-0.638506663486,-3.330669073875E-16),
  .PIECEWISE_BEZIER_KNOTS.);
#13324 = CARTESIAN_POINT('',(41.6,11.20001000009,-11.65161785968));
#13325 = CARTESIAN_POINT('',(41.6,10.60001,-11.87));
#13326 = ORIENTED_EDGE('',*,*,#13327,.F.);
#13327 = EDGE_CURVE('',#13321,#13321,#13328,.T.);
#13328 = CIRCLE('',#13329,3.2);
#13329 = AXIS2_PLACEMENT_3D('',#13330,#13331,#13332);
#13330 = CARTESIAN_POINT('',(41.6,10.60001,-8.670000000001));
#13331 = DIRECTION('',(0.,-1.,1.110223024625E-16));
#13332 = DIRECTION('',(0.,-1.110223024625E-16,-1.));
#13333 = ORIENTED_EDGE('',*,*,#13320,.F.);
#13334 = CONICAL_SURFACE('',#13335,3.2,0.34906585);
#13335 = AXIS2_PLACEMENT_3D('',#13336,#13337,#13338);
#13336 = CARTESIAN_POINT('',(41.6,10.60001,-8.670000000001));
#13337 = DIRECTION('',(0.,-1.,3.378019242183E-16));
#13338 = DIRECTION('',(0.,-3.378019242183E-16,-1.));
#13339 = ADVANCED_FACE('',(#13340),#13356,.T.);
#13340 = FACE_BOUND('',#13341,.T.);
#13341 = EDGE_LOOP('',(#13342,#13343,#13349,#13350));
#13342 = ORIENTED_EDGE('',*,*,#10601,.F.);
#13343 = ORIENTED_EDGE('',*,*,#13344,.T.);
#13344 = EDGE_CURVE('',#10593,#10002,#13345,.T.);
#13345 = LINE('',#13346,#13347);
#13346 = CARTESIAN_POINT('',(51.390784954709,11.17001,-23.23429487682));
#13347 = VECTOR('',#13348,1.);
#13348 = DIRECTION('',(0.,1.,-1.110223024625E-16));
#13349 = ORIENTED_EDGE('',*,*,#10001,.F.);
#13350 = ORIENTED_EDGE('',*,*,#13351,.F.);
#13351 = EDGE_CURVE('',#10602,#9993,#13352,.T.);
#13352 = LINE('',#13353,#13354);
#13353 = CARTESIAN_POINT('',(51.381907971693,11.17001,-23.24967026242));
#13354 = VECTOR('',#13355,1.);
#13355 = DIRECTION('',(0.,1.,-1.110223024625E-16));
#13356 = PLANE('',#13357);
#13357 = AXIS2_PLACEMENT_3D('',#13358,#13359,#13360);
#13358 = CARTESIAN_POINT('',(51.390784954709,11.17001,-23.23429487682));
#13359 = DIRECTION('',(-0.866025403785,5.551115123115E-17,0.499999999999
    ));
#13360 = DIRECTION('',(0.,-1.,1.110223024625E-16));
#13361 = ADVANCED_FACE('',(#13362),#13378,.T.);
#13362 = FACE_BOUND('',#13363,.T.);
#13363 = EDGE_LOOP('',(#13364,#13365,#13371,#13372));
#13364 = ORIENTED_EDGE('',*,*,#11706,.F.);
#13365 = ORIENTED_EDGE('',*,*,#13366,.T.);
#13366 = EDGE_CURVE('',#11698,#11993,#13367,.T.);
#13367 = LINE('',#13368,#13369);
#13368 = CARTESIAN_POINT('',(39.711250413647,11.17001,-8.270000000001));
#13369 = VECTOR('',#13370,1.);
#13370 = DIRECTION('',(0.,1.,-1.110223024625E-16));
#13371 = ORIENTED_EDGE('',*,*,#11992,.F.);
#13372 = ORIENTED_EDGE('',*,*,#13373,.F.);
#13373 = EDGE_CURVE('',#11707,#11984,#13374,.T.);
#13374 = LINE('',#13375,#13376);
#13375 = CARTESIAN_POINT('',(39.729004379678,11.17001,-8.270000000001));
#13376 = VECTOR('',#13377,1.);
#13377 = DIRECTION('',(0.,1.,-1.110223024625E-16));
#13378 = PLANE('',#13379);
#13379 = AXIS2_PLACEMENT_3D('',#13380,#13381,#13382);
#13380 = CARTESIAN_POINT('',(39.711250413647,11.17001,-8.270000000001));
#13381 = DIRECTION('',(3.053408378198E-15,-1.110223024625E-16,-1.));
#13382 = DIRECTION('',(1.,3.389964285059E-31,3.053408378198E-15));
#13383 = ADVANCED_FACE('',(#13384),#13412,.T.);
#13384 = FACE_BOUND('',#13385,.T.);
#13385 = EDGE_LOOP('',(#13386,#13395,#13403,#13410,#13411));
#13386 = ORIENTED_EDGE('',*,*,#13387,.F.);
#13387 = EDGE_CURVE('',#13388,#9302,#13390,.T.);
#13388 = VERTEX_POINT('',#13389);
#13389 = CARTESIAN_POINT('',(16.53964654174,155.22501,-9.));
#13390 = CIRCLE('',#13391,28.897595264192);
#13391 = AXIS2_PLACEMENT_3D('',#13392,#13393,#13394);
#13392 = CARTESIAN_POINT('',(44.,155.22501,-1.562361462426E-14));
#13393 = DIRECTION('',(0.,-1.,-2.49157870341E-16));
#13394 = DIRECTION('',(0.,2.49157870341E-16,-1.));
#13395 = ORIENTED_EDGE('',*,*,#13396,.T.);
#13396 = EDGE_CURVE('',#13388,#13397,#13399,.T.);
#13397 = VERTEX_POINT('',#13398);
#13398 = CARTESIAN_POINT('',(17.2,155.22501,-9.));
#13399 = LINE('',#13400,#13401);
#13400 = CARTESIAN_POINT('',(44.,155.22501,-9.));
#13401 = VECTOR('',#13402,1.);
#13402 = DIRECTION('',(1.,0.,0.));
#13403 = ORIENTED_EDGE('',*,*,#13404,.F.);
#13404 = EDGE_CURVE('',#5892,#13397,#13405,.T.);
#13405 = CIRCLE('',#13406,0.3);
#13406 = AXIS2_PLACEMENT_3D('',#13407,#13408,#13409);
#13407 = CARTESIAN_POINT('',(17.2,155.22501,-8.7));
#13408 = DIRECTION('',(0.,1.,-1.110223024625E-16));
#13409 = DIRECTION('',(0.,1.110223024625E-16,1.));
#13410 = ORIENTED_EDGE('',*,*,#5891,.T.);
#13411 = ORIENTED_EDGE('',*,*,#9313,.F.);
#13412 = PLANE('',#13413);
#13413 = AXIS2_PLACEMENT_3D('',#13414,#13415,#13416);
#13414 = CARTESIAN_POINT('',(44.,155.22501,28.897595264192));
#13415 = DIRECTION('',(0.,1.,1.951292859931E-16));
#13416 = DIRECTION('',(-1.,0.,0.));
#13417 = ADVANCED_FACE('',(#13418),#13436,.T.);
#13418 = FACE_BOUND('',#13419,.T.);
#13419 = EDGE_LOOP('',(#13420,#13421,#13422,#13430));
#13420 = ORIENTED_EDGE('',*,*,#11445,.F.);
#13421 = ORIENTED_EDGE('',*,*,#5520,.T.);
#13422 = ORIENTED_EDGE('',*,*,#13423,.F.);
#13423 = EDGE_CURVE('',#13424,#5523,#13426,.T.);
#13424 = VERTEX_POINT('',#13425);
#13425 = CARTESIAN_POINT('',(29.22900437968,11.17001,-24.27));
#13426 = LINE('',#13427,#13428);
#13427 = CARTESIAN_POINT('',(29.21125041365,11.17001,-24.27));
#13428 = VECTOR('',#13429,1.);
#13429 = DIRECTION('',(-1.,-3.389964285059E-31,-3.053408378198E-15));
#13430 = ORIENTED_EDGE('',*,*,#13431,.F.);
#13431 = EDGE_CURVE('',#11446,#13424,#13432,.T.);
#13432 = LINE('',#13433,#13434);
#13433 = CARTESIAN_POINT('',(29.22900437968,11.17001,-24.27));
#13434 = VECTOR('',#13435,1.);
#13435 = DIRECTION('',(0.,1.,-1.110223024625E-16));
#13436 = PLANE('',#13437);
#13437 = AXIS2_PLACEMENT_3D('',#13438,#13439,#13440);
#13438 = CARTESIAN_POINT('',(29.21125041365,11.17001,-24.27));
#13439 = DIRECTION('',(3.053408378198E-15,-1.110223024625E-16,-1.));
#13440 = DIRECTION('',(1.,3.389964285059E-31,3.053408378198E-15));
#13441 = ADVANCED_FACE('',(#13442),#13461,.F.);
#13442 = FACE_BOUND('',#13443,.F.);
#13443 = EDGE_LOOP('',(#13444,#13452,#13459,#13460));
#13444 = ORIENTED_EDGE('',*,*,#13445,.T.);
#13445 = EDGE_CURVE('',#11562,#13446,#13448,.T.);
#13446 = VERTEX_POINT('',#13447);
#13447 = CARTESIAN_POINT('',(29.80921504533,11.17001,-26.10570512318));
#13448 = LINE('',#13449,#13450);
#13449 = CARTESIAN_POINT('',(29.80921504533,11.17001,-26.10570512318));
#13450 = VECTOR('',#13451,1.);
#13451 = DIRECTION('',(0.,1.,-1.110223024625E-16));
#13452 = ORIENTED_EDGE('',*,*,#13453,.T.);
#13453 = EDGE_CURVE('',#13446,#794,#13454,.T.);
#13454 = CIRCLE('',#13455,5.499999999707E-02);
#13455 = AXIS2_PLACEMENT_3D('',#13456,#13457,#13458);
#13456 = CARTESIAN_POINT('',(29.85684644253,11.17001,-26.13320512318));
#13457 = DIRECTION('',(0.,-1.,1.110223024625E-16));
#13458 = DIRECTION('',(1.,0.,0.));
#13459 = ORIENTED_EDGE('',*,*,#791,.F.);
#13460 = ORIENTED_EDGE('',*,*,#11561,.T.);
#13461 = CYLINDRICAL_SURFACE('',#13462,5.499999999707E-02);
#13462 = AXIS2_PLACEMENT_3D('',#13463,#13464,#13465);
#13463 = CARTESIAN_POINT('',(29.85684644253,11.17001,-26.13320512318));
#13464 = DIRECTION('',(0.,-1.,1.110223024625E-16));
#13465 = DIRECTION('',(1.,0.,0.));
#13466 = ADVANCED_FACE('',(#13467),#13499,.F.);
#13467 = FACE_BOUND('',#13468,.F.);
#13468 = EDGE_LOOP('',(#13469,#13470,#13482,#13491,#13498));
#13469 = ORIENTED_EDGE('',*,*,#7495,.F.);
#13470 = ORIENTED_EDGE('',*,*,#13471,.F.);
#13471 = EDGE_CURVE('',#13472,#7489,#13474,.T.);
#13472 = VERTEX_POINT('',#13473);
#13473 = CARTESIAN_POINT('',(44.,174.98084915875,-24.6539247954));
#13474 = B_SPLINE_CURVE_WITH_KNOTS('',6,(#13475,#13476,#13477,#13478,
    #13479,#13480,#13481),.UNSPECIFIED.,.F.,.F.,(7,7),(1.431169986635,
    3.14159265359),.PIECEWISE_BEZIER_KNOTS.);
#13475 = CARTESIAN_POINT('',(44.,174.98084915875,-24.6539247954));
#13476 = CARTESIAN_POINT('',(44.,174.9570446761,-24.48454710029));
#13477 = CARTESIAN_POINT('',(44.,174.99116298145,-24.30705191948));
#13478 = CARTESIAN_POINT('',(44.,175.08680963872,-24.14603483537));
#13479 = CARTESIAN_POINT('',(44.,175.23294827374,-24.0289097579));
#13480 = CARTESIAN_POINT('',(44.,175.4039677333,-23.97042093483));
#13481 = CARTESIAN_POINT('',(44.,175.57501,-23.97042093483));
#13482 = ORIENTED_EDGE('',*,*,#13483,.T.);
#13483 = EDGE_CURVE('',#13472,#13484,#13486,.T.);
#13484 = VERTEX_POINT('',#13485);
#13485 = CARTESIAN_POINT('',(44.,174.98084915736,24.653924795604));
#13486 = CIRCLE('',#13487,24.653924795409);
#13487 = AXIS2_PLACEMENT_3D('',#13488,#13489,#13490);
#13488 = CARTESIAN_POINT('',(44.,174.98084915875,-1.781695337474E-14));
#13489 = DIRECTION('',(0.,-1.,1.110223024625E-16));
#13490 = DIRECTION('',(0.,-1.110223024625E-16,-1.));
#13491 = ORIENTED_EDGE('',*,*,#13492,.T.);
#13492 = EDGE_CURVE('',#13484,#13472,#13493,.T.);
#13493 = CIRCLE('',#13494,24.653924795409);
#13494 = AXIS2_PLACEMENT_3D('',#13495,#13496,#13497);
#13495 = CARTESIAN_POINT('',(44.,174.98084915875,-1.781695337474E-14));
#13496 = DIRECTION('',(0.,-1.,1.110223024625E-16));
#13497 = DIRECTION('',(0.,-1.110223024625E-16,-1.));
#13498 = ORIENTED_EDGE('',*,*,#13471,.T.);
#13499 = TOROIDAL_SURFACE('',#13500,24.570420934833,0.6);
#13500 = AXIS2_PLACEMENT_3D('',#13501,#13502,#13503);
#13501 = CARTESIAN_POINT('',(44.,175.57501,-1.788291847937E-14));
#13502 = DIRECTION('',(0.,-1.,1.110223024625E-16));
#13503 = DIRECTION('',(0.,-1.110223024625E-16,-1.));
#13504 = ADVANCED_FACE('',(#13505),#13516,.F.);
#13505 = FACE_BOUND('',#13506,.T.);
#13506 = EDGE_LOOP('',(#13507,#13513,#13514,#13515));
#13507 = ORIENTED_EDGE('',*,*,#13508,.F.);
#13508 = EDGE_CURVE('',#11039,#10880,#13509,.T.);
#13509 = LINE('',#13510,#13511);
#13510 = CARTESIAN_POINT('',(53.1,11.50001,-19.45));
#13511 = VECTOR('',#13512,1.);
#13512 = DIRECTION('',(1.,-2.220892188122E-30,-2.000401846171E-14));
#13513 = ORIENTED_EDGE('',*,*,#11038,.F.);
#13514 = ORIENTED_EDGE('',*,*,#4321,.T.);
#13515 = ORIENTED_EDGE('',*,*,#10889,.T.);
#13516 = PLANE('',#13517);
#13517 = AXIS2_PLACEMENT_3D('',#13518,#13519,#13520);
#13518 = CARTESIAN_POINT('',(53.1,16.50001,-19.45));
#13519 = DIRECTION('',(8.004823123004E-42,1.110223024629E-16,1.));
#13520 = DIRECTION('',(-1.,2.000401846171E-14,-2.220892188122E-30));
#13521 = ADVANCED_FACE('',(#13522,#13525,#13528),#13569,.T.);
#13522 = FACE_BOUND('',#13523,.T.);
#13523 = EDGE_LOOP('',(#13524));
#13524 = ORIENTED_EDGE('',*,*,#9218,.F.);
#13525 = FACE_BOUND('',#13526,.T.);
#13526 = EDGE_LOOP('',(#13527));
#13527 = ORIENTED_EDGE('',*,*,#13243,.F.);
#13528 = FACE_BOUND('',#13529,.T.);
#13529 = EDGE_LOOP('',(#13530,#13536,#13537,#13543,#13544,#13552,#13561,
    #13567,#13568));
#13530 = ORIENTED_EDGE('',*,*,#13531,.F.);
#13531 = EDGE_CURVE('',#1363,#9435,#13532,.T.);
#13532 = LINE('',#13533,#13534);
#13533 = CARTESIAN_POINT('',(56.2,16.50001,-9.000000000001));
#13534 = VECTOR('',#13535,1.);
#13535 = DIRECTION('',(-2.382452842543E-14,-1.110223024625E-16,-1.));
#13536 = ORIENTED_EDGE('',*,*,#1370,.F.);
#13537 = ORIENTED_EDGE('',*,*,#13538,.F.);
#13538 = EDGE_CURVE('',#12320,#1371,#13539,.T.);
#13539 = LINE('',#13540,#13541);
#13540 = CARTESIAN_POINT('',(48.200000000001,16.50001,10.25));
#13541 = VECTOR('',#13542,1.);
#13542 = DIRECTION('',(1.,-2.279840147843E-30,-2.053497448058E-14));
#13543 = ORIENTED_EDGE('',*,*,#12344,.T.);
#13544 = ORIENTED_EDGE('',*,*,#13545,.F.);
#13545 = EDGE_CURVE('',#13546,#8030,#13548,.T.);
#13546 = VERTEX_POINT('',#13547);
#13547 = CARTESIAN_POINT('',(43.802500789159,16.50001,15.74257369033));
#13548 = LINE('',#13549,#13550);
#13549 = CARTESIAN_POINT('',(43.802500789159,16.50001,15.74257369033));
#13550 = VECTOR('',#13551,1.);
#13551 = DIRECTION('',(0.173648177667,1.093356242223E-16,0.984807753012)
  );
#13552 = ORIENTED_EDGE('',*,*,#13553,.F.);
#13553 = EDGE_CURVE('',#13554,#13546,#13556,.T.);
#13554 = VERTEX_POINT('',#13555);
#13555 = CARTESIAN_POINT('',(37.5,16.50001,6.741669750802));
#13556 = CIRCLE('',#13557,13.);
#13557 = AXIS2_PLACEMENT_3D('',#13558,#13559,#13560);
#13558 = CARTESIAN_POINT('',(31.,16.50001,18.));
#13559 = DIRECTION('',(0.,-1.,1.110223024625E-16));
#13560 = DIRECTION('',(1.,0.,0.));
#13561 = ORIENTED_EDGE('',*,*,#13562,.T.);
#13562 = EDGE_CURVE('',#13554,#4191,#13563,.T.);
#13563 = LINE('',#13564,#13565);
#13564 = CARTESIAN_POINT('',(37.5,16.50001,6.741669750802));
#13565 = VECTOR('',#13566,1.);
#13566 = DIRECTION('',(-0.866025403784,-5.551115123128E-17,-0.5));
#13567 = ORIENTED_EDGE('',*,*,#4190,.T.);
#13568 = ORIENTED_EDGE('',*,*,#9442,.T.);
#13569 = PLANE('',#13570);
#13570 = AXIS2_PLACEMENT_3D('',#13571,#13572,#13573);
#13571 = CARTESIAN_POINT('',(24.8,16.50001,7.149999999999));
#13572 = DIRECTION('',(0.,-1.,1.110223024625E-16));
#13573 = DIRECTION('',(0.,-1.110223024625E-16,-1.));
#13574 = ADVANCED_FACE('',(#13575),#13588,.F.);
#13575 = FACE_BOUND('',#13576,.T.);
#13576 = EDGE_LOOP('',(#13577,#13578,#13579,#13580,#13581,#13582));
#13577 = ORIENTED_EDGE('',*,*,#198,.T.);
#13578 = ORIENTED_EDGE('',*,*,#7027,.T.);
#13579 = ORIENTED_EDGE('',*,*,#10096,.T.);
#13580 = ORIENTED_EDGE('',*,*,#5815,.T.);
#13581 = ORIENTED_EDGE('',*,*,#6050,.F.);
#13582 = ORIENTED_EDGE('',*,*,#13583,.F.);
#13583 = EDGE_CURVE('',#199,#6051,#13584,.T.);
#13584 = LINE('',#13585,#13586);
#13585 = CARTESIAN_POINT('',(80.5,162.10001,8.));
#13586 = VECTOR('',#13587,1.);
#13587 = DIRECTION('',(-1.,0.,0.));
#13588 = PLANE('',#13589);
#13589 = AXIS2_PLACEMENT_3D('',#13590,#13591,#13592);
#13590 = CARTESIAN_POINT('',(80.5,144.10001,8.));
#13591 = DIRECTION('',(0.,-1.045460014855E-15,1.));
#13592 = DIRECTION('',(-1.,0.,0.));
#13593 = ADVANCED_FACE('',(#13594),#13606,.F.);
#13594 = FACE_BOUND('',#13595,.F.);
#13595 = EDGE_LOOP('',(#13596,#13603,#13604,#13605));
#13596 = ORIENTED_EDGE('',*,*,#13597,.F.);
#13597 = EDGE_CURVE('',#2396,#6051,#13598,.T.);
#13598 = CIRCLE('',#13599,8.);
#13599 = AXIS2_PLACEMENT_3D('',#13600,#13601,#13602);
#13600 = CARTESIAN_POINT('',(70.8,162.10001,-8.83737638624E-15));
#13601 = DIRECTION('',(1.,0.,-0.));
#13602 = DIRECTION('',(0.,1.110223024625E-16,1.));
#13603 = ORIENTED_EDGE('',*,*,#2395,.F.);
#13604 = ORIENTED_EDGE('',*,*,#5717,.F.);
#13605 = ORIENTED_EDGE('',*,*,#6058,.F.);
#13606 = TOROIDAL_SURFACE('',#13607,7.7,0.3);
#13607 = AXIS2_PLACEMENT_3D('',#13608,#13609,#13610);
#13608 = CARTESIAN_POINT('',(70.8,162.10001,-8.83737638624E-15));
#13609 = DIRECTION('',(-1.,0.,0.));
#13610 = DIRECTION('',(0.,1.110223024625E-16,1.));
#13611 = ADVANCED_FACE('',(#13612),#13618,.T.);
#13612 = FACE_BOUND('',#13613,.T.);
#13613 = EDGE_LOOP('',(#13614,#13615,#13616,#13617));
#13614 = ORIENTED_EDGE('',*,*,#10609,.F.);
#13615 = ORIENTED_EDGE('',*,*,#13351,.T.);
#13616 = ORIENTED_EDGE('',*,*,#9992,.F.);
#13617 = ORIENTED_EDGE('',*,*,#5093,.F.);
#13618 = CYLINDRICAL_SURFACE('',#13619,0.12);
#13619 = AXIS2_PLACEMENT_3D('',#13620,#13621,#13622);
#13620 = CARTESIAN_POINT('',(51.485831020147,11.17001,-23.30967026242));
#13621 = DIRECTION('',(0.,-1.,1.110223024625E-16));
#13622 = DIRECTION('',(1.,0.,0.));
#13623 = ADVANCED_FACE('',(#13624),#13636,.F.);
#13624 = FACE_BOUND('',#13625,.F.);
#13625 = EDGE_LOOP('',(#13626,#13627,#13634,#13635));
#13626 = ORIENTED_EDGE('',*,*,#10318,.T.);
#13627 = ORIENTED_EDGE('',*,*,#13628,.F.);
#13628 = EDGE_CURVE('',#10781,#10310,#13629,.T.);
#13629 = CIRCLE('',#13630,1.974999999996);
#13630 = AXIS2_PLACEMENT_3D('',#13631,#13632,#13633);
#13631 = CARTESIAN_POINT('',(50.100000000014,11.17001,-24.66999999999));
#13632 = DIRECTION('',(-8.326672684704E-16,1.,3.697183691308E-16));
#13633 = DIRECTION('',(-0.499999999997,-9.614813431913E-17,
    -0.866025403786));
#13634 = ORIENTED_EDGE('',*,*,#10780,.F.);
#13635 = ORIENTED_EDGE('',*,*,#10628,.T.);
#13636 = CYLINDRICAL_SURFACE('',#13637,1.974999999996);
#13637 = AXIS2_PLACEMENT_3D('',#13638,#13639,#13640);
#13638 = CARTESIAN_POINT('',(50.100000000014,11.17001,-24.66999999999));
#13639 = DIRECTION('',(0.,-1.,1.110223024625E-16));
#13640 = DIRECTION('',(1.,0.,0.));
#13641 = ADVANCED_FACE('',(#13642),#13648,.F.);
#13642 = FACE_BOUND('',#13643,.F.);
#13643 = EDGE_LOOP('',(#13644,#13645,#13646,#13647));
#13644 = ORIENTED_EDGE('',*,*,#13344,.T.);
#13645 = ORIENTED_EDGE('',*,*,#10009,.F.);
#13646 = ORIENTED_EDGE('',*,*,#12059,.F.);
#13647 = ORIENTED_EDGE('',*,*,#10592,.F.);
#13648 = CYLINDRICAL_SURFACE('',#13649,5.5E-02);
#13649 = AXIS2_PLACEMENT_3D('',#13650,#13651,#13652);
#13650 = CARTESIAN_POINT('',(51.3431535575,11.17001,-23.20679487682));
#13651 = DIRECTION('',(0.,-1.,1.110223024625E-16));
#13652 = DIRECTION('',(1.,0.,0.));
#13653 = ADVANCED_FACE('',(#13654),#13665,.F.);
#13654 = FACE_BOUND('',#13655,.F.);
#13655 = EDGE_LOOP('',(#13656,#13657,#13658,#13664));
#13656 = ORIENTED_EDGE('',*,*,#12066,.T.);
#13657 = ORIENTED_EDGE('',*,*,#10027,.T.);
#13658 = ORIENTED_EDGE('',*,*,#13659,.F.);
#13659 = EDGE_CURVE('',#10567,#10028,#13660,.T.);
#13660 = LINE('',#13661,#13662);
#13661 = CARTESIAN_POINT('',(50.697964631681,11.17001,-22.83429487682));
#13662 = VECTOR('',#13663,1.);
#13663 = DIRECTION('',(0.,1.,-1.110223024625E-16));
#13664 = ORIENTED_EDGE('',*,*,#10574,.T.);
#13665 = CYLINDRICAL_SURFACE('',#13666,5.5E-02);
#13666 = AXIS2_PLACEMENT_3D('',#13667,#13668,#13669);
#13667 = CARTESIAN_POINT('',(50.745596028889,11.17001,-22.86179487682));
#13668 = DIRECTION('',(0.,-1.,1.110223024625E-16));
#13669 = DIRECTION('',(1.,0.,0.));
#13670 = ADVANCED_FACE('',(#13671),#13682,.F.);
#13671 = FACE_BOUND('',#13672,.T.);
#13672 = EDGE_LOOP('',(#13673,#13674,#13680,#13681));
#13673 = ORIENTED_EDGE('',*,*,#10566,.T.);
#13674 = ORIENTED_EDGE('',*,*,#13675,.T.);
#13675 = EDGE_CURVE('',#10558,#10037,#13676,.T.);
#13676 = LINE('',#13677,#13678);
#13677 = CARTESIAN_POINT('',(50.689087648665,11.17001,-22.84967026242));
#13678 = VECTOR('',#13679,1.);
#13679 = DIRECTION('',(0.,1.,-1.110223024625E-16));
#13680 = ORIENTED_EDGE('',*,*,#10036,.T.);
#13681 = ORIENTED_EDGE('',*,*,#13659,.F.);
#13682 = PLANE('',#13683);
#13683 = AXIS2_PLACEMENT_3D('',#13684,#13685,#13686);
#13684 = CARTESIAN_POINT('',(50.697964631681,11.17001,-22.83429487682));
#13685 = DIRECTION('',(-0.866025403785,5.551115123115E-17,0.499999999999
    ));
#13686 = DIRECTION('',(0.,-1.,1.110223024625E-16));
#13687 = ADVANCED_FACE('',(#13688),#13699,.T.);
#13688 = FACE_BOUND('',#13689,.T.);
#13689 = EDGE_LOOP('',(#13690,#13691,#13697,#13698));
#13690 = ORIENTED_EDGE('',*,*,#10557,.T.);
#13691 = ORIENTED_EDGE('',*,*,#13692,.T.);
#13692 = EDGE_CURVE('',#10549,#10045,#13693,.T.);
#13693 = LINE('',#13694,#13695);
#13694 = CARTESIAN_POINT('',(50.614553924929,11.17001,-22.90601572899));
#13695 = VECTOR('',#13696,1.);
#13696 = DIRECTION('',(0.,1.,-1.110223024625E-16));
#13697 = ORIENTED_EDGE('',*,*,#10044,.T.);
#13698 = ORIENTED_EDGE('',*,*,#13675,.F.);
#13699 = CYLINDRICAL_SURFACE('',#13700,0.12);
#13700 = AXIS2_PLACEMENT_3D('',#13701,#13702,#13703);
#13701 = CARTESIAN_POINT('',(50.585164600211,11.17001,-22.78967026242));
#13702 = DIRECTION('',(0.,-1.,1.110223024625E-16));
#13703 = DIRECTION('',(1.,0.,0.));
#13704 = ADVANCED_FACE('',(#13705),#13718,.T.);
#13705 = FACE_BOUND('',#13706,.T.);
#13706 = EDGE_LOOP('',(#13707,#13708,#13709,#13716,#13717));
#13707 = ORIENTED_EDGE('',*,*,#10548,.T.);
#13708 = ORIENTED_EDGE('',*,*,#9914,.T.);
#13709 = ORIENTED_EDGE('',*,*,#13710,.T.);
#13710 = EDGE_CURVE('',#9906,#6272,#13711,.T.);
#13711 = CIRCLE('',#13712,2.10098297883);
#13712 = AXIS2_PLACEMENT_3D('',#13713,#13714,#13715);
#13713 = CARTESIAN_POINT('',(50.100000000008,11.17001,-20.86901702117));
#13714 = DIRECTION('',(-7.814892604496E-16,-1.,5.622153373519E-16));
#13715 = DIRECTION('',(-0.5,-9.614813431899E-17,-0.866025403784));
#13716 = ORIENTED_EDGE('',*,*,#10053,.T.);
#13717 = ORIENTED_EDGE('',*,*,#13692,.F.);
#13718 = CYLINDRICAL_SURFACE('',#13719,2.10098297883);
#13719 = AXIS2_PLACEMENT_3D('',#13720,#13721,#13722);
#13720 = CARTESIAN_POINT('',(50.100000000008,11.17001,-20.86901702117));
#13721 = DIRECTION('',(0.,-1.,1.110223024625E-16));
#13722 = DIRECTION('',(1.,0.,0.));
#13723 = ADVANCED_FACE('',(#13724),#13742,.T.);
#13724 = FACE_BOUND('',#13725,.T.);
#13725 = EDGE_LOOP('',(#13726,#13727,#13735,#13741));
#13726 = ORIENTED_EDGE('',*,*,#10541,.F.);
#13727 = ORIENTED_EDGE('',*,*,#13728,.T.);
#13728 = EDGE_CURVE('',#10533,#13729,#13731,.T.);
#13729 = VERTEX_POINT('',#13730);
#13730 = CARTESIAN_POINT('',(49.502035368336,11.17001,-22.83429487682));
#13731 = LINE('',#13732,#13733);
#13732 = CARTESIAN_POINT('',(49.502035368336,11.17001,-22.83429487682));
#13733 = VECTOR('',#13734,1.);
#13734 = DIRECTION('',(0.,1.,-1.110223024625E-16));
#13735 = ORIENTED_EDGE('',*,*,#13736,.F.);
#13736 = EDGE_CURVE('',#9898,#13729,#13737,.T.);
#13737 = LINE('',#13738,#13739);
#13738 = CARTESIAN_POINT('',(49.502035368338,11.17001,-22.83429487682));
#13739 = VECTOR('',#13740,1.);
#13740 = DIRECTION('',(-0.5,-1.118431410553E-16,0.866025403784));
#13741 = ORIENTED_EDGE('',*,*,#9897,.F.);
#13742 = PLANE('',#13743);
#13743 = AXIS2_PLACEMENT_3D('',#13744,#13745,#13746);
#13744 = CARTESIAN_POINT('',(49.502035368338,11.17001,-22.83429487682));
#13745 = DIRECTION('',(-0.866025403784,-5.551115123128E-17,-0.5));
#13746 = DIRECTION('',(0.,-1.,1.110223024625E-16));
#13747 = ADVANCED_FACE('',(#13748),#13767,.F.);
#13748 = FACE_BOUND('',#13749,.F.);
#13749 = EDGE_LOOP('',(#13750,#13751,#13760,#13766));
#13750 = ORIENTED_EDGE('',*,*,#13728,.T.);
#13751 = ORIENTED_EDGE('',*,*,#13752,.T.);
#13752 = EDGE_CURVE('',#13729,#13753,#13755,.T.);
#13753 = VERTEX_POINT('',#13754);
#13754 = CARTESIAN_POINT('',(49.435910334887,11.17001,-22.80999733423));
#13755 = CIRCLE('',#13756,5.499999999707E-02);
#13756 = AXIS2_PLACEMENT_3D('',#13757,#13758,#13759);
#13757 = CARTESIAN_POINT('',(49.45440397113,11.17001,-22.86179487682));
#13758 = DIRECTION('',(-7.814892604496E-16,-1.,5.622153373519E-16));
#13759 = DIRECTION('',(-0.5,-9.614813431899E-17,-0.866025403784));
#13760 = ORIENTED_EDGE('',*,*,#13761,.F.);
#13761 = EDGE_CURVE('',#10524,#13753,#13762,.T.);
#13762 = LINE('',#13763,#13764);
#13763 = CARTESIAN_POINT('',(49.435910334887,11.17001,-22.80999733423));
#13764 = VECTOR('',#13765,1.);
#13765 = DIRECTION('',(0.,1.,-1.110223024625E-16));
#13766 = ORIENTED_EDGE('',*,*,#10532,.T.);
#13767 = CYLINDRICAL_SURFACE('',#13768,5.499999999707E-02);
#13768 = AXIS2_PLACEMENT_3D('',#13769,#13770,#13771);
#13769 = CARTESIAN_POINT('',(49.45440397113,11.17001,-22.86179487682));
#13770 = DIRECTION('',(0.,-1.,1.110223024625E-16));
#13771 = DIRECTION('',(1.,0.,0.));
#13772 = ADVANCED_FACE('',(#13773),#13785,.F.);
#13773 = FACE_BOUND('',#13774,.F.);
#13774 = EDGE_LOOP('',(#13775,#13776,#13783,#13784));
#13775 = ORIENTED_EDGE('',*,*,#13761,.T.);
#13776 = ORIENTED_EDGE('',*,*,#13777,.F.);
#13777 = EDGE_CURVE('',#2438,#13753,#13778,.T.);
#13778 = CIRCLE('',#13779,1.974999999996);
#13779 = AXIS2_PLACEMENT_3D('',#13780,#13781,#13782);
#13780 = CARTESIAN_POINT('',(50.100000000014,11.17001,-24.66999999999));
#13781 = DIRECTION('',(0.,1.,-1.110223024625E-16));
#13782 = DIRECTION('',(1.,0.,0.));
#13783 = ORIENTED_EDGE('',*,*,#2435,.F.);
#13784 = ORIENTED_EDGE('',*,*,#10523,.T.);
#13785 = CYLINDRICAL_SURFACE('',#13786,1.974999999996);
#13786 = AXIS2_PLACEMENT_3D('',#13787,#13788,#13789);
#13787 = CARTESIAN_POINT('',(50.100000000014,11.17001,-24.66999999999));
#13788 = DIRECTION('',(0.,-1.,1.110223024625E-16));
#13789 = DIRECTION('',(1.,0.,0.));
#13790 = ADVANCED_FACE('',(#13791),#13803,.T.);
#13791 = FACE_BOUND('',#13792,.T.);
#13792 = EDGE_LOOP('',(#13793,#13794,#13795,#13802));
#13793 = ORIENTED_EDGE('',*,*,#10514,.F.);
#13794 = ORIENTED_EDGE('',*,*,#4486,.T.);
#13795 = ORIENTED_EDGE('',*,*,#13796,.F.);
#13796 = EDGE_CURVE('',#3235,#4478,#13797,.T.);
#13797 = CIRCLE('',#13798,0.12);
#13798 = AXIS2_PLACEMENT_3D('',#13799,#13800,#13801);
#13799 = CARTESIAN_POINT('',(48.71416897988,11.17001,-23.30967026241));
#13800 = DIRECTION('',(0.,1.,-1.110223024625E-16));
#13801 = DIRECTION('',(1.,0.,0.));
#13802 = ORIENTED_EDGE('',*,*,#3234,.F.);
#13803 = CYLINDRICAL_SURFACE('',#13804,0.12);
#13804 = AXIS2_PLACEMENT_3D('',#13805,#13806,#13807);
#13805 = CARTESIAN_POINT('',(48.71416897988,11.17001,-23.30967026241));
#13806 = DIRECTION('',(0.,-1.,1.110223024625E-16));
#13807 = DIRECTION('',(1.,0.,0.));
#13808 = ADVANCED_FACE('',(#13809),#13854,.F.);
#13809 = FACE_BOUND('',#13810,.T.);
#13810 = EDGE_LOOP('',(#13811,#13812,#13813,#13814,#13815,#13816,#13817,
    #13818,#13819,#13820,#13821,#13822,#13828,#13829,#13830,#13831,
    #13837,#13838,#13839,#13848));
#13811 = ORIENTED_EDGE('',*,*,#3675,.T.);
#13812 = ORIENTED_EDGE('',*,*,#9294,.F.);
#13813 = ORIENTED_EDGE('',*,*,#8133,.F.);
#13814 = ORIENTED_EDGE('',*,*,#5782,.F.);
#13815 = ORIENTED_EDGE('',*,*,#8511,.T.);
#13816 = ORIENTED_EDGE('',*,*,#11202,.F.);
#13817 = ORIENTED_EDGE('',*,*,#5671,.T.);
#13818 = ORIENTED_EDGE('',*,*,#5761,.F.);
#13819 = ORIENTED_EDGE('',*,*,#8550,.F.);
#13820 = ORIENTED_EDGE('',*,*,#1900,.F.);
#13821 = ORIENTED_EDGE('',*,*,#3895,.T.);
#13822 = ORIENTED_EDGE('',*,*,#13823,.F.);
#13823 = EDGE_CURVE('',#10911,#3886,#13824,.T.);
#13824 = LINE('',#13825,#13826);
#13825 = CARTESIAN_POINT('',(44.,149.10001,20.));
#13826 = VECTOR('',#13827,1.);
#13827 = DIRECTION('',(1.,0.,0.));
#13828 = ORIENTED_EDGE('',*,*,#10918,.F.);
#13829 = ORIENTED_EDGE('',*,*,#7401,.F.);
#13830 = ORIENTED_EDGE('',*,*,#12292,.T.);
#13831 = ORIENTED_EDGE('',*,*,#13832,.T.);
#13832 = EDGE_CURVE('',#12285,#2259,#13833,.T.);
#13833 = LINE('',#13834,#13835);
#13834 = CARTESIAN_POINT('',(44.,149.10001,9.));
#13835 = VECTOR('',#13836,1.);
#13836 = DIRECTION('',(1.,0.,0.));
#13837 = ORIENTED_EDGE('',*,*,#2268,.F.);
#13838 = ORIENTED_EDGE('',*,*,#7306,.T.);
#13839 = ORIENTED_EDGE('',*,*,#13840,.F.);
#13840 = EDGE_CURVE('',#13841,#7307,#13843,.T.);
#13841 = VERTEX_POINT('',#13842);
#13842 = CARTESIAN_POINT('',(17.2,149.10001,-9.));
#13843 = CIRCLE('',#13844,0.3);
#13844 = AXIS2_PLACEMENT_3D('',#13845,#13846,#13847);
#13845 = CARTESIAN_POINT('',(17.2,149.10001,-8.7));
#13846 = DIRECTION('',(0.,-1.,1.110223024625E-16));
#13847 = DIRECTION('',(0.,1.110223024625E-16,1.));
#13848 = ORIENTED_EDGE('',*,*,#13849,.T.);
#13849 = EDGE_CURVE('',#13841,#3676,#13850,.T.);
#13850 = LINE('',#13851,#13852);
#13851 = CARTESIAN_POINT('',(44.,149.10001,-9.));
#13852 = VECTOR('',#13853,1.);
#13853 = DIRECTION('',(-1.,0.,0.));
#13854 = PLANE('',#13855);
#13855 = AXIS2_PLACEMENT_3D('',#13856,#13857,#13858);
#13856 = CARTESIAN_POINT('',(44.,149.10001,-1.494360302168E-14));
#13857 = DIRECTION('',(0.,1.,-1.110223024625E-16));
#13858 = DIRECTION('',(-1.,0.,0.));
#13859 = ADVANCED_FACE('',(#13860),#13879,.F.);
#13860 = FACE_BOUND('',#13861,.F.);
#13861 = EDGE_LOOP('',(#13862,#13863,#13872,#13878));
#13862 = ORIENTED_EDGE('',*,*,#3944,.T.);
#13863 = ORIENTED_EDGE('',*,*,#13864,.T.);
#13864 = EDGE_CURVE('',#3945,#13865,#13867,.T.);
#13865 = VERTEX_POINT('',#13866);
#13866 = CARTESIAN_POINT('',(30.43591033489,11.17001,-22.80999733423));
#13867 = CIRCLE('',#13868,5.499999999707E-02);
#13868 = AXIS2_PLACEMENT_3D('',#13869,#13870,#13871);
#13869 = CARTESIAN_POINT('',(30.45440397113,11.17001,-22.86179487682));
#13870 = DIRECTION('',(-7.814892604496E-16,-1.,5.622153373519E-16));
#13871 = DIRECTION('',(-0.5,-9.614813431899E-17,-0.866025403784));
#13872 = ORIENTED_EDGE('',*,*,#13873,.F.);
#13873 = EDGE_CURVE('',#11473,#13865,#13874,.T.);
#13874 = LINE('',#13875,#13876);
#13875 = CARTESIAN_POINT('',(30.43591033489,11.17001,-22.80999733423));
#13876 = VECTOR('',#13877,1.);
#13877 = DIRECTION('',(0.,1.,-1.110223024625E-16));
#13878 = ORIENTED_EDGE('',*,*,#11481,.T.);
#13879 = CYLINDRICAL_SURFACE('',#13880,5.499999999707E-02);
#13880 = AXIS2_PLACEMENT_3D('',#13881,#13882,#13883);
#13881 = CARTESIAN_POINT('',(30.45440397113,11.17001,-22.86179487682));
#13882 = DIRECTION('',(0.,-1.,1.110223024625E-16));
#13883 = DIRECTION('',(1.,0.,0.));
#13884 = ADVANCED_FACE('',(#13885),#13898,.T.);
#13885 = FACE_BOUND('',#13886,.T.);
#13886 = EDGE_LOOP('',(#13887,#13888,#13889,#13895,#13896,#13897));
#13887 = ORIENTED_EDGE('',*,*,#3512,.F.);
#13888 = ORIENTED_EDGE('',*,*,#1177,.F.);
#13889 = ORIENTED_EDGE('',*,*,#13890,.T.);
#13890 = EDGE_CURVE('',#1168,#8040,#13891,.T.);
#13891 = LINE('',#13892,#13893);
#13892 = CARTESIAN_POINT('',(43.131759111665,16.50001,22.424038765061));
#13893 = VECTOR('',#13894,1.);
#13894 = DIRECTION('',(-0.573576436351,-9.094414602384E-17,
    -0.819152044289));
#13895 = ORIENTED_EDGE('',*,*,#8039,.F.);
#13896 = ORIENTED_EDGE('',*,*,#12337,.T.);
#13897 = ORIENTED_EDGE('',*,*,#1086,.F.);
#13898 = PLANE('',#13899);
#13899 = AXIS2_PLACEMENT_3D('',#13900,#13901,#13902);
#13900 = CARTESIAN_POINT('',(43.131759111665,-8.49999,22.424038765061));
#13901 = DIRECTION('',(-0.819152044289,6.367977660193E-17,0.573576436351
    ));
#13902 = DIRECTION('',(0.,-1.,1.110223024625E-16));
#13903 = ADVANCED_FACE('',(#13904),#13931,.T.);
#13904 = FACE_BOUND('',#13905,.T.);
#13905 = EDGE_LOOP('',(#13906,#13907,#13908,#13909,#13915,#13916,#13917,
    #13923,#13924));
#13906 = ORIENTED_EDGE('',*,*,#4214,.F.);
#13907 = ORIENTED_EDGE('',*,*,#1485,.T.);
#13908 = ORIENTED_EDGE('',*,*,#1201,.T.);
#13909 = ORIENTED_EDGE('',*,*,#13910,.T.);
#13910 = EDGE_CURVE('',#1194,#6645,#13911,.T.);
#13911 = LINE('',#13912,#13913);
#13912 = CARTESIAN_POINT('',(68.395183950936,133.10001,24.395183950936)
  );
#13913 = VECTOR('',#13914,1.);
#13914 = DIRECTION('',(0.707106781187,-7.850462293419E-17,
    -0.707106781187));
#13915 = ORIENTED_EDGE('',*,*,#6654,.T.);
#13916 = ORIENTED_EDGE('',*,*,#2244,.F.);
#13917 = ORIENTED_EDGE('',*,*,#13918,.F.);
#13918 = EDGE_CURVE('',#4247,#2237,#13919,.T.);
#13919 = LINE('',#13920,#13921);
#13920 = CARTESIAN_POINT('',(44.,133.10001,-31.65));
#13921 = VECTOR('',#13922,1.);
#13922 = DIRECTION('',(1.,0.,0.));
#13923 = ORIENTED_EDGE('',*,*,#4246,.F.);
#13924 = ORIENTED_EDGE('',*,*,#13925,.T.);
#13925 = EDGE_CURVE('',#4239,#4215,#13926,.T.);
#13926 = CIRCLE('',#13927,26.5);
#13927 = AXIS2_PLACEMENT_3D('',#13928,#13929,#13930);
#13928 = CARTESIAN_POINT('',(44.,133.10001,-1.316724618228E-14));
#13929 = DIRECTION('',(0.,-1.,1.110223024625E-16));
#13930 = DIRECTION('',(0.,1.110223024625E-16,1.));
#13931 = PLANE('',#13932);
#13932 = AXIS2_PLACEMENT_3D('',#13933,#13934,#13935);
#13933 = CARTESIAN_POINT('',(44.,133.10001,-1.316724618228E-14));
#13934 = DIRECTION('',(0.,1.,-1.110223024625E-16));
#13935 = DIRECTION('',(-1.,0.,0.));
#13936 = ADVANCED_FACE('',(#13937),#13952,.T.);
#13937 = FACE_BOUND('',#13938,.T.);
#13938 = EDGE_LOOP('',(#13939,#13940,#13950,#13951));
#13939 = ORIENTED_EDGE('',*,*,#3694,.F.);
#13940 = ORIENTED_EDGE('',*,*,#13941,.T.);
#13941 = EDGE_CURVE('',#3687,#13388,#13942,.T.);
#13942 = B_SPLINE_CURVE_WITH_KNOTS('',3,(#13943,#13944,#13945,#13946,
    #13947,#13948,#13949),.UNSPECIFIED.,.F.,.F.,(4,3,4),(0.,
    0.243067014451,1.),.UNSPECIFIED.);
#13943 = CARTESIAN_POINT('',(13.81308230376,153.72251092524,-9.));
#13944 = CARTESIAN_POINT('',(14.03378834374,153.84462389913,-9.));
#13945 = CARTESIAN_POINT('',(14.25454069166,153.96665321878,-9.));
#13946 = CARTESIAN_POINT('',(14.4753422206,154.08859344716,-9.));
#13947 = CARTESIAN_POINT('',(15.16293367871,154.46832387675,-9.));
#13948 = CARTESIAN_POINT('',(15.85100092437,154.84719466665,-9.));
#13949 = CARTESIAN_POINT('',(16.53964654174,155.22501,-9.));
#13950 = ORIENTED_EDGE('',*,*,#13387,.T.);
#13951 = ORIENTED_EDGE('',*,*,#9301,.F.);
#13952 = CONICAL_SURFACE('',#13953,36.15,1.04719755);
#13953 = AXIS2_PLACEMENT_3D('',#13954,#13955,#13956);
#13954 = CARTESIAN_POINT('',(44.,151.0378321735,-1.644065564387E-14));
#13955 = DIRECTION('',(0.,-1.,-1.322823155428E-16));
#13956 = DIRECTION('',(0.,1.322823155428E-16,-1.));
#13957 = ADVANCED_FACE('',(#13958),#13964,.T.);
#13958 = FACE_BOUND('',#13959,.T.);
#13959 = EDGE_LOOP('',(#13960,#13961,#13962,#13963));
#13960 = ORIENTED_EDGE('',*,*,#5930,.F.);
#13961 = ORIENTED_EDGE('',*,*,#7354,.T.);
#13962 = ORIENTED_EDGE('',*,*,#6035,.T.);
#13963 = ORIENTED_EDGE('',*,*,#5700,.F.);
#13964 = CYLINDRICAL_SURFACE('',#13965,27.5);
#13965 = AXIS2_PLACEMENT_3D('',#13966,#13967,#13968);
#13966 = CARTESIAN_POINT('',(44.,158.97501,-1.489187980179E-14));
#13967 = DIRECTION('',(0.,-1.,-1.41301112225E-16));
#13968 = DIRECTION('',(0.,1.41301112225E-16,-1.));
#13969 = ADVANCED_FACE('',(#13970),#13976,.T.);
#13970 = FACE_BOUND('',#13971,.T.);
#13971 = EDGE_LOOP('',(#13972,#13973,#13974,#13975));
#13972 = ORIENTED_EDGE('',*,*,#5843,.T.);
#13973 = ORIENTED_EDGE('',*,*,#7316,.T.);
#13974 = ORIENTED_EDGE('',*,*,#2370,.F.);
#13975 = ORIENTED_EDGE('',*,*,#5746,.F.);
#13976 = CYLINDRICAL_SURFACE('',#13977,27.5);
#13977 = AXIS2_PLACEMENT_3D('',#13978,#13979,#13980);
#13978 = CARTESIAN_POINT('',(44.,158.97501,-1.489187980179E-14));
#13979 = DIRECTION('',(0.,-1.,-1.41301112225E-16));
#13980 = DIRECTION('',(0.,1.41301112225E-16,-1.));
#13981 = ADVANCED_FACE('',(#13982),#13994,.T.);
#13982 = FACE_BOUND('',#13983,.T.);
#13983 = EDGE_LOOP('',(#13984,#13985,#13991,#13992,#13993));
#13984 = ORIENTED_EDGE('',*,*,#11609,.F.);
#13985 = ORIENTED_EDGE('',*,*,#13986,.T.);
#13986 = EDGE_CURVE('',#11610,#5355,#13987,.T.);
#13987 = LINE('',#13988,#13989);
#13988 = CARTESIAN_POINT('',(44.,158.97501,-9.));
#13989 = VECTOR('',#13990,1.);
#13990 = DIRECTION('',(-1.,0.,0.));
#13991 = ORIENTED_EDGE('',*,*,#5354,.T.);
#13992 = ORIENTED_EDGE('',*,*,#10814,.F.);
#13993 = ORIENTED_EDGE('',*,*,#5992,.F.);
#13994 = PLANE('',#13995);
#13995 = AXIS2_PLACEMENT_3D('',#13996,#13997,#13998);
#13996 = CARTESIAN_POINT('',(44.,158.97501,28.25));
#13997 = DIRECTION('',(0.,-1.,-1.951292859931E-16));
#13998 = DIRECTION('',(0.,1.951292859931E-16,-1.));
#13999 = ADVANCED_FACE('',(#14000),#14015,.T.);
#14000 = FACE_BOUND('',#14001,.T.);
#14001 = EDGE_LOOP('',(#14002,#14003,#14004,#14014));
#14002 = ORIENTED_EDGE('',*,*,#6870,.F.);
#14003 = ORIENTED_EDGE('',*,*,#114,.F.);
#14004 = ORIENTED_EDGE('',*,*,#14005,.T.);
#14005 = EDGE_CURVE('',#107,#10072,#14006,.T.);
#14006 = B_SPLINE_CURVE_WITH_KNOTS('',3,(#14007,#14008,#14009,#14010,
    #14011,#14012,#14013),.UNSPECIFIED.,.F.,.F.,(4,3,4),(0.,
    0.243067014451,1.),.UNSPECIFIED.);
#14007 = CARTESIAN_POINT('',(13.81308230376,160.47750907475,9.));
#14008 = CARTESIAN_POINT('',(14.03378834374,160.35539610086,9.));
#14009 = CARTESIAN_POINT('',(14.25454069166,160.23336678121,9.));
#14010 = CARTESIAN_POINT('',(14.4753422206,160.11142655283,9.));
#14011 = CARTESIAN_POINT('',(15.16293367871,159.73169612324,9.));
#14012 = CARTESIAN_POINT('',(15.85100092437,159.35282533334,9.));
#14013 = CARTESIAN_POINT('',(16.53964654174,158.97501,9.));
#14014 = ORIENTED_EDGE('',*,*,#10071,.F.);
#14015 = CONICAL_SURFACE('',#14016,28.897595264192,1.04719755);
#14016 = AXIS2_PLACEMENT_3D('',#14017,#14018,#14019);
#14017 = CARTESIAN_POINT('',(44.,158.97501,-1.489187980179E-14));
#14018 = DIRECTION('',(0.,1.,1.72688657085E-16));
#14019 = DIRECTION('',(0.,-1.72688657085E-16,1.));
#14020 = ADVANCED_FACE('',(#14021),#14034,.F.);
#14021 = FACE_BOUND('',#14022,.F.);
#14022 = EDGE_LOOP('',(#14023,#14024,#14025,#14032,#14033));
#14023 = ORIENTED_EDGE('',*,*,#5065,.F.);
#14024 = ORIENTED_EDGE('',*,*,#5056,.F.);
#14025 = ORIENTED_EDGE('',*,*,#14026,.F.);
#14026 = EDGE_CURVE('',#7480,#5057,#14027,.T.);
#14027 = B_SPLINE_CURVE_WITH_KNOTS('',3,(#14028,#14029,#14030,#14031),
  .UNSPECIFIED.,.F.,.F.,(4,4),(3.14159265359,3.403392041389),
  .PIECEWISE_BEZIER_KNOTS.);
#14028 = CARTESIAN_POINT('',(44.,176.08800579955,-23.97042093483));
#14029 = CARTESIAN_POINT('',(44.,176.14036567711,-23.97042093483));
#14030 = CARTESIAN_POINT('',(44.,176.19272146862,-23.97731370554));
#14031 = CARTESIAN_POINT('',(44.,176.24329722661,-23.99086543905));
#14032 = ORIENTED_EDGE('',*,*,#7479,.T.);
#14033 = ORIENTED_EDGE('',*,*,#14026,.T.);
#14034 = TOROIDAL_SURFACE('',#14035,24.570420934833,0.6);
#14035 = AXIS2_PLACEMENT_3D('',#14036,#14037,#14038);
#14036 = CARTESIAN_POINT('',(44.,176.08800579955,-1.793987245419E-14));
#14037 = DIRECTION('',(0.,-1.,1.110223024625E-16));
#14038 = DIRECTION('',(0.,-1.110223024625E-16,-1.));
#14039 = ADVANCED_FACE('',(#14040),#14051,.F.);
#14040 = FACE_BOUND('',#14041,.F.);
#14041 = EDGE_LOOP('',(#14042,#14043,#14048,#14049,#14050));
#14042 = ORIENTED_EDGE('',*,*,#9932,.T.);
#14043 = ORIENTED_EDGE('',*,*,#14044,.F.);
#14044 = EDGE_CURVE('',#13484,#9933,#14045,.T.);
#14045 = B_SPLINE_CURVE_WITH_KNOTS('',1,(#14046,#14047),.UNSPECIFIED.,
  .F.,.F.,(2,2),(-0.856205979625,-3.330669073875E-16),
  .PIECEWISE_BEZIER_KNOTS.);
#14046 = CARTESIAN_POINT('',(44.,174.98084915736,24.653924795604));
#14047 = CARTESIAN_POINT('',(44.,175.10001,25.501798237297));
#14048 = ORIENTED_EDGE('',*,*,#13483,.F.);
#14049 = ORIENTED_EDGE('',*,*,#13492,.F.);
#14050 = ORIENTED_EDGE('',*,*,#14044,.T.);
#14051 = CONICAL_SURFACE('',#14052,25.501798237297,1.431169985);
#14052 = AXIS2_PLACEMENT_3D('',#14053,#14054,#14055);
#14053 = CARTESIAN_POINT('',(44.,175.10001,-1.78301828857E-14));
#14054 = DIRECTION('',(0.,1.,-1.110223024625E-16));
#14055 = DIRECTION('',(0.,1.110223024625E-16,1.));
#14056 = ADVANCED_FACE('',(#14057),#14070,.F.);
#14057 = FACE_BOUND('',#14058,.F.);
#14058 = EDGE_LOOP('',(#14059,#14060,#14061,#14062,#14069));
#14059 = ORIENTED_EDGE('',*,*,#6185,.F.);
#14060 = ORIENTED_EDGE('',*,*,#1608,.F.);
#14061 = ORIENTED_EDGE('',*,*,#1582,.F.);
#14062 = ORIENTED_EDGE('',*,*,#14063,.F.);
#14063 = EDGE_CURVE('',#6789,#1583,#14064,.T.);
#14064 = B_SPLINE_CURVE_WITH_KNOTS('',3,(#14065,#14066,#14067,#14068),
  .UNSPECIFIED.,.F.,.F.,(4,4),(0.,1.),.PIECEWISE_BEZIER_KNOTS.);
#14065 = CARTESIAN_POINT('',(28.04106523878,207.10001,-7.367200538379));
#14066 = CARTESIAN_POINT('',(28.16432641444,206.76630806771,
    -7.174537637946));
#14067 = CARTESIAN_POINT('',(28.28888312902,206.43296268148,
    -6.98208058947));
#14068 = CARTESIAN_POINT('',(28.41481686595,206.10001,-6.78985026919));
#14069 = ORIENTED_EDGE('',*,*,#6796,.F.);
#14070 = CONICAL_SURFACE('',#14071,17.,0.523598775);
#14071 = AXIS2_PLACEMENT_3D('',#14072,#14073,#14074);
#14072 = CARTESIAN_POINT('',(44.,206.10001,-2.127187426204E-14));
#14073 = DIRECTION('',(0.,1.,2.907476010028E-17));
#14074 = DIRECTION('',(0.,-2.907476010028E-17,1.));
#14075 = ADVANCED_FACE('',(#14076),#14090,.F.);
#14076 = FACE_BOUND('',#14077,.F.);
#14077 = EDGE_LOOP('',(#14078,#14079,#14088,#14089));
#14078 = ORIENTED_EDGE('',*,*,#7703,.F.);
#14079 = ORIENTED_EDGE('',*,*,#14080,.F.);
#14080 = EDGE_CURVE('',#8006,#7704,#14081,.T.);
#14081 = B_SPLINE_CURVE_WITH_KNOTS('',5,(#14082,#14083,#14084,#14085,
    #14086,#14087),.UNSPECIFIED.,.F.,.F.,(6,6),(-1.051560874327,0.),
  .PIECEWISE_BEZIER_KNOTS.);
#14082 = CARTESIAN_POINT('',(44.,192.54545096294,-19.6977299022));
#14083 = CARTESIAN_POINT('',(44.,192.48283473968,-19.80728557074));
#14084 = CARTESIAN_POINT('',(44.,192.39143145154,-19.9004010545));
#14085 = CARTESIAN_POINT('',(44.,192.27691755185,-19.96684921337));
#14086 = CARTESIAN_POINT('',(44.,192.15071897917,-20.));
#14087 = CARTESIAN_POINT('',(44.,192.02453167425,-20.));
#14088 = ORIENTED_EDGE('',*,*,#8005,.T.);
#14089 = ORIENTED_EDGE('',*,*,#14080,.T.);
#14090 = TOROIDAL_SURFACE('',#14091,19.4,0.6);
#14091 = AXIS2_PLACEMENT_3D('',#14092,#14093,#14094);
#14092 = CARTESIAN_POINT('',(44.,192.02453167425,-1.970918225006E-14));
#14093 = DIRECTION('',(0.,-1.,1.110223024625E-16));
#14094 = DIRECTION('',(0.,-1.110223024625E-16,-1.));
#14095 = ADVANCED_FACE('',(#14096),#14111,.F.);
#14096 = FACE_BOUND('',#14097,.F.);
#14097 = EDGE_LOOP('',(#14098,#14099,#14109,#14110));
#14098 = ORIENTED_EDGE('',*,*,#10122,.F.);
#14099 = ORIENTED_EDGE('',*,*,#14100,.F.);
#14100 = EDGE_CURVE('',#3593,#10123,#14101,.T.);
#14101 = B_SPLINE_CURVE_WITH_KNOTS('',6,(#14102,#14103,#14104,#14105,
    #14106,#14107,#14108),.UNSPECIFIED.,.F.,.F.,(7,7),(
    -3.651686607346E-02,1.570796326795),.PIECEWISE_BEZIER_KNOTS.);
#14102 = CARTESIAN_POINT('',(44.,166.65477312628,-17.249));
#14103 = CARTESIAN_POINT('',(44.,166.25321271359,-17.26367024922));
#14104 = CARTESIAN_POINT('',(44.,165.84697622731,-17.14928650033));
#14105 = CARTESIAN_POINT('',(44.,165.48765348287,-16.90373642168));
#14106 = CARTESIAN_POINT('',(44.,165.22914867972,-16.55361795238));
#14107 = CARTESIAN_POINT('',(44.,165.10001,-16.15182829821));
#14108 = CARTESIAN_POINT('',(44.,165.10001,-15.75));
#14109 = ORIENTED_EDGE('',*,*,#3592,.T.);
#14110 = ORIENTED_EDGE('',*,*,#14100,.T.);
#14111 = TOROIDAL_SURFACE('',#14112,15.75,1.5);
#14112 = AXIS2_PLACEMENT_3D('',#14113,#14114,#14115);
#14113 = CARTESIAN_POINT('',(44.,166.60001,-1.688649331477E-14));
#14114 = DIRECTION('',(0.,-1.,1.110223024625E-16));
#14115 = DIRECTION('',(0.,-1.110223024625E-16,-1.));
#14116 = ADVANCED_FACE('',(#14117),#14135,.T.);
#14117 = FACE_BOUND('',#14118,.T.);
#14118 = EDGE_LOOP('',(#14119,#14128,#14133,#14134));
#14119 = ORIENTED_EDGE('',*,*,#14120,.T.);
#14120 = EDGE_CURVE('',#14121,#14121,#14123,.T.);
#14121 = VERTEX_POINT('',#14122);
#14122 = CARTESIAN_POINT('',(41.6,9.80001,-11.87));
#14123 = CIRCLE('',#14124,3.2);
#14124 = AXIS2_PLACEMENT_3D('',#14125,#14126,#14127);
#14125 = CARTESIAN_POINT('',(41.6,9.80001,-8.670000000001));
#14126 = DIRECTION('',(0.,-1.,1.110223024625E-16));
#14127 = DIRECTION('',(0.,-1.110223024625E-16,-1.));
#14128 = ORIENTED_EDGE('',*,*,#14129,.F.);
#14129 = EDGE_CURVE('',#11676,#14121,#14130,.T.);
#14130 = B_SPLINE_CURVE_WITH_KNOTS('',1,(#14131,#14132),.UNSPECIFIED.,
  .F.,.F.,(2,2),(4.173073532547E-16,0.877141320049),
  .PIECEWISE_BEZIER_KNOTS.);
#14131 = CARTESIAN_POINT('',(41.6,9.50001,-11.04575677416));
#14132 = CARTESIAN_POINT('',(41.6,9.80001000116,-11.86999999958));
#14133 = ORIENTED_EDGE('',*,*,#11675,.F.);
#14134 = ORIENTED_EDGE('',*,*,#14129,.T.);
#14135 = CONICAL_SURFACE('',#14136,2.375756774164,1.221730475);
#14136 = AXIS2_PLACEMENT_3D('',#14137,#14138,#14139);
#14137 = CARTESIAN_POINT('',(41.6,9.50001,-8.670000000001));
#14138 = DIRECTION('',(0.,1.,5.927848584339E-21));
#14139 = DIRECTION('',(0.,-5.927848584339E-21,1.));
#14140 = ADVANCED_FACE('',(#14141),#14153,.T.);
#14141 = FACE_BOUND('',#14142,.T.);
#14142 = EDGE_LOOP('',(#14143,#14144,#14145,#14152));
#14143 = ORIENTED_EDGE('',*,*,#11453,.F.);
#14144 = ORIENTED_EDGE('',*,*,#13431,.T.);
#14145 = ORIENTED_EDGE('',*,*,#14146,.F.);
#14146 = EDGE_CURVE('',#3846,#13424,#14147,.T.);
#14147 = CIRCLE('',#14148,0.12);
#14148 = AXIS2_PLACEMENT_3D('',#14149,#14150,#14151);
#14149 = CARTESIAN_POINT('',(29.22900437968,11.17001,-24.15));
#14150 = DIRECTION('',(0.,1.,-1.110223024625E-16));
#14151 = DIRECTION('',(1.,0.,0.));
#14152 = ORIENTED_EDGE('',*,*,#3845,.F.);
#14153 = CYLINDRICAL_SURFACE('',#14154,0.12);
#14154 = AXIS2_PLACEMENT_3D('',#14155,#14156,#14157);
#14155 = CARTESIAN_POINT('',(29.22900437968,11.17001,-24.15));
#14156 = DIRECTION('',(0.,-1.,1.110223024625E-16));
#14157 = DIRECTION('',(1.,0.,0.));
#14158 = ADVANCED_FACE('',(#14159),#14165,.T.);
#14159 = FACE_BOUND('',#14160,.T.);
#14160 = EDGE_LOOP('',(#14161,#14162,#14163,#14164));
#14161 = ORIENTED_EDGE('',*,*,#11530,.F.);
#14162 = ORIENTED_EDGE('',*,*,#7109,.T.);
#14163 = ORIENTED_EDGE('',*,*,#2056,.F.);
#14164 = ORIENTED_EDGE('',*,*,#6989,.F.);
#14165 = PLANE('',#14166);
#14166 = AXIS2_PLACEMENT_3D('',#14167,#14168,#14169);
#14167 = CARTESIAN_POINT('',(32.98874958639,11.17001,-25.06999999999));
#14168 = DIRECTION('',(2.005417653664E-36,1.110223040528E-16,1.));
#14169 = DIRECTION('',(-1.,1.2610576602E-12,-1.400055249734E-28));
#14170 = ADVANCED_FACE('',(#14171),#14182,.F.);
#14171 = FACE_BOUND('',#14172,.T.);
#14172 = EDGE_LOOP('',(#14173,#14174,#14175,#14176));
#14173 = ORIENTED_EDGE('',*,*,#12844,.T.);
#14174 = ORIENTED_EDGE('',*,*,#4669,.T.);
#14175 = ORIENTED_EDGE('',*,*,#8622,.T.);
#14176 = ORIENTED_EDGE('',*,*,#14177,.F.);
#14177 = EDGE_CURVE('',#12845,#8614,#14178,.T.);
#14178 = LINE('',#14179,#14180);
#14179 = CARTESIAN_POINT('',(49.502035368338,11.17001,-10.50570512318));
#14180 = VECTOR('',#14181,1.);
#14181 = DIRECTION('',(0.,1.,-1.110223024625E-16));
#14182 = PLANE('',#14183);
#14183 = AXIS2_PLACEMENT_3D('',#14184,#14185,#14186);
#14184 = CARTESIAN_POINT('',(49.502035368338,11.17001,-10.50570512318));
#14185 = DIRECTION('',(0.866025403784,-5.551115123128E-17,-0.5));
#14186 = DIRECTION('',(0.5,9.614813431917E-17,0.866025403784));
#14187 = ADVANCED_FACE('',(#14188),#14199,.F.);
#14188 = FACE_BOUND('',#14189,.F.);
#14189 = EDGE_LOOP('',(#14190,#14196,#14197,#14198));
#14190 = ORIENTED_EDGE('',*,*,#14191,.T.);
#14191 = EDGE_CURVE('',#12853,#8605,#14192,.T.);
#14192 = LINE('',#14193,#14194);
#14193 = CARTESIAN_POINT('',(49.435910334887,11.17001,-10.53000266576));
#14194 = VECTOR('',#14195,1.);
#14195 = DIRECTION('',(0.,1.,-1.110223024625E-16));
#14196 = ORIENTED_EDGE('',*,*,#8613,.F.);
#14197 = ORIENTED_EDGE('',*,*,#14177,.F.);
#14198 = ORIENTED_EDGE('',*,*,#12852,.F.);
#14199 = CYLINDRICAL_SURFACE('',#14200,5.499999999707E-02);
#14200 = AXIS2_PLACEMENT_3D('',#14201,#14202,#14203);
#14201 = CARTESIAN_POINT('',(49.45440397113,11.17001,-10.47820512318));
#14202 = DIRECTION('',(0.,-1.,1.110223024625E-16));
#14203 = DIRECTION('',(1.,0.,0.));
#14204 = ADVANCED_FACE('',(#14205),#14216,.F.);
#14205 = FACE_BOUND('',#14206,.F.);
#14206 = EDGE_LOOP('',(#14207,#14213,#14214,#14215));
#14207 = ORIENTED_EDGE('',*,*,#14208,.T.);
#14208 = EDGE_CURVE('',#12862,#8596,#14209,.T.);
#14209 = LINE('',#14210,#14211);
#14210 = CARTESIAN_POINT('',(48.821235272913,11.17001,-10.17511985327));
#14211 = VECTOR('',#14212,1.);
#14212 = DIRECTION('',(0.,1.,-1.110223024625E-16));
#14213 = ORIENTED_EDGE('',*,*,#8604,.F.);
#14214 = ORIENTED_EDGE('',*,*,#14191,.F.);
#14215 = ORIENTED_EDGE('',*,*,#12861,.T.);
#14216 = CYLINDRICAL_SURFACE('',#14217,1.974999999999);
#14217 = AXIS2_PLACEMENT_3D('',#14218,#14219,#14220);
#14218 = CARTESIAN_POINT('',(50.100000000014,11.17001,-8.669999999999));
#14219 = DIRECTION('',(0.,-1.,1.110223024625E-16));
#14220 = DIRECTION('',(1.,0.,0.));
#14221 = ADVANCED_FACE('',(#14222),#14258,.F.);
#14222 = FACE_BOUND('',#14223,.T.);
#14223 = EDGE_LOOP('',(#14224,#14231,#14232,#14241,#14247,#14248,#14249,
    #14250,#14256,#14257));
#14224 = ORIENTED_EDGE('',*,*,#14225,.F.);
#14225 = EDGE_CURVE('',#6947,#8568,#14226,.T.);
#14226 = CIRCLE('',#14227,1.7);
#14227 = AXIS2_PLACEMENT_3D('',#14228,#14229,#14230);
#14228 = CARTESIAN_POINT('',(50.1,11.17001,-8.670000000001));
#14229 = DIRECTION('',(0.,-1.,1.110223024625E-16));
#14230 = DIRECTION('',(-1.,0.,0.));
#14231 = ORIENTED_EDGE('',*,*,#6946,.T.);
#14232 = ORIENTED_EDGE('',*,*,#14233,.T.);
#14233 = EDGE_CURVE('',#6939,#14234,#14236,.T.);
#14234 = VERTEX_POINT('',#14235);
#14235 = CARTESIAN_POINT('',(48.229004379678,11.17001,-8.270000000001));
#14236 = CIRCLE('',#14237,0.12);
#14237 = AXIS2_PLACEMENT_3D('',#14238,#14239,#14240);
#14238 = CARTESIAN_POINT('',(48.229004379678,11.17001,-8.150000000001));
#14239 = DIRECTION('',(0.,1.,-1.110223024625E-16));
#14240 = DIRECTION('',(1.,0.,0.));
#14241 = ORIENTED_EDGE('',*,*,#14242,.T.);
#14242 = EDGE_CURVE('',#14234,#12420,#14243,.T.);
#14243 = LINE('',#14244,#14245);
#14244 = CARTESIAN_POINT('',(48.211250413647,11.17001,-8.270000000001));
#14245 = VECTOR('',#14246,1.);
#14246 = DIRECTION('',(-1.,-3.389964285059E-31,-3.053408378198E-15));
#14247 = ORIENTED_EDGE('',*,*,#12427,.F.);
#14248 = ORIENTED_EDGE('',*,*,#12385,.T.);
#14249 = ORIENTED_EDGE('',*,*,#12451,.T.);
#14250 = ORIENTED_EDGE('',*,*,#14251,.F.);
#14251 = EDGE_CURVE('',#9797,#12452,#14252,.T.);
#14252 = LINE('',#14253,#14254);
#14253 = CARTESIAN_POINT('',(48.211250413647,11.17001,-9.070000000001));
#14254 = VECTOR('',#14255,1.);
#14255 = DIRECTION('',(-1.,3.389964285058E-31,3.053408378197E-15));
#14256 = ORIENTED_EDGE('',*,*,#9796,.F.);
#14257 = ORIENTED_EDGE('',*,*,#9763,.F.);
#14258 = PLANE('',#14259);
#14259 = AXIS2_PLACEMENT_3D('',#14260,#14261,#14262);
#14260 = CARTESIAN_POINT('',(48.211250413647,11.17001,-9.015000000001));
#14261 = DIRECTION('',(0.,1.,-1.110223024625E-16));
#14262 = DIRECTION('',(-1.,0.,0.));
#14263 = ADVANCED_FACE('',(#14264),#14271,.T.);
#14264 = FACE_BOUND('',#14265,.T.);
#14265 = EDGE_LOOP('',(#14266,#14267,#14268,#14269,#14270));
#14266 = ORIENTED_EDGE('',*,*,#1756,.T.);
#14267 = ORIENTED_EDGE('',*,*,#14063,.F.);
#14268 = ORIENTED_EDGE('',*,*,#6788,.T.);
#14269 = ORIENTED_EDGE('',*,*,#6609,.T.);
#14270 = ORIENTED_EDGE('',*,*,#7284,.T.);
#14271 = PLANE('',#14272);
#14272 = AXIS2_PLACEMENT_3D('',#14273,#14274,#14275);
#14273 = CARTESIAN_POINT('',(26.01,205.10001,-6.2125));
#14274 = DIRECTION('',(0.,0.5,0.866025403784));
#14275 = DIRECTION('',(-1.,0.,0.));
#14276 = ADVANCED_FACE('',(#14277),#14286,.T.);
#14277 = FACE_BOUND('',#14278,.T.);
#14278 = EDGE_LOOP('',(#14279,#14280,#14281,#14282,#14283,#14284,#14285)
  );
#14279 = ORIENTED_EDGE('',*,*,#11209,.F.);
#14280 = ORIENTED_EDGE('',*,*,#4222,.F.);
#14281 = ORIENTED_EDGE('',*,*,#13925,.F.);
#14282 = ORIENTED_EDGE('',*,*,#4238,.F.);
#14283 = ORIENTED_EDGE('',*,*,#11230,.F.);
#14284 = ORIENTED_EDGE('',*,*,#8534,.T.);
#14285 = ORIENTED_EDGE('',*,*,#5645,.T.);
#14286 = CYLINDRICAL_SURFACE('',#14287,26.5);
#14287 = AXIS2_PLACEMENT_3D('',#14288,#14289,#14290);
#14288 = CARTESIAN_POINT('',(44.,149.10001,-1.494360302168E-14));
#14289 = DIRECTION('',(0.,-1.,1.110223024625E-16));
#14290 = DIRECTION('',(0.,-1.110223024625E-16,-1.));
#14291 = ADVANCED_FACE('',(#14292),#14305,.T.);
#14292 = FACE_BOUND('',#14293,.T.);
#14293 = EDGE_LOOP('',(#14294,#14295,#14302,#14303,#14304));
#14294 = ORIENTED_EDGE('',*,*,#435,.T.);
#14295 = ORIENTED_EDGE('',*,*,#14296,.F.);
#14296 = EDGE_CURVE('',#7682,#426,#14297,.T.);
#14297 = CIRCLE('',#14298,2.88);
#14298 = AXIS2_PLACEMENT_3D('',#14299,#14300,#14301);
#14299 = CARTESIAN_POINT('',(26.01,205.10001,9.0925));
#14300 = DIRECTION('',(0.,-1.,1.110223024625E-16));
#14301 = DIRECTION('',(1.,0.,0.));
#14302 = ORIENTED_EDGE('',*,*,#7681,.F.);
#14303 = ORIENTED_EDGE('',*,*,#901,.T.);
#14304 = ORIENTED_EDGE('',*,*,#4352,.F.);
#14305 = CONICAL_SURFACE('',#14306,2.88,0.523598775);
#14306 = AXIS2_PLACEMENT_3D('',#14307,#14308,#14309);
#14307 = CARTESIAN_POINT('',(26.01,205.10001,9.0925));
#14308 = DIRECTION('',(4.783544928532E-17,-1.,1.110223024625E-16));
#14309 = DIRECTION('',(1.,4.783544928532E-17,-5.979431160665E-17));
#14310 = ADVANCED_FACE('',(#14311),#14322,.T.);
#14311 = FACE_BOUND('',#14312,.T.);
#14312 = EDGE_LOOP('',(#14313,#14314,#14320,#14321));
#14313 = ORIENTED_EDGE('',*,*,#7689,.F.);
#14314 = ORIENTED_EDGE('',*,*,#14315,.F.);
#14315 = EDGE_CURVE('',#1772,#7682,#14316,.T.);
#14316 = LINE('',#14317,#14318);
#14317 = CARTESIAN_POINT('',(23.13,197.10001,9.0925));
#14318 = VECTOR('',#14319,1.);
#14319 = DIRECTION('',(0.,1.,-1.110223024625E-16));
#14320 = ORIENTED_EDGE('',*,*,#1782,.F.);
#14321 = ORIENTED_EDGE('',*,*,#3006,.F.);
#14322 = PLANE('',#14323);
#14323 = AXIS2_PLACEMENT_3D('',#14324,#14325,#14326);
#14324 = CARTESIAN_POINT('',(23.13,197.10001,9.0925));
#14325 = DIRECTION('',(-1.,0.,0.));
#14326 = DIRECTION('',(0.,1.110223024625E-16,1.));
#14327 = ADVANCED_FACE('',(#14328),#14339,.T.);
#14328 = FACE_BOUND('',#14329,.T.);
#14329 = EDGE_LOOP('',(#14330,#14331,#14332,#14338));
#14330 = ORIENTED_EDGE('',*,*,#14315,.T.);
#14331 = ORIENTED_EDGE('',*,*,#14296,.T.);
#14332 = ORIENTED_EDGE('',*,*,#14333,.F.);
#14333 = EDGE_CURVE('',#3201,#426,#14334,.T.);
#14334 = LINE('',#14335,#14336);
#14335 = CARTESIAN_POINT('',(26.01,197.10001,6.2125));
#14336 = VECTOR('',#14337,1.);
#14337 = DIRECTION('',(0.,1.,-1.110223024625E-16));
#14338 = ORIENTED_EDGE('',*,*,#3209,.F.);
#14339 = CYLINDRICAL_SURFACE('',#14340,2.88);
#14340 = AXIS2_PLACEMENT_3D('',#14341,#14342,#14343);
#14341 = CARTESIAN_POINT('',(26.01,197.10001,9.0925));
#14342 = DIRECTION('',(0.,1.,-1.110223024625E-16));
#14343 = DIRECTION('',(0.,1.110223024625E-16,1.));
#14344 = ADVANCED_FACE('',(#14345),#14351,.F.);
#14345 = FACE_BOUND('',#14346,.T.);
#14346 = EDGE_LOOP('',(#14347,#14348,#14349,#14350));
#14347 = ORIENTED_EDGE('',*,*,#1691,.T.);
#14348 = ORIENTED_EDGE('',*,*,#8103,.F.);
#14349 = ORIENTED_EDGE('',*,*,#14333,.T.);
#14350 = ORIENTED_EDGE('',*,*,#425,.T.);
#14351 = PLANE('',#14352);
#14352 = AXIS2_PLACEMENT_3D('',#14353,#14354,#14355);
#14353 = CARTESIAN_POINT('',(26.01,197.10001,6.2125));
#14354 = DIRECTION('',(0.,1.110223024625E-16,1.));
#14355 = DIRECTION('',(-1.,0.,0.));
#14356 = ADVANCED_FACE('',(#14357),#14363,.T.);
#14357 = FACE_BOUND('',#14358,.T.);
#14358 = EDGE_LOOP('',(#14359,#14360,#14361,#14362));
#14359 = ORIENTED_EDGE('',*,*,#7290,.T.);
#14360 = ORIENTED_EDGE('',*,*,#6600,.F.);
#14361 = ORIENTED_EDGE('',*,*,#10765,.F.);
#14362 = ORIENTED_EDGE('',*,*,#5298,.F.);
#14363 = CYLINDRICAL_SURFACE('',#14364,2.88);
#14364 = AXIS2_PLACEMENT_3D('',#14365,#14366,#14367);
#14365 = CARTESIAN_POINT('',(26.01,197.10001,-9.0925));
#14366 = DIRECTION('',(0.,1.,-1.110223024625E-16));
#14367 = DIRECTION('',(0.,1.110223024625E-16,1.));
#14368 = ADVANCED_FACE('',(#14369),#14375,.F.);
#14369 = FACE_BOUND('',#14370,.F.);
#14370 = EDGE_LOOP('',(#14371,#14372,#14373,#14374));
#14371 = ORIENTED_EDGE('',*,*,#9154,.F.);
#14372 = ORIENTED_EDGE('',*,*,#11020,.F.);
#14373 = ORIENTED_EDGE('',*,*,#9125,.F.);
#14374 = ORIENTED_EDGE('',*,*,#1655,.F.);
#14375 = CYLINDRICAL_SURFACE('',#14376,1.5);
#14376 = AXIS2_PLACEMENT_3D('',#14377,#14378,#14379);
#14377 = CARTESIAN_POINT('',(49.,202.60001,4.77));
#14378 = DIRECTION('',(-1.,0.,0.));
#14379 = DIRECTION('',(0.,1.110223024625E-16,1.));
#14380 = ADVANCED_FACE('',(#14381),#14397,.T.);
#14381 = FACE_BOUND('',#14382,.T.);
#14382 = EDGE_LOOP('',(#14383,#14384,#14390,#14391));
#14383 = ORIENTED_EDGE('',*,*,#11732,.F.);
#14384 = ORIENTED_EDGE('',*,*,#14385,.T.);
#14385 = EDGE_CURVE('',#11724,#13220,#14386,.T.);
#14386 = LINE('',#14387,#14388);
#14387 = CARTESIAN_POINT('',(40.329621771908,11.17001,-7.3423910939));
#14388 = VECTOR('',#14389,1.);
#14389 = DIRECTION('',(0.,1.,-1.110223024625E-16));
#14390 = ORIENTED_EDGE('',*,*,#13219,.F.);
#14391 = ORIENTED_EDGE('',*,*,#14392,.F.);
#14392 = EDGE_CURVE('',#11733,#13212,#14393,.T.);
#14393 = LINE('',#14394,#14395);
#14394 = CARTESIAN_POINT('',(40.318092028334,11.17001,-7.249670262417));
#14395 = VECTOR('',#14396,1.);
#14396 = DIRECTION('',(0.,1.,-1.110223024625E-16));
#14397 = CYLINDRICAL_SURFACE('',#14398,0.12);
#14398 = AXIS2_PLACEMENT_3D('',#14399,#14400,#14401);
#14399 = CARTESIAN_POINT('',(40.21416897988,11.17001,-7.309670262417));
#14400 = DIRECTION('',(0.,-1.,1.110223024625E-16));
#14401 = DIRECTION('',(1.,0.,0.));
#14402 = ADVANCED_FACE('',(#14403),#14413,.T.);
#14403 = FACE_BOUND('',#14404,.T.);
#14404 = EDGE_LOOP('',(#14405,#14406,#14411,#14412));
#14405 = ORIENTED_EDGE('',*,*,#10195,.T.);
#14406 = ORIENTED_EDGE('',*,*,#14407,.F.);
#14407 = EDGE_CURVE('',#10491,#10189,#14408,.T.);
#14408 = B_SPLINE_CURVE_WITH_KNOTS('',1,(#14409,#14410),.UNSPECIFIED.,
  .F.,.F.,(2,2),(-1.251922059764E-15,0.877141320049),
  .PIECEWISE_BEZIER_KNOTS.);
#14409 = CARTESIAN_POINT('',(50.1,9.50001,-27.04575677416));
#14410 = CARTESIAN_POINT('',(50.1,9.80001000116,-27.86999999958));
#14411 = ORIENTED_EDGE('',*,*,#10490,.F.);
#14412 = ORIENTED_EDGE('',*,*,#14407,.T.);
#14413 = CONICAL_SURFACE('',#14414,2.375756774164,1.221730475);
#14414 = AXIS2_PLACEMENT_3D('',#14415,#14416,#14417);
#14415 = CARTESIAN_POINT('',(50.1,9.50001,-24.67));
#14416 = DIRECTION('',(0.,1.,5.927848584339E-21));
#14417 = DIRECTION('',(0.,-5.927848584339E-21,1.));
#14418 = ADVANCED_FACE('',(#14419),#14441,.F.);
#14419 = FACE_BOUND('',#14420,.F.);
#14420 = EDGE_LOOP('',(#14421,#14430,#14439,#14440));
#14421 = ORIENTED_EDGE('',*,*,#14422,.F.);
#14422 = EDGE_CURVE('',#14423,#14423,#14425,.T.);
#14423 = VERTEX_POINT('',#14424);
#14424 = CARTESIAN_POINT('',(50.1,12.75350462261,-26.94539893905));
#14425 = CIRCLE('',#14426,2.275398939057);
#14426 = AXIS2_PLACEMENT_3D('',#14427,#14428,#14429);
#14427 = CARTESIAN_POINT('',(50.1,12.75350462261,-24.67));
#14428 = DIRECTION('',(0.,-1.,1.110223024625E-16));
#14429 = DIRECTION('',(0.,-1.110223024625E-16,-1.));
#14430 = ORIENTED_EDGE('',*,*,#14431,.F.);
#14431 = EDGE_CURVE('',#12261,#14423,#14432,.T.);
#14432 = B_SPLINE_CURVE_WITH_KNOTS('',5,(#14433,#14434,#14435,#14436,
    #14437,#14438),.UNSPECIFIED.,.F.,.F.,(6,6),(2.617993877991,
    3.566410580771),.PIECEWISE_BEZIER_KNOTS.);
#14433 = CARTESIAN_POINT('',(50.1,12.3922912824,-26.9632539401));
#14434 = CARTESIAN_POINT('',(50.1,12.45734243667,-26.92569663867));
#14435 = CARTESIAN_POINT('',(50.1,12.53129762468,-26.90355428868));
#14436 = CARTESIAN_POINT('',(50.1,12.60928832063,-26.89969915986));
#14437 = CARTESIAN_POINT('',(50.1,12.68506667209,-26.91444008746));
#14438 = CARTESIAN_POINT('',(50.1,12.75350462261,-26.94539893905));
#14439 = ORIENTED_EDGE('',*,*,#12267,.T.);
#14440 = ORIENTED_EDGE('',*,*,#14431,.T.);
#14441 = TOROIDAL_SURFACE('',#14442,2.6362,0.396);
#14442 = AXIS2_PLACEMENT_3D('',#14443,#14444,#14445);
#14443 = CARTESIAN_POINT('',(50.1,12.5902912824,-24.67));
#14444 = DIRECTION('',(0.,-1.,1.110223024625E-16));
#14445 = DIRECTION('',(0.,-1.110223024625E-16,-1.));
#14446 = ADVANCED_FACE('',(#14447),#14457,.T.);
#14447 = FACE_BOUND('',#14448,.T.);
#14448 = EDGE_LOOP('',(#14449,#14450,#14455,#14456));
#14449 = ORIENTED_EDGE('',*,*,#10474,.T.);
#14450 = ORIENTED_EDGE('',*,*,#14451,.F.);
#14451 = EDGE_CURVE('',#14423,#10468,#14452,.T.);
#14452 = B_SPLINE_CURVE_WITH_KNOTS('',1,(#14453,#14454),.UNSPECIFIED.,
  .F.,.F.,(2,2),(-1.830335434669E-16,0.544943323991),
  .PIECEWISE_BEZIER_KNOTS.);
#14453 = CARTESIAN_POINT('',(50.1,12.75350462261,-26.94539893905));
#14454 = CARTESIAN_POINT('',(50.1,13.25001000011,-27.16999999976));
#14455 = ORIENTED_EDGE('',*,*,#14422,.F.);
#14456 = ORIENTED_EDGE('',*,*,#14451,.T.);
#14457 = CONICAL_SURFACE('',#14458,2.275398939057,0.424817926695);
#14458 = AXIS2_PLACEMENT_3D('',#14459,#14460,#14461);
#14459 = CARTESIAN_POINT('',(50.1,12.75350462261,-24.67));
#14460 = DIRECTION('',(0.,1.,-1.110223024625E-16));
#14461 = DIRECTION('',(0.,1.110223024625E-16,1.));
#14462 = ADVANCED_FACE('',(#14463),#14475,.F.);
#14463 = FACE_BOUND('',#14464,.T.);
#14464 = EDGE_LOOP('',(#14465,#14466,#14467,#14468,#14469,#14470,#14471,
    #14472,#14473,#14474));
#14465 = ORIENTED_EDGE('',*,*,#6271,.F.);
#14466 = ORIENTED_EDGE('',*,*,#13710,.F.);
#14467 = ORIENTED_EDGE('',*,*,#9905,.F.);
#14468 = ORIENTED_EDGE('',*,*,#13736,.T.);
#14469 = ORIENTED_EDGE('',*,*,#13752,.T.);
#14470 = ORIENTED_EDGE('',*,*,#13777,.F.);
#14471 = ORIENTED_EDGE('',*,*,#2445,.F.);
#14472 = ORIENTED_EDGE('',*,*,#3242,.F.);
#14473 = ORIENTED_EDGE('',*,*,#13796,.T.);
#14474 = ORIENTED_EDGE('',*,*,#4477,.T.);
#14475 = PLANE('',#14476);
#14476 = AXIS2_PLACEMENT_3D('',#14477,#14478,#14479);
#14477 = CARTESIAN_POINT('',(48.211250413647,11.17001,-25.015));
#14478 = DIRECTION('',(0.,1.,-1.110223024625E-16));
#14479 = DIRECTION('',(-1.,0.,0.));
#14480 = ADVANCED_FACE('',(#14481),#14493,.F.);
#14481 = FACE_BOUND('',#14482,.T.);
#14482 = EDGE_LOOP('',(#14483,#14484,#14485,#14486,#14487,#14488,#14489,
    #14490,#14491,#14492));
#14483 = ORIENTED_EDGE('',*,*,#6287,.F.);
#14484 = ORIENTED_EDGE('',*,*,#4609,.F.);
#14485 = ORIENTED_EDGE('',*,*,#11392,.F.);
#14486 = ORIENTED_EDGE('',*,*,#11410,.T.);
#14487 = ORIENTED_EDGE('',*,*,#10309,.T.);
#14488 = ORIENTED_EDGE('',*,*,#13628,.F.);
#14489 = ORIENTED_EDGE('',*,*,#10788,.F.);
#14490 = ORIENTED_EDGE('',*,*,#7457,.F.);
#14491 = ORIENTED_EDGE('',*,*,#6085,.T.);
#14492 = ORIENTED_EDGE('',*,*,#5110,.T.);
#14493 = PLANE('',#14494);
#14494 = AXIS2_PLACEMENT_3D('',#14495,#14496,#14497);
#14495 = CARTESIAN_POINT('',(48.211250413647,11.17001,-25.015));
#14496 = DIRECTION('',(0.,1.,-1.110223024625E-16));
#14497 = DIRECTION('',(-1.,0.,0.));
#14498 = ADVANCED_FACE('',(#14499),#14517,.F.);
#14499 = FACE_BOUND('',#14500,.T.);
#14500 = EDGE_LOOP('',(#14501,#14502,#14509,#14510,#14511,#14512,#14513,
    #14514,#14515,#14516));
#14501 = ORIENTED_EDGE('',*,*,#6294,.F.);
#14502 = ORIENTED_EDGE('',*,*,#14503,.T.);
#14503 = EDGE_CURVE('',#6257,#11343,#14504,.T.);
#14504 = CIRCLE('',#14505,2.10098297883);
#14505 = AXIS2_PLACEMENT_3D('',#14506,#14507,#14508);
#14506 = CARTESIAN_POINT('',(50.100000000008,11.17001,-28.47098297883));
#14507 = DIRECTION('',(8.326672684682E-16,1.,3.697183691345E-16));
#14508 = DIRECTION('',(-0.500000000001,9.614813431887E-17,0.866025403784
    ));
#14509 = ORIENTED_EDGE('',*,*,#11342,.T.);
#14510 = ORIENTED_EDGE('',*,*,#11318,.T.);
#14511 = ORIENTED_EDGE('',*,*,#11366,.F.);
#14512 = ORIENTED_EDGE('',*,*,#11173,.T.);
#14513 = ORIENTED_EDGE('',*,*,#6118,.T.);
#14514 = ORIENTED_EDGE('',*,*,#10864,.F.);
#14515 = ORIENTED_EDGE('',*,*,#9585,.F.);
#14516 = ORIENTED_EDGE('',*,*,#4618,.F.);
#14517 = PLANE('',#14518);
#14518 = AXIS2_PLACEMENT_3D('',#14519,#14520,#14521);
#14519 = CARTESIAN_POINT('',(48.211250413647,11.17001,-25.015));
#14520 = DIRECTION('',(0.,1.,-1.110223024625E-16));
#14521 = DIRECTION('',(-1.,0.,0.));
#14522 = ADVANCED_FACE('',(#14523),#14575,.F.);
#14523 = FACE_BOUND('',#14524,.T.);
#14524 = EDGE_LOOP('',(#14525,#14526,#14527,#14536,#14542,#14543,#14550,
    #14551,#14559,#14568));
#14525 = ORIENTED_EDGE('',*,*,#6263,.F.);
#14526 = ORIENTED_EDGE('',*,*,#3643,.F.);
#14527 = ORIENTED_EDGE('',*,*,#14528,.F.);
#14528 = EDGE_CURVE('',#14529,#3636,#14531,.T.);
#14529 = VERTEX_POINT('',#14530);
#14530 = CARTESIAN_POINT('',(48.818092028334,11.17001,-26.09032973758));
#14531 = CIRCLE('',#14532,0.12);
#14532 = AXIS2_PLACEMENT_3D('',#14533,#14534,#14535);
#14533 = CARTESIAN_POINT('',(48.71416897988,11.17001,-26.03032973758));
#14534 = DIRECTION('',(0.,-1.,1.110223024625E-16));
#14535 = DIRECTION('',(1.,0.,0.));
#14536 = ORIENTED_EDGE('',*,*,#14537,.T.);
#14537 = EDGE_CURVE('',#14529,#1819,#14538,.T.);
#14538 = LINE('',#14539,#14540);
#14539 = CARTESIAN_POINT('',(48.809215045318,11.17001,-26.10570512318));
#14540 = VECTOR('',#14541,1.);
#14541 = DIRECTION('',(-0.5,1.118431410553E-16,-0.866025403784));
#14542 = ORIENTED_EDGE('',*,*,#1826,.T.);
#14543 = ORIENTED_EDGE('',*,*,#14544,.F.);
#14544 = EDGE_CURVE('',#11644,#1827,#14545,.T.);
#14545 = CIRCLE('',#14546,1.974999999999);
#14546 = AXIS2_PLACEMENT_3D('',#14547,#14548,#14549);
#14547 = CARTESIAN_POINT('',(50.100000000014,11.17001,-24.66999999999));
#14548 = DIRECTION('',(8.326672684682E-16,1.,3.697183691345E-16));
#14549 = DIRECTION('',(-0.500000000001,9.614813431887E-17,0.866025403784
    ));
#14550 = ORIENTED_EDGE('',*,*,#11651,.F.);
#14551 = ORIENTED_EDGE('',*,*,#14552,.F.);
#14552 = EDGE_CURVE('',#14553,#11652,#14555,.T.);
#14553 = VERTEX_POINT('',#14554);
#14554 = CARTESIAN_POINT('',(49.510912351353,11.17001,-26.49032973758));
#14555 = LINE('',#14556,#14557);
#14556 = CARTESIAN_POINT('',(49.502035368338,11.17001,-26.50570512318));
#14557 = VECTOR('',#14558,1.);
#14558 = DIRECTION('',(-0.5,1.118431410553E-16,-0.866025403784));
#14559 = ORIENTED_EDGE('',*,*,#14560,.T.);
#14560 = EDGE_CURVE('',#14553,#14561,#14563,.T.);
#14561 = VERTEX_POINT('',#14562);
#14562 = CARTESIAN_POINT('',(49.58544607509,11.17001,-26.433984271));
#14563 = CIRCLE('',#14564,0.12);
#14564 = AXIS2_PLACEMENT_3D('',#14565,#14566,#14567);
#14565 = CARTESIAN_POINT('',(49.614835399808,11.17001,-26.55032973758));
#14566 = DIRECTION('',(8.326672684682E-16,1.,3.697183691345E-16));
#14567 = DIRECTION('',(-0.500000000001,9.614813431887E-17,0.866025403784
    ));
#14568 = ORIENTED_EDGE('',*,*,#14569,.T.);
#14569 = EDGE_CURVE('',#14561,#6257,#14570,.T.);
#14570 = CIRCLE('',#14571,2.10098297883);
#14571 = AXIS2_PLACEMENT_3D('',#14572,#14573,#14574);
#14572 = CARTESIAN_POINT('',(50.100000000008,11.17001,-28.47098297883));
#14573 = DIRECTION('',(8.326672684682E-16,1.,3.697183691345E-16));
#14574 = DIRECTION('',(-0.500000000001,9.614813431887E-17,0.866025403784
    ));
#14575 = PLANE('',#14576);
#14576 = AXIS2_PLACEMENT_3D('',#14577,#14578,#14579);
#14577 = CARTESIAN_POINT('',(48.211250413647,11.17001,-25.015));
#14578 = DIRECTION('',(0.,1.,-1.110223024625E-16));
#14579 = DIRECTION('',(-1.,0.,0.));
#14580 = ADVANCED_FACE('',(#14581),#14587,.F.);
#14581 = FACE_BOUND('',#14582,.F.);
#14582 = EDGE_LOOP('',(#14583,#14584,#14585,#14586));
#14583 = ORIENTED_EDGE('',*,*,#4741,.T.);
#14584 = ORIENTED_EDGE('',*,*,#3801,.T.);
#14585 = ORIENTED_EDGE('',*,*,#6831,.F.);
#14586 = ORIENTED_EDGE('',*,*,#10502,.T.);
#14587 = CYLINDRICAL_SURFACE('',#14588,5.5E-02);
#14588 = AXIS2_PLACEMENT_3D('',#14589,#14590,#14591);
#14589 = CARTESIAN_POINT('',(48.211250413647,11.17001,-25.015));
#14590 = DIRECTION('',(0.,-1.,1.110223024625E-16));
#14591 = DIRECTION('',(1.,0.,0.));
#14592 = ADVANCED_FACE('',(#14593),#14616,.F.);
#14593 = FACE_BOUND('',#14594,.T.);
#14594 = EDGE_LOOP('',(#14595,#14596,#14597,#14598,#14604,#14605,#14606,
    #14613,#14614,#14615));
#14595 = ORIENTED_EDGE('',*,*,#3983,.F.);
#14596 = ORIENTED_EDGE('',*,*,#6559,.F.);
#14597 = ORIENTED_EDGE('',*,*,#11149,.F.);
#14598 = ORIENTED_EDGE('',*,*,#14599,.T.);
#14599 = EDGE_CURVE('',#11142,#13446,#14600,.T.);
#14600 = LINE('',#14601,#14602);
#14601 = CARTESIAN_POINT('',(29.80921504532,11.17001,-26.10570512318));
#14602 = VECTOR('',#14603,1.);
#14603 = DIRECTION('',(-0.5,1.118431410553E-16,-0.866025403784));
#14604 = ORIENTED_EDGE('',*,*,#13453,.T.);
#14605 = ORIENTED_EDGE('',*,*,#801,.F.);
#14606 = ORIENTED_EDGE('',*,*,#14607,.F.);
#14607 = EDGE_CURVE('',#1964,#802,#14608,.T.);
#14608 = CIRCLE('',#14609,5.499999999707E-02);
#14609 = AXIS2_PLACEMENT_3D('',#14610,#14611,#14612);
#14610 = CARTESIAN_POINT('',(30.45440397113,11.17001,-26.47820512318));
#14611 = DIRECTION('',(8.326672684682E-16,1.,3.697183691345E-16));
#14612 = DIRECTION('',(-0.500000000001,9.614813431887E-17,0.866025403784
    ));
#14613 = ORIENTED_EDGE('',*,*,#1963,.F.);
#14614 = ORIENTED_EDGE('',*,*,#494,.T.);
#14615 = ORIENTED_EDGE('',*,*,#8832,.T.);
#14616 = PLANE('',#14617);
#14617 = AXIS2_PLACEMENT_3D('',#14618,#14619,#14620);
#14618 = CARTESIAN_POINT('',(29.21125041365,11.17001,-25.015));
#14619 = DIRECTION('',(0.,1.,-1.110223024625E-16));
#14620 = DIRECTION('',(-1.,0.,0.));
#14621 = ADVANCED_FACE('',(#14622),#14633,.F.);
#14622 = FACE_BOUND('',#14623,.T.);
#14623 = EDGE_LOOP('',(#14624,#14630,#14631,#14632));
#14624 = ORIENTED_EDGE('',*,*,#14625,.F.);
#14625 = EDGE_CURVE('',#1361,#9427,#14626,.T.);
#14626 = LINE('',#14627,#14628);
#14627 = CARTESIAN_POINT('',(56.2,11.50001,-9.4));
#14628 = VECTOR('',#14629,1.);
#14629 = DIRECTION('',(-2.382452842543E-14,-1.110223024625E-16,-1.));
#14630 = ORIENTED_EDGE('',*,*,#1360,.T.);
#14631 = ORIENTED_EDGE('',*,*,#13531,.T.);
#14632 = ORIENTED_EDGE('',*,*,#9434,.F.);
#14633 = PLANE('',#14634);
#14634 = AXIS2_PLACEMENT_3D('',#14635,#14636,#14637);
#14635 = CARTESIAN_POINT('',(56.2,16.50001,-9.4));
#14636 = DIRECTION('',(1.,-2.645054000875E-30,-2.382452842543E-14));
#14637 = DIRECTION('',(2.382452842543E-14,1.110223024625E-16,1.));
#14638 = ADVANCED_FACE('',(#14639),#14658,.F.);
#14639 = FACE_BOUND('',#14640,.F.);
#14640 = EDGE_LOOP('',(#14641,#14642,#14650,#14657));
#14641 = ORIENTED_EDGE('',*,*,#1112,.T.);
#14642 = ORIENTED_EDGE('',*,*,#14643,.F.);
#14643 = EDGE_CURVE('',#14644,#1113,#14646,.T.);
#14644 = VERTEX_POINT('',#14645);
#14645 = CARTESIAN_POINT('',(56.7,11.50001,2.75));
#14646 = LINE('',#14647,#14648);
#14647 = CARTESIAN_POINT('',(56.7,-13.49999,2.75));
#14648 = VECTOR('',#14649,1.);
#14649 = DIRECTION('',(0.,-1.,1.110223024625E-16));
#14650 = ORIENTED_EDGE('',*,*,#14651,.F.);
#14651 = EDGE_CURVE('',#11077,#14644,#14652,.T.);
#14652 = CIRCLE('',#14653,8.);
#14653 = AXIS2_PLACEMENT_3D('',#14654,#14655,#14656);
#14654 = CARTESIAN_POINT('',(48.7,11.50001,2.75));
#14655 = DIRECTION('',(0.,1.,-1.110223024625E-16));
#14656 = DIRECTION('',(1.,-6.018531076211E-33,-5.421010862428E-17));
#14657 = ORIENTED_EDGE('',*,*,#11084,.T.);
#14658 = CYLINDRICAL_SURFACE('',#14659,8.);
#14659 = AXIS2_PLACEMENT_3D('',#14660,#14661,#14662);
#14660 = CARTESIAN_POINT('',(48.7,-13.49999,2.75));
#14661 = DIRECTION('',(0.,1.,-1.110223024625E-16));
#14662 = DIRECTION('',(0.,1.110223024625E-16,1.));
#14663 = ADVANCED_FACE('',(#14664),#14682,.F.);
#14664 = FACE_BOUND('',#14665,.T.);
#14665 = EDGE_LOOP('',(#14666,#14667,#14668,#14676));
#14666 = ORIENTED_EDGE('',*,*,#1121,.T.);
#14667 = ORIENTED_EDGE('',*,*,#14643,.F.);
#14668 = ORIENTED_EDGE('',*,*,#14669,.F.);
#14669 = EDGE_CURVE('',#14670,#14644,#14672,.T.);
#14670 = VERTEX_POINT('',#14671);
#14671 = CARTESIAN_POINT('',(56.7,11.50001,-31.65));
#14672 = LINE('',#14673,#14674);
#14673 = CARTESIAN_POINT('',(56.7,11.50001,2.75));
#14674 = VECTOR('',#14675,1.);
#14675 = DIRECTION('',(2.039729801423E-14,1.110223024625E-16,1.));
#14676 = ORIENTED_EDGE('',*,*,#14677,.F.);
#14677 = EDGE_CURVE('',#1122,#14670,#14678,.T.);
#14678 = LINE('',#14679,#14680);
#14679 = CARTESIAN_POINT('',(56.7,175.10001,-31.65));
#14680 = VECTOR('',#14681,1.);
#14681 = DIRECTION('',(0.,1.,-1.110223024625E-16));
#14682 = PLANE('',#14683);
#14683 = AXIS2_PLACEMENT_3D('',#14684,#14685,#14686);
#14684 = CARTESIAN_POINT('',(56.7,-13.49999,2.75));
#14685 = DIRECTION('',(1.,-2.264554989554E-30,-2.039729801423E-14));
#14686 = DIRECTION('',(2.039729801423E-14,1.110223024625E-16,1.));
#14687 = ADVANCED_FACE('',(#14688),#14706,.F.);
#14688 = FACE_BOUND('',#14689,.T.);
#14689 = EDGE_LOOP('',(#14690,#14691,#14692,#14693,#14694,#14695,#14696,
    #14697,#14698,#14705));
#14690 = ORIENTED_EDGE('',*,*,#4008,.F.);
#14691 = ORIENTED_EDGE('',*,*,#9004,.T.);
#14692 = ORIENTED_EDGE('',*,*,#8973,.T.);
#14693 = ORIENTED_EDGE('',*,*,#8753,.T.);
#14694 = ORIENTED_EDGE('',*,*,#8712,.F.);
#14695 = ORIENTED_EDGE('',*,*,#8776,.T.);
#14696 = ORIENTED_EDGE('',*,*,#12123,.T.);
#14697 = ORIENTED_EDGE('',*,*,#4907,.F.);
#14698 = ORIENTED_EDGE('',*,*,#14699,.F.);
#14699 = EDGE_CURVE('',#9196,#4900,#14700,.T.);
#14700 = CIRCLE('',#14701,0.12);
#14701 = AXIS2_PLACEMENT_3D('',#14702,#14703,#14704);
#14702 = CARTESIAN_POINT('',(31.58516460022,11.17001,-22.78967026242));
#14703 = DIRECTION('',(-7.814892604496E-16,-1.,5.622153373519E-16));
#14704 = DIRECTION('',(-0.5,-9.614813431899E-17,-0.866025403784));
#14705 = ORIENTED_EDGE('',*,*,#9195,.F.);
#14706 = PLANE('',#14707);
#14707 = AXIS2_PLACEMENT_3D('',#14708,#14709,#14710);
#14708 = CARTESIAN_POINT('',(29.21125041365,11.17001,-25.015));
#14709 = DIRECTION('',(0.,1.,-1.110223024625E-16));
#14710 = DIRECTION('',(-1.,0.,0.));
#14711 = ADVANCED_FACE('',(#14712),#14738,.F.);
#14712 = FACE_BOUND('',#14713,.T.);
#14713 = EDGE_LOOP('',(#14714,#14715,#14716,#14717,#14718,#14719,#14728,
    #14735,#14736,#14737));
#14714 = ORIENTED_EDGE('',*,*,#3999,.F.);
#14715 = ORIENTED_EDGE('',*,*,#9188,.F.);
#14716 = ORIENTED_EDGE('',*,*,#7163,.F.);
#14717 = ORIENTED_EDGE('',*,*,#3952,.T.);
#14718 = ORIENTED_EDGE('',*,*,#13864,.T.);
#14719 = ORIENTED_EDGE('',*,*,#14720,.F.);
#14720 = EDGE_CURVE('',#14721,#13865,#14723,.T.);
#14721 = VERTEX_POINT('',#14722);
#14722 = CARTESIAN_POINT('',(29.82123527292,11.17001,-23.16488014672));
#14723 = CIRCLE('',#14724,1.974999999996);
#14724 = AXIS2_PLACEMENT_3D('',#14725,#14726,#14727);
#14725 = CARTESIAN_POINT('',(31.10000000002,11.17001,-24.66999999999));
#14726 = DIRECTION('',(0.,1.,-1.110223024625E-16));
#14727 = DIRECTION('',(1.,0.,0.));
#14728 = ORIENTED_EDGE('',*,*,#14729,.F.);
#14729 = EDGE_CURVE('',#1339,#14721,#14730,.T.);
#14730 = CIRCLE('',#14731,5.499999999707E-02);
#14731 = AXIS2_PLACEMENT_3D('',#14732,#14733,#14734);
#14732 = CARTESIAN_POINT('',(29.85684644253,11.17001,-23.20679487681));
#14733 = DIRECTION('',(0.,1.,-1.110223024625E-16));
#14734 = DIRECTION('',(1.,0.,0.));
#14735 = ORIENTED_EDGE('',*,*,#1338,.F.);
#14736 = ORIENTED_EDGE('',*,*,#9711,.T.);
#14737 = ORIENTED_EDGE('',*,*,#3862,.T.);
#14738 = PLANE('',#14739);
#14739 = AXIS2_PLACEMENT_3D('',#14740,#14741,#14742);
#14740 = CARTESIAN_POINT('',(29.21125041365,11.17001,-25.015));
#14741 = DIRECTION('',(0.,1.,-1.110223024625E-16));
#14742 = DIRECTION('',(-1.,0.,0.));
#14743 = ADVANCED_FACE('',(#14744),#14762,.T.);
#14744 = FACE_BOUND('',#14745,.T.);
#14745 = EDGE_LOOP('',(#14746,#14755,#14760,#14761));
#14746 = ORIENTED_EDGE('',*,*,#14747,.T.);
#14747 = EDGE_CURVE('',#14748,#14748,#14750,.T.);
#14748 = VERTEX_POINT('',#14749);
#14749 = CARTESIAN_POINT('',(31.1,16.50001,-27.17));
#14750 = CIRCLE('',#14751,2.5);
#14751 = AXIS2_PLACEMENT_3D('',#14752,#14753,#14754);
#14752 = CARTESIAN_POINT('',(31.1,16.50001,-24.67));
#14753 = DIRECTION('',(0.,-1.,1.110223024625E-16));
#14754 = DIRECTION('',(0.,-1.110223024625E-16,-1.));
#14755 = ORIENTED_EDGE('',*,*,#14756,.T.);
#14756 = EDGE_CURVE('',#14748,#599,#14757,.T.);
#14757 = B_SPLINE_CURVE_WITH_KNOTS('',1,(#14758,#14759),.UNSPECIFIED.,
  .F.,.F.,(2,2),(6.,9.25),.PIECEWISE_BEZIER_KNOTS.);
#14758 = CARTESIAN_POINT('',(31.1,16.50001,-27.17));
#14759 = CARTESIAN_POINT('',(31.1,13.25001,-27.17));
#14760 = ORIENTED_EDGE('',*,*,#598,.F.);
#14761 = ORIENTED_EDGE('',*,*,#14756,.F.);
#14762 = CYLINDRICAL_SURFACE('',#14763,2.5);
#14763 = AXIS2_PLACEMENT_3D('',#14764,#14765,#14766);
#14764 = CARTESIAN_POINT('',(31.1,22.50001,-24.67));
#14765 = DIRECTION('',(0.,-1.,1.110223024625E-16));
#14766 = DIRECTION('',(0.,-1.110223024625E-16,-1.));
#14767 = ADVANCED_FACE('',(#14768),#14779,.T.);
#14768 = FACE_BOUND('',#14769,.T.);
#14769 = EDGE_LOOP('',(#14770,#14771,#14776,#14777,#14778));
#14770 = ORIENTED_EDGE('',*,*,#11281,.F.);
#14771 = ORIENTED_EDGE('',*,*,#14772,.T.);
#14772 = EDGE_CURVE('',#11282,#11102,#14773,.T.);
#14773 = B_SPLINE_CURVE_WITH_KNOTS('',1,(#14774,#14775),.UNSPECIFIED.,
  .F.,.F.,(2,2),(-0.494974746831,0.),.PIECEWISE_BEZIER_KNOTS.);
#14774 = CARTESIAN_POINT('',(64.150000000314,1.30000999969,
    1.728792344171E-15));
#14775 = CARTESIAN_POINT('',(64.5,1.65001,1.732797176207E-15));
#14776 = ORIENTED_EDGE('',*,*,#11099,.F.);
#14777 = ORIENTED_EDGE('',*,*,#11117,.F.);
#14778 = ORIENTED_EDGE('',*,*,#14772,.F.);
#14779 = CONICAL_SURFACE('',#14780,2.5,0.7853981625);
#14780 = AXIS2_PLACEMENT_3D('',#14781,#14782,#14783);
#14781 = CARTESIAN_POINT('',(62.,1.65001,1.42663547642E-15));
#14782 = DIRECTION('',(0.,1.,-1.110223024625E-16));
#14783 = DIRECTION('',(-1.,0.,0.));
#14784 = ADVANCED_FACE('',(#14785),#14807,.F.);
#14785 = FACE_BOUND('',#14786,.F.);
#14786 = EDGE_LOOP('',(#14787,#14788,#14794,#14801));
#14787 = ORIENTED_EDGE('',*,*,#13553,.F.);
#14788 = ORIENTED_EDGE('',*,*,#14789,.F.);
#14789 = EDGE_CURVE('',#2763,#13554,#14790,.T.);
#14790 = LINE('',#14791,#14792);
#14791 = CARTESIAN_POINT('',(37.5,16.50001,6.741669750802));
#14792 = VECTOR('',#14793,1.);
#14793 = DIRECTION('',(0.,-1.,1.110223024625E-16));
#14794 = ORIENTED_EDGE('',*,*,#14795,.F.);
#14795 = EDGE_CURVE('',#9840,#2763,#14796,.T.);
#14796 = CIRCLE('',#14797,13.);
#14797 = AXIS2_PLACEMENT_3D('',#14798,#14799,#14800);
#14798 = CARTESIAN_POINT('',(31.,35.80001,18.));
#14799 = DIRECTION('',(0.,1.,-1.110223024625E-16));
#14800 = DIRECTION('',(0.,-1.110223024625E-16,-1.));
#14801 = ORIENTED_EDGE('',*,*,#14802,.T.);
#14802 = EDGE_CURVE('',#9840,#13546,#14803,.T.);
#14803 = LINE('',#14804,#14805);
#14804 = CARTESIAN_POINT('',(43.802500789159,16.50001,15.74257369033));
#14805 = VECTOR('',#14806,1.);
#14806 = DIRECTION('',(0.,-1.,1.110223024625E-16));
#14807 = CYLINDRICAL_SURFACE('',#14808,13.);
#14808 = AXIS2_PLACEMENT_3D('',#14809,#14810,#14811);
#14809 = CARTESIAN_POINT('',(31.,16.50001,18.));
#14810 = DIRECTION('',(0.,1.,-1.110223024625E-16));
#14811 = DIRECTION('',(0.,1.110223024625E-16,1.));
#14812 = ADVANCED_FACE('',(#14813),#14826,.T.);
#14813 = FACE_BOUND('',#14814,.T.);
#14814 = EDGE_LOOP('',(#14815,#14816,#14817,#14818,#14819,#14820));
#14815 = ORIENTED_EDGE('',*,*,#1234,.F.);
#14816 = ORIENTED_EDGE('',*,*,#9839,.T.);
#14817 = ORIENTED_EDGE('',*,*,#14802,.T.);
#14818 = ORIENTED_EDGE('',*,*,#13545,.T.);
#14819 = ORIENTED_EDGE('',*,*,#8047,.F.);
#14820 = ORIENTED_EDGE('',*,*,#14821,.F.);
#14821 = EDGE_CURVE('',#1170,#8040,#14822,.T.);
#14822 = LINE('',#14823,#14824);
#14823 = CARTESIAN_POINT('',(43.802500789159,16.50001,15.74257369033));
#14824 = VECTOR('',#14825,1.);
#14825 = DIRECTION('',(-0.173648177667,-1.093356242223E-16,
    -0.984807753012));
#14826 = PLANE('',#14827);
#14827 = AXIS2_PLACEMENT_3D('',#14828,#14829,#14830);
#14828 = CARTESIAN_POINT('',(43.802500789159,16.50001,15.74257369033));
#14829 = DIRECTION('',(-0.984807753012,1.927882050301E-17,0.173648177667
    ));
#14830 = DIRECTION('',(0.,-1.,1.110223024625E-16));
#14831 = ADVANCED_FACE('',(#14832),#14848,.T.);
#14832 = FACE_BOUND('',#14833,.T.);
#14833 = EDGE_LOOP('',(#14834,#14835,#14841,#14842));
#14834 = ORIENTED_EDGE('',*,*,#4270,.T.);
#14835 = ORIENTED_EDGE('',*,*,#14836,.F.);
#14836 = EDGE_CURVE('',#7088,#4263,#14837,.T.);
#14837 = LINE('',#14838,#14839);
#14838 = CARTESIAN_POINT('',(24.8,16.50001,-19.45));
#14839 = VECTOR('',#14840,1.);
#14840 = DIRECTION('',(-1.,2.155207318719E-30,1.941238175498E-14));
#14841 = ORIENTED_EDGE('',*,*,#7087,.F.);
#14842 = ORIENTED_EDGE('',*,*,#14843,.T.);
#14843 = EDGE_CURVE('',#7080,#4271,#14844,.T.);
#14844 = LINE('',#14845,#14846);
#14845 = CARTESIAN_POINT('',(24.8,11.50001,-19.45));
#14846 = VECTOR('',#14847,1.);
#14847 = DIRECTION('',(-1.,2.155207318719E-30,1.941238175498E-14));
#14848 = PLANE('',#14849);
#14849 = AXIS2_PLACEMENT_3D('',#14850,#14851,#14852);
#14850 = CARTESIAN_POINT('',(24.8,16.50001,-19.45));
#14851 = DIRECTION('',(-1.941238175498E-14,-1.110223024625E-16,-1.));
#14852 = DIRECTION('',(0.,-1.,1.110223024625E-16));
#14853 = ADVANCED_FACE('',(#14854,#14857),#14868,.T.);
#14854 = FACE_BOUND('',#14855,.T.);
#14855 = EDGE_LOOP('',(#14856));
#14856 = ORIENTED_EDGE('',*,*,#14747,.F.);
#14857 = FACE_BOUND('',#14858,.T.);
#14858 = EDGE_LOOP('',(#14859,#14865,#14866,#14867));
#14859 = ORIENTED_EDGE('',*,*,#14860,.T.);
#14860 = EDGE_CURVE('',#4255,#7070,#14861,.T.);
#14861 = LINE('',#14862,#14863);
#14862 = CARTESIAN_POINT('',(44.,16.50001,-31.65));
#14863 = VECTOR('',#14864,1.);
#14864 = DIRECTION('',(1.,0.,0.));
#14865 = ORIENTED_EDGE('',*,*,#7095,.T.);
#14866 = ORIENTED_EDGE('',*,*,#14836,.T.);
#14867 = ORIENTED_EDGE('',*,*,#4262,.T.);
#14868 = PLANE('',#14869);
#14869 = AXIS2_PLACEMENT_3D('',#14870,#14871,#14872);
#14870 = CARTESIAN_POINT('',(33.2,16.50001,-22.55));
#14871 = DIRECTION('',(0.,-1.,1.110223024625E-16));
#14872 = DIRECTION('',(0.,-1.110223024625E-16,-1.));
#14873 = ADVANCED_FACE('',(#14874),#14892,.F.);
#14874 = FACE_BOUND('',#14875,.F.);
#14875 = EDGE_LOOP('',(#14876,#14885,#14890,#14891));
#14876 = ORIENTED_EDGE('',*,*,#14877,.T.);
#14877 = EDGE_CURVE('',#14878,#14878,#14880,.T.);
#14878 = VERTEX_POINT('',#14879);
#14879 = CARTESIAN_POINT('',(38.308253228975,5.52607372825,
    19.258016423722));
#14880 = CIRCLE('',#14881,4.03);
#14881 = AXIS2_PLACEMENT_3D('',#14882,#14883,#14884);
#14882 = CARTESIAN_POINT('',(38.780518909035,8.50001,16.579664658365));
#14883 = DIRECTION('',(0.984807753012,-1.804112415016E-16,0.173648177667
    ));
#14884 = DIRECTION('',(-0.117187513663,-0.737949447085,0.664603415721));
#14885 = ORIENTED_EDGE('',*,*,#14886,.F.);
#14886 = EDGE_CURVE('',#677,#14878,#14887,.T.);
#14887 = B_SPLINE_CURVE_WITH_KNOTS('',1,(#14888,#14889),.UNSPECIFIED.,
  .F.,.F.,(2,2),(10.,12.3),.PIECEWISE_BEZIER_KNOTS.);
#14888 = CARTESIAN_POINT('',(40.573311060903,5.52607372825,
    19.657407232356));
#14889 = CARTESIAN_POINT('',(38.308253228975,5.52607372825,
    19.258016423722));
#14890 = ORIENTED_EDGE('',*,*,#676,.F.);
#14891 = ORIENTED_EDGE('',*,*,#14886,.T.);
#14892 = CYLINDRICAL_SURFACE('',#14893,4.03);
#14893 = AXIS2_PLACEMENT_3D('',#14894,#14895,#14896);
#14894 = CARTESIAN_POINT('',(50.893654271085,8.50001,18.715537243669));
#14895 = DIRECTION('',(-0.984807753012,2.154155783693E-16,
    -0.173648177667));
#14896 = DIRECTION('',(-0.117187513663,-0.737949447085,0.664603415721));
#14897 = ADVANCED_FACE('',(#14898),#14914,.T.);
#14898 = FACE_BOUND('',#14899,.T.);
#14899 = EDGE_LOOP('',(#14900,#14901,#14907,#14908));
#14900 = ORIENTED_EDGE('',*,*,#12741,.F.);
#14901 = ORIENTED_EDGE('',*,*,#14902,.T.);
#14902 = EDGE_CURVE('',#12733,#12545,#14903,.T.);
#14903 = LINE('',#14904,#14905);
#14904 = CARTESIAN_POINT('',(49.502035368336,11.17001,-6.834294876823));
#14905 = VECTOR('',#14906,1.);
#14906 = DIRECTION('',(0.,1.,-1.110223024625E-16));
#14907 = ORIENTED_EDGE('',*,*,#12544,.F.);
#14908 = ORIENTED_EDGE('',*,*,#14909,.F.);
#14909 = EDGE_CURVE('',#12742,#12536,#14910,.T.);
#14910 = LINE('',#14911,#14912);
#14911 = CARTESIAN_POINT('',(49.510912351353,11.17001,-6.849670262422));
#14912 = VECTOR('',#14913,1.);
#14913 = DIRECTION('',(0.,1.,-1.110223024625E-16));
#14914 = PLANE('',#14915);
#14915 = AXIS2_PLACEMENT_3D('',#14916,#14917,#14918);
#14916 = CARTESIAN_POINT('',(49.502035368338,11.17001,-6.834294876821));
#14917 = DIRECTION('',(-0.866025403784,-5.551115123128E-17,-0.5));
#14918 = DIRECTION('',(0.,-1.,1.110223024625E-16));
#14919 = ADVANCED_FACE('',(#14920),#14926,.T.);
#14920 = FACE_BOUND('',#14921,.T.);
#14921 = EDGE_LOOP('',(#14922,#14923,#14924,#14925));
#14922 = ORIENTED_EDGE('',*,*,#11491,.T.);
#14923 = ORIENTED_EDGE('',*,*,#9204,.T.);
#14924 = ORIENTED_EDGE('',*,*,#14699,.T.);
#14925 = ORIENTED_EDGE('',*,*,#4899,.F.);
#14926 = CYLINDRICAL_SURFACE('',#14927,0.12);
#14927 = AXIS2_PLACEMENT_3D('',#14928,#14929,#14930);
#14928 = CARTESIAN_POINT('',(31.58516460022,11.17001,-22.78967026242));
#14929 = DIRECTION('',(0.,-1.,1.110223024625E-16));
#14930 = DIRECTION('',(1.,0.,0.));
#14931 = ADVANCED_FACE('',(#14932),#14944,.F.);
#14932 = FACE_BOUND('',#14933,.F.);
#14933 = EDGE_LOOP('',(#14934,#14935,#14936,#14943));
#14934 = ORIENTED_EDGE('',*,*,#7338,.F.);
#14935 = ORIENTED_EDGE('',*,*,#11626,.F.);
#14936 = ORIENTED_EDGE('',*,*,#14937,.F.);
#14937 = EDGE_CURVE('',#9346,#11619,#14938,.T.);
#14938 = CIRCLE('',#14939,8.);
#14939 = AXIS2_PLACEMENT_3D('',#14940,#14941,#14942);
#14940 = CARTESIAN_POINT('',(17.2,162.10001,-1.));
#14941 = DIRECTION('',(-1.,0.,0.));
#14942 = DIRECTION('',(0.,1.110223024625E-16,1.));
#14943 = ORIENTED_EDGE('',*,*,#9345,.T.);
#14944 = TOROIDAL_SURFACE('',#14945,7.7,0.3);
#14945 = AXIS2_PLACEMENT_3D('',#14946,#14947,#14948);
#14946 = CARTESIAN_POINT('',(17.2,162.10001,-1.));
#14947 = DIRECTION('',(-1.,0.,0.));
#14948 = DIRECTION('',(0.,1.110223024625E-16,1.));
#14949 = ADVANCED_FACE('',(#14950),#14962,.F.);
#14950 = FACE_BOUND('',#14951,.F.);
#14951 = EDGE_LOOP('',(#14952,#14953,#14954,#14960,#14961));
#14952 = ORIENTED_EDGE('',*,*,#7323,.F.);
#14953 = ORIENTED_EDGE('',*,*,#6361,.T.);
#14954 = ORIENTED_EDGE('',*,*,#14955,.F.);
#14955 = EDGE_CURVE('',#10081,#6351,#14956,.T.);
#14956 = LINE('',#14957,#14958);
#14957 = CARTESIAN_POINT('',(17.2,144.10001,9.));
#14958 = VECTOR('',#14959,1.);
#14959 = DIRECTION('',(0.,1.,-4.00142881792E-16));
#14960 = ORIENTED_EDGE('',*,*,#10088,.F.);
#14961 = ORIENTED_EDGE('',*,*,#5871,.F.);
#14962 = CYLINDRICAL_SURFACE('',#14963,0.3);
#14963 = AXIS2_PLACEMENT_3D('',#14964,#14965,#14966);
#14964 = CARTESIAN_POINT('',(17.2,144.10001,8.7));
#14965 = DIRECTION('',(0.,1.,-1.110223024625E-16));
#14966 = DIRECTION('',(0.,1.110223024625E-16,1.));
#14967 = ADVANCED_FACE('',(#14968),#14975,.F.);
#14968 = FACE_BOUND('',#14969,.T.);
#14969 = EDGE_LOOP('',(#14970,#14971,#14972,#14973,#14974));
#14970 = ORIENTED_EDGE('',*,*,#9540,.T.);
#14971 = ORIENTED_EDGE('',*,*,#10910,.F.);
#14972 = ORIENTED_EDGE('',*,*,#13823,.T.);
#14973 = ORIENTED_EDGE('',*,*,#3885,.T.);
#14974 = ORIENTED_EDGE('',*,*,#7588,.T.);
#14975 = PLANE('',#14976);
#14976 = AXIS2_PLACEMENT_3D('',#14977,#14978,#14979);
#14977 = CARTESIAN_POINT('',(114.,162.10001,20.));
#14978 = DIRECTION('',(0.,-1.110223024625E-16,-1.));
#14979 = DIRECTION('',(0.,-1.,1.110223024625E-16));
#14980 = ADVANCED_FACE('',(#14981),#15005,.F.);
#14981 = FACE_BOUND('',#14982,.T.);
#14982 = EDGE_LOOP('',(#14983,#14984,#14985,#14986,#14987,#14988,#14989,
    #14995,#14996,#14997,#14998,#15004));
#14983 = ORIENTED_EDGE('',*,*,#14860,.F.);
#14984 = ORIENTED_EDGE('',*,*,#4254,.T.);
#14985 = ORIENTED_EDGE('',*,*,#13918,.T.);
#14986 = ORIENTED_EDGE('',*,*,#2236,.T.);
#14987 = ORIENTED_EDGE('',*,*,#1129,.T.);
#14988 = ORIENTED_EDGE('',*,*,#14677,.T.);
#14989 = ORIENTED_EDGE('',*,*,#14990,.F.);
#14990 = EDGE_CURVE('',#10882,#14670,#14991,.T.);
#14991 = LINE('',#14992,#14993);
#14992 = CARTESIAN_POINT('',(44.,11.50001,-31.65));
#14993 = VECTOR('',#14994,1.);
#14994 = DIRECTION('',(1.,0.,0.));
#14995 = ORIENTED_EDGE('',*,*,#10896,.T.);
#14996 = ORIENTED_EDGE('',*,*,#4337,.F.);
#14997 = ORIENTED_EDGE('',*,*,#11054,.T.);
#14998 = ORIENTED_EDGE('',*,*,#14999,.F.);
#14999 = EDGE_CURVE('',#7072,#11047,#15000,.T.);
#15000 = LINE('',#15001,#15002);
#15001 = CARTESIAN_POINT('',(44.,11.50001,-31.65));
#15002 = VECTOR('',#15003,1.);
#15003 = DIRECTION('',(1.,0.,0.));
#15004 = ORIENTED_EDGE('',*,*,#7069,.F.);
#15005 = PLANE('',#15006);
#15006 = AXIS2_PLACEMENT_3D('',#15007,#15008,#15009);
#15007 = CARTESIAN_POINT('',(44.,175.10001,-31.65));
#15008 = DIRECTION('',(0.,1.110223024625E-16,1.));
#15009 = DIRECTION('',(-1.,0.,0.));
#15010 = ADVANCED_FACE('',(#15011),#15021,.T.);
#15011 = FACE_BOUND('',#15012,.T.);
#15012 = EDGE_LOOP('',(#15013,#15014,#15019,#15020));
#15013 = ORIENTED_EDGE('',*,*,#13327,.T.);
#15014 = ORIENTED_EDGE('',*,*,#15015,.T.);
#15015 = EDGE_CURVE('',#13321,#14121,#15016,.T.);
#15016 = B_SPLINE_CURVE_WITH_KNOTS('',1,(#15017,#15018),.UNSPECIFIED.,
  .F.,.F.,(2,2),(11.9,12.7),.PIECEWISE_BEZIER_KNOTS.);
#15017 = CARTESIAN_POINT('',(41.6,10.60001,-11.87));
#15018 = CARTESIAN_POINT('',(41.6,9.80001,-11.87));
#15019 = ORIENTED_EDGE('',*,*,#14120,.F.);
#15020 = ORIENTED_EDGE('',*,*,#15015,.F.);
#15021 = CYLINDRICAL_SURFACE('',#15022,3.2);
#15022 = AXIS2_PLACEMENT_3D('',#15023,#15024,#15025);
#15023 = CARTESIAN_POINT('',(41.6,22.50001,-8.670000000001));
#15024 = DIRECTION('',(0.,-1.,1.110223024625E-16));
#15025 = DIRECTION('',(0.,-1.110223024625E-16,-1.));
#15026 = ADVANCED_FACE('',(#15027),#15038,.F.);
#15027 = FACE_BOUND('',#15028,.T.);
#15028 = EDGE_LOOP('',(#15029,#15030,#15031,#15032));
#15029 = ORIENTED_EDGE('',*,*,#12319,.F.);
#15030 = ORIENTED_EDGE('',*,*,#13538,.T.);
#15031 = ORIENTED_EDGE('',*,*,#1379,.F.);
#15032 = ORIENTED_EDGE('',*,*,#15033,.F.);
#15033 = EDGE_CURVE('',#12322,#1380,#15034,.T.);
#15034 = LINE('',#15035,#15036);
#15035 = CARTESIAN_POINT('',(48.200000000001,11.50001,10.25));
#15036 = VECTOR('',#15037,1.);
#15037 = DIRECTION('',(1.,-2.279840147843E-30,-2.053497448058E-14));
#15038 = PLANE('',#15039);
#15039 = AXIS2_PLACEMENT_3D('',#15040,#15041,#15042);
#15040 = CARTESIAN_POINT('',(48.200000000001,16.50001,10.25));
#15041 = DIRECTION('',(8.659294346852E-42,1.110223024629E-16,1.));
#15042 = DIRECTION('',(-1.,2.053497448058E-14,-2.279840147843E-30));
#15043 = ADVANCED_FACE('',(#15044),#15062,.T.);
#15044 = FACE_BOUND('',#15045,.T.);
#15045 = EDGE_LOOP('',(#15046,#15047,#15048,#15049,#15050,#15051,#15052,
    #15053,#15054,#15055,#15056,#15057,#15058,#15059,#15060,#15061));
#15046 = ORIENTED_EDGE('',*,*,#14625,.T.);
#15047 = ORIENTED_EDGE('',*,*,#9426,.F.);
#15048 = ORIENTED_EDGE('',*,*,#4278,.T.);
#15049 = ORIENTED_EDGE('',*,*,#14843,.F.);
#15050 = ORIENTED_EDGE('',*,*,#7079,.F.);
#15051 = ORIENTED_EDGE('',*,*,#14999,.T.);
#15052 = ORIENTED_EDGE('',*,*,#11046,.T.);
#15053 = ORIENTED_EDGE('',*,*,#13508,.T.);
#15054 = ORIENTED_EDGE('',*,*,#10879,.T.);
#15055 = ORIENTED_EDGE('',*,*,#14990,.T.);
#15056 = ORIENTED_EDGE('',*,*,#14669,.T.);
#15057 = ORIENTED_EDGE('',*,*,#14651,.F.);
#15058 = ORIENTED_EDGE('',*,*,#11076,.T.);
#15059 = ORIENTED_EDGE('',*,*,#12329,.T.);
#15060 = ORIENTED_EDGE('',*,*,#15033,.T.);
#15061 = ORIENTED_EDGE('',*,*,#1387,.T.);
#15062 = PLANE('',#15063);
#15063 = AXIS2_PLACEMENT_3D('',#15064,#15065,#15066);
#15064 = CARTESIAN_POINT('',(24.3,11.50001,7.65));
#15065 = DIRECTION('',(0.,-1.,1.110223024625E-16));
#15066 = DIRECTION('',(0.,-1.110223024625E-16,-1.));
#15067 = ADVANCED_FACE('',(#15068),#15079,.T.);
#15068 = FACE_BOUND('',#15069,.T.);
#15069 = EDGE_LOOP('',(#15070,#15071,#15072,#15073));
#15070 = ORIENTED_EDGE('',*,*,#12749,.T.);
#15071 = ORIENTED_EDGE('',*,*,#14909,.T.);
#15072 = ORIENTED_EDGE('',*,*,#12535,.T.);
#15073 = ORIENTED_EDGE('',*,*,#15074,.F.);
#15074 = EDGE_CURVE('',#12750,#12527,#15075,.T.);
#15075 = LINE('',#15076,#15077);
#15076 = CARTESIAN_POINT('',(49.58544607509,11.17001,-6.906015728997));
#15077 = VECTOR('',#15078,1.);
#15078 = DIRECTION('',(0.,1.,-1.110223024625E-16));
#15079 = CYLINDRICAL_SURFACE('',#15080,0.12);
#15080 = AXIS2_PLACEMENT_3D('',#15081,#15082,#15083);
#15081 = CARTESIAN_POINT('',(49.614835399807,11.17001,-6.789670262422));
#15082 = DIRECTION('',(0.,-1.,1.110223024625E-16));
#15083 = DIRECTION('',(1.,0.,0.));
#15084 = ADVANCED_FACE('',(#15085),#15091,.T.);
#15085 = FACE_BOUND('',#15086,.T.);
#15086 = EDGE_LOOP('',(#15087,#15088,#15089,#15090));
#15087 = ORIENTED_EDGE('',*,*,#11543,.F.);
#15088 = ORIENTED_EDGE('',*,*,#2825,.T.);
#15089 = ORIENTED_EDGE('',*,*,#9611,.F.);
#15090 = ORIENTED_EDGE('',*,*,#8857,.F.);
#15091 = PLANE('',#15092);
#15092 = AXIS2_PLACEMENT_3D('',#15093,#15094,#15095);
#15093 = CARTESIAN_POINT('',(31.69796463169,11.17001,-26.50570512318));
#15094 = DIRECTION('',(0.866025403785,5.551115123115E-17,0.499999999999)
  );
#15095 = DIRECTION('',(0.,1.,-1.110223024625E-16));
#15096 = ADVANCED_FACE('',(#15097),#15109,.T.);
#15097 = FACE_BOUND('',#15098,.T.);
#15098 = EDGE_LOOP('',(#15099,#15100,#15101,#15102,#15103));
#15099 = ORIENTED_EDGE('',*,*,#12758,.T.);
#15100 = ORIENTED_EDGE('',*,*,#15074,.T.);
#15101 = ORIENTED_EDGE('',*,*,#12526,.T.);
#15102 = ORIENTED_EDGE('',*,*,#5432,.T.);
#15103 = ORIENTED_EDGE('',*,*,#15104,.F.);
#15104 = EDGE_CURVE('',#12759,#5424,#15105,.T.);
#15105 = LINE('',#15106,#15107);
#15106 = CARTESIAN_POINT('',(50.614553924928,11.17001,-6.906015728996));
#15107 = VECTOR('',#15108,1.);
#15108 = DIRECTION('',(0.,1.,-1.110223024625E-16));
#15109 = CYLINDRICAL_SURFACE('',#15110,2.10098297883);
#15110 = AXIS2_PLACEMENT_3D('',#15111,#15112,#15113);
#15111 = CARTESIAN_POINT('',(50.100000000008,11.17001,-4.869017021171));
#15112 = DIRECTION('',(0.,-1.,1.110223024625E-16));
#15113 = DIRECTION('',(1.,0.,0.));
#15114 = ADVANCED_FACE('',(#15115),#15121,.T.);
#15115 = FACE_BOUND('',#15116,.T.);
#15116 = EDGE_LOOP('',(#15117,#15118,#15119,#15120));
#15117 = ORIENTED_EDGE('',*,*,#12767,.T.);
#15118 = ORIENTED_EDGE('',*,*,#15104,.T.);
#15119 = ORIENTED_EDGE('',*,*,#5423,.T.);
#15120 = ORIENTED_EDGE('',*,*,#568,.F.);
#15121 = CYLINDRICAL_SURFACE('',#15122,0.12);
#15122 = AXIS2_PLACEMENT_3D('',#15123,#15124,#15125);
#15123 = CARTESIAN_POINT('',(50.585164600211,11.17001,-6.789670262421));
#15124 = DIRECTION('',(0.,-1.,1.110223024625E-16));
#15125 = DIRECTION('',(1.,0.,0.));
#15126 = ADVANCED_FACE('',(#15127),#15145,.T.);
#15127 = FACE_BOUND('',#15128,.T.);
#15128 = EDGE_LOOP('',(#15129,#15130,#15137,#15144));
#15129 = ORIENTED_EDGE('',*,*,#1938,.T.);
#15130 = ORIENTED_EDGE('',*,*,#15131,.T.);
#15131 = EDGE_CURVE('',#1932,#15132,#15134,.T.);
#15132 = VERTEX_POINT('',#15133);
#15133 = CARTESIAN_POINT('',(31.1,9.80001,-27.87));
#15134 = B_SPLINE_CURVE_WITH_KNOTS('',1,(#15135,#15136),.UNSPECIFIED.,
  .F.,.F.,(2,2),(11.9,12.7),.PIECEWISE_BEZIER_KNOTS.);
#15135 = CARTESIAN_POINT('',(31.1,10.60001,-27.87));
#15136 = CARTESIAN_POINT('',(31.1,9.80001,-27.87));
#15137 = ORIENTED_EDGE('',*,*,#15138,.F.);
#15138 = EDGE_CURVE('',#15132,#15132,#15139,.T.);
#15139 = CIRCLE('',#15140,3.2);
#15140 = AXIS2_PLACEMENT_3D('',#15141,#15142,#15143);
#15141 = CARTESIAN_POINT('',(31.1,9.80001,-24.67));
#15142 = DIRECTION('',(0.,-1.,1.110223024625E-16));
#15143 = DIRECTION('',(0.,-1.110223024625E-16,-1.));
#15144 = ORIENTED_EDGE('',*,*,#15131,.F.);
#15145 = CYLINDRICAL_SURFACE('',#15146,3.2);
#15146 = AXIS2_PLACEMENT_3D('',#15147,#15148,#15149);
#15147 = CARTESIAN_POINT('',(31.1,22.50001,-24.67));
#15148 = DIRECTION('',(0.,-1.,1.110223024625E-16));
#15149 = DIRECTION('',(0.,-1.110223024625E-16,-1.));
#15150 = ADVANCED_FACE('',(#15151),#15162,.F.);
#15151 = FACE_BOUND('',#15152,.F.);
#15152 = EDGE_LOOP('',(#15153,#15159,#15160,#15161));
#15153 = ORIENTED_EDGE('',*,*,#15154,.T.);
#15154 = EDGE_CURVE('',#11464,#14721,#15155,.T.);
#15155 = LINE('',#15156,#15157);
#15156 = CARTESIAN_POINT('',(29.82123527292,11.17001,-23.16488014672));
#15157 = VECTOR('',#15158,1.);
#15158 = DIRECTION('',(0.,1.,-1.110223024625E-16));
#15159 = ORIENTED_EDGE('',*,*,#14729,.F.);
#15160 = ORIENTED_EDGE('',*,*,#1346,.F.);
#15161 = ORIENTED_EDGE('',*,*,#11463,.F.);
#15162 = CYLINDRICAL_SURFACE('',#15163,5.499999999707E-02);
#15163 = AXIS2_PLACEMENT_3D('',#15164,#15165,#15166);
#15164 = CARTESIAN_POINT('',(29.85684644253,11.17001,-23.20679487681));
#15165 = DIRECTION('',(0.,-1.,1.110223024625E-16));
#15166 = DIRECTION('',(1.,0.,0.));
#15167 = ADVANCED_FACE('',(#15168),#15174,.T.);
#15168 = FACE_BOUND('',#15169,.T.);
#15169 = EDGE_LOOP('',(#15170,#15171,#15172,#15173));
#15170 = ORIENTED_EDGE('',*,*,#11570,.F.);
#15171 = ORIENTED_EDGE('',*,*,#13445,.T.);
#15172 = ORIENTED_EDGE('',*,*,#14599,.F.);
#15173 = ORIENTED_EDGE('',*,*,#11141,.F.);
#15174 = PLANE('',#15175);
#15175 = AXIS2_PLACEMENT_3D('',#15176,#15177,#15178);
#15176 = CARTESIAN_POINT('',(29.80921504532,11.17001,-26.10570512318));
#15177 = DIRECTION('',(0.866025403784,-5.551115123128E-17,-0.5));
#15178 = DIRECTION('',(0.5,9.614813431917E-17,0.866025403784));
#15179 = ADVANCED_FACE('',(#15180),#15191,.F.);
#15180 = FACE_BOUND('',#15181,.T.);
#15181 = EDGE_LOOP('',(#15182,#15183,#15184,#15190));
#15182 = ORIENTED_EDGE('',*,*,#11436,.T.);
#15183 = ORIENTED_EDGE('',*,*,#2505,.T.);
#15184 = ORIENTED_EDGE('',*,*,#15185,.T.);
#15185 = EDGE_CURVE('',#2497,#8072,#15186,.T.);
#15186 = LINE('',#15187,#15188);
#15187 = CARTESIAN_POINT('',(29.21125041365,11.17001,-25.07));
#15188 = VECTOR('',#15189,1.);
#15189 = DIRECTION('',(-1.,3.389964285058E-31,3.053408378197E-15));
#15190 = ORIENTED_EDGE('',*,*,#8080,.F.);
#15191 = PLANE('',#15192);
#15192 = AXIS2_PLACEMENT_3D('',#15193,#15194,#15195);
#15193 = CARTESIAN_POINT('',(29.21125041365,11.17001,-25.07));
#15194 = DIRECTION('',(-3.053408378197E-15,-1.110223024625E-16,-1.));
#15195 = DIRECTION('',(0.,-1.,1.110223024625E-16));
#15196 = ADVANCED_FACE('',(#15197),#15209,.F.);
#15197 = FACE_BOUND('',#15198,.T.);
#15198 = EDGE_LOOP('',(#15199,#15200,#15201,#15202,#15203,#15204,#15205,
    #15206,#15207,#15208));
#15199 = ORIENTED_EDGE('',*,*,#3992,.F.);
#15200 = ORIENTED_EDGE('',*,*,#3853,.T.);
#15201 = ORIENTED_EDGE('',*,*,#14146,.T.);
#15202 = ORIENTED_EDGE('',*,*,#13423,.T.);
#15203 = ORIENTED_EDGE('',*,*,#5530,.F.);
#15204 = ORIENTED_EDGE('',*,*,#9680,.T.);
#15205 = ORIENTED_EDGE('',*,*,#8071,.T.);
#15206 = ORIENTED_EDGE('',*,*,#15185,.F.);
#15207 = ORIENTED_EDGE('',*,*,#2496,.F.);
#15208 = ORIENTED_EDGE('',*,*,#6566,.F.);
#15209 = PLANE('',#15210);
#15210 = AXIS2_PLACEMENT_3D('',#15211,#15212,#15213);
#15211 = CARTESIAN_POINT('',(29.21125041365,11.17001,-25.015));
#15212 = DIRECTION('',(0.,1.,-1.110223024625E-16));
#15213 = DIRECTION('',(-1.,0.,0.));
#15214 = ADVANCED_FACE('',(#15215),#15221,.T.);
#15215 = FACE_BOUND('',#15216,.T.);
#15216 = EDGE_LOOP('',(#15217,#15218,#15219,#15220));
#15217 = ORIENTED_EDGE('',*,*,#11258,.F.);
#15218 = ORIENTED_EDGE('',*,*,#662,.T.);
#15219 = ORIENTED_EDGE('',*,*,#715,.T.);
#15220 = ORIENTED_EDGE('',*,*,#770,.F.);
#15221 = PLANE('',#15222);
#15222 = AXIS2_PLACEMENT_3D('',#15223,#15224,#15225);
#15223 = CARTESIAN_POINT('',(19.65043914493,10.2042312477,
    11.623959714443));
#15224 = DIRECTION('',(-0.165559152187,-0.301654970548,0.938932609867));
#15225 = DIRECTION('',(0.876646389594,-0.481135227989,3.728940639856E-13
    ));
#15226 = ADVANCED_FACE('',(#15227),#15233,.T.);
#15227 = FACE_BOUND('',#15228,.T.);
#15228 = EDGE_LOOP('',(#15229,#15230,#15231,#15232));
#15229 = ORIENTED_EDGE('',*,*,#11267,.F.);
#15230 = ORIENTED_EDGE('',*,*,#4517,.T.);
#15231 = ORIENTED_EDGE('',*,*,#706,.T.);
#15232 = ORIENTED_EDGE('',*,*,#640,.F.);
#15233 = PLANE('',#15234);
#15234 = AXIS2_PLACEMENT_3D('',#15235,#15236,#15237);
#15235 = CARTESIAN_POINT('',(18.98820253619,8.99761136551,15.37969015391
    ));
#15236 = DIRECTION('',(0.128143576697,-0.674855994674,-0.72673833682));
#15237 = DIRECTION('',(2.498834472675E-13,-0.73277964552,0.680466010254)
  );
#15238 = ADVANCED_FACE('',(#15239),#15259,.T.);
#15239 = FACE_BOUND('',#15240,.T.);
#15240 = EDGE_LOOP('',(#15241,#15250,#15255,#15256,#15257,#15258));
#15241 = ORIENTED_EDGE('',*,*,#15242,.T.);
#15242 = EDGE_CURVE('',#15243,#15243,#15245,.T.);
#15243 = VERTEX_POINT('',#15244);
#15244 = CARTESIAN_POINT('',(42.921658555181,4.81026276458,
    20.736192989773));
#15245 = CIRCLE('',#15246,5.);
#15246 = AXIS2_PLACEMENT_3D('',#15247,#15248,#15249);
#15247 = CARTESIAN_POINT('',(43.507596123494,8.50001,17.413175911167));
#15248 = DIRECTION('',(-0.984807753012,1.804112415016E-16,
    -0.173648177667));
#15249 = DIRECTION('',(-0.117187513663,-0.737949447085,0.664603415721));
#15250 = ORIENTED_EDGE('',*,*,#15251,.T.);
#15251 = EDGE_CURVE('',#15243,#9259,#15252,.T.);
#15252 = B_SPLINE_CURVE_WITH_KNOTS('',1,(#15253,#15254),.UNSPECIFIED.,
  .F.,.F.,(2,2),(7.,7.595),.PIECEWISE_BEZIER_KNOTS.);
#15253 = CARTESIAN_POINT('',(42.921658555181,4.81026276458,
    20.736192989773));
#15254 = CARTESIAN_POINT('',(42.335697942138,4.81026276458,
    20.632872324061));
#15255 = ORIENTED_EDGE('',*,*,#9267,.F.);
#15256 = ORIENTED_EDGE('',*,*,#9276,.F.);
#15257 = ORIENTED_EDGE('',*,*,#9258,.F.);
#15258 = ORIENTED_EDGE('',*,*,#15251,.F.);
#15259 = CYLINDRICAL_SURFACE('',#15260,5.);
#15260 = AXIS2_PLACEMENT_3D('',#15261,#15262,#15263);
#15261 = CARTESIAN_POINT('',(50.401250394579,8.50001,18.628713154835));
#15262 = DIRECTION('',(-0.984807753012,2.348310636733E-16,
    -0.173648177667));
#15263 = DIRECTION('',(-0.117187513663,-0.737949447085,0.664603415721));
#15264 = ADVANCED_FACE('',(#15265),#15275,.T.);
#15265 = FACE_BOUND('',#15266,.T.);
#15266 = EDGE_LOOP('',(#15267,#15268,#15273,#15274));
#15267 = ORIENTED_EDGE('',*,*,#15242,.F.);
#15268 = ORIENTED_EDGE('',*,*,#15269,.F.);
#15269 = EDGE_CURVE('',#12309,#15243,#15270,.T.);
#15270 = B_SPLINE_CURVE_WITH_KNOTS('',1,(#15271,#15272),.UNSPECIFIED.,
  .F.,.F.,(2,2),(3.140184920186E-16,0.707106781187),
  .PIECEWISE_BEZIER_KNOTS.);
#15271 = CARTESIAN_POINT('',(43.472656188518,5.17923748812,
    20.490715370746));
#15272 = CARTESIAN_POINT('',(42.921658554791,4.81026276491,
    20.736192989397));
#15273 = ORIENTED_EDGE('',*,*,#12308,.T.);
#15274 = ORIENTED_EDGE('',*,*,#15269,.T.);
#15275 = CONICAL_SURFACE('',#15276,4.5,0.7853981625);
#15276 = AXIS2_PLACEMENT_3D('',#15277,#15278,#15279);
#15277 = CARTESIAN_POINT('',(44.,8.50001,17.5));
#15278 = DIRECTION('',(-0.984807753012,2.630654952493E-16,
    -0.173648177667));
#15279 = DIRECTION('',(-0.117187513663,-0.737949447085,0.664603415721));
#15280 = ADVANCED_FACE('',(#15281),#15291,.T.);
#15281 = FACE_BOUND('',#15282,.T.);
#15282 = EDGE_LOOP('',(#15283,#15284,#15289,#15290));
#15283 = ORIENTED_EDGE('',*,*,#2591,.F.);
#15284 = ORIENTED_EDGE('',*,*,#15285,.T.);
#15285 = EDGE_CURVE('',#2592,#12093,#15286,.T.);
#15286 = B_SPLINE_CURVE_WITH_KNOTS('',1,(#15287,#15288),.UNSPECIFIED.,
  .F.,.F.,(2,2),(-0.707106781187,1.110223024625E-16),
  .PIECEWISE_BEZIER_KNOTS.);
#15287 = CARTESIAN_POINT('',(38.056213546456,5.17923748779,
    19.535650393798));
#15288 = CARTESIAN_POINT('',(38.490023666626,4.81026276458,
    19.954776190272));
#15289 = ORIENTED_EDGE('',*,*,#12099,.T.);
#15290 = ORIENTED_EDGE('',*,*,#15285,.F.);
#15291 = CONICAL_SURFACE('',#15292,5.,0.7853981625);
#15292 = AXIS2_PLACEMENT_3D('',#15293,#15294,#15295);
#15293 = CARTESIAN_POINT('',(39.075961234939,8.50001,16.631759111665));
#15294 = DIRECTION('',(0.984807753012,-2.517717226193E-16,0.173648177667
    ));
#15295 = DIRECTION('',(0.117187513663,0.737949447085,-0.664603415721));
#15296 = ADVANCED_FACE('',(#15297),#15308,.F.);
#15297 = FACE_BOUND('',#15298,.F.);
#15298 = EDGE_LOOP('',(#15299,#15300,#15305,#15306,#15307));
#15299 = ORIENTED_EDGE('',*,*,#14877,.F.);
#15300 = ORIENTED_EDGE('',*,*,#15301,.T.);
#15301 = EDGE_CURVE('',#14878,#2605,#15302,.T.);
#15302 = B_SPLINE_CURVE_WITH_KNOTS('',1,(#15303,#15304),.UNSPECIFIED.,
  .F.,.F.,(2,2),(-1.127261575266E-24,0.282842712475),
  .PIECEWISE_BEZIER_KNOTS.);
#15303 = CARTESIAN_POINT('',(38.308253228975,5.52607372825,
    19.258016423722));
#15304 = CARTESIAN_POINT('',(38.087854175484,5.37848383897,
    19.356207471182));
#15305 = ORIENTED_EDGE('',*,*,#2602,.F.);
#15306 = ORIENTED_EDGE('',*,*,#2613,.F.);
#15307 = ORIENTED_EDGE('',*,*,#15301,.F.);
#15308 = CONICAL_SURFACE('',#15309,4.03,0.7853981625);
#15309 = AXIS2_PLACEMENT_3D('',#15310,#15311,#15312);
#15310 = CARTESIAN_POINT('',(38.780518909035,8.50001,16.579664658365));
#15311 = DIRECTION('',(-0.984807753012,2.545313115155E-16,
    -0.173648177667));
#15312 = DIRECTION('',(-0.117187513663,-0.737949447085,0.664603415721));
#15313 = ADVANCED_FACE('',(#15314),#15328,.F.);
#15314 = FACE_BOUND('',#15315,.F.);
#15315 = EDGE_LOOP('',(#15316,#15317,#15325,#15326,#15327));
#15316 = ORIENTED_EDGE('',*,*,#12243,.T.);
#15317 = ORIENTED_EDGE('',*,*,#15318,.F.);
#15318 = EDGE_CURVE('',#12084,#12237,#15319,.T.);
#15319 = B_SPLINE_CURVE_WITH_KNOTS('',4,(#15320,#15321,#15322,#15323,
    #15324),.UNSPECIFIED.,.F.,.F.,(5,5),(-0.622368488555,0.),
  .PIECEWISE_BEZIER_KNOTS.);
#15320 = CARTESIAN_POINT('',(38.98463781478,4.81026276458,
    20.041990009631));
#15321 = CARTESIAN_POINT('',(38.93058684971,4.78348872809,
    20.057321986042));
#15322 = CARTESIAN_POINT('',(38.870327895264,4.76444949539,
    20.064376715527));
#15323 = CARTESIAN_POINT('',(38.807498202362,4.75491655605,
    20.062150521824));
#15324 = CARTESIAN_POINT('',(38.746206871086,4.75491655605,
    20.051343206436));
#15325 = ORIENTED_EDGE('',*,*,#12107,.T.);
#15326 = ORIENTED_EDGE('',*,*,#12081,.T.);
#15327 = ORIENTED_EDGE('',*,*,#15318,.T.);
#15328 = TOROIDAL_SURFACE('',#15329,4.675,0.4);
#15329 = AXIS2_PLACEMENT_3D('',#15330,#15331,#15332);
#15330 = CARTESIAN_POINT('',(39.340933502924,8.50001,16.678480871651));
#15331 = DIRECTION('',(-0.984807753012,2.32634092404E-16,-0.173648177667
    ));
#15332 = DIRECTION('',(-0.117187513663,-0.737949447085,0.664603415721));
#15333 = ADVANCED_FACE('',(#15334),#15340,.F.);
#15334 = FACE_BOUND('',#15335,.F.);
#15335 = EDGE_LOOP('',(#15336,#15337,#15338,#15339));
#15336 = ORIENTED_EDGE('',*,*,#810,.T.);
#15337 = ORIENTED_EDGE('',*,*,#14607,.F.);
#15338 = ORIENTED_EDGE('',*,*,#1971,.F.);
#15339 = ORIENTED_EDGE('',*,*,#11553,.F.);
#15340 = CYLINDRICAL_SURFACE('',#15341,5.499999999707E-02);
#15341 = AXIS2_PLACEMENT_3D('',#15342,#15343,#15344);
#15342 = CARTESIAN_POINT('',(30.45440397113,11.17001,-26.47820512318));
#15343 = DIRECTION('',(0.,-1.,1.110223024625E-16));
#15344 = DIRECTION('',(1.,0.,0.));
#15345 = ADVANCED_FACE('',(#15346),#15352,.F.);
#15346 = FACE_BOUND('',#15347,.F.);
#15347 = EDGE_LOOP('',(#15348,#15349,#15350,#15351));
#15348 = ORIENTED_EDGE('',*,*,#13873,.T.);
#15349 = ORIENTED_EDGE('',*,*,#14720,.F.);
#15350 = ORIENTED_EDGE('',*,*,#15154,.F.);
#15351 = ORIENTED_EDGE('',*,*,#11472,.T.);
#15352 = CYLINDRICAL_SURFACE('',#15353,1.974999999996);
#15353 = AXIS2_PLACEMENT_3D('',#15354,#15355,#15356);
#15354 = CARTESIAN_POINT('',(31.10000000002,11.17001,-24.66999999999));
#15355 = DIRECTION('',(0.,-1.,1.110223024625E-16));
#15356 = DIRECTION('',(1.,0.,0.));
#15357 = ADVANCED_FACE('',(#15358),#15368,.T.);
#15358 = FACE_BOUND('',#15359,.T.);
#15359 = EDGE_LOOP('',(#15360,#15361,#15366,#15367));
#15360 = ORIENTED_EDGE('',*,*,#15138,.T.);
#15361 = ORIENTED_EDGE('',*,*,#15362,.F.);
#15362 = EDGE_CURVE('',#11426,#15132,#15363,.T.);
#15363 = B_SPLINE_CURVE_WITH_KNOTS('',1,(#15364,#15365),.UNSPECIFIED.,
  .F.,.F.,(2,2),(-1.251922059764E-15,0.877141320049),
  .PIECEWISE_BEZIER_KNOTS.);
#15364 = CARTESIAN_POINT('',(31.1,9.50001,-27.04575677416));
#15365 = CARTESIAN_POINT('',(31.1,9.80001000116,-27.86999999958));
#15366 = ORIENTED_EDGE('',*,*,#11425,.F.);
#15367 = ORIENTED_EDGE('',*,*,#15362,.T.);
#15368 = CONICAL_SURFACE('',#15369,2.375756774164,1.221730475);
#15369 = AXIS2_PLACEMENT_3D('',#15370,#15371,#15372);
#15370 = CARTESIAN_POINT('',(31.1,9.50001,-24.67));
#15371 = DIRECTION('',(0.,1.,5.927848584339E-21));
#15372 = DIRECTION('',(0.,-5.927848584339E-21,1.));
#15373 = ADVANCED_FACE('',(#15374),#15385,.F.);
#15374 = FACE_BOUND('',#15375,.T.);
#15375 = EDGE_LOOP('',(#15376,#15377,#15378,#15379));
#15376 = ORIENTED_EDGE('',*,*,#11741,.T.);
#15377 = ORIENTED_EDGE('',*,*,#14392,.T.);
#15378 = ORIENTED_EDGE('',*,*,#13211,.T.);
#15379 = ORIENTED_EDGE('',*,*,#15380,.F.);
#15380 = EDGE_CURVE('',#11742,#13203,#15381,.T.);
#15381 = LINE('',#15382,#15383);
#15382 = CARTESIAN_POINT('',(40.309215045318,11.17001,-7.234294876817));
#15383 = VECTOR('',#15384,1.);
#15384 = DIRECTION('',(0.,1.,-1.110223024625E-16));
#15385 = PLANE('',#15386);
#15386 = AXIS2_PLACEMENT_3D('',#15387,#15388,#15389);
#15387 = CARTESIAN_POINT('',(40.309215045318,11.17001,-7.234294876817));
#15388 = DIRECTION('',(-0.866025403784,-5.551115123128E-17,-0.5));
#15389 = DIRECTION('',(0.,-1.,1.110223024625E-16));
#15390 = ADVANCED_FACE('',(#15391),#15402,.F.);
#15391 = FACE_BOUND('',#15392,.F.);
#15392 = EDGE_LOOP('',(#15393,#15399,#15400,#15401));
#15393 = ORIENTED_EDGE('',*,*,#15394,.T.);
#15394 = EDGE_CURVE('',#11750,#13194,#15395,.T.);
#15395 = LINE('',#15396,#15397);
#15396 = CARTESIAN_POINT('',(40.321235272913,11.17001,-7.164880146728));
#15397 = VECTOR('',#15398,1.);
#15398 = DIRECTION('',(0.,1.,-1.110223024625E-16));
#15399 = ORIENTED_EDGE('',*,*,#13202,.F.);
#15400 = ORIENTED_EDGE('',*,*,#15380,.F.);
#15401 = ORIENTED_EDGE('',*,*,#11749,.F.);
#15402 = CYLINDRICAL_SURFACE('',#15403,5.499999999707E-02);
#15403 = AXIS2_PLACEMENT_3D('',#15404,#15405,#15406);
#15404 = CARTESIAN_POINT('',(40.356846442526,11.17001,-7.206794876817));
#15405 = DIRECTION('',(0.,-1.,1.110223024625E-16));
#15406 = DIRECTION('',(1.,0.,0.));
#15407 = ADVANCED_FACE('',(#15408),#15414,.F.);
#15408 = FACE_BOUND('',#15409,.F.);
#15409 = EDGE_LOOP('',(#15410,#15411,#15412,#15413));
#15410 = ORIENTED_EDGE('',*,*,#1559,.T.);
#15411 = ORIENTED_EDGE('',*,*,#13193,.F.);
#15412 = ORIENTED_EDGE('',*,*,#15394,.F.);
#15413 = ORIENTED_EDGE('',*,*,#11758,.T.);
#15414 = CYLINDRICAL_SURFACE('',#15415,1.974999999996);
#15415 = AXIS2_PLACEMENT_3D('',#15416,#15417,#15418);
#15416 = CARTESIAN_POINT('',(41.600000000014,11.17001,-8.669999999999));
#15417 = DIRECTION('',(0.,-1.,1.110223024625E-16));
#15418 = DIRECTION('',(1.,0.,0.));
#15419 = ADVANCED_FACE('',(#15420),#15442,.F.);
#15420 = FACE_BOUND('',#15421,.F.);
#15421 = EDGE_LOOP('',(#15422,#15423,#15434,#15441));
#15422 = ORIENTED_EDGE('',*,*,#614,.F.);
#15423 = ORIENTED_EDGE('',*,*,#15424,.F.);
#15424 = EDGE_CURVE('',#15425,#608,#15427,.T.);
#15425 = VERTEX_POINT('',#15426);
#15426 = CARTESIAN_POINT('',(31.1,12.3922912824,-26.9632539401));
#15427 = B_SPLINE_CURVE_WITH_KNOTS('',5,(#15428,#15429,#15430,#15431,
    #15432,#15433),.UNSPECIFIED.,.F.,.F.,(6,6),(2.617993877991,
    3.566410580771),.PIECEWISE_BEZIER_KNOTS.);
#15428 = CARTESIAN_POINT('',(31.1,12.3922912824,-26.9632539401));
#15429 = CARTESIAN_POINT('',(31.1,12.45734243667,-26.92569663867));
#15430 = CARTESIAN_POINT('',(31.1,12.53129762468,-26.90355428868));
#15431 = CARTESIAN_POINT('',(31.1,12.60928832063,-26.89969915986));
#15432 = CARTESIAN_POINT('',(31.1,12.68506667209,-26.91444008746));
#15433 = CARTESIAN_POINT('',(31.1,12.75350462261,-26.94539893905));
#15434 = ORIENTED_EDGE('',*,*,#15435,.T.);
#15435 = EDGE_CURVE('',#15425,#15425,#15436,.T.);
#15436 = CIRCLE('',#15437,2.293253940101);
#15437 = AXIS2_PLACEMENT_3D('',#15438,#15439,#15440);
#15438 = CARTESIAN_POINT('',(31.1,12.3922912824,-24.67));
#15439 = DIRECTION('',(0.,-1.,1.110223024625E-16));
#15440 = DIRECTION('',(0.,-1.110223024625E-16,-1.));
#15441 = ORIENTED_EDGE('',*,*,#15424,.T.);
#15442 = TOROIDAL_SURFACE('',#15443,2.6362,0.396);
#15443 = AXIS2_PLACEMENT_3D('',#15444,#15445,#15446);
#15444 = CARTESIAN_POINT('',(31.1,12.5902912824,-24.67));
#15445 = DIRECTION('',(0.,-1.,1.110223024625E-16));
#15446 = DIRECTION('',(0.,-1.110223024625E-16,-1.));
#15447 = ADVANCED_FACE('',(#15448),#15454,.F.);
#15448 = FACE_BOUND('',#15449,.T.);
#15449 = EDGE_LOOP('',(#15450,#15451,#15452,#15453));
#15450 = ORIENTED_EDGE('',*,*,#14789,.F.);
#15451 = ORIENTED_EDGE('',*,*,#2771,.T.);
#15452 = ORIENTED_EDGE('',*,*,#4200,.F.);
#15453 = ORIENTED_EDGE('',*,*,#13562,.F.);
#15454 = PLANE('',#15455);
#15455 = AXIS2_PLACEMENT_3D('',#15456,#15457,#15458);
#15456 = CARTESIAN_POINT('',(37.5,16.50001,6.741669750802));
#15457 = DIRECTION('',(0.5,-9.614813431917E-17,-0.866025403784));
#15458 = DIRECTION('',(0.866025403784,5.551115123128E-17,0.5));
#15459 = ADVANCED_FACE('',(#15460),#15467,.T.);
#15460 = FACE_BOUND('',#15461,.T.);
#15461 = EDGE_LOOP('',(#15462,#15463,#15464,#15465,#15466));
#15462 = ORIENTED_EDGE('',*,*,#3527,.T.);
#15463 = ORIENTED_EDGE('',*,*,#5224,.T.);
#15464 = ORIENTED_EDGE('',*,*,#6644,.F.);
#15465 = ORIENTED_EDGE('',*,*,#13910,.F.);
#15466 = ORIENTED_EDGE('',*,*,#1193,.F.);
#15467 = PLANE('',#15468);
#15468 = AXIS2_PLACEMENT_3D('',#15469,#15470,#15471);
#15469 = CARTESIAN_POINT('',(68.395183950936,105.64568835477,
    24.395183950936));
#15470 = DIRECTION('',(0.707106781187,7.850462293419E-17,0.707106781187)
  );
#15471 = DIRECTION('',(0.,1.,-1.110223024625E-16));
#15472 = ADVANCED_FACE('',(#15473),#15483,.T.);
#15473 = FACE_BOUND('',#15474,.T.);
#15474 = EDGE_LOOP('',(#15475,#15476,#15481,#15482));
#15475 = ORIENTED_EDGE('',*,*,#1922,.F.);
#15476 = ORIENTED_EDGE('',*,*,#15477,.F.);
#15477 = EDGE_CURVE('',#15425,#1923,#15478,.T.);
#15478 = B_SPLINE_CURVE_WITH_KNOTS('',1,(#15479,#15480),.UNSPECIFIED.,
  .F.,.F.,(2,2),(-6.661338140848E-16,1.376727838678),
  .PIECEWISE_BEZIER_KNOTS.);
#15479 = CARTESIAN_POINT('',(31.1,12.3922912824,-26.9632539401));
#15480 = CARTESIAN_POINT('',(31.1,11.20000999959,-27.65161785872));
#15481 = ORIENTED_EDGE('',*,*,#15435,.T.);
#15482 = ORIENTED_EDGE('',*,*,#15477,.T.);
#15483 = CONICAL_SURFACE('',#15484,2.293253940101,0.523598775);
#15484 = AXIS2_PLACEMENT_3D('',#15485,#15486,#15487);
#15485 = CARTESIAN_POINT('',(31.1,12.3922912824,-24.67));
#15486 = DIRECTION('',(0.,-1.,2.067900442144E-16));
#15487 = DIRECTION('',(0.,-2.067900442144E-16,-1.));
#15488 = ADVANCED_FACE('',(#15489),#15501,.T.);
#15489 = FACE_BOUND('',#15490,.T.);
#15490 = EDGE_LOOP('',(#15491,#15492,#15493,#15494,#15495));
#15491 = ORIENTED_EDGE('',*,*,#11768,.T.);
#15492 = ORIENTED_EDGE('',*,*,#4403,.T.);
#15493 = ORIENTED_EDGE('',*,*,#13183,.T.);
#15494 = ORIENTED_EDGE('',*,*,#13149,.T.);
#15495 = ORIENTED_EDGE('',*,*,#15496,.F.);
#15496 = EDGE_CURVE('',#11769,#13141,#15497,.T.);
#15497 = LINE('',#15498,#15499);
#15498 = CARTESIAN_POINT('',(42.114553924928,11.17001,-6.906015728996));
#15499 = VECTOR('',#15500,1.);
#15500 = DIRECTION('',(0.,1.,-1.110223024625E-16));
#15501 = CYLINDRICAL_SURFACE('',#15502,2.10098297883);
#15502 = AXIS2_PLACEMENT_3D('',#15503,#15504,#15505);
#15503 = CARTESIAN_POINT('',(41.600000000008,11.17001,-4.869017021171));
#15504 = DIRECTION('',(0.,-1.,1.110223024625E-16));
#15505 = DIRECTION('',(1.,0.,0.));
#15506 = ADVANCED_FACE('',(#15507),#15513,.T.);
#15507 = FACE_BOUND('',#15508,.T.);
#15508 = EDGE_LOOP('',(#15509,#15510,#15511,#15512));
#15509 = ORIENTED_EDGE('',*,*,#11777,.T.);
#15510 = ORIENTED_EDGE('',*,*,#15496,.T.);
#15511 = ORIENTED_EDGE('',*,*,#13140,.T.);
#15512 = ORIENTED_EDGE('',*,*,#1258,.F.);
#15513 = CYLINDRICAL_SURFACE('',#15514,0.12);
#15514 = AXIS2_PLACEMENT_3D('',#15515,#15516,#15517);
#15515 = CARTESIAN_POINT('',(42.085164600211,11.17001,-6.789670262421));
#15516 = DIRECTION('',(0.,-1.,1.110223024625E-16));
#15517 = DIRECTION('',(1.,0.,0.));
#15518 = ADVANCED_FACE('',(#15519),#15525,.F.);
#15519 = FACE_BOUND('',#15520,.F.);
#15520 = EDGE_LOOP('',(#15521,#15522,#15523,#15524));
#15521 = ORIENTED_EDGE('',*,*,#9656,.T.);
#15522 = ORIENTED_EDGE('',*,*,#13131,.T.);
#15523 = ORIENTED_EDGE('',*,*,#12034,.F.);
#15524 = ORIENTED_EDGE('',*,*,#11794,.F.);
#15525 = CYLINDRICAL_SURFACE('',#15526,1.974999999996);
#15526 = AXIS2_PLACEMENT_3D('',#15527,#15528,#15529);
#15527 = CARTESIAN_POINT('',(41.600000000014,11.17001,-8.669999999999));
#15528 = DIRECTION('',(0.,-1.,1.110223024625E-16));
#15529 = DIRECTION('',(1.,0.,0.));
#15530 = ADVANCED_FACE('',(#15531),#15537,.T.);
#15531 = FACE_BOUND('',#15532,.T.);
#15532 = EDGE_LOOP('',(#15533,#15534,#15535,#15536));
#15533 = ORIENTED_EDGE('',*,*,#11802,.F.);
#15534 = ORIENTED_EDGE('',*,*,#9637,.T.);
#15535 = ORIENTED_EDGE('',*,*,#13124,.F.);
#15536 = ORIENTED_EDGE('',*,*,#7260,.F.);
#15537 = PLANE('',#15538);
#15538 = AXIS2_PLACEMENT_3D('',#15539,#15540,#15541);
#15539 = CARTESIAN_POINT('',(42.890784954708,11.17001,-7.23429487682));
#15540 = DIRECTION('',(-0.866025403785,5.551115123115E-17,0.499999999999
    ));
#15541 = DIRECTION('',(0.,-1.,1.110223024625E-16));
#15542 = ADVANCED_FACE('',(#15543),#15554,.T.);
#15543 = FACE_BOUND('',#15544,.T.);
#15544 = EDGE_LOOP('',(#15545,#15546,#15547,#15548));
#15545 = ORIENTED_EDGE('',*,*,#12706,.F.);
#15546 = ORIENTED_EDGE('',*,*,#12417,.T.);
#15547 = ORIENTED_EDGE('',*,*,#14242,.F.);
#15548 = ORIENTED_EDGE('',*,*,#15549,.F.);
#15549 = EDGE_CURVE('',#12707,#14234,#15550,.T.);
#15550 = LINE('',#15551,#15552);
#15551 = CARTESIAN_POINT('',(48.229004379678,11.17001,-8.270000000001));
#15552 = VECTOR('',#15553,1.);
#15553 = DIRECTION('',(0.,1.,-1.110223024625E-16));
#15554 = PLANE('',#15555);
#15555 = AXIS2_PLACEMENT_3D('',#15556,#15557,#15558);
#15556 = CARTESIAN_POINT('',(48.211250413647,11.17001,-8.270000000001));
#15557 = DIRECTION('',(3.053408378198E-15,-1.110223024625E-16,-1.));
#15558 = DIRECTION('',(1.,3.389964285059E-31,3.053408378198E-15));
#15559 = ADVANCED_FACE('',(#15560),#15571,.T.);
#15560 = FACE_BOUND('',#15561,.T.);
#15561 = EDGE_LOOP('',(#15562,#15563,#15569,#15570));
#15562 = ORIENTED_EDGE('',*,*,#10746,.T.);
#15563 = ORIENTED_EDGE('',*,*,#15564,.T.);
#15564 = EDGE_CURVE('',#10739,#14529,#15565,.T.);
#15565 = LINE('',#15566,#15567);
#15566 = CARTESIAN_POINT('',(48.818092028334,11.17001,-26.09032973758));
#15567 = VECTOR('',#15568,1.);
#15568 = DIRECTION('',(0.,1.,-1.110223024625E-16));
#15569 = ORIENTED_EDGE('',*,*,#14528,.T.);
#15570 = ORIENTED_EDGE('',*,*,#3635,.F.);
#15571 = CYLINDRICAL_SURFACE('',#15572,0.12);
#15572 = AXIS2_PLACEMENT_3D('',#15573,#15574,#15575);
#15573 = CARTESIAN_POINT('',(48.71416897988,11.17001,-26.03032973758));
#15574 = DIRECTION('',(0.,-1.,1.110223024625E-16));
#15575 = DIRECTION('',(1.,0.,0.));
#15576 = ADVANCED_FACE('',(#15577),#15583,.T.);
#15577 = FACE_BOUND('',#15578,.T.);
#15578 = EDGE_LOOP('',(#15579,#15580,#15581,#15582));
#15579 = ORIENTED_EDGE('',*,*,#10738,.F.);
#15580 = ORIENTED_EDGE('',*,*,#1816,.T.);
#15581 = ORIENTED_EDGE('',*,*,#14537,.F.);
#15582 = ORIENTED_EDGE('',*,*,#15564,.F.);
#15583 = PLANE('',#15584);
#15584 = AXIS2_PLACEMENT_3D('',#15585,#15586,#15587);
#15585 = CARTESIAN_POINT('',(48.809215045318,11.17001,-26.10570512318));
#15586 = DIRECTION('',(0.866025403784,-5.551115123128E-17,-0.5));
#15587 = DIRECTION('',(0.5,9.614813431917E-17,0.866025403784));
#15588 = ADVANCED_FACE('',(#15589),#15595,.F.);
#15589 = FACE_BOUND('',#15590,.F.);
#15590 = EDGE_LOOP('',(#15591,#15592,#15593,#15594));
#15591 = ORIENTED_EDGE('',*,*,#1835,.T.);
#15592 = ORIENTED_EDGE('',*,*,#14544,.F.);
#15593 = ORIENTED_EDGE('',*,*,#11643,.F.);
#15594 = ORIENTED_EDGE('',*,*,#10730,.T.);
#15595 = CYLINDRICAL_SURFACE('',#15596,1.974999999999);
#15596 = AXIS2_PLACEMENT_3D('',#15597,#15598,#15599);
#15597 = CARTESIAN_POINT('',(50.100000000014,11.17001,-24.66999999999));
#15598 = DIRECTION('',(0.,-1.,1.110223024625E-16));
#15599 = DIRECTION('',(1.,0.,0.));
#15600 = ADVANCED_FACE('',(#15601),#15612,.F.);
#15601 = FACE_BOUND('',#15602,.T.);
#15602 = EDGE_LOOP('',(#15603,#15604,#15610,#15611));
#15603 = ORIENTED_EDGE('',*,*,#10713,.T.);
#15604 = ORIENTED_EDGE('',*,*,#15605,.T.);
#15605 = EDGE_CURVE('',#10705,#14553,#15606,.T.);
#15606 = LINE('',#15607,#15608);
#15607 = CARTESIAN_POINT('',(49.510912351353,11.17001,-26.49032973758));
#15608 = VECTOR('',#15609,1.);
#15609 = DIRECTION('',(0.,1.,-1.110223024625E-16));
#15610 = ORIENTED_EDGE('',*,*,#14552,.T.);
#15611 = ORIENTED_EDGE('',*,*,#11660,.F.);
#15612 = PLANE('',#15613);
#15613 = AXIS2_PLACEMENT_3D('',#15614,#15615,#15616);
#15614 = CARTESIAN_POINT('',(49.502035368338,11.17001,-26.50570512318));
#15615 = DIRECTION('',(0.866025403784,-5.551115123128E-17,-0.5));
#15616 = DIRECTION('',(0.5,9.614813431917E-17,0.866025403784));
#15617 = ADVANCED_FACE('',(#15618),#15629,.T.);
#15618 = FACE_BOUND('',#15619,.T.);
#15619 = EDGE_LOOP('',(#15620,#15621,#15627,#15628));
#15620 = ORIENTED_EDGE('',*,*,#10704,.F.);
#15621 = ORIENTED_EDGE('',*,*,#15622,.T.);
#15622 = EDGE_CURVE('',#10696,#14561,#15623,.T.);
#15623 = LINE('',#15624,#15625);
#15624 = CARTESIAN_POINT('',(49.58544607509,11.17001,-26.433984271));
#15625 = VECTOR('',#15626,1.);
#15626 = DIRECTION('',(0.,1.,-1.110223024625E-16));
#15627 = ORIENTED_EDGE('',*,*,#14560,.F.);
#15628 = ORIENTED_EDGE('',*,*,#15605,.F.);
#15629 = CYLINDRICAL_SURFACE('',#15630,0.12);
#15630 = AXIS2_PLACEMENT_3D('',#15631,#15632,#15633);
#15631 = CARTESIAN_POINT('',(49.614835399808,11.17001,-26.55032973758));
#15632 = DIRECTION('',(0.,-1.,1.110223024625E-16));
#15633 = DIRECTION('',(1.,0.,0.));
#15634 = ADVANCED_FACE('',(#15635),#15642,.T.);
#15635 = FACE_BOUND('',#15636,.T.);
#15636 = EDGE_LOOP('',(#15637,#15638,#15639,#15640,#15641));
#15637 = ORIENTED_EDGE('',*,*,#10695,.F.);
#15638 = ORIENTED_EDGE('',*,*,#11351,.T.);
#15639 = ORIENTED_EDGE('',*,*,#14503,.F.);
#15640 = ORIENTED_EDGE('',*,*,#14569,.F.);
#15641 = ORIENTED_EDGE('',*,*,#15622,.F.);
#15642 = CYLINDRICAL_SURFACE('',#15643,2.10098297883);
#15643 = AXIS2_PLACEMENT_3D('',#15644,#15645,#15646);
#15644 = CARTESIAN_POINT('',(50.100000000008,11.17001,-28.47098297883));
#15645 = DIRECTION('',(0.,-1.,1.110223024625E-16));
#15646 = DIRECTION('',(1.,0.,0.));
#15647 = ADVANCED_FACE('',(#15648),#15654,.T.);
#15648 = FACE_BOUND('',#15649,.T.);
#15649 = EDGE_LOOP('',(#15650,#15651,#15652,#15653));
#15650 = ORIENTED_EDGE('',*,*,#12714,.F.);
#15651 = ORIENTED_EDGE('',*,*,#15549,.T.);
#15652 = ORIENTED_EDGE('',*,*,#14233,.F.);
#15653 = ORIENTED_EDGE('',*,*,#6938,.F.);
#15654 = CYLINDRICAL_SURFACE('',#15655,0.12);
#15655 = AXIS2_PLACEMENT_3D('',#15656,#15657,#15658);
#15656 = CARTESIAN_POINT('',(48.229004379678,11.17001,-8.150000000001));
#15657 = DIRECTION('',(0.,-1.,1.110223024625E-16));
#15658 = DIRECTION('',(1.,0.,0.));
#15659 = ADVANCED_FACE('',(#15660),#15666,.T.);
#15660 = FACE_BOUND('',#15661,.T.);
#15661 = EDGE_LOOP('',(#15662,#15663,#15664,#15665));
#15662 = ORIENTED_EDGE('',*,*,#12722,.F.);
#15663 = ORIENTED_EDGE('',*,*,#6964,.T.);
#15664 = ORIENTED_EDGE('',*,*,#12562,.F.);
#15665 = ORIENTED_EDGE('',*,*,#6718,.F.);
#15666 = CYLINDRICAL_SURFACE('',#15667,0.12);
#15667 = AXIS2_PLACEMENT_3D('',#15668,#15669,#15670);
#15668 = CARTESIAN_POINT('',(48.714168979879,11.17001,-7.309670262417));
#15669 = DIRECTION('',(0.,-1.,1.110223024625E-16));
#15670 = DIRECTION('',(1.,0.,0.));
#15671 = ADVANCED_FACE('',(#15672),#15678,.F.);
#15672 = FACE_BOUND('',#15673,.F.);
#15673 = EDGE_LOOP('',(#15674,#15675,#15676,#15677));
#15674 = ORIENTED_EDGE('',*,*,#14902,.T.);
#15675 = ORIENTED_EDGE('',*,*,#12552,.T.);
#15676 = ORIENTED_EDGE('',*,*,#6212,.F.);
#15677 = ORIENTED_EDGE('',*,*,#12732,.T.);
#15678 = CYLINDRICAL_SURFACE('',#15679,5.499999999707E-02);
#15679 = AXIS2_PLACEMENT_3D('',#15680,#15681,#15682);
#15680 = CARTESIAN_POINT('',(49.45440397113,11.17001,-6.861794876821));
#15681 = DIRECTION('',(0.,-1.,1.110223024625E-16));
#15682 = DIRECTION('',(1.,0.,0.));
#15683 = ADVANCED_FACE('',(#15684),#15696,.T.);
#15684 = FACE_BOUND('',#15685,.T.);
#15685 = EDGE_LOOP('',(#15686,#15687,#15693,#15694,#15695));
#15686 = ORIENTED_EDGE('',*,*,#11723,.F.);
#15687 = ORIENTED_EDGE('',*,*,#15688,.T.);
#15688 = EDGE_CURVE('',#11715,#11975,#15689,.T.);
#15689 = LINE('',#15690,#15691);
#15690 = CARTESIAN_POINT('',(39.815067846989,11.17001,-8.233624635094));
#15691 = VECTOR('',#15692,1.);
#15692 = DIRECTION('',(0.,1.,-1.110223024625E-16));
#15693 = ORIENTED_EDGE('',*,*,#11974,.F.);
#15694 = ORIENTED_EDGE('',*,*,#13228,.F.);
#15695 = ORIENTED_EDGE('',*,*,#14385,.F.);
#15696 = CYLINDRICAL_SURFACE('',#15697,2.10098297883);
#15697 = AXIS2_PLACEMENT_3D('',#15698,#15699,#15700);
#15698 = CARTESIAN_POINT('',(38.308252180995,11.17001,-6.769508510584));
#15699 = DIRECTION('',(0.,-1.,1.110223024625E-16));
#15700 = DIRECTION('',(1.,0.,0.));
#15701 = ADVANCED_FACE('',(#15702),#15708,.T.);
#15702 = FACE_BOUND('',#15703,.T.);
#15703 = EDGE_LOOP('',(#15704,#15705,#15706,#15707));
#15704 = ORIENTED_EDGE('',*,*,#11714,.F.);
#15705 = ORIENTED_EDGE('',*,*,#13373,.T.);
#15706 = ORIENTED_EDGE('',*,*,#11983,.F.);
#15707 = ORIENTED_EDGE('',*,*,#15688,.F.);
#15708 = CYLINDRICAL_SURFACE('',#15709,0.12);
#15709 = AXIS2_PLACEMENT_3D('',#15710,#15711,#15712);
#15710 = CARTESIAN_POINT('',(39.729004379678,11.17001,-8.150000000001));
#15711 = DIRECTION('',(0.,-1.,1.110223024625E-16));
#15712 = DIRECTION('',(1.,0.,0.));
#15713 = ADVANCED_FACE('',(#15714),#15720,.F.);
#15714 = FACE_BOUND('',#15715,.F.);
#15715 = EDGE_LOOP('',(#15716,#15717,#15718,#15719));
#15716 = ORIENTED_EDGE('',*,*,#13366,.T.);
#15717 = ORIENTED_EDGE('',*,*,#12000,.F.);
#15718 = ORIENTED_EDGE('',*,*,#12358,.F.);
#15719 = ORIENTED_EDGE('',*,*,#11697,.F.);
#15720 = CYLINDRICAL_SURFACE('',#15721,5.5E-02);
#15721 = AXIS2_PLACEMENT_3D('',#15722,#15723,#15724);
#15722 = CARTESIAN_POINT('',(39.711250413647,11.17001,-8.325000000001));
#15723 = DIRECTION('',(0.,-1.,1.110223024625E-16));
#15724 = DIRECTION('',(1.,0.,0.));
#15725 = ADVANCED_FACE('',(#15726),#15738,.F.);
#15726 = FACE_BOUND('',#15727,.T.);
#15727 = EDGE_LOOP('',(#15728,#15729,#15730,#15731,#15732,#15733,#15734,
    #15735,#15736,#15737));
#15728 = ORIENTED_EDGE('',*,*,#12896,.F.);
#15729 = ORIENTED_EDGE('',*,*,#12946,.F.);
#15730 = ORIENTED_EDGE('',*,*,#12965,.F.);
#15731 = ORIENTED_EDGE('',*,*,#7529,.T.);
#15732 = ORIENTED_EDGE('',*,*,#9403,.T.);
#15733 = ORIENTED_EDGE('',*,*,#1436,.F.);
#15734 = ORIENTED_EDGE('',*,*,#12982,.F.);
#15735 = ORIENTED_EDGE('',*,*,#6766,.F.);
#15736 = ORIENTED_EDGE('',*,*,#13008,.T.);
#15737 = ORIENTED_EDGE('',*,*,#13027,.T.);
#15738 = PLANE('',#15739);
#15739 = AXIS2_PLACEMENT_3D('',#15740,#15741,#15742);
#15740 = CARTESIAN_POINT('',(39.711250413647,11.17001,-9.015000000001));
#15741 = DIRECTION('',(0.,1.,-1.110223024625E-16));
#15742 = DIRECTION('',(-1.,0.,0.));
#15743 = ADVANCED_FACE('',(#15744),#15756,.T.);
#15744 = FACE_BOUND('',#15745,.T.);
#15745 = EDGE_LOOP('',(#15746,#15747,#15748,#15749,#15755));
#15746 = ORIENTED_EDGE('',*,*,#13941,.F.);
#15747 = ORIENTED_EDGE('',*,*,#3686,.F.);
#15748 = ORIENTED_EDGE('',*,*,#13849,.F.);
#15749 = ORIENTED_EDGE('',*,*,#15750,.F.);
#15750 = EDGE_CURVE('',#13397,#13841,#15751,.T.);
#15751 = LINE('',#15752,#15753);
#15752 = CARTESIAN_POINT('',(17.2,162.10001,-9.));
#15753 = VECTOR('',#15754,1.);
#15754 = DIRECTION('',(0.,-1.,-3.708453297533E-16));
#15755 = ORIENTED_EDGE('',*,*,#13396,.F.);
#15756 = PLANE('',#15757);
#15757 = AXIS2_PLACEMENT_3D('',#15758,#15759,#15760);
#15758 = CARTESIAN_POINT('',(7.5,162.10001,-9.));
#15759 = DIRECTION('',(0.,-3.708453297533E-16,1.));
#15760 = DIRECTION('',(-1.,0.,0.));
#15761 = ADVANCED_FACE('',(#15762),#15773,.F.);
#15762 = FACE_BOUND('',#15763,.F.);
#15763 = EDGE_LOOP('',(#15764,#15765,#15766,#15767));
#15764 = ORIENTED_EDGE('',*,*,#39,.T.);
#15765 = ORIENTED_EDGE('',*,*,#11946,.T.);
#15766 = ORIENTED_EDGE('',*,*,#14937,.T.);
#15767 = ORIENTED_EDGE('',*,*,#15768,.F.);
#15768 = EDGE_CURVE('',#33,#11619,#15769,.T.);
#15769 = LINE('',#15770,#15771);
#15770 = CARTESIAN_POINT('',(7.5,162.10001,-9.));
#15771 = VECTOR('',#15772,1.);
#15772 = DIRECTION('',(1.,0.,0.));
#15773 = CYLINDRICAL_SURFACE('',#15774,8.);
#15774 = AXIS2_PLACEMENT_3D('',#15775,#15776,#15777);
#15775 = CARTESIAN_POINT('',(7.5,162.10001,-1.));
#15776 = DIRECTION('',(1.,0.,0.));
#15777 = DIRECTION('',(0.,-1.110223024625E-16,-1.));
#15778 = ADVANCED_FACE('',(#15779),#15786,.F.);
#15779 = FACE_BOUND('',#15780,.F.);
#15780 = EDGE_LOOP('',(#15781,#15782,#15783,#15784,#15785));
#15781 = ORIENTED_EDGE('',*,*,#5958,.F.);
#15782 = ORIENTED_EDGE('',*,*,#7361,.F.);
#15783 = ORIENTED_EDGE('',*,*,#13840,.F.);
#15784 = ORIENTED_EDGE('',*,*,#15750,.F.);
#15785 = ORIENTED_EDGE('',*,*,#13404,.F.);
#15786 = CYLINDRICAL_SURFACE('',#15787,0.3);
#15787 = AXIS2_PLACEMENT_3D('',#15788,#15789,#15790);
#15788 = CARTESIAN_POINT('',(17.2,162.10001,-8.7));
#15789 = DIRECTION('',(0.,-1.,1.110223024625E-16));
#15790 = DIRECTION('',(0.,-1.110223024625E-16,-1.));
#15791 = ADVANCED_FACE('',(#15792),#15799,.T.);
#15792 = FACE_BOUND('',#15793,.T.);
#15793 = EDGE_LOOP('',(#15794,#15795,#15796,#15797,#15798));
#15794 = ORIENTED_EDGE('',*,*,#11588,.T.);
#15795 = ORIENTED_EDGE('',*,*,#14955,.F.);
#15796 = ORIENTED_EDGE('',*,*,#10080,.F.);
#15797 = ORIENTED_EDGE('',*,*,#14005,.F.);
#15798 = ORIENTED_EDGE('',*,*,#106,.F.);
#15799 = PLANE('',#15800);
#15800 = AXIS2_PLACEMENT_3D('',#15801,#15802,#15803);
#15801 = CARTESIAN_POINT('',(7.5,144.10001,9.));
#15802 = DIRECTION('',(0.,-4.00142881792E-16,-1.));
#15803 = DIRECTION('',(0.,-1.,4.00142881792E-16));
#15804 = ADVANCED_FACE('',(#15805),#15812,.T.);
#15805 = FACE_BOUND('',#15806,.T.);
#15806 = EDGE_LOOP('',(#15807,#15808,#15809,#15810,#15811));
#15807 = ORIENTED_EDGE('',*,*,#5365,.F.);
#15808 = ORIENTED_EDGE('',*,*,#13986,.F.);
#15809 = ORIENTED_EDGE('',*,*,#11618,.F.);
#15810 = ORIENTED_EDGE('',*,*,#15768,.F.);
#15811 = ORIENTED_EDGE('',*,*,#262,.F.);
#15812 = PLANE('',#15813);
#15813 = AXIS2_PLACEMENT_3D('',#15814,#15815,#15816);
#15814 = CARTESIAN_POINT('',(7.5,162.10001,-9.));
#15815 = DIRECTION('',(0.,-3.708453297533E-16,1.));
#15816 = DIRECTION('',(-1.,0.,0.));
#15817 = ADVANCED_FACE('',(#15818),#15825,.T.);
#15818 = FACE_BOUND('',#15819,.T.);
#15819 = EDGE_LOOP('',(#15820,#15821,#15822,#15823,#15824));
#15820 = ORIENTED_EDGE('',*,*,#2258,.F.);
#15821 = ORIENTED_EDGE('',*,*,#13832,.F.);
#15822 = ORIENTED_EDGE('',*,*,#12284,.F.);
#15823 = ORIENTED_EDGE('',*,*,#7561,.F.);
#15824 = ORIENTED_EDGE('',*,*,#9552,.F.);
#15825 = PLANE('',#15826);
#15826 = AXIS2_PLACEMENT_3D('',#15827,#15828,#15829);
#15827 = CARTESIAN_POINT('',(7.5,144.10001,9.));
#15828 = DIRECTION('',(0.,-4.00142881792E-16,-1.));
#15829 = DIRECTION('',(0.,-1.,4.00142881792E-16));
#15830 = ADVANCED_FACE('',(#15831),#15837,.F.);
#15831 = FACE_BOUND('',#15832,.F.);
#15832 = EDGE_LOOP('',(#15833,#15834,#15835,#15836));
#15833 = ORIENTED_EDGE('',*,*,#10806,.T.);
#15834 = ORIENTED_EDGE('',*,*,#13597,.T.);
#15835 = ORIENTED_EDGE('',*,*,#13583,.F.);
#15836 = ORIENTED_EDGE('',*,*,#206,.F.);
#15837 = CYLINDRICAL_SURFACE('',#15838,8.);
#15838 = AXIS2_PLACEMENT_3D('',#15839,#15840,#15841);
#15839 = CARTESIAN_POINT('',(80.5,162.10001,-8.83737638624E-15));
#15840 = DIRECTION('',(-1.,0.,0.));
#15841 = DIRECTION('',(0.,1.110223024625E-16,1.));
#15842 = ADVANCED_FACE('',(#15843),#15854,.T.);
#15843 = FACE_BOUND('',#15844,.T.);
#15844 = EDGE_LOOP('',(#15845,#15846,#15847,#15848));
#15845 = ORIENTED_EDGE('',*,*,#12781,.F.);
#15846 = ORIENTED_EDGE('',*,*,#3578,.T.);
#15847 = ORIENTED_EDGE('',*,*,#7663,.F.);
#15848 = ORIENTED_EDGE('',*,*,#15849,.F.);
#15849 = EDGE_CURVE('',#12782,#7656,#15850,.T.);
#15850 = LINE('',#15851,#15852);
#15851 = CARTESIAN_POINT('',(51.97099562035,11.17001,-8.270000000003));
#15852 = VECTOR('',#15853,1.);
#15853 = DIRECTION('',(0.,1.,-1.110223024625E-16));
#15854 = CYLINDRICAL_SURFACE('',#15855,0.12);
#15855 = AXIS2_PLACEMENT_3D('',#15856,#15857,#15858);
#15856 = CARTESIAN_POINT('',(51.97099562035,11.17001,-8.150000000003));
#15857 = DIRECTION('',(0.,-1.,1.110223024625E-16));
#15858 = DIRECTION('',(1.,0.,0.));
#15859 = ADVANCED_FACE('',(#15860),#15870,.T.);
#15860 = FACE_BOUND('',#15861,.T.);
#15861 = EDGE_LOOP('',(#15862,#15863,#15868,#15869));
#15862 = ORIENTED_EDGE('',*,*,#1410,.T.);
#15863 = ORIENTED_EDGE('',*,*,#15864,.F.);
#15864 = EDGE_CURVE('',#8882,#1404,#15865,.T.);
#15865 = B_SPLINE_CURVE_WITH_KNOTS('',1,(#15866,#15867),.UNSPECIFIED.,
  .F.,.F.,(2,2),(2.2,5.),.PIECEWISE_BEZIER_KNOTS.);
#15866 = CARTESIAN_POINT('',(42.173699371241,4.44128804104,
    20.946940973267));
#15867 = CARTESIAN_POINT('',(39.416237662807,4.44128804104,
    20.460726075799));
#15868 = ORIENTED_EDGE('',*,*,#8881,.F.);
#15869 = ORIENTED_EDGE('',*,*,#15864,.T.);
#15870 = CYLINDRICAL_SURFACE('',#15871,5.5);
#15871 = AXIS2_PLACEMENT_3D('',#15872,#15873,#15874);
#15872 = CARTESIAN_POINT('',(44.984807753012,8.50001,17.673648177667));
#15873 = DIRECTION('',(-0.984807753012,2.327309819859E-16,
    -0.173648177667));
#15874 = DIRECTION('',(-0.117187513663,-0.737949447085,0.664603415721));
#15875 = ADVANCED_FACE('',(#15876,#15880),#15891,.T.);
#15876 = FACE_BOUND('',#15877,.T.);
#15877 = EDGE_LOOP('',(#15878,#15879));
#15878 = ORIENTED_EDGE('',*,*,#543,.F.);
#15879 = ORIENTED_EDGE('',*,*,#517,.F.);
#15880 = FACE_BOUND('',#15881,.T.);
#15881 = EDGE_LOOP('',(#15882));
#15882 = ORIENTED_EDGE('',*,*,#15883,.T.);
#15883 = EDGE_CURVE('',#15884,#15884,#15886,.T.);
#15884 = VERTEX_POINT('',#15885);
#15885 = CARTESIAN_POINT('',(37.543301855554,5.05009633488,
    19.565131902495));
#15886 = CIRCLE('',#15887,4.675);
#15887 = AXIS2_PLACEMENT_3D('',#15888,#15889,#15890);
#15888 = CARTESIAN_POINT('',(38.091153481927,8.50001,16.458110933998));
#15889 = DIRECTION('',(0.984807753012,-2.498001805407E-16,0.173648177667
    ));
#15890 = DIRECTION('',(-0.117187513663,-0.737949447085,0.664603415721));
#15891 = PLANE('',#15892);
#15892 = AXIS2_PLACEMENT_3D('',#15893,#15894,#15895);
#15893 = CARTESIAN_POINT('',(38.6390051083,11.94992366513,
    13.351089965502));
#15894 = DIRECTION('',(0.984807753012,-6.398790634407E-17,0.173648177667
    ));
#15895 = DIRECTION('',(8.455125032515E-17,1.,-1.110223024625E-16));
#15896 = ADVANCED_FACE('',(#15897),#15912,.F.);
#15897 = FACE_BOUND('',#15898,.F.);
#15898 = EDGE_LOOP('',(#15899,#15900,#15910,#15911));
#15899 = ORIENTED_EDGE('',*,*,#15883,.T.);
#15900 = ORIENTED_EDGE('',*,*,#15901,.F.);
#15901 = EDGE_CURVE('',#12228,#15884,#15902,.T.);
#15902 = B_SPLINE_CURVE_WITH_KNOTS('',6,(#15903,#15904,#15905,#15906,
    #15907,#15908,#15909),.UNSPECIFIED.,.F.,.F.,(7,7),(7.88860905221E-31
    ,1.570796326795),.PIECEWISE_BEZIER_KNOTS.);
#15903 = CARTESIAN_POINT('',(37.890349951294,4.75491655605,
    19.900432539851));
#15904 = CARTESIAN_POINT('',(37.787221124558,4.75491655605,
    19.882248145208));
#15905 = CARTESIAN_POINT('',(37.68795549565,4.77918850622,
    19.842205777365));
#15906 = CARTESIAN_POINT('',(37.605220164835,4.82776983309,
    19.782504233249));
#15907 = CARTESIAN_POINT('',(37.551150589304,4.8955471392,
    19.710031669931));
#15908 = CARTESIAN_POINT('',(37.53103000782,4.97281844949,
    19.634729009441));
#15909 = CARTESIAN_POINT('',(37.543301855554,5.05009633488,
    19.565131902495));
#15910 = ORIENTED_EDGE('',*,*,#12227,.F.);
#15911 = ORIENTED_EDGE('',*,*,#15901,.T.);
#15912 = TOROIDAL_SURFACE('',#15913,4.675,0.4);
#15913 = AXIS2_PLACEMENT_3D('',#15914,#15915,#15916);
#15914 = CARTESIAN_POINT('',(38.485076583132,8.50001,16.527570205065));
#15915 = DIRECTION('',(-0.984807753012,2.32634092404E-16,-0.173648177667
    ));
#15916 = DIRECTION('',(-0.117187513663,-0.737949447085,0.664603415721));
#15917 = ADVANCED_FACE('',(#15918),#15929,.F.);
#15918 = FACE_BOUND('',#15919,.T.);
#15919 = EDGE_LOOP('',(#15920,#15921,#15922,#15923));
#15920 = ORIENTED_EDGE('',*,*,#12790,.T.);
#15921 = ORIENTED_EDGE('',*,*,#15849,.T.);
#15922 = ORIENTED_EDGE('',*,*,#7655,.T.);
#15923 = ORIENTED_EDGE('',*,*,#15924,.F.);
#15924 = EDGE_CURVE('',#12791,#7647,#15925,.T.);
#15925 = LINE('',#15926,#15927);
#15926 = CARTESIAN_POINT('',(51.988749586381,11.17001,-8.270000000003));
#15927 = VECTOR('',#15928,1.);
#15928 = DIRECTION('',(0.,1.,-1.110223024625E-16));
#15929 = PLANE('',#15930);
#15930 = AXIS2_PLACEMENT_3D('',#15931,#15932,#15933);
#15931 = CARTESIAN_POINT('',(51.988749586381,11.17001,-8.270000000003));
#15932 = DIRECTION('',(-2.005417653664E-36,1.110223040528E-16,1.));
#15933 = DIRECTION('',(-1.,-1.2610576602E-12,1.400055249734E-28));
#15934 = ADVANCED_FACE('',(#15935),#15941,.F.);
#15935 = FACE_BOUND('',#15936,.F.);
#15936 = EDGE_LOOP('',(#15937,#15938,#15939,#15940));
#15937 = ORIENTED_EDGE('',*,*,#4436,.T.);
#15938 = ORIENTED_EDGE('',*,*,#7646,.F.);
#15939 = ORIENTED_EDGE('',*,*,#15924,.F.);
#15940 = ORIENTED_EDGE('',*,*,#12798,.F.);
#15941 = CYLINDRICAL_SURFACE('',#15942,5.499999999707E-02);
#15942 = AXIS2_PLACEMENT_3D('',#15943,#15944,#15945);
#15943 = CARTESIAN_POINT('',(51.988749586381,11.17001,-8.325000000003));
#15944 = DIRECTION('',(0.,-1.,1.110223024625E-16));
#15945 = DIRECTION('',(1.,0.,0.));
#15946 = ADVANCED_FACE('',(#15947),#15958,.T.);
#15947 = FACE_BOUND('',#15948,.T.);
#15948 = EDGE_LOOP('',(#15949,#15950,#15951,#15952));
#15949 = ORIENTED_EDGE('',*,*,#12807,.F.);
#15950 = ORIENTED_EDGE('',*,*,#11921,.T.);
#15951 = ORIENTED_EDGE('',*,*,#7630,.F.);
#15952 = ORIENTED_EDGE('',*,*,#15953,.F.);
#15953 = EDGE_CURVE('',#12808,#7622,#15954,.T.);
#15954 = LINE('',#15955,#15956);
#15955 = CARTESIAN_POINT('',(51.97099562035,11.17001,-9.069999999999));
#15956 = VECTOR('',#15957,1.);
#15957 = DIRECTION('',(0.,1.,-1.110223024625E-16));
#15958 = PLANE('',#15959);
#15959 = AXIS2_PLACEMENT_3D('',#15960,#15961,#15962);
#15960 = CARTESIAN_POINT('',(51.988749586381,11.17001,-9.069999999999));
#15961 = DIRECTION('',(2.005417653664E-36,1.110223040528E-16,1.));
#15962 = DIRECTION('',(-1.,1.2610576602E-12,-1.400055249734E-28));
#15963 = ADVANCED_FACE('',(#15964),#15970,.T.);
#15964 = FACE_BOUND('',#15965,.T.);
#15965 = EDGE_LOOP('',(#15966,#15967,#15968,#15969));
#15966 = ORIENTED_EDGE('',*,*,#12815,.T.);
#15967 = ORIENTED_EDGE('',*,*,#15953,.T.);
#15968 = ORIENTED_EDGE('',*,*,#7621,.T.);
#15969 = ORIENTED_EDGE('',*,*,#4980,.F.);
#15970 = CYLINDRICAL_SURFACE('',#15971,0.12);
#15971 = AXIS2_PLACEMENT_3D('',#15972,#15973,#15974);
#15972 = CARTESIAN_POINT('',(51.97099562035,11.17001,-9.189999999999));
#15973 = DIRECTION('',(0.,-1.,1.110223024625E-16));
#15974 = DIRECTION('',(1.,0.,0.));
#15975 = ADVANCED_FACE('',(#15976),#15982,.F.);
#15976 = FACE_BOUND('',#15977,.F.);
#15977 = EDGE_LOOP('',(#15978,#15979,#15980,#15981));
#15978 = ORIENTED_EDGE('',*,*,#5562,.T.);
#15979 = ORIENTED_EDGE('',*,*,#9847,.T.);
#15980 = ORIENTED_EDGE('',*,*,#14795,.T.);
#15981 = ORIENTED_EDGE('',*,*,#2762,.F.);
#15982 = TOROIDAL_SURFACE('',#15983,12.3,0.7);
#15983 = AXIS2_PLACEMENT_3D('',#15984,#15985,#15986);
#15984 = CARTESIAN_POINT('',(31.,35.80001,18.));
#15985 = DIRECTION('',(0.,-1.,1.110223024625E-16));
#15986 = DIRECTION('',(0.,-1.110223024625E-16,-1.));
#15987 = ADVANCED_FACE('',(#15988),#15993,.F.);
#15988 = FACE_BOUND('',#15989,.T.);
#15989 = EDGE_LOOP('',(#15990,#15991,#15992));
#15990 = ORIENTED_EDGE('',*,*,#14821,.T.);
#15991 = ORIENTED_EDGE('',*,*,#13890,.F.);
#15992 = ORIENTED_EDGE('',*,*,#1167,.T.);
#15993 = PLANE('',#15994);
#15994 = AXIS2_PLACEMENT_3D('',#15995,#15996,#15997);
#15995 = CARTESIAN_POINT('',(-48.78619310993,16.50001,43.27949511075));
#15996 = DIRECTION('',(0.,1.,-1.110223024625E-16));
#15997 = DIRECTION('',(-1.,0.,0.));
#15998 = ADVANCED_FACE('',(#15999),#16010,.F.);
#15999 = FACE_BOUND('',#16000,.F.);
#16000 = EDGE_LOOP('',(#16001,#16002,#16003,#16008,#16009));
#16001 = ORIENTED_EDGE('',*,*,#2668,.F.);
#16002 = ORIENTED_EDGE('',*,*,#2691,.F.);
#16003 = ORIENTED_EDGE('',*,*,#16004,.F.);
#16004 = EDGE_CURVE('',#11293,#2671,#16005,.T.);
#16005 = B_SPLINE_CURVE_WITH_KNOTS('',1,(#16006,#16007),.UNSPECIFIED.,
  .F.,.F.,(2,2),(0.,0.839181323376),.PIECEWISE_BEZIER_KNOTS.);
#16006 = CARTESIAN_POINT('',(60.25,1.30001,1.145287119829E-15));
#16007 = CARTESIAN_POINT('',(60.25,2.13919132338,1.052119277124E-15));
#16008 = ORIENTED_EDGE('',*,*,#11292,.T.);
#16009 = ORIENTED_EDGE('',*,*,#16004,.T.);
#16010 = CYLINDRICAL_SURFACE('',#16011,1.75);
#16011 = AXIS2_PLACEMENT_3D('',#16012,#16013,#16014);
#16012 = CARTESIAN_POINT('',(62.,1.30001,1.573913499531E-15));
#16013 = DIRECTION('',(0.,1.,-1.110223024625E-16));
#16014 = DIRECTION('',(-1.,0.,0.));
#16015 = ADVANCED_FACE('',(#16016),#16032,.F.);
#16016 = FACE_BOUND('',#16017,.F.);
#16017 = EDGE_LOOP('',(#16018,#16025,#16026,#16027,#16028,#16029,#16030,
    #16031));
#16018 = ORIENTED_EDGE('',*,*,#16019,.T.);
#16019 = EDGE_CURVE('',#16020,#8570,#16022,.T.);
#16020 = VERTEX_POINT('',#16021);
#16021 = CARTESIAN_POINT('',(50.1,12.19147305235,-8.670000000001));
#16022 = B_SPLINE_CURVE_WITH_KNOTS('',1,(#16023,#16024),.UNSPECIFIED.,
  .F.,.F.,(2,2),(-1.983276776668,0.),.PIECEWISE_BEZIER_KNOTS.);
#16023 = CARTESIAN_POINT('',(50.1,12.19147305507,-8.670000000001));
#16024 = CARTESIAN_POINT('',(50.1,11.17001,-10.37));
#16025 = ORIENTED_EDGE('',*,*,#8567,.F.);
#16026 = ORIENTED_EDGE('',*,*,#14225,.F.);
#16027 = ORIENTED_EDGE('',*,*,#12519,.F.);
#16028 = ORIENTED_EDGE('',*,*,#5394,.F.);
#16029 = ORIENTED_EDGE('',*,*,#7613,.F.);
#16030 = ORIENTED_EDGE('',*,*,#12483,.F.);
#16031 = ORIENTED_EDGE('',*,*,#16019,.F.);
#16032 = CONICAL_SURFACE('',#16033,1.7,1.0297442575);
#16033 = AXIS2_PLACEMENT_3D('',#16034,#16035,#16036);
#16034 = CARTESIAN_POINT('',(50.1,11.17001,-8.670000000001));
#16035 = DIRECTION('',(6.123031769112E-17,-1.,-2.055217740305E-16));
#16036 = DIRECTION('',(0.,2.055217740305E-16,-1.));
#16037 = ADVANCED_FACE('',(#16038),#16044,.F.);
#16038 = FACE_BOUND('',#16039,.T.);
#16039 = EDGE_LOOP('',(#16040,#16041,#16042,#16043));
#16040 = ORIENTED_EDGE('',*,*,#12697,.T.);
#16041 = ORIENTED_EDGE('',*,*,#9805,.T.);
#16042 = ORIENTED_EDGE('',*,*,#14251,.T.);
#16043 = ORIENTED_EDGE('',*,*,#12460,.F.);
#16044 = PLANE('',#16045);
#16045 = AXIS2_PLACEMENT_3D('',#16046,#16047,#16048);
#16046 = CARTESIAN_POINT('',(48.211250413647,11.17001,-9.070000000001));
#16047 = DIRECTION('',(-3.053408378197E-15,-1.110223024625E-16,-1.));
#16048 = DIRECTION('',(0.,-1.,1.110223024625E-16));
#16049 = ADVANCED_FACE('',(#16050),#16056,.F.);
#16050 = FACE_BOUND('',#16051,.F.);
#16051 = EDGE_LOOP('',(#16052,#16053,#16054,#16055));
#16052 = ORIENTED_EDGE('',*,*,#4939,.T.);
#16053 = ORIENTED_EDGE('',*,*,#8595,.T.);
#16054 = ORIENTED_EDGE('',*,*,#14208,.F.);
#16055 = ORIENTED_EDGE('',*,*,#12870,.T.);
#16056 = CYLINDRICAL_SURFACE('',#16057,5.499999999707E-02);
#16057 = AXIS2_PLACEMENT_3D('',#16058,#16059,#16060);
#16058 = CARTESIAN_POINT('',(48.856846442526,11.17001,-10.13320512318));
#16059 = DIRECTION('',(0.,-1.,1.110223024625E-16));
#16060 = DIRECTION('',(1.,0.,0.));
#16061 = ADVANCED_FACE('',(#16062),#16069,.T.);
#16062 = FACE_BOUND('',#16063,.T.);
#16063 = EDGE_LOOP('',(#16064,#16065,#16066,#16067,#16068));
#16064 = ORIENTED_EDGE('',*,*,#12836,.F.);
#16065 = ORIENTED_EDGE('',*,*,#9388,.T.);
#16066 = ORIENTED_EDGE('',*,*,#12490,.F.);
#16067 = ORIENTED_EDGE('',*,*,#8629,.F.);
#16068 = ORIENTED_EDGE('',*,*,#4652,.F.);
#16069 = CYLINDRICAL_SURFACE('',#16070,2.10098297883);
#16070 = AXIS2_PLACEMENT_3D('',#16071,#16072,#16073);
#16071 = CARTESIAN_POINT('',(50.100000000008,11.17001,-12.47098297883));
#16072 = DIRECTION('',(0.,-1.,1.110223024625E-16));
#16073 = DIRECTION('',(1.,0.,0.));
#16074 = ADVANCED_FACE('',(#16075),#16081,.F.);
#16075 = FACE_BOUND('',#16076,.F.);
#16076 = EDGE_LOOP('',(#16077,#16078,#16079,#16080));
#16077 = ORIENTED_EDGE('',*,*,#6320,.T.);
#16078 = ORIENTED_EDGE('',*,*,#12499,.F.);
#16079 = ORIENTED_EDGE('',*,*,#10244,.F.);
#16080 = ORIENTED_EDGE('',*,*,#12827,.F.);
#16081 = CYLINDRICAL_SURFACE('',#16082,5.5E-02);
#16082 = AXIS2_PLACEMENT_3D('',#16083,#16084,#16085);
#16083 = CARTESIAN_POINT('',(50.745596028889,11.17001,-10.47820512318));
#16084 = DIRECTION('',(0.,-1.,1.110223024625E-16));
#16085 = DIRECTION('',(1.,0.,0.));
#16086 = ADVANCED_FACE('',(#16087),#16093,.F.);
#16087 = FACE_BOUND('',#16088,.F.);
#16088 = EDGE_LOOP('',(#16089,#16090,#16091,#16092));
#16089 = ORIENTED_EDGE('',*,*,#12142,.T.);
#16090 = ORIENTED_EDGE('',*,*,#2082,.F.);
#16091 = ORIENTED_EDGE('',*,*,#3734,.F.);
#16092 = ORIENTED_EDGE('',*,*,#11513,.F.);
#16093 = CYLINDRICAL_SURFACE('',#16094,5.499999999707E-02);
#16094 = AXIS2_PLACEMENT_3D('',#16095,#16096,#16097);
#16095 = CARTESIAN_POINT('',(32.98874958639,11.17001,-24.325));
#16096 = DIRECTION('',(0.,-1.,1.110223024625E-16));
#16097 = DIRECTION('',(1.,0.,0.));
#16098 = ADVANCED_FACE('',(#16099,#16102),#16105,.T.);
#16099 = FACE_BOUND('',#16100,.T.);
#16100 = EDGE_LOOP('',(#16101));
#16101 = ORIENTED_EDGE('',*,*,#3470,.T.);
#16102 = FACE_BOUND('',#16103,.T.);
#16103 = EDGE_LOOP('',(#16104));
#16104 = ORIENTED_EDGE('',*,*,#1517,.T.);
#16105 = PLANE('',#16106);
#16106 = AXIS2_PLACEMENT_3D('',#16107,#16108,#16109);
#16107 = CARTESIAN_POINT('',(62.,9.30001,-26.15));
#16108 = DIRECTION('',(0.,-1.110223024625E-16,-1.));
#16109 = DIRECTION('',(0.,-1.,1.110223024625E-16));
#16110 = ORIENTED_CLOSED_SHELL('',*,#16111,.F.);
#16111 = CLOSED_SHELL('',(#16112,#16162,#16172));
#16112 = ADVANCED_FACE('',(#16113),#16157,.T.);
#16113 = FACE_BOUND('',#16114,.T.);
#16114 = EDGE_LOOP('',(#16115,#16126,#16133,#16142,#16149,#16150));
#16115 = ORIENTED_EDGE('',*,*,#16116,.F.);
#16116 = EDGE_CURVE('',#16117,#16119,#16121,.T.);
#16117 = VERTEX_POINT('',#16118);
#16118 = CARTESIAN_POINT('',(44.,153.10001,-4.));
#16119 = VERTEX_POINT('',#16120);
#16120 = CARTESIAN_POINT('',(44.,153.10001,4.));
#16121 = CIRCLE('',#16122,4.);
#16122 = AXIS2_PLACEMENT_3D('',#16123,#16124,#16125);
#16123 = CARTESIAN_POINT('',(44.,153.10001,-1.538769223153E-14));
#16124 = DIRECTION('',(0.,1.,-1.110223024625E-16));
#16125 = DIRECTION('',(0.,1.110223024625E-16,1.));
#16126 = ORIENTED_EDGE('',*,*,#16127,.T.);
#16127 = EDGE_CURVE('',#16117,#16128,#16130,.T.);
#16128 = VERTEX_POINT('',#16129);
#16129 = CARTESIAN_POINT('',(44.,23.70001,-4.));
#16130 = B_SPLINE_CURVE_WITH_KNOTS('',1,(#16131,#16132),.UNSPECIFIED.,
  .F.,.F.,(2,2),(22.,151.4),.PIECEWISE_BEZIER_KNOTS.);
#16131 = CARTESIAN_POINT('',(44.,153.10001,-4.));
#16132 = CARTESIAN_POINT('',(44.,23.70001,-4.));
#16133 = ORIENTED_EDGE('',*,*,#16134,.T.);
#16134 = EDGE_CURVE('',#16128,#16135,#16137,.T.);
#16135 = VERTEX_POINT('',#16136);
#16136 = CARTESIAN_POINT('',(44.,23.70001,4.));
#16137 = CIRCLE('',#16138,4.);
#16138 = AXIS2_PLACEMENT_3D('',#16139,#16140,#16141);
#16139 = CARTESIAN_POINT('',(44.,23.70001,-1.021406292878E-15));
#16140 = DIRECTION('',(0.,1.,-1.110223024625E-16));
#16141 = DIRECTION('',(0.,-1.110223024625E-16,-1.));
#16142 = ORIENTED_EDGE('',*,*,#16143,.T.);
#16143 = EDGE_CURVE('',#16135,#16128,#16144,.T.);
#16144 = CIRCLE('',#16145,4.);
#16145 = AXIS2_PLACEMENT_3D('',#16146,#16147,#16148);
#16146 = CARTESIAN_POINT('',(44.,23.70001,-1.021406292878E-15));
#16147 = DIRECTION('',(0.,1.,-1.110223024625E-16));
#16148 = DIRECTION('',(0.,-1.110223024625E-16,-1.));
#16149 = ORIENTED_EDGE('',*,*,#16127,.F.);
#16150 = ORIENTED_EDGE('',*,*,#16151,.F.);
#16151 = EDGE_CURVE('',#16119,#16117,#16152,.T.);
#16152 = CIRCLE('',#16153,4.);
#16153 = AXIS2_PLACEMENT_3D('',#16154,#16155,#16156);
#16154 = CARTESIAN_POINT('',(44.,153.10001,-1.538769223153E-14));
#16155 = DIRECTION('',(0.,1.,-1.110223024625E-16));
#16156 = DIRECTION('',(0.,1.110223024625E-16,1.));
#16157 = CYLINDRICAL_SURFACE('',#16158,4.);
#16158 = AXIS2_PLACEMENT_3D('',#16159,#16160,#16161);
#16159 = CARTESIAN_POINT('',(44.,175.10001,-1.78301828857E-14));
#16160 = DIRECTION('',(0.,-1.,1.110223024625E-16));
#16161 = DIRECTION('',(0.,-1.110223024625E-16,-1.));
#16162 = ADVANCED_FACE('',(#16163),#16167,.F.);
#16163 = FACE_BOUND('',#16164,.F.);
#16164 = EDGE_LOOP('',(#16165,#16166));
#16165 = ORIENTED_EDGE('',*,*,#16151,.F.);
#16166 = ORIENTED_EDGE('',*,*,#16116,.F.);
#16167 = PLANE('',#16168);
#16168 = AXIS2_PLACEMENT_3D('',#16169,#16170,#16171);
#16169 = CARTESIAN_POINT('',(44.,153.10001,-1.538769223153E-14));
#16170 = DIRECTION('',(0.,-1.,1.110223024625E-16));
#16171 = DIRECTION('',(0.,-1.110223024625E-16,-1.));
#16172 = ADVANCED_FACE('',(#16173),#16185,.T.);
#16173 = FACE_BOUND('',#16174,.T.);
#16174 = EDGE_LOOP('',(#16175,#16176,#16183,#16184));
#16175 = ORIENTED_EDGE('',*,*,#16143,.F.);
#16176 = ORIENTED_EDGE('',*,*,#16177,.F.);
#16177 = EDGE_CURVE('',#16178,#16135,#16180,.T.);
#16178 = VERTEX_POINT('',#16179);
#16179 = CARTESIAN_POINT('',(44.,21.29656752389,-7.545705753445E-16));
#16180 = B_SPLINE_CURVE_WITH_KNOTS('',1,(#16181,#16182),.UNSPECIFIED.,
  .F.,.F.,(2,2),(-4.666533592161,0.),.PIECEWISE_BEZIER_KNOTS.);
#16181 = CARTESIAN_POINT('',(44.,21.29656751749,-5.325259697089E-16));
#16182 = CARTESIAN_POINT('',(44.,23.70001,4.));
#16183 = ORIENTED_EDGE('',*,*,#16177,.T.);
#16184 = ORIENTED_EDGE('',*,*,#16134,.F.);
#16185 = CONICAL_SURFACE('',#16186,4.,1.0297442575);
#16186 = AXIS2_PLACEMENT_3D('',#16187,#16188,#16189);
#16187 = CARTESIAN_POINT('',(44.,23.70001,-1.021406292878E-15));
#16188 = DIRECTION('',(0.,1.,-1.110223024625E-16));
#16189 = DIRECTION('',(0.,1.110223024625E-16,1.));
#16190 = ORIENTED_CLOSED_SHELL('',*,#16191,.F.);
#16191 = CLOSED_SHELL('',(#16192,#16229,#16253,#16273));
#16192 = ADVANCED_FACE('',(#16193,#16213),#16224,.F.);
#16193 = FACE_BOUND('',#16194,.F.);
#16194 = EDGE_LOOP('',(#16195,#16206));
#16195 = ORIENTED_EDGE('',*,*,#16196,.F.);
#16196 = EDGE_CURVE('',#16197,#16199,#16201,.T.);
#16197 = VERTEX_POINT('',#16198);
#16198 = CARTESIAN_POINT('',(36.041714311738,153.10001,-4.203057090262)
  );
#16199 = VERTEX_POINT('',#16200);
#16200 = CARTESIAN_POINT('',(44.,153.10001,-9.));
#16201 = CIRCLE('',#16202,9.);
#16202 = AXIS2_PLACEMENT_3D('',#16203,#16204,#16205);
#16203 = CARTESIAN_POINT('',(44.,153.10001,-1.538769223153E-14));
#16204 = DIRECTION('',(0.,1.,-1.110223024625E-16));
#16205 = DIRECTION('',(-0.884253965363,-5.184811950464E-17,
    -0.467006343362));
#16206 = ORIENTED_EDGE('',*,*,#16207,.F.);
#16207 = EDGE_CURVE('',#16199,#16197,#16208,.T.);
#16208 = CIRCLE('',#16209,9.);
#16209 = AXIS2_PLACEMENT_3D('',#16210,#16211,#16212);
#16210 = CARTESIAN_POINT('',(44.,153.10001,-1.538769223153E-14));
#16211 = DIRECTION('',(0.,1.,-1.110223024625E-16));
#16212 = DIRECTION('',(-0.884253965363,-5.184811950464E-17,
    -0.467006343362));
#16213 = FACE_BOUND('',#16214,.F.);
#16214 = EDGE_LOOP('',(#16215));
#16215 = ORIENTED_EDGE('',*,*,#16216,.F.);
#16216 = EDGE_CURVE('',#16217,#16217,#16219,.T.);
#16217 = VERTEX_POINT('',#16218);
#16218 = CARTESIAN_POINT('',(44.,153.10001,-9.1));
#16219 = CIRCLE('',#16220,9.1);
#16220 = AXIS2_PLACEMENT_3D('',#16221,#16222,#16223);
#16221 = CARTESIAN_POINT('',(44.,153.10001,-1.538769223153E-14));
#16222 = DIRECTION('',(0.,-1.,1.110223024625E-16));
#16223 = DIRECTION('',(0.,-1.110223024625E-16,-1.));
#16224 = PLANE('',#16225);
#16225 = AXIS2_PLACEMENT_3D('',#16226,#16227,#16228);
#16226 = CARTESIAN_POINT('',(44.,153.10001,9.1));
#16227 = DIRECTION('',(0.,1.,-1.110223024625E-16));
#16228 = DIRECTION('',(-1.,0.,0.));
#16229 = ADVANCED_FACE('',(#16230),#16248,.T.);
#16230 = FACE_BOUND('',#16231,.T.);
#16231 = EDGE_LOOP('',(#16232,#16233,#16240,#16247));
#16232 = ORIENTED_EDGE('',*,*,#16216,.F.);
#16233 = ORIENTED_EDGE('',*,*,#16234,.F.);
#16234 = EDGE_CURVE('',#16235,#16217,#16237,.T.);
#16235 = VERTEX_POINT('',#16236);
#16236 = CARTESIAN_POINT('',(44.,155.10001,-9.1));
#16237 = B_SPLINE_CURVE_WITH_KNOTS('',1,(#16238,#16239),.UNSPECIFIED.,
  .F.,.F.,(2,2),(62.,64.),.PIECEWISE_BEZIER_KNOTS.);
#16238 = CARTESIAN_POINT('',(44.,155.10001,-9.1));
#16239 = CARTESIAN_POINT('',(44.,153.10001,-9.1));
#16240 = ORIENTED_EDGE('',*,*,#16241,.T.);
#16241 = EDGE_CURVE('',#16235,#16235,#16242,.T.);
#16242 = CIRCLE('',#16243,9.1);
#16243 = AXIS2_PLACEMENT_3D('',#16244,#16245,#16246);
#16244 = CARTESIAN_POINT('',(44.,155.10001,-1.560973683645E-14));
#16245 = DIRECTION('',(0.,-1.,1.110223024625E-16));
#16246 = DIRECTION('',(0.,-1.110223024625E-16,-1.));
#16247 = ORIENTED_EDGE('',*,*,#16234,.T.);
#16248 = CYLINDRICAL_SURFACE('',#16249,9.1);
#16249 = AXIS2_PLACEMENT_3D('',#16250,#16251,#16252);
#16250 = CARTESIAN_POINT('',(44.,217.10001,-2.249311958913E-14));
#16251 = DIRECTION('',(0.,-1.,1.110223024625E-16));
#16252 = DIRECTION('',(0.,-1.110223024625E-16,-1.));
#16253 = ADVANCED_FACE('',(#16254,#16265),#16268,.F.);
#16254 = FACE_BOUND('',#16255,.F.);
#16255 = EDGE_LOOP('',(#16256));
#16256 = ORIENTED_EDGE('',*,*,#16257,.F.);
#16257 = EDGE_CURVE('',#16258,#16258,#16260,.T.);
#16258 = VERTEX_POINT('',#16259);
#16259 = CARTESIAN_POINT('',(44.,155.10001,-9.));
#16260 = CIRCLE('',#16261,9.);
#16261 = AXIS2_PLACEMENT_3D('',#16262,#16263,#16264);
#16262 = CARTESIAN_POINT('',(44.,155.10001,-1.560973683645E-14));
#16263 = DIRECTION('',(0.,-1.,1.110223024625E-16));
#16264 = DIRECTION('',(0.,-1.110223024625E-16,-1.));
#16265 = FACE_BOUND('',#16266,.F.);
#16266 = EDGE_LOOP('',(#16267));
#16267 = ORIENTED_EDGE('',*,*,#16241,.T.);
#16268 = PLANE('',#16269);
#16269 = AXIS2_PLACEMENT_3D('',#16270,#16271,#16272);
#16270 = CARTESIAN_POINT('',(44.,155.10001,8.46));
#16271 = DIRECTION('',(0.,-1.,1.110223024625E-16));
#16272 = DIRECTION('',(0.,-1.110223024625E-16,-1.));
#16273 = ADVANCED_FACE('',(#16274),#16285,.F.);
#16274 = FACE_BOUND('',#16275,.F.);
#16275 = EDGE_LOOP('',(#16276,#16277,#16282,#16283,#16284));
#16276 = ORIENTED_EDGE('',*,*,#16257,.T.);
#16277 = ORIENTED_EDGE('',*,*,#16278,.F.);
#16278 = EDGE_CURVE('',#16199,#16258,#16279,.T.);
#16279 = B_SPLINE_CURVE_WITH_KNOTS('',1,(#16280,#16281),.UNSPECIFIED.,
  .F.,.F.,(2,2),(0.,2.),.PIECEWISE_BEZIER_KNOTS.);
#16280 = CARTESIAN_POINT('',(44.,153.10001,-9.));
#16281 = CARTESIAN_POINT('',(44.,155.10001,-9.));
#16282 = ORIENTED_EDGE('',*,*,#16207,.T.);
#16283 = ORIENTED_EDGE('',*,*,#16196,.T.);
#16284 = ORIENTED_EDGE('',*,*,#16278,.T.);
#16285 = CYLINDRICAL_SURFACE('',#16286,9.);
#16286 = AXIS2_PLACEMENT_3D('',#16287,#16288,#16289);
#16287 = CARTESIAN_POINT('',(44.,153.10001,-1.538769223153E-14));
#16288 = DIRECTION('',(0.,1.,-1.110223024625E-16));
#16289 = DIRECTION('',(0.884253965363,5.184811950464E-17,0.467006343362)
  );
#16290 = ORIENTED_CLOSED_SHELL('',*,#16291,.F.);
#16291 = CLOSED_SHELL('',(#16292,#16336,#16360,#16401,#16422));
#16292 = ADVANCED_FACE('',(#16293),#16331,.T.);
#16293 = FACE_BOUND('',#16294,.T.);
#16294 = EDGE_LOOP('',(#16295,#16306,#16313,#16323,#16330));
#16295 = ORIENTED_EDGE('',*,*,#16296,.T.);
#16296 = EDGE_CURVE('',#16297,#16299,#16301,.T.);
#16297 = VERTEX_POINT('',#16298);
#16298 = CARTESIAN_POINT('',(44.902557918055,6.01521814143,
    19.96654619724));
#16299 = VERTEX_POINT('',#16300);
#16300 = CARTESIAN_POINT('',(45.881847435588,8.50001,14.412719360313));
#16301 = CIRCLE('',#16302,3.367157287525);
#16302 = AXIS2_PLACEMENT_3D('',#16303,#16304,#16305);
#16303 = CARTESIAN_POINT('',(45.297146708692,8.50001,17.72872196268));
#16304 = DIRECTION('',(0.984807753012,-1.804112415016E-16,0.173648177667
    ));
#16305 = DIRECTION('',(-0.117187513663,-0.737949447085,0.664603415721));
#16306 = ORIENTED_EDGE('',*,*,#16307,.T.);
#16307 = EDGE_CURVE('',#16299,#16297,#16308,.T.);
#16308 = CIRCLE('',#16309,3.367157287525);
#16309 = AXIS2_PLACEMENT_3D('',#16310,#16311,#16312);
#16310 = CARTESIAN_POINT('',(45.297146708692,8.50001,17.72872196268));
#16311 = DIRECTION('',(0.984807753012,-1.804112415016E-16,0.173648177667
    ));
#16312 = DIRECTION('',(-0.117187513663,-0.737949447085,0.664603415721));
#16313 = ORIENTED_EDGE('',*,*,#16314,.F.);
#16314 = EDGE_CURVE('',#16315,#16297,#16317,.T.);
#16315 = VERTEX_POINT('',#16316);
#16316 = CARTESIAN_POINT('',(44.63774159316,6.10167429698,
    19.839567942186));
#16317 = B_SPLINE_CURVE_WITH_KNOTS('',4,(#16318,#16319,#16320,#16321,
    #16322),.UNSPECIFIED.,.F.,.F.,(5,5),(3.14159265359,3.926990816987),
  .PIECEWISE_BEZIER_KNOTS.);
#16318 = CARTESIAN_POINT('',(44.63774159316,6.10167429698,
    19.839567942186));
#16319 = CARTESIAN_POINT('',(44.715088213211,6.10167429698,
    19.853206238168));
#16320 = CARTESIAN_POINT('',(44.790098656217,6.08648097283,
    19.880541265546));
#16321 = CARTESIAN_POINT('',(44.854373728578,6.05620092902,
    19.919993025963));
#16322 = CARTESIAN_POINT('',(44.902557918055,6.01521814143,
    19.96654619724));
#16323 = ORIENTED_EDGE('',*,*,#16324,.F.);
#16324 = EDGE_CURVE('',#16315,#16315,#16325,.T.);
#16325 = CIRCLE('',#16326,3.25);
#16326 = AXIS2_PLACEMENT_3D('',#16327,#16328,#16329);
#16327 = CARTESIAN_POINT('',(45.018601012564,8.50001,17.679606841092));
#16328 = DIRECTION('',(0.984807753012,-1.804112415016E-16,0.173648177667
    ));
#16329 = DIRECTION('',(-0.117187513663,-0.737949447085,0.664603415721));
#16330 = ORIENTED_EDGE('',*,*,#16314,.T.);
#16331 = TOROIDAL_SURFACE('',#16332,3.65,0.4);
#16332 = AXIS2_PLACEMENT_3D('',#16333,#16334,#16335);
#16333 = CARTESIAN_POINT('',(45.018601012564,8.50001,17.679606841092));
#16334 = DIRECTION('',(-0.984807753012,2.827220426586E-16,
    -0.173648177667));
#16335 = DIRECTION('',(-0.117187513663,-0.737949447085,0.664603415721));
#16336 = ADVANCED_FACE('',(#16337),#16355,.F.);
#16337 = FACE_BOUND('',#16338,.F.);
#16338 = EDGE_LOOP('',(#16339,#16340,#16347,#16354));
#16339 = ORIENTED_EDGE('',*,*,#16324,.F.);
#16340 = ORIENTED_EDGE('',*,*,#16341,.T.);
#16341 = EDGE_CURVE('',#16315,#16342,#16344,.T.);
#16342 = VERTEX_POINT('',#16343);
#16343 = CARTESIAN_POINT('',(44.013063681801,6.10167429698,
    19.729420372161));
#16344 = B_SPLINE_CURVE_WITH_KNOTS('',1,(#16345,#16346),.UNSPECIFIED.,
  .F.,.F.,(2,2),(0.165685424949,0.8),.PIECEWISE_BEZIER_KNOTS.);
#16345 = CARTESIAN_POINT('',(44.63774159316,6.10167429698,
    19.839567942186));
#16346 = CARTESIAN_POINT('',(44.013063681801,6.10167429698,
    19.729420372161));
#16347 = ORIENTED_EDGE('',*,*,#16348,.T.);
#16348 = EDGE_CURVE('',#16342,#16342,#16349,.T.);
#16349 = CIRCLE('',#16350,3.25);
#16350 = AXIS2_PLACEMENT_3D('',#16351,#16352,#16353);
#16351 = CARTESIAN_POINT('',(44.393923101205,8.50001,17.569459271067));
#16352 = DIRECTION('',(0.984807753012,-1.804112415016E-16,0.173648177667
    ));
#16353 = DIRECTION('',(-0.117187513663,-0.737949447085,0.664603415721));
#16354 = ORIENTED_EDGE('',*,*,#16341,.F.);
#16355 = CYLINDRICAL_SURFACE('',#16356,3.25);
#16356 = AXIS2_PLACEMENT_3D('',#16357,#16358,#16359);
#16357 = CARTESIAN_POINT('',(45.181769303615,8.50001,17.7083778132));
#16358 = DIRECTION('',(-0.984807753012,2.212985846343E-16,
    -0.173648177667));
#16359 = DIRECTION('',(-0.117187513663,-0.737949447085,0.664603415721));
#16360 = ADVANCED_FACE('',(#16361),#16396,.T.);
#16361 = FACE_BOUND('',#16362,.T.);
#16362 = EDGE_LOOP('',(#16363,#16372,#16379,#16388,#16395));
#16363 = ORIENTED_EDGE('',*,*,#16364,.F.);
#16364 = EDGE_CURVE('',#16365,#16365,#16367,.T.);
#16365 = VERTEX_POINT('',#16366);
#16366 = CARTESIAN_POINT('',(46.035739863702,8.50001,14.304962722074));
#16367 = CIRCLE('',#16368,3.5);
#16368 = AXIS2_PLACEMENT_3D('',#16369,#16370,#16371);
#16369 = CARTESIAN_POINT('',(45.427971241868,8.50001,17.751789857617));
#16370 = DIRECTION('',(0.984807753012,-6.398790634407E-17,0.173648177667
    ));
#16371 = DIRECTION('',(0.173648177667,-1.093356242223E-16,
    -0.984807753012));
#16372 = ORIENTED_EDGE('',*,*,#16373,.F.);
#16373 = EDGE_CURVE('',#16374,#16365,#16376,.T.);
#16374 = VERTEX_POINT('',#16375);
#16375 = CARTESIAN_POINT('',(44.636515234641,8.50001,14.058241667899));
#16376 = B_SPLINE_CURVE_WITH_KNOTS('',1,(#16377,#16378),.UNSPECIFIED.,
  .F.,.F.,(2,2),(2.919007564522E-02,1.45),.PIECEWISE_BEZIER_KNOTS.);
#16377 = CARTESIAN_POINT('',(44.636515234641,8.50001,14.058241667899));
#16378 = CARTESIAN_POINT('',(46.035739863702,8.50001,14.304962722074));
#16379 = ORIENTED_EDGE('',*,*,#16380,.F.);
#16380 = EDGE_CURVE('',#16381,#16374,#16383,.T.);
#16381 = VERTEX_POINT('',#16382);
#16382 = CARTESIAN_POINT('',(43.618590314987,5.91718693521,
    19.831180758466));
#16383 = CIRCLE('',#16384,3.5);
#16384 = AXIS2_PLACEMENT_3D('',#16385,#16386,#16387);
#16385 = CARTESIAN_POINT('',(44.028746612806,8.50001,17.505068803442));
#16386 = DIRECTION('',(-0.984807753012,6.398790634407E-17,
    -0.173648177667));
#16387 = DIRECTION('',(0.173648177667,-1.093356242223E-16,
    -0.984807753012));
#16388 = ORIENTED_EDGE('',*,*,#16389,.F.);
#16389 = EDGE_CURVE('',#16374,#16381,#16390,.T.);
#16390 = CIRCLE('',#16391,3.5);
#16391 = AXIS2_PLACEMENT_3D('',#16392,#16393,#16394);
#16392 = CARTESIAN_POINT('',(44.028746612806,8.50001,17.505068803442));
#16393 = DIRECTION('',(-0.984807753012,6.398790634407E-17,
    -0.173648177667));
#16394 = DIRECTION('',(0.173648177667,-1.093356242223E-16,
    -0.984807753012));
#16395 = ORIENTED_EDGE('',*,*,#16373,.T.);
#16396 = CYLINDRICAL_SURFACE('',#16397,3.5);
#16397 = AXIS2_PLACEMENT_3D('',#16398,#16399,#16400);
#16398 = CARTESIAN_POINT('',(44.,8.50001,17.5));
#16399 = DIRECTION('',(0.984807753012,1.927882050301E-17,0.173648177667)
  );
#16400 = DIRECTION('',(0.173648177667,-1.093356242223E-16,
    -0.984807753012));
#16401 = ADVANCED_FACE('',(#16402),#16417,.T.);
#16402 = FACE_BOUND('',#16403,.T.);
#16403 = EDGE_LOOP('',(#16404,#16405,#16414,#16415,#16416));
#16404 = ORIENTED_EDGE('',*,*,#16348,.T.);
#16405 = ORIENTED_EDGE('',*,*,#16406,.F.);
#16406 = EDGE_CURVE('',#16381,#16342,#16407,.T.);
#16407 = B_SPLINE_CURVE_WITH_KNOTS('',5,(#16408,#16409,#16410,#16411,
    #16412,#16413),.UNSPECIFIED.,.F.,.F.,(6,6),(1.95519310129,
    3.14159265359),.PIECEWISE_BEZIER_KNOTS.);
#16408 = CARTESIAN_POINT('',(43.618590314987,5.91718693521,
    19.831180758466));
#16409 = CARTESIAN_POINT('',(43.663952410076,5.98211596756,
    19.778885614981));
#16410 = CARTESIAN_POINT('',(43.73375965407,6.03927488339,
    19.738116213434));
#16411 = CARTESIAN_POINT('',(43.822811210087,6.08092252811,
    19.715144014285));
#16412 = CARTESIAN_POINT('',(43.919593643619,6.10167429698,
    19.712939082542));
#16413 = CARTESIAN_POINT('',(44.013063681801,6.10167429698,
    19.729420372161));
#16414 = ORIENTED_EDGE('',*,*,#16380,.T.);
#16415 = ORIENTED_EDGE('',*,*,#16389,.T.);
#16416 = ORIENTED_EDGE('',*,*,#16406,.T.);
#16417 = TOROIDAL_SURFACE('',#16418,3.65,0.4);
#16418 = AXIS2_PLACEMENT_3D('',#16419,#16420,#16421);
#16419 = CARTESIAN_POINT('',(44.393923101205,8.50001,17.569459271067));
#16420 = DIRECTION('',(-0.984807753012,2.827220426586E-16,
    -0.173648177667));
#16421 = DIRECTION('',(-0.117187513663,-0.737949447085,0.664603415721));
#16422 = ADVANCED_FACE('',(#16423),#16434,.F.);
#16423 = FACE_BOUND('',#16424,.F.);
#16424 = EDGE_LOOP('',(#16425,#16426,#16431,#16432,#16433));
#16425 = ORIENTED_EDGE('',*,*,#16296,.T.);
#16426 = ORIENTED_EDGE('',*,*,#16427,.T.);
#16427 = EDGE_CURVE('',#16299,#16365,#16428,.T.);
#16428 = B_SPLINE_CURVE_WITH_KNOTS('',1,(#16429,#16430),.UNSPECIFIED.,
  .F.,.F.,(2,2),(-6.890271187577E-16,0.187867965644),
  .PIECEWISE_BEZIER_KNOTS.);
#16429 = CARTESIAN_POINT('',(45.881847435588,8.50001,14.412719360313));
#16430 = CARTESIAN_POINT('',(46.035739863799,8.50001,14.304962722212));
#16431 = ORIENTED_EDGE('',*,*,#16364,.F.);
#16432 = ORIENTED_EDGE('',*,*,#16427,.F.);
#16433 = ORIENTED_EDGE('',*,*,#16307,.T.);
#16434 = CONICAL_SURFACE('',#16435,3.367157287525,0.7853981625);
#16435 = AXIS2_PLACEMENT_3D('',#16436,#16437,#16438);
#16436 = CARTESIAN_POINT('',(45.297146708692,8.50001,17.72872196268));
#16437 = DIRECTION('',(0.984807753012,-2.608802989694E-16,0.173648177667
    ));
#16438 = DIRECTION('',(0.117187513663,0.737949447085,-0.664603415721));
#16439 = ( GEOMETRIC_REPRESENTATION_CONTEXT(3) 
GLOBAL_UNCERTAINTY_ASSIGNED_CONTEXT((#16443)) 
GLOBAL_UNIT_ASSIGNED_CONTEXT((#16440,#16441,#16442)) 
REPRESENTATION_CONTEXT('Context #1',
  '3D Context with UNIT and UNCERTAINTY') );
#16440 = ( LENGTH_UNIT() NAMED_UNIT(*) SI_UNIT(.MILLI.,.METRE.) );
#16441 = ( NAMED_UNIT(*) PLANE_ANGLE_UNIT() SI_UNIT($,.RADIAN.) );
#16442 = ( NAMED_UNIT(*) SI_UNIT($,.STERADIAN.) SOLID_ANGLE_UNIT() );
#16443 = UNCERTAINTY_MEASURE_WITH_UNIT(LENGTH_MEASURE(2.E-04),#16440,
  'distance_accuracy_value','confusion accuracy');
#16444 = PRODUCT_RELATED_PRODUCT_CATEGORY('part',$,(#7));
#16445 = MECHANICAL_DESIGN_GEOMETRIC_PRESENTATION_REPRESENTATION('',(
    #16446),#16439);
#16446 = STYLED_ITEM('color',(#16447),#15);
#16447 = PRESENTATION_STYLE_ASSIGNMENT((#16448));
#16448 = SURFACE_STYLE_USAGE(.BOTH.,#16449);
#16449 = SURFACE_SIDE_STYLE('',(#16450));
#16450 = SURFACE_STYLE_FILL_AREA(#16451);
#16451 = FILL_AREA_STYLE('',(#16452));
#16452 = FILL_AREA_STYLE_COLOUR('',#16453);
#16453 = COLOUR_RGB('',0.29411765933,0.29411765933,0.29411765933);
ENDSEC;
END-ISO-10303-21;
