ISO-10303-21;
HEADER;
FILE_DESCRIPTION(('Open CASCADE Model'),'2;1');
FILE_NAME('Open CASCADE Shape Model','2026-09-18T15:44:59',('Author'),(
    'Open CASCADE'),'Open CASCADE STEP processor 7.3','Open CASCADE 7.3'
  ,'Unknown');
FILE_SCHEMA(('AUTOMOTIVE_DESIGN { 1 0 10303 214 1 1 1 1 }'));
ENDSEC;
DATA;
#1 = APPLICATION_PROTOCOL_DEFINITION('international standard',
  'automotive_design',2000,#2);
#2 = APPLICATION_CONTEXT(
  'core data for automotive mechanical design processes');
#3 = SHAPE_DEFINITION_REPRESENTATION(#4,#10);
#4 = PRODUCT_DEFINITION_SHAPE('','',#5);
#5 = PRODUCT_DEFINITION('design','',#6,#9);
#6 = PRODUCT_DEFINITION_FORMATION('','',#7);
#7 = PRODUCT('Pottmanager 124','Pottmanager 124','',(#8));
#8 = PRODUCT_CONTEXT('',#2,'mechanical');
#9 = PRODUCT_DEFINITION_CONTEXT('part definition',#2,'design');
#10 = ADVANCED_BREP_SHAPE_REPRESENTATION('',(#11,#15),#8808);
#11 = AXIS2_PLACEMENT_3D('',#12,#13,#14);
#12 = CARTESIAN_POINT('',(0.,0.,0.));
#13 = DIRECTION('',(0.,0.,1.));
#14 = DIRECTION('',(1.,0.,-0.));
#15 = MANIFOLD_SOLID_BREP('',#16);
#16 = CLOSED_SHELL('',(#17,#63,#95,#131,#261,#287,#454,#482,#525,#543,
    #575,#600,#625,#643,#686,#790,#806,#823,#990,#1069,#1166,#1199,#1224
    ,#1249,#1268,#1280,#1625,#1659,#1685,#1794,#2209,#2234,#2281,#2336,
    #2353,#2384,#2422,#2477,#2526,#2974,#2999,#3023,#3046,#3073,#3111,
    #3135,#3173,#3207,#3238,#3297,#3315,#3339,#3380,#3416,#3444,#3472,
    #3492,#3511,#3530,#3585,#3640,#3665,#3682,#3707,#3724,#3779,#3834,
    #3890,#3935,#3960,#3997,#4053,#4108,#4163,#4188,#4213,#4272,#4327,
    #4382,#4437,#4492,#4537,#4555,#4566,#4598,#4623,#4648,#4666,#4683,
    #4701,#4733,#4757,#4782,#4806,#4831,#4864,#4888,#4931,#4963,#4980,
    #5030,#5054,#5085,#5109,#5143,#5161,#5197,#5221,#5255,#5273,#5306,
    #5330,#5361,#5379,#5412,#5436,#5467,#5480,#5498,#5531,#5555,#5586,
    #5604,#5637,#5661,#5692,#5710,#5743,#5767,#5793,#5844,#5876,#5894,
    #5911,#5923,#5935,#5960,#5978,#5996,#6014,#6042,#6067,#6093,#6111,
    #6139,#6164,#6190,#6208,#6236,#6261,#6287,#6305,#6333,#6358,#6384,
    #6402,#6430,#6455,#6481,#6501,#6526,#6550,#6573,#6591,#6616,#6640,
    #6663,#6681,#6709,#6734,#6760,#6778,#6806,#6845,#6857,#6890,#6907,
    #6959,#6977,#6994,#7011,#7028,#7045,#7063,#7080,#7097,#7109,#7121,
    #7133,#7145,#7157,#7169,#7181,#7193,#7205,#7602,#7614,#7649,#7661,
    #7673,#7685,#7697,#7709,#7721,#7740,#7762,#7774,#7798,#7822,#7839,
    #7851,#7877,#7932,#7956,#7981,#8015,#8040,#8057,#8075,#8107,#8125,
    #8157,#8175,#8207,#8225,#8257,#8275,#8287,#8314,#8332,#8344,#8354,
    #8402,#8450,#8460,#8494,#8521,#8548,#8568,#8602,#8629,#8656,#8676,
    #8699,#8715,#8731,#8742,#8765,#8781,#8797));
#17 = ADVANCED_FACE('',(#18),#58,.F.);
#18 = FACE_BOUND('',#19,.F.);
#19 = EDGE_LOOP('',(#20,#31,#42,#51));
#20 = ORIENTED_EDGE('',*,*,#21,.F.);
#21 = EDGE_CURVE('',#22,#24,#26,.T.);
#22 = VERTEX_POINT('',#23);
#23 = CARTESIAN_POINT('',(-46.9800009416,63.538978539343,33.048747737366
    ));
#24 = VERTEX_POINT('',#25);
#25 = CARTESIAN_POINT('',(-46.792,63.350978539343,33.048747737366));
#26 = CIRCLE('',#27,0.188);
#27 = AXIS2_PLACEMENT_3D('',#28,#29,#30);
#28 = CARTESIAN_POINT('',(-46.98,63.350978539343,33.048747737366));
#29 = DIRECTION('',(4.01768598508E-13,-1.110223024625E-16,-1.));
#30 = DIRECTION('',(1.,2.22044604925E-16,4.01768598508E-13));
#31 = ORIENTED_EDGE('',*,*,#32,.T.);
#32 = EDGE_CURVE('',#22,#33,#35,.T.);
#33 = VERTEX_POINT('',#34);
#34 = CARTESIAN_POINT('',(-56.78,63.538978539343,42.848747737362));
#35 = B_SPLINE_CURVE_WITH_KNOTS('',5,(#36,#37,#38,#39,#40,#41),
  .UNSPECIFIED.,.F.,.F.,(6,6),(0.,22.3604472083),
  .PIECEWISE_BEZIER_KNOTS.);
#36 = CARTESIAN_POINT('',(-46.98,63.538978539343,33.048747737366));
#37 = CARTESIAN_POINT('',(-46.98,63.538978539343,36.127508969122));
#38 = CARTESIAN_POINT('',(-48.18540182412,63.538978291533,
    39.208971961072));
#39 = CARTESIAN_POINT('',(-50.61977577641,63.538978291523,
    41.643345913142));
#40 = CARTESIAN_POINT('',(-53.70123876819,63.538978539343,
    42.848747737382));
#41 = CARTESIAN_POINT('',(-56.78,63.538978539343,42.848747737362));
#42 = ORIENTED_EDGE('',*,*,#43,.T.);
#43 = EDGE_CURVE('',#33,#44,#46,.T.);
#44 = VERTEX_POINT('',#45);
#45 = CARTESIAN_POINT('',(-56.78000000081,63.350978539343,
    43.036747737362));
#46 = CIRCLE('',#47,0.188);
#47 = AXIS2_PLACEMENT_3D('',#48,#49,#50);
#48 = CARTESIAN_POINT('',(-56.7800000008,63.350978539343,42.848747737362
    ));
#49 = DIRECTION('',(1.,2.220446049341E-16,8.16327292751E-11));
#50 = DIRECTION('',(8.16327292751E-11,-1.110223024444E-16,-1.));
#51 = ORIENTED_EDGE('',*,*,#52,.F.);
#52 = EDGE_CURVE('',#24,#44,#53,.T.);
#53 = CIRCLE('',#54,9.988);
#54 = AXIS2_PLACEMENT_3D('',#55,#56,#57);
#55 = CARTESIAN_POINT('',(-56.78,63.350978539343,33.048747737362));
#56 = DIRECTION('',(2.22044604925E-16,-1.,1.110223024626E-16));
#57 = DIRECTION('',(1.089382751298E-44,-1.110223024626E-16,-1.));
#58 = TOROIDAL_SURFACE('',#59,9.8,0.188);
#59 = AXIS2_PLACEMENT_3D('',#60,#61,#62);
#60 = CARTESIAN_POINT('',(-56.78,63.350978539343,33.048747737362));
#61 = DIRECTION('',(2.22044604925E-16,-1.,1.110223024626E-16));
#62 = DIRECTION('',(1.,2.22044604925E-16,4.01768598508E-13));
#63 = ADVANCED_FACE('',(#64),#90,.F.);
#64 = FACE_BOUND('',#65,.F.);
#65 = EDGE_LOOP('',(#66,#74,#75,#83));
#66 = ORIENTED_EDGE('',*,*,#67,.F.);
#67 = EDGE_CURVE('',#24,#68,#70,.T.);
#68 = VERTEX_POINT('',#69);
#69 = CARTESIAN_POINT('',(-46.792,52.833978539143,33.048747737362));
#70 = LINE('',#71,#72);
#71 = CARTESIAN_POINT('',(-46.792,37.050978538943,33.048747737366));
#72 = VECTOR('',#73,1.);
#73 = DIRECTION('',(2.22044604925E-16,-1.,1.110223024626E-16));
#74 = ORIENTED_EDGE('',*,*,#52,.T.);
#75 = ORIENTED_EDGE('',*,*,#76,.T.);
#76 = EDGE_CURVE('',#44,#77,#79,.T.);
#77 = VERTEX_POINT('',#78);
#78 = CARTESIAN_POINT('',(-56.78,52.833978539143,43.036747737362));
#79 = LINE('',#80,#81);
#80 = CARTESIAN_POINT('',(-56.78,37.050978538943,43.036747737362));
#81 = VECTOR('',#82,1.);
#82 = DIRECTION('',(2.22044604925E-16,-1.,1.110223024625E-16));
#83 = ORIENTED_EDGE('',*,*,#84,.F.);
#84 = EDGE_CURVE('',#68,#77,#85,.T.);
#85 = CIRCLE('',#86,9.988);
#86 = AXIS2_PLACEMENT_3D('',#87,#88,#89);
#87 = CARTESIAN_POINT('',(-56.78,52.833978539143,33.048747737362));
#88 = DIRECTION('',(2.22044604925E-16,-1.,1.110223024626E-16));
#89 = DIRECTION('',(1.089382751298E-44,-1.110223024626E-16,-1.));
#90 = CYLINDRICAL_SURFACE('',#91,9.988);
#91 = AXIS2_PLACEMENT_3D('',#92,#93,#94);
#92 = CARTESIAN_POINT('',(-56.78,37.050978539343,33.048747737362));
#93 = DIRECTION('',(2.22044604925E-16,-1.,1.110223024626E-16));
#94 = DIRECTION('',(1.,2.22044604925E-16,4.00372110282E-13));
#95 = ADVANCED_FACE('',(#96),#126,.F.);
#96 = FACE_BOUND('',#97,.F.);
#97 = EDGE_LOOP('',(#98,#109,#116,#117));
#98 = ORIENTED_EDGE('',*,*,#99,.T.);
#99 = EDGE_CURVE('',#100,#102,#104,.T.);
#100 = VERTEX_POINT('',#101);
#101 = CARTESIAN_POINT('',(-66.57999999998,63.538978539343,
    33.048747737362));
#102 = VERTEX_POINT('',#103);
#103 = CARTESIAN_POINT('',(-66.768,63.350978539343,33.048747737358));
#104 = CIRCLE('',#105,0.188);
#105 = AXIS2_PLACEMENT_3D('',#106,#107,#108);
#106 = CARTESIAN_POINT('',(-66.58,63.350978539343,33.048747737358));
#107 = DIRECTION('',(-4.00167684523E-13,1.110223024625E-16,1.));
#108 = DIRECTION('',(-1.,-2.22044604925E-16,-4.00167684523E-13));
#109 = ORIENTED_EDGE('',*,*,#110,.F.);
#110 = EDGE_CURVE('',#44,#102,#111,.T.);
#111 = CIRCLE('',#112,9.988);
#112 = AXIS2_PLACEMENT_3D('',#113,#114,#115);
#113 = CARTESIAN_POINT('',(-56.78,63.350978539343,33.048747737362));
#114 = DIRECTION('',(2.22044604925E-16,-1.,1.110223024626E-16));
#115 = DIRECTION('',(1.089382751298E-44,-1.110223024626E-16,-1.));
#116 = ORIENTED_EDGE('',*,*,#43,.F.);
#117 = ORIENTED_EDGE('',*,*,#118,.T.);
#118 = EDGE_CURVE('',#33,#100,#119,.T.);
#119 = B_SPLINE_CURVE_WITH_KNOTS('',5,(#120,#121,#122,#123,#124,#125),
  .UNSPECIFIED.,.F.,.F.,(6,6),(0.,22.360447208),
  .PIECEWISE_BEZIER_KNOTS.);
#120 = CARTESIAN_POINT('',(-56.78,63.538978539343,42.848747737342));
#121 = CARTESIAN_POINT('',(-59.85876123181,63.538978539343,
    42.848747737342));
#122 = CARTESIAN_POINT('',(-62.94022422289,63.538978291533,
    41.643345912322));
#123 = CARTESIAN_POINT('',(-65.37459817437,63.538978291533,
    39.208971963982));
#124 = CARTESIAN_POINT('',(-66.57999999998,63.538978539343,
    36.127508969112));
#125 = CARTESIAN_POINT('',(-66.57999999998,63.538978539343,
    33.048747737362));
#126 = TOROIDAL_SURFACE('',#127,9.8,0.188);
#127 = AXIS2_PLACEMENT_3D('',#128,#129,#130);
#128 = CARTESIAN_POINT('',(-56.78,63.350978539343,33.048747737362));
#129 = DIRECTION('',(2.22044604925E-16,-1.,1.110223024626E-16));
#130 = DIRECTION('',(1.,2.22044604925E-16,4.00290149203E-13));
#131 = ADVANCED_FACE('',(#132,#174),#256,.T.);
#132 = FACE_BOUND('',#133,.T.);
#133 = EDGE_LOOP('',(#134,#135,#155,#173));
#134 = ORIENTED_EDGE('',*,*,#118,.T.);
#135 = ORIENTED_EDGE('',*,*,#136,.T.);
#136 = EDGE_CURVE('',#100,#137,#139,.T.);
#137 = VERTEX_POINT('',#138);
#138 = CARTESIAN_POINT('',(-56.78,63.538978539343,23.248747737362));
#139 = B_SPLINE_CURVE_WITH_KNOTS('',5,(#140,#141,#142,#143,#144,#145,
    #146,#147,#148,#149,#150,#151,#152,#153,#154),.UNSPECIFIED.,.F.,.F.,
  (6,3,3,3,6),(0.,6.68046595863,13.3651792026,20.0453529718,22.359096058
    ),.UNSPECIFIED.);
#140 = CARTESIAN_POINT('',(-66.57999999969,63.538978539343,
    33.048747737343));
#141 = CARTESIAN_POINT('',(-66.57999999969,63.538978539343,
    32.128928942488));
#142 = CARTESIAN_POINT('',(-66.47239390213,63.538978539343,
    31.208975653182));
#143 = CARTESIAN_POINT('',(-66.25660196943,63.538978539343,
    30.305970001602));
#144 = CARTESIAN_POINT('',(-65.61671208011,63.538978539343,
    28.567161920232));
#145 = CARTESIAN_POINT('',(-64.5914320219,63.538978539343,
    27.023870651582));
#146 = CARTESIAN_POINT('',(-63.9899225029,63.538978539343,
    26.315836292792));
#147 = CARTESIAN_POINT('',(-62.63278565418,63.538978539343,
    25.054473498912));
#148 = CARTESIAN_POINT('',(-61.02068756242,63.538978539343,
    24.141366153852));
#149 = CARTESIAN_POINT('',(-60.1646994249,63.538978539343,
    23.781998121962));
#150 = CARTESIAN_POINT('',(-58.96614963234,63.538978539343,
    23.438217680992));
#151 = CARTESIAN_POINT('',(-57.73588894752,63.538978539343,
    23.287575231802));
#152 = CARTESIAN_POINT('',(-57.41716461748,63.538978539343,
    23.261655578552));
#153 = CARTESIAN_POINT('',(-57.09857424253,63.538978539343,
    23.248747736602));
#154 = CARTESIAN_POINT('',(-56.7800000008,63.538978539343,
    23.248747736602));
#155 = ORIENTED_EDGE('',*,*,#156,.T.);
#156 = EDGE_CURVE('',#137,#22,#157,.T.);
#157 = B_SPLINE_CURVE_WITH_KNOTS('',5,(#158,#159,#160,#161,#162,#163,
    #164,#165,#166,#167,#168,#169,#170,#171,#172),.UNSPECIFIED.,.F.,.F.,
  (6,3,3,3,6),(0.,6.68046595203,13.365179217,20.0453530176,22.3590961027
    ),.UNSPECIFIED.);
#158 = CARTESIAN_POINT('',(-56.7800000008,63.538978539343,
    23.248747736602));
#159 = CARTESIAN_POINT('',(-55.86018120684,63.538978539343,
    23.248747736602));
#160 = CARTESIAN_POINT('',(-54.9402279185,63.538978539343,
    23.356353834062));
#161 = CARTESIAN_POINT('',(-54.03722226121,63.538978539343,
    23.572145769432));
#162 = CARTESIAN_POINT('',(-52.29841417834,63.538978539343,
    24.212035659622));
#163 = CARTESIAN_POINT('',(-50.75512290857,63.538978539343,
    25.237315719312));
#164 = CARTESIAN_POINT('',(-50.0470885601,63.538978539343,
    25.838825230972));
#165 = CARTESIAN_POINT('',(-48.78572576088,63.538978539343,
    27.195962084532));
#166 = CARTESIAN_POINT('',(-47.87261841315,63.538978539343,
    28.808060183472));
#167 = CARTESIAN_POINT('',(-47.51325038788,63.538978539343,
    29.664048304402));
#168 = CARTESIAN_POINT('',(-47.16946994503,63.538978539343,
    30.862598101272));
#169 = CARTESIAN_POINT('',(-47.01882749529,63.538978539343,
    32.092858790489));
#170 = CARTESIAN_POINT('',(-46.99290784203,63.538978539343,
    32.41158312093));
#171 = CARTESIAN_POINT('',(-46.98000000007,63.538978539343,
    32.730173495767));
#172 = CARTESIAN_POINT('',(-46.98000000007,63.538978539343,
    33.04874773735));
#173 = ORIENTED_EDGE('',*,*,#32,.T.);
#174 = FACE_BOUND('',#175,.T.);
#175 = EDGE_LOOP('',(#176,#198,#218,#238));
#176 = ORIENTED_EDGE('',*,*,#177,.F.);
#177 = EDGE_CURVE('',#178,#180,#182,.T.);
#178 = VERTEX_POINT('',#179);
#179 = CARTESIAN_POINT('',(-50.292,63.538978539593,33.048747737362));
#180 = VERTEX_POINT('',#181);
#181 = CARTESIAN_POINT('',(-56.7800000008,63.538978539593,
    39.536747737362));
#182 = B_SPLINE_CURVE_WITH_KNOTS('',5,(#183,#184,#185,#186,#187,#188,
    #189,#190,#191,#192,#193,#194,#195,#196,#197),.UNSPECIFIED.,.F.,.F.,
  (6,3,3,3,6),(0.,4.42012914641,8.83993577236,13.2599764859,14.439292789
    ),.UNSPECIFIED.);
#183 = CARTESIAN_POINT('',(-50.29200016483,63.538978539343,
    33.048747737349));
#184 = CARTESIAN_POINT('',(-50.29200197319,63.538978539343,
    33.672669830019));
#185 = CARTESIAN_POINT('',(-50.36701315874,63.538978539343,
    34.296588389692));
#186 = CARTESIAN_POINT('',(-50.51704382407,63.538978539343,
    34.908479453722));
#187 = CARTESIAN_POINT('',(-50.96118614257,63.538978539343,
    36.084172378552));
#188 = CARTESIAN_POINT('',(-51.67124836116,63.538978539343,
    37.121116319562));
#189 = CARTESIAN_POINT('',(-52.08724713666,63.538978539343,
    37.594275014022));
#190 = CARTESIAN_POINT('',(-53.02478263069,63.538978539343,
    38.431234657012));
#191 = CARTESIAN_POINT('',(-54.13399947244,63.538978539343,
    39.022169175182));
#192 = CARTESIAN_POINT('',(-54.72170368405,63.538978539343,
    39.249283256302));
#193 = CARTESIAN_POINT('',(-55.49342020942,63.538978539343,
    39.444687160462));
#194 = CARTESIAN_POINT('',(-56.28054379993,63.538978539343,
    39.520708104772));
#195 = CARTESIAN_POINT('',(-56.44706631397,63.538978539343,
    39.531408800272));
#196 = CARTESIAN_POINT('',(-56.61353313562,63.538978539343,
    39.536747737242));
#197 = CARTESIAN_POINT('',(-56.78000000081,63.538978539343,
    39.536747737242));
#198 = ORIENTED_EDGE('',*,*,#199,.F.);
#199 = EDGE_CURVE('',#200,#178,#202,.T.);
#200 = VERTEX_POINT('',#201);
#201 = CARTESIAN_POINT('',(-56.7800000008,63.538978539593,
    26.560747737362));
#202 = B_SPLINE_CURVE_WITH_KNOTS('',5,(#203,#204,#205,#206,#207,#208,
    #209,#210,#211,#212,#213,#214,#215,#216,#217),.UNSPECIFIED.,.F.,.F.,
  (6,3,3,3,6),(0.,4.42148367148,8.84279497564,13.2643473004,
    14.4440872603),.UNSPECIFIED.);
#203 = CARTESIAN_POINT('',(-56.78000000081,63.538978539343,
    26.560747737452));
#204 = CARTESIAN_POINT('',(-56.1561075885,63.538978539343,
    26.560747737452));
#205 = CARTESIAN_POINT('',(-55.5322157871,63.538978539343,
    26.635740370272));
#206 = CARTESIAN_POINT('',(-54.92022834115,63.538978539343,
    26.785809367682));
#207 = CARTESIAN_POINT('',(-53.74457999299,63.538978539343,
    27.229937114302));
#208 = CARTESIAN_POINT('',(-52.70764651059,63.538978539343,
    27.939976185342));
#209 = CARTESIAN_POINT('',(-52.23445681729,63.538978539343,
    28.356014986252));
#210 = CARTESIAN_POINT('',(-51.39751164819,63.538978539343,
    29.293538110622));
#211 = CARTESIAN_POINT('',(-50.80659725525,63.538978539343,
    30.402701590412));
#212 = CARTESIAN_POINT('',(-50.57945852179,63.538978539343,
    30.990475210452));
#213 = CARTESIAN_POINT('',(-50.38405896382,63.538978539343,
    31.762181064722));
#214 = CARTESIAN_POINT('',(-50.30803945,63.538978539343,32.54929331919)
  );
#215 = CARTESIAN_POINT('',(-50.29733877346,63.538978539343,
    32.715815291406));
#216 = CARTESIAN_POINT('',(-50.29199968233,63.538978539343,
    32.882281611156));
#217 = CARTESIAN_POINT('',(-50.29200016483,63.538978539343,
    33.048747737349));
#218 = ORIENTED_EDGE('',*,*,#219,.F.);
#219 = EDGE_CURVE('',#220,#200,#222,.T.);
#220 = VERTEX_POINT('',#221);
#221 = CARTESIAN_POINT('',(-63.268,63.538978539593,33.048747737362));
#222 = B_SPLINE_CURVE_WITH_KNOTS('',5,(#223,#224,#225,#226,#227,#228,
    #229,#230,#231,#232,#233,#234,#235,#236,#237),.UNSPECIFIED.,.F.,.F.,
  (6,3,3,3,6),(0.,4.42012914822,8.83993575766,13.2599764594,
    14.4392927594),.UNSPECIFIED.);
#223 = CARTESIAN_POINT('',(-63.26799983493,63.538978539343,
    33.048747737344));
#224 = CARTESIAN_POINT('',(-63.26799802671,63.538978539343,
    32.42482564485));
#225 = CARTESIAN_POINT('',(-63.19298684134,63.538978539343,
    31.800907085992));
#226 = CARTESIAN_POINT('',(-63.04295617582,63.538978539343,
    31.189016021502));
#227 = CARTESIAN_POINT('',(-62.59881385778,63.538978539343,
    30.013323098062));
#228 = CARTESIAN_POINT('',(-61.88875164207,63.538978539343,
    28.976379159922));
#229 = CARTESIAN_POINT('',(-61.47275286164,63.538978539343,
    28.503220457842));
#230 = CARTESIAN_POINT('',(-60.53521736996,63.538978539343,
    27.666260817572));
#231 = CARTESIAN_POINT('',(-59.42600053227,63.538978539343,
    27.075326301032));
#232 = CARTESIAN_POINT('',(-58.83829631508,63.538978539343,
    26.848212218562));
#233 = CARTESIAN_POINT('',(-58.06657979011,63.538978539343,
    26.652808314442));
#234 = CARTESIAN_POINT('',(-57.27945619999,63.538978539343,
    26.576787369802));
#235 = CARTESIAN_POINT('',(-57.11293368689,63.538978539343,
    26.566086674382));
#236 = CARTESIAN_POINT('',(-56.94646686562,63.538978539343,
    26.560747737452));
#237 = CARTESIAN_POINT('',(-56.78000000081,63.538978539343,
    26.560747737452));
#238 = ORIENTED_EDGE('',*,*,#239,.F.);
#239 = EDGE_CURVE('',#180,#220,#240,.T.);
#240 = B_SPLINE_CURVE_WITH_KNOTS('',5,(#241,#242,#243,#244,#245,#246,
    #247,#248,#249,#250,#251,#252,#253,#254,#255),.UNSPECIFIED.,.F.,.F.,
  (6,3,3,3,6),(0.,4.42148366632,8.8427949572,13.2643472842,14.4440872478
    ),.UNSPECIFIED.);
#241 = CARTESIAN_POINT('',(-56.78000000081,63.538978539343,
    39.536747737242));
#242 = CARTESIAN_POINT('',(-57.40389241205,63.538978539343,
    39.536747737242));
#243 = CARTESIAN_POINT('',(-58.02778421233,63.538978539343,
    39.461755104702));
#244 = CARTESIAN_POINT('',(-58.63977166243,63.538978539343,
    39.311686106072));
#245 = CARTESIAN_POINT('',(-59.81542000739,63.538978539343,
    38.867558360552));
#246 = CARTESIAN_POINT('',(-60.8523534875,63.538978539343,
    38.157519292082));
#247 = CARTESIAN_POINT('',(-61.3255431854,63.538978539343,
    37.741480485012));
#248 = CARTESIAN_POINT('',(-62.16248835259,63.538978539343,
    36.803957362112));
#249 = CARTESIAN_POINT('',(-62.75340274456,63.538978539343,
    35.694793884412));
#250 = CARTESIAN_POINT('',(-62.98054147766,63.538978539343,
    35.107020265972));
#251 = CARTESIAN_POINT('',(-63.17594103592,63.538978539343,
    34.335314411382));
#252 = CARTESIAN_POINT('',(-63.25196054994,63.538978539343,
    33.54820215653));
#253 = CARTESIAN_POINT('',(-63.26266122617,63.538978539343,
    33.381680183853));
#254 = CARTESIAN_POINT('',(-63.26800031744,63.538978539343,
    33.215213863794));
#255 = CARTESIAN_POINT('',(-63.26799983493,63.538978539343,
    33.048747737344));
#256 = PLANE('',#257);
#257 = AXIS2_PLACEMENT_3D('',#258,#259,#260);
#258 = CARTESIAN_POINT('',(-17.9,63.538978539343,48.048747737362));
#259 = DIRECTION('',(2.22044604925E-16,-1.,1.110223024626E-16));
#260 = DIRECTION('',(1.,2.22044604925E-16,4.00617039642E-13));
#261 = ADVANCED_FACE('',(#262),#282,.F.);
#262 = FACE_BOUND('',#263,.F.);
#263 = EDGE_LOOP('',(#264,#265,#274,#281));
#264 = ORIENTED_EDGE('',*,*,#21,.T.);
#265 = ORIENTED_EDGE('',*,*,#266,.F.);
#266 = EDGE_CURVE('',#267,#24,#269,.T.);
#267 = VERTEX_POINT('',#268);
#268 = CARTESIAN_POINT('',(-56.78000000081,63.350978540093,
    23.060747737362));
#269 = CIRCLE('',#270,9.988);
#270 = AXIS2_PLACEMENT_3D('',#271,#272,#273);
#271 = CARTESIAN_POINT('',(-56.78,63.350978539343,33.048747737362));
#272 = DIRECTION('',(2.22044604925E-16,-1.,1.110223024626E-16));
#273 = DIRECTION('',(1.089382751298E-44,-1.110223024626E-16,-1.));
#274 = ORIENTED_EDGE('',*,*,#275,.F.);
#275 = EDGE_CURVE('',#137,#267,#276,.T.);
#276 = CIRCLE('',#277,0.188);
#277 = AXIS2_PLACEMENT_3D('',#278,#279,#280);
#278 = CARTESIAN_POINT('',(-56.7800000008,63.350978539343,
    23.248747737362));
#279 = DIRECTION('',(-1.,-2.220446049159E-16,8.1632893968E-11));
#280 = DIRECTION('',(8.1632893968E-11,1.110223024806E-16,1.));
#281 = ORIENTED_EDGE('',*,*,#156,.T.);
#282 = TOROIDAL_SURFACE('',#283,9.8,0.188);
#283 = AXIS2_PLACEMENT_3D('',#284,#285,#286);
#284 = CARTESIAN_POINT('',(-56.78,63.350978539343,33.048747737362));
#285 = DIRECTION('',(2.22044604925E-16,-1.,1.110223024626E-16));
#286 = DIRECTION('',(-1.,-2.22044604925E-16,-4.01768598508E-13));
#287 = ADVANCED_FACE('',(#288),#449,.F.);
#288 = FACE_BOUND('',#289,.T.);
#289 = EDGE_LOOP('',(#290,#300,#308,#325,#333,#341,#349,#361,#362,#373,
    #381,#392,#412,#432,#443));
#290 = ORIENTED_EDGE('',*,*,#291,.F.);
#291 = EDGE_CURVE('',#292,#294,#296,.T.);
#292 = VERTEX_POINT('',#293);
#293 = CARTESIAN_POINT('',(-20.9,52.833978539143,47.798747737362));
#294 = VERTEX_POINT('',#295);
#295 = CARTESIAN_POINT('',(-20.9,52.833978539343,31.048747737382));
#296 = LINE('',#297,#298);
#297 = CARTESIAN_POINT('',(-20.9,52.833978539343,39.423747737342));
#298 = VECTOR('',#299,1.);
#299 = DIRECTION('',(4.00873364354E-13,-1.110223024624E-16,-1.));
#300 = ORIENTED_EDGE('',*,*,#301,.T.);
#301 = EDGE_CURVE('',#292,#302,#304,.T.);
#302 = VERTEX_POINT('',#303);
#303 = CARTESIAN_POINT('',(-20.9054115262,52.833978568943,
    47.798747737362));
#304 = LINE('',#305,#306);
#305 = CARTESIAN_POINT('',(-20.9027057631,52.833978539343,
    47.798747722462));
#306 = VECTOR('',#307,1.);
#307 = DIRECTION('',(-0.999999999985,-2.22045216343E-16,
    -5.507193927707E-06));
#308 = ORIENTED_EDGE('',*,*,#309,.F.);
#309 = EDGE_CURVE('',#310,#302,#312,.T.);
#310 = VERTEX_POINT('',#311);
#311 = CARTESIAN_POINT('',(-21.7000000007,52.833978539343,
    46.798747737362));
#312 = B_SPLINE_CURVE_WITH_KNOTS('',5,(#313,#314,#315,#316,#317,#318,
    #319,#320,#321,#322,#323,#324),.UNSPECIFIED.,.F.,.F.,(6,3,3,6),(0.,
    0.532734423467,1.16645093515,1.97989614944),.UNSPECIFIED.);
#313 = CARTESIAN_POINT('',(-21.7000000007,52.833978539343,
    46.798747737362));
#314 = CARTESIAN_POINT('',(-21.6248705237,52.833978539343,
    46.798747737362));
#315 = CARTESIAN_POINT('',(-21.5497423863,52.833978539343,
    46.811220185662));
#316 = CARTESIAN_POINT('',(-21.4776930982,52.833978539343,
    46.835971590662));
#317 = CARTESIAN_POINT('',(-21.3304261459,52.833978539343,
    46.912269212962));
#318 = CARTESIAN_POINT('',(-21.2092746255,52.833978539343,
    47.026539770262));
#319 = CARTESIAN_POINT('',(-21.1517525376,52.833978539343,
    47.096547442962));
#320 = CARTESIAN_POINT('',(-21.0390243818,52.833978539343,
    47.267761354462));
#321 = CARTESIAN_POINT('',(-20.9650075304,52.833978539343,
    47.459595681462));
#322 = CARTESIAN_POINT('',(-20.9346643267,52.833978539343,
    47.570949619662));
#323 = CARTESIAN_POINT('',(-20.9148624798,52.833978539343,
    47.684420673362));
#324 = CARTESIAN_POINT('',(-20.9054115225,52.833978539343,
    47.798747737362));
#325 = ORIENTED_EDGE('',*,*,#326,.T.);
#326 = EDGE_CURVE('',#310,#327,#329,.T.);
#327 = VERTEX_POINT('',#328);
#328 = CARTESIAN_POINT('',(-63.89999999997,52.833978539143,
    46.798747737462));
#329 = LINE('',#330,#331);
#330 = CARTESIAN_POINT('',(-42.8000000004,52.833978539343,
    46.798747737362));
#331 = VECTOR('',#332,1.);
#332 = DIRECTION('',(-1.,-2.22044604925E-16,-4.00606351679E-13));
#333 = ORIENTED_EDGE('',*,*,#334,.F.);
#334 = EDGE_CURVE('',#335,#327,#337,.T.);
#335 = VERTEX_POINT('',#336);
#336 = CARTESIAN_POINT('',(-63.94235190607,52.833978539143,
    46.756395831362));
#337 = LINE('',#338,#339);
#338 = CARTESIAN_POINT('',(-63.92117595263,52.833978539343,
    46.777571784662));
#339 = VECTOR('',#340,1.);
#340 = DIRECTION('',(0.707106781186,2.355138688026E-16,0.707106781187));
#341 = ORIENTED_EDGE('',*,*,#342,.T.);
#342 = EDGE_CURVE('',#335,#343,#345,.T.);
#343 = VERTEX_POINT('',#344);
#344 = CARTESIAN_POINT('',(-63.942351906,52.833978539143,40.010131161262
    ));
#345 = LINE('',#346,#347);
#346 = CARTESIAN_POINT('',(-63.94235190525,52.833978539343,
    43.383263497062));
#347 = VECTOR('',#348,1.);
#348 = DIRECTION('',(4.002307244E-13,-1.110223024624E-16,-1.));
#349 = ORIENTED_EDGE('',*,*,#350,.F.);
#350 = EDGE_CURVE('',#77,#343,#351,.T.);
#351 = B_SPLINE_CURVE_WITH_KNOTS('',5,(#352,#353,#354,#355,#356,#357,
    #358,#359,#360),.UNSPECIFIED.,.F.,.F.,(6,3,6),(0.,6.56866886262,
    11.2947855057),.UNSPECIFIED.);
#352 = CARTESIAN_POINT('',(-56.78000000081,52.833978539343,
    43.036747737222));
#353 = CARTESIAN_POINT('',(-57.70895006004,52.833978539343,
    43.036747737222));
#354 = CARTESIAN_POINT('',(-58.63789973698,52.833978539343,
    42.928749612912));
#355 = CARTESIAN_POINT('',(-59.55014519388,52.833978539343,
    42.712728643512));
#356 = CARTESIAN_POINT('',(-61.06112095485,52.833978539343,
    42.162380376742));
#357 = CARTESIAN_POINT('',(-62.42889760437,52.833978539343,
    41.326628525842));
#358 = CARTESIAN_POINT('',(-62.97058140483,52.833978539343,
    40.929741165232));
#359 = CARTESIAN_POINT('',(-63.47651225076,52.833978539343,
    40.489419161852));
#360 = CARTESIAN_POINT('',(-63.94235190525,52.833978539343,
    40.010131162022));
#361 = ORIENTED_EDGE('',*,*,#84,.F.);
#362 = ORIENTED_EDGE('',*,*,#363,.F.);
#363 = EDGE_CURVE('',#364,#68,#366,.T.);
#364 = VERTEX_POINT('',#365);
#365 = CARTESIAN_POINT('',(-46.99428878501,52.833978539343,
    31.048747737362));
#366 = B_SPLINE_CURVE_WITH_KNOTS('',5,(#367,#368,#369,#370,#371,#372),
  .UNSPECIFIED.,.F.,.F.,(6,6),(0.,2.85007257895),
  .PIECEWISE_BEZIER_KNOTS.);
#367 = CARTESIAN_POINT('',(-46.994288785,52.833978539343,31.048747737332
    ));
#368 = CARTESIAN_POINT('',(-46.91364793852,52.833978539343,
    31.443311755482));
#369 = CARTESIAN_POINT('',(-46.85296097051,52.833978539343,
    31.841951038052));
#370 = CARTESIAN_POINT('',(-46.812365782,52.833978539343,32.24330980531)
  );
#371 = CARTESIAN_POINT('',(-46.79200000092,52.833978539343,
    32.646027349808));
#372 = CARTESIAN_POINT('',(-46.79200000092,52.833978539343,
    33.048747737333));
#373 = ORIENTED_EDGE('',*,*,#374,.F.);
#374 = EDGE_CURVE('',#375,#364,#377,.T.);
#375 = VERTEX_POINT('',#376);
#376 = CARTESIAN_POINT('',(-41.5657112158,52.833978539143,
    31.048747737352));
#377 = LINE('',#378,#379);
#378 = CARTESIAN_POINT('',(-44.2800000008,52.833978539343,
    31.048747737332));
#379 = VECTOR('',#380,1.);
#380 = DIRECTION('',(-1.,-2.22044604925E-16,-4.0060307387E-13));
#381 = ORIENTED_EDGE('',*,*,#382,.F.);
#382 = EDGE_CURVE('',#383,#375,#385,.T.);
#383 = VERTEX_POINT('',#384);
#384 = CARTESIAN_POINT('',(-41.768,52.833978539143,33.048747737362));
#385 = B_SPLINE_CURVE_WITH_KNOTS('',5,(#386,#387,#388,#389,#390,#391),
  .UNSPECIFIED.,.F.,.F.,(6,6),(0.,2.85007245423),
  .PIECEWISE_BEZIER_KNOTS.);
#386 = CARTESIAN_POINT('',(-41.7680000007,52.833978539343,
    33.048747737335));
#387 = CARTESIAN_POINT('',(-41.7680000007,52.833978539343,
    32.646027367405));
#388 = CARTESIAN_POINT('',(-41.7476342214,52.833978539343,
    32.243309840533));
#389 = CARTESIAN_POINT('',(-41.7070390259,52.833978539343,
    31.841951003132));
#390 = CARTESIAN_POINT('',(-41.6463520596,52.833978539343,
    31.443311738212));
#391 = CARTESIAN_POINT('',(-41.5657112166,52.833978539343,
    31.048747737332));
#392 = ORIENTED_EDGE('',*,*,#393,.F.);
#393 = EDGE_CURVE('',#394,#383,#396,.T.);
#394 = VERTEX_POINT('',#395);
#395 = CARTESIAN_POINT('',(-31.78,52.833978539143,43.036747737362));
#396 = B_SPLINE_CURVE_WITH_KNOTS('',5,(#397,#398,#399,#400,#401,#402,
    #403,#404,#405,#406,#407,#408,#409,#410,#411),.UNSPECIFIED.,.F.,.F.,
  (6,3,3,3,6),(0.,6.74424853796,13.4927484026,20.2367965142,
    22.7877058376),.UNSPECIFIED.);
#397 = CARTESIAN_POINT('',(-31.7800000008,52.833978539343,
    43.036747737232));
#398 = CARTESIAN_POINT('',(-32.7086008795,52.833978539343,
    43.036747737232));
#399 = CARTESIAN_POINT('',(-33.6373362605,52.833978539343,
    42.929141353182));
#400 = CARTESIAN_POINT('',(-34.5492852228,52.833978539343,
    42.713354976562));
#401 = CARTESIAN_POINT('',(-36.3066206843,52.833978539343,
    42.073319780702));
#402 = CARTESIAN_POINT('',(-37.8701434978,52.833978539343,
    41.047019525872));
#403 = CARTESIAN_POINT('',(-38.5888265819,52.833978539343,
    40.444645052002));
#404 = CARTESIAN_POINT('',(-39.8726841818,52.833978539343,
    39.084657847632));
#405 = CARTESIAN_POINT('',(-40.8105769568,52.833978539343,
    37.466639164852));
#406 = CARTESIAN_POINT('',(-41.1828901104,52.833978539343,
    36.606701454942));
#407 = CARTESIAN_POINT('',(-41.5532666258,52.833978539343,
    35.372641610562));
#408 = CARTESIAN_POINT('',(-41.7216742642,52.833978539343,
    34.102644597972));
#409 = CARTESIAN_POINT('',(-41.7526056652,52.833978539343,
    33.751225266935));
#410 = CARTESIAN_POINT('',(-41.7680000007,52.833978539343,
    33.399976881086));
#411 = CARTESIAN_POINT('',(-41.7680000007,52.833978539343,
    33.048747737335));
#412 = ORIENTED_EDGE('',*,*,#413,.F.);
#413 = EDGE_CURVE('',#414,#394,#416,.T.);
#414 = VERTEX_POINT('',#415);
#415 = CARTESIAN_POINT('',(-21.792,52.833978539143,33.048747737362));
#416 = B_SPLINE_CURVE_WITH_KNOTS('',5,(#417,#418,#419,#420,#421,#422,
    #423,#424,#425,#426,#427,#428,#429,#430,#431),.UNSPECIFIED.,.F.,.F.,
  (6,3,3,3,6),(0.,6.74424853984,13.4927484186,20.2367965254,
    22.7877058499),.UNSPECIFIED.);
#417 = CARTESIAN_POINT('',(-21.7920000009,52.833978539343,
    33.048747737343));
#418 = CARTESIAN_POINT('',(-21.7920000009,52.833978539343,
    33.977348616323));
#419 = CARTESIAN_POINT('',(-21.899606385,52.833978539343,34.906083997542
    ));
#420 = CARTESIAN_POINT('',(-22.1153927596,52.833978539343,
    35.818032958852));
#421 = CARTESIAN_POINT('',(-22.7554279561,52.833978539343,
    37.575368422452));
#422 = CARTESIAN_POINT('',(-23.7817282126,52.833978539343,
    39.138891237622));
#423 = CARTESIAN_POINT('',(-24.3841026833,52.833978539343,
    39.857574315742));
#424 = CARTESIAN_POINT('',(-25.7440898883,52.833978539343,
    41.141431916892));
#425 = CARTESIAN_POINT('',(-27.3621085721,52.833978539343,
    42.079324692612));
#426 = CARTESIAN_POINT('',(-28.2220462826,52.833978539343,
    42.451637849192));
#427 = CARTESIAN_POINT('',(-29.4561061265,52.833978539343,
    42.822014364302));
#428 = CARTESIAN_POINT('',(-30.7261031386,52.833978539343,
    42.990422002612));
#429 = CARTESIAN_POINT('',(-31.0775224709,52.833978539343,
    43.021353401722));
#430 = CARTESIAN_POINT('',(-31.4287708569,52.833978539343,
    43.036747737232));
#431 = CARTESIAN_POINT('',(-31.7800000008,52.833978539343,
    43.036747737232));
#432 = ORIENTED_EDGE('',*,*,#433,.F.);
#433 = EDGE_CURVE('',#434,#414,#436,.T.);
#434 = VERTEX_POINT('',#435);
#435 = CARTESIAN_POINT('',(-21.9942887842,52.833978539143,
    31.048747737362));
#436 = B_SPLINE_CURVE_WITH_KNOTS('',5,(#437,#438,#439,#440,#441,#442),
  .UNSPECIFIED.,.F.,.F.,(6,6),(0.,2.85007257718),
  .PIECEWISE_BEZIER_KNOTS.);
#437 = CARTESIAN_POINT('',(-21.994288785,52.833978539343,31.048747737342
    ));
#438 = CARTESIAN_POINT('',(-21.9136479385,52.833978539343,
    31.443311755242));
#439 = CARTESIAN_POINT('',(-21.8529609705,52.833978539343,
    31.841951037552));
#440 = CARTESIAN_POINT('',(-21.812365782,52.833978539343,32.243309805824
    ));
#441 = CARTESIAN_POINT('',(-21.7920000009,52.833978539343,32.64602735007
    ));
#442 = CARTESIAN_POINT('',(-21.7920000009,52.833978539343,
    33.048747737343));
#443 = ORIENTED_EDGE('',*,*,#444,.F.);
#444 = EDGE_CURVE('',#294,#434,#445,.T.);
#445 = LINE('',#446,#447);
#446 = CARTESIAN_POINT('',(-21.4471443925,52.833978539343,
    31.048747737342));
#447 = VECTOR('',#448,1.);
#448 = DIRECTION('',(-1.,-2.22044604925E-16,-4.00548791257E-13));
#449 = PLANE('',#450);
#450 = AXIS2_PLACEMENT_3D('',#451,#452,#453);
#451 = CARTESIAN_POINT('',(-17.9,52.833978539343,64.082763392862));
#452 = DIRECTION('',(-2.22044604925E-16,1.,-1.110223024626E-16));
#453 = DIRECTION('',(4.00617039642E-13,-1.110223024625E-16,-1.));
#454 = ADVANCED_FACE('',(#455),#477,.F.);
#455 = FACE_BOUND('',#456,.F.);
#456 = EDGE_LOOP('',(#457,#465,#474,#475,#476));
#457 = ORIENTED_EDGE('',*,*,#458,.T.);
#458 = EDGE_CURVE('',#102,#459,#461,.T.);
#459 = VERTEX_POINT('',#460);
#460 = CARTESIAN_POINT('',(-66.768,54.464950186943,33.048747737362));
#461 = LINE('',#462,#463);
#462 = CARTESIAN_POINT('',(-66.768,37.050978538943,33.048747737358));
#463 = VECTOR('',#464,1.);
#464 = DIRECTION('',(2.22044604925E-16,-1.,1.110223024626E-16));
#465 = ORIENTED_EDGE('',*,*,#466,.F.);
#466 = EDGE_CURVE('',#343,#459,#467,.T.);
#467 = B_SPLINE_CURVE_WITH_KNOTS('',5,(#468,#469,#470,#471,#472,#473),
  .UNSPECIFIED.,.F.,.F.,(6,6),(0.,11.2869594235),
  .PIECEWISE_BEZIER_KNOTS.);
#468 = CARTESIAN_POINT('',(-63.942351906,52.833978539143,40.010131161262
    ));
#469 = CARTESIAN_POINT('',(-64.96638245826,53.425202854243,
    38.956537826272));
#470 = CARTESIAN_POINT('',(-65.82437568599,53.920433638343,
    37.686938583902));
#471 = CARTESIAN_POINT('',(-66.45450975408,54.284763662743,
    36.217832479582));
#472 = CARTESIAN_POINT('',(-66.768,54.464904015643,34.632419558802));
#473 = CARTESIAN_POINT('',(-66.768,54.464950186943,33.048747737362));
#474 = ORIENTED_EDGE('',*,*,#350,.F.);
#475 = ORIENTED_EDGE('',*,*,#76,.F.);
#476 = ORIENTED_EDGE('',*,*,#110,.T.);
#477 = CYLINDRICAL_SURFACE('',#478,9.988);
#478 = AXIS2_PLACEMENT_3D('',#479,#480,#481);
#479 = CARTESIAN_POINT('',(-56.78,37.050978539343,33.048747737362));
#480 = DIRECTION('',(2.22044604925E-16,-1.,1.110223024626E-16));
#481 = DIRECTION('',(1.,2.22044604925E-16,4.00617039642E-13));
#482 = ADVANCED_FACE('',(#483),#520,.F.);
#483 = FACE_BOUND('',#484,.F.);
#484 = EDGE_LOOP('',(#485,#486,#487,#504,#513,#519));
#485 = ORIENTED_EDGE('',*,*,#67,.T.);
#486 = ORIENTED_EDGE('',*,*,#363,.F.);
#487 = ORIENTED_EDGE('',*,*,#488,.T.);
#488 = EDGE_CURVE('',#364,#489,#491,.T.);
#489 = VERTEX_POINT('',#490);
#490 = CARTESIAN_POINT('',(-54.17816027961,47.196619875043,
    23.405585700692));
#491 = B_SPLINE_CURVE_WITH_KNOTS('',5,(#492,#493,#494,#495,#496,#497,
    #498,#499,#500,#501,#502,#503),.UNSPECIFIED.,.F.,.F.,(6,3,3,6),(0.,
    5.56283897416,11.135967631,17.9217592007),.UNSPECIFIED.);
#492 = CARTESIAN_POINT('',(-46.99428878418,52.833978539143,
    31.048747737192));
#493 = CARTESIAN_POINT('',(-47.15153386312,52.833978539143,
    30.279370270982));
#494 = CARTESIAN_POINT('',(-47.38439183129,52.741487845943,
    29.525447168372));
#495 = CARTESIAN_POINT('',(-47.68849448513,52.563655850043,
    28.810177274632));
#496 = CARTESIAN_POINT('',(-48.4043469991,52.076761617843,
    27.486488988362));
#497 = CARTESIAN_POINT('',(-49.29428111188,51.378550152043,
    26.380690110132));
#498 = CARTESIAN_POINT('',(-49.77276997178,50.989129920843,
    25.883639258082));
#499 = CARTESIAN_POINT('',(-50.88625667046,50.060859530643,
    24.903554587472));
#500 = CARTESIAN_POINT('',(-52.09392606606,49.018588340243,
    24.178798332772));
#501 = CARTESIAN_POINT('',(-52.77583873054,48.424767387543,
    23.853510117072));
#502 = CARTESIAN_POINT('',(-53.47089912787,47.813948120543,
    23.596413164582));
#503 = CARTESIAN_POINT('',(-54.17816027956,47.196619875543,
    23.405585700502));
#504 = ORIENTED_EDGE('',*,*,#505,.F.);
#505 = EDGE_CURVE('',#506,#489,#508,.T.);
#506 = VERTEX_POINT('',#507);
#507 = CARTESIAN_POINT('',(-56.78,48.698792738643,23.060747737362));
#508 = B_SPLINE_CURVE_WITH_KNOTS('',3,(#509,#510,#511,#512),
  .UNSPECIFIED.,.F.,.F.,(4,4),(0.,4.29075729482),
  .PIECEWISE_BEZIER_KNOTS.);
#509 = CARTESIAN_POINT('',(-56.78,48.698792738643,23.060747737362));
#510 = CARTESIAN_POINT('',(-55.90511707212,48.193678844843,
    23.060747737362));
#511 = CARTESIAN_POINT('',(-55.0300932957,47.688483632243,
    23.175724048002));
#512 = CARTESIAN_POINT('',(-54.1781602789,47.196619875543,
    23.405585700682));
#513 = ORIENTED_EDGE('',*,*,#514,.F.);
#514 = EDGE_CURVE('',#267,#506,#515,.T.);
#515 = LINE('',#516,#517);
#516 = CARTESIAN_POINT('',(-56.78,37.050978538943,23.060747737362));
#517 = VECTOR('',#518,1.);
#518 = DIRECTION('',(2.22044604925E-16,-1.,1.110223024625E-16));
#519 = ORIENTED_EDGE('',*,*,#266,.T.);
#520 = CYLINDRICAL_SURFACE('',#521,9.988);
#521 = AXIS2_PLACEMENT_3D('',#522,#523,#524);
#522 = CARTESIAN_POINT('',(-56.78,37.050978539343,33.048747737362));
#523 = DIRECTION('',(2.22044604925E-16,-1.,1.110223024626E-16));
#524 = DIRECTION('',(-1.,-2.22044604925E-16,-4.00494574962E-13));
#525 = ADVANCED_FACE('',(#526),#538,.F.);
#526 = FACE_BOUND('',#527,.F.);
#527 = EDGE_LOOP('',(#528,#529,#530,#531));
#528 = ORIENTED_EDGE('',*,*,#99,.F.);
#529 = ORIENTED_EDGE('',*,*,#136,.T.);
#530 = ORIENTED_EDGE('',*,*,#275,.T.);
#531 = ORIENTED_EDGE('',*,*,#532,.F.);
#532 = EDGE_CURVE('',#102,#267,#533,.T.);
#533 = CIRCLE('',#534,9.988);
#534 = AXIS2_PLACEMENT_3D('',#535,#536,#537);
#535 = CARTESIAN_POINT('',(-56.78,63.350978539343,33.048747737362));
#536 = DIRECTION('',(2.22044604925E-16,-1.,1.110223024626E-16));
#537 = DIRECTION('',(1.089382751298E-44,-1.110223024626E-16,-1.));
#538 = TOROIDAL_SURFACE('',#539,9.8,0.188);
#539 = AXIS2_PLACEMENT_3D('',#540,#541,#542);
#540 = CARTESIAN_POINT('',(-56.78,63.350978539343,33.048747737362));
#541 = DIRECTION('',(2.22044604925E-16,-1.,1.110223024626E-16));
#542 = DIRECTION('',(-1.,-2.22044604925E-16,-4.00290149203E-13));
#543 = ADVANCED_FACE('',(#544),#570,.F.);
#544 = FACE_BOUND('',#545,.F.);
#545 = EDGE_LOOP('',(#546,#554,#563,#569));
#546 = ORIENTED_EDGE('',*,*,#547,.F.);
#547 = EDGE_CURVE('',#548,#178,#550,.T.);
#548 = VERTEX_POINT('',#549);
#549 = CARTESIAN_POINT('',(-50.292,69.550978539701,33.048747737362));
#550 = LINE('',#551,#552);
#551 = CARTESIAN_POINT('',(-50.292,62.866978538613,33.048747737365));
#552 = VECTOR('',#553,1.);
#553 = DIRECTION('',(2.22044604925E-16,-1.,1.110223024626E-16));
#554 = ORIENTED_EDGE('',*,*,#555,.T.);
#555 = EDGE_CURVE('',#548,#556,#558,.T.);
#556 = VERTEX_POINT('',#557);
#557 = CARTESIAN_POINT('',(-56.78,69.550978539701,39.536747737362));
#558 = CIRCLE('',#559,6.488);
#559 = AXIS2_PLACEMENT_3D('',#560,#561,#562);
#560 = CARTESIAN_POINT('',(-56.78,69.550978539701,33.048747737362));
#561 = DIRECTION('',(2.22044604925E-16,-1.,1.110223024626E-16));
#562 = DIRECTION('',(1.089382751298E-44,-1.110223024626E-16,-1.));
#563 = ORIENTED_EDGE('',*,*,#564,.T.);
#564 = EDGE_CURVE('',#556,#180,#565,.T.);
#565 = LINE('',#566,#567);
#566 = CARTESIAN_POINT('',(-56.78,62.866978538613,39.536747737362));
#567 = VECTOR('',#568,1.);
#568 = DIRECTION('',(2.22044604925E-16,-1.,1.110223024625E-16));
#569 = ORIENTED_EDGE('',*,*,#177,.F.);
#570 = CYLINDRICAL_SURFACE('',#571,6.488);
#571 = AXIS2_PLACEMENT_3D('',#572,#573,#574);
#572 = CARTESIAN_POINT('',(-56.78,62.866978539343,33.048747737362));
#573 = DIRECTION('',(2.22044604925E-16,-1.,1.110223024626E-16));
#574 = DIRECTION('',(1.,2.22044604925E-16,3.99039842652E-13));
#575 = ADVANCED_FACE('',(#576),#595,.F.);
#576 = FACE_BOUND('',#577,.F.);
#577 = EDGE_LOOP('',(#578,#579,#580,#588));
#578 = ORIENTED_EDGE('',*,*,#547,.T.);
#579 = ORIENTED_EDGE('',*,*,#199,.F.);
#580 = ORIENTED_EDGE('',*,*,#581,.F.);
#581 = EDGE_CURVE('',#582,#200,#584,.T.);
#582 = VERTEX_POINT('',#583);
#583 = CARTESIAN_POINT('',(-56.78,69.550978539701,26.560747737362));
#584 = LINE('',#585,#586);
#585 = CARTESIAN_POINT('',(-56.78,62.866978538613,26.560747737362));
#586 = VECTOR('',#587,1.);
#587 = DIRECTION('',(2.22044604925E-16,-1.,1.110223024625E-16));
#588 = ORIENTED_EDGE('',*,*,#589,.T.);
#589 = EDGE_CURVE('',#582,#548,#590,.T.);
#590 = CIRCLE('',#591,6.488);
#591 = AXIS2_PLACEMENT_3D('',#592,#593,#594);
#592 = CARTESIAN_POINT('',(-56.78,69.550978539701,33.048747737362));
#593 = DIRECTION('',(2.22044604925E-16,-1.,1.110223024626E-16));
#594 = DIRECTION('',(1.089382751298E-44,-1.110223024626E-16,-1.));
#595 = CYLINDRICAL_SURFACE('',#596,6.488);
#596 = AXIS2_PLACEMENT_3D('',#597,#598,#599);
#597 = CARTESIAN_POINT('',(-56.78,62.866978539343,33.048747737362));
#598 = DIRECTION('',(2.22044604925E-16,-1.,1.110223024626E-16));
#599 = DIRECTION('',(-1.,-2.22044604925E-16,-3.99162307332E-13));
#600 = ADVANCED_FACE('',(#601),#620,.F.);
#601 = FACE_BOUND('',#602,.F.);
#602 = EDGE_LOOP('',(#603,#611,#618,#619));
#603 = ORIENTED_EDGE('',*,*,#604,.F.);
#604 = EDGE_CURVE('',#605,#220,#607,.T.);
#605 = VERTEX_POINT('',#606);
#606 = CARTESIAN_POINT('',(-63.268,69.550978539701,33.048747737362));
#607 = LINE('',#608,#609);
#608 = CARTESIAN_POINT('',(-63.268,62.866978538613,33.048747737359));
#609 = VECTOR('',#610,1.);
#610 = DIRECTION('',(2.22044604925E-16,-1.,1.110223024626E-16));
#611 = ORIENTED_EDGE('',*,*,#612,.T.);
#612 = EDGE_CURVE('',#605,#582,#613,.T.);
#613 = CIRCLE('',#614,6.488);
#614 = AXIS2_PLACEMENT_3D('',#615,#616,#617);
#615 = CARTESIAN_POINT('',(-56.78,69.550978539701,33.048747737362));
#616 = DIRECTION('',(2.22044604925E-16,-1.,1.110223024626E-16));
#617 = DIRECTION('',(1.089382751298E-44,-1.110223024626E-16,-1.));
#618 = ORIENTED_EDGE('',*,*,#581,.T.);
#619 = ORIENTED_EDGE('',*,*,#219,.F.);
#620 = CYLINDRICAL_SURFACE('',#621,6.488);
#621 = AXIS2_PLACEMENT_3D('',#622,#623,#624);
#622 = CARTESIAN_POINT('',(-56.78,62.866978539343,33.048747737362));
#623 = DIRECTION('',(2.22044604925E-16,-1.,1.110223024626E-16));
#624 = DIRECTION('',(-1.,-2.22044604925E-16,-4.00494574962E-13));
#625 = ADVANCED_FACE('',(#626),#638,.F.);
#626 = FACE_BOUND('',#627,.F.);
#627 = EDGE_LOOP('',(#628,#629,#630,#631));
#628 = ORIENTED_EDGE('',*,*,#604,.T.);
#629 = ORIENTED_EDGE('',*,*,#239,.F.);
#630 = ORIENTED_EDGE('',*,*,#564,.F.);
#631 = ORIENTED_EDGE('',*,*,#632,.T.);
#632 = EDGE_CURVE('',#556,#605,#633,.T.);
#633 = CIRCLE('',#634,6.488);
#634 = AXIS2_PLACEMENT_3D('',#635,#636,#637);
#635 = CARTESIAN_POINT('',(-56.78,69.550978539701,33.048747737362));
#636 = DIRECTION('',(2.22044604925E-16,-1.,1.110223024626E-16));
#637 = DIRECTION('',(1.089382751298E-44,-1.110223024626E-16,-1.));
#638 = CYLINDRICAL_SURFACE('',#639,6.488);
#639 = AXIS2_PLACEMENT_3D('',#640,#641,#642);
#640 = CARTESIAN_POINT('',(-56.78,62.866978539343,33.048747737362));
#641 = DIRECTION('',(2.22044604925E-16,-1.,1.110223024626E-16));
#642 = DIRECTION('',(1.,2.22044604925E-16,4.00617039642E-13));
#643 = ADVANCED_FACE('',(#644),#681,.F.);
#644 = FACE_BOUND('',#645,.F.);
#645 = EDGE_LOOP('',(#646,#656,#663,#664,#673));
#646 = ORIENTED_EDGE('',*,*,#647,.T.);
#647 = EDGE_CURVE('',#648,#650,#652,.T.);
#648 = VERTEX_POINT('',#649);
#649 = CARTESIAN_POINT('',(-19.9,51.833978539343,48.101674570162));
#650 = VERTEX_POINT('',#651);
#651 = CARTESIAN_POINT('',(-19.9,51.833978539343,31.048747737362));
#652 = LINE('',#653,#654);
#653 = CARTESIAN_POINT('',(-19.9,51.833978539343,43.565755565162));
#654 = VECTOR('',#655,1.);
#655 = DIRECTION('',(4.00617039986E-13,-1.110223024624E-16,-1.));
#656 = ORIENTED_EDGE('',*,*,#657,.F.);
#657 = EDGE_CURVE('',#294,#650,#658,.T.);
#658 = CIRCLE('',#659,1.);
#659 = AXIS2_PLACEMENT_3D('',#660,#661,#662);
#660 = CARTESIAN_POINT('',(-20.9,51.833978539343,31.048747737362));
#661 = DIRECTION('',(4.00617039642E-13,-1.110223024625E-16,-1.));
#662 = DIRECTION('',(1.,2.22044604925E-16,4.00617039642E-13));
#663 = ORIENTED_EDGE('',*,*,#291,.F.);
#664 = ORIENTED_EDGE('',*,*,#665,.T.);
#665 = EDGE_CURVE('',#292,#666,#668,.T.);
#666 = VERTEX_POINT('',#667);
#667 = CARTESIAN_POINT('',(-20.2029268328,52.550978539343,
    47.798747737362));
#668 = CIRCLE('',#669,1.);
#669 = AXIS2_PLACEMENT_3D('',#670,#671,#672);
#670 = CARTESIAN_POINT('',(-20.9,51.833978539343,47.798747737362));
#671 = DIRECTION('',(4.00617039642E-13,-1.110223024625E-16,-1.));
#672 = DIRECTION('',(1.,2.22044604925E-16,4.00617039642E-13));
#673 = ORIENTED_EDGE('',*,*,#674,.F.);
#674 = EDGE_CURVE('',#648,#666,#675,.T.);
#675 = B_SPLINE_CURVE_WITH_KNOTS('',4,(#676,#677,#678,#679,#680),
  .UNSPECIFIED.,.F.,.F.,(5,5),(0.,1.26883572949),
  .PIECEWISE_BEZIER_KNOTS.);
#676 = CARTESIAN_POINT('',(-19.9,51.833978539343,48.101674570162));
#677 = CARTESIAN_POINT('',(-19.9,51.987334104843,47.943935116562));
#678 = CARTESIAN_POINT('',(-19.9295557342,52.191341510643,
    47.829611609862));
#679 = CARTESIAN_POINT('',(-20.0451873795,52.397622973843,
    47.798747737362));
#680 = CARTESIAN_POINT('',(-20.2029268331,52.550978539343,
    47.798747737362));
#681 = CYLINDRICAL_SURFACE('',#682,1.);
#682 = AXIS2_PLACEMENT_3D('',#683,#684,#685);
#683 = CARTESIAN_POINT('',(-20.9,51.833978539343,43.565755565162));
#684 = DIRECTION('',(4.00617039642E-13,-1.110223024625E-16,-1.));
#685 = DIRECTION('',(-4.05741624797E-16,1.,-1.110223024626E-16));
#686 = ADVANCED_FACE('',(#687),#785,.T.);
#687 = FACE_BOUND('',#688,.T.);
#688 = EDGE_LOOP('',(#689,#690,#691,#699,#707,#715,#724,#732,#746,#754,
    #762,#770));
#689 = ORIENTED_EDGE('',*,*,#301,.F.);
#690 = ORIENTED_EDGE('',*,*,#665,.T.);
#691 = ORIENTED_EDGE('',*,*,#692,.F.);
#692 = EDGE_CURVE('',#693,#666,#695,.T.);
#693 = VERTEX_POINT('',#694);
#694 = CARTESIAN_POINT('',(2.1,52.550978539343,47.798747737362));
#695 = LINE('',#696,#697);
#696 = CARTESIAN_POINT('',(-9.0514634164,52.550978539343,47.798747737362
    ));
#697 = VECTOR('',#698,1.);
#698 = DIRECTION('',(-1.,-2.22044604925E-16,-4.00623423516E-13));
#699 = ORIENTED_EDGE('',*,*,#700,.T.);
#700 = EDGE_CURVE('',#693,#701,#703,.T.);
#701 = VERTEX_POINT('',#702);
#702 = CARTESIAN_POINT('',(2.1,69.685147300194,47.798747737362));
#703 = LINE('',#704,#705);
#704 = CARTESIAN_POINT('',(2.1,61.118062919773,47.798747737362));
#705 = VECTOR('',#706,1.);
#706 = DIRECTION('',(-2.22044604925E-16,1.,-1.110223024625E-16));
#707 = ORIENTED_EDGE('',*,*,#708,.F.);
#708 = EDGE_CURVE('',#709,#701,#711,.T.);
#709 = VERTEX_POINT('',#710);
#710 = CARTESIAN_POINT('',(-38.6365264837,69.685147300194,
    47.798747737362));
#711 = LINE('',#712,#713);
#712 = CARTESIAN_POINT('',(-18.2682632418,69.685147300194,
    47.798747737362));
#713 = VECTOR('',#714,1.);
#714 = DIRECTION('',(1.,2.22044604925E-16,4.00608291679E-13));
#715 = ORIENTED_EDGE('',*,*,#716,.F.);
#716 = EDGE_CURVE('',#717,#709,#719,.T.);
#717 = VERTEX_POINT('',#718);
#718 = CARTESIAN_POINT('',(-39.0799999997,69.550978539343,
    47.798747737362));
#719 = CIRCLE('',#720,0.800000004163);
#720 = AXIS2_PLACEMENT_3D('',#721,#722,#723);
#721 = CARTESIAN_POINT('',(-39.0800000027,70.350978543506,
    47.798747737362));
#722 = DIRECTION('',(-4.00617039642E-13,1.110223024625E-16,1.));
#723 = DIRECTION('',(-1.,-2.22044604925E-16,-4.00617039642E-13));
#724 = ORIENTED_EDGE('',*,*,#725,.T.);
#725 = EDGE_CURVE('',#717,#726,#728,.T.);
#726 = VERTEX_POINT('',#727);
#727 = CARTESIAN_POINT('',(-49.48000000007,69.550978539343,
    47.798747737362));
#728 = LINE('',#729,#730);
#729 = CARTESIAN_POINT('',(-44.2799999999,69.550978539343,
    47.798747737362));
#730 = VECTOR('',#731,1.);
#731 = DIRECTION('',(-1.,-2.22044604925E-16,-4.00705110104E-13));
#732 = ORIENTED_EDGE('',*,*,#733,.T.);
#733 = EDGE_CURVE('',#726,#734,#736,.T.);
#734 = VERTEX_POINT('',#735);
#735 = CARTESIAN_POINT('',(-49.92347351797,69.685147299824,
    47.798747737362));
#736 = B_SPLINE_CURVE_WITH_KNOTS('',5,(#737,#738,#739,#740,#741,#742,
    #743,#744,#745),.UNSPECIFIED.,.F.,.F.,(6,3,6),(0.,0.53180474199,
    0.664718880071),.UNSPECIFIED.);
#737 = CARTESIAN_POINT('',(-49.48000000007,69.550978539343,
    47.798747737362));
#738 = CARTESIAN_POINT('',(-49.55520854794,69.550978539343,
    47.798747737362));
#739 = CARTESIAN_POINT('',(-49.63041670522,69.559816548194,
    47.798747737362));
#740 = CARTESIAN_POINT('',(-49.70424353461,69.577494503578,
    47.798747737362));
#741 = CARTESIAN_POINT('',(-49.79305734521,69.610224558935,
    47.798747737362));
#742 = CARTESIAN_POINT('',(-49.87561651651,69.655264618345,
    47.798747737362));
#743 = CARTESIAN_POINT('',(-49.89187855921,69.664766950782,
    47.798747737362));
#744 = CARTESIAN_POINT('',(-49.90782906588,69.674727392278,
    47.798747737362));
#745 = CARTESIAN_POINT('',(-49.92347351797,69.685147300194,
    47.798747737362));
#746 = ORIENTED_EDGE('',*,*,#747,.F.);
#747 = EDGE_CURVE('',#748,#734,#750,.T.);
#748 = VERTEX_POINT('',#749);
#749 = CARTESIAN_POINT('',(-62.9,69.685147299827,47.798747737362));
#750 = LINE('',#751,#752);
#751 = CARTESIAN_POINT('',(-56.41173675898,69.685147300194,
    47.798747737362));
#752 = VECTOR('',#753,1.);
#753 = DIRECTION('',(1.,2.22044604925E-16,4.00540169149E-13));
#754 = ORIENTED_EDGE('',*,*,#755,.T.);
#755 = EDGE_CURVE('',#748,#756,#758,.T.);
#756 = VERTEX_POINT('',#757);
#757 = CARTESIAN_POINT('',(-62.9,53.833978539143,47.798747737362));
#758 = LINE('',#759,#760);
#759 = CARTESIAN_POINT('',(-62.9,61.759562919683,47.798747737362));
#760 = VECTOR('',#761,1.);
#761 = DIRECTION('',(2.22044604925E-16,-1.,1.110223024625E-16));
#762 = ORIENTED_EDGE('',*,*,#763,.F.);
#763 = EDGE_CURVE('',#764,#756,#766,.T.);
#764 = VERTEX_POINT('',#765);
#765 = CARTESIAN_POINT('',(-21.7000000007,53.833978539143,
    47.798747737362));
#766 = LINE('',#767,#768);
#767 = CARTESIAN_POINT('',(-42.3000000004,53.833978539143,
    47.798747737362));
#768 = VECTOR('',#769,1.);
#769 = DIRECTION('',(-1.,-2.22044604925E-16,-4.00585713475E-13));
#770 = ORIENTED_EDGE('',*,*,#771,.T.);
#771 = EDGE_CURVE('',#764,#302,#772,.T.);
#772 = B_SPLINE_CURVE_WITH_KNOTS('',5,(#773,#774,#775,#776,#777,#778,
    #779,#780,#781,#782,#783,#784),.UNSPECIFIED.,.F.,.F.,(6,3,3,6),(0.,
    0.532742405133,1.16645520864,1.9798509493),.UNSPECIFIED.);
#773 = CARTESIAN_POINT('',(-21.7000000007,53.833978539143,
    47.798747737362));
#774 = CARTESIAN_POINT('',(-21.6248705214,53.833978539143,
    47.798747737362));
#775 = CARTESIAN_POINT('',(-21.5497423819,53.821506090143,
    47.798747737362));
#776 = CARTESIAN_POINT('',(-21.4776931055,53.796754688043,
    47.798747737362));
#777 = CARTESIAN_POINT('',(-21.3304278145,53.720457928543,
    47.798747737362));
#778 = CARTESIAN_POINT('',(-21.2092773624,53.606189086743,
    47.798747737362));
#779 = CARTESIAN_POINT('',(-21.1517463515,53.536173318243,
    47.798747737362));
#780 = CARTESIAN_POINT('',(-21.0390266874,53.364965482043,
    47.798747737362));
#781 = CARTESIAN_POINT('',(-20.9650209087,53.173132694343,
    47.798747737362));
#782 = CARTESIAN_POINT('',(-20.9346633065,53.061754867643,
    47.798747737362));
#783 = CARTESIAN_POINT('',(-20.9148628601,52.948310222243,
    47.798747737362));
#784 = CARTESIAN_POINT('',(-20.9054115262,52.833978568943,
    47.798747737362));
#785 = PLANE('',#786);
#786 = AXIS2_PLACEMENT_3D('',#787,#788,#789);
#787 = CARTESIAN_POINT('',(10.1,69.550978539343,47.798747737362));
#788 = DIRECTION('',(-4.00617039642E-13,1.110223024625E-16,1.));
#789 = DIRECTION('',(-1.,-2.22044604925E-16,-4.00617039642E-13));
#790 = ADVANCED_FACE('',(#791),#801,.F.);
#791 = FACE_BOUND('',#792,.F.);
#792 = EDGE_LOOP('',(#793,#799,#800));
#793 = ORIENTED_EDGE('',*,*,#794,.T.);
#794 = EDGE_CURVE('',#310,#764,#795,.T.);
#795 = LINE('',#796,#797);
#796 = CARTESIAN_POINT('',(-21.7,52.827505746343,46.792274943962));
#797 = VECTOR('',#798,1.);
#798 = DIRECTION('',(-2.834360343713E-13,0.707106781187,0.707106781187)
  );
#799 = ORIENTED_EDGE('',*,*,#771,.T.);
#800 = ORIENTED_EDGE('',*,*,#309,.F.);
#801 = CYLINDRICAL_SURFACE('',#802,0.8);
#802 = AXIS2_PLACEMENT_3D('',#803,#804,#805);
#803 = CARTESIAN_POINT('',(-21.7,52.261820321043,47.357960368962));
#804 = DIRECTION('',(-2.834360346353E-13,0.707106781187,0.707106781187)
  );
#805 = DIRECTION('',(1.,2.220446046797E-16,4.006170396418E-13));
#806 = ADVANCED_FACE('',(#807),#818,.F.);
#807 = FACE_BOUND('',#808,.T.);
#808 = EDGE_LOOP('',(#809,#810,#816,#817));
#809 = ORIENTED_EDGE('',*,*,#763,.T.);
#810 = ORIENTED_EDGE('',*,*,#811,.F.);
#811 = EDGE_CURVE('',#327,#756,#812,.T.);
#812 = LINE('',#813,#814);
#813 = CARTESIAN_POINT('',(-63.4,53.333978539243,47.298747737262));
#814 = VECTOR('',#815,1.);
#815 = DIRECTION('',(0.577350269186,0.577350269191,0.577350269191));
#816 = ORIENTED_EDGE('',*,*,#326,.F.);
#817 = ORIENTED_EDGE('',*,*,#794,.T.);
#818 = PLANE('',#819);
#819 = AXIS2_PLACEMENT_3D('',#820,#821,#822);
#820 = CARTESIAN_POINT('',(-62.9,43.415775971243,37.380545169262));
#821 = DIRECTION('',(2.831220161426E-13,0.707106781187,-0.707106781187)
  );
#822 = DIRECTION('',(-2.834360346343E-13,0.707106781187,0.707106781187)
  );
#823 = ADVANCED_FACE('',(#824),#985,.F.);
#824 = FACE_BOUND('',#825,.T.);
#825 = EDGE_LOOP('',(#826,#836,#844,#861,#869,#877,#883,#884,#885,#886,
    #897,#905,#913,#921,#938,#946,#954,#962,#979));
#826 = ORIENTED_EDGE('',*,*,#827,.F.);
#827 = EDGE_CURVE('',#828,#830,#832,.T.);
#828 = VERTEX_POINT('',#829);
#829 = CARTESIAN_POINT('',(-69.2937895503,70.733978539403,
    41.404958186582));
#830 = VERTEX_POINT('',#831);
#831 = CARTESIAN_POINT('',(-68.5062104497,70.733978539343,
    42.192537287632));
#832 = LINE('',#833,#834);
#833 = CARTESIAN_POINT('',(-68.8999999994,70.733978539533,
    41.798747738032));
#834 = VECTOR('',#835,1.);
#835 = DIRECTION('',(0.707106781186,2.355138688026E-16,0.707106781187));
#836 = ORIENTED_EDGE('',*,*,#837,.T.);
#837 = EDGE_CURVE('',#828,#838,#840,.T.);
#838 = VERTEX_POINT('',#839);
#839 = CARTESIAN_POINT('',(-69.8901923798,69.700978540133,
    40.808555358932));
#840 = LINE('',#841,#842);
#841 = CARTESIAN_POINT('',(-69.5919909648,70.217478539626,
    41.106756772592));
#842 = VECTOR('',#843,1.);
#843 = DIRECTION('',(-0.44721359628,-0.77459666834,-0.447213596281));
#844 = ORIENTED_EDGE('',*,*,#845,.T.);
#845 = EDGE_CURVE('',#838,#846,#848,.T.);
#846 = VERTEX_POINT('',#847);
#847 = CARTESIAN_POINT('',(-70.4098076202,69.700978539379,
    40.288940116192));
#848 = B_SPLINE_CURVE_WITH_KNOTS('',5,(#849,#850,#851,#852,#853,#854,
    #855,#856,#857,#858,#859,#860),.UNSPECIFIED.,.F.,.F.,(6,3,3,6),(0.,
    0.427731708906,0.905098784473,1.19241800932),.UNSPECIFIED.);
#849 = CARTESIAN_POINT('',(-69.8901923796,69.700978539716,
    40.808555357742));
#850 = CARTESIAN_POINT('',(-69.9164228679,69.655546001394,
    40.782324869512));
#851 = CARTESIAN_POINT('',(-69.9506783631,69.61973182656,40.748069374282
    ));
#852 = CARTESIAN_POINT('',(-69.9886985559,69.592751214462,
    40.710049181492));
#853 = CARTESIAN_POINT('',(-70.0726882626,69.552379844449,
    40.626059474762));
#854 = CARTESIAN_POINT('',(-70.1611638525,69.545538659029,
    40.537583884922));
#855 = CARTESIAN_POINT('',(-70.2075942692,69.550874420034,
    40.491153468152));
#856 = CARTESIAN_POINT('',(-70.2810720423,69.573863228109,
    40.417675695062));
#857 = CARTESIAN_POINT('',(-70.347417504,69.622259710418,40.351330233382
    ));
#858 = CARTESIAN_POINT('',(-70.3709552884,69.644285284739,
    40.327792448982));
#859 = CARTESIAN_POINT('',(-70.3921878763,69.670460246537,
    40.306559861092));
#860 = CARTESIAN_POINT('',(-70.4098076211,69.700978539716,
    40.288940116312));
#861 = ORIENTED_EDGE('',*,*,#862,.T.);
#862 = EDGE_CURVE('',#846,#863,#865,.T.);
#863 = VERTEX_POINT('',#864);
#864 = CARTESIAN_POINT('',(-70.9,70.550016645031,39.798747737372));
#865 = LINE('',#866,#867);
#866 = CARTESIAN_POINT('',(-70.6549038105,70.125497592445,
    40.043843926832));
#867 = VECTOR('',#868,1.);
#868 = DIRECTION('',(-0.447213595623,0.774596669099,-0.447213595624));
#869 = ORIENTED_EDGE('',*,*,#870,.F.);
#870 = EDGE_CURVE('',#871,#863,#873,.T.);
#871 = VERTEX_POINT('',#872);
#872 = CARTESIAN_POINT('',(-70.9,56.850978539343,39.798747737342));
#873 = LINE('',#874,#875);
#874 = CARTESIAN_POINT('',(-70.9,63.700497592633,39.798747737352));
#875 = VECTOR('',#876,1.);
#876 = DIRECTION('',(-2.22044604925E-16,1.,-1.110223024625E-16));
#877 = ORIENTED_EDGE('',*,*,#878,.F.);
#878 = EDGE_CURVE('',#335,#871,#879,.T.);
#879 = LINE('',#880,#881);
#880 = CARTESIAN_POINT('',(-67.421175953,54.842478539643,43.277571784362
    ));
#881 = VECTOR('',#882,1.);
#882 = DIRECTION('',(-0.654653670685,0.377964473086,-0.654653670686));
#883 = ORIENTED_EDGE('',*,*,#334,.T.);
#884 = ORIENTED_EDGE('',*,*,#811,.T.);
#885 = ORIENTED_EDGE('',*,*,#755,.F.);
#886 = ORIENTED_EDGE('',*,*,#887,.F.);
#887 = EDGE_CURVE('',#888,#748,#890,.T.);
#888 = VERTEX_POINT('',#889);
#889 = CARTESIAN_POINT('',(-62.9098076202,69.700978539343,
    47.788940116162));
#890 = B_SPLINE_CURVE_WITH_KNOTS('',5,(#891,#892,#893,#894,#895,#896),
  .UNSPECIFIED.,.F.,.F.,(6,6),(0.,2.97718502536E-02),
  .PIECEWISE_BEZIER_KNOTS.);
#891 = CARTESIAN_POINT('',(-62.90980762035,69.700978539716,
    47.788940117062));
#892 = CARTESIAN_POINT('',(-62.90792496525,69.697717685399,
    47.790822772162));
#893 = CARTESIAN_POINT('',(-62.90600124887,69.694503892119,
    47.792746488562));
#894 = CARTESIAN_POINT('',(-62.9040372254,69.69133602388,47.794710511962
    ));
#895 = CARTESIAN_POINT('',(-62.90203658798,69.68821757215,
    47.796711149362));
#896 = CARTESIAN_POINT('',(-62.89999999997,69.685147300194,
    47.798747737462));
#897 = ORIENTED_EDGE('',*,*,#898,.T.);
#898 = EDGE_CURVE('',#888,#899,#901,.T.);
#899 = VERTEX_POINT('',#900);
#900 = CARTESIAN_POINT('',(-63.50621044971,70.733978539343,
    47.192537287662));
#901 = LINE('',#902,#903);
#902 = CARTESIAN_POINT('',(-63.20800903454,70.217478539626,
    47.490738702862));
#903 = VECTOR('',#904,1.);
#904 = DIRECTION('',(-0.447213595688,0.774596669024,-0.447213595688));
#905 = ORIENTED_EDGE('',*,*,#906,.F.);
#906 = EDGE_CURVE('',#907,#899,#909,.T.);
#907 = VERTEX_POINT('',#908);
#908 = CARTESIAN_POINT('',(-64.29378955029,70.733978539403,
    46.404958186562));
#909 = LINE('',#910,#911);
#910 = CARTESIAN_POINT('',(-63.89999999932,70.733978539533,
    46.798747738062));
#911 = VECTOR('',#912,1.);
#912 = DIRECTION('',(0.707106781186,2.355138688026E-16,0.707106781187));
#913 = ORIENTED_EDGE('',*,*,#914,.T.);
#914 = EDGE_CURVE('',#907,#915,#917,.T.);
#915 = VERTEX_POINT('',#916);
#916 = CARTESIAN_POINT('',(-64.8901923798,69.700978539343,
    45.808555358462));
#917 = LINE('',#918,#919);
#918 = CARTESIAN_POINT('',(-64.59199096475,70.217478539626,
    46.106756772662));
#919 = VECTOR('',#920,1.);
#920 = DIRECTION('',(-0.44721359628,-0.77459666834,-0.447213596281));
#921 = ORIENTED_EDGE('',*,*,#922,.T.);
#922 = EDGE_CURVE('',#915,#923,#925,.T.);
#923 = VERTEX_POINT('',#924);
#924 = CARTESIAN_POINT('',(-65.4098076202,69.700978539343,
    45.288940116162));
#925 = B_SPLINE_CURVE_WITH_KNOTS('',5,(#926,#927,#928,#929,#930,#931,
    #932,#933,#934,#935,#936,#937),.UNSPECIFIED.,.F.,.F.,(6,3,3,6),(0.,
    0.427731708174,0.90509878367,1.19241800926),.UNSPECIFIED.);
#926 = CARTESIAN_POINT('',(-64.8901923796,69.700978539716,
    45.808555357762));
#927 = CARTESIAN_POINT('',(-64.91642286778,69.655546001473,
    45.782324869562));
#928 = CARTESIAN_POINT('',(-64.95067836295,69.619731826685,
    45.748069374462));
#929 = CARTESIAN_POINT('',(-64.98869855599,69.592751214394,
    45.710049181362));
#930 = CARTESIAN_POINT('',(-65.07268826264,69.552379844447,
    45.626059474762));
#931 = CARTESIAN_POINT('',(-65.16116385241,69.545538659032,
    45.537583884962));
#932 = CARTESIAN_POINT('',(-65.2075942692,69.550874420039,
    45.491153468162));
#933 = CARTESIAN_POINT('',(-65.28107204236,69.573863228136,
    45.417675695062));
#934 = CARTESIAN_POINT('',(-65.34741750409,69.622259710513,
    45.351330233262));
#935 = CARTESIAN_POINT('',(-65.37095528825,69.644285284609,
    45.327792449162));
#936 = CARTESIAN_POINT('',(-65.3921878762,69.670460246461,
    45.306559861162));
#937 = CARTESIAN_POINT('',(-65.40980762102,69.700978539716,
    45.288940116362));
#938 = ORIENTED_EDGE('',*,*,#939,.T.);
#939 = EDGE_CURVE('',#923,#940,#942,.T.);
#940 = VERTEX_POINT('',#941);
#941 = CARTESIAN_POINT('',(-66.00621044971,70.733978539343,
    44.692537287662));
#942 = LINE('',#943,#944);
#943 = CARTESIAN_POINT('',(-65.70800903522,70.217478539626,
    44.990738702162));
#944 = VECTOR('',#945,1.);
#945 = DIRECTION('',(-0.447213595688,0.774596669024,-0.447213595688));
#946 = ORIENTED_EDGE('',*,*,#947,.F.);
#947 = EDGE_CURVE('',#948,#940,#950,.T.);
#948 = VERTEX_POINT('',#949);
#949 = CARTESIAN_POINT('',(-66.7937895503,70.733978539403,
    43.904958186562));
#950 = LINE('',#951,#952);
#951 = CARTESIAN_POINT('',(-66.39999999999,70.733978539533,
    44.298747737362));
#952 = VECTOR('',#953,1.);
#953 = DIRECTION('',(0.707106781186,2.355138688026E-16,0.707106781187));
#954 = ORIENTED_EDGE('',*,*,#955,.T.);
#955 = EDGE_CURVE('',#948,#956,#958,.T.);
#956 = VERTEX_POINT('',#957);
#957 = CARTESIAN_POINT('',(-67.3901923798,69.700978539343,
    43.308555358462));
#958 = LINE('',#959,#960);
#959 = CARTESIAN_POINT('',(-67.0919909648,70.217478539626,
    43.606756772662));
#960 = VECTOR('',#961,1.);
#961 = DIRECTION('',(-0.447213595688,-0.774596669024,-0.447213595688));
#962 = ORIENTED_EDGE('',*,*,#963,.T.);
#963 = EDGE_CURVE('',#956,#964,#966,.T.);
#964 = VERTEX_POINT('',#965);
#965 = CARTESIAN_POINT('',(-67.9098076202,69.700978539343,
    42.788940116202));
#966 = B_SPLINE_CURVE_WITH_KNOTS('',5,(#967,#968,#969,#970,#971,#972,
    #973,#974,#975,#976,#977,#978),.UNSPECIFIED.,.F.,.F.,(6,3,3,6),(0.,
    0.427731698159,0.905098775443,1.19241801757),.UNSPECIFIED.);
#967 = CARTESIAN_POINT('',(-67.390192379,69.700978539716,43.308555358462
    ));
#968 = CARTESIAN_POINT('',(-67.4164228665,69.655546002534,
    43.282324870862));
#969 = CARTESIAN_POINT('',(-67.4506783607,69.619731828359,
    43.248069376662));
#970 = CARTESIAN_POINT('',(-67.4886985572,69.592751213504,
    43.210049180162));
#971 = CARTESIAN_POINT('',(-67.5726882631,69.552379844292,
    43.126059474262));
#972 = CARTESIAN_POINT('',(-67.6611638521,69.545538658999,
    43.037583885262));
#973 = CARTESIAN_POINT('',(-67.7075942682,69.550874419938,
    42.991153469162));
#974 = CARTESIAN_POINT('',(-67.7810720432,69.573863228519,
    42.917675694222));
#975 = CARTESIAN_POINT('',(-67.8474175063,69.622259712604,
    42.851330231072));
#976 = CARTESIAN_POINT('',(-67.8709552852,69.644285281592,
    42.827792452212));
#977 = CARTESIAN_POINT('',(-67.8921878745,69.670460244702,
    42.806559862832));
#978 = CARTESIAN_POINT('',(-67.9098076204,69.700978539716,
    42.788940116992));
#979 = ORIENTED_EDGE('',*,*,#980,.T.);
#980 = EDGE_CURVE('',#964,#830,#981,.T.);
#981 = LINE('',#982,#983);
#982 = CARTESIAN_POINT('',(-68.2080090346,70.217478539626,
    42.490738702802));
#983 = VECTOR('',#984,1.);
#984 = DIRECTION('',(-0.447213595688,0.774596669024,-0.447213595688));
#985 = PLANE('',#986);
#986 = AXIS2_PLACEMENT_3D('',#987,#988,#989);
#987 = CARTESIAN_POINT('',(-80.9006724096,69.550978539343,
    29.798075327762));
#988 = DIRECTION('',(0.707106781187,7.850462293438E-17,-0.707106781186)
  );
#989 = DIRECTION('',(0.707106781186,2.355138688026E-16,0.707106781187));
#990 = ADVANCED_FACE('',(#991),#1064,.T.);
#991 = FACE_BOUND('',#992,.T.);
#992 = EDGE_LOOP('',(#993,#1003,#1011,#1020,#1021,#1039,#1040,#1041,
    #1042,#1050,#1058));
#993 = ORIENTED_EDGE('',*,*,#994,.F.);
#994 = EDGE_CURVE('',#995,#997,#999,.T.);
#995 = VERTEX_POINT('',#996);
#996 = CARTESIAN_POINT('',(-23.9,29.715515887343,23.048747737362));
#997 = VERTEX_POINT('',#998);
#998 = CARTESIAN_POINT('',(-23.9,29.715515887443,4.048747737362));
#999 = LINE('',#1000,#1001);
#1000 = CARTESIAN_POINT('',(-23.9,29.715515887443,13.548747737362));
#1001 = VECTOR('',#1002,1.);
#1002 = DIRECTION('',(4.00521721052E-13,-1.110223024624E-16,-1.));
#1003 = ORIENTED_EDGE('',*,*,#1004,.F.);
#1004 = EDGE_CURVE('',#1005,#995,#1007,.T.);
#1005 = VERTEX_POINT('',#1006);
#1006 = CARTESIAN_POINT('',(-50.08594544567,44.833978539343,
    23.048747737362));
#1007 = LINE('',#1008,#1009);
#1008 = CARTESIAN_POINT('',(-36.9929727228,37.274747213443,
    23.048747737362));
#1009 = VECTOR('',#1010,1.);
#1010 = DIRECTION('',(0.866025403784,-0.5,3.470207990586E-13));
#1011 = ORIENTED_EDGE('',*,*,#1012,.T.);
#1012 = EDGE_CURVE('',#1005,#489,#1013,.T.);
#1013 = B_SPLINE_CURVE_WITH_KNOTS('',5,(#1014,#1015,#1016,#1017,#1018,
    #1019),.UNSPECIFIED.,.F.,.F.,(6,6),(0.,6.7114244876),
  .PIECEWISE_BEZIER_KNOTS.);
#1014 = CARTESIAN_POINT('',(-50.08594544553,44.833978539443,
    23.048747737362));
#1015 = CARTESIAN_POINT('',(-50.90752237654,45.308316201743,
    23.048747737362));
#1016 = CARTESIAN_POINT('',(-51.72915570245,45.782686423543,
    23.083345441542));
#1017 = CARTESIAN_POINT('',(-52.54928954998,46.256190921243,
    23.153617132742));
#1018 = CARTESIAN_POINT('',(-53.36622409514,46.727848300743,
    23.260679823762));
#1019 = CARTESIAN_POINT('',(-54.17816028023,47.196619875843,
    23.405585701032));
#1020 = ORIENTED_EDGE('',*,*,#505,.F.);
#1021 = ORIENTED_EDGE('',*,*,#1022,.F.);
#1022 = EDGE_CURVE('',#459,#506,#1023,.T.);
#1023 = B_SPLINE_CURVE_WITH_KNOTS('',5,(#1024,#1025,#1026,#1027,#1028,
    #1029,#1030,#1031,#1032,#1033,#1034,#1035,#1036,#1037,#1038),
  .UNSPECIFIED.,.F.,.F.,(6,3,3,3,6),(0.,6.21480955248,10.5826754457,
    18.8842862767,24.0391295312),.UNSPECIFIED.);
#1024 = CARTESIAN_POINT('',(-66.76781941668,54.465262967243,
    33.048747737345));
#1025 = CARTESIAN_POINT('',(-66.76783045998,54.465269343143,
    32.173984317517));
#1026 = CARTESIAN_POINT('',(-66.67215279422,54.410029817043,
    31.299224752912));
#1027 = CARTESIAN_POINT('',(-66.48085544541,54.299584241243,
    30.444339588232));
#1028 = CARTESIAN_POINT('',(-66.00515077608,54.024936022343,
    29.049878942712));
#1029 = CARTESIAN_POINT('',(-65.30448424566,53.620406012343,
    27.793471231262));
#1030 = CARTESIAN_POINT('',(-64.98048016712,53.433342170343,
    27.302233055002));
#1031 = CARTESIAN_POINT('',(-63.95209166579,52.839601792343,
    25.965468695392));
#1032 = CARTESIAN_POINT('',(-62.69627822714,52.114557565443,
    24.895943784922));
#1033 = CARTESIAN_POINT('',(-61.80058387431,51.597428189743,
    24.320541334952));
#1034 = CARTESIAN_POINT('',(-60.2715871994,50.714661547843,
    23.596126453072));
#1035 = CARTESIAN_POINT('',(-58.66168626033,49.785184807343,
    23.209052495512));
#1036 = CARTESIAN_POINT('',(-58.0367987491,49.424405834543,
    23.110167772082));
#1037 = CARTESIAN_POINT('',(-57.40839943106,49.061599319143,
    23.060747737452));
#1038 = CARTESIAN_POINT('',(-56.78000000088,48.698792738943,
    23.060747737452));
#1039 = ORIENTED_EDGE('',*,*,#466,.F.);
#1040 = ORIENTED_EDGE('',*,*,#342,.F.);
#1041 = ORIENTED_EDGE('',*,*,#878,.T.);
#1042 = ORIENTED_EDGE('',*,*,#1043,.T.);
#1043 = EDGE_CURVE('',#871,#1044,#1046,.T.);
#1044 = VERTEX_POINT('',#1045);
#1045 = CARTESIAN_POINT('',(-70.9,56.850978539343,11.748747736562));
#1046 = LINE('',#1047,#1048);
#1047 = CARTESIAN_POINT('',(-70.9000000001,56.850978539443,
    25.773747736972));
#1048 = VECTOR('',#1049,1.);
#1049 = DIRECTION('',(4.00614380241E-13,-1.110223024624E-16,-1.));
#1050 = ORIENTED_EDGE('',*,*,#1051,.F.);
#1051 = EDGE_CURVE('',#1052,#1044,#1054,.T.);
#1052 = VERTEX_POINT('',#1053);
#1053 = CARTESIAN_POINT('',(-61.72349733709,51.552922257143,
    4.048747737462));
#1054 = LINE('',#1055,#1056);
#1055 = CARTESIAN_POINT('',(-66.31174866827,54.201950397943,
    7.898747736962));
#1056 = VECTOR('',#1057,1.);
#1057 = DIRECTION('',(-0.700582935975,0.404481746675,0.58785888309));
#1058 = ORIENTED_EDGE('',*,*,#1059,.F.);
#1059 = EDGE_CURVE('',#997,#1052,#1060,.T.);
#1060 = LINE('',#1061,#1062);
#1061 = CARTESIAN_POINT('',(-42.8117486682,40.634219071943,
    4.048747737362));
#1062 = VECTOR('',#1063,1.);
#1063 = DIRECTION('',(-0.866025403784,0.5,-3.469905725796E-13));
#1064 = PLANE('',#1065);
#1065 = AXIS2_PLACEMENT_3D('',#1066,#1067,#1068);
#1066 = CARTESIAN_POINT('',(-23.9,29.715515887443,48.048747737362));
#1067 = DIRECTION('',(-0.5,-0.866025403784,-2.00212371687E-13));
#1068 = DIRECTION('',(-0.866025403784,0.5,-3.470000446706E-13));
#1069 = ADVANCED_FACE('',(#1070),#1161,.F.);
#1070 = FACE_BOUND('',#1071,.F.);
#1071 = EDGE_LOOP('',(#1072,#1073,#1074,#1103,#1136,#1137,#1146,#1154,
    #1160));
#1072 = ORIENTED_EDGE('',*,*,#488,.F.);
#1073 = ORIENTED_EDGE('',*,*,#374,.F.);
#1074 = ORIENTED_EDGE('',*,*,#1075,.F.);
#1075 = EDGE_CURVE('',#1076,#375,#1078,.T.);
#1076 = VERTEX_POINT('',#1077);
#1077 = CARTESIAN_POINT('',(-31.78,45.271992238043,23.060747737362));
#1078 = B_SPLINE_CURVE_WITH_KNOTS('',5,(#1079,#1080,#1081,#1082,#1083,
    #1084,#1085,#1086,#1087,#1088,#1089,#1090,#1091,#1092,#1093,#1094,
    #1095,#1096,#1097,#1098,#1099,#1100,#1101,#1102),.UNSPECIFIED.,.F.,
  .F.,(6,3,3,3,3,3,3,6),(0.,0.55502550901,0.993105275905,1.7003625659,
    4.2803149799,10.9516829652,17.607539413,22.5646072447),
  .UNSPECIFIED.);
#1079 = CARTESIAN_POINT('',(-31.7800000008,45.271992238043,
    23.060747737392));
#1080 = CARTESIAN_POINT('',(-31.8583040614,45.271992238043,
    23.060747737392));
#1081 = CARTESIAN_POINT('',(-31.9366069627,45.285986696543,
    23.061515109012));
#1082 = CARTESIAN_POINT('',(-32.013585324,45.314327498643,
    23.063087758922));
#1083 = CARTESIAN_POINT('',(-32.141054703,45.373790426943,
    23.066800003702));
#1084 = CARTESIAN_POINT('',(-32.2607762261,45.446362993943,
    23.072119169752));
#1085 = CARTESIAN_POINT('',(-32.3121950571,45.479711476743,
    23.074739068252));
#1086 = CARTESIAN_POINT('',(-32.4452820196,45.570392013643,
    23.082364804822));
#1087 = CARTESIAN_POINT('',(-32.5740070904,45.666974145143,
    23.091886814792));
#1088 = CARTESIAN_POINT('',(-32.6511279602,45.726636830343,
    23.098343782942));
#1089 = CARTESIAN_POINT('',(-33.0134856739,46.013815219343,
    23.132246384982));
#1090 = CARTESIAN_POINT('',(-33.3633292571,46.314309068943,
    23.181324952892));
#1091 = CARTESIAN_POINT('',(-33.6381678842,46.549466465843,
    23.229229744042));
#1092 = CARTESIAN_POINT('',(-34.6119015957,47.394808401043,
    23.434609735332));
#1093 = CARTESIAN_POINT('',(-35.5629401274,48.231528031443,
    23.762271920512));
#1094 = CARTESIAN_POINT('',(-36.2545728706,48.834608268543,
    24.072483314672));
#1095 = CARTESIAN_POINT('',(-37.5664194525,49.970105514843,
    24.816336956082));
#1096 = CARTESIAN_POINT('',(-38.7761846833,50.982483535643,
    25.853135479182));
#1097 = CARTESIAN_POINT('',(-39.3480079862,51.447970940243,
    26.449325566872));
#1098 = CARTESIAN_POINT('',(-40.2609241032,52.157936439343,
    27.631465888932));
#1099 = CARTESIAN_POINT('',(-40.9688057303,52.619038525943,
    29.046472613662));
#1100 = CARTESIAN_POINT('',(-41.2256636834,52.760621777443,
    29.690627763812));
#1101 = CARTESIAN_POINT('',(-41.4256726478,52.833978539343,
    30.363559240402));
#1102 = CARTESIAN_POINT('',(-41.5657112166,52.833978539343,
    31.048747737362));
#1103 = ORIENTED_EDGE('',*,*,#1104,.F.);
#1104 = EDGE_CURVE('',#434,#1076,#1105,.T.);
#1105 = B_SPLINE_CURVE_WITH_KNOTS('',5,(#1106,#1107,#1108,#1109,#1110,
    #1111,#1112,#1113,#1114,#1115,#1116,#1117,#1118,#1119,#1120,#1121,
    #1122,#1123,#1124,#1125,#1126,#1127,#1128,#1129,#1130,#1131,#1132,
    #1133,#1134,#1135),.UNSPECIFIED.,.F.,.F.,(6,3,3,3,3,3,3,3,3,6),(0.,
    5.55450867576,11.1200580708,17.7397364135,19.1631793963,
    20.4857539797,21.0397850786,21.4241398435,22.3099280346,
    22.6006113583),.UNSPECIFIED.);
#1106 = CARTESIAN_POINT('',(-21.994288785,52.833978539343,
    31.048747737362));
#1107 = CARTESIAN_POINT('',(-22.1515258701,52.833978539343,
    30.279409383742));
#1108 = CARTESIAN_POINT('',(-22.3843680958,52.741497054643,
    29.525523751592));
#1109 = CARTESIAN_POINT('',(-22.6885099802,52.563644652643,
    28.810146356442));
#1110 = CARTESIAN_POINT('',(-23.4044021145,52.076722628643,
    27.486402284412));
#1111 = CARTESIAN_POINT('',(-24.294328344,51.378511669743,
    26.380632747222));
#1112 = CARTESIAN_POINT('',(-24.7726830255,50.989198988043,
    25.883720438682));
#1113 = CARTESIAN_POINT('',(-25.8720432411,50.072708638743,
    24.916039843172));
#1114 = CARTESIAN_POINT('',(-27.063375245,49.044969956943,
    24.197190077972));
#1115 = CARTESIAN_POINT('',(-27.7299810689,48.464198307443,
    23.875400867442));
#1116 = CARTESIAN_POINT('',(-28.5543725463,47.740886188443,
    23.564841041462));
#1117 = CARTESIAN_POINT('',(-29.3955853845,47.006995586843,
    23.347745696592));
#1118 = CARTESIAN_POINT('',(-29.544987459,46.876873692143,
    23.312229770562));
#1119 = CARTESIAN_POINT('',(-29.8342655224,46.625648516243,
    23.249300240692));
#1120 = CARTESIAN_POINT('',(-30.1260216423,46.374843930143,
    23.197092745282));
#1121 = CARTESIAN_POINT('',(-30.232387052,46.283959425343,
    23.179846856412));
#1122 = CARTESIAN_POINT('',(-30.4320888064,46.114774304043,
    23.150675643042));
#1123 = CARTESIAN_POINT('',(-30.6358359971,45.946363889043,
    23.126224243422));
#1124 = CARTESIAN_POINT('',(-30.7059278518,45.889005917743,
    23.118390942422));
#1125 = CARTESIAN_POINT('',(-30.8080266975,45.806485598543,
    23.107806497752));
#1126 = CARTESIAN_POINT('',(-30.9115487813,45.725167266843,
    23.098435718872));
#1127 = CARTESIAN_POINT('',(-30.9542793353,45.692069923443,
    23.094797216602));
#1128 = CARTESIAN_POINT('',(-31.0967778422,45.583565061043,
    23.083440419552));
#1129 = CARTESIAN_POINT('',(-31.2433818481,45.479877695643,
    23.074380624852));
#1130 = CARTESIAN_POINT('',(-31.3486328154,45.411197987443,
    23.069182241762));
#1131 = CARTESIAN_POINT('',(-31.4959409289,45.327458435643,
    23.063873915292));
#1132 = CARTESIAN_POINT('',(-31.6566699499,45.283689556643,
    23.061388942152));
#1133 = CARTESIAN_POINT('',(-31.6978120868,45.275846658943,
    23.060959090562));
#1134 = CARTESIAN_POINT('',(-31.7389060412,45.271992238043,
    23.060747737392));
#1135 = CARTESIAN_POINT('',(-31.7800000008,45.271992238043,
    23.060747737392));
#1136 = ORIENTED_EDGE('',*,*,#444,.F.);
#1137 = ORIENTED_EDGE('',*,*,#1138,.T.);
#1138 = EDGE_CURVE('',#294,#1139,#1141,.T.);
#1139 = VERTEX_POINT('',#1140);
#1140 = CARTESIAN_POINT('',(-20.9,44.833978539343,23.048747737382));
#1141 = CIRCLE('',#1142,8.);
#1142 = AXIS2_PLACEMENT_3D('',#1143,#1144,#1145);
#1143 = CARTESIAN_POINT('',(-20.9,44.833978539343,31.048747737382));
#1144 = DIRECTION('',(-1.,-2.22044604925E-16,-4.00617039642E-13));
#1145 = DIRECTION('',(-4.00617039642E-13,1.110223024624E-16,1.));
#1146 = ORIENTED_EDGE('',*,*,#1147,.T.);
#1147 = EDGE_CURVE('',#1139,#1148,#1150,.T.);
#1148 = VERTEX_POINT('',#1149);
#1149 = CARTESIAN_POINT('',(-31.7800000027,44.833978539343,
    23.048747737372));
#1150 = LINE('',#1151,#1152);
#1151 = CARTESIAN_POINT('',(-58.89999999918,44.833978539343,
    23.048747737362));
#1152 = VECTOR('',#1153,1.);
#1153 = DIRECTION('',(-1.,-2.22044604925E-16,-4.00617039631E-13));
#1154 = ORIENTED_EDGE('',*,*,#1155,.T.);
#1155 = EDGE_CURVE('',#1148,#1005,#1156,.T.);
#1156 = LINE('',#1157,#1158);
#1157 = CARTESIAN_POINT('',(-58.89999999918,44.833978539343,
    23.048747737362));
#1158 = VECTOR('',#1159,1.);
#1159 = DIRECTION('',(-1.,-2.22044604925E-16,-4.00617039631E-13));
#1160 = ORIENTED_EDGE('',*,*,#1012,.T.);
#1161 = CYLINDRICAL_SURFACE('',#1162,8.);
#1162 = AXIS2_PLACEMENT_3D('',#1163,#1164,#1165);
#1163 = CARTESIAN_POINT('',(-58.9,44.833978539343,31.048747737362));
#1164 = DIRECTION('',(-1.,-2.22044604925E-16,-4.00617039642E-13));
#1165 = DIRECTION('',(-2.22044604925E-16,1.,1.144237745248E-17));
#1166 = ADVANCED_FACE('',(#1167),#1194,.F.);
#1167 = FACE_BOUND('',#1168,.F.);
#1168 = EDGE_LOOP('',(#1169,#1177,#1186,#1192,#1193));
#1169 = ORIENTED_EDGE('',*,*,#1170,.F.);
#1170 = EDGE_CURVE('',#1171,#383,#1173,.T.);
#1171 = VERTEX_POINT('',#1172);
#1172 = CARTESIAN_POINT('',(-41.768,63.350978540093,33.048747737358));
#1173 = LINE('',#1174,#1175);
#1174 = CARTESIAN_POINT('',(-41.768,37.050978538943,33.048747737358));
#1175 = VECTOR('',#1176,1.);
#1176 = DIRECTION('',(2.22044604925E-16,-1.,1.110223024626E-16));
#1177 = ORIENTED_EDGE('',*,*,#1178,.T.);
#1178 = EDGE_CURVE('',#1171,#1179,#1181,.T.);
#1179 = VERTEX_POINT('',#1180);
#1180 = CARTESIAN_POINT('',(-31.78,63.350978540093,23.060747737362));
#1181 = CIRCLE('',#1182,9.988);
#1182 = AXIS2_PLACEMENT_3D('',#1183,#1184,#1185);
#1183 = CARTESIAN_POINT('',(-31.78,63.350978540093,33.048747737362));
#1184 = DIRECTION('',(2.22044604925E-16,-1.,1.110223024626E-16));
#1185 = DIRECTION('',(1.089382751298E-44,-1.110223024626E-16,-1.));
#1186 = ORIENTED_EDGE('',*,*,#1187,.T.);
#1187 = EDGE_CURVE('',#1179,#1076,#1188,.T.);
#1188 = LINE('',#1189,#1190);
#1189 = CARTESIAN_POINT('',(-31.78,37.050978538943,23.060747737362));
#1190 = VECTOR('',#1191,1.);
#1191 = DIRECTION('',(2.22044604925E-16,-1.,1.110223024625E-16));
#1192 = ORIENTED_EDGE('',*,*,#1075,.T.);
#1193 = ORIENTED_EDGE('',*,*,#382,.F.);
#1194 = CYLINDRICAL_SURFACE('',#1195,9.988);
#1195 = AXIS2_PLACEMENT_3D('',#1196,#1197,#1198);
#1196 = CARTESIAN_POINT('',(-31.78,37.050978539343,33.048747737362));
#1197 = DIRECTION('',(2.22044604925E-16,-1.,1.110223024626E-16));
#1198 = DIRECTION('',(-1.,-2.22044604925E-16,-4.00494574962E-13));
#1199 = ADVANCED_FACE('',(#1200),#1219,.F.);
#1200 = FACE_BOUND('',#1201,.F.);
#1201 = EDGE_LOOP('',(#1202,#1203,#1204,#1212));
#1202 = ORIENTED_EDGE('',*,*,#1170,.T.);
#1203 = ORIENTED_EDGE('',*,*,#393,.F.);
#1204 = ORIENTED_EDGE('',*,*,#1205,.F.);
#1205 = EDGE_CURVE('',#1206,#394,#1208,.T.);
#1206 = VERTEX_POINT('',#1207);
#1207 = CARTESIAN_POINT('',(-31.78,63.350978540093,43.036747737362));
#1208 = LINE('',#1209,#1210);
#1209 = CARTESIAN_POINT('',(-31.78,37.050978538943,43.036747737362));
#1210 = VECTOR('',#1211,1.);
#1211 = DIRECTION('',(2.22044604925E-16,-1.,1.110223024625E-16));
#1212 = ORIENTED_EDGE('',*,*,#1213,.T.);
#1213 = EDGE_CURVE('',#1206,#1171,#1214,.T.);
#1214 = CIRCLE('',#1215,9.988);
#1215 = AXIS2_PLACEMENT_3D('',#1216,#1217,#1218);
#1216 = CARTESIAN_POINT('',(-31.78,63.350978540093,33.048747737362));
#1217 = DIRECTION('',(2.22044604925E-16,-1.,1.110223024626E-16));
#1218 = DIRECTION('',(1.089382751298E-44,-1.110223024626E-16,-1.));
#1219 = CYLINDRICAL_SURFACE('',#1220,9.988);
#1220 = AXIS2_PLACEMENT_3D('',#1221,#1222,#1223);
#1221 = CARTESIAN_POINT('',(-31.78,37.050978539343,33.048747737362));
#1222 = DIRECTION('',(2.22044604925E-16,-1.,1.110223024626E-16));
#1223 = DIRECTION('',(1.,2.22044604925E-16,4.00617039642E-13));
#1224 = ADVANCED_FACE('',(#1225),#1244,.F.);
#1225 = FACE_BOUND('',#1226,.F.);
#1226 = EDGE_LOOP('',(#1227,#1235,#1242,#1243));
#1227 = ORIENTED_EDGE('',*,*,#1228,.F.);
#1228 = EDGE_CURVE('',#1229,#414,#1231,.T.);
#1229 = VERTEX_POINT('',#1230);
#1230 = CARTESIAN_POINT('',(-21.792,63.350978540093,33.048747737366));
#1231 = LINE('',#1232,#1233);
#1232 = CARTESIAN_POINT('',(-21.792,37.050978538943,33.048747737366));
#1233 = VECTOR('',#1234,1.);
#1234 = DIRECTION('',(2.22044604925E-16,-1.,1.110223024626E-16));
#1235 = ORIENTED_EDGE('',*,*,#1236,.T.);
#1236 = EDGE_CURVE('',#1229,#1206,#1237,.T.);
#1237 = CIRCLE('',#1238,9.988);
#1238 = AXIS2_PLACEMENT_3D('',#1239,#1240,#1241);
#1239 = CARTESIAN_POINT('',(-31.78,63.350978540093,33.048747737362));
#1240 = DIRECTION('',(2.22044604925E-16,-1.,1.110223024626E-16));
#1241 = DIRECTION('',(1.089382751298E-44,-1.110223024626E-16,-1.));
#1242 = ORIENTED_EDGE('',*,*,#1205,.T.);
#1243 = ORIENTED_EDGE('',*,*,#413,.F.);
#1244 = CYLINDRICAL_SURFACE('',#1245,9.988);
#1245 = AXIS2_PLACEMENT_3D('',#1246,#1247,#1248);
#1246 = CARTESIAN_POINT('',(-31.78,37.050978539343,33.048747737362));
#1247 = DIRECTION('',(2.22044604925E-16,-1.,1.110223024626E-16));
#1248 = DIRECTION('',(1.,2.22044604925E-16,4.00372110282E-13));
#1249 = ADVANCED_FACE('',(#1250),#1263,.F.);
#1250 = FACE_BOUND('',#1251,.F.);
#1251 = EDGE_LOOP('',(#1252,#1253,#1254,#1255,#1256));
#1252 = ORIENTED_EDGE('',*,*,#1228,.T.);
#1253 = ORIENTED_EDGE('',*,*,#433,.F.);
#1254 = ORIENTED_EDGE('',*,*,#1104,.T.);
#1255 = ORIENTED_EDGE('',*,*,#1187,.F.);
#1256 = ORIENTED_EDGE('',*,*,#1257,.T.);
#1257 = EDGE_CURVE('',#1179,#1229,#1258,.T.);
#1258 = CIRCLE('',#1259,9.988);
#1259 = AXIS2_PLACEMENT_3D('',#1260,#1261,#1262);
#1260 = CARTESIAN_POINT('',(-31.78,63.350978540093,33.048747737362));
#1261 = DIRECTION('',(2.22044604925E-16,-1.,1.110223024626E-16));
#1262 = DIRECTION('',(1.089382751298E-44,-1.110223024626E-16,-1.));
#1263 = CYLINDRICAL_SURFACE('',#1264,9.988);
#1264 = AXIS2_PLACEMENT_3D('',#1265,#1266,#1267);
#1265 = CARTESIAN_POINT('',(-31.78,37.050978539343,33.048747737362));
#1266 = DIRECTION('',(2.22044604925E-16,-1.,1.110223024626E-16));
#1267 = DIRECTION('',(-1.,-2.22044604925E-16,-4.00494574962E-13));
#1268 = ADVANCED_FACE('',(#1269),#1275,.F.);
#1269 = FACE_BOUND('',#1270,.F.);
#1270 = EDGE_LOOP('',(#1271,#1272,#1273,#1274));
#1271 = ORIENTED_EDGE('',*,*,#458,.F.);
#1272 = ORIENTED_EDGE('',*,*,#532,.T.);
#1273 = ORIENTED_EDGE('',*,*,#514,.T.);
#1274 = ORIENTED_EDGE('',*,*,#1022,.F.);
#1275 = CYLINDRICAL_SURFACE('',#1276,9.988);
#1276 = AXIS2_PLACEMENT_3D('',#1277,#1278,#1279);
#1277 = CARTESIAN_POINT('',(-56.78,37.050978539343,33.048747737362));
#1278 = DIRECTION('',(2.22044604925E-16,-1.,1.110223024626E-16));
#1279 = DIRECTION('',(-1.,-2.22044604925E-16,-4.00494574962E-13));
#1280 = ADVANCED_FACE('',(#1281,#1532,#1538),#1620,.T.);
#1281 = FACE_BOUND('',#1282,.T.);
#1282 = EDGE_LOOP('',(#1283,#1293,#1301,#1307,#1308,#1316,#1324,#1332,
    #1340,#1348,#1356,#1364,#1372,#1380,#1388,#1397,#1406,#1414,#1423,
    #1432,#1440,#1448,#1456,#1464,#1473,#1482,#1491,#1500,#1509,#1518,
    #1526));
#1283 = ORIENTED_EDGE('',*,*,#1284,.F.);
#1284 = EDGE_CURVE('',#1285,#1287,#1289,.T.);
#1285 = VERTEX_POINT('',#1286);
#1286 = CARTESIAN_POINT('',(-49.48000000007,69.550978539343,
    43.048747737352));
#1287 = VERTEX_POINT('',#1288);
#1288 = CARTESIAN_POINT('',(-49.48000000007,69.550978539343,
    40.548747737352));
#1289 = LINE('',#1290,#1291);
#1290 = CARTESIAN_POINT('',(-49.48000000007,69.550978539343,
    41.798747737352));
#1291 = VECTOR('',#1292,1.);
#1292 = DIRECTION('',(4.00746102969E-13,-1.110223024624E-16,-1.));
#1293 = ORIENTED_EDGE('',*,*,#1294,.F.);
#1294 = EDGE_CURVE('',#1295,#1285,#1297,.T.);
#1295 = VERTEX_POINT('',#1296);
#1296 = CARTESIAN_POINT('',(-49.48000000007,69.550978539343,
    45.548747737362));
#1297 = LINE('',#1298,#1299);
#1298 = CARTESIAN_POINT('',(-49.48000000007,69.550978539343,
    44.298747737362));
#1299 = VECTOR('',#1300,1.);
#1300 = DIRECTION('',(4.00390831601E-13,-1.110223024624E-16,-1.));
#1301 = ORIENTED_EDGE('',*,*,#1302,.F.);
#1302 = EDGE_CURVE('',#726,#1295,#1303,.T.);
#1303 = LINE('',#1304,#1305);
#1304 = CARTESIAN_POINT('',(-49.48000000007,69.550978539343,
    46.673747737362));
#1305 = VECTOR('',#1306,1.);
#1306 = DIRECTION('',(4.00667153776E-13,-1.110223024624E-16,-1.));
#1307 = ORIENTED_EDGE('',*,*,#725,.F.);
#1308 = ORIENTED_EDGE('',*,*,#1309,.F.);
#1309 = EDGE_CURVE('',#1310,#717,#1312,.T.);
#1310 = VERTEX_POINT('',#1311);
#1311 = CARTESIAN_POINT('',(-39.0799999997,69.550978539343,
    45.548747737362));
#1312 = LINE('',#1313,#1314);
#1313 = CARTESIAN_POINT('',(-39.0799999997,69.550978539343,
    46.673747737362));
#1314 = VECTOR('',#1315,1.);
#1315 = DIRECTION('',(-4.0106189974E-13,1.110223024624E-16,1.));
#1316 = ORIENTED_EDGE('',*,*,#1317,.F.);
#1317 = EDGE_CURVE('',#1318,#1310,#1320,.T.);
#1318 = VERTEX_POINT('',#1319);
#1319 = CARTESIAN_POINT('',(-39.0799999997,69.550978539343,
    43.048747737352));
#1320 = LINE('',#1321,#1322);
#1321 = CARTESIAN_POINT('',(-39.0799999997,69.550978539343,
    44.298747737362));
#1322 = VECTOR('',#1323,1.);
#1323 = DIRECTION('',(-4.00746102969E-13,1.110223024624E-16,1.));
#1324 = ORIENTED_EDGE('',*,*,#1325,.F.);
#1325 = EDGE_CURVE('',#1326,#1318,#1328,.T.);
#1326 = VERTEX_POINT('',#1327);
#1327 = CARTESIAN_POINT('',(-39.0799999997,69.550978539343,
    40.548747737352));
#1328 = LINE('',#1329,#1330);
#1329 = CARTESIAN_POINT('',(-39.0799999997,69.550978539343,
    41.798747737352));
#1330 = VECTOR('',#1331,1.);
#1331 = DIRECTION('',(-4.00746102969E-13,1.110223024624E-16,1.));
#1332 = ORIENTED_EDGE('',*,*,#1333,.F.);
#1333 = EDGE_CURVE('',#1334,#1326,#1336,.T.);
#1334 = VERTEX_POINT('',#1335);
#1335 = CARTESIAN_POINT('',(-39.0799999997,69.550978539343,
    40.248747736612));
#1336 = LINE('',#1337,#1338);
#1337 = CARTESIAN_POINT('',(-39.0799999997,69.550978539343,
    40.398747736982));
#1338 = VECTOR('',#1339,1.);
#1339 = DIRECTION('',(-4.02640882597E-13,1.110223024624E-16,1.));
#1340 = ORIENTED_EDGE('',*,*,#1341,.F.);
#1341 = EDGE_CURVE('',#1342,#1334,#1344,.T.);
#1342 = VERTEX_POINT('',#1343);
#1343 = CARTESIAN_POINT('',(2.1,69.550978539343,40.248747736622));
#1344 = LINE('',#1345,#1346);
#1345 = CARTESIAN_POINT('',(-18.4899999998,69.550978539343,
    40.248747736612));
#1346 = VECTOR('',#1347,1.);
#1347 = DIRECTION('',(-1.,-2.22044604925E-16,-4.00650857806E-13));
#1348 = ORIENTED_EDGE('',*,*,#1349,.F.);
#1349 = EDGE_CURVE('',#1350,#1342,#1352,.T.);
#1350 = VERTEX_POINT('',#1351);
#1351 = CARTESIAN_POINT('',(2.1,69.550978539343,25.848747738112));
#1352 = LINE('',#1353,#1354);
#1353 = CARTESIAN_POINT('',(2.1,69.550978539343,33.04874773737));
#1354 = VECTOR('',#1355,1.);
#1355 = DIRECTION('',(-4.00667153817E-13,1.110223024624E-16,1.));
#1356 = ORIENTED_EDGE('',*,*,#1357,.F.);
#1357 = EDGE_CURVE('',#1358,#1350,#1360,.T.);
#1358 = VERTEX_POINT('',#1359);
#1359 = CARTESIAN_POINT('',(-39.0799999997,69.550978539343,
    25.848747738102));
#1360 = LINE('',#1361,#1362);
#1361 = CARTESIAN_POINT('',(-18.4899999998,69.550978539343,
    25.848747738102));
#1362 = VECTOR('',#1363,1.);
#1363 = DIRECTION('',(1.,2.22044604925E-16,4.00650857806E-13));
#1364 = ORIENTED_EDGE('',*,*,#1365,.F.);
#1365 = EDGE_CURVE('',#1366,#1358,#1368,.T.);
#1366 = VERTEX_POINT('',#1367);
#1367 = CARTESIAN_POINT('',(-39.0799999997,69.550978539343,
    25.548747737352));
#1368 = LINE('',#1369,#1370);
#1369 = CARTESIAN_POINT('',(-39.0799999997,69.550978539343,
    25.698747737722));
#1370 = VECTOR('',#1371,1.);
#1371 = DIRECTION('',(-4.02640882597E-13,1.110223024624E-16,1.));
#1372 = ORIENTED_EDGE('',*,*,#1373,.F.);
#1373 = EDGE_CURVE('',#1374,#1366,#1376,.T.);
#1374 = VERTEX_POINT('',#1375);
#1375 = CARTESIAN_POINT('',(-39.0799999997,69.550978539343,
    23.048747737362));
#1376 = LINE('',#1377,#1378);
#1377 = CARTESIAN_POINT('',(-39.0799999997,69.550978539343,
    24.298747737352));
#1378 = VECTOR('',#1379,1.);
#1379 = DIRECTION('',(-4.00746102969E-13,1.110223024624E-16,1.));
#1380 = ORIENTED_EDGE('',*,*,#1381,.F.);
#1381 = EDGE_CURVE('',#1382,#1374,#1384,.T.);
#1382 = VERTEX_POINT('',#1383);
#1383 = CARTESIAN_POINT('',(-39.0799999997,69.550978539343,
    20.548747737362));
#1384 = LINE('',#1385,#1386);
#1385 = CARTESIAN_POINT('',(-39.0799999997,69.550978539343,
    21.798747737362));
#1386 = VECTOR('',#1387,1.);
#1387 = DIRECTION('',(-4.00746102969E-13,1.110223024624E-16,1.));
#1388 = ORIENTED_EDGE('',*,*,#1389,.T.);
#1389 = EDGE_CURVE('',#1382,#1390,#1392,.T.);
#1390 = VERTEX_POINT('',#1391);
#1391 = CARTESIAN_POINT('',(-40.2825015649,69.550978539343,
    18.048747737362));
#1392 = CIRCLE('',#1393,3.19999999854);
#1393 = AXIS2_PLACEMENT_3D('',#1394,#1395,#1396);
#1394 = CARTESIAN_POINT('',(-42.2799999982,69.550978539343,
    20.548747737262));
#1395 = DIRECTION('',(-2.22044604925E-16,1.,-1.110223024626E-16));
#1396 = DIRECTION('',(-1.089382751298E-44,1.110223024626E-16,1.));
#1397 = ORIENTED_EDGE('',*,*,#1398,.T.);
#1398 = EDGE_CURVE('',#1390,#1399,#1401,.T.);
#1399 = VERTEX_POINT('',#1400);
#1400 = CARTESIAN_POINT('',(-42.2800000008,69.550978539343,
    17.348747738062));
#1401 = CIRCLE('',#1402,3.19999997727);
#1402 = AXIS2_PLACEMENT_3D('',#1403,#1404,#1405);
#1403 = CARTESIAN_POINT('',(-42.2799999916,69.550978539343,
    20.548747715362));
#1404 = DIRECTION('',(-2.22044604925E-16,1.,-1.110223024626E-16));
#1405 = DIRECTION('',(-1.089382751298E-44,1.110223024626E-16,1.));
#1406 = ORIENTED_EDGE('',*,*,#1407,.F.);
#1407 = EDGE_CURVE('',#1408,#1399,#1410,.T.);
#1408 = VERTEX_POINT('',#1409);
#1409 = CARTESIAN_POINT('',(-46.2799999989,69.550978539343,
    17.348747738062));
#1410 = LINE('',#1411,#1412);
#1411 = CARTESIAN_POINT('',(-44.2799999999,69.550978539343,
    17.348747738062));
#1412 = VECTOR('',#1413,1.);
#1413 = DIRECTION('',(1.,2.22044604925E-16,4.00568467471E-13));
#1414 = ORIENTED_EDGE('',*,*,#1415,.T.);
#1415 = EDGE_CURVE('',#1408,#1416,#1418,.T.);
#1416 = VERTEX_POINT('',#1417);
#1417 = CARTESIAN_POINT('',(-48.27749843484,69.550978539343,
    18.048747737362));
#1418 = CIRCLE('',#1419,3.19999997727);
#1419 = AXIS2_PLACEMENT_3D('',#1420,#1421,#1422);
#1420 = CARTESIAN_POINT('',(-46.2800000082,69.550978539343,
    20.548747715362));
#1421 = DIRECTION('',(-2.22044604925E-16,1.,-1.110223024626E-16));
#1422 = DIRECTION('',(-1.089382751298E-44,1.110223024626E-16,1.));
#1423 = ORIENTED_EDGE('',*,*,#1424,.T.);
#1424 = EDGE_CURVE('',#1416,#1425,#1427,.T.);
#1425 = VERTEX_POINT('',#1426);
#1426 = CARTESIAN_POINT('',(-49.48000000006,69.550978539343,
    20.548747737362));
#1427 = CIRCLE('',#1428,3.19999999854);
#1428 = AXIS2_PLACEMENT_3D('',#1429,#1430,#1431);
#1429 = CARTESIAN_POINT('',(-46.2800000015,69.550978539343,
    20.548747737262));
#1430 = DIRECTION('',(-2.22044604925E-16,1.,-1.110223024626E-16));
#1431 = DIRECTION('',(-1.089382751298E-44,1.110223024626E-16,1.));
#1432 = ORIENTED_EDGE('',*,*,#1433,.F.);
#1433 = EDGE_CURVE('',#1434,#1425,#1436,.T.);
#1434 = VERTEX_POINT('',#1435);
#1435 = CARTESIAN_POINT('',(-49.48000000006,69.550978539343,
    23.048747737362));
#1436 = LINE('',#1437,#1438);
#1437 = CARTESIAN_POINT('',(-49.48000000006,69.550978539343,
    21.798747737362));
#1438 = VECTOR('',#1439,1.);
#1439 = DIRECTION('',(4.00746102969E-13,-1.110223024624E-16,-1.));
#1440 = ORIENTED_EDGE('',*,*,#1441,.F.);
#1441 = EDGE_CURVE('',#1442,#1434,#1444,.T.);
#1442 = VERTEX_POINT('',#1443);
#1443 = CARTESIAN_POINT('',(-49.48000000006,69.550978539343,
    25.548747737352));
#1444 = LINE('',#1445,#1446);
#1445 = CARTESIAN_POINT('',(-49.48000000006,69.550978539343,
    24.298747737352));
#1446 = VECTOR('',#1447,1.);
#1447 = DIRECTION('',(4.00390831601E-13,-1.110223024624E-16,-1.));
#1448 = ORIENTED_EDGE('',*,*,#1449,.F.);
#1449 = EDGE_CURVE('',#1450,#1442,#1452,.T.);
#1450 = VERTEX_POINT('',#1451);
#1451 = CARTESIAN_POINT('',(-49.48000000006,69.550978539343,
    25.848747738092));
#1452 = LINE('',#1453,#1454);
#1453 = CARTESIAN_POINT('',(-49.48000000006,69.550978539343,
    25.698747737722));
#1454 = VECTOR('',#1455,1.);
#1455 = DIRECTION('',(4.02640882597E-13,-1.110223024624E-16,-1.));
#1456 = ORIENTED_EDGE('',*,*,#1457,.F.);
#1457 = EDGE_CURVE('',#1458,#1450,#1460,.T.);
#1458 = VERTEX_POINT('',#1459);
#1459 = CARTESIAN_POINT('',(-56.77999999894,69.550978539343,
    25.848747738092));
#1460 = LINE('',#1461,#1462);
#1461 = CARTESIAN_POINT('',(-53.12999999951,69.550978539343,
    25.848747738092));
#1462 = VECTOR('',#1463,1.);
#1463 = DIRECTION('',(1.,2.22044604925E-16,4.00775303416E-13));
#1464 = ORIENTED_EDGE('',*,*,#1465,.T.);
#1465 = EDGE_CURVE('',#1458,#1466,#1468,.T.);
#1466 = VERTEX_POINT('',#1467);
#1467 = CARTESIAN_POINT('',(-61.96073353811,69.550978539343,
    28.048747737342));
#1468 = CIRCLE('',#1469,7.19999998889);
#1469 = AXIS2_PLACEMENT_3D('',#1470,#1471,#1472);
#1470 = CARTESIAN_POINT('',(-56.78000000475,69.550978539343,
    33.048747726983));
#1471 = DIRECTION('',(-2.22044604925E-16,1.,-1.110223024626E-16));
#1472 = DIRECTION('',(-1.089382751298E-44,1.110223024626E-16,1.));
#1473 = ORIENTED_EDGE('',*,*,#1474,.T.);
#1474 = EDGE_CURVE('',#1466,#1475,#1477,.T.);
#1475 = VERTEX_POINT('',#1476);
#1476 = CARTESIAN_POINT('',(-63.53203672878,69.550978539343,
    30.548747737342));
#1477 = CIRCLE('',#1478,7.19999998743);
#1478 = AXIS2_PLACEMENT_3D('',#1479,#1480,#1481);
#1479 = CARTESIAN_POINT('',(-56.78000000971,69.550978539343,
    33.048747730007));
#1480 = DIRECTION('',(-2.22044604925E-16,1.,-1.110223024626E-16));
#1481 = DIRECTION('',(-1.089382751298E-44,1.110223024626E-16,1.));
#1482 = ORIENTED_EDGE('',*,*,#1483,.T.);
#1483 = EDGE_CURVE('',#1475,#1484,#1486,.T.);
#1484 = VERTEX_POINT('',#1485);
#1485 = CARTESIAN_POINT('',(-63.98000000007,69.550978539343,
    33.048747737344));
#1486 = CIRCLE('',#1487,7.20000002369);
#1487 = AXIS2_PLACEMENT_3D('',#1488,#1489,#1490);
#1488 = CARTESIAN_POINT('',(-56.77999997637,69.550978539343,
    33.048747744421));
#1489 = DIRECTION('',(-2.22044604925E-16,1.,-1.110223024626E-16));
#1490 = DIRECTION('',(-1.089382751298E-44,1.110223024626E-16,1.));
#1491 = ORIENTED_EDGE('',*,*,#1492,.T.);
#1492 = EDGE_CURVE('',#1484,#1493,#1495,.T.);
#1493 = VERTEX_POINT('',#1494);
#1494 = CARTESIAN_POINT('',(-63.53203673064,69.550978539343,
    35.548747737342));
#1495 = CIRCLE('',#1496,7.2000000794);
#1496 = AXIS2_PLACEMENT_3D('',#1497,#1498,#1499);
#1497 = CARTESIAN_POINT('',(-56.77999992066,69.550978539343,
    33.04874772532));
#1498 = DIRECTION('',(-2.22044604925E-16,1.,-1.110223024626E-16));
#1499 = DIRECTION('',(-1.089382751298E-44,1.110223024626E-16,1.));
#1500 = ORIENTED_EDGE('',*,*,#1501,.T.);
#1501 = EDGE_CURVE('',#1493,#1502,#1504,.T.);
#1502 = VERTEX_POINT('',#1503);
#1503 = CARTESIAN_POINT('',(-61.96073353812,69.550978539343,
    38.048747737342));
#1504 = CIRCLE('',#1505,7.19999995589);
#1505 = AXIS2_PLACEMENT_3D('',#1506,#1507,#1508);
#1506 = CARTESIAN_POINT('',(-56.78000004001,69.550978539343,
    33.048747758701));
#1507 = DIRECTION('',(-2.22044604925E-16,1.,-1.110223024626E-16));
#1508 = DIRECTION('',(-1.089382751298E-44,1.110223024626E-16,1.));
#1509 = ORIENTED_EDGE('',*,*,#1510,.T.);
#1510 = EDGE_CURVE('',#1502,#1511,#1513,.T.);
#1511 = VERTEX_POINT('',#1512);
#1512 = CARTESIAN_POINT('',(-56.78000000081,69.550978539343,
    40.248747736602));
#1513 = CIRCLE('',#1514,7.19999998047);
#1514 = AXIS2_PLACEMENT_3D('',#1515,#1516,#1517);
#1515 = CARTESIAN_POINT('',(-56.78000000833,69.550978539343,
    33.048747756134));
#1516 = DIRECTION('',(-2.22044604925E-16,1.,-1.110223024626E-16));
#1517 = DIRECTION('',(-1.089382751298E-44,1.110223024626E-16,1.));
#1518 = ORIENTED_EDGE('',*,*,#1519,.F.);
#1519 = EDGE_CURVE('',#1520,#1511,#1522,.T.);
#1520 = VERTEX_POINT('',#1521);
#1521 = CARTESIAN_POINT('',(-49.48000000007,69.550978539343,
    40.248747736602));
#1522 = LINE('',#1523,#1524);
#1523 = CARTESIAN_POINT('',(-53.13000000044,69.550978539343,
    40.248747736602));
#1524 = VECTOR('',#1525,1.);
#1525 = DIRECTION('',(-1.,-2.22044604925E-16,-4.00775303314E-13));
#1526 = ORIENTED_EDGE('',*,*,#1527,.F.);
#1527 = EDGE_CURVE('',#1287,#1520,#1528,.T.);
#1528 = LINE('',#1529,#1530);
#1529 = CARTESIAN_POINT('',(-49.48000000007,69.550978539343,
    40.398747736972));
#1530 = VECTOR('',#1531,1.);
#1531 = DIRECTION('',(3.99680287872E-13,-1.110223024624E-16,-1.));
#1532 = FACE_BOUND('',#1533,.T.);
#1533 = EDGE_LOOP('',(#1534,#1535,#1536,#1537));
#1534 = ORIENTED_EDGE('',*,*,#589,.T.);
#1535 = ORIENTED_EDGE('',*,*,#555,.T.);
#1536 = ORIENTED_EDGE('',*,*,#632,.T.);
#1537 = ORIENTED_EDGE('',*,*,#612,.T.);
#1538 = FACE_BOUND('',#1539,.T.);
#1539 = EDGE_LOOP('',(#1540,#1562,#1582,#1602));
#1540 = ORIENTED_EDGE('',*,*,#1541,.T.);
#1541 = EDGE_CURVE('',#1542,#1544,#1546,.T.);
#1542 = VERTEX_POINT('',#1543);
#1543 = CARTESIAN_POINT('',(-31.7800000008,69.550978539701,
    39.536747737362));
#1544 = VERTEX_POINT('',#1545);
#1545 = CARTESIAN_POINT('',(-38.268,69.550978539701,33.048747737362));
#1546 = B_SPLINE_CURVE_WITH_KNOTS('',5,(#1547,#1548,#1549,#1550,#1551,
    #1552,#1553,#1554,#1555,#1556,#1557,#1558,#1559,#1560,#1561),
  .UNSPECIFIED.,.F.,.F.,(6,3,3,3,6),(0.,4.42152182177,8.84304363422,
    13.2645654313,14.4441816522),.UNSPECIFIED.);
#1547 = CARTESIAN_POINT('',(-31.7800000008,69.550978539343,
    39.536747737252));
#1548 = CARTESIAN_POINT('',(-32.4038996303,69.550978539343,
    39.536747737252));
#1549 = CARTESIAN_POINT('',(-33.0277986473,69.550978539343,
    39.461753372412));
#1550 = CARTESIAN_POINT('',(-33.6397720659,69.550978539343,
    39.311725755192));
#1551 = CARTESIAN_POINT('',(-34.8154601202,69.550978539343,
    38.867585840622));
#1552 = CARTESIAN_POINT('',(-35.8524030136,69.550978539343,
    38.157483042562));
#1553 = CARTESIAN_POINT('',(-36.3255973401,69.550978539343,
    37.741421882342));
#1554 = CARTESIAN_POINT('',(-37.1625582918,69.550978539343,
    36.803872404862));
#1555 = CARTESIAN_POINT('',(-37.7534950727,69.550978539343,
    35.694687903412));
#1556 = CARTESIAN_POINT('',(-37.9806024571,69.550978539343,
    35.106944754782));
#1557 = CARTESIAN_POINT('',(-38.175962604,69.550978539343,
    34.335249541562));
#1558 = CARTESIAN_POINT('',(-38.2519644245,69.550978539343,
    33.54815471923));
#1559 = CARTESIAN_POINT('',(-38.2626617199,69.550978539343,
    33.381649135402));
#1560 = CARTESIAN_POINT('',(-38.2679990788,69.550978539343,
    33.215198594979));
#1561 = CARTESIAN_POINT('',(-38.2679985069,69.550978539343,
    33.048747737354));
#1562 = ORIENTED_EDGE('',*,*,#1563,.T.);
#1563 = EDGE_CURVE('',#1544,#1564,#1566,.T.);
#1564 = VERTEX_POINT('',#1565);
#1565 = CARTESIAN_POINT('',(-31.7800000008,69.550978539701,
    26.560747737362));
#1566 = B_SPLINE_CURVE_WITH_KNOTS('',5,(#1567,#1568,#1569,#1570,#1571,
    #1572,#1573,#1574,#1575,#1576,#1577,#1578,#1579,#1580,#1581),
  .UNSPECIFIED.,.F.,.F.,(6,3,3,3,6),(0.,4.42005585257,8.84011171061,
    13.260202246,14.4394058066),.UNSPECIFIED.);
#1567 = CARTESIAN_POINT('',(-38.2679985069,69.550978539343,
    33.048747737354));
#1568 = CARTESIAN_POINT('',(-38.267996363,69.550978539343,32.42483270399
    ));
#1569 = CARTESIAN_POINT('',(-38.1929958578,69.550978539343,
    31.800914033362));
#1570 = CARTESIAN_POINT('',(-38.0429898892,69.550978539343,
    31.189001973552));
#1571 = CARTESIAN_POINT('',(-37.5988433554,69.550978539343,
    30.013292269412));
#1572 = CARTESIAN_POINT('',(-36.8887118486,69.550978539343,
    28.976319953542));
#1573 = CARTESIAN_POINT('',(-36.4726984326,69.550978539343,
    28.503169877022));
#1574 = CARTESIAN_POINT('',(-35.5351296868,69.550978539343,
    27.666189176512));
#1575 = CARTESIAN_POINT('',(-34.4259013039,69.550978539343,
    27.075237844392));
#1576 = CARTESIAN_POINT('',(-33.8382303979,69.550978539343,
    26.848153500342));
#1577 = CARTESIAN_POINT('',(-33.0665185515,69.550978539343,
    26.652786825672));
#1578 = CARTESIAN_POINT('',(-32.279405988,69.550978539343,
    26.576783275112));
#1579 = CARTESIAN_POINT('',(-32.1129002399,69.550978539343,
    26.566085600582));
#1580 = CARTESIAN_POINT('',(-31.9464501276,69.550978539343,
    26.560747737462));
#1581 = CARTESIAN_POINT('',(-31.7800000008,69.550978539343,
    26.560747737462));
#1582 = ORIENTED_EDGE('',*,*,#1583,.T.);
#1583 = EDGE_CURVE('',#1564,#1584,#1586,.T.);
#1584 = VERTEX_POINT('',#1585);
#1585 = CARTESIAN_POINT('',(-25.292,69.550978539701,33.048747737362));
#1586 = B_SPLINE_CURVE_WITH_KNOTS('',5,(#1587,#1588,#1589,#1590,#1591,
    #1592,#1593,#1594,#1595,#1596,#1597,#1598,#1599,#1600,#1601),
  .UNSPECIFIED.,.F.,.F.,(6,3,3,3,6),(0.,4.42152179426,8.84304360874,
    13.2645654411,14.4441816525),.UNSPECIFIED.);
#1587 = CARTESIAN_POINT('',(-31.7800000008,69.550978539343,
    26.560747737462));
#1588 = CARTESIAN_POINT('',(-31.1561003744,69.550978539343,
    26.560747737462));
#1589 = CARTESIAN_POINT('',(-30.5322013606,69.550978539343,
    26.635742101502));
#1590 = CARTESIAN_POINT('',(-29.920227928,69.550978539343,
    26.785769720072));
#1591 = CARTESIAN_POINT('',(-28.7445398759,69.550978539343,
    27.229909634322));
#1592 = CARTESIAN_POINT('',(-27.7075969844,69.550978539343,
    27.940012431402));
#1593 = CARTESIAN_POINT('',(-27.2344026605,69.550978539343,
    28.356073594122));
#1594 = CARTESIAN_POINT('',(-26.3974417047,69.550978539343,
    29.293623076952));
#1595 = CARTESIAN_POINT('',(-25.8065049221,69.550978539343,
    30.402807585662));
#1596 = CARTESIAN_POINT('',(-25.5793975446,69.550978539343,
    30.990550713992));
#1597 = CARTESIAN_POINT('',(-25.3840373961,69.550978539343,
    31.762245931922));
#1598 = CARTESIAN_POINT('',(-25.3080355757,69.550978539343,
    32.549340758828));
#1599 = CARTESIAN_POINT('',(-25.2973382798,69.550978539343,
    32.71584634129));
#1600 = CARTESIAN_POINT('',(-25.2920009209,69.550978539343,
    32.882296880698));
#1601 = CARTESIAN_POINT('',(-25.2920014929,69.550978539343,
    33.048747737359));
#1602 = ORIENTED_EDGE('',*,*,#1603,.T.);
#1603 = EDGE_CURVE('',#1584,#1542,#1604,.T.);
#1604 = B_SPLINE_CURVE_WITH_KNOTS('',5,(#1605,#1606,#1607,#1608,#1609,
    #1610,#1611,#1612,#1613,#1614,#1615,#1616,#1617,#1618,#1619),
  .UNSPECIFIED.,.F.,.F.,(6,3,3,3,6),(0.,4.42005585091,8.84011170878,
    13.2602022396,14.439405807),.UNSPECIFIED.);
#1605 = CARTESIAN_POINT('',(-25.2920014929,69.550978539343,
    33.048747737359));
#1606 = CARTESIAN_POINT('',(-25.292003637,69.550978539343,
    33.672662770787));
#1607 = CARTESIAN_POINT('',(-25.3670041423,69.550978539343,
    34.296581442312));
#1608 = CARTESIAN_POINT('',(-25.5170101108,69.550978539343,
    34.908493501752));
#1609 = CARTESIAN_POINT('',(-25.9611566442,69.550978539343,
    36.084203205002));
#1610 = CARTESIAN_POINT('',(-26.6712881517,69.550978539343,
    37.121175521932));
#1611 = CARTESIAN_POINT('',(-27.0873015675,69.550978539343,
    37.594325597782));
#1612 = CARTESIAN_POINT('',(-28.0248703122,69.550978539343,
    38.431306297602));
#1613 = CARTESIAN_POINT('',(-29.1340986949,69.550978539343,
    39.022257630002));
#1614 = CARTESIAN_POINT('',(-29.7217696034,69.550978539343,
    39.249341974852));
#1615 = CARTESIAN_POINT('',(-30.4934814488,69.550978539343,
    39.444708649302));
#1616 = CARTESIAN_POINT('',(-31.2805940112,69.550978539343,
    39.520712199802));
#1617 = CARTESIAN_POINT('',(-31.44709976,69.550978539343,39.531409874072
    ));
#1618 = CARTESIAN_POINT('',(-31.6135498732,69.550978539343,
    39.536747737252));
#1619 = CARTESIAN_POINT('',(-31.7800000008,69.550978539343,
    39.536747737252));
#1620 = PLANE('',#1621);
#1621 = AXIS2_PLACEMENT_3D('',#1622,#1623,#1624);
#1622 = CARTESIAN_POINT('',(-17.9,69.550978539343,48.048747737362));
#1623 = DIRECTION('',(-2.22044604925E-16,1.,-1.110223024626E-16));
#1624 = DIRECTION('',(-1.,-2.22044604925E-16,-4.00617039642E-13));
#1625 = ADVANCED_FACE('',(#1626),#1654,.F.);
#1626 = FACE_BOUND('',#1627,.F.);
#1627 = EDGE_LOOP('',(#1628,#1629,#1638,#1646,#1653));
#1628 = ORIENTED_EDGE('',*,*,#692,.F.);
#1629 = ORIENTED_EDGE('',*,*,#1630,.T.);
#1630 = EDGE_CURVE('',#693,#1631,#1633,.T.);
#1631 = VERTEX_POINT('',#1632);
#1632 = CARTESIAN_POINT('',(2.1,51.550978539343,48.798747737362));
#1633 = CIRCLE('',#1634,1.);
#1634 = AXIS2_PLACEMENT_3D('',#1635,#1636,#1637);
#1635 = CARTESIAN_POINT('',(2.1000000008,52.550978539343,48.798747737362
    ));
#1636 = DIRECTION('',(-1.,-2.22044604925E-16,-4.00617039642E-13));
#1637 = DIRECTION('',(-4.00617039642E-13,1.110223024624E-16,1.));
#1638 = ORIENTED_EDGE('',*,*,#1639,.T.);
#1639 = EDGE_CURVE('',#1631,#1640,#1642,.T.);
#1640 = VERTEX_POINT('',#1641);
#1641 = CARTESIAN_POINT('',(-19.8999999992,51.550978539343,
    48.798747737362));
#1642 = LINE('',#1643,#1644);
#1643 = CARTESIAN_POINT('',(-32.9003362048,51.550978539343,
    48.798747737362));
#1644 = VECTOR('',#1645,1.);
#1645 = DIRECTION('',(-1.,-2.22044604925E-16,-4.00617039631E-13));
#1646 = ORIENTED_EDGE('',*,*,#1647,.F.);
#1647 = EDGE_CURVE('',#648,#1640,#1648,.T.);
#1648 = CIRCLE('',#1649,1.);
#1649 = AXIS2_PLACEMENT_3D('',#1650,#1651,#1652);
#1650 = CARTESIAN_POINT('',(-19.8999999992,52.550978539343,
    48.798747737362));
#1651 = DIRECTION('',(-1.,-2.22044604925E-16,-4.00617039642E-13));
#1652 = DIRECTION('',(-4.00617039642E-13,1.110223024624E-16,1.));
#1653 = ORIENTED_EDGE('',*,*,#674,.T.);
#1654 = CYLINDRICAL_SURFACE('',#1655,1.);
#1655 = AXIS2_PLACEMENT_3D('',#1656,#1657,#1658);
#1656 = CARTESIAN_POINT('',(-32.9003362048,52.550978539343,
    48.798747737362));
#1657 = DIRECTION('',(-1.,-2.22044604925E-16,-4.00617039642E-13));
#1658 = DIRECTION('',(4.00617039642E-13,-1.110223024625E-16,-1.));
#1659 = ADVANCED_FACE('',(#1660),#1680,.F.);
#1660 = FACE_BOUND('',#1661,.F.);
#1661 = EDGE_LOOP('',(#1662,#1663,#1672,#1679));
#1662 = ORIENTED_EDGE('',*,*,#657,.T.);
#1663 = ORIENTED_EDGE('',*,*,#1664,.T.);
#1664 = EDGE_CURVE('',#650,#1665,#1667,.T.);
#1665 = VERTEX_POINT('',#1666);
#1666 = CARTESIAN_POINT('',(-19.9,44.833978539343,24.048747737362));
#1667 = CIRCLE('',#1668,7.);
#1668 = AXIS2_PLACEMENT_3D('',#1669,#1670,#1671);
#1669 = CARTESIAN_POINT('',(-19.9,44.833978539343,31.048747737362));
#1670 = DIRECTION('',(-1.,-2.220446049248E-16,-4.00617039642E-13));
#1671 = DIRECTION('',(-4.00617039642E-13,1.110223024624E-16,1.));
#1672 = ORIENTED_EDGE('',*,*,#1673,.T.);
#1673 = EDGE_CURVE('',#1665,#1139,#1674,.T.);
#1674 = CIRCLE('',#1675,1.);
#1675 = AXIS2_PLACEMENT_3D('',#1676,#1677,#1678);
#1676 = CARTESIAN_POINT('',(-20.9,44.833978539343,24.048747737362));
#1677 = DIRECTION('',(-2.22044604925E-16,1.,-1.238048308132E-16));
#1678 = DIRECTION('',(-2.838291457574E-33,1.238048308132E-16,1.));
#1679 = ORIENTED_EDGE('',*,*,#1138,.F.);
#1680 = TOROIDAL_SURFACE('',#1681,7.,1.);
#1681 = AXIS2_PLACEMENT_3D('',#1682,#1683,#1684);
#1682 = CARTESIAN_POINT('',(-20.9,44.833978539343,31.048747737362));
#1683 = DIRECTION('',(-1.,-2.22044604925E-16,-4.00617039642E-13));
#1684 = DIRECTION('',(-2.220446049252E-16,1.,4.810966440045E-16));
#1685 = ADVANCED_FACE('',(#1686),#1789,.T.);
#1686 = FACE_BOUND('',#1687,.T.);
#1687 = EDGE_LOOP('',(#1688,#1699,#1707,#1716,#1724,#1733,#1741,#1749,
    #1757,#1763,#1764,#1765,#1766,#1774,#1783));
#1688 = ORIENTED_EDGE('',*,*,#1689,.F.);
#1689 = EDGE_CURVE('',#1690,#1692,#1694,.T.);
#1690 = VERTEX_POINT('',#1691);
#1691 = CARTESIAN_POINT('',(-19.9,39.810574177443,38.802354585782));
#1692 = VERTEX_POINT('',#1693);
#1693 = CARTESIAN_POINT('',(-19.9,40.065363639843,38.043071797522));
#1694 = CIRCLE('',#1695,2.00000007475);
#1695 = AXIS2_PLACEMENT_3D('',#1696,#1697,#1698);
#1696 = CARTESIAN_POINT('',(-19.9,38.080271264143,37.799333087022));
#1697 = DIRECTION('',(-1.,-2.22044604925E-16,-4.00617039642E-13));
#1698 = DIRECTION('',(-4.00617039642E-13,1.110223024624E-16,1.));
#1699 = ORIENTED_EDGE('',*,*,#1700,.T.);
#1700 = EDGE_CURVE('',#1690,#1701,#1703,.T.);
#1701 = VERTEX_POINT('',#1702);
#1702 = CARTESIAN_POINT('',(-19.9,35.281500667143,46.615416380062));
#1703 = LINE('',#1704,#1705);
#1704 = CARTESIAN_POINT('',(-19.9,37.546037422343,42.708885482912));
#1705 = VECTOR('',#1706,1.);
#1706 = DIRECTION('',(-3.460780264772E-13,-0.501510737294,0.865151420492
    ));
#1707 = ORIENTED_EDGE('',*,*,#1708,.T.);
#1708 = EDGE_CURVE('',#1701,#1709,#1711,.T.);
#1709 = VERTEX_POINT('',#1710);
#1710 = CARTESIAN_POINT('',(-19.9,36.011803509543,49.350488663162));
#1711 = CIRCLE('',#1712,1.99999999959);
#1712 = AXIS2_PLACEMENT_3D('',#1713,#1714,#1715);
#1713 = CARTESIAN_POINT('',(-19.9,37.011803507543,47.618437854862));
#1714 = DIRECTION('',(-1.,-2.22044604925E-16,-4.00617039642E-13));
#1715 = DIRECTION('',(-4.00617039642E-13,1.110223024624E-16,1.));
#1716 = ORIENTED_EDGE('',*,*,#1717,.F.);
#1717 = EDGE_CURVE('',#1718,#1709,#1720,.T.);
#1718 = VERTEX_POINT('',#1719);
#1719 = CARTESIAN_POINT('',(-19.9,39.009986990943,51.081490703362));
#1720 = LINE('',#1721,#1722);
#1721 = CARTESIAN_POINT('',(-19.9,37.510895250243,50.215989683262));
#1722 = VECTOR('',#1723,1.);
#1723 = DIRECTION('',(2.013277845339E-13,-0.866025403766,-0.500000000031
    ));
#1724 = ORIENTED_EDGE('',*,*,#1725,.F.);
#1725 = EDGE_CURVE('',#1726,#1718,#1728,.T.);
#1726 = VERTEX_POINT('',#1727);
#1727 = CARTESIAN_POINT('',(-19.9,42.109986990543,56.450848205462));
#1728 = CIRCLE('',#1729,6.19999999056);
#1729 = AXIS2_PLACEMENT_3D('',#1730,#1731,#1732);
#1730 = CARTESIAN_POINT('',(-19.9,35.909986999943,56.450848201162));
#1731 = DIRECTION('',(-1.,-2.22044604925E-16,-4.00617039642E-13));
#1732 = DIRECTION('',(-4.00617039642E-13,1.110223024624E-16,1.));
#1733 = ORIENTED_EDGE('',*,*,#1734,.T.);
#1734 = EDGE_CURVE('',#1726,#1735,#1737,.T.);
#1735 = VERTEX_POINT('',#1736);
#1736 = CARTESIAN_POINT('',(-19.9,42.109986990843,57.048747737362));
#1737 = LINE('',#1738,#1739);
#1738 = CARTESIAN_POINT('',(-19.9,42.109986990543,56.749797971362));
#1739 = VECTOR('',#1740,1.);
#1740 = DIRECTION('',(-3.92171410534E-13,1.110223024624E-16,1.));
#1741 = ORIENTED_EDGE('',*,*,#1742,.F.);
#1742 = EDGE_CURVE('',#1743,#1735,#1745,.T.);
#1743 = VERTEX_POINT('',#1744);
#1744 = CARTESIAN_POINT('',(-19.9,47.550978539643,57.048747737362));
#1745 = LINE('',#1746,#1747);
#1746 = CARTESIAN_POINT('',(-19.9,44.830482764943,57.048747737362));
#1747 = VECTOR('',#1748,1.);
#1748 = DIRECTION('',(2.22044604925E-16,-1.,1.110223024625E-16));
#1749 = ORIENTED_EDGE('',*,*,#1750,.T.);
#1750 = EDGE_CURVE('',#1743,#1751,#1753,.T.);
#1751 = VERTEX_POINT('',#1752);
#1752 = CARTESIAN_POINT('',(-19.9,51.550978539343,53.048747737362));
#1753 = LINE('',#1754,#1755);
#1754 = CARTESIAN_POINT('',(-19.9,49.550978539343,55.048747737362));
#1755 = VECTOR('',#1756,1.);
#1756 = DIRECTION('',(2.824596333166E-13,0.707106781187,-0.707106781187)
  );
#1757 = ORIENTED_EDGE('',*,*,#1758,.T.);
#1758 = EDGE_CURVE('',#1751,#1640,#1759,.T.);
#1759 = LINE('',#1760,#1761);
#1760 = CARTESIAN_POINT('',(-19.9,51.550978539343,50.923747737362));
#1761 = VECTOR('',#1762,1.);
#1762 = DIRECTION('',(4.01247662547E-13,-1.110223024624E-16,-1.));
#1763 = ORIENTED_EDGE('',*,*,#1647,.F.);
#1764 = ORIENTED_EDGE('',*,*,#647,.T.);
#1765 = ORIENTED_EDGE('',*,*,#1664,.T.);
#1766 = ORIENTED_EDGE('',*,*,#1767,.T.);
#1767 = EDGE_CURVE('',#1665,#1768,#1770,.T.);
#1768 = VERTEX_POINT('',#1769);
#1769 = CARTESIAN_POINT('',(-19.9,34.775825379243,24.048747737362));
#1770 = LINE('',#1771,#1772);
#1771 = CARTESIAN_POINT('',(-19.9,39.804901959243,24.048747737362));
#1772 = VECTOR('',#1773,1.);
#1773 = DIRECTION('',(2.22044604925E-16,-1.,1.110223024625E-16));
#1774 = ORIENTED_EDGE('',*,*,#1775,.F.);
#1775 = EDGE_CURVE('',#1776,#1768,#1778,.T.);
#1776 = VERTEX_POINT('',#1777);
#1777 = CARTESIAN_POINT('',(-19.9,40.929611518843,31.004337666962));
#1778 = CIRCLE('',#1779,6.20000000044);
#1779 = AXIS2_PLACEMENT_3D('',#1780,#1781,#1782);
#1780 = CARTESIAN_POINT('',(-19.9,34.775825378243,30.248747737802));
#1781 = DIRECTION('',(-1.,-2.22044604925E-16,-4.00617039642E-13));
#1782 = DIRECTION('',(-4.00617039642E-13,1.110223024624E-16,1.));
#1783 = ORIENTED_EDGE('',*,*,#1784,.T.);
#1784 = EDGE_CURVE('',#1776,#1692,#1785,.T.);
#1785 = LINE('',#1786,#1787);
#1786 = CARTESIAN_POINT('',(-19.9,40.497487579343,34.523704732242));
#1787 = VECTOR('',#1788,1.);
#1788 = DIRECTION('',(-3.977473669281E-13,-0.121869343333,0.99254615165)
  );
#1789 = PLANE('',#1790);
#1790 = AXIS2_PLACEMENT_3D('',#1791,#1792,#1793);
#1791 = CARTESIAN_POINT('',(-19.9,69.550978539343,48.048747737362));
#1792 = DIRECTION('',(-1.,-2.22044604925E-16,-4.00617039642E-13));
#1793 = DIRECTION('',(2.22044604925E-16,-1.,1.110223024626E-16));
#1794 = ADVANCED_FACE('',(#1795,#2184),#2204,.F.);
#1795 = FACE_BOUND('',#1796,.T.);
#1796 = EDGE_LOOP('',(#1797,#1807,#1815,#1823,#1831,#1839,#1862,#1870,
    #1878,#1886,#1909,#1917,#1925,#1933,#1956,#1964,#1972,#1980,#1997,
    #2006,#2007,#2016,#2033,#2041,#2049,#2057,#2080,#2088,#2096,#2104,
    #2127,#2135,#2143,#2151,#2160,#2161,#2162,#2170,#2178));
#1797 = ORIENTED_EDGE('',*,*,#1798,.T.);
#1798 = EDGE_CURVE('',#1799,#1801,#1803,.T.);
#1799 = VERTEX_POINT('',#1800);
#1800 = CARTESIAN_POINT('',(2.1,16.742732131643,58.048747737362));
#1801 = VERTEX_POINT('',#1802);
#1802 = CARTESIAN_POINT('',(2.1,16.550978539343,57.887847368062));
#1803 = LINE('',#1804,#1805);
#1804 = CARTESIAN_POINT('',(2.1,16.646855335543,57.968297552762));
#1805 = VECTOR('',#1806,1.);
#1806 = DIRECTION('',(2.556420150021E-13,-0.766044441791,-0.64278761127)
  );
#1807 = ORIENTED_EDGE('',*,*,#1808,.T.);
#1808 = EDGE_CURVE('',#1801,#1809,#1811,.T.);
#1809 = VERTEX_POINT('',#1810);
#1810 = CARTESIAN_POINT('',(2.1,16.550978539343,14.748747736662));
#1811 = LINE('',#1812,#1813);
#1812 = CARTESIAN_POINT('',(2.1,16.550978539343,36.318297552352));
#1813 = VECTOR('',#1814,1.);
#1814 = DIRECTION('',(4.00738654926E-13,-1.110223024624E-16,-1.));
#1815 = ORIENTED_EDGE('',*,*,#1816,.T.);
#1816 = EDGE_CURVE('',#1809,#1817,#1819,.T.);
#1817 = VERTEX_POINT('',#1818);
#1818 = CARTESIAN_POINT('',(2.1,70.501978538762,14.748747736662));
#1819 = LINE('',#1820,#1821);
#1820 = CARTESIAN_POINT('',(2.1,43.526478539043,14.748747736662));
#1821 = VECTOR('',#1822,1.);
#1822 = DIRECTION('',(-2.22044604925E-16,1.,-1.110223024625E-16));
#1823 = ORIENTED_EDGE('',*,*,#1824,.F.);
#1824 = EDGE_CURVE('',#1825,#1817,#1827,.T.);
#1825 = VERTEX_POINT('',#1826);
#1826 = CARTESIAN_POINT('',(2.1,70.501978538762,17.326482551562));
#1827 = LINE('',#1828,#1829);
#1828 = CARTESIAN_POINT('',(2.1,70.501978538762,16.037615144062));
#1829 = VECTOR('',#1830,1.);
#1830 = DIRECTION('',(4.02443412018E-13,-1.110223024624E-16,-1.));
#1831 = ORIENTED_EDGE('',*,*,#1832,.F.);
#1832 = EDGE_CURVE('',#1833,#1825,#1835,.T.);
#1833 = VERTEX_POINT('',#1834);
#1834 = CARTESIAN_POINT('',(2.1,69.700978540044,17.788940115862));
#1835 = LINE('',#1836,#1837);
#1836 = CARTESIAN_POINT('',(2.1,70.101478539239,17.557711334362));
#1837 = VECTOR('',#1838,1.);
#1838 = DIRECTION('',(1.995461502394E-13,0.866025403541,-0.500000000422)
  );
#1839 = ORIENTED_EDGE('',*,*,#1840,.F.);
#1840 = EDGE_CURVE('',#1841,#1833,#1843,.T.);
#1841 = VERTEX_POINT('',#1842);
#1842 = CARTESIAN_POINT('',(2.1,69.700978539716,18.308555359462));
#1843 = B_SPLINE_CURVE_WITH_KNOTS('',5,(#1844,#1845,#1846,#1847,#1848,
    #1849,#1850,#1851,#1852,#1853,#1854,#1855,#1856,#1857,#1858,#1859,
    #1860,#1861),.UNSPECIFIED.,.F.,.F.,(6,3,3,3,3,6),(0.,0.177393337216,
    0.354786673596,0.532180011379,0.709573347759,0.886966685852),
  .UNSPECIFIED.);
#1844 = CARTESIAN_POINT('',(2.1,69.700978539716,18.308555357562));
#1845 = CARTESIAN_POINT('',(2.1,69.679331630294,18.296057508662));
#1846 = CARTESIAN_POINT('',(2.1,69.658986639292,18.281305213762));
#1847 = CARTESIAN_POINT('',(2.1,69.63976397344,18.263997200462));
#1848 = CARTESIAN_POINT('',(2.1,69.606167113507,18.226613313362));
#1849 = CARTESIAN_POINT('',(2.1,69.580995563039,18.183109422962));
#1850 = CARTESIAN_POINT('',(2.1,69.570474587348,18.159479204162));
#1851 = CARTESIAN_POINT('',(2.1,69.55498772539,18.111662249762));
#1852 = CARTESIAN_POINT('',(2.1,69.549686996283,18.061681276162));
#1853 = CARTESIAN_POINT('',(2.1,69.549686883286,18.035814729662));
#1854 = CARTESIAN_POINT('',(2.1,69.554987838286,17.985832693862));
#1855 = CARTESIAN_POINT('',(2.1,69.570474474553,17.938016801762));
#1856 = CARTESIAN_POINT('',(2.1,69.580995243787,17.914386490962));
#1857 = CARTESIAN_POINT('',(2.1,69.606167432725,17.870881721962));
#1858 = CARTESIAN_POINT('',(2.1,69.639763654544,17.833498713462));
#1859 = CARTESIAN_POINT('',(2.1,69.658986372006,17.816190413662));
#1860 = CARTESIAN_POINT('',(2.1,69.679331630216,17.801437964462));
#1861 = CARTESIAN_POINT('',(2.1,69.700978539716,17.788940115262));
#1862 = ORIENTED_EDGE('',*,*,#1863,.T.);
#1863 = EDGE_CURVE('',#1841,#1864,#1866,.T.);
#1864 = VERTEX_POINT('',#1865);
#1865 = CARTESIAN_POINT('',(2.1,70.501978538762,18.771012925062));
#1866 = LINE('',#1867,#1868);
#1867 = CARTESIAN_POINT('',(2.1,70.101478539239,18.539784142262));
#1868 = VECTOR('',#1869,1.);
#1869 = DIRECTION('',(-1.999307427765E-13,0.866025403541,0.500000000422)
  );
#1870 = ORIENTED_EDGE('',*,*,#1871,.F.);
#1871 = EDGE_CURVE('',#1872,#1864,#1874,.T.);
#1872 = VERTEX_POINT('',#1873);
#1873 = CARTESIAN_POINT('',(2.1,70.501978538762,19.826482551562));
#1874 = LINE('',#1875,#1876);
#1875 = CARTESIAN_POINT('',(2.1,70.501978538762,19.298747738262));
#1876 = VECTOR('',#1877,1.);
#1877 = DIRECTION('',(4.03920331507E-13,-1.110223024624E-16,-1.));
#1878 = ORIENTED_EDGE('',*,*,#1879,.F.);
#1879 = EDGE_CURVE('',#1880,#1872,#1882,.T.);
#1880 = VERTEX_POINT('',#1881);
#1881 = CARTESIAN_POINT('',(2.1,69.700978540044,20.288940115862));
#1882 = LINE('',#1883,#1884);
#1883 = CARTESIAN_POINT('',(2.1,70.101478539239,20.057711334362));
#1884 = VECTOR('',#1885,1.);
#1885 = DIRECTION('',(1.995461502394E-13,0.866025403541,-0.500000000422)
  );
#1886 = ORIENTED_EDGE('',*,*,#1887,.F.);
#1887 = EDGE_CURVE('',#1888,#1880,#1890,.T.);
#1888 = VERTEX_POINT('',#1889);
#1889 = CARTESIAN_POINT('',(2.1,69.700978539716,20.808555359462));
#1890 = B_SPLINE_CURVE_WITH_KNOTS('',5,(#1891,#1892,#1893,#1894,#1895,
    #1896,#1897,#1898,#1899,#1900,#1901,#1902,#1903,#1904,#1905,#1906,
    #1907,#1908),.UNSPECIFIED.,.F.,.F.,(6,3,3,3,3,6),(0.,0.177393337216,
    0.354786673596,0.532180011379,0.709573347759,0.886966685852),
  .UNSPECIFIED.);
#1891 = CARTESIAN_POINT('',(2.1,69.700978539716,20.808555357562));
#1892 = CARTESIAN_POINT('',(2.1,69.679331630294,20.796057508662));
#1893 = CARTESIAN_POINT('',(2.1,69.658986639292,20.781305213762));
#1894 = CARTESIAN_POINT('',(2.1,69.639763973439,20.763997200462));
#1895 = CARTESIAN_POINT('',(2.1,69.606167113507,20.726613313362));
#1896 = CARTESIAN_POINT('',(2.1,69.580995563038,20.683109422962));
#1897 = CARTESIAN_POINT('',(2.1,69.570474587348,20.659479204162));
#1898 = CARTESIAN_POINT('',(2.1,69.55498772539,20.611662249762));
#1899 = CARTESIAN_POINT('',(2.1,69.549686996283,20.561681276162));
#1900 = CARTESIAN_POINT('',(2.1,69.549686883286,20.535814729662));
#1901 = CARTESIAN_POINT('',(2.1,69.554987838286,20.485832693862));
#1902 = CARTESIAN_POINT('',(2.1,69.570474474553,20.438016801762));
#1903 = CARTESIAN_POINT('',(2.1,69.580995243787,20.414386490962));
#1904 = CARTESIAN_POINT('',(2.1,69.606167432726,20.370881721962));
#1905 = CARTESIAN_POINT('',(2.1,69.639763654544,20.333498713462));
#1906 = CARTESIAN_POINT('',(2.1,69.658986372006,20.316190413662));
#1907 = CARTESIAN_POINT('',(2.1,69.679331630216,20.301437964462));
#1908 = CARTESIAN_POINT('',(2.1,69.700978539716,20.288940115262));
#1909 = ORIENTED_EDGE('',*,*,#1910,.T.);
#1910 = EDGE_CURVE('',#1888,#1911,#1913,.T.);
#1911 = VERTEX_POINT('',#1912);
#1912 = CARTESIAN_POINT('',(2.1,70.501978538762,21.271012925062));
#1913 = LINE('',#1914,#1915);
#1914 = CARTESIAN_POINT('',(2.1,70.101478539239,21.039784142262));
#1915 = VECTOR('',#1916,1.);
#1916 = DIRECTION('',(-1.999307427765E-13,0.866025403541,0.500000000422)
  );
#1917 = ORIENTED_EDGE('',*,*,#1918,.F.);
#1918 = EDGE_CURVE('',#1919,#1911,#1921,.T.);
#1919 = VERTEX_POINT('',#1920);
#1920 = CARTESIAN_POINT('',(2.1,70.501978538762,22.326482551562));
#1921 = LINE('',#1922,#1923);
#1922 = CARTESIAN_POINT('',(2.1,70.501978538762,21.798747738262));
#1923 = VECTOR('',#1924,1.);
#1924 = DIRECTION('',(4.03920331507E-13,-1.110223024624E-16,-1.));
#1925 = ORIENTED_EDGE('',*,*,#1926,.F.);
#1926 = EDGE_CURVE('',#1927,#1919,#1929,.T.);
#1927 = VERTEX_POINT('',#1928);
#1928 = CARTESIAN_POINT('',(2.1,69.700978540044,22.788940115862));
#1929 = LINE('',#1930,#1931);
#1930 = CARTESIAN_POINT('',(2.1,70.101478539239,22.557711334362));
#1931 = VECTOR('',#1932,1.);
#1932 = DIRECTION('',(1.995461502394E-13,0.866025403541,-0.500000000422)
  );
#1933 = ORIENTED_EDGE('',*,*,#1934,.F.);
#1934 = EDGE_CURVE('',#1935,#1927,#1937,.T.);
#1935 = VERTEX_POINT('',#1936);
#1936 = CARTESIAN_POINT('',(2.1,69.700978539716,23.308555359432));
#1937 = B_SPLINE_CURVE_WITH_KNOTS('',5,(#1938,#1939,#1940,#1941,#1942,
    #1943,#1944,#1945,#1946,#1947,#1948,#1949,#1950,#1951,#1952,#1953,
    #1954,#1955),.UNSPECIFIED.,.F.,.F.,(6,3,3,3,3,6),(0.,0.177393337216,
    0.354786673596,0.532180011379,0.709573347759,0.886966685852),
  .UNSPECIFIED.);
#1938 = CARTESIAN_POINT('',(2.1,69.700978539716,23.308555357572));
#1939 = CARTESIAN_POINT('',(2.1,69.679331630294,23.296057508622));
#1940 = CARTESIAN_POINT('',(2.1,69.658986639292,23.281305213762));
#1941 = CARTESIAN_POINT('',(2.1,69.63976397344,23.263997200472));
#1942 = CARTESIAN_POINT('',(2.1,69.606167113507,23.226613313352));
#1943 = CARTESIAN_POINT('',(2.1,69.580995563038,23.183109422932));
#1944 = CARTESIAN_POINT('',(2.1,69.570474587348,23.159479204112));
#1945 = CARTESIAN_POINT('',(2.1,69.55498772539,23.111662249742));
#1946 = CARTESIAN_POINT('',(2.1,69.549686996283,23.061681276172));
#1947 = CARTESIAN_POINT('',(2.1,69.549686883286,23.035814729662));
#1948 = CARTESIAN_POINT('',(2.1,69.554987838286,22.985832693862));
#1949 = CARTESIAN_POINT('',(2.1,69.570474474553,22.938016801762));
#1950 = CARTESIAN_POINT('',(2.1,69.580995243787,22.914386490962));
#1951 = CARTESIAN_POINT('',(2.1,69.606167432726,22.870881721962));
#1952 = CARTESIAN_POINT('',(2.1,69.639763654544,22.833498713462));
#1953 = CARTESIAN_POINT('',(2.1,69.658986372006,22.816190413662));
#1954 = CARTESIAN_POINT('',(2.1,69.679331630216,22.801437964462));
#1955 = CARTESIAN_POINT('',(2.1,69.700978539716,22.788940115262));
#1956 = ORIENTED_EDGE('',*,*,#1957,.T.);
#1957 = EDGE_CURVE('',#1935,#1958,#1960,.T.);
#1958 = VERTEX_POINT('',#1959);
#1959 = CARTESIAN_POINT('',(2.1,70.501978538762,23.771012925022));
#1960 = LINE('',#1961,#1962);
#1961 = CARTESIAN_POINT('',(2.1,70.101478539239,23.539784142232));
#1962 = VECTOR('',#1963,1.);
#1963 = DIRECTION('',(-1.999307427765E-13,0.866025403541,0.500000000422)
  );
#1964 = ORIENTED_EDGE('',*,*,#1965,.F.);
#1965 = EDGE_CURVE('',#1966,#1958,#1968,.T.);
#1966 = VERTEX_POINT('',#1967);
#1967 = CARTESIAN_POINT('',(2.1,70.501978538762,24.826482551582));
#1968 = LINE('',#1969,#1970);
#1969 = CARTESIAN_POINT('',(2.1,70.501978538762,24.298747738302));
#1970 = VECTOR('',#1971,1.);
#1971 = DIRECTION('',(4.03920331507E-13,-1.110223024624E-16,-1.));
#1972 = ORIENTED_EDGE('',*,*,#1973,.F.);
#1973 = EDGE_CURVE('',#1974,#1966,#1976,.T.);
#1974 = VERTEX_POINT('',#1975);
#1975 = CARTESIAN_POINT('',(2.1,69.700978540044,25.288940115832));
#1976 = LINE('',#1977,#1978);
#1977 = CARTESIAN_POINT('',(2.1,70.101478539239,25.057711334382));
#1978 = VECTOR('',#1979,1.);
#1979 = DIRECTION('',(1.995461502394E-13,0.866025403541,-0.500000000422)
  );
#1980 = ORIENTED_EDGE('',*,*,#1981,.F.);
#1981 = EDGE_CURVE('',#1982,#1974,#1984,.T.);
#1982 = VERTEX_POINT('',#1983);
#1983 = CARTESIAN_POINT('',(2.0999999995,69.573116169396,25.661851687602
    ));
#1984 = B_SPLINE_CURVE_WITH_KNOTS('',5,(#1985,#1986,#1987,#1988,#1989,
    #1990,#1991,#1992,#1993,#1994,#1995,#1996),.UNSPECIFIED.,.F.,.F.,(6,
    3,3,6),(0.,0.242490740016,0.484981481372,0.606541733707),
  .UNSPECIFIED.);
#1985 = CARTESIAN_POINT('',(2.1,69.573116170074,25.661851687772));
#1986 = CARTESIAN_POINT('',(2.1,69.560262105092,25.630273118052));
#1987 = CARTESIAN_POINT('',(2.1,69.551894520779,25.596868876652));
#1988 = CARTESIAN_POINT('',(2.1,69.548285880514,25.560716042322));
#1989 = CARTESIAN_POINT('',(2.1,69.551477517489,25.491918433882));
#1990 = CARTESIAN_POINT('',(2.1,69.573710038292,25.426728939652));
#1991 = CARTESIAN_POINT('',(2.1,69.590313078189,25.394412215822));
#1992 = CARTESIAN_POINT('',(2.1,69.620368889824,25.352351579502));
#1993 = CARTESIAN_POINT('',(2.1,69.658332175212,25.317821575102));
#1994 = CARTESIAN_POINT('',(2.1,69.671983759297,25.307085756502));
#1995 = CARTESIAN_POINT('',(2.1,69.686176858716,25.297485869872));
#1996 = CARTESIAN_POINT('',(2.1,69.700978539716,25.288940115312));
#1997 = ORIENTED_EDGE('',*,*,#1998,.F.);
#1998 = EDGE_CURVE('',#1350,#1982,#1999,.T.);
#1999 = B_SPLINE_CURVE_WITH_KNOTS('',5,(#2000,#2001,#2002,#2003,#2004,
    #2005),.UNSPECIFIED.,.F.,.F.,(6,6),(0.,0.266622163827),
  .PIECEWISE_BEZIER_KNOTS.);
#2000 = CARTESIAN_POINT('',(2.1,69.550978539343,25.848747738122));
#2001 = CARTESIAN_POINT('',(2.1,69.550978539343,25.811085318012));
#2002 = CARTESIAN_POINT('',(2.1,69.553194897077,25.773422983942));
#2003 = CARTESIAN_POINT('',(2.1,69.557673799981,25.735609933442));
#2004 = CARTESIAN_POINT('',(2.1,69.564317473127,25.698471911922));
#2005 = CARTESIAN_POINT('',(2.1,69.573116170074,25.661851687772));
#2006 = ORIENTED_EDGE('',*,*,#1349,.T.);
#2007 = ORIENTED_EDGE('',*,*,#2008,.T.);
#2008 = EDGE_CURVE('',#1342,#2009,#2011,.T.);
#2009 = VERTEX_POINT('',#2010);
#2010 = CARTESIAN_POINT('',(2.1,69.573116609697,40.435642706302));
#2011 = CIRCLE('',#2012,0.800000006431);
#2012 = AXIS2_PLACEMENT_3D('',#2013,#2014,#2015);
#2013 = CARTESIAN_POINT('',(2.1,70.350978545774,40.248747734142));
#2014 = DIRECTION('',(-1.,-2.22044604925E-16,-4.00617039642E-13));
#2015 = DIRECTION('',(-4.00617039642E-13,1.110223024624E-16,1.));
#2016 = ORIENTED_EDGE('',*,*,#2017,.F.);
#2017 = EDGE_CURVE('',#2018,#2009,#2020,.T.);
#2018 = VERTEX_POINT('',#2019);
#2019 = CARTESIAN_POINT('',(2.1,69.700978540133,40.808555358962));
#2020 = B_SPLINE_CURVE_WITH_KNOTS('',5,(#2021,#2022,#2023,#2024,#2025,
    #2026,#2027,#2028,#2029,#2030,#2031,#2032),.UNSPECIFIED.,.F.,.F.,(6,
    3,3,6),(0.,0.241664220674,0.483328440803,0.604779909461),
  .UNSPECIFIED.);
#2021 = CARTESIAN_POINT('',(2.1,69.700978539716,40.808555359432));
#2022 = CARTESIAN_POINT('',(2.1,69.671380838177,40.791467118602));
#2023 = CARTESIAN_POINT('',(2.1,69.644217033133,40.770164392462));
#2024 = CARTESIAN_POINT('',(2.1,69.619523031205,40.744206582992));
#2025 = CARTESIAN_POINT('',(2.1,69.579679926431,40.687819045302));
#2026 = CARTESIAN_POINT('',(2.1,69.557161561034,40.622553150762));
#2027 = CARTESIAN_POINT('',(2.1,69.550502786062,40.587349993432));
#2028 = CARTESIAN_POINT('',(2.1,69.54834403399,40.535523711022));
#2029 = CARTESIAN_POINT('',(2.1,69.557118208335,40.484793683942));
#2030 = CARTESIAN_POINT('',(2.1,69.561303899655,40.467923002782));
#2031 = CARTESIAN_POINT('',(2.1,69.56664103321,40.451551072192));
#2032 = CARTESIAN_POINT('',(2.1,69.573116609658,40.435642706642));
#2033 = ORIENTED_EDGE('',*,*,#2034,.T.);
#2034 = EDGE_CURVE('',#2018,#2035,#2037,.T.);
#2035 = VERTEX_POINT('',#2036);
#2036 = CARTESIAN_POINT('',(2.1,70.50197854008,41.271012924552));
#2037 = LINE('',#2038,#2039);
#2038 = CARTESIAN_POINT('',(2.1,70.101478539239,41.039784142232));
#2039 = VECTOR('',#2040,1.);
#2040 = DIRECTION('',(-1.999307427765E-13,0.866025403541,0.500000000422)
  );
#2041 = ORIENTED_EDGE('',*,*,#2042,.F.);
#2042 = EDGE_CURVE('',#2043,#2035,#2045,.T.);
#2043 = VERTEX_POINT('',#2044);
#2044 = CARTESIAN_POINT('',(2.1,70.501978538762,42.326482549722));
#2045 = LINE('',#2046,#2047);
#2046 = CARTESIAN_POINT('',(2.1,70.501978538762,41.798747737372));
#2047 = VECTOR('',#2048,1.);
#2048 = DIRECTION('',(3.97188326683E-13,-1.110223024624E-16,-1.));
#2049 = ORIENTED_EDGE('',*,*,#2050,.F.);
#2050 = EDGE_CURVE('',#2051,#2043,#2053,.T.);
#2051 = VERTEX_POINT('',#2052);
#2052 = CARTESIAN_POINT('',(2.1,69.70097853899,42.788940116442));
#2053 = LINE('',#2054,#2055);
#2054 = CARTESIAN_POINT('',(2.1,70.101478539239,42.557711332512));
#2055 = VECTOR('',#2056,1.);
#2056 = DIRECTION('',(1.995461502394E-13,0.866025403541,-0.500000000422)
  );
#2057 = ORIENTED_EDGE('',*,*,#2058,.F.);
#2058 = EDGE_CURVE('',#2059,#2051,#2061,.T.);
#2059 = VERTEX_POINT('',#2060);
#2060 = CARTESIAN_POINT('',(2.1,69.700978540133,43.308555358962));
#2061 = B_SPLINE_CURVE_WITH_KNOTS('',5,(#2062,#2063,#2064,#2065,#2066,
    #2067,#2068,#2069,#2070,#2071,#2072,#2073,#2074,#2075,#2076,#2077,
    #2078,#2079),.UNSPECIFIED.,.F.,.F.,(6,3,3,3,3,6),(0.,0.177068305383,
    0.354136611128,0.53120491708,0.708273221626,0.885341527888),
  .UNSPECIFIED.);
#2062 = CARTESIAN_POINT('',(2.1,69.700978539716,43.308555359462));
#2063 = CARTESIAN_POINT('',(2.1,69.679292189788,43.296034739562));
#2064 = CARTESIAN_POINT('',(2.1,69.658912489203,43.281251552462));
#2065 = CARTESIAN_POINT('',(2.1,69.639825136495,43.264065395662));
#2066 = CARTESIAN_POINT('',(2.1,69.606159488195,43.226618810062));
#2067 = CARTESIAN_POINT('',(2.1,69.580949650211,43.183030241162));
#2068 = CARTESIAN_POINT('',(2.1,69.570502726018,43.159566379362));
#2069 = CARTESIAN_POINT('',(2.1,69.554978524425,43.111664168362));
#2070 = CARTESIAN_POINT('',(2.1,69.549677259684,43.061590264262));
#2071 = CARTESIAN_POINT('',(2.1,69.549677131796,43.035905812872));
#2072 = CARTESIAN_POINT('',(2.1,69.554978652444,42.985830704152));
#2073 = CARTESIAN_POINT('',(2.1,69.570502597726,42.937929698022));
#2074 = CARTESIAN_POINT('',(2.1,69.580949288531,42.914465733462));
#2075 = CARTESIAN_POINT('',(2.1,69.606159850345,42.870876168052));
#2076 = CARTESIAN_POINT('',(2.1,69.639824774565,42.833430578902));
#2077 = CARTESIAN_POINT('',(2.1,69.658911955756,42.816244230502));
#2078 = CARTESIAN_POINT('',(2.1,69.679292189718,42.801460735322));
#2079 = CARTESIAN_POINT('',(2.1,69.700978539716,42.788940115312));
#2080 = ORIENTED_EDGE('',*,*,#2081,.T.);
#2081 = EDGE_CURVE('',#2059,#2082,#2084,.T.);
#2082 = VERTEX_POINT('',#2083);
#2083 = CARTESIAN_POINT('',(2.1,70.50197854008,43.771012924562));
#2084 = LINE('',#2085,#2086);
#2085 = CARTESIAN_POINT('',(2.1,70.101478539239,43.539784142262));
#2086 = VECTOR('',#2087,1.);
#2087 = DIRECTION('',(-1.999307427765E-13,0.866025403541,0.500000000422)
  );
#2088 = ORIENTED_EDGE('',*,*,#2089,.F.);
#2089 = EDGE_CURVE('',#2090,#2082,#2092,.T.);
#2090 = VERTEX_POINT('',#2091);
#2091 = CARTESIAN_POINT('',(2.1,70.501978538762,44.826482549762));
#2092 = LINE('',#2093,#2094);
#2093 = CARTESIAN_POINT('',(2.1,70.501978538762,44.298747737362));
#2094 = VECTOR('',#2095,1.);
#2095 = DIRECTION('',(3.97188326683E-13,-1.110223024624E-16,-1.));
#2096 = ORIENTED_EDGE('',*,*,#2097,.F.);
#2097 = EDGE_CURVE('',#2098,#2090,#2100,.T.);
#2098 = VERTEX_POINT('',#2099);
#2099 = CARTESIAN_POINT('',(2.1,69.70097853899,45.288940116462));
#2100 = LINE('',#2101,#2102);
#2101 = CARTESIAN_POINT('',(2.1,70.101478539239,45.057711332562));
#2102 = VECTOR('',#2103,1.);
#2103 = DIRECTION('',(1.995461502394E-13,0.866025403541,-0.500000000422)
  );
#2104 = ORIENTED_EDGE('',*,*,#2105,.F.);
#2105 = EDGE_CURVE('',#2106,#2098,#2108,.T.);
#2106 = VERTEX_POINT('',#2107);
#2107 = CARTESIAN_POINT('',(2.1,69.700978540133,45.808555358962));
#2108 = B_SPLINE_CURVE_WITH_KNOTS('',5,(#2109,#2110,#2111,#2112,#2113,
    #2114,#2115,#2116,#2117,#2118,#2119,#2120,#2121,#2122,#2123,#2124,
    #2125,#2126),.UNSPECIFIED.,.F.,.F.,(6,3,3,3,3,6),(0.,0.177068306132,
    0.35413661055,0.531204916372,0.708273220789,0.885341526922),
  .UNSPECIFIED.);
#2109 = CARTESIAN_POINT('',(2.1,69.700978539716,45.808555359462));
#2110 = CARTESIAN_POINT('',(2.1,69.679292189734,45.796034739462));
#2111 = CARTESIAN_POINT('',(2.1,69.658912489114,45.781251552162));
#2112 = CARTESIAN_POINT('',(2.1,69.639825136542,45.764065394062));
#2113 = CARTESIAN_POINT('',(2.1,69.60615948837,45.726618808462));
#2114 = CARTESIAN_POINT('',(2.1,69.580949650502,45.683030239562));
#2115 = CARTESIAN_POINT('',(2.1,69.570502725813,45.659566379062));
#2116 = CARTESIAN_POINT('',(2.1,69.554978524409,45.611664168262));
#2117 = CARTESIAN_POINT('',(2.1,69.549677259779,45.561590264262));
#2118 = CARTESIAN_POINT('',(2.1,69.549677131739,45.535905812862));
#2119 = CARTESIAN_POINT('',(2.1,69.554978652449,45.485830704162));
#2120 = CARTESIAN_POINT('',(2.1,69.570502597775,45.437929698062));
#2121 = CARTESIAN_POINT('',(2.1,69.580949288523,45.414465733362));
#2122 = CARTESIAN_POINT('',(2.1,69.606159850349,45.370876168062));
#2123 = CARTESIAN_POINT('',(2.1,69.639824774564,45.333430578962));
#2124 = CARTESIAN_POINT('',(2.1,69.658911955785,45.316244230462));
#2125 = CARTESIAN_POINT('',(2.1,69.679292189734,45.301460735262));
#2126 = CARTESIAN_POINT('',(2.1,69.700978539716,45.288940115262));
#2127 = ORIENTED_EDGE('',*,*,#2128,.T.);
#2128 = EDGE_CURVE('',#2106,#2129,#2131,.T.);
#2129 = VERTEX_POINT('',#2130);
#2130 = CARTESIAN_POINT('',(2.1,70.50197854008,46.271012924562));
#2131 = LINE('',#2132,#2133);
#2132 = CARTESIAN_POINT('',(2.1,70.10147854017,46.039784142262));
#2133 = VECTOR('',#2134,1.);
#2134 = DIRECTION('',(-1.999307424277E-13,0.866025404044,0.49999999955)
  );
#2135 = ORIENTED_EDGE('',*,*,#2136,.F.);
#2136 = EDGE_CURVE('',#2137,#2129,#2139,.T.);
#2137 = VERTEX_POINT('',#2138);
#2138 = CARTESIAN_POINT('',(2.1,70.501978538762,47.326482549762));
#2139 = LINE('',#2140,#2141);
#2140 = CARTESIAN_POINT('',(2.1,70.501978539693,46.798747737362));
#2141 = VECTOR('',#2142,1.);
#2142 = DIRECTION('',(3.971883266826E-13,1.764754748468E-09,-1.));
#2143 = ORIENTED_EDGE('',*,*,#2144,.F.);
#2144 = EDGE_CURVE('',#2145,#2137,#2147,.T.);
#2145 = VERTEX_POINT('',#2146);
#2146 = CARTESIAN_POINT('',(2.1,69.700978540022,47.788940115862));
#2147 = LINE('',#2148,#2149);
#2148 = CARTESIAN_POINT('',(2.1,70.101478539239,47.557711332562));
#2149 = VECTOR('',#2150,1.);
#2150 = DIRECTION('',(1.995461502394E-13,0.866025403541,-0.500000000422)
  );
#2151 = ORIENTED_EDGE('',*,*,#2152,.F.);
#2152 = EDGE_CURVE('',#701,#2145,#2153,.T.);
#2153 = B_SPLINE_CURVE_WITH_KNOTS('',5,(#2154,#2155,#2156,#2157,#2158,
    #2159),.UNSPECIFIED.,.F.,.F.,(6,6),(0.,2.63401279419E-02),
  .PIECEWISE_BEZIER_KNOTS.);
#2154 = CARTESIAN_POINT('',(2.1,69.685147300194,47.798747737362));
#2155 = CARTESIAN_POINT('',(2.1,69.688251264745,47.796688800262));
#2156 = CARTESIAN_POINT('',(2.1,69.691387178838,47.794678039562));
#2157 = CARTESIAN_POINT('',(2.1,69.69455597383,47.792714936262));
#2158 = CARTESIAN_POINT('',(2.1,69.697752805139,47.790802494062));
#2159 = CARTESIAN_POINT('',(2.1,69.700978539716,47.788940115262));
#2160 = ORIENTED_EDGE('',*,*,#700,.F.);
#2161 = ORIENTED_EDGE('',*,*,#1630,.T.);
#2162 = ORIENTED_EDGE('',*,*,#2163,.T.);
#2163 = EDGE_CURVE('',#1631,#2164,#2166,.T.);
#2164 = VERTEX_POINT('',#2165);
#2165 = CARTESIAN_POINT('',(2.1,51.550978539343,53.048747737362));
#2166 = LINE('',#2167,#2168);
#2167 = CARTESIAN_POINT('',(2.1,51.550978539343,50.923747737362));
#2168 = VECTOR('',#2169,1.);
#2169 = DIRECTION('',(-4.01247662547E-13,1.110223024624E-16,1.));
#2170 = ORIENTED_EDGE('',*,*,#2171,.F.);
#2171 = EDGE_CURVE('',#2172,#2164,#2174,.T.);
#2172 = VERTEX_POINT('',#2173);
#2173 = CARTESIAN_POINT('',(2.1,46.550978539343,58.048747737362));
#2174 = LINE('',#2175,#2176);
#2175 = CARTESIAN_POINT('',(2.1,49.050978539343,55.548747737362));
#2176 = VECTOR('',#2177,1.);
#2177 = DIRECTION('',(2.832132776966E-13,0.707106781187,-0.707106781187)
  );
#2178 = ORIENTED_EDGE('',*,*,#2179,.F.);
#2179 = EDGE_CURVE('',#1799,#2172,#2180,.T.);
#2180 = LINE('',#2181,#2182);
#2181 = CARTESIAN_POINT('',(2.1,31.646855335543,58.048747737362));
#2182 = VECTOR('',#2183,1.);
#2183 = DIRECTION('',(-2.22044604925E-16,1.,-1.110223024625E-16));
#2184 = FACE_BOUND('',#2185,.T.);
#2185 = EDGE_LOOP('',(#2186,#2197));
#2186 = ORIENTED_EDGE('',*,*,#2187,.T.);
#2187 = EDGE_CURVE('',#2188,#2190,#2192,.T.);
#2188 = VERTEX_POINT('',#2189);
#2189 = CARTESIAN_POINT('',(2.1,26.893733415543,47.224056810562));
#2190 = VERTEX_POINT('',#2191);
#2191 = CARTESIAN_POINT('',(2.1,28.724184451443,43.873438664162));
#2192 = CIRCLE('',#2193,1.90900451528);
#2193 = AXIS2_PLACEMENT_3D('',#2194,#2195,#2196);
#2194 = CARTESIAN_POINT('',(2.1,27.808958934643,45.548747737962));
#2195 = DIRECTION('',(-1.,-2.22044604925E-16,-4.00617039642E-13));
#2196 = DIRECTION('',(-4.00617039642E-13,1.110223024624E-16,1.));
#2197 = ORIENTED_EDGE('',*,*,#2198,.T.);
#2198 = EDGE_CURVE('',#2190,#2188,#2199,.T.);
#2199 = CIRCLE('',#2200,1.90900451528);
#2200 = AXIS2_PLACEMENT_3D('',#2201,#2202,#2203);
#2201 = CARTESIAN_POINT('',(2.1,27.808958932443,45.548747736762));
#2202 = DIRECTION('',(-1.,-2.22044604925E-16,-4.00617039642E-13));
#2203 = DIRECTION('',(-4.00617039642E-13,1.110223024624E-16,1.));
#2204 = PLANE('',#2205);
#2205 = AXIS2_PLACEMENT_3D('',#2206,#2207,#2208);
#2206 = CARTESIAN_POINT('',(2.1,16.550978539343,48.048747737362));
#2207 = DIRECTION('',(-1.,-2.22044604925E-16,-4.00617039642E-13));
#2208 = DIRECTION('',(-2.22044604925E-16,1.,-1.110223024626E-16));
#2209 = ADVANCED_FACE('',(#2210),#2229,.F.);
#2210 = FACE_BOUND('',#2211,.F.);
#2211 = EDGE_LOOP('',(#2212,#2220,#2221,#2222));
#2212 = ORIENTED_EDGE('',*,*,#2213,.T.);
#2213 = EDGE_CURVE('',#2214,#2145,#2216,.T.);
#2214 = VERTEX_POINT('',#2215);
#2215 = CARTESIAN_POINT('',(-38.6136310473,69.700978539373,
    47.788940117062));
#2216 = LINE('',#2217,#2218);
#2217 = CARTESIAN_POINT('',(-25.8999999992,69.70097853899,
    47.788940116462));
#2218 = VECTOR('',#2219,1.);
#2219 = DIRECTION('',(1.,2.22044604925E-16,4.00617039631E-13));
#2220 = ORIENTED_EDGE('',*,*,#2152,.F.);
#2221 = ORIENTED_EDGE('',*,*,#708,.F.);
#2222 = ORIENTED_EDGE('',*,*,#2223,.T.);
#2223 = EDGE_CURVE('',#709,#2214,#2224,.T.);
#2224 = B_SPLINE_CURVE_WITH_KNOTS('',3,(#2225,#2226,#2227,#2228),
  .UNSPECIFIED.,.F.,.F.,(4,4),(0.,4.17422615495E-02),
  .PIECEWISE_BEZIER_KNOTS.);
#2225 = CARTESIAN_POINT('',(-38.6365264837,69.685147299856,
    47.798747737362));
#2226 = CARTESIAN_POINT('',(-38.6288413179,69.690265965497,
    47.795352398662));
#2227 = CARTESIAN_POINT('',(-38.6212070134,69.695542853548,
    47.792078410862));
#2228 = CARTESIAN_POINT('',(-38.6136310469,69.70097853899,
    47.788940116462));
#2229 = CYLINDRICAL_SURFACE('',#2230,0.3);
#2230 = AXIS2_PLACEMENT_3D('',#2231,#2232,#2233);
#2231 = CARTESIAN_POINT('',(-25.9,69.850978539343,48.048747737362));
#2232 = DIRECTION('',(1.,2.220446046746E-16,4.00617039642E-13));
#2233 = DIRECTION('',(-3.468335112165E-13,-0.5,0.866025403784));
#2234 = ADVANCED_FACE('',(#2235),#2276,.F.);
#2235 = FACE_BOUND('',#2236,.F.);
#2236 = EDGE_LOOP('',(#2237,#2247,#2257,#2265,#2273,#2274,#2275));
#2237 = ORIENTED_EDGE('',*,*,#2238,.F.);
#2238 = EDGE_CURVE('',#2239,#1310,#2241,.T.);
#2239 = VERTEX_POINT('',#2240);
#2240 = CARTESIAN_POINT('',(-38.6136310473,69.700978539372,
    45.808555359362));
#2241 = B_SPLINE_CURVE_WITH_KNOTS('',4,(#2242,#2243,#2244,#2245,#2246),
  .UNSPECIFIED.,.F.,.F.,(5,5),(0.,0.79921478902),
  .PIECEWISE_BEZIER_KNOTS.);
#2242 = CARTESIAN_POINT('',(-38.6136310473,69.700978539372,
    45.808555359362));
#2243 = CARTESIAN_POINT('',(-38.7218059689,69.623364039508,
    45.763744606962));
#2244 = CARTESIAN_POINT('',(-38.8403891239,69.574733768841,
    45.695051379062));
#2245 = CARTESIAN_POINT('',(-38.9602006897,69.550978539343,
    45.622109532762));
#2246 = CARTESIAN_POINT('',(-39.08,69.550978539343,45.548747737262));
#2247 = ORIENTED_EDGE('',*,*,#2248,.T.);
#2248 = EDGE_CURVE('',#2239,#2249,#2251,.T.);
#2249 = VERTEX_POINT('',#2250);
#2250 = CARTESIAN_POINT('',(-38.28,70.350978539344,46.183833033162));
#2251 = B_SPLINE_CURVE_WITH_KNOTS('',4,(#2252,#2253,#2254,#2255,#2256),
  .UNSPECIFIED.,.F.,.F.,(5,5),(0.,1.21387476726),
  .PIECEWISE_BEZIER_KNOTS.);
#2252 = CARTESIAN_POINT('',(-38.6136310473,69.700978539372,
    45.808555359362));
#2253 = CARTESIAN_POINT('',(-38.4500183028,69.818369161409,
    45.876330866562));
#2254 = CARTESIAN_POINT('',(-38.3356330812,69.984210475845,
    45.972085332862));
#2255 = CARTESIAN_POINT('',(-38.28,70.166974719296,46.077598378162));
#2256 = CARTESIAN_POINT('',(-38.28,70.350978539344,46.183833033162));
#2257 = ORIENTED_EDGE('',*,*,#2258,.T.);
#2258 = EDGE_CURVE('',#2249,#2259,#2261,.T.);
#2259 = VERTEX_POINT('',#2260);
#2260 = CARTESIAN_POINT('',(-38.28,70.350978540088,47.413662441362));
#2261 = LINE('',#2262,#2263);
#2262 = CARTESIAN_POINT('',(-38.28,70.350978540088,44.108577825562));
#2263 = VECTOR('',#2264,1.);
#2264 = DIRECTION('',(-4.00617039631E-13,1.110223024624E-16,1.));
#2265 = ORIENTED_EDGE('',*,*,#2266,.F.);
#2266 = EDGE_CURVE('',#2214,#2259,#2267,.T.);
#2267 = B_SPLINE_CURVE_WITH_KNOTS('',4,(#2268,#2269,#2270,#2271,#2272),
  .UNSPECIFIED.,.F.,.F.,(5,5),(0.,1.21387477275),
  .PIECEWISE_BEZIER_KNOTS.);
#2268 = CARTESIAN_POINT('',(-38.6136310473,69.700978539373,
    47.788940117062));
#2269 = CARTESIAN_POINT('',(-38.4500183059,69.818369159181,
    47.721164611162));
#2270 = CARTESIAN_POINT('',(-38.3356330794,69.984210474264,
    47.625410141462));
#2271 = CARTESIAN_POINT('',(-38.28,70.166974722813,47.519897094362));
#2272 = CARTESIAN_POINT('',(-38.28,70.350978539344,47.413662441362));
#2273 = ORIENTED_EDGE('',*,*,#2223,.F.);
#2274 = ORIENTED_EDGE('',*,*,#716,.F.);
#2275 = ORIENTED_EDGE('',*,*,#1309,.F.);
#2276 = CYLINDRICAL_SURFACE('',#2277,0.8);
#2277 = AXIS2_PLACEMENT_3D('',#2278,#2279,#2280);
#2278 = CARTESIAN_POINT('',(-39.08,70.350978539343,44.108577825462));
#2279 = DIRECTION('',(-4.00617039642E-13,1.110223024625E-16,1.));
#2280 = DIRECTION('',(2.22044604925E-16,-1.,1.110223024626E-16));
#2281 = ADVANCED_FACE('',(#2282),#2331,.F.);
#2282 = FACE_BOUND('',#2283,.F.);
#2283 = EDGE_LOOP('',(#2284,#2294,#2304,#2312,#2313,#2314,#2323));
#2284 = ORIENTED_EDGE('',*,*,#2285,.T.);
#2285 = EDGE_CURVE('',#2286,#2288,#2290,.T.);
#2286 = VERTEX_POINT('',#2287);
#2287 = CARTESIAN_POINT('',(-50.28000000001,70.350978540088,
    47.413662441462));
#2288 = VERTEX_POINT('',#2289);
#2289 = CARTESIAN_POINT('',(-50.28000000082,70.350978539758,
    46.183833033662));
#2290 = LINE('',#2291,#2292);
#2291 = CARTESIAN_POINT('',(-50.28,70.350978540088,44.108577825562));
#2292 = VECTOR('',#2293,1.);
#2293 = DIRECTION('',(4.00617039631E-13,-1.110223024624E-16,-1.));
#2294 = ORIENTED_EDGE('',*,*,#2295,.F.);
#2295 = EDGE_CURVE('',#2296,#2288,#2298,.T.);
#2296 = VERTEX_POINT('',#2297);
#2297 = CARTESIAN_POINT('',(-49.94636895284,69.700978539343,
    45.808555358462));
#2298 = B_SPLINE_CURVE_WITH_KNOTS('',4,(#2299,#2300,#2301,#2302,#2303),
  .UNSPECIFIED.,.F.,.F.,(5,5),(0.,1.201573759),
  .PIECEWISE_BEZIER_KNOTS.);
#2299 = CARTESIAN_POINT('',(-49.94636895312,69.700978539681,
    45.808555359362));
#2300 = CARTESIAN_POINT('',(-50.10946141175,69.817995861577,
    45.876115341562));
#2301 = CARTESIAN_POINT('',(-50.22472310081,69.984033540918,
    45.971980295662));
#2302 = CARTESIAN_POINT('',(-50.2800000001,70.167559849082,
    46.077936202562));
#2303 = CARTESIAN_POINT('',(-50.28,70.350978539758,46.183833033162));
#2304 = ORIENTED_EDGE('',*,*,#2305,.F.);
#2305 = EDGE_CURVE('',#1295,#2296,#2306,.T.);
#2306 = B_SPLINE_CURVE_WITH_KNOTS('',4,(#2307,#2308,#2309,#2310,#2311),
  .UNSPECIFIED.,.F.,.F.,(5,5),(0.,0.79921054742),
  .PIECEWISE_BEZIER_KNOTS.);
#2307 = CARTESIAN_POINT('',(-49.4800000001,69.550978539343,
    45.548747737262));
#2308 = CARTESIAN_POINT('',(-49.59984329399,69.550978539358,
    45.622136467062));
#2309 = CARTESIAN_POINT('',(-49.7195988582,69.574750105458,
    45.695044107062));
#2310 = CARTESIAN_POINT('',(-49.8381543154,69.623335543876,
    45.763728154962));
#2311 = CARTESIAN_POINT('',(-49.94636895275,69.700978539412,
    45.808555359362));
#2312 = ORIENTED_EDGE('',*,*,#1302,.F.);
#2313 = ORIENTED_EDGE('',*,*,#733,.T.);
#2314 = ORIENTED_EDGE('',*,*,#2315,.T.);
#2315 = EDGE_CURVE('',#734,#2316,#2318,.T.);
#2316 = VERTEX_POINT('',#2317);
#2317 = CARTESIAN_POINT('',(-49.94636895284,69.700978539343,
    47.788940116162));
#2318 = B_SPLINE_CURVE_WITH_KNOTS('',3,(#2319,#2320,#2321,#2322),
  .UNSPECIFIED.,.F.,.F.,(4,4),(0.,4.17418620947E-02),
  .PIECEWISE_BEZIER_KNOTS.);
#2319 = CARTESIAN_POINT('',(-49.92347351776,69.685147300181,
    47.798747737262));
#2320 = CARTESIAN_POINT('',(-49.93115864667,69.690265941287,
    47.795352414862));
#2321 = CARTESIAN_POINT('',(-49.93879302269,69.695542880073,
    47.792078396462));
#2322 = CARTESIAN_POINT('',(-49.94636895275,69.700978539412,
    47.788940117062));
#2323 = ORIENTED_EDGE('',*,*,#2324,.T.);
#2324 = EDGE_CURVE('',#2316,#2286,#2325,.T.);
#2325 = B_SPLINE_CURVE_WITH_KNOTS('',4,(#2326,#2327,#2328,#2329,#2330),
  .UNSPECIFIED.,.F.,.F.,(5,5),(0.,1.20157375915),
  .PIECEWISE_BEZIER_KNOTS.);
#2326 = CARTESIAN_POINT('',(-49.94636895275,69.700978539412,
    47.788940117062));
#2327 = CARTESIAN_POINT('',(-50.10946141133,69.817995861128,
    47.721380134862));
#2328 = CARTESIAN_POINT('',(-50.22472310091,69.984033541261,
    47.625515178462));
#2329 = CARTESIAN_POINT('',(-50.27999999992,70.167559848326,
    47.519559271862));
#2330 = CARTESIAN_POINT('',(-50.28,70.350978538968,47.413662441362));
#2331 = CYLINDRICAL_SURFACE('',#2332,0.8);
#2332 = AXIS2_PLACEMENT_3D('',#2333,#2334,#2335);
#2333 = CARTESIAN_POINT('',(-49.48,70.350978539343,44.108577825462));
#2334 = DIRECTION('',(4.00617039642E-13,-1.110223024625E-16,-1.));
#2335 = DIRECTION('',(2.22044604925E-16,-1.,1.110223024626E-16));
#2336 = ADVANCED_FACE('',(#2337),#2348,.F.);
#2337 = FACE_BOUND('',#2338,.F.);
#2338 = EDGE_LOOP('',(#2339,#2340,#2341,#2347));
#2339 = ORIENTED_EDGE('',*,*,#747,.F.);
#2340 = ORIENTED_EDGE('',*,*,#887,.F.);
#2341 = ORIENTED_EDGE('',*,*,#2342,.T.);
#2342 = EDGE_CURVE('',#888,#2316,#2343,.T.);
#2343 = LINE('',#2344,#2345);
#2344 = CARTESIAN_POINT('',(-25.8999999992,69.700978539348,
    47.788940116262));
#2345 = VECTOR('',#2346,1.);
#2346 = DIRECTION('',(1.,2.22044604925E-16,4.00617039631E-13));
#2347 = ORIENTED_EDGE('',*,*,#2315,.F.);
#2348 = CYLINDRICAL_SURFACE('',#2349,0.3);
#2349 = AXIS2_PLACEMENT_3D('',#2350,#2351,#2352);
#2350 = CARTESIAN_POINT('',(-25.9,69.850978539343,48.048747737362));
#2351 = DIRECTION('',(1.,2.220446046746E-16,4.00617039642E-13));
#2352 = DIRECTION('',(-3.468335112165E-13,-0.5,0.866025403784));
#2353 = ADVANCED_FACE('',(#2354),#2379,.T.);
#2354 = FACE_BOUND('',#2355,.T.);
#2355 = EDGE_LOOP('',(#2356,#2357,#2365,#2373));
#2356 = ORIENTED_EDGE('',*,*,#827,.T.);
#2357 = ORIENTED_EDGE('',*,*,#2358,.F.);
#2358 = EDGE_CURVE('',#2359,#830,#2361,.T.);
#2359 = VERTEX_POINT('',#2360);
#2360 = CARTESIAN_POINT('',(-50.28000000001,70.733978539533,
    42.192537287652));
#2361 = LINE('',#2362,#2363);
#2362 = CARTESIAN_POINT('',(-59.39310522526,70.733978539343,
    42.192537287632));
#2363 = VECTOR('',#2364,1.);
#2364 = DIRECTION('',(-1.,-2.22044604925E-16,-4.00567448204E-13));
#2365 = ORIENTED_EDGE('',*,*,#2366,.T.);
#2366 = EDGE_CURVE('',#2359,#2367,#2369,.T.);
#2367 = VERTEX_POINT('',#2368);
#2368 = CARTESIAN_POINT('',(-50.28000000001,70.733978539533,
    41.404958187072));
#2369 = LINE('',#2370,#2371);
#2370 = CARTESIAN_POINT('',(-50.28000000082,70.733978539343,
    41.798747737352));
#2371 = VECTOR('',#2372,1.);
#2372 = DIRECTION('',(4.01472711986E-13,-1.110223024624E-16,-1.));
#2373 = ORIENTED_EDGE('',*,*,#2374,.T.);
#2374 = EDGE_CURVE('',#2367,#828,#2375,.T.);
#2375 = LINE('',#2376,#2377);
#2376 = CARTESIAN_POINT('',(-59.78689477555,70.733978539343,
    41.404958187052));
#2377 = VECTOR('',#2378,1.);
#2378 = DIRECTION('',(-1.,-2.22044604925E-16,-4.0060494556E-13));
#2379 = PLANE('',#2380);
#2380 = AXIS2_PLACEMENT_3D('',#2381,#2382,#2383);
#2381 = CARTESIAN_POINT('',(-17.9,70.733978539343,48.048747737362));
#2382 = DIRECTION('',(-2.22044604925E-16,1.,-1.110223024626E-16));
#2383 = DIRECTION('',(-1.,-2.22044604925E-16,-4.00617039642E-13));
#2384 = ADVANCED_FACE('',(#2385),#2417,.F.);
#2385 = FACE_BOUND('',#2386,.T.);
#2386 = EDGE_LOOP('',(#2387,#2388,#2396,#2410,#2416));
#2387 = ORIENTED_EDGE('',*,*,#2374,.F.);
#2388 = ORIENTED_EDGE('',*,*,#2389,.F.);
#2389 = EDGE_CURVE('',#2390,#2367,#2392,.T.);
#2390 = VERTEX_POINT('',#2391);
#2391 = CARTESIAN_POINT('',(-50.28,70.350978540088,41.183833033152));
#2392 = LINE('',#2393,#2394);
#2393 = CARTESIAN_POINT('',(-50.28000000082,70.542478539579,
    41.294395610152));
#2394 = VECTOR('',#2395,1.);
#2395 = DIRECTION('',(-1.929906441179E-13,0.866025403784,0.5));
#2396 = ORIENTED_EDGE('',*,*,#2397,.F.);
#2397 = EDGE_CURVE('',#2398,#2390,#2400,.T.);
#2398 = VERTEX_POINT('',#2399);
#2399 = CARTESIAN_POINT('',(-49.94636895269,69.700978539372,
    40.808555359322));
#2400 = B_SPLINE_CURVE_WITH_KNOTS('',5,(#2401,#2402,#2403,#2404,#2405,
    #2406,#2407,#2408,#2409),.UNSPECIFIED.,.F.,.F.,(6,3,6),(0.,
    0.727195928135,1.21100184136),.UNSPECIFIED.);
#2401 = CARTESIAN_POINT('',(-49.94636895284,69.700978540133,
    40.808555358942));
#2402 = CARTESIAN_POINT('',(-50.02467317952,69.757161094287,
    40.840992371712));
#2403 = CARTESIAN_POINT('',(-50.09269716656,69.824004293103,
    40.879584310542));
#2404 = CARTESIAN_POINT('',(-50.14925728267,69.898702878056,
    40.922711558672));
#2405 = CARTESIAN_POINT('',(-50.22342245251,70.032022691218,
    40.999683788682));
#2406 = CARTESIAN_POINT('',(-50.26388858251,70.175058830393,
    41.082265742142));
#2407 = CARTESIAN_POINT('',(-50.27471682366,70.233803249955,
    41.116181848592));
#2408 = CARTESIAN_POINT('',(-50.28000000082,70.292389733666,
    41.150006770732));
#2409 = CARTESIAN_POINT('',(-50.28000000082,70.350978539758,
    41.183833033702));
#2410 = ORIENTED_EDGE('',*,*,#2411,.F.);
#2411 = EDGE_CURVE('',#838,#2398,#2412,.T.);
#2412 = LINE('',#2413,#2414);
#2413 = CARTESIAN_POINT('',(-59.91828066632,69.700978540133,
    40.808555358942));
#2414 = VECTOR('',#2415,1.);
#2415 = DIRECTION('',(1.,2.220446047799E-16,4.00583414432E-13));
#2416 = ORIENTED_EDGE('',*,*,#837,.F.);
#2417 = PLANE('',#2418);
#2418 = AXIS2_PLACEMENT_3D('',#2419,#2420,#2421);
#2419 = CARTESIAN_POINT('',(-17.9,72.167978539343,42.232878472592));
#2420 = DIRECTION('',(-3.468335112169E-13,-0.5,0.866025403784));
#2421 = DIRECTION('',(2.005008160899E-13,-0.866025403784,-0.5));
#2422 = ADVANCED_FACE('',(#2423),#2472,.F.);
#2423 = FACE_BOUND('',#2424,.F.);
#2424 = EDGE_LOOP('',(#2425,#2426,#2427,#2435,#2449,#2457,#2464));
#2425 = ORIENTED_EDGE('',*,*,#2411,.F.);
#2426 = ORIENTED_EDGE('',*,*,#845,.T.);
#2427 = ORIENTED_EDGE('',*,*,#2428,.T.);
#2428 = EDGE_CURVE('',#846,#2429,#2431,.T.);
#2429 = VERTEX_POINT('',#2430);
#2430 = CARTESIAN_POINT('',(-59.30048154816,69.70097853932,
    40.288940116222));
#2431 = LINE('',#2432,#2433);
#2432 = CARTESIAN_POINT('',(-25.8999999992,69.70097853932,
    40.288940116242));
#2433 = VECTOR('',#2434,1.);
#2434 = DIRECTION('',(1.,2.22044604925E-16,4.00617039631E-13));
#2435 = ORIENTED_EDGE('',*,*,#2436,.F.);
#2436 = EDGE_CURVE('',#2437,#2429,#2439,.T.);
#2437 = VERTEX_POINT('',#2438);
#2438 = CARTESIAN_POINT('',(-56.78000000082,69.573116169518,
    40.435643787662));
#2439 = B_SPLINE_CURVE_WITH_KNOTS('',5,(#2440,#2441,#2442,#2443,#2444,
    #2445,#2446,#2447,#2448),.UNSPECIFIED.,.F.,.F.,(6,3,6),(0.,
    2.90192489453,3.62335378203),.UNSPECIFIED.);
#2440 = CARTESIAN_POINT('',(-56.78000000082,69.573116169518,
    40.435643787662));
#2441 = CARTESIAN_POINT('',(-57.19206605776,69.573116169518,
    40.435643787662));
#2442 = CARTESIAN_POINT('',(-57.60444656815,69.577534882406,
    40.424788339742));
#2443 = CARTESIAN_POINT('',(-57.97182706182,69.585959441895,
    40.406552699242));
#2444 = CARTESIAN_POINT('',(-58.48574253905,69.604212656256,
    40.367603144042));
#2445 = CARTESIAN_POINT('',(-58.99665114118,69.657269041073,
    40.318965428602));
#2446 = CARTESIAN_POINT('',(-59.09826543542,69.669510550491,
    40.308986166442));
#2447 = CARTESIAN_POINT('',(-59.1995717123,69.683868572166,
    40.298818560362));
#2448 = CARTESIAN_POINT('',(-59.30048154816,69.700978539381,
    40.288940116192));
#2449 = ORIENTED_EDGE('',*,*,#2450,.T.);
#2450 = EDGE_CURVE('',#2437,#2451,#2453,.T.);
#2451 = VERTEX_POINT('',#2452);
#2452 = CARTESIAN_POINT('',(-49.66689495891,69.573116169518,
    40.435643787662));
#2453 = LINE('',#2454,#2455);
#2454 = CARTESIAN_POINT('',(-25.8999999992,69.573116169518,
    40.435643787672));
#2455 = VECTOR('',#2456,1.);
#2456 = DIRECTION('',(1.,2.22044604925E-16,4.00617039631E-13));
#2457 = ORIENTED_EDGE('',*,*,#2458,.T.);
#2458 = EDGE_CURVE('',#2451,#1287,#2459,.T.);
#2459 = B_SPLINE_CURVE_WITH_KNOTS('',3,(#2460,#2461,#2462,#2463),
  .UNSPECIFIED.,.F.,.F.,(4,4),(0.,0.311339539909),
  .PIECEWISE_BEZIER_KNOTS.);
#2460 = CARTESIAN_POINT('',(-49.66689789817,69.57311661109,
    40.435642702862));
#2461 = CARTESIAN_POINT('',(-49.60506832997,69.558260734458,
    40.472138713362));
#2462 = CARTESIAN_POINT('',(-49.5425257281,69.550978539342,
    40.510458704952));
#2463 = CARTESIAN_POINT('',(-49.48000000007,69.550978539343,
    40.548747737362));
#2464 = ORIENTED_EDGE('',*,*,#2465,.T.);
#2465 = EDGE_CURVE('',#1287,#2398,#2466,.T.);
#2466 = B_SPLINE_CURVE_WITH_KNOTS('',4,(#2467,#2468,#2469,#2470,#2471),
  .UNSPECIFIED.,.F.,.F.,(5,5),(0.,0.799713049956),
  .PIECEWISE_BEZIER_KNOTS.);
#2467 = CARTESIAN_POINT('',(-49.48000000007,69.550978539343,
    40.548747737262));
#2468 = CARTESIAN_POINT('',(-49.59988024385,69.550978539321,
    40.622159094112));
#2469 = CARTESIAN_POINT('',(-49.71958117953,69.574798278494,
    40.695051285712));
#2470 = CARTESIAN_POINT('',(-49.83812095087,69.623311605212,
    40.763714333162));
#2471 = CARTESIAN_POINT('',(-49.94636895284,69.700978539343,
    40.808555358492));
#2472 = CYLINDRICAL_SURFACE('',#2473,0.3);
#2473 = AXIS2_PLACEMENT_3D('',#2474,#2475,#2476);
#2474 = CARTESIAN_POINT('',(-25.9,69.850978539343,40.548747737362));
#2475 = DIRECTION('',(1.,2.220446046746E-16,4.00617039642E-13));
#2476 = DIRECTION('',(-3.468335112165E-13,-0.5,0.866025403784));
#2477 = ADVANCED_FACE('',(#2478),#2521,.F.);
#2478 = FACE_BOUND('',#2479,.T.);
#2479 = EDGE_LOOP('',(#2480,#2490,#2496,#2497,#2498,#2512));
#2480 = ORIENTED_EDGE('',*,*,#2481,.T.);
#2481 = EDGE_CURVE('',#2482,#2484,#2486,.T.);
#2482 = VERTEX_POINT('',#2483);
#2483 = CARTESIAN_POINT('',(-61.23646270819,70.733978522483,
    39.692537297912));
#2484 = VERTEX_POINT('',#2485);
#2485 = CARTESIAN_POINT('',(-70.9,70.733978538613,39.692537288592));
#2486 = LINE('',#2487,#2488);
#2487 = CARTESIAN_POINT('',(-66.06823135409,70.733978530543,
    39.692537293252));
#2488 = VECTOR('',#2489,1.);
#2489 = DIRECTION('',(-1.,1.669262245735E-09,-9.64149776064E-10));
#2490 = ORIENTED_EDGE('',*,*,#2491,.F.);
#2491 = EDGE_CURVE('',#863,#2484,#2492,.T.);
#2492 = LINE('',#2493,#2494);
#2493 = CARTESIAN_POINT('',(-70.9,70.641997591821,39.745642512982));
#2494 = VECTOR('',#2495,1.);
#2495 = DIRECTION('',(2.005062443916E-13,0.866025403784,-0.5));
#2496 = ORIENTED_EDGE('',*,*,#862,.F.);
#2497 = ORIENTED_EDGE('',*,*,#2428,.T.);
#2498 = ORIENTED_EDGE('',*,*,#2499,.F.);
#2499 = EDGE_CURVE('',#2500,#2429,#2502,.T.);
#2500 = VERTEX_POINT('',#2501);
#2501 = CARTESIAN_POINT('',(-60.88766918107,70.350978538968,
    39.913662441492));
#2502 = B_SPLINE_CURVE_WITH_KNOTS('',5,(#2503,#2504,#2505,#2506,#2507,
    #2508,#2509,#2510,#2511),.UNSPECIFIED.,.F.,.F.,(6,3,6),(0.,
    0.802019506037,2.53092023897),.UNSPECIFIED.);
#2503 = CARTESIAN_POINT('',(-60.88766918107,70.350978538968,
    39.913662441492));
#2504 = CARTESIAN_POINT('',(-60.8150915535,70.27576020507,
    39.957089766812));
#2505 = CARTESIAN_POINT('',(-60.73100722579,70.208712773224,
    39.995799619632));
#2506 = CARTESIAN_POINT('',(-60.64104419636,70.148761555541,
    40.030412471302));
#2507 = CARTESIAN_POINT('',(-60.34178138653,69.977683918844,
    40.129184190902));
#2508 = CARTESIAN_POINT('',(-60.00833828085,69.857847057829,
    40.198372034872));
#2509 = CARTESIAN_POINT('',(-59.77719234811,69.793115284135,
    40.235744941842));
#2510 = CARTESIAN_POINT('',(-59.53996641721,69.741584870917,
    40.265496039782));
#2511 = CARTESIAN_POINT('',(-59.30048154816,69.700978539343,
    40.288940116242));
#2512 = ORIENTED_EDGE('',*,*,#2513,.T.);
#2513 = EDGE_CURVE('',#2500,#2482,#2514,.T.);
#2514 = B_SPLINE_CURVE_WITH_KNOTS('',5,(#2515,#2516,#2517,#2518,#2519,
    #2520),.UNSPECIFIED.,.F.,.F.,(6,6),(0.,0.796622138579),
  .PIECEWISE_BEZIER_KNOTS.);
#2515 = CARTESIAN_POINT('',(-60.88766918107,70.350978538968,
    39.913662441492));
#2516 = CARTESIAN_POINT('',(-60.95990390495,70.42584149276,
    39.870440294962));
#2517 = CARTESIAN_POINT('',(-61.03087031312,70.501621655324,
    39.826688597712));
#2518 = CARTESIAN_POINT('',(-61.10062747951,70.578302485271,
    39.782416899892));
#2519 = CARTESIAN_POINT('',(-61.1691369101,70.655758732784,
    39.737697514542));
#2520 = CARTESIAN_POINT('',(-61.23646270819,70.733978522483,
    39.692537297912));
#2521 = PLANE('',#2522);
#2522 = AXIS2_PLACEMENT_3D('',#2523,#2524,#2525);
#2523 = CARTESIAN_POINT('',(-17.9,69.700978539343,40.288940116262));
#2524 = DIRECTION('',(3.470555558218E-13,-0.5,-0.866025403784));
#2525 = DIRECTION('',(2.001162235526E-13,0.866025403784,-0.5));
#2526 = ADVANCED_FACE('',(#2527),#2969,.T.);
#2527 = FACE_BOUND('',#2528,.T.);
#2528 = EDGE_LOOP('',(#2529,#2539,#2562,#2570,#2578,#2586,#2609,#2617,
    #2625,#2633,#2656,#2664,#2672,#2680,#2703,#2711,#2719,#2727,#2750,
    #2758,#2766,#2774,#2797,#2805,#2813,#2821,#2844,#2852,#2860,#2868,
    #2891,#2899,#2907,#2915,#2938,#2946,#2954,#2960,#2961,#2962,#2963));
#2529 = ORIENTED_EDGE('',*,*,#2530,.T.);
#2530 = EDGE_CURVE('',#2531,#2533,#2535,.T.);
#2531 = VERTEX_POINT('',#2532);
#2532 = CARTESIAN_POINT('',(-70.9,70.733978538793,38.904958187052));
#2533 = VERTEX_POINT('',#2534);
#2534 = CARTESIAN_POINT('',(-70.9,69.700978540834,38.308555359402));
#2535 = LINE('',#2536,#2537);
#2536 = CARTESIAN_POINT('',(-70.9,70.217478539812,38.606756773232));
#2537 = VECTOR('',#2538,1.);
#2538 = DIRECTION('',(2.012377662336E-13,-0.86602540351,-0.500000000475)
  );
#2539 = ORIENTED_EDGE('',*,*,#2540,.T.);
#2540 = EDGE_CURVE('',#2533,#2541,#2543,.T.);
#2541 = VERTEX_POINT('',#2542);
#2542 = CARTESIAN_POINT('',(-70.9,69.700978539476,37.788940116132));
#2543 = B_SPLINE_CURVE_WITH_KNOTS('',5,(#2544,#2545,#2546,#2547,#2548,
    #2549,#2550,#2551,#2552,#2553,#2554,#2555,#2556,#2557,#2558,#2559,
    #2560,#2561),.UNSPECIFIED.,.F.,.F.,(6,3,3,3,3,6),(0.,0.1773933369,
    0.354786673061,0.532180010624,0.709573346785,0.886966683685),
  .UNSPECIFIED.);
#2544 = CARTESIAN_POINT('',(-70.9,69.700978538971,38.308555359402));
#2545 = CARTESIAN_POINT('',(-70.9,69.679331629575,38.296057510462));
#2546 = CARTESIAN_POINT('',(-70.9,69.65898663857,38.281305215702));
#2547 = CARTESIAN_POINT('',(-70.9,69.639763974547,38.263997200342));
#2548 = CARTESIAN_POINT('',(-70.9,69.606167114612,38.226613313332));
#2549 = CARTESIAN_POINT('',(-70.9,69.58099556416,38.183109422942));
#2550 = CARTESIAN_POINT('',(-70.9,69.570474588486,38.159479204072));
#2551 = CARTESIAN_POINT('',(-70.9,69.554987726514,38.111662249692));
#2552 = CARTESIAN_POINT('',(-70.9,69.549686997368,38.061681276212));
#2553 = CARTESIAN_POINT('',(-70.9,69.549686884462,38.035814729562));
#2554 = CARTESIAN_POINT('',(-70.9,69.554987839405,37.985832693882));
#2555 = CARTESIAN_POINT('',(-70.9,69.57047447561,37.938016801752));
#2556 = CARTESIAN_POINT('',(-70.9,69.580995244991,37.914386491002));
#2557 = CARTESIAN_POINT('',(-70.9,69.606167433773,37.870881722092));
#2558 = CARTESIAN_POINT('',(-70.9,69.639763655394,37.833498713602));
#2559 = CARTESIAN_POINT('',(-70.9,69.658986371497,37.816190413412));
#2560 = CARTESIAN_POINT('',(-70.9,69.679331629569,37.801437964222));
#2561 = CARTESIAN_POINT('',(-70.9,69.700978538971,37.788940115282));
#2562 = ORIENTED_EDGE('',*,*,#2563,.T.);
#2563 = EDGE_CURVE('',#2541,#2564,#2566,.T.);
#2564 = VERTEX_POINT('',#2565);
#2565 = CARTESIAN_POINT('',(-70.9,70.733978538793,37.192537287632));
#2566 = LINE('',#2567,#2568);
#2567 = CARTESIAN_POINT('',(-70.9,70.217478538881,37.490738702392));
#2568 = VECTOR('',#2569,1.);
#2569 = DIRECTION('',(1.993639475678E-13,0.866025403224,-0.50000000097)
  );
#2570 = ORIENTED_EDGE('',*,*,#2571,.F.);
#2571 = EDGE_CURVE('',#2572,#2564,#2574,.T.);
#2572 = VERTEX_POINT('',#2573);
#2573 = CARTESIAN_POINT('',(-70.9,70.733978538793,36.404958187052));
#2574 = LINE('',#2575,#2576);
#2575 = CARTESIAN_POINT('',(-70.9,70.733978538793,36.798747737342));
#2576 = VECTOR('',#2577,1.);
#2577 = DIRECTION('',(-4.01472711986E-13,1.110223024624E-16,1.));
#2578 = ORIENTED_EDGE('',*,*,#2579,.T.);
#2579 = EDGE_CURVE('',#2572,#2580,#2582,.T.);
#2580 = VERTEX_POINT('',#2581);
#2581 = CARTESIAN_POINT('',(-70.9,69.700978540834,35.808555359402));
#2582 = LINE('',#2583,#2584);
#2583 = CARTESIAN_POINT('',(-70.9,70.217478539812,36.106756773232));
#2584 = VECTOR('',#2585,1.);
#2585 = DIRECTION('',(1.997485405306E-13,-0.86602540351,-0.500000000475)
  );
#2586 = ORIENTED_EDGE('',*,*,#2587,.T.);
#2587 = EDGE_CURVE('',#2580,#2588,#2590,.T.);
#2588 = VERTEX_POINT('',#2589);
#2589 = CARTESIAN_POINT('',(-70.9,69.700978539476,35.288940116132));
#2590 = B_SPLINE_CURVE_WITH_KNOTS('',5,(#2591,#2592,#2593,#2594,#2595,
    #2596,#2597,#2598,#2599,#2600,#2601,#2602,#2603,#2604,#2605,#2606,
    #2607,#2608),.UNSPECIFIED.,.F.,.F.,(6,3,3,3,3,6),(0.,0.1773933369,
    0.354786673061,0.532180010624,0.709573346785,0.886966683685),
  .UNSPECIFIED.);
#2591 = CARTESIAN_POINT('',(-70.9,69.700978538971,35.808555359402));
#2592 = CARTESIAN_POINT('',(-70.9,69.679331629575,35.796057510462));
#2593 = CARTESIAN_POINT('',(-70.9,69.65898663857,35.781305215702));
#2594 = CARTESIAN_POINT('',(-70.9,69.639763974547,35.763997200342));
#2595 = CARTESIAN_POINT('',(-70.9,69.606167114612,35.726613313332));
#2596 = CARTESIAN_POINT('',(-70.9,69.58099556416,35.683109422942));
#2597 = CARTESIAN_POINT('',(-70.9,69.570474588486,35.659479204072));
#2598 = CARTESIAN_POINT('',(-70.9,69.554987726514,35.611662249692));
#2599 = CARTESIAN_POINT('',(-70.9,69.549686997368,35.561681276212));
#2600 = CARTESIAN_POINT('',(-70.9,69.549686884462,35.535814729562));
#2601 = CARTESIAN_POINT('',(-70.9,69.554987839405,35.485832693882));
#2602 = CARTESIAN_POINT('',(-70.9,69.57047447561,35.438016801752));
#2603 = CARTESIAN_POINT('',(-70.9,69.580995244991,35.414386491002));
#2604 = CARTESIAN_POINT('',(-70.9,69.606167433773,35.370881722092));
#2605 = CARTESIAN_POINT('',(-70.9,69.639763655394,35.333498713602));
#2606 = CARTESIAN_POINT('',(-70.9,69.658986371497,35.316190413412));
#2607 = CARTESIAN_POINT('',(-70.9,69.679331629569,35.301437964222));
#2608 = CARTESIAN_POINT('',(-70.9,69.700978538971,35.288940115282));
#2609 = ORIENTED_EDGE('',*,*,#2610,.T.);
#2610 = EDGE_CURVE('',#2588,#2611,#2613,.T.);
#2611 = VERTEX_POINT('',#2612);
#2612 = CARTESIAN_POINT('',(-70.9,70.733978538793,34.692537287632));
#2613 = LINE('',#2614,#2615);
#2614 = CARTESIAN_POINT('',(-70.9,70.217478538881,34.990738702392));
#2615 = VECTOR('',#2616,1.);
#2616 = DIRECTION('',(1.993639475678E-13,0.866025403224,-0.50000000097)
  );
#2617 = ORIENTED_EDGE('',*,*,#2618,.F.);
#2618 = EDGE_CURVE('',#2619,#2611,#2621,.T.);
#2619 = VERTEX_POINT('',#2620);
#2620 = CARTESIAN_POINT('',(-70.9,70.733978538793,33.904958187052));
#2621 = LINE('',#2622,#2623);
#2622 = CARTESIAN_POINT('',(-70.9,70.733978538793,34.298747737342));
#2623 = VECTOR('',#2624,1.);
#2624 = DIRECTION('',(-4.01472711986E-13,1.110223024624E-16,1.));
#2625 = ORIENTED_EDGE('',*,*,#2626,.T.);
#2626 = EDGE_CURVE('',#2619,#2627,#2629,.T.);
#2627 = VERTEX_POINT('',#2628);
#2628 = CARTESIAN_POINT('',(-70.9,69.700978540834,33.308555359402));
#2629 = LINE('',#2630,#2631);
#2630 = CARTESIAN_POINT('',(-70.9,70.217478539812,33.606756773227));
#2631 = VECTOR('',#2632,1.);
#2632 = DIRECTION('',(1.997485405306E-13,-0.86602540351,-0.500000000475)
  );
#2633 = ORIENTED_EDGE('',*,*,#2634,.T.);
#2634 = EDGE_CURVE('',#2627,#2635,#2637,.T.);
#2635 = VERTEX_POINT('',#2636);
#2636 = CARTESIAN_POINT('',(-70.9,69.700978539476,32.788940116132));
#2637 = B_SPLINE_CURVE_WITH_KNOTS('',5,(#2638,#2639,#2640,#2641,#2642,
    #2643,#2644,#2645,#2646,#2647,#2648,#2649,#2650,#2651,#2652,#2653,
    #2654,#2655),.UNSPECIFIED.,.F.,.F.,(6,3,3,3,3,6),(0.,0.1773933369,
    0.354786673061,0.532180010624,0.709573346785,0.886966683685),
  .UNSPECIFIED.);
#2638 = CARTESIAN_POINT('',(-70.9,69.700978538971,33.308555359402));
#2639 = CARTESIAN_POINT('',(-70.9,69.679331629575,33.296057510465));
#2640 = CARTESIAN_POINT('',(-70.9,69.65898663857,33.281305215706));
#2641 = CARTESIAN_POINT('',(-70.9,69.639763974548,33.263997200342));
#2642 = CARTESIAN_POINT('',(-70.9,69.606167114611,33.22661331333));
#2643 = CARTESIAN_POINT('',(-70.9,69.580995564161,33.183109422939));
#2644 = CARTESIAN_POINT('',(-70.9,69.570474588486,33.159479204075));
#2645 = CARTESIAN_POINT('',(-70.9,69.554987726514,33.111662249691));
#2646 = CARTESIAN_POINT('',(-70.9,69.549686997368,33.06168127621));
#2647 = CARTESIAN_POINT('',(-70.9,69.549686884462,33.035814729558));
#2648 = CARTESIAN_POINT('',(-70.9,69.554987839406,32.985832693882));
#2649 = CARTESIAN_POINT('',(-70.9,69.57047447561,32.938016801748));
#2650 = CARTESIAN_POINT('',(-70.9,69.580995244991,32.914386491004));
#2651 = CARTESIAN_POINT('',(-70.9,69.606167433773,32.870881722093));
#2652 = CARTESIAN_POINT('',(-70.9,69.639763655394,32.833498713605));
#2653 = CARTESIAN_POINT('',(-70.9,69.658986371497,32.816190413414));
#2654 = CARTESIAN_POINT('',(-70.9,69.679331629569,32.801437964217));
#2655 = CARTESIAN_POINT('',(-70.9,69.700978538971,32.788940115282));
#2656 = ORIENTED_EDGE('',*,*,#2657,.T.);
#2657 = EDGE_CURVE('',#2635,#2658,#2660,.T.);
#2658 = VERTEX_POINT('',#2659);
#2659 = CARTESIAN_POINT('',(-70.9,70.733978538793,32.192537287632));
#2660 = LINE('',#2661,#2662);
#2661 = CARTESIAN_POINT('',(-70.9,70.217478538881,32.490738702388));
#2662 = VECTOR('',#2663,1.);
#2663 = DIRECTION('',(1.993639475678E-13,0.866025403224,-0.50000000097)
  );
#2664 = ORIENTED_EDGE('',*,*,#2665,.F.);
#2665 = EDGE_CURVE('',#2666,#2658,#2668,.T.);
#2666 = VERTEX_POINT('',#2667);
#2667 = CARTESIAN_POINT('',(-70.9,70.733978538793,31.404958187052));
#2668 = LINE('',#2669,#2670);
#2669 = CARTESIAN_POINT('',(-70.9,70.733978538793,31.798747737342));
#2670 = VECTOR('',#2671,1.);
#2671 = DIRECTION('',(-4.01472711986E-13,1.110223024624E-16,1.));
#2672 = ORIENTED_EDGE('',*,*,#2673,.T.);
#2673 = EDGE_CURVE('',#2666,#2674,#2676,.T.);
#2674 = VERTEX_POINT('',#2675);
#2675 = CARTESIAN_POINT('',(-70.9,69.700978540834,30.808555359402));
#2676 = LINE('',#2677,#2678);
#2677 = CARTESIAN_POINT('',(-70.9,70.217478539812,31.106756773232));
#2678 = VECTOR('',#2679,1.);
#2679 = DIRECTION('',(1.997485405306E-13,-0.86602540351,-0.500000000475)
  );
#2680 = ORIENTED_EDGE('',*,*,#2681,.T.);
#2681 = EDGE_CURVE('',#2674,#2682,#2684,.T.);
#2682 = VERTEX_POINT('',#2683);
#2683 = CARTESIAN_POINT('',(-70.9,69.700978539476,30.288940116132));
#2684 = B_SPLINE_CURVE_WITH_KNOTS('',5,(#2685,#2686,#2687,#2688,#2689,
    #2690,#2691,#2692,#2693,#2694,#2695,#2696,#2697,#2698,#2699,#2700,
    #2701,#2702),.UNSPECIFIED.,.F.,.F.,(6,3,3,3,3,6),(0.,0.1773933369,
    0.354786673061,0.532180010624,0.709573346785,0.886966683685),
  .UNSPECIFIED.);
#2685 = CARTESIAN_POINT('',(-70.9,69.700978538971,30.808555359402));
#2686 = CARTESIAN_POINT('',(-70.9,69.679331629575,30.796057510462));
#2687 = CARTESIAN_POINT('',(-70.9,69.65898663857,30.781305215702));
#2688 = CARTESIAN_POINT('',(-70.9,69.639763974547,30.763997200342));
#2689 = CARTESIAN_POINT('',(-70.9,69.606167114612,30.726613313332));
#2690 = CARTESIAN_POINT('',(-70.9,69.58099556416,30.683109422942));
#2691 = CARTESIAN_POINT('',(-70.9,69.570474588486,30.659479204072));
#2692 = CARTESIAN_POINT('',(-70.9,69.554987726514,30.611662249692));
#2693 = CARTESIAN_POINT('',(-70.9,69.549686997368,30.561681276212));
#2694 = CARTESIAN_POINT('',(-70.9,69.549686884462,30.535814729562));
#2695 = CARTESIAN_POINT('',(-70.9,69.554987839405,30.485832693882));
#2696 = CARTESIAN_POINT('',(-70.9,69.57047447561,30.438016801752));
#2697 = CARTESIAN_POINT('',(-70.9,69.580995244991,30.414386491002));
#2698 = CARTESIAN_POINT('',(-70.9,69.606167433773,30.370881722092));
#2699 = CARTESIAN_POINT('',(-70.9,69.639763655394,30.333498713602));
#2700 = CARTESIAN_POINT('',(-70.9,69.658986371497,30.316190413412));
#2701 = CARTESIAN_POINT('',(-70.9,69.679331629569,30.301437964222));
#2702 = CARTESIAN_POINT('',(-70.9,69.700978538971,30.288940115282));
#2703 = ORIENTED_EDGE('',*,*,#2704,.T.);
#2704 = EDGE_CURVE('',#2682,#2705,#2707,.T.);
#2705 = VERTEX_POINT('',#2706);
#2706 = CARTESIAN_POINT('',(-70.9,70.733978538793,29.692537287632));
#2707 = LINE('',#2708,#2709);
#2708 = CARTESIAN_POINT('',(-70.9,70.217478538881,29.990738702392));
#2709 = VECTOR('',#2710,1.);
#2710 = DIRECTION('',(2.008531732678E-13,0.866025403224,-0.50000000097)
  );
#2711 = ORIENTED_EDGE('',*,*,#2712,.F.);
#2712 = EDGE_CURVE('',#2713,#2705,#2715,.T.);
#2713 = VERTEX_POINT('',#2714);
#2714 = CARTESIAN_POINT('',(-70.9,70.733978538793,28.904958187052));
#2715 = LINE('',#2716,#2717);
#2716 = CARTESIAN_POINT('',(-70.9,70.733978538793,29.298747737342));
#2717 = VECTOR('',#2718,1.);
#2718 = DIRECTION('',(-3.99217247312E-13,1.110223024624E-16,1.));
#2719 = ORIENTED_EDGE('',*,*,#2720,.T.);
#2720 = EDGE_CURVE('',#2713,#2721,#2723,.T.);
#2721 = VERTEX_POINT('',#2722);
#2722 = CARTESIAN_POINT('',(-70.9,69.700978540834,28.308555359402));
#2723 = LINE('',#2724,#2725);
#2724 = CARTESIAN_POINT('',(-70.9,70.217478539812,28.606756773232));
#2725 = VECTOR('',#2726,1.);
#2726 = DIRECTION('',(2.012377662336E-13,-0.86602540351,-0.500000000475)
  );
#2727 = ORIENTED_EDGE('',*,*,#2728,.T.);
#2728 = EDGE_CURVE('',#2721,#2729,#2731,.T.);
#2729 = VERTEX_POINT('',#2730);
#2730 = CARTESIAN_POINT('',(-70.9,69.700978539476,27.788940116132));
#2731 = B_SPLINE_CURVE_WITH_KNOTS('',5,(#2732,#2733,#2734,#2735,#2736,
    #2737,#2738,#2739,#2740,#2741,#2742,#2743,#2744,#2745,#2746,#2747,
    #2748,#2749),.UNSPECIFIED.,.F.,.F.,(6,3,3,3,3,6),(0.,0.1773933369,
    0.354786673061,0.532180010624,0.709573346785,0.886966683685),
  .UNSPECIFIED.);
#2732 = CARTESIAN_POINT('',(-70.9,69.700978538971,28.308555359402));
#2733 = CARTESIAN_POINT('',(-70.9,69.679331629575,28.296057510462));
#2734 = CARTESIAN_POINT('',(-70.9,69.65898663857,28.281305215702));
#2735 = CARTESIAN_POINT('',(-70.9,69.639763974547,28.263997200342));
#2736 = CARTESIAN_POINT('',(-70.9,69.606167114611,28.226613313332));
#2737 = CARTESIAN_POINT('',(-70.9,69.580995564161,28.183109422942));
#2738 = CARTESIAN_POINT('',(-70.9,69.570474588486,28.159479204072));
#2739 = CARTESIAN_POINT('',(-70.9,69.554987726514,28.111662249692));
#2740 = CARTESIAN_POINT('',(-70.9,69.549686997368,28.061681276212));
#2741 = CARTESIAN_POINT('',(-70.9,69.549686884462,28.035814729562));
#2742 = CARTESIAN_POINT('',(-70.9,69.554987839405,27.985832693882));
#2743 = CARTESIAN_POINT('',(-70.9,69.57047447561,27.938016801752));
#2744 = CARTESIAN_POINT('',(-70.9,69.580995244991,27.914386491002));
#2745 = CARTESIAN_POINT('',(-70.9,69.606167433773,27.870881722092));
#2746 = CARTESIAN_POINT('',(-70.9,69.639763655394,27.833498713602));
#2747 = CARTESIAN_POINT('',(-70.9,69.658986371497,27.816190413412));
#2748 = CARTESIAN_POINT('',(-70.9,69.679331629569,27.801437964222));
#2749 = CARTESIAN_POINT('',(-70.9,69.700978538971,27.788940115282));
#2750 = ORIENTED_EDGE('',*,*,#2751,.T.);
#2751 = EDGE_CURVE('',#2729,#2752,#2754,.T.);
#2752 = VERTEX_POINT('',#2753);
#2753 = CARTESIAN_POINT('',(-70.9,70.733978538793,27.192537287632));
#2754 = LINE('',#2755,#2756);
#2755 = CARTESIAN_POINT('',(-70.9,70.217478538881,27.490738702392));
#2756 = VECTOR('',#2757,1.);
#2757 = DIRECTION('',(2.008531732678E-13,0.866025403224,-0.50000000097)
  );
#2758 = ORIENTED_EDGE('',*,*,#2759,.F.);
#2759 = EDGE_CURVE('',#2760,#2752,#2762,.T.);
#2760 = VERTEX_POINT('',#2761);
#2761 = CARTESIAN_POINT('',(-70.9,70.733978538793,26.404958187052));
#2762 = LINE('',#2763,#2764);
#2763 = CARTESIAN_POINT('',(-70.9,70.733978538793,26.798747737342));
#2764 = VECTOR('',#2765,1.);
#2765 = DIRECTION('',(-3.99217247312E-13,1.110223024624E-16,1.));
#2766 = ORIENTED_EDGE('',*,*,#2767,.T.);
#2767 = EDGE_CURVE('',#2760,#2768,#2770,.T.);
#2768 = VERTEX_POINT('',#2769);
#2769 = CARTESIAN_POINT('',(-70.9,69.700978540834,25.808555359402));
#2770 = LINE('',#2771,#2772);
#2771 = CARTESIAN_POINT('',(-70.9,70.217478539812,26.106756773232));
#2772 = VECTOR('',#2773,1.);
#2773 = DIRECTION('',(2.012377662336E-13,-0.86602540351,-0.500000000475)
  );
#2774 = ORIENTED_EDGE('',*,*,#2775,.T.);
#2775 = EDGE_CURVE('',#2768,#2776,#2778,.T.);
#2776 = VERTEX_POINT('',#2777);
#2777 = CARTESIAN_POINT('',(-70.9,69.700978539476,25.288940116132));
#2778 = B_SPLINE_CURVE_WITH_KNOTS('',5,(#2779,#2780,#2781,#2782,#2783,
    #2784,#2785,#2786,#2787,#2788,#2789,#2790,#2791,#2792,#2793,#2794,
    #2795,#2796),.UNSPECIFIED.,.F.,.F.,(6,3,3,3,3,6),(0.,0.1773933369,
    0.354786673061,0.532180010624,0.709573346785,0.886966683685),
  .UNSPECIFIED.);
#2779 = CARTESIAN_POINT('',(-70.9,69.700978538971,25.808555359402));
#2780 = CARTESIAN_POINT('',(-70.9,69.679331629575,25.796057510462));
#2781 = CARTESIAN_POINT('',(-70.9,69.65898663857,25.781305215702));
#2782 = CARTESIAN_POINT('',(-70.9,69.639763974546,25.763997200352));
#2783 = CARTESIAN_POINT('',(-70.9,69.606167114612,25.726613313322));
#2784 = CARTESIAN_POINT('',(-70.9,69.580995564159,25.683109422942));
#2785 = CARTESIAN_POINT('',(-70.9,69.570474588486,25.659479204072));
#2786 = CARTESIAN_POINT('',(-70.9,69.554987726514,25.611662249692));
#2787 = CARTESIAN_POINT('',(-70.9,69.549686997368,25.561681276212));
#2788 = CARTESIAN_POINT('',(-70.9,69.549686884462,25.535814729562));
#2789 = CARTESIAN_POINT('',(-70.9,69.554987839406,25.485832693882));
#2790 = CARTESIAN_POINT('',(-70.9,69.57047447561,25.438016801752));
#2791 = CARTESIAN_POINT('',(-70.9,69.580995244991,25.414386491002));
#2792 = CARTESIAN_POINT('',(-70.9,69.606167433773,25.370881722092));
#2793 = CARTESIAN_POINT('',(-70.9,69.639763655394,25.333498713602));
#2794 = CARTESIAN_POINT('',(-70.9,69.658986371497,25.316190413412));
#2795 = CARTESIAN_POINT('',(-70.9,69.679331629569,25.301437964222));
#2796 = CARTESIAN_POINT('',(-70.9,69.700978538971,25.288940115282));
#2797 = ORIENTED_EDGE('',*,*,#2798,.T.);
#2798 = EDGE_CURVE('',#2776,#2799,#2801,.T.);
#2799 = VERTEX_POINT('',#2800);
#2800 = CARTESIAN_POINT('',(-70.9,70.733978539343,24.692537289492));
#2801 = LINE('',#2802,#2803);
#2802 = CARTESIAN_POINT('',(-70.9,70.217478538881,24.990738702392));
#2803 = VECTOR('',#2804,1.);
#2804 = DIRECTION('',(1.993639475678E-13,0.866025403224,-0.50000000097)
  );
#2805 = ORIENTED_EDGE('',*,*,#2806,.F.);
#2806 = EDGE_CURVE('',#2807,#2799,#2809,.T.);
#2807 = VERTEX_POINT('',#2808);
#2808 = CARTESIAN_POINT('',(-70.9,70.733978539343,23.904958187052));
#2809 = LINE('',#2810,#2811);
#2810 = CARTESIAN_POINT('',(-70.9,70.733978538793,24.298747737342));
#2811 = VECTOR('',#2812,1.);
#2812 = DIRECTION('',(-4.01472711986E-13,1.110223024624E-16,1.));
#2813 = ORIENTED_EDGE('',*,*,#2814,.T.);
#2814 = EDGE_CURVE('',#2807,#2815,#2817,.T.);
#2815 = VERTEX_POINT('',#2816);
#2816 = CARTESIAN_POINT('',(-70.9,69.700978540834,23.308555359402));
#2817 = LINE('',#2818,#2819);
#2818 = CARTESIAN_POINT('',(-70.9,70.217478539812,23.606756773232));
#2819 = VECTOR('',#2820,1.);
#2820 = DIRECTION('',(2.012377662336E-13,-0.86602540351,-0.500000000475)
  );
#2821 = ORIENTED_EDGE('',*,*,#2822,.T.);
#2822 = EDGE_CURVE('',#2815,#2823,#2825,.T.);
#2823 = VERTEX_POINT('',#2824);
#2824 = CARTESIAN_POINT('',(-70.9,69.700978539476,22.788940116162));
#2825 = B_SPLINE_CURVE_WITH_KNOTS('',5,(#2826,#2827,#2828,#2829,#2830,
    #2831,#2832,#2833,#2834,#2835,#2836,#2837,#2838,#2839,#2840,#2841,
    #2842,#2843),.UNSPECIFIED.,.F.,.F.,(6,3,3,3,3,6),(0.,0.1773933369,
    0.354786673061,0.532180010624,0.709573346785,0.886966683685),
  .UNSPECIFIED.);
#2826 = CARTESIAN_POINT('',(-70.9,69.700978538971,23.308555359402));
#2827 = CARTESIAN_POINT('',(-70.9,69.679331629575,23.296057510462));
#2828 = CARTESIAN_POINT('',(-70.9,69.65898663857,23.281305215702));
#2829 = CARTESIAN_POINT('',(-70.9,69.639763974546,23.263997200342));
#2830 = CARTESIAN_POINT('',(-70.9,69.606167114612,23.226613313322));
#2831 = CARTESIAN_POINT('',(-70.9,69.580995564159,23.183109422942));
#2832 = CARTESIAN_POINT('',(-70.9,69.570474588486,23.159479204072));
#2833 = CARTESIAN_POINT('',(-70.9,69.554987726514,23.111662249692));
#2834 = CARTESIAN_POINT('',(-70.9,69.549686997368,23.061681276212));
#2835 = CARTESIAN_POINT('',(-70.9,69.549686884461,23.035814729562));
#2836 = CARTESIAN_POINT('',(-70.9,69.554987839406,22.985832693862));
#2837 = CARTESIAN_POINT('',(-70.9,69.570474475609,22.938016801762));
#2838 = CARTESIAN_POINT('',(-70.9,69.580995244991,22.914386490962));
#2839 = CARTESIAN_POINT('',(-70.9,69.606167433773,22.870881722062));
#2840 = CARTESIAN_POINT('',(-70.9,69.639763655394,22.833498713562));
#2841 = CARTESIAN_POINT('',(-70.9,69.658986371497,22.816190413462));
#2842 = CARTESIAN_POINT('',(-70.9,69.679331629569,22.801437964262));
#2843 = CARTESIAN_POINT('',(-70.9,69.700978538971,22.788940115262));
#2844 = ORIENTED_EDGE('',*,*,#2845,.T.);
#2845 = EDGE_CURVE('',#2823,#2846,#2848,.T.);
#2846 = VERTEX_POINT('',#2847);
#2847 = CARTESIAN_POINT('',(-70.9,70.733978538793,22.192537287662));
#2848 = LINE('',#2849,#2850);
#2849 = CARTESIAN_POINT('',(-70.9,70.217478538881,22.490738702362));
#2850 = VECTOR('',#2851,1.);
#2851 = DIRECTION('',(1.993639475678E-13,0.866025403224,-0.50000000097)
  );
#2852 = ORIENTED_EDGE('',*,*,#2853,.F.);
#2853 = EDGE_CURVE('',#2854,#2846,#2856,.T.);
#2854 = VERTEX_POINT('',#2855);
#2855 = CARTESIAN_POINT('',(-70.9,70.733978538793,21.404958187062));
#2856 = LINE('',#2857,#2858);
#2857 = CARTESIAN_POINT('',(-70.9,70.733978538793,21.798747737362));
#2858 = VECTOR('',#2859,1.);
#2859 = DIRECTION('',(-4.01472711986E-13,1.110223024624E-16,1.));
#2860 = ORIENTED_EDGE('',*,*,#2861,.T.);
#2861 = EDGE_CURVE('',#2854,#2862,#2864,.T.);
#2862 = VERTEX_POINT('',#2863);
#2863 = CARTESIAN_POINT('',(-70.9,69.700978539343,20.808555358462));
#2864 = LINE('',#2865,#2866);
#2865 = CARTESIAN_POINT('',(-70.9,70.217478539812,21.106756773262));
#2866 = VECTOR('',#2867,1.);
#2867 = DIRECTION('',(1.997485405306E-13,-0.86602540351,-0.500000000475)
  );
#2868 = ORIENTED_EDGE('',*,*,#2869,.T.);
#2869 = EDGE_CURVE('',#2862,#2870,#2872,.T.);
#2870 = VERTEX_POINT('',#2871);
#2871 = CARTESIAN_POINT('',(-70.9,69.700978539343,20.288940116262));
#2872 = B_SPLINE_CURVE_WITH_KNOTS('',5,(#2873,#2874,#2875,#2876,#2877,
    #2878,#2879,#2880,#2881,#2882,#2883,#2884,#2885,#2886,#2887,#2888,
    #2889,#2890),.UNSPECIFIED.,.F.,.F.,(6,3,3,3,3,6),(0.,0.177068305375,
    0.354136611111,0.531204917054,0.708273221058,0.885341526433),
  .UNSPECIFIED.);
#2873 = CARTESIAN_POINT('',(-70.9,69.700978540834,20.808555359362));
#2874 = CARTESIAN_POINT('',(-70.9,69.679292190908,20.796034739562));
#2875 = CARTESIAN_POINT('',(-70.9,69.658912490327,20.781251552362));
#2876 = CARTESIAN_POINT('',(-70.9,69.639825137607,20.764065395662));
#2877 = CARTESIAN_POINT('',(-70.9,69.606159489312,20.726618810062));
#2878 = CARTESIAN_POINT('',(-70.9,69.580949651334,20.683030241162));
#2879 = CARTESIAN_POINT('',(-70.9,69.570502727132,20.659566379362));
#2880 = CARTESIAN_POINT('',(-70.9,69.554978525542,20.611664168362));
#2881 = CARTESIAN_POINT('',(-70.9,69.549677260806,20.561590264262));
#2882 = CARTESIAN_POINT('',(-70.9,69.549677132913,20.535905812862));
#2883 = CARTESIAN_POINT('',(-70.9,69.554978653554,20.485830704162));
#2884 = CARTESIAN_POINT('',(-70.9,69.570502598798,20.437929698162));
#2885 = CARTESIAN_POINT('',(-70.9,69.580949287864,20.414465733262));
#2886 = CARTESIAN_POINT('',(-70.9,69.606159849588,20.370876168062));
#2887 = CARTESIAN_POINT('',(-70.9,69.639824773651,20.333430579062));
#2888 = CARTESIAN_POINT('',(-70.9,69.658911955216,20.316244232162));
#2889 = CARTESIAN_POINT('',(-70.9,69.679292189082,20.301460737062));
#2890 = CARTESIAN_POINT('',(-70.9,69.700978538971,20.288940117162));
#2891 = ORIENTED_EDGE('',*,*,#2892,.T.);
#2892 = EDGE_CURVE('',#2870,#2893,#2895,.T.);
#2893 = VERTEX_POINT('',#2894);
#2894 = CARTESIAN_POINT('',(-70.9,70.733978538613,19.692537288562));
#2895 = LINE('',#2896,#2897);
#2896 = CARTESIAN_POINT('',(-70.9,70.217478538881,19.990738702362));
#2897 = VECTOR('',#2898,1.);
#2898 = DIRECTION('',(1.993639475678E-13,0.866025403224,-0.50000000097)
  );
#2899 = ORIENTED_EDGE('',*,*,#2900,.F.);
#2900 = EDGE_CURVE('',#2901,#2893,#2903,.T.);
#2901 = VERTEX_POINT('',#2902);
#2902 = CARTESIAN_POINT('',(-70.9,70.733978539403,18.904958186562));
#2903 = LINE('',#2904,#2905);
#2904 = CARTESIAN_POINT('',(-70.9,70.733978538793,19.298747737362));
#2905 = VECTOR('',#2906,1.);
#2906 = DIRECTION('',(-4.01472711986E-13,1.110223024624E-16,1.));
#2907 = ORIENTED_EDGE('',*,*,#2908,.T.);
#2908 = EDGE_CURVE('',#2901,#2909,#2911,.T.);
#2909 = VERTEX_POINT('',#2910);
#2910 = CARTESIAN_POINT('',(-70.9,69.700978540133,18.308555358862));
#2911 = LINE('',#2912,#2913);
#2912 = CARTESIAN_POINT('',(-70.9,70.217478538881,18.606756772262));
#2913 = VECTOR('',#2914,1.);
#2914 = DIRECTION('',(1.997485401048E-13,-0.866025403224,-0.50000000097)
  );
#2915 = ORIENTED_EDGE('',*,*,#2916,.T.);
#2916 = EDGE_CURVE('',#2909,#2917,#2919,.T.);
#2917 = VERTEX_POINT('',#2918);
#2918 = CARTESIAN_POINT('',(-70.9,69.700978539379,17.788940116162));
#2919 = B_SPLINE_CURVE_WITH_KNOTS('',5,(#2920,#2921,#2922,#2923,#2924,
    #2925,#2926,#2927,#2928,#2929,#2930,#2931,#2932,#2933,#2934,#2935,
    #2936,#2937),.UNSPECIFIED.,.F.,.F.,(6,3,3,3,3,6),(0.,0.177068305162,
    0.354136609584,0.531204915411,0.708273219832,0.885341524994),
  .UNSPECIFIED.);
#2920 = CARTESIAN_POINT('',(-70.9,69.700978538971,18.308555359362));
#2921 = CARTESIAN_POINT('',(-70.9,69.679292189108,18.296034739462));
#2922 = CARTESIAN_POINT('',(-70.9,69.658912488594,18.281251552362));
#2923 = CARTESIAN_POINT('',(-70.9,69.639825137472,18.264065393762));
#2924 = CARTESIAN_POINT('',(-70.9,69.606159489418,18.226618808362));
#2925 = CARTESIAN_POINT('',(-70.9,69.580949651622,18.183030239562));
#2926 = CARTESIAN_POINT('',(-70.9,69.570502726926,18.159566379062));
#2927 = CARTESIAN_POINT('',(-70.9,69.554978525527,18.111664168162));
#2928 = CARTESIAN_POINT('',(-70.9,69.549677260901,18.061590264262));
#2929 = CARTESIAN_POINT('',(-70.9,69.549677132851,18.035905812762));
#2930 = CARTESIAN_POINT('',(-70.9,69.554978653566,17.985830704162));
#2931 = CARTESIAN_POINT('',(-70.9,69.570502598898,17.937929698062));
#2932 = CARTESIAN_POINT('',(-70.9,69.580949289634,17.914465733362));
#2933 = CARTESIAN_POINT('',(-70.9,69.606159851397,17.870876168162));
#2934 = CARTESIAN_POINT('',(-70.9,69.639824775503,17.833430579162));
#2935 = CARTESIAN_POINT('',(-70.9,69.658911955259,17.816244230262));
#2936 = CARTESIAN_POINT('',(-70.9,69.679292189106,17.801460735162));
#2937 = CARTESIAN_POINT('',(-70.9,69.700978538971,17.788940115262));
#2938 = ORIENTED_EDGE('',*,*,#2939,.T.);
#2939 = EDGE_CURVE('',#2917,#2940,#2942,.T.);
#2940 = VERTEX_POINT('',#2941);
#2941 = CARTESIAN_POINT('',(-70.9,71.501978539083,16.749132281562));
#2942 = LINE('',#2943,#2944);
#2943 = CARTESIAN_POINT('',(-70.9,70.601478539425,17.269036198462));
#2944 = VECTOR('',#2945,1.);
#2945 = DIRECTION('',(2.005389558124E-13,0.866025404119,-0.499999999421)
  );
#2946 = ORIENTED_EDGE('',*,*,#2947,.T.);
#2947 = EDGE_CURVE('',#2940,#2948,#2950,.T.);
#2948 = VERTEX_POINT('',#2949);
#2949 = CARTESIAN_POINT('',(-70.9,71.501978539883,11.748747736562));
#2950 = LINE('',#2951,#2952);
#2951 = CARTESIAN_POINT('',(-70.9,71.501978539883,14.248940009062));
#2952 = VECTOR('',#2953,1.);
#2953 = DIRECTION('',(4.00715284361E-13,-1.110223024624E-16,-1.));
#2954 = ORIENTED_EDGE('',*,*,#2955,.F.);
#2955 = EDGE_CURVE('',#1044,#2948,#2956,.T.);
#2956 = LINE('',#2957,#2958);
#2957 = CARTESIAN_POINT('',(-70.9,64.176478539613,11.748747736562));
#2958 = VECTOR('',#2959,1.);
#2959 = DIRECTION('',(-2.22044604925E-16,1.,-1.110223024625E-16));
#2960 = ORIENTED_EDGE('',*,*,#1043,.F.);
#2961 = ORIENTED_EDGE('',*,*,#870,.T.);
#2962 = ORIENTED_EDGE('',*,*,#2491,.T.);
#2963 = ORIENTED_EDGE('',*,*,#2964,.F.);
#2964 = EDGE_CURVE('',#2531,#2484,#2965,.T.);
#2965 = LINE('',#2966,#2967);
#2966 = CARTESIAN_POINT('',(-70.9,70.733978538793,39.298747737342));
#2967 = VECTOR('',#2968,1.);
#2968 = DIRECTION('',(-3.99217247312E-13,1.110223024624E-16,1.));
#2969 = PLANE('',#2970);
#2970 = AXIS2_PLACEMENT_3D('',#2971,#2972,#2973);
#2971 = CARTESIAN_POINT('',(-70.9,56.850978539343,48.048747737362));
#2972 = DIRECTION('',(-1.,-2.22044604925E-16,-4.00617039642E-13));
#2973 = DIRECTION('',(-2.22044604925E-16,1.,-1.110223024626E-16));
#2974 = ADVANCED_FACE('',(#2975),#2994,.F.);
#2975 = FACE_BOUND('',#2976,.T.);
#2976 = EDGE_LOOP('',(#2977,#2985,#2986,#2987,#2988));
#2977 = ORIENTED_EDGE('',*,*,#2978,.T.);
#2978 = EDGE_CURVE('',#2979,#899,#2981,.T.);
#2979 = VERTEX_POINT('',#2980);
#2980 = CARTESIAN_POINT('',(-50.28000000001,70.733978539533,
    47.192537287662));
#2981 = LINE('',#2982,#2983);
#2982 = CARTESIAN_POINT('',(-56.89310522526,70.733978539413,
    47.192537288062));
#2983 = VECTOR('',#2984,1.);
#2984 = DIRECTION('',(-1.,-1.219624504376E-10,7.0014421901E-11));
#2985 = ORIENTED_EDGE('',*,*,#898,.F.);
#2986 = ORIENTED_EDGE('',*,*,#2342,.T.);
#2987 = ORIENTED_EDGE('',*,*,#2324,.T.);
#2988 = ORIENTED_EDGE('',*,*,#2989,.T.);
#2989 = EDGE_CURVE('',#2286,#2979,#2990,.T.);
#2990 = LINE('',#2991,#2992);
#2991 = CARTESIAN_POINT('',(-50.28000000082,70.542478540403,
    47.303099864062));
#2992 = VECTOR('',#2993,1.);
#2993 = DIRECTION('',(2.086725805676E-13,0.866025403784,-0.5));
#2994 = PLANE('',#2995);
#2995 = AXIS2_PLACEMENT_3D('',#2996,#2997,#2998);
#2996 = CARTESIAN_POINT('',(-17.9,69.700978539343,47.788940116262));
#2997 = DIRECTION('',(3.470555558218E-13,-0.5,-0.866025403784));
#2998 = DIRECTION('',(2.001162235526E-13,0.866025403784,-0.5));
#2999 = ADVANCED_FACE('',(#3000),#3018,.T.);
#3000 = FACE_BOUND('',#3001,.T.);
#3001 = EDGE_LOOP('',(#3002,#3003,#3004,#3012));
#3002 = ORIENTED_EDGE('',*,*,#906,.T.);
#3003 = ORIENTED_EDGE('',*,*,#2978,.F.);
#3004 = ORIENTED_EDGE('',*,*,#3005,.T.);
#3005 = EDGE_CURVE('',#2979,#3006,#3008,.T.);
#3006 = VERTEX_POINT('',#3007);
#3007 = CARTESIAN_POINT('',(-50.28000000082,70.733978539403,
    46.404958186562));
#3008 = LINE('',#3009,#3010);
#3009 = CARTESIAN_POINT('',(-50.28000000082,70.733978539343,
    46.798747737362));
#3010 = VECTOR('',#3011,1.);
#3011 = DIRECTION('',(4.00344979649E-13,-1.110223024624E-16,-1.));
#3012 = ORIENTED_EDGE('',*,*,#3013,.T.);
#3013 = EDGE_CURVE('',#3006,#907,#3014,.T.);
#3014 = LINE('',#3015,#3016);
#3015 = CARTESIAN_POINT('',(-57.28689477555,70.733978539343,
    46.404958187062));
#3016 = VECTOR('',#3017,1.);
#3017 = DIRECTION('',(-1.,-2.22044604925E-16,-4.00554581806E-13));
#3018 = PLANE('',#3019);
#3019 = AXIS2_PLACEMENT_3D('',#3020,#3021,#3022);
#3020 = CARTESIAN_POINT('',(-17.9,70.733978539343,48.048747737362));
#3021 = DIRECTION('',(-2.22044604925E-16,1.,-1.110223024626E-16));
#3022 = DIRECTION('',(-1.,-2.22044604925E-16,-4.00617039642E-13));
#3023 = ADVANCED_FACE('',(#3024),#3041,.F.);
#3024 = FACE_BOUND('',#3025,.T.);
#3025 = EDGE_LOOP('',(#3026,#3027,#3033,#3034,#3040));
#3026 = ORIENTED_EDGE('',*,*,#3013,.F.);
#3027 = ORIENTED_EDGE('',*,*,#3028,.F.);
#3028 = EDGE_CURVE('',#2288,#3006,#3029,.T.);
#3029 = LINE('',#3030,#3031);
#3030 = CARTESIAN_POINT('',(-50.28000000082,70.542478539579,
    46.294395610162));
#3031 = VECTOR('',#3032,1.);
#3032 = DIRECTION('',(-1.929906441179E-13,0.866025403784,0.5));
#3033 = ORIENTED_EDGE('',*,*,#2295,.F.);
#3034 = ORIENTED_EDGE('',*,*,#3035,.F.);
#3035 = EDGE_CURVE('',#915,#2296,#3036,.T.);
#3036 = LINE('',#3037,#3038);
#3037 = CARTESIAN_POINT('',(-57.41828066632,69.700978540133,
    45.808555358962));
#3038 = VECTOR('',#3039,1.);
#3039 = DIRECTION('',(1.,2.220446047797E-16,4.0070728451E-13));
#3040 = ORIENTED_EDGE('',*,*,#914,.F.);
#3041 = PLANE('',#3042);
#3042 = AXIS2_PLACEMENT_3D('',#3043,#3044,#3045);
#3043 = CARTESIAN_POINT('',(-17.9,72.167978539343,47.232878472562));
#3044 = DIRECTION('',(-3.468335112169E-13,-0.5,0.866025403784));
#3045 = DIRECTION('',(2.005008160899E-13,-0.866025403784,-0.5));
#3046 = ADVANCED_FACE('',(#3047),#3068,.F.);
#3047 = FACE_BOUND('',#3048,.F.);
#3048 = EDGE_LOOP('',(#3049,#3050,#3051,#3059,#3067));
#3049 = ORIENTED_EDGE('',*,*,#3035,.F.);
#3050 = ORIENTED_EDGE('',*,*,#922,.T.);
#3051 = ORIENTED_EDGE('',*,*,#3052,.T.);
#3052 = EDGE_CURVE('',#923,#3053,#3055,.T.);
#3053 = VERTEX_POINT('',#3054);
#3054 = CARTESIAN_POINT('',(-49.94636895284,69.700978539343,
    45.288940116162));
#3055 = LINE('',#3056,#3057);
#3056 = CARTESIAN_POINT('',(-25.8999999992,69.700978539347,
    45.288940116262));
#3057 = VECTOR('',#3058,1.);
#3058 = DIRECTION('',(1.,2.22044604925E-16,4.00617039631E-13));
#3059 = ORIENTED_EDGE('',*,*,#3060,.T.);
#3060 = EDGE_CURVE('',#3053,#1295,#3061,.T.);
#3061 = B_SPLINE_CURVE_WITH_KNOTS('',4,(#3062,#3063,#3064,#3065,#3066),
  .UNSPECIFIED.,.F.,.F.,(5,5),(0.,0.799709132193),
  .PIECEWISE_BEZIER_KNOTS.);
#3062 = CARTESIAN_POINT('',(-49.94636895284,69.700978539346,
    45.288940116262));
#3063 = CARTESIAN_POINT('',(-49.83809246445,69.62329116631,
    45.333792941962));
#3064 = CARTESIAN_POINT('',(-49.71958421715,69.574817923108,
    45.402439593362));
#3065 = CARTESIAN_POINT('',(-49.59991179139,69.550978539343,
    45.475317061562));
#3066 = CARTESIAN_POINT('',(-49.48000000007,69.550978539343,
    45.548747737362));
#3067 = ORIENTED_EDGE('',*,*,#2305,.T.);
#3068 = CYLINDRICAL_SURFACE('',#3069,0.3);
#3069 = AXIS2_PLACEMENT_3D('',#3070,#3071,#3072);
#3070 = CARTESIAN_POINT('',(-25.9,69.850978539343,45.548747737362));
#3071 = DIRECTION('',(1.,2.220446046746E-16,4.00617039642E-13));
#3072 = DIRECTION('',(-3.468335112165E-13,-0.5,0.866025403784));
#3073 = ADVANCED_FACE('',(#3074),#3106,.F.);
#3074 = FACE_BOUND('',#3075,.T.);
#3075 = EDGE_LOOP('',(#3076,#3084,#3085,#3086,#3100));
#3076 = ORIENTED_EDGE('',*,*,#3077,.T.);
#3077 = EDGE_CURVE('',#3078,#940,#3080,.T.);
#3078 = VERTEX_POINT('',#3079);
#3079 = CARTESIAN_POINT('',(-50.28000000001,70.733978539533,
    44.692537287662));
#3080 = LINE('',#3081,#3082);
#3081 = CARTESIAN_POINT('',(-58.14310522526,70.733978539413,
    44.692537288062));
#3082 = VECTOR('',#3083,1.);
#3083 = DIRECTION('',(-1.,-1.025740814486E-10,5.88205032782E-11));
#3084 = ORIENTED_EDGE('',*,*,#939,.F.);
#3085 = ORIENTED_EDGE('',*,*,#3052,.T.);
#3086 = ORIENTED_EDGE('',*,*,#3087,.T.);
#3087 = EDGE_CURVE('',#3053,#3088,#3090,.T.);
#3088 = VERTEX_POINT('',#3089);
#3089 = CARTESIAN_POINT('',(-50.28000000001,70.350978540088,
    44.913662441462));
#3090 = B_SPLINE_CURVE_WITH_KNOTS('',5,(#3091,#3092,#3093,#3094,#3095,
    #3096,#3097,#3098,#3099),.UNSPECIFIED.,.F.,.F.,(6,3,6),(0.,
    0.720794725817,1.20083185338),.UNSPECIFIED.);
#3091 = CARTESIAN_POINT('',(-49.94636895284,69.700978539343,
    45.288940116162));
#3092 = CARTESIAN_POINT('',(-50.02463709615,69.757135204006,
    45.256518050762));
#3093 = CARTESIAN_POINT('',(-50.09278162657,69.823872566493,
    45.217987216562));
#3094 = CARTESIAN_POINT('',(-50.14923491288,69.898555493147,
    45.174869008762));
#3095 = CARTESIAN_POINT('',(-50.2231980979,70.031741020797,
    45.097974308462));
#3096 = CARTESIAN_POINT('',(-50.26368168631,70.174662048278,
    45.015458814862));
#3097 = CARTESIAN_POINT('',(-50.27463043085,70.233735427086,
    44.981352783662));
#3098 = CARTESIAN_POINT('',(-50.28000000082,70.292356898285,
    44.947507661462));
#3099 = CARTESIAN_POINT('',(-50.28000000082,70.350978538968,
    44.913662441462));
#3100 = ORIENTED_EDGE('',*,*,#3101,.T.);
#3101 = EDGE_CURVE('',#3088,#3078,#3102,.T.);
#3102 = LINE('',#3103,#3104);
#3103 = CARTESIAN_POINT('',(-50.28000000082,70.542478540403,
    44.803099864062));
#3104 = VECTOR('',#3105,1.);
#3105 = DIRECTION('',(2.086725805676E-13,0.866025403784,-0.5));
#3106 = PLANE('',#3107);
#3107 = AXIS2_PLACEMENT_3D('',#3108,#3109,#3110);
#3108 = CARTESIAN_POINT('',(-17.9,69.700978539343,45.288940116262));
#3109 = DIRECTION('',(3.470555558218E-13,-0.5,-0.866025403784));
#3110 = DIRECTION('',(2.001162235526E-13,0.866025403784,-0.5));
#3111 = ADVANCED_FACE('',(#3112),#3130,.T.);
#3112 = FACE_BOUND('',#3113,.T.);
#3113 = EDGE_LOOP('',(#3114,#3115,#3116,#3124));
#3114 = ORIENTED_EDGE('',*,*,#947,.T.);
#3115 = ORIENTED_EDGE('',*,*,#3077,.F.);
#3116 = ORIENTED_EDGE('',*,*,#3117,.T.);
#3117 = EDGE_CURVE('',#3078,#3118,#3120,.T.);
#3118 = VERTEX_POINT('',#3119);
#3119 = CARTESIAN_POINT('',(-50.28000000082,70.733978539403,
    43.904958186562));
#3120 = LINE('',#3121,#3122);
#3121 = CARTESIAN_POINT('',(-50.28000000082,70.733978539343,
    44.298747737362));
#3122 = VECTOR('',#3123,1.);
#3123 = DIRECTION('',(4.00344979649E-13,-1.110223024624E-16,-1.));
#3124 = ORIENTED_EDGE('',*,*,#3125,.T.);
#3125 = EDGE_CURVE('',#3118,#948,#3126,.T.);
#3126 = LINE('',#3127,#3128);
#3127 = CARTESIAN_POINT('',(-58.53689477555,70.733978539343,
    43.904958187062));
#3128 = VECTOR('',#3129,1.);
#3129 = DIRECTION('',(-1.,-2.22044604925E-16,-4.00583575933E-13));
#3130 = PLANE('',#3131);
#3131 = AXIS2_PLACEMENT_3D('',#3132,#3133,#3134);
#3132 = CARTESIAN_POINT('',(-17.9,70.733978539343,48.048747737362));
#3133 = DIRECTION('',(-2.22044604925E-16,1.,-1.110223024626E-16));
#3134 = DIRECTION('',(-1.,-2.22044604925E-16,-4.00617039642E-13));
#3135 = ADVANCED_FACE('',(#3136),#3168,.F.);
#3136 = FACE_BOUND('',#3137,.T.);
#3137 = EDGE_LOOP('',(#3138,#3139,#3147,#3161,#3167));
#3138 = ORIENTED_EDGE('',*,*,#3125,.F.);
#3139 = ORIENTED_EDGE('',*,*,#3140,.F.);
#3140 = EDGE_CURVE('',#3141,#3118,#3143,.T.);
#3141 = VERTEX_POINT('',#3142);
#3142 = CARTESIAN_POINT('',(-50.28000000082,70.350978539758,
    43.683833033662));
#3143 = LINE('',#3144,#3145);
#3144 = CARTESIAN_POINT('',(-50.28000000082,70.542478539579,
    43.794395610162));
#3145 = VECTOR('',#3146,1.);
#3146 = DIRECTION('',(-1.929906441179E-13,0.866025403784,0.5));
#3147 = ORIENTED_EDGE('',*,*,#3148,.F.);
#3148 = EDGE_CURVE('',#3149,#3141,#3151,.T.);
#3149 = VERTEX_POINT('',#3150);
#3150 = CARTESIAN_POINT('',(-49.94636895284,69.700978539343,
    43.308555358462));
#3151 = B_SPLINE_CURVE_WITH_KNOTS('',5,(#3152,#3153,#3154,#3155,#3156,
    #3157,#3158,#3159,#3160),.UNSPECIFIED.,.F.,.F.,(6,3,6),(0.,
    0.720794724536,1.20083185348),.UNSPECIFIED.);
#3152 = CARTESIAN_POINT('',(-49.94636895284,69.700978540133,
    43.308555358962));
#3153 = CARTESIAN_POINT('',(-50.02463709604,69.757135204719,
    43.340977424362));
#3154 = CARTESIAN_POINT('',(-50.09278162639,69.82387256709,
    43.379508258462));
#3155 = CARTESIAN_POINT('',(-50.14923491318,69.898555492512,
    43.422626465562));
#3156 = CARTESIAN_POINT('',(-50.22319809804,70.031741020266,
    43.499521165862));
#3157 = CARTESIAN_POINT('',(-50.26368168632,70.174662047842,
    43.582036659662));
#3158 = CARTESIAN_POINT('',(-50.27463043074,70.233735427502,
    43.616142691262));
#3159 = CARTESIAN_POINT('',(-50.28000000082,70.292356898887,
    43.649987813562));
#3160 = CARTESIAN_POINT('',(-50.28000000082,70.350978539758,
    43.683833033662));
#3161 = ORIENTED_EDGE('',*,*,#3162,.F.);
#3162 = EDGE_CURVE('',#956,#3149,#3163,.T.);
#3163 = LINE('',#3164,#3165);
#3164 = CARTESIAN_POINT('',(-58.66828066632,69.700978540133,
    43.308555358962));
#3165 = VECTOR('',#3166,1.);
#3166 = DIRECTION('',(1.,2.220446047828E-16,4.00611014865E-13));
#3167 = ORIENTED_EDGE('',*,*,#955,.F.);
#3168 = PLANE('',#3169);
#3169 = AXIS2_PLACEMENT_3D('',#3170,#3171,#3172);
#3170 = CARTESIAN_POINT('',(-17.9,72.167978539343,44.732878472562));
#3171 = DIRECTION('',(-3.468335112169E-13,-0.5,0.866025403784));
#3172 = DIRECTION('',(2.005008160899E-13,-0.866025403784,-0.5));
#3173 = ADVANCED_FACE('',(#3174),#3202,.F.);
#3174 = FACE_BOUND('',#3175,.F.);
#3175 = EDGE_LOOP('',(#3176,#3177,#3178,#3186,#3194));
#3176 = ORIENTED_EDGE('',*,*,#3162,.F.);
#3177 = ORIENTED_EDGE('',*,*,#963,.T.);
#3178 = ORIENTED_EDGE('',*,*,#3179,.T.);
#3179 = EDGE_CURVE('',#964,#3180,#3182,.T.);
#3180 = VERTEX_POINT('',#3181);
#3181 = CARTESIAN_POINT('',(-49.94636895269,69.700978539372,
    42.788940117062));
#3182 = LINE('',#3183,#3184);
#3183 = CARTESIAN_POINT('',(-25.8999999992,69.700978539347,
    42.788940116222));
#3184 = VECTOR('',#3185,1.);
#3185 = DIRECTION('',(1.,2.22044604925E-16,4.00617039631E-13));
#3186 = ORIENTED_EDGE('',*,*,#3187,.T.);
#3187 = EDGE_CURVE('',#3180,#1285,#3188,.T.);
#3188 = B_SPLINE_CURVE_WITH_KNOTS('',4,(#3189,#3190,#3191,#3192,#3193),
  .UNSPECIFIED.,.F.,.F.,(5,5),(0.,0.799713133758),
  .PIECEWISE_BEZIER_KNOTS.);
#3189 = CARTESIAN_POINT('',(-49.94636895284,69.700978538993,
    42.788940116422));
#3190 = CARTESIAN_POINT('',(-49.83812657932,69.623315642923,
    42.833778810512));
#3191 = CARTESIAN_POINT('',(-49.71959214309,69.574797250824,
    42.902440003632));
#3192 = CARTESIAN_POINT('',(-49.59987401063,69.550978539365,
    42.975340197432));
#3193 = CARTESIAN_POINT('',(-49.48000000007,69.550978539343,
    43.048747737262));
#3194 = ORIENTED_EDGE('',*,*,#3195,.T.);
#3195 = EDGE_CURVE('',#1285,#3149,#3196,.T.);
#3196 = B_SPLINE_CURVE_WITH_KNOTS('',4,(#3197,#3198,#3199,#3200,#3201),
  .UNSPECIFIED.,.F.,.F.,(5,5),(0.,0.799708897021),
  .PIECEWISE_BEZIER_KNOTS.);
#3197 = CARTESIAN_POINT('',(-49.48000000007,69.550978539343,
    43.048747737352));
#3198 = CARTESIAN_POINT('',(-49.59991802253,69.550978539343,
    43.122182228862));
#3199 = CARTESIAN_POINT('',(-49.71957270232,69.574819236399,
    43.195052179962));
#3200 = CARTESIAN_POINT('',(-49.83808683797,69.623287129363,
    43.263700202062));
#3201 = CARTESIAN_POINT('',(-49.94636895284,69.700978539343,
    43.308555358462));
#3202 = CYLINDRICAL_SURFACE('',#3203,0.3);
#3203 = AXIS2_PLACEMENT_3D('',#3204,#3205,#3206);
#3204 = CARTESIAN_POINT('',(-25.9,69.850978539343,43.048747737362));
#3205 = DIRECTION('',(1.,2.220446046746E-16,4.00617039642E-13));
#3206 = DIRECTION('',(-3.468335112165E-13,-0.5,0.866025403784));
#3207 = ADVANCED_FACE('',(#3208),#3233,.F.);
#3208 = FACE_BOUND('',#3209,.T.);
#3209 = EDGE_LOOP('',(#3210,#3211,#3212,#3213,#3227));
#3210 = ORIENTED_EDGE('',*,*,#2358,.T.);
#3211 = ORIENTED_EDGE('',*,*,#980,.F.);
#3212 = ORIENTED_EDGE('',*,*,#3179,.T.);
#3213 = ORIENTED_EDGE('',*,*,#3214,.T.);
#3214 = EDGE_CURVE('',#3180,#3215,#3217,.T.);
#3215 = VERTEX_POINT('',#3216);
#3216 = CARTESIAN_POINT('',(-50.28,70.350978539344,42.413662441382));
#3217 = B_SPLINE_CURVE_WITH_KNOTS('',5,(#3218,#3219,#3220,#3221,#3222,
    #3223,#3224,#3225,#3226),.UNSPECIFIED.,.F.,.F.,(6,3,6),(0.,
    0.727195937389,1.21100184957),.UNSPECIFIED.);
#3218 = CARTESIAN_POINT('',(-49.94636895284,69.700978539343,
    42.788940116212));
#3219 = CARTESIAN_POINT('',(-50.0246731805,69.757161094196,
    42.756503103042));
#3220 = CARTESIAN_POINT('',(-50.09269716822,69.824004294027,
    42.717911163622));
#3221 = CARTESIAN_POINT('',(-50.14925728166,69.898702876766,
    42.674783916772));
#3222 = CARTESIAN_POINT('',(-50.22342245213,70.032022690836,
    42.597811686232));
#3223 = CARTESIAN_POINT('',(-50.26388858241,70.175058831001,
    42.515229732202));
#3224 = CARTESIAN_POINT('',(-50.27471682368,70.233803249438,
    42.481313626402));
#3225 = CARTESIAN_POINT('',(-50.28000000082,70.292389733018,
    42.447488704342));
#3226 = CARTESIAN_POINT('',(-50.28000000082,70.350978538968,
    42.413662441452));
#3227 = ORIENTED_EDGE('',*,*,#3228,.T.);
#3228 = EDGE_CURVE('',#3215,#2359,#3229,.T.);
#3229 = LINE('',#3230,#3231);
#3230 = CARTESIAN_POINT('',(-50.28000000082,70.542478540403,
    42.303099864072));
#3231 = VECTOR('',#3232,1.);
#3232 = DIRECTION('',(2.086725805676E-13,0.866025403784,-0.5));
#3233 = PLANE('',#3234);
#3234 = AXIS2_PLACEMENT_3D('',#3235,#3236,#3237);
#3235 = CARTESIAN_POINT('',(-17.9,69.700978539343,42.788940116222));
#3236 = DIRECTION('',(3.470555558218E-13,-0.5,-0.866025403784));
#3237 = DIRECTION('',(2.001162235526E-13,0.866025403784,-0.5));
#3238 = ADVANCED_FACE('',(#3239),#3292,.F.);
#3239 = FACE_BOUND('',#3240,.F.);
#3240 = EDGE_LOOP('',(#3241,#3251,#3258,#3259,#3268,#3285));
#3241 = ORIENTED_EDGE('',*,*,#3242,.F.);
#3242 = EDGE_CURVE('',#3243,#3245,#3247,.T.);
#3243 = VERTEX_POINT('',#3244);
#3244 = CARTESIAN_POINT('',(-18.9,21.055261849543,4.048747737762));
#3245 = VERTEX_POINT('',#3246);
#3246 = CARTESIAN_POINT('',(-18.9,21.055261849543,24.048747737742));
#3247 = LINE('',#3248,#3249);
#3248 = CARTESIAN_POINT('',(-18.9,21.055261849543,30.398747736992));
#3249 = VECTOR('',#3250,1.);
#3250 = DIRECTION('',(-4.00617039276E-13,1.110223024624E-16,1.));
#3251 = ORIENTED_EDGE('',*,*,#3252,.T.);
#3252 = EDGE_CURVE('',#3243,#997,#3253,.T.);
#3253 = CIRCLE('',#3254,10.);
#3254 = AXIS2_PLACEMENT_3D('',#3255,#3256,#3257);
#3255 = CARTESIAN_POINT('',(-28.9,21.055261849543,4.048747737762));
#3256 = DIRECTION('',(-4.00617039642E-13,1.110223024625E-16,1.));
#3257 = DIRECTION('',(-1.,-2.22044604925E-16,-4.00617039642E-13));
#3258 = ORIENTED_EDGE('',*,*,#994,.F.);
#3259 = ORIENTED_EDGE('',*,*,#3260,.F.);
#3260 = EDGE_CURVE('',#3261,#995,#3263,.T.);
#3261 = VERTEX_POINT('',#3262);
#3262 = CARTESIAN_POINT('',(-20.9,27.055261850343,23.048747737362));
#3263 = CIRCLE('',#3264,10.);
#3264 = AXIS2_PLACEMENT_3D('',#3265,#3266,#3267);
#3265 = CARTESIAN_POINT('',(-28.9,21.055261849543,23.048747737732));
#3266 = DIRECTION('',(-4.00617039642E-13,1.110223024625E-16,1.));
#3267 = DIRECTION('',(-1.,-2.22044604925E-16,-4.00617039642E-13));
#3268 = ORIENTED_EDGE('',*,*,#3269,.F.);
#3269 = EDGE_CURVE('',#3270,#3261,#3272,.T.);
#3270 = VERTEX_POINT('',#3271);
#3271 = CARTESIAN_POINT('',(-19.9,25.414160793743,24.048747737362));
#3272 = B_SPLINE_CURVE_WITH_KNOTS('',5,(#3273,#3274,#3275,#3276,#3277,
    #3278,#3279,#3280,#3281,#3282,#3283,#3284),.UNSPECIFIED.,.F.,.F.,(6,
    3,3,6),(0.,0.786216257175,1.6554051291,3.30703040504),
  .UNSPECIFIED.);
#3273 = CARTESIAN_POINT('',(-19.9000000003,25.414160793643,
    24.048747737742));
#3274 = CARTESIAN_POINT('',(-19.9000000003,25.414160793643,
    23.938907152542));
#3275 = CARTESIAN_POINT('',(-19.9150807791,25.445298705043,
    23.829071454412));
#3276 = CARTESIAN_POINT('',(-19.9438210951,25.504367100543,
    23.735988925042));
#3277 = CARTESIAN_POINT('',(-20.014447497,25.645024972443,
    23.564518325572));
#3278 = CARTESIAN_POINT('',(-20.1049235847,25.815822335743,
    23.434334245552));
#3279 = CARTESIAN_POINT('',(-20.1554170886,25.908092805143,
    23.374740374912));
#3280 = CARTESIAN_POINT('',(-20.3117581815,26.184700440043,
    23.221442106342));
#3281 = CARTESIAN_POINT('',(-20.4908885297,26.474064347843,
    23.122400456392));
#3282 = CARTESIAN_POINT('',(-20.6284292462,26.682075164343,
    23.072707000582));
#3283 = CARTESIAN_POINT('',(-20.7615529878,26.870665833343,
    23.048747737742));
#3284 = CARTESIAN_POINT('',(-20.9000000004,27.055261850143,
    23.048747737742));
#3285 = ORIENTED_EDGE('',*,*,#3286,.F.);
#3286 = EDGE_CURVE('',#3245,#3270,#3287,.T.);
#3287 = CIRCLE('',#3288,10.);
#3288 = AXIS2_PLACEMENT_3D('',#3289,#3290,#3291);
#3289 = CARTESIAN_POINT('',(-28.9,21.055261849543,24.048747737732));
#3290 = DIRECTION('',(-4.00617039642E-13,1.110223024625E-16,1.));
#3291 = DIRECTION('',(-1.,-2.22044604925E-16,-4.00617039642E-13));
#3292 = CYLINDRICAL_SURFACE('',#3293,10.);
#3293 = AXIS2_PLACEMENT_3D('',#3294,#3295,#3296);
#3294 = CARTESIAN_POINT('',(-28.9,21.055261849543,30.398747737362));
#3295 = DIRECTION('',(-4.00617039642E-13,1.110223024625E-16,1.));
#3296 = DIRECTION('',(1.,2.22044604925E-16,4.00617039642E-13));
#3297 = ADVANCED_FACE('',(#3298),#3310,.F.);
#3298 = FACE_BOUND('',#3299,.T.);
#3299 = EDGE_LOOP('',(#3300,#3301,#3302,#3303,#3304));
#3300 = ORIENTED_EDGE('',*,*,#1147,.T.);
#3301 = ORIENTED_EDGE('',*,*,#1155,.T.);
#3302 = ORIENTED_EDGE('',*,*,#1004,.T.);
#3303 = ORIENTED_EDGE('',*,*,#3260,.F.);
#3304 = ORIENTED_EDGE('',*,*,#3305,.F.);
#3305 = EDGE_CURVE('',#1139,#3261,#3306,.T.);
#3306 = LINE('',#3307,#3308);
#3307 = CARTESIAN_POINT('',(-20.9,35.944620194843,23.048747737362));
#3308 = VECTOR('',#3309,1.);
#3309 = DIRECTION('',(2.22044604925E-16,-1.,1.110223024625E-16));
#3310 = PLANE('',#3311);
#3311 = AXIS2_PLACEMENT_3D('',#3312,#3313,#3314);
#3312 = CARTESIAN_POINT('',(-17.9,44.833978539343,23.048747737362));
#3313 = DIRECTION('',(4.00617039642E-13,-1.110223024625E-16,-1.));
#3314 = DIRECTION('',(2.22044604925E-16,-1.,1.110223024626E-16));
#3315 = ADVANCED_FACE('',(#3316),#3334,.T.);
#3316 = FACE_BOUND('',#3317,.T.);
#3317 = EDGE_LOOP('',(#3318,#3319,#3320,#3328));
#3318 = ORIENTED_EDGE('',*,*,#1051,.T.);
#3319 = ORIENTED_EDGE('',*,*,#2955,.T.);
#3320 = ORIENTED_EDGE('',*,*,#3321,.T.);
#3321 = EDGE_CURVE('',#2948,#3322,#3324,.T.);
#3322 = VERTEX_POINT('',#3323);
#3323 = CARTESIAN_POINT('',(-61.72349733634,71.501978539343,
    4.048747737362));
#3324 = LINE('',#3325,#3326);
#3325 = CARTESIAN_POINT('',(-66.31174866855,71.501978539763,
    7.898747737362));
#3326 = VECTOR('',#3327,1.);
#3327 = DIRECTION('',(0.766044443119,9.873227530582E-17,-0.642787609686)
  );
#3328 = ORIENTED_EDGE('',*,*,#3329,.F.);
#3329 = EDGE_CURVE('',#1052,#3322,#3330,.T.);
#3330 = LINE('',#3331,#3332);
#3331 = CARTESIAN_POINT('',(-61.72349733709,61.527450398443,
    4.048747737462));
#3332 = VECTOR('',#3333,1.);
#3333 = DIRECTION('',(-2.22044604925E-16,1.,-1.110223024625E-16));
#3334 = PLANE('',#3335);
#3335 = AXIS2_PLACEMENT_3D('',#3336,#3337,#3338);
#3336 = CARTESIAN_POINT('',(-70.9,4.360778539343,11.748747737362));
#3337 = DIRECTION('',(-0.642787609686,-2.277755387073E-16,
    -0.766044443119));
#3338 = DIRECTION('',(-2.22044604925E-16,1.,-1.110223024626E-16));
#3339 = ADVANCED_FACE('',(#3340),#3375,.T.);
#3340 = FACE_BOUND('',#3341,.T.);
#3341 = EDGE_LOOP('',(#3342,#3350,#3358,#3366,#3372,#3373,#3374));
#3342 = ORIENTED_EDGE('',*,*,#3343,.T.);
#3343 = EDGE_CURVE('',#3322,#3344,#3346,.T.);
#3344 = VERTEX_POINT('',#3345);
#3345 = CARTESIAN_POINT('',(-8.5999999992,71.501978539343,4.048747737362
    ));
#3346 = LINE('',#3347,#3348);
#3347 = CARTESIAN_POINT('',(-35.1617486678,71.501978538763,
    4.048747737362));
#3348 = VECTOR('',#3349,1.);
#3349 = DIRECTION('',(1.,2.22044604925E-16,4.00657123808E-13));
#3350 = ORIENTED_EDGE('',*,*,#3351,.F.);
#3351 = EDGE_CURVE('',#3352,#3344,#3354,.T.);
#3352 = VERTEX_POINT('',#3353);
#3353 = CARTESIAN_POINT('',(-8.6000000006,15.550978538443,4.048747736762
    ));
#3354 = LINE('',#3355,#3356);
#3355 = CARTESIAN_POINT('',(-8.6000000002,43.526478539043,4.048747737362
    ));
#3356 = VECTOR('',#3357,1.);
#3357 = DIRECTION('',(3.32904277963E-11,1.,-1.110223024625E-16));
#3358 = ORIENTED_EDGE('',*,*,#3359,.F.);
#3359 = EDGE_CURVE('',#3360,#3352,#3362,.T.);
#3360 = VERTEX_POINT('',#3361);
#3361 = CARTESIAN_POINT('',(-18.9,15.550978539343,4.048747737362));
#3362 = LINE('',#3363,#3364);
#3363 = CARTESIAN_POINT('',(-13.7500000005,15.550978539343,
    4.048747737362));
#3364 = VECTOR('',#3365,1.);
#3365 = DIRECTION('',(1.,2.22044604925E-16,4.00801290797E-13));
#3366 = ORIENTED_EDGE('',*,*,#3367,.T.);
#3367 = EDGE_CURVE('',#3360,#3243,#3368,.T.);
#3368 = LINE('',#3369,#3370);
#3369 = CARTESIAN_POINT('',(-18.9,18.303120194743,4.048747737362));
#3370 = VECTOR('',#3371,1.);
#3371 = DIRECTION('',(-2.22044604925E-16,1.,-1.110223024625E-16));
#3372 = ORIENTED_EDGE('',*,*,#3252,.T.);
#3373 = ORIENTED_EDGE('',*,*,#1059,.T.);
#3374 = ORIENTED_EDGE('',*,*,#3329,.T.);
#3375 = PLANE('',#3376);
#3376 = AXIS2_PLACEMENT_3D('',#3377,#3378,#3379);
#3377 = CARTESIAN_POINT('',(-17.9,79.550978539343,4.048747737362));
#3378 = DIRECTION('',(4.00617039642E-13,-1.110223024625E-16,-1.));
#3379 = DIRECTION('',(2.22044604925E-16,-1.,1.110223024626E-16));
#3380 = ADVANCED_FACE('',(#3381),#3411,.F.);
#3381 = FACE_BOUND('',#3382,.F.);
#3382 = EDGE_LOOP('',(#3383,#3392,#3403,#3410));
#3383 = ORIENTED_EDGE('',*,*,#3384,.F.);
#3384 = EDGE_CURVE('',#3385,#1171,#3387,.T.);
#3385 = VERTEX_POINT('',#3386);
#3386 = CARTESIAN_POINT('',(-41.5799990583,63.538978539343,
    33.048747737358));
#3387 = CIRCLE('',#3388,0.188);
#3388 = AXIS2_PLACEMENT_3D('',#3389,#3390,#3391);
#3389 = CARTESIAN_POINT('',(-41.58,63.350978539343,33.048747737358));
#3390 = DIRECTION('',(-4.00290149203E-13,1.110223024625E-16,1.));
#3391 = DIRECTION('',(-1.,-2.22044604925E-16,-4.00290149203E-13));
#3392 = ORIENTED_EDGE('',*,*,#3393,.T.);
#3393 = EDGE_CURVE('',#3385,#3394,#3396,.T.);
#3394 = VERTEX_POINT('',#3395);
#3395 = CARTESIAN_POINT('',(-31.78,63.538978539343,23.248747737362));
#3396 = B_SPLINE_CURVE_WITH_KNOTS('',5,(#3397,#3398,#3399,#3400,#3401,
    #3402),.UNSPECIFIED.,.F.,.F.,(6,6),(0.,22.3604472082),
  .PIECEWISE_BEZIER_KNOTS.);
#3397 = CARTESIAN_POINT('',(-41.58,63.538978539343,33.048747737358));
#3398 = CARTESIAN_POINT('',(-41.58,63.538978539343,29.969986505602));
#3399 = CARTESIAN_POINT('',(-40.3745981758,63.538978291523,
    26.888523513622));
#3400 = CARTESIAN_POINT('',(-37.9402242236,63.538978291533,
    24.454149561842));
#3401 = CARTESIAN_POINT('',(-34.8587612318,63.538978539343,
    23.248747737362));
#3402 = CARTESIAN_POINT('',(-31.78,63.538978539343,23.248747737362));
#3403 = ORIENTED_EDGE('',*,*,#3404,.T.);
#3404 = EDGE_CURVE('',#3394,#1179,#3405,.T.);
#3405 = CIRCLE('',#3406,0.188);
#3406 = AXIS2_PLACEMENT_3D('',#3407,#3408,#3409);
#3407 = CARTESIAN_POINT('',(-31.7800000008,63.350978539343,
    23.248747737362));
#3408 = DIRECTION('',(-1.,-2.220446049159E-16,8.16325960605E-11));
#3409 = DIRECTION('',(8.16325960605E-11,1.110223024806E-16,1.));
#3410 = ORIENTED_EDGE('',*,*,#1178,.F.);
#3411 = TOROIDAL_SURFACE('',#3412,9.8,0.188);
#3412 = AXIS2_PLACEMENT_3D('',#3413,#3414,#3415);
#3413 = CARTESIAN_POINT('',(-31.78,63.350978539343,33.048747737362));
#3414 = DIRECTION('',(2.22044604925E-16,-1.,1.110223024626E-16));
#3415 = DIRECTION('',(-1.,-2.22044604925E-16,-4.00290149203E-13));
#3416 = ADVANCED_FACE('',(#3417),#3439,.F.);
#3417 = FACE_BOUND('',#3418,.F.);
#3418 = EDGE_LOOP('',(#3419,#3420,#3421,#3430));
#3419 = ORIENTED_EDGE('',*,*,#3384,.T.);
#3420 = ORIENTED_EDGE('',*,*,#1213,.F.);
#3421 = ORIENTED_EDGE('',*,*,#3422,.F.);
#3422 = EDGE_CURVE('',#3423,#1206,#3425,.T.);
#3423 = VERTEX_POINT('',#3424);
#3424 = CARTESIAN_POINT('',(-31.78,63.538978539343,42.848747737362));
#3425 = CIRCLE('',#3426,0.188);
#3426 = AXIS2_PLACEMENT_3D('',#3427,#3428,#3429);
#3427 = CARTESIAN_POINT('',(-31.7800000008,63.350978539343,
    42.848747737362));
#3428 = DIRECTION('',(1.,2.220446049341E-16,8.16325830934E-11));
#3429 = DIRECTION('',(8.16325830934E-11,-1.110223024444E-16,-1.));
#3430 = ORIENTED_EDGE('',*,*,#3431,.T.);
#3431 = EDGE_CURVE('',#3423,#3385,#3432,.T.);
#3432 = B_SPLINE_CURVE_WITH_KNOTS('',5,(#3433,#3434,#3435,#3436,#3437,
    #3438),.UNSPECIFIED.,.F.,.F.,(6,6),(0.,22.3604472081),
  .PIECEWISE_BEZIER_KNOTS.);
#3433 = CARTESIAN_POINT('',(-31.78,63.538978539343,42.848747737352));
#3434 = CARTESIAN_POINT('',(-34.8587612318,63.538978539343,
    42.848747737352));
#3435 = CARTESIAN_POINT('',(-37.940224223,63.538978291533,
    41.643345912482));
#3436 = CARTESIAN_POINT('',(-40.3745981744,63.538978291533,
    39.208971963912));
#3437 = CARTESIAN_POINT('',(-41.58,63.538978539343,36.127508969112));
#3438 = CARTESIAN_POINT('',(-41.58,63.538978539343,33.048747737362));
#3439 = TOROIDAL_SURFACE('',#3440,9.8,0.188);
#3440 = AXIS2_PLACEMENT_3D('',#3441,#3442,#3443);
#3441 = CARTESIAN_POINT('',(-31.78,63.350978539343,33.048747737362));
#3442 = DIRECTION('',(2.22044604925E-16,-1.,1.110223024626E-16));
#3443 = DIRECTION('',(1.,2.22044604925E-16,4.00290149203E-13));
#3444 = ADVANCED_FACE('',(#3445),#3467,.F.);
#3445 = FACE_BOUND('',#3446,.F.);
#3446 = EDGE_LOOP('',(#3447,#3456,#3465,#3466));
#3447 = ORIENTED_EDGE('',*,*,#3448,.F.);
#3448 = EDGE_CURVE('',#3449,#1229,#3451,.T.);
#3449 = VERTEX_POINT('',#3450);
#3450 = CARTESIAN_POINT('',(-21.98,63.538978539343,33.048747737362));
#3451 = CIRCLE('',#3452,0.188);
#3452 = AXIS2_PLACEMENT_3D('',#3453,#3454,#3455);
#3453 = CARTESIAN_POINT('',(-21.98,63.350978539343,33.048747737366));
#3454 = DIRECTION('',(4.01768598508E-13,-1.110223024625E-16,-1.));
#3455 = DIRECTION('',(1.,2.22044604925E-16,4.01768598508E-13));
#3456 = ORIENTED_EDGE('',*,*,#3457,.T.);
#3457 = EDGE_CURVE('',#3449,#3423,#3458,.T.);
#3458 = B_SPLINE_CURVE_WITH_KNOTS('',5,(#3459,#3460,#3461,#3462,#3463,
    #3464),.UNSPECIFIED.,.F.,.F.,(6,6),(0.,22.3604472083),
  .PIECEWISE_BEZIER_KNOTS.);
#3459 = CARTESIAN_POINT('',(-21.98,63.538978539343,33.048747737366));
#3460 = CARTESIAN_POINT('',(-21.98,63.538978539343,36.127508969122));
#3461 = CARTESIAN_POINT('',(-23.1854018242,63.538978291533,
    39.208971961072));
#3462 = CARTESIAN_POINT('',(-25.6197757764,63.538978291533,
    41.643345913082));
#3463 = CARTESIAN_POINT('',(-28.7012387682,63.538978539343,
    42.848747737382));
#3464 = CARTESIAN_POINT('',(-31.78,63.538978539343,42.848747737362));
#3465 = ORIENTED_EDGE('',*,*,#3422,.T.);
#3466 = ORIENTED_EDGE('',*,*,#1236,.F.);
#3467 = TOROIDAL_SURFACE('',#3468,9.8,0.188);
#3468 = AXIS2_PLACEMENT_3D('',#3469,#3470,#3471);
#3469 = CARTESIAN_POINT('',(-31.78,63.350978539343,33.048747737362));
#3470 = DIRECTION('',(2.22044604925E-16,-1.,1.110223024626E-16));
#3471 = DIRECTION('',(1.,2.22044604925E-16,4.01768598508E-13));
#3472 = ADVANCED_FACE('',(#3473),#3487,.F.);
#3473 = FACE_BOUND('',#3474,.F.);
#3474 = EDGE_LOOP('',(#3475,#3476,#3477,#3478));
#3475 = ORIENTED_EDGE('',*,*,#3448,.T.);
#3476 = ORIENTED_EDGE('',*,*,#1257,.F.);
#3477 = ORIENTED_EDGE('',*,*,#3404,.F.);
#3478 = ORIENTED_EDGE('',*,*,#3479,.T.);
#3479 = EDGE_CURVE('',#3394,#3449,#3480,.T.);
#3480 = B_SPLINE_CURVE_WITH_KNOTS('',5,(#3481,#3482,#3483,#3484,#3485,
    #3486),.UNSPECIFIED.,.F.,.F.,(6,6),(0.,22.360447208),
  .PIECEWISE_BEZIER_KNOTS.);
#3481 = CARTESIAN_POINT('',(-31.78,63.538978539343,23.248747737362));
#3482 = CARTESIAN_POINT('',(-28.7012387682,63.538978539343,
    23.248747737362));
#3483 = CARTESIAN_POINT('',(-25.619775777,63.538978291533,
    24.454149562272));
#3484 = CARTESIAN_POINT('',(-23.1854018256,63.538978291533,
    26.888523510812));
#3485 = CARTESIAN_POINT('',(-21.98,63.538978539343,29.969986505612));
#3486 = CARTESIAN_POINT('',(-21.98,63.538978539343,33.048747737362));
#3487 = TOROIDAL_SURFACE('',#3488,9.8,0.188);
#3488 = AXIS2_PLACEMENT_3D('',#3489,#3490,#3491);
#3489 = CARTESIAN_POINT('',(-31.78,63.350978539343,33.048747737362));
#3490 = DIRECTION('',(2.22044604925E-16,-1.,1.110223024626E-16));
#3491 = DIRECTION('',(-1.,-2.22044604925E-16,-4.01768598508E-13));
#3492 = ADVANCED_FACE('',(#3493),#3506,.F.);
#3493 = FACE_BOUND('',#3494,.F.);
#3494 = EDGE_LOOP('',(#3495,#3501,#3502,#3503,#3504,#3505));
#3495 = ORIENTED_EDGE('',*,*,#3496,.T.);
#3496 = EDGE_CURVE('',#3215,#2390,#3497,.T.);
#3497 = LINE('',#3498,#3499);
#3498 = CARTESIAN_POINT('',(-50.28,70.350978540088,44.108577825562));
#3499 = VECTOR('',#3500,1.);
#3500 = DIRECTION('',(4.00617039631E-13,-1.110223024624E-16,-1.));
#3501 = ORIENTED_EDGE('',*,*,#2397,.F.);
#3502 = ORIENTED_EDGE('',*,*,#2465,.F.);
#3503 = ORIENTED_EDGE('',*,*,#1284,.F.);
#3504 = ORIENTED_EDGE('',*,*,#3187,.F.);
#3505 = ORIENTED_EDGE('',*,*,#3214,.T.);
#3506 = CYLINDRICAL_SURFACE('',#3507,0.8);
#3507 = AXIS2_PLACEMENT_3D('',#3508,#3509,#3510);
#3508 = CARTESIAN_POINT('',(-49.48,70.350978539343,44.108577825462));
#3509 = DIRECTION('',(4.00617039642E-13,-1.110223024625E-16,-1.));
#3510 = DIRECTION('',(2.22044604925E-16,-1.,1.110223024626E-16));
#3511 = ADVANCED_FACE('',(#3512),#3525,.F.);
#3512 = FACE_BOUND('',#3513,.F.);
#3513 = EDGE_LOOP('',(#3514,#3515,#3516,#3517,#3523,#3524));
#3514 = ORIENTED_EDGE('',*,*,#1294,.F.);
#3515 = ORIENTED_EDGE('',*,*,#3060,.F.);
#3516 = ORIENTED_EDGE('',*,*,#3087,.T.);
#3517 = ORIENTED_EDGE('',*,*,#3518,.T.);
#3518 = EDGE_CURVE('',#3088,#3141,#3519,.T.);
#3519 = LINE('',#3520,#3521);
#3520 = CARTESIAN_POINT('',(-50.28,70.350978540088,44.108577825562));
#3521 = VECTOR('',#3522,1.);
#3522 = DIRECTION('',(4.00617039631E-13,-1.110223024624E-16,-1.));
#3523 = ORIENTED_EDGE('',*,*,#3148,.F.);
#3524 = ORIENTED_EDGE('',*,*,#3195,.F.);
#3525 = CYLINDRICAL_SURFACE('',#3526,0.8);
#3526 = AXIS2_PLACEMENT_3D('',#3527,#3528,#3529);
#3527 = CARTESIAN_POINT('',(-49.48,70.350978539343,44.108577825462));
#3528 = DIRECTION('',(4.00617039642E-13,-1.110223024625E-16,-1.));
#3529 = DIRECTION('',(2.22044604925E-16,-1.,1.110223024626E-16));
#3530 = ADVANCED_FACE('',(#3531),#3580,.F.);
#3531 = FACE_BOUND('',#3532,.F.);
#3532 = EDGE_LOOP('',(#3533,#3534,#3544,#3554,#3562,#3572));
#3533 = ORIENTED_EDGE('',*,*,#1317,.F.);
#3534 = ORIENTED_EDGE('',*,*,#3535,.F.);
#3535 = EDGE_CURVE('',#3536,#1318,#3538,.T.);
#3536 = VERTEX_POINT('',#3537);
#3537 = CARTESIAN_POINT('',(-38.6136310473,69.700978539372,
    43.308555359362));
#3538 = B_SPLINE_CURVE_WITH_KNOTS('',4,(#3539,#3540,#3541,#3542,#3543),
  .UNSPECIFIED.,.F.,.F.,(5,5),(0.,0.799214789019),
  .PIECEWISE_BEZIER_KNOTS.);
#3539 = CARTESIAN_POINT('',(-38.6136310473,69.700978539372,
    43.308555359362));
#3540 = CARTESIAN_POINT('',(-38.7218059689,69.623364039507,
    43.263744606962));
#3541 = CARTESIAN_POINT('',(-38.8403891239,69.574733768859,
    43.195051379062));
#3542 = CARTESIAN_POINT('',(-38.9602006897,69.550978539343,
    43.122109532762));
#3543 = CARTESIAN_POINT('',(-39.08,69.550978539343,43.048747737272));
#3544 = ORIENTED_EDGE('',*,*,#3545,.T.);
#3545 = EDGE_CURVE('',#3536,#3546,#3548,.T.);
#3546 = VERTEX_POINT('',#3547);
#3547 = CARTESIAN_POINT('',(-38.28,70.350978539344,43.683833033162));
#3548 = B_SPLINE_CURVE_WITH_KNOTS('',4,(#3549,#3550,#3551,#3552,#3553),
  .UNSPECIFIED.,.F.,.F.,(5,5),(0.,1.21387476719),
  .PIECEWISE_BEZIER_KNOTS.);
#3549 = CARTESIAN_POINT('',(-38.6136310473,69.700978539372,
    43.308555359362));
#3550 = CARTESIAN_POINT('',(-38.4500183028,69.8183691614,43.376330866562
    ));
#3551 = CARTESIAN_POINT('',(-38.3356330812,69.984210475838,
    43.472085332862));
#3552 = CARTESIAN_POINT('',(-38.28,70.166974719315,43.577598378162));
#3553 = CARTESIAN_POINT('',(-38.28,70.350978539344,43.683833033162));
#3554 = ORIENTED_EDGE('',*,*,#3555,.T.);
#3555 = EDGE_CURVE('',#3546,#3556,#3558,.T.);
#3556 = VERTEX_POINT('',#3557);
#3557 = CARTESIAN_POINT('',(-38.28,70.350978540088,44.913662441362));
#3558 = LINE('',#3559,#3560);
#3559 = CARTESIAN_POINT('',(-38.28,70.350978540088,44.108577825562));
#3560 = VECTOR('',#3561,1.);
#3561 = DIRECTION('',(-4.00617039631E-13,1.110223024624E-16,1.));
#3562 = ORIENTED_EDGE('',*,*,#3563,.F.);
#3563 = EDGE_CURVE('',#3564,#3556,#3566,.T.);
#3564 = VERTEX_POINT('',#3565);
#3565 = CARTESIAN_POINT('',(-38.6136310469,69.700978539343,
    45.288940116262));
#3566 = B_SPLINE_CURVE_WITH_KNOTS('',4,(#3567,#3568,#3569,#3570,#3571),
  .UNSPECIFIED.,.F.,.F.,(5,5),(0.,1.21387477274),
  .PIECEWISE_BEZIER_KNOTS.);
#3567 = CARTESIAN_POINT('',(-38.6136310473,69.700978539372,
    45.288940117062));
#3568 = CARTESIAN_POINT('',(-38.4500183059,69.818369159179,
    45.221164611162));
#3569 = CARTESIAN_POINT('',(-38.3356330794,69.984210474264,
    45.125410141462));
#3570 = CARTESIAN_POINT('',(-38.28,70.166974722813,45.019897094362));
#3571 = CARTESIAN_POINT('',(-38.28,70.350978539344,44.913662441362));
#3572 = ORIENTED_EDGE('',*,*,#3573,.F.);
#3573 = EDGE_CURVE('',#1310,#3564,#3574,.T.);
#3574 = B_SPLINE_CURVE_WITH_KNOTS('',4,(#3575,#3576,#3577,#3578,#3579),
  .UNSPECIFIED.,.F.,.F.,(5,5),(0.,0.799210611857),
  .PIECEWISE_BEZIER_KNOTS.);
#3575 = CARTESIAN_POINT('',(-39.0799999997,69.550978539343,
    45.548747737262));
#3576 = CARTESIAN_POINT('',(-38.9601567059,69.550978539388,
    45.475359007562));
#3577 = CARTESIAN_POINT('',(-38.8404011068,69.574750109949,
    45.402453120162));
#3578 = CARTESIAN_POINT('',(-38.7218456843,69.623335544014,
    45.333767321362));
#3579 = CARTESIAN_POINT('',(-38.6136310471,69.700978539555,
    45.288940117062));
#3580 = CYLINDRICAL_SURFACE('',#3581,0.8);
#3581 = AXIS2_PLACEMENT_3D('',#3582,#3583,#3584);
#3582 = CARTESIAN_POINT('',(-39.08,70.350978539343,44.108577825462));
#3583 = DIRECTION('',(-4.00617039642E-13,1.110223024625E-16,1.));
#3584 = DIRECTION('',(2.22044604925E-16,-1.,1.110223024626E-16));
#3585 = ADVANCED_FACE('',(#3586),#3635,.F.);
#3586 = FACE_BOUND('',#3587,.F.);
#3587 = EDGE_LOOP('',(#3588,#3589,#3599,#3609,#3617,#3627));
#3588 = ORIENTED_EDGE('',*,*,#1325,.F.);
#3589 = ORIENTED_EDGE('',*,*,#3590,.F.);
#3590 = EDGE_CURVE('',#3591,#1326,#3593,.T.);
#3591 = VERTEX_POINT('',#3592);
#3592 = CARTESIAN_POINT('',(-38.6136310473,69.700978539371,
    40.808555359332));
#3593 = B_SPLINE_CURVE_WITH_KNOTS('',4,(#3594,#3595,#3596,#3597,#3598),
  .UNSPECIFIED.,.F.,.F.,(5,5),(0.,0.799214789022),
  .PIECEWISE_BEZIER_KNOTS.);
#3594 = CARTESIAN_POINT('',(-38.6136310473,69.700978539371,
    40.808555359332));
#3595 = CARTESIAN_POINT('',(-38.7218059689,69.623364039507,
    40.763744606972));
#3596 = CARTESIAN_POINT('',(-38.8403891239,69.574733768859,
    40.695051379052));
#3597 = CARTESIAN_POINT('',(-38.9602006897,69.550978539343,
    40.622109532732));
#3598 = CARTESIAN_POINT('',(-39.08,69.550978539343,40.548747737272));
#3599 = ORIENTED_EDGE('',*,*,#3600,.T.);
#3600 = EDGE_CURVE('',#3591,#3601,#3603,.T.);
#3601 = VERTEX_POINT('',#3602);
#3602 = CARTESIAN_POINT('',(-38.28,70.350978539344,41.183833033162));
#3603 = B_SPLINE_CURVE_WITH_KNOTS('',4,(#3604,#3605,#3606,#3607,#3608),
  .UNSPECIFIED.,.F.,.F.,(5,5),(0.,1.21387476719),
  .PIECEWISE_BEZIER_KNOTS.);
#3604 = CARTESIAN_POINT('',(-38.6136310473,69.700978539371,
    40.808555359332));
#3605 = CARTESIAN_POINT('',(-38.4500183028,69.818369161399,
    40.876330866602));
#3606 = CARTESIAN_POINT('',(-38.3356330812,69.984210475838,
    40.972085332882));
#3607 = CARTESIAN_POINT('',(-38.28,70.166974719309,41.077598378132));
#3608 = CARTESIAN_POINT('',(-38.28,70.350978539344,41.183833033162));
#3609 = ORIENTED_EDGE('',*,*,#3610,.T.);
#3610 = EDGE_CURVE('',#3601,#3611,#3613,.T.);
#3611 = VERTEX_POINT('',#3612);
#3612 = CARTESIAN_POINT('',(-38.28,70.350978540088,42.413662441392));
#3613 = LINE('',#3614,#3615);
#3614 = CARTESIAN_POINT('',(-38.28,70.350978540088,44.108577825562));
#3615 = VECTOR('',#3616,1.);
#3616 = DIRECTION('',(-4.00617039631E-13,1.110223024624E-16,1.));
#3617 = ORIENTED_EDGE('',*,*,#3618,.F.);
#3618 = EDGE_CURVE('',#3619,#3611,#3621,.T.);
#3619 = VERTEX_POINT('',#3620);
#3620 = CARTESIAN_POINT('',(-38.6136310469,69.700978539343,
    42.788940116222));
#3621 = B_SPLINE_CURVE_WITH_KNOTS('',4,(#3622,#3623,#3624,#3625,#3626),
  .UNSPECIFIED.,.F.,.F.,(5,5),(0.,1.21387477279),
  .PIECEWISE_BEZIER_KNOTS.);
#3622 = CARTESIAN_POINT('',(-38.6136310473,69.700978539372,
    42.788940117072));
#3623 = CARTESIAN_POINT('',(-38.4500183059,69.818369159184,
    42.721164611112));
#3624 = CARTESIAN_POINT('',(-38.3356330794,69.984210474265,
    42.625410141422));
#3625 = CARTESIAN_POINT('',(-38.28,70.166974722804,42.519897094392));
#3626 = CARTESIAN_POINT('',(-38.28,70.350978539344,42.413662441392));
#3627 = ORIENTED_EDGE('',*,*,#3628,.F.);
#3628 = EDGE_CURVE('',#1318,#3619,#3629,.T.);
#3629 = B_SPLINE_CURVE_WITH_KNOTS('',4,(#3630,#3631,#3632,#3633,#3634),
  .UNSPECIFIED.,.F.,.F.,(5,5),(0.,0.799210611858),
  .PIECEWISE_BEZIER_KNOTS.);
#3630 = CARTESIAN_POINT('',(-39.0799999997,69.550978539343,
    43.048747737272));
#3631 = CARTESIAN_POINT('',(-38.9601567059,69.550978539388,
    42.975359007552));
#3632 = CARTESIAN_POINT('',(-38.8404011068,69.574750109949,
    42.902453120152));
#3633 = CARTESIAN_POINT('',(-38.7218456843,69.623335544013,
    42.833767321402));
#3634 = CARTESIAN_POINT('',(-38.6136310471,69.700978539554,
    42.788940117072));
#3635 = CYLINDRICAL_SURFACE('',#3636,0.8);
#3636 = AXIS2_PLACEMENT_3D('',#3637,#3638,#3639);
#3637 = CARTESIAN_POINT('',(-39.08,70.350978539343,44.108577825462));
#3638 = DIRECTION('',(-4.00617039642E-13,1.110223024625E-16,1.));
#3639 = DIRECTION('',(2.22044604925E-16,-1.,1.110223024626E-16));
#3640 = ADVANCED_FACE('',(#3641),#3660,.F.);
#3641 = FACE_BOUND('',#3642,.F.);
#3642 = EDGE_LOOP('',(#3643,#3644,#3653));
#3643 = ORIENTED_EDGE('',*,*,#1333,.F.);
#3644 = ORIENTED_EDGE('',*,*,#3645,.T.);
#3645 = EDGE_CURVE('',#1334,#3646,#3648,.T.);
#3646 = VERTEX_POINT('',#3647);
#3647 = CARTESIAN_POINT('',(-38.893102096,69.573116609422,
    40.435642706962));
#3648 = B_SPLINE_CURVE_WITH_KNOTS('',3,(#3649,#3650,#3651,#3652),
  .UNSPECIFIED.,.F.,.F.,(4,4),(0.,0.375764032205),
  .PIECEWISE_BEZIER_KNOTS.);
#3649 = CARTESIAN_POINT('',(-39.08,69.550978539343,40.248747736532));
#3650 = CARTESIAN_POINT('',(-39.0174097525,69.550978539343,
    40.311337983362));
#3651 = CARTESIAN_POINT('',(-38.9548103534,69.558289891069,
    40.373935397842));
#3652 = CARTESIAN_POINT('',(-38.8931020965,69.573116614791,
    40.435642708402));
#3653 = ORIENTED_EDGE('',*,*,#3654,.F.);
#3654 = EDGE_CURVE('',#1326,#3646,#3655,.T.);
#3655 = B_SPLINE_CURVE_WITH_KNOTS('',3,(#3656,#3657,#3658,#3659),
  .UNSPECIFIED.,.F.,.F.,(4,4),(0.,0.311336166988),
  .PIECEWISE_BEZIER_KNOTS.);
#3656 = CARTESIAN_POINT('',(-39.0799999997,69.550978539343,
    40.548747737272));
#3657 = CARTESIAN_POINT('',(-39.0174727193,69.550978539366,
    40.510457754372));
#3658 = CARTESIAN_POINT('',(-38.9549246144,69.558262437491,
    40.472134635422));
#3659 = CARTESIAN_POINT('',(-38.8931020972,69.573116614612,
    40.435642706542));
#3660 = CYLINDRICAL_SURFACE('',#3661,0.8);
#3661 = AXIS2_PLACEMENT_3D('',#3662,#3663,#3664);
#3662 = CARTESIAN_POINT('',(-39.08,70.350978539343,44.108577825462));
#3663 = DIRECTION('',(-4.00617039642E-13,1.110223024625E-16,1.));
#3664 = DIRECTION('',(2.22044604925E-16,-1.,1.110223024626E-16));
#3665 = ADVANCED_FACE('',(#3666),#3677,.F.);
#3666 = FACE_BOUND('',#3667,.F.);
#3667 = EDGE_LOOP('',(#3668,#3669,#3670,#3671));
#3668 = ORIENTED_EDGE('',*,*,#3645,.F.);
#3669 = ORIENTED_EDGE('',*,*,#1341,.F.);
#3670 = ORIENTED_EDGE('',*,*,#2008,.T.);
#3671 = ORIENTED_EDGE('',*,*,#3672,.T.);
#3672 = EDGE_CURVE('',#2009,#3646,#3673,.T.);
#3673 = LINE('',#3674,#3675);
#3674 = CARTESIAN_POINT('',(-19.918557015,69.573115948658,
    40.435642868422));
#3675 = VECTOR('',#3676,1.);
#3676 = DIRECTION('',(-1.,-2.22044604925E-16,-4.00617039631E-13));
#3677 = CYLINDRICAL_SURFACE('',#3678,0.8);
#3678 = AXIS2_PLACEMENT_3D('',#3679,#3680,#3681);
#3679 = CARTESIAN_POINT('',(-19.9185570145,70.350978539343,
    40.248747737362));
#3680 = DIRECTION('',(-1.,-2.22044604925E-16,-4.00617039642E-13));
#3681 = DIRECTION('',(2.22044604925E-16,-1.,1.110223024626E-16));
#3682 = ADVANCED_FACE('',(#3683),#3702,.F.);
#3683 = FACE_BOUND('',#3684,.F.);
#3684 = EDGE_LOOP('',(#3685,#3686,#3695,#3701));
#3685 = ORIENTED_EDGE('',*,*,#1357,.F.);
#3686 = ORIENTED_EDGE('',*,*,#3687,.T.);
#3687 = EDGE_CURVE('',#1358,#3688,#3690,.T.);
#3688 = VERTEX_POINT('',#3689);
#3689 = CARTESIAN_POINT('',(-38.8931021087,69.573116611858,
    25.661852777322));
#3690 = B_SPLINE_CURVE_WITH_KNOTS('',3,(#3691,#3692,#3693,#3694),
  .UNSPECIFIED.,.F.,.F.,(4,4),(0.,0.375760292731),
  .PIECEWISE_BEZIER_KNOTS.);
#3691 = CARTESIAN_POINT('',(-39.0800000002,69.550978539343,
    25.848747737352));
#3692 = CARTESIAN_POINT('',(-39.0174103747,69.550978539343,
    25.786158112662));
#3693 = CARTESIAN_POINT('',(-38.954811598,69.558289503687,
    25.723561318472));
#3694 = CARTESIAN_POINT('',(-38.8931039499,69.573115503415,
    25.661854459422));
#3695 = ORIENTED_EDGE('',*,*,#3696,.T.);
#3696 = EDGE_CURVE('',#3688,#1982,#3697,.T.);
#3697 = LINE('',#3698,#3699);
#3698 = CARTESIAN_POINT('',(-19.918557015,69.573115945996,
    25.661852617382));
#3699 = VECTOR('',#3700,1.);
#3700 = DIRECTION('',(1.,2.22044604925E-16,4.00617039631E-13));
#3701 = ORIENTED_EDGE('',*,*,#1998,.F.);
#3702 = CYLINDRICAL_SURFACE('',#3703,0.8);
#3703 = AXIS2_PLACEMENT_3D('',#3704,#3705,#3706);
#3704 = CARTESIAN_POINT('',(-19.9185570145,70.350978539343,
    25.848747737362));
#3705 = DIRECTION('',(1.,2.22044604925E-16,4.00617039642E-13));
#3706 = DIRECTION('',(2.22044604925E-16,-1.,1.110223024626E-16));
#3707 = ADVANCED_FACE('',(#3708),#3719,.F.);
#3708 = FACE_BOUND('',#3709,.F.);
#3709 = EDGE_LOOP('',(#3710,#3711,#3712));
#3710 = ORIENTED_EDGE('',*,*,#3687,.F.);
#3711 = ORIENTED_EDGE('',*,*,#1365,.F.);
#3712 = ORIENTED_EDGE('',*,*,#3713,.F.);
#3713 = EDGE_CURVE('',#3688,#1366,#3714,.T.);
#3714 = B_SPLINE_CURVE_WITH_KNOTS('',3,(#3715,#3716,#3717,#3718),
  .UNSPECIFIED.,.F.,.F.,(4,4),(0.,0.311336194816),
  .PIECEWISE_BEZIER_KNOTS.);
#3715 = CARTESIAN_POINT('',(-38.8931021087,69.573116611858,
    25.661852777322));
#3716 = CARTESIAN_POINT('',(-38.9549306944,69.558260977607,
    25.625357360972));
#3717 = CARTESIAN_POINT('',(-39.0174752779,69.550978539343,
    25.587036153722));
#3718 = CARTESIAN_POINT('',(-39.08,69.550978539343,25.548747737272));
#3719 = CYLINDRICAL_SURFACE('',#3720,0.8);
#3720 = AXIS2_PLACEMENT_3D('',#3721,#3722,#3723);
#3721 = CARTESIAN_POINT('',(-39.08,70.350978539343,44.108577825462));
#3722 = DIRECTION('',(-4.00617039642E-13,1.110223024625E-16,1.));
#3723 = DIRECTION('',(2.22044604925E-16,-1.,1.110223024626E-16));
#3724 = ADVANCED_FACE('',(#3725),#3774,.F.);
#3725 = FACE_BOUND('',#3726,.F.);
#3726 = EDGE_LOOP('',(#3727,#3737,#3747,#3755,#3756,#3766));
#3727 = ORIENTED_EDGE('',*,*,#3728,.T.);
#3728 = EDGE_CURVE('',#3729,#3731,#3733,.T.);
#3729 = VERTEX_POINT('',#3730);
#3730 = CARTESIAN_POINT('',(-38.28,70.350978539344,23.683833033162));
#3731 = VERTEX_POINT('',#3732);
#3732 = CARTESIAN_POINT('',(-38.28,70.350978540088,24.913662441392));
#3733 = LINE('',#3734,#3735);
#3734 = CARTESIAN_POINT('',(-38.28,70.350978540088,44.108577825562));
#3735 = VECTOR('',#3736,1.);
#3736 = DIRECTION('',(-4.00617039631E-13,1.110223024624E-16,1.));
#3737 = ORIENTED_EDGE('',*,*,#3738,.F.);
#3738 = EDGE_CURVE('',#3739,#3731,#3741,.T.);
#3739 = VERTEX_POINT('',#3740);
#3740 = CARTESIAN_POINT('',(-38.6136310473,69.700978539368,
    25.288940117072));
#3741 = B_SPLINE_CURVE_WITH_KNOTS('',4,(#3742,#3743,#3744,#3745,#3746),
  .UNSPECIFIED.,.F.,.F.,(5,5),(0.,1.21387477125),
  .PIECEWISE_BEZIER_KNOTS.);
#3742 = CARTESIAN_POINT('',(-38.6136310473,69.700978539368,
    25.288940117072));
#3743 = CARTESIAN_POINT('',(-38.4500183059,69.818369159128,
    25.221164611052));
#3744 = CARTESIAN_POINT('',(-38.3356330794,69.984210474263,
    25.125410141482));
#3745 = CARTESIAN_POINT('',(-38.28,70.166974722876,25.019897094382));
#3746 = CARTESIAN_POINT('',(-38.28,70.350978539344,24.913662441392));
#3747 = ORIENTED_EDGE('',*,*,#3748,.F.);
#3748 = EDGE_CURVE('',#1366,#3739,#3749,.T.);
#3749 = B_SPLINE_CURVE_WITH_KNOTS('',4,(#3750,#3751,#3752,#3753,#3754),
  .UNSPECIFIED.,.F.,.F.,(5,5),(0.,0.799214622869),
  .PIECEWISE_BEZIER_KNOTS.);
#3750 = CARTESIAN_POINT('',(-39.08,69.550978539343,25.548747737272));
#3751 = CARTESIAN_POINT('',(-38.9601944606,69.550978539343,
    25.475382127302));
#3752 = CARTESIAN_POINT('',(-38.8403981107,69.574733791575,
    25.402451466172));
#3753 = CARTESIAN_POINT('',(-38.7218115936,69.62336000389,
    25.333753199312));
#3754 = CARTESIAN_POINT('',(-38.6136310473,69.700978539368,
    25.288940117072));
#3755 = ORIENTED_EDGE('',*,*,#1373,.F.);
#3756 = ORIENTED_EDGE('',*,*,#3757,.F.);
#3757 = EDGE_CURVE('',#3758,#1374,#3760,.T.);
#3758 = VERTEX_POINT('',#3759);
#3759 = CARTESIAN_POINT('',(-38.6136310469,69.700978539343,
    23.308555358492));
#3760 = B_SPLINE_CURVE_WITH_KNOTS('',4,(#3761,#3762,#3763,#3764,#3765),
  .UNSPECIFIED.,.F.,.F.,(5,5),(0.,0.79921078032),
  .PIECEWISE_BEZIER_KNOTS.);
#3761 = CARTESIAN_POINT('',(-38.6136310471,69.700978539547,
    23.308555359332));
#3762 = CARTESIAN_POINT('',(-38.7218400615,69.623339578366,
    23.263730484222));
#3763 = CARTESIAN_POINT('',(-38.8403917273,69.574750208373,
    23.195048878192));
#3764 = CARTESIAN_POINT('',(-38.960162933,69.550978539387,
    23.122132653742));
#3765 = CARTESIAN_POINT('',(-39.0799999997,69.550978539343,
    23.048747737262));
#3766 = ORIENTED_EDGE('',*,*,#3767,.T.);
#3767 = EDGE_CURVE('',#3758,#3729,#3768,.T.);
#3768 = B_SPLINE_CURVE_WITH_KNOTS('',4,(#3769,#3770,#3771,#3772,#3773),
  .UNSPECIFIED.,.F.,.F.,(5,5),(0.,1.21387476588),
  .PIECEWISE_BEZIER_KNOTS.);
#3769 = CARTESIAN_POINT('',(-38.6136310473,69.700978539368,
    23.308555359332));
#3770 = CARTESIAN_POINT('',(-38.4500183029,69.818369161336,
    23.376330866552));
#3771 = CARTESIAN_POINT('',(-38.3356330812,69.984210475812,
    23.472085332842));
#3772 = CARTESIAN_POINT('',(-38.28,70.166974719442,23.577598378152));
#3773 = CARTESIAN_POINT('',(-38.28,70.350978539344,23.683833033162));
#3774 = CYLINDRICAL_SURFACE('',#3775,0.8);
#3775 = AXIS2_PLACEMENT_3D('',#3776,#3777,#3778);
#3776 = CARTESIAN_POINT('',(-39.08,70.350978539343,44.108577825462));
#3777 = DIRECTION('',(-4.00617039642E-13,1.110223024625E-16,1.));
#3778 = DIRECTION('',(2.22044604925E-16,-1.,1.110223024626E-16));
#3779 = ADVANCED_FACE('',(#3780),#3829,.F.);
#3780 = FACE_BOUND('',#3781,.F.);
#3781 = EDGE_LOOP('',(#3782,#3783,#3793,#3803,#3811,#3821));
#3782 = ORIENTED_EDGE('',*,*,#1381,.F.);
#3783 = ORIENTED_EDGE('',*,*,#3784,.T.);
#3784 = EDGE_CURVE('',#1382,#3785,#3787,.T.);
#3785 = VERTEX_POINT('',#3786);
#3786 = CARTESIAN_POINT('',(-38.6136310469,69.700978539343,
    20.808555358462));
#3787 = B_SPLINE_CURVE_WITH_KNOTS('',4,(#3788,#3789,#3790,#3791,#3792),
  .UNSPECIFIED.,.F.,.F.,(5,5),(0.,0.799210612459),
  .PIECEWISE_BEZIER_KNOTS.);
#3788 = CARTESIAN_POINT('',(-39.0799999997,69.550978539343,
    20.548747737262));
#3789 = CARTESIAN_POINT('',(-38.9601567058,69.550978539387,
    20.622136467062));
#3790 = CARTESIAN_POINT('',(-38.8404011068,69.574750109972,
    20.695042355362));
#3791 = CARTESIAN_POINT('',(-38.7218456844,69.623335543975,
    20.763728154962));
#3792 = CARTESIAN_POINT('',(-38.613631047,69.70097853955,20.808555359362
    ));
#3793 = ORIENTED_EDGE('',*,*,#3794,.T.);
#3794 = EDGE_CURVE('',#3785,#3795,#3797,.T.);
#3795 = VERTEX_POINT('',#3796);
#3796 = CARTESIAN_POINT('',(-38.28,70.350978539344,21.183833033162));
#3797 = B_SPLINE_CURVE_WITH_KNOTS('',4,(#3798,#3799,#3800,#3801,#3802),
  .UNSPECIFIED.,.F.,.F.,(5,5),(0.,1.21387476595),
  .PIECEWISE_BEZIER_KNOTS.);
#3798 = CARTESIAN_POINT('',(-38.6136310473,69.700978539367,
    20.808555359362));
#3799 = CARTESIAN_POINT('',(-38.4500183028,69.818369161342,
    20.876330866562));
#3800 = CARTESIAN_POINT('',(-38.3356330812,69.984210475814,
    20.972085332862));
#3801 = CARTESIAN_POINT('',(-38.28,70.166974719429,21.077598378162));
#3802 = CARTESIAN_POINT('',(-38.28,70.350978539344,21.183833033162));
#3803 = ORIENTED_EDGE('',*,*,#3804,.T.);
#3804 = EDGE_CURVE('',#3795,#3805,#3807,.T.);
#3805 = VERTEX_POINT('',#3806);
#3806 = CARTESIAN_POINT('',(-38.28,70.350978540088,22.413662441362));
#3807 = LINE('',#3808,#3809);
#3808 = CARTESIAN_POINT('',(-38.28,70.350978540088,44.108577825562));
#3809 = VECTOR('',#3810,1.);
#3810 = DIRECTION('',(-4.00617039631E-13,1.110223024624E-16,1.));
#3811 = ORIENTED_EDGE('',*,*,#3812,.F.);
#3812 = EDGE_CURVE('',#3813,#3805,#3815,.T.);
#3813 = VERTEX_POINT('',#3814);
#3814 = CARTESIAN_POINT('',(-38.6136310473,69.700978539368,
    22.788940117062));
#3815 = B_SPLINE_CURVE_WITH_KNOTS('',4,(#3816,#3817,#3818,#3819,#3820),
  .UNSPECIFIED.,.F.,.F.,(5,5),(0.,1.21387477122),
  .PIECEWISE_BEZIER_KNOTS.);
#3816 = CARTESIAN_POINT('',(-38.6136310473,69.700978539368,
    22.788940117062));
#3817 = CARTESIAN_POINT('',(-38.4500183059,69.818369159124,
    22.721164611062));
#3818 = CARTESIAN_POINT('',(-38.3356330794,69.984210474261,
    22.625410141462));
#3819 = CARTESIAN_POINT('',(-38.28,70.166974722879,22.519897094362));
#3820 = CARTESIAN_POINT('',(-38.28,70.350978539344,22.413662441362));
#3821 = ORIENTED_EDGE('',*,*,#3822,.F.);
#3822 = EDGE_CURVE('',#1374,#3813,#3823,.T.);
#3823 = B_SPLINE_CURVE_WITH_KNOTS('',4,(#3824,#3825,#3826,#3827,#3828),
  .UNSPECIFIED.,.F.,.F.,(5,5),(0.,0.799214622868),
  .PIECEWISE_BEZIER_KNOTS.);
#3824 = CARTESIAN_POINT('',(-39.08,69.550978539343,23.048747737262));
#3825 = CARTESIAN_POINT('',(-38.9601944606,69.550978539343,
    22.975382127262));
#3826 = CARTESIAN_POINT('',(-38.8403981107,69.574733791575,
    22.902451466162));
#3827 = CARTESIAN_POINT('',(-38.7218115936,69.623360003889,
    22.833753199262));
#3828 = CARTESIAN_POINT('',(-38.6136310473,69.700978539368,
    22.788940117062));
#3829 = CYLINDRICAL_SURFACE('',#3830,0.8);
#3830 = AXIS2_PLACEMENT_3D('',#3831,#3832,#3833);
#3831 = CARTESIAN_POINT('',(-39.08,70.350978539343,44.108577825462));
#3832 = DIRECTION('',(-4.00617039642E-13,1.110223024625E-16,1.));
#3833 = DIRECTION('',(2.22044604925E-16,-1.,1.110223024626E-16));
#3834 = ADVANCED_FACE('',(#3835),#3885,.F.);
#3835 = FACE_BOUND('',#3836,.F.);
#3836 = EDGE_LOOP('',(#3837,#3847,#3857,#3866,#3876,#3884));
#3837 = ORIENTED_EDGE('',*,*,#3838,.T.);
#3838 = EDGE_CURVE('',#1390,#3839,#3841,.T.);
#3839 = VERTEX_POINT('',#3840);
#3840 = CARTESIAN_POINT('',(-39.3776217678,69.700978539366,
    18.308555358462));
#3841 = B_SPLINE_CURVE_WITH_KNOTS('',4,(#3842,#3843,#3844,#3845,#3846),
  .UNSPECIFIED.,.F.,.F.,(5,5),(0.,1.32946894607),
  .PIECEWISE_BEZIER_KNOTS.);
#3842 = CARTESIAN_POINT('',(-40.2825015644,69.550978539343,
    18.048747737362));
#3843 = CARTESIAN_POINT('',(-40.0596863834,69.550978539347,
    18.106358050662));
#3844 = CARTESIAN_POINT('',(-39.8326514175,69.566861407731,
    18.170955945462));
#3845 = CARTESIAN_POINT('',(-39.5935741814,69.603096300872,
    18.252043021762));
#3846 = CARTESIAN_POINT('',(-39.3776217678,69.700978539366,
    18.308555358462));
#3847 = ORIENTED_EDGE('',*,*,#3848,.F.);
#3848 = EDGE_CURVE('',#3849,#3839,#3851,.T.);
#3849 = VERTEX_POINT('',#3850);
#3850 = CARTESIAN_POINT('',(-38.7413430306,70.350978540088,
    18.683833033462));
#3851 = B_SPLINE_CURVE_WITH_KNOTS('',4,(#3852,#3853,#3854,#3855,#3856),
  .UNSPECIFIED.,.F.,.F.,(5,5),(0.,1.40023478535),
  .PIECEWISE_BEZIER_KNOTS.);
#3852 = CARTESIAN_POINT('',(-38.7413430306,70.350978539343,
    18.683833033462));
#3853 = CARTESIAN_POINT('',(-38.8052066544,70.141087606576,
    18.562652446962));
#3854 = CARTESIAN_POINT('',(-38.9545009599,69.948597619256,
    18.451394629862));
#3855 = CARTESIAN_POINT('',(-39.153684733,69.802479874255,
    18.367157181462));
#3856 = CARTESIAN_POINT('',(-39.3776217678,69.700978539366,
    18.308555358462));
#3857 = ORIENTED_EDGE('',*,*,#3858,.F.);
#3858 = EDGE_CURVE('',#3859,#3849,#3861,.T.);
#3859 = VERTEX_POINT('',#3860);
#3860 = CARTESIAN_POINT('',(-38.3307384657,70.350978540088,
    19.913662441262));
#3861 = CIRCLE('',#3862,4.);
#3862 = AXIS2_PLACEMENT_3D('',#3863,#3864,#3865);
#3863 = CARTESIAN_POINT('',(-42.28,70.350978539343,20.548747737362));
#3864 = DIRECTION('',(-2.22044604925E-16,1.,-1.110223024626E-16));
#3865 = DIRECTION('',(-1.089382751298E-44,1.110223024626E-16,1.));
#3866 = ORIENTED_EDGE('',*,*,#3867,.F.);
#3867 = EDGE_CURVE('',#3868,#3859,#3870,.T.);
#3868 = VERTEX_POINT('',#3869);
#3869 = CARTESIAN_POINT('',(-38.6228479254,69.70097853932,
    20.288940116262));
#3870 = B_SPLINE_CURVE_WITH_KNOTS('',4,(#3871,#3872,#3873,#3874,#3875),
  .UNSPECIFIED.,.F.,.F.,(5,5),(0.,1.18203965408),
  .PIECEWISE_BEZIER_KNOTS.);
#3871 = CARTESIAN_POINT('',(-38.6228479254,69.70097853932,
    20.288940116262));
#3872 = CARTESIAN_POINT('',(-38.4661573565,69.816511323334,
    20.222237232262));
#3873 = CARTESIAN_POINT('',(-38.3569751736,69.981286129623,
    20.127094034562));
#3874 = CARTESIAN_POINT('',(-38.3136785653,70.1672312444,20.019748991462
    ));
#3875 = CARTESIAN_POINT('',(-38.3307384657,70.350978539343,
    19.913662441262));
#3876 = ORIENTED_EDGE('',*,*,#3877,.F.);
#3877 = EDGE_CURVE('',#1382,#3868,#3878,.T.);
#3878 = B_SPLINE_CURVE_WITH_KNOTS('',4,(#3879,#3880,#3881,#3882,#3883),
  .UNSPECIFIED.,.F.,.F.,(5,5),(0.,0.785754541514),
  .PIECEWISE_BEZIER_KNOTS.);
#3879 = CARTESIAN_POINT('',(-39.08,69.550978539343,20.548747737362));
#3880 = CARTESIAN_POINT('',(-38.9626310608,69.550978539343,
    20.476874234162));
#3881 = CARTESIAN_POINT('',(-38.844803689,69.573596650247,
    20.403743840662));
#3882 = CARTESIAN_POINT('',(-38.7284368572,69.623124566729,
    20.333889128362));
#3883 = CARTESIAN_POINT('',(-38.6228479254,69.70097853932,
    20.288940116262));
#3884 = ORIENTED_EDGE('',*,*,#1389,.T.);
#3885 = TOROIDAL_SURFACE('',#3886,3.2,0.8);
#3886 = AXIS2_PLACEMENT_3D('',#3887,#3888,#3889);
#3887 = CARTESIAN_POINT('',(-42.28,70.350978539343,20.548747737362));
#3888 = DIRECTION('',(-2.22044604925E-16,1.,-1.110223024626E-16));
#3889 = DIRECTION('',(1.,2.22044604925E-16,4.01160586231E-13));
#3890 = ADVANCED_FACE('',(#3891),#3930,.F.);
#3891 = FACE_BOUND('',#3892,.F.);
#3892 = EDGE_LOOP('',(#3893,#3894,#3903,#3912,#3923));
#3893 = ORIENTED_EDGE('',*,*,#1398,.T.);
#3894 = ORIENTED_EDGE('',*,*,#3895,.T.);
#3895 = EDGE_CURVE('',#1399,#3896,#3898,.T.);
#3896 = VERTEX_POINT('',#3897);
#3897 = CARTESIAN_POINT('',(-42.28,70.350978540088,16.548747737362));
#3898 = CIRCLE('',#3899,0.8);
#3899 = AXIS2_PLACEMENT_3D('',#3900,#3901,#3902);
#3900 = CARTESIAN_POINT('',(-42.28,70.350978539343,17.348747737362));
#3901 = DIRECTION('',(1.,2.22044604925E-16,-2.34827133499E-16));
#3902 = DIRECTION('',(-2.34827133499E-16,-1.110223024625E-16,-1.));
#3903 = ORIENTED_EDGE('',*,*,#3904,.F.);
#3904 = EDGE_CURVE('',#3905,#3896,#3907,.T.);
#3905 = VERTEX_POINT('',#3906);
#3906 = CARTESIAN_POINT('',(-39.7958019028,70.350978540088,
    17.413662441262));
#3907 = CIRCLE('',#3908,4.);
#3908 = AXIS2_PLACEMENT_3D('',#3909,#3910,#3911);
#3909 = CARTESIAN_POINT('',(-42.28,70.350978539343,20.548747737362));
#3910 = DIRECTION('',(-2.22044604925E-16,1.,-1.110223024626E-16));
#3911 = DIRECTION('',(-1.089382751298E-44,1.110223024626E-16,1.));
#3912 = ORIENTED_EDGE('',*,*,#3913,.F.);
#3913 = EDGE_CURVE('',#3914,#3905,#3916,.T.);
#3914 = VERTEX_POINT('',#3915);
#3915 = CARTESIAN_POINT('',(-39.8663465055,69.700978539344,
    17.788940116262));
#3916 = B_SPLINE_CURVE_WITH_KNOTS('',5,(#3917,#3918,#3919,#3920,#3921,
    #3922),.UNSPECIFIED.,.F.,.F.,(6,6),(0.,1.19152948093),
  .PIECEWISE_BEZIER_KNOTS.);
#3917 = CARTESIAN_POINT('',(-39.8663465055,69.700978539344,
    17.788940116262));
#3918 = CARTESIAN_POINT('',(-39.7371955116,69.789622298191,
    17.737761618162));
#3919 = CARTESIAN_POINT('',(-39.6453455629,69.918067239397,
    17.663331873662));
#3920 = CARTESIAN_POINT('',(-39.6451483586,70.080143033962,
    17.570281944262));
#3921 = CARTESIAN_POINT('',(-39.7022562797,70.222591565341,
    17.487786695262));
#3922 = CARTESIAN_POINT('',(-39.7958019028,70.350978539343,
    17.413662441262));
#3923 = ORIENTED_EDGE('',*,*,#3924,.T.);
#3924 = EDGE_CURVE('',#3914,#1390,#3925,.T.);
#3925 = B_SPLINE_CURVE_WITH_KNOTS('',3,(#3926,#3927,#3928,#3929),
  .UNSPECIFIED.,.F.,.F.,(4,4),(0.,0.741169425143),
  .PIECEWISE_BEZIER_KNOTS.);
#3926 = CARTESIAN_POINT('',(-39.8663465055,69.700978539344,
    17.788940116262));
#3927 = CARTESIAN_POINT('',(-40.0038774221,69.606583157472,
    17.843439315362));
#3928 = CARTESIAN_POINT('',(-40.1431532003,69.55097853935,
    17.946623297162));
#3929 = CARTESIAN_POINT('',(-40.2825015644,69.550978539343,
    18.048747737362));
#3930 = TOROIDAL_SURFACE('',#3931,3.2,0.8);
#3931 = AXIS2_PLACEMENT_3D('',#3932,#3933,#3934);
#3932 = CARTESIAN_POINT('',(-42.28,70.350978539343,20.548747737362));
#3933 = DIRECTION('',(-2.22044604925E-16,1.,-1.110223024626E-16));
#3934 = DIRECTION('',(1.,2.22044604925E-16,4.01160586231E-13));
#3935 = ADVANCED_FACE('',(#3936),#3955,.F.);
#3936 = FACE_BOUND('',#3937,.F.);
#3937 = EDGE_LOOP('',(#3938,#3939,#3940,#3949));
#3938 = ORIENTED_EDGE('',*,*,#3895,.F.);
#3939 = ORIENTED_EDGE('',*,*,#1407,.F.);
#3940 = ORIENTED_EDGE('',*,*,#3941,.T.);
#3941 = EDGE_CURVE('',#1408,#3942,#3944,.T.);
#3942 = VERTEX_POINT('',#3943);
#3943 = CARTESIAN_POINT('',(-46.28,70.350978540088,16.548747737362));
#3944 = CIRCLE('',#3945,0.8);
#3945 = AXIS2_PLACEMENT_3D('',#3946,#3947,#3948);
#3946 = CARTESIAN_POINT('',(-46.2799999995,70.350978539343,
    17.348747737362));
#3947 = DIRECTION('',(1.,2.22044604925E-16,4.00617039642E-13));
#3948 = DIRECTION('',(4.00617039642E-13,-1.110223024624E-16,-1.));
#3949 = ORIENTED_EDGE('',*,*,#3950,.T.);
#3950 = EDGE_CURVE('',#3942,#3896,#3951,.T.);
#3951 = LINE('',#3952,#3953);
#3952 = CARTESIAN_POINT('',(-19.918557015,70.350978540088,
    16.548747737362));
#3953 = VECTOR('',#3954,1.);
#3954 = DIRECTION('',(1.,2.22044604925E-16,4.00617039631E-13));
#3955 = CYLINDRICAL_SURFACE('',#3956,0.8);
#3956 = AXIS2_PLACEMENT_3D('',#3957,#3958,#3959);
#3957 = CARTESIAN_POINT('',(-19.9185570145,70.350978539343,
    17.348747737362));
#3958 = DIRECTION('',(1.,2.22044604925E-16,4.00617039642E-13));
#3959 = DIRECTION('',(2.22044604925E-16,-1.,1.110223024626E-16));
#3960 = ADVANCED_FACE('',(#3961),#3992,.F.);
#3961 = FACE_BOUND('',#3962,.F.);
#3962 = EDGE_LOOP('',(#3963,#3972,#3973,#3974,#3983));
#3963 = ORIENTED_EDGE('',*,*,#3964,.F.);
#3964 = EDGE_CURVE('',#3942,#3965,#3967,.T.);
#3965 = VERTEX_POINT('',#3966);
#3966 = CARTESIAN_POINT('',(-48.76419809795,70.350978538968,
    17.413662441462));
#3967 = CIRCLE('',#3968,4.);
#3968 = AXIS2_PLACEMENT_3D('',#3969,#3970,#3971);
#3969 = CARTESIAN_POINT('',(-46.28,70.350978539343,20.548747737362));
#3970 = DIRECTION('',(-2.22044604925E-16,1.,-1.110223024625E-16));
#3971 = DIRECTION('',(-1.,-2.22044604925E-16,2.465190328815E-32));
#3972 = ORIENTED_EDGE('',*,*,#3941,.F.);
#3973 = ORIENTED_EDGE('',*,*,#1415,.T.);
#3974 = ORIENTED_EDGE('',*,*,#3975,.T.);
#3975 = EDGE_CURVE('',#1416,#3976,#3978,.T.);
#3976 = VERTEX_POINT('',#3977);
#3977 = CARTESIAN_POINT('',(-48.69365349374,69.700978539379,
    17.788940116162));
#3978 = B_SPLINE_CURVE_WITH_KNOTS('',3,(#3979,#3980,#3981,#3982),
  .UNSPECIFIED.,.F.,.F.,(4,4),(0.,0.741149706525),
  .PIECEWISE_BEZIER_KNOTS.);
#3979 = CARTESIAN_POINT('',(-48.2774984348,69.550978539343,
    18.048747737362));
#3980 = CARTESIAN_POINT('',(-48.41708974892,69.550978539246,
    17.946445246062));
#3981 = CARTESIAN_POINT('',(-48.55650510156,69.606845705676,
    17.843287732962));
#3982 = CARTESIAN_POINT('',(-48.69365349381,69.700978539088,
    17.788940116162));
#3983 = ORIENTED_EDGE('',*,*,#3984,.T.);
#3984 = EDGE_CURVE('',#3976,#3965,#3985,.T.);
#3985 = B_SPLINE_CURVE_WITH_KNOTS('',5,(#3986,#3987,#3988,#3989,#3990,
    #3991),.UNSPECIFIED.,.F.,.F.,(6,6),(0.,1.16379719388),
  .PIECEWISE_BEZIER_KNOTS.);
#3986 = CARTESIAN_POINT('',(-48.69365349382,69.700978539094,
    17.788940116162));
#3987 = CARTESIAN_POINT('',(-48.82316150163,69.789867336962,
    17.737620144662));
#3988 = CARTESIAN_POINT('',(-48.91638447675,69.919394448003,
    17.662835060862));
#3989 = CARTESIAN_POINT('',(-48.91404280255,70.083589390668,
    17.568039442362));
#3990 = CARTESIAN_POINT('',(-48.85631979447,70.224545831608,
    17.486658396362));
#3991 = CARTESIAN_POINT('',(-48.76419809773,70.350978538968,
    17.413662441662));
#3992 = TOROIDAL_SURFACE('',#3993,3.2,0.8);
#3993 = AXIS2_PLACEMENT_3D('',#3994,#3995,#3996);
#3994 = CARTESIAN_POINT('',(-46.28,70.350978539343,20.548747737362));
#3995 = DIRECTION('',(-2.22044604925E-16,1.,-1.110223024626E-16));
#3996 = DIRECTION('',(3.98199991499E-13,-1.110223024625E-16,-1.));
#3997 = ADVANCED_FACE('',(#3998),#4048,.F.);
#3998 = FACE_BOUND('',#3999,.F.);
#3999 = EDGE_LOOP('',(#4000,#4010,#4020,#4029,#4039,#4047));
#4000 = ORIENTED_EDGE('',*,*,#4001,.T.);
#4001 = EDGE_CURVE('',#1425,#4002,#4004,.T.);
#4002 = VERTEX_POINT('',#4003);
#4003 = CARTESIAN_POINT('',(-49.93715207427,69.700978539343,
    20.288940116262));
#4004 = B_SPLINE_CURVE_WITH_KNOTS('',4,(#4005,#4006,#4007,#4008,#4009),
  .UNSPECIFIED.,.F.,.F.,(5,5),(0.,0.785162773318),
  .PIECEWISE_BEZIER_KNOTS.);
#4005 = CARTESIAN_POINT('',(-49.4800000001,69.550978539343,
    20.548747737362));
#4006 = CARTESIAN_POINT('',(-49.59788825512,69.550978539358,
    20.476556219462));
#4007 = CARTESIAN_POINT('',(-49.71538269989,69.573837951364,
    20.403668558362));
#4008 = CARTESIAN_POINT('',(-49.83132477943,69.622948814156,
    20.333990598962));
#4009 = CARTESIAN_POINT('',(-49.9371520744,69.700978539178,
    20.288940116262));
#4010 = ORIENTED_EDGE('',*,*,#4011,.T.);
#4011 = EDGE_CURVE('',#4002,#4012,#4014,.T.);
#4012 = VERTEX_POINT('',#4013);
#4013 = CARTESIAN_POINT('',(-50.2292615339,70.350978538968,
    19.913662441462));
#4014 = B_SPLINE_CURVE_WITH_KNOTS('',4,(#4015,#4016,#4017,#4018,#4019),
  .UNSPECIFIED.,.F.,.F.,(5,5),(0.,1.16781678545),
  .PIECEWISE_BEZIER_KNOTS.);
#4015 = CARTESIAN_POINT('',(-49.93715207441,69.700978539185,
    20.288940116262));
#4016 = CARTESIAN_POINT('',(-50.09407614704,69.81668349262,
    20.222137830262));
#4017 = CARTESIAN_POINT('',(-50.20389173826,69.982234072504,
    20.126552043462));
#4018 = CARTESIAN_POINT('',(-50.24618030773,70.168751283855,
    20.018871397762));
#4019 = CARTESIAN_POINT('',(-50.22926153437,70.350978538968,
    19.913662441362));
#4020 = ORIENTED_EDGE('',*,*,#4021,.F.);
#4021 = EDGE_CURVE('',#4022,#4012,#4024,.T.);
#4022 = VERTEX_POINT('',#4023);
#4023 = CARTESIAN_POINT('',(-49.81865696943,70.350978539758,
    18.683833033662));
#4024 = CIRCLE('',#4025,4.);
#4025 = AXIS2_PLACEMENT_3D('',#4026,#4027,#4028);
#4026 = CARTESIAN_POINT('',(-46.28,70.350978539343,20.548747737362));
#4027 = DIRECTION('',(-2.22044604925E-16,1.,-1.110223024625E-16));
#4028 = DIRECTION('',(-1.,-2.22044604925E-16,2.465190328815E-32));
#4029 = ORIENTED_EDGE('',*,*,#4030,.T.);
#4030 = EDGE_CURVE('',#4022,#4031,#4033,.T.);
#4031 = VERTEX_POINT('',#4032);
#4032 = CARTESIAN_POINT('',(-49.18237823209,69.700978540133,
    18.308555358962));
#4033 = B_SPLINE_CURVE_WITH_KNOTS('',4,(#4034,#4035,#4036,#4037,#4038),
  .UNSPECIFIED.,.F.,.F.,(5,5),(0.,1.38455764534),
  .PIECEWISE_BEZIER_KNOTS.);
#4034 = CARTESIAN_POINT('',(-49.81865696949,70.350978539343,
    18.683833033662));
#4035 = CARTESIAN_POINT('',(-49.75485334833,70.141284808159,
    18.562766301562));
#4036 = CARTESIAN_POINT('',(-49.60543250019,69.948097031914,
    18.451216840062));
#4037 = CARTESIAN_POINT('',(-49.40554348898,69.802130059452,
    18.366955215762));
#4038 = CARTESIAN_POINT('',(-49.18237823249,69.700978539445,
    18.308555358662));
#4039 = ORIENTED_EDGE('',*,*,#4040,.T.);
#4040 = EDGE_CURVE('',#4031,#1416,#4041,.T.);
#4041 = B_SPLINE_CURVE_WITH_KNOTS('',4,(#4042,#4043,#4044,#4045,#4046),
  .UNSPECIFIED.,.F.,.F.,(5,5),(0.,1.32749638228),
  .PIECEWISE_BEZIER_KNOTS.);
#4042 = CARTESIAN_POINT('',(-49.18237823211,69.700978539318,
    18.308555358462));
#4043 = CARTESIAN_POINT('',(-48.96863368472,69.604097034674,
    18.252620795662));
#4044 = CARTESIAN_POINT('',(-48.73112319174,69.567122098409,
    18.172005804262));
#4045 = CARTESIAN_POINT('',(-48.50183771203,69.550978539382,
    18.106752693362));
#4046 = CARTESIAN_POINT('',(-48.2774994407,69.550978539343,
    18.048748540062));
#4047 = ORIENTED_EDGE('',*,*,#1424,.T.);
#4048 = TOROIDAL_SURFACE('',#4049,3.2,0.8);
#4049 = AXIS2_PLACEMENT_3D('',#4050,#4051,#4052);
#4050 = CARTESIAN_POINT('',(-46.28,70.350978539343,20.548747737362));
#4051 = DIRECTION('',(-2.22044604925E-16,1.,-1.110223024626E-16));
#4052 = DIRECTION('',(3.98199991499E-13,-1.110223024625E-16,-1.));
#4053 = ADVANCED_FACE('',(#4054),#4103,.F.);
#4054 = FACE_BOUND('',#4055,.F.);
#4055 = EDGE_LOOP('',(#4056,#4057,#4067,#4077,#4085,#4095));
#4056 = ORIENTED_EDGE('',*,*,#1433,.F.);
#4057 = ORIENTED_EDGE('',*,*,#4058,.F.);
#4058 = EDGE_CURVE('',#4059,#1434,#4061,.T.);
#4059 = VERTEX_POINT('',#4060);
#4060 = CARTESIAN_POINT('',(-49.94636895261,69.700978539315,
    22.788940117062));
#4061 = B_SPLINE_CURVE_WITH_KNOTS('',4,(#4062,#4063,#4064,#4065,#4066),
  .UNSPECIFIED.,.F.,.F.,(5,5),(0.,0.799214786277),
  .PIECEWISE_BEZIER_KNOTS.);
#4062 = CARTESIAN_POINT('',(-49.94636895261,69.700978539315,
    22.788940117062));
#4063 = CARTESIAN_POINT('',(-49.83819403114,69.623364039592,
    22.833750869362));
#4064 = CARTESIAN_POINT('',(-49.71961134202,69.574733914037,
    22.902443741362));
#4065 = CARTESIAN_POINT('',(-49.59979931013,69.550978539344,
    22.975385941862));
#4066 = CARTESIAN_POINT('',(-49.48,69.550978539343,23.048747737262));
#4067 = ORIENTED_EDGE('',*,*,#4068,.T.);
#4068 = EDGE_CURVE('',#4059,#4069,#4071,.T.);
#4069 = VERTEX_POINT('',#4070);
#4070 = CARTESIAN_POINT('',(-50.28,70.350978540088,22.413662441462));
#4071 = B_SPLINE_CURVE_WITH_KNOTS('',4,(#4072,#4073,#4074,#4075,#4076),
  .UNSPECIFIED.,.F.,.F.,(5,5),(0.,1.21453549324),
  .PIECEWISE_BEZIER_KNOTS.);
#4072 = CARTESIAN_POINT('',(-49.94636895261,69.700978539315,
    22.788940117062));
#4073 = CARTESIAN_POINT('',(-50.10984494805,69.818271045117,
    22.721221257262));
#4074 = CARTESIAN_POINT('',(-50.22449826588,69.984230993947,
    22.625476599462));
#4075 = CARTESIAN_POINT('',(-50.27999999999,70.167128511512,
    22.519808304362));
#4076 = CARTESIAN_POINT('',(-50.27999999999,70.350978539344,
    22.413662441362));
#4077 = ORIENTED_EDGE('',*,*,#4078,.T.);
#4078 = EDGE_CURVE('',#4069,#4079,#4081,.T.);
#4079 = VERTEX_POINT('',#4080);
#4080 = CARTESIAN_POINT('',(-50.28,70.350978540088,21.183833033262));
#4081 = LINE('',#4082,#4083);
#4082 = CARTESIAN_POINT('',(-50.28,70.350978540088,44.108577825562));
#4083 = VECTOR('',#4084,1.);
#4084 = DIRECTION('',(4.00617039631E-13,-1.110223024624E-16,-1.));
#4085 = ORIENTED_EDGE('',*,*,#4086,.F.);
#4086 = EDGE_CURVE('',#4087,#4079,#4089,.T.);
#4087 = VERTEX_POINT('',#4088);
#4088 = CARTESIAN_POINT('',(-49.94636895283,69.700978539343,
    20.808555358462));
#4089 = B_SPLINE_CURVE_WITH_KNOTS('',4,(#4090,#4091,#4092,#4093,#4094),
  .UNSPECIFIED.,.F.,.F.,(5,5),(0.,1.21453549118),
  .PIECEWISE_BEZIER_KNOTS.);
#4090 = CARTESIAN_POINT('',(-49.94636895261,69.700978539315,
    20.808555359362));
#4091 = CARTESIAN_POINT('',(-50.10984494781,69.818271044941,
    20.876274219062));
#4092 = CARTESIAN_POINT('',(-50.22449826598,69.984230993812,
    20.972018876062));
#4093 = CARTESIAN_POINT('',(-50.27999999999,70.167128511765,
    21.077687170262));
#4094 = CARTESIAN_POINT('',(-50.27999999999,70.350978539344,
    21.183833033162));
#4095 = ORIENTED_EDGE('',*,*,#4096,.F.);
#4096 = EDGE_CURVE('',#1425,#4087,#4097,.T.);
#4097 = B_SPLINE_CURVE_WITH_KNOTS('',4,(#4098,#4099,#4100,#4101,#4102),
  .UNSPECIFIED.,.F.,.F.,(5,5),(0.,0.79921054741),
  .PIECEWISE_BEZIER_KNOTS.);
#4098 = CARTESIAN_POINT('',(-49.4800000001,69.550978539343,
    20.548747737262));
#4099 = CARTESIAN_POINT('',(-49.59984329398,69.550978539359,
    20.622136467062));
#4100 = CARTESIAN_POINT('',(-49.71959885823,69.574750105462,
    20.695044106962));
#4101 = CARTESIAN_POINT('',(-49.83815431543,69.623335543901,
    20.763728154962));
#4102 = CARTESIAN_POINT('',(-49.94636895275,69.700978539417,
    20.808555359362));
#4103 = CYLINDRICAL_SURFACE('',#4104,0.8);
#4104 = AXIS2_PLACEMENT_3D('',#4105,#4106,#4107);
#4105 = CARTESIAN_POINT('',(-49.48,70.350978539343,44.108577825462));
#4106 = DIRECTION('',(4.00617039642E-13,-1.110223024625E-16,-1.));
#4107 = DIRECTION('',(2.22044604925E-16,-1.,1.110223024626E-16));
#4108 = ADVANCED_FACE('',(#4109),#4158,.F.);
#4109 = FACE_BOUND('',#4110,.F.);
#4110 = EDGE_LOOP('',(#4111,#4112,#4122,#4132,#4140,#4150));
#4111 = ORIENTED_EDGE('',*,*,#1441,.F.);
#4112 = ORIENTED_EDGE('',*,*,#4113,.F.);
#4113 = EDGE_CURVE('',#4114,#1442,#4116,.T.);
#4114 = VERTEX_POINT('',#4115);
#4115 = CARTESIAN_POINT('',(-49.94636895283,69.700978539343,
    25.288940116252));
#4116 = B_SPLINE_CURVE_WITH_KNOTS('',4,(#4117,#4118,#4119,#4120,#4121),
  .UNSPECIFIED.,.F.,.F.,(5,5),(0.,0.799214786277),
  .PIECEWISE_BEZIER_KNOTS.);
#4117 = CARTESIAN_POINT('',(-49.94636895261,69.700978539314,
    25.288940117062));
#4118 = CARTESIAN_POINT('',(-49.83819403114,69.623364039592,
    25.333750869342));
#4119 = CARTESIAN_POINT('',(-49.71961134202,69.574733914037,
    25.402443741322));
#4120 = CARTESIAN_POINT('',(-49.59979931013,69.550978539344,
    25.475385941862));
#4121 = CARTESIAN_POINT('',(-49.48,69.550978539343,25.548747737262));
#4122 = ORIENTED_EDGE('',*,*,#4123,.T.);
#4123 = EDGE_CURVE('',#4114,#4124,#4126,.T.);
#4124 = VERTEX_POINT('',#4125);
#4125 = CARTESIAN_POINT('',(-50.28000000081,70.350978540581,
    24.913662440562));
#4126 = B_SPLINE_CURVE_WITH_KNOTS('',4,(#4127,#4128,#4129,#4130,#4131),
  .UNSPECIFIED.,.F.,.F.,(5,5),(0.,1.20157375918),
  .PIECEWISE_BEZIER_KNOTS.);
#4127 = CARTESIAN_POINT('',(-49.94636895275,69.700978539416,
    25.288940117062));
#4128 = CARTESIAN_POINT('',(-50.10946141133,69.817995861141,
    25.221380134932));
#4129 = CARTESIAN_POINT('',(-50.22472310105,69.984033541501,
    25.125515178402));
#4130 = CARTESIAN_POINT('',(-50.27999999991,70.167559848451,
    25.019559272062));
#4131 = CARTESIAN_POINT('',(-50.27999999999,70.350978538968,
    24.913662441382));
#4132 = ORIENTED_EDGE('',*,*,#4133,.T.);
#4133 = EDGE_CURVE('',#4124,#4134,#4136,.T.);
#4134 = VERTEX_POINT('',#4135);
#4135 = CARTESIAN_POINT('',(-50.28,70.350978540088,23.683833033252));
#4136 = LINE('',#4137,#4138);
#4137 = CARTESIAN_POINT('',(-50.28,70.350978540088,44.108577825562));
#4138 = VECTOR('',#4139,1.);
#4139 = DIRECTION('',(4.00617039631E-13,-1.110223024624E-16,-1.));
#4140 = ORIENTED_EDGE('',*,*,#4141,.F.);
#4141 = EDGE_CURVE('',#4142,#4134,#4144,.T.);
#4142 = VERTEX_POINT('',#4143);
#4143 = CARTESIAN_POINT('',(-49.94636895261,69.700978539315,
    23.308555359322));
#4144 = B_SPLINE_CURVE_WITH_KNOTS('',4,(#4145,#4146,#4147,#4148,#4149),
  .UNSPECIFIED.,.F.,.F.,(5,5),(0.,1.21453549095),
  .PIECEWISE_BEZIER_KNOTS.);
#4145 = CARTESIAN_POINT('',(-49.94636895261,69.700978539315,
    23.308555359322));
#4146 = CARTESIAN_POINT('',(-50.10984494781,69.818271044944,
    23.376274219072));
#4147 = CARTESIAN_POINT('',(-50.22449826599,69.984230993805,
    23.472018876042));
#4148 = CARTESIAN_POINT('',(-50.27999999999,70.167128511801,
    23.577687170332));
#4149 = CARTESIAN_POINT('',(-50.27999999999,70.350978539344,
    23.683833033152));
#4150 = ORIENTED_EDGE('',*,*,#4151,.F.);
#4151 = EDGE_CURVE('',#1434,#4142,#4152,.T.);
#4152 = B_SPLINE_CURVE_WITH_KNOTS('',4,(#4153,#4154,#4155,#4156,#4157),
  .UNSPECIFIED.,.F.,.F.,(5,5),(0.,0.799214702798),
  .PIECEWISE_BEZIER_KNOTS.);
#4153 = CARTESIAN_POINT('',(-49.48,69.550978539343,23.048747737262));
#4154 = CARTESIAN_POINT('',(-49.59980553952,69.550978539344,
    23.122113347272));
#4155 = CARTESIAN_POINT('',(-49.71960155528,69.574733689755,
    23.195046664872));
#4156 = CARTESIAN_POINT('',(-49.83818840624,69.623360003773,
    23.263742276882));
#4157 = CARTESIAN_POINT('',(-49.94636895261,69.700978539315,
    23.308555359322));
#4158 = CYLINDRICAL_SURFACE('',#4159,0.8);
#4159 = AXIS2_PLACEMENT_3D('',#4160,#4161,#4162);
#4160 = CARTESIAN_POINT('',(-49.48,70.350978539343,44.108577825462));
#4161 = DIRECTION('',(4.00617039642E-13,-1.110223024625E-16,-1.));
#4162 = DIRECTION('',(2.22044604925E-16,-1.,1.110223024626E-16));
#4163 = ADVANCED_FACE('',(#4164),#4183,.F.);
#4164 = FACE_BOUND('',#4165,.F.);
#4165 = EDGE_LOOP('',(#4166,#4167,#4176));
#4166 = ORIENTED_EDGE('',*,*,#1449,.F.);
#4167 = ORIENTED_EDGE('',*,*,#4168,.T.);
#4168 = EDGE_CURVE('',#1450,#4169,#4171,.T.);
#4169 = VERTEX_POINT('',#4170);
#4170 = CARTESIAN_POINT('',(-49.6668979035,69.573116614793,
    25.661852766132));
#4171 = B_SPLINE_CURVE_WITH_KNOTS('',3,(#4172,#4173,#4174,#4175),
  .UNSPECIFIED.,.F.,.F.,(4,4),(0.,0.375764032205),
  .PIECEWISE_BEZIER_KNOTS.);
#4172 = CARTESIAN_POINT('',(-49.48,69.550978539343,25.848747738012));
#4173 = CARTESIAN_POINT('',(-49.54259024754,69.550978539344,
    25.786157491172));
#4174 = CARTESIAN_POINT('',(-49.60518964657,69.55828989107,
    25.723560076702));
#4175 = CARTESIAN_POINT('',(-49.6668979035,69.573116614793,
    25.661852766132));
#4176 = ORIENTED_EDGE('',*,*,#4177,.F.);
#4177 = EDGE_CURVE('',#1442,#4169,#4178,.T.);
#4178 = B_SPLINE_CURVE_WITH_KNOTS('',3,(#4179,#4180,#4181,#4182),
  .UNSPECIFIED.,.F.,.F.,(4,4),(0.,0.311337620686),
  .PIECEWISE_BEZIER_KNOTS.);
#4179 = CARTESIAN_POINT('',(-49.48,69.550978539343,25.548747737262));
#4180 = CARTESIAN_POINT('',(-49.54252716423,69.550978539344,
    25.587037649042));
#4181 = CARTESIAN_POINT('',(-49.60507600104,69.558262519,25.625361378182
    ));
#4182 = CARTESIAN_POINT('',(-49.6668986923,69.57311680432,
    25.661853416192));
#4183 = CYLINDRICAL_SURFACE('',#4184,0.8);
#4184 = AXIS2_PLACEMENT_3D('',#4185,#4186,#4187);
#4185 = CARTESIAN_POINT('',(-49.48,70.350978539343,44.108577825462));
#4186 = DIRECTION('',(4.00617039642E-13,-1.110223024625E-16,-1.));
#4187 = DIRECTION('',(2.22044604925E-16,-1.,1.110223024626E-16));
#4188 = ADVANCED_FACE('',(#4189),#4208,.F.);
#4189 = FACE_BOUND('',#4190,.F.);
#4190 = EDGE_LOOP('',(#4191,#4192,#4193,#4202));
#4191 = ORIENTED_EDGE('',*,*,#4168,.F.);
#4192 = ORIENTED_EDGE('',*,*,#1457,.F.);
#4193 = ORIENTED_EDGE('',*,*,#4194,.T.);
#4194 = EDGE_CURVE('',#1458,#4195,#4197,.T.);
#4195 = VERTEX_POINT('',#4196);
#4196 = CARTESIAN_POINT('',(-56.77999999947,69.573116169519,
    25.661851687062));
#4197 = CIRCLE('',#4198,0.8);
#4198 = AXIS2_PLACEMENT_3D('',#4199,#4200,#4201);
#4199 = CARTESIAN_POINT('',(-56.77999999947,70.350978539343,
    25.848747737352));
#4200 = DIRECTION('',(1.,2.22044604925E-16,4.00617039642E-13));
#4201 = DIRECTION('',(4.00617039642E-13,-1.110223024624E-16,-1.));
#4202 = ORIENTED_EDGE('',*,*,#4203,.T.);
#4203 = EDGE_CURVE('',#4195,#4169,#4204,.T.);
#4204 = LINE('',#4205,#4206);
#4205 = CARTESIAN_POINT('',(-19.918557015,69.573116169519,
    25.661851687072));
#4206 = VECTOR('',#4207,1.);
#4207 = DIRECTION('',(1.,2.22044604925E-16,4.00617039631E-13));
#4208 = CYLINDRICAL_SURFACE('',#4209,0.8);
#4209 = AXIS2_PLACEMENT_3D('',#4210,#4211,#4212);
#4210 = CARTESIAN_POINT('',(-19.9185570145,70.350978539343,
    25.848747737362));
#4211 = DIRECTION('',(1.,2.22044604925E-16,4.00617039642E-13));
#4212 = DIRECTION('',(2.22044604925E-16,-1.,1.110223024626E-16));
#4213 = ADVANCED_FACE('',(#4214),#4267,.F.);
#4214 = FACE_BOUND('',#4215,.F.);
#4215 = EDGE_LOOP('',(#4216,#4225,#4236,#4245,#4256,#4265,#4266));
#4216 = ORIENTED_EDGE('',*,*,#4217,.T.);
#4217 = EDGE_CURVE('',#1466,#4218,#4220,.T.);
#4218 = VERTEX_POINT('',#4219);
#4219 = CARTESIAN_POINT('',(-62.3574220485,69.700978539382,
    27.788940116162));
#4220 = B_SPLINE_CURVE_WITH_KNOTS('',3,(#4221,#4222,#4223,#4224),
  .UNSPECIFIED.,.F.,.F.,(4,4),(0.,0.721240110394),
  .PIECEWISE_BEZIER_KNOTS.);
#4221 = CARTESIAN_POINT('',(-61.9607335388,69.550978539343,
    28.048747737362));
#4222 = CARTESIAN_POINT('',(-62.09431764848,69.550978539344,
    27.946334347972));
#4223 = CARTESIAN_POINT('',(-62.22810427977,69.606674297617,
    27.843386695532));
#4224 = CARTESIAN_POINT('',(-62.3574220485,69.700978539382,
    27.788940116162));
#4225 = ORIENTED_EDGE('',*,*,#4226,.T.);
#4226 = EDGE_CURVE('',#4218,#4227,#4229,.T.);
#4227 = VERTEX_POINT('',#4228);
#4228 = CARTESIAN_POINT('',(-62.45853975119,70.350978540088,
    27.413662441272));
#4229 = B_SPLINE_CURVE_WITH_KNOTS('',5,(#4230,#4231,#4232,#4233,#4234,
    #4235),.UNSPECIFIED.,.F.,.F.,(6,6),(0.,1.17823945965),
  .PIECEWISE_BEZIER_KNOTS.);
#4230 = CARTESIAN_POINT('',(-62.3574220485,69.700978539382,
    27.788940116162));
#4231 = CARTESIAN_POINT('',(-62.4821971294,69.791970052008,
    27.736406141972));
#4232 = CARTESIAN_POINT('',(-62.56971072217,69.921605199404,
    27.661478726462));
#4233 = CARTESIAN_POINT('',(-62.57576526019,70.078162319968,
    27.571233805412));
#4234 = CARTESIAN_POINT('',(-62.53321956949,70.220631834566,
    27.488918146302));
#4235 = CARTESIAN_POINT('',(-62.45853975119,70.350978539343,
    27.413662441272));
#4236 = ORIENTED_EDGE('',*,*,#4237,.F.);
#4237 = EDGE_CURVE('',#4238,#4227,#4240,.T.);
#4238 = VERTEX_POINT('',#4239);
#4239 = CARTESIAN_POINT('',(-60.88766918191,70.350978540088,
    26.183833033452));
#4240 = CIRCLE('',#4241,8.);
#4241 = AXIS2_PLACEMENT_3D('',#4242,#4243,#4244);
#4242 = CARTESIAN_POINT('',(-56.78,70.350978539343,33.048747737362));
#4243 = DIRECTION('',(-2.22044604925E-16,1.,-1.110223024625E-16));
#4244 = DIRECTION('',(-1.,-2.22044604925E-16,2.465190328815E-32));
#4245 = ORIENTED_EDGE('',*,*,#4246,.T.);
#4246 = EDGE_CURVE('',#4238,#4247,#4249,.T.);
#4247 = VERTEX_POINT('',#4248);
#4248 = CARTESIAN_POINT('',(-59.30048154815,69.700978540133,
    25.808555358912));
#4249 = B_SPLINE_CURVE_WITH_KNOTS('',5,(#4250,#4251,#4252,#4253,#4254,
    #4255),.UNSPECIFIED.,.F.,.F.,(6,6),(0.,2.4492215576),
  .PIECEWISE_BEZIER_KNOTS.);
#4250 = CARTESIAN_POINT('',(-60.88766918141,70.350978539343,
    26.183833033152));
#4251 = CARTESIAN_POINT('',(-60.65993365317,70.114956949943,
    26.047565905132));
#4252 = CARTESIAN_POINT('',(-60.31956302892,69.955584057841,
    25.955534134642));
#4253 = CARTESIAN_POINT('',(-59.99632869108,69.842751815744,
    25.890406731812));
#4254 = CARTESIAN_POINT('',(-59.64928701094,69.760120940953,
    25.842701239752));
#4255 = CARTESIAN_POINT('',(-59.30048154836,69.700978539435,
    25.808555358392));
#4256 = ORIENTED_EDGE('',*,*,#4257,.F.);
#4257 = EDGE_CURVE('',#4195,#4247,#4258,.T.);
#4258 = B_SPLINE_CURVE_WITH_KNOTS('',5,(#4259,#4260,#4261,#4262,#4263,
    #4264),.UNSPECIFIED.,.F.,.F.,(6,6),(0.,3.52188063539),
  .PIECEWISE_BEZIER_KNOTS.);
#4259 = CARTESIAN_POINT('',(-56.78,69.573116169523,25.661851687062));
#4260 = CARTESIAN_POINT('',(-57.28254069445,69.573116169523,
    25.661851687062));
#4261 = CARTESIAN_POINT('',(-57.78470281343,69.577882413383,
    25.678813878112));
#4262 = CARTESIAN_POINT('',(-58.28016431198,69.596888631955,
    25.706412072942));
#4263 = CARTESIAN_POINT('',(-58.79367286067,69.615045587901,
    25.758941945902));
#4264 = CARTESIAN_POINT('',(-59.3004815483,69.700978539368,
    25.808555358462));
#4265 = ORIENTED_EDGE('',*,*,#4194,.F.);
#4266 = ORIENTED_EDGE('',*,*,#1465,.T.);
#4267 = TOROIDAL_SURFACE('',#4268,7.2,0.8);
#4268 = AXIS2_PLACEMENT_3D('',#4269,#4270,#4271);
#4269 = CARTESIAN_POINT('',(-56.78,70.350978539343,33.048747737362));
#4270 = DIRECTION('',(-2.22044604925E-16,1.,-1.110223024626E-16));
#4271 = DIRECTION('',(4.01900734914E-13,-1.110223024625E-16,-1.));
#4272 = ADVANCED_FACE('',(#4273),#4322,.F.);
#4273 = FACE_BOUND('',#4274,.F.);
#4274 = EDGE_LOOP('',(#4275,#4276,#4285,#4295,#4304,#4314));
#4275 = ORIENTED_EDGE('',*,*,#1474,.T.);
#4276 = ORIENTED_EDGE('',*,*,#4277,.T.);
#4277 = EDGE_CURVE('',#1475,#4278,#4280,.T.);
#4278 = VERTEX_POINT('',#4279);
#4279 = CARTESIAN_POINT('',(-63.93238944708,69.700978539343,
    30.288940116242));
#4280 = B_SPLINE_CURVE_WITH_KNOTS('',3,(#4281,#4282,#4283,#4284),
  .UNSPECIFIED.,.F.,.F.,(4,4),(0.,0.725597454938),
  .PIECEWISE_BEZIER_KNOTS.);
#4281 = CARTESIAN_POINT('',(-63.5320367297,69.550978539343,
    30.548747737362));
#4282 = CARTESIAN_POINT('',(-63.66879929804,69.550978539332,
    30.448999336562));
#4283 = CARTESIAN_POINT('',(-63.80707972051,69.602396969265,
    30.345856212262));
#4284 = CARTESIAN_POINT('',(-63.9323894478,69.700978539379,
    30.288940116162));
#4285 = ORIENTED_EDGE('',*,*,#4286,.T.);
#4286 = EDGE_CURVE('',#4278,#4287,#4289,.T.);
#4287 = VERTEX_POINT('',#4288);
#4288 = CARTESIAN_POINT('',(-64.14011142551,70.350978538968,
    29.913662441482));
#4289 = B_SPLINE_CURVE_WITH_KNOTS('',4,(#4290,#4291,#4292,#4293,#4294),
  .UNSPECIFIED.,.F.,.F.,(5,5),(0.,1.14585763834),
  .PIECEWISE_BEZIER_KNOTS.);
#4290 = CARTESIAN_POINT('',(-63.9323894473,69.700978539042,
    30.288940116182));
#4291 = CARTESIAN_POINT('',(-64.08164444538,69.818397931393,
    30.221147998272));
#4292 = CARTESIAN_POINT('',(-64.17343380888,69.992219676891,
    30.120791893352));
#4293 = CARTESIAN_POINT('',(-64.18283207248,70.177265079761,
    30.013955957302));
#4294 = CARTESIAN_POINT('',(-64.14011142502,70.350978538968,
    29.913662441662));
#4295 = ORIENTED_EDGE('',*,*,#4296,.F.);
#4296 = EDGE_CURVE('',#4297,#4287,#4299,.T.);
#4297 = VERTEX_POINT('',#4298);
#4298 = CARTESIAN_POINT('',(-63.48429113588,70.350978539758,
    28.683833033662));
#4299 = CIRCLE('',#4300,8.);
#4300 = AXIS2_PLACEMENT_3D('',#4301,#4302,#4303);
#4301 = CARTESIAN_POINT('',(-56.78,70.350978539343,33.048747737362));
#4302 = DIRECTION('',(-2.22044604925E-16,1.,-1.110223024625E-16));
#4303 = DIRECTION('',(-1.,-2.22044604925E-16,2.465190328815E-32));
#4304 = ORIENTED_EDGE('',*,*,#4305,.T.);
#4305 = EDGE_CURVE('',#4297,#4306,#4308,.T.);
#4306 = VERTEX_POINT('',#4307);
#4307 = CARTESIAN_POINT('',(-62.80526257827,69.700978540133,
    28.308555358912));
#4308 = B_SPLINE_CURVE_WITH_KNOTS('',4,(#4309,#4310,#4311,#4312,#4313),
  .UNSPECIFIED.,.F.,.F.,(5,5),(0.,1.44137144838),
  .PIECEWISE_BEZIER_KNOTS.);
#4309 = CARTESIAN_POINT('',(-63.48429113561,70.350978539343,
    28.683833033852));
#4310 = CARTESIAN_POINT('',(-63.40445483394,70.13858654571,
    28.561208459042));
#4311 = CARTESIAN_POINT('',(-63.23923375634,69.949291088118,
    28.451907099682));
#4312 = CARTESIAN_POINT('',(-63.03436755561,69.803828037866,
    28.367935544242));
#4313 = CARTESIAN_POINT('',(-62.80526257852,69.700978539749,
    28.308555358692));
#4314 = ORIENTED_EDGE('',*,*,#4315,.T.);
#4315 = EDGE_CURVE('',#4306,#1466,#4316,.T.);
#4316 = B_SPLINE_CURVE_WITH_KNOTS('',4,(#4317,#4318,#4319,#4320,#4321),
  .UNSPECIFIED.,.F.,.F.,(5,5),(0.,1.2615065172),
  .PIECEWISE_BEZIER_KNOTS.);
#4317 = CARTESIAN_POINT('',(-62.8052625776,69.700978539333,
    28.308555358462));
#4318 = CARTESIAN_POINT('',(-62.60435394517,69.610786906434,
    28.256483194942));
#4319 = CARTESIAN_POINT('',(-62.38516347027,69.570833475467,
    28.181872999422));
#4320 = CARTESIAN_POINT('',(-62.17094400055,69.550978539347,
    28.113736792902));
#4321 = CARTESIAN_POINT('',(-61.9607345829,69.550978539343,
    28.048748819162));
#4322 = TOROIDAL_SURFACE('',#4323,7.2,0.8);
#4323 = AXIS2_PLACEMENT_3D('',#4324,#4325,#4326);
#4324 = CARTESIAN_POINT('',(-56.78,70.350978539343,33.048747737362));
#4325 = DIRECTION('',(-2.22044604925E-16,1.,-1.110223024626E-16));
#4326 = DIRECTION('',(4.01900734914E-13,-1.110223024625E-16,-1.));
#4327 = ADVANCED_FACE('',(#4328),#4377,.F.);
#4328 = FACE_BOUND('',#4329,.F.);
#4329 = EDGE_LOOP('',(#4330,#4341,#4350,#4358,#4359,#4369));
#4330 = ORIENTED_EDGE('',*,*,#4331,.F.);
#4331 = EDGE_CURVE('',#4332,#4334,#4336,.T.);
#4332 = VERTEX_POINT('',#4333);
#4333 = CARTESIAN_POINT('',(-64.55959466434,70.350978539758,
    31.183833033662));
#4334 = VERTEX_POINT('',#4335);
#4335 = CARTESIAN_POINT('',(-64.75475182533,70.350978538968,
    32.413662441486));
#4336 = CIRCLE('',#4337,8.);
#4337 = AXIS2_PLACEMENT_3D('',#4338,#4339,#4340);
#4338 = CARTESIAN_POINT('',(-56.78,70.350978539343,33.048747737362));
#4339 = DIRECTION('',(-2.22044604925E-16,1.,-1.110223024625E-16));
#4340 = DIRECTION('',(-1.,-2.22044604925E-16,2.465190328815E-32));
#4341 = ORIENTED_EDGE('',*,*,#4342,.F.);
#4342 = EDGE_CURVE('',#4343,#4332,#4345,.T.);
#4343 = VERTEX_POINT('',#4344);
#4344 = CARTESIAN_POINT('',(-64.11176315843,69.700978540133,
    30.808555358912));
#4345 = B_SPLINE_CURVE_WITH_KNOTS('',3,(#4346,#4347,#4348,#4349),
  .UNSPECIFIED.,.F.,.F.,(4,4),(0.,1.25933523646),
  .PIECEWISE_BEZIER_KNOTS.);
#4346 = CARTESIAN_POINT('',(-64.11176315907,69.700978539159,
    30.808555358662));
#4347 = CARTESIAN_POINT('',(-64.355179195,69.849969750171,
    30.894575474442));
#4348 = CARTESIAN_POINT('',(-64.52391361436,70.09317061938,
    31.034987561682));
#4349 = CARTESIAN_POINT('',(-64.55959466473,70.350978539343,
    31.183833033562));
#4350 = ORIENTED_EDGE('',*,*,#4351,.T.);
#4351 = EDGE_CURVE('',#4343,#1475,#4352,.T.);
#4352 = B_SPLINE_CURVE_WITH_KNOTS('',4,(#4353,#4354,#4355,#4356,#4357),
  .UNSPECIFIED.,.F.,.F.,(5,5),(0.,0.930474166701),
  .PIECEWISE_BEZIER_KNOTS.);
#4353 = CARTESIAN_POINT('',(-64.1117631593,69.700978539357,
    30.808555358462));
#4354 = CARTESIAN_POINT('',(-63.97684953236,69.618399983668,
    30.760878607172));
#4355 = CARTESIAN_POINT('',(-63.8274694734,69.572659439071,
    30.689327664042));
#4356 = CARTESIAN_POINT('',(-63.67930329388,69.550978539335,
    30.618489677412));
#4357 = CARTESIAN_POINT('',(-63.5320367297,69.550978539343,
    30.548747737362));
#4358 = ORIENTED_EDGE('',*,*,#1483,.T.);
#4359 = ORIENTED_EDGE('',*,*,#4360,.T.);
#4360 = EDGE_CURVE('',#1484,#4361,#4363,.T.);
#4361 = VERTEX_POINT('',#4362);
#4362 = CARTESIAN_POINT('',(-64.44196534305,69.700978539343,
    32.788940116243));
#4363 = B_SPLINE_CURVE_WITH_KNOTS('',4,(#4364,#4365,#4366,#4367,#4368),
  .UNSPECIFIED.,.F.,.F.,(5,5),(0.,0.791707348874),
  .PIECEWISE_BEZIER_KNOTS.);
#4364 = CARTESIAN_POINT('',(-63.9800000001,69.550978539343,
    33.048747737362));
#4365 = CARTESIAN_POINT('',(-64.09891640625,69.550978539358,
    32.975926607961));
#4366 = CARTESIAN_POINT('',(-64.21748757214,69.57430201713,
    32.903168028623));
#4367 = CARTESIAN_POINT('',(-64.33483897877,69.62306676254,
    32.833922501554));
#4368 = CARTESIAN_POINT('',(-64.44196534303,69.700978539324,
    32.788940116161));
#4369 = ORIENTED_EDGE('',*,*,#4370,.T.);
#4370 = EDGE_CURVE('',#4361,#4334,#4371,.T.);
#4371 = B_SPLINE_CURVE_WITH_KNOTS('',4,(#4372,#4373,#4374,#4375,#4376),
  .UNSPECIFIED.,.F.,.F.,(5,5),(0.,1.18336102778),
  .PIECEWISE_BEZIER_KNOTS.);
#4372 = CARTESIAN_POINT('',(-64.44196534309,69.700978539363,
    32.788940116262));
#4373 = CARTESIAN_POINT('',(-64.60184850921,69.817259733435,
    32.721805137512));
#4374 = CARTESIAN_POINT('',(-64.71443949623,69.982996312658,
    32.626113443519));
#4375 = CARTESIAN_POINT('',(-64.76315792224,70.168151607258,
    32.519217619809));
#4376 = CARTESIAN_POINT('',(-64.75475182479,70.350978538968,
    32.413662441503));
#4377 = TOROIDAL_SURFACE('',#4378,7.2,0.8);
#4378 = AXIS2_PLACEMENT_3D('',#4379,#4380,#4381);
#4379 = CARTESIAN_POINT('',(-56.78,70.350978539343,33.048747737362));
#4380 = DIRECTION('',(-2.22044604925E-16,1.,-1.110223024626E-16));
#4381 = DIRECTION('',(4.01900734914E-13,-1.110223024625E-16,-1.));
#4382 = ADVANCED_FACE('',(#4383),#4432,.F.);
#4383 = FACE_BOUND('',#4384,.F.);
#4384 = EDGE_LOOP('',(#4385,#4386,#4396,#4405,#4414,#4424));
#4385 = ORIENTED_EDGE('',*,*,#1492,.T.);
#4386 = ORIENTED_EDGE('',*,*,#4387,.T.);
#4387 = EDGE_CURVE('',#1493,#4388,#4390,.T.);
#4388 = VERTEX_POINT('',#4389);
#4389 = CARTESIAN_POINT('',(-64.11176315843,69.70097853932,
    35.288940116222));
#4390 = B_SPLINE_CURVE_WITH_KNOTS('',4,(#4391,#4392,#4393,#4394,#4395),
  .UNSPECIFIED.,.F.,.F.,(5,5),(0.,0.930460379175),
  .PIECEWISE_BEZIER_KNOTS.);
#4391 = CARTESIAN_POINT('',(-63.5320367306,69.550978539343,
    35.548747737362));
#4392 = CARTESIAN_POINT('',(-63.67990781986,69.550978539456,
    35.478719508632));
#4393 = CARTESIAN_POINT('',(-63.82772851543,69.572830427396,
    35.408114967632));
#4394 = CARTESIAN_POINT('',(-63.97683277782,69.618389728581,
    35.336622788162));
#4395 = CARTESIAN_POINT('',(-64.11176315869,69.700978538939,
    35.288940116252));
#4396 = ORIENTED_EDGE('',*,*,#4397,.T.);
#4397 = EDGE_CURVE('',#4388,#4398,#4400,.T.);
#4398 = VERTEX_POINT('',#4399);
#4399 = CARTESIAN_POINT('',(-64.55959466471,70.350978539343,
    34.913662441262));
#4400 = B_SPLINE_CURVE_WITH_KNOTS('',3,(#4401,#4402,#4403,#4404),
  .UNSPECIFIED.,.F.,.F.,(4,4),(0.,1.27546128866),
  .PIECEWISE_BEZIER_KNOTS.);
#4401 = CARTESIAN_POINT('',(-64.1117631593,69.70097853934,
    35.288940116162));
#4402 = CARTESIAN_POINT('',(-64.35476984801,69.849719195355,
    35.203064658552));
#4403 = CARTESIAN_POINT('',(-64.52388908273,70.092993369659,
    35.062610248112));
#4404 = CARTESIAN_POINT('',(-64.55959466471,70.350978539343,
    34.913662441262));
#4405 = ORIENTED_EDGE('',*,*,#4406,.F.);
#4406 = EDGE_CURVE('',#4407,#4398,#4409,.T.);
#4407 = VERTEX_POINT('',#4408);
#4408 = CARTESIAN_POINT('',(-64.75475182477,70.350978539343,
    33.68383303346));
#4409 = CIRCLE('',#4410,8.);
#4410 = AXIS2_PLACEMENT_3D('',#4411,#4412,#4413);
#4411 = CARTESIAN_POINT('',(-56.78,70.350978539343,33.048747737362));
#4412 = DIRECTION('',(-2.22044604925E-16,1.,-1.110223024625E-16));
#4413 = DIRECTION('',(-1.,-2.22044604925E-16,2.465190328815E-32));
#4414 = ORIENTED_EDGE('',*,*,#4415,.F.);
#4415 = EDGE_CURVE('',#4416,#4407,#4418,.T.);
#4416 = VERTEX_POINT('',#4417);
#4417 = CARTESIAN_POINT('',(-64.44196534305,69.700978539327,
    33.308555358473));
#4418 = B_SPLINE_CURVE_WITH_KNOTS('',4,(#4419,#4420,#4421,#4422,#4423),
  .UNSPECIFIED.,.F.,.F.,(5,5),(0.,1.19692865699),
  .PIECEWISE_BEZIER_KNOTS.);
#4419 = CARTESIAN_POINT('',(-64.44196534301,69.700978539305,
    33.308555358462));
#4420 = CARTESIAN_POINT('',(-64.60175819849,69.817194051453,
    33.375652415563));
#4421 = CARTESIAN_POINT('',(-64.71400630128,69.982584339599,
    33.471124652735));
#4422 = CARTESIAN_POINT('',(-64.76319371187,70.167373208953,
    33.577828446417));
#4423 = CARTESIAN_POINT('',(-64.75475182477,70.350978539343,
    33.68383303346));
#4424 = ORIENTED_EDGE('',*,*,#4425,.T.);
#4425 = EDGE_CURVE('',#4416,#1484,#4426,.T.);
#4426 = B_SPLINE_CURVE_WITH_KNOTS('',4,(#4427,#4428,#4429,#4430,#4431),
  .UNSPECIFIED.,.F.,.F.,(5,5),(0.,0.791708135669),
  .PIECEWISE_BEZIER_KNOTS.);
#4427 = CARTESIAN_POINT('',(-64.44196534302,69.700978539312,
    33.308555358463));
#4428 = CARTESIAN_POINT('',(-64.33489168907,69.62310509814,
    33.263595106229));
#4429 = CARTESIAN_POINT('',(-64.21752816641,69.574288070572,
    33.194356578687));
#4430 = CARTESIAN_POINT('',(-64.09885809131,69.550978539358,
    33.121533156179));
#4431 = CARTESIAN_POINT('',(-63.9800000001,69.550978539343,
    33.048747737362));
#4432 = TOROIDAL_SURFACE('',#4433,7.2,0.8);
#4433 = AXIS2_PLACEMENT_3D('',#4434,#4435,#4436);
#4434 = CARTESIAN_POINT('',(-56.78,70.350978539343,33.048747737362));
#4435 = DIRECTION('',(-2.22044604925E-16,1.,-1.110223024626E-16));
#4436 = DIRECTION('',(4.01900734914E-13,-1.110223024625E-16,-1.));
#4437 = ADVANCED_FACE('',(#4438),#4487,.F.);
#4438 = FACE_BOUND('',#4439,.F.);
#4439 = EDGE_LOOP('',(#4440,#4441,#4451,#4461,#4470,#4480));
#4440 = ORIENTED_EDGE('',*,*,#1501,.T.);
#4441 = ORIENTED_EDGE('',*,*,#4442,.T.);
#4442 = EDGE_CURVE('',#1502,#4443,#4445,.T.);
#4443 = VERTEX_POINT('',#4444);
#4444 = CARTESIAN_POINT('',(-62.80526257827,69.70097853932,
    37.788940116222));
#4445 = B_SPLINE_CURVE_WITH_KNOTS('',4,(#4446,#4447,#4448,#4449,#4450),
  .UNSPECIFIED.,.F.,.F.,(5,5),(0.,1.2648313581),
  .PIECEWISE_BEZIER_KNOTS.);
#4446 = CARTESIAN_POINT('',(-61.9607335381,69.550978539343,
    38.048747737362));
#4447 = CARTESIAN_POINT('',(-62.17243886294,69.550978539276,
    37.983297308942));
#4448 = CARTESIAN_POINT('',(-62.38589891066,69.571060314467,
    37.915449679202));
#4449 = CARTESIAN_POINT('',(-62.60458372449,69.610890058595,
    37.840952724922));
#4450 = CARTESIAN_POINT('',(-62.80526257818,69.700978539575,
    37.788940116072));
#4451 = ORIENTED_EDGE('',*,*,#4452,.F.);
#4452 = EDGE_CURVE('',#4453,#4443,#4455,.T.);
#4453 = VERTEX_POINT('',#4454);
#4454 = CARTESIAN_POINT('',(-63.48429113589,70.350978538968,
    37.413662441482));
#4455 = B_SPLINE_CURVE_WITH_KNOTS('',4,(#4456,#4457,#4458,#4459,#4460),
  .UNSPECIFIED.,.F.,.F.,(5,5),(0.,1.44137144825),
  .PIECEWISE_BEZIER_KNOTS.);
#4456 = CARTESIAN_POINT('',(-63.48429113543,70.350978538968,
    37.413662441152));
#4457 = CARTESIAN_POINT('',(-63.40445483403,70.138586546541,
    37.536287015352));
#4458 = CARTESIAN_POINT('',(-63.23923375255,69.949291083285,
    37.645588377252));
#4459 = CARTESIAN_POINT('',(-63.03436755396,69.803828037138,
    37.729559931112));
#4460 = CARTESIAN_POINT('',(-62.80526257816,69.700978539597,
    37.788940116152));
#4461 = ORIENTED_EDGE('',*,*,#4462,.F.);
#4462 = EDGE_CURVE('',#4463,#4453,#4465,.T.);
#4463 = VERTEX_POINT('',#4464);
#4464 = CARTESIAN_POINT('',(-64.14011142484,70.350978540088,
    36.183833033482));
#4465 = CIRCLE('',#4466,8.);
#4466 = AXIS2_PLACEMENT_3D('',#4467,#4468,#4469);
#4467 = CARTESIAN_POINT('',(-56.78,70.350978539343,33.048747737362));
#4468 = DIRECTION('',(-2.22044604925E-16,1.,-1.110223024625E-16));
#4469 = DIRECTION('',(-1.,-2.22044604925E-16,2.465190328815E-32));
#4470 = ORIENTED_EDGE('',*,*,#4471,.F.);
#4471 = EDGE_CURVE('',#4472,#4463,#4474,.T.);
#4472 = VERTEX_POINT('',#4473);
#4473 = CARTESIAN_POINT('',(-63.93238944708,69.700978539327,
    35.808555358472));
#4474 = B_SPLINE_CURVE_WITH_KNOTS('',4,(#4475,#4476,#4477,#4478,#4479),
  .UNSPECIFIED.,.F.,.F.,(5,5),(0.,1.16519251104),
  .PIECEWISE_BEZIER_KNOTS.);
#4475 = CARTESIAN_POINT('',(-63.9323894478,69.700978539355,
    35.808555358462));
#4476 = CARTESIAN_POINT('',(-64.08150746107,69.818290165498,
    35.876285257502));
#4477 = CARTESIAN_POINT('',(-64.17284493995,69.991094189335,
    35.976135630232));
#4478 = CARTESIAN_POINT('',(-64.18308489024,70.176237053629,
    36.082945987742));
#4479 = CARTESIAN_POINT('',(-64.14011142484,70.350978539343,
    36.183833033482));
#4480 = ORIENTED_EDGE('',*,*,#4481,.T.);
#4481 = EDGE_CURVE('',#4472,#1493,#4482,.T.);
#4482 = B_SPLINE_CURVE_WITH_KNOTS('',3,(#4483,#4484,#4485,#4486),
  .UNSPECIFIED.,.F.,.F.,(4,4),(0.,0.725484844371),
  .PIECEWISE_BEZIER_KNOTS.);
#4483 = CARTESIAN_POINT('',(-63.9323894473,69.700978539039,
    35.808555358542));
#4484 = CARTESIAN_POINT('',(-63.80760578003,69.602810822226,
    35.751878200722));
#4485 = CARTESIAN_POINT('',(-63.66822968882,69.550978539503,
    35.648080690512));
#4486 = CARTESIAN_POINT('',(-63.5320367306,69.550978539343,
    35.548747737362));
#4487 = TOROIDAL_SURFACE('',#4488,7.2,0.8);
#4488 = AXIS2_PLACEMENT_3D('',#4489,#4490,#4491);
#4489 = CARTESIAN_POINT('',(-56.78,70.350978539343,33.048747737362));
#4490 = DIRECTION('',(-2.22044604925E-16,1.,-1.110223024626E-16));
#4491 = DIRECTION('',(4.01900734914E-13,-1.110223024625E-16,-1.));
#4492 = ADVANCED_FACE('',(#4493),#4532,.F.);
#4493 = FACE_BOUND('',#4494,.F.);
#4494 = EDGE_LOOP('',(#4495,#4508,#4515,#4516,#4523,#4524,#4525));
#4495 = ORIENTED_EDGE('',*,*,#4496,.F.);
#4496 = EDGE_CURVE('',#4497,#4499,#4501,.T.);
#4497 = VERTEX_POINT('',#4498);
#4498 = CARTESIAN_POINT('',(-62.35742204784,69.700978539327,
    38.308555358472));
#4499 = VERTEX_POINT('',#4500);
#4500 = CARTESIAN_POINT('',(-62.45853975119,70.350978540088,
    38.683833033452));
#4501 = B_SPLINE_CURVE_WITH_KNOTS('',5,(#4502,#4503,#4504,#4505,#4506,
    #4507),.UNSPECIFIED.,.F.,.F.,(6,6),(0.,1.15833779538),
  .PIECEWISE_BEZIER_KNOTS.);
#4502 = CARTESIAN_POINT('',(-62.35742204813,69.700978539496,
    38.308555359172));
#4503 = CARTESIAN_POINT('',(-62.48255344728,69.792229895359,
    38.361239354122));
#4504 = CARTESIAN_POINT('',(-62.57059540274,69.922141308651,
    38.436253719052));
#4505 = CARTESIAN_POINT('',(-62.57524272756,70.080663346091,
    38.527760959282));
#4506 = CARTESIAN_POINT('',(-62.53279364804,70.221375241525,
    38.609006534322));
#4507 = CARTESIAN_POINT('',(-62.45853975143,70.350978539343,
    38.683833033202));
#4508 = ORIENTED_EDGE('',*,*,#4509,.T.);
#4509 = EDGE_CURVE('',#4497,#1502,#4510,.T.);
#4510 = B_SPLINE_CURVE_WITH_KNOTS('',3,(#4511,#4512,#4513,#4514),
  .UNSPECIFIED.,.F.,.F.,(4,4),(0.,0.721235624049),
  .PIECEWISE_BEZIER_KNOTS.);
#4511 = CARTESIAN_POINT('',(-62.35742204792,69.700978539094,
    38.308555358582));
#4512 = CARTESIAN_POINT('',(-62.22819807854,69.60674270009,
    38.254148271502));
#4513 = CARTESIAN_POINT('',(-62.09438798422,69.550978539238,
    38.151215050682));
#4514 = CARTESIAN_POINT('',(-61.9607335381,69.550978539343,
    38.048747737362));
#4515 = ORIENTED_EDGE('',*,*,#1510,.T.);
#4516 = ORIENTED_EDGE('',*,*,#4517,.T.);
#4517 = EDGE_CURVE('',#1511,#2437,#4518,.T.);
#4518 = CIRCLE('',#4519,0.8);
#4519 = AXIS2_PLACEMENT_3D('',#4520,#4521,#4522);
#4520 = CARTESIAN_POINT('',(-56.78,70.350978539343,40.248747737362));
#4521 = DIRECTION('',(-1.,-2.22044604925E-16,-4.02023199594E-13));
#4522 = DIRECTION('',(-4.02023199594E-13,1.110223024624E-16,1.));
#4523 = ORIENTED_EDGE('',*,*,#2436,.T.);
#4524 = ORIENTED_EDGE('',*,*,#2499,.F.);
#4525 = ORIENTED_EDGE('',*,*,#4526,.F.);
#4526 = EDGE_CURVE('',#4499,#2500,#4527,.T.);
#4527 = CIRCLE('',#4528,8.);
#4528 = AXIS2_PLACEMENT_3D('',#4529,#4530,#4531);
#4529 = CARTESIAN_POINT('',(-56.78,70.350978539343,33.048747737362));
#4530 = DIRECTION('',(-2.22044604925E-16,1.,-1.110223024625E-16));
#4531 = DIRECTION('',(-1.,-2.22044604925E-16,2.465190328815E-32));
#4532 = TOROIDAL_SURFACE('',#4533,7.2,0.8);
#4533 = AXIS2_PLACEMENT_3D('',#4534,#4535,#4536);
#4534 = CARTESIAN_POINT('',(-56.78,70.350978539343,33.048747737362));
#4535 = DIRECTION('',(-2.22044604925E-16,1.,-1.110223024626E-16));
#4536 = DIRECTION('',(4.01900734914E-13,-1.110223024625E-16,-1.));
#4537 = ADVANCED_FACE('',(#4538),#4550,.F.);
#4538 = FACE_BOUND('',#4539,.F.);
#4539 = EDGE_LOOP('',(#4540,#4541,#4542,#4549));
#4540 = ORIENTED_EDGE('',*,*,#4517,.F.);
#4541 = ORIENTED_EDGE('',*,*,#1519,.F.);
#4542 = ORIENTED_EDGE('',*,*,#4543,.T.);
#4543 = EDGE_CURVE('',#1520,#2451,#4544,.T.);
#4544 = B_SPLINE_CURVE_WITH_KNOTS('',3,(#4545,#4546,#4547,#4548),
  .UNSPECIFIED.,.F.,.F.,(4,4),(0.,0.375764006595),
  .PIECEWISE_BEZIER_KNOTS.);
#4545 = CARTESIAN_POINT('',(-49.48000000059,69.550978539343,
    40.248747737362));
#4546 = CARTESIAN_POINT('',(-49.54259024319,69.550978539344,
    40.311337980662));
#4547 = CARTESIAN_POINT('',(-49.60518765296,69.558289890146,
    40.373937375822));
#4548 = CARTESIAN_POINT('',(-49.66689495943,69.573116611863,
    40.435645628662));
#4549 = ORIENTED_EDGE('',*,*,#2450,.F.);
#4550 = CYLINDRICAL_SURFACE('',#4551,0.8);
#4551 = AXIS2_PLACEMENT_3D('',#4552,#4553,#4554);
#4552 = CARTESIAN_POINT('',(-19.9185570145,70.350978539343,
    40.248747737362));
#4553 = DIRECTION('',(-1.,-2.22044604925E-16,-4.00617039642E-13));
#4554 = DIRECTION('',(2.22044604925E-16,-1.,1.110223024626E-16));
#4555 = ADVANCED_FACE('',(#4556),#4561,.F.);
#4556 = FACE_BOUND('',#4557,.F.);
#4557 = EDGE_LOOP('',(#4558,#4559,#4560));
#4558 = ORIENTED_EDGE('',*,*,#4543,.F.);
#4559 = ORIENTED_EDGE('',*,*,#1527,.F.);
#4560 = ORIENTED_EDGE('',*,*,#2458,.F.);
#4561 = CYLINDRICAL_SURFACE('',#4562,0.8);
#4562 = AXIS2_PLACEMENT_3D('',#4563,#4564,#4565);
#4563 = CARTESIAN_POINT('',(-49.48,70.350978539343,44.108577825462));
#4564 = DIRECTION('',(4.00617039642E-13,-1.110223024625E-16,-1.));
#4565 = DIRECTION('',(2.22044604925E-16,-1.,1.110223024626E-16));
#4566 = ADVANCED_FACE('',(#4567),#4593,.F.);
#4567 = FACE_BOUND('',#4568,.F.);
#4568 = EDGE_LOOP('',(#4569,#4577,#4586,#4592));
#4569 = ORIENTED_EDGE('',*,*,#4570,.T.);
#4570 = EDGE_CURVE('',#1544,#4571,#4573,.T.);
#4571 = VERTEX_POINT('',#4572);
#4572 = CARTESIAN_POINT('',(-38.268,63.538978539593,33.048747737359));
#4573 = LINE('',#4574,#4575);
#4574 = CARTESIAN_POINT('',(-38.268,62.866978538613,33.048747737359));
#4575 = VECTOR('',#4576,1.);
#4576 = DIRECTION('',(2.22044604925E-16,-1.,1.110223024626E-16));
#4577 = ORIENTED_EDGE('',*,*,#4578,.F.);
#4578 = EDGE_CURVE('',#4579,#4571,#4581,.T.);
#4579 = VERTEX_POINT('',#4580);
#4580 = CARTESIAN_POINT('',(-31.78,63.538978539593,39.536747737362));
#4581 = CIRCLE('',#4582,6.488);
#4582 = AXIS2_PLACEMENT_3D('',#4583,#4584,#4585);
#4583 = CARTESIAN_POINT('',(-31.78,63.538978539593,33.048747737362));
#4584 = DIRECTION('',(2.22044604925E-16,-1.,1.110223024626E-16));
#4585 = DIRECTION('',(1.089382751298E-44,-1.110223024626E-16,-1.));
#4586 = ORIENTED_EDGE('',*,*,#4587,.F.);
#4587 = EDGE_CURVE('',#1542,#4579,#4588,.T.);
#4588 = LINE('',#4589,#4590);
#4589 = CARTESIAN_POINT('',(-31.78,62.866978538613,39.536747737362));
#4590 = VECTOR('',#4591,1.);
#4591 = DIRECTION('',(2.22044604925E-16,-1.,1.110223024625E-16));
#4592 = ORIENTED_EDGE('',*,*,#1541,.T.);
#4593 = CYLINDRICAL_SURFACE('',#4594,6.488);
#4594 = AXIS2_PLACEMENT_3D('',#4595,#4596,#4597);
#4595 = CARTESIAN_POINT('',(-31.78,62.866978539343,33.048747737362));
#4596 = DIRECTION('',(2.22044604925E-16,-1.,1.110223024626E-16));
#4597 = DIRECTION('',(1.,2.22044604925E-16,4.00617039642E-13));
#4598 = ADVANCED_FACE('',(#4599),#4618,.F.);
#4599 = FACE_BOUND('',#4600,.F.);
#4600 = EDGE_LOOP('',(#4601,#4602,#4603,#4611));
#4601 = ORIENTED_EDGE('',*,*,#4570,.F.);
#4602 = ORIENTED_EDGE('',*,*,#1563,.T.);
#4603 = ORIENTED_EDGE('',*,*,#4604,.T.);
#4604 = EDGE_CURVE('',#1564,#4605,#4607,.T.);
#4605 = VERTEX_POINT('',#4606);
#4606 = CARTESIAN_POINT('',(-31.78,63.538978539593,26.560747737362));
#4607 = LINE('',#4608,#4609);
#4608 = CARTESIAN_POINT('',(-31.78,62.866978538613,26.560747737362));
#4609 = VECTOR('',#4610,1.);
#4610 = DIRECTION('',(2.22044604925E-16,-1.,1.110223024625E-16));
#4611 = ORIENTED_EDGE('',*,*,#4612,.F.);
#4612 = EDGE_CURVE('',#4571,#4605,#4613,.T.);
#4613 = CIRCLE('',#4614,6.488);
#4614 = AXIS2_PLACEMENT_3D('',#4615,#4616,#4617);
#4615 = CARTESIAN_POINT('',(-31.78,63.538978539593,33.048747737362));
#4616 = DIRECTION('',(2.22044604925E-16,-1.,1.110223024626E-16));
#4617 = DIRECTION('',(1.089382751298E-44,-1.110223024626E-16,-1.));
#4618 = CYLINDRICAL_SURFACE('',#4619,6.488);
#4619 = AXIS2_PLACEMENT_3D('',#4620,#4621,#4622);
#4620 = CARTESIAN_POINT('',(-31.78,62.866978539343,33.048747737362));
#4621 = DIRECTION('',(2.22044604925E-16,-1.,1.110223024626E-16));
#4622 = DIRECTION('',(-1.,-2.22044604925E-16,-4.00494574962E-13));
#4623 = ADVANCED_FACE('',(#4624),#4643,.F.);
#4624 = FACE_BOUND('',#4625,.F.);
#4625 = EDGE_LOOP('',(#4626,#4634,#4641,#4642));
#4626 = ORIENTED_EDGE('',*,*,#4627,.T.);
#4627 = EDGE_CURVE('',#1584,#4628,#4630,.T.);
#4628 = VERTEX_POINT('',#4629);
#4629 = CARTESIAN_POINT('',(-25.292,63.538978539593,33.048747737365));
#4630 = LINE('',#4631,#4632);
#4631 = CARTESIAN_POINT('',(-25.292,62.866978538613,33.048747737365));
#4632 = VECTOR('',#4633,1.);
#4633 = DIRECTION('',(2.22044604925E-16,-1.,1.110223024626E-16));
#4634 = ORIENTED_EDGE('',*,*,#4635,.F.);
#4635 = EDGE_CURVE('',#4605,#4628,#4636,.T.);
#4636 = CIRCLE('',#4637,6.488);
#4637 = AXIS2_PLACEMENT_3D('',#4638,#4639,#4640);
#4638 = CARTESIAN_POINT('',(-31.78,63.538978539593,33.048747737362));
#4639 = DIRECTION('',(2.22044604925E-16,-1.,1.110223024626E-16));
#4640 = DIRECTION('',(1.089382751298E-44,-1.110223024626E-16,-1.));
#4641 = ORIENTED_EDGE('',*,*,#4604,.F.);
#4642 = ORIENTED_EDGE('',*,*,#1583,.T.);
#4643 = CYLINDRICAL_SURFACE('',#4644,6.488);
#4644 = AXIS2_PLACEMENT_3D('',#4645,#4646,#4647);
#4645 = CARTESIAN_POINT('',(-31.78,62.866978539343,33.048747737362));
#4646 = DIRECTION('',(2.22044604925E-16,-1.,1.110223024626E-16));
#4647 = DIRECTION('',(-1.,-2.22044604925E-16,-3.99162307332E-13));
#4648 = ADVANCED_FACE('',(#4649),#4661,.F.);
#4649 = FACE_BOUND('',#4650,.F.);
#4650 = EDGE_LOOP('',(#4651,#4652,#4653,#4654));
#4651 = ORIENTED_EDGE('',*,*,#4627,.F.);
#4652 = ORIENTED_EDGE('',*,*,#1603,.T.);
#4653 = ORIENTED_EDGE('',*,*,#4587,.T.);
#4654 = ORIENTED_EDGE('',*,*,#4655,.F.);
#4655 = EDGE_CURVE('',#4628,#4579,#4656,.T.);
#4656 = CIRCLE('',#4657,6.488);
#4657 = AXIS2_PLACEMENT_3D('',#4658,#4659,#4660);
#4658 = CARTESIAN_POINT('',(-31.78,63.538978539593,33.048747737362));
#4659 = DIRECTION('',(2.22044604925E-16,-1.,1.110223024626E-16));
#4660 = DIRECTION('',(1.089382751298E-44,-1.110223024626E-16,-1.));
#4661 = CYLINDRICAL_SURFACE('',#4662,6.488);
#4662 = AXIS2_PLACEMENT_3D('',#4663,#4664,#4665);
#4663 = CARTESIAN_POINT('',(-31.78,62.866978539343,33.048747737362));
#4664 = DIRECTION('',(2.22044604925E-16,-1.,1.110223024626E-16));
#4665 = DIRECTION('',(1.,2.22044604925E-16,3.99039842652E-13));
#4666 = ADVANCED_FACE('',(#4667),#4678,.F.);
#4667 = FACE_BOUND('',#4668,.T.);
#4668 = EDGE_LOOP('',(#4669,#4675,#4676,#4677));
#4669 = ORIENTED_EDGE('',*,*,#4670,.T.);
#4670 = EDGE_CURVE('',#1751,#2164,#4671,.T.);
#4671 = LINE('',#4672,#4673);
#4672 = CARTESIAN_POINT('',(-8.9,51.550978539343,53.048747737362));
#4673 = VECTOR('',#4674,1.);
#4674 = DIRECTION('',(1.,2.22044604925E-16,4.00810697763E-13));
#4675 = ORIENTED_EDGE('',*,*,#2163,.F.);
#4676 = ORIENTED_EDGE('',*,*,#1639,.T.);
#4677 = ORIENTED_EDGE('',*,*,#1758,.F.);
#4678 = PLANE('',#4679);
#4679 = AXIS2_PLACEMENT_3D('',#4680,#4681,#4682);
#4680 = CARTESIAN_POINT('',(-17.9,51.550978539343,48.048747737362));
#4681 = DIRECTION('',(2.22044604925E-16,-1.,1.110223024626E-16));
#4682 = DIRECTION('',(1.,2.22044604925E-16,4.00617039642E-13));
#4683 = ADVANCED_FACE('',(#4684),#4696,.F.);
#4684 = FACE_BOUND('',#4685,.F.);
#4685 = EDGE_LOOP('',(#4686,#4687,#4688,#4689,#4695));
#4686 = ORIENTED_EDGE('',*,*,#3305,.F.);
#4687 = ORIENTED_EDGE('',*,*,#1673,.F.);
#4688 = ORIENTED_EDGE('',*,*,#1767,.T.);
#4689 = ORIENTED_EDGE('',*,*,#4690,.T.);
#4690 = EDGE_CURVE('',#1768,#3270,#4691,.T.);
#4691 = LINE('',#4692,#4693);
#4692 = CARTESIAN_POINT('',(-19.9,19.688175087243,24.048747737362));
#4693 = VECTOR('',#4694,1.);
#4694 = DIRECTION('',(2.22044604925E-16,-1.,1.110223024625E-16));
#4695 = ORIENTED_EDGE('',*,*,#3269,.T.);
#4696 = CYLINDRICAL_SURFACE('',#4697,1.);
#4697 = AXIS2_PLACEMENT_3D('',#4698,#4699,#4700);
#4698 = CARTESIAN_POINT('',(-20.9,19.688175087843,24.048747737362));
#4699 = DIRECTION('',(2.22044604925E-16,-1.,1.110223024626E-16));
#4700 = DIRECTION('',(4.00433342622E-13,-1.110223024625E-16,-1.));
#4701 = ADVANCED_FACE('',(#4702),#4728,.F.);
#4702 = FACE_BOUND('',#4703,.F.);
#4703 = EDGE_LOOP('',(#4704,#4715,#4721,#4722));
#4704 = ORIENTED_EDGE('',*,*,#4705,.T.);
#4705 = EDGE_CURVE('',#4706,#4708,#4710,.T.);
#4706 = VERTEX_POINT('',#4707);
#4707 = CARTESIAN_POINT('',(-11.6,39.810574176743,38.802354586062));
#4708 = VERTEX_POINT('',#4709);
#4709 = CARTESIAN_POINT('',(-11.5999999996,40.065363639543,
    38.043071797622));
#4710 = CIRCLE('',#4711,2.);
#4711 = AXIS2_PLACEMENT_3D('',#4712,#4713,#4714);
#4712 = CARTESIAN_POINT('',(-11.5999999996,38.080271336243,
    37.799333110562));
#4713 = DIRECTION('',(-1.,4.337631898997E-17,5.78968728718E-17));
#4714 = DIRECTION('',(4.337631898997E-17,1.,-1.110223024625E-16));
#4715 = ORIENTED_EDGE('',*,*,#4716,.T.);
#4716 = EDGE_CURVE('',#4708,#1692,#4717,.T.);
#4717 = LINE('',#4718,#4719);
#4718 = CARTESIAN_POINT('',(-15.7500000007,40.065363639543,
    38.043071797622));
#4719 = VECTOR('',#4720,1.);
#4720 = DIRECTION('',(-1.,4.337614711897E-17,5.78968872844E-17));
#4721 = ORIENTED_EDGE('',*,*,#1689,.F.);
#4722 = ORIENTED_EDGE('',*,*,#4723,.F.);
#4723 = EDGE_CURVE('',#4706,#1690,#4724,.T.);
#4724 = LINE('',#4725,#4726);
#4725 = CARTESIAN_POINT('',(-15.7500000007,39.810574177343,
    38.802354584882));
#4726 = VECTOR('',#4727,1.);
#4727 = DIRECTION('',(-1.,4.337614711897E-17,5.78968872844E-17));
#4728 = CYLINDRICAL_SURFACE('',#4729,2.);
#4729 = AXIS2_PLACEMENT_3D('',#4730,#4731,#4732);
#4730 = CARTESIAN_POINT('',(-15.75,38.080271336243,37.799333110562));
#4731 = DIRECTION('',(-1.,4.337631898997E-17,5.78968728718E-17));
#4732 = DIRECTION('',(6.656298738641E-17,0.86515142057,0.501510737159));
#4733 = ADVANCED_FACE('',(#4734),#4752,.F.);
#4734 = FACE_BOUND('',#4735,.T.);
#4735 = EDGE_LOOP('',(#4736,#4737,#4745,#4751));
#4736 = ORIENTED_EDGE('',*,*,#4723,.F.);
#4737 = ORIENTED_EDGE('',*,*,#4738,.F.);
#4738 = EDGE_CURVE('',#4739,#4706,#4741,.T.);
#4739 = VERTEX_POINT('',#4740);
#4740 = CARTESIAN_POINT('',(-11.5999999996,35.281500667943,
    46.615416380462));
#4741 = LINE('',#4742,#4743);
#4742 = CARTESIAN_POINT('',(-11.6,37.546037422443,42.708885483122));
#4743 = VECTOR('',#4744,1.);
#4744 = DIRECTION('',(-1.113577534981E-16,0.501510737159,-0.86515142057)
  );
#4745 = ORIENTED_EDGE('',*,*,#4746,.T.);
#4746 = EDGE_CURVE('',#4739,#1701,#4747,.T.);
#4747 = LINE('',#4748,#4749);
#4748 = CARTESIAN_POINT('',(-15.7500000004,35.281500668143,
    46.615416380162));
#4749 = VECTOR('',#4750,1.);
#4750 = DIRECTION('',(-1.,-2.22044604925E-16,2.465190328815E-32));
#4751 = ORIENTED_EDGE('',*,*,#1700,.F.);
#4752 = PLANE('',#4753);
#4753 = AXIS2_PLACEMENT_3D('',#4754,#4755,#4756);
#4754 = CARTESIAN_POINT('',(-11.6,35.432216708943,46.355417566262));
#4755 = DIRECTION('',(-8.615171358279E-17,0.86515142057,0.501510737159)
  );
#4756 = DIRECTION('',(-4.994040159813E-17,0.501510737159,-0.86515142057)
  );
#4757 = ADVANCED_FACE('',(#4758),#4777,.T.);
#4758 = FACE_BOUND('',#4759,.T.);
#4759 = EDGE_LOOP('',(#4760,#4761,#4762,#4771));
#4760 = ORIENTED_EDGE('',*,*,#1708,.F.);
#4761 = ORIENTED_EDGE('',*,*,#4746,.F.);
#4762 = ORIENTED_EDGE('',*,*,#4763,.T.);
#4763 = EDGE_CURVE('',#4739,#4764,#4766,.T.);
#4764 = VERTEX_POINT('',#4765);
#4765 = CARTESIAN_POINT('',(-11.6,36.011803509343,49.350488662462));
#4766 = CIRCLE('',#4767,2.);
#4767 = AXIS2_PLACEMENT_3D('',#4768,#4769,#4770);
#4768 = CARTESIAN_POINT('',(-11.5999999996,37.011803509043,
    47.618437854762));
#4769 = DIRECTION('',(-1.,-1.667953369715E-16,-9.61126444164E-17));
#4770 = DIRECTION('',(-9.61126444164E-17,1.110223024625E-16,1.));
#4771 = ORIENTED_EDGE('',*,*,#4772,.T.);
#4772 = EDGE_CURVE('',#4764,#1709,#4773,.T.);
#4773 = LINE('',#4774,#4775);
#4774 = CARTESIAN_POINT('',(-15.7500000007,36.011803509143,
    49.350488662362));
#4775 = VECTOR('',#4776,1.);
#4776 = DIRECTION('',(-1.,-1.667956439632E-16,-9.61126289667E-17));
#4777 = CYLINDRICAL_SURFACE('',#4778,2.);
#4778 = AXIS2_PLACEMENT_3D('',#4779,#4780,#4781);
#4779 = CARTESIAN_POINT('',(-15.75,37.011803509043,47.618437854762));
#4780 = DIRECTION('',(-1.,-1.667953369715E-16,-9.61126444164E-17));
#4781 = DIRECTION('',(1.925047458769E-16,-0.86515142057,-0.501510737159)
  );
#4782 = ADVANCED_FACE('',(#4783),#4801,.T.);
#4783 = FACE_BOUND('',#4784,.T.);
#4784 = EDGE_LOOP('',(#4785,#4793,#4799,#4800));
#4785 = ORIENTED_EDGE('',*,*,#4786,.T.);
#4786 = EDGE_CURVE('',#4764,#4787,#4789,.T.);
#4787 = VERTEX_POINT('',#4788);
#4788 = CARTESIAN_POINT('',(-11.6,39.009986990643,51.081490702462));
#4789 = LINE('',#4790,#4791);
#4790 = CARTESIAN_POINT('',(-11.6,37.510895250143,50.215989682562));
#4791 = VECTOR('',#4792,1.);
#4792 = DIRECTION('',(-1.922962686385E-16,0.866025403784,0.5));
#4793 = ORIENTED_EDGE('',*,*,#4794,.T.);
#4794 = EDGE_CURVE('',#4787,#1718,#4795,.T.);
#4795 = LINE('',#4796,#4797);
#4796 = CARTESIAN_POINT('',(-15.7500000004,39.009986990943,
    51.081490702662));
#4797 = VECTOR('',#4798,1.);
#4798 = DIRECTION('',(-1.,-2.22044604925E-16,2.465190328815E-32));
#4799 = ORIENTED_EDGE('',*,*,#1717,.T.);
#4800 = ORIENTED_EDGE('',*,*,#4772,.F.);
#4801 = PLANE('',#4802);
#4802 = AXIS2_PLACEMENT_3D('',#4803,#4804,#4805);
#4803 = CARTESIAN_POINT('',(-11.6,36.272064976243,49.500750690462));
#4804 = DIRECTION('',(4.978996250517E-17,-0.5,0.866025403784));
#4805 = DIRECTION('',(-8.623874476635E-17,0.866025403784,0.5));
#4806 = ADVANCED_FACE('',(#4807),#4826,.F.);
#4807 = FACE_BOUND('',#4808,.F.);
#4808 = EDGE_LOOP('',(#4809,#4810,#4818,#4825));
#4809 = ORIENTED_EDGE('',*,*,#1725,.F.);
#4810 = ORIENTED_EDGE('',*,*,#4811,.F.);
#4811 = EDGE_CURVE('',#4812,#1726,#4814,.T.);
#4812 = VERTEX_POINT('',#4813);
#4813 = CARTESIAN_POINT('',(-11.6,42.109986990843,56.450848205462));
#4814 = LINE('',#4815,#4816);
#4815 = CARTESIAN_POINT('',(-15.6000000003,42.109986990843,
    56.450848206062));
#4816 = VECTOR('',#4817,1.);
#4817 = DIRECTION('',(-1.,-9.957972224603E-17,1.105557004233E-32));
#4818 = ORIENTED_EDGE('',*,*,#4819,.T.);
#4819 = EDGE_CURVE('',#4812,#4787,#4820,.T.);
#4820 = CIRCLE('',#4821,6.2);
#4821 = AXIS2_PLACEMENT_3D('',#4822,#4823,#4824);
#4822 = CARTESIAN_POINT('',(-11.6,35.909986990843,56.450848206062));
#4823 = DIRECTION('',(-1.,-9.957992501003E-17,1.105559255366E-32));
#4824 = DIRECTION('',(-9.957992501003E-17,1.,-1.110223024625E-16));
#4825 = ORIENTED_EDGE('',*,*,#4794,.T.);
#4826 = CYLINDRICAL_SURFACE('',#4827,6.2);
#4827 = AXIS2_PLACEMENT_3D('',#4828,#4829,#4830);
#4828 = CARTESIAN_POINT('',(-15.6,35.909986990843,56.450848206062));
#4829 = DIRECTION('',(-1.,-9.957992501003E-17,1.105559255366E-32));
#4830 = DIRECTION('',(-9.957992501003E-17,1.,1.144237745248E-17));
#4831 = ADVANCED_FACE('',(#4832),#4859,.F.);
#4832 = FACE_BOUND('',#4833,.T.);
#4833 = EDGE_LOOP('',(#4834,#4845,#4851,#4852,#4853));
#4834 = ORIENTED_EDGE('',*,*,#4835,.T.);
#4835 = EDGE_CURVE('',#4836,#4838,#4840,.T.);
#4836 = VERTEX_POINT('',#4837);
#4837 = CARTESIAN_POINT('',(-11.6,42.109986992243,57.248747737362));
#4838 = VERTEX_POINT('',#4839);
#4839 = CARTESIAN_POINT('',(-11.8000000004,42.109986990843,
    57.048747737362));
#4840 = CIRCLE('',#4841,0.200000000632);
#4841 = AXIS2_PLACEMENT_3D('',#4842,#4843,#4844);
#4842 = CARTESIAN_POINT('',(-11.8000000006,42.109986990843,
    57.248747737962));
#4843 = DIRECTION('',(-9.957992501003E-17,1.,-1.110223024625E-16));
#4844 = DIRECTION('',(-1.,-9.957992501003E-17,1.105559255366E-32));
#4845 = ORIENTED_EDGE('',*,*,#4846,.F.);
#4846 = EDGE_CURVE('',#1735,#4838,#4847,.T.);
#4847 = LINE('',#4848,#4849);
#4848 = CARTESIAN_POINT('',(-15.8500000009,42.109986990843,
    57.048747737362));
#4849 = VECTOR('',#4850,1.);
#4850 = DIRECTION('',(1.,2.22044604925E-16,-2.465190328815E-32));
#4851 = ORIENTED_EDGE('',*,*,#1734,.F.);
#4852 = ORIENTED_EDGE('',*,*,#4811,.F.);
#4853 = ORIENTED_EDGE('',*,*,#4854,.F.);
#4854 = EDGE_CURVE('',#4836,#4812,#4855,.T.);
#4855 = LINE('',#4856,#4857);
#4856 = CARTESIAN_POINT('',(-11.6,42.109986990843,56.849797971062));
#4857 = VECTOR('',#4858,1.);
#4858 = DIRECTION('',(0.,-1.110223024625E-16,-1.));
#4859 = PLANE('',#4860);
#4860 = AXIS2_PLACEMENT_3D('',#4861,#4862,#4863);
#4861 = CARTESIAN_POINT('',(-11.6,42.109986990843,64.048747737362));
#4862 = DIRECTION('',(-9.957992501003E-17,1.,-1.110223024625E-16));
#4863 = DIRECTION('',(0.,-1.110223024625E-16,-1.));
#4864 = ADVANCED_FACE('',(#4865),#4883,.T.);
#4865 = FACE_BOUND('',#4866,.T.);
#4866 = EDGE_LOOP('',(#4867,#4875,#4876,#4877));
#4867 = ORIENTED_EDGE('',*,*,#4868,.T.);
#4868 = EDGE_CURVE('',#4869,#1743,#4871,.T.);
#4869 = VERTEX_POINT('',#4870);
#4870 = CARTESIAN_POINT('',(-11.8000000004,47.550978539643,
    57.048747737362));
#4871 = LINE('',#4872,#4873);
#4872 = CARTESIAN_POINT('',(-15.8500000002,47.550978539643,
    57.048747737362));
#4873 = VECTOR('',#4874,1.);
#4874 = DIRECTION('',(-1.,-2.22044604925E-16,-4.00886457108E-13));
#4875 = ORIENTED_EDGE('',*,*,#1742,.T.);
#4876 = ORIENTED_EDGE('',*,*,#4846,.T.);
#4877 = ORIENTED_EDGE('',*,*,#4878,.T.);
#4878 = EDGE_CURVE('',#4838,#4869,#4879,.T.);
#4879 = LINE('',#4880,#4881);
#4880 = CARTESIAN_POINT('',(-11.8000000004,44.830482765243,
    57.048747737362));
#4881 = VECTOR('',#4882,1.);
#4882 = DIRECTION('',(-2.22044604925E-16,1.,-1.110223024625E-16));
#4883 = PLANE('',#4884);
#4884 = AXIS2_PLACEMENT_3D('',#4885,#4886,#4887);
#4885 = CARTESIAN_POINT('',(-17.9,0.762862209343,57.048747737362));
#4886 = DIRECTION('',(-4.00617039642E-13,1.110223024625E-16,1.));
#4887 = DIRECTION('',(-2.22044604925E-16,1.,-1.110223024626E-16));
#4888 = ADVANCED_FACE('',(#4889),#4926,.T.);
#4889 = FACE_BOUND('',#4890,.T.);
#4890 = EDGE_LOOP('',(#4891,#4899,#4900,#4901,#4902,#4903,#4920));
#4891 = ORIENTED_EDGE('',*,*,#4892,.T.);
#4892 = EDGE_CURVE('',#4893,#2172,#4895,.T.);
#4893 = VERTEX_POINT('',#4894);
#4894 = CARTESIAN_POINT('',(-11.5999999993,46.550978539343,
    58.048747737362));
#4895 = LINE('',#4896,#4897);
#4896 = CARTESIAN_POINT('',(-4.7500000002,46.550978539343,
    58.048747737362));
#4897 = VECTOR('',#4898,1.);
#4898 = DIRECTION('',(1.,2.22044604925E-16,4.00652746956E-13));
#4899 = ORIENTED_EDGE('',*,*,#2171,.T.);
#4900 = ORIENTED_EDGE('',*,*,#4670,.F.);
#4901 = ORIENTED_EDGE('',*,*,#1750,.F.);
#4902 = ORIENTED_EDGE('',*,*,#4868,.F.);
#4903 = ORIENTED_EDGE('',*,*,#4904,.T.);
#4904 = EDGE_CURVE('',#4869,#4905,#4907,.T.);
#4905 = VERTEX_POINT('',#4906);
#4906 = CARTESIAN_POINT('',(-11.6000000007,47.350978539343,
    57.248747737362));
#4907 = B_SPLINE_CURVE_WITH_KNOTS('',5,(#4908,#4909,#4910,#4911,#4912,
    #4913,#4914,#4915,#4916,#4917,#4918,#4919),.UNSPECIFIED.,.F.,.F.,(6,
    3,3,6),(0.,0.140833623824,0.356092860957,0.538483045757),
  .UNSPECIFIED.);
#4908 = CARTESIAN_POINT('',(-11.8,47.550978539343,57.048747737362));
#4909 = CARTESIAN_POINT('',(-11.7802111731,47.550978539343,
    57.048747737362));
#4910 = CARTESIAN_POINT('',(-11.7604251744,47.548241913143,
    57.051484363562));
#4911 = CARTESIAN_POINT('',(-11.7404861377,47.542939421743,
    57.056786854962));
#4912 = CARTESIAN_POINT('',(-11.6962708643,47.525675814943,
    57.074050461762));
#4913 = CARTESIAN_POINT('',(-11.6616166937,47.499188588643,
    57.100537688062));
#4914 = CARTESIAN_POINT('',(-11.6439884836,47.479961195143,
    57.119765081562));
#4915 = CARTESIAN_POINT('',(-11.6199754286,47.443985060943,
    57.155741215762));
#4916 = CARTESIAN_POINT('',(-11.6065939855,47.405422365543,
    57.194303911162));
#4917 = CARTESIAN_POINT('',(-11.6023512188,47.387198998343,
    57.212527278362));
#4918 = CARTESIAN_POINT('',(-11.6000000007,47.369100290443,
    57.230625986262));
#4919 = CARTESIAN_POINT('',(-11.6000000007,47.350978539343,
    57.248747737362));
#4920 = ORIENTED_EDGE('',*,*,#4921,.T.);
#4921 = EDGE_CURVE('',#4905,#4893,#4922,.T.);
#4922 = LINE('',#4923,#4924);
#4923 = CARTESIAN_POINT('',(-11.6000000007,46.950978539343,
    57.648747737362));
#4924 = VECTOR('',#4925,1.);
#4925 = DIRECTION('',(-2.824596333146E-13,-0.707106781187,0.707106781187
    ));
#4926 = PLANE('',#4927);
#4927 = AXIS2_PLACEMENT_3D('',#4928,#4929,#4930);
#4928 = CARTESIAN_POINT('',(-24.3,46.550978539343,58.048747737362));
#4929 = DIRECTION('',(-2.834360346353E-13,0.707106781187,0.707106781187)
  );
#4930 = DIRECTION('',(1.,2.220446046797E-16,4.006170396418E-13));
#4931 = ADVANCED_FACE('',(#4932),#4958,.F.);
#4932 = FACE_BOUND('',#4933,.F.);
#4933 = EDGE_LOOP('',(#4934,#4935,#4943,#4952));
#4934 = ORIENTED_EDGE('',*,*,#1775,.F.);
#4935 = ORIENTED_EDGE('',*,*,#4936,.F.);
#4936 = EDGE_CURVE('',#4937,#1776,#4939,.T.);
#4937 = VERTEX_POINT('',#4938);
#4938 = CARTESIAN_POINT('',(-11.6,40.929611519143,31.004337666472));
#4939 = LINE('',#4940,#4941);
#4940 = CARTESIAN_POINT('',(-15.6000000003,40.929611519143,
    31.004337666472));
#4941 = VECTOR('',#4942,1.);
#4942 = DIRECTION('',(-1.,-9.957972224603E-17,1.105557004233E-32));
#4943 = ORIENTED_EDGE('',*,*,#4944,.T.);
#4944 = EDGE_CURVE('',#4937,#4945,#4947,.T.);
#4945 = VERTEX_POINT('',#4946);
#4946 = CARTESIAN_POINT('',(-11.6,34.775825378443,24.048747737362));
#4947 = CIRCLE('',#4948,6.2);
#4948 = AXIS2_PLACEMENT_3D('',#4949,#4950,#4951);
#4949 = CARTESIAN_POINT('',(-11.6,34.775825378943,30.248747737362));
#4950 = DIRECTION('',(-1.,-9.957992501103E-17,-1.937458485565E-29));
#4951 = DIRECTION('',(-9.957992501103E-17,1.,-1.110223024625E-16));
#4952 = ORIENTED_EDGE('',*,*,#4953,.T.);
#4953 = EDGE_CURVE('',#4945,#1768,#4954,.T.);
#4954 = LINE('',#4955,#4956);
#4955 = CARTESIAN_POINT('',(-15.6000000003,34.775825378443,
    24.048747737362));
#4956 = VECTOR('',#4957,1.);
#4957 = DIRECTION('',(-1.,-9.957972224603E-17,1.105557004233E-32));
#4958 = CYLINDRICAL_SURFACE('',#4959,6.2);
#4959 = AXIS2_PLACEMENT_3D('',#4960,#4961,#4962);
#4960 = CARTESIAN_POINT('',(-15.6,34.775825378943,30.248747737362));
#4961 = DIRECTION('',(-1.,-9.957992501103E-17,-1.937458485565E-29));
#4962 = DIRECTION('',(-9.883767135043E-17,0.992546151641,0.121869343405)
  );
#4963 = ADVANCED_FACE('',(#4964),#4975,.F.);
#4964 = FACE_BOUND('',#4965,.T.);
#4965 = EDGE_LOOP('',(#4966,#4967,#4968,#4969));
#4966 = ORIENTED_EDGE('',*,*,#4716,.T.);
#4967 = ORIENTED_EDGE('',*,*,#1784,.F.);
#4968 = ORIENTED_EDGE('',*,*,#4936,.F.);
#4969 = ORIENTED_EDGE('',*,*,#4970,.F.);
#4970 = EDGE_CURVE('',#4708,#4937,#4971,.T.);
#4971 = LINE('',#4972,#4973);
#4972 = CARTESIAN_POINT('',(-11.6,40.497487579243,34.523704732272));
#4973 = VECTOR('',#4974,1.);
#4974 = DIRECTION('',(-2.706043020887E-17,0.121869343405,-0.992546151641
    ));
#4975 = PLANE('',#4976);
#4976 = AXIS2_PLACEMENT_3D('',#4977,#4978,#4979);
#4977 = CARTESIAN_POINT('',(-11.6,40.169966198043,37.191152323562));
#4978 = DIRECTION('',(-9.883767135008E-17,0.992546151641,0.121869343405)
  );
#4979 = DIRECTION('',(-1.213574007734E-17,0.121869343405,-0.992546151641
    ));
#4980 = ADVANCED_FACE('',(#4981),#5025,.T.);
#4981 = FACE_BOUND('',#4982,.T.);
#4982 = EDGE_LOOP('',(#4983,#4993,#5001,#5007,#5008,#5016));
#4983 = ORIENTED_EDGE('',*,*,#4984,.T.);
#4984 = EDGE_CURVE('',#4985,#4987,#4989,.T.);
#4985 = VERTEX_POINT('',#4986);
#4986 = CARTESIAN_POINT('',(-11.5999998298,16.701015139643,
    58.013743024462));
#4987 = VERTEX_POINT('',#4988);
#4988 = CARTESIAN_POINT('',(-11.5999999993,15.550978539343,
    57.048747737362));
#4989 = LINE('',#4990,#4991);
#4990 = CARTESIAN_POINT('',(-11.5999999993,16.125997256843,
    57.531245731162));
#4991 = VECTOR('',#4992,1.);
#4992 = DIRECTION('',(2.557495587524E-13,-0.766044443119,-0.642787609687
    ));
#4993 = ORIENTED_EDGE('',*,*,#4994,.T.);
#4994 = EDGE_CURVE('',#4987,#4995,#4997,.T.);
#4995 = VERTEX_POINT('',#4996);
#4996 = CARTESIAN_POINT('',(1.1,15.550978539343,57.048747737362));
#4997 = LINE('',#4998,#4999);
#4998 = CARTESIAN_POINT('',(-5.2499999996,15.550978539343,
    57.048747737362));
#4999 = VECTOR('',#5000,1.);
#5000 = DIRECTION('',(1.,2.22044604925E-16,4.00589447901E-13));
#5001 = ORIENTED_EDGE('',*,*,#5002,.T.);
#5002 = EDGE_CURVE('',#4995,#1801,#5003,.T.);
#5003 = LINE('',#5004,#5005);
#5004 = CARTESIAN_POINT('',(1.6,16.050978539343,57.468297552962));
#5005 = VECTOR('',#5006,1.);
#5006 = DIRECTION('',(0.608120402387,0.608120402426,0.510273605387));
#5007 = ORIENTED_EDGE('',*,*,#1798,.F.);
#5008 = ORIENTED_EDGE('',*,*,#5009,.F.);
#5009 = EDGE_CURVE('',#5010,#1799,#5012,.T.);
#5010 = VERTEX_POINT('',#5011);
#5011 = CARTESIAN_POINT('',(-11.3124895912,16.742732131643,
    58.048747737362));
#5012 = LINE('',#5013,#5014);
#5013 = CARTESIAN_POINT('',(-4.6062447956,16.742732132343,
    58.048747737662));
#5014 = VECTOR('',#5015,1.);
#5015 = DIRECTION('',(1.,2.22044604925E-16,4.00500074638E-13));
#5016 = ORIENTED_EDGE('',*,*,#5017,.T.);
#5017 = EDGE_CURVE('',#5010,#4985,#5018,.T.);
#5018 = B_SPLINE_CURVE_WITH_KNOTS('',5,(#5019,#5020,#5021,#5022,#5023,
    #5024),.UNSPECIFIED.,.F.,.F.,(6,6),(0.,0.413894717565),
  .PIECEWISE_BEZIER_KNOTS.);
#5019 = CARTESIAN_POINT('',(-11.3124895912,16.742732132343,
    58.048747737662));
#5020 = CARTESIAN_POINT('',(-11.3695642952,16.732828677743,
    58.040437752562));
#5021 = CARTESIAN_POINT('',(-11.4268772722,16.723714408443,
    58.032789972562));
#5022 = CARTESIAN_POINT('',(-11.4844434879,16.715374363743,
    58.025791844162));
#5023 = CARTESIAN_POINT('',(-11.542145121,16.707812869843,
    58.019446997362));
#5024 = CARTESIAN_POINT('',(-11.5999998298,16.701015139643,
    58.013743024462));
#5025 = PLANE('',#5026);
#5026 = AXIS2_PLACEMENT_3D('',#5027,#5028,#5029);
#5027 = CARTESIAN_POINT('',(-22.9,15.550978539343,57.048747737362));
#5028 = DIRECTION('',(-3.067477295149E-13,-0.642787609687,0.766044443119
    ));
#5029 = DIRECTION('',(1.,2.220446053533E-16,4.006170396415E-13));
#5030 = ADVANCED_FACE('',(#5031),#5049,.T.);
#5031 = FACE_BOUND('',#5032,.T.);
#5032 = EDGE_LOOP('',(#5033,#5041,#5047,#5048));
#5033 = ORIENTED_EDGE('',*,*,#5034,.T.);
#5034 = EDGE_CURVE('',#4995,#5035,#5037,.T.);
#5035 = VERTEX_POINT('',#5036);
#5036 = CARTESIAN_POINT('',(1.1000000001,15.550978538443,13.748747737462
    ));
#5037 = LINE('',#5038,#5039);
#5038 = CARTESIAN_POINT('',(1.1,15.550978539343,35.398747737002));
#5039 = VECTOR('',#5040,1.);
#5040 = DIRECTION('',(4.00562313617E-13,-1.110223024624E-16,-1.));
#5041 = ORIENTED_EDGE('',*,*,#5042,.F.);
#5042 = EDGE_CURVE('',#1809,#5035,#5043,.T.);
#5043 = LINE('',#5044,#5045);
#5044 = CARTESIAN_POINT('',(1.6,16.050978539343,14.248747736662));
#5045 = VECTOR('',#5046,1.);
#5046 = DIRECTION('',(-0.577350269191,-0.577350269191,-0.577350269187));
#5047 = ORIENTED_EDGE('',*,*,#1808,.F.);
#5048 = ORIENTED_EDGE('',*,*,#5002,.F.);
#5049 = PLANE('',#5050);
#5050 = AXIS2_PLACEMENT_3D('',#5051,#5052,#5053);
#5051 = CARTESIAN_POINT('',(2.1,16.550978539343,48.048747737362));
#5052 = DIRECTION('',(0.707106781187,-0.707106781187,2.833575300114E-13)
  );
#5053 = DIRECTION('',(-0.707106781187,-0.707106781187,
    -2.832005207655E-13));
#5054 = ADVANCED_FACE('',(#5055),#5080,.T.);
#5055 = FACE_BOUND('',#5056,.T.);
#5056 = EDGE_LOOP('',(#5057,#5065,#5071,#5072,#5073,#5079));
#5057 = ORIENTED_EDGE('',*,*,#5058,.T.);
#5058 = EDGE_CURVE('',#3344,#5059,#5061,.T.);
#5059 = VERTEX_POINT('',#5060);
#5060 = CARTESIAN_POINT('',(1.1,71.501978539343,13.748747736662));
#5061 = LINE('',#5062,#5063);
#5062 = CARTESIAN_POINT('',(-3.7499999996,71.501978539763,8.898747737762
    ));
#5063 = VECTOR('',#5064,1.);
#5064 = DIRECTION('',(0.707106781186,2.355138688026E-16,0.707106781187)
  );
#5065 = ORIENTED_EDGE('',*,*,#5066,.F.);
#5066 = EDGE_CURVE('',#1817,#5059,#5067,.T.);
#5067 = LINE('',#5068,#5069);
#5068 = CARTESIAN_POINT('',(1.6000000001,71.001978539763,14.248747737462
    ));
#5069 = VECTOR('',#5070,1.);
#5070 = DIRECTION('',(-0.577350269191,0.577350269187,-0.577350269192));
#5071 = ORIENTED_EDGE('',*,*,#1816,.F.);
#5072 = ORIENTED_EDGE('',*,*,#5042,.T.);
#5073 = ORIENTED_EDGE('',*,*,#5074,.F.);
#5074 = EDGE_CURVE('',#3352,#5035,#5075,.T.);
#5075 = LINE('',#5076,#5077);
#5076 = CARTESIAN_POINT('',(-3.7500000003,15.550978538443,8.898747737062
    ));
#5077 = VECTOR('',#5078,1.);
#5078 = DIRECTION('',(0.707106781186,2.355138688026E-16,0.707106781187)
  );
#5079 = ORIENTED_EDGE('',*,*,#3351,.T.);
#5080 = PLANE('',#5081);
#5081 = AXIS2_PLACEMENT_3D('',#5082,#5083,#5084);
#5082 = CARTESIAN_POINT('',(-9.9,4.360778539343,2.748747737362));
#5083 = DIRECTION('',(0.707106781187,7.850462293438E-17,-0.707106781186)
  );
#5084 = DIRECTION('',(-2.220446049251E-16,1.,-1.110223024625E-16));
#5085 = ADVANCED_FACE('',(#5086),#5104,.F.);
#5086 = FACE_BOUND('',#5087,.T.);
#5087 = EDGE_LOOP('',(#5088,#5089,#5097,#5103));
#5088 = ORIENTED_EDGE('',*,*,#5066,.T.);
#5089 = ORIENTED_EDGE('',*,*,#5090,.F.);
#5090 = EDGE_CURVE('',#5091,#5059,#5093,.T.);
#5091 = VERTEX_POINT('',#5092);
#5092 = CARTESIAN_POINT('',(1.1,71.501978539343,16.749132281562));
#5093 = LINE('',#5094,#5095);
#5094 = CARTESIAN_POINT('',(1.1,71.501978539353,15.248940009062));
#5095 = VECTOR('',#5096,1.);
#5096 = DIRECTION('',(4.00221106809E-13,-1.110223024624E-16,-1.));
#5097 = ORIENTED_EDGE('',*,*,#5098,.F.);
#5098 = EDGE_CURVE('',#1825,#5091,#5099,.T.);
#5099 = LINE('',#5100,#5101);
#5100 = CARTESIAN_POINT('',(1.6,71.001978539343,17.037807416562));
#5101 = VECTOR('',#5102,1.);
#5102 = DIRECTION('',(-0.654653670577,0.654653670577,-0.377964473463));
#5103 = ORIENTED_EDGE('',*,*,#1824,.T.);
#5104 = PLANE('',#5105);
#5105 = AXIS2_PLACEMENT_3D('',#5106,#5107,#5108);
#5106 = CARTESIAN_POINT('',(2.1,70.501978539343,48.048747737362));
#5107 = DIRECTION('',(-0.707106781187,-0.707106781187,
    -2.832005207655E-13));
#5108 = DIRECTION('',(-0.707106781187,0.707106781187,-2.833575300114E-13
    ));
#5109 = ADVANCED_FACE('',(#5110),#5138,.F.);
#5110 = FACE_BOUND('',#5111,.T.);
#5111 = EDGE_LOOP('',(#5112,#5123,#5124,#5130,#5131,#5132));
#5112 = ORIENTED_EDGE('',*,*,#5113,.T.);
#5113 = EDGE_CURVE('',#5114,#3905,#5116,.T.);
#5114 = VERTEX_POINT('',#5115);
#5115 = CARTESIAN_POINT('',(-41.0298310566,71.501978538763,
    16.749132281462));
#5116 = B_SPLINE_CURVE_WITH_KNOTS('',5,(#5117,#5118,#5119,#5120,#5121,
    #5122),.UNSPECIFIED.,.F.,.F.,(6,6),(0.,2.58918798909),
  .PIECEWISE_BEZIER_KNOTS.);
#5117 = CARTESIAN_POINT('',(-41.029831057,71.501978539083,
    16.749132281562));
#5118 = CARTESIAN_POINT('',(-40.7248675612,71.328183432203,
    16.849472933362));
#5119 = CARTESIAN_POINT('',(-40.4511928979,71.113348754453,
    16.973507792362));
#5120 = CARTESIAN_POINT('',(-40.2074606702,70.873527835253,
    17.111968464662));
#5121 = CARTESIAN_POINT('',(-39.9906198628,70.618357039332,
    17.259291392362));
#5122 = CARTESIAN_POINT('',(-39.7958019037,70.350978540581,
    17.413662440562));
#5123 = ORIENTED_EDGE('',*,*,#3913,.F.);
#5124 = ORIENTED_EDGE('',*,*,#5125,.T.);
#5125 = EDGE_CURVE('',#3914,#1833,#5126,.T.);
#5126 = LINE('',#5127,#5128);
#5127 = CARTESIAN_POINT('',(-18.883173253,69.700978539343,
    17.788940116262));
#5128 = VECTOR('',#5129,1.);
#5129 = DIRECTION('',(1.,2.220446050681E-16,4.00635720875E-13));
#5130 = ORIENTED_EDGE('',*,*,#1832,.T.);
#5131 = ORIENTED_EDGE('',*,*,#5098,.T.);
#5132 = ORIENTED_EDGE('',*,*,#5133,.F.);
#5133 = EDGE_CURVE('',#5114,#5091,#5134,.T.);
#5134 = LINE('',#5135,#5136);
#5135 = CARTESIAN_POINT('',(-19.9649155285,71.501978539083,
    16.749132281562));
#5136 = VECTOR('',#5137,1.);
#5137 = DIRECTION('',(1.,2.22044604925E-16,4.00641119712E-13));
#5138 = PLANE('',#5139);
#5139 = AXIS2_PLACEMENT_3D('',#5140,#5141,#5142);
#5140 = CARTESIAN_POINT('',(-17.9,69.700978539343,17.788940116262));
#5141 = DIRECTION('',(3.470555558218E-13,-0.5,-0.866025403784));
#5142 = DIRECTION('',(2.001162235526E-13,0.866025403784,-0.5));
#5143 = ADVANCED_FACE('',(#5144),#5156,.F.);
#5144 = FACE_BOUND('',#5145,.F.);
#5145 = EDGE_LOOP('',(#5146,#5147,#5148,#5154,#5155));
#5146 = ORIENTED_EDGE('',*,*,#5125,.T.);
#5147 = ORIENTED_EDGE('',*,*,#1840,.F.);
#5148 = ORIENTED_EDGE('',*,*,#5149,.F.);
#5149 = EDGE_CURVE('',#3839,#1841,#5150,.T.);
#5150 = LINE('',#5151,#5152);
#5151 = CARTESIAN_POINT('',(-25.8999999992,69.700978539343,
    18.308555358462));
#5152 = VECTOR('',#5153,1.);
#5153 = DIRECTION('',(1.,2.22044604925E-16,4.00617039631E-13));
#5154 = ORIENTED_EDGE('',*,*,#3838,.F.);
#5155 = ORIENTED_EDGE('',*,*,#3924,.F.);
#5156 = CYLINDRICAL_SURFACE('',#5157,0.3);
#5157 = AXIS2_PLACEMENT_3D('',#5158,#5159,#5160);
#5158 = CARTESIAN_POINT('',(-25.9,69.850978539343,18.048747737362));
#5159 = DIRECTION('',(1.,2.220446046746E-16,4.00617039642E-13));
#5160 = DIRECTION('',(-3.468335112165E-13,-0.5,0.866025403784));
#5161 = ADVANCED_FACE('',(#5162),#5192,.F.);
#5162 = FACE_BOUND('',#5163,.T.);
#5163 = EDGE_LOOP('',(#5164,#5174,#5180,#5181,#5182,#5183));
#5164 = ORIENTED_EDGE('',*,*,#5165,.F.);
#5165 = EDGE_CURVE('',#5166,#5168,#5170,.T.);
#5166 = VERTEX_POINT('',#5167);
#5167 = CARTESIAN_POINT('',(1.868,70.733978539343,18.904958187062));
#5168 = VERTEX_POINT('',#5169);
#5169 = CARTESIAN_POINT('',(-38.6333656996,70.733978539343,
    18.904958187062));
#5170 = LINE('',#5171,#5172);
#5171 = CARTESIAN_POINT('',(-18.3826828502,70.733978539403,
    18.904958186562));
#5172 = VECTOR('',#5173,1.);
#5173 = DIRECTION('',(-1.,-2.22044604925E-16,-4.00609784167E-13));
#5174 = ORIENTED_EDGE('',*,*,#5175,.T.);
#5175 = EDGE_CURVE('',#5166,#1864,#5176,.T.);
#5176 = LINE('',#5177,#5178);
#5177 = CARTESIAN_POINT('',(1.9839999996,70.61797853974,18.837985555562)
  );
#5178 = VECTOR('',#5179,1.);
#5179 = DIRECTION('',(0.654653673054,-0.654653668949,-0.377964471994));
#5180 = ORIENTED_EDGE('',*,*,#1863,.F.);
#5181 = ORIENTED_EDGE('',*,*,#5149,.F.);
#5182 = ORIENTED_EDGE('',*,*,#3848,.F.);
#5183 = ORIENTED_EDGE('',*,*,#5184,.T.);
#5184 = EDGE_CURVE('',#3849,#5168,#5185,.T.);
#5185 = B_SPLINE_CURVE_WITH_KNOTS('',5,(#5186,#5187,#5188,#5189,#5190,
    #5191),.UNSPECIFIED.,.F.,.F.,(6,6),(0.,0.643842838646),
  .PIECEWISE_BEZIER_KNOTS.);
#5186 = CARTESIAN_POINT('',(-38.7413430303,70.350978539758,
    18.683833033662));
#5187 = CARTESIAN_POINT('',(-38.718143472,70.42722502628,18.727853963162
    ));
#5188 = CARTESIAN_POINT('',(-38.6957606059,70.503658981531,
    18.771983127862));
#5189 = CARTESIAN_POINT('',(-38.6741771184,70.580278768025,
    18.816219582162));
#5190 = CARTESIAN_POINT('',(-38.653384167,70.657052134922,
    18.860544706262));
#5191 = CARTESIAN_POINT('',(-38.6333640978,70.733978210333,
    18.904957996562));
#5192 = PLANE('',#5193);
#5193 = AXIS2_PLACEMENT_3D('',#5194,#5195,#5196);
#5194 = CARTESIAN_POINT('',(-17.9,72.167978539343,19.732878472562));
#5195 = DIRECTION('',(-3.468335112169E-13,-0.5,0.866025403784));
#5196 = DIRECTION('',(2.005008160899E-13,-0.866025403784,-0.5));
#5197 = ADVANCED_FACE('',(#5198),#5216,.F.);
#5198 = FACE_BOUND('',#5199,.T.);
#5199 = EDGE_LOOP('',(#5200,#5208,#5214,#5215));
#5200 = ORIENTED_EDGE('',*,*,#5201,.T.);
#5201 = EDGE_CURVE('',#5166,#5202,#5204,.T.);
#5202 = VERTEX_POINT('',#5203);
#5203 = CARTESIAN_POINT('',(1.868,70.733978539343,19.692537287662));
#5204 = LINE('',#5205,#5206);
#5205 = CARTESIAN_POINT('',(1.868,70.733978539343,19.298747737362));
#5206 = VECTOR('',#5207,1.);
#5207 = DIRECTION('',(-3.96961782638E-13,1.110223024624E-16,1.));
#5208 = ORIENTED_EDGE('',*,*,#5209,.T.);
#5209 = EDGE_CURVE('',#5202,#1872,#5210,.T.);
#5210 = LINE('',#5211,#5212);
#5211 = CARTESIAN_POINT('',(1.984,70.617978539344,19.759509919662));
#5212 = VECTOR('',#5213,1.);
#5213 = DIRECTION('',(0.654653669682,-0.654653669682,0.377964476563));
#5214 = ORIENTED_EDGE('',*,*,#1871,.T.);
#5215 = ORIENTED_EDGE('',*,*,#5175,.F.);
#5216 = PLANE('',#5217);
#5217 = AXIS2_PLACEMENT_3D('',#5218,#5219,#5220);
#5218 = CARTESIAN_POINT('',(2.1,70.501978539343,48.048747737362));
#5219 = DIRECTION('',(-0.707106781187,-0.707106781187,
    -2.832005207655E-13));
#5220 = DIRECTION('',(-0.707106781187,0.707106781187,-2.833575300114E-13
    ));
#5221 = ADVANCED_FACE('',(#5222),#5250,.F.);
#5222 = FACE_BOUND('',#5223,.F.);
#5223 = EDGE_LOOP('',(#5224,#5225,#5226,#5232,#5233,#5244));
#5224 = ORIENTED_EDGE('',*,*,#5209,.T.);
#5225 = ORIENTED_EDGE('',*,*,#1879,.F.);
#5226 = ORIENTED_EDGE('',*,*,#5227,.F.);
#5227 = EDGE_CURVE('',#3868,#1880,#5228,.T.);
#5228 = LINE('',#5229,#5230);
#5229 = CARTESIAN_POINT('',(-18.2614239627,69.700978539343,
    20.288940116262));
#5230 = VECTOR('',#5231,1.);
#5231 = DIRECTION('',(1.,2.220446050681E-16,4.00655612293E-13));
#5232 = ORIENTED_EDGE('',*,*,#3867,.T.);
#5233 = ORIENTED_EDGE('',*,*,#5234,.F.);
#5234 = EDGE_CURVE('',#5235,#3859,#5237,.T.);
#5235 = VERTEX_POINT('',#5236);
#5236 = CARTESIAN_POINT('',(-38.3727115203,70.733978539343,
    19.692537051062));
#5237 = B_SPLINE_CURVE_WITH_KNOTS('',5,(#5238,#5239,#5240,#5241,#5242,
    #5243),.UNSPECIFIED.,.F.,.F.,(6,6),(0.,0.628268934071),
  .PIECEWISE_BEZIER_KNOTS.);
#5238 = CARTESIAN_POINT('',(-38.3727115296,70.733978657983,
    19.692537219662));
#5239 = CARTESIAN_POINT('',(-38.3630342825,70.657488299112,
    19.736698948962));
#5240 = CARTESIAN_POINT('',(-38.354002953,70.580938245797,
    19.780895142862));
#5241 = CARTESIAN_POINT('',(-38.3456123149,70.504327406134,
    19.825126431762));
#5242 = CARTESIAN_POINT('',(-38.3378592622,70.42767459631,
    19.869381952162));
#5243 = CARTESIAN_POINT('',(-38.3307384658,70.350978540581,
    19.913662440562));
#5244 = ORIENTED_EDGE('',*,*,#5245,.F.);
#5245 = EDGE_CURVE('',#5202,#5235,#5246,.T.);
#5246 = LINE('',#5247,#5248);
#5247 = CARTESIAN_POINT('',(-18.2523557605,70.733978591033,
    19.692537258362));
#5248 = VECTOR('',#5249,1.);
#5249 = DIRECTION('',(-1.,2.525431637995E-09,-1.45845936672E-09));
#5250 = PLANE('',#5251);
#5251 = AXIS2_PLACEMENT_3D('',#5252,#5253,#5254);
#5252 = CARTESIAN_POINT('',(-17.9,69.700978539343,20.288940116262));
#5253 = DIRECTION('',(3.470555558218E-13,-0.5,-0.866025403784));
#5254 = DIRECTION('',(2.001162235526E-13,0.866025403784,-0.5));
#5255 = ADVANCED_FACE('',(#5256),#5268,.F.);
#5256 = FACE_BOUND('',#5257,.F.);
#5257 = EDGE_LOOP('',(#5258,#5259,#5260,#5266,#5267));
#5258 = ORIENTED_EDGE('',*,*,#5227,.T.);
#5259 = ORIENTED_EDGE('',*,*,#1887,.F.);
#5260 = ORIENTED_EDGE('',*,*,#5261,.F.);
#5261 = EDGE_CURVE('',#3785,#1888,#5262,.T.);
#5262 = LINE('',#5263,#5264);
#5263 = CARTESIAN_POINT('',(-25.8999999992,69.700978539343,
    20.808555358462));
#5264 = VECTOR('',#5265,1.);
#5265 = DIRECTION('',(1.,2.22044604925E-16,4.00617039631E-13));
#5266 = ORIENTED_EDGE('',*,*,#3784,.F.);
#5267 = ORIENTED_EDGE('',*,*,#3877,.T.);
#5268 = CYLINDRICAL_SURFACE('',#5269,0.3);
#5269 = AXIS2_PLACEMENT_3D('',#5270,#5271,#5272);
#5270 = CARTESIAN_POINT('',(-25.9,69.850978539343,20.548747737362));
#5271 = DIRECTION('',(1.,2.220446046746E-16,4.00617039642E-13));
#5272 = DIRECTION('',(-3.468335112165E-13,-0.5,0.866025403784));
#5273 = ADVANCED_FACE('',(#5274),#5301,.F.);
#5274 = FACE_BOUND('',#5275,.T.);
#5275 = EDGE_LOOP('',(#5276,#5286,#5292,#5293,#5294,#5295));
#5276 = ORIENTED_EDGE('',*,*,#5277,.F.);
#5277 = EDGE_CURVE('',#5278,#5280,#5282,.T.);
#5278 = VERTEX_POINT('',#5279);
#5279 = CARTESIAN_POINT('',(1.8679999992,70.733978539343,21.404958187062
    ));
#5280 = VERTEX_POINT('',#5281);
#5281 = CARTESIAN_POINT('',(-38.28,70.733978539533,21.404958187062));
#5282 = LINE('',#5283,#5284);
#5283 = CARTESIAN_POINT('',(-18.2060000008,70.733978539403,
    21.404958186562));
#5284 = VECTOR('',#5285,1.);
#5285 = DIRECTION('',(-1.,-2.22044604925E-16,-4.00596164788E-13));
#5286 = ORIENTED_EDGE('',*,*,#5287,.T.);
#5287 = EDGE_CURVE('',#5278,#1911,#5288,.T.);
#5288 = LINE('',#5289,#5290);
#5289 = CARTESIAN_POINT('',(1.9839999996,70.61797853974,21.337985555562)
  );
#5290 = VECTOR('',#5291,1.);
#5291 = DIRECTION('',(0.654653673054,-0.654653668949,-0.377964471994));
#5292 = ORIENTED_EDGE('',*,*,#1910,.F.);
#5293 = ORIENTED_EDGE('',*,*,#5261,.F.);
#5294 = ORIENTED_EDGE('',*,*,#3794,.T.);
#5295 = ORIENTED_EDGE('',*,*,#5296,.T.);
#5296 = EDGE_CURVE('',#3795,#5280,#5297,.T.);
#5297 = LINE('',#5298,#5299);
#5298 = CARTESIAN_POINT('',(-38.2800000008,70.542478539579,
    21.294395610162));
#5299 = VECTOR('',#5300,1.);
#5300 = DIRECTION('',(-1.929906441179E-13,0.866025403784,0.5));
#5301 = PLANE('',#5302);
#5302 = AXIS2_PLACEMENT_3D('',#5303,#5304,#5305);
#5303 = CARTESIAN_POINT('',(-17.9,72.167978539343,22.232878472562));
#5304 = DIRECTION('',(-3.468335112169E-13,-0.5,0.866025403784));
#5305 = DIRECTION('',(2.005008160899E-13,-0.866025403784,-0.5));
#5306 = ADVANCED_FACE('',(#5307),#5325,.F.);
#5307 = FACE_BOUND('',#5308,.T.);
#5308 = EDGE_LOOP('',(#5309,#5317,#5323,#5324));
#5309 = ORIENTED_EDGE('',*,*,#5310,.T.);
#5310 = EDGE_CURVE('',#5278,#5311,#5313,.T.);
#5311 = VERTEX_POINT('',#5312);
#5312 = CARTESIAN_POINT('',(1.8679999992,70.733978539343,22.192537287662
    ));
#5313 = LINE('',#5314,#5315);
#5314 = CARTESIAN_POINT('',(1.868,70.733978539343,21.798747737362));
#5315 = VECTOR('',#5316,1.);
#5316 = DIRECTION('',(-3.96961782638E-13,1.110223024624E-16,1.));
#5317 = ORIENTED_EDGE('',*,*,#5318,.T.);
#5318 = EDGE_CURVE('',#5311,#1919,#5319,.T.);
#5319 = LINE('',#5320,#5321);
#5320 = CARTESIAN_POINT('',(1.984,70.617978539344,22.259509919662));
#5321 = VECTOR('',#5322,1.);
#5322 = DIRECTION('',(0.654653669682,-0.654653669682,0.377964476563));
#5323 = ORIENTED_EDGE('',*,*,#1918,.T.);
#5324 = ORIENTED_EDGE('',*,*,#5287,.F.);
#5325 = PLANE('',#5326);
#5326 = AXIS2_PLACEMENT_3D('',#5327,#5328,#5329);
#5327 = CARTESIAN_POINT('',(2.1,70.501978539343,48.048747737362));
#5328 = DIRECTION('',(-0.707106781187,-0.707106781187,
    -2.832005207655E-13));
#5329 = DIRECTION('',(-0.707106781187,0.707106781187,-2.833575300114E-13
    ));
#5330 = ADVANCED_FACE('',(#5331),#5356,.F.);
#5331 = FACE_BOUND('',#5332,.T.);
#5332 = EDGE_LOOP('',(#5333,#5341,#5347,#5348,#5354,#5355));
#5333 = ORIENTED_EDGE('',*,*,#5334,.T.);
#5334 = EDGE_CURVE('',#5311,#5335,#5337,.T.);
#5335 = VERTEX_POINT('',#5336);
#5336 = CARTESIAN_POINT('',(-38.28,70.733978539533,22.192537287662));
#5337 = LINE('',#5338,#5339);
#5338 = CARTESIAN_POINT('',(-18.2060000008,70.733978540223,
    22.192537287662));
#5339 = VECTOR('',#5340,1.);
#5340 = DIRECTION('',(-1.,-2.22044604925E-16,-4.00596164788E-13));
#5341 = ORIENTED_EDGE('',*,*,#5342,.F.);
#5342 = EDGE_CURVE('',#3805,#5335,#5343,.T.);
#5343 = LINE('',#5344,#5345);
#5344 = CARTESIAN_POINT('',(-38.2800000008,70.542478540403,
    22.303099864162));
#5345 = VECTOR('',#5346,1.);
#5346 = DIRECTION('',(2.086725805676E-13,0.866025403784,-0.5));
#5347 = ORIENTED_EDGE('',*,*,#3812,.F.);
#5348 = ORIENTED_EDGE('',*,*,#5349,.T.);
#5349 = EDGE_CURVE('',#3813,#1927,#5350,.T.);
#5350 = LINE('',#5351,#5352);
#5351 = CARTESIAN_POINT('',(-18.2568155235,69.700978539343,
    22.788940116262));
#5352 = VECTOR('',#5353,1.);
#5353 = DIRECTION('',(1.,2.220446050681E-16,4.00615422402E-13));
#5354 = ORIENTED_EDGE('',*,*,#1926,.T.);
#5355 = ORIENTED_EDGE('',*,*,#5318,.F.);
#5356 = PLANE('',#5357);
#5357 = AXIS2_PLACEMENT_3D('',#5358,#5359,#5360);
#5358 = CARTESIAN_POINT('',(-17.9,69.700978539343,22.788940116262));
#5359 = DIRECTION('',(3.470555558218E-13,-0.5,-0.866025403784));
#5360 = DIRECTION('',(2.001162235526E-13,0.866025403784,-0.5));
#5361 = ADVANCED_FACE('',(#5362),#5374,.F.);
#5362 = FACE_BOUND('',#5363,.F.);
#5363 = EDGE_LOOP('',(#5364,#5365,#5366,#5372,#5373));
#5364 = ORIENTED_EDGE('',*,*,#5349,.T.);
#5365 = ORIENTED_EDGE('',*,*,#1934,.F.);
#5366 = ORIENTED_EDGE('',*,*,#5367,.F.);
#5367 = EDGE_CURVE('',#3758,#1935,#5368,.T.);
#5368 = LINE('',#5369,#5370);
#5369 = CARTESIAN_POINT('',(-25.8999999992,69.700978539343,
    23.308555358502));
#5370 = VECTOR('',#5371,1.);
#5371 = DIRECTION('',(1.,2.22044604925E-16,4.00617039631E-13));
#5372 = ORIENTED_EDGE('',*,*,#3757,.T.);
#5373 = ORIENTED_EDGE('',*,*,#3822,.T.);
#5374 = CYLINDRICAL_SURFACE('',#5375,0.3);
#5375 = AXIS2_PLACEMENT_3D('',#5376,#5377,#5378);
#5376 = CARTESIAN_POINT('',(-25.9,69.850978539343,23.048747737362));
#5377 = DIRECTION('',(1.,2.220446046746E-16,4.00617039642E-13));
#5378 = DIRECTION('',(-3.468335112165E-13,-0.5,0.866025403784));
#5379 = ADVANCED_FACE('',(#5380),#5407,.F.);
#5380 = FACE_BOUND('',#5381,.T.);
#5381 = EDGE_LOOP('',(#5382,#5392,#5398,#5399,#5400,#5401));
#5382 = ORIENTED_EDGE('',*,*,#5383,.F.);
#5383 = EDGE_CURVE('',#5384,#5386,#5388,.T.);
#5384 = VERTEX_POINT('',#5385);
#5385 = CARTESIAN_POINT('',(1.8679999992,70.733978539343,23.904958187082
    ));
#5386 = VERTEX_POINT('',#5387);
#5387 = CARTESIAN_POINT('',(-38.28,70.733978539533,23.904958187072));
#5388 = LINE('',#5389,#5390);
#5389 = CARTESIAN_POINT('',(-18.2060000008,70.733978539403,
    23.904958186572));
#5390 = VECTOR('',#5391,1.);
#5391 = DIRECTION('',(-1.,-2.22044604925E-16,-4.00596164788E-13));
#5392 = ORIENTED_EDGE('',*,*,#5393,.T.);
#5393 = EDGE_CURVE('',#5384,#1958,#5394,.T.);
#5394 = LINE('',#5395,#5396);
#5395 = CARTESIAN_POINT('',(1.9839999996,70.61797853974,23.837985555552)
  );
#5396 = VECTOR('',#5397,1.);
#5397 = DIRECTION('',(0.654653673054,-0.654653668949,-0.377964471994));
#5398 = ORIENTED_EDGE('',*,*,#1957,.F.);
#5399 = ORIENTED_EDGE('',*,*,#5367,.F.);
#5400 = ORIENTED_EDGE('',*,*,#3767,.T.);
#5401 = ORIENTED_EDGE('',*,*,#5402,.T.);
#5402 = EDGE_CURVE('',#3729,#5386,#5403,.T.);
#5403 = LINE('',#5404,#5405);
#5404 = CARTESIAN_POINT('',(-38.2800000008,70.542478539579,
    23.794395610122));
#5405 = VECTOR('',#5406,1.);
#5406 = DIRECTION('',(-1.929906441179E-13,0.866025403784,0.5));
#5407 = PLANE('',#5408);
#5408 = AXIS2_PLACEMENT_3D('',#5409,#5410,#5411);
#5409 = CARTESIAN_POINT('',(-17.9,72.167978539343,24.732878472562));
#5410 = DIRECTION('',(-3.468335112169E-13,-0.5,0.866025403784));
#5411 = DIRECTION('',(2.005008160899E-13,-0.866025403784,-0.5));
#5412 = ADVANCED_FACE('',(#5413),#5431,.F.);
#5413 = FACE_BOUND('',#5414,.T.);
#5414 = EDGE_LOOP('',(#5415,#5423,#5429,#5430));
#5415 = ORIENTED_EDGE('',*,*,#5416,.T.);
#5416 = EDGE_CURVE('',#5384,#5417,#5419,.T.);
#5417 = VERTEX_POINT('',#5418);
#5418 = CARTESIAN_POINT('',(1.8679999992,70.733978539343,24.692537287662
    ));
#5419 = LINE('',#5420,#5421);
#5420 = CARTESIAN_POINT('',(1.868,70.733978539343,24.298747737372));
#5421 = VECTOR('',#5422,1.);
#5422 = DIRECTION('',(-3.96961782638E-13,1.110223024624E-16,1.));
#5423 = ORIENTED_EDGE('',*,*,#5424,.T.);
#5424 = EDGE_CURVE('',#5417,#1966,#5425,.T.);
#5425 = LINE('',#5426,#5427);
#5426 = CARTESIAN_POINT('',(1.984,70.617978539344,24.759509919622));
#5427 = VECTOR('',#5428,1.);
#5428 = DIRECTION('',(0.654653669682,-0.654653669682,0.377964476563));
#5429 = ORIENTED_EDGE('',*,*,#1965,.T.);
#5430 = ORIENTED_EDGE('',*,*,#5393,.F.);
#5431 = PLANE('',#5432);
#5432 = AXIS2_PLACEMENT_3D('',#5433,#5434,#5435);
#5433 = CARTESIAN_POINT('',(2.1,70.501978539343,48.048747737362));
#5434 = DIRECTION('',(-0.707106781187,-0.707106781187,
    -2.832005207655E-13));
#5435 = DIRECTION('',(-0.707106781187,0.707106781187,-2.833575300114E-13
    ));
#5436 = ADVANCED_FACE('',(#5437),#5462,.F.);
#5437 = FACE_BOUND('',#5438,.T.);
#5438 = EDGE_LOOP('',(#5439,#5447,#5453,#5454,#5460,#5461));
#5439 = ORIENTED_EDGE('',*,*,#5440,.T.);
#5440 = EDGE_CURVE('',#5417,#5441,#5443,.T.);
#5441 = VERTEX_POINT('',#5442);
#5442 = CARTESIAN_POINT('',(-38.28,70.733978539533,24.692537287652));
#5443 = LINE('',#5444,#5445);
#5444 = CARTESIAN_POINT('',(-18.2060000008,70.733978540223,
    24.692537287682));
#5445 = VECTOR('',#5446,1.);
#5446 = DIRECTION('',(-1.,-2.22044604925E-16,-4.00596164788E-13));
#5447 = ORIENTED_EDGE('',*,*,#5448,.F.);
#5448 = EDGE_CURVE('',#3731,#5441,#5449,.T.);
#5449 = LINE('',#5450,#5451);
#5450 = CARTESIAN_POINT('',(-38.2800000008,70.542478540403,
    24.803099864122));
#5451 = VECTOR('',#5452,1.);
#5452 = DIRECTION('',(2.086725805676E-13,0.866025403784,-0.5));
#5453 = ORIENTED_EDGE('',*,*,#3738,.F.);
#5454 = ORIENTED_EDGE('',*,*,#5455,.T.);
#5455 = EDGE_CURVE('',#3739,#1974,#5456,.T.);
#5456 = LINE('',#5457,#5458);
#5457 = CARTESIAN_POINT('',(-18.2568155235,69.700978539343,
    25.288940116262));
#5458 = VECTOR('',#5459,1.);
#5459 = DIRECTION('',(1.,2.220446050681E-16,4.00615422402E-13));
#5460 = ORIENTED_EDGE('',*,*,#1973,.T.);
#5461 = ORIENTED_EDGE('',*,*,#5424,.F.);
#5462 = PLANE('',#5463);
#5463 = AXIS2_PLACEMENT_3D('',#5464,#5465,#5466);
#5464 = CARTESIAN_POINT('',(-17.9,69.700978539343,25.288940116262));
#5465 = DIRECTION('',(3.470555558218E-13,-0.5,-0.866025403784));
#5466 = DIRECTION('',(2.001162235526E-13,0.866025403784,-0.5));
#5467 = ADVANCED_FACE('',(#5468),#5475,.F.);
#5468 = FACE_BOUND('',#5469,.F.);
#5469 = EDGE_LOOP('',(#5470,#5471,#5472,#5473,#5474));
#5470 = ORIENTED_EDGE('',*,*,#5455,.T.);
#5471 = ORIENTED_EDGE('',*,*,#1981,.F.);
#5472 = ORIENTED_EDGE('',*,*,#3696,.F.);
#5473 = ORIENTED_EDGE('',*,*,#3713,.T.);
#5474 = ORIENTED_EDGE('',*,*,#3748,.T.);
#5475 = CYLINDRICAL_SURFACE('',#5476,0.3);
#5476 = AXIS2_PLACEMENT_3D('',#5477,#5478,#5479);
#5477 = CARTESIAN_POINT('',(-25.9,69.850978539343,25.548747737362));
#5478 = DIRECTION('',(1.,2.220446046746E-16,4.00617039642E-13));
#5479 = DIRECTION('',(-3.468335112165E-13,-0.5,0.866025403784));
#5480 = ADVANCED_FACE('',(#5481),#5493,.F.);
#5481 = FACE_BOUND('',#5482,.F.);
#5482 = EDGE_LOOP('',(#5483,#5484,#5490,#5491,#5492));
#5483 = ORIENTED_EDGE('',*,*,#2017,.F.);
#5484 = ORIENTED_EDGE('',*,*,#5485,.F.);
#5485 = EDGE_CURVE('',#3591,#2018,#5486,.T.);
#5486 = LINE('',#5487,#5488);
#5487 = CARTESIAN_POINT('',(-25.8999999992,69.700978539343,
    40.808555358502));
#5488 = VECTOR('',#5489,1.);
#5489 = DIRECTION('',(1.,2.22044604925E-16,4.00617039631E-13));
#5490 = ORIENTED_EDGE('',*,*,#3590,.T.);
#5491 = ORIENTED_EDGE('',*,*,#3654,.T.);
#5492 = ORIENTED_EDGE('',*,*,#3672,.F.);
#5493 = CYLINDRICAL_SURFACE('',#5494,0.3);
#5494 = AXIS2_PLACEMENT_3D('',#5495,#5496,#5497);
#5495 = CARTESIAN_POINT('',(-25.9,69.850978539343,40.548747737362));
#5496 = DIRECTION('',(1.,2.220446046746E-16,4.00617039642E-13));
#5497 = DIRECTION('',(-3.468335112165E-13,-0.5,0.866025403784));
#5498 = ADVANCED_FACE('',(#5499),#5526,.F.);
#5499 = FACE_BOUND('',#5500,.T.);
#5500 = EDGE_LOOP('',(#5501,#5511,#5517,#5518,#5519,#5520));
#5501 = ORIENTED_EDGE('',*,*,#5502,.F.);
#5502 = EDGE_CURVE('',#5503,#5505,#5507,.T.);
#5503 = VERTEX_POINT('',#5504);
#5504 = CARTESIAN_POINT('',(1.8679999992,70.733978539343,41.404958187082
    ));
#5505 = VERTEX_POINT('',#5506);
#5506 = CARTESIAN_POINT('',(-38.28,70.733978539533,41.404958187072));
#5507 = LINE('',#5508,#5509);
#5508 = CARTESIAN_POINT('',(-18.2060000008,70.733978539403,
    41.404958186602));
#5509 = VECTOR('',#5510,1.);
#5510 = DIRECTION('',(-1.,-2.22044604925E-16,-4.00596164788E-13));
#5511 = ORIENTED_EDGE('',*,*,#5512,.T.);
#5512 = EDGE_CURVE('',#5503,#2035,#5513,.T.);
#5513 = LINE('',#5514,#5515);
#5514 = CARTESIAN_POINT('',(1.9839999996,70.61797853974,41.337985555582)
  );
#5515 = VECTOR('',#5516,1.);
#5516 = DIRECTION('',(0.654653673054,-0.654653668949,-0.377964471994));
#5517 = ORIENTED_EDGE('',*,*,#2034,.F.);
#5518 = ORIENTED_EDGE('',*,*,#5485,.F.);
#5519 = ORIENTED_EDGE('',*,*,#3600,.T.);
#5520 = ORIENTED_EDGE('',*,*,#5521,.T.);
#5521 = EDGE_CURVE('',#3601,#5505,#5522,.T.);
#5522 = LINE('',#5523,#5524);
#5523 = CARTESIAN_POINT('',(-38.2800000008,70.542478539579,
    41.294395610152));
#5524 = VECTOR('',#5525,1.);
#5525 = DIRECTION('',(-1.929906441179E-13,0.866025403784,0.5));
#5526 = PLANE('',#5527);
#5527 = AXIS2_PLACEMENT_3D('',#5528,#5529,#5530);
#5528 = CARTESIAN_POINT('',(-17.9,72.167978539343,42.232878472592));
#5529 = DIRECTION('',(-3.468335112169E-13,-0.5,0.866025403784));
#5530 = DIRECTION('',(2.005008160899E-13,-0.866025403784,-0.5));
#5531 = ADVANCED_FACE('',(#5532),#5550,.F.);
#5532 = FACE_BOUND('',#5533,.T.);
#5533 = EDGE_LOOP('',(#5534,#5542,#5548,#5549));
#5534 = ORIENTED_EDGE('',*,*,#5535,.T.);
#5535 = EDGE_CURVE('',#5503,#5536,#5538,.T.);
#5536 = VERTEX_POINT('',#5537);
#5537 = CARTESIAN_POINT('',(1.8679999992,70.733978539343,42.192537287662
    ));
#5538 = LINE('',#5539,#5540);
#5539 = CARTESIAN_POINT('',(1.868,70.733978539343,41.798747737372));
#5540 = VECTOR('',#5541,1.);
#5541 = DIRECTION('',(-4.05983641335E-13,1.110223024624E-16,1.));
#5542 = ORIENTED_EDGE('',*,*,#5543,.T.);
#5543 = EDGE_CURVE('',#5536,#2043,#5544,.T.);
#5544 = LINE('',#5545,#5546);
#5545 = CARTESIAN_POINT('',(1.984,70.617978539344,42.259509918692));
#5546 = VECTOR('',#5547,1.);
#5547 = DIRECTION('',(0.654653670983,-0.654653670983,0.377964472058));
#5548 = ORIENTED_EDGE('',*,*,#2042,.T.);
#5549 = ORIENTED_EDGE('',*,*,#5512,.F.);
#5550 = PLANE('',#5551);
#5551 = AXIS2_PLACEMENT_3D('',#5552,#5553,#5554);
#5552 = CARTESIAN_POINT('',(2.1,70.501978539343,48.048747737362));
#5553 = DIRECTION('',(-0.707106781187,-0.707106781187,
    -2.832005207655E-13));
#5554 = DIRECTION('',(-0.707106781187,0.707106781187,-2.833575300114E-13
    ));
#5555 = ADVANCED_FACE('',(#5556),#5581,.F.);
#5556 = FACE_BOUND('',#5557,.T.);
#5557 = EDGE_LOOP('',(#5558,#5566,#5572,#5573,#5579,#5580));
#5558 = ORIENTED_EDGE('',*,*,#5559,.T.);
#5559 = EDGE_CURVE('',#5536,#5560,#5562,.T.);
#5560 = VERTEX_POINT('',#5561);
#5561 = CARTESIAN_POINT('',(-38.28,70.733978539533,42.192537287652));
#5562 = LINE('',#5563,#5564);
#5563 = CARTESIAN_POINT('',(-18.2060000008,70.733978540223,
    42.192537287642));
#5564 = VECTOR('',#5565,1.);
#5565 = DIRECTION('',(-1.,-2.22044604925E-16,-4.00596164788E-13));
#5566 = ORIENTED_EDGE('',*,*,#5567,.F.);
#5567 = EDGE_CURVE('',#3611,#5560,#5568,.T.);
#5568 = LINE('',#5569,#5570);
#5569 = CARTESIAN_POINT('',(-38.2800000008,70.542478540403,
    42.303099864082));
#5570 = VECTOR('',#5571,1.);
#5571 = DIRECTION('',(2.086725805676E-13,0.866025403784,-0.5));
#5572 = ORIENTED_EDGE('',*,*,#3618,.F.);
#5573 = ORIENTED_EDGE('',*,*,#5574,.T.);
#5574 = EDGE_CURVE('',#3619,#2051,#5575,.T.);
#5575 = LINE('',#5576,#5577);
#5576 = CARTESIAN_POINT('',(-18.2568155235,69.700978539343,
    42.788940116222));
#5577 = VECTOR('',#5578,1.);
#5578 = DIRECTION('',(1.,2.220446050681E-16,4.00615422402E-13));
#5579 = ORIENTED_EDGE('',*,*,#2050,.T.);
#5580 = ORIENTED_EDGE('',*,*,#5543,.F.);
#5581 = PLANE('',#5582);
#5582 = AXIS2_PLACEMENT_3D('',#5583,#5584,#5585);
#5583 = CARTESIAN_POINT('',(-17.9,69.700978539343,42.788940116222));
#5584 = DIRECTION('',(3.470555558218E-13,-0.5,-0.866025403784));
#5585 = DIRECTION('',(2.001162235526E-13,0.866025403784,-0.5));
#5586 = ADVANCED_FACE('',(#5587),#5599,.F.);
#5587 = FACE_BOUND('',#5588,.F.);
#5588 = EDGE_LOOP('',(#5589,#5590,#5591,#5597,#5598));
#5589 = ORIENTED_EDGE('',*,*,#5574,.T.);
#5590 = ORIENTED_EDGE('',*,*,#2058,.F.);
#5591 = ORIENTED_EDGE('',*,*,#5592,.F.);
#5592 = EDGE_CURVE('',#3536,#2059,#5593,.T.);
#5593 = LINE('',#5594,#5595);
#5594 = CARTESIAN_POINT('',(-25.8999999992,69.700978539343,
    43.308555358462));
#5595 = VECTOR('',#5596,1.);
#5596 = DIRECTION('',(1.,2.22044604925E-16,4.00617039631E-13));
#5597 = ORIENTED_EDGE('',*,*,#3535,.T.);
#5598 = ORIENTED_EDGE('',*,*,#3628,.T.);
#5599 = CYLINDRICAL_SURFACE('',#5600,0.3);
#5600 = AXIS2_PLACEMENT_3D('',#5601,#5602,#5603);
#5601 = CARTESIAN_POINT('',(-25.9,69.850978539343,43.048747737362));
#5602 = DIRECTION('',(1.,2.220446046746E-16,4.00617039642E-13));
#5603 = DIRECTION('',(-3.468335112165E-13,-0.5,0.866025403784));
#5604 = ADVANCED_FACE('',(#5605),#5632,.F.);
#5605 = FACE_BOUND('',#5606,.T.);
#5606 = EDGE_LOOP('',(#5607,#5617,#5623,#5624,#5625,#5626));
#5607 = ORIENTED_EDGE('',*,*,#5608,.F.);
#5608 = EDGE_CURVE('',#5609,#5611,#5613,.T.);
#5609 = VERTEX_POINT('',#5610);
#5610 = CARTESIAN_POINT('',(1.8679999992,70.733978539343,43.904958187062
    ));
#5611 = VERTEX_POINT('',#5612);
#5612 = CARTESIAN_POINT('',(-38.28,70.733978539533,43.904958187062));
#5613 = LINE('',#5614,#5615);
#5614 = CARTESIAN_POINT('',(-18.2060000008,70.733978539403,
    43.904958186562));
#5615 = VECTOR('',#5616,1.);
#5616 = DIRECTION('',(-1.,-2.22044604925E-16,-4.00596164788E-13));
#5617 = ORIENTED_EDGE('',*,*,#5618,.T.);
#5618 = EDGE_CURVE('',#5609,#2082,#5619,.T.);
#5619 = LINE('',#5620,#5621);
#5620 = CARTESIAN_POINT('',(1.9839999996,70.61797853974,43.837985555562)
  );
#5621 = VECTOR('',#5622,1.);
#5622 = DIRECTION('',(0.654653673054,-0.654653668949,-0.377964471994));
#5623 = ORIENTED_EDGE('',*,*,#2081,.F.);
#5624 = ORIENTED_EDGE('',*,*,#5592,.F.);
#5625 = ORIENTED_EDGE('',*,*,#3545,.T.);
#5626 = ORIENTED_EDGE('',*,*,#5627,.T.);
#5627 = EDGE_CURVE('',#3546,#5611,#5628,.T.);
#5628 = LINE('',#5629,#5630);
#5629 = CARTESIAN_POINT('',(-38.2800000008,70.542478539579,
    43.794395610162));
#5630 = VECTOR('',#5631,1.);
#5631 = DIRECTION('',(-1.929906441179E-13,0.866025403784,0.5));
#5632 = PLANE('',#5633);
#5633 = AXIS2_PLACEMENT_3D('',#5634,#5635,#5636);
#5634 = CARTESIAN_POINT('',(-17.9,72.167978539343,44.732878472562));
#5635 = DIRECTION('',(-3.468335112169E-13,-0.5,0.866025403784));
#5636 = DIRECTION('',(2.005008160899E-13,-0.866025403784,-0.5));
#5637 = ADVANCED_FACE('',(#5638),#5656,.F.);
#5638 = FACE_BOUND('',#5639,.T.);
#5639 = EDGE_LOOP('',(#5640,#5648,#5654,#5655));
#5640 = ORIENTED_EDGE('',*,*,#5641,.T.);
#5641 = EDGE_CURVE('',#5609,#5642,#5644,.T.);
#5642 = VERTEX_POINT('',#5643);
#5643 = CARTESIAN_POINT('',(1.8679999992,70.733978539343,44.692537287662
    ));
#5644 = LINE('',#5645,#5646);
#5645 = CARTESIAN_POINT('',(1.868,70.733978539343,44.298747737362));
#5646 = VECTOR('',#5647,1.);
#5647 = DIRECTION('',(-4.05983641335E-13,1.110223024624E-16,1.));
#5648 = ORIENTED_EDGE('',*,*,#5649,.T.);
#5649 = EDGE_CURVE('',#5642,#2090,#5650,.T.);
#5650 = LINE('',#5651,#5652);
#5651 = CARTESIAN_POINT('',(1.984,70.617978539344,44.759509918662));
#5652 = VECTOR('',#5653,1.);
#5653 = DIRECTION('',(0.654653670983,-0.654653670983,0.377964472058));
#5654 = ORIENTED_EDGE('',*,*,#2089,.T.);
#5655 = ORIENTED_EDGE('',*,*,#5618,.F.);
#5656 = PLANE('',#5657);
#5657 = AXIS2_PLACEMENT_3D('',#5658,#5659,#5660);
#5658 = CARTESIAN_POINT('',(2.1,70.501978539343,48.048747737362));
#5659 = DIRECTION('',(-0.707106781187,-0.707106781187,
    -2.832005207655E-13));
#5660 = DIRECTION('',(-0.707106781187,0.707106781187,-2.833575300114E-13
    ));
#5661 = ADVANCED_FACE('',(#5662),#5687,.F.);
#5662 = FACE_BOUND('',#5663,.T.);
#5663 = EDGE_LOOP('',(#5664,#5672,#5678,#5679,#5685,#5686));
#5664 = ORIENTED_EDGE('',*,*,#5665,.T.);
#5665 = EDGE_CURVE('',#5642,#5666,#5668,.T.);
#5666 = VERTEX_POINT('',#5667);
#5667 = CARTESIAN_POINT('',(-38.28,70.733978539533,44.692537287662));
#5668 = LINE('',#5669,#5670);
#5669 = CARTESIAN_POINT('',(-18.2060000008,70.733978540223,
    44.692537287662));
#5670 = VECTOR('',#5671,1.);
#5671 = DIRECTION('',(-1.,-2.22044604925E-16,-4.00596164788E-13));
#5672 = ORIENTED_EDGE('',*,*,#5673,.F.);
#5673 = EDGE_CURVE('',#3556,#5666,#5674,.T.);
#5674 = LINE('',#5675,#5676);
#5675 = CARTESIAN_POINT('',(-38.2800000008,70.542478540403,
    44.803099864062));
#5676 = VECTOR('',#5677,1.);
#5677 = DIRECTION('',(2.086725805676E-13,0.866025403784,-0.5));
#5678 = ORIENTED_EDGE('',*,*,#3563,.F.);
#5679 = ORIENTED_EDGE('',*,*,#5680,.T.);
#5680 = EDGE_CURVE('',#3564,#2098,#5681,.T.);
#5681 = LINE('',#5682,#5683);
#5682 = CARTESIAN_POINT('',(-18.2568155235,69.700978539343,
    45.288940116262));
#5683 = VECTOR('',#5684,1.);
#5684 = DIRECTION('',(1.,2.220446050681E-16,4.00615422402E-13));
#5685 = ORIENTED_EDGE('',*,*,#2097,.T.);
#5686 = ORIENTED_EDGE('',*,*,#5649,.F.);
#5687 = PLANE('',#5688);
#5688 = AXIS2_PLACEMENT_3D('',#5689,#5690,#5691);
#5689 = CARTESIAN_POINT('',(-17.9,69.700978539343,45.288940116262));
#5690 = DIRECTION('',(3.470555558218E-13,-0.5,-0.866025403784));
#5691 = DIRECTION('',(2.001162235526E-13,0.866025403784,-0.5));
#5692 = ADVANCED_FACE('',(#5693),#5705,.F.);
#5693 = FACE_BOUND('',#5694,.F.);
#5694 = EDGE_LOOP('',(#5695,#5696,#5697,#5703,#5704));
#5695 = ORIENTED_EDGE('',*,*,#5680,.T.);
#5696 = ORIENTED_EDGE('',*,*,#2105,.F.);
#5697 = ORIENTED_EDGE('',*,*,#5698,.F.);
#5698 = EDGE_CURVE('',#2239,#2106,#5699,.T.);
#5699 = LINE('',#5700,#5701);
#5700 = CARTESIAN_POINT('',(-25.8999999992,69.700978539343,
    45.808555358462));
#5701 = VECTOR('',#5702,1.);
#5702 = DIRECTION('',(1.,2.22044604925E-16,4.00617039631E-13));
#5703 = ORIENTED_EDGE('',*,*,#2238,.T.);
#5704 = ORIENTED_EDGE('',*,*,#3573,.T.);
#5705 = CYLINDRICAL_SURFACE('',#5706,0.3);
#5706 = AXIS2_PLACEMENT_3D('',#5707,#5708,#5709);
#5707 = CARTESIAN_POINT('',(-25.9,69.850978539343,45.548747737362));
#5708 = DIRECTION('',(1.,2.220446046746E-16,4.00617039642E-13));
#5709 = DIRECTION('',(-3.468335112165E-13,-0.5,0.866025403784));
#5710 = ADVANCED_FACE('',(#5711),#5738,.F.);
#5711 = FACE_BOUND('',#5712,.T.);
#5712 = EDGE_LOOP('',(#5713,#5723,#5729,#5730,#5731,#5732));
#5713 = ORIENTED_EDGE('',*,*,#5714,.F.);
#5714 = EDGE_CURVE('',#5715,#5717,#5719,.T.);
#5715 = VERTEX_POINT('',#5716);
#5716 = CARTESIAN_POINT('',(1.8679999992,70.733978539343,46.404958187062
    ));
#5717 = VERTEX_POINT('',#5718);
#5718 = CARTESIAN_POINT('',(-38.28,70.733978539533,46.404958187062));
#5719 = LINE('',#5720,#5721);
#5720 = CARTESIAN_POINT('',(-18.2060000008,70.733978539403,
    46.404958186562));
#5721 = VECTOR('',#5722,1.);
#5722 = DIRECTION('',(-1.,-2.22044604925E-16,-4.00596164788E-13));
#5723 = ORIENTED_EDGE('',*,*,#5724,.T.);
#5724 = EDGE_CURVE('',#5715,#2129,#5725,.T.);
#5725 = LINE('',#5726,#5727);
#5726 = CARTESIAN_POINT('',(1.9839999996,70.61797853974,46.337985555562)
  );
#5727 = VECTOR('',#5728,1.);
#5728 = DIRECTION('',(0.654653673054,-0.654653668949,-0.377964471994));
#5729 = ORIENTED_EDGE('',*,*,#2128,.F.);
#5730 = ORIENTED_EDGE('',*,*,#5698,.F.);
#5731 = ORIENTED_EDGE('',*,*,#2248,.T.);
#5732 = ORIENTED_EDGE('',*,*,#5733,.T.);
#5733 = EDGE_CURVE('',#2249,#5717,#5734,.T.);
#5734 = LINE('',#5735,#5736);
#5735 = CARTESIAN_POINT('',(-38.2800000008,70.542478539579,
    46.294395610162));
#5736 = VECTOR('',#5737,1.);
#5737 = DIRECTION('',(-1.929906441179E-13,0.866025403784,0.5));
#5738 = PLANE('',#5739);
#5739 = AXIS2_PLACEMENT_3D('',#5740,#5741,#5742);
#5740 = CARTESIAN_POINT('',(-17.9,72.167978539343,47.232878472562));
#5741 = DIRECTION('',(-3.468335112169E-13,-0.5,0.866025403784));
#5742 = DIRECTION('',(2.005008160899E-13,-0.866025403784,-0.5));
#5743 = ADVANCED_FACE('',(#5744),#5762,.F.);
#5744 = FACE_BOUND('',#5745,.T.);
#5745 = EDGE_LOOP('',(#5746,#5754,#5760,#5761));
#5746 = ORIENTED_EDGE('',*,*,#5747,.T.);
#5747 = EDGE_CURVE('',#5715,#5748,#5750,.T.);
#5748 = VERTEX_POINT('',#5749);
#5749 = CARTESIAN_POINT('',(1.8679999992,70.733978539343,47.192537287662
    ));
#5750 = LINE('',#5751,#5752);
#5751 = CARTESIAN_POINT('',(1.868,70.733978539343,46.798747737362));
#5752 = VECTOR('',#5753,1.);
#5753 = DIRECTION('',(-4.05983641335E-13,1.110223024624E-16,1.));
#5754 = ORIENTED_EDGE('',*,*,#5755,.T.);
#5755 = EDGE_CURVE('',#5748,#2137,#5756,.T.);
#5756 = LINE('',#5757,#5758);
#5757 = CARTESIAN_POINT('',(1.984,70.617978539344,47.259509918662));
#5758 = VECTOR('',#5759,1.);
#5759 = DIRECTION('',(0.654653670983,-0.654653670983,0.377964472058));
#5760 = ORIENTED_EDGE('',*,*,#2136,.T.);
#5761 = ORIENTED_EDGE('',*,*,#5724,.F.);
#5762 = PLANE('',#5763);
#5763 = AXIS2_PLACEMENT_3D('',#5764,#5765,#5766);
#5764 = CARTESIAN_POINT('',(2.1,70.501978539343,48.048747737362));
#5765 = DIRECTION('',(-0.707106781187,-0.707106781187,
    -2.832005207655E-13));
#5766 = DIRECTION('',(-0.707106781187,0.707106781187,-2.833575300114E-13
    ));
#5767 = ADVANCED_FACE('',(#5768),#5788,.F.);
#5768 = FACE_BOUND('',#5769,.T.);
#5769 = EDGE_LOOP('',(#5770,#5778,#5784,#5785,#5786,#5787));
#5770 = ORIENTED_EDGE('',*,*,#5771,.T.);
#5771 = EDGE_CURVE('',#5748,#5772,#5774,.T.);
#5772 = VERTEX_POINT('',#5773);
#5773 = CARTESIAN_POINT('',(-38.28,70.733978539533,47.192537287662));
#5774 = LINE('',#5775,#5776);
#5775 = CARTESIAN_POINT('',(-18.2060000008,70.733978540223,
    47.192537287662));
#5776 = VECTOR('',#5777,1.);
#5777 = DIRECTION('',(-1.,-2.22044604925E-16,-4.00596164788E-13));
#5778 = ORIENTED_EDGE('',*,*,#5779,.F.);
#5779 = EDGE_CURVE('',#2259,#5772,#5780,.T.);
#5780 = LINE('',#5781,#5782);
#5781 = CARTESIAN_POINT('',(-38.2800000008,70.542478540403,
    47.303099864062));
#5782 = VECTOR('',#5783,1.);
#5783 = DIRECTION('',(2.086725805676E-13,0.866025403784,-0.5));
#5784 = ORIENTED_EDGE('',*,*,#2266,.F.);
#5785 = ORIENTED_EDGE('',*,*,#2213,.T.);
#5786 = ORIENTED_EDGE('',*,*,#2144,.T.);
#5787 = ORIENTED_EDGE('',*,*,#5755,.F.);
#5788 = PLANE('',#5789);
#5789 = AXIS2_PLACEMENT_3D('',#5790,#5791,#5792);
#5790 = CARTESIAN_POINT('',(-17.9,69.700978539343,47.788940116262));
#5791 = DIRECTION('',(3.470555558218E-13,-0.5,-0.866025403784));
#5792 = DIRECTION('',(2.001162235526E-13,0.866025403784,-0.5));
#5793 = ADVANCED_FACE('',(#5794),#5839,.T.);
#5794 = FACE_BOUND('',#5795,.T.);
#5795 = EDGE_LOOP('',(#5796,#5797,#5798,#5799,#5807,#5821));
#5796 = ORIENTED_EDGE('',*,*,#5009,.T.);
#5797 = ORIENTED_EDGE('',*,*,#2179,.T.);
#5798 = ORIENTED_EDGE('',*,*,#4892,.F.);
#5799 = ORIENTED_EDGE('',*,*,#5800,.T.);
#5800 = EDGE_CURVE('',#4893,#5801,#5803,.T.);
#5801 = VERTEX_POINT('',#5802);
#5802 = CARTESIAN_POINT('',(-11.5999999993,26.920947443543,
    58.048747737362));
#5803 = LINE('',#5804,#5805);
#5804 = CARTESIAN_POINT('',(-11.5999999993,36.735962991443,
    58.048747737362));
#5805 = VECTOR('',#5806,1.);
#5806 = DIRECTION('',(2.22044604925E-16,-1.,1.110223024625E-16));
#5807 = ORIENTED_EDGE('',*,*,#5808,.F.);
#5808 = EDGE_CURVE('',#5809,#5801,#5811,.T.);
#5809 = VERTEX_POINT('',#5810);
#5810 = CARTESIAN_POINT('',(-7.328487014,24.280950167943,58.048747737362
    ));
#5811 = B_SPLINE_CURVE_WITH_KNOTS('',5,(#5812,#5813,#5814,#5815,#5816,
    #5817,#5818,#5819,#5820),.UNSPECIFIED.,.F.,.F.,(6,3,6),(0.,
    4.007630173,7.36879967433),.UNSPECIFIED.);
#5812 = CARTESIAN_POINT('',(-7.328487014,24.280950167943,58.048747737362
    ));
#5813 = CARTESIAN_POINT('',(-7.6203951252,24.765221426443,
    58.048747737362));
#5814 = CARTESIAN_POINT('',(-7.9812303905,25.207787744543,
    58.048747737362));
#5815 = CARTESIAN_POINT('',(-8.3985000427,25.599323826843,
    58.048747737362));
#5816 = CARTESIAN_POINT('',(-9.2465876026,26.214045279443,
    58.048747737362));
#5817 = CARTESIAN_POINT('',(-10.2074886133,26.625194774043,
    58.048747737362));
#5818 = CARTESIAN_POINT('',(-10.6627921047,26.768438817643,
    58.048747737362));
#5819 = CARTESIAN_POINT('',(-11.1288695946,26.866770366543,
    58.048747737362));
#5820 = CARTESIAN_POINT('',(-11.5999999993,26.920947573943,
    58.048747737362));
#5821 = ORIENTED_EDGE('',*,*,#5822,.T.);
#5822 = EDGE_CURVE('',#5809,#5010,#5823,.T.);
#5823 = B_SPLINE_CURVE_WITH_KNOTS('',5,(#5824,#5825,#5826,#5827,#5828,
    #5829,#5830,#5831,#5832,#5833,#5834,#5835,#5836,#5837,#5838),
  .UNSPECIFIED.,.F.,.F.,(6,3,3,3,6),(0.,3.78684529127,7.58184726847,
    11.6060914179,14.3272697599),.UNSPECIFIED.);
#5824 = CARTESIAN_POINT('',(-7.328487014,24.280950167943,58.048747737362
    ));
#5825 = CARTESIAN_POINT('',(-7.0527451091,23.823498407643,
    58.048747737362));
#5826 = CARTESIAN_POINT('',(-6.8378242807,23.329385928043,
    58.048747737362));
#5827 = CARTESIAN_POINT('',(-6.6935794392,22.807221494043,
    58.048747737362));
#5828 = CARTESIAN_POINT('',(-6.5576779289,21.735613791143,
    58.048747737362));
#5829 = CARTESIAN_POINT('',(-6.7271577695,20.668792455743,
    58.048747737362));
#5830 = CARTESIAN_POINT('',(-6.8882666591,20.152438666943,
    58.048747737362));
#5831 = CARTESIAN_POINT('',(-7.3631379802,19.146424949643,
    58.048747737362));
#5832 = CARTESIAN_POINT('',(-8.0900617114,18.302942691043,
    58.048747737362));
#5833 = CARTESIAN_POINT('',(-8.5198826417,17.922387770843,
    58.048747737362));
#5834 = CARTESIAN_POINT('',(-9.3121004151,17.382875826443,
    58.048747737362));
#5835 = CARTESIAN_POINT('',(-10.1931095526,17.014884737843,
    58.048747737362));
#5836 = CARTESIAN_POINT('',(-10.5595379432,16.895081483943,
    58.048747737362));
#5837 = CARTESIAN_POINT('',(-10.9336386187,16.804289982643,
    58.048747737362));
#5838 = CARTESIAN_POINT('',(-11.3124895912,16.742732131643,
    58.048747737362));
#5839 = PLANE('',#5840);
#5840 = AXIS2_PLACEMENT_3D('',#5841,#5842,#5843);
#5841 = CARTESIAN_POINT('',(-17.9,69.550978539343,58.048747737362));
#5842 = DIRECTION('',(-4.00617039642E-13,1.110223024625E-16,1.));
#5843 = DIRECTION('',(1.,2.22044604925E-16,4.00617039642E-13));
#5844 = ADVANCED_FACE('',(#5845),#5871,.F.);
#5845 = FACE_BOUND('',#5846,.F.);
#5846 = EDGE_LOOP('',(#5847,#5855,#5864,#5870));
#5847 = ORIENTED_EDGE('',*,*,#5848,.T.);
#5848 = EDGE_CURVE('',#2190,#5849,#5851,.T.);
#5849 = VERTEX_POINT('',#5850);
#5850 = CARTESIAN_POINT('',(1.9,28.987626620143,43.391211008962));
#5851 = LINE('',#5852,#5853);
#5852 = CARTESIAN_POINT('',(-1.7100727684E+05,2.252841293805E+05,
    -4.122833800223E+05));
#5853 = VECTOR('',#5854,1.);
#5854 = DIRECTION('',(-0.342020143322,0.450512640843,-0.82465785754));
#5855 = ORIENTED_EDGE('',*,*,#5856,.F.);
#5856 = EDGE_CURVE('',#5857,#5849,#5859,.T.);
#5857 = VERTEX_POINT('',#5858);
#5858 = CARTESIAN_POINT('',(1.9,26.630291246843,47.706284465762));
#5859 = CIRCLE('',#5860,2.45849999998);
#5860 = AXIS2_PLACEMENT_3D('',#5861,#5862,#5863);
#5861 = CARTESIAN_POINT('',(1.9,27.808958933443,45.548747737362));
#5862 = DIRECTION('',(-1.,-1.03970530932E-16,8.03695023125E-18));
#5863 = DIRECTION('',(-1.03970530932E-16,1.,-1.110223024625E-16));
#5864 = ORIENTED_EDGE('',*,*,#5865,.F.);
#5865 = EDGE_CURVE('',#2188,#5857,#5866,.T.);
#5866 = LINE('',#5867,#5868);
#5867 = CARTESIAN_POINT('',(-1.7100727684E+05,-2.252285114625E+05,
    4.123744775177E+05));
#5868 = VECTOR('',#5869,1.);
#5869 = DIRECTION('',(-0.342020143322,-0.450512640843,0.82465785754));
#5870 = ORIENTED_EDGE('',*,*,#2187,.T.);
#5871 = CONICAL_SURFACE('',#5872,0.,1.2217304764);
#5872 = AXIS2_PLACEMENT_3D('',#5873,#5874,#5875);
#5873 = CARTESIAN_POINT('',(2.7948208209,27.808958933443,45.548747737362
    ));
#5874 = DIRECTION('',(-1.,-9.957992501003E-17,1.105559255366E-32));
#5875 = DIRECTION('',(4.77411591821E-17,-0.479425538604,0.87758256189));
#5876 = ADVANCED_FACE('',(#5877),#5889,.F.);
#5877 = FACE_BOUND('',#5878,.F.);
#5878 = EDGE_LOOP('',(#5879,#5880,#5887,#5888));
#5879 = ORIENTED_EDGE('',*,*,#5865,.T.);
#5880 = ORIENTED_EDGE('',*,*,#5881,.F.);
#5881 = EDGE_CURVE('',#5849,#5857,#5882,.T.);
#5882 = CIRCLE('',#5883,2.45849999998);
#5883 = AXIS2_PLACEMENT_3D('',#5884,#5885,#5886);
#5884 = CARTESIAN_POINT('',(1.9,27.808958933443,45.548747737362));
#5885 = DIRECTION('',(-1.,-1.03970530932E-16,8.03695023125E-18));
#5886 = DIRECTION('',(-1.03970530932E-16,1.,-1.110223024625E-16));
#5887 = ORIENTED_EDGE('',*,*,#5848,.F.);
#5888 = ORIENTED_EDGE('',*,*,#2198,.T.);
#5889 = CONICAL_SURFACE('',#5890,0.,1.2217304764);
#5890 = AXIS2_PLACEMENT_3D('',#5891,#5892,#5893);
#5891 = CARTESIAN_POINT('',(2.7948208209,27.808958933443,45.548747737362
    ));
#5892 = DIRECTION('',(-1.,-9.957992501003E-17,1.105559255366E-32));
#5893 = DIRECTION('',(-4.77411591821E-17,0.479425538604,-0.87758256189)
  );
#5894 = ADVANCED_FACE('',(#5895),#5906,.T.);
#5895 = FACE_BOUND('',#5896,.T.);
#5896 = EDGE_LOOP('',(#5897,#5898,#5899,#5900));
#5897 = ORIENTED_EDGE('',*,*,#5733,.F.);
#5898 = ORIENTED_EDGE('',*,*,#2258,.T.);
#5899 = ORIENTED_EDGE('',*,*,#5779,.T.);
#5900 = ORIENTED_EDGE('',*,*,#5901,.F.);
#5901 = EDGE_CURVE('',#5717,#5772,#5902,.T.);
#5902 = LINE('',#5903,#5904);
#5903 = CARTESIAN_POINT('',(-38.28,70.733978539533,46.798747737362));
#5904 = VECTOR('',#5905,1.);
#5905 = DIRECTION('',(-3.96961782638E-13,1.110223024624E-16,1.));
#5906 = PLANE('',#5907);
#5907 = AXIS2_PLACEMENT_3D('',#5908,#5909,#5910);
#5908 = CARTESIAN_POINT('',(-38.28,69.550978539343,20.548747737362));
#5909 = DIRECTION('',(-1.,-2.22044604925E-16,-4.00617039642E-13));
#5910 = DIRECTION('',(-4.00617039642E-13,1.110223024625E-16,1.));
#5911 = ADVANCED_FACE('',(#5912),#5918,.T.);
#5912 = FACE_BOUND('',#5913,.T.);
#5913 = EDGE_LOOP('',(#5914,#5915,#5916,#5917));
#5914 = ORIENTED_EDGE('',*,*,#2989,.F.);
#5915 = ORIENTED_EDGE('',*,*,#2285,.T.);
#5916 = ORIENTED_EDGE('',*,*,#3028,.T.);
#5917 = ORIENTED_EDGE('',*,*,#3005,.F.);
#5918 = PLANE('',#5919);
#5919 = AXIS2_PLACEMENT_3D('',#5920,#5921,#5922);
#5920 = CARTESIAN_POINT('',(-50.28,69.550978539343,25.048747737362));
#5921 = DIRECTION('',(1.,2.22044604925E-16,4.00617039642E-13));
#5922 = DIRECTION('',(4.00617039642E-13,-1.110223024625E-16,-1.));
#5923 = ADVANCED_FACE('',(#5924),#5930,.T.);
#5924 = FACE_BOUND('',#5925,.T.);
#5925 = EDGE_LOOP('',(#5926,#5927,#5928,#5929));
#5926 = ORIENTED_EDGE('',*,*,#3228,.F.);
#5927 = ORIENTED_EDGE('',*,*,#3496,.T.);
#5928 = ORIENTED_EDGE('',*,*,#2389,.T.);
#5929 = ORIENTED_EDGE('',*,*,#2366,.F.);
#5930 = PLANE('',#5931);
#5931 = AXIS2_PLACEMENT_3D('',#5932,#5933,#5934);
#5932 = CARTESIAN_POINT('',(-50.28,69.550978539343,25.048747737362));
#5933 = DIRECTION('',(1.,2.22044604925E-16,4.00617039642E-13));
#5934 = DIRECTION('',(4.00617039642E-13,-1.110223024625E-16,-1.));
#5935 = ADVANCED_FACE('',(#5936),#5955,.T.);
#5936 = FACE_BOUND('',#5937,.T.);
#5937 = EDGE_LOOP('',(#5938,#5939,#5940,#5949));
#5938 = ORIENTED_EDGE('',*,*,#2964,.T.);
#5939 = ORIENTED_EDGE('',*,*,#2481,.F.);
#5940 = ORIENTED_EDGE('',*,*,#5941,.F.);
#5941 = EDGE_CURVE('',#5942,#2482,#5944,.T.);
#5942 = VERTEX_POINT('',#5943);
#5943 = CARTESIAN_POINT('',(-62.23020922511,70.733978539533,
    38.904959772672));
#5944 = CIRCLE('',#5945,8.00000005155);
#5945 = AXIS2_PLACEMENT_3D('',#5946,#5947,#5948);
#5946 = CARTESIAN_POINT('',(-56.77999996635,70.733978539343,
    33.048747698028));
#5947 = DIRECTION('',(-2.22044604925E-16,1.,-1.110223024626E-16));
#5948 = DIRECTION('',(-1.089382751298E-44,1.110223024626E-16,1.));
#5949 = ORIENTED_EDGE('',*,*,#5950,.T.);
#5950 = EDGE_CURVE('',#5942,#2531,#5951,.T.);
#5951 = LINE('',#5952,#5953);
#5952 = CARTESIAN_POINT('',(-66.5651046127,70.733978539343,
    38.904958979612));
#5953 = VECTOR('',#5954,1.);
#5954 = DIRECTION('',(-1.,-2.220446252234E-16,-1.82831920168E-07));
#5955 = PLANE('',#5956);
#5956 = AXIS2_PLACEMENT_3D('',#5957,#5958,#5959);
#5957 = CARTESIAN_POINT('',(-17.9,70.733978539343,48.048747737362));
#5958 = DIRECTION('',(-2.22044604925E-16,1.,-1.110223024626E-16));
#5959 = DIRECTION('',(-1.,-2.22044604925E-16,-4.00617039642E-13));
#5960 = ADVANCED_FACE('',(#5961),#5973,.F.);
#5961 = FACE_BOUND('',#5962,.F.);
#5962 = EDGE_LOOP('',(#5963,#5970,#5971,#5972));
#5963 = ORIENTED_EDGE('',*,*,#5964,.T.);
#5964 = EDGE_CURVE('',#5942,#4499,#5965,.T.);
#5965 = B_SPLINE_CURVE_WITH_KNOTS('',3,(#5966,#5967,#5968,#5969),
  .UNSPECIFIED.,.F.,.F.,(4,4),(0.,0.703916544455),
  .PIECEWISE_BEZIER_KNOTS.);
#5966 = CARTESIAN_POINT('',(-62.23020918891,70.733978539533,
    38.904959806372));
#5967 = CARTESIAN_POINT('',(-62.30873501336,70.607398546482,
    38.831878065992));
#5968 = CARTESIAN_POINT('',(-62.38480123282,70.479682292976,
    38.758140179792));
#5969 = CARTESIAN_POINT('',(-62.45853975119,70.350978540088,
    38.683833033452));
#5970 = ORIENTED_EDGE('',*,*,#4526,.T.);
#5971 = ORIENTED_EDGE('',*,*,#2513,.T.);
#5972 = ORIENTED_EDGE('',*,*,#5941,.F.);
#5973 = CYLINDRICAL_SURFACE('',#5974,8.);
#5974 = AXIS2_PLACEMENT_3D('',#5975,#5976,#5977);
#5975 = CARTESIAN_POINT('',(-56.78,78.050978539343,33.048747737362));
#5976 = DIRECTION('',(-2.22044604925E-16,1.,-1.110223024626E-16));
#5977 = DIRECTION('',(4.00800736661E-13,-1.110223024625E-16,-1.));
#5978 = ADVANCED_FACE('',(#5979),#5991,.F.);
#5979 = FACE_BOUND('',#5980,.F.);
#5980 = EDGE_LOOP('',(#5981,#5982,#5988,#5989,#5990));
#5981 = ORIENTED_EDGE('',*,*,#2530,.T.);
#5982 = ORIENTED_EDGE('',*,*,#5983,.T.);
#5983 = EDGE_CURVE('',#2533,#4497,#5984,.T.);
#5984 = LINE('',#5985,#5986);
#5985 = CARTESIAN_POINT('',(-66.62871102392,69.700978540133,
    38.308555358902));
#5986 = VECTOR('',#5987,1.);
#5987 = DIRECTION('',(1.,2.220446047919E-16,4.00599382326E-13));
#5988 = ORIENTED_EDGE('',*,*,#4496,.T.);
#5989 = ORIENTED_EDGE('',*,*,#5964,.F.);
#5990 = ORIENTED_EDGE('',*,*,#5950,.T.);
#5991 = PLANE('',#5992);
#5992 = AXIS2_PLACEMENT_3D('',#5993,#5994,#5995);
#5993 = CARTESIAN_POINT('',(-17.9,72.167978539343,39.732878472562));
#5994 = DIRECTION('',(-3.468335112169E-13,-0.5,0.866025403784));
#5995 = DIRECTION('',(2.005008160899E-13,-0.866025403784,-0.5));
#5996 = ADVANCED_FACE('',(#5997),#6009,.F.);
#5997 = FACE_BOUND('',#5998,.F.);
#5998 = EDGE_LOOP('',(#5999,#6000,#6001,#6002,#6008));
#5999 = ORIENTED_EDGE('',*,*,#4509,.F.);
#6000 = ORIENTED_EDGE('',*,*,#5983,.F.);
#6001 = ORIENTED_EDGE('',*,*,#2540,.T.);
#6002 = ORIENTED_EDGE('',*,*,#6003,.T.);
#6003 = EDGE_CURVE('',#2541,#4443,#6004,.T.);
#6004 = LINE('',#6005,#6006);
#6005 = CARTESIAN_POINT('',(-25.8999999992,69.70097853932,
    37.788940116242));
#6006 = VECTOR('',#6007,1.);
#6007 = DIRECTION('',(1.,2.22044604925E-16,4.00617039631E-13));
#6008 = ORIENTED_EDGE('',*,*,#4442,.F.);
#6009 = CYLINDRICAL_SURFACE('',#6010,0.3);
#6010 = AXIS2_PLACEMENT_3D('',#6011,#6012,#6013);
#6011 = CARTESIAN_POINT('',(-25.9,69.850978539343,38.048747737362));
#6012 = DIRECTION('',(1.,2.220446046746E-16,4.00617039642E-13));
#6013 = DIRECTION('',(-3.468335112165E-13,-0.5,0.866025403784));
#6014 = ADVANCED_FACE('',(#6015),#6037,.F.);
#6015 = FACE_BOUND('',#6016,.T.);
#6016 = EDGE_LOOP('',(#6017,#6025,#6026,#6027,#6028));
#6017 = ORIENTED_EDGE('',*,*,#6018,.T.);
#6018 = EDGE_CURVE('',#6019,#2564,#6021,.T.);
#6019 = VERTEX_POINT('',#6020);
#6020 = CARTESIAN_POINT('',(-63.62317226231,70.733978457953,
    37.192537335162));
#6021 = LINE('',#6022,#6023);
#6022 = CARTESIAN_POINT('',(-67.2615861312,70.733978498283,
    37.192537311872));
#6023 = VECTOR('',#6024,1.);
#6024 = DIRECTION('',(-1.,1.108379943156E-08,-6.39963530965E-09));
#6025 = ORIENTED_EDGE('',*,*,#2563,.F.);
#6026 = ORIENTED_EDGE('',*,*,#6003,.T.);
#6027 = ORIENTED_EDGE('',*,*,#4452,.F.);
#6028 = ORIENTED_EDGE('',*,*,#6029,.T.);
#6029 = EDGE_CURVE('',#4453,#6019,#6030,.T.);
#6030 = B_SPLINE_CURVE_WITH_KNOTS('',5,(#6031,#6032,#6033,#6034,#6035,
    #6036),.UNSPECIFIED.,.F.,.F.,(6,6),(0.,0.65555927717),
  .PIECEWISE_BEZIER_KNOTS.);
#6031 = CARTESIAN_POINT('',(-63.48429113589,70.350978538968,
    37.413662441482));
#6032 = CARTESIAN_POINT('',(-63.51298826013,70.42732274972,
    37.369585090862));
#6033 = CARTESIAN_POINT('',(-63.54121932942,70.503798730631,
    37.325431662692));
#6034 = CARTESIAN_POINT('',(-63.56899157533,70.580407165509,
    37.281201762192));
#6035 = CARTESIAN_POINT('',(-63.59630675706,70.657133432786,
    37.236903831132));
#6036 = CARTESIAN_POINT('',(-63.62317226231,70.733978457953,
    37.192537335162));
#6037 = PLANE('',#6038);
#6038 = AXIS2_PLACEMENT_3D('',#6039,#6040,#6041);
#6039 = CARTESIAN_POINT('',(-17.9,69.700978539343,37.788940116262));
#6040 = DIRECTION('',(3.470555558218E-13,-0.5,-0.866025403784));
#6041 = DIRECTION('',(2.001162235526E-13,0.866025403784,-0.5));
#6042 = ADVANCED_FACE('',(#6043),#6062,.T.);
#6043 = FACE_BOUND('',#6044,.T.);
#6044 = EDGE_LOOP('',(#6045,#6046,#6047,#6056));
#6045 = ORIENTED_EDGE('',*,*,#2571,.T.);
#6046 = ORIENTED_EDGE('',*,*,#6018,.F.);
#6047 = ORIENTED_EDGE('',*,*,#6048,.F.);
#6048 = EDGE_CURVE('',#6049,#6019,#6051,.T.);
#6049 = VERTEX_POINT('',#6050);
#6050 = CARTESIAN_POINT('',(-64.04194538135,70.733978539533,
    36.404958290682));
#6051 = CIRCLE('',#6052,7.99999945138);
#6052 = AXIS2_PLACEMENT_3D('',#6053,#6054,#6055);
#6053 = CARTESIAN_POINT('',(-56.78000048196,70.733978539343,
    33.04874800152));
#6054 = DIRECTION('',(-2.22044604925E-16,1.,-1.110223024626E-16));
#6055 = DIRECTION('',(-1.089382751298E-44,1.110223024626E-16,1.));
#6056 = ORIENTED_EDGE('',*,*,#6057,.T.);
#6057 = EDGE_CURVE('',#6049,#2572,#6058,.T.);
#6058 = LINE('',#6059,#6060);
#6059 = CARTESIAN_POINT('',(-67.4709726904,70.733978539343,
    36.404958239202));
#6060 = VECTOR('',#6061,1.);
#6061 = DIRECTION('',(-1.,-2.220446066136E-16,-1.52099804058E-08));
#6062 = PLANE('',#6063);
#6063 = AXIS2_PLACEMENT_3D('',#6064,#6065,#6066);
#6064 = CARTESIAN_POINT('',(-17.9,70.733978539343,48.048747737362));
#6065 = DIRECTION('',(-2.22044604925E-16,1.,-1.110223024626E-16));
#6066 = DIRECTION('',(-1.,-2.22044604925E-16,-4.00617039642E-13));
#6067 = ADVANCED_FACE('',(#6068),#6088,.F.);
#6068 = FACE_BOUND('',#6069,.T.);
#6069 = EDGE_LOOP('',(#6070,#6071,#6080,#6081,#6087));
#6070 = ORIENTED_EDGE('',*,*,#6057,.F.);
#6071 = ORIENTED_EDGE('',*,*,#6072,.T.);
#6072 = EDGE_CURVE('',#6049,#4463,#6073,.T.);
#6073 = B_SPLINE_CURVE_WITH_KNOTS('',5,(#6074,#6075,#6076,#6077,#6078,
    #6079),.UNSPECIFIED.,.F.,.F.,(6,6),(0.,0.640666909662),
  .PIECEWISE_BEZIER_KNOTS.);
#6074 = CARTESIAN_POINT('',(-64.04194537885,70.733978586183,
    36.404958213562));
#6075 = CARTESIAN_POINT('',(-64.06234490421,70.65752739511,
    36.360819097822));
#6076 = CARTESIAN_POINT('',(-64.08235801902,70.580999490303,
    36.316635691382));
#6077 = CARTESIAN_POINT('',(-64.10198851239,70.504395056861,
    36.272408101112));
#6078 = CARTESIAN_POINT('',(-64.12123837233,70.427721371254,
    36.228140528092));
#6079 = CARTESIAN_POINT('',(-64.14011142551,70.350978539758,
    36.183833033662));
#6080 = ORIENTED_EDGE('',*,*,#4471,.F.);
#6081 = ORIENTED_EDGE('',*,*,#6082,.F.);
#6082 = EDGE_CURVE('',#2580,#4472,#6083,.T.);
#6083 = LINE('',#6084,#6085);
#6084 = CARTESIAN_POINT('',(-67.4161947235,69.700978540133,
    35.808555358902));
#6085 = VECTOR('',#6086,1.);
#6086 = DIRECTION('',(1.,2.220446047915E-16,4.00645924729E-13));
#6087 = ORIENTED_EDGE('',*,*,#2579,.F.);
#6088 = PLANE('',#6089);
#6089 = AXIS2_PLACEMENT_3D('',#6090,#6091,#6092);
#6090 = CARTESIAN_POINT('',(-17.9,72.167978539343,37.232878472562));
#6091 = DIRECTION('',(-3.468335112169E-13,-0.5,0.866025403784));
#6092 = DIRECTION('',(2.005008160899E-13,-0.866025403784,-0.5));
#6093 = ADVANCED_FACE('',(#6094),#6106,.F.);
#6094 = FACE_BOUND('',#6095,.F.);
#6095 = EDGE_LOOP('',(#6096,#6097,#6098,#6099,#6105));
#6096 = ORIENTED_EDGE('',*,*,#4481,.F.);
#6097 = ORIENTED_EDGE('',*,*,#6082,.F.);
#6098 = ORIENTED_EDGE('',*,*,#2587,.T.);
#6099 = ORIENTED_EDGE('',*,*,#6100,.T.);
#6100 = EDGE_CURVE('',#2588,#4388,#6101,.T.);
#6101 = LINE('',#6102,#6103);
#6102 = CARTESIAN_POINT('',(-25.8999999992,69.70097853932,
    35.288940116242));
#6103 = VECTOR('',#6104,1.);
#6104 = DIRECTION('',(1.,2.22044604925E-16,4.00617039631E-13));
#6105 = ORIENTED_EDGE('',*,*,#4387,.F.);
#6106 = CYLINDRICAL_SURFACE('',#6107,0.3);
#6107 = AXIS2_PLACEMENT_3D('',#6108,#6109,#6110);
#6108 = CARTESIAN_POINT('',(-25.9,69.850978539343,35.548747737362));
#6109 = DIRECTION('',(1.,2.220446046746E-16,4.00617039642E-13));
#6110 = DIRECTION('',(-3.468335112165E-13,-0.5,0.866025403784));
#6111 = ADVANCED_FACE('',(#6112),#6134,.F.);
#6112 = FACE_BOUND('',#6113,.T.);
#6113 = EDGE_LOOP('',(#6114,#6122,#6123,#6124,#6125));
#6114 = ORIENTED_EDGE('',*,*,#6115,.T.);
#6115 = EDGE_CURVE('',#6116,#2611,#6118,.T.);
#6116 = VERTEX_POINT('',#6117);
#6117 = CARTESIAN_POINT('',(-64.60930110663,70.733978539343,
    34.692537313712));
#6118 = LINE('',#6119,#6120);
#6119 = CARTESIAN_POINT('',(-67.7546505533,70.733978533773,
    34.692537291382));
#6120 = VECTOR('',#6121,1.);
#6121 = DIRECTION('',(-1.,1.538555082735E-09,-8.88685939149E-10));
#6122 = ORIENTED_EDGE('',*,*,#2610,.F.);
#6123 = ORIENTED_EDGE('',*,*,#6100,.T.);
#6124 = ORIENTED_EDGE('',*,*,#4397,.T.);
#6125 = ORIENTED_EDGE('',*,*,#6126,.T.);
#6126 = EDGE_CURVE('',#4398,#6116,#6127,.T.);
#6127 = B_SPLINE_CURVE_WITH_KNOTS('',5,(#6128,#6129,#6130,#6131,#6132,
    #6133),.UNSPECIFIED.,.F.,.F.,(6,6),(0.,0.629378625592),
  .PIECEWISE_BEZIER_KNOTS.);
#6128 = CARTESIAN_POINT('',(-64.55959466434,70.350978538968,
    34.913662441482));
#6129 = CARTESIAN_POINT('',(-64.57018712852,70.427512752632,
    34.869475392622));
#6130 = CARTESIAN_POINT('',(-64.58045262063,70.504081071259,
    34.825268653252));
#6131 = CARTESIAN_POINT('',(-64.59039281713,70.580684599459,
    34.781041585632));
#6132 = CARTESIAN_POINT('',(-64.60000841112,70.65731670325,
    34.736798019872));
#6133 = CARTESIAN_POINT('',(-64.60930110663,70.733978528933,
    34.692537294182));
#6134 = PLANE('',#6135);
#6135 = AXIS2_PLACEMENT_3D('',#6136,#6137,#6138);
#6136 = CARTESIAN_POINT('',(-17.9,69.700978539343,35.288940116262));
#6137 = DIRECTION('',(3.470555558218E-13,-0.5,-0.866025403784));
#6138 = DIRECTION('',(2.001162235526E-13,0.866025403784,-0.5));
#6139 = ADVANCED_FACE('',(#6140),#6159,.T.);
#6140 = FACE_BOUND('',#6141,.T.);
#6141 = EDGE_LOOP('',(#6142,#6143,#6144,#6153));
#6142 = ORIENTED_EDGE('',*,*,#2618,.T.);
#6143 = ORIENTED_EDGE('',*,*,#6115,.F.);
#6144 = ORIENTED_EDGE('',*,*,#6145,.F.);
#6145 = EDGE_CURVE('',#6146,#6116,#6148,.T.);
#6146 = VERTEX_POINT('',#6147);
#6147 = CARTESIAN_POINT('',(-64.73404951169,70.733978539343,
    33.90495819823));
#6148 = CIRCLE('',#6149,7.99999908449);
#6149 = AXIS2_PLACEMENT_3D('',#6150,#6151,#6152);
#6150 = CARTESIAN_POINT('',(-56.78000090448,70.733978539343,
    33.048747881729));
#6151 = DIRECTION('',(-2.22044604925E-16,1.,-1.110223024626E-16));
#6152 = DIRECTION('',(-1.089382751298E-44,1.110223024626E-16,1.));
#6153 = ORIENTED_EDGE('',*,*,#6154,.T.);
#6154 = EDGE_CURVE('',#6146,#2619,#6155,.T.);
#6155 = LINE('',#6156,#6157);
#6156 = CARTESIAN_POINT('',(-67.8170247558,70.733978539343,
    33.90495819264));
#6157 = VECTOR('',#6158,1.);
#6158 = DIRECTION('',(-1.,-2.220446051263E-16,-1.81291462346E-09));
#6159 = PLANE('',#6160);
#6160 = AXIS2_PLACEMENT_3D('',#6161,#6162,#6163);
#6161 = CARTESIAN_POINT('',(-17.9,70.733978539343,48.048747737362));
#6162 = DIRECTION('',(-2.22044604925E-16,1.,-1.110223024626E-16));
#6163 = DIRECTION('',(-1.,-2.22044604925E-16,-4.00617039642E-13));
#6164 = ADVANCED_FACE('',(#6165),#6185,.F.);
#6165 = FACE_BOUND('',#6166,.T.);
#6166 = EDGE_LOOP('',(#6167,#6168,#6177,#6178,#6184));
#6167 = ORIENTED_EDGE('',*,*,#6154,.F.);
#6168 = ORIENTED_EDGE('',*,*,#6169,.T.);
#6169 = EDGE_CURVE('',#6146,#4407,#6170,.T.);
#6170 = B_SPLINE_CURVE_WITH_KNOTS('',5,(#6171,#6172,#6173,#6174,#6175,
    #6176),.UNSPECIFIED.,.F.,.F.,(6,6),(0.,0.626125094958),
  .PIECEWISE_BEZIER_KNOTS.);
#6171 = CARTESIAN_POINT('',(-64.73404951169,70.733978545853,
    33.904958190283));
#6172 = CARTESIAN_POINT('',(-64.73880846682,70.657404785947,
    33.860748309389));
#6173 = CARTESIAN_POINT('',(-64.74325762756,70.580816926081,
    33.816530287879));
#6174 = CARTESIAN_POINT('',(-64.74739765074,70.504213845584,
    33.772303478733));
#6175 = CARTESIAN_POINT('',(-64.75122882425,70.427601428897,
    33.728071279335));
#6176 = CARTESIAN_POINT('',(-64.75475182533,70.350978539758,
    33.683833033665));
#6177 = ORIENTED_EDGE('',*,*,#4415,.F.);
#6178 = ORIENTED_EDGE('',*,*,#6179,.F.);
#6179 = EDGE_CURVE('',#2627,#4416,#6180,.T.);
#6180 = LINE('',#6181,#6182);
#6181 = CARTESIAN_POINT('',(-67.6709826715,69.700978540133,
    33.308555358906));
#6182 = VECTOR('',#6183,1.);
#6183 = DIRECTION('',(1.,2.220446047809E-16,4.00609914892E-13));
#6184 = ORIENTED_EDGE('',*,*,#2626,.F.);
#6185 = PLANE('',#6186);
#6186 = AXIS2_PLACEMENT_3D('',#6187,#6188,#6189);
#6187 = CARTESIAN_POINT('',(-17.9,72.167978539343,34.732878472562));
#6188 = DIRECTION('',(-3.468335112169E-13,-0.5,0.866025403784));
#6189 = DIRECTION('',(2.005008160899E-13,-0.866025403784,-0.5));
#6190 = ADVANCED_FACE('',(#6191),#6203,.F.);
#6191 = FACE_BOUND('',#6192,.F.);
#6192 = EDGE_LOOP('',(#6193,#6194,#6195,#6196,#6202));
#6193 = ORIENTED_EDGE('',*,*,#4425,.F.);
#6194 = ORIENTED_EDGE('',*,*,#6179,.F.);
#6195 = ORIENTED_EDGE('',*,*,#2634,.T.);
#6196 = ORIENTED_EDGE('',*,*,#6197,.T.);
#6197 = EDGE_CURVE('',#2635,#4361,#6198,.T.);
#6198 = LINE('',#6199,#6200);
#6199 = CARTESIAN_POINT('',(-25.8999999992,69.70097853932,32.78894011624
    ));
#6200 = VECTOR('',#6201,1.);
#6201 = DIRECTION('',(1.,2.22044604925E-16,4.00617039642E-13));
#6202 = ORIENTED_EDGE('',*,*,#4360,.F.);
#6203 = CYLINDRICAL_SURFACE('',#6204,0.3);
#6204 = AXIS2_PLACEMENT_3D('',#6205,#6206,#6207);
#6205 = CARTESIAN_POINT('',(-25.9,69.850978539343,33.048747737362));
#6206 = DIRECTION('',(1.,2.220446046746E-16,4.00617039642E-13));
#6207 = DIRECTION('',(-3.468335112165E-13,-0.5,0.866025403784));
#6208 = ADVANCED_FACE('',(#6209),#6231,.F.);
#6209 = FACE_BOUND('',#6210,.T.);
#6210 = EDGE_LOOP('',(#6211,#6219,#6220,#6221,#6222));
#6211 = ORIENTED_EDGE('',*,*,#6212,.T.);
#6212 = EDGE_CURVE('',#6213,#2658,#6215,.T.);
#6213 = VERTEX_POINT('',#6214);
#6214 = CARTESIAN_POINT('',(-64.73404951169,70.733978545063,
    32.192537284867));
#6215 = LINE('',#6216,#6217);
#6216 = CARTESIAN_POINT('',(-67.8170247558,70.733978541833,
    32.192537286729));
#6217 = VECTOR('',#6218,1.);
#6218 = DIRECTION('',(-1.,-1.046455620665E-09,6.0377068715E-10));
#6219 = ORIENTED_EDGE('',*,*,#2657,.F.);
#6220 = ORIENTED_EDGE('',*,*,#6197,.T.);
#6221 = ORIENTED_EDGE('',*,*,#4370,.T.);
#6222 = ORIENTED_EDGE('',*,*,#6223,.F.);
#6223 = EDGE_CURVE('',#6213,#4334,#6224,.T.);
#6224 = B_SPLINE_CURVE_WITH_KNOTS('',5,(#6225,#6226,#6227,#6228,#6229,
    #6230),.UNSPECIFIED.,.F.,.F.,(6,6),(0.,0.626125094959),
  .PIECEWISE_BEZIER_KNOTS.);
#6225 = CARTESIAN_POINT('',(-64.73404951169,70.733978545063,
    32.192537284867));
#6226 = CARTESIAN_POINT('',(-64.73880846681,70.657404785135,
    32.236747165775));
#6227 = CARTESIAN_POINT('',(-64.74325762756,70.58081692527,
    32.280965187285));
#6228 = CARTESIAN_POINT('',(-64.74739765074,70.504213844774,
    32.32519199643));
#6229 = CARTESIAN_POINT('',(-64.75122882425,70.427601428108,
    32.369424195815));
#6230 = CARTESIAN_POINT('',(-64.75475182533,70.350978538968,
    32.413662441486));
#6231 = PLANE('',#6232);
#6232 = AXIS2_PLACEMENT_3D('',#6233,#6234,#6235);
#6233 = CARTESIAN_POINT('',(-17.9,69.700978539343,32.788940116262));
#6234 = DIRECTION('',(3.470555558218E-13,-0.5,-0.866025403784));
#6235 = DIRECTION('',(2.001162235526E-13,0.866025403784,-0.5));
#6236 = ADVANCED_FACE('',(#6237),#6256,.T.);
#6237 = FACE_BOUND('',#6238,.T.);
#6238 = EDGE_LOOP('',(#6239,#6240,#6241,#6250));
#6239 = ORIENTED_EDGE('',*,*,#2665,.T.);
#6240 = ORIENTED_EDGE('',*,*,#6212,.F.);
#6241 = ORIENTED_EDGE('',*,*,#6242,.F.);
#6242 = EDGE_CURVE('',#6243,#6213,#6245,.T.);
#6243 = VERTEX_POINT('',#6244);
#6244 = CARTESIAN_POINT('',(-64.60930110662,70.733978528113,
    31.404958180042));
#6245 = CIRCLE('',#6246,7.9999989305);
#6246 = AXIS2_PLACEMENT_3D('',#6247,#6248,#6249);
#6247 = CARTESIAN_POINT('',(-56.78000105718,70.733978539343,
    33.048747570802));
#6248 = DIRECTION('',(-2.22044604925E-16,1.,-1.110223024626E-16));
#6249 = DIRECTION('',(-1.089382751298E-44,1.110223024626E-16,1.));
#6250 = ORIENTED_EDGE('',*,*,#6251,.T.);
#6251 = EDGE_CURVE('',#6243,#2666,#6252,.T.);
#6252 = LINE('',#6253,#6254);
#6253 = CARTESIAN_POINT('',(-67.7546505533,70.733978539343,
    31.404958174012));
#6254 = VECTOR('',#6255,1.);
#6255 = DIRECTION('',(-1.,-2.220446044648E-16,4.14493077492E-09));
#6256 = PLANE('',#6257);
#6257 = AXIS2_PLACEMENT_3D('',#6258,#6259,#6260);
#6258 = CARTESIAN_POINT('',(-17.9,70.733978539343,48.048747737362));
#6259 = DIRECTION('',(-2.22044604925E-16,1.,-1.110223024626E-16));
#6260 = DIRECTION('',(-1.,-2.22044604925E-16,-4.00617039642E-13));
#6261 = ADVANCED_FACE('',(#6262),#6282,.F.);
#6262 = FACE_BOUND('',#6263,.T.);
#6263 = EDGE_LOOP('',(#6264,#6265,#6274,#6275,#6281));
#6264 = ORIENTED_EDGE('',*,*,#6251,.F.);
#6265 = ORIENTED_EDGE('',*,*,#6266,.F.);
#6266 = EDGE_CURVE('',#4332,#6243,#6267,.T.);
#6267 = B_SPLINE_CURVE_WITH_KNOTS('',5,(#6268,#6269,#6270,#6271,#6272,
    #6273),.UNSPECIFIED.,.F.,.F.,(6,6),(0.,0.629378622985),
  .PIECEWISE_BEZIER_KNOTS.);
#6268 = CARTESIAN_POINT('',(-64.55959466434,70.350978539758,
    31.183833033662));
#6269 = CARTESIAN_POINT('',(-64.57018712851,70.427512753175,
    31.228020082382));
#6270 = CARTESIAN_POINT('',(-64.5804526206,70.504081071579,
    31.272226821622));
#6271 = CARTESIAN_POINT('',(-64.59039281715,70.580684599112,
    31.316453888872));
#6272 = CARTESIAN_POINT('',(-64.60000841112,70.657316702663,
    31.360697454482));
#6273 = CARTESIAN_POINT('',(-64.60930110662,70.733978528113,
    31.404958180042));
#6274 = ORIENTED_EDGE('',*,*,#4342,.F.);
#6275 = ORIENTED_EDGE('',*,*,#6276,.F.);
#6276 = EDGE_CURVE('',#2674,#4343,#6277,.T.);
#6277 = LINE('',#6278,#6279);
#6278 = CARTESIAN_POINT('',(-67.5058815792,69.700978540133,
    30.808555358902));
#6279 = VECTOR('',#6280,1.);
#6280 = DIRECTION('',(1.,2.220446047879E-16,4.00634566029E-13));
#6281 = ORIENTED_EDGE('',*,*,#2673,.F.);
#6282 = PLANE('',#6283);
#6283 = AXIS2_PLACEMENT_3D('',#6284,#6285,#6286);
#6284 = CARTESIAN_POINT('',(-17.9,72.167978539343,32.232878472562));
#6285 = DIRECTION('',(-3.468335112169E-13,-0.5,0.866025403784));
#6286 = DIRECTION('',(2.005008160899E-13,-0.866025403784,-0.5));
#6287 = ADVANCED_FACE('',(#6288),#6300,.F.);
#6288 = FACE_BOUND('',#6289,.F.);
#6289 = EDGE_LOOP('',(#6290,#6291,#6292,#6293,#6299));
#6290 = ORIENTED_EDGE('',*,*,#4351,.F.);
#6291 = ORIENTED_EDGE('',*,*,#6276,.F.);
#6292 = ORIENTED_EDGE('',*,*,#2681,.T.);
#6293 = ORIENTED_EDGE('',*,*,#6294,.T.);
#6294 = EDGE_CURVE('',#2682,#4278,#6295,.T.);
#6295 = LINE('',#6296,#6297);
#6296 = CARTESIAN_POINT('',(-25.8999999992,69.70097853932,
    30.288940116242));
#6297 = VECTOR('',#6298,1.);
#6298 = DIRECTION('',(1.,2.22044604925E-16,4.00617039631E-13));
#6299 = ORIENTED_EDGE('',*,*,#4277,.F.);
#6300 = CYLINDRICAL_SURFACE('',#6301,0.3);
#6301 = AXIS2_PLACEMENT_3D('',#6302,#6303,#6304);
#6302 = CARTESIAN_POINT('',(-25.9,69.850978539343,30.548747737362));
#6303 = DIRECTION('',(1.,2.220446046746E-16,4.00617039642E-13));
#6304 = DIRECTION('',(-3.468335112165E-13,-0.5,0.866025403784));
#6305 = ADVANCED_FACE('',(#6306),#6328,.F.);
#6306 = FACE_BOUND('',#6307,.T.);
#6307 = EDGE_LOOP('',(#6308,#6316,#6317,#6318,#6319));
#6308 = ORIENTED_EDGE('',*,*,#6309,.T.);
#6309 = EDGE_CURVE('',#6310,#2705,#6312,.T.);
#6310 = VERTEX_POINT('',#6311);
#6311 = CARTESIAN_POINT('',(-64.04194537885,70.733978587003,
    29.692537260652));
#6312 = LINE('',#6313,#6314);
#6313 = CARTESIAN_POINT('',(-67.4709726894,70.733978562803,
    29.692537274622));
#6314 = VECTOR('',#6315,1.);
#6315 = DIRECTION('',(-1.,-7.056365797565E-09,4.07359392741E-09));
#6316 = ORIENTED_EDGE('',*,*,#2704,.F.);
#6317 = ORIENTED_EDGE('',*,*,#6294,.T.);
#6318 = ORIENTED_EDGE('',*,*,#4286,.T.);
#6319 = ORIENTED_EDGE('',*,*,#6320,.F.);
#6320 = EDGE_CURVE('',#6310,#4287,#6321,.T.);
#6321 = B_SPLINE_CURVE_WITH_KNOTS('',5,(#6322,#6323,#6324,#6325,#6326,
    #6327),.UNSPECIFIED.,.F.,.F.,(6,6),(0.,0.640664925417),
  .PIECEWISE_BEZIER_KNOTS.);
#6322 = CARTESIAN_POINT('',(-64.04194537885,70.733978587003,
    29.692537260652));
#6323 = CARTESIAN_POINT('',(-64.0623448488,70.65752760346,
    29.736676256582));
#6324 = CARTESIAN_POINT('',(-64.08235790813,70.580999941483,
    29.780859522822));
#6325 = CARTESIAN_POINT('',(-64.10198863524,70.504394586512,
    29.825087645142));
#6326 = CARTESIAN_POINT('',(-64.12123842363,70.427721162169,
    29.869355067322));
#6327 = CARTESIAN_POINT('',(-64.14011142551,70.350978538968,
    29.913662441482));
#6328 = PLANE('',#6329);
#6329 = AXIS2_PLACEMENT_3D('',#6330,#6331,#6332);
#6330 = CARTESIAN_POINT('',(-17.9,69.700978539343,30.288940116262));
#6331 = DIRECTION('',(3.470555558218E-13,-0.5,-0.866025403784));
#6332 = DIRECTION('',(2.001162235526E-13,0.866025403784,-0.5));
#6333 = ADVANCED_FACE('',(#6334),#6353,.T.);
#6334 = FACE_BOUND('',#6335,.T.);
#6335 = EDGE_LOOP('',(#6336,#6337,#6338,#6347));
#6336 = ORIENTED_EDGE('',*,*,#2712,.T.);
#6337 = ORIENTED_EDGE('',*,*,#6309,.F.);
#6338 = ORIENTED_EDGE('',*,*,#6339,.F.);
#6339 = EDGE_CURVE('',#6340,#6310,#6342,.T.);
#6340 = VERTEX_POINT('',#6341);
#6341 = CARTESIAN_POINT('',(-63.6231722623,70.733978458743,
    28.904958139992));
#6342 = CIRCLE('',#6343,7.99999990467);
#6343 = AXIS2_PLACEMENT_3D('',#6344,#6345,#6346);
#6344 = CARTESIAN_POINT('',(-56.78000008051,70.733978539343,
    33.048747685332));
#6345 = DIRECTION('',(-2.22044604925E-16,1.,-1.110223024626E-16));
#6346 = DIRECTION('',(-1.089382751298E-44,1.110223024626E-16,1.));
#6347 = ORIENTED_EDGE('',*,*,#6348,.T.);
#6348 = EDGE_CURVE('',#6340,#2713,#6349,.T.);
#6349 = LINE('',#6350,#6351);
#6350 = CARTESIAN_POINT('',(-67.2615861311,70.733978539343,
    28.904958092992));
#6351 = VECTOR('',#6352,1.);
#6352 = DIRECTION('',(-1.,-2.220446020548E-16,2.58525076932E-08));
#6353 = PLANE('',#6354);
#6354 = AXIS2_PLACEMENT_3D('',#6355,#6356,#6357);
#6355 = CARTESIAN_POINT('',(-17.9,70.733978539343,48.048747737362));
#6356 = DIRECTION('',(-2.22044604925E-16,1.,-1.110223024626E-16));
#6357 = DIRECTION('',(-1.,-2.22044604925E-16,-4.00617039642E-13));
#6358 = ADVANCED_FACE('',(#6359),#6379,.F.);
#6359 = FACE_BOUND('',#6360,.T.);
#6360 = EDGE_LOOP('',(#6361,#6362,#6371,#6372,#6378));
#6361 = ORIENTED_EDGE('',*,*,#6348,.F.);
#6362 = ORIENTED_EDGE('',*,*,#6363,.F.);
#6363 = EDGE_CURVE('',#4297,#6340,#6364,.T.);
#6364 = B_SPLINE_CURVE_WITH_KNOTS('',5,(#6365,#6366,#6367,#6368,#6369,
    #6370),.UNSPECIFIED.,.F.,.F.,(6,6),(0.,0.65555927717),
  .PIECEWISE_BEZIER_KNOTS.);
#6365 = CARTESIAN_POINT('',(-63.48429113588,70.350978539758,
    28.683833033662));
#6366 = CARTESIAN_POINT('',(-63.51298826012,70.427322750503,
    28.727910384292));
#6367 = CARTESIAN_POINT('',(-63.54121932942,70.503798731415,
    28.772063812452));
#6368 = CARTESIAN_POINT('',(-63.56899157532,70.580407166318,
    28.816293712972));
#6369 = CARTESIAN_POINT('',(-63.59630675706,70.657133433575,
    28.860591644022));
#6370 = CARTESIAN_POINT('',(-63.6231722623,70.733978458743,
    28.904958139992));
#6371 = ORIENTED_EDGE('',*,*,#4305,.T.);
#6372 = ORIENTED_EDGE('',*,*,#6373,.F.);
#6373 = EDGE_CURVE('',#2721,#4306,#6374,.T.);
#6374 = LINE('',#6375,#6376);
#6375 = CARTESIAN_POINT('',(-66.8526312891,69.700978540133,
    28.308555358902));
#6376 = VECTOR('',#6377,1.);
#6377 = DIRECTION('',(1.,2.220446047845E-16,4.0059846804E-13));
#6378 = ORIENTED_EDGE('',*,*,#2720,.F.);
#6379 = PLANE('',#6380);
#6380 = AXIS2_PLACEMENT_3D('',#6381,#6382,#6383);
#6381 = CARTESIAN_POINT('',(-17.9,72.167978539343,29.732878472562));
#6382 = DIRECTION('',(-3.468335112169E-13,-0.5,0.866025403784));
#6383 = DIRECTION('',(2.005008160899E-13,-0.866025403784,-0.5));
#6384 = ADVANCED_FACE('',(#6385),#6397,.F.);
#6385 = FACE_BOUND('',#6386,.F.);
#6386 = EDGE_LOOP('',(#6387,#6388,#6389,#6390,#6396));
#6387 = ORIENTED_EDGE('',*,*,#4315,.F.);
#6388 = ORIENTED_EDGE('',*,*,#6373,.F.);
#6389 = ORIENTED_EDGE('',*,*,#2728,.T.);
#6390 = ORIENTED_EDGE('',*,*,#6391,.T.);
#6391 = EDGE_CURVE('',#2729,#4218,#6392,.T.);
#6392 = LINE('',#6393,#6394);
#6393 = CARTESIAN_POINT('',(-25.8999999992,69.70097853932,
    27.788940116242));
#6394 = VECTOR('',#6395,1.);
#6395 = DIRECTION('',(1.,2.22044604925E-16,4.00617039631E-13));
#6396 = ORIENTED_EDGE('',*,*,#4217,.F.);
#6397 = CYLINDRICAL_SURFACE('',#6398,0.3);
#6398 = AXIS2_PLACEMENT_3D('',#6399,#6400,#6401);
#6399 = CARTESIAN_POINT('',(-25.9,69.850978539343,28.048747737362));
#6400 = DIRECTION('',(1.,2.220446046746E-16,4.00617039642E-13));
#6401 = DIRECTION('',(-3.468335112165E-13,-0.5,0.866025403784));
#6402 = ADVANCED_FACE('',(#6403),#6425,.F.);
#6403 = FACE_BOUND('',#6404,.T.);
#6404 = EDGE_LOOP('',(#6405,#6413,#6414,#6415,#6416));
#6405 = ORIENTED_EDGE('',*,*,#6406,.T.);
#6406 = EDGE_CURVE('',#6407,#2752,#6409,.T.);
#6407 = VERTEX_POINT('',#6408);
#6408 = CARTESIAN_POINT('',(-62.23020918891,70.733978539533,
    27.192535668352));
#6409 = LINE('',#6410,#6411);
#6410 = CARTESIAN_POINT('',(-66.56510459407,70.733978889463,
    27.192537086032));
#6411 = VECTOR('',#6412,1.);
#6412 = DIRECTION('',(-1.,-8.093593659924E-08,4.67279839946E-08));
#6413 = ORIENTED_EDGE('',*,*,#2751,.F.);
#6414 = ORIENTED_EDGE('',*,*,#6391,.T.);
#6415 = ORIENTED_EDGE('',*,*,#4226,.T.);
#6416 = ORIENTED_EDGE('',*,*,#6417,.F.);
#6417 = EDGE_CURVE('',#6407,#4227,#6418,.T.);
#6418 = B_SPLINE_CURVE_WITH_KNOTS('',5,(#6419,#6420,#6421,#6422,#6423,
    #6424),.UNSPECIFIED.,.F.,.F.,(6,6),(0.,0.703907101255),
  .PIECEWISE_BEZIER_KNOTS.);
#6419 = CARTESIAN_POINT('',(-62.23020918815,70.733979240313,
    27.192536883472));
#6420 = CARTESIAN_POINT('',(-62.27732405076,70.658032069176,
    27.236385003162));
#6421 = CARTESIAN_POINT('',(-62.32370060505,70.581744816096,
    27.280429469272));
#6422 = CARTESIAN_POINT('',(-62.36935712571,70.5051236909,
    27.324666696522));
#6423 = CARTESIAN_POINT('',(-62.41429723436,70.428199756347,
    27.369078750842));
#6424 = CARTESIAN_POINT('',(-62.45853975191,70.350978540581,
    27.413662440552));
#6425 = PLANE('',#6426);
#6426 = AXIS2_PLACEMENT_3D('',#6427,#6428,#6429);
#6427 = CARTESIAN_POINT('',(-17.9,69.700978539343,27.788940116262));
#6428 = DIRECTION('',(3.470555558218E-13,-0.5,-0.866025403784));
#6429 = DIRECTION('',(2.001162235526E-13,0.866025403784,-0.5));
#6430 = ADVANCED_FACE('',(#6431),#6450,.T.);
#6431 = FACE_BOUND('',#6432,.T.);
#6432 = EDGE_LOOP('',(#6433,#6434,#6435,#6444));
#6433 = ORIENTED_EDGE('',*,*,#2759,.T.);
#6434 = ORIENTED_EDGE('',*,*,#6406,.F.);
#6435 = ORIENTED_EDGE('',*,*,#6436,.F.);
#6436 = EDGE_CURVE('',#6437,#6407,#6439,.T.);
#6437 = VERTEX_POINT('',#6438);
#6438 = CARTESIAN_POINT('',(-61.23646276863,70.733978539533,
    26.404958186822));
#6439 = CIRCLE('',#6440,7.99999934154);
#6440 = AXIS2_PLACEMENT_3D('',#6441,#6442,#6443);
#6441 = CARTESIAN_POINT('',(-56.78000040818,70.733978539343,
    33.048747219088));
#6442 = DIRECTION('',(-2.22044604925E-16,1.,-1.110223024626E-16));
#6443 = DIRECTION('',(-1.089382751298E-44,1.110223024626E-16,1.));
#6444 = ORIENTED_EDGE('',*,*,#6445,.T.);
#6445 = EDGE_CURVE('',#6437,#2760,#6446,.T.);
#6446 = LINE('',#6447,#6448);
#6447 = CARTESIAN_POINT('',(-66.06823138389,70.733978539343,
    26.404958187052));
#6448 = VECTOR('',#6449,1.);
#6449 = DIRECTION('',(-1.,-2.22044604925E-16,-4.00545003351E-13));
#6450 = PLANE('',#6451);
#6451 = AXIS2_PLACEMENT_3D('',#6452,#6453,#6454);
#6452 = CARTESIAN_POINT('',(-17.9,70.733978539343,48.048747737362));
#6453 = DIRECTION('',(-2.22044604925E-16,1.,-1.110223024626E-16));
#6454 = DIRECTION('',(-1.,-2.22044604925E-16,-4.00617039642E-13));
#6455 = ADVANCED_FACE('',(#6456),#6476,.F.);
#6456 = FACE_BOUND('',#6457,.T.);
#6457 = EDGE_LOOP('',(#6458,#6459,#6468,#6469,#6475));
#6458 = ORIENTED_EDGE('',*,*,#6445,.F.);
#6459 = ORIENTED_EDGE('',*,*,#6460,.F.);
#6460 = EDGE_CURVE('',#4238,#6437,#6461,.T.);
#6461 = B_SPLINE_CURVE_WITH_KNOTS('',5,(#6462,#6463,#6464,#6465,#6466,
    #6467),.UNSPECIFIED.,.F.,.F.,(6,6),(0.,0.796647800327),
  .PIECEWISE_BEZIER_KNOTS.);
#6462 = CARTESIAN_POINT('',(-60.88766918107,70.350978539758,
    26.183833033662));
#6463 = CARTESIAN_POINT('',(-60.95990498325,70.42584261107,
    26.227055825392));
#6464 = CARTESIAN_POINT('',(-61.03087371676,70.501625564281,
    26.270809133832));
#6465 = CARTESIAN_POINT('',(-61.10062317898,70.578297839399,
    26.315075892502));
#6466 = CARTESIAN_POINT('',(-61.16913590513,70.655757564302,
    26.359797285532));
#6467 = CARTESIAN_POINT('',(-61.23646270818,70.733978521653,
    26.404958176312));
#6468 = ORIENTED_EDGE('',*,*,#4246,.T.);
#6469 = ORIENTED_EDGE('',*,*,#6470,.F.);
#6470 = EDGE_CURVE('',#2768,#4247,#6471,.T.);
#6471 = LINE('',#6472,#6473);
#6472 = CARTESIAN_POINT('',(-65.10024077407,69.700978540133,
    25.808555358912));
#6473 = VECTOR('',#6474,1.);
#6474 = DIRECTION('',(1.,2.220446047824E-16,4.00615724796E-13));
#6475 = ORIENTED_EDGE('',*,*,#2767,.F.);
#6476 = PLANE('',#6477);
#6477 = AXIS2_PLACEMENT_3D('',#6478,#6479,#6480);
#6478 = CARTESIAN_POINT('',(-17.9,72.167978539343,27.232878472562));
#6479 = DIRECTION('',(-3.468335112169E-13,-0.5,0.866025403784));
#6480 = DIRECTION('',(2.005008160899E-13,-0.866025403784,-0.5));
#6481 = ADVANCED_FACE('',(#6482),#6496,.F.);
#6482 = FACE_BOUND('',#6483,.F.);
#6483 = EDGE_LOOP('',(#6484,#6485,#6486,#6492,#6493,#6494,#6495));
#6484 = ORIENTED_EDGE('',*,*,#6470,.F.);
#6485 = ORIENTED_EDGE('',*,*,#2775,.T.);
#6486 = ORIENTED_EDGE('',*,*,#6487,.T.);
#6487 = EDGE_CURVE('',#2776,#4114,#6488,.T.);
#6488 = LINE('',#6489,#6490);
#6489 = CARTESIAN_POINT('',(-25.8999999992,69.70097853932,
    25.288940116242));
#6490 = VECTOR('',#6491,1.);
#6491 = DIRECTION('',(1.,2.22044604925E-16,4.00617039631E-13));
#6492 = ORIENTED_EDGE('',*,*,#4113,.T.);
#6493 = ORIENTED_EDGE('',*,*,#4177,.T.);
#6494 = ORIENTED_EDGE('',*,*,#4203,.F.);
#6495 = ORIENTED_EDGE('',*,*,#4257,.T.);
#6496 = CYLINDRICAL_SURFACE('',#6497,0.3);
#6497 = AXIS2_PLACEMENT_3D('',#6498,#6499,#6500);
#6498 = CARTESIAN_POINT('',(-25.9,69.850978539343,25.548747737362));
#6499 = DIRECTION('',(1.,2.220446046746E-16,4.00617039642E-13));
#6500 = DIRECTION('',(-3.468335112165E-13,-0.5,0.866025403784));
#6501 = ADVANCED_FACE('',(#6502),#6521,.F.);
#6502 = FACE_BOUND('',#6503,.T.);
#6503 = EDGE_LOOP('',(#6504,#6512,#6513,#6514,#6515));
#6504 = ORIENTED_EDGE('',*,*,#6505,.T.);
#6505 = EDGE_CURVE('',#6506,#2799,#6508,.T.);
#6506 = VERTEX_POINT('',#6507);
#6507 = CARTESIAN_POINT('',(-50.28000000081,70.733978539343,
    24.692537287642));
#6508 = LINE('',#6509,#6510);
#6509 = CARTESIAN_POINT('',(-60.5900000004,70.733978539413,
    24.692537288132));
#6510 = VECTOR('',#6511,1.);
#6511 = DIRECTION('',(-1.,-7.82300037907E-11,4.47653984165E-11));
#6512 = ORIENTED_EDGE('',*,*,#2798,.F.);
#6513 = ORIENTED_EDGE('',*,*,#6487,.T.);
#6514 = ORIENTED_EDGE('',*,*,#4123,.T.);
#6515 = ORIENTED_EDGE('',*,*,#6516,.T.);
#6516 = EDGE_CURVE('',#4124,#6506,#6517,.T.);
#6517 = LINE('',#6518,#6519);
#6518 = CARTESIAN_POINT('',(-50.28000000081,70.542478540403,
    24.803099864112));
#6519 = VECTOR('',#6520,1.);
#6520 = DIRECTION('',(2.086725805676E-13,0.866025403784,-0.5));
#6521 = PLANE('',#6522);
#6522 = AXIS2_PLACEMENT_3D('',#6523,#6524,#6525);
#6523 = CARTESIAN_POINT('',(-17.9,69.700978539343,25.288940116262));
#6524 = DIRECTION('',(3.470555558218E-13,-0.5,-0.866025403784));
#6525 = DIRECTION('',(2.001162235526E-13,0.866025403784,-0.5));
#6526 = ADVANCED_FACE('',(#6527),#6545,.T.);
#6527 = FACE_BOUND('',#6528,.T.);
#6528 = EDGE_LOOP('',(#6529,#6530,#6531,#6539));
#6529 = ORIENTED_EDGE('',*,*,#2806,.T.);
#6530 = ORIENTED_EDGE('',*,*,#6505,.F.);
#6531 = ORIENTED_EDGE('',*,*,#6532,.T.);
#6532 = EDGE_CURVE('',#6506,#6533,#6535,.T.);
#6533 = VERTEX_POINT('',#6534);
#6534 = CARTESIAN_POINT('',(-50.28000000081,70.733978539343,
    23.904958187062));
#6535 = LINE('',#6536,#6537);
#6536 = CARTESIAN_POINT('',(-50.28000000081,70.733978539343,
    24.298747737352));
#6537 = VECTOR('',#6538,1.);
#6538 = DIRECTION('',(4.00344979649E-13,-1.110223024624E-16,-1.));
#6539 = ORIENTED_EDGE('',*,*,#6540,.T.);
#6540 = EDGE_CURVE('',#6533,#2807,#6541,.T.);
#6541 = LINE('',#6542,#6543);
#6542 = CARTESIAN_POINT('',(-60.5900000004,70.733978539343,
    23.904958187052));
#6543 = VECTOR('',#6544,1.);
#6544 = DIRECTION('',(-1.,-2.22044604925E-16,-4.00584835283E-13));
#6545 = PLANE('',#6546);
#6546 = AXIS2_PLACEMENT_3D('',#6547,#6548,#6549);
#6547 = CARTESIAN_POINT('',(-17.9,70.733978539343,48.048747737362));
#6548 = DIRECTION('',(-2.22044604925E-16,1.,-1.110223024626E-16));
#6549 = DIRECTION('',(-1.,-2.22044604925E-16,-4.00617039642E-13));
#6550 = ADVANCED_FACE('',(#6551),#6568,.F.);
#6551 = FACE_BOUND('',#6552,.T.);
#6552 = EDGE_LOOP('',(#6553,#6554,#6560,#6561,#6567));
#6553 = ORIENTED_EDGE('',*,*,#6540,.F.);
#6554 = ORIENTED_EDGE('',*,*,#6555,.F.);
#6555 = EDGE_CURVE('',#4134,#6533,#6556,.T.);
#6556 = LINE('',#6557,#6558);
#6557 = CARTESIAN_POINT('',(-50.28000000081,70.542478539579,
    23.794395610122));
#6558 = VECTOR('',#6559,1.);
#6559 = DIRECTION('',(-1.929906441179E-13,0.866025403784,0.5));
#6560 = ORIENTED_EDGE('',*,*,#4141,.F.);
#6561 = ORIENTED_EDGE('',*,*,#6562,.F.);
#6562 = EDGE_CURVE('',#2815,#4142,#6563,.T.);
#6563 = LINE('',#6564,#6565);
#6564 = CARTESIAN_POINT('',(-60.42318447641,69.700978540133,
    23.308555358912));
#6565 = VECTOR('',#6566,1.);
#6566 = DIRECTION('',(1.,2.220446047819E-16,4.00649529626E-13));
#6567 = ORIENTED_EDGE('',*,*,#2814,.F.);
#6568 = PLANE('',#6569);
#6569 = AXIS2_PLACEMENT_3D('',#6570,#6571,#6572);
#6570 = CARTESIAN_POINT('',(-17.9,72.167978539343,24.732878472562));
#6571 = DIRECTION('',(-3.468335112169E-13,-0.5,0.866025403784));
#6572 = DIRECTION('',(2.005008160899E-13,-0.866025403784,-0.5));
#6573 = ADVANCED_FACE('',(#6574),#6586,.F.);
#6574 = FACE_BOUND('',#6575,.F.);
#6575 = EDGE_LOOP('',(#6576,#6577,#6578,#6584,#6585));
#6576 = ORIENTED_EDGE('',*,*,#6562,.F.);
#6577 = ORIENTED_EDGE('',*,*,#2822,.T.);
#6578 = ORIENTED_EDGE('',*,*,#6579,.T.);
#6579 = EDGE_CURVE('',#2823,#4059,#6580,.T.);
#6580 = LINE('',#6581,#6582);
#6581 = CARTESIAN_POINT('',(-25.8999999992,69.70097853932,
    22.788940116262));
#6582 = VECTOR('',#6583,1.);
#6583 = DIRECTION('',(1.,2.22044604925E-16,4.00617039631E-13));
#6584 = ORIENTED_EDGE('',*,*,#4058,.T.);
#6585 = ORIENTED_EDGE('',*,*,#4151,.T.);
#6586 = CYLINDRICAL_SURFACE('',#6587,0.3);
#6587 = AXIS2_PLACEMENT_3D('',#6588,#6589,#6590);
#6588 = CARTESIAN_POINT('',(-25.9,69.850978539343,23.048747737362));
#6589 = DIRECTION('',(1.,2.220446046746E-16,4.00617039642E-13));
#6590 = DIRECTION('',(-3.468335112165E-13,-0.5,0.866025403784));
#6591 = ADVANCED_FACE('',(#6592),#6611,.F.);
#6592 = FACE_BOUND('',#6593,.T.);
#6593 = EDGE_LOOP('',(#6594,#6602,#6603,#6604,#6605));
#6594 = ORIENTED_EDGE('',*,*,#6595,.T.);
#6595 = EDGE_CURVE('',#6596,#2846,#6598,.T.);
#6596 = VERTEX_POINT('',#6597);
#6597 = CARTESIAN_POINT('',(-50.28,70.733978539533,22.192537287662));
#6598 = LINE('',#6599,#6600);
#6599 = CARTESIAN_POINT('',(-60.5900000004,70.733978539413,
    22.192537288162));
#6600 = VECTOR('',#6601,1.);
#6601 = DIRECTION('',(-1.,-7.82300037907E-11,4.47653984165E-11));
#6602 = ORIENTED_EDGE('',*,*,#2845,.F.);
#6603 = ORIENTED_EDGE('',*,*,#6579,.T.);
#6604 = ORIENTED_EDGE('',*,*,#4068,.T.);
#6605 = ORIENTED_EDGE('',*,*,#6606,.T.);
#6606 = EDGE_CURVE('',#4069,#6596,#6607,.T.);
#6607 = LINE('',#6608,#6609);
#6608 = CARTESIAN_POINT('',(-50.28000000081,70.542478540403,
    22.303099864162));
#6609 = VECTOR('',#6610,1.);
#6610 = DIRECTION('',(2.086725805676E-13,0.866025403784,-0.5));
#6611 = PLANE('',#6612);
#6612 = AXIS2_PLACEMENT_3D('',#6613,#6614,#6615);
#6613 = CARTESIAN_POINT('',(-17.9,69.700978539343,22.788940116262));
#6614 = DIRECTION('',(3.470555558218E-13,-0.5,-0.866025403784));
#6615 = DIRECTION('',(2.001162235526E-13,0.866025403784,-0.5));
#6616 = ADVANCED_FACE('',(#6617),#6635,.T.);
#6617 = FACE_BOUND('',#6618,.T.);
#6618 = EDGE_LOOP('',(#6619,#6620,#6621,#6629));
#6619 = ORIENTED_EDGE('',*,*,#2853,.T.);
#6620 = ORIENTED_EDGE('',*,*,#6595,.F.);
#6621 = ORIENTED_EDGE('',*,*,#6622,.T.);
#6622 = EDGE_CURVE('',#6596,#6623,#6625,.T.);
#6623 = VERTEX_POINT('',#6624);
#6624 = CARTESIAN_POINT('',(-50.28,70.733978539533,21.404958187062));
#6625 = LINE('',#6626,#6627);
#6626 = CARTESIAN_POINT('',(-50.28000000081,70.733978539343,
    21.798747737362));
#6627 = VECTOR('',#6628,1.);
#6628 = DIRECTION('',(4.00344979649E-13,-1.110223024624E-16,-1.));
#6629 = ORIENTED_EDGE('',*,*,#6630,.T.);
#6630 = EDGE_CURVE('',#6623,#2854,#6631,.T.);
#6631 = LINE('',#6632,#6633);
#6632 = CARTESIAN_POINT('',(-60.5900000004,70.733978539343,
    21.404958187062));
#6633 = VECTOR('',#6634,1.);
#6634 = DIRECTION('',(-1.,-2.22044604925E-16,-4.00584835283E-13));
#6635 = PLANE('',#6636);
#6636 = AXIS2_PLACEMENT_3D('',#6637,#6638,#6639);
#6637 = CARTESIAN_POINT('',(-17.9,70.733978539343,48.048747737362));
#6638 = DIRECTION('',(-2.22044604925E-16,1.,-1.110223024626E-16));
#6639 = DIRECTION('',(-1.,-2.22044604925E-16,-4.00617039642E-13));
#6640 = ADVANCED_FACE('',(#6641),#6658,.F.);
#6641 = FACE_BOUND('',#6642,.T.);
#6642 = EDGE_LOOP('',(#6643,#6644,#6650,#6651,#6657));
#6643 = ORIENTED_EDGE('',*,*,#6630,.F.);
#6644 = ORIENTED_EDGE('',*,*,#6645,.F.);
#6645 = EDGE_CURVE('',#4079,#6623,#6646,.T.);
#6646 = LINE('',#6647,#6648);
#6647 = CARTESIAN_POINT('',(-50.28000000081,70.542478539579,
    21.294395610162));
#6648 = VECTOR('',#6649,1.);
#6649 = DIRECTION('',(-1.929906441179E-13,0.866025403784,0.5));
#6650 = ORIENTED_EDGE('',*,*,#4086,.F.);
#6651 = ORIENTED_EDGE('',*,*,#6652,.F.);
#6652 = EDGE_CURVE('',#2862,#4087,#6653,.T.);
#6653 = LINE('',#6654,#6655);
#6654 = CARTESIAN_POINT('',(-60.42318447641,69.700978540133,
    20.808555358862));
#6655 = VECTOR('',#6656,1.);
#6656 = DIRECTION('',(1.,2.220446047819E-16,4.00649529626E-13));
#6657 = ORIENTED_EDGE('',*,*,#2861,.F.);
#6658 = PLANE('',#6659);
#6659 = AXIS2_PLACEMENT_3D('',#6660,#6661,#6662);
#6660 = CARTESIAN_POINT('',(-17.9,72.167978539343,22.232878472562));
#6661 = DIRECTION('',(-3.468335112169E-13,-0.5,0.866025403784));
#6662 = DIRECTION('',(2.005008160899E-13,-0.866025403784,-0.5));
#6663 = ADVANCED_FACE('',(#6664),#6676,.F.);
#6664 = FACE_BOUND('',#6665,.F.);
#6665 = EDGE_LOOP('',(#6666,#6667,#6668,#6669,#6675));
#6666 = ORIENTED_EDGE('',*,*,#4096,.T.);
#6667 = ORIENTED_EDGE('',*,*,#6652,.F.);
#6668 = ORIENTED_EDGE('',*,*,#2869,.T.);
#6669 = ORIENTED_EDGE('',*,*,#6670,.T.);
#6670 = EDGE_CURVE('',#2870,#4002,#6671,.T.);
#6671 = LINE('',#6672,#6673);
#6672 = CARTESIAN_POINT('',(-25.8999999992,69.70097853932,
    20.288940116262));
#6673 = VECTOR('',#6674,1.);
#6674 = DIRECTION('',(1.,2.22044604925E-16,4.00617039631E-13));
#6675 = ORIENTED_EDGE('',*,*,#4001,.F.);
#6676 = CYLINDRICAL_SURFACE('',#6677,0.3);
#6677 = AXIS2_PLACEMENT_3D('',#6678,#6679,#6680);
#6678 = CARTESIAN_POINT('',(-25.9,69.850978539343,20.548747737362));
#6679 = DIRECTION('',(1.,2.220446046746E-16,4.00617039642E-13));
#6680 = DIRECTION('',(-3.468335112165E-13,-0.5,0.866025403784));
#6681 = ADVANCED_FACE('',(#6682),#6704,.F.);
#6682 = FACE_BOUND('',#6683,.T.);
#6683 = EDGE_LOOP('',(#6684,#6692,#6693,#6694,#6695));
#6684 = ORIENTED_EDGE('',*,*,#6685,.T.);
#6685 = EDGE_CURVE('',#6686,#2893,#6688,.T.);
#6686 = VERTEX_POINT('',#6687);
#6687 = CARTESIAN_POINT('',(-50.18728847018,70.733978657983,
    19.692537219662));
#6688 = LINE('',#6689,#6690);
#6689 = CARTESIAN_POINT('',(-60.54364423508,70.733978598293,
    19.692537254162));
#6690 = VECTOR('',#6691,1.);
#6691 = DIRECTION('',(-1.,-5.763091799845E-09,3.32692187885E-09));
#6692 = ORIENTED_EDGE('',*,*,#2892,.F.);
#6693 = ORIENTED_EDGE('',*,*,#6670,.T.);
#6694 = ORIENTED_EDGE('',*,*,#4011,.T.);
#6695 = ORIENTED_EDGE('',*,*,#6696,.F.);
#6696 = EDGE_CURVE('',#6686,#4012,#6697,.T.);
#6697 = B_SPLINE_CURVE_WITH_KNOTS('',5,(#6698,#6699,#6700,#6701,#6702,
    #6703),.UNSPECIFIED.,.F.,.F.,(6,6),(0.,0.628263469647),
  .PIECEWISE_BEZIER_KNOTS.);
#6698 = CARTESIAN_POINT('',(-50.18728847018,70.733978657983,
    19.692537219662));
#6699 = CARTESIAN_POINT('',(-50.19696563531,70.657488946739,
    19.736698575062));
#6700 = CARTESIAN_POINT('',(-50.20599691596,70.580939546266,
    19.780894392062));
#6701 = CARTESIAN_POINT('',(-50.21438784045,70.504326057929,
    19.825127210162));
#6702 = CARTESIAN_POINT('',(-50.22214079788,70.427673945306,
    19.869382327962));
#6703 = CARTESIAN_POINT('',(-50.2292615339,70.350978538968,
    19.913662441462));
#6704 = PLANE('',#6705);
#6705 = AXIS2_PLACEMENT_3D('',#6706,#6707,#6708);
#6706 = CARTESIAN_POINT('',(-17.9,69.700978539343,20.288940116262));
#6707 = DIRECTION('',(3.470555558218E-13,-0.5,-0.866025403784));
#6708 = DIRECTION('',(2.001162235526E-13,0.866025403784,-0.5));
#6709 = ADVANCED_FACE('',(#6710),#6729,.T.);
#6710 = FACE_BOUND('',#6711,.T.);
#6711 = EDGE_LOOP('',(#6712,#6713,#6714,#6723));
#6712 = ORIENTED_EDGE('',*,*,#2900,.T.);
#6713 = ORIENTED_EDGE('',*,*,#6685,.F.);
#6714 = ORIENTED_EDGE('',*,*,#6715,.F.);
#6715 = EDGE_CURVE('',#6716,#6686,#6718,.T.);
#6716 = VERTEX_POINT('',#6717);
#6717 = CARTESIAN_POINT('',(-49.92663590199,70.733978210333,
    18.904957996562));
#6718 = CIRCLE('',#6719,3.99999997325);
#6719 = AXIS2_PLACEMENT_3D('',#6720,#6721,#6722);
#6720 = CARTESIAN_POINT('',(-46.2800000285,70.733978539343,
    20.548747738362));
#6721 = DIRECTION('',(-2.22044604925E-16,1.,-1.110223024626E-16));
#6722 = DIRECTION('',(-1.089382751298E-44,1.110223024626E-16,1.));
#6723 = ORIENTED_EDGE('',*,*,#6724,.T.);
#6724 = EDGE_CURVE('',#6716,#2901,#6725,.T.);
#6725 = LINE('',#6726,#6727);
#6726 = CARTESIAN_POINT('',(-60.41331795844,70.733978539343,
    18.904957821962));
#6727 = VECTOR('',#6728,1.);
#6728 = DIRECTION('',(-1.,-2.2204460106E-16,3.48131321918E-08));
#6729 = PLANE('',#6730);
#6730 = AXIS2_PLACEMENT_3D('',#6731,#6732,#6733);
#6731 = CARTESIAN_POINT('',(-17.9,70.733978539343,48.048747737362));
#6732 = DIRECTION('',(-2.22044604925E-16,1.,-1.110223024626E-16));
#6733 = DIRECTION('',(-1.,-2.22044604925E-16,-4.00617039642E-13));
#6734 = ADVANCED_FACE('',(#6735),#6755,.F.);
#6735 = FACE_BOUND('',#6736,.T.);
#6736 = EDGE_LOOP('',(#6737,#6738,#6747,#6748,#6754));
#6737 = ORIENTED_EDGE('',*,*,#6724,.F.);
#6738 = ORIENTED_EDGE('',*,*,#6739,.F.);
#6739 = EDGE_CURVE('',#4022,#6716,#6740,.T.);
#6740 = B_SPLINE_CURVE_WITH_KNOTS('',5,(#6741,#6742,#6743,#6744,#6745,
    #6746),.UNSPECIFIED.,.F.,.F.,(6,6),(0.,0.643834153757),
  .PIECEWISE_BEZIER_KNOTS.);
#6741 = CARTESIAN_POINT('',(-49.81865696943,70.350978539758,
    18.683833033662));
#6742 = CARTESIAN_POINT('',(-49.84185626042,70.427224147592,
    18.727853455862));
#6743 = CARTESIAN_POINT('',(-49.86423888512,70.503657085585,
    18.771982033162));
#6744 = CARTESIAN_POINT('',(-49.88582348085,70.580280853674,
    18.816220786362));
#6745 = CARTESIAN_POINT('',(-49.90661606344,70.657053021464,
    18.860545218062));
#6746 = CARTESIAN_POINT('',(-49.92663590199,70.733978210333,
    18.904957996562));
#6747 = ORIENTED_EDGE('',*,*,#4030,.T.);
#6748 = ORIENTED_EDGE('',*,*,#6749,.F.);
#6749 = EDGE_CURVE('',#2909,#4031,#6750,.T.);
#6750 = LINE('',#6751,#6752);
#6751 = CARTESIAN_POINT('',(-60.04118911604,69.700978540133,
    18.308555358862));
#6752 = VECTOR('',#6753,1.);
#6753 = DIRECTION('',(1.,2.220446047822E-16,4.00623783413E-13));
#6754 = ORIENTED_EDGE('',*,*,#2908,.F.);
#6755 = PLANE('',#6756);
#6756 = AXIS2_PLACEMENT_3D('',#6757,#6758,#6759);
#6757 = CARTESIAN_POINT('',(-17.9,72.167978539343,19.732878472562));
#6758 = DIRECTION('',(-3.468335112169E-13,-0.5,0.866025403784));
#6759 = DIRECTION('',(2.005008160899E-13,-0.866025403784,-0.5));
#6760 = ADVANCED_FACE('',(#6761),#6773,.F.);
#6761 = FACE_BOUND('',#6762,.F.);
#6762 = EDGE_LOOP('',(#6763,#6764,#6765,#6766,#6772));
#6763 = ORIENTED_EDGE('',*,*,#4040,.F.);
#6764 = ORIENTED_EDGE('',*,*,#6749,.F.);
#6765 = ORIENTED_EDGE('',*,*,#2916,.T.);
#6766 = ORIENTED_EDGE('',*,*,#6767,.T.);
#6767 = EDGE_CURVE('',#2917,#3976,#6768,.T.);
#6768 = LINE('',#6769,#6770);
#6769 = CARTESIAN_POINT('',(-25.8999999992,69.700978539379,
    17.788940116162));
#6770 = VECTOR('',#6771,1.);
#6771 = DIRECTION('',(1.,2.22044604925E-16,4.00617039631E-13));
#6772 = ORIENTED_EDGE('',*,*,#3975,.F.);
#6773 = CYLINDRICAL_SURFACE('',#6774,0.3);
#6774 = AXIS2_PLACEMENT_3D('',#6775,#6776,#6777);
#6775 = CARTESIAN_POINT('',(-25.9,69.850978539343,18.048747737362));
#6776 = DIRECTION('',(1.,2.220446046746E-16,4.00617039642E-13));
#6777 = DIRECTION('',(-3.468335112165E-13,-0.5,0.866025403784));
#6778 = ADVANCED_FACE('',(#6779),#6801,.F.);
#6779 = FACE_BOUND('',#6780,.T.);
#6780 = EDGE_LOOP('',(#6781,#6782,#6793,#6799,#6800));
#6781 = ORIENTED_EDGE('',*,*,#3984,.T.);
#6782 = ORIENTED_EDGE('',*,*,#6783,.F.);
#6783 = EDGE_CURVE('',#6784,#3965,#6786,.T.);
#6784 = VERTEX_POINT('',#6785);
#6785 = CARTESIAN_POINT('',(-47.53016894272,71.501978539083,
    16.749132281562));
#6786 = B_SPLINE_CURVE_WITH_KNOTS('',5,(#6787,#6788,#6789,#6790,#6791,
    #6792),.UNSPECIFIED.,.F.,.F.,(6,6),(0.,2.58745002497),
  .PIECEWISE_BEZIER_KNOTS.);
#6787 = CARTESIAN_POINT('',(-47.53016894272,71.501978539083,
    16.749132281562));
#6788 = CARTESIAN_POINT('',(-47.83510956072,71.328196469983,
    16.849465405962));
#6789 = CARTESIAN_POINT('',(-48.10879992315,71.113340889273,
    16.973512333362));
#6790 = CARTESIAN_POINT('',(-48.35256473235,70.873527892413,
    17.111968431662));
#6791 = CARTESIAN_POINT('',(-48.56939475372,70.618336979478,
    17.259302973862));
#6792 = CARTESIAN_POINT('',(-48.76419809795,70.350978538968,
    17.413662441462));
#6793 = ORIENTED_EDGE('',*,*,#6794,.F.);
#6794 = EDGE_CURVE('',#2940,#6784,#6795,.T.);
#6795 = LINE('',#6796,#6797);
#6796 = CARTESIAN_POINT('',(-59.21508447135,71.501978539083,
    16.749132281562));
#6797 = VECTOR('',#6798,1.);
#6798 = DIRECTION('',(1.,2.22044604925E-16,4.00576303727E-13));
#6799 = ORIENTED_EDGE('',*,*,#2939,.F.);
#6800 = ORIENTED_EDGE('',*,*,#6767,.T.);
#6801 = PLANE('',#6802);
#6802 = AXIS2_PLACEMENT_3D('',#6803,#6804,#6805);
#6803 = CARTESIAN_POINT('',(-17.9,69.700978539343,17.788940116262));
#6804 = DIRECTION('',(3.470555558218E-13,-0.5,-0.866025403784));
#6805 = DIRECTION('',(2.001162235526E-13,0.866025403784,-0.5));
#6806 = ADVANCED_FACE('',(#6807),#6840,.T.);
#6807 = FACE_BOUND('',#6808,.T.);
#6808 = EDGE_LOOP('',(#6809,#6810,#6811,#6812,#6821,#6829,#6836,#6837,
    #6838,#6839));
#6809 = ORIENTED_EDGE('',*,*,#3321,.F.);
#6810 = ORIENTED_EDGE('',*,*,#2947,.F.);
#6811 = ORIENTED_EDGE('',*,*,#6794,.T.);
#6812 = ORIENTED_EDGE('',*,*,#6813,.F.);
#6813 = EDGE_CURVE('',#6814,#6784,#6816,.T.);
#6814 = VERTEX_POINT('',#6815);
#6815 = CARTESIAN_POINT('',(-46.28,71.501978538763,16.548747737362));
#6816 = CIRCLE('',#6817,3.99999997957);
#6817 = AXIS2_PLACEMENT_3D('',#6818,#6819,#6820);
#6818 = CARTESIAN_POINT('',(-46.2800000022,71.501978539343,
    20.548747716962));
#6819 = DIRECTION('',(-2.22044604925E-16,1.,-1.110223024626E-16));
#6820 = DIRECTION('',(-1.089382751298E-44,1.110223024626E-16,1.));
#6821 = ORIENTED_EDGE('',*,*,#6822,.T.);
#6822 = EDGE_CURVE('',#6814,#6823,#6825,.T.);
#6823 = VERTEX_POINT('',#6824);
#6824 = CARTESIAN_POINT('',(-42.28,71.501978538763,16.548747737362));
#6825 = LINE('',#6826,#6827);
#6826 = CARTESIAN_POINT('',(-44.2800000008,71.501978539343,
    16.548747737362));
#6827 = VECTOR('',#6828,1.);
#6828 = DIRECTION('',(1.,2.22044604925E-16,4.01456645704E-13));
#6829 = ORIENTED_EDGE('',*,*,#6830,.F.);
#6830 = EDGE_CURVE('',#5114,#6823,#6831,.T.);
#6831 = CIRCLE('',#6832,3.99999997957);
#6832 = AXIS2_PLACEMENT_3D('',#6833,#6834,#6835);
#6833 = CARTESIAN_POINT('',(-42.2799999976,71.501978539343,
    20.548747716962));
#6834 = DIRECTION('',(-2.22044604925E-16,1.,-1.110223024626E-16));
#6835 = DIRECTION('',(-1.089382751298E-44,1.110223024626E-16,1.));
#6836 = ORIENTED_EDGE('',*,*,#5133,.T.);
#6837 = ORIENTED_EDGE('',*,*,#5090,.T.);
#6838 = ORIENTED_EDGE('',*,*,#5058,.F.);
#6839 = ORIENTED_EDGE('',*,*,#3343,.F.);
#6840 = PLANE('',#6841);
#6841 = AXIS2_PLACEMENT_3D('',#6842,#6843,#6844);
#6842 = CARTESIAN_POINT('',(-70.9,71.501978539343,48.048747737362));
#6843 = DIRECTION('',(-2.22044604925E-16,1.,-1.110223024626E-16));
#6844 = DIRECTION('',(1.,2.22044604925E-16,4.00617039642E-13));
#6845 = ADVANCED_FACE('',(#6846),#6852,.T.);
#6846 = FACE_BOUND('',#6847,.T.);
#6847 = EDGE_LOOP('',(#6848,#6849,#6850,#6851));
#6848 = ORIENTED_EDGE('',*,*,#3101,.F.);
#6849 = ORIENTED_EDGE('',*,*,#3518,.T.);
#6850 = ORIENTED_EDGE('',*,*,#3140,.T.);
#6851 = ORIENTED_EDGE('',*,*,#3117,.F.);
#6852 = PLANE('',#6853);
#6853 = AXIS2_PLACEMENT_3D('',#6854,#6855,#6856);
#6854 = CARTESIAN_POINT('',(-50.28,69.550978539343,25.048747737362));
#6855 = DIRECTION('',(1.,2.22044604925E-16,4.00617039642E-13));
#6856 = DIRECTION('',(4.00617039642E-13,-1.110223024625E-16,-1.));
#6857 = ADVANCED_FACE('',(#6858),#6885,.F.);
#6858 = FACE_BOUND('',#6859,.T.);
#6859 = EDGE_LOOP('',(#6860,#6868,#6876,#6882,#6883,#6884));
#6860 = ORIENTED_EDGE('',*,*,#6861,.F.);
#6861 = EDGE_CURVE('',#6862,#3245,#6864,.T.);
#6862 = VERTEX_POINT('',#6863);
#6863 = CARTESIAN_POINT('',(-18.9,15.550978539343,24.048747737362));
#6864 = LINE('',#6865,#6866);
#6865 = CARTESIAN_POINT('',(-18.9000000007,18.303120194443,
    24.048747737362));
#6866 = VECTOR('',#6867,1.);
#6867 = DIRECTION('',(-2.22044604925E-16,1.,-1.110223024625E-16));
#6868 = ORIENTED_EDGE('',*,*,#6869,.T.);
#6869 = EDGE_CURVE('',#6862,#6870,#6872,.T.);
#6870 = VERTEX_POINT('',#6871);
#6871 = CARTESIAN_POINT('',(-11.6,15.550978539043,24.048747737362));
#6872 = LINE('',#6873,#6874);
#6873 = CARTESIAN_POINT('',(-15.2500000004,15.550978539043,
    24.048747737362));
#6874 = VECTOR('',#6875,1.);
#6875 = DIRECTION('',(1.,2.22044604925E-16,-2.465190328815E-32));
#6876 = ORIENTED_EDGE('',*,*,#6877,.F.);
#6877 = EDGE_CURVE('',#4945,#6870,#6878,.T.);
#6878 = LINE('',#6879,#6880);
#6879 = CARTESIAN_POINT('',(-11.6,25.163401958943,24.048747737362));
#6880 = VECTOR('',#6881,1.);
#6881 = DIRECTION('',(2.22044604925E-16,-1.,1.110223024625E-16));
#6882 = ORIENTED_EDGE('',*,*,#4953,.T.);
#6883 = ORIENTED_EDGE('',*,*,#4690,.T.);
#6884 = ORIENTED_EDGE('',*,*,#3286,.F.);
#6885 = PLANE('',#6886);
#6886 = AXIS2_PLACEMENT_3D('',#6887,#6888,#6889);
#6887 = CARTESIAN_POINT('',(-11.6,34.775825378943,24.048747737362));
#6888 = DIRECTION('',(-6.139812623756E-60,-1.110223024625E-16,-1.));
#6889 = DIRECTION('',(9.957992501003E-17,-1.,1.110223024625E-16));
#6890 = ADVANCED_FACE('',(#6891),#6902,.T.);
#6891 = FACE_BOUND('',#6892,.T.);
#6892 = EDGE_LOOP('',(#6893,#6894,#6895,#6901));
#6893 = ORIENTED_EDGE('',*,*,#3242,.F.);
#6894 = ORIENTED_EDGE('',*,*,#3367,.F.);
#6895 = ORIENTED_EDGE('',*,*,#6896,.F.);
#6896 = EDGE_CURVE('',#6862,#3360,#6897,.T.);
#6897 = LINE('',#6898,#6899);
#6898 = CARTESIAN_POINT('',(-18.9,15.550978539343,14.048747737362));
#6899 = VECTOR('',#6900,1.);
#6900 = DIRECTION('',(4.00746102969E-13,-1.110223024624E-16,-1.));
#6901 = ORIENTED_EDGE('',*,*,#6861,.T.);
#6902 = PLANE('',#6903);
#6903 = AXIS2_PLACEMENT_3D('',#6904,#6905,#6906);
#6904 = CARTESIAN_POINT('',(-18.9,15.550978539343,48.048747737362));
#6905 = DIRECTION('',(-1.,-2.22044604925E-16,-4.00617039642E-13));
#6906 = DIRECTION('',(-2.22044604925E-16,1.,-1.110223024626E-16));
#6907 = ADVANCED_FACE('',(#6908),#6954,.F.);
#6908 = FACE_BOUND('',#6909,.T.);
#6909 = EDGE_LOOP('',(#6910,#6911,#6912,#6920,#6928,#6936,#6944,#6950,
    #6951,#6952,#6953));
#6910 = ORIENTED_EDGE('',*,*,#5034,.F.);
#6911 = ORIENTED_EDGE('',*,*,#4994,.F.);
#6912 = ORIENTED_EDGE('',*,*,#6913,.T.);
#6913 = EDGE_CURVE('',#4987,#6914,#6916,.T.);
#6914 = VERTEX_POINT('',#6915);
#6915 = CARTESIAN_POINT('',(-11.6,15.550978539743,47.035474829462));
#6916 = LINE('',#6917,#6918);
#6917 = CARTESIAN_POINT('',(-11.5999999993,15.550978539343,
    52.042111283562));
#6918 = VECTOR('',#6919,1.);
#6919 = DIRECTION('',(4.00214901429E-13,-1.110223024624E-16,-1.));
#6920 = ORIENTED_EDGE('',*,*,#6921,.T.);
#6921 = EDGE_CURVE('',#6914,#6922,#6924,.T.);
#6922 = VERTEX_POINT('',#6923);
#6923 = CARTESIAN_POINT('',(-10.1125,15.550978538543,47.035474829762));
#6924 = LINE('',#6925,#6926);
#6925 = CARTESIAN_POINT('',(-10.8562499998,15.550978539343,
    47.035474829762));
#6926 = VECTOR('',#6927,1.);
#6927 = DIRECTION('',(1.,2.22044604925E-16,4.01247662848E-13));
#6928 = ORIENTED_EDGE('',*,*,#6929,.F.);
#6929 = EDGE_CURVE('',#6930,#6922,#6932,.T.);
#6930 = VERTEX_POINT('',#6931);
#6931 = CARTESIAN_POINT('',(-10.1125,15.550978538543,39.161356734512));
#6932 = LINE('',#6933,#6934);
#6933 = CARTESIAN_POINT('',(-10.1125000004,15.550978539343,
    43.098415782162));
#6934 = VECTOR('',#6935,1.);
#6935 = DIRECTION('',(-4.00655630079E-13,1.110223024624E-16,1.));
#6936 = ORIENTED_EDGE('',*,*,#6937,.F.);
#6937 = EDGE_CURVE('',#6938,#6930,#6940,.T.);
#6938 = VERTEX_POINT('',#6939);
#6939 = CARTESIAN_POINT('',(-11.6,15.550978538543,39.161356734302));
#6940 = LINE('',#6941,#6942);
#6941 = CARTESIAN_POINT('',(-10.8562499998,15.550978539343,
    39.161356734512));
#6942 = VECTOR('',#6943,1.);
#6943 = DIRECTION('',(1.,2.22044604925E-16,4.01247662848E-13));
#6944 = ORIENTED_EDGE('',*,*,#6945,.T.);
#6945 = EDGE_CURVE('',#6938,#6870,#6946,.T.);
#6946 = LINE('',#6947,#6948);
#6947 = CARTESIAN_POINT('',(-11.5999999992,15.550978539343,
    31.605052235942));
#6948 = VECTOR('',#6949,1.);
#6949 = DIRECTION('',(4.00581005557E-13,-1.110223024624E-16,-1.));
#6950 = ORIENTED_EDGE('',*,*,#6869,.F.);
#6951 = ORIENTED_EDGE('',*,*,#6896,.T.);
#6952 = ORIENTED_EDGE('',*,*,#3359,.T.);
#6953 = ORIENTED_EDGE('',*,*,#5074,.T.);
#6954 = PLANE('',#6955);
#6955 = AXIS2_PLACEMENT_3D('',#6956,#6957,#6958);
#6956 = CARTESIAN_POINT('',(-18.9,15.550978539343,48.048747737362));
#6957 = DIRECTION('',(-2.22044604925E-16,1.,-1.110223024626E-16));
#6958 = DIRECTION('',(1.,2.22044604925E-16,4.00617039642E-13));
#6959 = ADVANCED_FACE('',(#6960,#6966),#6972,.T.);
#6960 = FACE_BOUND('',#6961,.T.);
#6961 = EDGE_LOOP('',(#6962,#6963,#6964,#6965));
#6962 = ORIENTED_EDGE('',*,*,#3479,.T.);
#6963 = ORIENTED_EDGE('',*,*,#3457,.T.);
#6964 = ORIENTED_EDGE('',*,*,#3431,.T.);
#6965 = ORIENTED_EDGE('',*,*,#3393,.T.);
#6966 = FACE_BOUND('',#6967,.T.);
#6967 = EDGE_LOOP('',(#6968,#6969,#6970,#6971));
#6968 = ORIENTED_EDGE('',*,*,#4655,.F.);
#6969 = ORIENTED_EDGE('',*,*,#4635,.F.);
#6970 = ORIENTED_EDGE('',*,*,#4612,.F.);
#6971 = ORIENTED_EDGE('',*,*,#4578,.F.);
#6972 = PLANE('',#6973);
#6973 = AXIS2_PLACEMENT_3D('',#6974,#6975,#6976);
#6974 = CARTESIAN_POINT('',(-17.9,63.538978539343,48.048747737362));
#6975 = DIRECTION('',(2.22044604925E-16,-1.,1.110223024626E-16));
#6976 = DIRECTION('',(1.,2.22044604925E-16,4.00617039642E-13));
#6977 = ADVANCED_FACE('',(#6978),#6989,.T.);
#6978 = FACE_BOUND('',#6979,.T.);
#6979 = EDGE_LOOP('',(#6980,#6981,#6982,#6983));
#6980 = ORIENTED_EDGE('',*,*,#5627,.F.);
#6981 = ORIENTED_EDGE('',*,*,#3555,.T.);
#6982 = ORIENTED_EDGE('',*,*,#5673,.T.);
#6983 = ORIENTED_EDGE('',*,*,#6984,.F.);
#6984 = EDGE_CURVE('',#5611,#5666,#6985,.T.);
#6985 = LINE('',#6986,#6987);
#6986 = CARTESIAN_POINT('',(-38.28,70.733978539533,44.298747737362));
#6987 = VECTOR('',#6988,1.);
#6988 = DIRECTION('',(-4.01472711986E-13,1.110223024624E-16,1.));
#6989 = PLANE('',#6990);
#6990 = AXIS2_PLACEMENT_3D('',#6991,#6992,#6993);
#6991 = CARTESIAN_POINT('',(-38.28,69.550978539343,20.548747737362));
#6992 = DIRECTION('',(-1.,-2.22044604925E-16,-4.00617039642E-13));
#6993 = DIRECTION('',(-4.00617039642E-13,1.110223024625E-16,1.));
#6994 = ADVANCED_FACE('',(#6995),#7006,.T.);
#6995 = FACE_BOUND('',#6996,.T.);
#6996 = EDGE_LOOP('',(#6997,#6998,#6999,#7000));
#6997 = ORIENTED_EDGE('',*,*,#5521,.F.);
#6998 = ORIENTED_EDGE('',*,*,#3610,.T.);
#6999 = ORIENTED_EDGE('',*,*,#5567,.T.);
#7000 = ORIENTED_EDGE('',*,*,#7001,.F.);
#7001 = EDGE_CURVE('',#5505,#5560,#7002,.T.);
#7002 = LINE('',#7003,#7004);
#7003 = CARTESIAN_POINT('',(-38.28,70.733978539533,41.798747737362));
#7004 = VECTOR('',#7005,1.);
#7005 = DIRECTION('',(-4.01472711986E-13,1.110223024624E-16,1.));
#7006 = PLANE('',#7007);
#7007 = AXIS2_PLACEMENT_3D('',#7008,#7009,#7010);
#7008 = CARTESIAN_POINT('',(-38.28,69.550978539343,20.548747737362));
#7009 = DIRECTION('',(-1.,-2.22044604925E-16,-4.00617039642E-13));
#7010 = DIRECTION('',(-4.00617039642E-13,1.110223024625E-16,1.));
#7011 = ADVANCED_FACE('',(#7012),#7023,.T.);
#7012 = FACE_BOUND('',#7013,.T.);
#7013 = EDGE_LOOP('',(#7014,#7015,#7016,#7017));
#7014 = ORIENTED_EDGE('',*,*,#5402,.F.);
#7015 = ORIENTED_EDGE('',*,*,#3728,.T.);
#7016 = ORIENTED_EDGE('',*,*,#5448,.T.);
#7017 = ORIENTED_EDGE('',*,*,#7018,.F.);
#7018 = EDGE_CURVE('',#5386,#5441,#7019,.T.);
#7019 = LINE('',#7020,#7021);
#7020 = CARTESIAN_POINT('',(-38.28,70.733978539533,24.298747737362));
#7021 = VECTOR('',#7022,1.);
#7022 = DIRECTION('',(-4.01472711986E-13,1.110223024624E-16,1.));
#7023 = PLANE('',#7024);
#7024 = AXIS2_PLACEMENT_3D('',#7025,#7026,#7027);
#7025 = CARTESIAN_POINT('',(-38.28,69.550978539343,20.548747737362));
#7026 = DIRECTION('',(-1.,-2.22044604925E-16,-4.00617039642E-13));
#7027 = DIRECTION('',(-4.00617039642E-13,1.110223024625E-16,1.));
#7028 = ADVANCED_FACE('',(#7029),#7040,.T.);
#7029 = FACE_BOUND('',#7030,.T.);
#7030 = EDGE_LOOP('',(#7031,#7032,#7033,#7034));
#7031 = ORIENTED_EDGE('',*,*,#5296,.F.);
#7032 = ORIENTED_EDGE('',*,*,#3804,.T.);
#7033 = ORIENTED_EDGE('',*,*,#5342,.T.);
#7034 = ORIENTED_EDGE('',*,*,#7035,.F.);
#7035 = EDGE_CURVE('',#5280,#5335,#7036,.T.);
#7036 = LINE('',#7037,#7038);
#7037 = CARTESIAN_POINT('',(-38.28,70.733978539533,21.798747737362));
#7038 = VECTOR('',#7039,1.);
#7039 = DIRECTION('',(-3.96961782638E-13,1.110223024624E-16,1.));
#7040 = PLANE('',#7041);
#7041 = AXIS2_PLACEMENT_3D('',#7042,#7043,#7044);
#7042 = CARTESIAN_POINT('',(-38.28,69.550978539343,20.548747737362));
#7043 = DIRECTION('',(-1.,-2.22044604925E-16,-4.00617039642E-13));
#7044 = DIRECTION('',(-4.00617039642E-13,1.110223024625E-16,1.));
#7045 = ADVANCED_FACE('',(#7046),#7058,.F.);
#7046 = FACE_BOUND('',#7047,.F.);
#7047 = EDGE_LOOP('',(#7048,#7049,#7050,#7051));
#7048 = ORIENTED_EDGE('',*,*,#5234,.T.);
#7049 = ORIENTED_EDGE('',*,*,#3858,.T.);
#7050 = ORIENTED_EDGE('',*,*,#5184,.T.);
#7051 = ORIENTED_EDGE('',*,*,#7052,.F.);
#7052 = EDGE_CURVE('',#5235,#5168,#7053,.T.);
#7053 = CIRCLE('',#7054,4.);
#7054 = AXIS2_PLACEMENT_3D('',#7055,#7056,#7057);
#7055 = CARTESIAN_POINT('',(-42.28,70.733978539533,20.548747737362));
#7056 = DIRECTION('',(-2.22044604925E-16,1.,-1.110223024626E-16));
#7057 = DIRECTION('',(-1.089382751298E-44,1.110223024626E-16,1.));
#7058 = CYLINDRICAL_SURFACE('',#7059,4.);
#7059 = AXIS2_PLACEMENT_3D('',#7060,#7061,#7062);
#7060 = CARTESIAN_POINT('',(-42.28,78.050978539343,20.548747737362));
#7061 = DIRECTION('',(-2.22044604925E-16,1.,-1.110223024626E-16));
#7062 = DIRECTION('',(1.,2.22044604925E-16,4.00739504322E-13));
#7063 = ADVANCED_FACE('',(#7064),#7075,.F.);
#7064 = FACE_BOUND('',#7065,.F.);
#7065 = EDGE_LOOP('',(#7066,#7067,#7073,#7074));
#7066 = ORIENTED_EDGE('',*,*,#3904,.T.);
#7067 = ORIENTED_EDGE('',*,*,#7068,.T.);
#7068 = EDGE_CURVE('',#3896,#6823,#7069,.T.);
#7069 = LINE('',#7070,#7071);
#7070 = CARTESIAN_POINT('',(-42.28,78.050978538973,16.548747737362));
#7071 = VECTOR('',#7072,1.);
#7072 = DIRECTION('',(-2.22044604925E-16,1.,-1.110223024625E-16));
#7073 = ORIENTED_EDGE('',*,*,#6830,.F.);
#7074 = ORIENTED_EDGE('',*,*,#5113,.T.);
#7075 = CYLINDRICAL_SURFACE('',#7076,4.);
#7076 = AXIS2_PLACEMENT_3D('',#7077,#7078,#7079);
#7077 = CARTESIAN_POINT('',(-42.28,78.050978539343,20.548747737362));
#7078 = DIRECTION('',(-2.22044604925E-16,1.,-1.110223024626E-16));
#7079 = DIRECTION('',(1.,2.22044604925E-16,4.00739504322E-13));
#7080 = ADVANCED_FACE('',(#7081),#7092,.T.);
#7081 = FACE_BOUND('',#7082,.T.);
#7082 = EDGE_LOOP('',(#7083,#7089,#7090,#7091));
#7083 = ORIENTED_EDGE('',*,*,#7084,.F.);
#7084 = EDGE_CURVE('',#3942,#6814,#7085,.T.);
#7085 = LINE('',#7086,#7087);
#7086 = CARTESIAN_POINT('',(-46.28,70.926478539423,16.548747737362));
#7087 = VECTOR('',#7088,1.);
#7088 = DIRECTION('',(-2.22044604925E-16,1.,-1.110223024625E-16));
#7089 = ORIENTED_EDGE('',*,*,#3950,.T.);
#7090 = ORIENTED_EDGE('',*,*,#7068,.T.);
#7091 = ORIENTED_EDGE('',*,*,#6822,.F.);
#7092 = PLANE('',#7093);
#7093 = AXIS2_PLACEMENT_3D('',#7094,#7095,#7096);
#7094 = CARTESIAN_POINT('',(-46.28,69.550978539343,16.548747737362));
#7095 = DIRECTION('',(-4.00617039642E-13,1.110223024625E-16,1.));
#7096 = DIRECTION('',(1.,2.22044604925E-16,4.00617039642E-13));
#7097 = ADVANCED_FACE('',(#7098),#7104,.F.);
#7098 = FACE_BOUND('',#7099,.F.);
#7099 = EDGE_LOOP('',(#7100,#7101,#7102,#7103));
#7100 = ORIENTED_EDGE('',*,*,#7084,.F.);
#7101 = ORIENTED_EDGE('',*,*,#3964,.T.);
#7102 = ORIENTED_EDGE('',*,*,#6783,.F.);
#7103 = ORIENTED_EDGE('',*,*,#6813,.F.);
#7104 = CYLINDRICAL_SURFACE('',#7105,4.);
#7105 = AXIS2_PLACEMENT_3D('',#7106,#7107,#7108);
#7106 = CARTESIAN_POINT('',(-46.28,78.050978539343,20.548747737362));
#7107 = DIRECTION('',(-2.22044604925E-16,1.,-1.110223024626E-16));
#7108 = DIRECTION('',(4.00800736661E-13,-1.110223024625E-16,-1.));
#7109 = ADVANCED_FACE('',(#7110),#7116,.F.);
#7110 = FACE_BOUND('',#7111,.F.);
#7111 = EDGE_LOOP('',(#7112,#7113,#7114,#7115));
#7112 = ORIENTED_EDGE('',*,*,#6739,.F.);
#7113 = ORIENTED_EDGE('',*,*,#4021,.T.);
#7114 = ORIENTED_EDGE('',*,*,#6696,.F.);
#7115 = ORIENTED_EDGE('',*,*,#6715,.F.);
#7116 = CYLINDRICAL_SURFACE('',#7117,4.);
#7117 = AXIS2_PLACEMENT_3D('',#7118,#7119,#7120);
#7118 = CARTESIAN_POINT('',(-46.28,78.050978539343,20.548747737362));
#7119 = DIRECTION('',(-2.22044604925E-16,1.,-1.110223024626E-16));
#7120 = DIRECTION('',(4.00800736661E-13,-1.110223024625E-16,-1.));
#7121 = ADVANCED_FACE('',(#7122),#7128,.T.);
#7122 = FACE_BOUND('',#7123,.T.);
#7123 = EDGE_LOOP('',(#7124,#7125,#7126,#7127));
#7124 = ORIENTED_EDGE('',*,*,#6606,.F.);
#7125 = ORIENTED_EDGE('',*,*,#4078,.T.);
#7126 = ORIENTED_EDGE('',*,*,#6645,.T.);
#7127 = ORIENTED_EDGE('',*,*,#6622,.F.);
#7128 = PLANE('',#7129);
#7129 = AXIS2_PLACEMENT_3D('',#7130,#7131,#7132);
#7130 = CARTESIAN_POINT('',(-50.28,69.550978539343,25.048747737362));
#7131 = DIRECTION('',(1.,2.22044604925E-16,4.00617039642E-13));
#7132 = DIRECTION('',(4.00617039642E-13,-1.110223024625E-16,-1.));
#7133 = ADVANCED_FACE('',(#7134),#7140,.T.);
#7134 = FACE_BOUND('',#7135,.T.);
#7135 = EDGE_LOOP('',(#7136,#7137,#7138,#7139));
#7136 = ORIENTED_EDGE('',*,*,#6516,.F.);
#7137 = ORIENTED_EDGE('',*,*,#4133,.T.);
#7138 = ORIENTED_EDGE('',*,*,#6555,.T.);
#7139 = ORIENTED_EDGE('',*,*,#6532,.F.);
#7140 = PLANE('',#7141);
#7141 = AXIS2_PLACEMENT_3D('',#7142,#7143,#7144);
#7142 = CARTESIAN_POINT('',(-50.28,69.550978539343,25.048747737362));
#7143 = DIRECTION('',(1.,2.22044604925E-16,4.00617039642E-13));
#7144 = DIRECTION('',(4.00617039642E-13,-1.110223024625E-16,-1.));
#7145 = ADVANCED_FACE('',(#7146),#7152,.F.);
#7146 = FACE_BOUND('',#7147,.F.);
#7147 = EDGE_LOOP('',(#7148,#7149,#7150,#7151));
#7148 = ORIENTED_EDGE('',*,*,#6460,.F.);
#7149 = ORIENTED_EDGE('',*,*,#4237,.T.);
#7150 = ORIENTED_EDGE('',*,*,#6417,.F.);
#7151 = ORIENTED_EDGE('',*,*,#6436,.F.);
#7152 = CYLINDRICAL_SURFACE('',#7153,8.);
#7153 = AXIS2_PLACEMENT_3D('',#7154,#7155,#7156);
#7154 = CARTESIAN_POINT('',(-56.78,78.050978539343,33.048747737362));
#7155 = DIRECTION('',(-2.22044604925E-16,1.,-1.110223024626E-16));
#7156 = DIRECTION('',(4.00800736661E-13,-1.110223024625E-16,-1.));
#7157 = ADVANCED_FACE('',(#7158),#7164,.F.);
#7158 = FACE_BOUND('',#7159,.F.);
#7159 = EDGE_LOOP('',(#7160,#7161,#7162,#7163));
#7160 = ORIENTED_EDGE('',*,*,#6363,.F.);
#7161 = ORIENTED_EDGE('',*,*,#4296,.T.);
#7162 = ORIENTED_EDGE('',*,*,#6320,.F.);
#7163 = ORIENTED_EDGE('',*,*,#6339,.F.);
#7164 = CYLINDRICAL_SURFACE('',#7165,8.);
#7165 = AXIS2_PLACEMENT_3D('',#7166,#7167,#7168);
#7166 = CARTESIAN_POINT('',(-56.78,78.050978539343,33.048747737362));
#7167 = DIRECTION('',(-2.22044604925E-16,1.,-1.110223024626E-16));
#7168 = DIRECTION('',(4.00800736661E-13,-1.110223024625E-16,-1.));
#7169 = ADVANCED_FACE('',(#7170),#7176,.F.);
#7170 = FACE_BOUND('',#7171,.F.);
#7171 = EDGE_LOOP('',(#7172,#7173,#7174,#7175));
#7172 = ORIENTED_EDGE('',*,*,#6266,.F.);
#7173 = ORIENTED_EDGE('',*,*,#4331,.T.);
#7174 = ORIENTED_EDGE('',*,*,#6223,.F.);
#7175 = ORIENTED_EDGE('',*,*,#6242,.F.);
#7176 = CYLINDRICAL_SURFACE('',#7177,8.);
#7177 = AXIS2_PLACEMENT_3D('',#7178,#7179,#7180);
#7178 = CARTESIAN_POINT('',(-56.78,78.050978539343,33.048747737362));
#7179 = DIRECTION('',(-2.22044604925E-16,1.,-1.110223024626E-16));
#7180 = DIRECTION('',(4.00800736661E-13,-1.110223024625E-16,-1.));
#7181 = ADVANCED_FACE('',(#7182),#7188,.F.);
#7182 = FACE_BOUND('',#7183,.F.);
#7183 = EDGE_LOOP('',(#7184,#7185,#7186,#7187));
#7184 = ORIENTED_EDGE('',*,*,#6169,.T.);
#7185 = ORIENTED_EDGE('',*,*,#4406,.T.);
#7186 = ORIENTED_EDGE('',*,*,#6126,.T.);
#7187 = ORIENTED_EDGE('',*,*,#6145,.F.);
#7188 = CYLINDRICAL_SURFACE('',#7189,8.);
#7189 = AXIS2_PLACEMENT_3D('',#7190,#7191,#7192);
#7190 = CARTESIAN_POINT('',(-56.78,78.050978539343,33.048747737362));
#7191 = DIRECTION('',(-2.22044604925E-16,1.,-1.110223024626E-16));
#7192 = DIRECTION('',(4.00800736661E-13,-1.110223024625E-16,-1.));
#7193 = ADVANCED_FACE('',(#7194),#7200,.F.);
#7194 = FACE_BOUND('',#7195,.F.);
#7195 = EDGE_LOOP('',(#7196,#7197,#7198,#7199));
#7196 = ORIENTED_EDGE('',*,*,#6072,.T.);
#7197 = ORIENTED_EDGE('',*,*,#4462,.T.);
#7198 = ORIENTED_EDGE('',*,*,#6029,.T.);
#7199 = ORIENTED_EDGE('',*,*,#6048,.F.);
#7200 = CYLINDRICAL_SURFACE('',#7201,8.);
#7201 = AXIS2_PLACEMENT_3D('',#7202,#7203,#7204);
#7202 = CARTESIAN_POINT('',(-56.78,78.050978539343,33.048747737362));
#7203 = DIRECTION('',(-2.22044604925E-16,1.,-1.110223024626E-16));
#7204 = DIRECTION('',(4.00800736661E-13,-1.110223024625E-16,-1.));
#7205 = ADVANCED_FACE('',(#7206,#7389,#7443,#7503,#7523,#7543),#7597,.T.
  );
#7206 = FACE_BOUND('',#7207,.T.);
#7207 = EDGE_LOOP('',(#7208,#7219,#7220,#7221,#7227,#7228,#7229,#7230,
    #7231,#7232,#7233,#7234,#7235,#7236,#7237,#7245,#7253,#7259,#7260,
    #7261,#7272,#7289,#7297,#7305,#7322,#7330,#7347,#7355,#7363,#7380));
#7208 = ORIENTED_EDGE('',*,*,#7209,.F.);
#7209 = EDGE_CURVE('',#5801,#7210,#7212,.T.);
#7210 = VERTEX_POINT('',#7211);
#7211 = CARTESIAN_POINT('',(-11.6000000084,26.952561026343,
    57.248747733262));
#7212 = B_SPLINE_CURVE_WITH_KNOTS('',5,(#7213,#7214,#7215,#7216,#7217,
    #7218),.UNSPECIFIED.,.F.,.F.,(6,6),(0.,1.13229108277),
  .PIECEWISE_BEZIER_KNOTS.);
#7213 = CARTESIAN_POINT('',(-11.6,26.920947571243,58.048747744862));
#7214 = CARTESIAN_POINT('',(-11.6,26.929521698643,57.888850184762));
#7215 = CARTESIAN_POINT('',(-11.6,26.936964817143,57.728892365462));
#7216 = CARTESIAN_POINT('',(-11.6,26.943282646143,57.568871553662));
#7217 = CARTESIAN_POINT('',(-11.6,26.948479431643,57.408824331962));
#7218 = CARTESIAN_POINT('',(-11.6,26.952561025443,57.248747732862));
#7219 = ORIENTED_EDGE('',*,*,#5800,.F.);
#7220 = ORIENTED_EDGE('',*,*,#4921,.F.);
#7221 = ORIENTED_EDGE('',*,*,#7222,.F.);
#7222 = EDGE_CURVE('',#4836,#4905,#7223,.T.);
#7223 = LINE('',#7224,#7225);
#7224 = CARTESIAN_POINT('',(-11.6,44.730482765443,57.248747736662));
#7225 = VECTOR('',#7226,1.);
#7226 = DIRECTION('',(-2.22044604925E-16,1.,-1.110223024625E-16));
#7227 = ORIENTED_EDGE('',*,*,#4854,.T.);
#7228 = ORIENTED_EDGE('',*,*,#4819,.T.);
#7229 = ORIENTED_EDGE('',*,*,#4786,.F.);
#7230 = ORIENTED_EDGE('',*,*,#4763,.F.);
#7231 = ORIENTED_EDGE('',*,*,#4738,.T.);
#7232 = ORIENTED_EDGE('',*,*,#4705,.T.);
#7233 = ORIENTED_EDGE('',*,*,#4970,.T.);
#7234 = ORIENTED_EDGE('',*,*,#4944,.T.);
#7235 = ORIENTED_EDGE('',*,*,#6877,.T.);
#7236 = ORIENTED_EDGE('',*,*,#6945,.F.);
#7237 = ORIENTED_EDGE('',*,*,#7238,.F.);
#7238 = EDGE_CURVE('',#7239,#6938,#7241,.T.);
#7239 = VERTEX_POINT('',#7240);
#7240 = CARTESIAN_POINT('',(-11.6,23.081524119943,37.143553127222));
#7241 = LINE('',#7242,#7243);
#7242 = CARTESIAN_POINT('',(-11.6,19.316251329143,38.152454930762));
#7243 = VECTOR('',#7244,1.);
#7244 = DIRECTION('',(-6.969182673705E-16,-0.965925826274,0.25881904516)
  );
#7245 = ORIENTED_EDGE('',*,*,#7246,.F.);
#7246 = EDGE_CURVE('',#7247,#7239,#7249,.T.);
#7247 = VERTEX_POINT('',#7248);
#7248 = CARTESIAN_POINT('',(-11.6,22.081813483643,45.285542880162));
#7249 = LINE('',#7250,#7251);
#7250 = CARTESIAN_POINT('',(-11.6,22.581668801543,41.214548003332));
#7251 = VECTOR('',#7252,1.);
#7252 = DIRECTION('',(-2.706043019706E-17,0.121869343352,-0.992546151648
    ));
#7253 = ORIENTED_EDGE('',*,*,#7254,.F.);
#7254 = EDGE_CURVE('',#6914,#7247,#7255,.T.);
#7255 = LINE('',#7256,#7257);
#7256 = CARTESIAN_POINT('',(-11.6,18.816396011043,46.160508854762));
#7257 = VECTOR('',#7258,1.);
#7258 = DIRECTION('',(8.364307750711E-16,0.965925826262,-0.258819045203)
  );
#7259 = ORIENTED_EDGE('',*,*,#6913,.F.);
#7260 = ORIENTED_EDGE('',*,*,#4984,.F.);
#7261 = ORIENTED_EDGE('',*,*,#7262,.T.);
#7262 = EDGE_CURVE('',#4985,#7263,#7265,.T.);
#7263 = VERTEX_POINT('',#7264);
#7264 = CARTESIAN_POINT('',(-11.6000000224,17.167457368843,
    51.249567883862));
#7265 = B_SPLINE_CURVE_WITH_KNOTS('',5,(#7266,#7267,#7268,#7269,#7270,
    #7271),.UNSPECIFIED.,.F.,.F.,(6,6),(0.,9.62018675627),
  .PIECEWISE_BEZIER_KNOTS.);
#7266 = CARTESIAN_POINT('',(-11.6,16.701014398543,58.013742505062));
#7267 = CARTESIAN_POINT('',(-11.6,16.629886505043,56.655818101262));
#7268 = CARTESIAN_POINT('',(-11.6,16.640514281543,55.295746424662));
#7269 = CARTESIAN_POINT('',(-11.6,16.727954089343,53.935467987062));
#7270 = CARTESIAN_POINT('',(-11.6,16.897578190143,52.582426745662));
#7271 = CARTESIAN_POINT('',(-11.6,17.167457369143,51.249567883462));
#7272 = ORIENTED_EDGE('',*,*,#7273,.T.);
#7273 = EDGE_CURVE('',#7263,#7274,#7276,.T.);
#7274 = VERTEX_POINT('',#7275);
#7275 = CARTESIAN_POINT('',(-11.6,17.438445882543,51.028892310462));
#7276 = B_SPLINE_CURVE_WITH_KNOTS('',5,(#7277,#7278,#7279,#7280,#7281,
    #7282,#7283,#7284,#7285,#7286,#7287,#7288),.UNSPECIFIED.,.F.,.F.,(6,
    3,3,6),(0.,0.219813328683,0.440593865401,0.550600639499),
  .UNSPECIFIED.);
#7277 = CARTESIAN_POINT('',(-11.6,17.167457369143,51.249567883462));
#7278 = CARTESIAN_POINT('',(-11.6,17.173374011343,51.220347225162));
#7279 = CARTESIAN_POINT('',(-11.6,17.183942626643,51.192177055662));
#7280 = CARTESIAN_POINT('',(-11.6,17.199044937243,51.164964093962));
#7281 = CARTESIAN_POINT('',(-11.6,17.235151216143,51.116388581162));
#7282 = CARTESIAN_POINT('',(-11.6,17.282305979743,51.078097478162));
#7283 = CARTESIAN_POINT('',(-11.6,17.308787785543,51.061527232462));
#7284 = CARTESIAN_POINT('',(-11.6,17.350086945143,51.042497796962));
#7285 = CARTESIAN_POINT('',(-11.6,17.393843308343,51.032394134862));
#7286 = CARTESIAN_POINT('',(-11.6,17.408714774843,51.030070743062));
#7287 = CARTESIAN_POINT('',(-11.6,17.423574270543,51.028892310762));
#7288 = CARTESIAN_POINT('',(-11.6,17.438445881943,51.028892310762));
#7289 = ORIENTED_EDGE('',*,*,#7290,.F.);
#7290 = EDGE_CURVE('',#7291,#7274,#7293,.T.);
#7291 = VERTEX_POINT('',#7292);
#7292 = CARTESIAN_POINT('',(-11.6000000002,18.661908643643,
    51.028892310362));
#7293 = LINE('',#7294,#7295);
#7294 = CARTESIAN_POINT('',(-11.6,18.050177263043,51.028892310762));
#7295 = VECTOR('',#7296,1.);
#7296 = DIRECTION('',(2.22044604925E-16,-1.,1.110223024625E-16));
#7297 = ORIENTED_EDGE('',*,*,#7298,.F.);
#7298 = EDGE_CURVE('',#7299,#7291,#7301,.T.);
#7299 = VERTEX_POINT('',#7300);
#7300 = CARTESIAN_POINT('',(-11.6000000006,18.661908643643,
    48.601460889262));
#7301 = LINE('',#7302,#7303);
#7302 = CARTESIAN_POINT('',(-11.6,18.661908644243,49.815176600062));
#7303 = VECTOR('',#7304,1.);
#7304 = DIRECTION('',(0.,1.110223024625E-16,1.));
#7305 = ORIENTED_EDGE('',*,*,#7306,.T.);
#7306 = EDGE_CURVE('',#7299,#7307,#7309,.T.);
#7307 = VERTEX_POINT('',#7308);
#7308 = CARTESIAN_POINT('',(-11.6000000006,18.861908643643,
    48.380785304662));
#7309 = B_SPLINE_CURVE_WITH_KNOTS('',5,(#7310,#7311,#7312,#7313,#7314,
    #7315,#7316,#7317,#7318,#7319,#7320,#7321),.UNSPECIFIED.,.F.,.F.,(6,
    3,3,6),(0.,0.19308456952,0.385296575083,0.48184369245),
  .UNSPECIFIED.);
#7310 = CARTESIAN_POINT('',(-11.6,18.661908644243,48.601460889362));
#7311 = CARTESIAN_POINT('',(-11.6,18.661908644243,48.575163383362));
#7312 = CARTESIAN_POINT('',(-11.6,18.665353337643,48.548718832362));
#7313 = CARTESIAN_POINT('',(-11.6,18.672675034443,48.522099184462));
#7314 = CARTESIAN_POINT('',(-11.6,18.694183880243,48.473381231762));
#7315 = CARTESIAN_POINT('',(-11.6,18.728970084843,48.433260199462));
#7316 = CARTESIAN_POINT('',(-11.6,18.750190896843,48.415507222862));
#7317 = CARTESIAN_POINT('',(-11.6,18.784561367243,48.395313866462));
#7318 = CARTESIAN_POINT('',(-11.6,18.822487462643,48.384544095162));
#7319 = CARTESIAN_POINT('',(-11.6,18.835623202743,48.382046047862));
#7320 = CARTESIAN_POINT('',(-11.6,18.848759232343,48.380785305462));
#7321 = CARTESIAN_POINT('',(-11.6,18.861908643443,48.380785305462));
#7322 = ORIENTED_EDGE('',*,*,#7323,.F.);
#7323 = EDGE_CURVE('',#7324,#7307,#7326,.T.);
#7324 = VERTEX_POINT('',#7325);
#7325 = CARTESIAN_POINT('',(-11.6000000005,24.761908643843,
    48.380785304662));
#7326 = LINE('',#7327,#7328);
#7327 = CARTESIAN_POINT('',(-11.6,21.811908643643,48.380785305462));
#7328 = VECTOR('',#7329,1.);
#7329 = DIRECTION('',(-9.82265116625E-16,-1.,1.110223024625E-16));
#7330 = ORIENTED_EDGE('',*,*,#7331,.F.);
#7331 = EDGE_CURVE('',#7332,#7324,#7334,.T.);
#7332 = VERTEX_POINT('',#7333);
#7333 = CARTESIAN_POINT('',(-11.5999999999,24.961908643643,
    48.601460888762));
#7334 = B_SPLINE_CURVE_WITH_KNOTS('',5,(#7335,#7336,#7337,#7338,#7339,
    #7340,#7341,#7342,#7343,#7344,#7345,#7346),.UNSPECIFIED.,.F.,.F.,(6,
    3,3,6),(0.,0.193084569551,0.385296575145,0.481843692527),
  .UNSPECIFIED.);
#7335 = CARTESIAN_POINT('',(-11.6,24.961908643143,48.601460889362));
#7336 = CARTESIAN_POINT('',(-11.6,24.961908643143,48.575163383462));
#7337 = CARTESIAN_POINT('',(-11.6,24.958463949743,48.548718832462));
#7338 = CARTESIAN_POINT('',(-11.6,24.951142252943,48.522099184462));
#7339 = CARTESIAN_POINT('',(-11.6,24.929633407143,48.473381231762));
#7340 = CARTESIAN_POINT('',(-11.6,24.894847202543,48.433260199462));
#7341 = CARTESIAN_POINT('',(-11.6,24.873626390543,48.415507222862));
#7342 = CARTESIAN_POINT('',(-11.6,24.839255920143,48.395313866462));
#7343 = CARTESIAN_POINT('',(-11.6,24.801329824743,48.384544095262));
#7344 = CARTESIAN_POINT('',(-11.6,24.788194084543,48.382046047862));
#7345 = CARTESIAN_POINT('',(-11.6,24.775058055043,48.380785305462));
#7346 = CARTESIAN_POINT('',(-11.6,24.761908643843,48.380785305462));
#7347 = ORIENTED_EDGE('',*,*,#7348,.T.);
#7348 = EDGE_CURVE('',#7332,#7349,#7351,.T.);
#7349 = VERTEX_POINT('',#7350);
#7350 = CARTESIAN_POINT('',(-11.6000000001,24.961908643643,
    51.028892310362));
#7351 = LINE('',#7352,#7353);
#7352 = CARTESIAN_POINT('',(-11.6,24.961908643143,49.815176600062));
#7353 = VECTOR('',#7354,1.);
#7354 = DIRECTION('',(0.,1.110223024625E-16,1.));
#7355 = ORIENTED_EDGE('',*,*,#7356,.F.);
#7356 = EDGE_CURVE('',#7357,#7349,#7359,.T.);
#7357 = VERTEX_POINT('',#7358);
#7358 = CARTESIAN_POINT('',(-11.6000000005,26.185371404443,
    51.028892310262));
#7359 = LINE('',#7360,#7361);
#7360 = CARTESIAN_POINT('',(-11.6,25.573640024243,51.028892310762));
#7361 = VECTOR('',#7362,1.);
#7362 = DIRECTION('',(2.22044604925E-16,-1.,1.110223024625E-16));
#7363 = ORIENTED_EDGE('',*,*,#7364,.F.);
#7364 = EDGE_CURVE('',#7365,#7357,#7367,.T.);
#7365 = VERTEX_POINT('',#7366);
#7366 = CARTESIAN_POINT('',(-11.6000000223,26.456359918443,
    51.249567883762));
#7367 = B_SPLINE_CURVE_WITH_KNOTS('',5,(#7368,#7369,#7370,#7371,#7372,
    #7373,#7374,#7375,#7376,#7377,#7378,#7379),.UNSPECIFIED.,.F.,.F.,(6,
    3,3,6),(0.,0.219813328672,0.440593865378,0.550600639471),
  .UNSPECIFIED.);
#7368 = CARTESIAN_POINT('',(-11.6,26.456359918243,51.249567883462));
#7369 = CARTESIAN_POINT('',(-11.6,26.450443275943,51.220347225162));
#7370 = CARTESIAN_POINT('',(-11.6,26.439874660643,51.192177055662));
#7371 = CARTESIAN_POINT('',(-11.6,26.424772350043,51.164964093962));
#7372 = CARTESIAN_POINT('',(-11.6,26.388666071243,51.116388581162));
#7373 = CARTESIAN_POINT('',(-11.6,26.341511307643,51.078097478162));
#7374 = CARTESIAN_POINT('',(-11.6,26.315029501743,51.061527232462));
#7375 = CARTESIAN_POINT('',(-11.6,26.273730342143,51.042497796962));
#7376 = CARTESIAN_POINT('',(-11.6,26.229973979043,51.032394134862));
#7377 = CARTESIAN_POINT('',(-11.6,26.215102512443,51.030070743062));
#7378 = CARTESIAN_POINT('',(-11.6,26.200243016743,51.028892310762));
#7379 = CARTESIAN_POINT('',(-11.6,26.185371405443,51.028892310762));
#7380 = ORIENTED_EDGE('',*,*,#7381,.F.);
#7381 = EDGE_CURVE('',#7210,#7365,#7382,.T.);
#7382 = B_SPLINE_CURVE_WITH_KNOTS('',5,(#7383,#7384,#7385,#7386,#7387,
    #7388),.UNSPECIFIED.,.F.,.F.,(6,6),(0.,8.53566776668),
  .PIECEWISE_BEZIER_KNOTS.);
#7383 = CARTESIAN_POINT('',(-11.6,26.952561025443,57.248747732862));
#7384 = CARTESIAN_POINT('',(-11.6,26.983306870443,56.042922150662));
#7385 = CARTESIAN_POINT('',(-11.6,26.950439364243,54.835570929162));
#7386 = CARTESIAN_POINT('',(-11.6,26.856296063143,53.629944486162));
#7387 = CARTESIAN_POINT('',(-11.6,26.695757992643,52.431888973462));
#7388 = CARTESIAN_POINT('',(-11.6,26.456359918243,51.249567883462));
#7389 = FACE_BOUND('',#7390,.T.);
#7390 = EDGE_LOOP('',(#7391,#7419));
#7391 = ORIENTED_EDGE('',*,*,#7392,.T.);
#7392 = EDGE_CURVE('',#7393,#7395,#7397,.T.);
#7393 = VERTEX_POINT('',#7394);
#7394 = CARTESIAN_POINT('',(-11.6,34.150826457643,52.748747737362));
#7395 = VERTEX_POINT('',#7396);
#7396 = CARTESIAN_POINT('',(-11.6,31.150826457643,52.748747737362));
#7397 = B_SPLINE_CURVE_WITH_KNOTS('',5,(#7398,#7399,#7400,#7401,#7402,
    #7403,#7404,#7405,#7406,#7407,#7408,#7409,#7410,#7411,#7412,#7413,
    #7414,#7415,#7416,#7417,#7418),.UNSPECIFIED.,.F.,.F.,(6,3,3,3,3,3,6)
  ,(0.,1.27276332958,2.54552665181,3.81828998742,5.09105332133,
    6.36381665938,6.66405464107),.UNSPECIFIED.);
#7398 = CARTESIAN_POINT('',(-11.6,34.150826456943,52.748747736662));
#7399 = CARTESIAN_POINT('',(-11.6,34.150826457043,52.928743652862));
#7400 = CARTESIAN_POINT('',(-11.6,34.123827682243,53.108738932762));
#7401 = CARTESIAN_POINT('',(-11.6,34.069813867743,53.283352186962));
#7402 = CARTESIAN_POINT('',(-11.6,33.911112571943,53.610956626962));
#7403 = CARTESIAN_POINT('',(-11.6,33.663280512143,53.877580346462));
#7404 = CARTESIAN_POINT('',(-11.6,33.520106924443,53.991196390062));
#7405 = CARTESIAN_POINT('',(-11.6,33.204145710743,54.171970509962));
#7406 = CARTESIAN_POINT('',(-11.6,32.849054007743,54.252088053862));
#7407 = CARTESIAN_POINT('',(-11.6,32.666735309043,54.265017533662));
#7408 = CARTESIAN_POINT('',(-11.6,32.303888518443,54.235811732262));
#7409 = CARTESIAN_POINT('',(-11.6,31.965580919743,54.101435736562));
#7410 = CARTESIAN_POINT('',(-11.6,31.807806271243,54.009162014562));
#7411 = CARTESIAN_POINT('',(-11.6,31.524826727843,53.780178716962));
#7412 = CARTESIAN_POINT('',(-11.6,31.321483812343,53.478250582162));
#7413 = CARTESIAN_POINT('',(-11.6,31.243368439043,53.313007528262));
#7414 = CARTESIAN_POINT('',(-11.6,31.178941624843,53.097485840262));
#7415 = CARTESIAN_POINT('',(-11.6,31.155341135343,52.876145482662));
#7416 = CARTESIAN_POINT('',(-11.6,31.152328837643,52.833667897162));
#7417 = CARTESIAN_POINT('',(-11.6,31.150826456943,52.791207799162));
#7418 = CARTESIAN_POINT('',(-11.6,31.150826456943,52.748747736662));
#7419 = ORIENTED_EDGE('',*,*,#7420,.T.);
#7420 = EDGE_CURVE('',#7395,#7393,#7421,.T.);
#7421 = B_SPLINE_CURVE_WITH_KNOTS('',5,(#7422,#7423,#7424,#7425,#7426,
    #7427,#7428,#7429,#7430,#7431,#7432,#7433,#7434,#7435,#7436,#7437,
    #7438,#7439,#7440,#7441,#7442),.UNSPECIFIED.,.F.,.F.,(6,3,3,3,3,3,6)
  ,(0.,1.27276331422,2.54552664696,3.8182899712,5.09105330741,
    6.36381664924,6.66405462608),.UNSPECIFIED.);
#7422 = CARTESIAN_POINT('',(-11.6,31.150826456943,52.748747736662));
#7423 = CARTESIAN_POINT('',(-11.6,31.150826457043,52.568751822562));
#7424 = CARTESIAN_POINT('',(-11.6,31.177825231343,52.388756544862));
#7425 = CARTESIAN_POINT('',(-11.6,31.231839049543,52.214143284062));
#7426 = CARTESIAN_POINT('',(-11.6,31.390540345943,51.886538845162));
#7427 = CARTESIAN_POINT('',(-11.6,31.638372405943,51.619915126662));
#7428 = CARTESIAN_POINT('',(-11.6,31.781545990343,51.506299084362));
#7429 = CARTESIAN_POINT('',(-11.6,32.097507204043,51.325524964362));
#7430 = CARTESIAN_POINT('',(-11.6,32.452598906743,51.245407420462));
#7431 = CARTESIAN_POINT('',(-11.6,32.634917610043,51.232477941362));
#7432 = CARTESIAN_POINT('',(-11.6,32.997764399143,51.261683743462));
#7433 = CARTESIAN_POINT('',(-11.6,33.336071996543,51.396059739062));
#7434 = CARTESIAN_POINT('',(-11.6,33.493846644243,51.488333459862));
#7435 = CARTESIAN_POINT('',(-11.6,33.776826188143,51.717316758262));
#7436 = CARTESIAN_POINT('',(-11.6,33.980169103743,52.019244894062));
#7437 = CARTESIAN_POINT('',(-11.6,34.058284476743,52.184487947562));
#7438 = CARTESIAN_POINT('',(-11.6,34.122711290743,52.400009635462));
#7439 = CARTESIAN_POINT('',(-11.6,34.146311780143,52.621349992962));
#7440 = CARTESIAN_POINT('',(-11.6,34.149324076143,52.663827577462));
#7441 = CARTESIAN_POINT('',(-11.6,34.150826456943,52.706287674762));
#7442 = CARTESIAN_POINT('',(-11.6,34.150826456943,52.748747736662));
#7443 = FACE_BOUND('',#7444,.T.);
#7444 = EDGE_LOOP('',(#7445,#7476));
#7445 = ORIENTED_EDGE('',*,*,#7446,.T.);
#7446 = EDGE_CURVE('',#7447,#7449,#7451,.T.);
#7447 = VERTEX_POINT('',#7448);
#7448 = CARTESIAN_POINT('',(-11.5999999996,28.987626620143,
    43.391211008962));
#7449 = VERTEX_POINT('',#7450);
#7450 = CARTESIAN_POINT('',(-11.5999999993,26.630291246743,
    47.706284465762));
#7451 = B_SPLINE_CURVE_WITH_KNOTS('',5,(#7452,#7453,#7454,#7455,#7456,
    #7457,#7458,#7459,#7460,#7461,#7462,#7463,#7464,#7465,#7466,#7467,
    #7468,#7469,#7470,#7471,#7472,#7473,#7474,#7475),.UNSPECIFIED.,.F.,
  .F.,(6,3,3,3,3,3,3,6),(0.,1.62945774846,3.25891551169,4.88837327788,
    6.51783102248,8.14728876881,9.77674651641,10.9227377877),
  .UNSPECIFIED.);
#7452 = CARTESIAN_POINT('',(-11.6,28.987626620543,43.391211009062));
#7453 = CARTESIAN_POINT('',(-11.6,29.189856855543,43.501689889962));
#7454 = CARTESIAN_POINT('',(-11.6,29.379142491543,43.635862890562));
#7455 = CARTESIAN_POINT('',(-11.6,29.551787838243,43.791718150362));
#7456 = CARTESIAN_POINT('',(-11.6,29.857333490743,44.140958858362));
#7457 = CARTESIAN_POINT('',(-11.6,30.073873829843,44.551368492562));
#7458 = CARTESIAN_POINT('',(-11.6,30.157504221143,44.768401282762));
#7459 = CARTESIAN_POINT('',(-11.6,30.272353385943,45.217997645662));
#7460 = CARTESIAN_POINT('',(-11.6,30.280164766843,45.681963992562));
#7461 = CARTESIAN_POINT('',(-11.6,30.256744892043,45.913370092362));
#7462 = CARTESIAN_POINT('',(-11.6,30.156129762343,46.366364367662));
#7463 = CARTESIAN_POINT('',(-11.6,29.953527621943,46.783830724262));
#7464 = CARTESIAN_POINT('',(-11.6,29.828108088943,46.979706244262));
#7465 = CARTESIAN_POINT('',(-11.6,29.533726830043,47.338407916262));
#7466 = CARTESIAN_POINT('',(-11.6,29.164403350243,47.619345544062));
#7467 = CARTESIAN_POINT('',(-11.6,28.964031519943,47.737448923162));
#7468 = CARTESIAN_POINT('',(-11.6,28.539368944843,47.924502158262));
#7469 = CARTESIAN_POINT('',(-11.6,28.082970607443,48.008325434062));
#7470 = CARTESIAN_POINT('',(-11.6,27.850857681543,48.023187079162));
#7471 = CARTESIAN_POINT('',(-11.6,27.456235273643,48.001951931762));
#7472 = CARTESIAN_POINT('',(-11.6,27.074896580043,47.903519874262));
#7473 = CARTESIAN_POINT('',(-11.6,26.921149443343,47.849963483362));
#7474 = CARTESIAN_POINT('',(-11.6,26.772518981343,47.783983831162));
#7475 = CARTESIAN_POINT('',(-11.6,26.630291246743,47.706284465662));
#7476 = ORIENTED_EDGE('',*,*,#7477,.T.);
#7477 = EDGE_CURVE('',#7449,#7447,#7478,.T.);
#7478 = B_SPLINE_CURVE_WITH_KNOTS('',5,(#7479,#7480,#7481,#7482,#7483,
    #7484,#7485,#7486,#7487,#7488,#7489,#7490,#7491,#7492,#7493,#7494,
    #7495,#7496,#7497,#7498,#7499,#7500,#7501,#7502),.UNSPECIFIED.,.F.,
  .F.,(6,3,3,3,3,3,3,6),(0.,1.62945775819,3.25891550722,4.8883732583,
    6.51783101509,8.14728876875,9.77674651541,10.9227377922),
  .UNSPECIFIED.);
#7479 = CARTESIAN_POINT('',(-11.6,26.630291246743,47.706284465662));
#7480 = CARTESIAN_POINT('',(-11.6,26.428061010543,47.595805584062));
#7481 = CARTESIAN_POINT('',(-11.6,26.238775373443,47.461632582662));
#7482 = CARTESIAN_POINT('',(-11.6,26.066130030943,47.305777326362));
#7483 = CARTESIAN_POINT('',(-11.6,25.760584378543,46.956536619162));
#7484 = CARTESIAN_POINT('',(-11.6,25.544044039343,46.546126985762));
#7485 = CARTESIAN_POINT('',(-11.6,25.460413643443,46.329094188062));
#7486 = CARTESIAN_POINT('',(-11.6,25.345564480043,45.879497829062));
#7487 = CARTESIAN_POINT('',(-11.6,25.337753098643,45.415531486562));
#7488 = CARTESIAN_POINT('',(-11.6,25.361172976243,45.184125378162));
#7489 = CARTESIAN_POINT('',(-11.6,25.461788106343,44.731131103362));
#7490 = CARTESIAN_POINT('',(-11.6,25.664390246843,44.313664747362));
#7491 = CARTESIAN_POINT('',(-11.6,25.789809776243,44.117789233162));
#7492 = CARTESIAN_POINT('',(-11.6,26.084191036543,43.759087558662));
#7493 = CARTESIAN_POINT('',(-11.6,26.453514518743,43.478149929362));
#7494 = CARTESIAN_POINT('',(-11.6,26.653886345543,43.360046552462));
#7495 = CARTESIAN_POINT('',(-11.6,27.078548921343,43.172993316762));
#7496 = CARTESIAN_POINT('',(-11.6,27.534947259643,43.089170040662));
#7497 = CARTESIAN_POINT('',(-11.6,27.767060184143,43.074308395562));
#7498 = CARTESIAN_POINT('',(-11.6,28.161682592743,43.095543543062));
#7499 = CARTESIAN_POINT('',(-11.6,28.543021286943,43.193975600762));
#7500 = CARTESIAN_POINT('',(-11.6,28.696768422643,43.247531990662));
#7501 = CARTESIAN_POINT('',(-11.6,28.845398885343,43.313511643162));
#7502 = CARTESIAN_POINT('',(-11.6,28.987626620543,43.391211009062));
#7503 = FACE_BOUND('',#7504,.T.);
#7504 = EDGE_LOOP('',(#7505,#7516));
#7505 = ORIENTED_EDGE('',*,*,#7506,.F.);
#7506 = EDGE_CURVE('',#7507,#7509,#7511,.T.);
#7507 = VERTEX_POINT('',#7508);
#7508 = CARTESIAN_POINT('',(-11.6,37.377342113543,29.626212613892));
#7509 = VERTEX_POINT('',#7510);
#7510 = CARTESIAN_POINT('',(-11.6000000001,32.901671047843,
    32.071282860862));
#7511 = CIRCLE('',#7512,2.54999999999);
#7512 = AXIS2_PLACEMENT_3D('',#7513,#7514,#7515);
#7513 = CARTESIAN_POINT('',(-11.6,35.139506580243,30.848747737172));
#7514 = DIRECTION('',(-1.,-9.957992501003E-17,1.105559255366E-32));
#7515 = DIRECTION('',(-9.957992501003E-17,1.,-1.110223024625E-16));
#7516 = ORIENTED_EDGE('',*,*,#7517,.F.);
#7517 = EDGE_CURVE('',#7509,#7507,#7518,.T.);
#7518 = CIRCLE('',#7519,2.54999999999);
#7519 = AXIS2_PLACEMENT_3D('',#7520,#7521,#7522);
#7520 = CARTESIAN_POINT('',(-11.6,35.139506580243,30.848747737172));
#7521 = DIRECTION('',(-1.,-9.957992501003E-17,1.105559255366E-32));
#7522 = DIRECTION('',(-9.957992501003E-17,1.,-1.110223024625E-16));
#7523 = FACE_BOUND('',#7524,.T.);
#7524 = EDGE_LOOP('',(#7525,#7536));
#7525 = ORIENTED_EDGE('',*,*,#7526,.F.);
#7526 = EDGE_CURVE('',#7527,#7529,#7531,.T.);
#7527 = VERTEX_POINT('',#7528);
#7528 = CARTESIAN_POINT('',(-11.6,21.984511121243,27.726212613582));
#7529 = VERTEX_POINT('',#7530);
#7530 = CARTESIAN_POINT('',(-11.6000000001,17.508840055743,
    30.171282860852));
#7531 = CIRCLE('',#7532,2.54999999999);
#7532 = AXIS2_PLACEMENT_3D('',#7533,#7534,#7535);
#7533 = CARTESIAN_POINT('',(-11.6,19.746675588143,28.948747736802));
#7534 = DIRECTION('',(-1.,-9.957992501003E-17,1.105559255366E-32));
#7535 = DIRECTION('',(-9.957992501003E-17,1.,-1.110223024625E-16));
#7536 = ORIENTED_EDGE('',*,*,#7537,.F.);
#7537 = EDGE_CURVE('',#7529,#7527,#7538,.T.);
#7538 = CIRCLE('',#7539,2.54999999999);
#7539 = AXIS2_PLACEMENT_3D('',#7540,#7541,#7542);
#7540 = CARTESIAN_POINT('',(-11.6,19.746675588143,28.948747736802));
#7541 = DIRECTION('',(-1.,-9.957992501003E-17,1.105559255366E-32));
#7542 = DIRECTION('',(-9.957992501003E-17,1.,-1.110223024625E-16));
#7543 = FACE_BOUND('',#7544,.T.);
#7544 = EDGE_LOOP('',(#7545,#7573));
#7545 = ORIENTED_EDGE('',*,*,#7546,.T.);
#7546 = EDGE_CURVE('',#7547,#7549,#7551,.T.);
#7547 = VERTEX_POINT('',#7548);
#7548 = CARTESIAN_POINT('',(-11.6,27.369142196843,37.048747737362));
#7549 = VERTEX_POINT('',#7550);
#7550 = CARTESIAN_POINT('',(-11.6,30.369142196843,37.048747737362));
#7551 = B_SPLINE_CURVE_WITH_KNOTS('',5,(#7552,#7553,#7554,#7555,#7556,
    #7557,#7558,#7559,#7560,#7561,#7562,#7563,#7564,#7565,#7566,#7567,
    #7568,#7569,#7570,#7571,#7572),.UNSPECIFIED.,.F.,.F.,(6,3,3,3,3,3,6)
  ,(0.,1.27276331936,2.54552665194,3.81828996993,5.09105328252,
    6.36381661279,6.664054592),.UNSPECIFIED.);
#7552 = CARTESIAN_POINT('',(-11.6,27.369142196143,37.048747737362));
#7553 = CARTESIAN_POINT('',(-11.6,27.369142196143,36.868751822572));
#7554 = CARTESIAN_POINT('',(-11.6,27.396140970543,36.688756544142));
#7555 = CARTESIAN_POINT('',(-11.6,27.450154788243,36.514143286172));
#7556 = CARTESIAN_POINT('',(-11.6,27.608856084543,36.186538846442));
#7557 = CARTESIAN_POINT('',(-11.6,27.856688144943,35.919915127332));
#7558 = CARTESIAN_POINT('',(-11.6,27.999861727843,35.806299085222));
#7559 = CARTESIAN_POINT('',(-11.6,28.315822940543,35.625524965562));
#7560 = CARTESIAN_POINT('',(-11.6,28.670914642343,35.545407421432));
#7561 = CARTESIAN_POINT('',(-11.6,28.853233350943,35.532477940532));
#7562 = CARTESIAN_POINT('',(-11.6,29.216080135843,35.561683742362));
#7563 = CARTESIAN_POINT('',(-11.6,29.554387729543,35.696059735292));
#7564 = CARTESIAN_POINT('',(-11.6,29.712162388643,35.788333463112));
#7565 = CARTESIAN_POINT('',(-11.6,29.995141927943,36.017316758862));
#7566 = CARTESIAN_POINT('',(-11.6,30.198484841243,36.319244890052));
#7567 = CARTESIAN_POINT('',(-11.6,30.276600216743,36.484487949692));
#7568 = CARTESIAN_POINT('',(-11.6,30.341027030143,36.700009636302));
#7569 = CARTESIAN_POINT('',(-11.6,30.364627519443,36.921349992462));
#7570 = CARTESIAN_POINT('',(-11.6,30.367639815343,36.963827577522));
#7571 = CARTESIAN_POINT('',(-11.6,30.369142196143,37.006287675152));
#7572 = CARTESIAN_POINT('',(-11.6,30.369142196143,37.048747737362));
#7573 = ORIENTED_EDGE('',*,*,#7574,.T.);
#7574 = EDGE_CURVE('',#7549,#7547,#7575,.T.);
#7575 = B_SPLINE_CURVE_WITH_KNOTS('',5,(#7576,#7577,#7578,#7579,#7580,
    #7581,#7582,#7583,#7584,#7585,#7586,#7587,#7588,#7589,#7590,#7591,
    #7592,#7593,#7594,#7595,#7596),.UNSPECIFIED.,.F.,.F.,(6,3,3,3,3,3,6)
  ,(0.,1.2727633315,2.54552665757,3.81828997482,5.09105329266,
    6.36381663228,6.66405461158),.UNSPECIFIED.);
#7576 = CARTESIAN_POINT('',(-11.6,30.369142196143,37.048747737362));
#7577 = CARTESIAN_POINT('',(-11.6,30.369142196143,37.228743653872));
#7578 = CARTESIAN_POINT('',(-11.6,30.342143421143,37.408738934012));
#7579 = CARTESIAN_POINT('',(-11.6,30.288129607343,37.583352185432));
#7580 = CARTESIAN_POINT('',(-11.6,30.129428311143,37.910956626172));
#7581 = CARTESIAN_POINT('',(-11.6,29.881596250443,38.177580346022));
#7582 = CARTESIAN_POINT('',(-11.6,29.738422664643,38.291196390432));
#7583 = CARTESIAN_POINT('',(-11.6,29.422461452743,38.471970509312));
#7584 = CARTESIAN_POINT('',(-11.6,29.067369752043,38.552088053242));
#7585 = CARTESIAN_POINT('',(-11.6,28.885051042943,38.565017534172));
#7586 = CARTESIAN_POINT('',(-11.6,28.522204257443,38.535811732262));
#7587 = CARTESIAN_POINT('',(-11.6,28.183896663243,38.401435738872));
#7588 = CARTESIAN_POINT('',(-11.6,28.026122006643,38.309162012552));
#7589 = CARTESIAN_POINT('',(-11.6,27.743142465543,38.080178715642));
#7590 = CARTESIAN_POINT('',(-11.6,27.539799551443,37.778250582452));
#7591 = CARTESIAN_POINT('',(-11.6,27.461684178143,37.613007527592));
#7592 = CARTESIAN_POINT('',(-11.6,27.397257364043,37.397485839722));
#7593 = CARTESIAN_POINT('',(-11.6,27.373656874643,37.176145482242));
#7594 = CARTESIAN_POINT('',(-11.6,27.370644576843,37.133667897232));
#7595 = CARTESIAN_POINT('',(-11.6,27.369142196143,37.091207799592));
#7596 = CARTESIAN_POINT('',(-11.6,27.369142196143,37.048747737362));
#7597 = PLANE('',#7598);
#7598 = AXIS2_PLACEMENT_3D('',#7599,#7600,#7601);
#7599 = CARTESIAN_POINT('',(-11.6,48.362940930743,24.048747737362));
#7600 = DIRECTION('',(-1.,-9.957992501003E-17,1.105559255366E-32));
#7601 = DIRECTION('',(9.957992501003E-17,-1.,1.110223024625E-16));
#7602 = ADVANCED_FACE('',(#7603),#7609,.F.);
#7603 = FACE_BOUND('',#7604,.F.);
#7604 = EDGE_LOOP('',(#7605,#7606,#7607,#7608));
#7605 = ORIENTED_EDGE('',*,*,#4878,.T.);
#7606 = ORIENTED_EDGE('',*,*,#4904,.T.);
#7607 = ORIENTED_EDGE('',*,*,#7222,.F.);
#7608 = ORIENTED_EDGE('',*,*,#4835,.T.);
#7609 = CYLINDRICAL_SURFACE('',#7610,0.2);
#7610 = AXIS2_PLACEMENT_3D('',#7611,#7612,#7613);
#7611 = CARTESIAN_POINT('',(-11.8,40.675810994243,57.248747737362));
#7612 = DIRECTION('',(-2.22044604925E-16,1.,-1.110223024626E-16));
#7613 = DIRECTION('',(1.,2.22044604925E-16,4.00617039642E-13));
#7614 = ADVANCED_FACE('',(#7615),#7644,.F.);
#7615 = FACE_BOUND('',#7616,.F.);
#7616 = EDGE_LOOP('',(#7617,#7618,#7627,#7636,#7642,#7643));
#7617 = ORIENTED_EDGE('',*,*,#7262,.T.);
#7618 = ORIENTED_EDGE('',*,*,#7619,.T.);
#7619 = EDGE_CURVE('',#7263,#7620,#7622,.T.);
#7620 = VERTEX_POINT('',#7621);
#7621 = CARTESIAN_POINT('',(-4.9541610388,21.152880245343,
    54.348573496662));
#7622 = CIRCLE('',#7623,5.15);
#7623 = AXIS2_PLACEMENT_3D('',#7624,#7625,#7626);
#7624 = CARTESIAN_POINT('',(-9.5832722625,21.811908643643,
    52.189983482662));
#7625 = DIRECTION('',(-0.422618261741,6.780272294252E-18,0.906307787037)
  );
#7626 = DIRECTION('',(-0.906307787037,-2.48160806994E-16,-0.422618261741
    ));
#7627 = ORIENTED_EDGE('',*,*,#7628,.T.);
#7628 = EDGE_CURVE('',#7620,#7629,#7631,.T.);
#7629 = VERTEX_POINT('',#7630);
#7630 = CARTESIAN_POINT('',(-5.4871687279,24.280950167243,
    54.100027929462));
#7631 = CIRCLE('',#7632,5.15);
#7632 = AXIS2_PLACEMENT_3D('',#7633,#7634,#7635);
#7633 = CARTESIAN_POINT('',(-9.5832722625,21.811908643643,
    52.189983482662));
#7634 = DIRECTION('',(-0.422618261741,6.780272294252E-18,0.906307787037)
  );
#7635 = DIRECTION('',(-0.906307787037,-2.48160806994E-16,-0.422618261741
    ));
#7636 = ORIENTED_EDGE('',*,*,#7637,.T.);
#7637 = EDGE_CURVE('',#7629,#5809,#7638,.T.);
#7638 = LINE('',#7639,#7640);
#7639 = CARTESIAN_POINT('',(-12.7770270041,24.280950167443,
    69.733179450462));
#7640 = VECTOR('',#7641,1.);
#7641 = DIRECTION('',(-0.422618261741,6.780272294252E-18,0.906307787037)
  );
#7642 = ORIENTED_EDGE('',*,*,#5822,.T.);
#7643 = ORIENTED_EDGE('',*,*,#5017,.T.);
#7644 = CYLINDRICAL_SURFACE('',#7645,5.15);
#7645 = AXIS2_PLACEMENT_3D('',#7646,#7647,#7648);
#7646 = CARTESIAN_POINT('',(-16.873130538,21.811908643643,
    67.823135003962));
#7647 = DIRECTION('',(-0.422618261741,6.780272294252E-18,0.906307787037)
  );
#7648 = DIRECTION('',(-0.795359909609,-0.479425538604,-0.37088241684));
#7649 = ADVANCED_FACE('',(#7650),#7656,.T.);
#7650 = FACE_BOUND('',#7651,.T.);
#7651 = EDGE_LOOP('',(#7652,#7653,#7654,#7655));
#7652 = ORIENTED_EDGE('',*,*,#7052,.F.);
#7653 = ORIENTED_EDGE('',*,*,#5245,.F.);
#7654 = ORIENTED_EDGE('',*,*,#5201,.F.);
#7655 = ORIENTED_EDGE('',*,*,#5165,.T.);
#7656 = PLANE('',#7657);
#7657 = AXIS2_PLACEMENT_3D('',#7658,#7659,#7660);
#7658 = CARTESIAN_POINT('',(-17.9,70.733978539343,48.048747737362));
#7659 = DIRECTION('',(-2.22044604925E-16,1.,-1.110223024626E-16));
#7660 = DIRECTION('',(-1.,-2.22044604925E-16,-4.00617039642E-13));
#7661 = ADVANCED_FACE('',(#7662),#7668,.T.);
#7662 = FACE_BOUND('',#7663,.T.);
#7663 = EDGE_LOOP('',(#7664,#7665,#7666,#7667));
#7664 = ORIENTED_EDGE('',*,*,#7035,.T.);
#7665 = ORIENTED_EDGE('',*,*,#5334,.F.);
#7666 = ORIENTED_EDGE('',*,*,#5310,.F.);
#7667 = ORIENTED_EDGE('',*,*,#5277,.T.);
#7668 = PLANE('',#7669);
#7669 = AXIS2_PLACEMENT_3D('',#7670,#7671,#7672);
#7670 = CARTESIAN_POINT('',(-17.9,70.733978539343,48.048747737362));
#7671 = DIRECTION('',(-2.22044604925E-16,1.,-1.110223024626E-16));
#7672 = DIRECTION('',(-1.,-2.22044604925E-16,-4.00617039642E-13));
#7673 = ADVANCED_FACE('',(#7674),#7680,.T.);
#7674 = FACE_BOUND('',#7675,.T.);
#7675 = EDGE_LOOP('',(#7676,#7677,#7678,#7679));
#7676 = ORIENTED_EDGE('',*,*,#7018,.T.);
#7677 = ORIENTED_EDGE('',*,*,#5440,.F.);
#7678 = ORIENTED_EDGE('',*,*,#5416,.F.);
#7679 = ORIENTED_EDGE('',*,*,#5383,.T.);
#7680 = PLANE('',#7681);
#7681 = AXIS2_PLACEMENT_3D('',#7682,#7683,#7684);
#7682 = CARTESIAN_POINT('',(-17.9,70.733978539343,48.048747737362));
#7683 = DIRECTION('',(-2.22044604925E-16,1.,-1.110223024626E-16));
#7684 = DIRECTION('',(-1.,-2.22044604925E-16,-4.00617039642E-13));
#7685 = ADVANCED_FACE('',(#7686),#7692,.T.);
#7686 = FACE_BOUND('',#7687,.T.);
#7687 = EDGE_LOOP('',(#7688,#7689,#7690,#7691));
#7688 = ORIENTED_EDGE('',*,*,#7001,.T.);
#7689 = ORIENTED_EDGE('',*,*,#5559,.F.);
#7690 = ORIENTED_EDGE('',*,*,#5535,.F.);
#7691 = ORIENTED_EDGE('',*,*,#5502,.T.);
#7692 = PLANE('',#7693);
#7693 = AXIS2_PLACEMENT_3D('',#7694,#7695,#7696);
#7694 = CARTESIAN_POINT('',(-17.9,70.733978539343,48.048747737362));
#7695 = DIRECTION('',(-2.22044604925E-16,1.,-1.110223024626E-16));
#7696 = DIRECTION('',(-1.,-2.22044604925E-16,-4.00617039642E-13));
#7697 = ADVANCED_FACE('',(#7698),#7704,.T.);
#7698 = FACE_BOUND('',#7699,.T.);
#7699 = EDGE_LOOP('',(#7700,#7701,#7702,#7703));
#7700 = ORIENTED_EDGE('',*,*,#6984,.T.);
#7701 = ORIENTED_EDGE('',*,*,#5665,.F.);
#7702 = ORIENTED_EDGE('',*,*,#5641,.F.);
#7703 = ORIENTED_EDGE('',*,*,#5608,.T.);
#7704 = PLANE('',#7705);
#7705 = AXIS2_PLACEMENT_3D('',#7706,#7707,#7708);
#7706 = CARTESIAN_POINT('',(-17.9,70.733978539343,48.048747737362));
#7707 = DIRECTION('',(-2.22044604925E-16,1.,-1.110223024626E-16));
#7708 = DIRECTION('',(-1.,-2.22044604925E-16,-4.00617039642E-13));
#7709 = ADVANCED_FACE('',(#7710),#7716,.T.);
#7710 = FACE_BOUND('',#7711,.T.);
#7711 = EDGE_LOOP('',(#7712,#7713,#7714,#7715));
#7712 = ORIENTED_EDGE('',*,*,#5901,.T.);
#7713 = ORIENTED_EDGE('',*,*,#5771,.F.);
#7714 = ORIENTED_EDGE('',*,*,#5747,.F.);
#7715 = ORIENTED_EDGE('',*,*,#5714,.T.);
#7716 = PLANE('',#7717);
#7717 = AXIS2_PLACEMENT_3D('',#7718,#7719,#7720);
#7718 = CARTESIAN_POINT('',(-17.9,70.733978539343,48.048747737362));
#7719 = DIRECTION('',(-2.22044604925E-16,1.,-1.110223024626E-16));
#7720 = DIRECTION('',(-1.,-2.22044604925E-16,-4.00617039642E-13));
#7721 = ADVANCED_FACE('',(#7722),#7735,.F.);
#7722 = FACE_BOUND('',#7723,.F.);
#7723 = EDGE_LOOP('',(#7724,#7725,#7732,#7733,#7734));
#7724 = ORIENTED_EDGE('',*,*,#7637,.F.);
#7725 = ORIENTED_EDGE('',*,*,#7726,.T.);
#7726 = EDGE_CURVE('',#7629,#7365,#7727,.T.);
#7727 = CIRCLE('',#7728,5.15);
#7728 = AXIS2_PLACEMENT_3D('',#7729,#7730,#7731);
#7729 = CARTESIAN_POINT('',(-9.5832722625,21.811908643643,
    52.189983482662));
#7730 = DIRECTION('',(-0.422618261741,6.780272294252E-18,0.906307787037)
  );
#7731 = DIRECTION('',(-0.906307787037,-2.48160806994E-16,-0.422618261741
    ));
#7732 = ORIENTED_EDGE('',*,*,#7381,.F.);
#7733 = ORIENTED_EDGE('',*,*,#7209,.F.);
#7734 = ORIENTED_EDGE('',*,*,#5808,.F.);
#7735 = CYLINDRICAL_SURFACE('',#7736,5.15);
#7736 = AXIS2_PLACEMENT_3D('',#7737,#7738,#7739);
#7737 = CARTESIAN_POINT('',(-16.873130538,21.811908643643,
    67.823135003962));
#7738 = DIRECTION('',(-0.422618261741,6.780272294252E-18,0.906307787037)
  );
#7739 = DIRECTION('',(0.795359909609,0.479425538604,0.37088241684));
#7740 = ADVANCED_FACE('',(#7741),#7757,.F.);
#7741 = FACE_BOUND('',#7742,.F.);
#7742 = EDGE_LOOP('',(#7743,#7749,#7750,#7756));
#7743 = ORIENTED_EDGE('',*,*,#7744,.F.);
#7744 = EDGE_CURVE('',#7447,#5849,#7745,.T.);
#7745 = LINE('',#7746,#7747);
#7746 = CARTESIAN_POINT('',(-11.0000000007,28.987626620143,
    43.391211008962));
#7747 = VECTOR('',#7748,1.);
#7748 = DIRECTION('',(1.,9.957972224603E-17,-1.105557004233E-32));
#7749 = ORIENTED_EDGE('',*,*,#7446,.T.);
#7750 = ORIENTED_EDGE('',*,*,#7751,.T.);
#7751 = EDGE_CURVE('',#7449,#5857,#7752,.T.);
#7752 = LINE('',#7753,#7754);
#7753 = CARTESIAN_POINT('',(-11.0000000007,26.630291246743,
    47.706284465762));
#7754 = VECTOR('',#7755,1.);
#7755 = DIRECTION('',(1.,9.957972224603E-17,-1.105557004233E-32));
#7756 = ORIENTED_EDGE('',*,*,#5856,.T.);
#7757 = CYLINDRICAL_SURFACE('',#7758,2.4585);
#7758 = AXIS2_PLACEMENT_3D('',#7759,#7760,#7761);
#7759 = CARTESIAN_POINT('',(-11.,27.808958933443,45.548747737362));
#7760 = DIRECTION('',(1.,9.957992501003E-17,-1.245154931496E-28));
#7761 = DIRECTION('',(-4.774115918221E-17,0.479425538604,-0.87758256189)
  );
#7762 = ADVANCED_FACE('',(#7763),#7769,.F.);
#7763 = FACE_BOUND('',#7764,.F.);
#7764 = EDGE_LOOP('',(#7765,#7766,#7767,#7768));
#7765 = ORIENTED_EDGE('',*,*,#5881,.T.);
#7766 = ORIENTED_EDGE('',*,*,#7751,.F.);
#7767 = ORIENTED_EDGE('',*,*,#7477,.T.);
#7768 = ORIENTED_EDGE('',*,*,#7744,.T.);
#7769 = CYLINDRICAL_SURFACE('',#7770,2.4585);
#7770 = AXIS2_PLACEMENT_3D('',#7771,#7772,#7773);
#7771 = CARTESIAN_POINT('',(-11.,27.808958933443,45.548747737362));
#7772 = DIRECTION('',(1.,9.957992501003E-17,-1.245154931496E-28));
#7773 = DIRECTION('',(4.774115918221E-17,-0.479425538604,0.87758256189)
  );
#7774 = ADVANCED_FACE('',(#7775),#7793,.T.);
#7775 = FACE_BOUND('',#7776,.T.);
#7776 = EDGE_LOOP('',(#7777,#7785,#7791,#7792));
#7777 = ORIENTED_EDGE('',*,*,#7778,.T.);
#7778 = EDGE_CURVE('',#7247,#7779,#7781,.T.);
#7779 = VERTEX_POINT('',#7780);
#7780 = CARTESIAN_POINT('',(-10.1125,22.081813483443,45.285542879662));
#7781 = LINE('',#7782,#7783);
#7782 = CARTESIAN_POINT('',(-10.8562499996,22.081813482943,
    45.285542880562));
#7783 = VECTOR('',#7784,1.);
#7784 = DIRECTION('',(1.,2.22044604925E-16,-2.465190328815E-32));
#7785 = ORIENTED_EDGE('',*,*,#7786,.F.);
#7786 = EDGE_CURVE('',#6922,#7779,#7787,.T.);
#7787 = LINE('',#7788,#7789);
#7788 = CARTESIAN_POINT('',(-10.1124999993,18.816396011343,
    46.160508855062));
#7789 = VECTOR('',#7790,1.);
#7790 = DIRECTION('',(-2.144786184852E-16,0.965925826289,-0.258819045103
    ));
#7791 = ORIENTED_EDGE('',*,*,#6921,.F.);
#7792 = ORIENTED_EDGE('',*,*,#7254,.T.);
#7793 = PLANE('',#7794);
#7794 = AXIS2_PLACEMENT_3D('',#7795,#7796,#7797);
#7795 = CARTESIAN_POINT('',(-11.6,11.808673405543,48.038222468062));
#7796 = DIRECTION('',(2.577318110267E-17,-0.258819045103,-0.965925826289
    ));
#7797 = DIRECTION('',(-9.61868213472E-17,0.965925826289,-0.258819045103)
  );
#7798 = ADVANCED_FACE('',(#7799),#7817,.T.);
#7799 = FACE_BOUND('',#7800,.T.);
#7800 = EDGE_LOOP('',(#7801,#7809,#7815,#7816));
#7801 = ORIENTED_EDGE('',*,*,#7802,.T.);
#7802 = EDGE_CURVE('',#7779,#7803,#7805,.T.);
#7803 = VERTEX_POINT('',#7804);
#7804 = CARTESIAN_POINT('',(-10.1125,23.081524119743,37.143553127002));
#7805 = LINE('',#7806,#7807);
#7806 = CARTESIAN_POINT('',(-10.1125,22.581668801543,41.214548003332));
#7807 = VECTOR('',#7808,1.);
#7808 = DIRECTION('',(-2.706043019706E-17,0.121869343352,-0.992546151648
    ));
#7809 = ORIENTED_EDGE('',*,*,#7810,.T.);
#7810 = EDGE_CURVE('',#7803,#6930,#7811,.T.);
#7811 = LINE('',#7812,#7813);
#7812 = CARTESIAN_POINT('',(-10.1125,19.316251329143,38.152454930762));
#7813 = VECTOR('',#7814,1.);
#7814 = DIRECTION('',(-6.969182673705E-16,-0.965925826274,0.25881904516)
  );
#7815 = ORIENTED_EDGE('',*,*,#6929,.T.);
#7816 = ORIENTED_EDGE('',*,*,#7786,.T.);
#7817 = PLANE('',#7818);
#7818 = AXIS2_PLACEMENT_3D('',#7819,#7820,#7821);
#7819 = CARTESIAN_POINT('',(-10.1125,48.362940930743,24.048747737362));
#7820 = DIRECTION('',(-1.,-9.957992501003E-17,1.105559255366E-32));
#7821 = DIRECTION('',(9.957992501003E-17,-1.,1.110223024625E-16));
#7822 = ADVANCED_FACE('',(#7823),#7834,.T.);
#7823 = FACE_BOUND('',#7824,.T.);
#7824 = EDGE_LOOP('',(#7825,#7826,#7827,#7833));
#7825 = ORIENTED_EDGE('',*,*,#6937,.T.);
#7826 = ORIENTED_EDGE('',*,*,#7810,.F.);
#7827 = ORIENTED_EDGE('',*,*,#7828,.F.);
#7828 = EDGE_CURVE('',#7239,#7803,#7829,.T.);
#7829 = LINE('',#7830,#7831);
#7830 = CARTESIAN_POINT('',(-10.8562499996,23.081524119943,
    37.143553127222));
#7831 = VECTOR('',#7832,1.);
#7832 = DIRECTION('',(1.,2.22044604925E-16,-2.465190328815E-32));
#7833 = ORIENTED_EDGE('',*,*,#7238,.T.);
#7834 = PLANE('',#7835);
#7835 = AXIS2_PLACEMENT_3D('',#7836,#7837,#7838);
#7836 = CARTESIAN_POINT('',(-11.6,20.235336812443,37.906186717762));
#7837 = DIRECTION('',(-2.577318110267E-17,0.258819045103,0.965925826289)
  );
#7838 = DIRECTION('',(9.61868213472E-17,-0.965925826289,0.258819045103)
  );
#7839 = ADVANCED_FACE('',(#7840),#7846,.T.);
#7840 = FACE_BOUND('',#7841,.T.);
#7841 = EDGE_LOOP('',(#7842,#7843,#7844,#7845));
#7842 = ORIENTED_EDGE('',*,*,#7828,.T.);
#7843 = ORIENTED_EDGE('',*,*,#7802,.F.);
#7844 = ORIENTED_EDGE('',*,*,#7778,.F.);
#7845 = ORIENTED_EDGE('',*,*,#7246,.T.);
#7846 = PLANE('',#7847);
#7847 = AXIS2_PLACEMENT_3D('',#7848,#7849,#7850);
#7848 = CARTESIAN_POINT('',(-11.6,22.245189779843,43.954949725562));
#7849 = DIRECTION('',(9.883767135008E-17,-0.992546151641,-0.121869343405
    ));
#7850 = DIRECTION('',(-1.213574007734E-17,0.121869343405,-0.992546151641
    ));
#7851 = ADVANCED_FACE('',(#7852),#7872,.F.);
#7852 = FACE_BOUND('',#7853,.F.);
#7853 = EDGE_LOOP('',(#7854,#7863,#7864,#7865));
#7854 = ORIENTED_EDGE('',*,*,#7855,.T.);
#7855 = EDGE_CURVE('',#7856,#7620,#7858,.T.);
#7856 = VERTEX_POINT('',#7857);
#7857 = CARTESIAN_POINT('',(-5.0494086961,21.178473581143,
    54.083483200862));
#7858 = CIRCLE('',#7859,0.2);
#7859 = AXIS2_PLACEMENT_3D('',#7860,#7861,#7862);
#7860 = CARTESIAN_POINT('',(-5.1339323484,21.178473581143,
    54.264744758262));
#7861 = DIRECTION('',(-0.115977197918,-0.9917784677,-5.408105556054E-02)
  );
#7862 = DIRECTION('',(0.993232014213,-0.11614717363,-4.617585234472E-14)
  );
#7863 = ORIENTED_EDGE('',*,*,#7619,.F.);
#7864 = ORIENTED_EDGE('',*,*,#7273,.T.);
#7865 = ORIENTED_EDGE('',*,*,#7866,.T.);
#7866 = EDGE_CURVE('',#7274,#7856,#7867,.T.);
#7867 = CIRCLE('',#7868,4.95);
#7868 = AXIS2_PLACEMENT_3D('',#7869,#7870,#7871);
#7869 = CARTESIAN_POINT('',(-9.4987486101,21.811908643643,
    52.008721925262));
#7870 = DIRECTION('',(-0.422618261741,3.398471796818E-16,0.906307787037)
  );
#7871 = DIRECTION('',(-0.906307787037,-2.48160806994E-16,-0.422618261741
    ));
#7872 = TOROIDAL_SURFACE('',#7873,4.95,0.2);
#7873 = AXIS2_PLACEMENT_3D('',#7874,#7875,#7876);
#7874 = CARTESIAN_POINT('',(-9.5832722625,21.811908643643,
    52.189983482662));
#7875 = DIRECTION('',(-0.422618261741,3.360918385998E-16,0.906307787037)
  );
#7876 = DIRECTION('',(-0.898856548291,0.127966679286,-0.419143692051));
#7877 = ADVANCED_FACE('',(#7878),#7927,.T.);
#7878 = FACE_BOUND('',#7879,.T.);
#7879 = EDGE_LOOP('',(#7880,#7881,#7889,#7898,#7904,#7905,#7906,#7920));
#7880 = ORIENTED_EDGE('',*,*,#7356,.T.);
#7881 = ORIENTED_EDGE('',*,*,#7882,.T.);
#7882 = EDGE_CURVE('',#7349,#7883,#7885,.T.);
#7883 = VERTEX_POINT('',#7884);
#7884 = CARTESIAN_POINT('',(-9.4987486101,24.961908643643,
    52.008721925262));
#7885 = LINE('',#7886,#7887);
#7886 = CARTESIAN_POINT('',(-10.5493743055,24.961908644043,
    51.518807117662));
#7887 = VECTOR('',#7888,1.);
#7888 = DIRECTION('',(0.906307787037,2.48160806994E-16,0.422618261741));
#7889 = ORIENTED_EDGE('',*,*,#7890,.F.);
#7890 = EDGE_CURVE('',#7891,#7883,#7893,.T.);
#7891 = VERTEX_POINT('',#7892);
#7892 = CARTESIAN_POINT('',(-9.4987486101,18.661908643643,
    52.008721925262));
#7893 = CIRCLE('',#7894,3.15000000037);
#7894 = AXIS2_PLACEMENT_3D('',#7895,#7896,#7897);
#7895 = CARTESIAN_POINT('',(-9.4987486105,21.811908643643,
    52.008721925062));
#7896 = DIRECTION('',(-0.422618261741,5.853608244448E-17,0.906307787037)
  );
#7897 = DIRECTION('',(-0.906307787037,-2.48160806994E-16,-0.422618261741
    ));
#7898 = ORIENTED_EDGE('',*,*,#7899,.F.);
#7899 = EDGE_CURVE('',#7291,#7891,#7900,.T.);
#7900 = LINE('',#7901,#7902);
#7901 = CARTESIAN_POINT('',(-10.5493743055,18.661908644243,
    51.518807117662));
#7902 = VECTOR('',#7903,1.);
#7903 = DIRECTION('',(0.906307787037,-8.033923450751E-10,0.422618261741)
  );
#7904 = ORIENTED_EDGE('',*,*,#7290,.T.);
#7905 = ORIENTED_EDGE('',*,*,#7866,.T.);
#7906 = ORIENTED_EDGE('',*,*,#7907,.T.);
#7907 = EDGE_CURVE('',#7856,#7908,#7910,.T.);
#7908 = VERTEX_POINT('',#7909);
#7909 = CARTESIAN_POINT('',(-5.5617170576,24.185065059743,
    53.844589888562));
#7910 = B_SPLINE_CURVE_WITH_KNOTS('',5,(#7911,#7912,#7913,#7914,#7915,
    #7916,#7917,#7918,#7919),.UNSPECIFIED.,.F.,.F.,(6,3,6),(0.,
    3.87486922831,4.42287231864),.UNSPECIFIED.);
#7911 = CARTESIAN_POINT('',(-5.049408696,21.178473580543,54.083483200962
    ));
#7912 = CARTESIAN_POINT('',(-4.9862050204,21.718959518343,
    54.112955558862));
#7913 = CARTESIAN_POINT('',(-4.9904407718,22.269121770343,
    54.110980395562));
#7914 = CARTESIAN_POINT('',(-5.0636295995,22.814970851143,
    54.076851884762));
#7915 = CARTESIAN_POINT('',(-5.2238400419,23.417489557043,
    54.002144528562));
#7916 = CARTESIAN_POINT('',(-5.4648291747,23.979983567043,
    53.889769450362));
#7917 = CARTESIAN_POINT('',(-5.4959335928,24.049070422543,
    53.875265221962));
#7918 = CARTESIAN_POINT('',(-5.5282288003,24.117428163343,
    53.860205719462));
#7919 = CARTESIAN_POINT('',(-5.5617170584,24.185065058943,
    53.844589888262));
#7920 = ORIENTED_EDGE('',*,*,#7921,.T.);
#7921 = EDGE_CURVE('',#7908,#7357,#7922,.T.);
#7922 = CIRCLE('',#7923,4.94999999963);
#7923 = AXIS2_PLACEMENT_3D('',#7924,#7925,#7926);
#7924 = CARTESIAN_POINT('',(-9.4987486109,21.811908643643,
    52.008721924862));
#7925 = DIRECTION('',(-0.422618261741,5.853608244448E-17,0.906307787037)
  );
#7926 = DIRECTION('',(-0.906307787037,-2.48160806994E-16,-0.422618261741
    ));
#7927 = PLANE('',#7928);
#7928 = AXIS2_PLACEMENT_3D('',#7929,#7930,#7931);
#7929 = CARTESIAN_POINT('',(-4.8312635069,21.811908643643,
    54.185205973162));
#7930 = DIRECTION('',(-0.422618261741,5.853608244448E-17,0.906307787037)
  );
#7931 = DIRECTION('',(9.957992501003E-17,-1.,1.110223024625E-16));
#7932 = ADVANCED_FACE('',(#7933),#7951,.T.);
#7933 = FACE_BOUND('',#7934,.T.);
#7934 = EDGE_LOOP('',(#7935,#7936,#7937,#7945));
#7935 = ORIENTED_EDGE('',*,*,#7298,.T.);
#7936 = ORIENTED_EDGE('',*,*,#7899,.T.);
#7937 = ORIENTED_EDGE('',*,*,#7938,.F.);
#7938 = EDGE_CURVE('',#7939,#7891,#7941,.T.);
#7939 = VERTEX_POINT('',#7940);
#7940 = CARTESIAN_POINT('',(-8.5689884343,18.661908643643,
    50.014844793762));
#7941 = LINE('',#7942,#7943);
#7942 = CARTESIAN_POINT('',(-9.0338685225,18.661908643643,
    51.011783359762));
#7943 = VECTOR('',#7944,1.);
#7944 = DIRECTION('',(-0.422618261741,6.780272294252E-18,0.906307787037)
  );
#7945 = ORIENTED_EDGE('',*,*,#7946,.T.);
#7946 = EDGE_CURVE('',#7939,#7299,#7947,.T.);
#7947 = LINE('',#7948,#7949);
#7948 = CARTESIAN_POINT('',(-10.0844942177,18.661908643643,
    49.308152841762));
#7949 = VECTOR('',#7950,1.);
#7950 = DIRECTION('',(-0.906307787037,-2.48160806994E-16,-0.422618261741
    ));
#7951 = PLANE('',#7952);
#7952 = AXIS2_PLACEMENT_3D('',#7953,#7954,#7955);
#7953 = CARTESIAN_POINT('',(-14.4689798539,18.661908643643,
    49.691065033462));
#7954 = DIRECTION('',(-9.957992501003E-17,1.,-1.110223024625E-16));
#7955 = DIRECTION('',(0.906307787037,1.371701139503E-16,0.422618261741)
  );
#7956 = ADVANCED_FACE('',(#7957),#7976,.F.);
#7957 = FACE_BOUND('',#7958,.F.);
#7958 = EDGE_LOOP('',(#7959,#7967,#7974,#7975));
#7959 = ORIENTED_EDGE('',*,*,#7960,.F.);
#7960 = EDGE_CURVE('',#7961,#7307,#7963,.T.);
#7961 = VERTEX_POINT('',#7962);
#7962 = CARTESIAN_POINT('',(-8.4844649362,18.861908643643,
    49.833583164462));
#7963 = LINE('',#7964,#7965);
#7964 = CARTESIAN_POINT('',(-8.6147976264,18.861908643643,
    49.772808033462));
#7965 = VECTOR('',#7966,1.);
#7966 = DIRECTION('',(-0.906307787037,-1.371697684122E-16,
    -0.422618261741));
#7967 = ORIENTED_EDGE('',*,*,#7968,.T.);
#7968 = EDGE_CURVE('',#7961,#7939,#7969,.T.);
#7969 = CIRCLE('',#7970,0.2);
#7970 = AXIS2_PLACEMENT_3D('',#7971,#7972,#7973);
#7971 = CARTESIAN_POINT('',(-8.5689885893,18.861908643643,
    50.014844721462));
#7972 = DIRECTION('',(-0.906307787037,-1.371701139502E-16,
    -0.422618261741));
#7973 = DIRECTION('',(-0.422618261741,6.780272294252E-18,0.906307787037)
  );
#7974 = ORIENTED_EDGE('',*,*,#7946,.T.);
#7975 = ORIENTED_EDGE('',*,*,#7306,.T.);
#7976 = CYLINDRICAL_SURFACE('',#7977,0.2);
#7977 = AXIS2_PLACEMENT_3D('',#7978,#7979,#7980);
#7978 = CARTESIAN_POINT('',(-8.6993212787,18.861908643643,
    49.954069590262));
#7979 = DIRECTION('',(-0.906307787037,-1.371701139502E-16,
    -0.422618261741));
#7980 = DIRECTION('',(0.422618261741,-5.853608244438E-17,-0.906307787037
    ));
#7981 = ADVANCED_FACE('',(#7982),#8010,.T.);
#7982 = FACE_BOUND('',#7983,.T.);
#7983 = EDGE_LOOP('',(#7984,#7995,#8001,#8002,#8003));
#7984 = ORIENTED_EDGE('',*,*,#7985,.T.);
#7985 = EDGE_CURVE('',#7986,#7988,#7990,.T.);
#7986 = VERTEX_POINT('',#7987);
#7987 = CARTESIAN_POINT('',(-7.3059667157,24.459859768143,
    50.383125909762));
#7988 = VERTEX_POINT('',#7989);
#7989 = CARTESIAN_POINT('',(-8.4844643946,24.761908643643,
    49.833583416962));
#7990 = CIRCLE('',#7991,2.95000002795);
#7991 = AXIS2_PLACEMENT_3D('',#7992,#7993,#7994);
#7992 = CARTESIAN_POINT('',(-8.4844647876,21.811908615943,
    49.833583233762));
#7993 = DIRECTION('',(-0.422618261741,5.853608244448E-17,0.906307787037)
  );
#7994 = DIRECTION('',(-0.906307787037,-2.48160806994E-16,-0.422618261741
    ));
#7995 = ORIENTED_EDGE('',*,*,#7996,.F.);
#7996 = EDGE_CURVE('',#7324,#7988,#7997,.T.);
#7997 = LINE('',#7998,#7999);
#7998 = CARTESIAN_POINT('',(-10.0422321977,24.761908643843,
    49.107184360762));
#7999 = VECTOR('',#8000,1.);
#8000 = DIRECTION('',(0.906307787037,2.48160806994E-16,0.422618261741));
#8001 = ORIENTED_EDGE('',*,*,#7323,.T.);
#8002 = ORIENTED_EDGE('',*,*,#7960,.F.);
#8003 = ORIENTED_EDGE('',*,*,#8004,.T.);
#8004 = EDGE_CURVE('',#7961,#7986,#8005,.T.);
#8005 = CIRCLE('',#8006,2.95000000032);
#8006 = AXIS2_PLACEMENT_3D('',#8007,#8008,#8009);
#8007 = CARTESIAN_POINT('',(-8.4844647823,21.811908643843,
    49.833583236262));
#8008 = DIRECTION('',(-0.422618261741,5.853608244448E-17,0.906307787037)
  );
#8009 = DIRECTION('',(-0.906307787037,-2.48160806994E-16,-0.422618261741
    ));
#8010 = PLANE('',#8011);
#8011 = AXIS2_PLACEMENT_3D('',#8012,#8013,#8014);
#8012 = CARTESIAN_POINT('',(-20.9197110842,48.362940930743,
    44.034932654562));
#8013 = DIRECTION('',(-0.422618261741,5.853608244448E-17,0.906307787037)
  );
#8014 = DIRECTION('',(9.957992501003E-17,-1.,1.110223024625E-16));
#8015 = ADVANCED_FACE('',(#8016),#8035,.F.);
#8016 = FACE_BOUND('',#8017,.F.);
#8017 = EDGE_LOOP('',(#8018,#8026,#8033,#8034));
#8018 = ORIENTED_EDGE('',*,*,#8019,.T.);
#8019 = EDGE_CURVE('',#7332,#8020,#8022,.T.);
#8020 = VERTEX_POINT('',#8021);
#8021 = CARTESIAN_POINT('',(-8.5689880206,24.961908643643,
    50.014844986662));
#8022 = LINE('',#8023,#8024);
#8023 = CARTESIAN_POINT('',(-8.6993212781,24.961908643643,
    49.954069591562));
#8024 = VECTOR('',#8025,1.);
#8025 = DIRECTION('',(0.906307787037,1.371697684122E-16,0.422618261741)
  );
#8026 = ORIENTED_EDGE('',*,*,#8027,.F.);
#8027 = EDGE_CURVE('',#7988,#8020,#8028,.T.);
#8028 = CIRCLE('',#8029,0.2);
#8029 = AXIS2_PLACEMENT_3D('',#8030,#8031,#8032);
#8030 = CARTESIAN_POINT('',(-8.5689880474,24.761908643643,
    50.014844974162));
#8031 = DIRECTION('',(0.906307787037,1.371701139502E-16,0.422618261741)
  );
#8032 = DIRECTION('',(0.422618261741,-6.780272294252E-18,-0.906307787037
    ));
#8033 = ORIENTED_EDGE('',*,*,#7996,.F.);
#8034 = ORIENTED_EDGE('',*,*,#7331,.F.);
#8035 = CYLINDRICAL_SURFACE('',#8036,0.2);
#8036 = AXIS2_PLACEMENT_3D('',#8037,#8038,#8039);
#8037 = CARTESIAN_POINT('',(-8.6993212787,24.761908643643,
    49.954069590262));
#8038 = DIRECTION('',(0.906307787037,1.371701139502E-16,0.422618261741)
  );
#8039 = DIRECTION('',(0.422618261741,-5.853608244438E-17,-0.906307787037
    ));
#8040 = ADVANCED_FACE('',(#8041),#8052,.T.);
#8041 = FACE_BOUND('',#8042,.T.);
#8042 = EDGE_LOOP('',(#8043,#8049,#8050,#8051));
#8043 = ORIENTED_EDGE('',*,*,#8044,.T.);
#8044 = EDGE_CURVE('',#8020,#7883,#8045,.T.);
#8045 = LINE('',#8046,#8047);
#8046 = CARTESIAN_POINT('',(-9.0338685224,24.961908643643,
    51.011783359862));
#8047 = VECTOR('',#8048,1.);
#8048 = DIRECTION('',(-0.422618261741,6.780272294252E-18,0.906307787037)
  );
#8049 = ORIENTED_EDGE('',*,*,#7882,.F.);
#8050 = ORIENTED_EDGE('',*,*,#7348,.F.);
#8051 = ORIENTED_EDGE('',*,*,#8019,.T.);
#8052 = PLANE('',#8053);
#8053 = AXIS2_PLACEMENT_3D('',#8054,#8055,#8056);
#8054 = CARTESIAN_POINT('',(-9.4987486101,24.961908643643,
    52.008721925262));
#8055 = DIRECTION('',(9.957992501003E-17,-1.,1.110223024625E-16));
#8056 = DIRECTION('',(-0.906307787037,-1.371701139503E-16,
    -0.422618261741));
#8057 = ADVANCED_FACE('',(#8058),#8070,.F.);
#8058 = FACE_BOUND('',#8059,.F.);
#8059 = EDGE_LOOP('',(#8060,#8061,#8068,#8069));
#8060 = ORIENTED_EDGE('',*,*,#7726,.F.);
#8061 = ORIENTED_EDGE('',*,*,#8062,.F.);
#8062 = EDGE_CURVE('',#7908,#7629,#8063,.T.);
#8063 = CIRCLE('',#8064,0.2);
#8064 = AXIS2_PLACEMENT_3D('',#8065,#8066,#8067);
#8065 = CARTESIAN_POINT('',(-5.6462407099,24.185065059743,
    54.025851445962));
#8066 = DIRECTION('',(0.434507098941,-0.87758256189,0.202613987759));
#8067 = DIRECTION('',(0.896170312724,0.443710232688,1.543550054181E-13)
  );
#8068 = ORIENTED_EDGE('',*,*,#7921,.T.);
#8069 = ORIENTED_EDGE('',*,*,#7364,.F.);
#8070 = TOROIDAL_SURFACE('',#8071,4.95,0.2);
#8071 = AXIS2_PLACEMENT_3D('',#8072,#8073,#8074);
#8072 = CARTESIAN_POINT('',(-9.5832722625,21.811908643643,
    52.189983482662));
#8073 = DIRECTION('',(-0.422618261741,-1.635085224806E-16,0.906307787037
    ));
#8074 = DIRECTION('',(0.795359909609,0.479425538604,0.37088241684));
#8075 = ADVANCED_FACE('',(#8076),#8102,.F.);
#8076 = FACE_BOUND('',#8077,.F.);
#8077 = EDGE_LOOP('',(#8078,#8086,#8087,#8095));
#8078 = ORIENTED_EDGE('',*,*,#8079,.F.);
#8079 = EDGE_CURVE('',#7393,#8080,#8082,.T.);
#8080 = VERTEX_POINT('',#8081);
#8081 = CARTESIAN_POINT('',(-1.6,34.150826457643,52.748747737362));
#8082 = LINE('',#8083,#8084);
#8083 = CARTESIAN_POINT('',(-6.6000000003,34.150826457643,
    52.748747737362));
#8084 = VECTOR('',#8085,1.);
#8085 = DIRECTION('',(1.,9.957972224603E-17,-1.105557004233E-32));
#8086 = ORIENTED_EDGE('',*,*,#7392,.T.);
#8087 = ORIENTED_EDGE('',*,*,#8088,.T.);
#8088 = EDGE_CURVE('',#7395,#8089,#8091,.T.);
#8089 = VERTEX_POINT('',#8090);
#8090 = CARTESIAN_POINT('',(-1.6,31.150826457643,52.748747737362));
#8091 = LINE('',#8092,#8093);
#8092 = CARTESIAN_POINT('',(-6.6000000003,31.150826457643,
    52.748747737362));
#8093 = VECTOR('',#8094,1.);
#8094 = DIRECTION('',(1.,9.957972224603E-17,-1.105557004233E-32));
#8095 = ORIENTED_EDGE('',*,*,#8096,.F.);
#8096 = EDGE_CURVE('',#8080,#8089,#8097,.T.);
#8097 = CIRCLE('',#8098,1.5);
#8098 = AXIS2_PLACEMENT_3D('',#8099,#8100,#8101);
#8099 = CARTESIAN_POINT('',(-1.6,32.650826457643,52.748747737362));
#8100 = DIRECTION('',(1.,9.957992501003E-17,-1.105559255366E-32));
#8101 = DIRECTION('',(9.957992501003E-17,-1.,1.110223024625E-16));
#8102 = CYLINDRICAL_SURFACE('',#8103,1.5);
#8103 = AXIS2_PLACEMENT_3D('',#8104,#8105,#8106);
#8104 = CARTESIAN_POINT('',(-6.6,32.650826457643,52.748747737362));
#8105 = DIRECTION('',(1.,9.957992501003E-17,-1.105559255366E-32));
#8106 = DIRECTION('',(-9.957992501003E-17,1.,-1.110223024625E-16));
#8107 = ADVANCED_FACE('',(#8108),#8120,.F.);
#8108 = FACE_BOUND('',#8109,.F.);
#8109 = EDGE_LOOP('',(#8110,#8111,#8112,#8113));
#8110 = ORIENTED_EDGE('',*,*,#8088,.F.);
#8111 = ORIENTED_EDGE('',*,*,#7420,.T.);
#8112 = ORIENTED_EDGE('',*,*,#8079,.T.);
#8113 = ORIENTED_EDGE('',*,*,#8114,.F.);
#8114 = EDGE_CURVE('',#8089,#8080,#8115,.T.);
#8115 = CIRCLE('',#8116,1.5);
#8116 = AXIS2_PLACEMENT_3D('',#8117,#8118,#8119);
#8117 = CARTESIAN_POINT('',(-1.6,32.650826457643,52.748747737362));
#8118 = DIRECTION('',(1.,9.957992501003E-17,-1.105559255366E-32));
#8119 = DIRECTION('',(9.957992501003E-17,-1.,1.110223024625E-16));
#8120 = CYLINDRICAL_SURFACE('',#8121,1.5);
#8121 = AXIS2_PLACEMENT_3D('',#8122,#8123,#8124);
#8122 = CARTESIAN_POINT('',(-6.6,32.650826457643,52.748747737362));
#8123 = DIRECTION('',(1.,9.957992501003E-17,-1.105559255366E-32));
#8124 = DIRECTION('',(9.957992501003E-17,-1.,2.334869823775E-16));
#8125 = ADVANCED_FACE('',(#8126),#8152,.F.);
#8126 = FACE_BOUND('',#8127,.F.);
#8127 = EDGE_LOOP('',(#8128,#8129,#8137,#8146));
#8128 = ORIENTED_EDGE('',*,*,#7506,.F.);
#8129 = ORIENTED_EDGE('',*,*,#8130,.F.);
#8130 = EDGE_CURVE('',#8131,#7507,#8133,.T.);
#8131 = VERTEX_POINT('',#8132);
#8132 = CARTESIAN_POINT('',(-11.1,36.938550833543,29.865925383222));
#8133 = LINE('',#8134,#8135);
#8134 = CARTESIAN_POINT('',(-3.53563465593E+05,3.103083293105E+05,
    -1.694721673743E+05));
#8135 = VECTOR('',#8136,1.);
#8136 = DIRECTION('',(-0.707106781187,0.620544580563,-0.339005049421));
#8137 = ORIENTED_EDGE('',*,*,#8138,.T.);
#8138 = EDGE_CURVE('',#8131,#8139,#8141,.T.);
#8139 = VERTEX_POINT('',#8140);
#8140 = CARTESIAN_POINT('',(-11.1,33.340462328743,31.831570091132));
#8141 = CIRCLE('',#8142,2.04999999995);
#8142 = AXIS2_PLACEMENT_3D('',#8143,#8144,#8145);
#8143 = CARTESIAN_POINT('',(-11.1,35.139506580743,30.848747737362));
#8144 = DIRECTION('',(-1.,-7.831083766303E-17,-1.16193553741E-17));
#8145 = DIRECTION('',(-7.831083766303E-17,1.,-1.110223024625E-16));
#8146 = ORIENTED_EDGE('',*,*,#8147,.T.);
#8147 = EDGE_CURVE('',#8139,#7509,#8148,.T.);
#8148 = LINE('',#8149,#8150);
#8149 = CARTESIAN_POINT('',(-3.53563465593E+05,-3.102380502975E+05,
    1.695338648697E+05));
#8150 = VECTOR('',#8151,1.);
#8151 = DIRECTION('',(-0.707106781187,-0.620544580563,0.339005049421));
#8152 = CONICAL_SURFACE('',#8153,2.05,0.785398163397);
#8153 = AXIS2_PLACEMENT_3D('',#8154,#8155,#8156);
#8154 = CARTESIAN_POINT('',(-11.1,35.139506580743,30.848747737362));
#8155 = DIRECTION('',(-1.,-9.957992501003E-17,1.105559255366E-32));
#8156 = DIRECTION('',(-8.738960570315E-17,0.87758256189,-0.479425538604)
  );
#8157 = ADVANCED_FACE('',(#8158),#8170,.F.);
#8158 = FACE_BOUND('',#8159,.F.);
#8159 = EDGE_LOOP('',(#8160,#8161,#8162,#8169));
#8160 = ORIENTED_EDGE('',*,*,#7517,.F.);
#8161 = ORIENTED_EDGE('',*,*,#8147,.F.);
#8162 = ORIENTED_EDGE('',*,*,#8163,.T.);
#8163 = EDGE_CURVE('',#8139,#8131,#8164,.T.);
#8164 = CIRCLE('',#8165,2.0500000004);
#8165 = AXIS2_PLACEMENT_3D('',#8166,#8167,#8168);
#8166 = CARTESIAN_POINT('',(-11.1000000004,35.139506580743,
    30.848747737362));
#8167 = DIRECTION('',(-1.,-7.831083766303E-17,-1.16193553741E-17));
#8168 = DIRECTION('',(-7.831083766303E-17,1.,-1.110223024625E-16));
#8169 = ORIENTED_EDGE('',*,*,#8130,.T.);
#8170 = CONICAL_SURFACE('',#8171,2.05,0.785398163397);
#8171 = AXIS2_PLACEMENT_3D('',#8172,#8173,#8174);
#8172 = CARTESIAN_POINT('',(-11.1,35.139506580743,30.848747737362));
#8173 = DIRECTION('',(-1.,-9.957992501003E-17,1.105559255366E-32));
#8174 = DIRECTION('',(8.738960570315E-17,-0.87758256189,0.479425538604)
  );
#8175 = ADVANCED_FACE('',(#8176),#8202,.F.);
#8176 = FACE_BOUND('',#8177,.F.);
#8177 = EDGE_LOOP('',(#8178,#8179,#8187,#8196));
#8178 = ORIENTED_EDGE('',*,*,#7526,.F.);
#8179 = ORIENTED_EDGE('',*,*,#8180,.F.);
#8180 = EDGE_CURVE('',#8181,#7527,#8183,.T.);
#8181 = VERTEX_POINT('',#8182);
#8182 = CARTESIAN_POINT('',(-11.1,21.545719841443,27.965925382852));
#8183 = LINE('',#8184,#8185);
#8184 = CARTESIAN_POINT('',(-3.53563465593E+05,3.102929364795E+05,
    -1.694740673743E+05));
#8185 = VECTOR('',#8186,1.);
#8186 = DIRECTION('',(-0.707106781187,0.620544580563,-0.339005049421));
#8187 = ORIENTED_EDGE('',*,*,#8188,.T.);
#8188 = EDGE_CURVE('',#8181,#8189,#8191,.T.);
#8189 = VERTEX_POINT('',#8190);
#8190 = CARTESIAN_POINT('',(-11.1,17.947631336643,29.931570090752));
#8191 = CIRCLE('',#8192,2.04999999986);
#8192 = AXIS2_PLACEMENT_3D('',#8193,#8194,#8195);
#8193 = CARTESIAN_POINT('',(-11.0999999999,19.746675588643,
    28.948747737362));
#8194 = DIRECTION('',(-1.,-7.831083766303E-17,-1.16193553741E-17));
#8195 = DIRECTION('',(-7.831083766303E-17,1.,-1.110223024625E-16));
#8196 = ORIENTED_EDGE('',*,*,#8197,.T.);
#8197 = EDGE_CURVE('',#8189,#7529,#8198,.T.);
#8198 = LINE('',#8199,#8200);
#8199 = CARTESIAN_POINT('',(-3.53563465593E+05,-3.102534431285E+05,
    1.695319648697E+05));
#8200 = VECTOR('',#8201,1.);
#8201 = DIRECTION('',(-0.707106781187,-0.620544580563,0.339005049421));
#8202 = CONICAL_SURFACE('',#8203,2.05,0.785398163397);
#8203 = AXIS2_PLACEMENT_3D('',#8204,#8205,#8206);
#8204 = CARTESIAN_POINT('',(-11.1,19.746675588643,28.948747737362));
#8205 = DIRECTION('',(-1.,-9.957992501003E-17,1.105559255366E-32));
#8206 = DIRECTION('',(-8.738960570315E-17,0.87758256189,-0.479425538604)
  );
#8207 = ADVANCED_FACE('',(#8208),#8220,.F.);
#8208 = FACE_BOUND('',#8209,.F.);
#8209 = EDGE_LOOP('',(#8210,#8211,#8212,#8219));
#8210 = ORIENTED_EDGE('',*,*,#7537,.F.);
#8211 = ORIENTED_EDGE('',*,*,#8197,.F.);
#8212 = ORIENTED_EDGE('',*,*,#8213,.T.);
#8213 = EDGE_CURVE('',#8189,#8181,#8214,.T.);
#8214 = CIRCLE('',#8215,2.05000000049);
#8215 = AXIS2_PLACEMENT_3D('',#8216,#8217,#8218);
#8216 = CARTESIAN_POINT('',(-11.1000000005,19.746675588643,
    28.948747737362));
#8217 = DIRECTION('',(-1.,-7.831083766303E-17,-1.16193553741E-17));
#8218 = DIRECTION('',(-7.831083766303E-17,1.,-1.110223024625E-16));
#8219 = ORIENTED_EDGE('',*,*,#8180,.T.);
#8220 = CONICAL_SURFACE('',#8221,2.05,0.785398163397);
#8221 = AXIS2_PLACEMENT_3D('',#8222,#8223,#8224);
#8222 = CARTESIAN_POINT('',(-11.1,19.746675588643,28.948747737362));
#8223 = DIRECTION('',(-1.,-9.957992501003E-17,1.105559255366E-32));
#8224 = DIRECTION('',(8.738960570315E-17,-0.87758256189,0.479425538604)
  );
#8225 = ADVANCED_FACE('',(#8226),#8252,.F.);
#8226 = FACE_BOUND('',#8227,.F.);
#8227 = EDGE_LOOP('',(#8228,#8236,#8245,#8251));
#8228 = ORIENTED_EDGE('',*,*,#8229,.T.);
#8229 = EDGE_CURVE('',#7549,#8230,#8232,.T.);
#8230 = VERTEX_POINT('',#8231);
#8231 = CARTESIAN_POINT('',(-4.1,30.369142196143,37.048747737362));
#8232 = LINE('',#8233,#8234);
#8233 = CARTESIAN_POINT('',(-9.1000000003,30.369142196843,
    37.048747737362));
#8234 = VECTOR('',#8235,1.);
#8235 = DIRECTION('',(1.,9.957972224603E-17,-1.105557004233E-32));
#8236 = ORIENTED_EDGE('',*,*,#8237,.F.);
#8237 = EDGE_CURVE('',#8238,#8230,#8240,.T.);
#8238 = VERTEX_POINT('',#8239);
#8239 = CARTESIAN_POINT('',(-4.1,27.369142196143,37.048747737362));
#8240 = CIRCLE('',#8241,1.5);
#8241 = AXIS2_PLACEMENT_3D('',#8242,#8243,#8244);
#8242 = CARTESIAN_POINT('',(-4.1,28.869142196843,37.048747737362));
#8243 = DIRECTION('',(1.,9.957992501003E-17,-1.105559255366E-32));
#8244 = DIRECTION('',(9.957992501003E-17,-1.,1.110223024625E-16));
#8245 = ORIENTED_EDGE('',*,*,#8246,.F.);
#8246 = EDGE_CURVE('',#7547,#8238,#8247,.T.);
#8247 = LINE('',#8248,#8249);
#8248 = CARTESIAN_POINT('',(-9.1000000003,27.369142196843,
    37.048747737362));
#8249 = VECTOR('',#8250,1.);
#8250 = DIRECTION('',(1.,9.957972224603E-17,-1.105557004233E-32));
#8251 = ORIENTED_EDGE('',*,*,#7546,.T.);
#8252 = CYLINDRICAL_SURFACE('',#8253,1.5);
#8253 = AXIS2_PLACEMENT_3D('',#8254,#8255,#8256);
#8254 = CARTESIAN_POINT('',(-9.1,28.869142196843,37.048747737362));
#8255 = DIRECTION('',(1.,9.957992501003E-17,-1.105559255366E-32));
#8256 = DIRECTION('',(9.957992501003E-17,-1.,2.334869823775E-16));
#8257 = ADVANCED_FACE('',(#8258),#8270,.F.);
#8258 = FACE_BOUND('',#8259,.F.);
#8259 = EDGE_LOOP('',(#8260,#8261,#8268,#8269));
#8260 = ORIENTED_EDGE('',*,*,#8246,.T.);
#8261 = ORIENTED_EDGE('',*,*,#8262,.F.);
#8262 = EDGE_CURVE('',#8230,#8238,#8263,.T.);
#8263 = CIRCLE('',#8264,1.5);
#8264 = AXIS2_PLACEMENT_3D('',#8265,#8266,#8267);
#8265 = CARTESIAN_POINT('',(-4.1,28.869142196843,37.048747737362));
#8266 = DIRECTION('',(1.,9.957992501003E-17,-1.105559255366E-32));
#8267 = DIRECTION('',(9.957992501003E-17,-1.,1.110223024625E-16));
#8268 = ORIENTED_EDGE('',*,*,#8229,.F.);
#8269 = ORIENTED_EDGE('',*,*,#7574,.T.);
#8270 = CYLINDRICAL_SURFACE('',#8271,1.5);
#8271 = AXIS2_PLACEMENT_3D('',#8272,#8273,#8274);
#8272 = CARTESIAN_POINT('',(-9.1,28.869142196843,37.048747737362));
#8273 = DIRECTION('',(1.,9.957992501003E-17,-1.105559255366E-32));
#8274 = DIRECTION('',(-9.957992501003E-17,1.,-1.110223024625E-16));
#8275 = ADVANCED_FACE('',(#8276),#8282,.F.);
#8276 = FACE_BOUND('',#8277,.F.);
#8277 = EDGE_LOOP('',(#8278,#8279,#8280,#8281));
#8278 = ORIENTED_EDGE('',*,*,#7855,.F.);
#8279 = ORIENTED_EDGE('',*,*,#7907,.T.);
#8280 = ORIENTED_EDGE('',*,*,#8062,.T.);
#8281 = ORIENTED_EDGE('',*,*,#7628,.F.);
#8282 = TOROIDAL_SURFACE('',#8283,4.95,0.2);
#8283 = AXIS2_PLACEMENT_3D('',#8284,#8285,#8286);
#8284 = CARTESIAN_POINT('',(-9.5832722625,21.811908643643,
    52.189983482662));
#8285 = DIRECTION('',(-0.422618261741,3.360918385998E-16,0.906307787037)
  );
#8286 = DIRECTION('',(0.898856548291,-0.127966679286,0.419143692051));
#8287 = ADVANCED_FACE('',(#8288),#8309,.F.);
#8288 = FACE_BOUND('',#8289,.F.);
#8289 = EDGE_LOOP('',(#8290,#8291,#8292,#8293,#8302));
#8290 = ORIENTED_EDGE('',*,*,#8044,.T.);
#8291 = ORIENTED_EDGE('',*,*,#7890,.F.);
#8292 = ORIENTED_EDGE('',*,*,#7938,.F.);
#8293 = ORIENTED_EDGE('',*,*,#8294,.T.);
#8294 = EDGE_CURVE('',#7939,#8295,#8297,.T.);
#8295 = VERTEX_POINT('',#8296);
#8296 = CARTESIAN_POINT('',(-7.310592194,24.639381878343,50.601644597562
    ));
#8297 = CIRCLE('',#8298,3.15);
#8298 = AXIS2_PLACEMENT_3D('',#8299,#8300,#8301);
#8299 = CARTESIAN_POINT('',(-8.5689884346,21.811908643643,
    50.014844794462));
#8300 = DIRECTION('',(-0.422618261741,5.853608244448E-17,0.906307787037)
  );
#8301 = DIRECTION('',(-0.906307787037,-2.48160806994E-16,-0.422618261741
    ));
#8302 = ORIENTED_EDGE('',*,*,#8303,.T.);
#8303 = EDGE_CURVE('',#8295,#8020,#8304,.T.);
#8304 = B_SPLINE_CURVE_WITH_KNOTS('',3,(#8305,#8306,#8307,#8308),
  .UNSPECIFIED.,.F.,.F.,(4,4),(-0.718952747498,0.718952747498),
  .PIECEWISE_BEZIER_KNOTS.);
#8305 = CARTESIAN_POINT('',(-7.3105921943,24.639381878343,
    50.601644598262));
#8306 = CARTESIAN_POINT('',(-7.7005097136,24.850653047343,
    50.419823072762));
#8307 = CARTESIAN_POINT('',(-8.134593452,24.961908643643,50.217406500962
    ));
#8308 = CARTESIAN_POINT('',(-8.5689884343,24.961908643643,
    50.014844793762));
#8309 = CYLINDRICAL_SURFACE('',#8310,3.15);
#8310 = AXIS2_PLACEMENT_3D('',#8311,#8312,#8313);
#8311 = CARTESIAN_POINT('',(-9.4987486101,21.811908643643,
    52.008721925262));
#8312 = DIRECTION('',(-0.422618261741,5.853608244448E-17,0.906307787037)
  );
#8313 = DIRECTION('',(9.957992501003E-17,-1.,1.110223024625E-16));
#8314 = ADVANCED_FACE('',(#8315),#8327,.F.);
#8315 = FACE_BOUND('',#8316,.F.);
#8316 = EDGE_LOOP('',(#8317,#8324,#8325,#8326));
#8317 = ORIENTED_EDGE('',*,*,#8318,.T.);
#8318 = EDGE_CURVE('',#7986,#8295,#8319,.T.);
#8319 = CIRCLE('',#8320,0.2);
#8320 = AXIS2_PLACEMENT_3D('',#8321,#8322,#8323);
#8321 = CARTESIAN_POINT('',(-7.390490368,24.459859768143,50.564387467162
    ));
#8322 = DIRECTION('',(0.81351143181,-0.440789404708,0.37934661065));
#8323 = DIRECTION('',(-0.476397940215,-0.879229778021,1.520871461855E-13
    ));
#8324 = ORIENTED_EDGE('',*,*,#8294,.F.);
#8325 = ORIENTED_EDGE('',*,*,#7968,.F.);
#8326 = ORIENTED_EDGE('',*,*,#8004,.T.);
#8327 = TOROIDAL_SURFACE('',#8328,2.95,0.2);
#8328 = AXIS2_PLACEMENT_3D('',#8329,#8330,#8331);
#8329 = CARTESIAN_POINT('',(-8.5689884343,21.811908643643,
    50.014844793762));
#8330 = DIRECTION('',(-0.422618261741,-3.855531274053E-16,0.906307787037
    ));
#8331 = DIRECTION('',(-0.39949086993,-0.897610550683,-0.186285652011));
#8332 = ADVANCED_FACE('',(#8333),#8339,.F.);
#8333 = FACE_BOUND('',#8334,.F.);
#8334 = EDGE_LOOP('',(#8335,#8336,#8337,#8338));
#8335 = ORIENTED_EDGE('',*,*,#8318,.F.);
#8336 = ORIENTED_EDGE('',*,*,#7985,.T.);
#8337 = ORIENTED_EDGE('',*,*,#8027,.T.);
#8338 = ORIENTED_EDGE('',*,*,#8303,.F.);
#8339 = TOROIDAL_SURFACE('',#8340,2.95,0.2);
#8340 = AXIS2_PLACEMENT_3D('',#8341,#8342,#8343);
#8341 = CARTESIAN_POINT('',(-8.5689884343,21.811908643643,
    50.014844793762));
#8342 = DIRECTION('',(-0.422618261741,-3.855531274053E-16,0.906307787037
    ));
#8343 = DIRECTION('',(0.39949086993,0.897610550683,0.186285652011));
#8344 = ADVANCED_FACE('',(#8345),#8349,.F.);
#8345 = FACE_BOUND('',#8346,.T.);
#8346 = EDGE_LOOP('',(#8347,#8348));
#8347 = ORIENTED_EDGE('',*,*,#8114,.F.);
#8348 = ORIENTED_EDGE('',*,*,#8096,.F.);
#8349 = PLANE('',#8350);
#8350 = AXIS2_PLACEMENT_3D('',#8351,#8352,#8353);
#8351 = CARTESIAN_POINT('',(-1.6,32.650826457643,52.748747737362));
#8352 = DIRECTION('',(1.,9.957992501003E-17,-1.105559255366E-32));
#8353 = DIRECTION('',(-9.957992501003E-17,1.,-1.110223024625E-16));
#8354 = ADVANCED_FACE('',(#8355,#8393),#8397,.T.);
#8355 = FACE_BOUND('',#8356,.T.);
#8356 = EDGE_LOOP('',(#8357,#8368,#8377,#8386));
#8357 = ORIENTED_EDGE('',*,*,#8358,.T.);
#8358 = EDGE_CURVE('',#8359,#8361,#8363,.T.);
#8359 = VERTEX_POINT('',#8360);
#8360 = CARTESIAN_POINT('',(-11.0999999996,36.124687615943,
    29.045754363972));
#8361 = VERTEX_POINT('',#8362);
#8362 = CARTESIAN_POINT('',(-11.1,36.942701220743,31.833727506702));
#8363 = CIRCLE('',#8364,2.05449999973);
#8364 = AXIS2_PLACEMENT_3D('',#8365,#8366,#8367);
#8365 = CARTESIAN_POINT('',(-11.1,35.139707847543,30.848747737782));
#8366 = DIRECTION('',(1.,9.957992501003E-17,-1.105559255366E-32));
#8367 = DIRECTION('',(9.957992501003E-17,-1.,1.110223024625E-16));
#8368 = ORIENTED_EDGE('',*,*,#8369,.T.);
#8369 = EDGE_CURVE('',#8361,#8370,#8372,.T.);
#8370 = VERTEX_POINT('',#8371);
#8371 = CARTESIAN_POINT('',(-11.1,34.154728077243,32.65174111019));
#8372 = CIRCLE('',#8373,2.05449999973);
#8373 = AXIS2_PLACEMENT_3D('',#8374,#8375,#8376);
#8374 = CARTESIAN_POINT('',(-11.1,35.139707847543,30.848747737782));
#8375 = DIRECTION('',(1.,9.957992501003E-17,-1.105559255366E-32));
#8376 = DIRECTION('',(9.957992501003E-17,-1.,1.110223024625E-16));
#8377 = ORIENTED_EDGE('',*,*,#8378,.T.);
#8378 = EDGE_CURVE('',#8370,#8379,#8381,.T.);
#8379 = VERTEX_POINT('',#8380);
#8380 = CARTESIAN_POINT('',(-11.1,33.336714472943,29.863767968052));
#8381 = CIRCLE('',#8382,2.05449999973);
#8382 = AXIS2_PLACEMENT_3D('',#8383,#8384,#8385);
#8383 = CARTESIAN_POINT('',(-11.1,35.139707846143,30.848747737002));
#8384 = DIRECTION('',(1.,9.957992501003E-17,-1.105559255366E-32));
#8385 = DIRECTION('',(9.957992501003E-17,-1.,1.110223024625E-16));
#8386 = ORIENTED_EDGE('',*,*,#8387,.T.);
#8387 = EDGE_CURVE('',#8379,#8359,#8388,.T.);
#8388 = CIRCLE('',#8389,2.05449999973);
#8389 = AXIS2_PLACEMENT_3D('',#8390,#8391,#8392);
#8390 = CARTESIAN_POINT('',(-11.1,35.139707846143,30.848747737002));
#8391 = DIRECTION('',(1.,9.957992501003E-17,-1.105559255366E-32));
#8392 = DIRECTION('',(9.957992501003E-17,-1.,1.110223024625E-16));
#8393 = FACE_BOUND('',#8394,.T.);
#8394 = EDGE_LOOP('',(#8395,#8396));
#8395 = ORIENTED_EDGE('',*,*,#8138,.T.);
#8396 = ORIENTED_EDGE('',*,*,#8163,.T.);
#8397 = PLANE('',#8398);
#8398 = AXIS2_PLACEMENT_3D('',#8399,#8400,#8401);
#8399 = CARTESIAN_POINT('',(-11.1,15.550142196843,24.048747737362));
#8400 = DIRECTION('',(1.,9.957992501003E-17,-1.105559255366E-32));
#8401 = DIRECTION('',(0.,1.110223024625E-16,1.));
#8402 = ADVANCED_FACE('',(#8403,#8441),#8445,.T.);
#8403 = FACE_BOUND('',#8404,.T.);
#8404 = EDGE_LOOP('',(#8405,#8416,#8425,#8434));
#8405 = ORIENTED_EDGE('',*,*,#8406,.T.);
#8406 = EDGE_CURVE('',#8407,#8409,#8411,.T.);
#8407 = VERTEX_POINT('',#8408);
#8408 = CARTESIAN_POINT('',(-11.0999999996,18.761897085643,
    30.751741110752));
#8409 = VERTEX_POINT('',#8410);
#8410 = CARTESIAN_POINT('',(-11.1,17.943883482143,27.963767968742));
#8411 = CIRCLE('',#8412,2.05450000055);
#8412 = AXIS2_PLACEMENT_3D('',#8413,#8414,#8415);
#8413 = CARTESIAN_POINT('',(-11.1,19.746876855743,28.948747738522));
#8414 = DIRECTION('',(1.,9.957992501003E-17,-1.105559255366E-32));
#8415 = DIRECTION('',(9.957992501003E-17,-1.,1.110223024625E-16));
#8416 = ORIENTED_EDGE('',*,*,#8417,.T.);
#8417 = EDGE_CURVE('',#8409,#8418,#8420,.T.);
#8418 = VERTEX_POINT('',#8419);
#8419 = CARTESIAN_POINT('',(-11.1,20.731856623543,27.145754363792));
#8420 = CIRCLE('',#8421,2.05450000055);
#8421 = AXIS2_PLACEMENT_3D('',#8422,#8423,#8424);
#8422 = CARTESIAN_POINT('',(-11.1,19.746876855743,28.948747738522));
#8423 = DIRECTION('',(1.,9.957992501003E-17,-1.105559255366E-32));
#8424 = DIRECTION('',(9.957992501003E-17,-1.,1.110223024625E-16));
#8425 = ORIENTED_EDGE('',*,*,#8426,.T.);
#8426 = EDGE_CURVE('',#8418,#8427,#8429,.T.);
#8427 = VERTEX_POINT('',#8428);
#8428 = CARTESIAN_POINT('',(-11.1,21.549870228443,29.933727506612));
#8429 = CIRCLE('',#8430,2.05450000055);
#8430 = AXIS2_PLACEMENT_3D('',#8431,#8432,#8433);
#8431 = CARTESIAN_POINT('',(-11.1,19.746876854343,28.948747737732));
#8432 = DIRECTION('',(1.,9.957992501003E-17,-1.105559255366E-32));
#8433 = DIRECTION('',(9.957992501003E-17,-1.,1.110223024625E-16));
#8434 = ORIENTED_EDGE('',*,*,#8435,.T.);
#8435 = EDGE_CURVE('',#8427,#8407,#8436,.T.);
#8436 = CIRCLE('',#8437,2.05450000055);
#8437 = AXIS2_PLACEMENT_3D('',#8438,#8439,#8440);
#8438 = CARTESIAN_POINT('',(-11.1,19.746876854343,28.948747737732));
#8439 = DIRECTION('',(1.,9.957992501003E-17,-1.105559255366E-32));
#8440 = DIRECTION('',(9.957992501003E-17,-1.,1.110223024625E-16));
#8441 = FACE_BOUND('',#8442,.T.);
#8442 = EDGE_LOOP('',(#8443,#8444));
#8443 = ORIENTED_EDGE('',*,*,#8188,.T.);
#8444 = ORIENTED_EDGE('',*,*,#8213,.T.);
#8445 = PLANE('',#8446);
#8446 = AXIS2_PLACEMENT_3D('',#8447,#8448,#8449);
#8447 = CARTESIAN_POINT('',(-11.1,15.550142196843,24.048747737362));
#8448 = DIRECTION('',(1.,9.957992501003E-17,-1.105559255366E-32));
#8449 = DIRECTION('',(0.,1.110223024625E-16,1.));
#8450 = ADVANCED_FACE('',(#8451),#8455,.F.);
#8451 = FACE_BOUND('',#8452,.T.);
#8452 = EDGE_LOOP('',(#8453,#8454));
#8453 = ORIENTED_EDGE('',*,*,#8237,.F.);
#8454 = ORIENTED_EDGE('',*,*,#8262,.F.);
#8455 = PLANE('',#8456);
#8456 = AXIS2_PLACEMENT_3D('',#8457,#8458,#8459);
#8457 = CARTESIAN_POINT('',(-4.1,48.362940930743,24.048747737362));
#8458 = DIRECTION('',(1.,9.957992501003E-17,-1.105559255366E-32));
#8459 = DIRECTION('',(-9.957992501003E-17,1.,-1.110223024625E-16));
#8460 = ADVANCED_FACE('',(#8461),#8489,.F.);
#8461 = FACE_BOUND('',#8462,.F.);
#8462 = EDGE_LOOP('',(#8463,#8471,#8482,#8488));
#8463 = ORIENTED_EDGE('',*,*,#8464,.T.);
#8464 = EDGE_CURVE('',#8361,#8465,#8467,.T.);
#8465 = VERTEX_POINT('',#8466);
#8466 = CARTESIAN_POINT('',(-1.6087525943,36.942701220243,
    31.833727506412));
#8467 = LINE('',#8468,#8469);
#8468 = CARTESIAN_POINT('',(-11.0000000007,36.942701220243,
    31.833727506422));
#8469 = VECTOR('',#8470,1.);
#8470 = DIRECTION('',(1.,9.957972224603E-17,-1.105557004233E-32));
#8471 = ORIENTED_EDGE('',*,*,#8472,.T.);
#8472 = EDGE_CURVE('',#8465,#8473,#8475,.T.);
#8473 = VERTEX_POINT('',#8474);
#8474 = CARTESIAN_POINT('',(-1.6087525943,36.124687615943,
    29.045754363992));
#8475 = B_SPLINE_CURVE_WITH_KNOTS('',5,(#8476,#8477,#8478,#8479,#8480,
    #8481),.UNSPECIFIED.,.F.,.F.,(6,6),(-1.61360052669,1.61360052669),
  .PIECEWISE_BEZIER_KNOTS.);
#8476 = CARTESIAN_POINT('',(-1.6087525942,36.942701220243,
    31.833727506422));
#8477 = CARTESIAN_POINT('',(-1.608752594,37.252141740843,31.267300432792
    ));
#8478 = CARTESIAN_POINT('',(-1.6087525939,37.340075734443,
    30.579177588732));
#8479 = CARTESIAN_POINT('',(-1.6087525937,37.136902953043,
    29.886719352412));
#8480 = CARTESIAN_POINT('',(-1.6087525936,36.691114689543,
    29.355194884622));
#8481 = CARTESIAN_POINT('',(-1.6087525934,36.124687615943,
    29.045754363972));
#8482 = ORIENTED_EDGE('',*,*,#8483,.F.);
#8483 = EDGE_CURVE('',#8359,#8473,#8484,.T.);
#8484 = LINE('',#8485,#8486);
#8485 = CARTESIAN_POINT('',(-11.0000000007,36.124687615943,
    29.045754363972));
#8486 = VECTOR('',#8487,1.);
#8487 = DIRECTION('',(1.,9.957972224603E-17,-1.105557004233E-32));
#8488 = ORIENTED_EDGE('',*,*,#8358,.T.);
#8489 = CYLINDRICAL_SURFACE('',#8490,2.0545);
#8490 = AXIS2_PLACEMENT_3D('',#8491,#8492,#8493);
#8491 = CARTESIAN_POINT('',(-11.,35.139707846843,30.848747737362));
#8492 = DIRECTION('',(1.,9.957992501003E-17,-1.525200552846E-28));
#8493 = DIRECTION('',(8.738960570308E-17,-0.87758256189,-0.479425538604)
  );
#8494 = ADVANCED_FACE('',(#8495),#8516,.F.);
#8495 = FACE_BOUND('',#8496,.F.);
#8496 = EDGE_LOOP('',(#8497,#8498,#8499,#8507));
#8497 = ORIENTED_EDGE('',*,*,#8464,.F.);
#8498 = ORIENTED_EDGE('',*,*,#8369,.T.);
#8499 = ORIENTED_EDGE('',*,*,#8500,.T.);
#8500 = EDGE_CURVE('',#8370,#8501,#8503,.T.);
#8501 = VERTEX_POINT('',#8502);
#8502 = CARTESIAN_POINT('',(-1.6087525943,34.154728077743,
    32.651741110735));
#8503 = LINE('',#8504,#8505);
#8504 = CARTESIAN_POINT('',(-11.0000000007,34.154728077743,
    32.651741110749));
#8505 = VECTOR('',#8506,1.);
#8506 = DIRECTION('',(1.,9.957972224603E-17,-1.105557004233E-32));
#8507 = ORIENTED_EDGE('',*,*,#8508,.T.);
#8508 = EDGE_CURVE('',#8501,#8465,#8509,.T.);
#8509 = B_SPLINE_CURVE_WITH_KNOTS('',5,(#8510,#8511,#8512,#8513,#8514,
    #8515),.UNSPECIFIED.,.F.,.F.,(6,6),(-1.61360052672,1.61360052672),
  .PIECEWISE_BEZIER_KNOTS.);
#8510 = CARTESIAN_POINT('',(-1.6087525934,34.154728077743,
    32.651741110749));
#8511 = CARTESIAN_POINT('',(-1.6087525936,34.721155151343,
    32.961181631404));
#8512 = CARTESIAN_POINT('',(-1.6087525937,35.409277995443,
    33.049115624958));
#8513 = CARTESIAN_POINT('',(-1.6087525939,36.101736231843,
    32.845942843586));
#8514 = CARTESIAN_POINT('',(-1.608752594,36.633260699643,32.400154580066
    ));
#8515 = CARTESIAN_POINT('',(-1.6087525942,36.942701220243,
    31.833727506422));
#8516 = CYLINDRICAL_SURFACE('',#8517,2.0545);
#8517 = AXIS2_PLACEMENT_3D('',#8518,#8519,#8520);
#8518 = CARTESIAN_POINT('',(-11.,35.139707846843,30.848747737362));
#8519 = DIRECTION('',(1.,9.957992501003E-17,-1.525200552846E-28));
#8520 = DIRECTION('',(-8.738960570308E-17,0.87758256189,0.479425538604)
  );
#8521 = ADVANCED_FACE('',(#8522),#8543,.F.);
#8522 = FACE_BOUND('',#8523,.F.);
#8523 = EDGE_LOOP('',(#8524,#8532,#8541,#8542));
#8524 = ORIENTED_EDGE('',*,*,#8525,.T.);
#8525 = EDGE_CURVE('',#8379,#8526,#8528,.T.);
#8526 = VERTEX_POINT('',#8527);
#8527 = CARTESIAN_POINT('',(-1.6087525943,33.336714473443,
    29.863767968312));
#8528 = LINE('',#8529,#8530);
#8529 = CARTESIAN_POINT('',(-11.0000000007,33.336714473443,
    29.863767968302));
#8530 = VECTOR('',#8531,1.);
#8531 = DIRECTION('',(1.,9.957972224603E-17,-1.105557004233E-32));
#8532 = ORIENTED_EDGE('',*,*,#8533,.T.);
#8533 = EDGE_CURVE('',#8526,#8501,#8534,.T.);
#8534 = B_SPLINE_CURVE_WITH_KNOTS('',5,(#8535,#8536,#8537,#8538,#8539,
    #8540),.UNSPECIFIED.,.F.,.F.,(6,6),(-1.61360052668,1.61360052668),
  .PIECEWISE_BEZIER_KNOTS.);
#8535 = CARTESIAN_POINT('',(-1.6087525942,33.336714473443,
    29.863767968302));
#8536 = CARTESIAN_POINT('',(-1.608752594,33.027273952843,30.430195041932
    ));
#8537 = CARTESIAN_POINT('',(-1.6087525939,32.939339959243,
    31.118317885992));
#8538 = CARTESIAN_POINT('',(-1.6087525937,33.142512740643,
    31.810776122312));
#8539 = CARTESIAN_POINT('',(-1.6087525936,33.588301004143,
    32.342300590101));
#8540 = CARTESIAN_POINT('',(-1.6087525934,34.154728077743,
    32.651741110749));
#8541 = ORIENTED_EDGE('',*,*,#8500,.F.);
#8542 = ORIENTED_EDGE('',*,*,#8378,.T.);
#8543 = CYLINDRICAL_SURFACE('',#8544,2.0545);
#8544 = AXIS2_PLACEMENT_3D('',#8545,#8546,#8547);
#8545 = CARTESIAN_POINT('',(-11.,35.139707846843,30.848747737362));
#8546 = DIRECTION('',(1.,9.957992501003E-17,-1.525200552846E-28));
#8547 = DIRECTION('',(-8.738960570308E-17,0.87758256189,0.479425538604)
  );
#8548 = ADVANCED_FACE('',(#8549),#8563,.F.);
#8549 = FACE_BOUND('',#8550,.F.);
#8550 = EDGE_LOOP('',(#8551,#8552,#8553,#8554));
#8551 = ORIENTED_EDGE('',*,*,#8525,.F.);
#8552 = ORIENTED_EDGE('',*,*,#8387,.T.);
#8553 = ORIENTED_EDGE('',*,*,#8483,.T.);
#8554 = ORIENTED_EDGE('',*,*,#8555,.T.);
#8555 = EDGE_CURVE('',#8473,#8526,#8556,.T.);
#8556 = B_SPLINE_CURVE_WITH_KNOTS('',5,(#8557,#8558,#8559,#8560,#8561,
    #8562),.UNSPECIFIED.,.F.,.F.,(6,6),(-1.61360052671,1.61360052671),
  .PIECEWISE_BEZIER_KNOTS.);
#8557 = CARTESIAN_POINT('',(-1.6087525934,36.124687615943,
    29.045754363972));
#8558 = CARTESIAN_POINT('',(-1.6087525936,35.558260542243,
    28.736313843322));
#8559 = CARTESIAN_POINT('',(-1.6087525937,34.870137698243,
    28.648379849772));
#8560 = CARTESIAN_POINT('',(-1.6087525939,34.177679461843,
    28.851552631142));
#8561 = CARTESIAN_POINT('',(-1.608752594,33.646154994043,29.297340894662
    ));
#8562 = CARTESIAN_POINT('',(-1.6087525942,33.336714473443,
    29.863767968302));
#8563 = CYLINDRICAL_SURFACE('',#8564,2.0545);
#8564 = AXIS2_PLACEMENT_3D('',#8565,#8566,#8567);
#8565 = CARTESIAN_POINT('',(-11.,35.139707846843,30.848747737362));
#8566 = DIRECTION('',(1.,9.957992501003E-17,-1.525200552846E-28));
#8567 = DIRECTION('',(8.738960570308E-17,-0.87758256189,-0.479425538604)
  );
#8568 = ADVANCED_FACE('',(#8569),#8597,.F.);
#8569 = FACE_BOUND('',#8570,.F.);
#8570 = EDGE_LOOP('',(#8571,#8579,#8590,#8596));
#8571 = ORIENTED_EDGE('',*,*,#8572,.T.);
#8572 = EDGE_CURVE('',#8409,#8573,#8575,.T.);
#8573 = VERTEX_POINT('',#8574);
#8574 = CARTESIAN_POINT('',(-1.6087525943,17.943883481343,
    27.963767968312));
#8575 = LINE('',#8576,#8577);
#8576 = CARTESIAN_POINT('',(-11.0000000007,17.943883481343,
    27.963767968302));
#8577 = VECTOR('',#8578,1.);
#8578 = DIRECTION('',(1.,9.957972224603E-17,-1.105557004233E-32));
#8579 = ORIENTED_EDGE('',*,*,#8580,.T.);
#8580 = EDGE_CURVE('',#8573,#8581,#8583,.T.);
#8581 = VERTEX_POINT('',#8582);
#8582 = CARTESIAN_POINT('',(-1.6087525943,18.761897085643,
    30.751741110732));
#8583 = B_SPLINE_CURVE_WITH_KNOTS('',5,(#8584,#8585,#8586,#8587,#8588,
    #8589),.UNSPECIFIED.,.F.,.F.,(6,6),(-1.61360052669,1.61360052669),
  .PIECEWISE_BEZIER_KNOTS.);
#8584 = CARTESIAN_POINT('',(-1.6087525942,17.943883481343,
    27.963767968302));
#8585 = CARTESIAN_POINT('',(-1.608752594,17.634442960743,28.530195041932
    ));
#8586 = CARTESIAN_POINT('',(-1.6087525939,17.546508967143,
    29.218317885992));
#8587 = CARTESIAN_POINT('',(-1.6087525937,17.749681748543,
    29.910776122312));
#8588 = CARTESIAN_POINT('',(-1.6087525936,18.195470012043,
    30.442300590102));
#8589 = CARTESIAN_POINT('',(-1.6087525934,18.761897085643,
    30.751741110752));
#8590 = ORIENTED_EDGE('',*,*,#8591,.F.);
#8591 = EDGE_CURVE('',#8407,#8581,#8592,.T.);
#8592 = LINE('',#8593,#8594);
#8593 = CARTESIAN_POINT('',(-11.0000000007,18.761897085643,
    30.751741110752));
#8594 = VECTOR('',#8595,1.);
#8595 = DIRECTION('',(1.,9.957972224603E-17,-1.105557004233E-32));
#8596 = ORIENTED_EDGE('',*,*,#8406,.T.);
#8597 = CYLINDRICAL_SURFACE('',#8598,2.0545);
#8598 = AXIS2_PLACEMENT_3D('',#8599,#8600,#8601);
#8599 = CARTESIAN_POINT('',(-11.,19.746876854743,28.948747737362));
#8600 = DIRECTION('',(1.,9.957992501003E-17,-1.525200552846E-28));
#8601 = DIRECTION('',(-8.738960570308E-17,0.87758256189,0.479425538604)
  );
#8602 = ADVANCED_FACE('',(#8603),#8624,.F.);
#8603 = FACE_BOUND('',#8604,.F.);
#8604 = EDGE_LOOP('',(#8605,#8606,#8607,#8615));
#8605 = ORIENTED_EDGE('',*,*,#8572,.F.);
#8606 = ORIENTED_EDGE('',*,*,#8417,.T.);
#8607 = ORIENTED_EDGE('',*,*,#8608,.T.);
#8608 = EDGE_CURVE('',#8418,#8609,#8611,.T.);
#8609 = VERTEX_POINT('',#8610);
#8610 = CARTESIAN_POINT('',(-1.6087525943,20.731856623843,
    27.145754363992));
#8611 = LINE('',#8612,#8613);
#8612 = CARTESIAN_POINT('',(-11.0000000007,20.731856623843,
    27.145754363972));
#8613 = VECTOR('',#8614,1.);
#8614 = DIRECTION('',(1.,9.957972224603E-17,-1.105557004233E-32));
#8615 = ORIENTED_EDGE('',*,*,#8616,.T.);
#8616 = EDGE_CURVE('',#8609,#8573,#8617,.T.);
#8617 = B_SPLINE_CURVE_WITH_KNOTS('',5,(#8618,#8619,#8620,#8621,#8622,
    #8623),.UNSPECIFIED.,.F.,.F.,(6,6),(-1.61360052672,1.61360052672),
  .PIECEWISE_BEZIER_KNOTS.);
#8618 = CARTESIAN_POINT('',(-1.6087525934,20.731856623843,
    27.145754363972));
#8619 = CARTESIAN_POINT('',(-1.6087525936,20.165429550243,
    26.836313843322));
#8620 = CARTESIAN_POINT('',(-1.6087525937,19.477306706143,
    26.748379849762));
#8621 = CARTESIAN_POINT('',(-1.6087525939,18.784848469743,
    26.951552631142));
#8622 = CARTESIAN_POINT('',(-1.608752594,18.253324001943,27.397340894662
    ));
#8623 = CARTESIAN_POINT('',(-1.6087525942,17.943883481343,
    27.963767968302));
#8624 = CYLINDRICAL_SURFACE('',#8625,2.0545);
#8625 = AXIS2_PLACEMENT_3D('',#8626,#8627,#8628);
#8626 = CARTESIAN_POINT('',(-11.,19.746876854743,28.948747737362));
#8627 = DIRECTION('',(1.,9.957992501003E-17,-1.525200552846E-28));
#8628 = DIRECTION('',(8.738960570308E-17,-0.87758256189,-0.479425538604)
  );
#8629 = ADVANCED_FACE('',(#8630),#8651,.F.);
#8630 = FACE_BOUND('',#8631,.F.);
#8631 = EDGE_LOOP('',(#8632,#8640,#8649,#8650));
#8632 = ORIENTED_EDGE('',*,*,#8633,.T.);
#8633 = EDGE_CURVE('',#8427,#8634,#8636,.T.);
#8634 = VERTEX_POINT('',#8635);
#8635 = CARTESIAN_POINT('',(-1.6087525943,21.549870228143,
    29.933727506412));
#8636 = LINE('',#8637,#8638);
#8637 = CARTESIAN_POINT('',(-11.0000000007,21.549870228143,
    29.933727506422));
#8638 = VECTOR('',#8639,1.);
#8639 = DIRECTION('',(1.,9.957972224603E-17,-1.105557004233E-32));
#8640 = ORIENTED_EDGE('',*,*,#8641,.T.);
#8641 = EDGE_CURVE('',#8634,#8609,#8642,.T.);
#8642 = B_SPLINE_CURVE_WITH_KNOTS('',5,(#8643,#8644,#8645,#8646,#8647,
    #8648),.UNSPECIFIED.,.F.,.F.,(6,6),(-1.61360052668,1.61360052668),
  .PIECEWISE_BEZIER_KNOTS.);
#8643 = CARTESIAN_POINT('',(-1.6087525942,21.549870228143,
    29.933727506422));
#8644 = CARTESIAN_POINT('',(-1.608752594,21.859310748743,29.367300432792
    ));
#8645 = CARTESIAN_POINT('',(-1.6087525939,21.947244742343,
    28.679177588732));
#8646 = CARTESIAN_POINT('',(-1.6087525937,21.744071960943,
    27.986719352412));
#8647 = CARTESIAN_POINT('',(-1.6087525936,21.298283697443,
    27.455194884622));
#8648 = CARTESIAN_POINT('',(-1.6087525934,20.731856623843,
    27.145754363972));
#8649 = ORIENTED_EDGE('',*,*,#8608,.F.);
#8650 = ORIENTED_EDGE('',*,*,#8426,.T.);
#8651 = CYLINDRICAL_SURFACE('',#8652,2.0545);
#8652 = AXIS2_PLACEMENT_3D('',#8653,#8654,#8655);
#8653 = CARTESIAN_POINT('',(-11.,19.746876854743,28.948747737362));
#8654 = DIRECTION('',(1.,9.957992501003E-17,-1.525200552846E-28));
#8655 = DIRECTION('',(8.738960570308E-17,-0.87758256189,-0.479425538604)
  );
#8656 = ADVANCED_FACE('',(#8657),#8671,.F.);
#8657 = FACE_BOUND('',#8658,.F.);
#8658 = EDGE_LOOP('',(#8659,#8660,#8661,#8662));
#8659 = ORIENTED_EDGE('',*,*,#8633,.F.);
#8660 = ORIENTED_EDGE('',*,*,#8435,.T.);
#8661 = ORIENTED_EDGE('',*,*,#8591,.T.);
#8662 = ORIENTED_EDGE('',*,*,#8663,.T.);
#8663 = EDGE_CURVE('',#8581,#8634,#8664,.T.);
#8664 = B_SPLINE_CURVE_WITH_KNOTS('',5,(#8665,#8666,#8667,#8668,#8669,
    #8670),.UNSPECIFIED.,.F.,.F.,(6,6),(-1.61360052671,1.61360052671),
  .PIECEWISE_BEZIER_KNOTS.);
#8665 = CARTESIAN_POINT('',(-1.6087525934,18.761897085643,
    30.751741110752));
#8666 = CARTESIAN_POINT('',(-1.6087525936,19.328324159343,
    31.061181631402));
#8667 = CARTESIAN_POINT('',(-1.6087525937,20.016447003343,
    31.149115624952));
#8668 = CARTESIAN_POINT('',(-1.6087525939,20.708905239743,
    30.945942843582));
#8669 = CARTESIAN_POINT('',(-1.608752594,21.240429707543,30.500154580062
    ));
#8670 = CARTESIAN_POINT('',(-1.6087525942,21.549870228143,
    29.933727506422));
#8671 = CYLINDRICAL_SURFACE('',#8672,2.0545);
#8672 = AXIS2_PLACEMENT_3D('',#8673,#8674,#8675);
#8673 = CARTESIAN_POINT('',(-11.,19.746876854743,28.948747737362));
#8674 = DIRECTION('',(1.,9.957992501003E-17,-1.525200552846E-28));
#8675 = DIRECTION('',(-8.738960570308E-17,0.87758256189,0.479425538604)
  );
#8676 = ADVANCED_FACE('',(#8677),#8694,.F.);
#8677 = FACE_BOUND('',#8678,.F.);
#8678 = EDGE_LOOP('',(#8679,#8687,#8693));
#8679 = ORIENTED_EDGE('',*,*,#8680,.F.);
#8680 = EDGE_CURVE('',#8681,#8465,#8683,.T.);
#8681 = VERTEX_POINT('',#8682);
#8682 = CARTESIAN_POINT('',(-0.860975748,35.139707846843,30.848747737362
    ));
#8683 = LINE('',#8684,#8685);
#8684 = CARTESIAN_POINT('',(-1.71010932637E+05,4.123640684775E+05,
    2.252871691697E+05));
#8685 = VECTOR('',#8686,1.);
#8686 = DIRECTION('',(-0.342020143322,0.82465785754,0.450512640843));
#8687 = ORIENTED_EDGE('',*,*,#8688,.T.);
#8688 = EDGE_CURVE('',#8681,#8473,#8689,.T.);
#8689 = LINE('',#8690,#8691);
#8690 = CARTESIAN_POINT('',(-1.71010932637E+05,2.252914601345E+05,
    -4.122980800193E+05));
#8691 = VECTOR('',#8692,1.);
#8692 = DIRECTION('',(-0.342020143322,0.450512640854,-0.824657857534));
#8693 = ORIENTED_EDGE('',*,*,#8472,.F.);
#8694 = CONICAL_SURFACE('',#8695,0.,1.2217304764);
#8695 = AXIS2_PLACEMENT_3D('',#8696,#8697,#8698);
#8696 = CARTESIAN_POINT('',(-0.860975748,35.139707846843,30.848747737362
    ));
#8697 = DIRECTION('',(-1.,-9.957992501003E-17,1.105559255366E-32));
#8698 = DIRECTION('',(-8.738960570315E-17,0.87758256189,0.479425538604)
  );
#8699 = ADVANCED_FACE('',(#8700),#8710,.F.);
#8700 = FACE_BOUND('',#8701,.F.);
#8701 = EDGE_LOOP('',(#8702,#8703,#8704));
#8702 = ORIENTED_EDGE('',*,*,#8680,.T.);
#8703 = ORIENTED_EDGE('',*,*,#8508,.F.);
#8704 = ORIENTED_EDGE('',*,*,#8705,.F.);
#8705 = EDGE_CURVE('',#8681,#8501,#8706,.T.);
#8706 = LINE('',#8707,#8708);
#8707 = CARTESIAN_POINT('',(-1.71010932637E+05,-2.252211807205E+05,
    4.123597775137E+05));
#8708 = VECTOR('',#8709,1.);
#8709 = DIRECTION('',(-0.342020143322,-0.450512640857,0.824657857532));
#8710 = CONICAL_SURFACE('',#8711,0.,1.2217304764);
#8711 = AXIS2_PLACEMENT_3D('',#8712,#8713,#8714);
#8712 = CARTESIAN_POINT('',(-0.860975748,35.139707846843,30.848747737362
    ));
#8713 = DIRECTION('',(-1.,-9.957992501003E-17,1.105559255366E-32));
#8714 = DIRECTION('',(8.738960570315E-17,-0.87758256189,-0.479425538604)
  );
#8715 = ADVANCED_FACE('',(#8716),#8726,.F.);
#8716 = FACE_BOUND('',#8717,.F.);
#8717 = EDGE_LOOP('',(#8718,#8724,#8725));
#8718 = ORIENTED_EDGE('',*,*,#8719,.F.);
#8719 = EDGE_CURVE('',#8681,#8526,#8720,.T.);
#8720 = LINE('',#8721,#8722);
#8721 = CARTESIAN_POINT('',(-1.71010932637E+05,-4.122937890625E+05,
    -2.252254716743E+05));
#8722 = VECTOR('',#8723,1.);
#8723 = DIRECTION('',(-0.342020143322,-0.82465785754,-0.450512640843));
#8724 = ORIENTED_EDGE('',*,*,#8705,.T.);
#8725 = ORIENTED_EDGE('',*,*,#8533,.F.);
#8726 = CONICAL_SURFACE('',#8727,0.,1.2217304764);
#8727 = AXIS2_PLACEMENT_3D('',#8728,#8729,#8730);
#8728 = CARTESIAN_POINT('',(-0.860975748,35.139707846843,30.848747737362
    ));
#8729 = DIRECTION('',(-1.,-9.957992501003E-17,1.105559255366E-32));
#8730 = DIRECTION('',(8.738960570315E-17,-0.87758256189,-0.479425538604)
  );
#8731 = ADVANCED_FACE('',(#8732),#8737,.F.);
#8732 = FACE_BOUND('',#8733,.F.);
#8733 = EDGE_LOOP('',(#8734,#8735,#8736));
#8734 = ORIENTED_EDGE('',*,*,#8719,.T.);
#8735 = ORIENTED_EDGE('',*,*,#8555,.F.);
#8736 = ORIENTED_EDGE('',*,*,#8688,.F.);
#8737 = CONICAL_SURFACE('',#8738,0.,1.2217304764);
#8738 = AXIS2_PLACEMENT_3D('',#8739,#8740,#8741);
#8739 = CARTESIAN_POINT('',(-0.860975748,35.139707846843,30.848747737362
    ));
#8740 = DIRECTION('',(-1.,-9.957992501003E-17,1.105559255366E-32));
#8741 = DIRECTION('',(-8.738960570315E-17,0.87758256189,0.479425538604)
  );
#8742 = ADVANCED_FACE('',(#8743),#8760,.F.);
#8743 = FACE_BOUND('',#8744,.F.);
#8744 = EDGE_LOOP('',(#8745,#8753,#8759));
#8745 = ORIENTED_EDGE('',*,*,#8746,.F.);
#8746 = EDGE_CURVE('',#8747,#8573,#8749,.T.);
#8747 = VERTEX_POINT('',#8748);
#8748 = CARTESIAN_POINT('',(-0.860975748,19.746876854743,28.948747737362
    ));
#8749 = LINE('',#8750,#8751);
#8750 = CARTESIAN_POINT('',(-1.71010932637E+05,-4.123091818935E+05,
    -2.252273716743E+05));
#8751 = VECTOR('',#8752,1.);
#8752 = DIRECTION('',(-0.342020143322,-0.82465785754,-0.450512640843));
#8753 = ORIENTED_EDGE('',*,*,#8754,.T.);
#8754 = EDGE_CURVE('',#8747,#8581,#8755,.T.);
#8755 = LINE('',#8756,#8757);
#8756 = CARTESIAN_POINT('',(-1.71010932637E+05,-2.252365735505E+05,
    4.123578775147E+05));
#8757 = VECTOR('',#8758,1.);
#8758 = DIRECTION('',(-0.342020143322,-0.450512640854,0.824657857534));
#8759 = ORIENTED_EDGE('',*,*,#8580,.F.);
#8760 = CONICAL_SURFACE('',#8761,0.,1.2217304764);
#8761 = AXIS2_PLACEMENT_3D('',#8762,#8763,#8764);
#8762 = CARTESIAN_POINT('',(-0.860975748,19.746876854743,28.948747737362
    ));
#8763 = DIRECTION('',(-1.,-9.957992501003E-17,1.105559255366E-32));
#8764 = DIRECTION('',(8.738960570315E-17,-0.87758256189,-0.479425538604)
  );
#8765 = ADVANCED_FACE('',(#8766),#8776,.F.);
#8766 = FACE_BOUND('',#8767,.F.);
#8767 = EDGE_LOOP('',(#8768,#8769,#8770));
#8768 = ORIENTED_EDGE('',*,*,#8746,.T.);
#8769 = ORIENTED_EDGE('',*,*,#8616,.F.);
#8770 = ORIENTED_EDGE('',*,*,#8771,.F.);
#8771 = EDGE_CURVE('',#8747,#8609,#8772,.T.);
#8772 = LINE('',#8773,#8774);
#8773 = CARTESIAN_POINT('',(-1.71010932637E+05,2.252760673055E+05,
    -4.122999800183E+05));
#8774 = VECTOR('',#8775,1.);
#8775 = DIRECTION('',(-0.342020143322,0.450512640857,-0.824657857532));
#8776 = CONICAL_SURFACE('',#8777,0.,1.2217304764);
#8777 = AXIS2_PLACEMENT_3D('',#8778,#8779,#8780);
#8778 = CARTESIAN_POINT('',(-0.860975748,19.746876854743,28.948747737362
    ));
#8779 = DIRECTION('',(-1.,-9.957992501003E-17,1.105559255366E-32));
#8780 = DIRECTION('',(-8.738960570315E-17,0.87758256189,0.479425538604)
  );
#8781 = ADVANCED_FACE('',(#8782),#8792,.F.);
#8782 = FACE_BOUND('',#8783,.F.);
#8783 = EDGE_LOOP('',(#8784,#8790,#8791));
#8784 = ORIENTED_EDGE('',*,*,#8785,.F.);
#8785 = EDGE_CURVE('',#8747,#8634,#8786,.T.);
#8786 = LINE('',#8787,#8788);
#8787 = CARTESIAN_POINT('',(-1.71010932637E+05,4.123486756465E+05,
    2.252852691697E+05));
#8788 = VECTOR('',#8789,1.);
#8789 = DIRECTION('',(-0.342020143322,0.82465785754,0.450512640843));
#8790 = ORIENTED_EDGE('',*,*,#8771,.T.);
#8791 = ORIENTED_EDGE('',*,*,#8641,.F.);
#8792 = CONICAL_SURFACE('',#8793,0.,1.2217304764);
#8793 = AXIS2_PLACEMENT_3D('',#8794,#8795,#8796);
#8794 = CARTESIAN_POINT('',(-0.860975748,19.746876854743,28.948747737362
    ));
#8795 = DIRECTION('',(-1.,-9.957992501003E-17,1.105559255366E-32));
#8796 = DIRECTION('',(-8.738960570315E-17,0.87758256189,0.479425538604)
  );
#8797 = ADVANCED_FACE('',(#8798),#8803,.F.);
#8798 = FACE_BOUND('',#8799,.F.);
#8799 = EDGE_LOOP('',(#8800,#8801,#8802));
#8800 = ORIENTED_EDGE('',*,*,#8785,.T.);
#8801 = ORIENTED_EDGE('',*,*,#8663,.F.);
#8802 = ORIENTED_EDGE('',*,*,#8754,.F.);
#8803 = CONICAL_SURFACE('',#8804,0.,1.2217304764);
#8804 = AXIS2_PLACEMENT_3D('',#8805,#8806,#8807);
#8805 = CARTESIAN_POINT('',(-0.860975748,19.746876854743,28.948747737362
    ));
#8806 = DIRECTION('',(-1.,-9.957992501003E-17,1.105559255366E-32));
#8807 = DIRECTION('',(8.738960570315E-17,-0.87758256189,-0.479425538604)
  );
#8808 = ( GEOMETRIC_REPRESENTATION_CONTEXT(3) 
GLOBAL_UNCERTAINTY_ASSIGNED_CONTEXT((#8812)) 
GLOBAL_UNIT_ASSIGNED_CONTEXT((#8809,#8810,#8811)) REPRESENTATION_CONTEXT
('Context #1','3D Context with UNIT and UNCERTAINTY') );
#8809 = ( LENGTH_UNIT() NAMED_UNIT(*) SI_UNIT(.MILLI.,.METRE.) );
#8810 = ( NAMED_UNIT(*) PLANE_ANGLE_UNIT() SI_UNIT($,.RADIAN.) );
#8811 = ( NAMED_UNIT(*) SI_UNIT($,.STERADIAN.) SOLID_ANGLE_UNIT() );
#8812 = UNCERTAINTY_MEASURE_WITH_UNIT(LENGTH_MEASURE(5.E-05),#8809,
  'distance_accuracy_value','confusion accuracy');
#8813 = PRODUCT_RELATED_PRODUCT_CATEGORY('part',$,(#7));
#8814 = MECHANICAL_DESIGN_GEOMETRIC_PRESENTATION_REPRESENTATION('',(
    #8815),#8808);
#8815 = STYLED_ITEM('color',(#8816),#15);
#8816 = PRESENTATION_STYLE_ASSIGNMENT((#8817));
#8817 = SURFACE_STYLE_USAGE(.BOTH.,#8818);
#8818 = SURFACE_SIDE_STYLE('',(#8819));
#8819 = SURFACE_STYLE_FILL_AREA(#8820);
#8820 = FILL_AREA_STYLE('',(#8821));
#8821 = FILL_AREA_STYLE_COLOUR('',#8822);
#8822 = COLOUR_RGB('',0.29411765933,0.29411765933,0.29411765933);
ENDSEC;
END-ISO-10303-21;
