ISO-10303-21;
HEADER;
FILE_DESCRIPTION(('Open CASCADE Model'),'2;1');
FILE_NAME('Open CASCADE Shape Model','2026-09-18T15:45:25',('Author'),(
    'Open CASCADE'),'Open CASCADE STEP processor 7.3','Open CASCADE 7.3'
  ,'Unknown');
FILE_SCHEMA(('AUTOMOTIVE_DESIGN { 1 0 10303 214 1 1 1 1 }'));
ENDSEC;
DATA;
#1 = APPLICATION_PROTOCOL_DEFINITION('international standard',
  'automotive_design',2000,#2);
#2 = APPLICATION_CONTEXT(
  'core data for automotive mechanical design processes');
#3 = SHAPE_DEFINITION_REPRESENTATION(#4,#10);
#4 = PRODUCT_DEFINITION_SHAPE('','',#5);
#5 = PRODUCT_DEFINITION('design','',#6,#9);
#6 = PRODUCT_DEFINITION_FORMATION('','',#7);
#7 = PRODUCT('Pottmanager 9','Pottmanager 9','',(#8));
#8 = PRODUCT_CONTEXT('',#2,'mechanical');
#9 = PRODUCT_DEFINITION_CONTEXT('part definition',#2,'design');
#10 = ADVANCED_BREP_SHAPE_REPRESENTATION('',(#11,#15),#3301);
#11 = AXIS2_PLACEMENT_3D('',#12,#13,#14);
#12 = CARTESIAN_POINT('',(0.,0.,0.));
#13 = DIRECTION('',(0.,0.,1.));
#14 = DIRECTION('',(1.,0.,-0.));
#15 = MANIFOLD_SOLID_BREP('',#16);
#16 = CLOSED_SHELL('',(#17,#63,#127,#191,#262,#293,#324,#392,#545,#602,
    #665,#690,#728,#777,#833,#868,#997,#1017,#1034,#1051,#1068,#1085,
    #1117,#1141,#1166,#1183,#1207,#1224,#1248,#1265,#1283,#1318,#1335,
    #1361,#1379,#1391,#1413,#1425,#1443,#1460,#1502,#1519,#1531,#1548,
    #1560,#1592,#1602,#1644,#1677,#1710,#1741,#1774,#1807,#1840,#1871,
    #1904,#1937,#1970,#2001,#2034,#2067,#2100,#2131,#2164,#2197,#2230,
    #2261,#2294,#2327,#2360,#2391,#2424,#2457,#2490,#2521,#2554,#2587,
    #2620,#2651,#2684,#2717,#2750,#2781,#2814,#2847,#2880,#2911,#2944,
    #2977,#3010,#3041,#3074,#3107,#3140,#3162,#3229,#3245));
#17 = ADVANCED_FACE('',(#18,#47),#58,.F.);
#18 = FACE_BOUND('',#19,.T.);
#19 = EDGE_LOOP('',(#20,#31,#40));
#20 = ORIENTED_EDGE('',*,*,#21,.F.);
#21 = EDGE_CURVE('',#22,#24,#26,.T.);
#22 = VERTEX_POINT('',#23);
#23 = CARTESIAN_POINT('',(15.633067793138,29.833951685154,5.74999991221)
  );
#24 = VERTEX_POINT('',#25);
#25 = CARTESIAN_POINT('',(8.96693168276,29.833951685154,5.74999981649));
#26 = ELLIPSE('',#27,4.490153859409,4.484271013319);
#27 = AXIS2_PLACEMENT_3D('',#28,#29,#30);
#28 = CARTESIAN_POINT('',(12.29999973644,26.831955382962,5.85483187984)
  );
#29 = DIRECTION('',(-1.435042884918E-08,3.489949490857E-02,
    0.999390827082));
#30 = DIRECTION('',(-5.011279921606E-10,-0.999390827082,
    3.489949490857E-02));
#31 = ORIENTED_EDGE('',*,*,#32,.T.);
#32 = EDGE_CURVE('',#22,#33,#35,.T.);
#33 = VERTEX_POINT('',#34);
#34 = CARTESIAN_POINT('',(12.299999734331,22.624999966791,6.00174199263)
  );
#35 = ELLIPSE('',#36,4.377666756307,4.375);
#36 = AXIS2_PLACEMENT_3D('',#37,#38,#39);
#37 = CARTESIAN_POINT('',(12.299999736524,26.999999967066,5.84896363396)
  );
#38 = DIRECTION('',(1.435042884918E-08,-3.489949490857E-02,
    -0.999390827082));
#39 = DIRECTION('',(-5.011279921606E-10,-0.999390827082,
    3.489949490857E-02));
#40 = ORIENTED_EDGE('',*,*,#41,.T.);
#41 = EDGE_CURVE('',#33,#24,#42,.T.);
#42 = ELLIPSE('',#43,4.377666756307,4.375);
#43 = AXIS2_PLACEMENT_3D('',#44,#45,#46);
#44 = CARTESIAN_POINT('',(12.299999736524,26.999999967066,5.84896363396)
  );
#45 = DIRECTION('',(1.435042884918E-08,-3.489949490857E-02,
    -0.999390827082));
#46 = DIRECTION('',(-5.011279921606E-10,-0.999390827082,
    3.489949490857E-02));
#47 = FACE_BOUND('',#48,.T.);
#48 = EDGE_LOOP('',(#49));
#49 = ORIENTED_EDGE('',*,*,#50,.F.);
#50 = EDGE_CURVE('',#51,#51,#53,.T.);
#51 = VERTEX_POINT('',#52);
#52 = CARTESIAN_POINT('',(12.2999997389,31.73774679266,5.68351787766));
#53 = CIRCLE('',#54,4.8);
#54 = AXIS2_PLACEMENT_3D('',#55,#56,#57);
#55 = CARTESIAN_POINT('',(12.299999736495,26.940670822667,5.85103545323)
  );
#56 = DIRECTION('',(1.435042884918E-08,-3.489949490857E-02,
    -0.999390827082));
#57 = DIRECTION('',(5.011279921606E-10,0.999390827082,
    -3.489949490857E-02));
#58 = PLANE('',#59);
#59 = AXIS2_PLACEMENT_3D('',#60,#61,#62);
#60 = CARTESIAN_POINT('',(12.299999736495,26.940670822667,5.85103545323)
  );
#61 = DIRECTION('',(1.435042884918E-08,-3.489949490857E-02,
    -0.999390827082));
#62 = DIRECTION('',(5.011279921606E-10,0.999390827082,
    -3.489949490857E-02));
#63 = ADVANCED_FACE('',(#64),#122,.T.);
#64 = FACE_BOUND('',#65,.T.);
#65 = EDGE_LOOP('',(#66,#76,#84,#92,#100,#108,#116));
#66 = ORIENTED_EDGE('',*,*,#67,.T.);
#67 = EDGE_CURVE('',#68,#70,#72,.T.);
#68 = VERTEX_POINT('',#69);
#69 = CARTESIAN_POINT('',(4.49999991724,2.999999989655,-6.736237775065)
  );
#70 = VERTEX_POINT('',#71);
#71 = CARTESIAN_POINT('',(3.33224739334,2.999999988426,-6.051634907376)
  );
#72 = LINE('',#73,#74);
#73 = CARTESIAN_POINT('',(5.86631735319,2.999999991092,-7.537250674355)
  );
#74 = VECTOR('',#75,1.);
#75 = DIRECTION('',(-0.862679184052,-9.077717893401E-10,0.505751545132)
  );
#76 = ORIENTED_EDGE('',*,*,#77,.F.);
#77 = EDGE_CURVE('',#78,#70,#80,.T.);
#78 = VERTEX_POINT('',#79);
#79 = CARTESIAN_POINT('',(3.24999990741,2.999999988426,-6.051634908557)
  );
#80 = LINE('',#81,#82);
#81 = CARTESIAN_POINT('',(3.24999990741,2.999999988426,-6.051634908557)
  );
#82 = VECTOR('',#83,1.);
#83 = DIRECTION('',(1.,1.594188788799E-24,1.435917607039E-08));
#84 = ORIENTED_EDGE('',*,*,#85,.T.);
#85 = EDGE_CURVE('',#78,#86,#88,.T.);
#86 = VERTEX_POINT('',#87);
#87 = CARTESIAN_POINT('',(3.24999999282,2.999999999103,-12.00000031374)
  );
#88 = LINE('',#89,#90);
#89 = CARTESIAN_POINT('',(3.24999999282,2.999999999103,-12.00000031374)
  );
#90 = VECTOR('',#91,1.);
#91 = DIRECTION('',(1.435917607039E-08,1.794896675733E-09,-1.));
#92 = ORIENTED_EDGE('',*,*,#93,.F.);
#93 = EDGE_CURVE('',#94,#86,#96,.T.);
#94 = VERTEX_POINT('',#95);
#95 = CARTESIAN_POINT('',(5.74999999282,2.999999999103,-12.00000027784)
  );
#96 = LINE('',#97,#98);
#97 = CARTESIAN_POINT('',(3.24999999282,2.999999999103,-12.00000031374)
  );
#98 = VECTOR('',#99,1.);
#99 = DIRECTION('',(-1.,-1.594188788799E-24,-1.435917607039E-08));
#100 = ORIENTED_EDGE('',*,*,#101,.F.);
#101 = EDGE_CURVE('',#102,#94,#104,.T.);
#102 = VERTEX_POINT('',#103);
#103 = CARTESIAN_POINT('',(5.74999990741,2.999999988426,-6.051634872658)
  );
#104 = LINE('',#105,#106);
#105 = CARTESIAN_POINT('',(5.74999999282,2.999999999103,-12.00000027784)
  );
#106 = VECTOR('',#107,1.);
#107 = DIRECTION('',(1.435917607039E-08,1.794896675733E-09,-1.));
#108 = ORIENTED_EDGE('',*,*,#109,.F.);
#109 = EDGE_CURVE('',#110,#102,#112,.T.);
#110 = VERTEX_POINT('',#111);
#111 = CARTESIAN_POINT('',(5.66775242149,2.999999988426,-6.05163487384)
  );
#112 = LINE('',#113,#114);
#113 = CARTESIAN_POINT('',(3.24999990741,2.999999988426,-6.051634908557)
  );
#114 = VECTOR('',#115,1.);
#115 = DIRECTION('',(1.,1.594188788799E-24,1.435917607039E-08));
#116 = ORIENTED_EDGE('',*,*,#117,.T.);
#117 = EDGE_CURVE('',#110,#68,#118,.T.);
#118 = LINE('',#119,#120);
#119 = CARTESIAN_POINT('',(1.2731441148,2.99999999305,-8.628004083561));
#120 = VECTOR('',#121,1.);
#121 = DIRECTION('',(-0.862679169527,9.07771789338E-10,-0.505751569908)
  );
#122 = PLANE('',#123);
#123 = AXIS2_PLACEMENT_3D('',#124,#125,#126);
#124 = CARTESIAN_POINT('',(3.24999999282,2.999999999103,-12.00000031374)
  );
#125 = DIRECTION('',(2.57732389892E-17,-1.,-1.794896675733E-09));
#126 = DIRECTION('',(1.435917607039E-08,1.794896675733E-09,-1.));
#127 = ADVANCED_FACE('',(#128),#186,.T.);
#128 = FACE_BOUND('',#129,.T.);
#129 = EDGE_LOOP('',(#130,#140,#148,#156,#164,#172,#180));
#130 = ORIENTED_EDGE('',*,*,#131,.T.);
#131 = EDGE_CURVE('',#132,#134,#136,.T.);
#132 = VERTEX_POINT('',#133);
#133 = CARTESIAN_POINT('',(4.49999981706,10.499999977132,0.24059982647)
  );
#134 = VERTEX_POINT('',#135);
#135 = CARTESIAN_POINT('',(5.62410937538,10.499999978315,-0.41841705551)
  );
#136 = LINE('',#137,#138);
#137 = CARTESIAN_POINT('',(4.54730743872,10.499999977182,0.21286541119)
  );
#138 = VECTOR('',#139,1.);
#139 = DIRECTION('',(0.862679184052,9.077706195547E-10,-0.505751545132)
  );
#140 = ORIENTED_EDGE('',*,*,#141,.F.);
#141 = EDGE_CURVE('',#142,#134,#144,.T.);
#142 = VERTEX_POINT('',#143);
#143 = CARTESIAN_POINT('',(5.74999982652,10.499999978315,-0.41841705369)
  );
#144 = LINE('',#145,#146);
#145 = CARTESIAN_POINT('',(3.24999982652,10.499999978315,-0.41841708959)
  );
#146 = VECTOR('',#147,1.);
#147 = DIRECTION('',(-1.,-1.594188788799E-24,-1.435917607039E-08));
#148 = ORIENTED_EDGE('',*,*,#149,.F.);
#149 = EDGE_CURVE('',#150,#142,#152,.T.);
#150 = VERTEX_POINT('',#151);
#151 = CARTESIAN_POINT('',(5.74999980616,10.499999975769,0.99999973561)
  );
#152 = LINE('',#153,#154);
#153 = CARTESIAN_POINT('',(5.74999984923,10.499999981154,-2.00000026439)
  );
#154 = VECTOR('',#155,1.);
#155 = DIRECTION('',(1.435917607039E-08,1.794894362769E-09,-1.));
#156 = ORIENTED_EDGE('',*,*,#157,.T.);
#157 = EDGE_CURVE('',#150,#158,#160,.T.);
#158 = VERTEX_POINT('',#159);
#159 = CARTESIAN_POINT('',(3.24999980616,10.499999975769,0.9999996997));
#160 = LINE('',#161,#162);
#161 = CARTESIAN_POINT('',(3.24999980616,10.499999975769,0.9999996997));
#162 = VECTOR('',#163,1.);
#163 = DIRECTION('',(-1.,-1.594188788799E-24,-1.435917607039E-08));
#164 = ORIENTED_EDGE('',*,*,#165,.T.);
#165 = EDGE_CURVE('',#158,#166,#168,.T.);
#166 = VERTEX_POINT('',#167);
#167 = CARTESIAN_POINT('',(3.24999982652,10.499999978315,-0.41841708959)
  );
#168 = LINE('',#169,#170);
#169 = CARTESIAN_POINT('',(3.24999984923,10.499999981154,-2.0000003003)
  );
#170 = VECTOR('',#171,1.);
#171 = DIRECTION('',(1.435917607039E-08,1.794894362769E-09,-1.));
#172 = ORIENTED_EDGE('',*,*,#173,.F.);
#173 = EDGE_CURVE('',#174,#166,#176,.T.);
#174 = VERTEX_POINT('',#175);
#175 = CARTESIAN_POINT('',(3.37589027767,10.499999978315,-0.41841708779)
  );
#176 = LINE('',#177,#178);
#177 = CARTESIAN_POINT('',(3.24999982652,10.499999978315,-0.41841708959)
  );
#178 = VECTOR('',#179,1.);
#179 = DIRECTION('',(-1.,-1.594188788799E-24,-1.435917607039E-08));
#180 = ORIENTED_EDGE('',*,*,#181,.T.);
#181 = EDGE_CURVE('',#174,#132,#182,.T.);
#182 = LINE('',#183,#184);
#183 = CARTESIAN_POINT('',(2.59215380671,10.49999997914,-0.87788796014)
  );
#184 = VECTOR('',#185,1.);
#185 = DIRECTION('',(0.862679169527,-9.077706195526E-10,0.505751569908)
  );
#186 = PLANE('',#187);
#187 = AXIS2_PLACEMENT_3D('',#188,#189,#190);
#188 = CARTESIAN_POINT('',(3.24999984923,10.499999981154,-2.0000003003)
  );
#189 = DIRECTION('',(2.577320577694E-17,-1.,-1.794894362769E-09));
#190 = DIRECTION('',(1.435917607039E-08,1.794894362769E-09,-1.));
#191 = ADVANCED_FACE('',(#192),#257,.F.);
#192 = FACE_BOUND('',#193,.T.);
#193 = EDGE_LOOP('',(#194,#202,#203,#211,#235,#243,#251));
#194 = ORIENTED_EDGE('',*,*,#195,.F.);
#195 = EDGE_CURVE('',#110,#196,#198,.T.);
#196 = VERTEX_POINT('',#197);
#197 = CARTESIAN_POINT('',(5.66773653532,30.706711489435,-10.93708496139
    ));
#198 = LINE('',#199,#200);
#199 = CARTESIAN_POINT('',(5.66773900393,26.401252236553,-10.1779148851)
  );
#200 = VECTOR('',#201,1.);
#201 = DIRECTION('',(-5.646582896573E-07,0.984807696463,-0.17364849837)
  );
#202 = ORIENTED_EDGE('',*,*,#109,.T.);
#203 = ORIENTED_EDGE('',*,*,#204,.F.);
#204 = EDGE_CURVE('',#205,#102,#207,.T.);
#205 = VERTEX_POINT('',#206);
#206 = CARTESIAN_POINT('',(5.74999993999,15.868252058003,-8.320659227921
    ));
#207 = LINE('',#208,#209);
#208 = CARTESIAN_POINT('',(5.74999974004,-63.10562418375,5.60459244209)
  );
#209 = VECTOR('',#210,1.);
#210 = DIRECTION('',(-2.493449362441E-09,-0.984807696464,0.17364849837)
  );
#211 = ORIENTED_EDGE('',*,*,#212,.F.);
#212 = EDGE_CURVE('',#213,#205,#215,.T.);
#213 = VERTEX_POINT('',#214);
#214 = CARTESIAN_POINT('',(6.44999994174,16.559336207387,-8.442516231397
    ));
#215 = B_SPLINE_CURVE_WITH_KNOTS('',3,(#216,#217,#218,#219,#220,#221,
    #222,#223,#224,#225,#226,#227,#228,#229,#230,#231,#232,#233,#234),
  .UNSPECIFIED.,.F.,.F.,(4,3,3,3,3,3,4),(0.,6.634948841734E-02,
    0.281023027799,0.496227355791,0.711845728306,0.927577426174,1.),
  .UNSPECIFIED.);
#216 = CARTESIAN_POINT('',(6.44999994174,16.559336207387,-8.442516231397
    ));
#217 = CARTESIAN_POINT('',(6.42546814838,16.559336207387,-8.442516231749
    ));
#218 = CARTESIAN_POINT('',(6.40090236722,16.558059514824,-8.442291116328
    ));
#219 = CARTESIAN_POINT('',(6.37650682023,16.555516846338,-8.441842774766
    ));
#220 = CARTESIAN_POINT('',(6.29859141141,16.547395976792,-8.440410844751
    ));
#221 = CARTESIAN_POINT('',(6.22102635867,16.525879916596,-8.436616976708
    ));
#222 = CARTESIAN_POINT('',(6.15025465444,16.492772565829,-8.430779247409
    ));
#223 = CARTESIAN_POINT('',(6.07931038787,16.459584489552,-8.424927283997
    ));
#224 = CARTESIAN_POINT('',(6.01322559137,16.413829634718,-8.416859454177
    ));
#225 = CARTESIAN_POINT('',(5.95748252976,16.359339468086,-8.407251350122
    ));
#226 = CARTESIAN_POINT('',(5.90163265684,16.304744890875,-8.397624835629
    ));
#227 = CARTESIAN_POINT('',(5.85461378238,16.239869436685,-8.386185521562
    ));
#228 = CARTESIAN_POINT('',(5.82031009568,16.170123752042,-8.373887452645
    ));
#229 = CARTESIAN_POINT('',(5.78598761464,16.100339855073,-8.36158264585)
  );
#230 = CARTESIAN_POINT('',(5.76344196862,16.023750448799,-8.348077841695
    ));
#231 = CARTESIAN_POINT('',(5.75452549556,15.946710221323,-8.334493545251
    ));
#232 = CARTESIAN_POINT('',(5.75151325868,15.920683852725,-8.329904385562
    ));
#233 = CARTESIAN_POINT('',(5.74999994006,15.894446939762,-8.325278101128
    ));
#234 = CARTESIAN_POINT('',(5.74999993999,15.868252058003,-8.320659227921
    ));
#235 = ORIENTED_EDGE('',*,*,#236,.F.);
#236 = EDGE_CURVE('',#237,#213,#239,.T.);
#237 = VERTEX_POINT('',#238);
#238 = CARTESIAN_POINT('',(7.69999994174,16.559336207387,-8.442516213447
    ));
#239 = LINE('',#240,#241);
#240 = CARTESIAN_POINT('',(38.69999994172,16.559336207387,
    -8.442515768313));
#241 = VECTOR('',#242,1.);
#242 = DIRECTION('',(-1.,-1.594188788799E-24,-1.435917607039E-08));
#243 = ORIENTED_EDGE('',*,*,#244,.T.);
#244 = EDGE_CURVE('',#237,#245,#247,.T.);
#245 = VERTEX_POINT('',#246);
#246 = CARTESIAN_POINT('',(7.69999997756,30.706711489435,-10.93708493221
    ));
#247 = LINE('',#248,#249);
#248 = CARTESIAN_POINT('',(7.6999999723,28.628839229309,-10.57069929259)
  );
#249 = VECTOR('',#250,1.);
#250 = DIRECTION('',(2.493449362441E-09,0.984807696464,-0.17364849837));
#251 = ORIENTED_EDGE('',*,*,#252,.T.);
#252 = EDGE_CURVE('',#245,#196,#253,.T.);
#253 = LINE('',#254,#255);
#254 = CARTESIAN_POINT('',(5.74999997756,30.706711489435,-10.93708496021
    ));
#255 = VECTOR('',#256,1.);
#256 = DIRECTION('',(-1.,-1.594188788799E-24,-1.435917607039E-08));
#257 = PLANE('',#258);
#258 = AXIS2_PLACEMENT_3D('',#259,#260,#261);
#259 = CARTESIAN_POINT('',(7.69999996666,26.401253371643,-10.17791505607
    ));
#260 = DIRECTION('',(1.414102710891E-08,-0.17364849837,-0.984807696464)
  );
#261 = DIRECTION('',(-2.493449362441E-09,-0.984807696464,0.17364849837)
  );
#262 = ADVANCED_FACE('',(#263),#288,.F.);
#263 = FACE_BOUND('',#264,.T.);
#264 = EDGE_LOOP('',(#265,#273,#281,#287));
#265 = ORIENTED_EDGE('',*,*,#266,.F.);
#266 = EDGE_CURVE('',#267,#70,#269,.T.);
#267 = VERTEX_POINT('',#268);
#268 = CARTESIAN_POINT('',(3.33226341981,30.706711489435,-10.93708499493
    ));
#269 = LINE('',#270,#271);
#270 = CARTESIAN_POINT('',(3.3322609294,26.40125581118,-10.17791554894)
  );
#271 = VECTOR('',#272,1.);
#272 = DIRECTION('',(-5.69645189215E-07,-0.984807696463,0.17364849837));
#273 = ORIENTED_EDGE('',*,*,#274,.T.);
#274 = EDGE_CURVE('',#267,#275,#277,.T.);
#275 = VERTEX_POINT('',#276);
#276 = CARTESIAN_POINT('',(3.24999997756,30.706711489435,-10.93708499611
    ));
#277 = LINE('',#278,#279);
#278 = CARTESIAN_POINT('',(5.74999997756,30.706711489435,-10.93708496021
    ));
#279 = VECTOR('',#280,1.);
#280 = DIRECTION('',(-1.,-1.594188788799E-24,-1.435917607039E-08));
#281 = ORIENTED_EDGE('',*,*,#282,.F.);
#282 = EDGE_CURVE('',#78,#275,#283,.T.);
#283 = LINE('',#284,#285);
#284 = CARTESIAN_POINT('',(3.24999992407,9.58097490942,-7.212040556222)
  );
#285 = VECTOR('',#286,1.);
#286 = DIRECTION('',(2.493449362441E-09,0.984807696464,-0.17364849837));
#287 = ORIENTED_EDGE('',*,*,#77,.T.);
#288 = PLANE('',#289);
#289 = AXIS2_PLACEMENT_3D('',#290,#291,#292);
#290 = CARTESIAN_POINT('',(7.69999996666,26.401253371643,-10.17791505607
    ));
#291 = DIRECTION('',(1.414102710891E-08,-0.17364849837,-0.984807696464)
  );
#292 = DIRECTION('',(-2.493449362441E-09,-0.984807696464,0.17364849837)
  );
#293 = ADVANCED_FACE('',(#294),#319,.F.);
#294 = FACE_BOUND('',#295,.T.);
#295 = EDGE_LOOP('',(#296,#304,#305,#313));
#296 = ORIENTED_EDGE('',*,*,#297,.F.);
#297 = EDGE_CURVE('',#174,#298,#300,.T.);
#298 = VERTEX_POINT('',#299);
#299 = CARTESIAN_POINT('',(3.37587989626,28.605989740684,-3.610997674853
    ));
#300 = LINE('',#301,#302);
#301 = CARTESIAN_POINT('',(3.37589515949,1.985743062258,1.08287898607));
#302 = VECTOR('',#303,1.);
#303 = DIRECTION('',(-5.646582888802E-07,0.984807696463,-0.17364849837)
  );
#304 = ORIENTED_EDGE('',*,*,#173,.T.);
#305 = ORIENTED_EDGE('',*,*,#306,.F.);
#306 = EDGE_CURVE('',#307,#166,#309,.T.);
#307 = VERTEX_POINT('',#308);
#308 = CARTESIAN_POINT('',(3.24999987237,28.605989740684,-3.610997676661
    ));
#309 = LINE('',#310,#311);
#310 = CARTESIAN_POINT('',(3.24999982721,10.770467123253,-0.46610783546)
  );
#311 = VECTOR('',#312,1.);
#312 = DIRECTION('',(-2.493449362441E-09,-0.984807696464,0.17364849837)
  );
#313 = ORIENTED_EDGE('',*,*,#314,.T.);
#314 = EDGE_CURVE('',#307,#298,#315,.T.);
#315 = LINE('',#316,#317);
#316 = CARTESIAN_POINT('',(7.69999987237,28.605989740684,-3.610997612762
    ));
#317 = VECTOR('',#318,1.);
#318 = DIRECTION('',(1.,1.594188788799E-24,1.435917607039E-08));
#319 = PLANE('',#320);
#320 = AXIS2_PLACEMENT_3D('',#321,#322,#323);
#321 = CARTESIAN_POINT('',(7.69999980497,1.985745477424,1.08287862231));
#322 = DIRECTION('',(-1.414102710891E-08,0.17364849837,0.984807696464));
#323 = DIRECTION('',(2.493449362441E-09,0.984807696464,-0.17364849837));
#324 = ADVANCED_FACE('',(#325),#387,.F.);
#325 = FACE_BOUND('',#326,.T.);
#326 = EDGE_LOOP('',(#327,#335,#343,#351,#359,#380,#386));
#327 = ORIENTED_EDGE('',*,*,#328,.F.);
#328 = EDGE_CURVE('',#329,#134,#331,.T.);
#329 = VERTEX_POINT('',#330);
#330 = CARTESIAN_POINT('',(5.62411984849,28.605989740684,-3.610997642569
    ));
#331 = LINE('',#332,#333);
#332 = CARTESIAN_POINT('',(5.62410445047,1.985746636885,1.08287838804));
#333 = VECTOR('',#334,1.);
#334 = DIRECTION('',(-5.696451894509E-07,-0.984807696463,0.17364849837)
  );
#335 = ORIENTED_EDGE('',*,*,#336,.T.);
#336 = EDGE_CURVE('',#329,#337,#339,.T.);
#337 = VERTEX_POINT('',#338);
#338 = CARTESIAN_POINT('',(7.69999987237,28.605989740684,-3.610997612762
    ));
#339 = LINE('',#340,#341);
#340 = CARTESIAN_POINT('',(7.69999987237,28.605989740684,-3.610997612762
    ));
#341 = VECTOR('',#342,1.);
#342 = DIRECTION('',(1.,1.594188788799E-24,1.435917607039E-08));
#343 = ORIENTED_EDGE('',*,*,#344,.F.);
#344 = EDGE_CURVE('',#345,#337,#347,.T.);
#345 = VERTEX_POINT('',#346);
#346 = CARTESIAN_POINT('',(7.69999984294,16.984957334295,-1.56189215378)
  );
#347 = LINE('',#348,#349);
#348 = CARTESIAN_POINT('',(7.69999980497,1.985745477424,1.08287862231));
#349 = VECTOR('',#350,1.);
#350 = DIRECTION('',(2.493449362441E-09,0.984807696464,-0.17364849837));
#351 = ORIENTED_EDGE('',*,*,#352,.F.);
#352 = EDGE_CURVE('',#353,#345,#355,.T.);
#353 = VERTEX_POINT('',#354);
#354 = CARTESIAN_POINT('',(6.44999984294,16.984957334295,-1.56189217174)
  );
#355 = LINE('',#356,#357);
#356 = CARTESIAN_POINT('',(38.69999984292,16.984957334295,-1.56189170866
    ));
#357 = VECTOR('',#358,1.);
#358 = DIRECTION('',(1.,1.594188788799E-24,1.435917607039E-08));
#359 = ORIENTED_EDGE('',*,*,#360,.F.);
#360 = EDGE_CURVE('',#361,#353,#363,.T.);
#361 = VERTEX_POINT('',#362);
#362 = CARTESIAN_POINT('',(5.74999984118,16.287123128049,-1.43884494884)
  );
#363 = B_SPLINE_CURVE_WITH_KNOTS('',3,(#364,#365,#366,#367,#368,#369,
    #370,#371,#372,#373,#374,#375,#376,#377,#378,#379),.UNSPECIFIED.,.F.
  ,.F.,(4,3,3,3,3,4),(0.,0.149651165673,0.364668141799,0.577225198254,
    0.788666842644,1.),.UNSPECIFIED.);
#364 = CARTESIAN_POINT('',(5.74999984118,16.287123128049,-1.43884494884)
  );
#365 = CARTESIAN_POINT('',(5.74999984131,16.341285467796,-1.44839524886)
  );
#366 = CARTESIAN_POINT('',(5.75640581444,16.395803554015,-1.45800827662)
  );
#367 = CARTESIAN_POINT('',(5.76897879095,16.448531592255,-1.46730566994)
  );
#368 = CARTESIAN_POINT('',(5.78702486154,16.524212470068,-1.48065027576)
  );
#369 = CARTESIAN_POINT('',(5.81837438838,16.597904215087,-1.49364414296)
  );
#370 = CARTESIAN_POINT('',(5.86059034333,16.663592790089,-1.50522683251)
  );
#371 = CARTESIAN_POINT('',(5.90232815594,16.728537369406,-1.5166783353)
  );
#372 = CARTESIAN_POINT('',(5.95581607685,16.787399288919,-1.52705729885)
  );
#373 = CARTESIAN_POINT('',(6.01683708806,16.835316195117,-1.53550635746)
  );
#374 = CARTESIAN_POINT('',(6.07753372025,16.88297838185,-1.54391050206)
  );
#375 = CARTESIAN_POINT('',(6.1473323942,16.921088732346,-1.5506303969));
#376 = CARTESIAN_POINT('',(6.22057802955,16.946417093386,-1.55509647777)
  );
#377 = CARTESIAN_POINT('',(6.29377526629,16.971728718169,-1.5595596076)
  );
#378 = CARTESIAN_POINT('',(6.37242128055,16.984957334295,-1.56189217285)
  );
#379 = CARTESIAN_POINT('',(6.44999984294,16.984957334295,-1.56189217174)
  );
#380 = ORIENTED_EDGE('',*,*,#381,.F.);
#381 = EDGE_CURVE('',#142,#361,#382,.T.);
#382 = LINE('',#383,#384);
#383 = CARTESIAN_POINT('',(5.74999964317,-61.91613196991,12.35052516287)
  );
#384 = VECTOR('',#385,1.);
#385 = DIRECTION('',(2.493449362441E-09,0.984807696464,-0.17364849837));
#386 = ORIENTED_EDGE('',*,*,#141,.T.);
#387 = PLANE('',#388);
#388 = AXIS2_PLACEMENT_3D('',#389,#390,#391);
#389 = CARTESIAN_POINT('',(7.69999980497,1.985745477424,1.08287862231));
#390 = DIRECTION('',(-1.414102710891E-08,0.17364849837,0.984807696464));
#391 = DIRECTION('',(2.493449362441E-09,0.984807696464,-0.17364849837));
#392 = ADVANCED_FACE('',(#393,#460,#480,#500,#520),#540,.F.);
#393 = FACE_BOUND('',#394,.T.);
#394 = EDGE_LOOP('',(#395,#401,#402,#403,#411,#420,#428,#436,#444,#452,
    #458,#459));
#395 = ORIENTED_EDGE('',*,*,#396,.F.);
#396 = EDGE_CURVE('',#307,#275,#397,.T.);
#397 = LINE('',#398,#399);
#398 = CARTESIAN_POINT('',(3.24999999612,31.077363490743,-12.22970213036
    ));
#399 = VECTOR('',#400,1.);
#400 = DIRECTION('',(1.380292593458E-08,0.275637357542,-0.961261695444)
  );
#401 = ORIENTED_EDGE('',*,*,#306,.T.);
#402 = ORIENTED_EDGE('',*,*,#165,.F.);
#403 = ORIENTED_EDGE('',*,*,#404,.F.);
#404 = EDGE_CURVE('',#405,#158,#407,.T.);
#405 = VERTEX_POINT('',#406);
#406 = CARTESIAN_POINT('',(3.24999973134,19.524424680304,6.21025375374)
  );
#407 = LINE('',#408,#409);
#408 = CARTESIAN_POINT('',(3.24999980616,10.499999975769,0.9999996997));
#409 = VECTOR('',#410,1.);
#410 = DIRECTION('',(7.179588057528E-09,-0.866025402887,-0.500000001554)
  );
#411 = ORIENTED_EDGE('',*,*,#412,.T.);
#412 = EDGE_CURVE('',#405,#413,#415,.T.);
#413 = VERTEX_POINT('',#414);
#414 = CARTESIAN_POINT('',(3.2499997121,24.5244246779,7.54999972487));
#415 = CIRCLE('',#416,10.);
#416 = AXIS2_PLACEMENT_3D('',#417,#418,#419);
#417 = CARTESIAN_POINT('',(3.2499998557,24.524424695849,-2.45000027513)
  );
#418 = DIRECTION('',(-1.,-1.5941887888E-24,-1.435917607039E-08));
#419 = DIRECTION('',(-1.435917607039E-08,-1.794896675733E-09,1.));
#420 = ORIENTED_EDGE('',*,*,#421,.F.);
#421 = EDGE_CURVE('',#422,#413,#424,.T.);
#422 = VERTEX_POINT('',#423);
#423 = CARTESIAN_POINT('',(3.2499997121,42.05954540696,7.54999975635));
#424 = LINE('',#425,#426);
#425 = CARTESIAN_POINT('',(3.2499997121,21.844932753588,7.54999972006));
#426 = VECTOR('',#427,1.);
#427 = DIRECTION('',(2.577325465522E-17,-1.,-1.794897766744E-09));
#428 = ORIENTED_EDGE('',*,*,#429,.F.);
#429 = EDGE_CURVE('',#430,#422,#432,.T.);
#430 = VERTEX_POINT('',#431);
#431 = CARTESIAN_POINT('',(3.24999982612,49.99999997826,-0.39045478645)
  );
#432 = LINE('',#433,#434);
#433 = CARTESIAN_POINT('',(3.24999955408,31.054772665735,18.55477245807)
  );
#434 = VECTOR('',#435,1.);
#435 = DIRECTION('',(-1.015347075341E-08,-0.707106782456,0.707106779917)
  );
#436 = ORIENTED_EDGE('',*,*,#437,.F.);
#437 = EDGE_CURVE('',#438,#430,#440,.T.);
#438 = VERTEX_POINT('',#439);
#439 = CARTESIAN_POINT('',(3.25000027498,50.00000003437,-31.65000022937)
  );
#440 = LINE('',#441,#442);
#441 = CARTESIAN_POINT('',(3.2499997121,49.99999996401,7.5499997706));
#442 = VECTOR('',#443,1.);
#443 = DIRECTION('',(-1.435917607039E-08,-1.79489579067E-09,1.));
#444 = ORIENTED_EDGE('',*,*,#445,.F.);
#445 = EDGE_CURVE('',#446,#438,#448,.T.);
#446 = VERTEX_POINT('',#447);
#447 = CARTESIAN_POINT('',(3.25000027498,14.344932823948,-31.65000029337
    ));
#448 = LINE('',#449,#450);
#449 = CARTESIAN_POINT('',(3.25000027498,50.00000003437,-31.65000022937)
  );
#450 = VECTOR('',#451,1.);
#451 = DIRECTION('',(-2.577324457814E-17,1.,1.794897064957E-09));
#452 = ORIENTED_EDGE('',*,*,#453,.F.);
#453 = EDGE_CURVE('',#86,#446,#454,.T.);
#454 = LINE('',#455,#456);
#455 = CARTESIAN_POINT('',(3.25000027498,14.344932823948,-31.65000029337
    ));
#456 = VECTOR('',#457,1.);
#457 = DIRECTION('',(1.243541124151E-08,0.500000001554,-0.866025402887)
  );
#458 = ORIENTED_EDGE('',*,*,#85,.F.);
#459 = ORIENTED_EDGE('',*,*,#282,.T.);
#460 = FACE_BOUND('',#461,.T.);
#461 = EDGE_LOOP('',(#462,#473));
#462 = ORIENTED_EDGE('',*,*,#463,.T.);
#463 = EDGE_CURVE('',#464,#466,#468,.T.);
#464 = VERTEX_POINT('',#465);
#465 = CARTESIAN_POINT('',(3.24999990236,44.97499998779,-5.700000238407)
  );
#466 = VERTEX_POINT('',#467);
#467 = CARTESIAN_POINT('',(3.24999998277,44.97499999784,-11.3000002384)
  );
#468 = CIRCLE('',#469,2.8);
#469 = AXIS2_PLACEMENT_3D('',#470,#471,#472);
#470 = CARTESIAN_POINT('',(3.24999994257,44.97499999282,-8.500000238407)
  );
#471 = DIRECTION('',(1.,1.5941887888E-24,1.435917607039E-08));
#472 = DIRECTION('',(-1.435917607039E-08,-1.794896675733E-09,1.));
#473 = ORIENTED_EDGE('',*,*,#474,.T.);
#474 = EDGE_CURVE('',#466,#464,#475,.T.);
#475 = CIRCLE('',#476,2.8);
#476 = AXIS2_PLACEMENT_3D('',#477,#478,#479);
#477 = CARTESIAN_POINT('',(3.24999994257,44.97499999282,-8.500000238407)
  );
#478 = DIRECTION('',(1.,1.5941887888E-24,1.435917607039E-08));
#479 = DIRECTION('',(-1.435917607039E-08,-1.794896675733E-09,1.));
#480 = FACE_BOUND('',#481,.T.);
#481 = EDGE_LOOP('',(#482,#493));
#482 = ORIENTED_EDGE('',*,*,#483,.T.);
#483 = EDGE_CURVE('',#484,#486,#488,.T.);
#484 = VERTEX_POINT('',#485);
#485 = CARTESIAN_POINT('',(3.25000013211,25.975000016513,-21.70000027251
    ));
#486 = VERTEX_POINT('',#487);
#487 = CARTESIAN_POINT('',(3.25000021252,25.975000026564,-27.30000027249
    ));
#488 = CIRCLE('',#489,2.8);
#489 = AXIS2_PLACEMENT_3D('',#490,#491,#492);
#490 = CARTESIAN_POINT('',(3.25000017232,25.975000021539,-24.50000027249
    ));
#491 = DIRECTION('',(1.,1.5941887888E-24,1.435917607039E-08));
#492 = DIRECTION('',(-1.435917607039E-08,-1.794896675733E-09,1.));
#493 = ORIENTED_EDGE('',*,*,#494,.T.);
#494 = EDGE_CURVE('',#486,#484,#495,.T.);
#495 = CIRCLE('',#496,2.8);
#496 = AXIS2_PLACEMENT_3D('',#497,#498,#499);
#497 = CARTESIAN_POINT('',(3.25000017232,25.975000021539,-24.50000027249
    ));
#498 = DIRECTION('',(1.,1.5941887888E-24,1.435917607039E-08));
#499 = DIRECTION('',(-1.435917607039E-08,-1.794896675733E-09,1.));
#500 = FACE_BOUND('',#501,.T.);
#501 = EDGE_LOOP('',(#502,#513));
#502 = ORIENTED_EDGE('',*,*,#503,.T.);
#503 = EDGE_CURVE('',#504,#506,#508,.T.);
#504 = VERTEX_POINT('',#505);
#505 = CARTESIAN_POINT('',(3.25000013211,44.97500001651,-21.7000002384)
  );
#506 = VERTEX_POINT('',#507);
#507 = CARTESIAN_POINT('',(3.25000021252,44.97500002656,-27.30000023839)
  );
#508 = CIRCLE('',#509,2.8);
#509 = AXIS2_PLACEMENT_3D('',#510,#511,#512);
#510 = CARTESIAN_POINT('',(3.25000017232,44.97500002153,-24.50000023839)
  );
#511 = DIRECTION('',(1.,1.5941887888E-24,1.435917607039E-08));
#512 = DIRECTION('',(-1.435917607039E-08,-1.794896675733E-09,1.));
#513 = ORIENTED_EDGE('',*,*,#514,.T.);
#514 = EDGE_CURVE('',#506,#504,#515,.T.);
#515 = CIRCLE('',#516,2.8);
#516 = AXIS2_PLACEMENT_3D('',#517,#518,#519);
#517 = CARTESIAN_POINT('',(3.25000017232,44.97500002153,-24.50000023839)
  );
#518 = DIRECTION('',(1.,1.5941887888E-24,1.435917607039E-08));
#519 = DIRECTION('',(-1.435917607039E-08,-1.794896675733E-09,1.));
#520 = FACE_BOUND('',#521,.T.);
#521 = EDGE_LOOP('',(#522,#533));
#522 = ORIENTED_EDGE('',*,*,#523,.T.);
#523 = EDGE_CURVE('',#524,#526,#528,.T.);
#524 = VERTEX_POINT('',#525);
#525 = CARTESIAN_POINT('',(3.24999990236,36.474999987795,-5.700000253664
    ));
#526 = VERTEX_POINT('',#527);
#527 = CARTESIAN_POINT('',(3.24999998277,36.474999997846,-11.30000025366
    ));
#528 = CIRCLE('',#529,2.8);
#529 = AXIS2_PLACEMENT_3D('',#530,#531,#532);
#530 = CARTESIAN_POINT('',(3.24999994257,36.47499999282,-8.500000253664)
  );
#531 = DIRECTION('',(1.,1.5941887888E-24,1.435917607039E-08));
#532 = DIRECTION('',(-1.435917607039E-08,-1.794896675733E-09,1.));
#533 = ORIENTED_EDGE('',*,*,#534,.T.);
#534 = EDGE_CURVE('',#526,#524,#535,.T.);
#535 = CIRCLE('',#536,2.8);
#536 = AXIS2_PLACEMENT_3D('',#537,#538,#539);
#537 = CARTESIAN_POINT('',(3.24999994257,36.47499999282,-8.500000253664)
  );
#538 = DIRECTION('',(1.,1.5941887888E-24,1.435917607039E-08));
#539 = DIRECTION('',(-1.435917607039E-08,-1.794896675733E-09,1.));
#540 = PLANE('',#541);
#541 = AXIS2_PLACEMENT_3D('',#542,#543,#544);
#542 = CARTESIAN_POINT('',(3.24999984923,10.499999981154,-2.0000003003)
  );
#543 = DIRECTION('',(1.,1.594188788799E-24,1.435917607039E-08));
#544 = DIRECTION('',(-1.435917607039E-08,-1.794896675733E-09,1.));
#545 = ADVANCED_FACE('',(#546),#597,.T.);
#546 = FACE_BOUND('',#547,.T.);
#547 = EDGE_LOOP('',(#548,#559,#568,#576,#584,#590,#591));
#548 = ORIENTED_EDGE('',*,*,#549,.T.);
#549 = EDGE_CURVE('',#550,#552,#554,.T.);
#550 = VERTEX_POINT('',#551);
#551 = CARTESIAN_POINT('',(8.18672956186,24.5244246779,7.54999979576));
#552 = VERTEX_POINT('',#553);
#553 = CARTESIAN_POINT('',(12.299999712099,31.802925776647,7.54999986789
    ));
#554 = ELLIPSE('',#555,4.802925812634,4.8);
#555 = AXIS2_PLACEMENT_3D('',#556,#557,#558);
#556 = CARTESIAN_POINT('',(12.299999712099,26.999999964012,7.54999985926
    ));
#557 = DIRECTION('',(1.435917607039E-08,1.794896675733E-09,-1.));
#558 = DIRECTION('',(2.57732389892E-17,-1.,-1.794896675733E-09));
#559 = ORIENTED_EDGE('',*,*,#560,.T.);
#560 = EDGE_CURVE('',#552,#561,#563,.T.);
#561 = VERTEX_POINT('',#562);
#562 = CARTESIAN_POINT('',(16.413269862343,24.5244246779,7.54999991389)
  );
#563 = ELLIPSE('',#564,4.802925812634,4.8);
#564 = AXIS2_PLACEMENT_3D('',#565,#566,#567);
#565 = CARTESIAN_POINT('',(12.299999712099,26.999999964012,7.54999985926
    ));
#566 = DIRECTION('',(1.435917607039E-08,1.794896675733E-09,-1.));
#567 = DIRECTION('',(2.57732389892E-17,-1.,-1.794896675733E-09));
#568 = ORIENTED_EDGE('',*,*,#569,.T.);
#569 = EDGE_CURVE('',#561,#570,#572,.T.);
#570 = VERTEX_POINT('',#571);
#571 = CARTESIAN_POINT('',(21.599999712099,24.5244246779,7.54999998836)
  );
#572 = LINE('',#573,#574);
#573 = CARTESIAN_POINT('',(3.2499997121,24.5244246779,7.54999972487));
#574 = VECTOR('',#575,1.);
#575 = DIRECTION('',(1.,1.594188788799E-24,1.435917607039E-08));
#576 = ORIENTED_EDGE('',*,*,#577,.F.);
#577 = EDGE_CURVE('',#578,#570,#580,.T.);
#578 = VERTEX_POINT('',#579);
#579 = CARTESIAN_POINT('',(21.599999712099,42.05954540696,7.55000001983)
  );
#580 = LINE('',#581,#582);
#581 = CARTESIAN_POINT('',(21.599999712099,10.499999964012,7.54999996318
    ));
#582 = VECTOR('',#583,1.);
#583 = DIRECTION('',(2.577323365153E-17,-1.,-1.794896304007E-09));
#584 = ORIENTED_EDGE('',*,*,#585,.T.);
#585 = EDGE_CURVE('',#578,#422,#586,.T.);
#586 = LINE('',#587,#588);
#587 = CARTESIAN_POINT('',(3.2499997121,42.05954540696,7.54999975635));
#588 = VECTOR('',#589,1.);
#589 = DIRECTION('',(-1.,-1.594188788799E-24,-1.435917607039E-08));
#590 = ORIENTED_EDGE('',*,*,#421,.T.);
#591 = ORIENTED_EDGE('',*,*,#592,.T.);
#592 = EDGE_CURVE('',#413,#550,#593,.T.);
#593 = LINE('',#594,#595);
#594 = CARTESIAN_POINT('',(3.2499997121,24.5244246779,7.54999972487));
#595 = VECTOR('',#596,1.);
#596 = DIRECTION('',(1.,1.594188788799E-24,1.435917607039E-08));
#597 = PLANE('',#598);
#598 = AXIS2_PLACEMENT_3D('',#599,#600,#601);
#599 = CARTESIAN_POINT('',(3.2499997121,28.999999964012,7.54999973291));
#600 = DIRECTION('',(-1.435917607039E-08,-1.794896304007E-09,1.));
#601 = DIRECTION('',(2.577323365153E-17,-1.,-1.794896304007E-09));
#602 = ADVANCED_FACE('',(#603),#660,.T.);
#603 = FACE_BOUND('',#604,.T.);
#604 = EDGE_LOOP('',(#605,#615,#623,#631,#639,#647,#653,#654));
#605 = ORIENTED_EDGE('',*,*,#606,.F.);
#606 = EDGE_CURVE('',#607,#609,#611,.T.);
#607 = VERTEX_POINT('',#608);
#608 = CARTESIAN_POINT('',(21.6,50.,-12.49999996589));
#609 = VERTEX_POINT('',#610);
#610 = CARTESIAN_POINT('',(21.599999826116,49.99999997826,-0.39045452297
    ));
#611 = LINE('',#612,#613);
#612 = CARTESIAN_POINT('',(21.599999712099,49.99999996401,7.55000003408)
  );
#613 = VECTOR('',#614,1.);
#614 = DIRECTION('',(-1.435917607039E-08,-1.79489579067E-09,1.));
#615 = ORIENTED_EDGE('',*,*,#616,.F.);
#616 = EDGE_CURVE('',#617,#607,#619,.T.);
#617 = VERTEX_POINT('',#618);
#618 = CARTESIAN_POINT('',(16.1,50.,-12.50000004487));
#619 = LINE('',#620,#621);
#620 = CARTESIAN_POINT('',(3.25,50.,-12.50000022938));
#621 = VECTOR('',#622,1.);
#622 = DIRECTION('',(1.,1.594188788799E-24,1.435917607039E-08));
#623 = ORIENTED_EDGE('',*,*,#624,.F.);
#624 = EDGE_CURVE('',#625,#617,#627,.T.);
#625 = VERTEX_POINT('',#626);
#626 = CARTESIAN_POINT('',(16.100000102668,50.00000001283,
    -19.65000004487));
#627 = LINE('',#628,#629);
#628 = CARTESIAN_POINT('',(16.099999712099,49.99999996401,7.54999995512)
  );
#629 = VECTOR('',#630,1.);
#630 = DIRECTION('',(-1.435917607039E-08,-1.79489579067E-09,1.));
#631 = ORIENTED_EDGE('',*,*,#632,.T.);
#632 = EDGE_CURVE('',#625,#633,#635,.T.);
#633 = VERTEX_POINT('',#634);
#634 = CARTESIAN_POINT('',(21.600000102668,50.00000001283,
    -19.64999996589));
#635 = LINE('',#636,#637);
#636 = CARTESIAN_POINT('',(3.25000010267,50.00000001283,-19.65000022938)
  );
#637 = VECTOR('',#638,1.);
#638 = DIRECTION('',(1.,1.594188788799E-24,1.435917607039E-08));
#639 = ORIENTED_EDGE('',*,*,#640,.F.);
#640 = EDGE_CURVE('',#641,#633,#643,.T.);
#641 = VERTEX_POINT('',#642);
#642 = CARTESIAN_POINT('',(21.600000274979,50.00000003437,
    -31.64999996588));
#643 = LINE('',#644,#645);
#644 = CARTESIAN_POINT('',(21.599999712099,49.99999996401,7.55000003408)
  );
#645 = VECTOR('',#646,1.);
#646 = DIRECTION('',(-1.435917607039E-08,-1.79489579067E-09,1.));
#647 = ORIENTED_EDGE('',*,*,#648,.T.);
#648 = EDGE_CURVE('',#641,#438,#649,.T.);
#649 = LINE('',#650,#651);
#650 = CARTESIAN_POINT('',(3.25000027498,50.00000003437,-31.65000022937)
  );
#651 = VECTOR('',#652,1.);
#652 = DIRECTION('',(-1.,-1.594188788799E-24,-1.435917607039E-08));
#653 = ORIENTED_EDGE('',*,*,#437,.T.);
#654 = ORIENTED_EDGE('',*,*,#655,.T.);
#655 = EDGE_CURVE('',#430,#609,#656,.T.);
#656 = LINE('',#657,#658);
#657 = CARTESIAN_POINT('',(3.24999982612,49.99999997826,-0.39045478645)
  );
#658 = VECTOR('',#659,1.);
#659 = DIRECTION('',(1.,1.594188788799E-24,1.435917607039E-08));
#660 = PLANE('',#661);
#661 = AXIS2_PLACEMENT_3D('',#662,#663,#664);
#662 = CARTESIAN_POINT('',(3.2499997121,49.99999996401,7.5499997706));
#663 = DIRECTION('',(-2.577322628042E-17,1.,1.79489579067E-09));
#664 = DIRECTION('',(-1.435917607039E-08,-1.79489579067E-09,1.));
#665 = ADVANCED_FACE('',(#666),#685,.F.);
#666 = FACE_BOUND('',#667,.T.);
#667 = EDGE_LOOP('',(#668,#669,#670,#678));
#668 = ORIENTED_EDGE('',*,*,#204,.T.);
#669 = ORIENTED_EDGE('',*,*,#101,.T.);
#670 = ORIENTED_EDGE('',*,*,#671,.T.);
#671 = EDGE_CURVE('',#94,#672,#674,.T.);
#672 = VERTEX_POINT('',#673);
#673 = CARTESIAN_POINT('',(5.75000020775,11.641831032726,-26.96809063645
    ));
#674 = LINE('',#675,#676);
#675 = CARTESIAN_POINT('',(5.75000027498,14.344932823948,-31.65000025747
    ));
#676 = VECTOR('',#677,1.);
#677 = DIRECTION('',(1.243541124151E-08,0.500000001554,-0.866025402887)
  );
#678 = ORIENTED_EDGE('',*,*,#679,.T.);
#679 = EDGE_CURVE('',#672,#205,#680,.T.);
#680 = CIRCLE('',#681,80.393866976841);
#681 = AXIS2_PLACEMENT_3D('',#682,#683,#684);
#682 = CARTESIAN_POINT('',(5.74999982052,-64.09386699927,
    -3.982799920976E-07));
#683 = DIRECTION('',(1.,1.5941887888E-24,1.435917607039E-08));
#684 = DIRECTION('',(1.435917607039E-08,1.794896675733E-09,-1.));
#685 = PLANE('',#686);
#686 = AXIS2_PLACEMENT_3D('',#687,#688,#689);
#687 = CARTESIAN_POINT('',(5.74999982052,-64.09386699927,
    -3.982799920976E-07));
#688 = DIRECTION('',(-1.,-1.594188788799E-24,-1.435917607039E-08));
#689 = DIRECTION('',(1.435917607039E-08,1.794896675733E-09,-1.));
#690 = ADVANCED_FACE('',(#691),#723,.F.);
#691 = FACE_BOUND('',#692,.F.);
#692 = EDGE_LOOP('',(#693,#694,#703,#722));
#693 = ORIENTED_EDGE('',*,*,#212,.F.);
#694 = ORIENTED_EDGE('',*,*,#695,.T.);
#695 = EDGE_CURVE('',#213,#696,#698,.T.);
#696 = VERTEX_POINT('',#697);
#697 = CARTESIAN_POINT('',(6.45000021915,12.100000027393,-27.76166260033
    ));
#698 = CIRCLE('',#699,81.093866976841);
#699 = AXIS2_PLACEMENT_3D('',#700,#701,#702);
#700 = CARTESIAN_POINT('',(6.44999982052,-64.09386699927,
    -3.882399930433E-07));
#701 = DIRECTION('',(-1.,-1.5941887888E-24,-1.435917607039E-08));
#702 = DIRECTION('',(1.435917607039E-08,1.794896675733E-09,-1.));
#703 = ORIENTED_EDGE('',*,*,#704,.F.);
#704 = EDGE_CURVE('',#672,#696,#705,.T.);
#705 = B_SPLINE_CURVE_WITH_KNOTS('',3,(#706,#707,#708,#709,#710,#711,
    #712,#713,#714,#715,#716,#717,#718,#719,#720,#721),.UNSPECIFIED.,.F.
  ,.F.,(4,3,3,3,3,4),(0.,0.225876386022,0.48953449997,0.693377108088,
    0.846278817518,1.),.UNSPECIFIED.);
#706 = CARTESIAN_POINT('',(5.75000020775,11.641831032726,-26.96809063645
    ));
#707 = CARTESIAN_POINT('',(5.75000020894,11.689645713523,-27.05090809259
    ));
#708 = CARTESIAN_POINT('',(5.76141815413,11.737834227676,-27.13437304694
    ));
#709 = CARTESIAN_POINT('',(5.78451728346,11.784233055983,-27.21473817432
    ));
#710 = CARTESIAN_POINT('',(5.81142050678,11.838273103197,-27.30833828096
    ));
#711 = CARTESIAN_POINT('',(5.85496167832,11.891175592539,-27.39996807935
    ));
#712 = CARTESIAN_POINT('',(5.91542278337,11.937945093986,-27.48097523089
    ));
#713 = CARTESIAN_POINT('',(5.96227339586,11.974186240861,-27.54374673766
    ));
#714 = CARTESIAN_POINT('',(6.02057448695,12.007580957999,-27.60158808338
    ));
#715 = CARTESIAN_POINT('',(6.08835821553,12.034292514157,-27.64785385462
    ));
#716 = CARTESIAN_POINT('',(6.13937890171,12.054398252706,-27.68267801444
    ));
#717 = CARTESIAN_POINT('',(6.1969201128,12.071096452677,-27.71160014424)
  );
#718 = CARTESIAN_POINT('',(6.25779084376,12.082441356803,-27.73125009364
    ));
#719 = CARTESIAN_POINT('',(6.31881924401,12.093815646856,-27.75095094095
    ));
#720 = CARTESIAN_POINT('',(6.38486986143,12.100000027393,-27.76166260127
    ));
#721 = CARTESIAN_POINT('',(6.45000021915,12.100000027393,-27.76166260033
    ));
#722 = ORIENTED_EDGE('',*,*,#679,.T.);
#723 = TOROIDAL_SURFACE('',#724,80.393866976841,0.7);
#724 = AXIS2_PLACEMENT_3D('',#725,#726,#727);
#725 = CARTESIAN_POINT('',(6.44999982052,-64.09386699927,
    -3.882399930433E-07));
#726 = DIRECTION('',(-1.,-1.594188788799E-24,-1.435917607039E-08));
#727 = DIRECTION('',(1.435917607039E-08,1.794896675733E-09,-1.));
#728 = ADVANCED_FACE('',(#729),#772,.T.);
#729 = FACE_BOUND('',#730,.T.);
#730 = EDGE_LOOP('',(#731,#732,#733,#741,#750,#758,#766));
#731 = ORIENTED_EDGE('',*,*,#404,.T.);
#732 = ORIENTED_EDGE('',*,*,#157,.F.);
#733 = ORIENTED_EDGE('',*,*,#734,.F.);
#734 = EDGE_CURVE('',#735,#150,#737,.T.);
#735 = VERTEX_POINT('',#736);
#736 = CARTESIAN_POINT('',(5.74999975807,16.299999969758,4.34863130732)
  );
#737 = LINE('',#738,#739);
#738 = CARTESIAN_POINT('',(5.74999980616,10.499999975769,0.99999973561)
  );
#739 = VECTOR('',#740,1.);
#740 = DIRECTION('',(7.179588057528E-09,-0.866025402887,-0.500000001554)
  );
#741 = ORIENTED_EDGE('',*,*,#742,.F.);
#742 = EDGE_CURVE('',#743,#735,#745,.T.);
#743 = VERTEX_POINT('',#744);
#744 = CARTESIAN_POINT('',(6.44999975227,16.999999969033,4.75277650705)
  );
#745 = ELLIPSE('',#746,0.808290376865,0.7);
#746 = AXIS2_PLACEMENT_3D('',#747,#748,#749);
#747 = CARTESIAN_POINT('',(6.44999975807,16.299999969758,4.34863131736)
  );
#748 = DIRECTION('',(-1.243541124151E-08,-0.500000001554,0.866025402887)
  );
#749 = DIRECTION('',(-7.179588057528E-09,0.866025402887,0.500000001554)
  );
#750 = ORIENTED_EDGE('',*,*,#751,.F.);
#751 = EDGE_CURVE('',#752,#743,#754,.T.);
#752 = VERTEX_POINT('',#753);
#753 = CARTESIAN_POINT('',(21.599999752264,16.999999969033,4.75277672458
    ));
#754 = LINE('',#755,#756);
#755 = CARTESIAN_POINT('',(3.24999975227,16.999999969033,4.7527764611));
#756 = VECTOR('',#757,1.);
#757 = DIRECTION('',(-1.,-1.594188788799E-24,-1.435917607039E-08));
#758 = ORIENTED_EDGE('',*,*,#759,.F.);
#759 = EDGE_CURVE('',#760,#752,#762,.T.);
#760 = VERTEX_POINT('',#761);
#761 = CARTESIAN_POINT('',(21.599999731336,19.524424680304,6.21025401723
    ));
#762 = LINE('',#763,#764);
#763 = CARTESIAN_POINT('',(21.59999981692,9.200961871438,0.24999996085)
  );
#764 = VECTOR('',#765,1.);
#765 = DIRECTION('',(7.179588057528E-09,-0.866025402887,-0.500000001554)
  );
#766 = ORIENTED_EDGE('',*,*,#767,.T.);
#767 = EDGE_CURVE('',#760,#405,#768,.T.);
#768 = LINE('',#769,#770);
#769 = CARTESIAN_POINT('',(3.24999973134,19.524424680304,6.21025375374)
  );
#770 = VECTOR('',#771,1.);
#771 = DIRECTION('',(-1.,-1.594188788799E-24,-1.435917607039E-08));
#772 = PLANE('',#773);
#773 = AXIS2_PLACEMENT_3D('',#774,#775,#776);
#774 = CARTESIAN_POINT('',(3.24999980616,10.499999975769,0.9999996997));
#775 = DIRECTION('',(-1.243541124151E-08,-0.500000001554,0.866025402887)
  );
#776 = DIRECTION('',(7.179588057528E-09,-0.866025402887,-0.500000001554)
  );
#777 = ADVANCED_FACE('',(#778),#828,.T.);
#778 = FACE_BOUND('',#779,.T.);
#779 = EDGE_LOOP('',(#780,#790,#798,#806,#812,#813,#814,#822));
#780 = ORIENTED_EDGE('',*,*,#781,.F.);
#781 = EDGE_CURVE('',#782,#784,#786,.T.);
#782 = VERTEX_POINT('',#783);
#783 = CARTESIAN_POINT('',(16.100000274978,31.000000034372,
    -31.65000007897));
#784 = VERTEX_POINT('',#785);
#785 = CARTESIAN_POINT('',(16.100000274978,40.100000034372,
    -31.65000006263));
#786 = LINE('',#787,#788);
#787 = CARTESIAN_POINT('',(16.100000274978,50.00000003437,
    -31.65000004486));
#788 = VECTOR('',#789,1.);
#789 = DIRECTION('',(-2.577324457814E-17,1.,1.794897064957E-09));
#790 = ORIENTED_EDGE('',*,*,#791,.T.);
#791 = EDGE_CURVE('',#782,#792,#794,.T.);
#792 = VERTEX_POINT('',#793);
#793 = CARTESIAN_POINT('',(21.600000274979,31.000000034372,
    -31.64999999999));
#794 = LINE('',#795,#796);
#795 = CARTESIAN_POINT('',(3.25000027498,31.000000034372,-31.65000026348
    ));
#796 = VECTOR('',#797,1.);
#797 = DIRECTION('',(1.,1.594188788799E-24,1.435917607039E-08));
#798 = ORIENTED_EDGE('',*,*,#799,.F.);
#799 = EDGE_CURVE('',#800,#792,#802,.T.);
#800 = VERTEX_POINT('',#801);
#801 = CARTESIAN_POINT('',(21.600000274979,14.344932823948,
    -31.65000002988));
#802 = LINE('',#803,#804);
#803 = CARTESIAN_POINT('',(21.600000274979,50.00000003437,
    -31.64999996588));
#804 = VECTOR('',#805,1.);
#805 = DIRECTION('',(-2.577324457814E-17,1.,1.794897064957E-09));
#806 = ORIENTED_EDGE('',*,*,#807,.T.);
#807 = EDGE_CURVE('',#800,#446,#808,.T.);
#808 = LINE('',#809,#810);
#809 = CARTESIAN_POINT('',(3.25000027498,14.344932823948,-31.65000029337
    ));
#810 = VECTOR('',#811,1.);
#811 = DIRECTION('',(-1.,-1.594188788799E-24,-1.435917607039E-08));
#812 = ORIENTED_EDGE('',*,*,#445,.T.);
#813 = ORIENTED_EDGE('',*,*,#648,.F.);
#814 = ORIENTED_EDGE('',*,*,#815,.F.);
#815 = EDGE_CURVE('',#816,#641,#818,.T.);
#816 = VERTEX_POINT('',#817);
#817 = CARTESIAN_POINT('',(21.600000274979,40.100000034372,
    -31.64999998365));
#818 = LINE('',#819,#820);
#819 = CARTESIAN_POINT('',(21.600000274979,50.00000003437,
    -31.64999996588));
#820 = VECTOR('',#821,1.);
#821 = DIRECTION('',(-2.577324457814E-17,1.,1.794897064957E-09));
#822 = ORIENTED_EDGE('',*,*,#823,.T.);
#823 = EDGE_CURVE('',#816,#784,#824,.T.);
#824 = LINE('',#825,#826);
#825 = CARTESIAN_POINT('',(3.25000027498,40.100000034372,-31.65000024714
    ));
#826 = VECTOR('',#827,1.);
#827 = DIRECTION('',(-1.,-1.594188788799E-24,-1.435917607039E-08));
#828 = PLANE('',#829);
#829 = AXIS2_PLACEMENT_3D('',#830,#831,#832);
#830 = CARTESIAN_POINT('',(3.25000027498,50.00000003437,-31.65000022937)
  );
#831 = DIRECTION('',(1.435917607039E-08,1.794897064957E-09,-1.));
#832 = DIRECTION('',(-2.577324457814E-17,1.,1.794897064957E-09));
#833 = ADVANCED_FACE('',(#834,#852),#863,.T.);
#834 = FACE_BOUND('',#835,.T.);
#835 = EDGE_LOOP('',(#836,#844,#845,#846));
#836 = ORIENTED_EDGE('',*,*,#837,.T.);
#837 = EDGE_CURVE('',#838,#816,#840,.T.);
#838 = VERTEX_POINT('',#839);
#839 = CARTESIAN_POINT('',(21.600000102668,40.100000012834,
    -19.64999998366));
#840 = LINE('',#841,#842);
#841 = CARTESIAN_POINT('',(21.600000292209,40.100000036526,
    -32.84999998365));
#842 = VECTOR('',#843,1.);
#843 = DIRECTION('',(1.435917607039E-08,1.79489599545E-09,-1.));
#844 = ORIENTED_EDGE('',*,*,#815,.T.);
#845 = ORIENTED_EDGE('',*,*,#640,.T.);
#846 = ORIENTED_EDGE('',*,*,#847,.T.);
#847 = EDGE_CURVE('',#633,#838,#848,.T.);
#848 = LINE('',#849,#850);
#849 = CARTESIAN_POINT('',(21.600000102668,43.10000001283,
    -19.64999997828));
#850 = VECTOR('',#851,1.);
#851 = DIRECTION('',(2.57732389892E-17,-1.,-1.794896675733E-09));
#852 = FACE_BOUND('',#853,.T.);
#853 = EDGE_LOOP('',(#854));
#854 = ORIENTED_EDGE('',*,*,#855,.T.);
#855 = EDGE_CURVE('',#856,#856,#858,.T.);
#856 = VERTEX_POINT('',#857);
#857 = CARTESIAN_POINT('',(21.600000212516,44.97500002656,-27.2999999749
    ));
#858 = CIRCLE('',#859,2.8);
#859 = AXIS2_PLACEMENT_3D('',#860,#861,#862);
#860 = CARTESIAN_POINT('',(21.600000172311,44.97500002153,-24.4999999749
    ));
#861 = DIRECTION('',(-1.,-1.5941887888E-24,-1.435917607039E-08));
#862 = DIRECTION('',(1.435917607039E-08,1.794896675733E-09,-1.));
#863 = PLANE('',#864);
#864 = AXIS2_PLACEMENT_3D('',#865,#866,#867);
#865 = CARTESIAN_POINT('',(21.599999849228,10.499999981154,
    -2.00000003682));
#866 = DIRECTION('',(1.,1.594188788799E-24,1.435917607039E-08));
#867 = DIRECTION('',(-1.435917607039E-08,-1.794896675733E-09,1.));
#868 = ADVANCED_FACE('',(#869,#959,#970,#981),#992,.T.);
#869 = FACE_BOUND('',#870,.T.);
#870 = EDGE_LOOP('',(#871,#882,#888,#889,#897,#905,#914,#922,#931,#937,
    #938,#944,#945,#952,#953));
#871 = ORIENTED_EDGE('',*,*,#872,.F.);
#872 = EDGE_CURVE('',#873,#875,#877,.T.);
#873 = VERTEX_POINT('',#874);
#874 = CARTESIAN_POINT('',(21.600000219144,12.100000027393,
    -27.76166238279));
#875 = VERTEX_POINT('',#876);
#876 = CARTESIAN_POINT('',(21.599999820511,16.999999977564,
    -2.515000119274E-08));
#877 = CIRCLE('',#878,81.093866976841);
#878 = AXIS2_PLACEMENT_3D('',#879,#880,#881);
#879 = CARTESIAN_POINT('',(21.599999820511,-64.09386699927,
    -1.706999928075E-07));
#880 = DIRECTION('',(1.,1.5941887888E-24,1.435917607039E-08));
#881 = DIRECTION('',(-1.435917607039E-08,-1.794896675733E-09,1.));
#882 = ORIENTED_EDGE('',*,*,#883,.T.);
#883 = EDGE_CURVE('',#873,#800,#884,.T.);
#884 = LINE('',#885,#886);
#885 = CARTESIAN_POINT('',(21.600000274979,14.344932823948,
    -31.65000002988));
#886 = VECTOR('',#887,1.);
#887 = DIRECTION('',(1.243541124151E-08,0.500000001554,-0.866025402887)
  );
#888 = ORIENTED_EDGE('',*,*,#799,.T.);
#889 = ORIENTED_EDGE('',*,*,#890,.T.);
#890 = EDGE_CURVE('',#792,#891,#893,.T.);
#891 = VERTEX_POINT('',#892);
#892 = CARTESIAN_POINT('',(21.600000102668,31.000000012834,
    -19.64999999999));
#893 = LINE('',#894,#895);
#894 = CARTESIAN_POINT('',(21.600000145745,31.000000018218,
    -22.64999999999));
#895 = VECTOR('',#896,1.);
#896 = DIRECTION('',(-1.435917607039E-08,-1.794895315166E-09,1.));
#897 = ORIENTED_EDGE('',*,*,#898,.T.);
#898 = EDGE_CURVE('',#891,#899,#901,.T.);
#899 = VERTEX_POINT('',#900);
#900 = CARTESIAN_POINT('',(21.600000102668,19.850000012834,
    -19.65000002001));
#901 = LINE('',#902,#903);
#902 = CARTESIAN_POINT('',(21.600000102668,21.000000012834,
    -19.65000001794));
#903 = VECTOR('',#904,1.);
#904 = DIRECTION('',(2.577321763848E-17,-1.,-1.794895188828E-09));
#905 = ORIENTED_EDGE('',*,*,#906,.T.);
#906 = EDGE_CURVE('',#899,#907,#909,.T.);
#907 = VERTEX_POINT('',#908);
#908 = CARTESIAN_POINT('',(21.600000058155,16.750000007269,
    -16.55000002557));
#909 = CIRCLE('',#910,3.1);
#910 = AXIS2_PLACEMENT_3D('',#911,#912,#913);
#911 = CARTESIAN_POINT('',(21.600000058155,19.850000007269,
    -16.55000002001));
#912 = DIRECTION('',(-1.,-1.594188791882E-24,-1.435917607039E-08));
#913 = DIRECTION('',(-2.577323898919E-17,1.,1.794896675733E-09));
#914 = ORIENTED_EDGE('',*,*,#915,.T.);
#915 = EDGE_CURVE('',#907,#916,#918,.T.);
#916 = VERTEX_POINT('',#917);
#917 = CARTESIAN_POINT('',(21.600000044513,16.750000005564,
    -15.60000002557));
#918 = LINE('',#919,#920);
#919 = CARTESIAN_POINT('',(21.600000044513,16.750000005564,
    -15.60000002557));
#920 = VECTOR('',#921,1.);
#921 = DIRECTION('',(-1.435917607039E-08,-1.794893023684E-09,1.));
#922 = ORIENTED_EDGE('',*,*,#923,.T.);
#923 = EDGE_CURVE('',#916,#924,#926,.T.);
#924 = VERTEX_POINT('',#925);
#925 = CARTESIAN_POINT('',(21.6,19.85,-12.50000002001));
#926 = CIRCLE('',#927,3.1);
#927 = AXIS2_PLACEMENT_3D('',#928,#929,#930);
#928 = CARTESIAN_POINT('',(21.600000044513,19.850000005564,
    -15.60000002001));
#929 = DIRECTION('',(-1.,-1.594188791882E-24,-1.435917607039E-08));
#930 = DIRECTION('',(-2.577323898919E-17,1.,1.794896675733E-09));
#931 = ORIENTED_EDGE('',*,*,#932,.F.);
#932 = EDGE_CURVE('',#607,#924,#933,.T.);
#933 = LINE('',#934,#935);
#934 = CARTESIAN_POINT('',(21.6,19.85,-12.50000002001));
#935 = VECTOR('',#936,1.);
#936 = DIRECTION('',(2.57732389892E-17,-1.,-1.794896675733E-09));
#937 = ORIENTED_EDGE('',*,*,#606,.T.);
#938 = ORIENTED_EDGE('',*,*,#939,.T.);
#939 = EDGE_CURVE('',#609,#578,#940,.T.);
#940 = LINE('',#941,#942);
#941 = CARTESIAN_POINT('',(21.59999955408,31.054772665735,18.55477272155
    ));
#942 = VECTOR('',#943,1.);
#943 = DIRECTION('',(-1.015347075341E-08,-0.707106782456,0.707106779917)
  );
#944 = ORIENTED_EDGE('',*,*,#577,.T.);
#945 = ORIENTED_EDGE('',*,*,#946,.F.);
#946 = EDGE_CURVE('',#760,#570,#947,.T.);
#947 = CIRCLE('',#948,10.);
#948 = AXIS2_PLACEMENT_3D('',#949,#950,#951);
#949 = CARTESIAN_POINT('',(21.599999855691,24.524424695849,
    -2.45000001164));
#950 = DIRECTION('',(-1.,-1.5941887888E-24,-1.435917607039E-08));
#951 = DIRECTION('',(-1.435917607039E-08,-1.794896675733E-09,1.));
#952 = ORIENTED_EDGE('',*,*,#759,.T.);
#953 = ORIENTED_EDGE('',*,*,#954,.F.);
#954 = EDGE_CURVE('',#875,#752,#955,.T.);
#955 = LINE('',#956,#957);
#956 = CARTESIAN_POINT('',(21.599999820511,16.999999977564,
    -2.515000119274E-08));
#957 = VECTOR('',#958,1.);
#958 = DIRECTION('',(-1.435917607039E-08,-1.794896675733E-09,1.));
#959 = FACE_BOUND('',#960,.T.);
#960 = EDGE_LOOP('',(#961));
#961 = ORIENTED_EDGE('',*,*,#962,.T.);
#962 = EDGE_CURVE('',#963,#963,#965,.T.);
#963 = VERTEX_POINT('',#964);
#964 = CARTESIAN_POINT('',(21.599999982768,44.97499999784,
    -11.29999997491));
#965 = CIRCLE('',#966,2.8);
#966 = AXIS2_PLACEMENT_3D('',#967,#968,#969);
#967 = CARTESIAN_POINT('',(21.599999942564,44.97499999282,
    -8.499999974915));
#968 = DIRECTION('',(-1.,-1.5941887888E-24,-1.435917607039E-08));
#969 = DIRECTION('',(1.435917607039E-08,1.794896675733E-09,-1.));
#970 = FACE_BOUND('',#971,.T.);
#971 = EDGE_LOOP('',(#972));
#972 = ORIENTED_EDGE('',*,*,#973,.T.);
#973 = EDGE_CURVE('',#974,#974,#976,.T.);
#974 = VERTEX_POINT('',#975);
#975 = CARTESIAN_POINT('',(21.599999982768,36.474999997846,
    -11.29999999017));
#976 = CIRCLE('',#977,2.8);
#977 = AXIS2_PLACEMENT_3D('',#978,#979,#980);
#978 = CARTESIAN_POINT('',(21.599999942564,36.47499999282,
    -8.499999990172));
#979 = DIRECTION('',(-1.,-1.5941887888E-24,-1.435917607039E-08));
#980 = DIRECTION('',(1.435917607039E-08,1.794896675733E-09,-1.));
#981 = FACE_BOUND('',#982,.T.);
#982 = EDGE_LOOP('',(#983));
#983 = ORIENTED_EDGE('',*,*,#984,.T.);
#984 = EDGE_CURVE('',#985,#985,#987,.T.);
#985 = VERTEX_POINT('',#986);
#986 = CARTESIAN_POINT('',(21.600000212516,25.975000026564,-27.300000009
    ));
#987 = CIRCLE('',#988,2.8);
#988 = AXIS2_PLACEMENT_3D('',#989,#990,#991);
#989 = CARTESIAN_POINT('',(21.600000172311,25.975000021539,-24.500000009
    ));
#990 = DIRECTION('',(-1.,-1.5941887888E-24,-1.435917607039E-08));
#991 = DIRECTION('',(1.435917607039E-08,1.794896675733E-09,-1.));
#992 = PLANE('',#993);
#993 = AXIS2_PLACEMENT_3D('',#994,#995,#996);
#994 = CARTESIAN_POINT('',(21.599999849228,10.499999981154,
    -2.00000003682));
#995 = DIRECTION('',(1.,1.594188788799E-24,1.435917607039E-08));
#996 = DIRECTION('',(-1.435917607039E-08,-1.794896675733E-09,1.));
#997 = ADVANCED_FACE('',(#998),#1012,.T.);
#998 = FACE_BOUND('',#999,.T.);
#999 = EDGE_LOOP('',(#1000,#1006,#1007,#1008,#1009,#1010,#1011));
#1000 = ORIENTED_EDGE('',*,*,#1001,.F.);
#1001 = EDGE_CURVE('',#696,#873,#1002,.T.);
#1002 = LINE('',#1003,#1004);
#1003 = CARTESIAN_POINT('',(38.70000021913,12.100000027393,
    -27.76166213725));
#1004 = VECTOR('',#1005,1.);
#1005 = DIRECTION('',(1.,1.594188788799E-24,1.435917607039E-08));
#1006 = ORIENTED_EDGE('',*,*,#704,.F.);
#1007 = ORIENTED_EDGE('',*,*,#671,.F.);
#1008 = ORIENTED_EDGE('',*,*,#93,.T.);
#1009 = ORIENTED_EDGE('',*,*,#453,.T.);
#1010 = ORIENTED_EDGE('',*,*,#807,.F.);
#1011 = ORIENTED_EDGE('',*,*,#883,.F.);
#1012 = PLANE('',#1013);
#1013 = AXIS2_PLACEMENT_3D('',#1014,#1015,#1016);
#1014 = CARTESIAN_POINT('',(3.25000027498,14.344932823948,
    -31.65000029337));
#1015 = DIRECTION('',(7.179588057528E-09,-0.866025402887,-0.500000001554
    ));
#1016 = DIRECTION('',(1.243541124151E-08,0.500000001554,-0.866025402887)
  );
#1017 = ADVANCED_FACE('',(#1018),#1029,.F.);
#1018 = FACE_BOUND('',#1019,.F.);
#1019 = EDGE_LOOP('',(#1020,#1021,#1026,#1027,#1028));
#1020 = ORIENTED_EDGE('',*,*,#855,.T.);
#1021 = ORIENTED_EDGE('',*,*,#1022,.T.);
#1022 = EDGE_CURVE('',#856,#506,#1023,.T.);
#1023 = B_SPLINE_CURVE_WITH_KNOTS('',1,(#1024,#1025),.UNSPECIFIED.,.F.,
  .F.,(2,2),(0.,18.35),.PIECEWISE_BEZIER_KNOTS.);
#1024 = CARTESIAN_POINT('',(21.600000212516,44.97500002656,
    -27.2999999749));
#1025 = CARTESIAN_POINT('',(3.25000021252,44.97500002656,-27.30000023839
    ));
#1026 = ORIENTED_EDGE('',*,*,#514,.T.);
#1027 = ORIENTED_EDGE('',*,*,#503,.T.);
#1028 = ORIENTED_EDGE('',*,*,#1022,.F.);
#1029 = CYLINDRICAL_SURFACE('',#1030,2.8);
#1030 = AXIS2_PLACEMENT_3D('',#1031,#1032,#1033);
#1031 = CARTESIAN_POINT('',(21.600000172311,44.97500002153,
    -24.4999999749));
#1032 = DIRECTION('',(-1.,-1.594188788799E-24,-1.435917607039E-08));
#1033 = DIRECTION('',(1.435917607039E-08,1.794896675733E-09,-1.));
#1034 = ADVANCED_FACE('',(#1035),#1046,.F.);
#1035 = FACE_BOUND('',#1036,.F.);
#1036 = EDGE_LOOP('',(#1037,#1038,#1043,#1044,#1045));
#1037 = ORIENTED_EDGE('',*,*,#984,.T.);
#1038 = ORIENTED_EDGE('',*,*,#1039,.T.);
#1039 = EDGE_CURVE('',#985,#486,#1040,.T.);
#1040 = B_SPLINE_CURVE_WITH_KNOTS('',1,(#1041,#1042),.UNSPECIFIED.,.F.,
  .F.,(2,2),(0.,18.35),.PIECEWISE_BEZIER_KNOTS.);
#1041 = CARTESIAN_POINT('',(21.600000212516,25.975000026564,
    -27.300000009));
#1042 = CARTESIAN_POINT('',(3.25000021252,25.975000026564,
    -27.30000027249));
#1043 = ORIENTED_EDGE('',*,*,#494,.T.);
#1044 = ORIENTED_EDGE('',*,*,#483,.T.);
#1045 = ORIENTED_EDGE('',*,*,#1039,.F.);
#1046 = CYLINDRICAL_SURFACE('',#1047,2.8);
#1047 = AXIS2_PLACEMENT_3D('',#1048,#1049,#1050);
#1048 = CARTESIAN_POINT('',(21.600000172311,25.975000021539,
    -24.500000009));
#1049 = DIRECTION('',(-1.,-1.594188788799E-24,-1.435917607039E-08));
#1050 = DIRECTION('',(1.435917607039E-08,1.794896675733E-09,-1.));
#1051 = ADVANCED_FACE('',(#1052),#1063,.F.);
#1052 = FACE_BOUND('',#1053,.F.);
#1053 = EDGE_LOOP('',(#1054,#1055,#1060,#1061,#1062));
#1054 = ORIENTED_EDGE('',*,*,#962,.T.);
#1055 = ORIENTED_EDGE('',*,*,#1056,.T.);
#1056 = EDGE_CURVE('',#963,#466,#1057,.T.);
#1057 = B_SPLINE_CURVE_WITH_KNOTS('',1,(#1058,#1059),.UNSPECIFIED.,.F.,
  .F.,(2,2),(0.,18.35),.PIECEWISE_BEZIER_KNOTS.);
#1058 = CARTESIAN_POINT('',(21.599999982768,44.97499999784,
    -11.29999997491));
#1059 = CARTESIAN_POINT('',(3.24999998277,44.97499999784,-11.3000002384)
  );
#1060 = ORIENTED_EDGE('',*,*,#474,.T.);
#1061 = ORIENTED_EDGE('',*,*,#463,.T.);
#1062 = ORIENTED_EDGE('',*,*,#1056,.F.);
#1063 = CYLINDRICAL_SURFACE('',#1064,2.8);
#1064 = AXIS2_PLACEMENT_3D('',#1065,#1066,#1067);
#1065 = CARTESIAN_POINT('',(21.599999942564,44.97499999282,
    -8.499999974915));
#1066 = DIRECTION('',(-1.,-1.594188788799E-24,-1.435917607039E-08));
#1067 = DIRECTION('',(1.435917607039E-08,1.794896675733E-09,-1.));
#1068 = ADVANCED_FACE('',(#1069),#1080,.F.);
#1069 = FACE_BOUND('',#1070,.F.);
#1070 = EDGE_LOOP('',(#1071,#1072,#1077,#1078,#1079));
#1071 = ORIENTED_EDGE('',*,*,#973,.T.);
#1072 = ORIENTED_EDGE('',*,*,#1073,.T.);
#1073 = EDGE_CURVE('',#974,#526,#1074,.T.);
#1074 = B_SPLINE_CURVE_WITH_KNOTS('',1,(#1075,#1076),.UNSPECIFIED.,.F.,
  .F.,(2,2),(0.,18.35),.PIECEWISE_BEZIER_KNOTS.);
#1075 = CARTESIAN_POINT('',(21.599999982768,36.474999997846,
    -11.29999999017));
#1076 = CARTESIAN_POINT('',(3.24999998277,36.474999997846,
    -11.30000025366));
#1077 = ORIENTED_EDGE('',*,*,#534,.T.);
#1078 = ORIENTED_EDGE('',*,*,#523,.T.);
#1079 = ORIENTED_EDGE('',*,*,#1073,.F.);
#1080 = CYLINDRICAL_SURFACE('',#1081,2.8);
#1081 = AXIS2_PLACEMENT_3D('',#1082,#1083,#1084);
#1082 = CARTESIAN_POINT('',(21.599999942564,36.47499999282,
    -8.499999990172));
#1083 = DIRECTION('',(-1.,-1.594188788799E-24,-1.435917607039E-08));
#1084 = DIRECTION('',(1.435917607039E-08,1.794896675733E-09,-1.));
#1085 = ADVANCED_FACE('',(#1086),#1112,.F.);
#1086 = FACE_BOUND('',#1087,.F.);
#1087 = EDGE_LOOP('',(#1088,#1096,#1105,#1111));
#1088 = ORIENTED_EDGE('',*,*,#1089,.F.);
#1089 = EDGE_CURVE('',#1090,#907,#1092,.T.);
#1090 = VERTEX_POINT('',#1091);
#1091 = CARTESIAN_POINT('',(16.100000058155,16.750000007269,
    -16.55000010455));
#1092 = LINE('',#1093,#1094);
#1093 = CARTESIAN_POINT('',(16.100000058155,16.750000007269,
    -16.55000010455));
#1094 = VECTOR('',#1095,1.);
#1095 = DIRECTION('',(1.,1.594188788799E-24,1.435917607039E-08));
#1096 = ORIENTED_EDGE('',*,*,#1097,.T.);
#1097 = EDGE_CURVE('',#1090,#1098,#1100,.T.);
#1098 = VERTEX_POINT('',#1099);
#1099 = CARTESIAN_POINT('',(16.100000102668,19.850000012834,
    -19.65000009898));
#1100 = CIRCLE('',#1101,3.1);
#1101 = AXIS2_PLACEMENT_3D('',#1102,#1103,#1104);
#1102 = CARTESIAN_POINT('',(16.100000058155,19.850000007269,
    -16.55000009898));
#1103 = DIRECTION('',(1.,1.594188791882E-24,1.435917607039E-08));
#1104 = DIRECTION('',(-2.577323898919E-17,1.,1.794896675733E-09));
#1105 = ORIENTED_EDGE('',*,*,#1106,.T.);
#1106 = EDGE_CURVE('',#1098,#899,#1107,.T.);
#1107 = LINE('',#1108,#1109);
#1108 = CARTESIAN_POINT('',(16.100000102668,19.850000012834,
    -19.65000009898));
#1109 = VECTOR('',#1110,1.);
#1110 = DIRECTION('',(1.,1.594188788799E-24,1.435917607039E-08));
#1111 = ORIENTED_EDGE('',*,*,#906,.T.);
#1112 = CYLINDRICAL_SURFACE('',#1113,3.1);
#1113 = AXIS2_PLACEMENT_3D('',#1114,#1115,#1116);
#1114 = CARTESIAN_POINT('',(16.100000058155,19.850000007269,
    -16.55000009898));
#1115 = DIRECTION('',(1.,1.594188788799E-24,1.435917607039E-08));
#1116 = DIRECTION('',(-1.435917607039E-08,-1.794896675733E-09,1.));
#1117 = ADVANCED_FACE('',(#1118),#1136,.T.);
#1118 = FACE_BOUND('',#1119,.T.);
#1119 = EDGE_LOOP('',(#1120,#1121,#1122,#1130));
#1120 = ORIENTED_EDGE('',*,*,#915,.F.);
#1121 = ORIENTED_EDGE('',*,*,#1089,.F.);
#1122 = ORIENTED_EDGE('',*,*,#1123,.F.);
#1123 = EDGE_CURVE('',#1124,#1090,#1126,.T.);
#1124 = VERTEX_POINT('',#1125);
#1125 = CARTESIAN_POINT('',(16.100000044513,16.750000005564,
    -15.60000010455));
#1126 = LINE('',#1127,#1128);
#1127 = CARTESIAN_POINT('',(16.100000044513,16.750000005564,
    -15.60000010455));
#1128 = VECTOR('',#1129,1.);
#1129 = DIRECTION('',(1.435917607039E-08,1.794893023684E-09,-1.));
#1130 = ORIENTED_EDGE('',*,*,#1131,.T.);
#1131 = EDGE_CURVE('',#1124,#916,#1132,.T.);
#1132 = LINE('',#1133,#1134);
#1133 = CARTESIAN_POINT('',(16.100000044513,16.750000005564,
    -15.60000010455));
#1134 = VECTOR('',#1135,1.);
#1135 = DIRECTION('',(1.,1.594188788799E-24,1.435917607039E-08));
#1136 = PLANE('',#1137);
#1137 = AXIS2_PLACEMENT_3D('',#1138,#1139,#1140);
#1138 = CARTESIAN_POINT('',(16.100000044513,16.750000005564,
    -15.60000010455));
#1139 = DIRECTION('',(-2.57731865488E-17,1.,1.794893023684E-09));
#1140 = DIRECTION('',(-1.435917607039E-08,-1.794893023684E-09,1.));
#1141 = ADVANCED_FACE('',(#1142),#1161,.F.);
#1142 = FACE_BOUND('',#1143,.F.);
#1143 = EDGE_LOOP('',(#1144,#1152,#1159,#1160));
#1144 = ORIENTED_EDGE('',*,*,#1145,.F.);
#1145 = EDGE_CURVE('',#1146,#924,#1148,.T.);
#1146 = VERTEX_POINT('',#1147);
#1147 = CARTESIAN_POINT('',(16.1,19.85,-12.50000009898));
#1148 = LINE('',#1149,#1150);
#1149 = CARTESIAN_POINT('',(16.1,19.85,-12.50000009898));
#1150 = VECTOR('',#1151,1.);
#1151 = DIRECTION('',(1.,1.594188788799E-24,1.435917607039E-08));
#1152 = ORIENTED_EDGE('',*,*,#1153,.T.);
#1153 = EDGE_CURVE('',#1146,#1124,#1154,.T.);
#1154 = CIRCLE('',#1155,3.1);
#1155 = AXIS2_PLACEMENT_3D('',#1156,#1157,#1158);
#1156 = CARTESIAN_POINT('',(16.100000044513,19.850000005564,
    -15.60000009898));
#1157 = DIRECTION('',(1.,1.594188791882E-24,1.435917607039E-08));
#1158 = DIRECTION('',(-2.577323898919E-17,1.,1.794896675733E-09));
#1159 = ORIENTED_EDGE('',*,*,#1131,.T.);
#1160 = ORIENTED_EDGE('',*,*,#923,.T.);
#1161 = CYLINDRICAL_SURFACE('',#1162,3.1);
#1162 = AXIS2_PLACEMENT_3D('',#1163,#1164,#1165);
#1163 = CARTESIAN_POINT('',(16.100000044513,19.850000005564,
    -15.60000009898));
#1164 = DIRECTION('',(1.,1.594188788799E-24,1.435917607039E-08));
#1165 = DIRECTION('',(-1.435917607039E-08,-1.794896675733E-09,1.));
#1166 = ADVANCED_FACE('',(#1167),#1178,.F.);
#1167 = FACE_BOUND('',#1168,.T.);
#1168 = EDGE_LOOP('',(#1169,#1170,#1171,#1172));
#1169 = ORIENTED_EDGE('',*,*,#616,.T.);
#1170 = ORIENTED_EDGE('',*,*,#932,.T.);
#1171 = ORIENTED_EDGE('',*,*,#1145,.F.);
#1172 = ORIENTED_EDGE('',*,*,#1173,.T.);
#1173 = EDGE_CURVE('',#1146,#617,#1174,.T.);
#1174 = LINE('',#1175,#1176);
#1175 = CARTESIAN_POINT('',(16.1,19.85,-12.50000009898));
#1176 = VECTOR('',#1177,1.);
#1177 = DIRECTION('',(-2.57732389892E-17,1.,1.794896675733E-09));
#1178 = PLANE('',#1179);
#1179 = AXIS2_PLACEMENT_3D('',#1180,#1181,#1182);
#1180 = CARTESIAN_POINT('',(16.1,19.85,-12.50000009898));
#1181 = DIRECTION('',(-1.435917607039E-08,-1.794896675733E-09,1.));
#1182 = DIRECTION('',(-1.,-1.594188788799E-24,-1.435917607039E-08));
#1183 = ADVANCED_FACE('',(#1184),#1202,.T.);
#1184 = FACE_BOUND('',#1185,.T.);
#1185 = EDGE_LOOP('',(#1186,#1187,#1188,#1196));
#1186 = ORIENTED_EDGE('',*,*,#847,.F.);
#1187 = ORIENTED_EDGE('',*,*,#632,.F.);
#1188 = ORIENTED_EDGE('',*,*,#1189,.F.);
#1189 = EDGE_CURVE('',#1190,#625,#1192,.T.);
#1190 = VERTEX_POINT('',#1191);
#1191 = CARTESIAN_POINT('',(16.100000102668,40.100000012834,
    -19.65000006264));
#1192 = LINE('',#1193,#1194);
#1193 = CARTESIAN_POINT('',(16.100000102668,43.10000001283,
    -19.65000005725));
#1194 = VECTOR('',#1195,1.);
#1195 = DIRECTION('',(-2.57732389892E-17,1.,1.794896675733E-09));
#1196 = ORIENTED_EDGE('',*,*,#1197,.F.);
#1197 = EDGE_CURVE('',#838,#1190,#1198,.T.);
#1198 = LINE('',#1199,#1200);
#1199 = CARTESIAN_POINT('',(16.100000102668,40.100000012834,
    -19.65000006264));
#1200 = VECTOR('',#1201,1.);
#1201 = DIRECTION('',(-1.,-1.594188788799E-24,-1.435917607039E-08));
#1202 = PLANE('',#1203);
#1203 = AXIS2_PLACEMENT_3D('',#1204,#1205,#1206);
#1204 = CARTESIAN_POINT('',(16.100000102668,43.10000001283,
    -19.65000005725));
#1205 = DIRECTION('',(-1.435917607039E-08,-1.794896675733E-09,1.));
#1206 = DIRECTION('',(-1.,-1.594188788799E-24,-1.435917607039E-08));
#1207 = ADVANCED_FACE('',(#1208),#1219,.T.);
#1208 = FACE_BOUND('',#1209,.T.);
#1209 = EDGE_LOOP('',(#1210,#1216,#1217,#1218));
#1210 = ORIENTED_EDGE('',*,*,#1211,.F.);
#1211 = EDGE_CURVE('',#784,#1190,#1212,.T.);
#1212 = LINE('',#1213,#1214);
#1213 = CARTESIAN_POINT('',(16.100000292209,40.100000036526,
    -32.85000006263));
#1214 = VECTOR('',#1215,1.);
#1215 = DIRECTION('',(-1.435917607039E-08,-1.79489599545E-09,1.));
#1216 = ORIENTED_EDGE('',*,*,#823,.F.);
#1217 = ORIENTED_EDGE('',*,*,#837,.F.);
#1218 = ORIENTED_EDGE('',*,*,#1197,.T.);
#1219 = PLANE('',#1220);
#1220 = AXIS2_PLACEMENT_3D('',#1221,#1222,#1223);
#1221 = CARTESIAN_POINT('',(16.100000292209,40.100000036526,
    -32.85000006263));
#1222 = DIRECTION('',(2.57732292209E-17,-1.,-1.79489599545E-09));
#1223 = DIRECTION('',(1.435917607039E-08,1.79489599545E-09,-1.));
#1224 = ADVANCED_FACE('',(#1225),#1243,.T.);
#1225 = FACE_BOUND('',#1226,.T.);
#1226 = EDGE_LOOP('',(#1227,#1228,#1229,#1237));
#1227 = ORIENTED_EDGE('',*,*,#890,.F.);
#1228 = ORIENTED_EDGE('',*,*,#791,.F.);
#1229 = ORIENTED_EDGE('',*,*,#1230,.F.);
#1230 = EDGE_CURVE('',#1231,#782,#1233,.T.);
#1231 = VERTEX_POINT('',#1232);
#1232 = CARTESIAN_POINT('',(16.100000102668,31.000000012834,
    -19.65000007897));
#1233 = LINE('',#1234,#1235);
#1234 = CARTESIAN_POINT('',(16.100000145746,31.000000018218,
    -22.65000007897));
#1235 = VECTOR('',#1236,1.);
#1236 = DIRECTION('',(1.435917607039E-08,1.794895315166E-09,-1.));
#1237 = ORIENTED_EDGE('',*,*,#1238,.F.);
#1238 = EDGE_CURVE('',#891,#1231,#1239,.T.);
#1239 = LINE('',#1240,#1241);
#1240 = CARTESIAN_POINT('',(16.100000102668,31.000000012834,
    -19.65000007897));
#1241 = VECTOR('',#1242,1.);
#1242 = DIRECTION('',(-1.,-1.594188788799E-24,-1.435917607039E-08));
#1243 = PLANE('',#1244);
#1244 = AXIS2_PLACEMENT_3D('',#1245,#1246,#1247);
#1245 = CARTESIAN_POINT('',(16.100000145746,31.000000018218,
    -22.65000007897));
#1246 = DIRECTION('',(-2.577321945258E-17,1.,1.794895315166E-09));
#1247 = DIRECTION('',(-1.435917607039E-08,-1.794895315166E-09,1.));
#1248 = ADVANCED_FACE('',(#1249),#1260,.T.);
#1249 = FACE_BOUND('',#1250,.T.);
#1250 = EDGE_LOOP('',(#1251,#1252,#1253,#1259));
#1251 = ORIENTED_EDGE('',*,*,#898,.F.);
#1252 = ORIENTED_EDGE('',*,*,#1238,.T.);
#1253 = ORIENTED_EDGE('',*,*,#1254,.F.);
#1254 = EDGE_CURVE('',#1098,#1231,#1255,.T.);
#1255 = LINE('',#1256,#1257);
#1256 = CARTESIAN_POINT('',(16.100000102668,21.000000012834,
    -19.65000009692));
#1257 = VECTOR('',#1258,1.);
#1258 = DIRECTION('',(-2.577321763848E-17,1.,1.794895188828E-09));
#1259 = ORIENTED_EDGE('',*,*,#1106,.T.);
#1260 = PLANE('',#1261);
#1261 = AXIS2_PLACEMENT_3D('',#1262,#1263,#1264);
#1262 = CARTESIAN_POINT('',(16.100000102668,21.000000012834,
    -19.65000009692));
#1263 = DIRECTION('',(-1.435917607039E-08,-1.794895188828E-09,1.));
#1264 = DIRECTION('',(2.577321763848E-17,-1.,-1.794895188828E-09));
#1265 = ADVANCED_FACE('',(#1266),#1278,.F.);
#1266 = FACE_BOUND('',#1267,.T.);
#1267 = EDGE_LOOP('',(#1268,#1269,#1270,#1271,#1272,#1273,#1274,#1275,
    #1276,#1277));
#1268 = ORIENTED_EDGE('',*,*,#624,.T.);
#1269 = ORIENTED_EDGE('',*,*,#1173,.F.);
#1270 = ORIENTED_EDGE('',*,*,#1153,.T.);
#1271 = ORIENTED_EDGE('',*,*,#1123,.T.);
#1272 = ORIENTED_EDGE('',*,*,#1097,.T.);
#1273 = ORIENTED_EDGE('',*,*,#1254,.T.);
#1274 = ORIENTED_EDGE('',*,*,#1230,.T.);
#1275 = ORIENTED_EDGE('',*,*,#781,.T.);
#1276 = ORIENTED_EDGE('',*,*,#1211,.T.);
#1277 = ORIENTED_EDGE('',*,*,#1189,.T.);
#1278 = PLANE('',#1279);
#1279 = AXIS2_PLACEMENT_3D('',#1280,#1281,#1282);
#1280 = CARTESIAN_POINT('',(16.100000058155,19.850000007269,
    -16.55000009898));
#1281 = DIRECTION('',(-1.,-1.594188788799E-24,-1.435917607039E-08));
#1282 = DIRECTION('',(1.435917607039E-08,1.794896675733E-09,-1.));
#1283 = ADVANCED_FACE('',(#1284),#1313,.F.);
#1284 = FACE_BOUND('',#1285,.F.);
#1285 = EDGE_LOOP('',(#1286,#1287,#1288,#1289,#1290,#1297,#1298,#1307));
#1286 = ORIENTED_EDGE('',*,*,#872,.F.);
#1287 = ORIENTED_EDGE('',*,*,#1001,.F.);
#1288 = ORIENTED_EDGE('',*,*,#695,.F.);
#1289 = ORIENTED_EDGE('',*,*,#236,.F.);
#1290 = ORIENTED_EDGE('',*,*,#1291,.F.);
#1291 = EDGE_CURVE('',#345,#237,#1292,.T.);
#1292 = CIRCLE('',#1293,81.093866976841);
#1293 = AXIS2_PLACEMENT_3D('',#1294,#1295,#1296);
#1294 = CARTESIAN_POINT('',(7.69999982052,-64.09386699927,
    -3.702799933336E-07));
#1295 = DIRECTION('',(-1.,-1.5941887888E-24,-1.435917607039E-08));
#1296 = DIRECTION('',(-1.435917607039E-08,-1.794896675733E-09,1.));
#1297 = ORIENTED_EDGE('',*,*,#352,.F.);
#1298 = ORIENTED_EDGE('',*,*,#1299,.F.);
#1299 = EDGE_CURVE('',#1300,#353,#1302,.T.);
#1300 = VERTEX_POINT('',#1301);
#1301 = CARTESIAN_POINT('',(6.44999982052,16.999999977564,
    -2.426900014285E-07));
#1302 = CIRCLE('',#1303,81.093866976841);
#1303 = AXIS2_PLACEMENT_3D('',#1304,#1305,#1306);
#1304 = CARTESIAN_POINT('',(6.44999982052,-64.09386699927,
    -3.882399930433E-07));
#1305 = DIRECTION('',(-1.,-1.5941887888E-24,-1.435917607039E-08));
#1306 = DIRECTION('',(1.435917607039E-08,1.794896675733E-09,-1.));
#1307 = ORIENTED_EDGE('',*,*,#1308,.F.);
#1308 = EDGE_CURVE('',#875,#1300,#1309,.T.);
#1309 = LINE('',#1310,#1311);
#1310 = CARTESIAN_POINT('',(38.69999982049,16.999999977564,
    2.203999986961E-07));
#1311 = VECTOR('',#1312,1.);
#1312 = DIRECTION('',(-1.,-1.594188788799E-24,-1.435917607039E-08));
#1313 = CYLINDRICAL_SURFACE('',#1314,81.093866976841);
#1314 = AXIS2_PLACEMENT_3D('',#1315,#1316,#1317);
#1315 = CARTESIAN_POINT('',(38.69999982049,-64.09386699927,
    7.484000796865E-08));
#1316 = DIRECTION('',(-1.,-1.594188788799E-24,-1.435917607039E-08));
#1317 = DIRECTION('',(1.435917607039E-08,1.794896675733E-09,-1.));
#1318 = ADVANCED_FACE('',(#1319),#1330,.F.);
#1319 = FACE_BOUND('',#1320,.T.);
#1320 = EDGE_LOOP('',(#1321,#1322,#1328,#1329));
#1321 = ORIENTED_EDGE('',*,*,#751,.T.);
#1322 = ORIENTED_EDGE('',*,*,#1323,.T.);
#1323 = EDGE_CURVE('',#743,#1300,#1324,.T.);
#1324 = LINE('',#1325,#1326);
#1325 = CARTESIAN_POINT('',(6.44999982052,16.999999977564,
    -2.426900014285E-07));
#1326 = VECTOR('',#1327,1.);
#1327 = DIRECTION('',(1.435917607039E-08,1.794896675733E-09,-1.));
#1328 = ORIENTED_EDGE('',*,*,#1308,.F.);
#1329 = ORIENTED_EDGE('',*,*,#954,.T.);
#1330 = PLANE('',#1331);
#1331 = AXIS2_PLACEMENT_3D('',#1332,#1333,#1334);
#1332 = CARTESIAN_POINT('',(38.69999982049,16.999999977564,
    2.203999986961E-07));
#1333 = DIRECTION('',(-2.57732389892E-17,1.,1.794896675733E-09));
#1334 = DIRECTION('',(-1.435917607039E-08,-1.794896675733E-09,1.));
#1335 = ADVANCED_FACE('',(#1336),#1356,.F.);
#1336 = FACE_BOUND('',#1337,.T.);
#1337 = EDGE_LOOP('',(#1338,#1347,#1353,#1354,#1355));
#1338 = ORIENTED_EDGE('',*,*,#1339,.T.);
#1339 = EDGE_CURVE('',#361,#1340,#1342,.T.);
#1340 = VERTEX_POINT('',#1341);
#1341 = CARTESIAN_POINT('',(5.74999982052,16.299999977564,
    -2.539800014745E-07));
#1342 = CIRCLE('',#1343,80.393866976841);
#1343 = AXIS2_PLACEMENT_3D('',#1344,#1345,#1346);
#1344 = CARTESIAN_POINT('',(5.74999982052,-64.09386699927,
    -3.982799920976E-07));
#1345 = DIRECTION('',(1.,1.5941887888E-24,1.435917607039E-08));
#1346 = DIRECTION('',(1.435917607039E-08,1.794896675733E-09,-1.));
#1347 = ORIENTED_EDGE('',*,*,#1348,.T.);
#1348 = EDGE_CURVE('',#1340,#735,#1349,.T.);
#1349 = LINE('',#1350,#1351);
#1350 = CARTESIAN_POINT('',(5.74999982052,16.299999977564,
    -2.539800014745E-07));
#1351 = VECTOR('',#1352,1.);
#1352 = DIRECTION('',(-1.435917607039E-08,-1.794896675733E-09,1.));
#1353 = ORIENTED_EDGE('',*,*,#734,.T.);
#1354 = ORIENTED_EDGE('',*,*,#149,.T.);
#1355 = ORIENTED_EDGE('',*,*,#381,.T.);
#1356 = PLANE('',#1357);
#1357 = AXIS2_PLACEMENT_3D('',#1358,#1359,#1360);
#1358 = CARTESIAN_POINT('',(5.74999982052,-64.09386699927,
    -3.982799920976E-07));
#1359 = DIRECTION('',(-1.,-1.594188788799E-24,-1.435917607039E-08));
#1360 = DIRECTION('',(1.435917607039E-08,1.794896675733E-09,-1.));
#1361 = ADVANCED_FACE('',(#1362),#1374,.F.);
#1362 = FACE_BOUND('',#1363,.F.);
#1363 = EDGE_LOOP('',(#1364,#1365,#1372,#1373));
#1364 = ORIENTED_EDGE('',*,*,#1323,.T.);
#1365 = ORIENTED_EDGE('',*,*,#1366,.T.);
#1366 = EDGE_CURVE('',#1300,#1340,#1367,.T.);
#1367 = CIRCLE('',#1368,0.7);
#1368 = AXIS2_PLACEMENT_3D('',#1369,#1370,#1371);
#1369 = CARTESIAN_POINT('',(6.44999982052,16.299999977564,
    -2.439400024201E-07));
#1370 = DIRECTION('',(-1.435917607039E-08,-1.794896675733E-09,1.));
#1371 = DIRECTION('',(1.,1.594188788799E-24,1.435917607039E-08));
#1372 = ORIENTED_EDGE('',*,*,#1348,.T.);
#1373 = ORIENTED_EDGE('',*,*,#742,.F.);
#1374 = CYLINDRICAL_SURFACE('',#1375,0.7);
#1375 = AXIS2_PLACEMENT_3D('',#1376,#1377,#1378);
#1376 = CARTESIAN_POINT('',(6.44999982052,16.299999977564,
    -2.439400024201E-07));
#1377 = DIRECTION('',(-1.435917607039E-08,-1.794896675733E-09,1.));
#1378 = DIRECTION('',(-1.,-1.594188788799E-24,-1.435917607039E-08));
#1379 = ADVANCED_FACE('',(#1380),#1386,.F.);
#1380 = FACE_BOUND('',#1381,.F.);
#1381 = EDGE_LOOP('',(#1382,#1383,#1384,#1385));
#1382 = ORIENTED_EDGE('',*,*,#360,.F.);
#1383 = ORIENTED_EDGE('',*,*,#1339,.T.);
#1384 = ORIENTED_EDGE('',*,*,#1366,.F.);
#1385 = ORIENTED_EDGE('',*,*,#1299,.T.);
#1386 = TOROIDAL_SURFACE('',#1387,80.393866976841,0.7);
#1387 = AXIS2_PLACEMENT_3D('',#1388,#1389,#1390);
#1388 = CARTESIAN_POINT('',(6.44999982052,-64.09386699927,
    -3.882399930433E-07));
#1389 = DIRECTION('',(-1.,-1.594188788799E-24,-1.435917607039E-08));
#1390 = DIRECTION('',(1.435917607039E-08,1.794896675733E-09,-1.));
#1391 = ADVANCED_FACE('',(#1392),#1408,.T.);
#1392 = FACE_BOUND('',#1393,.T.);
#1393 = EDGE_LOOP('',(#1394,#1403,#1404,#1405,#1406,#1407));
#1394 = ORIENTED_EDGE('',*,*,#1395,.F.);
#1395 = EDGE_CURVE('',#550,#561,#1396,.T.);
#1396 = B_SPLINE_CURVE_WITH_KNOTS('',3,(#1397,#1398,#1399,#1400,#1401,
    #1402),.UNSPECIFIED.,.F.,.F.,(4,2,4),(0.,0.5,1.),.UNSPECIFIED.);
#1397 = CARTESIAN_POINT('',(8.18672956186,24.5244246779,7.54999979576));
#1398 = CARTESIAN_POINT('',(9.046015323,23.094944975778,7.54999980553));
#1399 = CARTESIAN_POINT('',(10.63930635879,22.186950818039,7.27297345472
    ));
#1400 = CARTESIAN_POINT('',(13.963288099133,22.187857498709,
    7.27319143038));
#1401 = CARTESIAN_POINT('',(15.553906586823,23.09481602539,7.54999989898
    ));
#1402 = CARTESIAN_POINT('',(16.413269862343,24.5244246779,7.54999991389)
  );
#1403 = ORIENTED_EDGE('',*,*,#592,.F.);
#1404 = ORIENTED_EDGE('',*,*,#412,.F.);
#1405 = ORIENTED_EDGE('',*,*,#767,.F.);
#1406 = ORIENTED_EDGE('',*,*,#946,.T.);
#1407 = ORIENTED_EDGE('',*,*,#569,.F.);
#1408 = CYLINDRICAL_SURFACE('',#1409,10.);
#1409 = AXIS2_PLACEMENT_3D('',#1410,#1411,#1412);
#1410 = CARTESIAN_POINT('',(3.2499998557,24.524424695849,-2.45000027513)
  );
#1411 = DIRECTION('',(1.,1.594188788799E-24,1.435917607039E-08));
#1412 = DIRECTION('',(-1.435917607039E-08,-1.794896675733E-09,1.));
#1413 = ADVANCED_FACE('',(#1414),#1420,.T.);
#1414 = FACE_BOUND('',#1415,.T.);
#1415 = EDGE_LOOP('',(#1416,#1417,#1418,#1419));
#1416 = ORIENTED_EDGE('',*,*,#585,.F.);
#1417 = ORIENTED_EDGE('',*,*,#939,.F.);
#1418 = ORIENTED_EDGE('',*,*,#655,.F.);
#1419 = ORIENTED_EDGE('',*,*,#429,.T.);
#1420 = PLANE('',#1421);
#1421 = AXIS2_PLACEMENT_3D('',#1422,#1423,#1424);
#1422 = CARTESIAN_POINT('',(23.852499760852,45.45477269158,4.15477277976
    ));
#1423 = DIRECTION('',(-1.015347078987E-08,0.707106779917,0.707106782456)
  );
#1424 = DIRECTION('',(-1.015347075341E-08,-0.707106782456,0.707106779917
    ));
#1425 = ADVANCED_FACE('',(#1426),#1438,.F.);
#1426 = FACE_BOUND('',#1427,.F.);
#1427 = EDGE_LOOP('',(#1428,#1429,#1434,#1435,#1436,#1437));
#1428 = ORIENTED_EDGE('',*,*,#549,.T.);
#1429 = ORIENTED_EDGE('',*,*,#1430,.T.);
#1430 = EDGE_CURVE('',#552,#51,#1431,.T.);
#1431 = B_SPLINE_CURVE_WITH_KNOTS('',1,(#1432,#1433),.UNSPECIFIED.,.F.,
  .F.,(2,2),(-6.66761969356,-4.8),.PIECEWISE_BEZIER_KNOTS.);
#1432 = CARTESIAN_POINT('',(12.299999712099,31.802925776647,
    7.54999986789));
#1433 = CARTESIAN_POINT('',(12.2999997389,31.73774679266,5.68351787766)
  );
#1434 = ORIENTED_EDGE('',*,*,#50,.F.);
#1435 = ORIENTED_EDGE('',*,*,#1430,.F.);
#1436 = ORIENTED_EDGE('',*,*,#560,.T.);
#1437 = ORIENTED_EDGE('',*,*,#1395,.F.);
#1438 = CYLINDRICAL_SURFACE('',#1439,4.8);
#1439 = AXIS2_PLACEMENT_3D('',#1440,#1441,#1442);
#1440 = CARTESIAN_POINT('',(12.299999805376,26.773153247106,
    1.05395948323));
#1441 = DIRECTION('',(1.435042884918E-08,-3.489949490857E-02,
    -0.999390827082));
#1442 = DIRECTION('',(5.011279921606E-10,0.999390827082,
    -3.489949490857E-02));
#1443 = ADVANCED_FACE('',(#1444),#1455,.F.);
#1444 = FACE_BOUND('',#1445,.T.);
#1445 = EDGE_LOOP('',(#1446,#1447,#1448,#1449));
#1446 = ORIENTED_EDGE('',*,*,#244,.F.);
#1447 = ORIENTED_EDGE('',*,*,#1291,.F.);
#1448 = ORIENTED_EDGE('',*,*,#344,.T.);
#1449 = ORIENTED_EDGE('',*,*,#1450,.T.);
#1450 = EDGE_CURVE('',#337,#245,#1451,.T.);
#1451 = LINE('',#1452,#1453);
#1452 = CARTESIAN_POINT('',(7.69999995257,30.207573786922,
    -9.196384910799));
#1453 = VECTOR('',#1454,1.);
#1454 = DIRECTION('',(1.380292593458E-08,0.275637357542,-0.961261695444)
  );
#1455 = PLANE('',#1456);
#1456 = AXIS2_PLACEMENT_3D('',#1457,#1458,#1459);
#1457 = CARTESIAN_POINT('',(7.69999995836,28.799999994795,
    -9.600000203541));
#1458 = DIRECTION('',(1.,1.594188788799E-24,1.435917607039E-08));
#1459 = DIRECTION('',(2.577323898919E-17,-1.,-1.794896675733E-09));
#1460 = ADVANCED_FACE('',(#1461),#1497,.T.);
#1461 = FACE_BOUND('',#1462,.T.);
#1462 = EDGE_LOOP('',(#1463,#1464,#1465,#1466,#1474,#1480,#1481,#1482,
    #1483,#1491));
#1463 = ORIENTED_EDGE('',*,*,#252,.F.);
#1464 = ORIENTED_EDGE('',*,*,#1450,.F.);
#1465 = ORIENTED_EDGE('',*,*,#336,.F.);
#1466 = ORIENTED_EDGE('',*,*,#1467,.F.);
#1467 = EDGE_CURVE('',#1468,#329,#1470,.T.);
#1468 = VERTEX_POINT('',#1469);
#1469 = CARTESIAN_POINT('',(4.4999998624,28.406954522608,-2.916879369063
    ));
#1470 = LINE('',#1471,#1472);
#1471 = CARTESIAN_POINT('',(3.51735888373,28.232969392993,-2.31012113326
    ));
#1472 = VECTOR('',#1473,1.);
#1473 = DIRECTION('',(0.841368301507,0.148971573716,-0.519525602299));
#1474 = ORIENTED_EDGE('',*,*,#1475,.F.);
#1475 = EDGE_CURVE('',#298,#1468,#1476,.T.);
#1476 = LINE('',#1477,#1478);
#1477 = CARTESIAN_POINT('',(3.4297290838,28.596455273627,-3.577747036175
    ));
#1478 = VECTOR('',#1479,1.);
#1479 = DIRECTION('',(0.841368286587,-0.148971573716,0.519525626461));
#1480 = ORIENTED_EDGE('',*,*,#314,.F.);
#1481 = ORIENTED_EDGE('',*,*,#396,.T.);
#1482 = ORIENTED_EDGE('',*,*,#274,.F.);
#1483 = ORIENTED_EDGE('',*,*,#1484,.T.);
#1484 = EDGE_CURVE('',#267,#1485,#1487,.T.);
#1485 = VERTEX_POINT('',#1486);
#1486 = CARTESIAN_POINT('',(4.49999998792,30.913469402616,
    -11.65813550609));
#1487 = LINE('',#1488,#1489);
#1488 = CARTESIAN_POINT('',(-3.20751162799,29.548787452033,
    -6.89892410329));
#1489 = VECTOR('',#1490,1.);
#1490 = DIRECTION('',(0.841368301507,0.148971573716,-0.519525602299));
#1491 = ORIENTED_EDGE('',*,*,#1492,.F.);
#1492 = EDGE_CURVE('',#196,#1485,#1493,.T.);
#1493 = LINE('',#1494,#1495);
#1494 = CARTESIAN_POINT('',(-4.56617531286,32.518714601034,
    -17.25629088922));
#1495 = VECTOR('',#1496,1.);
#1496 = DIRECTION('',(-0.841368286587,0.148971573716,-0.519525626461));
#1497 = PLANE('',#1498);
#1498 = AXIS2_PLACEMENT_3D('',#1499,#1500,#1501);
#1499 = CARTESIAN_POINT('',(5.74999999612,31.077363490743,
    -12.22970209446));
#1500 = DIRECTION('',(3.957925348511E-09,-0.961261695444,-0.275637357542
    ));
#1501 = DIRECTION('',(1.380292593458E-08,0.275637357542,-0.961261695444)
  );
#1502 = ADVANCED_FACE('',(#1503),#1514,.T.);
#1503 = FACE_BOUND('',#1504,.T.);
#1504 = EDGE_LOOP('',(#1505,#1506,#1507,#1513));
#1505 = ORIENTED_EDGE('',*,*,#328,.T.);
#1506 = ORIENTED_EDGE('',*,*,#131,.F.);
#1507 = ORIENTED_EDGE('',*,*,#1508,.F.);
#1508 = EDGE_CURVE('',#1468,#132,#1509,.T.);
#1509 = LINE('',#1510,#1511);
#1510 = CARTESIAN_POINT('',(4.49999978134,-3.607421284485,2.728118797));
#1511 = VECTOR('',#1512,1.);
#1512 = DIRECTION('',(-2.493445645444E-09,-0.984807753324,0.173648175899
    ));
#1513 = ORIENTED_EDGE('',*,*,#1467,.T.);
#1514 = PLANE('',#1515);
#1515 = AXIS2_PLACEMENT_3D('',#1516,#1517,#1518);
#1516 = CARTESIAN_POINT('',(-4.01025432598,-2.754218778154,7.5668705882)
  );
#1517 = DIRECTION('',(-0.499999987754,-0.15038373165,-0.852868539402));
#1518 = DIRECTION('',(0.862642111234,4.805687245247E-04,-0.505814548012)
  );
#1519 = ADVANCED_FACE('',(#1520),#1526,.T.);
#1520 = FACE_BOUND('',#1521,.T.);
#1521 = EDGE_LOOP('',(#1522,#1523,#1524,#1525));
#1522 = ORIENTED_EDGE('',*,*,#181,.F.);
#1523 = ORIENTED_EDGE('',*,*,#297,.T.);
#1524 = ORIENTED_EDGE('',*,*,#1475,.T.);
#1525 = ORIENTED_EDGE('',*,*,#1508,.T.);
#1526 = PLANE('',#1527);
#1527 = AXIS2_PLACEMENT_3D('',#1528,#1529,#1530);
#1528 = CARTESIAN_POINT('',(-7.7743557715,-4.868091970113,
    -4.245515930979));
#1529 = DIRECTION('',(0.500000012247,-0.15038373165,-0.852868525042));
#1530 = DIRECTION('',(0.862642096707,-4.805687247479E-04,0.505814572786)
  );
#1531 = ADVANCED_FACE('',(#1532),#1543,.T.);
#1532 = FACE_BOUND('',#1533,.T.);
#1533 = EDGE_LOOP('',(#1534,#1535,#1536,#1537));
#1534 = ORIENTED_EDGE('',*,*,#117,.F.);
#1535 = ORIENTED_EDGE('',*,*,#195,.T.);
#1536 = ORIENTED_EDGE('',*,*,#1492,.T.);
#1537 = ORIENTED_EDGE('',*,*,#1538,.T.);
#1538 = EDGE_CURVE('',#1485,#68,#1539,.T.);
#1539 = LINE('',#1540,#1541);
#1540 = CARTESIAN_POINT('',(4.49999999552,33.918195801021,
    -12.18794983421));
#1541 = VECTOR('',#1542,1.);
#1542 = DIRECTION('',(-2.493445180728E-09,-0.984807753324,0.173648175899
    ));
#1543 = PLANE('',#1544);
#1544 = AXIS2_PLACEMENT_3D('',#1545,#1546,#1547);
#1545 = CARTESIAN_POINT('',(-4.23525396833,34.094990524495,-17.340225959
    ));
#1546 = DIRECTION('',(-0.500000012247,0.15038373165,0.852868525042));
#1547 = DIRECTION('',(-0.865459508659,-5.117182842485E-02,
    -0.498358588616));
#1548 = ADVANCED_FACE('',(#1549),#1555,.T.);
#1549 = FACE_BOUND('',#1550,.T.);
#1550 = EDGE_LOOP('',(#1551,#1552,#1553,#1554));
#1551 = ORIENTED_EDGE('',*,*,#266,.T.);
#1552 = ORIENTED_EDGE('',*,*,#67,.F.);
#1553 = ORIENTED_EDGE('',*,*,#1538,.F.);
#1554 = ORIENTED_EDGE('',*,*,#1484,.F.);
#1555 = PLANE('',#1556);
#1556 = AXIS2_PLACEMENT_3D('',#1557,#1558,#1559);
#1557 = CARTESIAN_POINT('',(-4.31025411425,34.801475053682,
    -7.178624340882));
#1558 = DIRECTION('',(0.499999987754,0.15038373165,0.852868539402));
#1559 = DIRECTION('',(-0.865459522971,5.117182842494E-02,0.498358563761)
  );
#1560 = ADVANCED_FACE('',(#1561),#1587,.T.);
#1561 = FACE_BOUND('',#1562,.T.);
#1562 = EDGE_LOOP('',(#1563,#1572,#1577,#1578,#1585,#1586));
#1563 = ORIENTED_EDGE('',*,*,#1564,.F.);
#1564 = EDGE_CURVE('',#1565,#1565,#1567,.T.);
#1565 = VERTEX_POINT('',#1566);
#1566 = CARTESIAN_POINT('',(12.299999714971,22.624999964371,
    7.34999985141));
#1567 = CIRCLE('',#1568,4.375);
#1568 = AXIS2_PLACEMENT_3D('',#1569,#1570,#1571);
#1569 = CARTESIAN_POINT('',(12.299999714971,26.999999964371,
    7.34999985926));
#1570 = DIRECTION('',(-1.435917607039E-08,-1.794896743743E-09,1.));
#1571 = DIRECTION('',(2.577323996577E-17,-1.,-1.794896743743E-09));
#1572 = ORIENTED_EDGE('',*,*,#1573,.F.);
#1573 = EDGE_CURVE('',#33,#1565,#1574,.T.);
#1574 = B_SPLINE_CURVE_WITH_KNOTS('',1,(#1575,#1576),.UNSPECIFIED.,.F.,
  .F.,(2,2),(21.251742141218,22.6),.PIECEWISE_BEZIER_KNOTS.);
#1575 = CARTESIAN_POINT('',(12.299999734331,22.624999966791,
    6.00174199263));
#1576 = CARTESIAN_POINT('',(12.299999714971,22.624999964371,
    7.34999985141));
#1577 = ORIENTED_EDGE('',*,*,#32,.F.);
#1578 = ORIENTED_EDGE('',*,*,#1579,.T.);
#1579 = EDGE_CURVE('',#22,#24,#1580,.T.);
#1580 = CIRCLE('',#1581,4.375);
#1581 = AXIS2_PLACEMENT_3D('',#1582,#1583,#1584);
#1582 = CARTESIAN_POINT('',(12.299999737945,26.999999967243,
    5.74999985926));
#1583 = DIRECTION('',(-1.435917607039E-08,-1.794896743743E-09,1.));
#1584 = DIRECTION('',(2.577323996577E-17,-1.,-1.794896743743E-09));
#1585 = ORIENTED_EDGE('',*,*,#41,.F.);
#1586 = ORIENTED_EDGE('',*,*,#1573,.T.);
#1587 = CYLINDRICAL_SURFACE('',#1588,4.375);
#1588 = AXIS2_PLACEMENT_3D('',#1589,#1590,#1591);
#1589 = CARTESIAN_POINT('',(12.300000039488,27.000000004936,
    -15.25000014071));
#1590 = DIRECTION('',(-1.435917607039E-08,-1.794896743743E-09,1.));
#1591 = DIRECTION('',(2.577323996577E-17,-1.,-1.794896743743E-09));
#1592 = ADVANCED_FACE('',(#1593),#1597,.T.);
#1593 = FACE_BOUND('',#1594,.T.);
#1594 = EDGE_LOOP('',(#1595,#1596));
#1595 = ORIENTED_EDGE('',*,*,#1579,.F.);
#1596 = ORIENTED_EDGE('',*,*,#21,.T.);
#1597 = CONICAL_SURFACE('',#1598,2.834000819969,0.8203047475);
#1598 = AXIS2_PLACEMENT_3D('',#1599,#1600,#1601);
#1599 = CARTESIAN_POINT('',(12.29999975858,26.999999969822,4.31299487616
    ));
#1600 = DIRECTION('',(-1.435917607039E-08,-1.794896743743E-09,1.));
#1601 = DIRECTION('',(2.577323996577E-17,-1.,-1.794896743743E-09));
#1602 = ADVANCED_FACE('',(#1603),#1639,.F.);
#1603 = FACE_BOUND('',#1604,.F.);
#1604 = EDGE_LOOP('',(#1605,#1615,#1624,#1632));
#1605 = ORIENTED_EDGE('',*,*,#1606,.T.);
#1606 = EDGE_CURVE('',#1607,#1609,#1611,.T.);
#1607 = VERTEX_POINT('',#1608);
#1608 = CARTESIAN_POINT('',(14.513268364176,26.595102472735,
    5.86310299707));
#1609 = VERTEX_POINT('',#1610);
#1610 = CARTESIAN_POINT('',(14.513268337082,26.595102469348,
    7.74999989031));
#1611 = LINE('',#1612,#1613);
#1612 = CARTESIAN_POINT('',(14.513268367954,26.595102473207,
    5.59999989031));
#1613 = VECTOR('',#1614,1.);
#1614 = DIRECTION('',(-1.435917607039E-08,-1.794896675733E-09,1.));
#1615 = ORIENTED_EDGE('',*,*,#1616,.T.);
#1616 = EDGE_CURVE('',#1609,#1617,#1619,.T.);
#1617 = VERTEX_POINT('',#1618);
#1618 = CARTESIAN_POINT('',(14.459166215067,26.549999963653,
    7.74999988946));
#1619 = CIRCLE('',#1620,5.5E-02);
#1620 = AXIS2_PLACEMENT_3D('',#1621,#1622,#1623);
#1621 = CARTESIAN_POINT('',(14.459166215067,26.604999963653,
    7.74999988956));
#1622 = DIRECTION('',(1.435917607039E-08,1.794896675733E-09,-1.));
#1623 = DIRECTION('',(-1.,-1.594188788799E-24,-1.435917607039E-08));
#1624 = ORIENTED_EDGE('',*,*,#1625,.F.);
#1625 = EDGE_CURVE('',#1626,#1617,#1628,.T.);
#1626 = VERTEX_POINT('',#1627);
#1627 = CARTESIAN_POINT('',(14.459166242139,26.549999967037,
    5.86467801042));
#1628 = LINE('',#1629,#1630);
#1629 = CARTESIAN_POINT('',(14.459166245939,26.549999967512,
    5.59999988946));
#1630 = VECTOR('',#1631,1.);
#1631 = DIRECTION('',(-1.435917607039E-08,-1.794896675733E-09,1.));
#1632 = ORIENTED_EDGE('',*,*,#1633,.T.);
#1633 = EDGE_CURVE('',#1626,#1607,#1634,.T.);
#1634 = ELLIPSE('',#1635,5.503352493643E-02,5.5E-02);
#1635 = AXIS2_PLACEMENT_3D('',#1636,#1637,#1638);
#1636 = CARTESIAN_POINT('',(14.459166242165,26.604999967041,5.8627573682
    ));
#1637 = DIRECTION('',(-1.435042884918E-08,3.489949490857E-02,
    0.999390827082));
#1638 = DIRECTION('',(-5.011279921606E-10,-0.999390827082,
    3.489949490857E-02));
#1639 = CYLINDRICAL_SURFACE('',#1640,5.5E-02);
#1640 = AXIS2_PLACEMENT_3D('',#1641,#1642,#1643);
#1641 = CARTESIAN_POINT('',(14.459166245939,26.604999967512,
    5.59999988956));
#1642 = DIRECTION('',(-1.435917607039E-08,-1.794896675733E-09,1.));
#1643 = DIRECTION('',(-1.,-1.594188788799E-24,-1.435917607039E-08));
#1644 = ADVANCED_FACE('',(#1645),#1672,.F.);
#1645 = FACE_BOUND('',#1646,.F.);
#1646 = EDGE_LOOP('',(#1647,#1656,#1664,#1671));
#1647 = ORIENTED_EDGE('',*,*,#1648,.F.);
#1648 = EDGE_CURVE('',#1649,#1607,#1651,.T.);
#1649 = VERTEX_POINT('',#1650);
#1650 = CARTESIAN_POINT('',(14.513268364582,27.404897461396,
    5.83482433439));
#1651 = ELLIPSE('',#1652,2.251371474672,2.249999999999);
#1652 = AXIS2_PLACEMENT_3D('',#1653,#1654,#1655);
#1653 = CARTESIAN_POINT('',(12.29999973651,26.999999967067,5.84896363396
    ));
#1654 = DIRECTION('',(1.435042884918E-08,-3.489949490857E-02,
    -0.999390827082));
#1655 = DIRECTION('',(-5.011279921606E-10,-0.999390827082,
    3.489949490857E-02));
#1656 = ORIENTED_EDGE('',*,*,#1657,.T.);
#1657 = EDGE_CURVE('',#1649,#1658,#1660,.T.);
#1658 = VERTEX_POINT('',#1659);
#1659 = CARTESIAN_POINT('',(14.513268337081,27.404897457959,
    7.74999989177));
#1660 = LINE('',#1661,#1662);
#1661 = CARTESIAN_POINT('',(14.513268367953,27.404897461818,
    5.59999989177));
#1662 = VECTOR('',#1663,1.);
#1663 = DIRECTION('',(-1.435917607039E-08,-1.794896675733E-09,1.));
#1664 = ORIENTED_EDGE('',*,*,#1665,.F.);
#1665 = EDGE_CURVE('',#1609,#1658,#1666,.T.);
#1666 = CIRCLE('',#1667,2.249999999999);
#1667 = AXIS2_PLACEMENT_3D('',#1668,#1669,#1670);
#1668 = CARTESIAN_POINT('',(12.299999709213,26.999999963655,
    7.74999985926));
#1669 = DIRECTION('',(-1.435917607039E-08,-1.794896675733E-09,1.));
#1670 = DIRECTION('',(-1.,-1.594188788799E-24,-1.435917607039E-08));
#1671 = ORIENTED_EDGE('',*,*,#1606,.F.);
#1672 = CYLINDRICAL_SURFACE('',#1673,2.249999999999);
#1673 = AXIS2_PLACEMENT_3D('',#1674,#1675,#1676);
#1674 = CARTESIAN_POINT('',(12.299999740085,26.999999967514,
    5.59999985926));
#1675 = DIRECTION('',(-1.435917607039E-08,-1.794896675733E-09,1.));
#1676 = DIRECTION('',(-1.,-1.594188788799E-24,-1.435917607039E-08));
#1677 = ADVANCED_FACE('',(#1678),#1705,.F.);
#1678 = FACE_BOUND('',#1679,.F.);
#1679 = EDGE_LOOP('',(#1680,#1689,#1697,#1704));
#1680 = ORIENTED_EDGE('',*,*,#1681,.F.);
#1681 = EDGE_CURVE('',#1682,#1649,#1684,.T.);
#1682 = VERTEX_POINT('',#1683);
#1683 = CARTESIAN_POINT('',(14.459166242589,27.449999967094,
    5.83324931949));
#1684 = ELLIPSE('',#1685,5.503352493644E-02,5.5E-02);
#1685 = AXIS2_PLACEMENT_3D('',#1686,#1687,#1688);
#1686 = CARTESIAN_POINT('',(14.459166242563,27.39499996709,5.83516996172
    ));
#1687 = DIRECTION('',(1.435042884918E-08,-3.489949490857E-02,
    -0.999390827082));
#1688 = DIRECTION('',(-5.011279921606E-10,-0.999390827082,
    3.489949490857E-02));
#1689 = ORIENTED_EDGE('',*,*,#1690,.T.);
#1690 = EDGE_CURVE('',#1682,#1691,#1693,.T.);
#1691 = VERTEX_POINT('',#1692);
#1692 = CARTESIAN_POINT('',(14.459166215067,27.449999963653,
    7.74999989107));
#1693 = LINE('',#1694,#1695);
#1694 = CARTESIAN_POINT('',(14.459166245939,27.449999967512,
    5.59999989107));
#1695 = VECTOR('',#1696,1.);
#1696 = DIRECTION('',(-1.435917607039E-08,-1.794896675733E-09,1.));
#1697 = ORIENTED_EDGE('',*,*,#1698,.F.);
#1698 = EDGE_CURVE('',#1658,#1691,#1699,.T.);
#1699 = CIRCLE('',#1700,5.5E-02);
#1700 = AXIS2_PLACEMENT_3D('',#1701,#1702,#1703);
#1701 = CARTESIAN_POINT('',(14.459166215067,27.394999963653,
    7.74999989097));
#1702 = DIRECTION('',(-1.435917607039E-08,-1.794896675733E-09,1.));
#1703 = DIRECTION('',(-1.,-1.594188788799E-24,-1.435917607039E-08));
#1704 = ORIENTED_EDGE('',*,*,#1657,.F.);
#1705 = CYLINDRICAL_SURFACE('',#1706,5.5E-02);
#1706 = AXIS2_PLACEMENT_3D('',#1707,#1708,#1709);
#1707 = CARTESIAN_POINT('',(14.459166245939,27.394999967512,
    5.59999989097));
#1708 = DIRECTION('',(-1.435917607039E-08,-1.794896675733E-09,1.));
#1709 = DIRECTION('',(-1.,-1.594188788799E-24,-1.435917607039E-08));
#1710 = ADVANCED_FACE('',(#1711),#1736,.T.);
#1711 = FACE_BOUND('',#1712,.T.);
#1712 = EDGE_LOOP('',(#1713,#1721,#1722,#1730));
#1713 = ORIENTED_EDGE('',*,*,#1714,.F.);
#1714 = EDGE_CURVE('',#1682,#1715,#1717,.T.);
#1715 = VERTEX_POINT('',#1716);
#1716 = CARTESIAN_POINT('',(14.442122160918,27.449999967094,
    5.83324931925));
#1717 = LINE('',#1718,#1719);
#1718 = CARTESIAN_POINT('',(12.299999736749,27.449999967094,
    5.83324928849));
#1719 = VECTOR('',#1720,1.);
#1720 = DIRECTION('',(-1.,-1.594188788799E-24,-1.435917607039E-08));
#1721 = ORIENTED_EDGE('',*,*,#1690,.T.);
#1722 = ORIENTED_EDGE('',*,*,#1723,.F.);
#1723 = EDGE_CURVE('',#1724,#1691,#1726,.T.);
#1724 = VERTEX_POINT('',#1725);
#1725 = CARTESIAN_POINT('',(14.442122133396,27.449999963653,
    7.74999989083));
#1726 = LINE('',#1727,#1728);
#1727 = CARTESIAN_POINT('',(14.459166215067,27.449999963653,
    7.74999989107));
#1728 = VECTOR('',#1729,1.);
#1729 = DIRECTION('',(1.,1.594188788799E-24,1.435917607039E-08));
#1730 = ORIENTED_EDGE('',*,*,#1731,.F.);
#1731 = EDGE_CURVE('',#1715,#1724,#1732,.T.);
#1732 = LINE('',#1733,#1734);
#1733 = CARTESIAN_POINT('',(14.442122164268,27.449999967512,
    5.59999989083));
#1734 = VECTOR('',#1735,1.);
#1735 = DIRECTION('',(-1.435917607039E-08,-1.794896675733E-09,1.));
#1736 = PLANE('',#1737);
#1737 = AXIS2_PLACEMENT_3D('',#1738,#1739,#1740);
#1738 = CARTESIAN_POINT('',(14.459166245939,27.449999967512,
    5.59999989107));
#1739 = DIRECTION('',(2.57732389892E-17,-1.,-1.794896675733E-09));
#1740 = DIRECTION('',(1.435917607039E-08,1.794896675733E-09,-1.));
#1741 = ADVANCED_FACE('',(#1742),#1769,.T.);
#1742 = FACE_BOUND('',#1743,.T.);
#1743 = EDGE_LOOP('',(#1744,#1753,#1754,#1763));
#1744 = ORIENTED_EDGE('',*,*,#1745,.F.);
#1745 = EDGE_CURVE('',#1715,#1746,#1748,.T.);
#1746 = VERTEX_POINT('',#1747);
#1747 = CARTESIAN_POINT('',(14.334192671231,27.49583075259,5.83164887149
    ));
#1748 = ELLIPSE('',#1749,0.150091431645,0.15);
#1749 = AXIS2_PLACEMENT_3D('',#1750,#1751,#1752);
#1750 = CARTESIAN_POINT('',(14.442122160993,27.599999967103,5.8280112041
    ));
#1751 = DIRECTION('',(1.435042884918E-08,-3.489949490857E-02,
    -0.999390827082));
#1752 = DIRECTION('',(-5.011279921606E-10,-0.999390827082,
    3.489949490857E-02));
#1753 = ORIENTED_EDGE('',*,*,#1731,.T.);
#1754 = ORIENTED_EDGE('',*,*,#1755,.F.);
#1755 = EDGE_CURVE('',#1756,#1724,#1758,.T.);
#1756 = VERTEX_POINT('',#1757);
#1757 = CARTESIAN_POINT('',(14.334192643686,27.495830749147,
    7.74999988937));
#1758 = CIRCLE('',#1759,0.15);
#1759 = AXIS2_PLACEMENT_3D('',#1760,#1761,#1762);
#1760 = CARTESIAN_POINT('',(14.442122133396,27.599999963653,7.7499998911
    ));
#1761 = DIRECTION('',(-1.435917607039E-08,-1.794896675733E-09,1.));
#1762 = DIRECTION('',(-1.,-1.594188788799E-24,-1.435917607039E-08));
#1763 = ORIENTED_EDGE('',*,*,#1764,.F.);
#1764 = EDGE_CURVE('',#1746,#1756,#1765,.T.);
#1765 = LINE('',#1766,#1767);
#1766 = CARTESIAN_POINT('',(14.334192674558,27.495830753006,
    5.59999988937));
#1767 = VECTOR('',#1768,1.);
#1768 = DIRECTION('',(-1.435917607039E-08,-1.794896675733E-09,1.));
#1769 = CYLINDRICAL_SURFACE('',#1770,0.15);
#1770 = AXIS2_PLACEMENT_3D('',#1771,#1772,#1773);
#1771 = CARTESIAN_POINT('',(14.442122164268,27.599999967512,5.5999998911
    ));
#1772 = DIRECTION('',(-1.435917607039E-08,-1.794896675733E-09,1.));
#1773 = DIRECTION('',(-1.,-1.594188788799E-24,-1.435917607039E-08));
#1774 = ADVANCED_FACE('',(#1775),#1802,.T.);
#1775 = FACE_BOUND('',#1776,.T.);
#1776 = EDGE_LOOP('',(#1777,#1786,#1787,#1796));
#1777 = ORIENTED_EDGE('',*,*,#1778,.F.);
#1778 = EDGE_CURVE('',#1746,#1779,#1781,.T.);
#1779 = VERTEX_POINT('',#1780);
#1780 = CARTESIAN_POINT('',(13.746498260721,28.513747331869,
    5.79610243465));
#1781 = ELLIPSE('',#1782,2.433425896389,2.431943519082);
#1782 = AXIS2_PLACEMENT_3D('',#1783,#1784,#1785);
#1783 = CARTESIAN_POINT('',(16.084048825532,29.184721726745,
    5.77267152724));
#1784 = DIRECTION('',(1.435042884918E-08,-3.489949490857E-02,
    -0.999390827082));
#1785 = DIRECTION('',(-5.011279921606E-10,-0.999390827082,
    3.489949490857E-02));
#1786 = ORIENTED_EDGE('',*,*,#1764,.T.);
#1787 = ORIENTED_EDGE('',*,*,#1788,.F.);
#1788 = EDGE_CURVE('',#1789,#1756,#1791,.T.);
#1789 = VERTEX_POINT('',#1790);
#1790 = CARTESIAN_POINT('',(13.746498232664,28.513747328362,
    7.74999988275));
#1791 = CIRCLE('',#1792,2.431943519082);
#1792 = AXIS2_PLACEMENT_3D('',#1793,#1794,#1795);
#1793 = CARTESIAN_POINT('',(16.084048797139,29.184721723196,
    7.74999991752));
#1794 = DIRECTION('',(-1.435917607039E-08,-1.794896675733E-09,1.));
#1795 = DIRECTION('',(-1.,-1.594188788799E-24,-1.435917607039E-08));
#1796 = ORIENTED_EDGE('',*,*,#1797,.F.);
#1797 = EDGE_CURVE('',#1779,#1789,#1798,.T.);
#1798 = LINE('',#1799,#1800);
#1799 = CARTESIAN_POINT('',(13.746498263536,28.513747332221,
    5.59999988275));
#1800 = VECTOR('',#1801,1.);
#1801 = DIRECTION('',(-1.435917607039E-08,-1.794896675733E-09,1.));
#1802 = CYLINDRICAL_SURFACE('',#1803,2.431943519082);
#1803 = AXIS2_PLACEMENT_3D('',#1804,#1805,#1806);
#1804 = CARTESIAN_POINT('',(16.084048828012,29.184721727055,
    5.59999991752));
#1805 = DIRECTION('',(-1.435917607039E-08,-1.794896675733E-09,1.));
#1806 = DIRECTION('',(-1.,-1.594188788799E-24,-1.435917607039E-08));
#1807 = ADVANCED_FACE('',(#1808),#1835,.T.);
#1808 = FACE_BOUND('',#1809,.T.);
#1809 = EDGE_LOOP('',(#1810,#1819,#1820,#1829));
#1810 = ORIENTED_EDGE('',*,*,#1811,.F.);
#1811 = EDGE_CURVE('',#1779,#1812,#1814,.T.);
#1812 = VERTEX_POINT('',#1813);
#1813 = CARTESIAN_POINT('',(13.76077238112,28.630132404529,5.79203817877
    ));
#1814 = ELLIPSE('',#1815,0.150091431645,0.15);
#1815 = AXIS2_PLACEMENT_3D('',#1816,#1817,#1818);
#1816 = CARTESIAN_POINT('',(13.890676191651,28.555132404524,
    5.79465723821));
#1817 = DIRECTION('',(1.435042884918E-08,-3.489949490857E-02,
    -0.999390827082));
#1818 = DIRECTION('',(-5.011279921606E-10,-0.999390827082,
    3.489949490857E-02));
#1819 = ORIENTED_EDGE('',*,*,#1797,.T.);
#1820 = ORIENTED_EDGE('',*,*,#1821,.F.);
#1821 = EDGE_CURVE('',#1822,#1789,#1824,.T.);
#1822 = VERTEX_POINT('',#1823);
#1823 = CARTESIAN_POINT('',(13.760772353006,28.630132401015,
    7.74999988316));
#1824 = CIRCLE('',#1825,0.15);
#1825 = AXIS2_PLACEMENT_3D('',#1826,#1827,#1828);
#1826 = CARTESIAN_POINT('',(13.890676163574,28.555132401015,7.7499998849
    ));
#1827 = DIRECTION('',(-1.435917607039E-08,-1.794896675733E-09,1.));
#1828 = DIRECTION('',(-1.,-1.594188788799E-24,-1.435917607039E-08));
#1829 = ORIENTED_EDGE('',*,*,#1830,.F.);
#1830 = EDGE_CURVE('',#1812,#1822,#1831,.T.);
#1831 = LINE('',#1832,#1833);
#1832 = CARTESIAN_POINT('',(13.760772383878,28.630132404874,
    5.59999988316));
#1833 = VECTOR('',#1834,1.);
#1834 = DIRECTION('',(-1.435917607039E-08,-1.794896675733E-09,1.));
#1835 = CYLINDRICAL_SURFACE('',#1836,0.15);
#1836 = AXIS2_PLACEMENT_3D('',#1837,#1838,#1839);
#1837 = CARTESIAN_POINT('',(13.890676194446,28.555132404874,5.5999998849
    ));
#1838 = DIRECTION('',(-1.435917607039E-08,-1.794896675733E-09,1.));
#1839 = DIRECTION('',(-1.,-1.594188788799E-24,-1.435917607039E-08));
#1840 = ADVANCED_FACE('',(#1841),#1866,.F.);
#1841 = FACE_BOUND('',#1842,.T.);
#1842 = EDGE_LOOP('',(#1843,#1844,#1852,#1860));
#1843 = ORIENTED_EDGE('',*,*,#1830,.T.);
#1844 = ORIENTED_EDGE('',*,*,#1845,.T.);
#1845 = EDGE_CURVE('',#1822,#1846,#1848,.T.);
#1846 = VERTEX_POINT('',#1847);
#1847 = CARTESIAN_POINT('',(13.769294393842,28.644893008726,
    7.74999988331));
#1848 = LINE('',#1849,#1850);
#1849 = CARTESIAN_POINT('',(13.769294393842,28.644893008726,
    7.74999988331));
#1850 = VECTOR('',#1851,1.);
#1851 = DIRECTION('',(0.5,0.866025403784,8.734014271391E-09));
#1852 = ORIENTED_EDGE('',*,*,#1853,.F.);
#1853 = EDGE_CURVE('',#1854,#1846,#1856,.T.);
#1854 = VERTEX_POINT('',#1855);
#1855 = CARTESIAN_POINT('',(13.769294421963,28.644893012241,
    5.79152272714));
#1856 = LINE('',#1857,#1858);
#1857 = CARTESIAN_POINT('',(13.769294424714,28.644893012585,
    5.59999988331));
#1858 = VECTOR('',#1859,1.);
#1859 = DIRECTION('',(-1.435917607039E-08,-1.794896675733E-09,1.));
#1860 = ORIENTED_EDGE('',*,*,#1861,.T.);
#1861 = EDGE_CURVE('',#1854,#1812,#1862,.T.);
#1862 = LINE('',#1863,#1864);
#1863 = CARTESIAN_POINT('',(12.664131770879,26.730695151482,5.8583679701
    ));
#1864 = VECTOR('',#1865,1.);
#1865 = DIRECTION('',(-0.499771508379,-0.86562964399,3.022844453096E-02)
  );
#1866 = PLANE('',#1867);
#1867 = AXIS2_PLACEMENT_3D('',#1868,#1869,#1870);
#1868 = CARTESIAN_POINT('',(13.769294424714,28.644893012585,
    5.59999988331));
#1869 = DIRECTION('',(0.866025403784,-0.5,1.153796291653E-08));
#1870 = DIRECTION('',(-0.5,-0.866025403784,-8.734014153594E-09));
#1871 = ADVANCED_FACE('',(#1872),#1899,.F.);
#1872 = FACE_BOUND('',#1873,.F.);
#1873 = EDGE_LOOP('',(#1874,#1883,#1891,#1898));
#1874 = ORIENTED_EDGE('',*,*,#1875,.F.);
#1875 = EDGE_CURVE('',#1876,#1854,#1878,.T.);
#1876 = VERTEX_POINT('',#1877);
#1877 = CARTESIAN_POINT('',(13.757285567298,28.714298077154,
    5.78909904883));
#1878 = ELLIPSE('',#1879,5.503352493352E-02,5.499999999708E-02);
#1879 = AXIS2_PLACEMENT_3D('',#1880,#1881,#1882);
#1880 = CARTESIAN_POINT('',(13.72166302477,28.672393012243,5.79056240535
    ));
#1881 = DIRECTION('',(1.435042884918E-08,-3.489949490857E-02,
    -0.999390827082));
#1882 = DIRECTION('',(-5.011279921606E-10,-0.999390827082,
    3.489949490857E-02));
#1883 = ORIENTED_EDGE('',*,*,#1884,.T.);
#1884 = EDGE_CURVE('',#1876,#1885,#1887,.T.);
#1885 = VERTEX_POINT('',#1886);
#1886 = CARTESIAN_POINT('',(13.757285539141,28.714298073635,
    7.74999988327));
#1887 = LINE('',#1888,#1889);
#1888 = CARTESIAN_POINT('',(13.757285570013,28.714298077494,
    5.59999988327));
#1889 = VECTOR('',#1890,1.);
#1890 = DIRECTION('',(-1.435917607039E-08,-1.794896675733E-09,1.));
#1891 = ORIENTED_EDGE('',*,*,#1892,.F.);
#1892 = EDGE_CURVE('',#1846,#1885,#1893,.T.);
#1893 = CIRCLE('',#1894,5.499999999708E-02);
#1894 = AXIS2_PLACEMENT_3D('',#1895,#1896,#1897);
#1895 = CARTESIAN_POINT('',(13.721662996634,28.672393008726,
    7.74999988268));
#1896 = DIRECTION('',(-1.435917607039E-08,-1.794896675733E-09,1.));
#1897 = DIRECTION('',(-1.,-1.594188788799E-24,-1.435917607039E-08));
#1898 = ORIENTED_EDGE('',*,*,#1853,.F.);
#1899 = CYLINDRICAL_SURFACE('',#1900,5.499999999708E-02);
#1900 = AXIS2_PLACEMENT_3D('',#1901,#1902,#1903);
#1901 = CARTESIAN_POINT('',(13.721663027506,28.672393012585,
    5.59999988268));
#1902 = DIRECTION('',(-1.435917607039E-08,-1.794896675733E-09,1.));
#1903 = DIRECTION('',(-1.,-1.594188788799E-24,-1.435917607039E-08));
#1904 = ADVANCED_FACE('',(#1905),#1932,.F.);
#1905 = FACE_BOUND('',#1906,.F.);
#1906 = EDGE_LOOP('',(#1907,#1917,#1924,#1925));
#1907 = ORIENTED_EDGE('',*,*,#1908,.T.);
#1908 = EDGE_CURVE('',#1909,#1911,#1913,.T.);
#1909 = VERTEX_POINT('',#1910);
#1910 = CARTESIAN_POINT('',(13.055982535517,29.119195571483,
    5.77495970741));
#1911 = VERTEX_POINT('',#1912);
#1912 = CARTESIAN_POINT('',(13.055982507157,29.119195567938,
    7.74999987392));
#1913 = LINE('',#1914,#1915);
#1914 = CARTESIAN_POINT('',(13.055982538029,29.119195571797,
    5.59999987392));
#1915 = VECTOR('',#1916,1.);
#1916 = DIRECTION('',(-1.435917607039E-08,-1.794896675733E-09,1.));
#1917 = ORIENTED_EDGE('',*,*,#1918,.T.);
#1918 = EDGE_CURVE('',#1911,#1885,#1919,.T.);
#1919 = CIRCLE('',#1920,2.25);
#1920 = AXIS2_PLACEMENT_3D('',#1921,#1922,#1923);
#1921 = CARTESIAN_POINT('',(12.299999709213,26.999999963655,
    7.74999985926));
#1922 = DIRECTION('',(1.435917496017E-08,1.794896793924E-09,-1.));
#1923 = DIRECTION('',(0.5,-0.866025403784,5.625161259379E-09));
#1924 = ORIENTED_EDGE('',*,*,#1884,.F.);
#1925 = ORIENTED_EDGE('',*,*,#1926,.T.);
#1926 = EDGE_CURVE('',#1876,#1909,#1927,.T.);
#1927 = ELLIPSE('',#1928,2.251371474672,2.25);
#1928 = AXIS2_PLACEMENT_3D('',#1929,#1930,#1931);
#1929 = CARTESIAN_POINT('',(12.29999973651,26.999999967067,5.84896363396
    ));
#1930 = DIRECTION('',(-1.435042884918E-08,3.489949490857E-02,
    0.999390827082));
#1931 = DIRECTION('',(-5.011279921606E-10,-0.999390827082,
    3.489949490857E-02));
#1932 = CYLINDRICAL_SURFACE('',#1933,2.25);
#1933 = AXIS2_PLACEMENT_3D('',#1934,#1935,#1936);
#1934 = CARTESIAN_POINT('',(12.299999740085,26.999999967514,
    5.59999985926));
#1935 = DIRECTION('',(-1.435917607039E-08,-1.794896675733E-09,1.));
#1936 = DIRECTION('',(-1.,-1.594188788799E-24,-1.435917607039E-08));
#1937 = ADVANCED_FACE('',(#1938),#1965,.F.);
#1938 = FACE_BOUND('',#1939,.F.);
#1939 = EDGE_LOOP('',(#1940,#1950,#1957,#1958));
#1940 = ORIENTED_EDGE('',*,*,#1941,.T.);
#1941 = EDGE_CURVE('',#1942,#1944,#1946,.T.);
#1942 = VERTEX_POINT('',#1943);
#1943 = CARTESIAN_POINT('',(12.989871558791,29.094893012264,5.7758083705
    ));
#1944 = VERTEX_POINT('',#1945);
#1945 = CARTESIAN_POINT('',(12.989871530446,29.09489300872,7.74999987294
    ));
#1946 = LINE('',#1947,#1948);
#1947 = CARTESIAN_POINT('',(12.989871561318,29.094893012579,
    5.59999987294));
#1948 = VECTOR('',#1949,1.);
#1949 = DIRECTION('',(-1.435917607039E-08,-1.794896675733E-09,1.));
#1950 = ORIENTED_EDGE('',*,*,#1951,.T.);
#1951 = EDGE_CURVE('',#1944,#1911,#1952,.T.);
#1952 = CIRCLE('',#1953,5.499999999708E-02);
#1953 = AXIS2_PLACEMENT_3D('',#1954,#1955,#1956);
#1954 = CARTESIAN_POINT('',(13.037502927652,29.067393008722,
    7.74999987357));
#1955 = DIRECTION('',(1.435917496017E-08,1.794896793924E-09,-1.));
#1956 = DIRECTION('',(0.5,-0.866025403784,5.625161259379E-09));
#1957 = ORIENTED_EDGE('',*,*,#1908,.F.);
#1958 = ORIENTED_EDGE('',*,*,#1959,.T.);
#1959 = EDGE_CURVE('',#1909,#1942,#1960,.T.);
#1960 = ELLIPSE('',#1961,5.503352493351E-02,5.499999999708E-02);
#1961 = AXIS2_PLACEMENT_3D('',#1962,#1963,#1964);
#1962 = CARTESIAN_POINT('',(13.037502955985,29.067393012264,
    5.77676869229));
#1963 = DIRECTION('',(-1.435042884918E-08,3.489949490857E-02,
    0.999390827082));
#1964 = DIRECTION('',(-5.011279921606E-10,-0.999390827082,
    3.489949490857E-02));
#1965 = CYLINDRICAL_SURFACE('',#1966,5.499999999708E-02);
#1966 = AXIS2_PLACEMENT_3D('',#1967,#1968,#1969);
#1967 = CARTESIAN_POINT('',(13.037502958524,29.067393012581,
    5.59999987357));
#1968 = DIRECTION('',(-1.435917607039E-08,-1.794896675733E-09,1.));
#1969 = DIRECTION('',(-1.,-1.594188788799E-24,-1.435917607039E-08));
#1970 = ADVANCED_FACE('',(#1971),#1996,.T.);
#1971 = FACE_BOUND('',#1972,.T.);
#1972 = EDGE_LOOP('',(#1973,#1981,#1982,#1990));
#1973 = ORIENTED_EDGE('',*,*,#1974,.F.);
#1974 = EDGE_CURVE('',#1942,#1975,#1977,.T.);
#1975 = VERTEX_POINT('',#1976);
#1976 = CARTESIAN_POINT('',(12.981349517949,29.080132404553,
    5.77632382212));
#1977 = LINE('',#1978,#1979);
#1978 = CARTESIAN_POINT('',(11.884471506056,27.180283959782,
    5.84266797257));
#1979 = VECTOR('',#1980,1.);
#1980 = DIRECTION('',(-0.499771508379,-0.86562964399,3.022844453096E-02)
  );
#1981 = ORIENTED_EDGE('',*,*,#1941,.T.);
#1982 = ORIENTED_EDGE('',*,*,#1983,.F.);
#1983 = EDGE_CURVE('',#1984,#1944,#1986,.T.);
#1984 = VERTEX_POINT('',#1985);
#1985 = CARTESIAN_POINT('',(12.981349489608,29.080132401011,
    7.74999987278));
#1986 = LINE('',#1987,#1988);
#1987 = CARTESIAN_POINT('',(12.989871530444,29.094893008722,
    7.74999987294));
#1988 = VECTOR('',#1989,1.);
#1989 = DIRECTION('',(0.5,0.866025403784,8.734014271391E-09));
#1990 = ORIENTED_EDGE('',*,*,#1991,.F.);
#1991 = EDGE_CURVE('',#1975,#1984,#1992,.T.);
#1992 = LINE('',#1993,#1994);
#1993 = CARTESIAN_POINT('',(12.98134952048,29.08013240487,5.59999987278)
  );
#1994 = VECTOR('',#1995,1.);
#1995 = DIRECTION('',(-1.435917607039E-08,-1.794896675733E-09,1.));
#1996 = PLANE('',#1997);
#1997 = AXIS2_PLACEMENT_3D('',#1998,#1999,#2000);
#1998 = CARTESIAN_POINT('',(12.989871561316,29.094893012581,
    5.59999987294));
#1999 = DIRECTION('',(0.866025403784,-0.5,1.153796291653E-08));
#2000 = DIRECTION('',(-0.5,-0.866025403784,-8.734014153594E-09));
#2001 = ADVANCED_FACE('',(#2002),#2029,.T.);
#2002 = FACE_BOUND('',#2003,.T.);
#2003 = EDGE_LOOP('',(#2004,#2005,#2014,#2022));
#2004 = ORIENTED_EDGE('',*,*,#1991,.T.);
#2005 = ORIENTED_EDGE('',*,*,#2006,.T.);
#2006 = EDGE_CURVE('',#1984,#2007,#2009,.T.);
#2007 = VERTEX_POINT('',#2008);
#2008 = CARTESIAN_POINT('',(12.88769412024,29.009578113851,7.74999987131
    ));
#2009 = CIRCLE('',#2010,0.15);
#2010 = AXIS2_PLACEMENT_3D('',#2011,#2012,#2013);
#2011 = CARTESIAN_POINT('',(12.85144567904,29.155132401011,7.74999987105
    ));
#2012 = DIRECTION('',(1.435917496017E-08,1.794896793924E-09,-1.));
#2013 = DIRECTION('',(0.5,-0.866025403784,5.625161259379E-09));
#2014 = ORIENTED_EDGE('',*,*,#2015,.F.);
#2015 = EDGE_CURVE('',#2016,#2007,#2018,.T.);
#2016 = VERTEX_POINT('',#2017);
#2017 = CARTESIAN_POINT('',(12.887694148545,29.009578117389,
    5.77878763064));
#2018 = LINE('',#2019,#2020);
#2019 = CARTESIAN_POINT('',(12.887694151112,29.00957811771,5.59999987131
    ));
#2020 = VECTOR('',#2021,1.);
#2021 = DIRECTION('',(-1.435917607039E-08,-1.794896675733E-09,1.));
#2022 = ORIENTED_EDGE('',*,*,#2023,.T.);
#2023 = EDGE_CURVE('',#2016,#1975,#2024,.T.);
#2024 = ELLIPSE('',#2025,0.150091431645,0.15);
#2025 = AXIS2_PLACEMENT_3D('',#2026,#2027,#2028);
#2026 = CARTESIAN_POINT('',(12.851445707417,29.155132404558,
    5.77370476267));
#2027 = DIRECTION('',(-1.435042884918E-08,3.489949490857E-02,
    0.999390827082));
#2028 = DIRECTION('',(-5.011279921606E-10,-0.999390827082,
    3.489949490857E-02));
#2029 = CYLINDRICAL_SURFACE('',#2030,0.15);
#2030 = AXIS2_PLACEMENT_3D('',#2031,#2032,#2033);
#2031 = CARTESIAN_POINT('',(12.851445709912,29.15513240487,5.59999987105
    ));
#2032 = DIRECTION('',(-1.435917607039E-08,-1.794896675733E-09,1.));
#2033 = DIRECTION('',(-1.,-1.594188788799E-24,-1.435917607039E-08));
#2034 = ADVANCED_FACE('',(#2035),#2062,.T.);
#2035 = FACE_BOUND('',#2036,.T.);
#2036 = EDGE_LOOP('',(#2037,#2038,#2047,#2055));
#2037 = ORIENTED_EDGE('',*,*,#2015,.T.);
#2038 = ORIENTED_EDGE('',*,*,#2039,.T.);
#2039 = EDGE_CURVE('',#2007,#2040,#2042,.T.);
#2040 = VERTEX_POINT('',#2041);
#2041 = CARTESIAN_POINT('',(11.712305298196,29.009578113852,
    7.74999985443));
#2042 = CIRCLE('',#2043,2.431943519082);
#2043 = AXIS2_PLACEMENT_3D('',#2044,#2045,#2046);
#2044 = CARTESIAN_POINT('',(12.299999709219,31.369443482735,
    7.74999986711));
#2045 = DIRECTION('',(1.435917496017E-08,1.794896793924E-09,-1.));
#2046 = DIRECTION('',(0.5,-0.866025403784,5.625161259379E-09));
#2047 = ORIENTED_EDGE('',*,*,#2048,.F.);
#2048 = EDGE_CURVE('',#2049,#2040,#2051,.T.);
#2049 = VERTEX_POINT('',#2050);
#2050 = CARTESIAN_POINT('',(11.712305326501,29.00957811739,5.77878761377
    ));
#2051 = LINE('',#2052,#2053);
#2052 = CARTESIAN_POINT('',(11.712305329068,29.009578117711,
    5.59999985443));
#2053 = VECTOR('',#2054,1.);
#2054 = DIRECTION('',(-1.435917607039E-08,-1.794896675733E-09,1.));
#2055 = ORIENTED_EDGE('',*,*,#2056,.T.);
#2056 = EDGE_CURVE('',#2049,#2016,#2057,.T.);
#2057 = ELLIPSE('',#2058,2.433425896389,2.431943519082);
#2058 = AXIS2_PLACEMENT_3D('',#2059,#2060,#2061);
#2059 = CARTESIAN_POINT('',(12.299999738708,31.369443486421,
    5.69637931186));
#2060 = DIRECTION('',(-1.435042884918E-08,3.489949490857E-02,
    0.999390827082));
#2061 = DIRECTION('',(-5.011279921606E-10,-0.999390827082,
    3.489949490857E-02));
#2062 = CYLINDRICAL_SURFACE('',#2063,2.431943519082);
#2063 = AXIS2_PLACEMENT_3D('',#2064,#2065,#2066);
#2064 = CARTESIAN_POINT('',(12.299999740091,31.369443486594,
    5.59999986711));
#2065 = DIRECTION('',(-1.435917607039E-08,-1.794896675733E-09,1.));
#2066 = DIRECTION('',(-1.,-1.594188788799E-24,-1.435917607039E-08));
#2067 = ADVANCED_FACE('',(#2068),#2095,.T.);
#2068 = FACE_BOUND('',#2069,.T.);
#2069 = EDGE_LOOP('',(#2070,#2071,#2080,#2088));
#2070 = ORIENTED_EDGE('',*,*,#2048,.T.);
#2071 = ORIENTED_EDGE('',*,*,#2072,.T.);
#2072 = EDGE_CURVE('',#2040,#2073,#2075,.T.);
#2073 = VERTEX_POINT('',#2074);
#2074 = CARTESIAN_POINT('',(11.618649928828,29.080132401011,
    7.74999985321));
#2075 = CIRCLE('',#2076,0.15);
#2076 = AXIS2_PLACEMENT_3D('',#2077,#2078,#2079);
#2077 = CARTESIAN_POINT('',(11.748553739396,29.155132401011,
    7.74999985521));
#2078 = DIRECTION('',(1.435917496017E-08,1.794896793924E-09,-1.));
#2079 = DIRECTION('',(0.5,-0.866025403784,5.625161259379E-09));
#2080 = ORIENTED_EDGE('',*,*,#2081,.F.);
#2081 = EDGE_CURVE('',#2082,#2073,#2084,.T.);
#2082 = VERTEX_POINT('',#2083);
#2083 = CARTESIAN_POINT('',(11.618649957169,29.080132404554,
    5.77632380255));
#2084 = LINE('',#2085,#2086);
#2085 = CARTESIAN_POINT('',(11.6186499597,29.08013240487,5.59999985321)
  );
#2086 = VECTOR('',#2087,1.);
#2087 = DIRECTION('',(-1.435917607039E-08,-1.794896675733E-09,1.));
#2088 = ORIENTED_EDGE('',*,*,#2089,.T.);
#2089 = EDGE_CURVE('',#2082,#2049,#2090,.T.);
#2090 = ELLIPSE('',#2091,0.150091431645,0.15);
#2091 = AXIS2_PLACEMENT_3D('',#2092,#2093,#2094);
#2092 = CARTESIAN_POINT('',(11.748553767773,29.155132404559,
    5.77370474684));
#2093 = DIRECTION('',(-1.435042884918E-08,3.489949490857E-02,
    0.999390827082));
#2094 = DIRECTION('',(-5.011279921606E-10,-0.999390827082,
    3.489949490857E-02));
#2095 = CYLINDRICAL_SURFACE('',#2096,0.15);
#2096 = AXIS2_PLACEMENT_3D('',#2097,#2098,#2099);
#2097 = CARTESIAN_POINT('',(11.748553770268,29.15513240487,5.59999985521
    ));
#2098 = DIRECTION('',(-1.435917607039E-08,-1.794896675733E-09,1.));
#2099 = DIRECTION('',(-1.,-1.594188788799E-24,-1.435917607039E-08));
#2100 = ADVANCED_FACE('',(#2101),#2126,.F.);
#2101 = FACE_BOUND('',#2102,.T.);
#2102 = EDGE_LOOP('',(#2103,#2104,#2112,#2120));
#2103 = ORIENTED_EDGE('',*,*,#2081,.T.);
#2104 = ORIENTED_EDGE('',*,*,#2105,.T.);
#2105 = EDGE_CURVE('',#2073,#2106,#2108,.T.);
#2106 = VERTEX_POINT('',#2107);
#2107 = CARTESIAN_POINT('',(11.610127887992,29.094893008723,
    7.74999985312));
#2108 = LINE('',#2109,#2110);
#2109 = CARTESIAN_POINT('',(11.610127887992,29.094893008723,
    7.74999985312));
#2110 = VECTOR('',#2111,1.);
#2111 = DIRECTION('',(-0.499999999999,0.866025403785,-5.625161799035E-09
    ));
#2112 = ORIENTED_EDGE('',*,*,#2113,.F.);
#2113 = EDGE_CURVE('',#2114,#2106,#2116,.T.);
#2114 = VERTEX_POINT('',#2115);
#2115 = CARTESIAN_POINT('',(11.61012791634,29.094893012266,5.77580835067
    ));
#2116 = LINE('',#2117,#2118);
#2117 = CARTESIAN_POINT('',(11.610127918864,29.094893012582,
    5.59999985312));
#2118 = VECTOR('',#2119,1.);
#2119 = DIRECTION('',(-1.435917607039E-08,-1.794896675733E-09,1.));
#2120 = ORIENTED_EDGE('',*,*,#2121,.T.);
#2121 = EDGE_CURVE('',#2114,#2082,#2122,.T.);
#2122 = LINE('',#2123,#2124);
#2123 = CARTESIAN_POINT('',(12.71552796716,27.180283959773,5.8426679845)
  );
#2124 = VECTOR('',#2125,1.);
#2125 = DIRECTION('',(0.49977150751,-0.86562964399,3.022845888382E-02));
#2126 = PLANE('',#2127);
#2127 = AXIS2_PLACEMENT_3D('',#2128,#2129,#2130);
#2128 = CARTESIAN_POINT('',(11.610127918864,29.094893012582,
    5.59999985312));
#2129 = DIRECTION('',(0.866025403785,0.499999999999,1.333285959225E-08)
  );
#2130 = DIRECTION('',(0.499999999999,-0.866025403785,5.625161916832E-09)
  );
#2131 = ADVANCED_FACE('',(#2132),#2159,.F.);
#2132 = FACE_BOUND('',#2133,.F.);
#2133 = EDGE_LOOP('',(#2134,#2144,#2151,#2152));
#2134 = ORIENTED_EDGE('',*,*,#2135,.T.);
#2135 = EDGE_CURVE('',#2136,#2138,#2140,.T.);
#2136 = VERTEX_POINT('',#2137);
#2137 = CARTESIAN_POINT('',(11.54401693964,29.119195571484,5.77495968571
    ));
#2138 = VERTEX_POINT('',#2139);
#2139 = CARTESIAN_POINT('',(11.54401691128,29.119195567939,7.74999985222
    ));
#2140 = LINE('',#2141,#2142);
#2141 = CARTESIAN_POINT('',(11.54401694216,29.119195571798,5.59999985222
    ));
#2142 = VECTOR('',#2143,1.);
#2143 = DIRECTION('',(-1.435917607039E-08,-1.794896675733E-09,1.));
#2144 = ORIENTED_EDGE('',*,*,#2145,.T.);
#2145 = EDGE_CURVE('',#2138,#2106,#2146,.T.);
#2146 = CIRCLE('',#2147,5.5E-02);
#2147 = AXIS2_PLACEMENT_3D('',#2148,#2149,#2150);
#2148 = CARTESIAN_POINT('',(11.56249649079,29.067393008723,7.74999985239
    ));
#2149 = DIRECTION('',(1.435917496017E-08,1.794896793924E-09,-1.));
#2150 = DIRECTION('',(0.5,-0.866025403784,5.625161259379E-09));
#2151 = ORIENTED_EDGE('',*,*,#2113,.F.);
#2152 = ORIENTED_EDGE('',*,*,#2153,.T.);
#2153 = EDGE_CURVE('',#2114,#2136,#2154,.T.);
#2154 = ELLIPSE('',#2155,5.503352493643E-02,5.5E-02);
#2155 = AXIS2_PLACEMENT_3D('',#2156,#2157,#2158);
#2156 = CARTESIAN_POINT('',(11.56249651912,29.067393012265,5.7767686711)
  );
#2157 = DIRECTION('',(-1.435042884918E-08,3.489949490857E-02,
    0.999390827082));
#2158 = DIRECTION('',(-5.011279921606E-10,-0.999390827082,
    3.489949490857E-02));
#2159 = CYLINDRICAL_SURFACE('',#2160,5.5E-02);
#2160 = AXIS2_PLACEMENT_3D('',#2161,#2162,#2163);
#2161 = CARTESIAN_POINT('',(11.56249652166,29.067393012582,5.59999985239
    ));
#2162 = DIRECTION('',(-1.435917607039E-08,-1.794896675733E-09,1.));
#2163 = DIRECTION('',(-1.,-1.594188788799E-24,-1.435917607039E-08));
#2164 = ADVANCED_FACE('',(#2165),#2192,.F.);
#2165 = FACE_BOUND('',#2166,.F.);
#2166 = EDGE_LOOP('',(#2167,#2176,#2184,#2191));
#2167 = ORIENTED_EDGE('',*,*,#2168,.F.);
#2168 = EDGE_CURVE('',#2169,#2136,#2171,.T.);
#2169 = VERTEX_POINT('',#2170);
#2170 = CARTESIAN_POINT('',(10.84271390745,28.714298077153,5.78909900697
    ));
#2171 = ELLIPSE('',#2172,2.251371474669,2.249999999996);
#2172 = AXIS2_PLACEMENT_3D('',#2173,#2174,#2175);
#2173 = CARTESIAN_POINT('',(12.29999973651,26.999999967067,5.84896363396
    ));
#2174 = DIRECTION('',(1.435042884918E-08,-3.489949490857E-02,
    -0.999390827082));
#2175 = DIRECTION('',(-5.011279921606E-10,-0.999390827082,
    3.489949490857E-02));
#2176 = ORIENTED_EDGE('',*,*,#2177,.T.);
#2177 = EDGE_CURVE('',#2169,#2178,#2180,.T.);
#2178 = VERTEX_POINT('',#2179);
#2179 = CARTESIAN_POINT('',(10.84271387929,28.714298073633,7.74999984142
    ));
#2180 = LINE('',#2181,#2182);
#2181 = CARTESIAN_POINT('',(10.84271391016,28.714298077492,5.59999984142
    ));
#2182 = VECTOR('',#2183,1.);
#2183 = DIRECTION('',(-1.435917607039E-08,-1.794896675733E-09,1.));
#2184 = ORIENTED_EDGE('',*,*,#2185,.F.);
#2185 = EDGE_CURVE('',#2138,#2178,#2186,.T.);
#2186 = CIRCLE('',#2187,2.249999999996);
#2187 = AXIS2_PLACEMENT_3D('',#2188,#2189,#2190);
#2188 = CARTESIAN_POINT('',(12.299999709213,26.999999963655,
    7.74999985926));
#2189 = DIRECTION('',(-1.43591766255E-08,-1.794897637215E-09,1.));
#2190 = DIRECTION('',(0.499999999997,-0.866025403786,5.625161361684E-09)
  );
#2191 = ORIENTED_EDGE('',*,*,#2135,.F.);
#2192 = CYLINDRICAL_SURFACE('',#2193,2.249999999996);
#2193 = AXIS2_PLACEMENT_3D('',#2194,#2195,#2196);
#2194 = CARTESIAN_POINT('',(12.299999740085,26.999999967514,
    5.59999985926));
#2195 = DIRECTION('',(-1.435917607039E-08,-1.794896675733E-09,1.));
#2196 = DIRECTION('',(-1.,-1.594188788799E-24,-1.435917607039E-08));
#2197 = ADVANCED_FACE('',(#2198),#2225,.F.);
#2198 = FACE_BOUND('',#2199,.F.);
#2199 = EDGE_LOOP('',(#2200,#2209,#2217,#2224));
#2200 = ORIENTED_EDGE('',*,*,#2201,.F.);
#2201 = EDGE_CURVE('',#2202,#2169,#2204,.T.);
#2202 = VERTEX_POINT('',#2203);
#2203 = CARTESIAN_POINT('',(10.83070505271,28.644893012239,5.79152268494
    ));
#2204 = ELLIPSE('',#2205,5.503352493643E-02,5.5E-02);
#2205 = AXIS2_PLACEMENT_3D('',#2206,#2207,#2208);
#2206 = CARTESIAN_POINT('',(10.87833644993,28.67239301224,5.79056236453)
  );
#2207 = DIRECTION('',(1.435042884918E-08,-3.489949490857E-02,
    -0.999390827082));
#2208 = DIRECTION('',(-5.011279921606E-10,-0.999390827082,
    3.489949490857E-02));
#2209 = ORIENTED_EDGE('',*,*,#2210,.T.);
#2210 = EDGE_CURVE('',#2202,#2211,#2213,.T.);
#2211 = VERTEX_POINT('',#2212);
#2212 = CARTESIAN_POINT('',(10.83070502459,28.644893008723,7.74999984111
    ));
#2213 = LINE('',#2214,#2215);
#2214 = CARTESIAN_POINT('',(10.83070505546,28.644893012582,5.59999984111
    ));
#2215 = VECTOR('',#2216,1.);
#2216 = DIRECTION('',(-1.435917607039E-08,-1.794896675733E-09,1.));
#2217 = ORIENTED_EDGE('',*,*,#2218,.F.);
#2218 = EDGE_CURVE('',#2178,#2211,#2219,.T.);
#2219 = CIRCLE('',#2220,5.5E-02);
#2220 = AXIS2_PLACEMENT_3D('',#2221,#2222,#2223);
#2221 = CARTESIAN_POINT('',(10.8783364218,28.672393008723,7.74999984186)
  );
#2222 = DIRECTION('',(-1.43591766255E-08,-1.794897637215E-09,1.));
#2223 = DIRECTION('',(0.499999999997,-0.866025403786,5.625161361684E-09)
  );
#2224 = ORIENTED_EDGE('',*,*,#2177,.F.);
#2225 = CYLINDRICAL_SURFACE('',#2226,5.5E-02);
#2226 = AXIS2_PLACEMENT_3D('',#2227,#2228,#2229);
#2227 = CARTESIAN_POINT('',(10.87833645267,28.672393012582,5.59999984186
    ));
#2228 = DIRECTION('',(-1.435917607039E-08,-1.794896675733E-09,1.));
#2229 = DIRECTION('',(-1.,-1.594188788799E-24,-1.435917607039E-08));
#2230 = ADVANCED_FACE('',(#2231),#2256,.T.);
#2231 = FACE_BOUND('',#2232,.T.);
#2232 = EDGE_LOOP('',(#2233,#2241,#2242,#2250));
#2233 = ORIENTED_EDGE('',*,*,#2234,.F.);
#2234 = EDGE_CURVE('',#2202,#2235,#2237,.T.);
#2235 = VERTEX_POINT('',#2236);
#2236 = CARTESIAN_POINT('',(10.83922709354,28.630132404526,5.79203813683
    ));
#2237 = LINE('',#2238,#2239);
#2238 = CARTESIAN_POINT('',(11.935867701874,26.730695151469,
    5.85836795963));
#2239 = VECTOR('',#2240,1.);
#2240 = DIRECTION('',(0.49977150751,-0.86562964399,3.022845888382E-02));
#2241 = ORIENTED_EDGE('',*,*,#2210,.T.);
#2242 = ORIENTED_EDGE('',*,*,#2243,.F.);
#2243 = EDGE_CURVE('',#2244,#2211,#2246,.T.);
#2244 = VERTEX_POINT('',#2245);
#2245 = CARTESIAN_POINT('',(10.83922706543,28.630132401012,7.74999984123
    ));
#2246 = LINE('',#2247,#2248);
#2247 = CARTESIAN_POINT('',(10.83070502459,28.644893008723,7.74999984111
    ));
#2248 = VECTOR('',#2249,1.);
#2249 = DIRECTION('',(-0.499999999999,0.866025403785,-5.625161799035E-09
    ));
#2250 = ORIENTED_EDGE('',*,*,#2251,.F.);
#2251 = EDGE_CURVE('',#2235,#2244,#2252,.T.);
#2252 = LINE('',#2253,#2254);
#2253 = CARTESIAN_POINT('',(10.8392270963,28.630132404871,5.59999984123)
  );
#2254 = VECTOR('',#2255,1.);
#2255 = DIRECTION('',(-1.435917607039E-08,-1.794896675733E-09,1.));
#2256 = PLANE('',#2257);
#2257 = AXIS2_PLACEMENT_3D('',#2258,#2259,#2260);
#2258 = CARTESIAN_POINT('',(10.83070505546,28.644893012582,5.59999984111
    ));
#2259 = DIRECTION('',(0.866025403785,0.499999999999,1.333285959225E-08)
  );
#2260 = DIRECTION('',(0.499999999999,-0.866025403785,5.625161916832E-09)
  );
#2261 = ADVANCED_FACE('',(#2262),#2289,.T.);
#2262 = FACE_BOUND('',#2263,.T.);
#2263 = EDGE_LOOP('',(#2264,#2273,#2274,#2283));
#2264 = ORIENTED_EDGE('',*,*,#2265,.F.);
#2265 = EDGE_CURVE('',#2235,#2266,#2268,.T.);
#2266 = VERTEX_POINT('',#2267);
#2267 = CARTESIAN_POINT('',(10.85350121383,28.513747331866,5.79610239312
    ));
#2268 = ELLIPSE('',#2269,0.150091431645,0.15);
#2269 = AXIS2_PLACEMENT_3D('',#2270,#2271,#2272);
#2270 = CARTESIAN_POINT('',(10.70932328294,28.555132404522,5.79465719253
    ));
#2271 = DIRECTION('',(1.435042884918E-08,-3.489949490857E-02,
    -0.999390827082));
#2272 = DIRECTION('',(-5.011279921606E-10,-0.999390827082,
    3.489949490857E-02));
#2273 = ORIENTED_EDGE('',*,*,#2251,.T.);
#2274 = ORIENTED_EDGE('',*,*,#2275,.F.);
#2275 = EDGE_CURVE('',#2276,#2244,#2278,.T.);
#2276 = VERTEX_POINT('',#2277);
#2277 = CARTESIAN_POINT('',(10.85350118577,28.513747328359,7.74999984122
    ));
#2278 = CIRCLE('',#2279,0.15);
#2279 = AXIS2_PLACEMENT_3D('',#2280,#2281,#2282);
#2280 = CARTESIAN_POINT('',(10.70932325486,28.555132401012,7.74999983922
    ));
#2281 = DIRECTION('',(-1.43591766255E-08,-1.794897637215E-09,1.));
#2282 = DIRECTION('',(0.499999999997,-0.866025403786,5.625161361684E-09)
  );
#2283 = ORIENTED_EDGE('',*,*,#2284,.F.);
#2284 = EDGE_CURVE('',#2266,#2276,#2285,.T.);
#2285 = LINE('',#2286,#2287);
#2286 = CARTESIAN_POINT('',(10.85350121664,28.513747332218,5.59999984122
    ));
#2287 = VECTOR('',#2288,1.);
#2288 = DIRECTION('',(-1.435917607039E-08,-1.794896675733E-09,1.));
#2289 = CYLINDRICAL_SURFACE('',#2290,0.15);
#2290 = AXIS2_PLACEMENT_3D('',#2291,#2292,#2293);
#2291 = CARTESIAN_POINT('',(10.70932328573,28.555132404871,5.59999983922
    ));
#2292 = DIRECTION('',(-1.435917607039E-08,-1.794896675733E-09,1.));
#2293 = DIRECTION('',(-1.,-1.594188788799E-24,-1.435917607039E-08));
#2294 = ADVANCED_FACE('',(#2295),#2322,.T.);
#2295 = FACE_BOUND('',#2296,.T.);
#2296 = EDGE_LOOP('',(#2297,#2306,#2307,#2316));
#2297 = ORIENTED_EDGE('',*,*,#2298,.F.);
#2298 = EDGE_CURVE('',#2266,#2299,#2301,.T.);
#2299 = VERTEX_POINT('',#2300);
#2300 = CARTESIAN_POINT('',(10.26580680229,27.495830752588,5.83164881308
    ));
#2301 = ELLIPSE('',#2302,2.433425896389,2.431943519082);
#2302 = AXIS2_PLACEMENT_3D('',#2303,#2304,#2305);
#2303 = CARTESIAN_POINT('',(8.51595064969,29.184721726744,5.77267141859)
  );
#2304 = DIRECTION('',(1.435042884918E-08,-3.489949490857E-02,
    -0.999390827082));
#2305 = DIRECTION('',(-5.011279921606E-10,-0.999390827082,
    3.489949490857E-02));
#2306 = ORIENTED_EDGE('',*,*,#2284,.T.);
#2307 = ORIENTED_EDGE('',*,*,#2308,.F.);
#2308 = EDGE_CURVE('',#2309,#2276,#2311,.T.);
#2309 = VERTEX_POINT('',#2310);
#2310 = CARTESIAN_POINT('',(10.26580677475,27.495830749144,7.74999983095
    ));
#2311 = CIRCLE('',#2312,2.431943519082);
#2312 = AXIS2_PLACEMENT_3D('',#2313,#2314,#2315);
#2313 = CARTESIAN_POINT('',(8.51595062129,29.184721723195,7.74999980886)
  );
#2314 = DIRECTION('',(-1.43591766255E-08,-1.794897637215E-09,1.));
#2315 = DIRECTION('',(0.499999999997,-0.866025403786,5.625161361684E-09)
  );
#2316 = ORIENTED_EDGE('',*,*,#2317,.F.);
#2317 = EDGE_CURVE('',#2299,#2309,#2318,.T.);
#2318 = LINE('',#2319,#2320);
#2319 = CARTESIAN_POINT('',(10.26580680562,27.495830753003,5.59999983095
    ));
#2320 = VECTOR('',#2321,1.);
#2321 = DIRECTION('',(-1.435917607039E-08,-1.794896675733E-09,1.));
#2322 = CYLINDRICAL_SURFACE('',#2323,2.431943519082);
#2323 = AXIS2_PLACEMENT_3D('',#2324,#2325,#2326);
#2324 = CARTESIAN_POINT('',(8.51595065217,29.184721727054,5.59999980886)
  );
#2325 = DIRECTION('',(-1.435917607039E-08,-1.794896675733E-09,1.));
#2326 = DIRECTION('',(-1.,-1.594188788799E-24,-1.435917607039E-08));
#2327 = ADVANCED_FACE('',(#2328),#2355,.T.);
#2328 = FACE_BOUND('',#2329,.T.);
#2329 = EDGE_LOOP('',(#2330,#2339,#2340,#2349));
#2330 = ORIENTED_EDGE('',*,*,#2331,.F.);
#2331 = EDGE_CURVE('',#2299,#2332,#2334,.T.);
#2332 = VERTEX_POINT('',#2333);
#2333 = CARTESIAN_POINT('',(10.15787731256,27.449999967092,5.83324925773
    ));
#2334 = ELLIPSE('',#2335,0.150091431645,0.15);
#2335 = AXIS2_PLACEMENT_3D('',#2336,#2337,#2338);
#2336 = CARTESIAN_POINT('',(10.15787731263,27.599999967101,5.82801114258
    ));
#2337 = DIRECTION('',(1.435042884918E-08,-3.489949490857E-02,
    -0.999390827082));
#2338 = DIRECTION('',(-5.011279921606E-10,-0.999390827082,
    3.489949490857E-02));
#2339 = ORIENTED_EDGE('',*,*,#2317,.T.);
#2340 = ORIENTED_EDGE('',*,*,#2341,.F.);
#2341 = EDGE_CURVE('',#2342,#2309,#2344,.T.);
#2342 = VERTEX_POINT('',#2343);
#2343 = CARTESIAN_POINT('',(10.15787728504,27.449999963651,7.74999982931
    ));
#2344 = CIRCLE('',#2345,0.15);
#2345 = AXIS2_PLACEMENT_3D('',#2346,#2347,#2348);
#2346 = CARTESIAN_POINT('',(10.15787728504,27.599999963651,7.74999982958
    ));
#2347 = DIRECTION('',(-1.43591766255E-08,-1.794897637215E-09,1.));
#2348 = DIRECTION('',(0.499999999997,-0.866025403786,5.625161361684E-09)
  );
#2349 = ORIENTED_EDGE('',*,*,#2350,.F.);
#2350 = EDGE_CURVE('',#2332,#2342,#2351,.T.);
#2351 = LINE('',#2352,#2353);
#2352 = CARTESIAN_POINT('',(10.15787731591,27.44999996751,5.59999982931)
  );
#2353 = VECTOR('',#2354,1.);
#2354 = DIRECTION('',(-1.435917607039E-08,-1.794896675733E-09,1.));
#2355 = CYLINDRICAL_SURFACE('',#2356,0.15);
#2356 = AXIS2_PLACEMENT_3D('',#2357,#2358,#2359);
#2357 = CARTESIAN_POINT('',(10.15787731591,27.59999996751,5.59999982958)
  );
#2358 = DIRECTION('',(-1.435917607039E-08,-1.794896675733E-09,1.));
#2359 = DIRECTION('',(-1.,-1.594188788799E-24,-1.435917607039E-08));
#2360 = ADVANCED_FACE('',(#2361),#2386,.F.);
#2361 = FACE_BOUND('',#2362,.T.);
#2362 = EDGE_LOOP('',(#2363,#2364,#2372,#2380));
#2363 = ORIENTED_EDGE('',*,*,#2350,.T.);
#2364 = ORIENTED_EDGE('',*,*,#2365,.T.);
#2365 = EDGE_CURVE('',#2342,#2366,#2368,.T.);
#2366 = VERTEX_POINT('',#2367);
#2367 = CARTESIAN_POINT('',(10.14083320336,27.449999963651,7.74999982907
    ));
#2368 = LINE('',#2369,#2370);
#2369 = CARTESIAN_POINT('',(10.14083320336,27.449999963651,7.74999982907
    ));
#2370 = VECTOR('',#2371,1.);
#2371 = DIRECTION('',(-1.,1.052772821724E-12,-1.435917607039E-08));
#2372 = ORIENTED_EDGE('',*,*,#2373,.F.);
#2373 = EDGE_CURVE('',#2374,#2366,#2376,.T.);
#2374 = VERTEX_POINT('',#2375);
#2375 = CARTESIAN_POINT('',(10.14083323089,27.449999967092,5.83324925749
    ));
#2376 = LINE('',#2377,#2378);
#2377 = CARTESIAN_POINT('',(10.14083323424,27.44999996751,5.59999982907)
  );
#2378 = VECTOR('',#2379,1.);
#2379 = DIRECTION('',(-1.435917607039E-08,-1.794896675733E-09,1.));
#2380 = ORIENTED_EDGE('',*,*,#2381,.T.);
#2381 = EDGE_CURVE('',#2374,#2332,#2382,.T.);
#2382 = LINE('',#2383,#2384);
#2383 = CARTESIAN_POINT('',(12.29999973675,27.449999967089,5.83324928849
    ));
#2384 = VECTOR('',#2385,1.);
#2385 = DIRECTION('',(1.,-1.05277282179E-12,1.435921283403E-08));
#2386 = PLANE('',#2387);
#2387 = AXIS2_PLACEMENT_3D('',#2388,#2389,#2390);
#2388 = CARTESIAN_POINT('',(10.14083323424,27.44999996751,5.59999982907)
  );
#2389 = DIRECTION('',(1.052747048487E-12,1.,1.794896675749E-09));
#2390 = DIRECTION('',(1.,-1.052772821724E-12,1.435917607039E-08));
#2391 = ADVANCED_FACE('',(#2392),#2419,.F.);
#2392 = FACE_BOUND('',#2393,.F.);
#2393 = EDGE_LOOP('',(#2394,#2403,#2411,#2418));
#2394 = ORIENTED_EDGE('',*,*,#2395,.F.);
#2395 = EDGE_CURVE('',#2396,#2374,#2398,.T.);
#2396 = VERTEX_POINT('',#2397);
#2397 = CARTESIAN_POINT('',(10.08673110885,27.404897461393,5.83482427083
    ));
#2398 = ELLIPSE('',#2399,5.503352493351E-02,5.499999999708E-02);
#2399 = AXIS2_PLACEMENT_3D('',#2400,#2401,#2402);
#2400 = CARTESIAN_POINT('',(10.14083323086,27.394999967088,5.83516989972
    ));
#2401 = DIRECTION('',(1.435042884918E-08,-3.489949490857E-02,
    -0.999390827082));
#2402 = DIRECTION('',(-5.011279921606E-10,-0.999390827082,
    3.489949490857E-02));
#2403 = ORIENTED_EDGE('',*,*,#2404,.T.);
#2404 = EDGE_CURVE('',#2396,#2405,#2407,.T.);
#2405 = VERTEX_POINT('',#2406);
#2406 = CARTESIAN_POINT('',(10.08673108135,27.404897457956,7.74999982821
    ));
#2407 = LINE('',#2408,#2409);
#2408 = CARTESIAN_POINT('',(10.08673111222,27.404897461815,5.59999982821
    ));
#2409 = VECTOR('',#2410,1.);
#2410 = DIRECTION('',(-1.435917607039E-08,-1.794896675733E-09,1.));
#2411 = ORIENTED_EDGE('',*,*,#2412,.F.);
#2412 = EDGE_CURVE('',#2366,#2405,#2413,.T.);
#2413 = CIRCLE('',#2414,5.499999999708E-02);
#2414 = AXIS2_PLACEMENT_3D('',#2415,#2416,#2417);
#2415 = CARTESIAN_POINT('',(10.14083320336,27.394999963651,7.74999982897
    ));
#2416 = DIRECTION('',(-1.43591766255E-08,-1.794897637215E-09,1.));
#2417 = DIRECTION('',(0.499999999997,-0.866025403786,5.625161361684E-09)
  );
#2418 = ORIENTED_EDGE('',*,*,#2373,.F.);
#2419 = CYLINDRICAL_SURFACE('',#2420,5.499999999708E-02);
#2420 = AXIS2_PLACEMENT_3D('',#2421,#2422,#2423);
#2421 = CARTESIAN_POINT('',(10.14083323424,27.39499996751,5.59999982897)
  );
#2422 = DIRECTION('',(-1.435917607039E-08,-1.794896675733E-09,1.));
#2423 = DIRECTION('',(-1.,-1.594188788799E-24,-1.435917607039E-08));
#2424 = ADVANCED_FACE('',(#2425),#2452,.F.);
#2425 = FACE_BOUND('',#2426,.F.);
#2426 = EDGE_LOOP('',(#2427,#2437,#2444,#2445));
#2427 = ORIENTED_EDGE('',*,*,#2428,.T.);
#2428 = EDGE_CURVE('',#2429,#2431,#2433,.T.);
#2429 = VERTEX_POINT('',#2430);
#2430 = CARTESIAN_POINT('',(10.08673110844,26.595102472737,5.86310293351
    ));
#2431 = VERTEX_POINT('',#2432);
#2432 = CARTESIAN_POINT('',(10.08673108135,26.59510246935,7.74999982675)
  );
#2433 = LINE('',#2434,#2435);
#2434 = CARTESIAN_POINT('',(10.08673111222,26.595102473209,5.59999982675
    ));
#2435 = VECTOR('',#2436,1.);
#2436 = DIRECTION('',(-1.435917607039E-08,-1.794896675733E-09,1.));
#2437 = ORIENTED_EDGE('',*,*,#2438,.T.);
#2438 = EDGE_CURVE('',#2431,#2405,#2439,.T.);
#2439 = CIRCLE('',#2440,2.25);
#2440 = AXIS2_PLACEMENT_3D('',#2441,#2442,#2443);
#2441 = CARTESIAN_POINT('',(12.299999709213,26.999999963655,
    7.74999985926));
#2442 = DIRECTION('',(1.435917496017E-08,1.794896793924E-09,-1.));
#2443 = DIRECTION('',(0.5,0.866025403784,8.734013700797E-09));
#2444 = ORIENTED_EDGE('',*,*,#2404,.F.);
#2445 = ORIENTED_EDGE('',*,*,#2446,.T.);
#2446 = EDGE_CURVE('',#2396,#2429,#2447,.T.);
#2447 = ELLIPSE('',#2448,2.251371474672,2.25);
#2448 = AXIS2_PLACEMENT_3D('',#2449,#2450,#2451);
#2449 = CARTESIAN_POINT('',(12.29999973651,26.999999967067,5.84896363396
    ));
#2450 = DIRECTION('',(-1.435042884918E-08,3.489949490857E-02,
    0.999390827082));
#2451 = DIRECTION('',(-5.011279921606E-10,-0.999390827082,
    3.489949490857E-02));
#2452 = CYLINDRICAL_SURFACE('',#2453,2.25);
#2453 = AXIS2_PLACEMENT_3D('',#2454,#2455,#2456);
#2454 = CARTESIAN_POINT('',(12.299999740085,26.999999967514,
    5.59999985926));
#2455 = DIRECTION('',(-1.435917607039E-08,-1.794896675733E-09,1.));
#2456 = DIRECTION('',(-1.,-1.594188788799E-24,-1.435917607039E-08));
#2457 = ADVANCED_FACE('',(#2458),#2485,.F.);
#2458 = FACE_BOUND('',#2459,.F.);
#2459 = EDGE_LOOP('',(#2460,#2470,#2477,#2478));
#2460 = ORIENTED_EDGE('',*,*,#2461,.T.);
#2461 = EDGE_CURVE('',#2462,#2464,#2466,.T.);
#2462 = VERTEX_POINT('',#2463);
#2463 = CARTESIAN_POINT('',(10.14083323044,26.549999967039,5.86467794842
    ));
#2464 = VERTEX_POINT('',#2465);
#2465 = CARTESIAN_POINT('',(10.14083320336,26.549999963658,7.74999982746
    ));
#2466 = LINE('',#2467,#2468);
#2467 = CARTESIAN_POINT('',(10.14083323424,26.549999967517,5.59999982746
    ));
#2468 = VECTOR('',#2469,1.);
#2469 = DIRECTION('',(-1.435917607039E-08,-1.794896675733E-09,1.));
#2470 = ORIENTED_EDGE('',*,*,#2471,.T.);
#2471 = EDGE_CURVE('',#2464,#2431,#2472,.T.);
#2472 = CIRCLE('',#2473,5.499999999708E-02);
#2473 = AXIS2_PLACEMENT_3D('',#2474,#2475,#2476);
#2474 = CARTESIAN_POINT('',(10.14083320336,26.604999963656,7.74999982756
    ));
#2475 = DIRECTION('',(1.435917496017E-08,1.794896793924E-09,-1.));
#2476 = DIRECTION('',(0.5,0.866025403784,8.734013700797E-09));
#2477 = ORIENTED_EDGE('',*,*,#2428,.F.);
#2478 = ORIENTED_EDGE('',*,*,#2479,.T.);
#2479 = EDGE_CURVE('',#2429,#2462,#2480,.T.);
#2480 = ELLIPSE('',#2481,5.503352493351E-02,5.499999999708E-02);
#2481 = AXIS2_PLACEMENT_3D('',#2482,#2483,#2484);
#2482 = CARTESIAN_POINT('',(10.14083323046,26.604999967043,5.8627573062)
  );
#2483 = DIRECTION('',(-1.435042884918E-08,3.489949490857E-02,
    0.999390827082));
#2484 = DIRECTION('',(-5.011279921606E-10,-0.999390827082,
    3.489949490857E-02));
#2485 = CYLINDRICAL_SURFACE('',#2486,5.499999999708E-02);
#2486 = AXIS2_PLACEMENT_3D('',#2487,#2488,#2489);
#2487 = CARTESIAN_POINT('',(10.14083323424,26.604999967515,5.59999982756
    ));
#2488 = DIRECTION('',(-1.435917607039E-08,-1.794896675733E-09,1.));
#2489 = DIRECTION('',(-1.,-1.594188788799E-24,-1.435917607039E-08));
#2490 = ADVANCED_FACE('',(#2491),#2516,.T.);
#2491 = FACE_BOUND('',#2492,.T.);
#2492 = EDGE_LOOP('',(#2493,#2501,#2502,#2510));
#2493 = ORIENTED_EDGE('',*,*,#2494,.F.);
#2494 = EDGE_CURVE('',#2462,#2495,#2497,.T.);
#2495 = VERTEX_POINT('',#2496);
#2496 = CARTESIAN_POINT('',(10.15787731211,26.549999967039,5.86467794866
    ));
#2497 = LINE('',#2498,#2499);
#2498 = CARTESIAN_POINT('',(12.299999736299,26.549999967042,
    5.86467797942));
#2499 = VECTOR('',#2500,1.);
#2500 = DIRECTION('',(1.,1.040050491621E-12,1.435913975103E-08));
#2501 = ORIENTED_EDGE('',*,*,#2461,.T.);
#2502 = ORIENTED_EDGE('',*,*,#2503,.F.);
#2503 = EDGE_CURVE('',#2504,#2464,#2506,.T.);
#2504 = VERTEX_POINT('',#2505);
#2505 = CARTESIAN_POINT('',(10.15787728504,26.549999963656,7.7499998277)
  );
#2506 = LINE('',#2507,#2508);
#2507 = CARTESIAN_POINT('',(10.14083320336,26.549999963656,7.74999982746
    ));
#2508 = VECTOR('',#2509,1.);
#2509 = DIRECTION('',(-1.,-1.040050491556E-12,-1.435917607039E-08));
#2510 = ORIENTED_EDGE('',*,*,#2511,.F.);
#2511 = EDGE_CURVE('',#2495,#2504,#2512,.T.);
#2512 = LINE('',#2513,#2514);
#2513 = CARTESIAN_POINT('',(10.15787731591,26.549999967515,5.5999998277)
  );
#2514 = VECTOR('',#2515,1.);
#2515 = DIRECTION('',(-1.435917607039E-08,-1.794896675733E-09,1.));
#2516 = PLANE('',#2517);
#2517 = AXIS2_PLACEMENT_3D('',#2518,#2519,#2520);
#2518 = CARTESIAN_POINT('',(10.14083323424,26.549999967515,5.59999982746
    ));
#2519 = DIRECTION('',(-1.040076264793E-12,1.,1.794896675718E-09));
#2520 = DIRECTION('',(1.,1.040050491556E-12,1.435917607039E-08));
#2521 = ADVANCED_FACE('',(#2522),#2549,.T.);
#2522 = FACE_BOUND('',#2523,.T.);
#2523 = EDGE_LOOP('',(#2524,#2525,#2534,#2542));
#2524 = ORIENTED_EDGE('',*,*,#2511,.T.);
#2525 = ORIENTED_EDGE('',*,*,#2526,.T.);
#2526 = EDGE_CURVE('',#2504,#2527,#2529,.T.);
#2527 = VERTEX_POINT('',#2528);
#2528 = CARTESIAN_POINT('',(10.26580677475,26.504169178162,7.74999982917
    ));
#2529 = CIRCLE('',#2530,0.15);
#2530 = AXIS2_PLACEMENT_3D('',#2531,#2532,#2533);
#2531 = CARTESIAN_POINT('',(10.15787728504,26.399999963656,7.74999982743
    ));
#2532 = DIRECTION('',(1.435917496017E-08,1.794896793924E-09,-1.));
#2533 = DIRECTION('',(0.5,0.866025403784,8.734013700797E-09));
#2534 = ORIENTED_EDGE('',*,*,#2535,.F.);
#2535 = EDGE_CURVE('',#2536,#2527,#2538,.T.);
#2536 = VERTEX_POINT('',#2537);
#2537 = CARTESIAN_POINT('',(10.26580680179,26.504169181543,5.86627839643
    ));
#2538 = LINE('',#2539,#2540);
#2539 = CARTESIAN_POINT('',(10.26580680562,26.504169182021,5.59999982917
    ));
#2540 = VECTOR('',#2541,1.);
#2541 = DIRECTION('',(-1.435917607039E-08,-1.794896675733E-09,1.));
#2542 = ORIENTED_EDGE('',*,*,#2543,.T.);
#2543 = EDGE_CURVE('',#2536,#2495,#2544,.T.);
#2544 = ELLIPSE('',#2545,0.150091431645,0.15);
#2545 = AXIS2_PLACEMENT_3D('',#2546,#2547,#2548);
#2546 = CARTESIAN_POINT('',(10.15787731203,26.39999996703,5.86991606381)
  );
#2547 = DIRECTION('',(-1.435042884918E-08,3.489949490857E-02,
    0.999390827082));
#2548 = DIRECTION('',(-5.011279921606E-10,-0.999390827082,
    3.489949490857E-02));
#2549 = CYLINDRICAL_SURFACE('',#2550,0.15);
#2550 = AXIS2_PLACEMENT_3D('',#2551,#2552,#2553);
#2551 = CARTESIAN_POINT('',(10.15787731591,26.399999967515,5.59999982743
    ));
#2552 = DIRECTION('',(-1.435917607039E-08,-1.794896675733E-09,1.));
#2553 = DIRECTION('',(-1.,-1.594188788799E-24,-1.435917607039E-08));
#2554 = ADVANCED_FACE('',(#2555),#2582,.T.);
#2555 = FACE_BOUND('',#2556,.T.);
#2556 = EDGE_LOOP('',(#2557,#2558,#2567,#2575));
#2557 = ORIENTED_EDGE('',*,*,#2535,.T.);
#2558 = ORIENTED_EDGE('',*,*,#2559,.T.);
#2559 = EDGE_CURVE('',#2527,#2560,#2562,.T.);
#2560 = VERTEX_POINT('',#2561);
#2561 = CARTESIAN_POINT('',(10.85350118577,25.486252598948,7.74999983579
    ));
#2562 = CIRCLE('',#2563,2.431943519082);
#2563 = AXIS2_PLACEMENT_3D('',#2564,#2565,#2566);
#2564 = CARTESIAN_POINT('',(8.51595062129,24.815278204112,7.74999980102)
  );
#2565 = DIRECTION('',(1.435917496017E-08,1.794896793924E-09,-1.));
#2566 = DIRECTION('',(0.5,0.866025403784,8.734013700797E-09));
#2567 = ORIENTED_EDGE('',*,*,#2568,.F.);
#2568 = EDGE_CURVE('',#2569,#2560,#2571,.T.);
#2569 = VERTEX_POINT('',#2570);
#2570 = CARTESIAN_POINT('',(10.85350121231,25.486252602265,5.90182483327
    ));
#2571 = LINE('',#2572,#2573);
#2572 = CARTESIAN_POINT('',(10.85350121664,25.486252602807,5.59999983579
    ));
#2573 = VECTOR('',#2574,1.);
#2574 = DIRECTION('',(-1.435917607039E-08,-1.794896675733E-09,1.));
#2575 = ORIENTED_EDGE('',*,*,#2576,.T.);
#2576 = EDGE_CURVE('',#2569,#2536,#2577,.T.);
#2577 = ELLIPSE('',#2578,2.433425896389,2.431943519082);
#2578 = AXIS2_PLACEMENT_3D('',#2579,#2580,#2581);
#2579 = CARTESIAN_POINT('',(8.51595064749,24.815278207387,5.92525574068)
  );
#2580 = DIRECTION('',(-1.435042884918E-08,3.489949490857E-02,
    0.999390827082));
#2581 = DIRECTION('',(-5.011279921606E-10,-0.999390827082,
    3.489949490857E-02));
#2582 = CYLINDRICAL_SURFACE('',#2583,2.431943519082);
#2583 = AXIS2_PLACEMENT_3D('',#2584,#2585,#2586);
#2584 = CARTESIAN_POINT('',(8.51595065217,24.815278207971,5.59999980102)
  );
#2585 = DIRECTION('',(-1.435917607039E-08,-1.794896675733E-09,1.));
#2586 = DIRECTION('',(-1.,-1.594188788799E-24,-1.435917607039E-08));
#2587 = ADVANCED_FACE('',(#2588),#2615,.T.);
#2588 = FACE_BOUND('',#2589,.T.);
#2589 = EDGE_LOOP('',(#2590,#2591,#2600,#2608));
#2590 = ORIENTED_EDGE('',*,*,#2568,.T.);
#2591 = ORIENTED_EDGE('',*,*,#2592,.T.);
#2592 = EDGE_CURVE('',#2560,#2593,#2595,.T.);
#2593 = VERTEX_POINT('',#2594);
#2594 = CARTESIAN_POINT('',(10.83922706543,25.369867526295,7.74999983538
    ));
#2595 = CIRCLE('',#2596,0.15);
#2596 = AXIS2_PLACEMENT_3D('',#2597,#2598,#2599);
#2597 = CARTESIAN_POINT('',(10.70932325486,25.444867526295,7.74999983363
    ));
#2598 = DIRECTION('',(1.435917496017E-08,1.794896793924E-09,-1.));
#2599 = DIRECTION('',(0.5,0.866025403784,8.734013700797E-09));
#2600 = ORIENTED_EDGE('',*,*,#2601,.F.);
#2601 = EDGE_CURVE('',#2602,#2593,#2604,.T.);
#2602 = VERTEX_POINT('',#2603);
#2603 = CARTESIAN_POINT('',(10.83922709191,25.369867529605,5.90588908915
    ));
#2604 = LINE('',#2605,#2606);
#2605 = CARTESIAN_POINT('',(10.8392270963,25.369867530154,5.59999983538)
  );
#2606 = VECTOR('',#2607,1.);
#2607 = DIRECTION('',(-1.435917607039E-08,-1.794896675733E-09,1.));
#2608 = ORIENTED_EDGE('',*,*,#2609,.T.);
#2609 = EDGE_CURVE('',#2602,#2569,#2610,.T.);
#2610 = ELLIPSE('',#2611,0.150091431645,0.15);
#2611 = AXIS2_PLACEMENT_3D('',#2612,#2613,#2614);
#2612 = CARTESIAN_POINT('',(10.70932328138,25.444867529609,5.9032700297)
  );
#2613 = DIRECTION('',(-1.435042884918E-08,3.489949490857E-02,
    0.999390827082));
#2614 = DIRECTION('',(-5.011279921606E-10,-0.999390827082,
    3.489949490857E-02));
#2615 = CYLINDRICAL_SURFACE('',#2616,0.15);
#2616 = AXIS2_PLACEMENT_3D('',#2617,#2618,#2619);
#2617 = CARTESIAN_POINT('',(10.70932328573,25.444867530154,5.59999983363
    ));
#2618 = DIRECTION('',(-1.435917607039E-08,-1.794896675733E-09,1.));
#2619 = DIRECTION('',(-1.,-1.594188788799E-24,-1.435917607039E-08));
#2620 = ADVANCED_FACE('',(#2621),#2646,.F.);
#2621 = FACE_BOUND('',#2622,.T.);
#2622 = EDGE_LOOP('',(#2623,#2624,#2632,#2640));
#2623 = ORIENTED_EDGE('',*,*,#2601,.T.);
#2624 = ORIENTED_EDGE('',*,*,#2625,.T.);
#2625 = EDGE_CURVE('',#2593,#2626,#2628,.T.);
#2626 = VERTEX_POINT('',#2627);
#2627 = CARTESIAN_POINT('',(10.83070502459,25.355106918583,7.74999983521
    ));
#2628 = LINE('',#2629,#2630);
#2629 = CARTESIAN_POINT('',(10.83070502459,25.355106918583,7.74999983521
    ));
#2630 = VECTOR('',#2631,1.);
#2631 = DIRECTION('',(-0.499999999999,-0.866025403785,
    -8.734014271338E-09));
#2632 = ORIENTED_EDGE('',*,*,#2633,.F.);
#2633 = EDGE_CURVE('',#2634,#2626,#2636,.T.);
#2634 = VERTEX_POINT('',#2635);
#2635 = CARTESIAN_POINT('',(10.83070505106,25.355106921892,5.90640454076
    ));
#2636 = LINE('',#2637,#2638);
#2637 = CARTESIAN_POINT('',(10.83070505546,25.355106922442,5.59999983521
    ));
#2638 = VECTOR('',#2639,1.);
#2639 = DIRECTION('',(-1.435917607039E-08,-1.794896675733E-09,1.));
#2640 = ORIENTED_EDGE('',*,*,#2641,.T.);
#2641 = EDGE_CURVE('',#2634,#2602,#2642,.T.);
#2642 = LINE('',#2643,#2644);
#2643 = CARTESIAN_POINT('',(11.884471506052,27.180283959784,
    5.84266797257));
#2644 = VECTOR('',#2645,1.);
#2645 = DIRECTION('',(0.499771508379,0.86562964399,-3.022844453099E-02)
  );
#2646 = PLANE('',#2647);
#2647 = AXIS2_PLACEMENT_3D('',#2648,#2649,#2650);
#2648 = CARTESIAN_POINT('',(10.83070505546,25.355106922442,5.59999983521
    ));
#2649 = DIRECTION('',(-0.866025403785,0.499999999999,-1.153796291652E-08
    ));
#2650 = DIRECTION('',(0.499999999999,0.866025403785,8.734014153541E-09)
  );
#2651 = ADVANCED_FACE('',(#2652),#2679,.F.);
#2652 = FACE_BOUND('',#2653,.F.);
#2653 = EDGE_LOOP('',(#2654,#2664,#2671,#2672));
#2654 = ORIENTED_EDGE('',*,*,#2655,.T.);
#2655 = EDGE_CURVE('',#2656,#2658,#2660,.T.);
#2656 = VERTEX_POINT('',#2657);
#2657 = CARTESIAN_POINT('',(10.84271390573,25.285701856977,5.9088282191)
  );
#2658 = VERTEX_POINT('',#2659);
#2659 = CARTESIAN_POINT('',(10.84271387929,25.285701853673,7.74999983527
    ));
#2660 = LINE('',#2661,#2662);
#2661 = CARTESIAN_POINT('',(10.84271391016,25.285701857532,5.59999983527
    ));
#2662 = VECTOR('',#2663,1.);
#2663 = DIRECTION('',(-1.435917607039E-08,-1.794896675733E-09,1.));
#2664 = ORIENTED_EDGE('',*,*,#2665,.T.);
#2665 = EDGE_CURVE('',#2658,#2626,#2666,.T.);
#2666 = CIRCLE('',#2667,5.5E-02);
#2667 = AXIS2_PLACEMENT_3D('',#2668,#2669,#2670);
#2668 = CARTESIAN_POINT('',(10.8783364218,25.327606918583,7.74999983586)
  );
#2669 = DIRECTION('',(1.435917496017E-08,1.794896793924E-09,-1.));
#2670 = DIRECTION('',(0.5,0.866025403784,8.734013700797E-09));
#2671 = ORIENTED_EDGE('',*,*,#2633,.F.);
#2672 = ORIENTED_EDGE('',*,*,#2673,.T.);
#2673 = EDGE_CURVE('',#2634,#2656,#2674,.T.);
#2674 = ELLIPSE('',#2675,5.503352493643E-02,5.5E-02);
#2675 = AXIS2_PLACEMENT_3D('',#2676,#2677,#2678);
#2676 = CARTESIAN_POINT('',(10.87833644826,25.327606921891,5.90736486258
    ));
#2677 = DIRECTION('',(-1.435042884918E-08,3.489949490857E-02,
    0.999390827082));
#2678 = DIRECTION('',(-5.011279921606E-10,-0.999390827082,
    3.489949490857E-02));
#2679 = CYLINDRICAL_SURFACE('',#2680,5.5E-02);
#2680 = AXIS2_PLACEMENT_3D('',#2681,#2682,#2683);
#2681 = CARTESIAN_POINT('',(10.87833645267,25.327606922442,5.59999983586
    ));
#2682 = DIRECTION('',(-1.435917607039E-08,-1.794896675733E-09,1.));
#2683 = DIRECTION('',(-1.,-1.594188788799E-24,-1.435917607039E-08));
#2684 = ADVANCED_FACE('',(#2685),#2712,.F.);
#2685 = FACE_BOUND('',#2686,.F.);
#2686 = EDGE_LOOP('',(#2687,#2696,#2704,#2711));
#2687 = ORIENTED_EDGE('',*,*,#2688,.F.);
#2688 = EDGE_CURVE('',#2689,#2656,#2691,.T.);
#2689 = VERTEX_POINT('',#2690);
#2690 = CARTESIAN_POINT('',(11.54401693752,24.880804362648,5.92296756051
    ));
#2691 = ELLIPSE('',#2692,2.251371474672,2.25);
#2692 = AXIS2_PLACEMENT_3D('',#2693,#2694,#2695);
#2693 = CARTESIAN_POINT('',(12.29999973651,26.999999967067,5.84896363396
    ));
#2694 = DIRECTION('',(1.435042884918E-08,-3.489949490857E-02,
    -0.999390827082));
#2695 = DIRECTION('',(-5.011279921606E-10,-0.999390827082,
    3.489949490857E-02));
#2696 = ORIENTED_EDGE('',*,*,#2697,.T.);
#2697 = EDGE_CURVE('',#2689,#2698,#2700,.T.);
#2698 = VERTEX_POINT('',#2699);
#2699 = CARTESIAN_POINT('',(11.54401691128,24.880804359369,7.74999984462
    ));
#2700 = LINE('',#2701,#2702);
#2701 = CARTESIAN_POINT('',(11.54401694216,24.880804363228,5.59999984462
    ));
#2702 = VECTOR('',#2703,1.);
#2703 = DIRECTION('',(-1.435917607039E-08,-1.794896675733E-09,1.));
#2704 = ORIENTED_EDGE('',*,*,#2705,.F.);
#2705 = EDGE_CURVE('',#2658,#2698,#2706,.T.);
#2706 = CIRCLE('',#2707,2.25);
#2707 = AXIS2_PLACEMENT_3D('',#2708,#2709,#2710);
#2708 = CARTESIAN_POINT('',(12.299999709213,26.999999963655,
    7.74999985926));
#2709 = DIRECTION('',(-1.435917496017E-08,-1.794896675733E-09,1.));
#2710 = DIRECTION('',(0.500000000001,0.866025403784,8.73401359845E-09));
#2711 = ORIENTED_EDGE('',*,*,#2655,.F.);
#2712 = CYLINDRICAL_SURFACE('',#2713,2.25);
#2713 = AXIS2_PLACEMENT_3D('',#2714,#2715,#2716);
#2714 = CARTESIAN_POINT('',(12.299999740085,26.999999967514,
    5.59999985926));
#2715 = DIRECTION('',(-1.435917607039E-08,-1.794896675733E-09,1.));
#2716 = DIRECTION('',(-1.,-1.594188788799E-24,-1.435917607039E-08));
#2717 = ADVANCED_FACE('',(#2718),#2745,.F.);
#2718 = FACE_BOUND('',#2719,.F.);
#2719 = EDGE_LOOP('',(#2720,#2729,#2737,#2744));
#2720 = ORIENTED_EDGE('',*,*,#2721,.F.);
#2721 = EDGE_CURVE('',#2722,#2689,#2724,.T.);
#2722 = VERTEX_POINT('',#2723);
#2723 = CARTESIAN_POINT('',(11.610127914238,24.905106921865,
    5.92211889743));
#2724 = ELLIPSE('',#2725,5.503352493643E-02,5.5E-02);
#2725 = AXIS2_PLACEMENT_3D('',#2726,#2727,#2728);
#2726 = CARTESIAN_POINT('',(11.56249651705,24.932606921866,5.92115857563
    ));
#2727 = DIRECTION('',(1.435042884918E-08,-3.489949490857E-02,
    -0.999390827082));
#2728 = DIRECTION('',(-5.011279921606E-10,-0.999390827082,
    3.489949490857E-02));
#2729 = ORIENTED_EDGE('',*,*,#2730,.T.);
#2730 = EDGE_CURVE('',#2722,#2731,#2733,.T.);
#2731 = VERTEX_POINT('',#2732);
#2732 = CARTESIAN_POINT('',(11.610127887992,24.905106918584,7.7499998456
    ));
#2733 = LINE('',#2734,#2735);
#2734 = CARTESIAN_POINT('',(11.610127918864,24.905106922443,5.5999998456
    ));
#2735 = VECTOR('',#2736,1.);
#2736 = DIRECTION('',(-1.435917607039E-08,-1.794896675733E-09,1.));
#2737 = ORIENTED_EDGE('',*,*,#2738,.F.);
#2738 = EDGE_CURVE('',#2698,#2731,#2739,.T.);
#2739 = CIRCLE('',#2740,5.5E-02);
#2740 = AXIS2_PLACEMENT_3D('',#2741,#2742,#2743);
#2741 = CARTESIAN_POINT('',(11.56249649079,24.932606918584,7.74999984497
    ));
#2742 = DIRECTION('',(-1.435917496017E-08,-1.794896675733E-09,1.));
#2743 = DIRECTION('',(0.500000000001,0.866025403784,8.73401359845E-09));
#2744 = ORIENTED_EDGE('',*,*,#2697,.F.);
#2745 = CYLINDRICAL_SURFACE('',#2746,5.5E-02);
#2746 = AXIS2_PLACEMENT_3D('',#2747,#2748,#2749);
#2747 = CARTESIAN_POINT('',(11.56249652166,24.932606922443,5.59999984497
    ));
#2748 = DIRECTION('',(-1.435917607039E-08,-1.794896675733E-09,1.));
#2749 = DIRECTION('',(-1.,-1.594188788799E-24,-1.435917607039E-08));
#2750 = ADVANCED_FACE('',(#2751),#2776,.T.);
#2751 = FACE_BOUND('',#2752,.T.);
#2752 = EDGE_LOOP('',(#2753,#2761,#2762,#2770));
#2753 = ORIENTED_EDGE('',*,*,#2754,.F.);
#2754 = EDGE_CURVE('',#2722,#2755,#2757,.T.);
#2755 = VERTEX_POINT('',#2756);
#2756 = CARTESIAN_POINT('',(11.618649955081,24.919867529577,
    5.92160344579));
#2757 = LINE('',#2758,#2759);
#2758 = CARTESIAN_POINT('',(12.664131770884,26.73069515148,5.8583679701)
  );
#2759 = VECTOR('',#2760,1.);
#2760 = DIRECTION('',(0.499771508379,0.86562964399,-3.022844453099E-02)
  );
#2761 = ORIENTED_EDGE('',*,*,#2730,.T.);
#2762 = ORIENTED_EDGE('',*,*,#2763,.F.);
#2763 = EDGE_CURVE('',#2764,#2731,#2766,.T.);
#2764 = VERTEX_POINT('',#2765);
#2765 = CARTESIAN_POINT('',(11.618649928828,24.919867526295,
    7.74999984575));
#2766 = LINE('',#2767,#2768);
#2767 = CARTESIAN_POINT('',(11.610127887992,24.905106918584,7.7499998456
    ));
#2768 = VECTOR('',#2769,1.);
#2769 = DIRECTION('',(-0.499999999999,-0.866025403785,
    -8.734014271338E-09));
#2770 = ORIENTED_EDGE('',*,*,#2771,.F.);
#2771 = EDGE_CURVE('',#2755,#2764,#2772,.T.);
#2772 = LINE('',#2773,#2774);
#2773 = CARTESIAN_POINT('',(11.6186499597,24.919867530154,5.59999984575)
  );
#2774 = VECTOR('',#2775,1.);
#2775 = DIRECTION('',(-1.435917607039E-08,-1.794896675733E-09,1.));
#2776 = PLANE('',#2777);
#2777 = AXIS2_PLACEMENT_3D('',#2778,#2779,#2780);
#2778 = CARTESIAN_POINT('',(11.610127918864,24.905106922443,5.5999998456
    ));
#2779 = DIRECTION('',(-0.866025403785,0.499999999999,-1.153796291652E-08
    ));
#2780 = DIRECTION('',(0.499999999999,0.866025403785,8.734014153541E-09)
  );
#2781 = ADVANCED_FACE('',(#2782),#2809,.T.);
#2782 = FACE_BOUND('',#2783,.T.);
#2783 = EDGE_LOOP('',(#2784,#2793,#2794,#2803));
#2784 = ORIENTED_EDGE('',*,*,#2785,.F.);
#2785 = EDGE_CURVE('',#2755,#2786,#2788,.T.);
#2786 = VERTEX_POINT('',#2787);
#2787 = CARTESIAN_POINT('',(11.712305324485,24.990421816741,
    5.91913963727));
#2788 = ELLIPSE('',#2789,0.150091431645,0.15);
#2789 = AXIS2_PLACEMENT_3D('',#2790,#2791,#2792);
#2790 = CARTESIAN_POINT('',(11.748553765613,24.844867529572,
    5.92422250524));
#2791 = DIRECTION('',(1.435042884918E-08,-3.489949490857E-02,
    -0.999390827082));
#2792 = DIRECTION('',(-5.011279921606E-10,-0.999390827082,
    3.489949490857E-02));
#2793 = ORIENTED_EDGE('',*,*,#2771,.T.);
#2794 = ORIENTED_EDGE('',*,*,#2795,.F.);
#2795 = EDGE_CURVE('',#2796,#2764,#2798,.T.);
#2796 = VERTEX_POINT('',#2797);
#2797 = CARTESIAN_POINT('',(11.712305298196,24.990421813455,
    7.74999984722));
#2798 = CIRCLE('',#2799,0.15);
#2799 = AXIS2_PLACEMENT_3D('',#2800,#2801,#2802);
#2800 = CARTESIAN_POINT('',(11.748553739396,24.844867526295,
    7.74999984748));
#2801 = DIRECTION('',(-1.435917496017E-08,-1.794896675733E-09,1.));
#2802 = DIRECTION('',(0.500000000001,0.866025403784,8.73401359845E-09));
#2803 = ORIENTED_EDGE('',*,*,#2804,.F.);
#2804 = EDGE_CURVE('',#2786,#2796,#2805,.T.);
#2805 = LINE('',#2806,#2807);
#2806 = CARTESIAN_POINT('',(11.712305329068,24.990421817314,
    5.59999984722));
#2807 = VECTOR('',#2808,1.);
#2808 = DIRECTION('',(-1.435917607039E-08,-1.794896675733E-09,1.));
#2809 = CYLINDRICAL_SURFACE('',#2810,0.15);
#2810 = AXIS2_PLACEMENT_3D('',#2811,#2812,#2813);
#2811 = CARTESIAN_POINT('',(11.748553770268,24.844867530154,
    5.59999984748));
#2812 = DIRECTION('',(-1.435917607039E-08,-1.794896675733E-09,1.));
#2813 = DIRECTION('',(-1.,-1.594188788799E-24,-1.435917607039E-08));
#2814 = ADVANCED_FACE('',(#2815),#2842,.T.);
#2815 = FACE_BOUND('',#2816,.T.);
#2816 = EDGE_LOOP('',(#2817,#2826,#2827,#2836));
#2817 = ORIENTED_EDGE('',*,*,#2818,.F.);
#2818 = EDGE_CURVE('',#2786,#2819,#2821,.T.);
#2819 = VERTEX_POINT('',#2820);
#2820 = CARTESIAN_POINT('',(12.887694146529,24.990421816742,
    5.91913965415));
#2821 = ELLIPSE('',#2822,2.433425896389,2.431943519082);
#2822 = AXIS2_PLACEMENT_3D('',#2823,#2824,#2825);
#2823 = CARTESIAN_POINT('',(12.299999734325,22.63055644771,6.00154795605
    ));
#2824 = DIRECTION('',(1.435042884918E-08,-3.489949490857E-02,
    -0.999390827082));
#2825 = DIRECTION('',(-5.011279921606E-10,-0.999390827082,
    3.489949490857E-02));
#2826 = ORIENTED_EDGE('',*,*,#2804,.T.);
#2827 = ORIENTED_EDGE('',*,*,#2828,.F.);
#2828 = EDGE_CURVE('',#2829,#2796,#2831,.T.);
#2829 = VERTEX_POINT('',#2830);
#2830 = CARTESIAN_POINT('',(12.88769412024,24.990421813456,7.7499998641)
  );
#2831 = CIRCLE('',#2832,2.431943519082);
#2832 = AXIS2_PLACEMENT_3D('',#2833,#2834,#2835);
#2833 = CARTESIAN_POINT('',(12.299999709219,22.630556444571,
    7.74999985142));
#2834 = DIRECTION('',(-1.435917496017E-08,-1.794896675733E-09,1.));
#2835 = DIRECTION('',(0.500000000001,0.866025403784,8.73401359845E-09));
#2836 = ORIENTED_EDGE('',*,*,#2837,.F.);
#2837 = EDGE_CURVE('',#2819,#2829,#2838,.T.);
#2838 = LINE('',#2839,#2840);
#2839 = CARTESIAN_POINT('',(12.887694151112,24.990421817315,5.5999998641
    ));
#2840 = VECTOR('',#2841,1.);
#2841 = DIRECTION('',(-1.435917607039E-08,-1.794896675733E-09,1.));
#2842 = CYLINDRICAL_SURFACE('',#2843,2.431943519082);
#2843 = AXIS2_PLACEMENT_3D('',#2844,#2845,#2846);
#2844 = CARTESIAN_POINT('',(12.299999740091,22.63055644843,5.59999985142
    ));
#2845 = DIRECTION('',(-1.435917607039E-08,-1.794896675733E-09,1.));
#2846 = DIRECTION('',(-1.,-1.594188788799E-24,-1.435917607039E-08));
#2847 = ADVANCED_FACE('',(#2848),#2875,.T.);
#2848 = FACE_BOUND('',#2849,.T.);
#2849 = EDGE_LOOP('',(#2850,#2859,#2860,#2869));
#2850 = ORIENTED_EDGE('',*,*,#2851,.F.);
#2851 = EDGE_CURVE('',#2819,#2852,#2854,.T.);
#2852 = VERTEX_POINT('',#2853);
#2853 = CARTESIAN_POINT('',(12.981349515861,24.919867529578,
    5.92160346537));
#2854 = ELLIPSE('',#2855,0.150091431645,0.15);
#2855 = AXIS2_PLACEMENT_3D('',#2856,#2857,#2858);
#2856 = CARTESIAN_POINT('',(12.851445705257,24.844867529573,
    5.92422252108));
#2857 = DIRECTION('',(1.435042884918E-08,-3.489949490857E-02,
    -0.999390827082));
#2858 = DIRECTION('',(-5.011279921606E-10,-0.999390827082,
    3.489949490857E-02));
#2859 = ORIENTED_EDGE('',*,*,#2837,.T.);
#2860 = ORIENTED_EDGE('',*,*,#2861,.F.);
#2861 = EDGE_CURVE('',#2862,#2829,#2864,.T.);
#2862 = VERTEX_POINT('',#2863);
#2863 = CARTESIAN_POINT('',(12.981349489608,24.919867526296,
    7.74999986532));
#2864 = CIRCLE('',#2865,0.15);
#2865 = AXIS2_PLACEMENT_3D('',#2866,#2867,#2868);
#2866 = CARTESIAN_POINT('',(12.85144567904,24.844867526296,7.74999986332
    ));
#2867 = DIRECTION('',(-1.435917496017E-08,-1.794896675733E-09,1.));
#2868 = DIRECTION('',(0.500000000001,0.866025403784,8.73401359845E-09));
#2869 = ORIENTED_EDGE('',*,*,#2870,.F.);
#2870 = EDGE_CURVE('',#2852,#2862,#2871,.T.);
#2871 = LINE('',#2872,#2873);
#2872 = CARTESIAN_POINT('',(12.98134952048,24.919867530155,5.59999986532
    ));
#2873 = VECTOR('',#2874,1.);
#2874 = DIRECTION('',(-1.435917607039E-08,-1.794896675733E-09,1.));
#2875 = CYLINDRICAL_SURFACE('',#2876,0.15);
#2876 = AXIS2_PLACEMENT_3D('',#2877,#2878,#2879);
#2877 = CARTESIAN_POINT('',(12.851445709912,24.844867530155,
    5.59999986332));
#2878 = DIRECTION('',(-1.435917607039E-08,-1.794896675733E-09,1.));
#2879 = DIRECTION('',(-1.,-1.594188788799E-24,-1.435917607039E-08));
#2880 = ADVANCED_FACE('',(#2881),#2906,.F.);
#2881 = FACE_BOUND('',#2882,.T.);
#2882 = EDGE_LOOP('',(#2883,#2884,#2892,#2900));
#2883 = ORIENTED_EDGE('',*,*,#2870,.T.);
#2884 = ORIENTED_EDGE('',*,*,#2885,.T.);
#2885 = EDGE_CURVE('',#2862,#2886,#2888,.T.);
#2886 = VERTEX_POINT('',#2887);
#2887 = CARTESIAN_POINT('',(12.989871530444,24.905106918585,
    7.74999986542));
#2888 = LINE('',#2889,#2890);
#2889 = CARTESIAN_POINT('',(12.989871530444,24.905106918585,
    7.74999986542));
#2890 = VECTOR('',#2891,1.);
#2891 = DIRECTION('',(0.5,-0.866025403784,5.625161799077E-09));
#2892 = ORIENTED_EDGE('',*,*,#2893,.F.);
#2893 = EDGE_CURVE('',#2894,#2886,#2896,.T.);
#2894 = VERTEX_POINT('',#2895);
#2895 = CARTESIAN_POINT('',(12.98987155669,24.905106921866,5.92211891725
    ));
#2896 = LINE('',#2897,#2898);
#2897 = CARTESIAN_POINT('',(12.989871561316,24.905106922444,
    5.59999986542));
#2898 = VECTOR('',#2899,1.);
#2899 = DIRECTION('',(-1.435917607039E-08,-1.794896675733E-09,1.));
#2900 = ORIENTED_EDGE('',*,*,#2901,.T.);
#2901 = EDGE_CURVE('',#2894,#2852,#2902,.T.);
#2902 = LINE('',#2903,#2904);
#2903 = CARTESIAN_POINT('',(11.935867701878,26.730695151471,
    5.85836795963));
#2904 = VECTOR('',#2905,1.);
#2905 = DIRECTION('',(-0.49977150751,0.86562964399,-3.022845888379E-02)
  );
#2906 = PLANE('',#2907);
#2907 = AXIS2_PLACEMENT_3D('',#2908,#2909,#2910);
#2908 = CARTESIAN_POINT('',(12.989871561316,24.905106922444,
    5.59999986542));
#2909 = DIRECTION('',(-0.866025403784,-0.5,-1.333285959234E-08));
#2910 = DIRECTION('',(-0.5,0.866025403784,-5.625161916874E-09));
#2911 = ADVANCED_FACE('',(#2912),#2939,.F.);
#2912 = FACE_BOUND('',#2913,.F.);
#2913 = EDGE_LOOP('',(#2914,#2923,#2931,#2938));
#2914 = ORIENTED_EDGE('',*,*,#2915,.F.);
#2915 = EDGE_CURVE('',#2916,#2894,#2918,.T.);
#2916 = VERTEX_POINT('',#2917);
#2917 = CARTESIAN_POINT('',(13.05598253339,24.880804362651,5.92296758221
    ));
#2918 = ELLIPSE('',#2919,5.503352493352E-02,5.499999999708E-02);
#2919 = AXIS2_PLACEMENT_3D('',#2920,#2921,#2922);
#2920 = CARTESIAN_POINT('',(13.037502953913,24.932606921867,
    5.92115859682));
#2921 = DIRECTION('',(1.435042884918E-08,-3.489949490857E-02,
    -0.999390827082));
#2922 = DIRECTION('',(-5.011279921606E-10,-0.999390827082,
    3.489949490857E-02));
#2923 = ORIENTED_EDGE('',*,*,#2924,.T.);
#2924 = EDGE_CURVE('',#2916,#2925,#2927,.T.);
#2925 = VERTEX_POINT('',#2926);
#2926 = CARTESIAN_POINT('',(13.055982507156,24.880804359372,
    7.74999986632));
#2927 = LINE('',#2928,#2929);
#2928 = CARTESIAN_POINT('',(13.055982538028,24.880804363231,
    5.59999986632));
#2929 = VECTOR('',#2930,1.);
#2930 = DIRECTION('',(-1.435917607039E-08,-1.794896675733E-09,1.));
#2931 = ORIENTED_EDGE('',*,*,#2932,.F.);
#2932 = EDGE_CURVE('',#2886,#2925,#2933,.T.);
#2933 = CIRCLE('',#2934,5.499999999708E-02);
#2934 = AXIS2_PLACEMENT_3D('',#2935,#2936,#2937);
#2935 = CARTESIAN_POINT('',(13.037502927652,24.932606918585,
    7.74999986615));
#2936 = DIRECTION('',(-1.435917496017E-08,-1.794896675733E-09,1.));
#2937 = DIRECTION('',(0.500000000001,0.866025403784,8.73401359845E-09));
#2938 = ORIENTED_EDGE('',*,*,#2893,.F.);
#2939 = CYLINDRICAL_SURFACE('',#2940,5.499999999708E-02);
#2940 = AXIS2_PLACEMENT_3D('',#2941,#2942,#2943);
#2941 = CARTESIAN_POINT('',(13.037502958524,24.932606922444,
    5.59999986615));
#2942 = DIRECTION('',(-1.435917607039E-08,-1.794896675733E-09,1.));
#2943 = DIRECTION('',(-1.,-1.594188788799E-24,-1.435917607039E-08));
#2944 = ADVANCED_FACE('',(#2945),#2972,.F.);
#2945 = FACE_BOUND('',#2946,.F.);
#2946 = EDGE_LOOP('',(#2947,#2957,#2964,#2965));
#2947 = ORIENTED_EDGE('',*,*,#2948,.T.);
#2948 = EDGE_CURVE('',#2949,#2951,#2953,.T.);
#2949 = VERTEX_POINT('',#2950);
#2950 = CARTESIAN_POINT('',(13.75728556558,25.285701856974,5.90882826095
    ));
#2951 = VERTEX_POINT('',#2952);
#2952 = CARTESIAN_POINT('',(13.757285539143,25.28570185367,7.74999987712
    ));
#2953 = LINE('',#2954,#2955);
#2954 = CARTESIAN_POINT('',(13.757285570015,25.285701857529,
    5.59999987712));
#2955 = VECTOR('',#2956,1.);
#2956 = DIRECTION('',(-1.435917607039E-08,-1.794896675733E-09,1.));
#2957 = ORIENTED_EDGE('',*,*,#2958,.T.);
#2958 = EDGE_CURVE('',#2951,#2925,#2959,.T.);
#2959 = CIRCLE('',#2960,2.250000000003);
#2960 = AXIS2_PLACEMENT_3D('',#2961,#2962,#2963);
#2961 = CARTESIAN_POINT('',(12.299999709213,26.999999963655,
    7.74999985926));
#2962 = DIRECTION('',(1.435917607039E-08,1.794896675733E-09,-1.));
#2963 = DIRECTION('',(-1.,-1.594188788799E-24,-1.435917607039E-08));
#2964 = ORIENTED_EDGE('',*,*,#2924,.F.);
#2965 = ORIENTED_EDGE('',*,*,#2966,.T.);
#2966 = EDGE_CURVE('',#2916,#2949,#2967,.T.);
#2967 = ELLIPSE('',#2968,2.251371474676,2.250000000003);
#2968 = AXIS2_PLACEMENT_3D('',#2969,#2970,#2971);
#2969 = CARTESIAN_POINT('',(12.29999973651,26.999999967067,5.84896363396
    ));
#2970 = DIRECTION('',(-1.435042884918E-08,3.489949490857E-02,
    0.999390827082));
#2971 = DIRECTION('',(-5.011279921606E-10,-0.999390827082,
    3.489949490857E-02));
#2972 = CYLINDRICAL_SURFACE('',#2973,2.250000000003);
#2973 = AXIS2_PLACEMENT_3D('',#2974,#2975,#2976);
#2974 = CARTESIAN_POINT('',(12.299999740085,26.999999967514,
    5.59999985926));
#2975 = DIRECTION('',(-1.435917607039E-08,-1.794896675733E-09,1.));
#2976 = DIRECTION('',(-1.,-1.594188788799E-24,-1.435917607039E-08));
#2977 = ADVANCED_FACE('',(#2978),#3005,.F.);
#2978 = FACE_BOUND('',#2979,.F.);
#2979 = EDGE_LOOP('',(#2980,#2990,#2997,#2998));
#2980 = ORIENTED_EDGE('',*,*,#2981,.T.);
#2981 = EDGE_CURVE('',#2982,#2984,#2986,.T.);
#2982 = VERTEX_POINT('',#2983);
#2983 = CARTESIAN_POINT('',(13.769294420316,25.355106921888,
    5.90640458296));
#2984 = VERTEX_POINT('',#2985);
#2985 = CARTESIAN_POINT('',(13.769294393839,25.355106918579,
    7.74999987741));
#2986 = LINE('',#2987,#2988);
#2987 = CARTESIAN_POINT('',(13.769294424711,25.355106922438,
    5.59999987741));
#2988 = VECTOR('',#2989,1.);
#2989 = DIRECTION('',(-1.435917607039E-08,-1.794896675733E-09,1.));
#2990 = ORIENTED_EDGE('',*,*,#2991,.T.);
#2991 = EDGE_CURVE('',#2984,#2951,#2992,.T.);
#2992 = CIRCLE('',#2993,5.499999999708E-02);
#2993 = AXIS2_PLACEMENT_3D('',#2994,#2995,#2996);
#2994 = CARTESIAN_POINT('',(13.721662996634,25.327606918581,
    7.74999987668));
#2995 = DIRECTION('',(1.435917607039E-08,1.794896675733E-09,-1.));
#2996 = DIRECTION('',(-1.,-1.594188788799E-24,-1.435917607039E-08));
#2997 = ORIENTED_EDGE('',*,*,#2948,.F.);
#2998 = ORIENTED_EDGE('',*,*,#2999,.T.);
#2999 = EDGE_CURVE('',#2949,#2982,#3000,.T.);
#3000 = ELLIPSE('',#3001,5.503352493352E-02,5.499999999708E-02);
#3001 = AXIS2_PLACEMENT_3D('',#3002,#3003,#3004);
#3002 = CARTESIAN_POINT('',(13.721663023092,25.327606921888,
    5.90736490339));
#3003 = DIRECTION('',(-1.435042884918E-08,3.489949490857E-02,
    0.999390827082));
#3004 = DIRECTION('',(-5.011279921606E-10,-0.999390827082,
    3.489949490857E-02));
#3005 = CYLINDRICAL_SURFACE('',#3006,5.499999999708E-02);
#3006 = AXIS2_PLACEMENT_3D('',#3007,#3008,#3009);
#3007 = CARTESIAN_POINT('',(13.721663027506,25.32760692244,5.59999987668
    ));
#3008 = DIRECTION('',(-1.435917607039E-08,-1.794896675733E-09,1.));
#3009 = DIRECTION('',(-1.,-1.594188788799E-24,-1.435917607039E-08));
#3010 = ADVANCED_FACE('',(#3011),#3036,.T.);
#3011 = FACE_BOUND('',#3012,.T.);
#3012 = EDGE_LOOP('',(#3013,#3021,#3022,#3030));
#3013 = ORIENTED_EDGE('',*,*,#3014,.F.);
#3014 = EDGE_CURVE('',#2982,#3015,#3017,.T.);
#3015 = VERTEX_POINT('',#3016);
#3016 = CARTESIAN_POINT('',(13.760772379486,25.369867529602,
    5.90588913109));
#3017 = LINE('',#3018,#3019);
#3018 = CARTESIAN_POINT('',(12.715527967155,27.180283959771,5.8426679845
    ));
#3019 = VECTOR('',#3020,1.);
#3020 = DIRECTION('',(-0.49977150751,0.86562964399,-3.022845888379E-02)
  );
#3021 = ORIENTED_EDGE('',*,*,#2981,.T.);
#3022 = ORIENTED_EDGE('',*,*,#3023,.F.);
#3023 = EDGE_CURVE('',#3024,#2984,#3026,.T.);
#3024 = VERTEX_POINT('',#3025);
#3025 = CARTESIAN_POINT('',(13.760772353006,25.369867526292,
    7.74999987731));
#3026 = LINE('',#3027,#3028);
#3027 = CARTESIAN_POINT('',(13.769294393842,25.355106918581,
    7.74999987741));
#3028 = VECTOR('',#3029,1.);
#3029 = DIRECTION('',(0.5,-0.866025403784,5.625161799077E-09));
#3030 = ORIENTED_EDGE('',*,*,#3031,.F.);
#3031 = EDGE_CURVE('',#3015,#3024,#3032,.T.);
#3032 = LINE('',#3033,#3034);
#3033 = CARTESIAN_POINT('',(13.760772383878,25.369867530151,
    5.59999987731));
#3034 = VECTOR('',#3035,1.);
#3035 = DIRECTION('',(-1.435917607039E-08,-1.794896675733E-09,1.));
#3036 = PLANE('',#3037);
#3037 = AXIS2_PLACEMENT_3D('',#3038,#3039,#3040);
#3038 = CARTESIAN_POINT('',(13.769294424714,25.35510692244,5.59999987741
    ));
#3039 = DIRECTION('',(-0.866025403784,-0.5,-1.333285959234E-08));
#3040 = DIRECTION('',(-0.5,0.866025403784,-5.625161916874E-09));
#3041 = ADVANCED_FACE('',(#3042),#3069,.T.);
#3042 = FACE_BOUND('',#3043,.T.);
#3043 = EDGE_LOOP('',(#3044,#3045,#3054,#3062));
#3044 = ORIENTED_EDGE('',*,*,#3031,.T.);
#3045 = ORIENTED_EDGE('',*,*,#3046,.T.);
#3046 = EDGE_CURVE('',#3024,#3047,#3049,.T.);
#3047 = VERTEX_POINT('',#3048);
#3048 = CARTESIAN_POINT('',(13.746498232664,25.486252598945,
    7.74999987732));
#3049 = CIRCLE('',#3050,0.15);
#3050 = AXIS2_PLACEMENT_3D('',#3051,#3052,#3053);
#3051 = CARTESIAN_POINT('',(13.890676163574,25.444867526292,
    7.74999987931));
#3052 = DIRECTION('',(1.435917607039E-08,1.794896675733E-09,-1.));
#3053 = DIRECTION('',(-1.,-1.594188788799E-24,-1.435917607039E-08));
#3054 = ORIENTED_EDGE('',*,*,#3055,.F.);
#3055 = EDGE_CURVE('',#3056,#3047,#3058,.T.);
#3056 = VERTEX_POINT('',#3057);
#3057 = CARTESIAN_POINT('',(13.746498259201,25.486252602262,5.9018248748
    ));
#3058 = LINE('',#3059,#3060);
#3059 = CARTESIAN_POINT('',(13.746498263536,25.486252602804,
    5.59999987732));
#3060 = VECTOR('',#3061,1.);
#3061 = DIRECTION('',(-1.435917607039E-08,-1.794896675733E-09,1.));
#3062 = ORIENTED_EDGE('',*,*,#3063,.T.);
#3063 = EDGE_CURVE('',#3056,#3015,#3064,.T.);
#3064 = ELLIPSE('',#3065,0.150091431645,0.15);
#3065 = AXIS2_PLACEMENT_3D('',#3066,#3067,#3068);
#3066 = CARTESIAN_POINT('',(13.890676190091,25.444867529607,
    5.90327007538));
#3067 = DIRECTION('',(-1.435042884918E-08,3.489949490857E-02,
    0.999390827082));
#3068 = DIRECTION('',(-5.011279921606E-10,-0.999390827082,
    3.489949490857E-02));
#3069 = CYLINDRICAL_SURFACE('',#3070,0.15);
#3070 = AXIS2_PLACEMENT_3D('',#3071,#3072,#3073);
#3071 = CARTESIAN_POINT('',(13.890676194446,25.444867530151,
    5.59999987931));
#3072 = DIRECTION('',(-1.435917607039E-08,-1.794896675733E-09,1.));
#3073 = DIRECTION('',(-1.,-1.594188788799E-24,-1.435917607039E-08));
#3074 = ADVANCED_FACE('',(#3075),#3102,.T.);
#3075 = FACE_BOUND('',#3076,.T.);
#3076 = EDGE_LOOP('',(#3077,#3078,#3087,#3095));
#3077 = ORIENTED_EDGE('',*,*,#3055,.T.);
#3078 = ORIENTED_EDGE('',*,*,#3079,.T.);
#3079 = EDGE_CURVE('',#3047,#3080,#3082,.T.);
#3080 = VERTEX_POINT('',#3081);
#3081 = CARTESIAN_POINT('',(14.334192643686,26.50416917816,7.74999988759
    ));
#3082 = CIRCLE('',#3083,2.431943519082);
#3083 = AXIS2_PLACEMENT_3D('',#3084,#3085,#3086);
#3084 = CARTESIAN_POINT('',(16.084048797139,24.815278204111,
    7.74999990968));
#3085 = DIRECTION('',(1.435917607039E-08,1.794896675733E-09,-1.));
#3086 = DIRECTION('',(-1.,-1.594188788799E-24,-1.435917607039E-08));
#3087 = ORIENTED_EDGE('',*,*,#3088,.F.);
#3088 = EDGE_CURVE('',#3089,#3080,#3091,.T.);
#3089 = VERTEX_POINT('',#3090);
#3090 = CARTESIAN_POINT('',(14.334192670735,26.504169181541,
    5.86627845485));
#3091 = LINE('',#3092,#3093);
#3092 = CARTESIAN_POINT('',(14.334192674558,26.504169182019,
    5.59999988759));
#3093 = VECTOR('',#3094,1.);
#3094 = DIRECTION('',(-1.435917607039E-08,-1.794896675733E-09,1.));
#3095 = ORIENTED_EDGE('',*,*,#3096,.T.);
#3096 = EDGE_CURVE('',#3089,#3056,#3097,.T.);
#3097 = ELLIPSE('',#3098,2.433425896389,2.431943519082);
#3098 = AXIS2_PLACEMENT_3D('',#3099,#3100,#3101);
#3099 = CARTESIAN_POINT('',(16.084048823341,24.815278207386,
    5.92525584934));
#3100 = DIRECTION('',(-1.435042884918E-08,3.489949490857E-02,
    0.999390827082));
#3101 = DIRECTION('',(-5.011279921606E-10,-0.999390827082,
    3.489949490857E-02));
#3102 = CYLINDRICAL_SURFACE('',#3103,2.431943519082);
#3103 = AXIS2_PLACEMENT_3D('',#3104,#3105,#3106);
#3104 = CARTESIAN_POINT('',(16.084048828012,24.81527820797,5.59999990968
    ));
#3105 = DIRECTION('',(-1.435917607039E-08,-1.794896675733E-09,1.));
#3106 = DIRECTION('',(-1.,-1.594188788799E-24,-1.435917607039E-08));
#3107 = ADVANCED_FACE('',(#3108),#3135,.T.);
#3108 = FACE_BOUND('',#3109,.T.);
#3109 = EDGE_LOOP('',(#3110,#3111,#3120,#3128));
#3110 = ORIENTED_EDGE('',*,*,#3088,.T.);
#3111 = ORIENTED_EDGE('',*,*,#3112,.T.);
#3112 = EDGE_CURVE('',#3080,#3113,#3115,.T.);
#3113 = VERTEX_POINT('',#3114);
#3114 = CARTESIAN_POINT('',(14.442122133396,26.549999963653,
    7.74999988922));
#3115 = CIRCLE('',#3116,0.15);
#3116 = AXIS2_PLACEMENT_3D('',#3117,#3118,#3119);
#3117 = CARTESIAN_POINT('',(14.442122133396,26.399999963653,
    7.74999988895));
#3118 = DIRECTION('',(1.435917607039E-08,1.794896675733E-09,-1.));
#3119 = DIRECTION('',(-1.,-1.594188788799E-24,-1.435917607039E-08));
#3120 = ORIENTED_EDGE('',*,*,#3121,.F.);
#3121 = EDGE_CURVE('',#3122,#3113,#3124,.T.);
#3122 = VERTEX_POINT('',#3123);
#3123 = CARTESIAN_POINT('',(14.442122160468,26.549999967037,
    5.86467801018));
#3124 = LINE('',#3125,#3126);
#3125 = CARTESIAN_POINT('',(14.442122164268,26.549999967512,
    5.59999988922));
#3126 = VECTOR('',#3127,1.);
#3127 = DIRECTION('',(-1.435917607039E-08,-1.794896675733E-09,1.));
#3128 = ORIENTED_EDGE('',*,*,#3129,.T.);
#3129 = EDGE_CURVE('',#3122,#3089,#3130,.T.);
#3130 = ELLIPSE('',#3131,0.150091431645,0.15);
#3131 = AXIS2_PLACEMENT_3D('',#3132,#3133,#3134);
#3132 = CARTESIAN_POINT('',(14.442122160393,26.399999967028,
    5.86991612533));
#3133 = DIRECTION('',(-1.435042884918E-08,3.489949490857E-02,
    0.999390827082));
#3134 = DIRECTION('',(-5.011279921606E-10,-0.999390827082,
    3.489949490857E-02));
#3135 = CYLINDRICAL_SURFACE('',#3136,0.15);
#3136 = AXIS2_PLACEMENT_3D('',#3137,#3138,#3139);
#3137 = CARTESIAN_POINT('',(14.442122164268,26.399999967512,
    5.59999988895));
#3138 = DIRECTION('',(-1.435917607039E-08,-1.794896675733E-09,1.));
#3139 = DIRECTION('',(-1.,-1.594188788799E-24,-1.435917607039E-08));
#3140 = ADVANCED_FACE('',(#3141),#3157,.F.);
#3141 = FACE_BOUND('',#3142,.T.);
#3142 = EDGE_LOOP('',(#3143,#3144,#3150,#3151));
#3143 = ORIENTED_EDGE('',*,*,#3121,.T.);
#3144 = ORIENTED_EDGE('',*,*,#3145,.T.);
#3145 = EDGE_CURVE('',#3113,#1617,#3146,.T.);
#3146 = LINE('',#3147,#3148);
#3147 = CARTESIAN_POINT('',(14.459166215067,26.549999963653,
    7.74999988946));
#3148 = VECTOR('',#3149,1.);
#3149 = DIRECTION('',(1.,2.862524288829E-14,1.435917607039E-08));
#3150 = ORIENTED_EDGE('',*,*,#1625,.F.);
#3151 = ORIENTED_EDGE('',*,*,#3152,.T.);
#3152 = EDGE_CURVE('',#1626,#3122,#3153,.T.);
#3153 = LINE('',#3154,#3155);
#3154 = CARTESIAN_POINT('',(12.299999736299,26.549999967037,
    5.86467797942));
#3155 = VECTOR('',#3156,1.);
#3156 = DIRECTION('',(-1.,-2.862524289008E-14,-1.435917507078E-08));
#3157 = PLANE('',#3158);
#3158 = AXIS2_PLACEMENT_3D('',#3159,#3160,#3161);
#3159 = CARTESIAN_POINT('',(14.459166245939,26.549999967512,
    5.59999988946));
#3160 = DIRECTION('',(2.86510161257E-14,-1.,-1.794896675733E-09));
#3161 = DIRECTION('',(-1.,-2.86252428883E-14,-1.435917607039E-08));
#3162 = ADVANCED_FACE('',(#3163,#3174),#3224,.T.);
#3163 = FACE_BOUND('',#3164,.T.);
#3164 = EDGE_LOOP('',(#3165));
#3165 = ORIENTED_EDGE('',*,*,#3166,.T.);
#3166 = EDGE_CURVE('',#3167,#3167,#3169,.T.);
#3167 = VERTEX_POINT('',#3168);
#3168 = CARTESIAN_POINT('',(12.299999709227,23.024999963653,
    7.74999985213));
#3169 = CIRCLE('',#3170,3.975);
#3170 = AXIS2_PLACEMENT_3D('',#3171,#3172,#3173);
#3171 = CARTESIAN_POINT('',(12.299999709227,26.999999963653,
    7.74999985926));
#3172 = DIRECTION('',(-1.435917607039E-08,-1.794896743743E-09,1.));
#3173 = DIRECTION('',(2.577323996577E-17,-1.,-1.794896743743E-09));
#3174 = FACE_BOUND('',#3175,.T.);
#3175 = EDGE_LOOP('',(#3176,#3177,#3178,#3179,#3180,#3181,#3182,#3183,
    #3184,#3185,#3186,#3187,#3188,#3189,#3190,#3191,#3192,#3193,#3194,
    #3195,#3196,#3197,#3198,#3199,#3200,#3201,#3202,#3203,#3204,#3205,
    #3206,#3207,#3208,#3209,#3210,#3211,#3212,#3213,#3214,#3215,#3216,
    #3217,#3218,#3219,#3220,#3221,#3222,#3223));
#3176 = ORIENTED_EDGE('',*,*,#3145,.F.);
#3177 = ORIENTED_EDGE('',*,*,#3112,.F.);
#3178 = ORIENTED_EDGE('',*,*,#3079,.F.);
#3179 = ORIENTED_EDGE('',*,*,#3046,.F.);
#3180 = ORIENTED_EDGE('',*,*,#3023,.T.);
#3181 = ORIENTED_EDGE('',*,*,#2991,.T.);
#3182 = ORIENTED_EDGE('',*,*,#2958,.T.);
#3183 = ORIENTED_EDGE('',*,*,#2932,.F.);
#3184 = ORIENTED_EDGE('',*,*,#2885,.F.);
#3185 = ORIENTED_EDGE('',*,*,#2861,.T.);
#3186 = ORIENTED_EDGE('',*,*,#2828,.T.);
#3187 = ORIENTED_EDGE('',*,*,#2795,.T.);
#3188 = ORIENTED_EDGE('',*,*,#2763,.T.);
#3189 = ORIENTED_EDGE('',*,*,#2738,.F.);
#3190 = ORIENTED_EDGE('',*,*,#2705,.F.);
#3191 = ORIENTED_EDGE('',*,*,#2665,.T.);
#3192 = ORIENTED_EDGE('',*,*,#2625,.F.);
#3193 = ORIENTED_EDGE('',*,*,#2592,.F.);
#3194 = ORIENTED_EDGE('',*,*,#2559,.F.);
#3195 = ORIENTED_EDGE('',*,*,#2526,.F.);
#3196 = ORIENTED_EDGE('',*,*,#2503,.T.);
#3197 = ORIENTED_EDGE('',*,*,#2471,.T.);
#3198 = ORIENTED_EDGE('',*,*,#2438,.T.);
#3199 = ORIENTED_EDGE('',*,*,#2412,.F.);
#3200 = ORIENTED_EDGE('',*,*,#2365,.F.);
#3201 = ORIENTED_EDGE('',*,*,#2341,.T.);
#3202 = ORIENTED_EDGE('',*,*,#2308,.T.);
#3203 = ORIENTED_EDGE('',*,*,#2275,.T.);
#3204 = ORIENTED_EDGE('',*,*,#2243,.T.);
#3205 = ORIENTED_EDGE('',*,*,#2218,.F.);
#3206 = ORIENTED_EDGE('',*,*,#2185,.F.);
#3207 = ORIENTED_EDGE('',*,*,#2145,.T.);
#3208 = ORIENTED_EDGE('',*,*,#2105,.F.);
#3209 = ORIENTED_EDGE('',*,*,#2072,.F.);
#3210 = ORIENTED_EDGE('',*,*,#2039,.F.);
#3211 = ORIENTED_EDGE('',*,*,#2006,.F.);
#3212 = ORIENTED_EDGE('',*,*,#1983,.T.);
#3213 = ORIENTED_EDGE('',*,*,#1951,.T.);
#3214 = ORIENTED_EDGE('',*,*,#1918,.T.);
#3215 = ORIENTED_EDGE('',*,*,#1892,.F.);
#3216 = ORIENTED_EDGE('',*,*,#1845,.F.);
#3217 = ORIENTED_EDGE('',*,*,#1821,.T.);
#3218 = ORIENTED_EDGE('',*,*,#1788,.T.);
#3219 = ORIENTED_EDGE('',*,*,#1755,.T.);
#3220 = ORIENTED_EDGE('',*,*,#1723,.T.);
#3221 = ORIENTED_EDGE('',*,*,#1698,.F.);
#3222 = ORIENTED_EDGE('',*,*,#1665,.F.);
#3223 = ORIENTED_EDGE('',*,*,#1616,.T.);
#3224 = PLANE('',#3225);
#3225 = AXIS2_PLACEMENT_3D('',#3226,#3227,#3228);
#3226 = CARTESIAN_POINT('',(12.299999709227,26.999999963653,
    7.74999985926));
#3227 = DIRECTION('',(-1.435917607039E-08,-1.794896743743E-09,1.));
#3228 = DIRECTION('',(2.577323996577E-17,-1.,-1.794896743743E-09));
#3229 = ADVANCED_FACE('',(#3230),#3240,.T.);
#3230 = FACE_BOUND('',#3231,.T.);
#3231 = EDGE_LOOP('',(#3232,#3233,#3238,#3239));
#3232 = ORIENTED_EDGE('',*,*,#1564,.T.);
#3233 = ORIENTED_EDGE('',*,*,#3234,.F.);
#3234 = EDGE_CURVE('',#3167,#1565,#3235,.T.);
#3235 = B_SPLINE_CURVE_WITH_KNOTS('',1,(#3236,#3237),.UNSPECIFIED.,.F.,
  .F.,(2,2),(9.420554743648E-16,0.565685424949),
  .PIECEWISE_BEZIER_KNOTS.);
#3236 = CARTESIAN_POINT('',(12.299999709227,23.024999963653,
    7.74999985213));
#3237 = CARTESIAN_POINT('',(12.299999714971,22.62499996473,7.34999985105
    ));
#3238 = ORIENTED_EDGE('',*,*,#3166,.F.);
#3239 = ORIENTED_EDGE('',*,*,#3234,.T.);
#3240 = CONICAL_SURFACE('',#3241,3.975,0.7853981625);
#3241 = AXIS2_PLACEMENT_3D('',#3242,#3243,#3244);
#3242 = CARTESIAN_POINT('',(12.299999709227,26.999999963653,
    7.74999985926));
#3243 = DIRECTION('',(1.435917607039E-08,1.794896743743E-09,-1.));
#3244 = DIRECTION('',(-2.577323996577E-17,1.,1.794896743743E-09));
#3245 = ADVANCED_FACE('',(#3246),#3296,.F.);
#3246 = FACE_BOUND('',#3247,.T.);
#3247 = EDGE_LOOP('',(#3248,#3249,#3250,#3251,#3252,#3253,#3254,#3255,
    #3256,#3257,#3258,#3259,#3260,#3261,#3262,#3263,#3264,#3265,#3266,
    #3267,#3268,#3269,#3270,#3271,#3272,#3273,#3274,#3275,#3276,#3277,
    #3278,#3279,#3280,#3281,#3282,#3283,#3284,#3285,#3286,#3287,#3288,
    #3289,#3290,#3291,#3292,#3293,#3294,#3295));
#3248 = ORIENTED_EDGE('',*,*,#1648,.F.);
#3249 = ORIENTED_EDGE('',*,*,#1681,.F.);
#3250 = ORIENTED_EDGE('',*,*,#1714,.T.);
#3251 = ORIENTED_EDGE('',*,*,#1745,.T.);
#3252 = ORIENTED_EDGE('',*,*,#1778,.T.);
#3253 = ORIENTED_EDGE('',*,*,#1811,.T.);
#3254 = ORIENTED_EDGE('',*,*,#1861,.F.);
#3255 = ORIENTED_EDGE('',*,*,#1875,.F.);
#3256 = ORIENTED_EDGE('',*,*,#1926,.T.);
#3257 = ORIENTED_EDGE('',*,*,#1959,.T.);
#3258 = ORIENTED_EDGE('',*,*,#1974,.T.);
#3259 = ORIENTED_EDGE('',*,*,#2023,.F.);
#3260 = ORIENTED_EDGE('',*,*,#2056,.F.);
#3261 = ORIENTED_EDGE('',*,*,#2089,.F.);
#3262 = ORIENTED_EDGE('',*,*,#2121,.F.);
#3263 = ORIENTED_EDGE('',*,*,#2153,.T.);
#3264 = ORIENTED_EDGE('',*,*,#2168,.F.);
#3265 = ORIENTED_EDGE('',*,*,#2201,.F.);
#3266 = ORIENTED_EDGE('',*,*,#2234,.T.);
#3267 = ORIENTED_EDGE('',*,*,#2265,.T.);
#3268 = ORIENTED_EDGE('',*,*,#2298,.T.);
#3269 = ORIENTED_EDGE('',*,*,#2331,.T.);
#3270 = ORIENTED_EDGE('',*,*,#2381,.F.);
#3271 = ORIENTED_EDGE('',*,*,#2395,.F.);
#3272 = ORIENTED_EDGE('',*,*,#2446,.T.);
#3273 = ORIENTED_EDGE('',*,*,#2479,.T.);
#3274 = ORIENTED_EDGE('',*,*,#2494,.T.);
#3275 = ORIENTED_EDGE('',*,*,#2543,.F.);
#3276 = ORIENTED_EDGE('',*,*,#2576,.F.);
#3277 = ORIENTED_EDGE('',*,*,#2609,.F.);
#3278 = ORIENTED_EDGE('',*,*,#2641,.F.);
#3279 = ORIENTED_EDGE('',*,*,#2673,.T.);
#3280 = ORIENTED_EDGE('',*,*,#2688,.F.);
#3281 = ORIENTED_EDGE('',*,*,#2721,.F.);
#3282 = ORIENTED_EDGE('',*,*,#2754,.T.);
#3283 = ORIENTED_EDGE('',*,*,#2785,.T.);
#3284 = ORIENTED_EDGE('',*,*,#2818,.T.);
#3285 = ORIENTED_EDGE('',*,*,#2851,.T.);
#3286 = ORIENTED_EDGE('',*,*,#2901,.F.);
#3287 = ORIENTED_EDGE('',*,*,#2915,.F.);
#3288 = ORIENTED_EDGE('',*,*,#2966,.T.);
#3289 = ORIENTED_EDGE('',*,*,#2999,.T.);
#3290 = ORIENTED_EDGE('',*,*,#3014,.T.);
#3291 = ORIENTED_EDGE('',*,*,#3063,.F.);
#3292 = ORIENTED_EDGE('',*,*,#3096,.F.);
#3293 = ORIENTED_EDGE('',*,*,#3129,.F.);
#3294 = ORIENTED_EDGE('',*,*,#3152,.F.);
#3295 = ORIENTED_EDGE('',*,*,#1633,.T.);
#3296 = PLANE('',#3297);
#3297 = AXIS2_PLACEMENT_3D('',#3298,#3299,#3300);
#3298 = CARTESIAN_POINT('',(12.299999736495,26.940670822667,
    5.85103545323));
#3299 = DIRECTION('',(1.435042884918E-08,-3.489949490857E-02,
    -0.999390827082));
#3300 = DIRECTION('',(5.011279921606E-10,0.999390827082,
    -3.489949490857E-02));
#3301 = ( GEOMETRIC_REPRESENTATION_CONTEXT(3) 
GLOBAL_UNCERTAINTY_ASSIGNED_CONTEXT((#3305)) 
GLOBAL_UNIT_ASSIGNED_CONTEXT((#3302,#3303,#3304)) REPRESENTATION_CONTEXT
('Context #1','3D Context with UNIT and UNCERTAINTY') );
#3302 = ( LENGTH_UNIT() NAMED_UNIT(*) SI_UNIT(.MILLI.,.METRE.) );
#3303 = ( NAMED_UNIT(*) PLANE_ANGLE_UNIT() SI_UNIT($,.RADIAN.) );
#3304 = ( NAMED_UNIT(*) SI_UNIT($,.STERADIAN.) SOLID_ANGLE_UNIT() );
#3305 = UNCERTAINTY_MEASURE_WITH_UNIT(LENGTH_MEASURE(1.E-04),#3302,
  'distance_accuracy_value','confusion accuracy');
#3306 = PRODUCT_RELATED_PRODUCT_CATEGORY('part',$,(#7));
#3307 = MECHANICAL_DESIGN_GEOMETRIC_PRESENTATION_REPRESENTATION('',(
    #3308),#3301);
#3308 = STYLED_ITEM('color',(#3309),#15);
#3309 = PRESENTATION_STYLE_ASSIGNMENT((#3310));
#3310 = SURFACE_STYLE_USAGE(.BOTH.,#3311);
#3311 = SURFACE_SIDE_STYLE('',(#3312));
#3312 = SURFACE_STYLE_FILL_AREA(#3313);
#3313 = FILL_AREA_STYLE('',(#3314));
#3314 = FILL_AREA_STYLE_COLOUR('',#3315);
#3315 = COLOUR_RGB('',0.588235318661,0.588235318661,0.588235318661);
ENDSEC;
END-ISO-10303-21;
