ISO-10303-21;
HEADER;
FILE_DESCRIPTION(('Open CASCADE Model'),'2;1');
FILE_NAME('Open CASCADE Shape Model','2026-09-18T15:45:40',('Author'),(
    'Open CASCADE'),'Open CASCADE STEP processor 7.3','Open CASCADE 7.3'
  ,'Unknown');
FILE_SCHEMA(('AUTOMOTIVE_DESIGN { 1 0 10303 214 1 1 1 1 }'));
ENDSEC;
DATA;
#1 = APPLICATION_PROTOCOL_DEFINITION('international standard',
  'automotive_design',2000,#2);
#2 = APPLICATION_CONTEXT(
  'core data for automotive mechanical design processes');
#3 = SHAPE_DEFINITION_REPRESENTATION(#4,#10);
#4 = PRODUCT_DEFINITION_SHAPE('','',#5);
#5 = PRODUCT_DEFINITION('design','',#6,#9);
#6 = PRODUCT_DEFINITION_FORMATION('','',#7);
#7 = PRODUCT('Pottmanager 43','Pottmanager 43','',(#8));
#8 = PRODUCT_CONTEXT('',#2,'mechanical');
#9 = PRODUCT_DEFINITION_CONTEXT('part definition',#2,'design');
#10 = ADVANCED_BREP_SHAPE_REPRESENTATION('',(#11,#15),#9064);
#11 = AXIS2_PLACEMENT_3D('',#12,#13,#14);
#12 = CARTESIAN_POINT('',(0.,0.,0.));
#13 = DIRECTION('',(0.,0.,1.));
#14 = DIRECTION('',(1.,0.,-0.));
#15 = MANIFOLD_SOLID_BREP('',#16);
#16 = CLOSED_SHELL('',(#17,#68,#110,#147,#182,#203,#221,#282,#318,#358,
    #389,#428,#459,#490,#512,#530,#554,#564,#604,#644,#666,#697,#715,
    #733,#782,#799,#816,#864,#912,#938,#969,#1000,#1092,#1229,#1295,
    #1319,#1343,#1421,#1475,#1517,#1582,#1638,#1686,#1727,#1938,#1963,
    #1988,#2021,#2054,#2079,#2104,#2129,#2154,#2179,#2204,#2277,#2302,
    #2320,#2447,#2568,#2640,#2680,#2720,#2742,#2773,#2797,#2814,#2825,
    #2856,#2880,#2897,#2908,#2939,#2963,#2980,#2991,#3022,#3046,#3063,
    #3074,#3090,#3117,#3133,#3166,#3299,#3324,#3333,#3342,#3375,#3387,
    #3407,#3440,#3460,#3472,#3491,#3525,#3536,#3570,#3581,#3616,#3635,
    #3660,#3710,#3760,#3817,#3836,#3859,#3871,#3888,#3912,#3929,#3945,
    #3957,#3974,#3992,#4010,#4229,#4497,#4559,#4598,#4665,#4681,#4729,
    #4763,#4800,#4861,#4900,#4926,#4965,#5024,#5056,#5128,#5396,#5605,
    #5628,#5695,#5727,#5760,#5789,#5814,#5856,#5914,#5968,#5988,#6014,
    #6043,#6067,#6087,#6120,#6155,#6178,#6239,#6269,#6314,#6359,#6405,
    #6432,#6452,#6498,#6543,#6564,#6600,#6636,#6768,#6782,#6794,#6816,
    #6839,#6868,#6887,#6917,#6998,#7020,#7088,#7113,#7193,#7215,#7253,
    #7291,#7316,#7340,#7358,#7380,#7405,#7422,#7447,#7464,#7490,#7533,
    #7551,#7565,#7580,#7595,#7613,#7625,#7634,#7682,#7730,#7752,#7811,
    #7864,#7881,#7944,#7961,#7996,#8010,#8035,#8070,#8100,#8126,#8168,
    #8190,#8207,#8224,#8236,#8303,#8376,#8402,#8437,#8471,#8494,#8511,
    #8528,#8545,#8562,#8574,#8592,#8610,#8683,#8759,#8781,#8798,#8815,
    #8833,#8850,#8862,#8906,#8927,#8969,#8998,#9033,#9046));
#17 = ADVANCED_FACE('',(#18),#63,.T.);
#18 = FACE_BOUND('',#19,.T.);
#19 = EDGE_LOOP('',(#20,#31,#38,#46,#55,#62));
#20 = ORIENTED_EDGE('',*,*,#21,.F.);
#21 = EDGE_CURVE('',#22,#24,#26,.T.);
#22 = VERTEX_POINT('',#23);
#23 = CARTESIAN_POINT('',(45.666944142992,181.73746569533,8.));
#24 = VERTEX_POINT('',#25);
#25 = CARTESIAN_POINT('',(45.666944142992,179.71093828624,4.940013995389
    ));
#26 = CIRCLE('',#27,3.3235);
#27 = AXIS2_PLACEMENT_3D('',#28,#29,#30);
#28 = CARTESIAN_POINT('',(45.666944142992,178.41396569533,8.));
#29 = DIRECTION('',(-1.,2.22044604925E-16,-1.110223024625E-16));
#30 = DIRECTION('',(-2.22044604925E-16,-1.,2.22044604925E-16));
#31 = ORIENTED_EDGE('',*,*,#32,.F.);
#32 = EDGE_CURVE('',#24,#22,#33,.T.);
#33 = CIRCLE('',#34,3.3235);
#34 = AXIS2_PLACEMENT_3D('',#35,#36,#37);
#35 = CARTESIAN_POINT('',(45.666944142992,178.41396569533,8.));
#36 = DIRECTION('',(-1.,2.22044604925E-16,-1.110223024625E-16));
#37 = DIRECTION('',(-2.22044604925E-16,-1.,2.22044604925E-16));
#38 = ORIENTED_EDGE('',*,*,#39,.T.);
#39 = EDGE_CURVE('',#24,#40,#42,.T.);
#40 = VERTEX_POINT('',#41);
#41 = CARTESIAN_POINT('',(45.757256642992,179.67569446584,5.023165788992
    ));
#42 = LINE('',#43,#44);
#43 = CARTESIAN_POINT('',(45.373850392992,179.8253160688,4.67015909151)
  );
#44 = VECTOR('',#45,1.);
#45 = DIRECTION('',(0.707106781187,-0.275943467443,0.651041629065));
#46 = ORIENTED_EDGE('',*,*,#47,.T.);
#47 = EDGE_CURVE('',#40,#48,#50,.T.);
#48 = VERTEX_POINT('',#49);
#49 = CARTESIAN_POINT('',(45.757256642992,177.15223692482,
    10.976834211008));
#50 = CIRCLE('',#51,3.2331875);
#51 = AXIS2_PLACEMENT_3D('',#52,#53,#54);
#52 = CARTESIAN_POINT('',(45.757256642992,178.41396569533,8.));
#53 = DIRECTION('',(-1.,1.700920627155E-16,1.209816768903E-15));
#54 = DIRECTION('',(1.047515461927E-15,-0.390242994107,0.920711901493));
#55 = ORIENTED_EDGE('',*,*,#56,.T.);
#56 = EDGE_CURVE('',#48,#40,#57,.T.);
#57 = CIRCLE('',#58,3.2331875);
#58 = AXIS2_PLACEMENT_3D('',#59,#60,#61);
#59 = CARTESIAN_POINT('',(45.757256642992,178.41396569533,8.));
#60 = DIRECTION('',(-1.,1.700920627155E-16,1.209816768903E-15));
#61 = DIRECTION('',(1.047515461927E-15,-0.390242994107,0.920711901493));
#62 = ORIENTED_EDGE('',*,*,#39,.F.);
#63 = CONICAL_SURFACE('',#64,3.61659375,0.785398163397);
#64 = AXIS2_PLACEMENT_3D('',#65,#66,#67);
#65 = CARTESIAN_POINT('',(45.373850392992,178.41396569533,8.));
#66 = DIRECTION('',(-1.,1.700920627155E-16,1.209816768903E-15));
#67 = DIRECTION('',(1.047515461927E-15,-0.390242994107,0.920711901493));
#68 = ADVANCED_FACE('',(#69),#105,.T.);
#69 = FACE_BOUND('',#70,.T.);
#70 = EDGE_LOOP('',(#71,#82,#89,#97,#104));
#71 = ORIENTED_EDGE('',*,*,#72,.T.);
#72 = EDGE_CURVE('',#73,#75,#77,.T.);
#73 = VERTEX_POINT('',#74);
#74 = CARTESIAN_POINT('',(24.309560471769,179.97493767176,4.317152394029
    ));
#75 = VERTEX_POINT('',#76);
#76 = CARTESIAN_POINT('',(24.309560471769,176.8529937189,11.682847605971
    ));
#77 = CIRCLE('',#78,4.);
#78 = AXIS2_PLACEMENT_3D('',#79,#80,#81);
#79 = CARTESIAN_POINT('',(24.309560471769,178.41396569533,8.));
#80 = DIRECTION('',(1.,-1.700920627155E-16,-1.209816768903E-15));
#81 = DIRECTION('',(1.047515461927E-15,-0.390242994107,0.920711901493));
#82 = ORIENTED_EDGE('',*,*,#83,.T.);
#83 = EDGE_CURVE('',#75,#73,#84,.T.);
#84 = CIRCLE('',#85,4.);
#85 = AXIS2_PLACEMENT_3D('',#86,#87,#88);
#86 = CARTESIAN_POINT('',(24.309560471769,178.41396569533,8.));
#87 = DIRECTION('',(1.,-1.700920627155E-16,-1.209816768903E-15));
#88 = DIRECTION('',(1.047515461927E-15,-0.390242994107,0.920711901493));
#89 = ORIENTED_EDGE('',*,*,#90,.T.);
#90 = EDGE_CURVE('',#73,#91,#93,.T.);
#91 = VERTEX_POINT('',#92);
#92 = CARTESIAN_POINT('',(31.757256642992,179.97493767176,4.317152394029
    ));
#93 = LINE('',#94,#95);
#94 = CARTESIAN_POINT('',(21.936350392992,179.97493767176,4.317152394029
    ));
#95 = VECTOR('',#96,1.);
#96 = DIRECTION('',(1.,-1.700920627155E-16,-1.209816768903E-15));
#97 = ORIENTED_EDGE('',*,*,#98,.F.);
#98 = EDGE_CURVE('',#91,#91,#99,.T.);
#99 = CIRCLE('',#100,4.);
#100 = AXIS2_PLACEMENT_3D('',#101,#102,#103);
#101 = CARTESIAN_POINT('',(31.757256642992,178.41396569533,8.));
#102 = DIRECTION('',(1.,9.51619735393E-17,6.979793015562E-17));
#103 = DIRECTION('',(-2.712749151474E-17,-0.390242994107,0.920711901493)
  );
#104 = ORIENTED_EDGE('',*,*,#90,.F.);
#105 = CYLINDRICAL_SURFACE('',#106,4.);
#106 = AXIS2_PLACEMENT_3D('',#107,#108,#109);
#107 = CARTESIAN_POINT('',(21.936350392992,178.41396569533,8.));
#108 = DIRECTION('',(-1.,1.700920627155E-16,1.209816768903E-15));
#109 = DIRECTION('',(1.047515461927E-15,-0.390242994107,0.920711901493)
  );
#110 = ADVANCED_FACE('',(#111,#122),#142,.T.);
#111 = FACE_BOUND('',#112,.T.);
#112 = EDGE_LOOP('',(#113));
#113 = ORIENTED_EDGE('',*,*,#114,.F.);
#114 = EDGE_CURVE('',#115,#115,#117,.T.);
#115 = VERTEX_POINT('',#116);
#116 = CARTESIAN_POINT('',(20.757256642992,182.91396569533,8.));
#117 = CIRCLE('',#118,4.5);
#118 = AXIS2_PLACEMENT_3D('',#119,#120,#121);
#119 = CARTESIAN_POINT('',(20.757256642992,178.41396569533,8.));
#120 = DIRECTION('',(-1.,1.277033793989E-15,2.284298466924E-16));
#121 = DIRECTION('',(-1.277033793989E-15,-1.,3.430248998886E-15));
#122 = FACE_BOUND('',#123,.T.);
#123 = EDGE_LOOP('',(#124,#135));
#124 = ORIENTED_EDGE('',*,*,#125,.T.);
#125 = EDGE_CURVE('',#126,#128,#130,.T.);
#126 = VERTEX_POINT('',#127);
#127 = CARTESIAN_POINT('',(20.757256642992,176.8529937189,
    11.682847605971));
#128 = VERTEX_POINT('',#129);
#129 = CARTESIAN_POINT('',(20.757256642992,179.97493767176,
    4.317152394029));
#130 = CIRCLE('',#131,4.);
#131 = AXIS2_PLACEMENT_3D('',#132,#133,#134);
#132 = CARTESIAN_POINT('',(20.757256642992,178.41396569533,8.));
#133 = DIRECTION('',(-1.,1.700920627155E-16,1.209816768903E-15));
#134 = DIRECTION('',(1.047515461927E-15,-0.390242994107,0.920711901493)
  );
#135 = ORIENTED_EDGE('',*,*,#136,.T.);
#136 = EDGE_CURVE('',#128,#126,#137,.T.);
#137 = CIRCLE('',#138,4.);
#138 = AXIS2_PLACEMENT_3D('',#139,#140,#141);
#139 = CARTESIAN_POINT('',(20.757256642992,178.41396569533,8.));
#140 = DIRECTION('',(-1.,1.700920627155E-16,1.209816768903E-15));
#141 = DIRECTION('',(1.047515461927E-15,-0.390242994107,0.920711901493)
  );
#142 = PLANE('',#143);
#143 = AXIS2_PLACEMENT_3D('',#144,#145,#146);
#144 = CARTESIAN_POINT('',(20.757256642992,176.36518997627,
    12.833737482837));
#145 = DIRECTION('',(1.,-1.700920627155E-16,-1.209816768903E-15));
#146 = DIRECTION('',(6.287283047091E-16,0.920711901493,0.390242994107));
#147 = ADVANCED_FACE('',(#148),#177,.T.);
#148 = FACE_BOUND('',#149,.T.);
#149 = EDGE_LOOP('',(#150,#161,#167,#168,#169,#170));
#150 = ORIENTED_EDGE('',*,*,#151,.T.);
#151 = EDGE_CURVE('',#152,#154,#156,.T.);
#152 = VERTEX_POINT('',#153);
#153 = CARTESIAN_POINT('',(23.882256642992,179.68611417165,
    4.998582267198));
#154 = VERTEX_POINT('',#155);
#155 = CARTESIAN_POINT('',(23.882256642992,177.14181721901,
    11.001417732802));
#156 = CIRCLE('',#157,3.25988805829);
#157 = AXIS2_PLACEMENT_3D('',#158,#159,#160);
#158 = CARTESIAN_POINT('',(23.882256642992,178.41396569533,8.));
#159 = DIRECTION('',(1.,-1.700920627155E-16,-1.209816768903E-15));
#160 = DIRECTION('',(-1.047515461927E-15,0.390242994107,-0.920711901493)
  );
#161 = ORIENTED_EDGE('',*,*,#162,.T.);
#162 = EDGE_CURVE('',#154,#75,#163,.T.);
#163 = LINE('',#164,#165);
#164 = CARTESIAN_POINT('',(24.095908557381,176.99740546896,
    11.342132669386));
#165 = VECTOR('',#166,1.);
#166 = DIRECTION('',(0.5,-0.337960346545,0.797359896259));
#167 = ORIENTED_EDGE('',*,*,#72,.F.);
#168 = ORIENTED_EDGE('',*,*,#83,.F.);
#169 = ORIENTED_EDGE('',*,*,#162,.F.);
#170 = ORIENTED_EDGE('',*,*,#171,.T.);
#171 = EDGE_CURVE('',#154,#152,#172,.T.);
#172 = CIRCLE('',#173,3.25988805829);
#173 = AXIS2_PLACEMENT_3D('',#174,#175,#176);
#174 = CARTESIAN_POINT('',(23.882256642992,178.41396569533,8.));
#175 = DIRECTION('',(1.,-1.700920627155E-16,-1.209816768903E-15));
#176 = DIRECTION('',(-1.047515461927E-15,0.390242994107,-0.920711901493)
  );
#177 = CONICAL_SURFACE('',#178,3.629944029145,1.047197551197);
#178 = AXIS2_PLACEMENT_3D('',#179,#180,#181);
#179 = CARTESIAN_POINT('',(24.095908557381,178.41396569533,8.));
#180 = DIRECTION('',(1.,-1.700920627155E-16,-1.209816768903E-15));
#181 = DIRECTION('',(-1.047515461927E-15,0.390242994107,-0.920711901493)
  );
#182 = ADVANCED_FACE('',(#183,#194),#198,.F.);
#183 = FACE_BOUND('',#184,.T.);
#184 = EDGE_LOOP('',(#185));
#185 = ORIENTED_EDGE('',*,*,#186,.F.);
#186 = EDGE_CURVE('',#187,#187,#189,.T.);
#187 = VERTEX_POINT('',#188);
#188 = CARTESIAN_POINT('',(23.882256642992,179.97493767176,
    4.317152394029));
#189 = CIRCLE('',#190,4.);
#190 = AXIS2_PLACEMENT_3D('',#191,#192,#193);
#191 = CARTESIAN_POINT('',(23.882256642992,178.41396569533,8.));
#192 = DIRECTION('',(-1.,1.700920627155E-16,1.209816768903E-15));
#193 = DIRECTION('',(1.047515461927E-15,-0.390242994107,0.920711901493)
  );
#194 = FACE_BOUND('',#195,.T.);
#195 = EDGE_LOOP('',(#196,#197));
#196 = ORIENTED_EDGE('',*,*,#151,.F.);
#197 = ORIENTED_EDGE('',*,*,#171,.F.);
#198 = PLANE('',#199);
#199 = AXIS2_PLACEMENT_3D('',#200,#201,#202);
#200 = CARTESIAN_POINT('',(23.882256642992,179.8305259217,4.657867330613
    ));
#201 = DIRECTION('',(-1.,1.700920627155E-16,1.209816768903E-15));
#202 = DIRECTION('',(6.287283047091E-16,0.920711901493,0.390242994107));
#203 = ADVANCED_FACE('',(#204),#216,.T.);
#204 = FACE_BOUND('',#205,.T.);
#205 = EDGE_LOOP('',(#206,#207,#208,#214,#215));
#206 = ORIENTED_EDGE('',*,*,#125,.F.);
#207 = ORIENTED_EDGE('',*,*,#136,.F.);
#208 = ORIENTED_EDGE('',*,*,#209,.T.);
#209 = EDGE_CURVE('',#128,#187,#210,.T.);
#210 = LINE('',#211,#212);
#211 = CARTESIAN_POINT('',(21.936350392992,179.97493767176,
    4.317152394029));
#212 = VECTOR('',#213,1.);
#213 = DIRECTION('',(1.,-1.700920627155E-16,-1.209816768903E-15));
#214 = ORIENTED_EDGE('',*,*,#186,.T.);
#215 = ORIENTED_EDGE('',*,*,#209,.F.);
#216 = CYLINDRICAL_SURFACE('',#217,4.);
#217 = AXIS2_PLACEMENT_3D('',#218,#219,#220);
#218 = CARTESIAN_POINT('',(21.936350392992,178.41396569533,8.));
#219 = DIRECTION('',(-1.,1.700920627155E-16,1.209816768903E-15));
#220 = DIRECTION('',(1.047515461927E-15,-0.390242994107,0.920711901493)
  );
#221 = ADVANCED_FACE('',(#222),#277,.T.);
#222 = FACE_BOUND('',#223,.T.);
#223 = EDGE_LOOP('',(#224,#235,#244,#253,#260,#261,#270));
#224 = ORIENTED_EDGE('',*,*,#225,.T.);
#225 = EDGE_CURVE('',#226,#228,#230,.T.);
#226 = VERTEX_POINT('',#227);
#227 = CARTESIAN_POINT('',(13.557256642992,175.87738623364,
    13.984627359703));
#228 = VERTEX_POINT('',#229);
#229 = CARTESIAN_POINT('',(13.557256642992,184.39859305503,
    10.536579461695));
#230 = CIRCLE('',#231,6.5);
#231 = AXIS2_PLACEMENT_3D('',#232,#233,#234);
#232 = CARTESIAN_POINT('',(13.557256642992,178.41396569533,8.));
#233 = DIRECTION('',(-1.,1.700920627155E-16,1.209816768903E-15));
#234 = DIRECTION('',(1.047515461927E-15,-0.390242994107,0.920711901493)
  );
#235 = ORIENTED_EDGE('',*,*,#236,.T.);
#236 = EDGE_CURVE('',#228,#237,#239,.T.);
#237 = VERTEX_POINT('',#238);
#238 = CARTESIAN_POINT('',(12.757256642992,183.66202353384,
    10.224385066409));
#239 = CIRCLE('',#240,0.8);
#240 = AXIS2_PLACEMENT_3D('',#241,#242,#243);
#241 = CARTESIAN_POINT('',(13.557256642992,183.66202353384,
    10.224385066409));
#242 = DIRECTION('',(1.047515461927E-15,-0.390242994107,0.920711901493)
  );
#243 = DIRECTION('',(5.027205191911E-16,0.920711901493,0.390242994107));
#244 = ORIENTED_EDGE('',*,*,#245,.F.);
#245 = EDGE_CURVE('',#246,#237,#248,.T.);
#246 = VERTEX_POINT('',#247);
#247 = CARTESIAN_POINT('',(12.757256642992,176.18958062892,
    13.248057838509));
#248 = CIRCLE('',#249,5.7);
#249 = AXIS2_PLACEMENT_3D('',#250,#251,#252);
#250 = CARTESIAN_POINT('',(12.757256642992,178.41396569533,8.));
#251 = DIRECTION('',(-1.,1.700920627155E-16,1.209816768903E-15));
#252 = DIRECTION('',(-6.287283047091E-16,-0.920711901493,-0.390242994107
    ));
#253 = ORIENTED_EDGE('',*,*,#254,.F.);
#254 = EDGE_CURVE('',#237,#246,#255,.T.);
#255 = CIRCLE('',#256,5.7);
#256 = AXIS2_PLACEMENT_3D('',#257,#258,#259);
#257 = CARTESIAN_POINT('',(12.757256642992,178.41396569533,8.));
#258 = DIRECTION('',(-1.,1.700920627155E-16,1.209816768903E-15));
#259 = DIRECTION('',(-6.287283047091E-16,-0.920711901493,-0.390242994107
    ));
#260 = ORIENTED_EDGE('',*,*,#236,.F.);
#261 = ORIENTED_EDGE('',*,*,#262,.T.);
#262 = EDGE_CURVE('',#228,#263,#265,.T.);
#263 = VERTEX_POINT('',#264);
#264 = CARTESIAN_POINT('',(13.557256642992,180.95054515703,
    2.015372640297));
#265 = CIRCLE('',#266,6.5);
#266 = AXIS2_PLACEMENT_3D('',#267,#268,#269);
#267 = CARTESIAN_POINT('',(13.557256642992,178.41396569533,8.));
#268 = DIRECTION('',(-1.,1.700920627155E-16,1.209816768903E-15));
#269 = DIRECTION('',(1.047515461927E-15,-0.390242994107,0.920711901493)
  );
#270 = ORIENTED_EDGE('',*,*,#271,.T.);
#271 = EDGE_CURVE('',#263,#226,#272,.T.);
#272 = CIRCLE('',#273,6.5);
#273 = AXIS2_PLACEMENT_3D('',#274,#275,#276);
#274 = CARTESIAN_POINT('',(13.557256642992,178.41396569533,8.));
#275 = DIRECTION('',(-1.,1.700920627155E-16,1.209816768903E-15));
#276 = DIRECTION('',(1.047515461927E-15,-0.390242994107,0.920711901493)
  );
#277 = TOROIDAL_SURFACE('',#278,5.7,0.8);
#278 = AXIS2_PLACEMENT_3D('',#279,#280,#281);
#279 = CARTESIAN_POINT('',(13.557256642992,178.41396569533,8.));
#280 = DIRECTION('',(-1.,1.700920627155E-16,1.209816768903E-15));
#281 = DIRECTION('',(-6.287283047091E-16,-0.920711901493,-0.390242994107
    ));
#282 = ADVANCED_FACE('',(#283),#313,.T.);
#283 = FACE_BOUND('',#284,.T.);
#284 = EDGE_LOOP('',(#285,#286,#287,#295,#304,#311,#312));
#285 = ORIENTED_EDGE('',*,*,#225,.F.);
#286 = ORIENTED_EDGE('',*,*,#271,.F.);
#287 = ORIENTED_EDGE('',*,*,#288,.T.);
#288 = EDGE_CURVE('',#263,#289,#291,.T.);
#289 = VERTEX_POINT('',#290);
#290 = CARTESIAN_POINT('',(20.757256642992,180.95054515703,
    2.015372640297));
#291 = LINE('',#292,#293);
#292 = CARTESIAN_POINT('',(16.757256642992,180.95054515703,
    2.015372640297));
#293 = VECTOR('',#294,1.);
#294 = DIRECTION('',(1.,-1.700920627155E-16,-1.209816768903E-15));
#295 = ORIENTED_EDGE('',*,*,#296,.F.);
#296 = EDGE_CURVE('',#297,#289,#299,.T.);
#297 = VERTEX_POINT('',#298);
#298 = CARTESIAN_POINT('',(20.757256642992,175.87738623364,
    13.984627359703));
#299 = CIRCLE('',#300,6.5);
#300 = AXIS2_PLACEMENT_3D('',#301,#302,#303);
#301 = CARTESIAN_POINT('',(20.757256642992,178.41396569533,8.));
#302 = DIRECTION('',(1.,-1.277033793989E-15,-2.284298466924E-16));
#303 = DIRECTION('',(-2.880354128361E-16,-0.390242994107,0.920711901493)
  );
#304 = ORIENTED_EDGE('',*,*,#305,.F.);
#305 = EDGE_CURVE('',#289,#297,#306,.T.);
#306 = CIRCLE('',#307,6.5);
#307 = AXIS2_PLACEMENT_3D('',#308,#309,#310);
#308 = CARTESIAN_POINT('',(20.757256642992,178.41396569533,8.));
#309 = DIRECTION('',(1.,-1.277033793989E-15,-2.284298466924E-16));
#310 = DIRECTION('',(-2.880354128361E-16,-0.390242994107,0.920711901493)
  );
#311 = ORIENTED_EDGE('',*,*,#288,.F.);
#312 = ORIENTED_EDGE('',*,*,#262,.F.);
#313 = CYLINDRICAL_SURFACE('',#314,6.5);
#314 = AXIS2_PLACEMENT_3D('',#315,#316,#317);
#315 = CARTESIAN_POINT('',(16.757256642992,178.41396569533,8.));
#316 = DIRECTION('',(-1.,1.700920627155E-16,1.209816768903E-15));
#317 = DIRECTION('',(1.047515461927E-15,-0.390242994107,0.920711901493)
  );
#318 = ADVANCED_FACE('',(#319),#353,.F.);
#319 = FACE_BOUND('',#320,.T.);
#320 = EDGE_LOOP('',(#321,#331,#339,#347));
#321 = ORIENTED_EDGE('',*,*,#322,.F.);
#322 = EDGE_CURVE('',#323,#325,#327,.T.);
#323 = VERTEX_POINT('',#324);
#324 = CARTESIAN_POINT('',(16.757256642992,175.22369895666,6.64780802542
    ));
#325 = VERTEX_POINT('',#326);
#326 = CARTESIAN_POINT('',(16.757256642992,175.6468632561,
    10.085514107074));
#327 = ( BOUNDED_CURVE() B_SPLINE_CURVE(2,(#328,#329,#330),
.UNSPECIFIED.,.F.,.F.) B_SPLINE_CURVE_WITH_KNOTS((3,3),(0.,
3.504817555843),.PIECEWISE_BEZIER_KNOTS.) CURVE() 
GEOMETRIC_REPRESENTATION_ITEM() RATIONAL_B_SPLINE_CURVE((1.,
1.154550953025,1.)) REPRESENTATION_ITEM('') );
#328 = CARTESIAN_POINT('',(16.757256642992,175.22369895666,6.64780802542
    ));
#329 = CARTESIAN_POINT('',(17.256997503192,175.43528110638,
    8.366661066247));
#330 = CARTESIAN_POINT('',(16.757256642992,175.6468632561,
    10.085514107074));
#331 = ORIENTED_EDGE('',*,*,#332,.T.);
#332 = EDGE_CURVE('',#323,#333,#335,.T.);
#333 = VERTEX_POINT('',#334);
#334 = CARTESIAN_POINT('',(12.757256642992,175.22369895666,6.64780802542
    ));
#335 = LINE('',#336,#337);
#336 = CARTESIAN_POINT('',(14.757256642992,175.22369895666,6.64780802542
    ));
#337 = VECTOR('',#338,1.);
#338 = DIRECTION('',(-1.,1.700920627155E-16,1.209816768903E-15));
#339 = ORIENTED_EDGE('',*,*,#340,.F.);
#340 = EDGE_CURVE('',#341,#333,#343,.T.);
#341 = VERTEX_POINT('',#342);
#342 = CARTESIAN_POINT('',(12.757256642992,175.6468632561,
    10.085514107074));
#343 = LINE('',#344,#345);
#344 = CARTESIAN_POINT('',(12.757256642992,175.312806953,7.371704397036)
  );
#345 = VECTOR('',#346,1.);
#346 = DIRECTION('',(-1.221534468046E-15,-0.122172837943,-0.992508840096
    ));
#347 = ORIENTED_EDGE('',*,*,#348,.F.);
#348 = EDGE_CURVE('',#325,#341,#349,.T.);
#349 = LINE('',#350,#351);
#350 = CARTESIAN_POINT('',(14.757256642992,175.6468632561,
    10.085514107074));
#351 = VECTOR('',#352,1.);
#352 = DIRECTION('',(-1.,1.700920627155E-16,1.209816768903E-15));
#353 = PLANE('',#354);
#354 = AXIS2_PLACEMENT_3D('',#355,#356,#357);
#355 = CARTESIAN_POINT('',(12.757256642992,175.22369895666,6.64780802542
    ));
#356 = DIRECTION('',(-2.101112782746E-17,-0.992508840096,0.122172837943)
  );
#357 = DIRECTION('',(1.,-1.700920627156E-16,-1.209816768903E-15));
#358 = ADVANCED_FACE('',(#359),#384,.F.);
#359 = FACE_BOUND('',#360,.T.);
#360 = EDGE_LOOP('',(#361,#369,#377,#383));
#361 = ORIENTED_EDGE('',*,*,#362,.F.);
#362 = EDGE_CURVE('',#363,#323,#365,.T.);
#363 = VERTEX_POINT('',#364);
#364 = CARTESIAN_POINT('',(16.757256642992,177.98832122074,
    4.561242698117));
#365 = ( BOUNDED_CURVE() B_SPLINE_CURVE(2,(#366,#367,#368),
.UNSPECIFIED.,.F.,.F.) B_SPLINE_CURVE_WITH_KNOTS((3,3),(0.,
3.504817555843),.PIECEWISE_BEZIER_KNOTS.) CURVE() 
GEOMETRIC_REPRESENTATION_ITEM() RATIONAL_B_SPLINE_CURVE((1.,
1.154550953025,1.)) REPRESENTATION_ITEM('') );
#366 = CARTESIAN_POINT('',(16.757256642992,177.98832122074,
    4.561242698117));
#367 = CARTESIAN_POINT('',(17.256997503192,176.6060100887,5.604525361768
    ));
#368 = CARTESIAN_POINT('',(16.757256642992,175.22369895666,6.64780802542
    ));
#369 = ORIENTED_EDGE('',*,*,#370,.F.);
#370 = EDGE_CURVE('',#371,#363,#373,.T.);
#371 = VERTEX_POINT('',#372);
#372 = CARTESIAN_POINT('',(12.757256642992,177.98832122074,
    4.561242698117));
#373 = LINE('',#374,#375);
#374 = CARTESIAN_POINT('',(14.757256642992,177.98832122074,
    4.561242698117));
#375 = VECTOR('',#376,1.);
#376 = DIRECTION('',(1.,-1.700920627155E-16,-1.209816768903E-15));
#377 = ORIENTED_EDGE('',*,*,#378,.F.);
#378 = EDGE_CURVE('',#333,#371,#379,.T.);
#379 = LINE('',#380,#381);
#380 = CARTESIAN_POINT('',(12.757256642992,177.40615975076,
    5.000622049841));
#381 = VECTOR('',#382,1.);
#382 = DIRECTION('',(-5.930506036347E-16,0.798181104334,-0.602417566713)
  );
#383 = ORIENTED_EDGE('',*,*,#332,.F.);
#384 = PLANE('',#385);
#385 = AXIS2_PLACEMENT_3D('',#386,#387,#388);
#386 = CARTESIAN_POINT('',(12.757256642992,177.98832122074,
    4.561242698117));
#387 = DIRECTION('',(-1.068119331183E-15,-0.602417566713,-0.798181104334
    ));
#388 = DIRECTION('',(1.,-1.700920627155E-16,-1.209816768903E-15));
#389 = ADVANCED_FACE('',(#390),#423,.F.);
#390 = FACE_BOUND('',#391,.T.);
#391 = EDGE_LOOP('',(#392,#402,#410,#416,#417));
#392 = ORIENTED_EDGE('',*,*,#393,.F.);
#393 = EDGE_CURVE('',#394,#396,#398,.T.);
#394 = VERTEX_POINT('',#395);
#395 = CARTESIAN_POINT('',(16.757256642992,181.18106813456,
    5.914485892926));
#396 = VERTEX_POINT('',#397);
#397 = CARTESIAN_POINT('',(17.025724518172,179.58469467765,
    5.237864295521));
#398 = ( BOUNDED_CURVE() B_SPLINE_CURVE(2,(#399,#400,#401),
.UNSPECIFIED.,.F.,.F.) B_SPLINE_CURVE_WITH_KNOTS((3,3),(0.,
1.754508478179),.PIECEWISE_BEZIER_KNOTS.) CURVE() 
GEOMETRIC_REPRESENTATION_ITEM() RATIONAL_B_SPLINE_CURVE((1.,1.0775,
1.0775)) REPRESENTATION_ITEM('') );
#399 = CARTESIAN_POINT('',(16.757256642992,181.18106813456,
    5.914485892926));
#400 = CARTESIAN_POINT('',(17.025724518172,180.32547122378,5.55184183492
    ));
#401 = CARTESIAN_POINT('',(17.025724518172,179.58469467765,
    5.237864295521));
#402 = ORIENTED_EDGE('',*,*,#403,.T.);
#403 = EDGE_CURVE('',#394,#404,#406,.T.);
#404 = VERTEX_POINT('',#405);
#405 = CARTESIAN_POINT('',(12.757256642992,181.18106813456,
    5.914485892926));
#406 = LINE('',#407,#408);
#407 = CARTESIAN_POINT('',(14.757256642992,181.18106813456,
    5.914485892926));
#408 = VECTOR('',#409,1.);
#409 = DIRECTION('',(-1.,1.700920627155E-16,1.209816768903E-15));
#410 = ORIENTED_EDGE('',*,*,#411,.F.);
#411 = EDGE_CURVE('',#371,#404,#412,.T.);
#412 = LINE('',#413,#414);
#413 = CARTESIAN_POINT('',(12.757256642992,180.38288140611,
    5.576175094224));
#414 = VECTOR('',#415,1.);
#415 = DIRECTION('',(6.287283047089E-16,0.920711901493,0.390242994107));
#416 = ORIENTED_EDGE('',*,*,#370,.T.);
#417 = ORIENTED_EDGE('',*,*,#418,.F.);
#418 = EDGE_CURVE('',#396,#363,#419,.T.);
#419 = ( BOUNDED_CURVE() B_SPLINE_CURVE(2,(#420,#421,#422),
.UNSPECIFIED.,.F.,.F.) B_SPLINE_CURVE_WITH_KNOTS((3,3),(1.754508478179,
3.509016956357),.PIECEWISE_BEZIER_KNOTS.) CURVE() 
GEOMETRIC_REPRESENTATION_ITEM() RATIONAL_B_SPLINE_CURVE((1.0775,1.0775,
1.)) REPRESENTATION_ITEM('') );
#420 = CARTESIAN_POINT('',(17.025724518172,179.58469467765,
    5.237864295521));
#421 = CARTESIAN_POINT('',(17.025724518172,178.84391813152,
    4.923886756123));
#422 = CARTESIAN_POINT('',(16.757256642992,177.98832122074,
    4.561242698117));
#423 = PLANE('',#424);
#424 = AXIS2_PLACEMENT_3D('',#425,#426,#427);
#425 = CARTESIAN_POINT('',(12.757256642992,181.18106813456,
    5.914485892926));
#426 = DIRECTION('',(-1.047515461927E-15,0.390242994107,-0.920711901493)
  );
#427 = DIRECTION('',(6.287283047089E-16,0.920711901493,0.390242994107));
#428 = ADVANCED_FACE('',(#429),#454,.F.);
#429 = FACE_BOUND('',#430,.T.);
#430 = EDGE_LOOP('',(#431,#439,#440,#448));
#431 = ORIENTED_EDGE('',*,*,#432,.F.);
#432 = EDGE_CURVE('',#325,#433,#435,.T.);
#433 = VERTEX_POINT('',#434);
#434 = CARTESIAN_POINT('',(16.757256642992,178.83961016992,
    11.438757301883));
#435 = ( BOUNDED_CURVE() B_SPLINE_CURVE(2,(#436,#437,#438),
.UNSPECIFIED.,.F.,.F.) B_SPLINE_CURVE_WITH_KNOTS((3,3),(0.,
3.509016956357),.PIECEWISE_BEZIER_KNOTS.) CURVE() 
GEOMETRIC_REPRESENTATION_ITEM() RATIONAL_B_SPLINE_CURVE((1.,1.155,1.)) 
REPRESENTATION_ITEM('') );
#436 = CARTESIAN_POINT('',(16.757256642992,175.6468632561,
    10.085514107074));
#437 = CARTESIAN_POINT('',(17.258164236932,177.24323671301,
    10.762135704478));
#438 = CARTESIAN_POINT('',(16.757256642992,178.83961016992,
    11.438757301883));
#439 = ORIENTED_EDGE('',*,*,#348,.T.);
#440 = ORIENTED_EDGE('',*,*,#441,.F.);
#441 = EDGE_CURVE('',#442,#341,#444,.T.);
#442 = VERTEX_POINT('',#443);
#443 = CARTESIAN_POINT('',(12.757256642992,178.83961016992,
    11.438757301883));
#444 = LINE('',#445,#446);
#445 = CARTESIAN_POINT('',(12.757256642992,176.44504998456,
    10.423824905776));
#446 = VECTOR('',#447,1.);
#447 = DIRECTION('',(-6.287283047089E-16,-0.920711901493,-0.390242994107
    ));
#448 = ORIENTED_EDGE('',*,*,#449,.F.);
#449 = EDGE_CURVE('',#433,#442,#450,.T.);
#450 = LINE('',#451,#452);
#451 = CARTESIAN_POINT('',(14.757256642992,178.83961016992,
    11.438757301883));
#452 = VECTOR('',#453,1.);
#453 = DIRECTION('',(-1.,1.700920627155E-16,1.209816768903E-15));
#454 = PLANE('',#455);
#455 = AXIS2_PLACEMENT_3D('',#456,#457,#458);
#456 = CARTESIAN_POINT('',(12.757256642992,175.6468632561,
    10.085514107074));
#457 = DIRECTION('',(1.047515461927E-15,-0.390242994107,0.920711901493)
  );
#458 = DIRECTION('',(-6.287283047089E-16,-0.920711901493,-0.390242994107
    ));
#459 = ADVANCED_FACE('',(#460),#485,.F.);
#460 = FACE_BOUND('',#461,.T.);
#461 = EDGE_LOOP('',(#462,#470,#471,#479));
#462 = ORIENTED_EDGE('',*,*,#463,.F.);
#463 = EDGE_CURVE('',#433,#464,#466,.T.);
#464 = VERTEX_POINT('',#465);
#465 = CARTESIAN_POINT('',(16.757256642992,181.604232434,9.35219197458)
  );
#466 = ( BOUNDED_CURVE() B_SPLINE_CURVE(2,(#467,#468,#469),
.UNSPECIFIED.,.F.,.F.) B_SPLINE_CURVE_WITH_KNOTS((3,3),(0.,
3.504817555843),.PIECEWISE_BEZIER_KNOTS.) CURVE() 
GEOMETRIC_REPRESENTATION_ITEM() RATIONAL_B_SPLINE_CURVE((1.,
1.154550953025,1.)) REPRESENTATION_ITEM('') );
#467 = CARTESIAN_POINT('',(16.757256642992,178.83961016992,
    11.438757301883));
#468 = CARTESIAN_POINT('',(17.256997503192,180.22192130196,
    10.395474638231));
#469 = CARTESIAN_POINT('',(16.757256642992,181.604232434,9.35219197458)
  );
#470 = ORIENTED_EDGE('',*,*,#449,.T.);
#471 = ORIENTED_EDGE('',*,*,#472,.F.);
#472 = EDGE_CURVE('',#473,#442,#475,.T.);
#473 = VERTEX_POINT('',#474);
#474 = CARTESIAN_POINT('',(12.757256642992,181.604232434,9.35219197458)
  );
#475 = LINE('',#476,#477);
#476 = CARTESIAN_POINT('',(12.757256642992,179.63975983198,
    10.834853989955));
#477 = VECTOR('',#478,1.);
#478 = DIRECTION('',(5.930506036347E-16,-0.798181104334,0.602417566713)
  );
#479 = ORIENTED_EDGE('',*,*,#480,.F.);
#480 = EDGE_CURVE('',#464,#473,#481,.T.);
#481 = LINE('',#482,#483);
#482 = CARTESIAN_POINT('',(14.757256642992,181.604232434,9.35219197458)
  );
#483 = VECTOR('',#484,1.);
#484 = DIRECTION('',(-1.,1.700920627155E-16,1.209816768903E-15));
#485 = PLANE('',#486);
#486 = AXIS2_PLACEMENT_3D('',#487,#488,#489);
#487 = CARTESIAN_POINT('',(12.757256642992,178.83961016992,
    11.438757301883));
#488 = DIRECTION('',(1.068119331183E-15,0.602417566713,0.798181104334));
#489 = DIRECTION('',(-1.,1.700920627155E-16,1.209816768903E-15));
#490 = ADVANCED_FACE('',(#491),#507,.F.);
#491 = FACE_BOUND('',#492,.T.);
#492 = EDGE_LOOP('',(#493,#499,#500,#506));
#493 = ORIENTED_EDGE('',*,*,#494,.F.);
#494 = EDGE_CURVE('',#464,#394,#495,.T.);
#495 = ( BOUNDED_CURVE() B_SPLINE_CURVE(2,(#496,#497,#498),
.UNSPECIFIED.,.F.,.F.) B_SPLINE_CURVE_WITH_KNOTS((3,3),(0.,
3.504817555843),.PIECEWISE_BEZIER_KNOTS.) CURVE() 
GEOMETRIC_REPRESENTATION_ITEM() RATIONAL_B_SPLINE_CURVE((1.,
1.154550953024,1.)) REPRESENTATION_ITEM('') );
#496 = CARTESIAN_POINT('',(16.757256642992,181.604232434,9.35219197458)
  );
#497 = CARTESIAN_POINT('',(17.256997503192,181.39265028428,
    7.633338933753));
#498 = CARTESIAN_POINT('',(16.757256642992,181.18106813456,
    5.914485892926));
#499 = ORIENTED_EDGE('',*,*,#480,.T.);
#500 = ORIENTED_EDGE('',*,*,#501,.F.);
#501 = EDGE_CURVE('',#404,#473,#502,.T.);
#502 = LINE('',#503,#504);
#503 = CARTESIAN_POINT('',(12.757256642992,181.48175828063,
    8.357235305369));
#504 = VECTOR('',#505,1.);
#505 = DIRECTION('',(1.221534468046E-15,0.122172837943,0.992508840096));
#506 = ORIENTED_EDGE('',*,*,#403,.F.);
#507 = PLANE('',#508);
#508 = AXIS2_PLACEMENT_3D('',#509,#510,#511);
#509 = CARTESIAN_POINT('',(12.757256642992,181.604232434,9.35219197458)
  );
#510 = DIRECTION('',(2.101112782746E-17,0.992508840096,-0.122172837943)
  );
#511 = DIRECTION('',(-1.,1.700920627156E-16,1.209816768903E-15));
#512 = ADVANCED_FACE('',(#513,#517),#525,.T.);
#513 = FACE_BOUND('',#514,.T.);
#514 = EDGE_LOOP('',(#515,#516));
#515 = ORIENTED_EDGE('',*,*,#245,.T.);
#516 = ORIENTED_EDGE('',*,*,#254,.T.);
#517 = FACE_BOUND('',#518,.T.);
#518 = EDGE_LOOP('',(#519,#520,#521,#522,#523,#524));
#519 = ORIENTED_EDGE('',*,*,#340,.T.);
#520 = ORIENTED_EDGE('',*,*,#378,.T.);
#521 = ORIENTED_EDGE('',*,*,#411,.T.);
#522 = ORIENTED_EDGE('',*,*,#501,.T.);
#523 = ORIENTED_EDGE('',*,*,#472,.T.);
#524 = ORIENTED_EDGE('',*,*,#441,.T.);
#525 = PLANE('',#526);
#526 = AXIS2_PLACEMENT_3D('',#527,#528,#529);
#527 = CARTESIAN_POINT('',(12.757256642992,176.46957997719,
    12.587447049188));
#528 = DIRECTION('',(-1.,1.700920627155E-16,1.209816768903E-15));
#529 = DIRECTION('',(-6.287283047091E-16,-0.920711901493,-0.390242994107
    ));
#530 = ADVANCED_FACE('',(#531),#549,.F.);
#531 = FACE_BOUND('',#532,.F.);
#532 = EDGE_LOOP('',(#533,#534,#535,#536,#537,#538,#539,#547,#548));
#533 = ORIENTED_EDGE('',*,*,#494,.F.);
#534 = ORIENTED_EDGE('',*,*,#463,.F.);
#535 = ORIENTED_EDGE('',*,*,#432,.F.);
#536 = ORIENTED_EDGE('',*,*,#322,.F.);
#537 = ORIENTED_EDGE('',*,*,#362,.F.);
#538 = ORIENTED_EDGE('',*,*,#418,.F.);
#539 = ORIENTED_EDGE('',*,*,#540,.T.);
#540 = EDGE_CURVE('',#396,#541,#543,.T.);
#541 = VERTEX_POINT('',#542);
#542 = CARTESIAN_POINT('',(18.757775325742,178.41396569533,8.));
#543 = LINE('',#544,#545);
#544 = CARTESIAN_POINT('',(17.757515984372,179.09006168262,
    6.404866630664));
#545 = VECTOR('',#546,1.);
#546 = DIRECTION('',(0.5,-0.337960346545,0.79735989626));
#547 = ORIENTED_EDGE('',*,*,#540,.F.);
#548 = ORIENTED_EDGE('',*,*,#393,.F.);
#549 = CONICAL_SURFACE('',#550,1.7325,1.047197551197);
#550 = AXIS2_PLACEMENT_3D('',#551,#552,#553);
#551 = CARTESIAN_POINT('',(17.757515984372,178.41396569533,8.));
#552 = DIRECTION('',(-1.,1.700920627155E-16,1.209816768903E-15));
#553 = DIRECTION('',(1.047515461927E-15,-0.390242994107,0.920711901493)
  );
#554 = ADVANCED_FACE('',(#555),#559,.T.);
#555 = FACE_BOUND('',#556,.T.);
#556 = EDGE_LOOP('',(#557,#558));
#557 = ORIENTED_EDGE('',*,*,#56,.F.);
#558 = ORIENTED_EDGE('',*,*,#47,.F.);
#559 = PLANE('',#560);
#560 = AXIS2_PLACEMENT_3D('',#561,#562,#563);
#561 = CARTESIAN_POINT('',(45.757256642992,177.78310131008,
    9.488417105504));
#562 = DIRECTION('',(1.,-1.700920627155E-16,-1.209816768903E-15));
#563 = DIRECTION('',(6.287283047091E-16,0.920711901493,0.390242994107));
#564 = ADVANCED_FACE('',(#565),#599,.T.);
#565 = FACE_BOUND('',#566,.T.);
#566 = EDGE_LOOP('',(#567,#577,#585,#593));
#567 = ORIENTED_EDGE('',*,*,#568,.F.);
#568 = EDGE_CURVE('',#569,#571,#573,.T.);
#569 = VERTEX_POINT('',#570);
#570 = CARTESIAN_POINT('',(29.757256642992,170.41396569533,20.));
#571 = VERTEX_POINT('',#572);
#572 = CARTESIAN_POINT('',(29.757256642992,220.41396569533,20.));
#573 = LINE('',#574,#575);
#574 = CARTESIAN_POINT('',(29.757256642992,159.41396569533,20.));
#575 = VECTOR('',#576,1.);
#576 = DIRECTION('',(-9.51619735393E-17,1.,-2.22044604925E-16));
#577 = ORIENTED_EDGE('',*,*,#578,.T.);
#578 = EDGE_CURVE('',#569,#579,#581,.T.);
#579 = VERTEX_POINT('',#580);
#580 = CARTESIAN_POINT('',(31.728438808094,170.41396569533,20.));
#581 = LINE('',#582,#583);
#582 = CARTESIAN_POINT('',(31.728438808094,170.41396569533,20.));
#583 = VECTOR('',#584,1.);
#584 = DIRECTION('',(1.,-1.277033793989E-15,-3.466362999107E-15));
#585 = ORIENTED_EDGE('',*,*,#586,.F.);
#586 = EDGE_CURVE('',#587,#579,#589,.T.);
#587 = VERTEX_POINT('',#588);
#588 = CARTESIAN_POINT('',(31.728438808094,220.41396569533,20.));
#589 = LINE('',#590,#591);
#590 = CARTESIAN_POINT('',(31.728438808094,220.41396569533,20.));
#591 = VECTOR('',#592,1.);
#592 = DIRECTION('',(-1.277033793989E-15,-1.,1.384422726886E-15));
#593 = ORIENTED_EDGE('',*,*,#594,.T.);
#594 = EDGE_CURVE('',#587,#571,#595,.T.);
#595 = LINE('',#596,#597);
#596 = CARTESIAN_POINT('',(31.728438808094,220.41396569533,20.));
#597 = VECTOR('',#598,1.);
#598 = DIRECTION('',(-1.,1.277033793989E-15,3.466362999107E-15));
#599 = PLANE('',#600);
#600 = AXIS2_PLACEMENT_3D('',#601,#602,#603);
#601 = CARTESIAN_POINT('',(13.728438808102,220.41396569533,20.));
#602 = DIRECTION('',(3.466362999107E-15,1.384422726886E-15,1.));
#603 = DIRECTION('',(1.277033793989E-15,1.,-1.384422726886E-15));
#604 = ADVANCED_FACE('',(#605),#639,.T.);
#605 = FACE_BOUND('',#606,.T.);
#606 = EDGE_LOOP('',(#607,#617,#625,#633));
#607 = ORIENTED_EDGE('',*,*,#608,.T.);
#608 = EDGE_CURVE('',#609,#611,#613,.T.);
#609 = VERTEX_POINT('',#610);
#610 = CARTESIAN_POINT('',(31.728438808094,170.41396569533,13.6));
#611 = VERTEX_POINT('',#612);
#612 = CARTESIAN_POINT('',(13.728438808102,170.41396569533,
    18.42308546376));
#613 = LINE('',#614,#615);
#614 = CARTESIAN_POINT('',(13.728438808102,170.41396569533,
    18.42308546376));
#615 = VECTOR('',#616,1.);
#616 = DIRECTION('',(-0.965925826289,1.591834890848E-15,0.258819045103)
  );
#617 = ORIENTED_EDGE('',*,*,#618,.F.);
#618 = EDGE_CURVE('',#619,#611,#621,.T.);
#619 = VERTEX_POINT('',#620);
#620 = CARTESIAN_POINT('',(13.728438808102,220.41396569533,
    18.42308546376));
#621 = LINE('',#622,#623);
#622 = CARTESIAN_POINT('',(13.728438808102,220.41396569533,
    18.42308546376));
#623 = VECTOR('',#624,1.);
#624 = DIRECTION('',(-1.277033793989E-15,-1.,1.384422726886E-15));
#625 = ORIENTED_EDGE('',*,*,#626,.T.);
#626 = EDGE_CURVE('',#619,#627,#629,.T.);
#627 = VERTEX_POINT('',#628);
#628 = CARTESIAN_POINT('',(31.728438808094,220.41396569533,13.6));
#629 = LINE('',#630,#631);
#630 = CARTESIAN_POINT('',(13.728438808102,220.41396569533,
    18.42308546376));
#631 = VECTOR('',#632,1.);
#632 = DIRECTION('',(0.965925826289,-1.591834890848E-15,-0.258819045103)
  );
#633 = ORIENTED_EDGE('',*,*,#634,.T.);
#634 = EDGE_CURVE('',#627,#609,#635,.T.);
#635 = LINE('',#636,#637);
#636 = CARTESIAN_POINT('',(31.728438808094,220.41396569533,13.6));
#637 = VECTOR('',#638,1.);
#638 = DIRECTION('',(-1.277033793989E-15,-1.,1.384422726886E-15));
#639 = PLANE('',#640);
#640 = AXIS2_PLACEMENT_3D('',#641,#642,#643);
#641 = CARTESIAN_POINT('',(31.728438808094,220.41396569533,13.6));
#642 = DIRECTION('',(-0.258819045103,-1.006728999276E-15,-0.965925826289
    ));
#643 = DIRECTION('',(-1.277033793989E-15,-1.,1.384422726886E-15));
#644 = ADVANCED_FACE('',(#645),#661,.T.);
#645 = FACE_BOUND('',#646,.T.);
#646 = EDGE_LOOP('',(#647,#653,#654,#660));
#647 = ORIENTED_EDGE('',*,*,#648,.T.);
#648 = EDGE_CURVE('',#579,#609,#649,.T.);
#649 = LINE('',#650,#651);
#650 = CARTESIAN_POINT('',(31.728438808094,170.41396569533,13.6));
#651 = VECTOR('',#652,1.);
#652 = DIRECTION('',(-3.617646036338E-15,-1.384422726886E-15,-1.));
#653 = ORIENTED_EDGE('',*,*,#634,.F.);
#654 = ORIENTED_EDGE('',*,*,#655,.T.);
#655 = EDGE_CURVE('',#627,#587,#656,.T.);
#656 = LINE('',#657,#658);
#657 = CARTESIAN_POINT('',(31.728438808094,220.41396569533,13.6));
#658 = VECTOR('',#659,1.);
#659 = DIRECTION('',(3.617646036338E-15,1.384422726886E-15,1.));
#660 = ORIENTED_EDGE('',*,*,#586,.T.);
#661 = PLANE('',#662);
#662 = AXIS2_PLACEMENT_3D('',#663,#664,#665);
#663 = CARTESIAN_POINT('',(31.728438808094,220.41396569533,20.));
#664 = DIRECTION('',(1.,-1.277033793989E-15,-3.617646036338E-15));
#665 = DIRECTION('',(-1.277033793989E-15,-1.,1.384422726886E-15));
#666 = ADVANCED_FACE('',(#667),#692,.T.);
#667 = FACE_BOUND('',#668,.T.);
#668 = EDGE_LOOP('',(#669,#677,#685,#691));
#669 = ORIENTED_EDGE('',*,*,#670,.T.);
#670 = EDGE_CURVE('',#611,#671,#673,.T.);
#671 = VERTEX_POINT('',#672);
#672 = CARTESIAN_POINT('',(13.728438808102,170.41396569533,20.));
#673 = LINE('',#674,#675);
#674 = CARTESIAN_POINT('',(13.728438808102,170.41396569533,20.));
#675 = VECTOR('',#676,1.);
#676 = DIRECTION('',(-4.735492962323E-15,1.384422726886E-15,1.));
#677 = ORIENTED_EDGE('',*,*,#678,.F.);
#678 = EDGE_CURVE('',#679,#671,#681,.T.);
#679 = VERTEX_POINT('',#680);
#680 = CARTESIAN_POINT('',(13.728438808102,220.41396569533,20.));
#681 = LINE('',#682,#683);
#682 = CARTESIAN_POINT('',(13.728438808102,189.91396569533,20.));
#683 = VECTOR('',#684,1.);
#684 = DIRECTION('',(-1.277033793989E-15,-1.,2.22044604925E-16));
#685 = ORIENTED_EDGE('',*,*,#686,.T.);
#686 = EDGE_CURVE('',#679,#619,#687,.T.);
#687 = LINE('',#688,#689);
#688 = CARTESIAN_POINT('',(13.728438808102,220.41396569533,20.));
#689 = VECTOR('',#690,1.);
#690 = DIRECTION('',(4.735492962323E-15,-1.384422726886E-15,-1.));
#691 = ORIENTED_EDGE('',*,*,#618,.T.);
#692 = PLANE('',#693);
#693 = AXIS2_PLACEMENT_3D('',#694,#695,#696);
#694 = CARTESIAN_POINT('',(13.728438808102,220.41396569533,
    18.42308546376));
#695 = DIRECTION('',(-1.,1.277033793989E-15,-4.735492962323E-15));
#696 = DIRECTION('',(1.277033793989E-15,1.,-1.384422726886E-15));
#697 = ADVANCED_FACE('',(#698),#710,.F.);
#698 = FACE_BOUND('',#699,.T.);
#699 = EDGE_LOOP('',(#700,#701,#702,#703,#704));
#700 = ORIENTED_EDGE('',*,*,#594,.F.);
#701 = ORIENTED_EDGE('',*,*,#655,.F.);
#702 = ORIENTED_EDGE('',*,*,#626,.F.);
#703 = ORIENTED_EDGE('',*,*,#686,.F.);
#704 = ORIENTED_EDGE('',*,*,#705,.F.);
#705 = EDGE_CURVE('',#571,#679,#706,.T.);
#706 = LINE('',#707,#708);
#707 = CARTESIAN_POINT('',(26.729352256918,220.41396569533,20.));
#708 = VECTOR('',#709,1.);
#709 = DIRECTION('',(-1.,1.277033793989E-15,3.466362999107E-15));
#710 = PLANE('',#711);
#711 = AXIS2_PLACEMENT_3D('',#712,#713,#714);
#712 = CARTESIAN_POINT('',(23.701447870844,220.41396569533,
    17.847028554095));
#713 = DIRECTION('',(-1.277033793989E-15,-1.,1.384422726886E-15));
#714 = DIRECTION('',(-1.,1.277033793989E-15,3.713079226802E-15));
#715 = ADVANCED_FACE('',(#716),#728,.T.);
#716 = FACE_BOUND('',#717,.T.);
#717 = EDGE_LOOP('',(#718,#719,#720,#726,#727));
#718 = ORIENTED_EDGE('',*,*,#648,.F.);
#719 = ORIENTED_EDGE('',*,*,#578,.F.);
#720 = ORIENTED_EDGE('',*,*,#721,.F.);
#721 = EDGE_CURVE('',#671,#569,#722,.T.);
#722 = LINE('',#723,#724);
#723 = CARTESIAN_POINT('',(26.729352256918,170.41396569533,20.));
#724 = VECTOR('',#725,1.);
#725 = DIRECTION('',(1.,-1.277033793989E-15,-3.466362999107E-15));
#726 = ORIENTED_EDGE('',*,*,#670,.F.);
#727 = ORIENTED_EDGE('',*,*,#608,.F.);
#728 = PLANE('',#729);
#729 = AXIS2_PLACEMENT_3D('',#730,#731,#732);
#730 = CARTESIAN_POINT('',(23.701447870844,170.41396569533,
    17.847028554095));
#731 = DIRECTION('',(-1.277033793989E-15,-1.,1.384422726886E-15));
#732 = DIRECTION('',(-1.,1.277033793989E-15,3.713079226802E-15));
#733 = ADVANCED_FACE('',(#734),#777,.F.);
#734 = FACE_BOUND('',#735,.T.);
#735 = EDGE_LOOP('',(#736,#737,#745,#753,#761,#769,#775,#776));
#736 = ORIENTED_EDGE('',*,*,#721,.T.);
#737 = ORIENTED_EDGE('',*,*,#738,.F.);
#738 = EDGE_CURVE('',#739,#569,#741,.T.);
#739 = VERTEX_POINT('',#740);
#740 = CARTESIAN_POINT('',(29.757256642992,159.41396569533,20.));
#741 = LINE('',#742,#743);
#742 = CARTESIAN_POINT('',(29.757256642992,159.41396569533,20.));
#743 = VECTOR('',#744,1.);
#744 = DIRECTION('',(-9.51619735393E-17,1.,-2.22044604925E-16));
#745 = ORIENTED_EDGE('',*,*,#746,.F.);
#746 = EDGE_CURVE('',#747,#739,#749,.T.);
#747 = VERTEX_POINT('',#748);
#748 = CARTESIAN_POINT('',(11.757256642992,159.41396569533,20.));
#749 = LINE('',#750,#751);
#750 = CARTESIAN_POINT('',(20.257256642992,159.41396569533,20.));
#751 = VECTOR('',#752,1.);
#752 = DIRECTION('',(1.,9.51619735393E-17,-3.466362999107E-15));
#753 = ORIENTED_EDGE('',*,*,#754,.T.);
#754 = EDGE_CURVE('',#747,#755,#757,.T.);
#755 = VERTEX_POINT('',#756);
#756 = CARTESIAN_POINT('',(11.757256642992,221.41396569533,20.));
#757 = LINE('',#758,#759);
#758 = CARTESIAN_POINT('',(11.757256642992,159.41396569533,20.));
#759 = VECTOR('',#760,1.);
#760 = DIRECTION('',(-9.51619735393E-17,1.,-2.22044604925E-16));
#761 = ORIENTED_EDGE('',*,*,#762,.T.);
#762 = EDGE_CURVE('',#755,#763,#765,.T.);
#763 = VERTEX_POINT('',#764);
#764 = CARTESIAN_POINT('',(29.757256642992,221.41396569533,20.));
#765 = LINE('',#766,#767);
#766 = CARTESIAN_POINT('',(11.757256642992,221.41396569533,20.));
#767 = VECTOR('',#768,1.);
#768 = DIRECTION('',(1.,-2.009130117984E-30,-7.771561172376E-15));
#769 = ORIENTED_EDGE('',*,*,#770,.F.);
#770 = EDGE_CURVE('',#571,#763,#771,.T.);
#771 = LINE('',#772,#773);
#772 = CARTESIAN_POINT('',(29.757256642992,159.41396569533,20.));
#773 = VECTOR('',#774,1.);
#774 = DIRECTION('',(-9.51619735393E-17,1.,-2.22044604925E-16));
#775 = ORIENTED_EDGE('',*,*,#705,.T.);
#776 = ORIENTED_EDGE('',*,*,#678,.T.);
#777 = PLANE('',#778);
#778 = AXIS2_PLACEMENT_3D('',#779,#780,#781);
#779 = CARTESIAN_POINT('',(29.757256642992,159.41396569533,20.));
#780 = DIRECTION('',(3.466362999107E-15,2.22044604925E-16,1.));
#781 = DIRECTION('',(2.22044604925E-16,1.,-2.22044604925E-16));
#782 = ADVANCED_FACE('',(#783),#794,.T.);
#783 = FACE_BOUND('',#784,.T.);
#784 = EDGE_LOOP('',(#785));
#785 = ORIENTED_EDGE('',*,*,#786,.F.);
#786 = EDGE_CURVE('',#787,#787,#789,.T.);
#787 = VERTEX_POINT('',#788);
#788 = CARTESIAN_POINT('',(17.532394353552,164.02684425681,
    28.398427051587));
#789 = CIRCLE('',#790,4.582575694956);
#790 = AXIS2_PLACEMENT_3D('',#791,#792,#793);
#791 = CARTESIAN_POINT('',(21.757256642992,163.56744674838,
    30.112921893941));
#792 = DIRECTION('',(-6.106226635438E-16,0.965925826289,0.258819045103)
  );
#793 = DIRECTION('',(0.921940535341,-0.100248755071,0.374133447319));
#794 = SPHERICAL_SURFACE('',#795,5.);
#795 = AXIS2_PLACEMENT_3D('',#796,#797,#798);
#796 = CARTESIAN_POINT('',(21.757256642992,165.49929840096,
    30.630559984146));
#797 = DIRECTION('',(-0.921940535341,0.100248755071,-0.374133447319));
#798 = DIRECTION('',(-9.05566320613E-04,-0.96648106105,-0.256736321117)
  );
#799 = ADVANCED_FACE('',(#800),#811,.F.);
#800 = FACE_BOUND('',#801,.T.);
#801 = EDGE_LOOP('',(#802));
#802 = ORIENTED_EDGE('',*,*,#803,.F.);
#803 = EDGE_CURVE('',#804,#804,#806,.T.);
#804 = VERTEX_POINT('',#805);
#805 = CARTESIAN_POINT('',(31.757256642992,269.11396569533,-26.5));
#806 = CIRCLE('',#807,4.7);
#807 = AXIS2_PLACEMENT_3D('',#808,#809,#810);
#808 = CARTESIAN_POINT('',(31.757256642992,264.41396569533,-26.5));
#809 = DIRECTION('',(-1.110223024625E-16,2.22044604925E-16,1.));
#810 = DIRECTION('',(-2.22044604925E-16,-1.,2.22044604925E-16));
#811 = PLANE('',#812);
#812 = AXIS2_PLACEMENT_3D('',#813,#814,#815);
#813 = CARTESIAN_POINT('',(31.757256642992,264.41396569533,-26.5));
#814 = DIRECTION('',(-1.110223024625E-16,2.22044604925E-16,1.));
#815 = DIRECTION('',(2.22044604925E-16,1.,-2.22044604925E-16));
#816 = ADVANCED_FACE('',(#817),#859,.F.);
#817 = FACE_BOUND('',#818,.T.);
#818 = EDGE_LOOP('',(#819,#829,#837,#845,#853));
#819 = ORIENTED_EDGE('',*,*,#820,.T.);
#820 = EDGE_CURVE('',#821,#823,#825,.T.);
#821 = VERTEX_POINT('',#822);
#822 = CARTESIAN_POINT('',(19.257256642992,229.41396569533,40.));
#823 = VERTEX_POINT('',#824);
#824 = CARTESIAN_POINT('',(19.257256642992,159.41396569533,40.));
#825 = LINE('',#826,#827);
#826 = CARTESIAN_POINT('',(19.257256642992,194.41396569533,40.));
#827 = VECTOR('',#828,1.);
#828 = DIRECTION('',(8.881784197001E-17,-1.,2.22044604925E-16));
#829 = ORIENTED_EDGE('',*,*,#830,.F.);
#830 = EDGE_CURVE('',#831,#823,#833,.T.);
#831 = VERTEX_POINT('',#832);
#832 = CARTESIAN_POINT('',(41.757256642992,159.41396569533,40.));
#833 = LINE('',#834,#835);
#834 = CARTESIAN_POINT('',(14.854132405562,159.41396569533,40.));
#835 = VECTOR('',#836,1.);
#836 = DIRECTION('',(-1.,-9.51619735393E-17,-6.311854213357E-16));
#837 = ORIENTED_EDGE('',*,*,#838,.T.);
#838 = EDGE_CURVE('',#831,#839,#841,.T.);
#839 = VERTEX_POINT('',#840);
#840 = CARTESIAN_POINT('',(44.257256642992,164.77523299661,40.));
#841 = LINE('',#842,#843);
#842 = CARTESIAN_POINT('',(59.530497660212,197.52880405664,40.));
#843 = VECTOR('',#844,1.);
#844 = DIRECTION('',(0.422618261741,0.906307787037,6.550973108782E-17));
#845 = ORIENTED_EDGE('',*,*,#846,.T.);
#846 = EDGE_CURVE('',#839,#847,#849,.T.);
#847 = VERTEX_POINT('',#848);
#848 = CARTESIAN_POINT('',(44.257256642992,229.41396569533,40.));
#849 = LINE('',#850,#851);
#850 = CARTESIAN_POINT('',(44.257256642992,194.41396569533,40.));
#851 = VECTOR('',#852,1.);
#852 = DIRECTION('',(-8.881784197001E-17,1.,-2.22044604925E-16));
#853 = ORIENTED_EDGE('',*,*,#854,.F.);
#854 = EDGE_CURVE('',#821,#847,#855,.T.);
#855 = LINE('',#856,#857);
#856 = CARTESIAN_POINT('',(8.291632405562,229.41396569533,40.));
#857 = VECTOR('',#858,1.);
#858 = DIRECTION('',(1.,9.51619735393E-17,6.311854213357E-16));
#859 = PLANE('',#860);
#860 = AXIS2_PLACEMENT_3D('',#861,#862,#863);
#861 = CARTESIAN_POINT('',(18.951008168132,159.41396569533,40.));
#862 = DIRECTION('',(6.311854213357E-16,-2.22044604925E-16,-1.));
#863 = DIRECTION('',(-2.22044604925E-16,-1.,2.22044604925E-16));
#864 = ADVANCED_FACE('',(#865),#907,.F.);
#865 = FACE_BOUND('',#866,.T.);
#866 = EDGE_LOOP('',(#867,#877,#885,#893,#901));
#867 = ORIENTED_EDGE('',*,*,#868,.T.);
#868 = EDGE_CURVE('',#869,#871,#873,.T.);
#869 = VERTEX_POINT('',#870);
#870 = CARTESIAN_POINT('',(19.257256642992,159.41396569533,-40.));
#871 = VERTEX_POINT('',#872);
#872 = CARTESIAN_POINT('',(19.257256642992,229.41396569533,-40.));
#873 = LINE('',#874,#875);
#874 = CARTESIAN_POINT('',(19.257256642992,194.41396569533,-40.));
#875 = VECTOR('',#876,1.);
#876 = DIRECTION('',(-8.881784197001E-17,1.,-2.22044604925E-16));
#877 = ORIENTED_EDGE('',*,*,#878,.F.);
#878 = EDGE_CURVE('',#879,#871,#881,.T.);
#879 = VERTEX_POINT('',#880);
#880 = CARTESIAN_POINT('',(44.257256642992,229.41396569533,-40.));
#881 = LINE('',#882,#883);
#882 = CARTESIAN_POINT('',(21.097880880432,229.41396569533,-40.));
#883 = VECTOR('',#884,1.);
#884 = DIRECTION('',(-1.,-9.51619735393E-17,-8.045731276267E-16));
#885 = ORIENTED_EDGE('',*,*,#886,.T.);
#886 = EDGE_CURVE('',#879,#887,#889,.T.);
#887 = VERTEX_POINT('',#888);
#888 = CARTESIAN_POINT('',(44.257256642992,164.77523299661,-40.));
#889 = LINE('',#890,#891);
#890 = CARTESIAN_POINT('',(44.257256642992,194.41396569533,-40.));
#891 = VECTOR('',#892,1.);
#892 = DIRECTION('',(8.881784197001E-17,-1.,2.22044604925E-16));
#893 = ORIENTED_EDGE('',*,*,#894,.T.);
#894 = EDGE_CURVE('',#887,#895,#897,.T.);
#895 = VERTEX_POINT('',#896);
#896 = CARTESIAN_POINT('',(41.757256642992,159.41396569533,-40.));
#897 = LINE('',#898,#899);
#898 = CARTESIAN_POINT('',(61.817772974539,202.43388179733,-40.));
#899 = VECTOR('',#900,1.);
#900 = DIRECTION('',(-0.422618261741,-0.906307787037,-1.387865421278E-16
    ));
#901 = ORIENTED_EDGE('',*,*,#902,.F.);
#902 = EDGE_CURVE('',#869,#895,#903,.T.);
#903 = LINE('',#904,#905);
#904 = CARTESIAN_POINT('',(27.660380880425,159.41396569533,-40.));
#905 = VECTOR('',#906,1.);
#906 = DIRECTION('',(1.,9.51619735393E-17,8.045731276267E-16));
#907 = PLANE('',#908);
#908 = AXIS2_PLACEMENT_3D('',#909,#910,#911);
#909 = CARTESIAN_POINT('',(44.563505117858,159.41396569533,-40.));
#910 = DIRECTION('',(-8.045731276267E-16,2.22044604925E-16,1.));
#911 = DIRECTION('',(2.22044604925E-16,1.,-2.22044604925E-16));
#912 = ADVANCED_FACE('',(#913),#933,.F.);
#913 = FACE_BOUND('',#914,.T.);
#914 = EDGE_LOOP('',(#915,#926));
#915 = ORIENTED_EDGE('',*,*,#916,.F.);
#916 = EDGE_CURVE('',#917,#919,#921,.T.);
#917 = VERTEX_POINT('',#918);
#918 = CARTESIAN_POINT('',(22.507256642992,249.41396569533,
    -2.955179725159E-14));
#919 = VERTEX_POINT('',#920);
#920 = CARTESIAN_POINT('',(41.007256642992,249.41396569533,
    -2.636508636682E-14));
#921 = CIRCLE('',#922,9.25);
#922 = AXIS2_PLACEMENT_3D('',#923,#924,#925);
#923 = CARTESIAN_POINT('',(31.757256642992,249.41396569533,
    -2.852484095381E-14));
#924 = DIRECTION('',(-1.975524778486E-16,-1.,2.22044604925E-16));
#925 = DIRECTION('',(-1.,1.975524778486E-16,-1.110223024625E-16));
#926 = ORIENTED_EDGE('',*,*,#927,.F.);
#927 = EDGE_CURVE('',#919,#917,#928,.T.);
#928 = CIRCLE('',#929,9.25);
#929 = AXIS2_PLACEMENT_3D('',#930,#931,#932);
#930 = CARTESIAN_POINT('',(31.757256642992,249.41396569533,
    -2.852484095381E-14));
#931 = DIRECTION('',(-1.975524778486E-16,-1.,2.22044604925E-16));
#932 = DIRECTION('',(-1.,1.975524778486E-16,-1.110223024625E-16));
#933 = PLANE('',#934);
#934 = AXIS2_PLACEMENT_3D('',#935,#936,#937);
#935 = CARTESIAN_POINT('',(27.132256642992,249.41396569533,
    -2.90383191027E-14));
#936 = DIRECTION('',(-1.975524778486E-16,-1.,2.22044604925E-16));
#937 = DIRECTION('',(-1.110223024625E-16,2.22044604925E-16,1.));
#938 = ADVANCED_FACE('',(#939),#964,.T.);
#939 = FACE_BOUND('',#940,.T.);
#940 = EDGE_LOOP('',(#941,#949,#957,#963));
#941 = ORIENTED_EDGE('',*,*,#942,.F.);
#942 = EDGE_CURVE('',#943,#869,#945,.T.);
#943 = VERTEX_POINT('',#944);
#944 = CARTESIAN_POINT('',(11.757256642992,159.41396569533,
    -36.50269256383));
#945 = LINE('',#946,#947);
#946 = CARTESIAN_POINT('',(4.355888541222,159.41396569533,
    -33.05137793715));
#947 = VECTOR('',#948,1.);
#948 = DIRECTION('',(0.906307787037,-7.594067313909E-18,-0.422618261741)
  );
#949 = ORIENTED_EDGE('',*,*,#950,.F.);
#950 = EDGE_CURVE('',#951,#943,#953,.T.);
#951 = VERTEX_POINT('',#952);
#952 = CARTESIAN_POINT('',(11.757256642992,229.41396569533,
    -36.50269256383));
#953 = LINE('',#954,#955);
#954 = CARTESIAN_POINT('',(11.757256642992,194.41396569533,
    -36.50269256383));
#955 = VECTOR('',#956,1.);
#956 = DIRECTION('',(9.51619735393E-17,-1.,2.190862877899E-16));
#957 = ORIENTED_EDGE('',*,*,#958,.F.);
#958 = EDGE_CURVE('',#871,#951,#959,.T.);
#959 = LINE('',#960,#961);
#960 = CARTESIAN_POINT('',(-1.034508303058,229.41396569533,
    -30.53779460817));
#961 = VECTOR('',#962,1.);
#962 = DIRECTION('',(-0.906307787037,7.594067313909E-18,0.422618261741)
  );
#963 = ORIENTED_EDGE('',*,*,#868,.F.);
#964 = PLANE('',#965);
#965 = AXIS2_PLACEMENT_3D('',#966,#967,#968);
#966 = CARTESIAN_POINT('',(11.757256642992,229.41396569533,
    -36.50269256383));
#967 = DIRECTION('',(-0.422618261741,-2.387767964978E-16,-0.906307787037
    ));
#968 = DIRECTION('',(0.906307787037,-7.594067313909E-18,-0.422618261741)
  );
#969 = ADVANCED_FACE('',(#970),#995,.T.);
#970 = FACE_BOUND('',#971,.T.);
#971 = EDGE_LOOP('',(#972,#980,#981,#989));
#972 = ORIENTED_EDGE('',*,*,#973,.F.);
#973 = EDGE_CURVE('',#887,#974,#976,.T.);
#974 = VERTEX_POINT('',#975);
#975 = CARTESIAN_POINT('',(63.257256642992,205.52086448629,
    -26.69605677401));
#976 = LINE('',#977,#978);
#977 = CARTESIAN_POINT('',(77.304726152784,235.64576006568,
    -16.85991273048));
#978 = VECTOR('',#979,1.);
#979 = DIRECTION('',(0.405247049731,0.869055102665,0.283757039059));
#980 = ORIENTED_EDGE('',*,*,#886,.F.);
#981 = ORIENTED_EDGE('',*,*,#982,.F.);
#982 = EDGE_CURVE('',#983,#879,#985,.T.);
#983 = VERTEX_POINT('',#984);
#984 = CARTESIAN_POINT('',(63.257256642992,229.41396569533,
    -26.69605677401));
#985 = LINE('',#986,#987);
#986 = CARTESIAN_POINT('',(38.011260555211,229.41396569533,
    -44.37349354429));
#987 = VECTOR('',#988,1.);
#988 = DIRECTION('',(-0.819152044289,-2.053116783671E-16,-0.573576436351
    ));
#989 = ORIENTED_EDGE('',*,*,#990,.F.);
#990 = EDGE_CURVE('',#974,#983,#991,.T.);
#991 = LINE('',#992,#993);
#992 = CARTESIAN_POINT('',(63.257256642992,194.41396569533,
    -26.69605677401));
#993 = VECTOR('',#994,1.);
#994 = DIRECTION('',(-9.51619735393E-17,1.,-2.264868136732E-16));
#995 = PLANE('',#996);
#996 = AXIS2_PLACEMENT_3D('',#997,#998,#999);
#997 = CARTESIAN_POINT('',(44.257256642992,229.41396569533,-40.));
#998 = DIRECTION('',(0.573576436351,-1.309444707661E-16,-0.819152044289)
  );
#999 = DIRECTION('',(0.819152044289,2.053116783671E-16,0.573576436351));
#1000 = ADVANCED_FACE('',(#1001,#1035,#1061),#1087,.F.);
#1001 = FACE_BOUND('',#1002,.T.);
#1002 = EDGE_LOOP('',(#1003,#1004,#1012,#1020,#1029));
#1003 = ORIENTED_EDGE('',*,*,#950,.T.);
#1004 = ORIENTED_EDGE('',*,*,#1005,.F.);
#1005 = EDGE_CURVE('',#1006,#943,#1008,.T.);
#1006 = VERTEX_POINT('',#1007);
#1007 = CARTESIAN_POINT('',(11.757256642992,159.41396569533,-20.));
#1008 = LINE('',#1009,#1010);
#1009 = CARTESIAN_POINT('',(11.757256642992,159.41396569533,
    -18.46618531261));
#1010 = VECTOR('',#1011,1.);
#1011 = DIRECTION('',(-7.494874928759E-15,-2.22044604925E-16,-1.));
#1012 = ORIENTED_EDGE('',*,*,#1013,.T.);
#1013 = EDGE_CURVE('',#1006,#1014,#1016,.T.);
#1014 = VERTEX_POINT('',#1015);
#1015 = CARTESIAN_POINT('',(11.757256642992,221.41396569533,-20.));
#1016 = LINE('',#1017,#1018);
#1017 = CARTESIAN_POINT('',(11.757256642992,159.41396569533,-20.));
#1018 = VECTOR('',#1019,1.);
#1019 = DIRECTION('',(-9.51619735393E-17,1.,-2.22044604925E-16));
#1020 = ORIENTED_EDGE('',*,*,#1021,.T.);
#1021 = EDGE_CURVE('',#1014,#1022,#1024,.T.);
#1022 = VERTEX_POINT('',#1023);
#1023 = CARTESIAN_POINT('',(11.757256642992,229.41396569533,-20.));
#1024 = CIRCLE('',#1025,4.);
#1025 = AXIS2_PLACEMENT_3D('',#1026,#1027,#1028);
#1026 = CARTESIAN_POINT('',(11.757256642992,225.41396569533,-20.));
#1027 = DIRECTION('',(1.,9.51619735393E-17,-7.494874928759E-15));
#1028 = DIRECTION('',(-9.516197353929E-17,1.,8.881784197001E-16));
#1029 = ORIENTED_EDGE('',*,*,#1030,.F.);
#1030 = EDGE_CURVE('',#951,#1022,#1031,.T.);
#1031 = LINE('',#1032,#1033);
#1032 = CARTESIAN_POINT('',(11.757256642992,229.41396569533,
    -18.46618531261));
#1033 = VECTOR('',#1034,1.);
#1034 = DIRECTION('',(7.494874928759E-15,2.22044604925E-16,1.));
#1035 = FACE_BOUND('',#1036,.T.);
#1036 = EDGE_LOOP('',(#1037,#1047,#1055));
#1037 = ORIENTED_EDGE('',*,*,#1038,.T.);
#1038 = EDGE_CURVE('',#1039,#1041,#1043,.T.);
#1039 = VERTEX_POINT('',#1040);
#1040 = CARTESIAN_POINT('',(11.757256642992,187.25926515695,
    -22.41624619759));
#1041 = VERTEX_POINT('',#1042);
#1042 = CARTESIAN_POINT('',(11.757256642992,189.56866623371,
    -22.41624619759));
#1043 = LINE('',#1044,#1045);
#1044 = CARTESIAN_POINT('',(11.757256642992,174.49131596452,
    -22.41624619759));
#1045 = VECTOR('',#1046,1.);
#1046 = DIRECTION('',(-9.51619735393E-17,1.,-2.22044604925E-16));
#1047 = ORIENTED_EDGE('',*,*,#1048,.T.);
#1048 = EDGE_CURVE('',#1041,#1049,#1051,.T.);
#1049 = VERTEX_POINT('',#1050);
#1050 = CARTESIAN_POINT('',(11.757256642992,188.41396569533,
    -20.41624619759));
#1051 = LINE('',#1052,#1053);
#1052 = CARTESIAN_POINT('',(11.757256642992,188.36481152693,
    -20.33110868052));
#1053 = VECTOR('',#1054,1.);
#1054 = DIRECTION('',(6.538333073264E-15,-0.5,0.866025403784));
#1055 = ORIENTED_EDGE('',*,*,#1056,.T.);
#1056 = EDGE_CURVE('',#1049,#1039,#1057,.T.);
#1057 = LINE('',#1058,#1059);
#1058 = CARTESIAN_POINT('',(11.757256642992,180.97662766565,
    -33.29809353806));
#1059 = VECTOR('',#1060,1.);
#1060 = DIRECTION('',(-6.443171099725E-15,-0.5,-0.866025403784));
#1061 = FACE_BOUND('',#1062,.T.);
#1062 = EDGE_LOOP('',(#1063,#1073,#1081));
#1063 = ORIENTED_EDGE('',*,*,#1064,.T.);
#1064 = EDGE_CURVE('',#1065,#1067,#1069,.T.);
#1065 = VERTEX_POINT('',#1066);
#1066 = CARTESIAN_POINT('',(11.757256642992,175.25926515695,
    -22.41624619759));
#1067 = VERTEX_POINT('',#1068);
#1068 = CARTESIAN_POINT('',(11.757256642992,177.56866623371,
    -22.41624619759));
#1069 = LINE('',#1070,#1071);
#1070 = CARTESIAN_POINT('',(11.757256642992,168.49131596452,
    -22.41624619759));
#1071 = VECTOR('',#1072,1.);
#1072 = DIRECTION('',(-9.51619735393E-17,1.,-2.22044604925E-16));
#1073 = ORIENTED_EDGE('',*,*,#1074,.T.);
#1074 = EDGE_CURVE('',#1067,#1075,#1077,.T.);
#1075 = VERTEX_POINT('',#1076);
#1076 = CARTESIAN_POINT('',(11.757256642992,176.41396569533,
    -20.41624619759));
#1077 = LINE('',#1078,#1079);
#1078 = CARTESIAN_POINT('',(11.757256642992,177.86481152693,
    -22.92918489187));
#1079 = VECTOR('',#1080,1.);
#1080 = DIRECTION('',(6.538333073264E-15,-0.5,0.866025403784));
#1081 = ORIENTED_EDGE('',*,*,#1082,.T.);
#1082 = EDGE_CURVE('',#1075,#1065,#1083,.T.);
#1083 = LINE('',#1084,#1085);
#1084 = CARTESIAN_POINT('',(11.757256642992,170.47662766565,
    -30.70001732671));
#1085 = VECTOR('',#1086,1.);
#1086 = DIRECTION('',(-6.443171099725E-15,-0.5,-0.866025403784));
#1087 = PLANE('',#1088);
#1088 = AXIS2_PLACEMENT_3D('',#1089,#1090,#1091);
#1089 = CARTESIAN_POINT('',(11.757256642992,159.41396569533,
    -36.93237062523));
#1090 = DIRECTION('',(1.,9.51619735393E-17,-7.494874928759E-15));
#1091 = DIRECTION('',(-7.494874928759E-15,-2.22044604925E-16,-1.));
#1092 = ADVANCED_FACE('',(#1093,#1166,#1195),#1224,.T.);
#1093 = FACE_BOUND('',#1094,.T.);
#1094 = EDGE_LOOP('',(#1095,#1096,#1097,#1103,#1104,#1112,#1118,#1119,
    #1127,#1135,#1143,#1151,#1159,#1165));
#1095 = ORIENTED_EDGE('',*,*,#942,.T.);
#1096 = ORIENTED_EDGE('',*,*,#902,.T.);
#1097 = ORIENTED_EDGE('',*,*,#1098,.T.);
#1098 = EDGE_CURVE('',#895,#831,#1099,.T.);
#1099 = LINE('',#1100,#1101);
#1100 = CARTESIAN_POINT('',(41.757256642992,159.41396569533,20.));
#1101 = VECTOR('',#1102,1.);
#1102 = DIRECTION('',(-6.439293542826E-16,2.22044604925E-16,1.));
#1103 = ORIENTED_EDGE('',*,*,#830,.T.);
#1104 = ORIENTED_EDGE('',*,*,#1105,.T.);
#1105 = EDGE_CURVE('',#823,#1106,#1108,.T.);
#1106 = VERTEX_POINT('',#1107);
#1107 = CARTESIAN_POINT('',(11.757256642992,159.41396569533,
    36.502692563837));
#1108 = LINE('',#1109,#1110);
#1109 = CARTESIAN_POINT('',(4.355888541222,159.41396569533,
    33.051377937156));
#1110 = VECTOR('',#1111,1.);
#1111 = DIRECTION('',(-0.906307787037,-1.800861426107E-16,
    -0.422618261741));
#1112 = ORIENTED_EDGE('',*,*,#1113,.T.);
#1113 = EDGE_CURVE('',#1106,#747,#1114,.T.);
#1114 = LINE('',#1115,#1116);
#1115 = CARTESIAN_POINT('',(11.757256642992,159.41396569533,10.));
#1116 = VECTOR('',#1117,1.);
#1117 = DIRECTION('',(-7.757147247077E-15,-2.22044604925E-16,-1.));
#1118 = ORIENTED_EDGE('',*,*,#746,.T.);
#1119 = ORIENTED_EDGE('',*,*,#1120,.T.);
#1120 = EDGE_CURVE('',#739,#1121,#1123,.T.);
#1121 = VERTEX_POINT('',#1122);
#1122 = CARTESIAN_POINT('',(29.757256642992,159.41396569533,20.2));
#1123 = LINE('',#1124,#1125);
#1124 = CARTESIAN_POINT('',(29.757256642992,159.41396569533,10.1));
#1125 = VECTOR('',#1126,1.);
#1126 = DIRECTION('',(-1.498801083243E-15,2.22044604925E-16,1.));
#1127 = ORIENTED_EDGE('',*,*,#1128,.T.);
#1128 = EDGE_CURVE('',#1121,#1129,#1131,.T.);
#1129 = VERTEX_POINT('',#1130);
#1130 = CARTESIAN_POINT('',(31.757256642992,159.41396569533,20.2));
#1131 = LINE('',#1132,#1133);
#1132 = CARTESIAN_POINT('',(21.257256642992,159.41396569533,20.2));
#1133 = VECTOR('',#1134,1.);
#1134 = DIRECTION('',(1.,9.51619735393E-17,2.331468351713E-15));
#1135 = ORIENTED_EDGE('',*,*,#1136,.T.);
#1136 = EDGE_CURVE('',#1129,#1137,#1139,.T.);
#1137 = VERTEX_POINT('',#1138);
#1138 = CARTESIAN_POINT('',(31.757256642992,159.41396569533,-20.2));
#1139 = LINE('',#1140,#1141);
#1140 = CARTESIAN_POINT('',(31.757256642992,159.41396569533,-10.1));
#1141 = VECTOR('',#1142,1.);
#1142 = DIRECTION('',(6.979793015562E-17,-2.22044604925E-16,-1.));
#1143 = ORIENTED_EDGE('',*,*,#1144,.T.);
#1144 = EDGE_CURVE('',#1137,#1145,#1147,.T.);
#1145 = VERTEX_POINT('',#1146);
#1146 = CARTESIAN_POINT('',(29.757256642992,159.41396569533,-20.2));
#1147 = LINE('',#1148,#1149);
#1148 = CARTESIAN_POINT('',(20.257256642992,159.41396569533,-20.2));
#1149 = VECTOR('',#1150,1.);
#1150 = DIRECTION('',(-1.,-9.51619735393E-17,-1.110223024625E-16));
#1151 = ORIENTED_EDGE('',*,*,#1152,.T.);
#1152 = EDGE_CURVE('',#1145,#1153,#1155,.T.);
#1153 = VERTEX_POINT('',#1154);
#1154 = CARTESIAN_POINT('',(29.757256642992,159.41396569533,-20.));
#1155 = LINE('',#1156,#1157);
#1156 = CARTESIAN_POINT('',(29.757256642992,159.41396569533,-10.));
#1157 = VECTOR('',#1158,1.);
#1158 = DIRECTION('',(-2.886579864025E-15,2.22044604925E-16,1.));
#1159 = ORIENTED_EDGE('',*,*,#1160,.T.);
#1160 = EDGE_CURVE('',#1153,#1006,#1161,.T.);
#1161 = LINE('',#1162,#1163);
#1162 = CARTESIAN_POINT('',(11.257256642992,159.41396569533,-20.));
#1163 = VECTOR('',#1164,1.);
#1164 = DIRECTION('',(-1.,-9.51619735393E-17,-2.824900807102E-15));
#1165 = ORIENTED_EDGE('',*,*,#1005,.T.);
#1166 = FACE_BOUND('',#1167,.T.);
#1167 = EDGE_LOOP('',(#1168,#1179,#1188));
#1168 = ORIENTED_EDGE('',*,*,#1169,.T.);
#1169 = EDGE_CURVE('',#1170,#1172,#1174,.T.);
#1170 = VERTEX_POINT('',#1171);
#1171 = CARTESIAN_POINT('',(27.740115679954,159.41396569533,
    28.530804264337));
#1172 = VERTEX_POINT('',#1173);
#1173 = CARTESIAN_POINT('',(15.774397606032,159.41396569533,
    28.530804264335));
#1174 = ELLIPSE('',#1175,6.556685287758,6.101683188391);
#1175 = AXIS2_PLACEMENT_3D('',#1176,#1177,#1178);
#1176 = CARTESIAN_POINT('',(21.757256642992,159.41396569533,
    27.24314147212));
#1177 = DIRECTION('',(-9.51619735393E-17,1.,-2.22044604925E-16));
#1178 = DIRECTION('',(1.162013202337E-13,-2.22044604925E-16,-1.));
#1179 = ORIENTED_EDGE('',*,*,#1180,.T.);
#1180 = EDGE_CURVE('',#1172,#1181,#1183,.T.);
#1181 = VERTEX_POINT('',#1182);
#1182 = CARTESIAN_POINT('',(15.757256642992,159.41396569533,29.));
#1183 = ELLIPSE('',#1184,6.211657082461,6.);
#1184 = AXIS2_PLACEMENT_3D('',#1185,#1186,#1187);
#1185 = CARTESIAN_POINT('',(21.757256642992,159.41396569533,29.));
#1186 = DIRECTION('',(-9.51619735393E-17,1.,-2.22044604925E-16));
#1187 = DIRECTION('',(-1.110223024625E-16,2.22044604925E-16,1.));
#1188 = ORIENTED_EDGE('',*,*,#1189,.T.);
#1189 = EDGE_CURVE('',#1181,#1170,#1190,.T.);
#1190 = ELLIPSE('',#1191,6.211657082461,6.);
#1191 = AXIS2_PLACEMENT_3D('',#1192,#1193,#1194);
#1192 = CARTESIAN_POINT('',(21.757256642992,159.41396569533,29.));
#1193 = DIRECTION('',(-9.51619735393E-17,1.,-2.22044604925E-16));
#1194 = DIRECTION('',(-1.110223024625E-16,2.22044604925E-16,1.));
#1195 = FACE_BOUND('',#1196,.T.);
#1196 = EDGE_LOOP('',(#1197,#1208,#1217));
#1197 = ORIENTED_EDGE('',*,*,#1198,.T.);
#1198 = EDGE_CURVE('',#1199,#1201,#1203,.T.);
#1199 = VERTEX_POINT('',#1200);
#1200 = CARTESIAN_POINT('',(15.774397606032,159.41396569533,
    -28.53080426433));
#1201 = VERTEX_POINT('',#1202);
#1202 = CARTESIAN_POINT('',(27.740115679954,159.41396569533,
    -28.53080426433));
#1203 = ELLIPSE('',#1204,6.556685287758,6.101683188391);
#1204 = AXIS2_PLACEMENT_3D('',#1205,#1206,#1207);
#1205 = CARTESIAN_POINT('',(21.757256642992,159.41396569533,
    -27.24314147212));
#1206 = DIRECTION('',(-9.51619735393E-17,1.,-2.22044604925E-16));
#1207 = DIRECTION('',(1.159792756287E-13,2.22044604925E-16,1.));
#1208 = ORIENTED_EDGE('',*,*,#1209,.T.);
#1209 = EDGE_CURVE('',#1201,#1210,#1212,.T.);
#1210 = VERTEX_POINT('',#1211);
#1211 = CARTESIAN_POINT('',(15.757256642992,159.41396569533,-29.));
#1212 = ELLIPSE('',#1213,6.211657082461,6.);
#1213 = AXIS2_PLACEMENT_3D('',#1214,#1215,#1216);
#1214 = CARTESIAN_POINT('',(21.757256642992,159.41396569533,-29.));
#1215 = DIRECTION('',(-9.51619735393E-17,1.,-2.22044604925E-16));
#1216 = DIRECTION('',(1.110223024625E-16,-2.22044604925E-16,-1.));
#1217 = ORIENTED_EDGE('',*,*,#1218,.T.);
#1218 = EDGE_CURVE('',#1210,#1199,#1219,.T.);
#1219 = ELLIPSE('',#1220,6.211657082461,6.);
#1220 = AXIS2_PLACEMENT_3D('',#1221,#1222,#1223);
#1221 = CARTESIAN_POINT('',(21.757256642992,159.41396569533,-29.));
#1222 = DIRECTION('',(-9.51619735393E-17,1.,-2.22044604925E-16));
#1223 = DIRECTION('',(1.110223024625E-16,-2.22044604925E-16,-1.));
#1224 = PLANE('',#1225);
#1225 = AXIS2_PLACEMENT_3D('',#1226,#1227,#1228);
#1226 = CARTESIAN_POINT('',(10.757256642992,159.41396569533,
    -1.087229486227E-14));
#1227 = DIRECTION('',(9.51619735393E-17,-1.,2.22044604925E-16));
#1228 = DIRECTION('',(-1.110223024625E-16,2.22044604925E-16,1.));
#1229 = ADVANCED_FACE('',(#1230,#1250,#1270),#1290,.F.);
#1230 = FACE_BOUND('',#1231,.T.);
#1231 = EDGE_LOOP('',(#1232,#1233,#1241,#1247,#1248,#1249));
#1232 = ORIENTED_EDGE('',*,*,#973,.T.);
#1233 = ORIENTED_EDGE('',*,*,#1234,.F.);
#1234 = EDGE_CURVE('',#1235,#974,#1237,.T.);
#1235 = VERTEX_POINT('',#1236);
#1236 = CARTESIAN_POINT('',(63.257256642992,205.52086448629,
    26.696056774016));
#1237 = LINE('',#1238,#1239);
#1238 = CARTESIAN_POINT('',(63.257256642992,205.52086448629,
    33.890194383089));
#1239 = VECTOR('',#1240,1.);
#1240 = DIRECTION('',(6.705221163627E-16,-1.650162426087E-16,-1.));
#1241 = ORIENTED_EDGE('',*,*,#1242,.T.);
#1242 = EDGE_CURVE('',#1235,#839,#1243,.T.);
#1243 = LINE('',#1244,#1245);
#1244 = CARTESIAN_POINT('',(72.705058036013,225.78173995722,
    20.080635019114));
#1245 = VECTOR('',#1246,1.);
#1246 = DIRECTION('',(-0.405247049731,-0.869055102665,0.283757039059));
#1247 = ORIENTED_EDGE('',*,*,#838,.F.);
#1248 = ORIENTED_EDGE('',*,*,#1098,.F.);
#1249 = ORIENTED_EDGE('',*,*,#894,.F.);
#1250 = FACE_BOUND('',#1251,.T.);
#1251 = EDGE_LOOP('',(#1252,#1263));
#1252 = ORIENTED_EDGE('',*,*,#1253,.T.);
#1253 = EDGE_CURVE('',#1254,#1256,#1258,.T.);
#1254 = VERTEX_POINT('',#1255);
#1255 = CARTESIAN_POINT('',(51.757256642992,180.85903490043,
    10.251063933409));
#1256 = VERTEX_POINT('',#1257);
#1257 = CARTESIAN_POINT('',(51.757256642992,180.85903490043,
    5.748936066591));
#1258 = ELLIPSE('',#1259,14.484458706465,8.278798713409);
#1259 = AXIS2_PLACEMENT_3D('',#1260,#1261,#1262);
#1260 = CARTESIAN_POINT('',(45.866492609277,168.22625066304,8.));
#1261 = DIRECTION('',(-0.906307787037,0.422618261741,-6.774382930499E-16
    ));
#1262 = DIRECTION('',(0.422618261741,0.906307787037,-7.284509874923E-16)
  );
#1263 = ORIENTED_EDGE('',*,*,#1264,.T.);
#1264 = EDGE_CURVE('',#1256,#1254,#1265,.T.);
#1265 = ELLIPSE('',#1266,3.667076513672,3.3235);
#1266 = AXIS2_PLACEMENT_3D('',#1267,#1268,#1269);
#1267 = CARTESIAN_POINT('',(50.617102147937,178.41396569533,8.));
#1268 = DIRECTION('',(-0.906307787037,0.422618261741,-6.774382930499E-16
    ));
#1269 = DIRECTION('',(-0.422618261741,-0.906307787037,1.543207020318E-16
    ));
#1270 = FACE_BOUND('',#1271,.T.);
#1271 = EDGE_LOOP('',(#1272,#1283));
#1272 = ORIENTED_EDGE('',*,*,#1273,.T.);
#1273 = EDGE_CURVE('',#1274,#1276,#1278,.T.);
#1274 = VERTEX_POINT('',#1275);
#1275 = CARTESIAN_POINT('',(51.757256642992,180.85903490043,
    -5.748936066591));
#1276 = VERTEX_POINT('',#1277);
#1277 = CARTESIAN_POINT('',(51.757256642992,180.85903490043,
    -10.2510639334));
#1278 = ELLIPSE('',#1279,14.484458706465,8.278798713409);
#1279 = AXIS2_PLACEMENT_3D('',#1280,#1281,#1282);
#1280 = CARTESIAN_POINT('',(45.866492609277,168.22625066304,-8.));
#1281 = DIRECTION('',(-0.906307787037,0.422618261741,-6.774382930499E-16
    ));
#1282 = DIRECTION('',(0.422618261741,0.906307787037,-6.136249304002E-16)
  );
#1283 = ORIENTED_EDGE('',*,*,#1284,.T.);
#1284 = EDGE_CURVE('',#1276,#1274,#1285,.T.);
#1285 = ELLIPSE('',#1286,3.667076513672,3.3235);
#1286 = AXIS2_PLACEMENT_3D('',#1287,#1288,#1289);
#1287 = CARTESIAN_POINT('',(50.617102147937,178.41396569533,-8.));
#1288 = DIRECTION('',(-0.906307787037,0.422618261741,-6.774382930499E-16
    ));
#1289 = DIRECTION('',(-0.422618261741,-0.906307787037,1.543207020318E-16
    ));
#1290 = PLANE('',#1291);
#1291 = AXIS2_PLACEMENT_3D('',#1292,#1293,#1294);
#1292 = CARTESIAN_POINT('',(81.377075943326,244.37894237424,40.));
#1293 = DIRECTION('',(-0.906307787037,0.422618261741,-6.774382930499E-16
    ));
#1294 = DIRECTION('',(-6.439293542824E-16,2.220446049249E-16,1.));
#1295 = ADVANCED_FACE('',(#1296),#1314,.F.);
#1296 = FACE_BOUND('',#1297,.T.);
#1297 = EDGE_LOOP('',(#1298,#1299,#1300,#1308));
#1298 = ORIENTED_EDGE('',*,*,#1105,.F.);
#1299 = ORIENTED_EDGE('',*,*,#820,.F.);
#1300 = ORIENTED_EDGE('',*,*,#1301,.F.);
#1301 = EDGE_CURVE('',#1302,#821,#1304,.T.);
#1302 = VERTEX_POINT('',#1303);
#1303 = CARTESIAN_POINT('',(11.757256642992,229.41396569533,
    36.502692563837));
#1304 = LINE('',#1305,#1306);
#1305 = CARTESIAN_POINT('',(-1.034508303058,229.41396569533,
    30.537794608172));
#1306 = VECTOR('',#1307,1.);
#1307 = DIRECTION('',(0.906307787037,1.800861426107E-16,0.422618261741)
  );
#1308 = ORIENTED_EDGE('',*,*,#1309,.F.);
#1309 = EDGE_CURVE('',#1106,#1302,#1310,.T.);
#1310 = LINE('',#1311,#1312);
#1311 = CARTESIAN_POINT('',(11.757256642992,194.41396569533,
    36.502692563837));
#1312 = VECTOR('',#1313,1.);
#1313 = DIRECTION('',(-9.51619735393E-17,1.,-2.250029220601E-16));
#1314 = PLANE('',#1315);
#1315 = AXIS2_PLACEMENT_3D('',#1316,#1317,#1318);
#1316 = CARTESIAN_POINT('',(11.757256642992,229.41396569533,
    36.502692563837));
#1317 = DIRECTION('',(0.422618261741,-1.637047125281E-16,-0.906307787037
    ));
#1318 = DIRECTION('',(0.906307787037,1.800861426107E-16,0.422618261741)
  );
#1319 = ADVANCED_FACE('',(#1320),#1338,.F.);
#1320 = FACE_BOUND('',#1321,.T.);
#1321 = EDGE_LOOP('',(#1322,#1323,#1331,#1337));
#1322 = ORIENTED_EDGE('',*,*,#1242,.F.);
#1323 = ORIENTED_EDGE('',*,*,#1324,.F.);
#1324 = EDGE_CURVE('',#1325,#1235,#1327,.T.);
#1325 = VERTEX_POINT('',#1326);
#1326 = CARTESIAN_POINT('',(63.257256642992,229.41396569533,
    26.696056774016));
#1327 = LINE('',#1328,#1329);
#1328 = CARTESIAN_POINT('',(63.257256642992,194.41396569533,
    26.696056774015));
#1329 = VECTOR('',#1330,1.);
#1330 = DIRECTION('',(9.51619735393E-17,-1.,2.176023961768E-16));
#1331 = ORIENTED_EDGE('',*,*,#1332,.F.);
#1332 = EDGE_CURVE('',#847,#1325,#1333,.T.);
#1333 = LINE('',#1334,#1335);
#1334 = CARTESIAN_POINT('',(38.011260555211,229.41396569533,
    44.373493544292));
#1335 = VECTOR('',#1336,1.);
#1336 = DIRECTION('',(0.819152044289,-4.940742804058E-17,-0.573576436351
    ));
#1337 = ORIENTED_EDGE('',*,*,#846,.F.);
#1338 = PLANE('',#1339);
#1339 = AXIS2_PLACEMENT_3D('',#1340,#1341,#1342);
#1340 = CARTESIAN_POINT('',(44.257256642992,229.41396569533,40.));
#1341 = DIRECTION('',(-0.573576436351,-2.328321133292E-16,
    -0.819152044289));
#1342 = DIRECTION('',(0.819152044289,-4.940742804058E-17,-0.573576436351
    ));
#1343 = ADVANCED_FACE('',(#1344,#1364,#1390),#1416,.F.);
#1344 = FACE_BOUND('',#1345,.T.);
#1345 = EDGE_LOOP('',(#1346,#1347,#1355,#1362,#1363));
#1346 = ORIENTED_EDGE('',*,*,#1309,.T.);
#1347 = ORIENTED_EDGE('',*,*,#1348,.F.);
#1348 = EDGE_CURVE('',#1349,#1302,#1351,.T.);
#1349 = VERTEX_POINT('',#1350);
#1350 = CARTESIAN_POINT('',(11.757256642992,229.41396569533,20.));
#1351 = LINE('',#1352,#1353);
#1352 = CARTESIAN_POINT('',(11.757256642992,229.41396569533,10.));
#1353 = VECTOR('',#1354,1.);
#1354 = DIRECTION('',(7.757147247077E-15,2.22044604925E-16,1.));
#1355 = ORIENTED_EDGE('',*,*,#1356,.T.);
#1356 = EDGE_CURVE('',#1349,#755,#1357,.T.);
#1357 = CIRCLE('',#1358,4.);
#1358 = AXIS2_PLACEMENT_3D('',#1359,#1360,#1361);
#1359 = CARTESIAN_POINT('',(11.757256642992,225.41396569533,20.));
#1360 = DIRECTION('',(1.,9.51619735393E-17,-7.757147247077E-15));
#1361 = DIRECTION('',(9.51619735393E-17,-1.,4.996003610813E-16));
#1362 = ORIENTED_EDGE('',*,*,#754,.F.);
#1363 = ORIENTED_EDGE('',*,*,#1113,.F.);
#1364 = FACE_BOUND('',#1365,.T.);
#1365 = EDGE_LOOP('',(#1366,#1376,#1384));
#1366 = ORIENTED_EDGE('',*,*,#1367,.T.);
#1367 = EDGE_CURVE('',#1368,#1370,#1372,.T.);
#1368 = VERTEX_POINT('',#1369);
#1369 = CARTESIAN_POINT('',(11.757256642992,189.56866623371,
    22.416246197593));
#1370 = VERTEX_POINT('',#1371);
#1371 = CARTESIAN_POINT('',(11.757256642992,187.25926515695,
    22.416246197593));
#1372 = LINE('',#1373,#1374);
#1373 = CARTESIAN_POINT('',(11.757256642992,174.49131596452,
    22.416246197593));
#1374 = VECTOR('',#1375,1.);
#1375 = DIRECTION('',(9.51619735393E-17,-1.,2.22044604925E-16));
#1376 = ORIENTED_EDGE('',*,*,#1377,.T.);
#1377 = EDGE_CURVE('',#1370,#1378,#1380,.T.);
#1378 = VERTEX_POINT('',#1379);
#1379 = CARTESIAN_POINT('',(11.757256642992,188.41396569533,
    20.416246197593));
#1380 = LINE('',#1381,#1382);
#1381 = CARTESIAN_POINT('',(11.757256642992,184.64259344259,
    26.948454553603));
#1382 = VECTOR('',#1383,1.);
#1383 = DIRECTION('',(-6.765467563638E-15,0.5,-0.866025403784));
#1384 = ORIENTED_EDGE('',*,*,#1385,.T.);
#1385 = EDGE_CURVE('',#1378,#1368,#1386,.T.);
#1386 = LINE('',#1387,#1388);
#1387 = CARTESIAN_POINT('',(11.757256642992,184.69884574999,
    13.981469696058));
#1388 = VECTOR('',#1389,1.);
#1389 = DIRECTION('',(6.670305590098E-15,0.5,0.866025403784));
#1390 = FACE_BOUND('',#1391,.T.);
#1391 = EDGE_LOOP('',(#1392,#1402,#1410));
#1392 = ORIENTED_EDGE('',*,*,#1393,.T.);
#1393 = EDGE_CURVE('',#1394,#1396,#1398,.T.);
#1394 = VERTEX_POINT('',#1395);
#1395 = CARTESIAN_POINT('',(11.757256642992,177.56866623371,
    22.416246197593));
#1396 = VERTEX_POINT('',#1397);
#1397 = CARTESIAN_POINT('',(11.757256642992,175.25926515695,
    22.416246197593));
#1398 = LINE('',#1399,#1400);
#1399 = CARTESIAN_POINT('',(11.757256642992,168.49131596452,
    22.416246197593));
#1400 = VECTOR('',#1401,1.);
#1401 = DIRECTION('',(9.51619735393E-17,-1.,2.22044604925E-16));
#1402 = ORIENTED_EDGE('',*,*,#1403,.T.);
#1403 = EDGE_CURVE('',#1396,#1404,#1406,.T.);
#1404 = VERTEX_POINT('',#1405);
#1405 = CARTESIAN_POINT('',(11.757256642992,176.41396569533,
    20.416246197593));
#1406 = LINE('',#1407,#1408);
#1407 = CARTESIAN_POINT('',(11.757256642992,174.14259344259,
    24.350378342249));
#1408 = VECTOR('',#1409,1.);
#1409 = DIRECTION('',(-6.765467563638E-15,0.5,-0.866025403784));
#1410 = ORIENTED_EDGE('',*,*,#1411,.T.);
#1411 = EDGE_CURVE('',#1404,#1394,#1412,.T.);
#1412 = LINE('',#1413,#1414);
#1413 = CARTESIAN_POINT('',(11.757256642992,174.19884574999,
    16.579545907412));
#1414 = VECTOR('',#1415,1.);
#1415 = DIRECTION('',(6.670305590098E-15,0.5,0.866025403784));
#1416 = PLANE('',#1417);
#1417 = AXIS2_PLACEMENT_3D('',#1418,#1419,#1420);
#1418 = CARTESIAN_POINT('',(11.757256642992,159.41396569533,20.));
#1419 = DIRECTION('',(1.,9.51619735393E-17,-7.757147247077E-15));
#1420 = DIRECTION('',(-7.757147247077E-15,-2.22044604925E-16,-1.));
#1421 = ADVANCED_FACE('',(#1422),#1470,.T.);
#1422 = FACE_BOUND('',#1423,.T.);
#1423 = EDGE_LOOP('',(#1424,#1425,#1426,#1434,#1443,#1452,#1458,#1459,
    #1460,#1461,#1462,#1468,#1469));
#1424 = ORIENTED_EDGE('',*,*,#958,.T.);
#1425 = ORIENTED_EDGE('',*,*,#1030,.T.);
#1426 = ORIENTED_EDGE('',*,*,#1427,.T.);
#1427 = EDGE_CURVE('',#1022,#1428,#1430,.T.);
#1428 = VERTEX_POINT('',#1429);
#1429 = CARTESIAN_POINT('',(14.755418507082,229.41396569533,-20.));
#1430 = LINE('',#1431,#1432);
#1431 = CARTESIAN_POINT('',(4.694756642992,229.41396569533,-20.));
#1432 = VECTOR('',#1433,1.);
#1433 = DIRECTION('',(1.,9.51619735393E-17,2.824900807102E-15));
#1434 = ORIENTED_EDGE('',*,*,#1435,.F.);
#1435 = EDGE_CURVE('',#1436,#1428,#1438,.T.);
#1436 = VERTEX_POINT('',#1437);
#1437 = CARTESIAN_POINT('',(58.007256642992,229.41396569533,
    -2.438431126343E-14));
#1438 = CIRCLE('',#1439,26.25);
#1439 = AXIS2_PLACEMENT_3D('',#1440,#1441,#1442);
#1440 = CARTESIAN_POINT('',(31.757256642992,229.41396569533,
    -2.408394885531E-14));
#1441 = DIRECTION('',(-9.51619735393E-17,1.,-2.22044604925E-16));
#1442 = DIRECTION('',(-1.,-9.51619735393E-17,-1.110223024625E-16));
#1443 = ORIENTED_EDGE('',*,*,#1444,.F.);
#1444 = EDGE_CURVE('',#1445,#1436,#1447,.T.);
#1445 = VERTEX_POINT('',#1446);
#1446 = CARTESIAN_POINT('',(14.755418507082,229.41396569533,20.));
#1447 = CIRCLE('',#1448,26.25);
#1448 = AXIS2_PLACEMENT_3D('',#1449,#1450,#1451);
#1449 = CARTESIAN_POINT('',(31.757256642992,229.41396569533,
    -2.408394885531E-14));
#1450 = DIRECTION('',(-9.51619735393E-17,1.,-2.22044604925E-16));
#1451 = DIRECTION('',(-1.,-9.51619735393E-17,-1.110223024625E-16));
#1452 = ORIENTED_EDGE('',*,*,#1453,.T.);
#1453 = EDGE_CURVE('',#1445,#1349,#1454,.T.);
#1454 = LINE('',#1455,#1456);
#1455 = CARTESIAN_POINT('',(13.694756642992,229.41396569533,20.));
#1456 = VECTOR('',#1457,1.);
#1457 = DIRECTION('',(-1.,-9.51619735393E-17,3.466362999107E-15));
#1458 = ORIENTED_EDGE('',*,*,#1348,.T.);
#1459 = ORIENTED_EDGE('',*,*,#1301,.T.);
#1460 = ORIENTED_EDGE('',*,*,#854,.T.);
#1461 = ORIENTED_EDGE('',*,*,#1332,.T.);
#1462 = ORIENTED_EDGE('',*,*,#1463,.T.);
#1463 = EDGE_CURVE('',#1325,#983,#1464,.T.);
#1464 = LINE('',#1465,#1466);
#1465 = CARTESIAN_POINT('',(63.257256642992,229.41396569533,
    13.890194383089));
#1466 = VECTOR('',#1467,1.);
#1467 = DIRECTION('',(6.705221163627E-16,-2.22044604925E-16,-1.));
#1468 = ORIENTED_EDGE('',*,*,#982,.T.);
#1469 = ORIENTED_EDGE('',*,*,#878,.T.);
#1470 = PLANE('',#1471);
#1471 = AXIS2_PLACEMENT_3D('',#1472,#1473,#1474);
#1472 = CARTESIAN_POINT('',(-2.367743357008,229.41396569533,
    -2.787258492684E-14));
#1473 = DIRECTION('',(-9.51619735393E-17,1.,-2.22044604925E-16));
#1474 = DIRECTION('',(1.110223024625E-16,-2.22044604925E-16,-1.));
#1475 = ADVANCED_FACE('',(#1476),#1512,.F.);
#1476 = FACE_BOUND('',#1477,.F.);
#1477 = EDGE_LOOP('',(#1478,#1488,#1497));
#1478 = ORIENTED_EDGE('',*,*,#1479,.T.);
#1479 = EDGE_CURVE('',#1480,#1482,#1484,.T.);
#1480 = VERTEX_POINT('',#1481);
#1481 = CARTESIAN_POINT('',(56.093443690268,259.29776720824,20.));
#1482 = VERTEX_POINT('',#1483);
#1483 = CARTESIAN_POINT('',(51.757256642992,259.29776720824,20.));
#1484 = LINE('',#1485,#1486);
#1485 = CARTESIAN_POINT('',(63.257256642992,259.29776720824,20.));
#1486 = VECTOR('',#1487,1.);
#1487 = DIRECTION('',(-1.,2.22044604925E-16,-1.110223024625E-16));
#1488 = ORIENTED_EDGE('',*,*,#1489,.F.);
#1489 = EDGE_CURVE('',#1490,#1482,#1492,.T.);
#1490 = VERTEX_POINT('',#1491);
#1491 = CARTESIAN_POINT('',(51.757256642992,266.40948111189,
    24.336187047276));
#1492 = CIRCLE('',#1493,8.);
#1493 = AXIS2_PLACEMENT_3D('',#1494,#1495,#1496);
#1494 = CARTESIAN_POINT('',(51.757256642992,259.29776720824,28.));
#1495 = DIRECTION('',(-1.,2.22044604925E-16,-1.110223024625E-16));
#1496 = DIRECTION('',(2.474742213125E-16,0.927024810887,-0.375));
#1497 = ORIENTED_EDGE('',*,*,#1498,.T.);
#1498 = EDGE_CURVE('',#1490,#1480,#1499,.T.);
#1499 = B_SPLINE_CURVE_WITH_KNOTS('',3,(#1500,#1501,#1502,#1503,#1504,
    #1505,#1506,#1507,#1508,#1509,#1510,#1511),.UNSPECIFIED.,.F.,.F.,(4,
    2,2,2,2,4),(1.108515420461,1.319792187092,1.527983504802,
    1.736174822511,1.904217701263,2.072260580016),.UNSPECIFIED.);
#1500 = CARTESIAN_POINT('',(51.757256642992,266.40948111189,
    24.336187047276));
#1501 = CARTESIAN_POINT('',(52.282567446586,266.18707188003,
    23.904475372334));
#1502 = CARTESIAN_POINT('',(52.774643236271,265.91450721779,
    23.471352325081));
#1503 = CARTESIAN_POINT('',(53.675930529802,265.25286913178,
    22.631736427654));
#1504 = CARTESIAN_POINT('',(54.125548730848,264.83062252262,
    22.186107268204));
#1505 = CARTESIAN_POINT('',(54.900299300311,263.8305118942,
    21.376702670007));
#1506 = CARTESIAN_POINT('',(55.225592869917,263.25130293103,
    21.014744947822));
#1507 = CARTESIAN_POINT('',(55.658417022594,262.18326706496,
    20.520008111652));
#1508 = CARTESIAN_POINT('',(55.824602887711,261.62694323652,
    20.32342498317));
#1509 = CARTESIAN_POINT('',(56.04202342794,260.46431433611,
    20.063121855676));
#1510 = CARTESIAN_POINT('',(56.093443690268,259.85791013741,20.));
#1511 = CARTESIAN_POINT('',(56.093443690268,259.29776720824,20.));
#1512 = CYLINDRICAL_SURFACE('',#1513,8.);
#1513 = AXIS2_PLACEMENT_3D('',#1514,#1515,#1516);
#1514 = CARTESIAN_POINT('',(63.257256642992,259.29776720824,28.));
#1515 = DIRECTION('',(-1.,2.22044604925E-16,-1.110223024625E-16));
#1516 = DIRECTION('',(2.474742213125E-16,0.927024810887,-0.375));
#1517 = ADVANCED_FACE('',(#1518),#1577,.T.);
#1518 = FACE_BOUND('',#1519,.T.);
#1519 = EDGE_LOOP('',(#1520,#1530,#1538,#1546,#1555,#1563,#1571));
#1520 = ORIENTED_EDGE('',*,*,#1521,.F.);
#1521 = EDGE_CURVE('',#1522,#1524,#1526,.T.);
#1522 = VERTEX_POINT('',#1523);
#1523 = CARTESIAN_POINT('',(51.757256642992,245.41396569533,
    23.29141472732));
#1524 = VERTEX_POINT('',#1525);
#1525 = CARTESIAN_POINT('',(51.757256642992,246.21396569533,
    24.336187047276));
#1526 = ( BOUNDED_CURVE() B_SPLINE_CURVE(2,(#1527,#1528,#1529),
.UNSPECIFIED.,.F.,.F.) B_SPLINE_CURVE_WITH_KNOTS((3,3),(0.,0.13158865863
),.PIECEWISE_BEZIER_KNOTS.) CURVE() GEOMETRIC_REPRESENTATION_ITEM() 
RATIONAL_B_SPLINE_CURVE((1.,1.000141099169,1.)) REPRESENTATION_ITEM('') 
  );
#1527 = CARTESIAN_POINT('',(51.757256642992,245.41396569533,
    23.29141472732));
#1528 = CARTESIAN_POINT('',(51.757256642992,245.80519118407,
    23.807082094243));
#1529 = CARTESIAN_POINT('',(51.757256642992,246.21396569533,
    24.336187047276));
#1530 = ORIENTED_EDGE('',*,*,#1531,.F.);
#1531 = EDGE_CURVE('',#1532,#1522,#1534,.T.);
#1532 = VERTEX_POINT('',#1533);
#1533 = CARTESIAN_POINT('',(51.757256642992,245.41396569533,20.));
#1534 = LINE('',#1535,#1536);
#1535 = CARTESIAN_POINT('',(51.757256642992,245.41396569533,
    11.389470081416));
#1536 = VECTOR('',#1537,1.);
#1537 = DIRECTION('',(-1.110223024625E-16,2.22044604925E-16,1.));
#1538 = ORIENTED_EDGE('',*,*,#1539,.F.);
#1539 = EDGE_CURVE('',#1540,#1532,#1542,.T.);
#1540 = VERTEX_POINT('',#1541);
#1541 = CARTESIAN_POINT('',(51.757256642992,251.5625123655,20.));
#1542 = LINE('',#1543,#1544);
#1543 = CARTESIAN_POINT('',(51.757256642992,259.29776720824,20.));
#1544 = VECTOR('',#1545,1.);
#1545 = DIRECTION('',(-2.22044604925E-16,-1.,2.22044604925E-16));
#1546 = ORIENTED_EDGE('',*,*,#1547,.F.);
#1547 = EDGE_CURVE('',#1548,#1540,#1550,.T.);
#1548 = VERTEX_POINT('',#1549);
#1549 = CARTESIAN_POINT('',(51.757256642992,251.53896569533,
    20.303940504247));
#1550 = B_SPLINE_CURVE_WITH_KNOTS('',3,(#1551,#1552,#1553,#1554),
  .UNSPECIFIED.,.F.,.F.,(4,4),(0.177634074396,0.206357763372),
  .PIECEWISE_BEZIER_KNOTS.);
#1551 = CARTESIAN_POINT('',(51.757256642992,251.53896569533,
    20.303940504247));
#1552 = CARTESIAN_POINT('',(51.757256642992,251.53896569533,
    20.208194874327));
#1553 = CARTESIAN_POINT('',(51.757256642992,251.5463518761,
    20.103445824433));
#1554 = CARTESIAN_POINT('',(51.757256642992,251.5625123655,20.));
#1555 = ORIENTED_EDGE('',*,*,#1556,.F.);
#1556 = EDGE_CURVE('',#1557,#1548,#1559,.T.);
#1557 = VERTEX_POINT('',#1558);
#1558 = CARTESIAN_POINT('',(51.757256642992,251.53896569533,
    20.858795762584));
#1559 = LINE('',#1560,#1561);
#1560 = CARTESIAN_POINT('',(51.757256642992,251.53896569533,
    11.389470081416));
#1561 = VECTOR('',#1562,1.);
#1562 = DIRECTION('',(1.110223024625E-16,-2.22044604925E-16,-1.));
#1563 = ORIENTED_EDGE('',*,*,#1564,.F.);
#1564 = EDGE_CURVE('',#1565,#1557,#1567,.T.);
#1565 = VERTEX_POINT('',#1566);
#1566 = CARTESIAN_POINT('',(51.757256642992,250.03664991468,
    24.336187047276));
#1567 = ( BOUNDED_CURVE() B_SPLINE_CURVE(2,(#1568,#1569,#1570),
.UNSPECIFIED.,.F.,.F.) B_SPLINE_CURVE_WITH_KNOTS((3,3),(0.,
0.378810628329),.PIECEWISE_BEZIER_KNOTS.) CURVE() 
GEOMETRIC_REPRESENTATION_ITEM() RATIONAL_B_SPLINE_CURVE((1.,
1.001661554628,1.)) REPRESENTATION_ITEM('') );
#1568 = CARTESIAN_POINT('',(51.757256642992,250.03664991468,
    24.336187047276));
#1569 = CARTESIAN_POINT('',(51.757256642992,250.84560337741,
    22.522584217303));
#1570 = CARTESIAN_POINT('',(51.757256642992,251.53896569533,
    20.858795762584));
#1571 = ORIENTED_EDGE('',*,*,#1572,.F.);
#1572 = EDGE_CURVE('',#1524,#1565,#1573,.T.);
#1573 = LINE('',#1574,#1575);
#1574 = CARTESIAN_POINT('',(51.757256642992,247.72530780501,
    24.336187047276));
#1575 = VECTOR('',#1576,1.);
#1576 = DIRECTION('',(-9.51619735393E-17,1.,-2.22044604925E-16));
#1577 = PLANE('',#1578);
#1578 = AXIS2_PLACEMENT_3D('',#1579,#1580,#1581);
#1579 = CARTESIAN_POINT('',(51.757256642992,254.97071789447,
    22.778940162831));
#1580 = DIRECTION('',(1.,-2.22044604925E-16,1.110223024625E-16));
#1581 = DIRECTION('',(1.110223024625E-16,-2.22044604925E-16,-1.));
#1582 = ADVANCED_FACE('',(#1583),#1633,.F.);
#1583 = FACE_BOUND('',#1584,.T.);
#1584 = EDGE_LOOP('',(#1585,#1595,#1603,#1611,#1619,#1626,#1627));
#1585 = ORIENTED_EDGE('',*,*,#1586,.F.);
#1586 = EDGE_CURVE('',#1587,#1589,#1591,.T.);
#1587 = VERTEX_POINT('',#1588);
#1588 = CARTESIAN_POINT('',(56.093443690268,246.21396569533,20.));
#1589 = VERTEX_POINT('',#1590);
#1590 = CARTESIAN_POINT('',(55.048671370312,245.41396569533,20.));
#1591 = ( BOUNDED_CURVE() B_SPLINE_CURVE(2,(#1592,#1593,#1594),
.UNSPECIFIED.,.F.,.F.) B_SPLINE_CURVE_WITH_KNOTS((3,3),(0.,0.13158865863
),.PIECEWISE_BEZIER_KNOTS.) CURVE() GEOMETRIC_REPRESENTATION_ITEM() 
RATIONAL_B_SPLINE_CURVE((1.,1.000141099168,1.)) REPRESENTATION_ITEM('') 
  );
#1592 = CARTESIAN_POINT('',(56.093443690268,246.21396569533,20.));
#1593 = CARTESIAN_POINT('',(55.564338737236,245.80519118407,20.));
#1594 = CARTESIAN_POINT('',(55.048671370312,245.41396569533,20.));
#1595 = ORIENTED_EDGE('',*,*,#1596,.F.);
#1596 = EDGE_CURVE('',#1597,#1587,#1599,.T.);
#1597 = VERTEX_POINT('',#1598);
#1598 = CARTESIAN_POINT('',(56.093443690268,250.03664991468,20.));
#1599 = LINE('',#1600,#1601);
#1600 = CARTESIAN_POINT('',(56.093443690268,247.72530780501,20.));
#1601 = VECTOR('',#1602,1.);
#1602 = DIRECTION('',(9.51619735393E-17,-1.,2.22044604925E-16));
#1603 = ORIENTED_EDGE('',*,*,#1604,.F.);
#1604 = EDGE_CURVE('',#1605,#1597,#1607,.T.);
#1605 = VERTEX_POINT('',#1606);
#1606 = CARTESIAN_POINT('',(52.616052405576,251.53896569533,20.));
#1607 = ( BOUNDED_CURVE() B_SPLINE_CURVE(2,(#1608,#1609,#1610),
.UNSPECIFIED.,.F.,.F.) B_SPLINE_CURVE_WITH_KNOTS((3,3),(0.,
0.378810628329),.PIECEWISE_BEZIER_KNOTS.) CURVE() 
GEOMETRIC_REPRESENTATION_ITEM() RATIONAL_B_SPLINE_CURVE((1.,
1.001661554628,1.)) REPRESENTATION_ITEM('') );
#1608 = CARTESIAN_POINT('',(52.616052405576,251.53896569533,20.));
#1609 = CARTESIAN_POINT('',(54.279840860294,250.84560337741,20.));
#1610 = CARTESIAN_POINT('',(56.093443690268,250.03664991468,20.));
#1611 = ORIENTED_EDGE('',*,*,#1612,.F.);
#1612 = EDGE_CURVE('',#1613,#1605,#1615,.T.);
#1613 = VERTEX_POINT('',#1614);
#1614 = CARTESIAN_POINT('',(52.061197147239,251.53896569533,20.));
#1615 = LINE('',#1616,#1617);
#1616 = CARTESIAN_POINT('',(33.407778458267,251.53896569533,20.));
#1617 = VECTOR('',#1618,1.);
#1618 = DIRECTION('',(1.,9.51619735393E-17,1.110223024625E-16));
#1619 = ORIENTED_EDGE('',*,*,#1620,.F.);
#1620 = EDGE_CURVE('',#1540,#1613,#1621,.T.);
#1621 = B_SPLINE_CURVE_WITH_KNOTS('',3,(#1622,#1623,#1624,#1625),
  .UNSPECIFIED.,.F.,.F.,(4,4),(-0.206357763372,-0.177634074396),
  .PIECEWISE_BEZIER_KNOTS.);
#1622 = CARTESIAN_POINT('',(51.757256642992,251.5625123655,20.));
#1623 = CARTESIAN_POINT('',(51.860702467425,251.5463518761,20.));
#1624 = CARTESIAN_POINT('',(51.965451517319,251.53896569533,20.));
#1625 = CARTESIAN_POINT('',(52.061197147239,251.53896569533,20.));
#1626 = ORIENTED_EDGE('',*,*,#1539,.T.);
#1627 = ORIENTED_EDGE('',*,*,#1628,.F.);
#1628 = EDGE_CURVE('',#1589,#1532,#1629,.T.);
#1629 = LINE('',#1630,#1631);
#1630 = CARTESIAN_POINT('',(33.069756642992,245.41396569533,20.));
#1631 = VECTOR('',#1632,1.);
#1632 = DIRECTION('',(-1.,-9.51619735393E-17,-1.110223024625E-16));
#1633 = PLANE('',#1634);
#1634 = AXIS2_PLACEMENT_3D('',#1635,#1636,#1637);
#1635 = CARTESIAN_POINT('',(63.257256642992,259.29776720824,20.));
#1636 = DIRECTION('',(1.110223024625E-16,-2.22044604925E-16,-1.));
#1637 = DIRECTION('',(-2.22044604925E-16,-1.,2.22044604925E-16));
#1638 = ADVANCED_FACE('',(#1639),#1681,.F.);
#1639 = FACE_BOUND('',#1640,.T.);
#1640 = EDGE_LOOP('',(#1641,#1649,#1650,#1658,#1667,#1675));
#1641 = ORIENTED_EDGE('',*,*,#1642,.F.);
#1642 = EDGE_CURVE('',#1480,#1643,#1645,.T.);
#1643 = VERTEX_POINT('',#1644);
#1644 = CARTESIAN_POINT('',(56.093443690268,256.7910307124,20.));
#1645 = LINE('',#1646,#1647);
#1646 = CARTESIAN_POINT('',(56.093443690268,264.10249820386,20.));
#1647 = VECTOR('',#1648,1.);
#1648 = DIRECTION('',(9.51619735393E-17,-1.,2.22044604925E-16));
#1649 = ORIENTED_EDGE('',*,*,#1479,.T.);
#1650 = ORIENTED_EDGE('',*,*,#1651,.T.);
#1651 = EDGE_CURVE('',#1482,#1652,#1654,.T.);
#1652 = VERTEX_POINT('',#1653);
#1653 = CARTESIAN_POINT('',(51.757256642992,255.26541902516,20.));
#1654 = LINE('',#1655,#1656);
#1655 = CARTESIAN_POINT('',(51.757256642992,259.29776720824,20.));
#1656 = VECTOR('',#1657,1.);
#1657 = DIRECTION('',(-2.22044604925E-16,-1.,2.22044604925E-16));
#1658 = ORIENTED_EDGE('',*,*,#1659,.F.);
#1659 = EDGE_CURVE('',#1660,#1652,#1662,.T.);
#1660 = VERTEX_POINT('',#1661);
#1661 = CARTESIAN_POINT('',(52.061197147239,255.28896569533,20.));
#1662 = B_SPLINE_CURVE_WITH_KNOTS('',3,(#1663,#1664,#1665,#1666),
  .UNSPECIFIED.,.F.,.F.,(4,4),(0.177634074396,0.206357763372),
  .PIECEWISE_BEZIER_KNOTS.);
#1663 = CARTESIAN_POINT('',(52.061197147239,255.28896569533,20.));
#1664 = CARTESIAN_POINT('',(51.965451517319,255.28896569533,20.));
#1665 = CARTESIAN_POINT('',(51.860702467425,255.28157951456,20.));
#1666 = CARTESIAN_POINT('',(51.757256642992,255.26541902516,20.));
#1667 = ORIENTED_EDGE('',*,*,#1668,.F.);
#1668 = EDGE_CURVE('',#1669,#1660,#1671,.T.);
#1669 = VERTEX_POINT('',#1670);
#1670 = CARTESIAN_POINT('',(52.616654132356,255.28896569533,20.));
#1671 = LINE('',#1672,#1673);
#1672 = CARTESIAN_POINT('',(33.407669874449,255.28896569533,20.));
#1673 = VECTOR('',#1674,1.);
#1674 = DIRECTION('',(-1.,-9.51619735393E-17,-1.110223024625E-16));
#1675 = ORIENTED_EDGE('',*,*,#1676,.F.);
#1676 = EDGE_CURVE('',#1643,#1669,#1677,.T.);
#1677 = ( BOUNDED_CURVE() B_SPLINE_CURVE(2,(#1678,#1679,#1680),
.UNSPECIFIED.,.F.,.F.) B_SPLINE_CURVE_WITH_KNOTS((3,3),(0.,
0.378745440935),.PIECEWISE_BEZIER_KNOTS.) CURVE() 
GEOMETRIC_REPRESENTATION_ITEM() RATIONAL_B_SPLINE_CURVE((1.,
1.001660954266,1.)) REPRESENTATION_ITEM('') );
#1678 = CARTESIAN_POINT('',(56.093443690268,256.7910307124,20.));
#1679 = CARTESIAN_POINT('',(54.280167725286,255.98222304706,20.));
#1680 = CARTESIAN_POINT('',(52.616654132356,255.28896569533,20.));
#1681 = PLANE('',#1682);
#1682 = AXIS2_PLACEMENT_3D('',#1683,#1684,#1685);
#1683 = CARTESIAN_POINT('',(63.257256642992,259.29776720824,20.));
#1684 = DIRECTION('',(1.110223024625E-16,-2.22044604925E-16,-1.));
#1685 = DIRECTION('',(-2.22044604925E-16,-1.,2.22044604925E-16));
#1686 = ADVANCED_FACE('',(#1687),#1722,.T.);
#1687 = FACE_BOUND('',#1688,.T.);
#1688 = EDGE_LOOP('',(#1689,#1697,#1705,#1713,#1720,#1721));
#1689 = ORIENTED_EDGE('',*,*,#1690,.F.);
#1690 = EDGE_CURVE('',#1691,#1490,#1693,.T.);
#1691 = VERTEX_POINT('',#1692);
#1692 = CARTESIAN_POINT('',(51.757256642992,256.7910307124,
    24.336187047276));
#1693 = LINE('',#1694,#1695);
#1694 = CARTESIAN_POINT('',(51.757256642992,264.10249820386,
    24.336187047276));
#1695 = VECTOR('',#1696,1.);
#1696 = DIRECTION('',(-9.51619735393E-17,1.,-2.22044604925E-16));
#1697 = ORIENTED_EDGE('',*,*,#1698,.F.);
#1698 = EDGE_CURVE('',#1699,#1691,#1701,.T.);
#1699 = VERTEX_POINT('',#1700);
#1700 = CARTESIAN_POINT('',(51.757256642992,255.28896569533,
    20.859397489364));
#1701 = ( BOUNDED_CURVE() B_SPLINE_CURVE(2,(#1702,#1703,#1704),
.UNSPECIFIED.,.F.,.F.) B_SPLINE_CURVE_WITH_KNOTS((3,3),(0.,
0.378745440935),.PIECEWISE_BEZIER_KNOTS.) CURVE() 
GEOMETRIC_REPRESENTATION_ITEM() RATIONAL_B_SPLINE_CURVE((1.,
1.001660954266,1.)) REPRESENTATION_ITEM('') );
#1702 = CARTESIAN_POINT('',(51.757256642992,255.28896569533,
    20.859397489364));
#1703 = CARTESIAN_POINT('',(51.757256642992,255.98222304706,
    22.522911082294));
#1704 = CARTESIAN_POINT('',(51.757256642992,256.7910307124,
    24.336187047276));
#1705 = ORIENTED_EDGE('',*,*,#1706,.F.);
#1706 = EDGE_CURVE('',#1707,#1699,#1709,.T.);
#1707 = VERTEX_POINT('',#1708);
#1708 = CARTESIAN_POINT('',(51.757256642992,255.28896569533,
    20.303940504247));
#1709 = LINE('',#1710,#1711);
#1710 = CARTESIAN_POINT('',(51.757256642992,255.28896569533,
    11.389470081416));
#1711 = VECTOR('',#1712,1.);
#1712 = DIRECTION('',(-1.110223024625E-16,2.22044604925E-16,1.));
#1713 = ORIENTED_EDGE('',*,*,#1714,.F.);
#1714 = EDGE_CURVE('',#1652,#1707,#1715,.T.);
#1715 = B_SPLINE_CURVE_WITH_KNOTS('',3,(#1716,#1717,#1718,#1719),
  .UNSPECIFIED.,.F.,.F.,(4,4),(-0.206357763372,-0.177634074396),
  .PIECEWISE_BEZIER_KNOTS.);
#1716 = CARTESIAN_POINT('',(51.757256642992,255.26541902516,20.));
#1717 = CARTESIAN_POINT('',(51.757256642992,255.28157951456,
    20.103445824433));
#1718 = CARTESIAN_POINT('',(51.757256642992,255.28896569533,
    20.208194874327));
#1719 = CARTESIAN_POINT('',(51.757256642992,255.28896569533,
    20.303940504247));
#1720 = ORIENTED_EDGE('',*,*,#1651,.F.);
#1721 = ORIENTED_EDGE('',*,*,#1489,.F.);
#1722 = PLANE('',#1723);
#1723 = AXIS2_PLACEMENT_3D('',#1724,#1725,#1726);
#1724 = CARTESIAN_POINT('',(51.757256642992,254.97071789447,
    22.778940162831));
#1725 = DIRECTION('',(1.,-2.22044604925E-16,1.110223024625E-16));
#1726 = DIRECTION('',(1.110223024625E-16,-2.22044604925E-16,-1.));
#1727 = ADVANCED_FACE('',(#1728,#1884),#1933,.T.);
#1728 = FACE_BOUND('',#1729,.T.);
#1729 = EDGE_LOOP('',(#1730,#1741,#1748,#1756,#1771,#1779,#1788,#1796,
    #1811,#1820,#1835,#1843,#1850,#1851,#1852,#1853,#1862,#1870,#1883));
#1730 = ORIENTED_EDGE('',*,*,#1731,.F.);
#1731 = EDGE_CURVE('',#1732,#1734,#1736,.T.);
#1732 = VERTEX_POINT('',#1733);
#1733 = CARTESIAN_POINT('',(0.257256642992,270.81396569533,
    -3.291616060946E-14));
#1734 = VERTEX_POINT('',#1735);
#1735 = CARTESIAN_POINT('',(63.257256642992,270.81396569533,
    -3.363703038895E-14));
#1736 = CIRCLE('',#1737,31.5);
#1737 = AXIS2_PLACEMENT_3D('',#1738,#1739,#1740);
#1738 = CARTESIAN_POINT('',(31.757256642992,270.81396569533,
    -3.32765954992E-14));
#1739 = DIRECTION('',(-9.51619735393E-17,1.,-2.22044604925E-16));
#1740 = DIRECTION('',(1.,9.51619735393E-17,1.110223024625E-16));
#1741 = ORIENTED_EDGE('',*,*,#1742,.F.);
#1742 = EDGE_CURVE('',#1734,#1732,#1743,.T.);
#1743 = CIRCLE('',#1744,31.5);
#1744 = AXIS2_PLACEMENT_3D('',#1745,#1746,#1747);
#1745 = CARTESIAN_POINT('',(31.757256642992,270.81396569533,
    -3.32765954992E-14));
#1746 = DIRECTION('',(-9.51619735393E-17,1.,-2.22044604925E-16));
#1747 = DIRECTION('',(1.,9.51619735393E-17,1.110223024625E-16));
#1748 = ORIENTED_EDGE('',*,*,#1749,.T.);
#1749 = EDGE_CURVE('',#1734,#1750,#1752,.T.);
#1750 = VERTEX_POINT('',#1751);
#1751 = CARTESIAN_POINT('',(63.257256642992,266.41396569533,
    -7.708159242086E-15));
#1752 = LINE('',#1753,#1754);
#1753 = CARTESIAN_POINT('',(63.257256642992,264.10249820386,
    -3.214678524134E-14));
#1754 = VECTOR('',#1755,1.);
#1755 = DIRECTION('',(9.51619735393E-17,-1.,2.22044604925E-16));
#1756 = ORIENTED_EDGE('',*,*,#1757,.T.);
#1757 = EDGE_CURVE('',#1750,#1758,#1760,.T.);
#1758 = VERTEX_POINT('',#1759);
#1759 = CARTESIAN_POINT('',(62.224452116156,258.41396569533,-8.));
#1760 = B_SPLINE_CURVE_WITH_KNOTS('',3,(#1761,#1762,#1763,#1764,#1765,
    #1766,#1767,#1768,#1769,#1770),.UNSPECIFIED.,.F.,.F.,(4,2,2,2,4),(
    1.211133162534,1.513893863822,1.81665456511,2.119460445089,
    2.422266325069),.UNSPECIFIED.);
#1761 = CARTESIAN_POINT('',(63.257256642992,266.41396569533,
    -7.153047729776E-15));
#1762 = CARTESIAN_POINT('',(63.257256642992,266.41396569533,
    -1.009202337626));
#1763 = CARTESIAN_POINT('',(63.203904533632,266.21137454646,
    -2.08269813865));
#1764 = CARTESIAN_POINT('',(63.011163911893,265.39355306518,
    -4.052477709307));
#1765 = CARTESIAN_POINT('',(62.874356080326,264.77856180705,
    -4.949112387265));
#1766 = CARTESIAN_POINT('',(62.615939655716,263.36297247163,
    -6.364701722689));
#1767 = CARTESIAN_POINT('',(62.477151645935,262.46638170201,
    -6.979610675261));
#1768 = CARTESIAN_POINT('',(62.279836951544,260.49675810231,
    -7.797372024902));
#1769 = CARTESIAN_POINT('',(62.224452116156,259.4233186286,-8.));
#1770 = CARTESIAN_POINT('',(62.224452116156,258.41396569533,-8.));
#1771 = ORIENTED_EDGE('',*,*,#1772,.T.);
#1772 = EDGE_CURVE('',#1758,#1773,#1775,.T.);
#1773 = VERTEX_POINT('',#1774);
#1774 = CARTESIAN_POINT('',(62.224452116156,256.7910307124,-8.));
#1775 = LINE('',#1776,#1777);
#1776 = CARTESIAN_POINT('',(62.224452116156,264.10249820386,-8.));
#1777 = VECTOR('',#1778,1.);
#1778 = DIRECTION('',(9.51619735393E-17,-1.,2.22044604925E-16));
#1779 = ORIENTED_EDGE('',*,*,#1780,.T.);
#1780 = EDGE_CURVE('',#1773,#1781,#1783,.T.);
#1781 = VERTEX_POINT('',#1782);
#1782 = CARTESIAN_POINT('',(1.570338946752,256.7910307124,-9.));
#1783 = CIRCLE('',#1784,31.5);
#1784 = AXIS2_PLACEMENT_3D('',#1785,#1786,#1787);
#1785 = CARTESIAN_POINT('',(31.757256642992,256.7910307124,
    -3.016287844103E-14));
#1786 = DIRECTION('',(-9.51619735393E-17,1.,-2.22044604925E-16));
#1787 = DIRECTION('',(-1.,-9.51619735393E-17,-1.110223024625E-16));
#1788 = ORIENTED_EDGE('',*,*,#1789,.T.);
#1789 = EDGE_CURVE('',#1781,#1790,#1792,.T.);
#1790 = VERTEX_POINT('',#1791);
#1791 = CARTESIAN_POINT('',(1.570338946752,258.41396569533,-9.));
#1792 = LINE('',#1793,#1794);
#1793 = CARTESIAN_POINT('',(1.570338946752,264.10249820386,-9.));
#1794 = VECTOR('',#1795,1.);
#1795 = DIRECTION('',(-9.51619735393E-17,1.,-2.22044604925E-16));
#1796 = ORIENTED_EDGE('',*,*,#1797,.T.);
#1797 = EDGE_CURVE('',#1790,#1798,#1800,.T.);
#1798 = VERTEX_POINT('',#1799);
#1799 = CARTESIAN_POINT('',(0.273133660132,266.41396569533,-1.));
#1800 = B_SPLINE_CURVE_WITH_KNOTS('',3,(#1801,#1802,#1803,#1804,#1805,
    #1806,#1807,#1808,#1809,#1810),.UNSPECIFIED.,.F.,.F.,(4,2,2,2,4),(0.
    ,0.302930112313,0.605860224626,0.909760313929,1.213660403232),
  .UNSPECIFIED.);
#1801 = CARTESIAN_POINT('',(1.570338946752,258.41396569533,-9.));
#1802 = CARTESIAN_POINT('',(1.570338946752,259.42373273637,-9.));
#1803 = CARTESIAN_POINT('',(1.507649620282,260.49679162928,
    -8.797198258892));
#1804 = CARTESIAN_POINT('',(1.282038895272,262.46430147374,
    -7.980634038508));
#1805 = CARTESIAN_POINT('',(1.122380219262,263.3592407625,
    -7.367150096284));
#1806 = CARTESIAN_POINT('',(0.816712084792,264.77440824192,
    -5.954544099074));
#1807 = CARTESIAN_POINT('',(0.650176171042,265.39026466978,
    -5.058366080447));
#1808 = CARTESIAN_POINT('',(0.393193504802,266.21019236468,
    -3.087566403982));
#1809 = CARTESIAN_POINT('',(0.305292399742,266.41396569533,
    -2.012489712816));
#1810 = CARTESIAN_POINT('',(0.273133660132,266.41396569533,-1.));
#1811 = ORIENTED_EDGE('',*,*,#1812,.T.);
#1812 = EDGE_CURVE('',#1798,#1813,#1815,.T.);
#1813 = VERTEX_POINT('',#1814);
#1814 = CARTESIAN_POINT('',(0.273133660132,266.41396569533,1.));
#1815 = CIRCLE('',#1816,31.5);
#1816 = AXIS2_PLACEMENT_3D('',#1817,#1818,#1819);
#1817 = CARTESIAN_POINT('',(31.757256642992,266.41396569533,
    -3.229959923753E-14));
#1818 = DIRECTION('',(2.22044604925E-16,1.,-2.442490654176E-15));
#1819 = DIRECTION('',(-1.,2.22044604925E-16,-1.110223024625E-16));
#1820 = ORIENTED_EDGE('',*,*,#1821,.T.);
#1821 = EDGE_CURVE('',#1813,#1822,#1824,.T.);
#1822 = VERTEX_POINT('',#1823);
#1823 = CARTESIAN_POINT('',(1.570338946752,258.41396569533,9.));
#1824 = B_SPLINE_CURVE_WITH_KNOTS('',3,(#1825,#1826,#1827,#1828,#1829,
    #1830,#1831,#1832,#1833,#1834),.UNSPECIFIED.,.F.,.F.,(4,2,2,2,4),(
    1.209274208241,1.513174297544,1.817074386846,2.12000449916,
    2.422934611473),.UNSPECIFIED.);
#1825 = CARTESIAN_POINT('',(0.273133660132,266.41396569533,1.));
#1826 = CARTESIAN_POINT('',(0.305292399742,266.41396569533,
    2.012489712816));
#1827 = CARTESIAN_POINT('',(0.393193504802,266.21019236468,
    3.087566403982));
#1828 = CARTESIAN_POINT('',(0.650176171042,265.39026466978,
    5.058366080447));
#1829 = CARTESIAN_POINT('',(0.816712084792,264.77440824192,
    5.954544099074));
#1830 = CARTESIAN_POINT('',(1.122380219262,263.3592407625,7.367150096284
    ));
#1831 = CARTESIAN_POINT('',(1.282038895272,262.46430147374,
    7.980634038508));
#1832 = CARTESIAN_POINT('',(1.507649620282,260.49679162928,
    8.797198258892));
#1833 = CARTESIAN_POINT('',(1.570338946752,259.42373273638,9.));
#1834 = CARTESIAN_POINT('',(1.570338946752,258.41396569533,9.));
#1835 = ORIENTED_EDGE('',*,*,#1836,.T.);
#1836 = EDGE_CURVE('',#1822,#1837,#1839,.T.);
#1837 = VERTEX_POINT('',#1838);
#1838 = CARTESIAN_POINT('',(1.570338946752,256.7910307124,9.));
#1839 = LINE('',#1840,#1841);
#1840 = CARTESIAN_POINT('',(1.570338946752,264.10249820386,9.));
#1841 = VECTOR('',#1842,1.);
#1842 = DIRECTION('',(9.51619735393E-17,-1.,2.22044604925E-16));
#1843 = ORIENTED_EDGE('',*,*,#1844,.T.);
#1844 = EDGE_CURVE('',#1837,#1691,#1845,.T.);
#1845 = CIRCLE('',#1846,31.5);
#1846 = AXIS2_PLACEMENT_3D('',#1847,#1848,#1849);
#1847 = CARTESIAN_POINT('',(31.757256642992,256.7910307124,
    -3.016287844103E-14));
#1848 = DIRECTION('',(-9.51619735393E-17,1.,-2.22044604925E-16));
#1849 = DIRECTION('',(-1.,-9.51619735393E-17,-1.110223024625E-16));
#1850 = ORIENTED_EDGE('',*,*,#1690,.T.);
#1851 = ORIENTED_EDGE('',*,*,#1498,.T.);
#1852 = ORIENTED_EDGE('',*,*,#1642,.T.);
#1853 = ORIENTED_EDGE('',*,*,#1854,.T.);
#1854 = EDGE_CURVE('',#1643,#1855,#1857,.T.);
#1855 = VERTEX_POINT('',#1856);
#1856 = CARTESIAN_POINT('',(62.224452116156,256.7910307124,8.));
#1857 = CIRCLE('',#1858,31.5);
#1858 = AXIS2_PLACEMENT_3D('',#1859,#1860,#1861);
#1859 = CARTESIAN_POINT('',(31.757256642992,256.7910307124,
    -3.016287844103E-14));
#1860 = DIRECTION('',(-9.51619735393E-17,1.,-2.22044604925E-16));
#1861 = DIRECTION('',(-1.,-9.51619735393E-17,-1.110223024625E-16));
#1862 = ORIENTED_EDGE('',*,*,#1863,.T.);
#1863 = EDGE_CURVE('',#1855,#1864,#1866,.T.);
#1864 = VERTEX_POINT('',#1865);
#1865 = CARTESIAN_POINT('',(62.224452116156,258.41396569533,8.));
#1866 = LINE('',#1867,#1868);
#1867 = CARTESIAN_POINT('',(62.224452116156,264.10249820386,8.));
#1868 = VECTOR('',#1869,1.);
#1869 = DIRECTION('',(-9.51619735393E-17,1.,-2.22044604925E-16));
#1870 = ORIENTED_EDGE('',*,*,#1871,.T.);
#1871 = EDGE_CURVE('',#1864,#1750,#1872,.T.);
#1872 = B_SPLINE_CURVE_WITH_KNOTS('',3,(#1873,#1874,#1875,#1876,#1877,
    #1878,#1879,#1880,#1881,#1882),.UNSPECIFIED.,.F.,.F.,(4,2,2,2,4),(0.
    ,0.302805879979,0.605611759959,0.908372461247,1.211133162534),
  .UNSPECIFIED.);
#1873 = CARTESIAN_POINT('',(62.224452116156,258.41396569533,8.));
#1874 = CARTESIAN_POINT('',(62.224452116156,259.4233186286,8.));
#1875 = CARTESIAN_POINT('',(62.279836951544,260.49675810231,
    7.797372024902));
#1876 = CARTESIAN_POINT('',(62.477151645935,262.46638170201,
    6.979610675261));
#1877 = CARTESIAN_POINT('',(62.615939655716,263.36297247163,
    6.364701722689));
#1878 = CARTESIAN_POINT('',(62.874356080326,264.77856180705,
    4.949112387265));
#1879 = CARTESIAN_POINT('',(63.011163911893,265.39355306518,
    4.052477709307));
#1880 = CARTESIAN_POINT('',(63.203904533632,266.21137454646,
    2.08269813865));
#1881 = CARTESIAN_POINT('',(63.257256642992,266.41396569533,
    1.009202337626));
#1882 = CARTESIAN_POINT('',(63.257256642992,266.41396569533,
    -8.263270754396E-15));
#1883 = ORIENTED_EDGE('',*,*,#1749,.F.);
#1884 = FACE_BOUND('',#1885,.T.);
#1885 = EDGE_LOOP('',(#1886,#1911));
#1886 = ORIENTED_EDGE('',*,*,#1887,.T.);
#1887 = EDGE_CURVE('',#1888,#1890,#1892,.T.);
#1888 = VERTEX_POINT('',#1889);
#1889 = CARTESIAN_POINT('',(31.757256642992,269.41396569533,-31.5));
#1890 = VERTEX_POINT('',#1891);
#1891 = CARTESIAN_POINT('',(31.757256642992,259.41396569533,-31.5));
#1892 = B_SPLINE_CURVE_WITH_KNOTS('',3,(#1893,#1894,#1895,#1896,#1897,
    #1898,#1899,#1900,#1901,#1902,#1903,#1904,#1905,#1906,#1907,#1908,
    #1909,#1910),.UNSPECIFIED.,.F.,.F.,(4,2,2,2,2,2,2,2,4),(
    0.754746505201,0.943431063513,1.132115621826,1.320804316114,
    1.509493010401,1.698181704689,1.886870398977,2.075554957289,
    2.264239515602),.UNSPECIFIED.);
#1893 = CARTESIAN_POINT('',(31.757256642992,269.41396569533,-31.5));
#1894 = CARTESIAN_POINT('',(31.128308115283,269.41396569533,-31.5));
#1895 = CARTESIAN_POINT('',(30.458158251545,269.28805268412,
    -31.47924636979));
#1896 = CARTESIAN_POINT('',(29.226570450434,268.77745144185,
    -31.40423914142));
#1897 = CARTESIAN_POINT('',(28.665044738859,268.39282160306,
    -31.35103295576));
#1898 = CARTESIAN_POINT('',(27.77839101762,267.50616788182,
    -31.25088285016));
#1899 = CARTESIAN_POINT('',(27.393768801765,266.94464635232,
    -31.19738102098));
#1900 = CARTESIAN_POINT('',(26.883173099304,265.71307287954,
    -31.12169531129));
#1901 = CARTESIAN_POINT('',(26.757256642992,265.04292800962,
    -31.10064308016));
#1902 = CARTESIAN_POINT('',(26.757256642992,263.78500338104,
    -31.10064308016));
#1903 = CARTESIAN_POINT('',(26.883173099304,263.11485851112,
    -31.12169531129));
#1904 = CARTESIAN_POINT('',(27.393768801765,261.88328503834,
    -31.19738102098));
#1905 = CARTESIAN_POINT('',(27.77839101762,261.32176350884,
    -31.25088285016));
#1906 = CARTESIAN_POINT('',(28.665044738859,260.4351097876,
    -31.35103295576));
#1907 = CARTESIAN_POINT('',(29.226570450434,260.05047994882,
    -31.40423914142));
#1908 = CARTESIAN_POINT('',(30.458158251545,259.53987870654,
    -31.47924636979));
#1909 = CARTESIAN_POINT('',(31.128308115283,259.41396569533,-31.5));
#1910 = CARTESIAN_POINT('',(31.757256642992,259.41396569533,-31.5));
#1911 = ORIENTED_EDGE('',*,*,#1912,.T.);
#1912 = EDGE_CURVE('',#1890,#1888,#1913,.T.);
#1913 = B_SPLINE_CURVE_WITH_KNOTS('',3,(#1914,#1915,#1916,#1917,#1918,
    #1919,#1920,#1921,#1922,#1923,#1924,#1925,#1926,#1927,#1928,#1929,
    #1930,#1931,#1932),.UNSPECIFIED.,.F.,.F.,(4,2,2,2,3,2,2,2,4),(
    2.264239515602,2.452924073915,2.641608632228,2.830297326515,
    3.018986020803,3.207674715091,3.396363409378,3.585047967691,
    3.773732526004),.UNSPECIFIED.);
#1914 = CARTESIAN_POINT('',(31.757256642992,259.41396569533,-31.5));
#1915 = CARTESIAN_POINT('',(32.386205170701,259.41396569533,-31.5));
#1916 = CARTESIAN_POINT('',(33.056355034439,259.53987870654,
    -31.47924636979));
#1917 = CARTESIAN_POINT('',(34.28794283555,260.05047994882,
    -31.40423914142));
#1918 = CARTESIAN_POINT('',(34.849468547126,260.4351097876,
    -31.35103295576));
#1919 = CARTESIAN_POINT('',(35.736122268364,261.32176350884,
    -31.25088285016));
#1920 = CARTESIAN_POINT('',(36.120744484219,261.88328503834,
    -31.19738102098));
#1921 = CARTESIAN_POINT('',(36.63134018668,263.11485851112,
    -31.12169531129));
#1922 = CARTESIAN_POINT('',(36.757256642992,263.78500338104,
    -31.10064308016));
#1923 = CARTESIAN_POINT('',(36.757256642992,264.41396569533,
    -31.10064308016));
#1924 = CARTESIAN_POINT('',(36.757256642992,265.04292800962,
    -31.10064308016));
#1925 = CARTESIAN_POINT('',(36.63134018668,265.71307287954,
    -31.12169531129));
#1926 = CARTESIAN_POINT('',(36.120744484219,266.94464635232,
    -31.19738102098));
#1927 = CARTESIAN_POINT('',(35.736122268364,267.50616788182,
    -31.25088285016));
#1928 = CARTESIAN_POINT('',(34.849468547126,268.39282160306,
    -31.35103295576));
#1929 = CARTESIAN_POINT('',(34.28794283555,268.77745144185,
    -31.40423914142));
#1930 = CARTESIAN_POINT('',(33.056355034439,269.28805268412,
    -31.47924636979));
#1931 = CARTESIAN_POINT('',(32.386205170701,269.41396569533,-31.5));
#1932 = CARTESIAN_POINT('',(31.757256642992,269.41396569533,-31.5));
#1933 = CYLINDRICAL_SURFACE('',#1934,31.5);
#1934 = AXIS2_PLACEMENT_3D('',#1935,#1936,#1937);
#1935 = CARTESIAN_POINT('',(31.757256642992,264.10249820386,
    -3.178635035159E-14));
#1936 = DIRECTION('',(-9.51619735393E-17,1.,-2.22044604925E-16));
#1937 = DIRECTION('',(-1.,-9.51619735393E-17,-1.110223024625E-16));
#1938 = ADVANCED_FACE('',(#1939),#1958,.T.);
#1939 = FACE_BOUND('',#1940,.T.);
#1940 = EDGE_LOOP('',(#1941,#1942,#1951,#1957));
#1941 = ORIENTED_EDGE('',*,*,#1676,.T.);
#1942 = ORIENTED_EDGE('',*,*,#1943,.T.);
#1943 = EDGE_CURVE('',#1669,#1944,#1946,.T.);
#1944 = VERTEX_POINT('',#1945);
#1945 = CARTESIAN_POINT('',(59.526204473605,255.28896569533,8.));
#1946 = CIRCLE('',#1947,28.898347074172);
#1947 = AXIS2_PLACEMENT_3D('',#1948,#1949,#1950);
#1948 = CARTESIAN_POINT('',(31.757256642992,255.28896569533,
    -2.982935300774E-14));
#1949 = DIRECTION('',(-9.51619735393E-17,1.,-2.22044604925E-16));
#1950 = DIRECTION('',(-1.,-9.51619735393E-17,-1.110223024625E-16));
#1951 = ORIENTED_EDGE('',*,*,#1952,.T.);
#1952 = EDGE_CURVE('',#1944,#1855,#1953,.T.);
#1953 = ( BOUNDED_CURVE() B_SPLINE_CURVE(2,(#1954,#1955,#1956),
.UNSPECIFIED.,.F.,.F.) B_SPLINE_CURVE_WITH_KNOTS((3,3),(0.,
0.308816195064),.PIECEWISE_BEZIER_KNOTS.) CURVE() 
GEOMETRIC_REPRESENTATION_ITEM() RATIONAL_B_SPLINE_CURVE((1.,
1.000999388106,1.)) REPRESENTATION_ITEM('') );
#1954 = CARTESIAN_POINT('',(59.526204473605,255.28896569533,8.));
#1955 = CARTESIAN_POINT('',(60.817214917493,256.00520071247,8.));
#1956 = CARTESIAN_POINT('',(62.224452116156,256.7910307124,8.));
#1957 = ORIENTED_EDGE('',*,*,#1854,.F.);
#1958 = CONICAL_SURFACE('',#1959,30.199173537086,1.047197551197);
#1959 = AXIS2_PLACEMENT_3D('',#1960,#1961,#1962);
#1960 = CARTESIAN_POINT('',(31.757256642992,256.03999820386,
    -2.999611572439E-14));
#1961 = DIRECTION('',(-9.51619735393E-17,1.,-2.22044604925E-16));
#1962 = DIRECTION('',(-1.,-9.51619735393E-17,-1.110223024625E-16));
#1963 = ADVANCED_FACE('',(#1964),#1983,.T.);
#1964 = FACE_BOUND('',#1965,.T.);
#1965 = EDGE_LOOP('',(#1966,#1967,#1976,#1982));
#1966 = ORIENTED_EDGE('',*,*,#1668,.T.);
#1967 = ORIENTED_EDGE('',*,*,#1968,.F.);
#1968 = EDGE_CURVE('',#1969,#1660,#1971,.T.);
#1969 = VERTEX_POINT('',#1970);
#1970 = CARTESIAN_POINT('',(59.111415376172,255.28896569533,8.));
#1971 = CIRCLE('',#1972,28.5);
#1972 = AXIS2_PLACEMENT_3D('',#1973,#1974,#1975);
#1973 = CARTESIAN_POINT('',(31.757256642992,255.28896569533,
    -2.982935300774E-14));
#1974 = DIRECTION('',(9.51619735393E-17,-1.,2.22044604925E-16));
#1975 = DIRECTION('',(2.718345674302E-16,2.22044604925E-16,1.));
#1976 = ORIENTED_EDGE('',*,*,#1977,.T.);
#1977 = EDGE_CURVE('',#1969,#1944,#1978,.T.);
#1978 = LINE('',#1979,#1980);
#1979 = CARTESIAN_POINT('',(33.407669874449,255.28896569533,8.));
#1980 = VECTOR('',#1981,1.);
#1981 = DIRECTION('',(1.,9.51619735393E-17,1.110223024625E-16));
#1982 = ORIENTED_EDGE('',*,*,#1943,.F.);
#1983 = PLANE('',#1984);
#1984 = AXIS2_PLACEMENT_3D('',#1985,#1986,#1987);
#1985 = CARTESIAN_POINT('',(3.558083105912,255.28896569533,
    -3.296009018137E-14));
#1986 = DIRECTION('',(9.51619735393E-17,-1.,2.22044604925E-16));
#1987 = DIRECTION('',(-1.110223024625E-16,2.22044604925E-16,1.));
#1988 = ADVANCED_FACE('',(#1989),#2016,.T.);
#1989 = FACE_BOUND('',#1990,.T.);
#1990 = EDGE_LOOP('',(#1991,#1992,#2001,#2009));
#1991 = ORIENTED_EDGE('',*,*,#1586,.T.);
#1992 = ORIENTED_EDGE('',*,*,#1993,.T.);
#1993 = EDGE_CURVE('',#1589,#1994,#1996,.T.);
#1994 = VERTEX_POINT('',#1995);
#1995 = CARTESIAN_POINT('',(61.39658861927,245.41396569533,8.));
#1996 = CIRCLE('',#1997,30.7);
#1997 = AXIS2_PLACEMENT_3D('',#1998,#1999,#2000);
#1998 = CARTESIAN_POINT('',(31.757256642992,245.41396569533,
    -2.763666253411E-14));
#1999 = DIRECTION('',(-9.51619735393E-17,1.,-2.22044604925E-16));
#2000 = DIRECTION('',(1.,9.51619735393E-17,1.110223024625E-16));
#2001 = ORIENTED_EDGE('',*,*,#2002,.T.);
#2002 = EDGE_CURVE('',#1994,#2003,#2005,.T.);
#2003 = VERTEX_POINT('',#2004);
#2004 = CARTESIAN_POINT('',(62.224452116156,246.21396569533,8.));
#2005 = ( BOUNDED_CURVE() B_SPLINE_CURVE(2,(#2006,#2007,#2008),
.UNSPECIFIED.,.F.,.F.) B_SPLINE_CURVE_WITH_KNOTS((3,3),(0.,
0.125564022655),.PIECEWISE_BEZIER_KNOTS.) CURVE() 
GEOMETRIC_REPRESENTATION_ITEM() RATIONAL_B_SPLINE_CURVE((1.,
1.00066259963,1.001148255283)) REPRESENTATION_ITEM('') );
#2006 = CARTESIAN_POINT('',(61.39658861927,245.41396569533,8.));
#2007 = CARTESIAN_POINT('',(61.805196486704,245.80845638689,8.));
#2008 = CARTESIAN_POINT('',(62.224452116156,246.21396569533,8.));
#2009 = ORIENTED_EDGE('',*,*,#2010,.T.);
#2010 = EDGE_CURVE('',#2003,#1587,#2011,.T.);
#2011 = CIRCLE('',#2012,31.5);
#2012 = AXIS2_PLACEMENT_3D('',#2013,#2014,#2015);
#2013 = CARTESIAN_POINT('',(31.757256642992,246.21396569533,
    -2.781429821805E-14));
#2014 = DIRECTION('',(9.51619735393E-17,-1.,2.22044604925E-16));
#2015 = DIRECTION('',(1.,9.51619735393E-17,1.110223024625E-16));
#2016 = CONICAL_SURFACE('',#2017,31.1,0.785398163397);
#2017 = AXIS2_PLACEMENT_3D('',#2018,#2019,#2020);
#2018 = CARTESIAN_POINT('',(31.757256642992,245.81396569533,
    -2.772548037608E-14));
#2019 = DIRECTION('',(-9.51619735393E-17,1.,-2.22044604925E-16));
#2020 = DIRECTION('',(1.,9.51619735393E-17,1.110223024625E-16));
#2021 = ADVANCED_FACE('',(#2022),#2049,.T.);
#2022 = FACE_BOUND('',#2023,.T.);
#2023 = EDGE_LOOP('',(#2024,#2025,#2034,#2042));
#2024 = ORIENTED_EDGE('',*,*,#1521,.T.);
#2025 = ORIENTED_EDGE('',*,*,#2026,.T.);
#2026 = EDGE_CURVE('',#1524,#2027,#2029,.T.);
#2027 = VERTEX_POINT('',#2028);
#2028 = CARTESIAN_POINT('',(1.570338946752,246.21396569533,9.));
#2029 = CIRCLE('',#2030,31.5);
#2030 = AXIS2_PLACEMENT_3D('',#2031,#2032,#2033);
#2031 = CARTESIAN_POINT('',(31.757256642992,246.21396569533,
    -2.781429821805E-14));
#2032 = DIRECTION('',(9.51619735393E-17,-1.,2.22044604925E-16));
#2033 = DIRECTION('',(1.,9.51619735393E-17,1.110223024625E-16));
#2034 = ORIENTED_EDGE('',*,*,#2035,.T.);
#2035 = EDGE_CURVE('',#2027,#2036,#2038,.T.);
#2036 = VERTEX_POINT('',#2037);
#2037 = CARTESIAN_POINT('',(2.406106750702,245.41396569533,9.));
#2038 = ( BOUNDED_CURVE() B_SPLINE_CURVE(2,(#2039,#2040,#2041),
.UNSPECIFIED.,.F.,.F.) B_SPLINE_CURVE_WITH_KNOTS((3,3),(0.777703612541,
0.903471696409),.PIECEWISE_BEZIER_KNOTS.) CURVE() 
GEOMETRIC_REPRESENTATION_ITEM() RATIONAL_B_SPLINE_CURVE((1.001115288735,
1.000647825077,1.)) REPRESENTATION_ITEM('') );
#2039 = CARTESIAN_POINT('',(1.570338946752,246.21396569533,9.));
#2040 = CARTESIAN_POINT('',(1.993597561292,245.80835068068,9.));
#2041 = CARTESIAN_POINT('',(2.406106750702,245.41396569533,9.));
#2042 = ORIENTED_EDGE('',*,*,#2043,.T.);
#2043 = EDGE_CURVE('',#2036,#1522,#2044,.T.);
#2044 = CIRCLE('',#2045,30.7);
#2045 = AXIS2_PLACEMENT_3D('',#2046,#2047,#2048);
#2046 = CARTESIAN_POINT('',(31.757256642992,245.41396569533,
    -2.763666253411E-14));
#2047 = DIRECTION('',(-9.51619735393E-17,1.,-2.22044604925E-16));
#2048 = DIRECTION('',(1.,9.51619735393E-17,1.110223024625E-16));
#2049 = CONICAL_SURFACE('',#2050,31.1,0.785398163397);
#2050 = AXIS2_PLACEMENT_3D('',#2051,#2052,#2053);
#2051 = CARTESIAN_POINT('',(31.757256642992,245.81396569533,
    -2.772548037608E-14));
#2052 = DIRECTION('',(-9.51619735393E-17,1.,-2.22044604925E-16));
#2053 = DIRECTION('',(1.,9.51619735393E-17,1.110223024625E-16));
#2054 = ADVANCED_FACE('',(#2055),#2074,.T.);
#2055 = FACE_BOUND('',#2056,.T.);
#2056 = EDGE_LOOP('',(#2057,#2058,#2059,#2067));
#2057 = ORIENTED_EDGE('',*,*,#1596,.T.);
#2058 = ORIENTED_EDGE('',*,*,#2010,.F.);
#2059 = ORIENTED_EDGE('',*,*,#2060,.T.);
#2060 = EDGE_CURVE('',#2003,#2061,#2063,.T.);
#2061 = VERTEX_POINT('',#2062);
#2062 = CARTESIAN_POINT('',(62.224452116156,250.03664991468,8.));
#2063 = LINE('',#2064,#2065);
#2064 = CARTESIAN_POINT('',(62.224452116156,247.72530780501,8.));
#2065 = VECTOR('',#2066,1.);
#2066 = DIRECTION('',(-9.51619735393E-17,1.,-2.22044604925E-16));
#2067 = ORIENTED_EDGE('',*,*,#2068,.F.);
#2068 = EDGE_CURVE('',#1597,#2061,#2069,.T.);
#2069 = CIRCLE('',#2070,31.5);
#2070 = AXIS2_PLACEMENT_3D('',#2071,#2072,#2073);
#2071 = CARTESIAN_POINT('',(31.757256642992,250.03664991468,
    -2.866310462529E-14));
#2072 = DIRECTION('',(-9.51619735393E-17,1.,-2.22044604925E-16));
#2073 = DIRECTION('',(-1.,-9.51619735393E-17,-1.110223024625E-16));
#2074 = CYLINDRICAL_SURFACE('',#2075,31.5);
#2075 = AXIS2_PLACEMENT_3D('',#2076,#2077,#2078);
#2076 = CARTESIAN_POINT('',(31.757256642992,247.72530780501,
    -2.81498835797E-14));
#2077 = DIRECTION('',(-9.51619735393E-17,1.,-2.22044604925E-16));
#2078 = DIRECTION('',(-1.,-9.51619735393E-17,-1.110223024625E-16));
#2079 = ADVANCED_FACE('',(#2080),#2099,.T.);
#2080 = FACE_BOUND('',#2081,.T.);
#2081 = EDGE_LOOP('',(#2082,#2083,#2092,#2098));
#2082 = ORIENTED_EDGE('',*,*,#1572,.T.);
#2083 = ORIENTED_EDGE('',*,*,#2084,.F.);
#2084 = EDGE_CURVE('',#2085,#1565,#2087,.T.);
#2085 = VERTEX_POINT('',#2086);
#2086 = CARTESIAN_POINT('',(1.570338946752,250.03664991468,9.));
#2087 = CIRCLE('',#2088,31.5);
#2088 = AXIS2_PLACEMENT_3D('',#2089,#2090,#2091);
#2089 = CARTESIAN_POINT('',(31.757256642992,250.03664991468,
    -2.866310462529E-14));
#2090 = DIRECTION('',(-9.51619735393E-17,1.,-2.22044604925E-16));
#2091 = DIRECTION('',(-1.,-9.51619735393E-17,-1.110223024625E-16));
#2092 = ORIENTED_EDGE('',*,*,#2093,.T.);
#2093 = EDGE_CURVE('',#2085,#2027,#2094,.T.);
#2094 = LINE('',#2095,#2096);
#2095 = CARTESIAN_POINT('',(1.570338946752,247.72530780501,9.));
#2096 = VECTOR('',#2097,1.);
#2097 = DIRECTION('',(9.51619735393E-17,-1.,2.22044604925E-16));
#2098 = ORIENTED_EDGE('',*,*,#2026,.F.);
#2099 = CYLINDRICAL_SURFACE('',#2100,31.5);
#2100 = AXIS2_PLACEMENT_3D('',#2101,#2102,#2103);
#2101 = CARTESIAN_POINT('',(31.757256642992,247.72530780501,
    -2.81498835797E-14));
#2102 = DIRECTION('',(-9.51619735393E-17,1.,-2.22044604925E-16));
#2103 = DIRECTION('',(-1.,-9.51619735393E-17,-1.110223024625E-16));
#2104 = ADVANCED_FACE('',(#2105),#2124,.T.);
#2105 = FACE_BOUND('',#2106,.T.);
#2106 = EDGE_LOOP('',(#2107,#2108,#2109,#2117));
#2107 = ORIENTED_EDGE('',*,*,#1604,.T.);
#2108 = ORIENTED_EDGE('',*,*,#2068,.T.);
#2109 = ORIENTED_EDGE('',*,*,#2110,.T.);
#2110 = EDGE_CURVE('',#2061,#2111,#2113,.T.);
#2111 = VERTEX_POINT('',#2112);
#2112 = CARTESIAN_POINT('',(59.525752473072,251.53896569533,8.));
#2113 = ( BOUNDED_CURVE() B_SPLINE_CURVE(2,(#2114,#2115,#2116),
.UNSPECIFIED.,.F.,.F.) B_SPLINE_CURVE_WITH_KNOTS((3,3),(0.,
0.308867885171),.PIECEWISE_BEZIER_KNOTS.) CURVE() 
GEOMETRIC_REPRESENTATION_ITEM() RATIONAL_B_SPLINE_CURVE((1.,
1.000999737852,1.)) REPRESENTATION_ITEM('') );
#2114 = CARTESIAN_POINT('',(62.224452116156,250.03664991468,8.));
#2115 = CARTESIAN_POINT('',(60.816969060815,250.822617206,8.));
#2116 = CARTESIAN_POINT('',(59.525752473072,251.53896569533,8.));
#2117 = ORIENTED_EDGE('',*,*,#2118,.F.);
#2118 = EDGE_CURVE('',#1605,#2111,#2119,.T.);
#2119 = CIRCLE('',#2120,28.897912738902);
#2120 = AXIS2_PLACEMENT_3D('',#2121,#2122,#2123);
#2121 = CARTESIAN_POINT('',(31.757256642992,251.53896569533,
    -2.899668573927E-14));
#2122 = DIRECTION('',(-9.51619735393E-17,1.,-2.22044604925E-16));
#2123 = DIRECTION('',(-1.,-9.51619735393E-17,-1.110223024625E-16));
#2124 = CONICAL_SURFACE('',#2125,30.198956369451,1.047197551197);
#2125 = AXIS2_PLACEMENT_3D('',#2126,#2127,#2128);
#2126 = CARTESIAN_POINT('',(31.757256642992,250.78780780501,
    -2.882989518228E-14));
#2127 = DIRECTION('',(9.51619735393E-17,-1.,2.22044604925E-16));
#2128 = DIRECTION('',(-1.,-9.51619735393E-17,-1.110223024625E-16));
#2129 = ADVANCED_FACE('',(#2130),#2149,.T.);
#2130 = FACE_BOUND('',#2131,.T.);
#2131 = EDGE_LOOP('',(#2132,#2133,#2142,#2148));
#2132 = ORIENTED_EDGE('',*,*,#1564,.T.);
#2133 = ORIENTED_EDGE('',*,*,#2134,.F.);
#2134 = EDGE_CURVE('',#2135,#1557,#2137,.T.);
#2135 = VERTEX_POINT('',#2136);
#2136 = CARTESIAN_POINT('',(4.296569093972,251.53896569533,9.));
#2137 = CIRCLE('',#2138,28.897912738902);
#2138 = AXIS2_PLACEMENT_3D('',#2139,#2140,#2141);
#2139 = CARTESIAN_POINT('',(31.757256642992,251.53896569533,
    -2.899668573927E-14));
#2140 = DIRECTION('',(-9.51619735393E-17,1.,-2.22044604925E-16));
#2141 = DIRECTION('',(-1.,-9.51619735393E-17,-1.110223024625E-16));
#2142 = ORIENTED_EDGE('',*,*,#2143,.T.);
#2143 = EDGE_CURVE('',#2135,#2085,#2144,.T.);
#2144 = ( BOUNDED_CURVE() B_SPLINE_CURVE(2,(#2145,#2146,#2147),
.UNSPECIFIED.,.F.,.F.) B_SPLINE_CURVE_WITH_KNOTS((3,3),(0.,
0.311276263134),.PIECEWISE_BEZIER_KNOTS.) CURVE() 
GEOMETRIC_REPRESENTATION_ITEM() RATIONAL_B_SPLINE_CURVE((1.,
1.001020270735,1.)) REPRESENTATION_ITEM('') );
#2145 = CARTESIAN_POINT('',(4.296569093972,251.53896569533,9.));
#2146 = CARTESIAN_POINT('',(2.992180294272,250.82333103753,9.));
#2147 = CARTESIAN_POINT('',(1.570338946752,250.03664991468,9.));
#2148 = ORIENTED_EDGE('',*,*,#2084,.T.);
#2149 = CONICAL_SURFACE('',#2150,30.198956369451,1.047197551197);
#2150 = AXIS2_PLACEMENT_3D('',#2151,#2152,#2153);
#2151 = CARTESIAN_POINT('',(31.757256642992,250.78780780501,
    -2.882989518228E-14));
#2152 = DIRECTION('',(9.51619735393E-17,-1.,2.22044604925E-16));
#2153 = DIRECTION('',(-1.,-9.51619735393E-17,-1.110223024625E-16));
#2154 = ADVANCED_FACE('',(#2155),#2174,.T.);
#2155 = FACE_BOUND('',#2156,.T.);
#2156 = EDGE_LOOP('',(#2157,#2158,#2159,#2167));
#2157 = ORIENTED_EDGE('',*,*,#1612,.T.);
#2158 = ORIENTED_EDGE('',*,*,#2118,.T.);
#2159 = ORIENTED_EDGE('',*,*,#2160,.T.);
#2160 = EDGE_CURVE('',#2111,#2161,#2163,.T.);
#2161 = VERTEX_POINT('',#2162);
#2162 = CARTESIAN_POINT('',(59.111415376172,251.53896569533,8.));
#2163 = LINE('',#2164,#2165);
#2164 = CARTESIAN_POINT('',(33.407778458267,251.53896569533,8.));
#2165 = VECTOR('',#2166,1.);
#2166 = DIRECTION('',(-1.,-9.51619735393E-17,-1.110223024625E-16));
#2167 = ORIENTED_EDGE('',*,*,#2168,.F.);
#2168 = EDGE_CURVE('',#1613,#2161,#2169,.T.);
#2169 = CIRCLE('',#2170,28.5);
#2170 = AXIS2_PLACEMENT_3D('',#2171,#2172,#2173);
#2171 = CARTESIAN_POINT('',(31.757256642992,251.53896569533,
    -2.899668573927E-14));
#2172 = DIRECTION('',(-9.51619735393E-17,1.,-2.22044604925E-16));
#2173 = DIRECTION('',(2.718345674302E-16,2.22044604925E-16,1.));
#2174 = PLANE('',#2175);
#2175 = AXIS2_PLACEMENT_3D('',#2176,#2177,#2178);
#2176 = CARTESIAN_POINT('',(3.558300273542,251.53896569533,
    -3.212739880245E-14));
#2177 = DIRECTION('',(-9.51619735393E-17,1.,-2.22044604925E-16));
#2178 = DIRECTION('',(1.110223024625E-16,-2.22044604925E-16,-1.));
#2179 = ADVANCED_FACE('',(#2180),#2199,.T.);
#2180 = FACE_BOUND('',#2181,.T.);
#2181 = EDGE_LOOP('',(#2182,#2183,#2192,#2198));
#2182 = ORIENTED_EDGE('',*,*,#1556,.T.);
#2183 = ORIENTED_EDGE('',*,*,#2184,.F.);
#2184 = EDGE_CURVE('',#2185,#1548,#2187,.T.);
#2185 = VERTEX_POINT('',#2186);
#2186 = CARTESIAN_POINT('',(4.715622077012,251.53896569533,9.));
#2187 = CIRCLE('',#2188,28.5);
#2188 = AXIS2_PLACEMENT_3D('',#2189,#2190,#2191);
#2189 = CARTESIAN_POINT('',(31.757256642992,251.53896569533,
    -2.899668573927E-14));
#2190 = DIRECTION('',(-9.51619735393E-17,1.,-2.22044604925E-16));
#2191 = DIRECTION('',(2.718345674302E-16,2.22044604925E-16,1.));
#2192 = ORIENTED_EDGE('',*,*,#2193,.T.);
#2193 = EDGE_CURVE('',#2185,#2135,#2194,.T.);
#2194 = LINE('',#2195,#2196);
#2195 = CARTESIAN_POINT('',(1.907778458272,251.53896569533,9.));
#2196 = VECTOR('',#2197,1.);
#2197 = DIRECTION('',(-1.,-9.51619735393E-17,-1.110223024625E-16));
#2198 = ORIENTED_EDGE('',*,*,#2134,.T.);
#2199 = PLANE('',#2200);
#2200 = AXIS2_PLACEMENT_3D('',#2201,#2202,#2203);
#2201 = CARTESIAN_POINT('',(3.558300273542,251.53896569533,
    -3.212739880245E-14));
#2202 = DIRECTION('',(-9.51619735393E-17,1.,-2.22044604925E-16));
#2203 = DIRECTION('',(1.110223024625E-16,-2.22044604925E-16,-1.));
#2204 = ADVANCED_FACE('',(#2205),#2272,.F.);
#2205 = FACE_BOUND('',#2206,.F.);
#2206 = EDGE_LOOP('',(#2207,#2208,#2219,#2234,#2243,#2258,#2269,#2270,
    #2271));
#2207 = ORIENTED_EDGE('',*,*,#2184,.F.);
#2208 = ORIENTED_EDGE('',*,*,#2209,.F.);
#2209 = EDGE_CURVE('',#2210,#2185,#2212,.T.);
#2210 = VERTEX_POINT('',#2211);
#2211 = CARTESIAN_POINT('',(5.257256622632,251.68081388858,9.));
#2212 = B_SPLINE_CURVE_WITH_KNOTS('',3,(#2213,#2214,#2215,#2216,#2217,
    #2218),.UNSPECIFIED.,.F.,.F.,(4,2,4),(0.402984191764,0.416777899897,
    0.456491738353),.UNSPECIFIED.);
#2213 = CARTESIAN_POINT('',(5.257256617692,251.68081389731,9.));
#2214 = CARTESIAN_POINT('',(5.213923003722,251.65626630069,9.));
#2215 = CARTESIAN_POINT('',(5.169560432672,251.63523531152,9.));
#2216 = CARTESIAN_POINT('',(5.004024225922,251.56883113452,9.));
#2217 = CARTESIAN_POINT('',(4.848001538532,251.53896569533,9.));
#2218 = CARTESIAN_POINT('',(4.715622077012,251.53896569533,9.));
#2219 = ORIENTED_EDGE('',*,*,#2220,.F.);
#2220 = EDGE_CURVE('',#2221,#2210,#2223,.T.);
#2221 = VERTEX_POINT('',#2222);
#2222 = CARTESIAN_POINT('',(5.257256642992,252.53896569533,
    7.348469228349));
#2223 = B_SPLINE_CURVE_WITH_KNOTS('',3,(#2224,#2225,#2226,#2227,#2228,
    #2229,#2230,#2231,#2232,#2233),.UNSPECIFIED.,.F.,.F.,(4,2,2,2,4),(
    0.595634646009,0.609033315118,0.628885344261,0.719927251361,
    0.781171082356),.UNSPECIFIED.);
#2224 = CARTESIAN_POINT('',(5.257256642992,252.53896569533,
    7.348469228349));
#2225 = CARTESIAN_POINT('',(5.257256642992,252.49430346497,
    7.348469228349));
#2226 = CARTESIAN_POINT('',(5.257256642992,252.44267302592,7.36284584502
    ));
#2227 = CARTESIAN_POINT('',(5.257256642992,252.34400386746,
    7.413332881793));
#2228 = CARTESIAN_POINT('',(5.257256642992,252.28497025628,
    7.466442972442));
#2229 = CARTESIAN_POINT('',(5.257256642992,252.04149209224,
    7.744574029136));
#2230 = CARTESIAN_POINT('',(5.257256642992,251.91944838896,
    8.087682461069));
#2231 = CARTESIAN_POINT('',(5.257256642992,251.77293753208,
    8.573698661304));
#2232 = CARTESIAN_POINT('',(5.257256642992,251.72244454008,8.78361246619
    ));
#2233 = CARTESIAN_POINT('',(5.257256642992,251.68081391083,
    9.000000004248));
#2234 = ORIENTED_EDGE('',*,*,#2235,.F.);
#2235 = EDGE_CURVE('',#2236,#2221,#2238,.T.);
#2236 = VERTEX_POINT('',#2237);
#2237 = CARTESIAN_POINT('',(58.257256642992,252.53896569533,
    7.348469228349));
#2238 = CIRCLE('',#2239,27.5);
#2239 = AXIS2_PLACEMENT_3D('',#2240,#2241,#2242);
#2240 = CARTESIAN_POINT('',(31.757256642992,252.53896569533,
    -2.92187303442E-14));
#2241 = DIRECTION('',(9.51619735393E-17,-1.,2.22044604925E-16));
#2242 = DIRECTION('',(2.718345674302E-16,2.22044604925E-16,1.));
#2243 = ORIENTED_EDGE('',*,*,#2244,.F.);
#2244 = EDGE_CURVE('',#2245,#2236,#2247,.T.);
#2245 = VERTEX_POINT('',#2246);
#2246 = CARTESIAN_POINT('',(58.257256642992,251.96485676318,8.));
#2247 = B_SPLINE_CURVE_WITH_KNOTS('',3,(#2248,#2249,#2250,#2251,#2252,
    #2253,#2254,#2255,#2256,#2257),.UNSPECIFIED.,.F.,.F.,(4,2,2,2,4),(
    0.50910326035,0.515246653719,0.571046484255,0.585019777294,
    0.595634646009),.UNSPECIFIED.);
#2248 = CARTESIAN_POINT('',(58.257256642992,251.96485676318,8.));
#2249 = CARTESIAN_POINT('',(58.257256642992,251.97271574065,
    7.980932711113));
#2250 = CARTESIAN_POINT('',(58.257256642992,251.98073066027,
    7.962008036748));
#2251 = CARTESIAN_POINT('',(58.257256642992,252.06324166638,
    7.772733484956));
#2252 = CARTESIAN_POINT('',(58.257256642992,252.16629203428,
    7.574747225125));
#2253 = CARTESIAN_POINT('',(58.257256642992,252.34025481958,
    7.420380626357));
#2254 = CARTESIAN_POINT('',(58.257256642992,252.38630191353,
    7.38869921489));
#2255 = CARTESIAN_POINT('',(58.257256642992,252.46209798608,
    7.357514517222));
#2256 = CARTESIAN_POINT('',(58.257256642992,252.50358279962,
    7.348469228349));
#2257 = CARTESIAN_POINT('',(58.257256642992,252.53896569533,
    7.348469228349));
#2258 = ORIENTED_EDGE('',*,*,#2259,.F.);
#2259 = EDGE_CURVE('',#2161,#2245,#2260,.T.);
#2260 = B_SPLINE_CURVE_WITH_KNOTS('',3,(#2261,#2262,#2263,#2264,#2265,
    #2266,#2267,#2268),.UNSPECIFIED.,.F.,.F.,(4,2,2,4),(0.151117092512,
    0.190226690992,0.22856884707,0.244538703929),.UNSPECIFIED.);
#2261 = CARTESIAN_POINT('',(59.111415376172,251.53896569533,8.));
#2262 = CARTESIAN_POINT('',(58.981050047905,251.53896569533,8.));
#2263 = CARTESIAN_POINT('',(58.827447301068,251.56861645006,8.));
#2264 = CARTESIAN_POINT('',(58.588070482056,251.66532108346,8.));
#2265 = CARTESIAN_POINT('',(58.459301145564,251.748630104,8.));
#2266 = CARTESIAN_POINT('',(58.329599372133,251.87493508087,8.));
#2267 = CARTESIAN_POINT('',(58.291489686026,251.91811786287,8.));
#2268 = CARTESIAN_POINT('',(58.257256642993,251.96485676318,8.));
#2269 = ORIENTED_EDGE('',*,*,#2168,.F.);
#2270 = ORIENTED_EDGE('',*,*,#1620,.F.);
#2271 = ORIENTED_EDGE('',*,*,#1547,.F.);
#2272 = TOROIDAL_SURFACE('',#2273,28.5,1.);
#2273 = AXIS2_PLACEMENT_3D('',#2274,#2275,#2276);
#2274 = CARTESIAN_POINT('',(31.757256642992,252.53896569533,
    -2.92187303442E-14));
#2275 = DIRECTION('',(-9.51619735393E-17,1.,-2.22044604925E-16));
#2276 = DIRECTION('',(1.144237745222E-17,2.22044604925E-16,1.));
#2277 = ADVANCED_FACE('',(#2278),#2297,.F.);
#2278 = FACE_BOUND('',#2279,.F.);
#2279 = EDGE_LOOP('',(#2280,#2288,#2289,#2290));
#2280 = ORIENTED_EDGE('',*,*,#2281,.T.);
#2281 = EDGE_CURVE('',#2282,#804,#2284,.T.);
#2282 = VERTEX_POINT('',#2283);
#2283 = CARTESIAN_POINT('',(31.757256642992,269.41396569533,-26.8));
#2284 = LINE('',#2285,#2286);
#2285 = CARTESIAN_POINT('',(31.757256642992,269.26396569533,-26.65));
#2286 = VECTOR('',#2287,1.);
#2287 = DIRECTION('',(-3.221094744259E-16,-0.707106781187,0.707106781187
    ));
#2288 = ORIENTED_EDGE('',*,*,#803,.F.);
#2289 = ORIENTED_EDGE('',*,*,#2281,.F.);
#2290 = ORIENTED_EDGE('',*,*,#2291,.F.);
#2291 = EDGE_CURVE('',#2282,#2282,#2292,.T.);
#2292 = CIRCLE('',#2293,5.);
#2293 = AXIS2_PLACEMENT_3D('',#2294,#2295,#2296);
#2294 = CARTESIAN_POINT('',(31.757256642992,264.41396569533,-26.8));
#2295 = DIRECTION('',(1.110223024625E-16,-2.22044604925E-16,-1.));
#2296 = DIRECTION('',(-2.22044604925E-16,-1.,2.22044604925E-16));
#2297 = CONICAL_SURFACE('',#2298,4.85,0.785398163397);
#2298 = AXIS2_PLACEMENT_3D('',#2299,#2300,#2301);
#2299 = CARTESIAN_POINT('',(31.757256642992,264.41396569533,-26.65));
#2300 = DIRECTION('',(1.110223024625E-16,-2.22044604925E-16,-1.));
#2301 = DIRECTION('',(-2.22044604925E-16,-1.,2.22044604925E-16));
#2302 = ADVANCED_FACE('',(#2303),#2315,.F.);
#2303 = FACE_BOUND('',#2304,.F.);
#2304 = EDGE_LOOP('',(#2305,#2306,#2312,#2313,#2314));
#2305 = ORIENTED_EDGE('',*,*,#1912,.T.);
#2306 = ORIENTED_EDGE('',*,*,#2307,.T.);
#2307 = EDGE_CURVE('',#1888,#2282,#2308,.T.);
#2308 = LINE('',#2309,#2310);
#2309 = CARTESIAN_POINT('',(31.757256642992,269.41396569533,-31.5));
#2310 = VECTOR('',#2311,1.);
#2311 = DIRECTION('',(-1.110223024625E-16,2.22044604925E-16,1.));
#2312 = ORIENTED_EDGE('',*,*,#2291,.T.);
#2313 = ORIENTED_EDGE('',*,*,#2307,.F.);
#2314 = ORIENTED_EDGE('',*,*,#1887,.T.);
#2315 = CYLINDRICAL_SURFACE('',#2316,5.);
#2316 = AXIS2_PLACEMENT_3D('',#2317,#2318,#2319);
#2317 = CARTESIAN_POINT('',(31.757256642992,264.41396569533,-31.5));
#2318 = DIRECTION('',(-1.110223024625E-16,2.22044604925E-16,1.));
#2319 = DIRECTION('',(-2.22044604925E-16,-1.,2.22044604925E-16));
#2320 = ADVANCED_FACE('',(#2321),#2442,.F.);
#2321 = FACE_BOUND('',#2322,.F.);
#2322 = EDGE_LOOP('',(#2323,#2346,#2354,#2371,#2400,#2401,#2423));
#2323 = ORIENTED_EDGE('',*,*,#2324,.T.);
#2324 = EDGE_CURVE('',#2325,#2327,#2329,.T.);
#2325 = VERTEX_POINT('',#2326);
#2326 = CARTESIAN_POINT('',(11.879982662942,277.45031392916,
    2.212233966302));
#2327 = VERTEX_POINT('',#2328);
#2328 = CARTESIAN_POINT('',(11.757439108862,284.16396569533,
    -8.543185118428E-02));
#2329 = B_SPLINE_CURVE_WITH_KNOTS('',3,(#2330,#2331,#2332,#2333,#2334,
    #2335,#2336,#2337,#2338,#2339,#2340,#2341,#2342,#2343,#2344,#2345),
  .UNSPECIFIED.,.F.,.F.,(4,2,2,2,2,2,2,4),(-1.462662682243,
    -1.416186372804,-1.274569993672,-1.13295361454,-0.991337235407,
    -0.849720856275,-0.708148538217,-0.566576220159),.UNSPECIFIED.);
#2330 = CARTESIAN_POINT('',(11.879982662942,277.45031392916,
    2.212233966302));
#2331 = CARTESIAN_POINT('',(11.894044466262,277.54826889973,
    2.33858150533));
#2332 = CARTESIAN_POINT('',(11.908436260092,277.65302853245,
    2.456914958686));
#2333 = CARTESIAN_POINT('',(11.965556831292,278.09448939869,
    2.898444100129));
#2334 = CARTESIAN_POINT('',(12.011843068452,278.51548149464,
    3.186912256245));
#2335 = CARTESIAN_POINT('',(12.077499306082,279.43914448069,
    3.570002616818));
#2336 = CARTESIAN_POINT('',(12.095849259932,279.94191109822,
    3.664568148816));
#2337 = CARTESIAN_POINT('',(12.095849259932,280.88602029244,
    3.664568148816));
#2338 = CARTESIAN_POINT('',(12.077499306082,281.38878690997,
    3.570002616818));
#2339 = CARTESIAN_POINT('',(12.011843068452,282.31244989602,
    3.186912256245));
#2340 = CARTESIAN_POINT('',(11.965556831292,282.73344199196,
    2.898444100129));
#2341 = CARTESIAN_POINT('',(11.879557209172,283.3980968944,
    2.233686403872));
#2342 = CARTESIAN_POINT('',(11.834198694232,283.68648732969,
    1.812727816273));
#2343 = CARTESIAN_POINT('',(11.771671628112,284.06945087969,
    0.889163521328));
#2344 = CARTESIAN_POINT('',(11.755423311322,284.16396569533,
    0.386471570324));
#2345 = CARTESIAN_POINT('',(11.757439108862,284.16396569533,
    -8.543185118428E-02));
#2346 = ORIENTED_EDGE('',*,*,#2347,.T.);
#2347 = EDGE_CURVE('',#2327,#2348,#2350,.T.);
#2348 = VERTEX_POINT('',#2349);
#2349 = CARTESIAN_POINT('',(8.079910768822,284.16396569533,
    -8.543186180335E-02));
#2350 = LINE('',#2351,#2352);
#2351 = CARTESIAN_POINT('',(-144.6104130461,284.16396569533,
    -8.54318511843E-02));
#2352 = VECTOR('',#2353,1.);
#2353 = DIRECTION('',(-1.,2.22044604925E-16,-1.110223024625E-16));
#2354 = ORIENTED_EDGE('',*,*,#2355,.T.);
#2355 = EDGE_CURVE('',#2348,#2356,#2358,.T.);
#2356 = VERTEX_POINT('',#2357);
#2357 = CARTESIAN_POINT('',(8.176729364852,280.44275710535,
    3.664457621148));
#2358 = B_SPLINE_CURVE_WITH_KNOTS('',3,(#2359,#2360,#2361,#2362,#2363,
    #2364,#2365,#2366,#2367,#2368,#2369,#2370),.UNSPECIFIED.,.F.,.F.,(4,
    2,2,2,2,4),(1.703072442689,1.70313956325,1.843834625372,
    1.984529687493,2.125056418175,2.265583148857),.UNSPECIFIED.);
#2359 = CARTESIAN_POINT('',(8.079910768782,284.16396569533,
    -8.543186180349E-02));
#2360 = CARTESIAN_POINT('',(8.079909961462,284.16396569533,
    -8.520811388932E-02));
#2361 = CARTESIAN_POINT('',(8.079909156342,284.1639656753,
    -8.498437304914E-02));
#2362 = CARTESIAN_POINT('',(8.078225290542,284.16388169251,0.38421987355
    ));
#2363 = CARTESIAN_POINT('',(8.087120770032,284.07044009552,
    0.884377102158));
#2364 = CARTESIAN_POINT('',(8.120427622582,283.6907565604,1.804799887721
    ));
#2365 = CARTESIAN_POINT('',(8.144058621902,283.40453463983,
    2.225101775216));
#2366 = CARTESIAN_POINT('',(8.182884350332,282.74442941879,
    2.889544115697));
#2367 = CARTESIAN_POINT('',(8.200561986632,282.326350452,3.17840800593)
  );
#2368 = CARTESIAN_POINT('',(8.209453029242,281.4094396691,3.564074630758
    ));
#2369 = CARTESIAN_POINT('',(8.199843825972,280.91059510849,
    3.660865591071));
#2370 = CARTESIAN_POINT('',(8.176729364852,280.44275710535,
    3.664457621148));
#2371 = ORIENTED_EDGE('',*,*,#2372,.T.);
#2372 = EDGE_CURVE('',#2356,#2348,#2373,.T.);
#2373 = B_SPLINE_CURVE_WITH_KNOTS('',3,(#2374,#2375,#2376,#2377,#2378,
    #2379,#2380,#2381,#2382,#2383,#2384,#2385,#2386,#2387,#2388,#2389,
    #2390,#2391,#2392,#2393,#2394,#2395,#2396,#2397,#2398,#2399),
  .UNSPECIFIED.,.F.,.F.,(4,2,2,2,2,2,2,2,2,2,2,2,4),(0.,0.142657322382,
    0.285314644764,0.427762050765,0.570209456766,0.712713234961,
    0.855217013156,0.997916999873,1.14061698659,1.281135433865,
    1.421653881139,1.562396722195,1.703072442689),.UNSPECIFIED.);
#2374 = CARTESIAN_POINT('',(8.176729364852,280.44275710535,
    3.664457621148));
#2375 = CARTESIAN_POINT('',(8.153264454542,279.96782599072,
    3.668104111678));
#2376 = CARTESIAN_POINT('',(8.112800073862,279.4619823631,3.576326197572
    ));
#2377 = CARTESIAN_POINT('',(8.011580209452,278.53197370315,
    3.196770343365));
#2378 = CARTESIAN_POINT('',(7.951665037632,278.10769271325,
    2.909052911106));
#2379 = CARTESIAN_POINT('',(7.846113153742,277.43735278817,2.24372097419
    ));
#2380 = CARTESIAN_POINT('',(7.793510147652,277.14624948345,
    1.821652952666));
#2381 = CARTESIAN_POINT('',(7.721664311202,276.75947934736,
    0.894196306161));
#2382 = CARTESIAN_POINT('',(7.703206736962,276.66388076715,0.38871855832
    ));
#2383 = CARTESIAN_POINT('',(7.706615461842,276.66405077728,
    -0.561112590575));
#2384 = CARTESIAN_POINT('',(7.728714966912,276.75989489024,
    -1.066596370421));
#2385 = CARTESIAN_POINT('',(7.807258372542,277.14703038843,
    -1.993847647111));
#2386 = CARTESIAN_POINT('',(7.862918573812,277.43824894676,
    -2.415711764034));
#2387 = CARTESIAN_POINT('',(7.973309058772,278.10867013757,
    -3.080648106989));
#2388 = CARTESIAN_POINT('',(8.035338488152,278.53296840256,
    -3.368203740395));
#2389 = CARTESIAN_POINT('',(8.139375526592,279.46308613958,
    -3.747476267307));
#2390 = CARTESIAN_POINT('',(8.180538029692,279.96902633606,
    -3.83912843462));
#2391 = CARTESIAN_POINT('',(8.227069345812,280.91190991394,
    -3.831551481195));
#2392 = CARTESIAN_POINT('',(8.235955209292,281.41068504351,
    -3.734589486213));
#2393 = CARTESIAN_POINT('',(8.224211850952,282.32734993687,
    -3.348675904216));
#2394 = CARTESIAN_POINT('',(8.204409264382,282.74525621665,
    -3.059738836283));
#2395 = CARTESIAN_POINT('',(8.160731551642,283.4051401375,-2.39519216983
    ));
#2396 = CARTESIAN_POINT('',(8.134043994422,283.69126385742,
    -1.974797530281));
#2397 = CARTESIAN_POINT('',(8.094094326572,284.07063964349,
    -1.054392750777));
#2398 = CARTESIAN_POINT('',(8.081602804022,284.163965694,-0.55437757147)
  );
#2399 = CARTESIAN_POINT('',(8.079910768782,284.16396569533,
    -8.543186180349E-02));
#2400 = ORIENTED_EDGE('',*,*,#2347,.F.);
#2401 = ORIENTED_EDGE('',*,*,#2402,.T.);
#2402 = EDGE_CURVE('',#2327,#2403,#2405,.T.);
#2403 = VERTEX_POINT('',#2404);
#2404 = CARTESIAN_POINT('',(11.899743064972,277.45031392916,
    -2.383097668671));
#2405 = B_SPLINE_CURVE_WITH_KNOTS('',3,(#2406,#2407,#2408,#2409,#2410,
    #2411,#2412,#2413,#2414,#2415,#2416,#2417,#2418,#2419,#2420,#2421,
    #2422),.UNSPECIFIED.,.F.,.F.,(4,2,2,2,3,2,2,4),(-0.566576220159,
    -0.424914794782,-0.283253369405,-0.141626684702,0.,0.141626684702,
    0.283253369405,0.32981490191),.UNSPECIFIED.);
#2406 = CARTESIAN_POINT('',(11.757439108862,284.16396569533,
    -8.543185118428E-02));
#2407 = CARTESIAN_POINT('',(11.759456175162,284.16396569533,
    -0.557632294378));
#2408 = CARTESIAN_POINT('',(11.780021076422,284.06934439418,
    -1.060461771625));
#2409 = CARTESIAN_POINT('',(11.850527528312,283.68620236979,
    -1.984100808389));
#2410 = CARTESIAN_POINT('',(11.899551150052,283.39774551778,
    -2.405006701731));
#2411 = CARTESIAN_POINT('',(11.991361694952,282.7331386813,
    -3.069505888416));
#2412 = CARTESIAN_POINT('',(12.040191570382,282.31228324136,
    -3.357857679192));
#2413 = CARTESIAN_POINT('',(12.109256897372,281.3887922808,
    -3.740851489091));
#2414 = CARTESIAN_POINT('',(12.128464970692,280.88605464434,
    -3.835431851184));
#2415 = CARTESIAN_POINT('',(12.128464970692,280.41396569533,
    -3.835431851184));
#2416 = CARTESIAN_POINT('',(12.128464970692,279.94187674632,
    -3.835431851184));
#2417 = CARTESIAN_POINT('',(12.109256897372,279.43913910986,
    -3.740851489091));
#2418 = CARTESIAN_POINT('',(12.040191570382,278.51564814929,
    -3.357857679192));
#2419 = CARTESIAN_POINT('',(11.991361694952,278.09479270936,
    -3.069505888416));
#2420 = CARTESIAN_POINT('',(11.930371974062,277.65329456223,
    -2.628079253026));
#2421 = CARTESIAN_POINT('',(11.914925209362,277.54839288538,
    -2.509605130994));
#2422 = CARTESIAN_POINT('',(11.899743064972,277.45031392916,
    -2.383097668671));
#2423 = ORIENTED_EDGE('',*,*,#2424,.T.);
#2424 = EDGE_CURVE('',#2403,#2325,#2425,.T.);
#2425 = B_SPLINE_CURVE_WITH_KNOTS('',3,(#2426,#2427,#2428,#2429,#2430,
    #2431,#2432,#2433,#2434,#2435,#2436,#2437,#2438,#2439,#2440,#2441),
  .UNSPECIFIED.,.F.,.F.,(4,2,2,2,2,2,2,4),(-0.495943263466,
    -0.377325285593,-0.305980357368,-0.268148840505,-0.237730435239,
    -0.203714016677,-0.1485497902,-1.036738856034E-05),.UNSPECIFIED.);
#2426 = CARTESIAN_POINT('',(11.899743064972,277.45031392916,
    -2.383097668671));
#2427 = CARTESIAN_POINT('',(11.862404350772,277.2091001705,
    -2.071967313502));
#2428 = CARTESIAN_POINT('',(11.838841478422,277.01783732635,
    -1.724020445755));
#2429 = CARTESIAN_POINT('',(11.813634727032,276.80407730011,
    -1.128359937056));
#2430 = CARTESIAN_POINT('',(11.807096155202,276.74520998975,
    -0.897404713343));
#2431 = CARTESIAN_POINT('',(11.800375304352,276.68921232693,
    -0.537779196119));
#2432 = CARTESIAN_POINT('',(11.798664034412,276.67610525797,
    -0.412248843175));
#2433 = CARTESIAN_POINT('',(11.796600465942,276.66391669181,
    -0.185022054185));
#2434 = CARTESIAN_POINT('',(11.796049388742,276.66259487044,
    -8.356510613585E-02));
#2435 = CARTESIAN_POINT('',(11.795657895132,276.6685102386,
    0.131195393418));
#2436 = CARTESIAN_POINT('',(11.795908868312,276.67677545215,
    0.244374869199));
#2437 = CARTESIAN_POINT('',(11.797840699872,276.71185665021,
    0.539642491296));
#2438 = CARTESIAN_POINT('',(11.800299522092,276.74696601322,
    0.720438255519));
#2439 = CARTESIAN_POINT('',(11.815141674532,276.92501868406,
    1.375702062947));
#2440 = CARTESIAN_POINT('',(11.836599973112,277.14810872782,
    1.822433599398));
#2441 = CARTESIAN_POINT('',(11.879982662942,277.45031392916,
    2.212233966302));
#2442 = CYLINDRICAL_SURFACE('',#2443,3.75);
#2443 = AXIS2_PLACEMENT_3D('',#2444,#2445,#2446);
#2444 = CARTESIAN_POINT('',(-144.6104130461,280.41396569533,
    -8.54318511843E-02));
#2445 = DIRECTION('',(-1.,2.22044604925E-16,-1.110223024625E-16));
#2446 = DIRECTION('',(-2.22044604925E-16,-1.,2.22044604925E-16));
#2447 = ADVANCED_FACE('',(#2448),#2563,.F.);
#2448 = FACE_BOUND('',#2449,.F.);
#2449 = EDGE_LOOP('',(#2450,#2461,#2469,#2478,#2500,#2509,#2516,#2517,
    #2518,#2527,#2546,#2547,#2556));
#2450 = ORIENTED_EDGE('',*,*,#2451,.T.);
#2451 = EDGE_CURVE('',#2452,#2454,#2456,.T.);
#2452 = VERTEX_POINT('',#2453);
#2453 = CARTESIAN_POINT('',(31.757256642992,288.33153013003,-20.));
#2454 = VERTEX_POINT('',#2455);
#2455 = CARTESIAN_POINT('',(51.757256642992,288.33153013003,
    -3.249653652581E-14));
#2456 = CIRCLE('',#2457,20.);
#2457 = AXIS2_PLACEMENT_3D('',#2458,#2459,#2460);
#2458 = CARTESIAN_POINT('',(31.757256642992,288.33153013003,
    -3.716627617336E-14));
#2459 = DIRECTION('',(-2.22044604925E-16,-1.,2.22044604925E-16));
#2460 = DIRECTION('',(-1.,2.22044604925E-16,-1.110223024625E-16));
#2461 = ORIENTED_EDGE('',*,*,#2462,.T.);
#2462 = EDGE_CURVE('',#2454,#2463,#2465,.T.);
#2463 = VERTEX_POINT('',#2464);
#2464 = CARTESIAN_POINT('',(51.757256642992,284.1629924222,
    -3.791005498172E-15));
#2465 = LINE('',#2466,#2467);
#2466 = CARTESIAN_POINT('',(51.757256642992,282.89092202959,
    -3.12884788496E-14));
#2467 = VECTOR('',#2468,1.);
#2468 = DIRECTION('',(-2.22044604925E-16,-1.,2.22044604925E-16));
#2469 = ORIENTED_EDGE('',*,*,#2470,.T.);
#2470 = EDGE_CURVE('',#2463,#2471,#2473,.T.);
#2471 = VERTEX_POINT('',#2472);
#2472 = CARTESIAN_POINT('',(51.75707417713,284.16396569533,
    -8.543185118428E-02));
#2473 = B_SPLINE_CURVE_WITH_KNOTS('',3,(#2474,#2475,#2476,#2477),
  .UNSPECIFIED.,.F.,.F.,(4,4),(-0.575087531056,-0.566576220159),
  .PIECEWISE_BEZIER_KNOTS.);
#2474 = CARTESIAN_POINT('',(51.757256642992,284.1629924222,
    2.40332598664E-14));
#2475 = CARTESIAN_POINT('',(51.757256642992,284.16364366219,
    -2.857852316387E-02));
#2476 = CARTESIAN_POINT('',(51.757195366637,284.16396569533,
    -5.70610736964E-02));
#2477 = CARTESIAN_POINT('',(51.75707417713,284.16396569533,
    -8.543185118428E-02));
#2478 = ORIENTED_EDGE('',*,*,#2479,.T.);
#2479 = EDGE_CURVE('',#2471,#2480,#2482,.T.);
#2480 = VERTEX_POINT('',#2481);
#2481 = CARTESIAN_POINT('',(51.61477022102,277.45031392916,
    -2.383097668671));
#2482 = B_SPLINE_CURVE_WITH_KNOTS('',3,(#2483,#2484,#2485,#2486,#2487,
    #2488,#2489,#2490,#2491,#2492,#2493,#2494,#2495,#2496,#2497,#2498,
    #2499),.UNSPECIFIED.,.F.,.F.,(4,2,2,2,3,2,2,4),(-0.566576220159,
    -0.424914794782,-0.283253369405,-0.141626684702,0.,0.141626684702,
    0.283253369405,0.32981490191),.UNSPECIFIED.);
#2483 = CARTESIAN_POINT('',(51.75707417713,284.16396569533,
    -8.543185118428E-02));
#2484 = CARTESIAN_POINT('',(51.755057110828,284.16396569533,
    -0.557632294378));
#2485 = CARTESIAN_POINT('',(51.734492209567,284.06934439418,
    -1.060461771625));
#2486 = CARTESIAN_POINT('',(51.663985757682,283.68620236979,
    -1.984100808389));
#2487 = CARTESIAN_POINT('',(51.614962135936,283.39774551778,
    -2.405006701731));
#2488 = CARTESIAN_POINT('',(51.523151591036,282.7331386813,
    -3.069505888416));
#2489 = CARTESIAN_POINT('',(51.474321715605,282.31228324136,
    -3.357857679192));
#2490 = CARTESIAN_POINT('',(51.405256388617,281.3887922808,
    -3.740851489091));
#2491 = CARTESIAN_POINT('',(51.386048315301,280.88605464434,
    -3.835431851184));
#2492 = CARTESIAN_POINT('',(51.386048315301,280.41396569533,
    -3.835431851184));
#2493 = CARTESIAN_POINT('',(51.386048315301,279.94187674632,
    -3.835431851184));
#2494 = CARTESIAN_POINT('',(51.405256388617,279.43913910986,
    -3.740851489091));
#2495 = CARTESIAN_POINT('',(51.474321715605,278.51564814929,
    -3.357857679192));
#2496 = CARTESIAN_POINT('',(51.523151591036,278.09479270936,
    -3.069505888416));
#2497 = CARTESIAN_POINT('',(51.584141311928,277.65329456223,
    -2.628079253026));
#2498 = CARTESIAN_POINT('',(51.599588076622,277.54839288538,
    -2.509605130994));
#2499 = CARTESIAN_POINT('',(51.61477022102,277.45031392916,
    -2.383097668671));
#2500 = ORIENTED_EDGE('',*,*,#2501,.F.);
#2501 = EDGE_CURVE('',#2502,#2480,#2504,.T.);
#2502 = VERTEX_POINT('',#2503);
#2503 = CARTESIAN_POINT('',(31.757256642992,277.45031392916,-20.));
#2504 = CIRCLE('',#2505,20.);
#2505 = AXIS2_PLACEMENT_3D('',#2506,#2507,#2508);
#2506 = CARTESIAN_POINT('',(31.757256642992,277.45031392916,
    -3.475016082093E-14));
#2507 = DIRECTION('',(-2.22044604925E-16,-1.,2.22044604925E-16));
#2508 = DIRECTION('',(-1.,2.22044604925E-16,-1.110223024625E-16));
#2509 = ORIENTED_EDGE('',*,*,#2510,.F.);
#2510 = EDGE_CURVE('',#2403,#2502,#2511,.T.);
#2511 = CIRCLE('',#2512,20.);
#2512 = AXIS2_PLACEMENT_3D('',#2513,#2514,#2515);
#2513 = CARTESIAN_POINT('',(31.757256642992,277.45031392916,
    -3.475016082093E-14));
#2514 = DIRECTION('',(-2.22044604925E-16,-1.,2.22044604925E-16));
#2515 = DIRECTION('',(-1.,2.22044604925E-16,-1.110223024625E-16));
#2516 = ORIENTED_EDGE('',*,*,#2402,.F.);
#2517 = ORIENTED_EDGE('',*,*,#2324,.F.);
#2518 = ORIENTED_EDGE('',*,*,#2519,.F.);
#2519 = EDGE_CURVE('',#2520,#2325,#2522,.T.);
#2520 = VERTEX_POINT('',#2521);
#2521 = CARTESIAN_POINT('',(51.634530623051,277.45031392916,
    2.212233966302));
#2522 = CIRCLE('',#2523,20.);
#2523 = AXIS2_PLACEMENT_3D('',#2524,#2525,#2526);
#2524 = CARTESIAN_POINT('',(31.757256642992,277.45031392916,
    -3.475016082093E-14));
#2525 = DIRECTION('',(-2.22044604925E-16,-1.,2.22044604925E-16));
#2526 = DIRECTION('',(-1.,2.22044604925E-16,-1.110223024625E-16));
#2527 = ORIENTED_EDGE('',*,*,#2528,.T.);
#2528 = EDGE_CURVE('',#2520,#2463,#2529,.T.);
#2529 = B_SPLINE_CURVE_WITH_KNOTS('',3,(#2530,#2531,#2532,#2533,#2534,
    #2535,#2536,#2537,#2538,#2539,#2540,#2541,#2542,#2543,#2544,#2545),
  .UNSPECIFIED.,.F.,.F.,(4,2,2,2,2,2,2,4),(-1.46266268228,
    -1.416186372804,-1.274569993672,-1.13295361454,-0.991337235407,
    -0.849720856275,-0.708148538217,-0.575087531056),.UNSPECIFIED.);
#2530 = CARTESIAN_POINT('',(51.634530623051,277.45031392916,
    2.212233966302));
#2531 = CARTESIAN_POINT('',(51.620468819729,277.54826889969,
    2.33858150528));
#2532 = CARTESIAN_POINT('',(51.606077025904,277.65302853237,
    2.456914958599));
#2533 = CARTESIAN_POINT('',(51.548956454695,278.09448939869,
    2.898444100129));
#2534 = CARTESIAN_POINT('',(51.502670217538,278.51548149464,
    3.186912256245));
#2535 = CARTESIAN_POINT('',(51.437013979911,279.43914448069,
    3.570002616818));
#2536 = CARTESIAN_POINT('',(51.418664026053,279.94191109822,
    3.664568148816));
#2537 = CARTESIAN_POINT('',(51.418664026053,280.88602029244,
    3.664568148816));
#2538 = CARTESIAN_POINT('',(51.437013979911,281.38878690997,
    3.570002616818));
#2539 = CARTESIAN_POINT('',(51.502670217538,282.31244989602,
    3.186912256245));
#2540 = CARTESIAN_POINT('',(51.548956454695,282.73344199196,
    2.898444100129));
#2541 = CARTESIAN_POINT('',(51.634956076813,283.3980968944,
    2.233686403872));
#2542 = CARTESIAN_POINT('',(51.680314591758,283.68648732969,
    1.812727816273));
#2543 = CARTESIAN_POINT('',(51.740962097989,284.05793901819,
    0.916925809027));
#2544 = CARTESIAN_POINT('',(51.757256642992,284.15281130552,
    0.446780422091));
#2545 = CARTESIAN_POINT('',(51.757256642992,284.1629924222,
    2.398892422101E-14));
#2546 = ORIENTED_EDGE('',*,*,#2462,.F.);
#2547 = ORIENTED_EDGE('',*,*,#2548,.T.);
#2548 = EDGE_CURVE('',#2454,#2549,#2551,.T.);
#2549 = VERTEX_POINT('',#2550);
#2550 = CARTESIAN_POINT('',(11.757256642992,288.33153013003,
    -3.938672222261E-14));
#2551 = CIRCLE('',#2552,20.);
#2552 = AXIS2_PLACEMENT_3D('',#2553,#2554,#2555);
#2553 = CARTESIAN_POINT('',(31.757256642992,288.33153013003,
    -3.716627617336E-14));
#2554 = DIRECTION('',(-2.22044604925E-16,-1.,2.22044604925E-16));
#2555 = DIRECTION('',(-1.,2.22044604925E-16,-1.110223024625E-16));
#2556 = ORIENTED_EDGE('',*,*,#2557,.T.);
#2557 = EDGE_CURVE('',#2549,#2452,#2558,.T.);
#2558 = CIRCLE('',#2559,20.);
#2559 = AXIS2_PLACEMENT_3D('',#2560,#2561,#2562);
#2560 = CARTESIAN_POINT('',(31.757256642992,288.33153013003,
    -3.716627617336E-14));
#2561 = DIRECTION('',(-2.22044604925E-16,-1.,2.22044604925E-16));
#2562 = DIRECTION('',(-1.,2.22044604925E-16,-1.110223024625E-16));
#2563 = CYLINDRICAL_SURFACE('',#2564,20.);
#2564 = AXIS2_PLACEMENT_3D('',#2565,#2566,#2567);
#2565 = CARTESIAN_POINT('',(31.757256642992,282.89092202959,
    -3.595821849714E-14));
#2566 = DIRECTION('',(-2.22044604925E-16,-1.,2.22044604925E-16));
#2567 = DIRECTION('',(-1.,2.22044604925E-16,-1.110223024625E-16));
#2568 = ADVANCED_FACE('',(#2569),#2635,.F.);
#2569 = FACE_BOUND('',#2570,.F.);
#2570 = EDGE_LOOP('',(#2571,#2572,#2581,#2590,#2599,#2606,#2607,#2608,
    #2633,#2634));
#2571 = ORIENTED_EDGE('',*,*,#2510,.T.);
#2572 = ORIENTED_EDGE('',*,*,#2573,.T.);
#2573 = EDGE_CURVE('',#2502,#2574,#2576,.T.);
#2574 = VERTEX_POINT('',#2575);
#2575 = CARTESIAN_POINT('',(31.757256642992,271.41396569533,-17.25));
#2576 = CIRCLE('',#2577,8.);
#2577 = AXIS2_PLACEMENT_3D('',#2578,#2579,#2580);
#2578 = CARTESIAN_POINT('',(31.757256642992,277.45031392916,-12.));
#2579 = DIRECTION('',(-1.,2.22044604925E-16,-2.334869823773E-16));
#2580 = DIRECTION('',(2.334869823773E-16,-2.22044604925E-16,-1.));
#2581 = ORIENTED_EDGE('',*,*,#2582,.F.);
#2582 = EDGE_CURVE('',#2583,#2574,#2585,.T.);
#2583 = VERTEX_POINT('',#2584);
#2584 = CARTESIAN_POINT('',(14.507256642992,271.41396569533,
    -3.532495697964E-14));
#2585 = CIRCLE('',#2586,17.25);
#2586 = AXIS2_PLACEMENT_3D('',#2587,#2588,#2589);
#2587 = CARTESIAN_POINT('',(31.757256642992,271.41396569533,
    -3.340982226216E-14));
#2588 = DIRECTION('',(-2.22044604925E-16,-1.,2.22044604925E-16));
#2589 = DIRECTION('',(-1.,2.22044604925E-16,-1.110223024625E-16));
#2590 = ORIENTED_EDGE('',*,*,#2591,.F.);
#2591 = EDGE_CURVE('',#2592,#2583,#2594,.T.);
#2592 = VERTEX_POINT('',#2593);
#2593 = CARTESIAN_POINT('',(49.007256642992,271.41396569533,
    -2.938217181615E-14));
#2594 = CIRCLE('',#2595,17.25);
#2595 = AXIS2_PLACEMENT_3D('',#2596,#2597,#2598);
#2596 = CARTESIAN_POINT('',(31.757256642992,271.41396569533,
    -3.340982226216E-14));
#2597 = DIRECTION('',(-2.22044604925E-16,-1.,2.22044604925E-16));
#2598 = DIRECTION('',(-1.,2.22044604925E-16,-1.110223024625E-16));
#2599 = ORIENTED_EDGE('',*,*,#2600,.F.);
#2600 = EDGE_CURVE('',#2574,#2592,#2601,.T.);
#2601 = CIRCLE('',#2602,17.25);
#2602 = AXIS2_PLACEMENT_3D('',#2603,#2604,#2605);
#2603 = CARTESIAN_POINT('',(31.757256642992,271.41396569533,
    -3.340982226216E-14));
#2604 = DIRECTION('',(-2.22044604925E-16,-1.,2.22044604925E-16));
#2605 = DIRECTION('',(-1.,2.22044604925E-16,-1.110223024625E-16));
#2606 = ORIENTED_EDGE('',*,*,#2573,.F.);
#2607 = ORIENTED_EDGE('',*,*,#2501,.T.);
#2608 = ORIENTED_EDGE('',*,*,#2609,.T.);
#2609 = EDGE_CURVE('',#2480,#2520,#2610,.T.);
#2610 = B_SPLINE_CURVE_WITH_KNOTS('',3,(#2611,#2612,#2613,#2614,#2615,
    #2616,#2617,#2618,#2619,#2620,#2621,#2622,#2623,#2624,#2625,#2626,
    #2627,#2628,#2629,#2630,#2631,#2632),.UNSPECIFIED.,.F.,.F.,(4,2,2,2,
    2,2,2,2,2,2,4),(0.,7.322094083321E-02,0.187876022192,0.22169322022,
    0.238720041372,0.252206146551,0.267253991647,0.292055325575,
    0.341637124928,0.424025115315,0.495550891231),.UNSPECIFIED.);
#2611 = CARTESIAN_POINT('',(51.61477022102,277.45031392916,
    -2.383097668671));
#2612 = CARTESIAN_POINT('',(51.637815518122,277.30143781348,
    -2.191069324169));
#2613 = CARTESIAN_POINT('',(51.655594237289,277.17134364966,
    -1.984715194736));
#2614 = CARTESIAN_POINT('',(51.691509030953,276.89099477395,
    -1.425865277032));
#2615 = CARTESIAN_POINT('',(51.704154166126,276.77277138331,
    -1.060249053444));
#2616 = CARTESIAN_POINT('',(51.713561986289,276.69391392408,
    -0.571663835941));
#2617 = CARTESIAN_POINT('',(51.715207515137,276.68097803966,
    -0.459615138545));
#2618 = CARTESIAN_POINT('',(51.716993577413,276.66914817861,
    -0.290526578757));
#2619 = CARTESIAN_POINT('',(51.717474937932,276.66647266304,
    -0.233817423095));
#2620 = CARTESIAN_POINT('',(51.718131888413,276.66398681818,
    -0.132121416145));
#2621 = CARTESIAN_POINT('',(51.71835015314,276.66369656084,
    -8.715705635926E-02));
#2622 = CARTESIAN_POINT('',(51.718659539865,276.66479331158,
    7.966820248988E-03));
#2623 = CARTESIAN_POINT('',(51.71873300399,276.66637834205,
    5.811580738896E-02));
#2624 = CARTESIAN_POINT('',(51.718687006453,276.67323895791,
    0.190793612901));
#2625 = CARTESIAN_POINT('',(51.718412172232,276.68023898229,
    0.273206638884));
#2626 = CARTESIAN_POINT('',(51.716811661071,276.70938537262,
    0.519471912982));
#2627 = CARTESIAN_POINT('',(51.714721399783,276.73964705047,
    0.682159053052));
#2628 = CARTESIAN_POINT('',(51.705881772484,276.84847124177,
    1.108370581745));
#2629 = CARTESIAN_POINT('',(51.697034439649,276.94541715172,
    1.366089477993));
#2630 = CARTESIAN_POINT('',(51.671172271019,277.17720113964,
    1.823118864188));
#2631 = CARTESIAN_POINT('',(51.655422500549,277.30478044402,
    2.024517124726));
#2632 = CARTESIAN_POINT('',(51.634530623051,277.45031392916,
    2.212233966302));
#2633 = ORIENTED_EDGE('',*,*,#2519,.T.);
#2634 = ORIENTED_EDGE('',*,*,#2424,.F.);
#2635 = TOROIDAL_SURFACE('',#2636,12.,8.);
#2636 = AXIS2_PLACEMENT_3D('',#2637,#2638,#2639);
#2637 = CARTESIAN_POINT('',(31.757256642992,277.45031392916,
    -3.475016082093E-14));
#2638 = DIRECTION('',(-2.22044604925E-16,-1.,2.22044604925E-16));
#2639 = DIRECTION('',(-1.110223024625E-16,2.22044604925E-16,1.));
#2640 = ADVANCED_FACE('',(#2641),#2675,.F.);
#2641 = FACE_BOUND('',#2642,.F.);
#2642 = EDGE_LOOP('',(#2643,#2668));
#2643 = ORIENTED_EDGE('',*,*,#2644,.T.);
#2644 = EDGE_CURVE('',#2645,#2647,#2649,.T.);
#2645 = VERTEX_POINT('',#2646);
#2646 = CARTESIAN_POINT('',(25.029870277383,179.41396569533,-20.));
#2647 = VERTEX_POINT('',#2648);
#2648 = CARTESIAN_POINT('',(18.484643008602,179.41396569533,-20.));
#2649 = B_SPLINE_CURVE_WITH_KNOTS('',3,(#2650,#2651,#2652,#2653,#2654,
    #2655,#2656,#2657,#2658,#2659,#2660,#2661,#2662,#2663,#2664,#2665,
    #2666,#2667),.UNSPECIFIED.,.F.,.F.,(4,2,2,2,2,2,2,2,4),(0.,
    0.381708706303,0.507184875533,0.597135662323,0.674743883216,
    0.75235210411,0.8423028909,0.96777906013,1.349487766433),
  .UNSPECIFIED.);
#2650 = CARTESIAN_POINT('',(25.029870277383,179.41396569533,-20.));
#2651 = CARTESIAN_POINT('',(25.029870277383,178.14160334099,-20.));
#2652 = CARTESIAN_POINT('',(24.812326346899,176.63034584413,-20.));
#2653 = CARTESIAN_POINT('',(23.99518704741,175.15032331863,-20.));
#2654 = CARTESIAN_POINT('',(23.692476533495,174.74998015398,-20.));
#2655 = CARTESIAN_POINT('',(23.1495733013,174.27997045405,-20.));
#2656 = CARTESIAN_POINT('',(22.843857491122,174.09024394533,-20.));
#2657 = CARTESIAN_POINT('',(22.321022030022,173.89377799377,-20.));
#2658 = CARTESIAN_POINT('',(22.015950712637,173.83633178838,-20.));
#2659 = CARTESIAN_POINT('',(21.498562573352,173.83633178838,-20.));
#2660 = CARTESIAN_POINT('',(21.193491255962,173.89377799377,-20.));
#2661 = CARTESIAN_POINT('',(20.670655794862,174.09024394533,-20.));
#2662 = CARTESIAN_POINT('',(20.364939984692,174.27997045405,-20.));
#2663 = CARTESIAN_POINT('',(19.822036752492,174.74998015398,-20.));
#2664 = CARTESIAN_POINT('',(19.519326238582,175.15032331863,-20.));
#2665 = CARTESIAN_POINT('',(18.702186939092,176.63034584413,-20.));
#2666 = CARTESIAN_POINT('',(18.484643008602,178.14160334099,-20.));
#2667 = CARTESIAN_POINT('',(18.484643008602,179.41396569533,-20.));
#2668 = ORIENTED_EDGE('',*,*,#2669,.F.);
#2669 = EDGE_CURVE('',#2645,#2647,#2670,.T.);
#2670 = CIRCLE('',#2671,4.);
#2671 = AXIS2_PLACEMENT_3D('',#2672,#2673,#2674);
#2672 = CARTESIAN_POINT('',(21.757256642992,179.41396569533,-17.7));
#2673 = DIRECTION('',(-9.51619735393E-17,1.,-2.22044604925E-16));
#2674 = DIRECTION('',(-2.824900807102E-15,2.22044604925E-16,1.));
#2675 = TOROIDAL_SURFACE('',#2676,6.,4.);
#2676 = AXIS2_PLACEMENT_3D('',#2677,#2678,#2679);
#2677 = CARTESIAN_POINT('',(21.757256642992,179.41396569533,-11.7));
#2678 = DIRECTION('',(-1.,-1.110223024625E-16,-2.824900807102E-15));
#2679 = DIRECTION('',(-2.824900807102E-15,2.22044604925E-16,1.));
#2680 = ADVANCED_FACE('',(#2681),#2715,.F.);
#2681 = FACE_BOUND('',#2682,.F.);
#2682 = EDGE_LOOP('',(#2683,#2708));
#2683 = ORIENTED_EDGE('',*,*,#2684,.T.);
#2684 = EDGE_CURVE('',#2685,#2687,#2689,.T.);
#2685 = VERTEX_POINT('',#2686);
#2686 = CARTESIAN_POINT('',(18.484643008602,185.41396569533,-20.));
#2687 = VERTEX_POINT('',#2688);
#2688 = CARTESIAN_POINT('',(25.029870277383,185.41396569533,-20.));
#2689 = B_SPLINE_CURVE_WITH_KNOTS('',3,(#2690,#2691,#2692,#2693,#2694,
    #2695,#2696,#2697,#2698,#2699,#2700,#2701,#2702,#2703,#2704,#2705,
    #2706,#2707),.UNSPECIFIED.,.F.,.F.,(4,2,2,2,2,2,2,2,4),(
    1.349487766433,1.731196472736,1.856672641966,1.946623428756,
    2.024231649649,2.101839870543,2.191790657333,2.317266826563,
    2.698975532866),.UNSPECIFIED.);
#2690 = CARTESIAN_POINT('',(18.484643008602,185.41396569533,-20.));
#2691 = CARTESIAN_POINT('',(18.484643008602,186.68632804968,-20.));
#2692 = CARTESIAN_POINT('',(18.702186939092,188.19758554653,-20.));
#2693 = CARTESIAN_POINT('',(19.519326238582,189.67760807204,-20.));
#2694 = CARTESIAN_POINT('',(19.822036752492,190.07795123668,-20.));
#2695 = CARTESIAN_POINT('',(20.364939984692,190.54796093661,-20.));
#2696 = CARTESIAN_POINT('',(20.670655794862,190.73768744533,-20.));
#2697 = CARTESIAN_POINT('',(21.193491255962,190.9341533969,-20.));
#2698 = CARTESIAN_POINT('',(21.498562573352,190.99159960229,-20.));
#2699 = CARTESIAN_POINT('',(22.015950712637,190.99159960229,-20.));
#2700 = CARTESIAN_POINT('',(22.321022030022,190.9341533969,-20.));
#2701 = CARTESIAN_POINT('',(22.843857491122,190.73768744533,-20.));
#2702 = CARTESIAN_POINT('',(23.1495733013,190.54796093661,-20.));
#2703 = CARTESIAN_POINT('',(23.692476533495,190.07795123668,-20.));
#2704 = CARTESIAN_POINT('',(23.99518704741,189.67760807204,-20.));
#2705 = CARTESIAN_POINT('',(24.812326346899,188.19758554653,-20.));
#2706 = CARTESIAN_POINT('',(25.029870277383,186.68632804968,-20.));
#2707 = CARTESIAN_POINT('',(25.029870277383,185.41396569533,-20.));
#2708 = ORIENTED_EDGE('',*,*,#2709,.T.);
#2709 = EDGE_CURVE('',#2687,#2685,#2710,.T.);
#2710 = CIRCLE('',#2711,4.);
#2711 = AXIS2_PLACEMENT_3D('',#2712,#2713,#2714);
#2712 = CARTESIAN_POINT('',(21.757256642992,185.41396569533,-17.7));
#2713 = DIRECTION('',(-9.51619735393E-17,1.,-2.22044604925E-16));
#2714 = DIRECTION('',(-2.824900807102E-15,2.22044604925E-16,1.));
#2715 = TOROIDAL_SURFACE('',#2716,6.,4.);
#2716 = AXIS2_PLACEMENT_3D('',#2717,#2718,#2719);
#2717 = CARTESIAN_POINT('',(21.757256642992,185.41396569533,-11.7));
#2718 = DIRECTION('',(-1.,-1.110223024625E-16,-2.824900807102E-15));
#2719 = DIRECTION('',(-2.824900807102E-15,2.22044604925E-16,1.));
#2720 = ADVANCED_FACE('',(#2721),#2737,.F.);
#2721 = FACE_BOUND('',#2722,.F.);
#2722 = EDGE_LOOP('',(#2723,#2729,#2730,#2736));
#2723 = ORIENTED_EDGE('',*,*,#2724,.T.);
#2724 = EDGE_CURVE('',#2647,#2685,#2725,.T.);
#2725 = LINE('',#2726,#2727);
#2726 = CARTESIAN_POINT('',(18.484643008602,179.41396569533,-20.));
#2727 = VECTOR('',#2728,1.);
#2728 = DIRECTION('',(-1.480297366167E-16,1.,-2.22044604925E-16));
#2729 = ORIENTED_EDGE('',*,*,#2709,.F.);
#2730 = ORIENTED_EDGE('',*,*,#2731,.T.);
#2731 = EDGE_CURVE('',#2687,#2645,#2732,.T.);
#2732 = LINE('',#2733,#2734);
#2733 = CARTESIAN_POINT('',(25.029870277383,179.41396569533,-20.));
#2734 = VECTOR('',#2735,1.);
#2735 = DIRECTION('',(1.480297366167E-16,-1.,2.22044604925E-16));
#2736 = ORIENTED_EDGE('',*,*,#2669,.T.);
#2737 = CYLINDRICAL_SURFACE('',#2738,4.);
#2738 = AXIS2_PLACEMENT_3D('',#2739,#2740,#2741);
#2739 = CARTESIAN_POINT('',(21.757256642992,179.41396569533,-17.7));
#2740 = DIRECTION('',(-1.480297366167E-16,1.,-2.22044604925E-16));
#2741 = DIRECTION('',(2.947365487017E-15,-2.22044604925E-16,-1.));
#2742 = ADVANCED_FACE('',(#2743),#2768,.T.);
#2743 = FACE_BOUND('',#2744,.T.);
#2744 = EDGE_LOOP('',(#2745,#2746,#2754,#2762));
#2745 = ORIENTED_EDGE('',*,*,#1064,.F.);
#2746 = ORIENTED_EDGE('',*,*,#2747,.T.);
#2747 = EDGE_CURVE('',#1065,#2748,#2750,.T.);
#2748 = VERTEX_POINT('',#2749);
#2749 = CARTESIAN_POINT('',(11.857256642992,175.25926515695,
    -22.41624619759));
#2750 = LINE('',#2751,#2752);
#2751 = CARTESIAN_POINT('',(11.757256642992,175.25926515695,
    -22.41624619759));
#2752 = VECTOR('',#2753,1.);
#2753 = DIRECTION('',(1.,-2.22044604925E-16,1.110223024625E-16));
#2754 = ORIENTED_EDGE('',*,*,#2755,.F.);
#2755 = EDGE_CURVE('',#2756,#2748,#2758,.T.);
#2756 = VERTEX_POINT('',#2757);
#2757 = CARTESIAN_POINT('',(11.857256642992,177.56866623371,
    -22.41624619759));
#2758 = LINE('',#2759,#2760);
#2759 = CARTESIAN_POINT('',(11.857256642992,175.25926515695,
    -22.41624619759));
#2760 = VECTOR('',#2761,1.);
#2761 = DIRECTION('',(9.51619735393E-17,-1.,2.22044604925E-16));
#2762 = ORIENTED_EDGE('',*,*,#2763,.F.);
#2763 = EDGE_CURVE('',#1067,#2756,#2764,.T.);
#2764 = LINE('',#2765,#2766);
#2765 = CARTESIAN_POINT('',(11.757256642992,177.56866623371,
    -22.41624619759));
#2766 = VECTOR('',#2767,1.);
#2767 = DIRECTION('',(1.,-2.22044604925E-16,1.110223024625E-16));
#2768 = PLANE('',#2769);
#2769 = AXIS2_PLACEMENT_3D('',#2770,#2771,#2772);
#2770 = CARTESIAN_POINT('',(11.757256642992,177.56866623371,
    -22.41624619759));
#2771 = DIRECTION('',(-1.110223024625E-16,2.22044604925E-16,1.));
#2772 = DIRECTION('',(9.51619735393E-17,-1.,2.22044604925E-16));
#2773 = ADVANCED_FACE('',(#2774),#2792,.T.);
#2774 = FACE_BOUND('',#2775,.T.);
#2775 = EDGE_LOOP('',(#2776,#2777,#2778,#2786));
#2776 = ORIENTED_EDGE('',*,*,#1074,.F.);
#2777 = ORIENTED_EDGE('',*,*,#2763,.T.);
#2778 = ORIENTED_EDGE('',*,*,#2779,.F.);
#2779 = EDGE_CURVE('',#2780,#2756,#2782,.T.);
#2780 = VERTEX_POINT('',#2781);
#2781 = CARTESIAN_POINT('',(11.857256642992,176.41396569533,
    -20.41624619759));
#2782 = LINE('',#2783,#2784);
#2783 = CARTESIAN_POINT('',(11.857256642992,177.56866623371,
    -22.41624619759));
#2784 = VECTOR('',#2785,1.);
#2785 = DIRECTION('',(6.862601858737E-15,0.5,-0.866025403784));
#2786 = ORIENTED_EDGE('',*,*,#2787,.F.);
#2787 = EDGE_CURVE('',#1075,#2780,#2788,.T.);
#2788 = LINE('',#2789,#2790);
#2789 = CARTESIAN_POINT('',(11.757256642992,176.41396569533,
    -20.41624619759));
#2790 = VECTOR('',#2791,1.);
#2791 = DIRECTION('',(1.,-2.22044604925E-16,1.110223024625E-16));
#2792 = PLANE('',#2793);
#2793 = AXIS2_PLACEMENT_3D('',#2794,#2795,#2796);
#2794 = CARTESIAN_POINT('',(11.757256642992,176.41396569533,
    -20.41624619759));
#2795 = DIRECTION('',(-1.367851174072E-16,-0.866025403784,-0.5));
#2796 = DIRECTION('',(6.862601858737E-15,0.5,-0.866025403784));
#2797 = ADVANCED_FACE('',(#2798),#2809,.T.);
#2798 = FACE_BOUND('',#2799,.T.);
#2799 = EDGE_LOOP('',(#2800,#2801,#2802,#2808));
#2800 = ORIENTED_EDGE('',*,*,#1082,.F.);
#2801 = ORIENTED_EDGE('',*,*,#2787,.T.);
#2802 = ORIENTED_EDGE('',*,*,#2803,.F.);
#2803 = EDGE_CURVE('',#2748,#2780,#2804,.T.);
#2804 = LINE('',#2805,#2806);
#2805 = CARTESIAN_POINT('',(11.857256642992,176.41396569533,
    -20.41624619759));
#2806 = VECTOR('',#2807,1.);
#2807 = DIRECTION('',(-6.957763832276E-15,0.5,0.866025403784));
#2808 = ORIENTED_EDGE('',*,*,#2747,.F.);
#2809 = PLANE('',#2810);
#2810 = AXIS2_PLACEMENT_3D('',#2811,#2812,#2813);
#2811 = CARTESIAN_POINT('',(11.757256642992,175.94098129917,
    -21.23547920293));
#2812 = DIRECTION('',(2.478074198697E-16,0.866025403784,-0.5));
#2813 = DIRECTION('',(-6.957763832276E-15,0.5,0.866025403784));
#2814 = ADVANCED_FACE('',(#2815),#2820,.T.);
#2815 = FACE_BOUND('',#2816,.T.);
#2816 = EDGE_LOOP('',(#2817,#2818,#2819));
#2817 = ORIENTED_EDGE('',*,*,#2803,.T.);
#2818 = ORIENTED_EDGE('',*,*,#2779,.T.);
#2819 = ORIENTED_EDGE('',*,*,#2755,.T.);
#2820 = PLANE('',#2821);
#2821 = AXIS2_PLACEMENT_3D('',#2822,#2823,#2824);
#2822 = CARTESIAN_POINT('',(11.857256642992,176.41396569533,
    -21.74957953092));
#2823 = DIRECTION('',(-1.,2.22044604925E-16,-1.110223024625E-16));
#2824 = DIRECTION('',(-1.110223024625E-16,2.22044604925E-16,1.));
#2825 = ADVANCED_FACE('',(#2826),#2851,.T.);
#2826 = FACE_BOUND('',#2827,.T.);
#2827 = EDGE_LOOP('',(#2828,#2829,#2837,#2845));
#2828 = ORIENTED_EDGE('',*,*,#1038,.F.);
#2829 = ORIENTED_EDGE('',*,*,#2830,.T.);
#2830 = EDGE_CURVE('',#1039,#2831,#2833,.T.);
#2831 = VERTEX_POINT('',#2832);
#2832 = CARTESIAN_POINT('',(11.857256642992,187.25926515695,
    -22.41624619759));
#2833 = LINE('',#2834,#2835);
#2834 = CARTESIAN_POINT('',(11.757256642992,187.25926515695,
    -22.41624619759));
#2835 = VECTOR('',#2836,1.);
#2836 = DIRECTION('',(1.,-2.22044604925E-16,1.110223024625E-16));
#2837 = ORIENTED_EDGE('',*,*,#2838,.F.);
#2838 = EDGE_CURVE('',#2839,#2831,#2841,.T.);
#2839 = VERTEX_POINT('',#2840);
#2840 = CARTESIAN_POINT('',(11.857256642992,189.56866623371,
    -22.41624619759));
#2841 = LINE('',#2842,#2843);
#2842 = CARTESIAN_POINT('',(11.857256642992,187.25926515695,
    -22.41624619759));
#2843 = VECTOR('',#2844,1.);
#2844 = DIRECTION('',(9.51619735393E-17,-1.,2.22044604925E-16));
#2845 = ORIENTED_EDGE('',*,*,#2846,.F.);
#2846 = EDGE_CURVE('',#1041,#2839,#2847,.T.);
#2847 = LINE('',#2848,#2849);
#2848 = CARTESIAN_POINT('',(11.757256642992,189.56866623371,
    -22.41624619759));
#2849 = VECTOR('',#2850,1.);
#2850 = DIRECTION('',(1.,-2.22044604925E-16,1.110223024625E-16));
#2851 = PLANE('',#2852);
#2852 = AXIS2_PLACEMENT_3D('',#2853,#2854,#2855);
#2853 = CARTESIAN_POINT('',(11.757256642992,189.56866623371,
    -22.41624619759));
#2854 = DIRECTION('',(-1.110223024625E-16,2.22044604925E-16,1.));
#2855 = DIRECTION('',(9.51619735393E-17,-1.,2.22044604925E-16));
#2856 = ADVANCED_FACE('',(#2857),#2875,.T.);
#2857 = FACE_BOUND('',#2858,.T.);
#2858 = EDGE_LOOP('',(#2859,#2860,#2861,#2869));
#2859 = ORIENTED_EDGE('',*,*,#1048,.F.);
#2860 = ORIENTED_EDGE('',*,*,#2846,.T.);
#2861 = ORIENTED_EDGE('',*,*,#2862,.F.);
#2862 = EDGE_CURVE('',#2863,#2839,#2865,.T.);
#2863 = VERTEX_POINT('',#2864);
#2864 = CARTESIAN_POINT('',(11.857256642992,188.41396569533,
    -20.41624619759));
#2865 = LINE('',#2866,#2867);
#2866 = CARTESIAN_POINT('',(11.857256642992,189.56866623371,
    -22.41624619759));
#2867 = VECTOR('',#2868,1.);
#2868 = DIRECTION('',(6.862601858737E-15,0.5,-0.866025403784));
#2869 = ORIENTED_EDGE('',*,*,#2870,.F.);
#2870 = EDGE_CURVE('',#1049,#2863,#2871,.T.);
#2871 = LINE('',#2872,#2873);
#2872 = CARTESIAN_POINT('',(11.757256642992,188.41396569533,
    -20.41624619759));
#2873 = VECTOR('',#2874,1.);
#2874 = DIRECTION('',(1.,-2.22044604925E-16,1.110223024625E-16));
#2875 = PLANE('',#2876);
#2876 = AXIS2_PLACEMENT_3D('',#2877,#2878,#2879);
#2877 = CARTESIAN_POINT('',(11.757256642992,188.41396569533,
    -20.41624619759));
#2878 = DIRECTION('',(-1.367851174072E-16,-0.866025403784,-0.5));
#2879 = DIRECTION('',(6.862601858737E-15,0.5,-0.866025403784));
#2880 = ADVANCED_FACE('',(#2881),#2892,.T.);
#2881 = FACE_BOUND('',#2882,.T.);
#2882 = EDGE_LOOP('',(#2883,#2884,#2885,#2891));
#2883 = ORIENTED_EDGE('',*,*,#1056,.F.);
#2884 = ORIENTED_EDGE('',*,*,#2870,.T.);
#2885 = ORIENTED_EDGE('',*,*,#2886,.F.);
#2886 = EDGE_CURVE('',#2831,#2863,#2887,.T.);
#2887 = LINE('',#2888,#2889);
#2888 = CARTESIAN_POINT('',(11.857256642992,188.41396569533,
    -20.41624619759));
#2889 = VECTOR('',#2890,1.);
#2890 = DIRECTION('',(-6.957763832276E-15,0.5,0.866025403784));
#2891 = ORIENTED_EDGE('',*,*,#2830,.F.);
#2892 = PLANE('',#2893);
#2893 = AXIS2_PLACEMENT_3D('',#2894,#2895,#2896);
#2894 = CARTESIAN_POINT('',(11.757256642992,187.94098129917,
    -21.23547920293));
#2895 = DIRECTION('',(2.478074198697E-16,0.866025403784,-0.5));
#2896 = DIRECTION('',(-6.957763832276E-15,0.5,0.866025403784));
#2897 = ADVANCED_FACE('',(#2898),#2903,.T.);
#2898 = FACE_BOUND('',#2899,.T.);
#2899 = EDGE_LOOP('',(#2900,#2901,#2902));
#2900 = ORIENTED_EDGE('',*,*,#2886,.T.);
#2901 = ORIENTED_EDGE('',*,*,#2862,.T.);
#2902 = ORIENTED_EDGE('',*,*,#2838,.T.);
#2903 = PLANE('',#2904);
#2904 = AXIS2_PLACEMENT_3D('',#2905,#2906,#2907);
#2905 = CARTESIAN_POINT('',(11.857256642992,188.41396569533,
    -21.74957953092));
#2906 = DIRECTION('',(-1.,2.22044604925E-16,-1.110223024625E-16));
#2907 = DIRECTION('',(-1.110223024625E-16,2.22044604925E-16,1.));
#2908 = ADVANCED_FACE('',(#2909),#2934,.F.);
#2909 = FACE_BOUND('',#2910,.T.);
#2910 = EDGE_LOOP('',(#2911,#2912,#2920,#2928));
#2911 = ORIENTED_EDGE('',*,*,#1393,.F.);
#2912 = ORIENTED_EDGE('',*,*,#2913,.T.);
#2913 = EDGE_CURVE('',#1394,#2914,#2916,.T.);
#2914 = VERTEX_POINT('',#2915);
#2915 = CARTESIAN_POINT('',(11.857256642992,177.56866623371,
    22.416246197593));
#2916 = LINE('',#2917,#2918);
#2917 = CARTESIAN_POINT('',(11.757256642992,177.56866623371,
    22.416246197593));
#2918 = VECTOR('',#2919,1.);
#2919 = DIRECTION('',(1.,-2.22044604925E-16,1.110223024625E-16));
#2920 = ORIENTED_EDGE('',*,*,#2921,.T.);
#2921 = EDGE_CURVE('',#2914,#2922,#2924,.T.);
#2922 = VERTEX_POINT('',#2923);
#2923 = CARTESIAN_POINT('',(11.857256642992,175.25926515695,
    22.416246197593));
#2924 = LINE('',#2925,#2926);
#2925 = CARTESIAN_POINT('',(11.857256642992,175.25926515695,
    22.416246197593));
#2926 = VECTOR('',#2927,1.);
#2927 = DIRECTION('',(9.51619735393E-17,-1.,2.22044604925E-16));
#2928 = ORIENTED_EDGE('',*,*,#2929,.F.);
#2929 = EDGE_CURVE('',#1396,#2922,#2930,.T.);
#2930 = LINE('',#2931,#2932);
#2931 = CARTESIAN_POINT('',(11.757256642992,175.25926515695,
    22.416246197593));
#2932 = VECTOR('',#2933,1.);
#2933 = DIRECTION('',(1.,-2.22044604925E-16,1.110223024625E-16));
#2934 = PLANE('',#2935);
#2935 = AXIS2_PLACEMENT_3D('',#2936,#2937,#2938);
#2936 = CARTESIAN_POINT('',(11.757256642992,177.56866623371,
    22.416246197593));
#2937 = DIRECTION('',(-1.110223024625E-16,2.22044604925E-16,1.));
#2938 = DIRECTION('',(9.51619735393E-17,-1.,2.22044604925E-16));
#2939 = ADVANCED_FACE('',(#2940),#2958,.F.);
#2940 = FACE_BOUND('',#2941,.T.);
#2941 = EDGE_LOOP('',(#2942,#2943,#2951,#2957));
#2942 = ORIENTED_EDGE('',*,*,#1411,.F.);
#2943 = ORIENTED_EDGE('',*,*,#2944,.T.);
#2944 = EDGE_CURVE('',#1404,#2945,#2947,.T.);
#2945 = VERTEX_POINT('',#2946);
#2946 = CARTESIAN_POINT('',(11.857256642992,176.41396569533,
    20.416246197593));
#2947 = LINE('',#2948,#2949);
#2948 = CARTESIAN_POINT('',(11.757256642992,176.41396569533,
    20.416246197593));
#2949 = VECTOR('',#2950,1.);
#2950 = DIRECTION('',(1.,-2.22044604925E-16,1.110223024625E-16));
#2951 = ORIENTED_EDGE('',*,*,#2952,.T.);
#2952 = EDGE_CURVE('',#2945,#2914,#2953,.T.);
#2953 = LINE('',#2954,#2955);
#2954 = CARTESIAN_POINT('',(11.857256642992,177.56866623371,
    22.416246197593));
#2955 = VECTOR('',#2956,1.);
#2956 = DIRECTION('',(6.670305590098E-15,0.5,0.866025403784));
#2957 = ORIENTED_EDGE('',*,*,#2913,.F.);
#2958 = PLANE('',#2959);
#2959 = AXIS2_PLACEMENT_3D('',#2960,#2961,#2962);
#2960 = CARTESIAN_POINT('',(11.757256642992,176.41396569533,
    20.416246197593));
#2961 = DIRECTION('',(2.478074198697E-16,0.866025403784,-0.5));
#2962 = DIRECTION('',(6.670305590098E-15,0.5,0.866025403784));
#2963 = ADVANCED_FACE('',(#2964),#2975,.F.);
#2964 = FACE_BOUND('',#2965,.T.);
#2965 = EDGE_LOOP('',(#2966,#2967,#2968,#2974));
#2966 = ORIENTED_EDGE('',*,*,#1403,.F.);
#2967 = ORIENTED_EDGE('',*,*,#2929,.T.);
#2968 = ORIENTED_EDGE('',*,*,#2969,.T.);
#2969 = EDGE_CURVE('',#2922,#2945,#2970,.T.);
#2970 = LINE('',#2971,#2972);
#2971 = CARTESIAN_POINT('',(11.857256642992,176.41396569533,
    20.416246197593));
#2972 = VECTOR('',#2973,1.);
#2973 = DIRECTION('',(-6.765467563638E-15,0.5,-0.866025403784));
#2974 = ORIENTED_EDGE('',*,*,#2944,.F.);
#2975 = PLANE('',#2976);
#2976 = AXIS2_PLACEMENT_3D('',#2977,#2978,#2979);
#2977 = CARTESIAN_POINT('',(11.757256642992,175.94098129917,
    21.235479202933));
#2978 = DIRECTION('',(-1.367851174072E-16,-0.866025403784,-0.5));
#2979 = DIRECTION('',(-6.765467563638E-15,0.5,-0.866025403784));
#2980 = ADVANCED_FACE('',(#2981),#2986,.F.);
#2981 = FACE_BOUND('',#2982,.T.);
#2982 = EDGE_LOOP('',(#2983,#2984,#2985));
#2983 = ORIENTED_EDGE('',*,*,#2969,.F.);
#2984 = ORIENTED_EDGE('',*,*,#2921,.F.);
#2985 = ORIENTED_EDGE('',*,*,#2952,.F.);
#2986 = PLANE('',#2987);
#2987 = AXIS2_PLACEMENT_3D('',#2988,#2989,#2990);
#2988 = CARTESIAN_POINT('',(11.857256642992,176.41396569533,
    21.749579530926));
#2989 = DIRECTION('',(1.,-2.22044604925E-16,1.110223024625E-16));
#2990 = DIRECTION('',(1.110223024625E-16,-2.22044604925E-16,-1.));
#2991 = ADVANCED_FACE('',(#2992),#3017,.F.);
#2992 = FACE_BOUND('',#2993,.T.);
#2993 = EDGE_LOOP('',(#2994,#2995,#3003,#3011));
#2994 = ORIENTED_EDGE('',*,*,#1367,.F.);
#2995 = ORIENTED_EDGE('',*,*,#2996,.T.);
#2996 = EDGE_CURVE('',#1368,#2997,#2999,.T.);
#2997 = VERTEX_POINT('',#2998);
#2998 = CARTESIAN_POINT('',(11.857256642992,189.56866623371,
    22.416246197593));
#2999 = LINE('',#3000,#3001);
#3000 = CARTESIAN_POINT('',(11.757256642992,189.56866623371,
    22.416246197593));
#3001 = VECTOR('',#3002,1.);
#3002 = DIRECTION('',(1.,-2.22044604925E-16,1.110223024625E-16));
#3003 = ORIENTED_EDGE('',*,*,#3004,.T.);
#3004 = EDGE_CURVE('',#2997,#3005,#3007,.T.);
#3005 = VERTEX_POINT('',#3006);
#3006 = CARTESIAN_POINT('',(11.857256642992,187.25926515695,
    22.416246197593));
#3007 = LINE('',#3008,#3009);
#3008 = CARTESIAN_POINT('',(11.857256642992,187.25926515695,
    22.416246197593));
#3009 = VECTOR('',#3010,1.);
#3010 = DIRECTION('',(9.51619735393E-17,-1.,2.22044604925E-16));
#3011 = ORIENTED_EDGE('',*,*,#3012,.F.);
#3012 = EDGE_CURVE('',#1370,#3005,#3013,.T.);
#3013 = LINE('',#3014,#3015);
#3014 = CARTESIAN_POINT('',(11.757256642992,187.25926515695,
    22.416246197593));
#3015 = VECTOR('',#3016,1.);
#3016 = DIRECTION('',(1.,-2.22044604925E-16,1.110223024625E-16));
#3017 = PLANE('',#3018);
#3018 = AXIS2_PLACEMENT_3D('',#3019,#3020,#3021);
#3019 = CARTESIAN_POINT('',(11.757256642992,189.56866623371,
    22.416246197593));
#3020 = DIRECTION('',(-1.110223024625E-16,2.22044604925E-16,1.));
#3021 = DIRECTION('',(9.51619735393E-17,-1.,2.22044604925E-16));
#3022 = ADVANCED_FACE('',(#3023),#3041,.F.);
#3023 = FACE_BOUND('',#3024,.T.);
#3024 = EDGE_LOOP('',(#3025,#3026,#3034,#3040));
#3025 = ORIENTED_EDGE('',*,*,#1385,.F.);
#3026 = ORIENTED_EDGE('',*,*,#3027,.T.);
#3027 = EDGE_CURVE('',#1378,#3028,#3030,.T.);
#3028 = VERTEX_POINT('',#3029);
#3029 = CARTESIAN_POINT('',(11.857256642992,188.41396569533,
    20.416246197593));
#3030 = LINE('',#3031,#3032);
#3031 = CARTESIAN_POINT('',(11.757256642992,188.41396569533,
    20.416246197593));
#3032 = VECTOR('',#3033,1.);
#3033 = DIRECTION('',(1.,-2.22044604925E-16,1.110223024625E-16));
#3034 = ORIENTED_EDGE('',*,*,#3035,.T.);
#3035 = EDGE_CURVE('',#3028,#2997,#3036,.T.);
#3036 = LINE('',#3037,#3038);
#3037 = CARTESIAN_POINT('',(11.857256642992,189.56866623371,
    22.416246197593));
#3038 = VECTOR('',#3039,1.);
#3039 = DIRECTION('',(6.670305590098E-15,0.5,0.866025403784));
#3040 = ORIENTED_EDGE('',*,*,#2996,.F.);
#3041 = PLANE('',#3042);
#3042 = AXIS2_PLACEMENT_3D('',#3043,#3044,#3045);
#3043 = CARTESIAN_POINT('',(11.757256642992,188.41396569533,
    20.416246197593));
#3044 = DIRECTION('',(2.478074198697E-16,0.866025403784,-0.5));
#3045 = DIRECTION('',(6.670305590098E-15,0.5,0.866025403784));
#3046 = ADVANCED_FACE('',(#3047),#3058,.F.);
#3047 = FACE_BOUND('',#3048,.T.);
#3048 = EDGE_LOOP('',(#3049,#3050,#3051,#3057));
#3049 = ORIENTED_EDGE('',*,*,#1377,.F.);
#3050 = ORIENTED_EDGE('',*,*,#3012,.T.);
#3051 = ORIENTED_EDGE('',*,*,#3052,.T.);
#3052 = EDGE_CURVE('',#3005,#3028,#3053,.T.);
#3053 = LINE('',#3054,#3055);
#3054 = CARTESIAN_POINT('',(11.857256642992,188.41396569533,
    20.416246197593));
#3055 = VECTOR('',#3056,1.);
#3056 = DIRECTION('',(-6.765467563638E-15,0.5,-0.866025403784));
#3057 = ORIENTED_EDGE('',*,*,#3027,.F.);
#3058 = PLANE('',#3059);
#3059 = AXIS2_PLACEMENT_3D('',#3060,#3061,#3062);
#3060 = CARTESIAN_POINT('',(11.757256642992,187.94098129917,
    21.235479202933));
#3061 = DIRECTION('',(-1.367851174072E-16,-0.866025403784,-0.5));
#3062 = DIRECTION('',(-6.765467563638E-15,0.5,-0.866025403784));
#3063 = ADVANCED_FACE('',(#3064),#3069,.F.);
#3064 = FACE_BOUND('',#3065,.T.);
#3065 = EDGE_LOOP('',(#3066,#3067,#3068));
#3066 = ORIENTED_EDGE('',*,*,#3052,.F.);
#3067 = ORIENTED_EDGE('',*,*,#3004,.F.);
#3068 = ORIENTED_EDGE('',*,*,#3035,.F.);
#3069 = PLANE('',#3070);
#3070 = AXIS2_PLACEMENT_3D('',#3071,#3072,#3073);
#3071 = CARTESIAN_POINT('',(11.857256642992,188.41396569533,
    21.749579530926));
#3072 = DIRECTION('',(1.,-2.22044604925E-16,1.110223024625E-16));
#3073 = DIRECTION('',(1.110223024625E-16,-2.22044604925E-16,-1.));
#3074 = ADVANCED_FACE('',(#3075),#3085,.F.);
#3075 = FACE_BOUND('',#3076,.F.);
#3076 = EDGE_LOOP('',(#3077,#3084));
#3077 = ORIENTED_EDGE('',*,*,#3078,.T.);
#3078 = EDGE_CURVE('',#1201,#1199,#3079,.T.);
#3079 = CIRCLE('',#3080,6.);
#3080 = AXIS2_PLACEMENT_3D('',#3081,#3082,#3083);
#3081 = CARTESIAN_POINT('',(21.757256642992,159.29666676142,
    -28.96856984538));
#3082 = DIRECTION('',(-2.432133047937E-16,-0.965925826289,0.258819045103
    ));
#3083 = DIRECTION('',(1.,-2.22044604925E-16,1.110223024625E-16));
#3084 = ORIENTED_EDGE('',*,*,#1198,.T.);
#3085 = CONICAL_SURFACE('',#3086,6.189281603865,0.785398163397);
#3086 = AXIS2_PLACEMENT_3D('',#3087,#3088,#3089);
#3087 = CARTESIAN_POINT('',(21.757256642992,159.1138347718,
    -28.91958016141));
#3088 = DIRECTION('',(2.862258533546E-14,-0.965925826289,0.258819045103)
  );
#3089 = DIRECTION('',(1.,2.973975936988E-14,4.011154105225E-16));
#3090 = ADVANCED_FACE('',(#3091),#3112,.F.);
#3091 = FACE_BOUND('',#3092,.F.);
#3092 = EDGE_LOOP('',(#3093,#3094,#3102,#3109,#3110,#3111));
#3093 = ORIENTED_EDGE('',*,*,#1209,.T.);
#3094 = ORIENTED_EDGE('',*,*,#3095,.T.);
#3095 = EDGE_CURVE('',#1210,#3096,#3098,.T.);
#3096 = VERTEX_POINT('',#3097);
#3097 = CARTESIAN_POINT('',(15.757256642992,162.40833575683,
    -29.80233903981));
#3098 = LINE('',#3099,#3100);
#3099 = CARTESIAN_POINT('',(15.757256642992,163.73165413885,
    -30.1569211316));
#3100 = VECTOR('',#3101,1.);
#3101 = DIRECTION('',(2.432133047937E-16,0.965925826289,-0.258819045103)
  );
#3102 = ORIENTED_EDGE('',*,*,#3103,.F.);
#3103 = EDGE_CURVE('',#3096,#3096,#3104,.T.);
#3104 = CIRCLE('',#3105,6.);
#3105 = AXIS2_PLACEMENT_3D('',#3106,#3107,#3108);
#3106 = CARTESIAN_POINT('',(21.757256642992,162.40833575683,
    -29.80233903981));
#3107 = DIRECTION('',(2.432133047937E-16,0.965925826289,-0.258819045103)
  );
#3108 = DIRECTION('',(1.,-2.22044604925E-16,1.110223024625E-16));
#3109 = ORIENTED_EDGE('',*,*,#3095,.F.);
#3110 = ORIENTED_EDGE('',*,*,#1218,.T.);
#3111 = ORIENTED_EDGE('',*,*,#3078,.F.);
#3112 = CYLINDRICAL_SURFACE('',#3113,6.);
#3113 = AXIS2_PLACEMENT_3D('',#3114,#3115,#3116);
#3114 = CARTESIAN_POINT('',(21.757256642992,163.73165413885,
    -30.1569211316));
#3115 = DIRECTION('',(2.432133047937E-16,0.965925826289,-0.258819045103)
  );
#3116 = DIRECTION('',(1.,-2.22044604925E-16,1.110223024625E-16));
#3117 = ADVANCED_FACE('',(#3118),#3128,.F.);
#3118 = FACE_BOUND('',#3119,.F.);
#3119 = EDGE_LOOP('',(#3120,#3121));
#3120 = ORIENTED_EDGE('',*,*,#1169,.T.);
#3121 = ORIENTED_EDGE('',*,*,#3122,.T.);
#3122 = EDGE_CURVE('',#1172,#1170,#3123,.T.);
#3123 = CIRCLE('',#3124,6.);
#3124 = AXIS2_PLACEMENT_3D('',#3125,#3126,#3127);
#3125 = CARTESIAN_POINT('',(21.757256642992,159.29666676142,
    28.968569845384));
#3126 = DIRECTION('',(-1.857439321768E-16,-0.965925826289,
    -0.258819045103));
#3127 = DIRECTION('',(1.,-2.220446049251E-16,1.110223024625E-16));
#3128 = CONICAL_SURFACE('',#3129,6.189281603865,0.785398163397);
#3129 = AXIS2_PLACEMENT_3D('',#3130,#3131,#3132);
#3130 = CARTESIAN_POINT('',(21.757256642992,159.1138347718,
    28.919580161416));
#3131 = DIRECTION('',(2.868005470808E-14,-0.965925826289,-0.258819045103
    ));
#3132 = DIRECTION('',(1.,2.973975936988E-14,-1.790708055966E-16));
#3133 = ADVANCED_FACE('',(#3134),#3161,.F.);
#3134 = FACE_BOUND('',#3135,.F.);
#3135 = EDGE_LOOP('',(#3136,#3146,#3153,#3154));
#3136 = ORIENTED_EDGE('',*,*,#3137,.T.);
#3137 = EDGE_CURVE('',#3138,#3140,#3142,.T.);
#3138 = VERTEX_POINT('',#3139);
#3139 = CARTESIAN_POINT('',(31.757256642992,200.41396569533,-8.));
#3140 = VERTEX_POINT('',#3141);
#3141 = CARTESIAN_POINT('',(32.257256642992,199.91396569533,-8.));
#3142 = LINE('',#3143,#3144);
#3143 = CARTESIAN_POINT('',(32.007256642992,200.16396569533,-8.));
#3144 = VECTOR('',#3145,1.);
#3145 = DIRECTION('',(0.707106781187,-0.707106781187,3.221094744259E-16)
  );
#3146 = ORIENTED_EDGE('',*,*,#3147,.T.);
#3147 = EDGE_CURVE('',#3140,#3140,#3148,.T.);
#3148 = CIRCLE('',#3149,4.5);
#3149 = AXIS2_PLACEMENT_3D('',#3150,#3151,#3152);
#3150 = CARTESIAN_POINT('',(32.257256642992,195.41396569533,-8.));
#3151 = DIRECTION('',(-1.,-9.51619735393E-17,-6.979793015562E-17));
#3152 = DIRECTION('',(9.51619735393E-17,-1.,2.22044604925E-16));
#3153 = ORIENTED_EDGE('',*,*,#3137,.F.);
#3154 = ORIENTED_EDGE('',*,*,#3155,.F.);
#3155 = EDGE_CURVE('',#3138,#3138,#3156,.T.);
#3156 = CIRCLE('',#3157,5.);
#3157 = AXIS2_PLACEMENT_3D('',#3158,#3159,#3160);
#3158 = CARTESIAN_POINT('',(31.757256642992,195.41396569533,-8.));
#3159 = DIRECTION('',(-1.,-9.51619735393E-17,-6.979793015562E-17));
#3160 = DIRECTION('',(9.51619735393E-17,-1.,2.22044604925E-16));
#3161 = CONICAL_SURFACE('',#3162,4.75,0.785398163397);
#3162 = AXIS2_PLACEMENT_3D('',#3163,#3164,#3165);
#3163 = CARTESIAN_POINT('',(32.007256642992,195.41396569533,-8.));
#3164 = DIRECTION('',(-1.,2.22044604925E-16,-1.110223024625E-16));
#3165 = DIRECTION('',(-2.22044604925E-16,-1.,2.22044604925E-16));
#3166 = ADVANCED_FACE('',(#3167,#3226,#3229,#3240,#3251,#3271,#3291),
  #3294,.F.);
#3167 = FACE_BOUND('',#3168,.T.);
#3168 = EDGE_LOOP('',(#3169,#3179,#3187,#3195,#3204,#3210,#3211,#3219));
#3169 = ORIENTED_EDGE('',*,*,#3170,.T.);
#3170 = EDGE_CURVE('',#3171,#3173,#3175,.T.);
#3171 = VERTEX_POINT('',#3172);
#3172 = CARTESIAN_POINT('',(31.757256642992,229.40896256642,20.2));
#3173 = VERTEX_POINT('',#3174);
#3174 = CARTESIAN_POINT('',(31.757256642992,229.41396569533,20.2));
#3175 = LINE('',#3176,#3177);
#3176 = CARTESIAN_POINT('',(31.757256642992,159.41396569533,20.2));
#3177 = VECTOR('',#3178,1.);
#3178 = DIRECTION('',(-9.51619735393E-17,1.,-2.22044604925E-16));
#3179 = ORIENTED_EDGE('',*,*,#3180,.F.);
#3180 = EDGE_CURVE('',#3181,#3173,#3183,.T.);
#3181 = VERTEX_POINT('',#3182);
#3182 = CARTESIAN_POINT('',(31.757256642992,229.41396569533,-20.2));
#3183 = LINE('',#3184,#3185);
#3184 = CARTESIAN_POINT('',(31.757256642992,229.41396569533,-20.2));
#3185 = VECTOR('',#3186,1.);
#3186 = DIRECTION('',(-6.979793015562E-17,2.22044604925E-16,1.));
#3187 = ORIENTED_EDGE('',*,*,#3188,.F.);
#3188 = EDGE_CURVE('',#3189,#3181,#3191,.T.);
#3189 = VERTEX_POINT('',#3190);
#3190 = CARTESIAN_POINT('',(31.757256642992,229.40896256642,-20.2));
#3191 = LINE('',#3192,#3193);
#3192 = CARTESIAN_POINT('',(31.757256642992,159.41396569533,-20.2));
#3193 = VECTOR('',#3194,1.);
#3194 = DIRECTION('',(-9.51619735393E-17,1.,-2.22044604925E-16));
#3195 = ORIENTED_EDGE('',*,*,#3196,.T.);
#3196 = EDGE_CURVE('',#3189,#3197,#3199,.T.);
#3197 = VERTEX_POINT('',#3198);
#3198 = CARTESIAN_POINT('',(31.757256642992,221.41896882424,-20.2));
#3199 = CIRCLE('',#3200,4.);
#3200 = AXIS2_PLACEMENT_3D('',#3201,#3202,#3203);
#3201 = CARTESIAN_POINT('',(31.757256642992,225.41396569533,-20.));
#3202 = DIRECTION('',(-1.,-9.51619735393E-17,7.757147247077E-15));
#3203 = DIRECTION('',(-9.516197353929E-17,1.,8.881784197001E-16));
#3204 = ORIENTED_EDGE('',*,*,#3205,.F.);
#3205 = EDGE_CURVE('',#1137,#3197,#3206,.T.);
#3206 = LINE('',#3207,#3208);
#3207 = CARTESIAN_POINT('',(31.757256642992,159.41396569533,-20.2));
#3208 = VECTOR('',#3209,1.);
#3209 = DIRECTION('',(-9.51619735393E-17,1.,-2.22044604925E-16));
#3210 = ORIENTED_EDGE('',*,*,#1136,.F.);
#3211 = ORIENTED_EDGE('',*,*,#3212,.T.);
#3212 = EDGE_CURVE('',#1129,#3213,#3215,.T.);
#3213 = VERTEX_POINT('',#3214);
#3214 = CARTESIAN_POINT('',(31.757256642992,221.41896882424,20.2));
#3215 = LINE('',#3216,#3217);
#3216 = CARTESIAN_POINT('',(31.757256642992,159.41396569533,20.2));
#3217 = VECTOR('',#3218,1.);
#3218 = DIRECTION('',(-9.51619735393E-17,1.,-2.22044604925E-16));
#3219 = ORIENTED_EDGE('',*,*,#3220,.T.);
#3220 = EDGE_CURVE('',#3213,#3171,#3221,.T.);
#3221 = CIRCLE('',#3222,4.);
#3222 = AXIS2_PLACEMENT_3D('',#3223,#3224,#3225);
#3223 = CARTESIAN_POINT('',(31.757256642992,225.41396569533,20.));
#3224 = DIRECTION('',(-1.,-9.51619735393E-17,7.757147247077E-15));
#3225 = DIRECTION('',(9.51619735393E-17,-1.,4.996003610813E-16));
#3226 = FACE_BOUND('',#3227,.T.);
#3227 = EDGE_LOOP('',(#3228));
#3228 = ORIENTED_EDGE('',*,*,#98,.T.);
#3229 = FACE_BOUND('',#3230,.T.);
#3230 = EDGE_LOOP('',(#3231));
#3231 = ORIENTED_EDGE('',*,*,#3232,.T.);
#3232 = EDGE_CURVE('',#3233,#3233,#3235,.T.);
#3233 = VERTEX_POINT('',#3234);
#3234 = CARTESIAN_POINT('',(31.757256642992,213.65071994974,
    4.195996988147));
#3235 = CIRCLE('',#3236,4.);
#3236 = AXIS2_PLACEMENT_3D('',#3237,#3238,#3239);
#3237 = CARTESIAN_POINT('',(31.757256642992,212.41396569533,8.));
#3238 = DIRECTION('',(1.,9.51619735393E-17,6.979793015562E-17));
#3239 = DIRECTION('',(-3.695489022492E-17,-0.309188563604,0.951000752963
    ));
#3240 = FACE_BOUND('',#3241,.T.);
#3241 = EDGE_LOOP('',(#3242));
#3242 = ORIENTED_EDGE('',*,*,#3243,.F.);
#3243 = EDGE_CURVE('',#3244,#3244,#3246,.T.);
#3244 = VERTEX_POINT('',#3245);
#3245 = CARTESIAN_POINT('',(31.757256642992,200.41396569533,8.));
#3246 = CIRCLE('',#3247,5.);
#3247 = AXIS2_PLACEMENT_3D('',#3248,#3249,#3250);
#3248 = CARTESIAN_POINT('',(31.757256642992,195.41396569533,8.));
#3249 = DIRECTION('',(-1.,-9.51619735393E-17,-6.979793015562E-17));
#3250 = DIRECTION('',(9.51619735393E-17,-1.,2.22044604925E-16));
#3251 = FACE_BOUND('',#3252,.T.);
#3252 = EDGE_LOOP('',(#3253,#3264));
#3253 = ORIENTED_EDGE('',*,*,#3254,.T.);
#3254 = EDGE_CURVE('',#3255,#3257,#3259,.T.);
#3255 = VERTEX_POINT('',#3256);
#3256 = CARTESIAN_POINT('',(31.757256642992,175.09046569533,-8.));
#3257 = VERTEX_POINT('',#3258);
#3258 = CARTESIAN_POINT('',(31.757256642992,181.73746569533,-8.));
#3259 = CIRCLE('',#3260,3.3235);
#3260 = AXIS2_PLACEMENT_3D('',#3261,#3262,#3263);
#3261 = CARTESIAN_POINT('',(31.757256642992,178.41396569533,-8.));
#3262 = DIRECTION('',(1.,9.51619735393E-17,6.979793015562E-17));
#3263 = DIRECTION('',(9.51619735393E-17,-1.,2.22044604925E-16));
#3264 = ORIENTED_EDGE('',*,*,#3265,.T.);
#3265 = EDGE_CURVE('',#3257,#3255,#3266,.T.);
#3266 = CIRCLE('',#3267,3.3235);
#3267 = AXIS2_PLACEMENT_3D('',#3268,#3269,#3270);
#3268 = CARTESIAN_POINT('',(31.757256642992,178.41396569533,-8.));
#3269 = DIRECTION('',(1.,9.51619735393E-17,6.979793015562E-17));
#3270 = DIRECTION('',(9.51619735393E-17,-1.,2.22044604925E-16));
#3271 = FACE_BOUND('',#3272,.T.);
#3272 = EDGE_LOOP('',(#3273,#3284));
#3273 = ORIENTED_EDGE('',*,*,#3274,.T.);
#3274 = EDGE_CURVE('',#3275,#3277,#3279,.T.);
#3275 = VERTEX_POINT('',#3276);
#3276 = CARTESIAN_POINT('',(31.757256642992,209.09046569533,-8.));
#3277 = VERTEX_POINT('',#3278);
#3278 = CARTESIAN_POINT('',(31.757256642992,215.73746569533,-8.));
#3279 = CIRCLE('',#3280,3.3235);
#3280 = AXIS2_PLACEMENT_3D('',#3281,#3282,#3283);
#3281 = CARTESIAN_POINT('',(31.757256642992,212.41396569533,-8.));
#3282 = DIRECTION('',(1.,9.51619735393E-17,6.979793015562E-17));
#3283 = DIRECTION('',(9.51619735393E-17,-1.,2.22044604925E-16));
#3284 = ORIENTED_EDGE('',*,*,#3285,.T.);
#3285 = EDGE_CURVE('',#3277,#3275,#3286,.T.);
#3286 = CIRCLE('',#3287,3.3235);
#3287 = AXIS2_PLACEMENT_3D('',#3288,#3289,#3290);
#3288 = CARTESIAN_POINT('',(31.757256642992,212.41396569533,-8.));
#3289 = DIRECTION('',(1.,9.51619735393E-17,6.979793015562E-17));
#3290 = DIRECTION('',(9.51619735393E-17,-1.,2.22044604925E-16));
#3291 = FACE_BOUND('',#3292,.T.);
#3292 = EDGE_LOOP('',(#3293));
#3293 = ORIENTED_EDGE('',*,*,#3155,.F.);
#3294 = PLANE('',#3295);
#3295 = AXIS2_PLACEMENT_3D('',#3296,#3297,#3298);
#3296 = CARTESIAN_POINT('',(31.757256642992,159.41396569533,-20.2));
#3297 = DIRECTION('',(1.,9.51619735393E-17,6.979793015562E-17));
#3298 = DIRECTION('',(6.979793015562E-17,-2.22044604925E-16,-1.));
#3299 = ADVANCED_FACE('',(#3300),#3319,.F.);
#3300 = FACE_BOUND('',#3301,.F.);
#3301 = EDGE_LOOP('',(#3302,#3310,#3317,#3318));
#3302 = ORIENTED_EDGE('',*,*,#3303,.T.);
#3303 = EDGE_CURVE('',#3244,#3304,#3306,.T.);
#3304 = VERTEX_POINT('',#3305);
#3305 = CARTESIAN_POINT('',(32.257256642992,199.91396569533,8.));
#3306 = LINE('',#3307,#3308);
#3307 = CARTESIAN_POINT('',(32.007256642992,200.16396569533,8.));
#3308 = VECTOR('',#3309,1.);
#3309 = DIRECTION('',(0.707106781187,-0.707106781187,3.221094744259E-16)
  );
#3310 = ORIENTED_EDGE('',*,*,#3311,.T.);
#3311 = EDGE_CURVE('',#3304,#3304,#3312,.T.);
#3312 = CIRCLE('',#3313,4.5);
#3313 = AXIS2_PLACEMENT_3D('',#3314,#3315,#3316);
#3314 = CARTESIAN_POINT('',(32.257256642992,195.41396569533,8.));
#3315 = DIRECTION('',(-1.,-9.51619735393E-17,-6.979793015562E-17));
#3316 = DIRECTION('',(9.51619735393E-17,-1.,2.22044604925E-16));
#3317 = ORIENTED_EDGE('',*,*,#3303,.F.);
#3318 = ORIENTED_EDGE('',*,*,#3243,.F.);
#3319 = CONICAL_SURFACE('',#3320,4.75,0.785398163397);
#3320 = AXIS2_PLACEMENT_3D('',#3321,#3322,#3323);
#3321 = CARTESIAN_POINT('',(32.007256642992,195.41396569533,8.));
#3322 = DIRECTION('',(-1.,2.22044604925E-16,-1.110223024625E-16));
#3323 = DIRECTION('',(-2.22044604925E-16,-1.,2.22044604925E-16));
#3324 = ADVANCED_FACE('',(#3325),#3328,.F.);
#3325 = FACE_BOUND('',#3326,.T.);
#3326 = EDGE_LOOP('',(#3327));
#3327 = ORIENTED_EDGE('',*,*,#3147,.T.);
#3328 = PLANE('',#3329);
#3329 = AXIS2_PLACEMENT_3D('',#3330,#3331,#3332);
#3330 = CARTESIAN_POINT('',(32.257256642992,195.41396569533,-8.));
#3331 = DIRECTION('',(1.,9.51619735393E-17,6.979793015562E-17));
#3332 = DIRECTION('',(6.979793015562E-17,-2.22044604925E-16,-1.));
#3333 = ADVANCED_FACE('',(#3334),#3337,.F.);
#3334 = FACE_BOUND('',#3335,.T.);
#3335 = EDGE_LOOP('',(#3336));
#3336 = ORIENTED_EDGE('',*,*,#3311,.T.);
#3337 = PLANE('',#3338);
#3338 = AXIS2_PLACEMENT_3D('',#3339,#3340,#3341);
#3339 = CARTESIAN_POINT('',(32.257256642992,195.41396569533,8.));
#3340 = DIRECTION('',(1.,9.51619735393E-17,6.979793015562E-17));
#3341 = DIRECTION('',(6.979793015562E-17,-2.22044604925E-16,-1.));
#3342 = ADVANCED_FACE('',(#3343),#3370,.F.);
#3343 = FACE_BOUND('',#3344,.F.);
#3344 = EDGE_LOOP('',(#3345,#3355,#3362,#3363));
#3345 = ORIENTED_EDGE('',*,*,#3346,.T.);
#3346 = EDGE_CURVE('',#3347,#3349,#3351,.T.);
#3347 = VERTEX_POINT('',#3348);
#3348 = CARTESIAN_POINT('',(28.257256642992,163.56744674838,
    -30.11292189394));
#3349 = VERTEX_POINT('',#3350);
#3350 = CARTESIAN_POINT('',(28.257256642992,162.40833575683,
    -29.80233903981));
#3351 = LINE('',#3352,#3353);
#3352 = CARTESIAN_POINT('',(28.257256642992,163.56744674838,
    -30.11292189394));
#3353 = VECTOR('',#3354,1.);
#3354 = DIRECTION('',(-2.432133047937E-16,-0.965925826289,0.258819045103
    ));
#3355 = ORIENTED_EDGE('',*,*,#3356,.F.);
#3356 = EDGE_CURVE('',#3349,#3349,#3357,.T.);
#3357 = CIRCLE('',#3358,6.5);
#3358 = AXIS2_PLACEMENT_3D('',#3359,#3360,#3361);
#3359 = CARTESIAN_POINT('',(21.757256642992,162.40833575683,
    -29.80233903981));
#3360 = DIRECTION('',(-2.432133047937E-16,-0.965925826289,0.258819045103
    ));
#3361 = DIRECTION('',(-1.,2.22044604925E-16,-1.110223024625E-16));
#3362 = ORIENTED_EDGE('',*,*,#3346,.F.);
#3363 = ORIENTED_EDGE('',*,*,#3364,.T.);
#3364 = EDGE_CURVE('',#3347,#3347,#3365,.T.);
#3365 = CIRCLE('',#3366,6.5);
#3366 = AXIS2_PLACEMENT_3D('',#3367,#3368,#3369);
#3367 = CARTESIAN_POINT('',(21.757256642992,163.56744674838,
    -30.11292189394));
#3368 = DIRECTION('',(-2.432133047937E-16,-0.965925826289,0.258819045103
    ));
#3369 = DIRECTION('',(-1.,2.22044604925E-16,-1.110223024625E-16));
#3370 = CYLINDRICAL_SURFACE('',#3371,6.5);
#3371 = AXIS2_PLACEMENT_3D('',#3372,#3373,#3374);
#3372 = CARTESIAN_POINT('',(21.757256642992,163.56744674838,
    -30.11292189394));
#3373 = DIRECTION('',(2.432133047937E-16,0.965925826289,-0.258819045103)
  );
#3374 = DIRECTION('',(-1.,2.22044604925E-16,-1.110223024625E-16));
#3375 = ADVANCED_FACE('',(#3376,#3379),#3382,.F.);
#3376 = FACE_BOUND('',#3377,.T.);
#3377 = EDGE_LOOP('',(#3378));
#3378 = ORIENTED_EDGE('',*,*,#3356,.F.);
#3379 = FACE_BOUND('',#3380,.T.);
#3380 = EDGE_LOOP('',(#3381));
#3381 = ORIENTED_EDGE('',*,*,#3103,.F.);
#3382 = PLANE('',#3383);
#3383 = AXIS2_PLACEMENT_3D('',#3384,#3385,#3386);
#3384 = CARTESIAN_POINT('',(21.757256642992,162.40833575683,
    -29.80233903981));
#3385 = DIRECTION('',(-2.432133047937E-16,-0.965925826289,0.258819045103
    ));
#3386 = DIRECTION('',(-4.976993662576E-17,0.258819045103,0.965925826289)
  );
#3387 = ADVANCED_FACE('',(#3388,#3391),#3402,.T.);
#3388 = FACE_BOUND('',#3389,.T.);
#3389 = EDGE_LOOP('',(#3390));
#3390 = ORIENTED_EDGE('',*,*,#3364,.T.);
#3391 = FACE_BOUND('',#3392,.T.);
#3392 = EDGE_LOOP('',(#3393));
#3393 = ORIENTED_EDGE('',*,*,#3394,.T.);
#3394 = EDGE_CURVE('',#3395,#3395,#3397,.T.);
#3395 = VERTEX_POINT('',#3396);
#3396 = CARTESIAN_POINT('',(17.532394353552,164.02684425681,
    -28.39842705158));
#3397 = CIRCLE('',#3398,4.582575694956);
#3398 = AXIS2_PLACEMENT_3D('',#3399,#3400,#3401);
#3399 = CARTESIAN_POINT('',(21.757256642992,163.56744674838,
    -30.11292189394));
#3400 = DIRECTION('',(-5.412337245048E-16,0.965925826289,-0.258819045103
    ));
#3401 = DIRECTION('',(0.921940535341,-0.100248755071,-0.374133447319));
#3402 = PLANE('',#3403);
#3403 = AXIS2_PLACEMENT_3D('',#3404,#3405,#3406);
#3404 = CARTESIAN_POINT('',(21.757256642992,163.56744674838,
    -30.11292189394));
#3405 = DIRECTION('',(-2.432133047937E-16,-0.965925826289,0.258819045103
    ));
#3406 = DIRECTION('',(-4.976993662576E-17,0.258819045103,0.965925826289)
  );
#3407 = ADVANCED_FACE('',(#3408),#3435,.F.);
#3408 = FACE_BOUND('',#3409,.F.);
#3409 = EDGE_LOOP('',(#3410,#3420,#3427,#3428));
#3410 = ORIENTED_EDGE('',*,*,#3411,.T.);
#3411 = EDGE_CURVE('',#3412,#3414,#3416,.T.);
#3412 = VERTEX_POINT('',#3413);
#3413 = CARTESIAN_POINT('',(28.257256642992,163.56744674838,
    30.112921893941));
#3414 = VERTEX_POINT('',#3415);
#3415 = CARTESIAN_POINT('',(28.257256642992,162.40833575683,
    29.802339039818));
#3416 = LINE('',#3417,#3418);
#3417 = CARTESIAN_POINT('',(28.257256642992,163.56744674838,
    30.112921893941));
#3418 = VECTOR('',#3419,1.);
#3419 = DIRECTION('',(-1.857439321768E-16,-0.965925826289,
    -0.258819045103));
#3420 = ORIENTED_EDGE('',*,*,#3421,.T.);
#3421 = EDGE_CURVE('',#3414,#3414,#3422,.T.);
#3422 = CIRCLE('',#3423,6.5);
#3423 = AXIS2_PLACEMENT_3D('',#3424,#3425,#3426);
#3424 = CARTESIAN_POINT('',(21.757256642992,162.40833575683,
    29.802339039818));
#3425 = DIRECTION('',(1.857439321768E-16,0.965925826289,0.258819045103)
  );
#3426 = DIRECTION('',(-1.,2.220446049251E-16,-1.110223024625E-16));
#3427 = ORIENTED_EDGE('',*,*,#3411,.F.);
#3428 = ORIENTED_EDGE('',*,*,#3429,.F.);
#3429 = EDGE_CURVE('',#3412,#3412,#3430,.T.);
#3430 = CIRCLE('',#3431,6.5);
#3431 = AXIS2_PLACEMENT_3D('',#3432,#3433,#3434);
#3432 = CARTESIAN_POINT('',(21.757256642992,163.56744674838,
    30.112921893941));
#3433 = DIRECTION('',(1.857439321768E-16,0.965925826289,0.258819045103)
  );
#3434 = DIRECTION('',(-1.,2.220446049251E-16,-1.110223024625E-16));
#3435 = CYLINDRICAL_SURFACE('',#3436,6.5);
#3436 = AXIS2_PLACEMENT_3D('',#3437,#3438,#3439);
#3437 = CARTESIAN_POINT('',(21.757256642992,163.56744674838,
    30.112921893941));
#3438 = DIRECTION('',(-1.857439321768E-16,-0.965925826289,
    -0.258819045103));
#3439 = DIRECTION('',(-1.,2.220446049251E-16,-1.110223024625E-16));
#3440 = ADVANCED_FACE('',(#3441,#3444),#3455,.T.);
#3441 = FACE_BOUND('',#3442,.T.);
#3442 = EDGE_LOOP('',(#3443));
#3443 = ORIENTED_EDGE('',*,*,#3421,.T.);
#3444 = FACE_BOUND('',#3445,.T.);
#3445 = EDGE_LOOP('',(#3446));
#3446 = ORIENTED_EDGE('',*,*,#3447,.F.);
#3447 = EDGE_CURVE('',#3448,#3448,#3450,.T.);
#3448 = VERTEX_POINT('',#3449);
#3449 = CARTESIAN_POINT('',(15.757256642992,162.40833575683,
    29.802339039818));
#3450 = CIRCLE('',#3451,6.);
#3451 = AXIS2_PLACEMENT_3D('',#3452,#3453,#3454);
#3452 = CARTESIAN_POINT('',(21.757256642992,162.40833575683,
    29.802339039818));
#3453 = DIRECTION('',(1.857439321768E-16,0.965925826289,0.258819045103)
  );
#3454 = DIRECTION('',(1.,-2.220446049251E-16,1.110223024625E-16));
#3455 = PLANE('',#3456);
#3456 = AXIS2_PLACEMENT_3D('',#3457,#3458,#3459);
#3457 = CARTESIAN_POINT('',(21.757256642992,162.40833575683,
    29.802339039818));
#3458 = DIRECTION('',(1.857439321768E-16,0.965925826289,0.258819045103)
  );
#3459 = DIRECTION('',(1.647086818595E-16,0.258819045103,-0.965925826289)
  );
#3460 = ADVANCED_FACE('',(#3461,#3464),#3467,.F.);
#3461 = FACE_BOUND('',#3462,.T.);
#3462 = EDGE_LOOP('',(#3463));
#3463 = ORIENTED_EDGE('',*,*,#3429,.F.);
#3464 = FACE_BOUND('',#3465,.T.);
#3465 = EDGE_LOOP('',(#3466));
#3466 = ORIENTED_EDGE('',*,*,#786,.T.);
#3467 = PLANE('',#3468);
#3468 = AXIS2_PLACEMENT_3D('',#3469,#3470,#3471);
#3469 = CARTESIAN_POINT('',(21.757256642992,163.56744674838,
    30.112921893941));
#3470 = DIRECTION('',(1.857439321768E-16,0.965925826289,0.258819045103)
  );
#3471 = DIRECTION('',(1.647086818595E-16,0.258819045103,-0.965925826289)
  );
#3472 = ADVANCED_FACE('',(#3473),#3486,.F.);
#3473 = FACE_BOUND('',#3474,.F.);
#3474 = EDGE_LOOP('',(#3475,#3476,#3482,#3483,#3484,#3485));
#3475 = ORIENTED_EDGE('',*,*,#1180,.T.);
#3476 = ORIENTED_EDGE('',*,*,#3477,.T.);
#3477 = EDGE_CURVE('',#1181,#3448,#3478,.T.);
#3478 = LINE('',#3479,#3480);
#3479 = CARTESIAN_POINT('',(15.757256642992,163.73165413885,
    30.156921131608));
#3480 = VECTOR('',#3481,1.);
#3481 = DIRECTION('',(1.857439321768E-16,0.965925826289,0.258819045103)
  );
#3482 = ORIENTED_EDGE('',*,*,#3447,.F.);
#3483 = ORIENTED_EDGE('',*,*,#3477,.F.);
#3484 = ORIENTED_EDGE('',*,*,#1189,.T.);
#3485 = ORIENTED_EDGE('',*,*,#3122,.F.);
#3486 = CYLINDRICAL_SURFACE('',#3487,6.);
#3487 = AXIS2_PLACEMENT_3D('',#3488,#3489,#3490);
#3488 = CARTESIAN_POINT('',(21.757256642992,163.73165413885,
    30.156921131608));
#3489 = DIRECTION('',(-1.857439321768E-16,-0.965925826289,
    -0.258819045103));
#3490 = DIRECTION('',(1.,-2.220446049251E-16,1.110223024625E-16));
#3491 = ADVANCED_FACE('',(#3492),#3520,.F.);
#3492 = FACE_BOUND('',#3493,.F.);
#3493 = EDGE_LOOP('',(#3494,#3502,#3509,#3510,#3517,#3518,#3519));
#3494 = ORIENTED_EDGE('',*,*,#3495,.T.);
#3495 = EDGE_CURVE('',#3257,#3496,#3498,.T.);
#3496 = VERTEX_POINT('',#3497);
#3497 = CARTESIAN_POINT('',(51.757256642992,181.73746569533,-8.));
#3498 = LINE('',#3499,#3500);
#3499 = CARTESIAN_POINT('',(41.757256642992,181.73746569533,-8.));
#3500 = VECTOR('',#3501,1.);
#3501 = DIRECTION('',(1.,-2.22044604925E-16,1.110223024625E-16));
#3502 = ORIENTED_EDGE('',*,*,#3503,.T.);
#3503 = EDGE_CURVE('',#3496,#1276,#3504,.T.);
#3504 = CIRCLE('',#3505,3.3235);
#3505 = AXIS2_PLACEMENT_3D('',#3506,#3507,#3508);
#3506 = CARTESIAN_POINT('',(51.757256642992,178.41396569533,-8.));
#3507 = DIRECTION('',(-1.,2.22044604925E-16,-1.110223024625E-16));
#3508 = DIRECTION('',(-2.22044604925E-16,-1.,2.22044604925E-16));
#3509 = ORIENTED_EDGE('',*,*,#1284,.T.);
#3510 = ORIENTED_EDGE('',*,*,#3511,.T.);
#3511 = EDGE_CURVE('',#1274,#3496,#3512,.T.);
#3512 = CIRCLE('',#3513,3.3235);
#3513 = AXIS2_PLACEMENT_3D('',#3514,#3515,#3516);
#3514 = CARTESIAN_POINT('',(51.757256642992,178.41396569533,-8.));
#3515 = DIRECTION('',(-1.,2.22044604925E-16,-1.110223024625E-16));
#3516 = DIRECTION('',(-2.22044604925E-16,-1.,2.22044604925E-16));
#3517 = ORIENTED_EDGE('',*,*,#3495,.F.);
#3518 = ORIENTED_EDGE('',*,*,#3265,.T.);
#3519 = ORIENTED_EDGE('',*,*,#3254,.T.);
#3520 = CYLINDRICAL_SURFACE('',#3521,3.3235);
#3521 = AXIS2_PLACEMENT_3D('',#3522,#3523,#3524);
#3522 = CARTESIAN_POINT('',(41.757256642992,178.41396569533,-8.));
#3523 = DIRECTION('',(-1.,2.22044604925E-16,-1.110223024625E-16));
#3524 = DIRECTION('',(-2.22044604925E-16,-1.,2.22044604925E-16));
#3525 = ADVANCED_FACE('',(#3526),#3531,.F.);
#3526 = FACE_BOUND('',#3527,.F.);
#3527 = EDGE_LOOP('',(#3528,#3529,#3530));
#3528 = ORIENTED_EDGE('',*,*,#3503,.F.);
#3529 = ORIENTED_EDGE('',*,*,#3511,.F.);
#3530 = ORIENTED_EDGE('',*,*,#1273,.T.);
#3531 = CONICAL_SURFACE('',#3532,1.66175,1.029744258677);
#3532 = AXIS2_PLACEMENT_3D('',#3533,#3534,#3535);
#3533 = CARTESIAN_POINT('',(52.755736776661,178.41396569533,-8.));
#3534 = DIRECTION('',(-1.,2.22044604925E-16,-1.110223024625E-16));
#3535 = DIRECTION('',(2.22044604925E-16,1.,-3.009044543941E-15));
#3536 = ADVANCED_FACE('',(#3537),#3565,.F.);
#3537 = FACE_BOUND('',#3538,.F.);
#3538 = EDGE_LOOP('',(#3539,#3547,#3554,#3555,#3562,#3563,#3564));
#3539 = ORIENTED_EDGE('',*,*,#3540,.T.);
#3540 = EDGE_CURVE('',#22,#3541,#3543,.T.);
#3541 = VERTEX_POINT('',#3542);
#3542 = CARTESIAN_POINT('',(51.757256642992,181.73746569533,8.));
#3543 = LINE('',#3544,#3545);
#3544 = CARTESIAN_POINT('',(41.757256642992,181.73746569533,8.));
#3545 = VECTOR('',#3546,1.);
#3546 = DIRECTION('',(1.,-2.22044604925E-16,1.110223024625E-16));
#3547 = ORIENTED_EDGE('',*,*,#3548,.T.);
#3548 = EDGE_CURVE('',#3541,#1256,#3549,.T.);
#3549 = CIRCLE('',#3550,3.3235);
#3550 = AXIS2_PLACEMENT_3D('',#3551,#3552,#3553);
#3551 = CARTESIAN_POINT('',(51.757256642992,178.41396569533,8.));
#3552 = DIRECTION('',(-1.,2.22044604925E-16,-1.110223024625E-16));
#3553 = DIRECTION('',(-2.22044604925E-16,-1.,2.22044604925E-16));
#3554 = ORIENTED_EDGE('',*,*,#1264,.T.);
#3555 = ORIENTED_EDGE('',*,*,#3556,.T.);
#3556 = EDGE_CURVE('',#1254,#3541,#3557,.T.);
#3557 = CIRCLE('',#3558,3.3235);
#3558 = AXIS2_PLACEMENT_3D('',#3559,#3560,#3561);
#3559 = CARTESIAN_POINT('',(51.757256642992,178.41396569533,8.));
#3560 = DIRECTION('',(-1.,2.22044604925E-16,-1.110223024625E-16));
#3561 = DIRECTION('',(-2.22044604925E-16,-1.,2.22044604925E-16));
#3562 = ORIENTED_EDGE('',*,*,#3540,.F.);
#3563 = ORIENTED_EDGE('',*,*,#32,.F.);
#3564 = ORIENTED_EDGE('',*,*,#21,.F.);
#3565 = CYLINDRICAL_SURFACE('',#3566,3.3235);
#3566 = AXIS2_PLACEMENT_3D('',#3567,#3568,#3569);
#3567 = CARTESIAN_POINT('',(41.757256642992,178.41396569533,8.));
#3568 = DIRECTION('',(-1.,2.22044604925E-16,-1.110223024625E-16));
#3569 = DIRECTION('',(-2.22044604925E-16,-1.,2.22044604925E-16));
#3570 = ADVANCED_FACE('',(#3571),#3576,.F.);
#3571 = FACE_BOUND('',#3572,.F.);
#3572 = EDGE_LOOP('',(#3573,#3574,#3575));
#3573 = ORIENTED_EDGE('',*,*,#3548,.F.);
#3574 = ORIENTED_EDGE('',*,*,#3556,.F.);
#3575 = ORIENTED_EDGE('',*,*,#1253,.T.);
#3576 = CONICAL_SURFACE('',#3577,1.66175,1.029744258677);
#3577 = AXIS2_PLACEMENT_3D('',#3578,#3579,#3580);
#3578 = CARTESIAN_POINT('',(52.755736776661,178.41396569533,8.));
#3579 = DIRECTION('',(-1.,2.22044604925E-16,-1.110223024625E-16));
#3580 = DIRECTION('',(2.22044604925E-16,1.,-1.23268770454E-15));
#3581 = ADVANCED_FACE('',(#3582),#3611,.F.);
#3582 = FACE_BOUND('',#3583,.F.);
#3583 = EDGE_LOOP('',(#3584,#3595,#3603,#3604));
#3584 = ORIENTED_EDGE('',*,*,#3585,.F.);
#3585 = EDGE_CURVE('',#3586,#3588,#3590,.T.);
#3586 = VERTEX_POINT('',#3587);
#3587 = CARTESIAN_POINT('',(51.757256642992,215.73746569533,-8.));
#3588 = VERTEX_POINT('',#3589);
#3589 = CARTESIAN_POINT('',(51.757256642992,209.09046569533,-8.));
#3590 = CIRCLE('',#3591,3.3235);
#3591 = AXIS2_PLACEMENT_3D('',#3592,#3593,#3594);
#3592 = CARTESIAN_POINT('',(51.757256642992,212.41396569533,-8.));
#3593 = DIRECTION('',(-1.,2.22044604925E-16,-1.110223024625E-16));
#3594 = DIRECTION('',(-2.22044604925E-16,-1.,2.22044604925E-16));
#3595 = ORIENTED_EDGE('',*,*,#3596,.T.);
#3596 = EDGE_CURVE('',#3586,#3597,#3599,.T.);
#3597 = VERTEX_POINT('',#3598);
#3598 = CARTESIAN_POINT('',(53.75421691033,212.41396569533,-8.));
#3599 = LINE('',#3600,#3601);
#3600 = CARTESIAN_POINT('',(52.755736776661,214.07571569533,-8.));
#3601 = VECTOR('',#3602,1.);
#3602 = DIRECTION('',(0.51503807491,-0.857167300702,3.524828066854E-16)
  );
#3603 = ORIENTED_EDGE('',*,*,#3596,.F.);
#3604 = ORIENTED_EDGE('',*,*,#3605,.F.);
#3605 = EDGE_CURVE('',#3588,#3586,#3606,.T.);
#3606 = CIRCLE('',#3607,3.3235);
#3607 = AXIS2_PLACEMENT_3D('',#3608,#3609,#3610);
#3608 = CARTESIAN_POINT('',(51.757256642992,212.41396569533,-8.));
#3609 = DIRECTION('',(-1.,2.22044604925E-16,-1.110223024625E-16));
#3610 = DIRECTION('',(-2.22044604925E-16,-1.,2.22044604925E-16));
#3611 = CONICAL_SURFACE('',#3612,1.66175,1.029744258677);
#3612 = AXIS2_PLACEMENT_3D('',#3613,#3614,#3615);
#3613 = CARTESIAN_POINT('',(52.755736776661,212.41396569533,-8.));
#3614 = DIRECTION('',(-1.,2.22044604925E-16,-1.110223024625E-16));
#3615 = DIRECTION('',(-2.22044604925E-16,-1.,2.22044604925E-16));
#3616 = ADVANCED_FACE('',(#3617),#3630,.F.);
#3617 = FACE_BOUND('',#3618,.F.);
#3618 = EDGE_LOOP('',(#3619,#3625,#3626,#3627,#3628,#3629));
#3619 = ORIENTED_EDGE('',*,*,#3620,.T.);
#3620 = EDGE_CURVE('',#3277,#3586,#3621,.T.);
#3621 = LINE('',#3622,#3623);
#3622 = CARTESIAN_POINT('',(41.757256642992,215.73746569533,-8.));
#3623 = VECTOR('',#3624,1.);
#3624 = DIRECTION('',(1.,-2.22044604925E-16,1.110223024625E-16));
#3625 = ORIENTED_EDGE('',*,*,#3585,.T.);
#3626 = ORIENTED_EDGE('',*,*,#3605,.T.);
#3627 = ORIENTED_EDGE('',*,*,#3620,.F.);
#3628 = ORIENTED_EDGE('',*,*,#3285,.T.);
#3629 = ORIENTED_EDGE('',*,*,#3274,.T.);
#3630 = CYLINDRICAL_SURFACE('',#3631,3.3235);
#3631 = AXIS2_PLACEMENT_3D('',#3632,#3633,#3634);
#3632 = CARTESIAN_POINT('',(41.757256642992,212.41396569533,-8.));
#3633 = DIRECTION('',(-1.,2.22044604925E-16,-1.110223024625E-16));
#3634 = DIRECTION('',(-2.22044604925E-16,-1.,2.22044604925E-16));
#3635 = ADVANCED_FACE('',(#3636),#3655,.F.);
#3636 = FACE_BOUND('',#3637,.T.);
#3637 = EDGE_LOOP('',(#3638,#3649));
#3638 = ORIENTED_EDGE('',*,*,#3639,.F.);
#3639 = EDGE_CURVE('',#3640,#3642,#3644,.T.);
#3640 = VERTEX_POINT('',#3641);
#3641 = CARTESIAN_POINT('',(11.757256642992,229.41396569533,
    -17.00183813591));
#3642 = VERTEX_POINT('',#3643);
#3643 = CARTESIAN_POINT('',(11.757256642992,229.41396569533,
    17.001838135919));
#3644 = ELLIPSE('',#3645,37.123106012294,26.25);
#3645 = AXIS2_PLACEMENT_3D('',#3646,#3647,#3648);
#3646 = CARTESIAN_POINT('',(31.757256642992,209.41396569533,
    -1.964305675681E-14));
#3647 = DIRECTION('',(0.707106781187,0.707106781187,-7.850462293419E-17)
  );
#3648 = DIRECTION('',(-0.707106781187,0.707106781187,-2.355138688025E-16
    ));
#3649 = ORIENTED_EDGE('',*,*,#3650,.F.);
#3650 = EDGE_CURVE('',#3642,#3640,#3651,.T.);
#3651 = LINE('',#3652,#3653);
#3652 = CARTESIAN_POINT('',(11.757256642992,229.41396569533,
    1.586022758341E-14));
#3653 = VECTOR('',#3654,1.);
#3654 = DIRECTION('',(1.110223024625E-16,-2.22044604925E-16,-1.));
#3655 = PLANE('',#3656);
#3656 = AXIS2_PLACEMENT_3D('',#3657,#3658,#3659);
#3657 = CARTESIAN_POINT('',(11.757256642992,229.41396569533,
    -2.630439490456E-14));
#3658 = DIRECTION('',(0.707106781187,0.707106781187,-7.850462293419E-17)
  );
#3659 = DIRECTION('',(1.110223024625E-16,-2.22044604925E-16,-1.));
#3660 = ADVANCED_FACE('',(#3661),#3705,.T.);
#3661 = FACE_BOUND('',#3662,.T.);
#3662 = EDGE_LOOP('',(#3663,#3674,#3681,#3687,#3688,#3695,#3696,#3703,
    #3704));
#3663 = ORIENTED_EDGE('',*,*,#3664,.F.);
#3664 = EDGE_CURVE('',#3665,#3667,#3669,.T.);
#3665 = VERTEX_POINT('',#3666);
#3666 = CARTESIAN_POINT('',(5.507256642992,245.41396569533,
    -3.055099797375E-14));
#3667 = VERTEX_POINT('',#3668);
#3668 = CARTESIAN_POINT('',(58.007256642992,245.41396569533,
    -2.793702494223E-14));
#3669 = CIRCLE('',#3670,26.25);
#3670 = AXIS2_PLACEMENT_3D('',#3671,#3672,#3673);
#3671 = CARTESIAN_POINT('',(31.757256642992,245.41396569533,
    -2.763666253411E-14));
#3672 = DIRECTION('',(-9.51619735393E-17,1.,-2.22044604925E-16));
#3673 = DIRECTION('',(-1.,-9.51619735393E-17,-1.110223024625E-16));
#3674 = ORIENTED_EDGE('',*,*,#3675,.F.);
#3675 = EDGE_CURVE('',#3667,#3665,#3676,.T.);
#3676 = CIRCLE('',#3677,26.25);
#3677 = AXIS2_PLACEMENT_3D('',#3678,#3679,#3680);
#3678 = CARTESIAN_POINT('',(31.757256642992,245.41396569533,
    -2.763666253411E-14));
#3679 = DIRECTION('',(-9.51619735393E-17,1.,-2.22044604925E-16));
#3680 = DIRECTION('',(-1.,-9.51619735393E-17,-1.110223024625E-16));
#3681 = ORIENTED_EDGE('',*,*,#3682,.T.);
#3682 = EDGE_CURVE('',#3667,#1436,#3683,.T.);
#3683 = LINE('',#3684,#3685);
#3684 = CARTESIAN_POINT('',(58.007256642992,237.41396569533,
    -2.616066810283E-14));
#3685 = VECTOR('',#3686,1.);
#3686 = DIRECTION('',(9.51619735393E-17,-1.,2.22044604925E-16));
#3687 = ORIENTED_EDGE('',*,*,#1435,.T.);
#3688 = ORIENTED_EDGE('',*,*,#3689,.T.);
#3689 = EDGE_CURVE('',#1428,#3640,#3690,.T.);
#3690 = CIRCLE('',#3691,26.25);
#3691 = AXIS2_PLACEMENT_3D('',#3692,#3693,#3694);
#3692 = CARTESIAN_POINT('',(31.757256642992,229.41396569533,
    -2.408394885531E-14));
#3693 = DIRECTION('',(-9.51619735393E-17,1.,-2.22044604925E-16));
#3694 = DIRECTION('',(-1.,-9.51619735393E-17,-1.110223024625E-16));
#3695 = ORIENTED_EDGE('',*,*,#3639,.T.);
#3696 = ORIENTED_EDGE('',*,*,#3697,.T.);
#3697 = EDGE_CURVE('',#3642,#1445,#3698,.T.);
#3698 = CIRCLE('',#3699,26.25);
#3699 = AXIS2_PLACEMENT_3D('',#3700,#3701,#3702);
#3700 = CARTESIAN_POINT('',(31.757256642992,229.41396569533,
    -2.408394885531E-14));
#3701 = DIRECTION('',(-9.51619735393E-17,1.,-2.22044604925E-16));
#3702 = DIRECTION('',(-1.,-9.51619735393E-17,-1.110223024625E-16));
#3703 = ORIENTED_EDGE('',*,*,#1444,.T.);
#3704 = ORIENTED_EDGE('',*,*,#3682,.F.);
#3705 = CYLINDRICAL_SURFACE('',#3706,26.25);
#3706 = AXIS2_PLACEMENT_3D('',#3707,#3708,#3709);
#3707 = CARTESIAN_POINT('',(31.757256642992,237.41396569533,
    -2.586030569471E-14));
#3708 = DIRECTION('',(-9.51619735393E-17,1.,-2.22044604925E-16));
#3709 = DIRECTION('',(-1.,-9.51619735393E-17,-1.110223024625E-16));
#3710 = ADVANCED_FACE('',(#3711),#3755,.F.);
#3711 = FACE_BOUND('',#3712,.F.);
#3712 = EDGE_LOOP('',(#3713,#3721,#3722,#3730,#3739,#3745,#3746,#3747,
    #3748));
#3713 = ORIENTED_EDGE('',*,*,#3714,.T.);
#3714 = EDGE_CURVE('',#3715,#3213,#3717,.T.);
#3715 = VERTEX_POINT('',#3716);
#3716 = CARTESIAN_POINT('',(29.757256642992,221.41896882424,20.2));
#3717 = LINE('',#3718,#3719);
#3718 = CARTESIAN_POINT('',(11.757256642992,221.41896882424,20.2));
#3719 = VECTOR('',#3720,1.);
#3720 = DIRECTION('',(1.,-2.009130117984E-30,-7.771561172376E-15));
#3721 = ORIENTED_EDGE('',*,*,#3220,.T.);
#3722 = ORIENTED_EDGE('',*,*,#3723,.T.);
#3723 = EDGE_CURVE('',#3171,#3724,#3726,.T.);
#3724 = VERTEX_POINT('',#3725);
#3725 = CARTESIAN_POINT('',(29.757256642992,229.40896256642,20.2));
#3726 = LINE('',#3727,#3728);
#3727 = CARTESIAN_POINT('',(11.757256642992,229.40896256642,20.2));
#3728 = VECTOR('',#3729,1.);
#3729 = DIRECTION('',(-1.,2.009130117984E-30,7.771561172376E-15));
#3730 = ORIENTED_EDGE('',*,*,#3731,.T.);
#3731 = EDGE_CURVE('',#3724,#3732,#3734,.T.);
#3732 = VERTEX_POINT('',#3733);
#3733 = CARTESIAN_POINT('',(29.757256642992,229.41396569533,20.));
#3734 = CIRCLE('',#3735,4.);
#3735 = AXIS2_PLACEMENT_3D('',#3736,#3737,#3738);
#3736 = CARTESIAN_POINT('',(29.757256642992,225.41396569533,20.));
#3737 = DIRECTION('',(-1.,-9.51619735393E-17,-1.498801083243E-15));
#3738 = DIRECTION('',(9.51619735393E-17,-1.,4.996003610813E-16));
#3739 = ORIENTED_EDGE('',*,*,#3740,.T.);
#3740 = EDGE_CURVE('',#3732,#1445,#3741,.T.);
#3741 = LINE('',#3742,#3743);
#3742 = CARTESIAN_POINT('',(29.757256642992,229.41396569533,20.));
#3743 = VECTOR('',#3744,1.);
#3744 = DIRECTION('',(-1.,-9.51619735393E-17,3.466362999107E-15));
#3745 = ORIENTED_EDGE('',*,*,#1453,.T.);
#3746 = ORIENTED_EDGE('',*,*,#1356,.T.);
#3747 = ORIENTED_EDGE('',*,*,#762,.T.);
#3748 = ORIENTED_EDGE('',*,*,#3749,.T.);
#3749 = EDGE_CURVE('',#763,#3715,#3750,.T.);
#3750 = CIRCLE('',#3751,4.);
#3751 = AXIS2_PLACEMENT_3D('',#3752,#3753,#3754);
#3752 = CARTESIAN_POINT('',(29.757256642992,225.41396569533,20.));
#3753 = DIRECTION('',(-1.,-9.51619735393E-17,-1.498801083243E-15));
#3754 = DIRECTION('',(9.51619735393E-17,-1.,4.996003610813E-16));
#3755 = CYLINDRICAL_SURFACE('',#3756,4.);
#3756 = AXIS2_PLACEMENT_3D('',#3757,#3758,#3759);
#3757 = CARTESIAN_POINT('',(11.757256642992,225.41396569533,20.));
#3758 = DIRECTION('',(1.,-2.033782021272E-30,-7.771561172376E-15));
#3759 = DIRECTION('',(1.848892746612E-30,-1.,4.996003610813E-16));
#3760 = ADVANCED_FACE('',(#3761),#3812,.F.);
#3761 = FACE_BOUND('',#3762,.F.);
#3762 = EDGE_LOOP('',(#3763,#3771,#3772,#3780,#3789,#3795,#3796,#3797,
    #3805));
#3763 = ORIENTED_EDGE('',*,*,#3764,.T.);
#3764 = EDGE_CURVE('',#3765,#3189,#3767,.T.);
#3765 = VERTEX_POINT('',#3766);
#3766 = CARTESIAN_POINT('',(29.757256642992,229.40896256642,-20.2));
#3767 = LINE('',#3768,#3769);
#3768 = CARTESIAN_POINT('',(11.757256642992,229.40896256642,-20.2));
#3769 = VECTOR('',#3770,1.);
#3770 = DIRECTION('',(1.,-2.009130117984E-30,-7.771561172376E-15));
#3771 = ORIENTED_EDGE('',*,*,#3196,.T.);
#3772 = ORIENTED_EDGE('',*,*,#3773,.T.);
#3773 = EDGE_CURVE('',#3197,#3774,#3776,.T.);
#3774 = VERTEX_POINT('',#3775);
#3775 = CARTESIAN_POINT('',(29.757256642992,221.41896882424,-20.2));
#3776 = LINE('',#3777,#3778);
#3777 = CARTESIAN_POINT('',(11.757256642992,221.41896882424,-20.2));
#3778 = VECTOR('',#3779,1.);
#3779 = DIRECTION('',(-1.,2.009130117984E-30,7.771561172376E-15));
#3780 = ORIENTED_EDGE('',*,*,#3781,.T.);
#3781 = EDGE_CURVE('',#3774,#3782,#3784,.T.);
#3782 = VERTEX_POINT('',#3783);
#3783 = CARTESIAN_POINT('',(29.757256642992,221.41396569533,-20.));
#3784 = CIRCLE('',#3785,4.);
#3785 = AXIS2_PLACEMENT_3D('',#3786,#3787,#3788);
#3786 = CARTESIAN_POINT('',(29.757256642992,225.41396569533,-20.));
#3787 = DIRECTION('',(-1.,-9.51619735393E-17,-2.886579864025E-15));
#3788 = DIRECTION('',(-9.51619735393E-17,1.,8.881784197001E-16));
#3789 = ORIENTED_EDGE('',*,*,#3790,.T.);
#3790 = EDGE_CURVE('',#3782,#1014,#3791,.T.);
#3791 = LINE('',#3792,#3793);
#3792 = CARTESIAN_POINT('',(11.757256642992,221.41396569533,-20.));
#3793 = VECTOR('',#3794,1.);
#3794 = DIRECTION('',(-1.,2.009130117984E-30,7.771561172376E-15));
#3795 = ORIENTED_EDGE('',*,*,#1021,.T.);
#3796 = ORIENTED_EDGE('',*,*,#1427,.T.);
#3797 = ORIENTED_EDGE('',*,*,#3798,.T.);
#3798 = EDGE_CURVE('',#1428,#3799,#3801,.T.);
#3799 = VERTEX_POINT('',#3800);
#3800 = CARTESIAN_POINT('',(29.757256642992,229.41396569533,-20.));
#3801 = LINE('',#3802,#3803);
#3802 = CARTESIAN_POINT('',(11.757256642992,229.41396569533,-20.));
#3803 = VECTOR('',#3804,1.);
#3804 = DIRECTION('',(1.,9.51619735393E-17,2.824900807102E-15));
#3805 = ORIENTED_EDGE('',*,*,#3806,.T.);
#3806 = EDGE_CURVE('',#3799,#3765,#3807,.T.);
#3807 = CIRCLE('',#3808,4.);
#3808 = AXIS2_PLACEMENT_3D('',#3809,#3810,#3811);
#3809 = CARTESIAN_POINT('',(29.757256642992,225.41396569533,-20.));
#3810 = DIRECTION('',(-1.,-9.51619735393E-17,-2.886579864025E-15));
#3811 = DIRECTION('',(-9.51619735393E-17,1.,8.881784197001E-16));
#3812 = CYLINDRICAL_SURFACE('',#3813,4.);
#3813 = AXIS2_PLACEMENT_3D('',#3814,#3815,#3816);
#3814 = CARTESIAN_POINT('',(11.757256642992,225.41396569533,-20.));
#3815 = DIRECTION('',(1.,-2.033782021272E-30,-7.771561172376E-15));
#3816 = DIRECTION('',(8.936314941956E-30,1.,8.881784197001E-16));
#3817 = ADVANCED_FACE('',(#3818),#3831,.F.);
#3818 = FACE_BOUND('',#3819,.T.);
#3819 = EDGE_LOOP('',(#3820,#3821,#3827,#3828,#3829,#3830));
#3820 = ORIENTED_EDGE('',*,*,#3749,.T.);
#3821 = ORIENTED_EDGE('',*,*,#3822,.F.);
#3822 = EDGE_CURVE('',#1121,#3715,#3823,.T.);
#3823 = LINE('',#3824,#3825);
#3824 = CARTESIAN_POINT('',(29.757256642992,159.41396569533,20.2));
#3825 = VECTOR('',#3826,1.);
#3826 = DIRECTION('',(-9.51619735393E-17,1.,-2.22044604925E-16));
#3827 = ORIENTED_EDGE('',*,*,#1120,.F.);
#3828 = ORIENTED_EDGE('',*,*,#738,.T.);
#3829 = ORIENTED_EDGE('',*,*,#568,.T.);
#3830 = ORIENTED_EDGE('',*,*,#770,.T.);
#3831 = PLANE('',#3832);
#3832 = AXIS2_PLACEMENT_3D('',#3833,#3834,#3835);
#3833 = CARTESIAN_POINT('',(29.757256642992,159.41396569533,20.2));
#3834 = DIRECTION('',(-1.,-9.51619735393E-17,-1.498801083243E-15));
#3835 = DIRECTION('',(-1.498801083243E-15,2.22044604925E-16,1.));
#3836 = ADVANCED_FACE('',(#3837),#3854,.F.);
#3837 = FACE_BOUND('',#3838,.T.);
#3838 = EDGE_LOOP('',(#3839,#3840,#3848));
#3839 = ORIENTED_EDGE('',*,*,#3731,.T.);
#3840 = ORIENTED_EDGE('',*,*,#3841,.F.);
#3841 = EDGE_CURVE('',#3842,#3732,#3844,.T.);
#3842 = VERTEX_POINT('',#3843);
#3843 = CARTESIAN_POINT('',(29.757256642992,229.41396569533,20.2));
#3844 = LINE('',#3845,#3846);
#3845 = CARTESIAN_POINT('',(29.757256642992,229.41396569533,20.2));
#3846 = VECTOR('',#3847,1.);
#3847 = DIRECTION('',(1.498801083243E-15,-2.22044604925E-16,-1.));
#3848 = ORIENTED_EDGE('',*,*,#3849,.F.);
#3849 = EDGE_CURVE('',#3724,#3842,#3850,.T.);
#3850 = LINE('',#3851,#3852);
#3851 = CARTESIAN_POINT('',(29.757256642992,159.41396569533,20.2));
#3852 = VECTOR('',#3853,1.);
#3853 = DIRECTION('',(-9.51619735393E-17,1.,-2.22044604925E-16));
#3854 = PLANE('',#3855);
#3855 = AXIS2_PLACEMENT_3D('',#3856,#3857,#3858);
#3856 = CARTESIAN_POINT('',(29.757256642992,159.41396569533,20.2));
#3857 = DIRECTION('',(-1.,-9.51619735393E-17,-1.498801083243E-15));
#3858 = DIRECTION('',(-1.498801083243E-15,2.22044604925E-16,1.));
#3859 = ADVANCED_FACE('',(#3860),#3866,.F.);
#3860 = FACE_BOUND('',#3861,.T.);
#3861 = EDGE_LOOP('',(#3862,#3863,#3864,#3865));
#3862 = ORIENTED_EDGE('',*,*,#3714,.T.);
#3863 = ORIENTED_EDGE('',*,*,#3212,.F.);
#3864 = ORIENTED_EDGE('',*,*,#1128,.F.);
#3865 = ORIENTED_EDGE('',*,*,#3822,.T.);
#3866 = PLANE('',#3867);
#3867 = AXIS2_PLACEMENT_3D('',#3868,#3869,#3870);
#3868 = CARTESIAN_POINT('',(31.757256642992,159.41396569533,20.2));
#3869 = DIRECTION('',(-2.331468351713E-15,2.22044604925E-16,1.));
#3870 = DIRECTION('',(2.22044604925E-16,1.,-2.22044604925E-16));
#3871 = ADVANCED_FACE('',(#3872),#3883,.F.);
#3872 = FACE_BOUND('',#3873,.T.);
#3873 = EDGE_LOOP('',(#3874,#3875,#3881,#3882));
#3874 = ORIENTED_EDGE('',*,*,#3773,.T.);
#3875 = ORIENTED_EDGE('',*,*,#3876,.F.);
#3876 = EDGE_CURVE('',#1145,#3774,#3877,.T.);
#3877 = LINE('',#3878,#3879);
#3878 = CARTESIAN_POINT('',(29.757256642992,159.41396569533,-20.2));
#3879 = VECTOR('',#3880,1.);
#3880 = DIRECTION('',(-9.51619735393E-17,1.,-2.22044604925E-16));
#3881 = ORIENTED_EDGE('',*,*,#1144,.F.);
#3882 = ORIENTED_EDGE('',*,*,#3205,.T.);
#3883 = PLANE('',#3884);
#3884 = AXIS2_PLACEMENT_3D('',#3885,#3886,#3887);
#3885 = CARTESIAN_POINT('',(29.757256642992,159.41396569533,-20.2));
#3886 = DIRECTION('',(1.110223024625E-16,-2.22044604925E-16,-1.));
#3887 = DIRECTION('',(-2.22044604925E-16,-1.,2.22044604925E-16));
#3888 = ADVANCED_FACE('',(#3889),#3907,.F.);
#3889 = FACE_BOUND('',#3890,.T.);
#3890 = EDGE_LOOP('',(#3891,#3892,#3893,#3901));
#3891 = ORIENTED_EDGE('',*,*,#3764,.T.);
#3892 = ORIENTED_EDGE('',*,*,#3188,.T.);
#3893 = ORIENTED_EDGE('',*,*,#3894,.F.);
#3894 = EDGE_CURVE('',#3895,#3181,#3897,.T.);
#3895 = VERTEX_POINT('',#3896);
#3896 = CARTESIAN_POINT('',(29.757256642992,229.41396569533,-20.2));
#3897 = LINE('',#3898,#3899);
#3898 = CARTESIAN_POINT('',(29.757256642992,229.41396569533,-20.2));
#3899 = VECTOR('',#3900,1.);
#3900 = DIRECTION('',(1.,9.51619735393E-17,1.110223024625E-16));
#3901 = ORIENTED_EDGE('',*,*,#3902,.F.);
#3902 = EDGE_CURVE('',#3765,#3895,#3903,.T.);
#3903 = LINE('',#3904,#3905);
#3904 = CARTESIAN_POINT('',(29.757256642992,159.41396569533,-20.2));
#3905 = VECTOR('',#3906,1.);
#3906 = DIRECTION('',(-9.51619735393E-17,1.,-2.22044604925E-16));
#3907 = PLANE('',#3908);
#3908 = AXIS2_PLACEMENT_3D('',#3909,#3910,#3911);
#3909 = CARTESIAN_POINT('',(29.757256642992,159.41396569533,-20.2));
#3910 = DIRECTION('',(1.110223024625E-16,-2.22044604925E-16,-1.));
#3911 = DIRECTION('',(-2.22044604925E-16,-1.,2.22044604925E-16));
#3912 = ADVANCED_FACE('',(#3913),#3924,.F.);
#3913 = FACE_BOUND('',#3914,.T.);
#3914 = EDGE_LOOP('',(#3915,#3916,#3922,#3923));
#3915 = ORIENTED_EDGE('',*,*,#3781,.T.);
#3916 = ORIENTED_EDGE('',*,*,#3917,.F.);
#3917 = EDGE_CURVE('',#1153,#3782,#3918,.T.);
#3918 = LINE('',#3919,#3920);
#3919 = CARTESIAN_POINT('',(29.757256642992,159.41396569533,-20.));
#3920 = VECTOR('',#3921,1.);
#3921 = DIRECTION('',(-9.51619735393E-17,1.,-2.22044604925E-16));
#3922 = ORIENTED_EDGE('',*,*,#1152,.F.);
#3923 = ORIENTED_EDGE('',*,*,#3876,.T.);
#3924 = PLANE('',#3925);
#3925 = AXIS2_PLACEMENT_3D('',#3926,#3927,#3928);
#3926 = CARTESIAN_POINT('',(29.757256642992,159.41396569533,-20.));
#3927 = DIRECTION('',(-1.,-9.51619735393E-17,-2.886579864025E-15));
#3928 = DIRECTION('',(-2.886579864025E-15,2.22044604925E-16,1.));
#3929 = ADVANCED_FACE('',(#3930),#3940,.F.);
#3930 = FACE_BOUND('',#3931,.T.);
#3931 = EDGE_LOOP('',(#3932,#3933,#3934));
#3932 = ORIENTED_EDGE('',*,*,#3806,.T.);
#3933 = ORIENTED_EDGE('',*,*,#3902,.T.);
#3934 = ORIENTED_EDGE('',*,*,#3935,.F.);
#3935 = EDGE_CURVE('',#3799,#3895,#3936,.T.);
#3936 = LINE('',#3937,#3938);
#3937 = CARTESIAN_POINT('',(29.757256642992,229.41396569533,-20.));
#3938 = VECTOR('',#3939,1.);
#3939 = DIRECTION('',(2.886579864025E-15,-2.22044604925E-16,-1.));
#3940 = PLANE('',#3941);
#3941 = AXIS2_PLACEMENT_3D('',#3942,#3943,#3944);
#3942 = CARTESIAN_POINT('',(29.757256642992,159.41396569533,-20.));
#3943 = DIRECTION('',(-1.,-9.51619735393E-17,-2.886579864025E-15));
#3944 = DIRECTION('',(-2.886579864025E-15,2.22044604925E-16,1.));
#3945 = ADVANCED_FACE('',(#3946),#3952,.F.);
#3946 = FACE_BOUND('',#3947,.T.);
#3947 = EDGE_LOOP('',(#3948,#3949,#3950,#3951));
#3948 = ORIENTED_EDGE('',*,*,#990,.T.);
#3949 = ORIENTED_EDGE('',*,*,#1463,.F.);
#3950 = ORIENTED_EDGE('',*,*,#1324,.T.);
#3951 = ORIENTED_EDGE('',*,*,#1234,.T.);
#3952 = PLANE('',#3953);
#3953 = AXIS2_PLACEMENT_3D('',#3954,#3955,#3956);
#3954 = CARTESIAN_POINT('',(63.257256642992,159.41396569533,
    27.780388766178));
#3955 = DIRECTION('',(-1.,-9.51619735393E-17,-6.705221163627E-16));
#3956 = DIRECTION('',(-6.705221163627E-16,2.22044604925E-16,1.));
#3957 = ADVANCED_FACE('',(#3958),#3969,.F.);
#3958 = FACE_BOUND('',#3959,.T.);
#3959 = EDGE_LOOP('',(#3960,#3961,#3962,#3968));
#3960 = ORIENTED_EDGE('',*,*,#3723,.T.);
#3961 = ORIENTED_EDGE('',*,*,#3849,.T.);
#3962 = ORIENTED_EDGE('',*,*,#3963,.F.);
#3963 = EDGE_CURVE('',#3173,#3842,#3964,.T.);
#3964 = LINE('',#3965,#3966);
#3965 = CARTESIAN_POINT('',(31.757256642992,229.41396569533,20.2));
#3966 = VECTOR('',#3967,1.);
#3967 = DIRECTION('',(-1.,-9.51619735393E-17,-2.331468351713E-15));
#3968 = ORIENTED_EDGE('',*,*,#3170,.F.);
#3969 = PLANE('',#3970);
#3970 = AXIS2_PLACEMENT_3D('',#3971,#3972,#3973);
#3971 = CARTESIAN_POINT('',(31.757256642992,159.41396569533,20.2));
#3972 = DIRECTION('',(-2.331468351713E-15,2.22044604925E-16,1.));
#3973 = DIRECTION('',(2.22044604925E-16,1.,-2.22044604925E-16));
#3974 = ADVANCED_FACE('',(#3975,#3981),#3987,.F.);
#3975 = FACE_BOUND('',#3976,.T.);
#3976 = EDGE_LOOP('',(#3977,#3978,#3979,#3980));
#3977 = ORIENTED_EDGE('',*,*,#3790,.T.);
#3978 = ORIENTED_EDGE('',*,*,#1013,.F.);
#3979 = ORIENTED_EDGE('',*,*,#1160,.F.);
#3980 = ORIENTED_EDGE('',*,*,#3917,.T.);
#3981 = FACE_BOUND('',#3982,.T.);
#3982 = EDGE_LOOP('',(#3983,#3984,#3985,#3986));
#3983 = ORIENTED_EDGE('',*,*,#2644,.T.);
#3984 = ORIENTED_EDGE('',*,*,#2724,.T.);
#3985 = ORIENTED_EDGE('',*,*,#2684,.T.);
#3986 = ORIENTED_EDGE('',*,*,#2731,.T.);
#3987 = PLANE('',#3988);
#3988 = AXIS2_PLACEMENT_3D('',#3989,#3990,#3991);
#3989 = CARTESIAN_POINT('',(11.757256642992,159.41396569533,-20.));
#3990 = DIRECTION('',(2.824900807102E-15,-2.22044604925E-16,-1.));
#3991 = DIRECTION('',(-2.22044604925E-16,-1.,2.22044604925E-16));
#3992 = ADVANCED_FACE('',(#3993),#4005,.F.);
#3993 = FACE_BOUND('',#3994,.T.);
#3994 = EDGE_LOOP('',(#3995,#3996,#3997,#3998,#3999,#4000,#4001,#4002,
    #4003,#4004));
#3995 = ORIENTED_EDGE('',*,*,#3650,.T.);
#3996 = ORIENTED_EDGE('',*,*,#3689,.F.);
#3997 = ORIENTED_EDGE('',*,*,#3798,.T.);
#3998 = ORIENTED_EDGE('',*,*,#3935,.T.);
#3999 = ORIENTED_EDGE('',*,*,#3894,.T.);
#4000 = ORIENTED_EDGE('',*,*,#3180,.T.);
#4001 = ORIENTED_EDGE('',*,*,#3963,.T.);
#4002 = ORIENTED_EDGE('',*,*,#3841,.T.);
#4003 = ORIENTED_EDGE('',*,*,#3740,.T.);
#4004 = ORIENTED_EDGE('',*,*,#3697,.F.);
#4005 = PLANE('',#4006);
#4006 = AXIS2_PLACEMENT_3D('',#4007,#4008,#4009);
#4007 = CARTESIAN_POINT('',(11.985608695062,229.41396569533,
    5.805020224196E-14));
#4008 = DIRECTION('',(-4.935116048418E-17,1.,-2.22044604925E-16));
#4009 = DIRECTION('',(1.110223024625E-16,-2.22044604925E-16,-1.));
#4010 = ADVANCED_FACE('',(#4011),#4090,.T.);
#4011 = FACE_BOUND('',#4012,.T.);
#4012 = EDGE_LOOP('',(#4013,#4026,#4043,#4064));
#4013 = ORIENTED_EDGE('',*,*,#4014,.T.);
#4014 = EDGE_CURVE('',#4015,#4017,#4019,.T.);
#4015 = VERTEX_POINT('',#4016);
#4016 = CARTESIAN_POINT('',(11.397011300252,293.66396569531,
    10.594281963292));
#4017 = VERTEX_POINT('',#4018);
#4018 = CARTESIAN_POINT('',(11.176212978622,293.41396569533,
    10.71153426033));
#4019 = B_SPLINE_CURVE_WITH_KNOTS('',3,(#4020,#4021,#4022,#4023,#4024,
    #4025),.UNSPECIFIED.,.F.,.F.,(4,1,1,4),(-1.,-0.571428571429,
    -0.285714285714,0.),.UNSPECIFIED.);
#4020 = CARTESIAN_POINT('',(11.397011300252,293.66396569531,
    10.594281963292));
#4021 = CARTESIAN_POINT('',(11.397011283292,293.61345806809,
    10.594281931358));
#4022 = CARTESIAN_POINT('',(11.371324223612,293.51639924957,
    10.607922680819));
#4023 = CARTESIAN_POINT('',(11.270816805672,293.4277937698,10.6612959585
    ));
#4024 = CARTESIAN_POINT('',(11.205951632172,293.41396569533,
    10.695741878213));
#4025 = CARTESIAN_POINT('',(11.176212978622,293.41396569533,
    10.71153426033));
#4026 = ORIENTED_EDGE('',*,*,#4027,.T.);
#4027 = EDGE_CURVE('',#4017,#4028,#4030,.T.);
#4028 = VERTEX_POINT('',#4029);
#4029 = CARTESIAN_POINT('',(11.830301444052,293.41396569533,
    11.910192336787));
#4030 = B_SPLINE_CURVE_WITH_KNOTS('',3,(#4031,#4032,#4033,#4034,#4035,
    #4036,#4037,#4038,#4039,#4040,#4041,#4042),.UNSPECIFIED.,.F.,.F.,(4,
    2,2,2,2,4),(-0.368485381015,-0.337822034069,-0.307115860417,
    -0.276406598189,-0.245694195355,-0.23196251289),.UNSPECIFIED.);
#4031 = CARTESIAN_POINT('',(11.176212978622,293.41396569533,
    10.71153426033));
#4032 = CARTESIAN_POINT('',(11.224229400202,293.41396569533,
    10.80195404094));
#4033 = CARTESIAN_POINT('',(11.272553846672,293.41396569533,
    10.892215668141));
#4034 = CARTESIAN_POINT('',(11.369680696882,293.41396569533,
    11.072406399399));
#4035 = CARTESIAN_POINT('',(11.418475431692,293.41396569533,
    11.162319342011));
#4036 = CARTESIAN_POINT('',(11.516503984452,293.41396569533,
    11.341984450399));
#4037 = CARTESIAN_POINT('',(11.565737728052,293.41396569533,
    11.431736376858));
#4038 = CARTESIAN_POINT('',(11.664504046262,293.41396569533,
    11.611061874771));
#4039 = CARTESIAN_POINT('',(11.714036556202,293.41396569533,
    11.700635248648));
#4040 = CARTESIAN_POINT('',(11.785862059392,293.41396569533,
    11.830176255929));
#4041 = CARTESIAN_POINT('',(11.808073918712,293.41396569533,
    11.870188728658));
#4042 = CARTESIAN_POINT('',(11.830301434582,293.41396569533,
    11.910192342046));
#4043 = ORIENTED_EDGE('',*,*,#4044,.T.);
#4044 = EDGE_CURVE('',#4028,#4045,#4047,.T.);
#4045 = VERTEX_POINT('',#4046);
#4046 = CARTESIAN_POINT('',(13.093570470562,293.6140148661,
    13.789080076494));
#4047 = B_SPLINE_CURVE_WITH_KNOTS('',3,(#4048,#4049,#4050,#4051,#4052,
    #4053,#4054,#4055,#4056,#4057,#4058,#4059,#4060,#4061,#4062,#4063),
  .UNSPECIFIED.,.F.,.F.,(4,2,2,2,2,2,2,4),(0.,8.392422202608E-02,
    0.275948354933,0.31346151053,0.322642853256,0.32716335504,
    0.329683649994,0.332198571919),.UNSPECIFIED.);
#4048 = CARTESIAN_POINT('',(11.830301444052,293.41396569533,
    11.910192336787));
#4049 = CARTESIAN_POINT('',(11.973822676882,293.41396569533,
    12.150317860861));
#4050 = CARTESIAN_POINT('',(12.120899526362,293.41418389197,
    12.386434042927));
#4051 = CARTESIAN_POINT('',(12.609264934062,293.42591002613,
    13.139756505389));
#4052 = CARTESIAN_POINT('',(12.855573638962,293.4546454014,
    13.476595304101));
#4053 = CARTESIAN_POINT('',(13.016228512772,293.52089895956,
    13.691741964557));
#4054 = CARTESIAN_POINT('',(13.051605638282,293.53818591345,
    13.738551050468));
#4055 = CARTESIAN_POINT('',(13.079182409152,293.56747453766,
    13.773508362559));
#4056 = CARTESIAN_POINT('',(13.084883045852,293.57474723789,
    13.780621801816));
#4057 = CARTESIAN_POINT('',(13.090838487012,293.58744716159,
    13.787617828527));
#4058 = CARTESIAN_POINT('',(13.092456372642,293.59207860237,
    13.78941795425));
#4059 = CARTESIAN_POINT('',(13.093886394062,293.59990274145,
    13.790695050706));
#4060 = CARTESIAN_POINT('',(13.094165705262,293.60274267612,
    13.790834093776));
#4061 = CARTESIAN_POINT('',(13.094224248972,293.60848907248,
    13.7904298504));
#4062 = CARTESIAN_POINT('',(13.094003473492,293.61128955344,
    13.789895466245));
#4063 = CARTESIAN_POINT('',(13.093570470562,293.6140148661,
    13.789080076494));
#4064 = ORIENTED_EDGE('',*,*,#4065,.T.);
#4065 = EDGE_CURVE('',#4045,#4015,#4066,.T.);
#4066 = B_SPLINE_CURVE_WITH_KNOTS('',3,(#4067,#4068,#4069,#4070,#4071,
    #4072,#4073,#4074,#4075,#4076,#4077,#4078,#4079,#4080,#4081,#4082,
    #4083,#4084,#4085,#4086,#4087,#4088,#4089),.UNSPECIFIED.,.F.,.F.,(4,
    2,2,2,1,1,1,2,2,2,2,2,4),(6.71251429886E-03,3.070407952627E-02,
    6.141025317878E-02,9.211951540685E-02,0.122831918241,0.15354680716,
    0.184263056798,0.214979306436,0.245694195355,0.276406598189,
    0.307115860417,0.337822034069,0.368485381015),.UNSPECIFIED.);
#4067 = CARTESIAN_POINT('',(13.093570470572,293.6140148661,
    13.789080076511));
#4068 = CARTESIAN_POINT('',(13.056062757522,293.61413130858,
    13.718449135387));
#4069 = CARTESIAN_POINT('',(13.018555519792,293.61445198177,
    13.647819089327));
#4070 = CARTESIAN_POINT('',(12.933046645772,293.61558577268,
    13.486796948654));
#4071 = CARTESIAN_POINT('',(12.885045130882,293.61651159457,
    13.396405082645));
#4072 = CARTESIAN_POINT('',(12.789042253542,293.61882629821,
    13.215621637696));
#4073 = CARTESIAN_POINT('',(12.741041213482,293.62021522652,
    13.125230665843));
#4074 = CARTESIAN_POINT('',(12.645039207382,293.62334051758,
    12.944448861518));
#4075 = CARTESIAN_POINT('',(12.549033315582,293.62681345464,
    12.76365974001));
#4076 = CARTESIAN_POINT('',(12.405032635412,293.63271772783,
    12.492491419232));
#4077 = CARTESIAN_POINT('',(12.261032350152,293.63896954563,
    12.221323842118));
#4078 = CARTESIAN_POINT('',(12.165031062172,293.64313734433,
    12.040543390082));
#4079 = CARTESIAN_POINT('',(12.069029110182,293.64718914159,
    11.859761687649));
#4080 = CARTESIAN_POINT('',(12.021027817302,293.64915704464,
    11.769370239721));
#4081 = CARTESIAN_POINT('',(11.925027262342,293.6528609738,
    11.588591168031));
#4082 = CARTESIAN_POINT('',(11.877028015582,293.65459701868,
    11.498203573157));
#4083 = CARTESIAN_POINT('',(11.781021184442,293.65772146167,
    11.317412682772));
#4084 = CARTESIAN_POINT('',(11.733013696122,293.65910989532,
    11.227009568174));
#4085 = CARTESIAN_POINT('',(11.637028475562,293.66142346838,
    11.046259372766));
#4086 = CARTESIAN_POINT('',(11.589050858792,293.66234865436,
    10.955912509425));
#4087 = CARTESIAN_POINT('',(11.493046258862,293.66361932783,
    10.775125820637));
#4088 = CARTESIAN_POINT('',(11.445027657102,293.66396562202,
    10.684701778275));
#4089 = CARTESIAN_POINT('',(11.397011300252,293.66396569531,
    10.594281963292));
#4090 = B_SPLINE_SURFACE_WITH_KNOTS('',3,3,(
    (#4091,#4092,#4093,#4094,#4095,#4096,#4097,#4098,#4099,#4100,#4101
      ,#4102,#4103,#4104,#4105,#4106,#4107,#4108,#4109,#4110,#4111,#4112
      ,#4113)
    ,(#4114,#4115,#4116,#4117,#4118,#4119,#4120,#4121,#4122,#4123,#4124
      ,#4125,#4126,#4127,#4128,#4129,#4130,#4131,#4132,#4133,#4134,#4135
      ,#4136)
    ,(#4137,#4138,#4139,#4140,#4141,#4142,#4143,#4144,#4145,#4146,#4147
      ,#4148,#4149,#4150,#4151,#4152,#4153,#4154,#4155,#4156,#4157,#4158
      ,#4159)
    ,(#4160,#4161,#4162,#4163,#4164,#4165,#4166,#4167,#4168,#4169,#4170
      ,#4171,#4172,#4173,#4174,#4175,#4176,#4177,#4178,#4179,#4180,#4181
      ,#4182)
    ,(#4183,#4184,#4185,#4186,#4187,#4188,#4189,#4190,#4191,#4192,#4193
      ,#4194,#4195,#4196,#4197,#4198,#4199,#4200,#4201,#4202,#4203,#4204
      ,#4205)
    ,(#4206,#4207,#4208,#4209,#4210,#4211,#4212,#4213,#4214,#4215,#4216
      ,#4217,#4218,#4219,#4220,#4221,#4222,#4223,#4224,#4225,#4226,#4227
      ,#4228
    )),.UNSPECIFIED.,.F.,.F.,.F.,(4,1,1,4),(4,2,2,2,1,1,1,2,2,2,2,2,4),(
    0.,0.285714285714,0.571428571429,1.),(6.528128896774E-03,
    3.070407952627E-02,6.141025317878E-02,9.211951540685E-02,
    0.122831918241,0.15354680716,0.184263056798,0.214979306436,
    0.245694195355,0.276406598189,0.307115860417,0.337822034069,
    0.368485381015),.UNSPECIFIED.);
#4091 = CARTESIAN_POINT('',(12.917755513472,293.41396569533,
    13.884532220305));
#4092 = CARTESIAN_POINT('',(12.879858694042,293.41396569533,
    13.81341198444));
#4093 = CARTESIAN_POINT('',(12.841779002472,293.41396569533,
    13.742390010867));
#4094 = CARTESIAN_POINT('',(12.754977147012,293.41396569533,
    13.581358617452));
#4095 = CARTESIAN_POINT('',(12.706157952452,293.41396569533,
    13.491400970417));
#4096 = CARTESIAN_POINT('',(12.608110744402,293.41396569533,
    13.311703142743));
#4097 = CARTESIAN_POINT('',(12.558883012182,293.41396569533,
    13.221963591031));
#4098 = CARTESIAN_POINT('',(12.460120770002,293.41396569533,
    13.042647576926));
#4099 = CARTESIAN_POINT('',(12.361047603502,293.41396569533,
    12.863487294811));
#4100 = CARTESIAN_POINT('',(12.211832308882,293.41396569533,
    12.595088132409));
#4101 = CARTESIAN_POINT('',(12.062310460122,293.41396569533,
    12.326852715283));
#4102 = CARTESIAN_POINT('',(11.962628200302,293.41396569533,
    12.148026999133));
#4103 = CARTESIAN_POINT('',(11.863047728172,293.41396569533,
    11.969145626844));
#4104 = CARTESIAN_POINT('',(11.813308396542,293.41396569533,
    11.879677143527));
#4105 = CARTESIAN_POINT('',(11.714036556202,293.41396569533,
    11.700635248648));
#4106 = CARTESIAN_POINT('',(11.664504046262,293.41396569533,
    11.611061874771));
#4107 = CARTESIAN_POINT('',(11.565737728052,293.41396569533,
    11.431736376858));
#4108 = CARTESIAN_POINT('',(11.516503984452,293.41396569533,
    11.341984450399));
#4109 = CARTESIAN_POINT('',(11.418475431692,293.41396569533,
    11.162319342011));
#4110 = CARTESIAN_POINT('',(11.369680696882,293.41396569533,
    11.072406399399));
#4111 = CARTESIAN_POINT('',(11.272553846672,293.41396569533,
    10.892215668141));
#4112 = CARTESIAN_POINT('',(11.224229400202,293.41396569533,
    10.80195404094));
#4113 = CARTESIAN_POINT('',(11.176212978622,293.41396569533,
    10.71153426033));
#4114 = CARTESIAN_POINT('',(12.941534052162,293.41396569533,
    13.871861691645));
#4115 = CARTESIAN_POINT('',(12.903629047632,293.41396569533,
    13.800693395722));
#4116 = CARTESIAN_POINT('',(12.865567167542,293.41396569533,
    13.729612941326));
#4117 = CARTESIAN_POINT('',(12.778856924982,293.41396569533,
    13.568428588657));
#4118 = CARTESIAN_POINT('',(12.730125333072,293.41396569533,
    13.478370959596));
#4119 = CARTESIAN_POINT('',(12.632312162732,293.41396569533,
    13.298451165603));
#4120 = CARTESIAN_POINT('',(12.583230870812,293.41396569533,
    13.208589625984));
#4121 = CARTESIAN_POINT('',(12.484806784012,293.41396569533,
    13.029015059182));
#4122 = CARTESIAN_POINT('',(12.386117072042,293.41396569533,
    12.84958163321));
#4123 = CARTESIAN_POINT('',(12.237572740132,293.41396569533,
    12.580752784698));
#4124 = CARTESIAN_POINT('',(12.088778032402,293.41396569533,
    12.312092419911));
#4125 = CARTESIAN_POINT('',(11.989591669772,293.41396569533,
    12.133003392384));
#4126 = CARTESIAN_POINT('',(11.890499460172,293.41396569533,
    11.953877135881));
#4127 = CARTESIAN_POINT('',(11.841000441362,293.41396569533,
    11.864295420519));
#4128 = CARTESIAN_POINT('',(11.742188259982,293.41396569533,
    11.685053756474));
#4129 = CARTESIAN_POINT('',(11.692875117632,293.41396569533,
    11.595393879252));
#4130 = CARTESIAN_POINT('',(11.594513060302,293.41396569533,
    11.415930089162));
#4131 = CARTESIAN_POINT('',(11.545464178292,293.41396569533,
    11.326126307749));
#4132 = CARTESIAN_POINT('',(11.447757037242,293.41396569533,
    11.14639968683));
#4133 = CARTESIAN_POINT('',(11.399098980992,293.41396569533,
    11.056477312962));
#4134 = CARTESIAN_POINT('',(11.302182856312,293.41396569533,
    10.87631682645));
#4135 = CARTESIAN_POINT('',(11.253932426872,293.41396569533,
    10.786094592508));
#4136 = CARTESIAN_POINT('',(11.205951632172,293.41396569533,
    10.695741878213));
#4137 = CARTESIAN_POINT('',(12.993406559252,293.42503072697,
    13.844238896396));
#4138 = CARTESIAN_POINT('',(12.955492692082,293.4250370392,
    13.772982516897));
#4139 = CARTESIAN_POINT('',(12.917478212452,293.42505482921,
    13.701790101788));
#4140 = CARTESIAN_POINT('',(12.830986200192,293.42511772819,
    13.540305170295));
#4141 = CARTESIAN_POINT('',(12.782455284902,293.42516891855,
    13.450046317551));
#4142 = CARTESIAN_POINT('',(12.685170317762,293.42529690827,
    13.269673060425));
#4143 = CARTESIAN_POINT('',(12.636416566122,293.42537371022,
    13.179559278031));
#4144 = CARTESIAN_POINT('',(12.538744667082,293.42554653273,
    12.999445412861));
#4145 = CARTESIAN_POINT('',(12.440904305072,293.42573858556,
    12.819437847285));
#4146 = CARTESIAN_POINT('',(12.293837227972,293.42606511572,
    12.549694568386));
#4147 = CARTESIAN_POINT('',(12.146635753662,293.42641089497,
    12.28011941085));
#4148 = CARTESIAN_POINT('',(12.048530885882,293.42664143077,
    12.10045612511));
#4149 = CARTESIAN_POINT('',(11.950500798062,293.42686556072,
    11.920791352948));
#4150 = CARTESIAN_POINT('',(11.901523151522,293.42697442305,
    11.830958243949));
#4151 = CARTESIAN_POINT('',(11.803705112862,293.42717933051,
    11.651267159256));
#4152 = CARTESIAN_POINT('',(11.754864778012,293.42727537671,
    11.561409311921));
#4153 = CARTESIAN_POINT('',(11.657370240902,293.42744824412,
    11.381620105479));
#4154 = CARTESIAN_POINT('',(11.608716016832,293.42752506718,
    11.291688755478));
#4155 = CARTESIAN_POINT('',(11.511690071152,293.42765308488,
    11.11179370069));
#4156 = CARTESIAN_POINT('',(11.463318780262,293.42770428207,
    11.021830859318));
#4157 = CARTESIAN_POINT('',(11.366837190042,293.42777460026,
    10.841691296014));
#4158 = CARTESIAN_POINT('',(11.318734525072,293.42779376565,
    10.751529942566));
#4159 = CARTESIAN_POINT('',(11.270816805672,293.4277937698,10.6612959585
    ));
#4160 = CARTESIAN_POINT('',(13.073817844982,293.49593164166,
    13.801505108891));
#4161 = CARTESIAN_POINT('',(13.035933725792,293.49597852238,
    13.730193717459));
#4162 = CARTESIAN_POINT('',(12.998033661202,293.49611063546,
    13.658903865094));
#4163 = CARTESIAN_POINT('',(12.911967457782,293.49657762316,
    13.497114757857));
#4164 = CARTESIAN_POINT('',(12.863792777402,293.49695762451,
    13.406626725468));
#4165 = CARTESIAN_POINT('',(12.767409426642,293.49790749341,
    13.225701571037));
#4166 = CARTESIAN_POINT('',(12.719201075942,293.49847738002,
    13.135265062571));
#4167 = CARTESIAN_POINT('',(12.622762551602,293.49975946613,
    12.954437113649));
#4168 = CARTESIAN_POINT('',(12.526298222772,293.50118395226,
    12.773646787725));
#4169 = CARTESIAN_POINT('',(12.381583619752,293.50360482944,
    12.502599324156));
#4170 = CARTESIAN_POINT('',(12.236884257512,293.50616721766,
    12.231666400167));
#4171 = CARTESIAN_POINT('',(12.140454813462,293.50787472429,
    12.051113426623));
#4172 = CARTESIAN_POINT('',(12.044057641372,293.50953433786,
    11.870592300172));
#4173 = CARTESIAN_POINT('',(11.995875199342,293.51034020027,
    11.780347676922));
#4174 = CARTESIAN_POINT('',(11.899558906782,293.5118566232,
    11.599892294799));
#4175 = CARTESIAN_POINT('',(11.851425133562,293.51256719051,
    11.509681685799));
#4176 = CARTESIAN_POINT('',(11.755208910752,293.51384573836,
    11.329270822687));
#4177 = CARTESIAN_POINT('',(11.707126429442,293.51441373609,
    11.23907051865));
#4178 = CARTESIAN_POINT('',(11.611062919802,293.51535999503,
    11.05874607546));
#4179 = CARTESIAN_POINT('',(11.563082430212,293.51573827358,
    10.968622961426));
#4180 = CARTESIAN_POINT('',(11.467154667322,293.51625771942,
    10.788295660104));
#4181 = CARTESIAN_POINT('',(11.419215266582,293.51639922066,
    10.698106498797));
#4182 = CARTESIAN_POINT('',(11.371324223612,293.51639924957,
    10.607922680819));
#4183 = CARTESIAN_POINT('',(13.094408403882,293.57359675744,
    13.790657992466));
#4184 = CARTESIAN_POINT('',(13.056579858482,293.57368796248,
    13.719422890513));
#4185 = CARTESIAN_POINT('',(13.018753892412,293.57394499372,
    13.648192645692));
#4186 = CARTESIAN_POINT('',(12.932891957612,293.57485362984,
    13.486505654705));
#4187 = CARTESIAN_POINT('',(12.884857224912,293.57559305788,
    13.396051236086));
#4188 = CARTESIAN_POINT('',(12.788793653102,293.57744155435,
    13.215153497104));
#4189 = CARTESIAN_POINT('',(12.740765135872,293.57855065986,
    13.124710782858));
#4190 = CARTESIAN_POINT('',(12.644714056852,293.58104607068,
    12.943836569104));
#4191 = CARTESIAN_POINT('',(12.548664972732,293.58381885058,
    12.762966111955));
#4192 = CARTESIAN_POINT('',(12.404618699092,293.58853194903,
    12.491711933909));
#4193 = CARTESIAN_POINT('',(12.260594300832,293.59352150117,
    12.220498949493));
#4194 = CARTESIAN_POINT('',(12.164593030782,293.59684709709,
    12.039718531236));
#4195 = CARTESIAN_POINT('',(12.068600027152,293.60007976965,
    11.858953679493));
#4196 = CARTESIAN_POINT('',(12.020607671112,293.60164964838,
    11.768579060558));
#4197 = CARTESIAN_POINT('',(11.924634658352,293.60460408563,
    11.587851853714));
#4198 = CARTESIAN_POINT('',(11.876654045032,293.60598865824,
    11.497499347545));
#4199 = CARTESIAN_POINT('',(11.780694675282,293.60848025003,
    11.316797831926));
#4200 = CARTESIAN_POINT('',(11.732715963372,293.60958730023,
    11.226448906317));
#4201 = CARTESIAN_POINT('',(11.636798573912,293.61143179539,
    11.045826443956));
#4202 = CARTESIAN_POINT('',(11.588860194842,293.61216927597,
    10.95555346929));
#4203 = CARTESIAN_POINT('',(11.492943916962,293.61318205998,
    10.774933100147));
#4204 = CARTESIAN_POINT('',(11.444974214002,293.61345801086,
    10.684601139336));
#4205 = CARTESIAN_POINT('',(11.397011283292,293.61345806809,
    10.594281931358));
#4206 = CARTESIAN_POINT('',(13.094435258922,293.61401221757,
    13.790708563308));
#4207 = CARTESIAN_POINT('',(13.056639275802,293.61412638999,
    13.71953477953));
#4208 = CARTESIAN_POINT('',(13.018843769142,293.61444815977,
    13.648361892974));
#4209 = CARTESIAN_POINT('',(12.933046645772,293.61558577268,
    13.486796948654));
#4210 = CARTESIAN_POINT('',(12.885045130882,293.61651159457,
    13.396405082645));
#4211 = CARTESIAN_POINT('',(12.789042253542,293.61882629821,
    13.215621637696));
#4212 = CARTESIAN_POINT('',(12.741041213482,293.62021522652,
    13.125230665843));
#4213 = CARTESIAN_POINT('',(12.645039207382,293.62334051758,
    12.944448861518));
#4214 = CARTESIAN_POINT('',(12.549033315582,293.62681345464,
    12.76365974001));
#4215 = CARTESIAN_POINT('',(12.405032635412,293.63271772783,
    12.492491419232));
#4216 = CARTESIAN_POINT('',(12.261032350152,293.63896954563,
    12.221323842118));
#4217 = CARTESIAN_POINT('',(12.165031062172,293.64313734433,
    12.040543390082));
#4218 = CARTESIAN_POINT('',(12.069029110182,293.64718914159,
    11.859761687649));
#4219 = CARTESIAN_POINT('',(12.021027817302,293.64915704464,
    11.769370239721));
#4220 = CARTESIAN_POINT('',(11.925027262342,293.6528609738,
    11.588591168031));
#4221 = CARTESIAN_POINT('',(11.877028015582,293.65459701868,
    11.498203573157));
#4222 = CARTESIAN_POINT('',(11.781021184442,293.65772146167,
    11.317412682772));
#4223 = CARTESIAN_POINT('',(11.733013696122,293.65910989532,
    11.227009568174));
#4224 = CARTESIAN_POINT('',(11.637028475562,293.66142346838,
    11.046259372766));
#4225 = CARTESIAN_POINT('',(11.589050858792,293.66234865436,
    10.955912509425));
#4226 = CARTESIAN_POINT('',(11.493046258862,293.66361932783,
    10.775125820637));
#4227 = CARTESIAN_POINT('',(11.445027657102,293.66396562202,
    10.684701778275));
#4228 = CARTESIAN_POINT('',(11.397011300252,293.66396569531,
    10.594281963292));
#4229 = ADVANCED_FACE('',(#4230),#4307,.T.);
#4230 = FACE_BOUND('',#4231,.T.);
#4231 = EDGE_LOOP('',(#4232,#4246,#4276,#4277));
#4232 = ORIENTED_EDGE('',*,*,#4233,.T.);
#4233 = EDGE_CURVE('',#4234,#4236,#4238,.T.);
#4234 = VERTEX_POINT('',#4235);
#4235 = CARTESIAN_POINT('',(14.003976111952,294.91396569533,
    6.26070526268));
#4236 = VERTEX_POINT('',#4237);
#4237 = CARTESIAN_POINT('',(14.004761510082,293.41396569533,
    4.760705468297));
#4238 = B_SPLINE_CURVE_WITH_KNOTS('',3,(#4239,#4240,#4241,#4242,#4243,
    #4244,#4245),.UNSPECIFIED.,.F.,.F.,(4,1,1,1,4),(-1.,-0.785714285714,
    -0.571428571429,-0.285714285714,0.),.UNSPECIFIED.);
#4239 = CARTESIAN_POINT('',(14.003976111952,294.91396569533,
    6.26070526268));
#4240 = CARTESIAN_POINT('',(14.003976111952,294.76244281364,
    6.26070526268));
#4241 = CARTESIAN_POINT('',(14.004000634612,294.43927273697,
    6.213870433102));
#4242 = CARTESIAN_POINT('',(14.004144655962,293.91429109136,
    5.938809943739));
#4243 = CARTESIAN_POINT('',(14.004423764412,293.49830289986,
    5.405752134566));
#4244 = CARTESIAN_POINT('',(14.004655727162,293.41396569533,
    4.962735949513));
#4245 = CARTESIAN_POINT('',(14.004761510082,293.41396569533,
    4.760705468297));
#4246 = ORIENTED_EDGE('',*,*,#4247,.T.);
#4247 = EDGE_CURVE('',#4236,#4017,#4248,.T.);
#4248 = B_SPLINE_CURVE_WITH_KNOTS('',3,(#4249,#4250,#4251,#4252,#4253,
    #4254,#4255,#4256,#4257,#4258,#4259,#4260,#4261,#4262,#4263,#4264,
    #4265,#4266,#4267,#4268,#4269,#4270,#4271,#4272,#4273,#4274,#4275),
  .UNSPECIFIED.,.F.,.F.,(4,1,2,2,2,2,2,2,2,2,2,2,2,4),(-1.178490249825,
    -1.140445321613,-1.102400393401,-1.02651624813,-0.95129401454,
    -0.877202421897,-0.804733346911,-0.734362064046,-0.666508134699,
    -0.601489725542,-0.539462998709,-0.480337550968,-0.423662122801,
    -0.368485381015),.UNSPECIFIED.);
#4249 = CARTESIAN_POINT('',(14.004761510082,293.41396569533,
    4.760705468297));
#4250 = CARTESIAN_POINT('',(13.877415057442,293.41396569533,
    4.760638789844));
#4251 = CARTESIAN_POINT('',(13.622320306122,293.41396569533,
    4.777012433477));
#4252 = CARTESIAN_POINT('',(13.372936354682,293.41396569533,
    4.824893995879));
#4253 = CARTESIAN_POINT('',(13.006963825472,293.41396569533,
    4.918406858882));
#4254 = CARTESIAN_POINT('',(12.771566252282,293.41396569533,
    5.010132340814));
#4255 = CARTESIAN_POINT('',(12.332104876312,293.41396569533,
    5.241775517939));
#4256 = CARTESIAN_POINT('',(12.128667504952,293.41396569533,
    5.380815663247));
#4257 = CARTESIAN_POINT('',(11.761282565662,293.41396569533,
    5.69341225556));
#4258 = CARTESIAN_POINT('',(11.596468560892,293.41396569533,
    5.86655165825));
#4259 = CARTESIAN_POINT('',(11.308613346392,293.41396569533,
    6.235001833873));
#4260 = CARTESIAN_POINT('',(11.184628735102,293.41396569533,
    6.429717511842));
#4261 = CARTESIAN_POINT('',(10.976986722612,293.41396569533,
    6.830874706225));
#4262 = CARTESIAN_POINT('',(10.892105396182,293.41396569533,
    7.036945382007));
#4263 = CARTESIAN_POINT('',(10.759422912912,293.41396569533,
    7.452993886726));
#4264 = CARTESIAN_POINT('',(10.710289864902,293.41396569533,
    7.662738439427));
#4265 = CARTESIAN_POINT('',(10.645412202342,293.41396569533,
    8.080411345643));
#4266 = CARTESIAN_POINT('',(10.628301859242,293.41396569533,
    8.28824476822));
#4267 = CARTESIAN_POINT('',(10.623962296682,293.41396569533,
    8.697687708571));
#4268 = CARTESIAN_POINT('',(10.635406457502,293.41396569533,
    8.89932181686));
#4269 = CARTESIAN_POINT('',(10.684755129472,293.41396569533,
    9.292514272174));
#4270 = CARTESIAN_POINT('',(10.721409874582,293.41396569533,
    9.484179092962));
#4271 = CARTESIAN_POINT('',(10.817580283832,293.41396569533,
    9.855503922587));
#4272 = CARTESIAN_POINT('',(10.876125270482,293.41396569533,
    10.035214408473));
#4273 = CARTESIAN_POINT('',(11.012473856552,293.41396569533,
    10.381553831473));
#4274 = CARTESIAN_POINT('',(11.089810483162,293.41396569533,
    10.548829618329));
#4275 = CARTESIAN_POINT('',(11.176212978622,293.41396569533,
    10.71153426033));
#4276 = ORIENTED_EDGE('',*,*,#4014,.F.);
#4277 = ORIENTED_EDGE('',*,*,#4278,.T.);
#4278 = EDGE_CURVE('',#4015,#4234,#4279,.T.);
#4279 = B_SPLINE_CURVE_WITH_KNOTS('',3,(#4280,#4281,#4282,#4283,#4284,
    #4285,#4286,#4287,#4288,#4289,#4290,#4291,#4292,#4293,#4294,#4295,
    #4296,#4297,#4298,#4299,#4300,#4301,#4302,#4303,#4304,#4305,#4306),
  .UNSPECIFIED.,.F.,.F.,(4,2,2,2,2,2,2,2,2,2,2,2,1,4),(0.368485381015,
    0.423662122801,0.480337550968,0.539462998709,0.601489725542,
    0.666508134699,0.734362064046,0.804733346911,0.877202421897,
    0.95129401454,1.02651624813,1.102400393401,1.140445321613,
    1.178490249825),.UNSPECIFIED.);
#4280 = CARTESIAN_POINT('',(11.397011300252,293.66396569531,
    10.594281963301));
#4281 = CARTESIAN_POINT('',(11.317359107132,293.66396582719,
    10.444288564436));
#4282 = CARTESIAN_POINT('',(11.250873081082,293.66976496456,
    10.287591047889));
#4283 = CARTESIAN_POINT('',(11.144929257712,293.69167870389,
    9.963703580495));
#4284 = CARTESIAN_POINT('',(11.106156069862,293.70806832714,
    9.795974656373));
#4285 = CARTESIAN_POINT('',(11.057313963502,293.75060708219,
    9.455010077461));
#4286 = CARTESIAN_POINT('',(11.048479704862,293.77714737237,
    9.281996173299));
#4287 = CARTESIAN_POINT('',(11.059855995452,293.83941635909,
    8.936892799258));
#4288 = CARTESIAN_POINT('',(11.081450635312,293.87553198858,
    8.765202659304));
#4289 = CARTESIAN_POINT('',(11.152373376592,293.95588123573,
    8.429372478236));
#4290 = CARTESIAN_POINT('',(11.202932485192,294.00042235325,
    8.265809901201));
#4291 = CARTESIAN_POINT('',(11.329220865562,294.09579478077,
    7.951189809647));
#4292 = CARTESIAN_POINT('',(11.405970916922,294.14681566585,
    7.800784514269));
#4293 = CARTESIAN_POINT('',(11.581794569412,294.2524765205,
    7.516001183879));
#4294 = CARTESIAN_POINT('',(11.681664420592,294.30718049695,
    7.382252463281));
#4295 = CARTESIAN_POINT('',(11.901054441532,294.41674158172,
    7.133444604817));
#4296 = CARTESIAN_POINT('',(12.021168702272,294.47155464163,
    7.018934081649));
#4297 = CARTESIAN_POINT('',(12.278595486442,294.57722572175,
    6.810937510518));
#4298 = CARTESIAN_POINT('',(12.416283368892,294.62796771495,
    6.717972010077));
#4299 = CARTESIAN_POINT('',(12.705574749952,294.72097224658,
    6.555791300145));
#4300 = CARTESIAN_POINT('',(12.857580779732,294.76309357856,
    6.486821641778));
#4301 = CARTESIAN_POINT('',(13.172868599402,294.83417678088,
    6.374761301174));
#4302 = CARTESIAN_POINT('',(13.335639235172,294.8630197163,
    6.332174104562));
#4303 = CARTESIAN_POINT('',(13.583329961332,294.89294568282,
    6.289424760212));
#4304 = CARTESIAN_POINT('',(13.750441885542,294.90845388542,
    6.267849015862));
#4305 = CARTESIAN_POINT('',(13.919555429862,294.91396569533,
    6.26066106011));
#4306 = CARTESIAN_POINT('',(14.003976111952,294.91396569533,
    6.26070526268));
#4307 = B_SPLINE_SURFACE_WITH_KNOTS('',3,3,(
    (#4308,#4309,#4310,#4311,#4312,#4313,#4314,#4315,#4316,#4317,#4318
      ,#4319,#4320,#4321,#4322,#4323,#4324,#4325,#4326,#4327,#4328,#4329
      ,#4330,#4331,#4332,#4333,#4334)
    ,(#4335,#4336,#4337,#4338,#4339,#4340,#4341,#4342,#4343,#4344,#4345
      ,#4346,#4347,#4348,#4349,#4350,#4351,#4352,#4353,#4354,#4355,#4356
      ,#4357,#4358,#4359,#4360,#4361)
    ,(#4362,#4363,#4364,#4365,#4366,#4367,#4368,#4369,#4370,#4371,#4372
      ,#4373,#4374,#4375,#4376,#4377,#4378,#4379,#4380,#4381,#4382,#4383
      ,#4384,#4385,#4386,#4387,#4388)
    ,(#4389,#4390,#4391,#4392,#4393,#4394,#4395,#4396,#4397,#4398,#4399
      ,#4400,#4401,#4402,#4403,#4404,#4405,#4406,#4407,#4408,#4409,#4410
      ,#4411,#4412,#4413,#4414,#4415)
    ,(#4416,#4417,#4418,#4419,#4420,#4421,#4422,#4423,#4424,#4425,#4426
      ,#4427,#4428,#4429,#4430,#4431,#4432,#4433,#4434,#4435,#4436,#4437
      ,#4438,#4439,#4440,#4441,#4442)
    ,(#4443,#4444,#4445,#4446,#4447,#4448,#4449,#4450,#4451,#4452,#4453
      ,#4454,#4455,#4456,#4457,#4458,#4459,#4460,#4461,#4462,#4463,#4464
      ,#4465,#4466,#4467,#4468,#4469)
    ,(#4470,#4471,#4472,#4473,#4474,#4475,#4476,#4477,#4478,#4479,#4480
      ,#4481,#4482,#4483,#4484,#4485,#4486,#4487,#4488,#4489,#4490,#4491
      ,#4492,#4493,#4494,#4495,#4496
    )),.UNSPECIFIED.,.F.,.F.,.F.,(4,1,1,1,4),(4,2,2,2,2,2,2,2,2,2,2,2,1,
    4),(0.,0.285714285714,0.571428571429,0.785714285714,1.),(
    0.368485381015,0.423662122801,0.480337550968,0.539462998709,
    0.601489725542,0.666508134699,0.734362064046,0.804733346911,
    0.877202421897,0.95129401454,1.02651624813,1.102400393401,
    1.140445321613,1.178490249825),.UNSPECIFIED.);
#4308 = CARTESIAN_POINT('',(11.176212978622,293.41396569533,
    10.71153426033));
#4309 = CARTESIAN_POINT('',(11.089810483162,293.41396569533,
    10.548829618329));
#4310 = CARTESIAN_POINT('',(11.012473856552,293.41396569533,
    10.381553831473));
#4311 = CARTESIAN_POINT('',(10.876125270482,293.41396569533,
    10.035214408473));
#4312 = CARTESIAN_POINT('',(10.817580283832,293.41396569533,
    9.855503922587));
#4313 = CARTESIAN_POINT('',(10.721409874582,293.41396569533,
    9.484179092962));
#4314 = CARTESIAN_POINT('',(10.684755129472,293.41396569533,
    9.292514272174));
#4315 = CARTESIAN_POINT('',(10.635406457502,293.41396569533,
    8.89932181686));
#4316 = CARTESIAN_POINT('',(10.623962296682,293.41396569533,
    8.697687708571));
#4317 = CARTESIAN_POINT('',(10.628301859242,293.41396569533,
    8.28824476822));
#4318 = CARTESIAN_POINT('',(10.645412202342,293.41396569533,
    8.080411345643));
#4319 = CARTESIAN_POINT('',(10.710289864902,293.41396569533,
    7.662738439427));
#4320 = CARTESIAN_POINT('',(10.759422912912,293.41396569533,
    7.452993886726));
#4321 = CARTESIAN_POINT('',(10.892105396182,293.41396569533,
    7.036945382007));
#4322 = CARTESIAN_POINT('',(10.976986722612,293.41396569533,
    6.830874706225));
#4323 = CARTESIAN_POINT('',(11.184628735102,293.41396569533,
    6.429717511842));
#4324 = CARTESIAN_POINT('',(11.308613346392,293.41396569533,
    6.235001833873));
#4325 = CARTESIAN_POINT('',(11.596468560892,293.41396569533,
    5.86655165825));
#4326 = CARTESIAN_POINT('',(11.761282565662,293.41396569533,
    5.69341225556));
#4327 = CARTESIAN_POINT('',(12.128667504952,293.41396569533,
    5.380815663247));
#4328 = CARTESIAN_POINT('',(12.332104876312,293.41396569533,
    5.241775517939));
#4329 = CARTESIAN_POINT('',(12.771566252282,293.41396569533,
    5.010132340814));
#4330 = CARTESIAN_POINT('',(13.006963825472,293.41396569533,
    4.918406858882));
#4331 = CARTESIAN_POINT('',(13.372936354682,293.41396569533,
    4.824893995879));
#4332 = CARTESIAN_POINT('',(13.622320306122,293.41396569533,
    4.777012433477));
#4333 = CARTESIAN_POINT('',(13.877415057442,293.41396569533,
    4.760638789844));
#4334 = CARTESIAN_POINT('',(14.004761510082,293.41396569533,
    4.760705468297));
#4335 = CARTESIAN_POINT('',(11.205951632172,293.41396569533,
    10.695741878214));
#4336 = CARTESIAN_POINT('',(11.120515378552,293.41396569533,
    10.534856729761));
#4337 = CARTESIAN_POINT('',(11.044086215092,293.41396148415,
    10.367841813809));
#4338 = CARTESIAN_POINT('',(10.911537195892,293.41396005925,
    10.02318421569));
#4339 = CARTESIAN_POINT('',(10.855510492352,293.41395802487,
    9.844202063724));
#4340 = CARTESIAN_POINT('',(10.765706551712,293.41395834212,
    9.474899892232));
#4341 = CARTESIAN_POINT('',(10.732901073122,293.41395731973,
    9.284515717673));
#4342 = CARTESIAN_POINT('',(10.692352339772,293.41395994112,
    8.894927195792));
#4343 = CARTESIAN_POINT('',(10.685878819772,293.41395994827,
    8.69568873955));
#4344 = CARTESIAN_POINT('',(10.700839373462,293.41396507811,
    8.292611072984));
#4345 = CARTESIAN_POINT('',(10.723593763592,293.41396607165,
    8.088875643375));
#4346 = CARTESIAN_POINT('',(10.799710544052,293.4139730026,
    7.681490926932));
#4347 = CARTESIAN_POINT('',(10.854382484632,293.41397438633,
    7.47809381878));
#4348 = CARTESIAN_POINT('',(10.997003012722,293.41398109772,
    7.07714179032));
#4349 = CARTESIAN_POINT('',(11.086167198082,293.41398179113,
    6.879985587498));
#4350 = CARTESIAN_POINT('',(11.299833540192,293.41398514453,
    6.498904138819));
#4351 = CARTESIAN_POINT('',(11.425464417742,293.41398743147,
    6.315430776286));
#4352 = CARTESIAN_POINT('',(11.712535840202,293.41398906597,
    5.970875564678));
#4353 = CARTESIAN_POINT('',(11.874826421732,293.41398833763,
    5.810387698967));
#4354 = CARTESIAN_POINT('',(12.232086344362,293.41398533374,
    5.522699677076));
#4355 = CARTESIAN_POINT('',(12.427787490352,293.41398247412,
    5.395935909839));
#4356 = CARTESIAN_POINT('',(12.846506042202,293.41397666202,
    5.185929539675));
#4357 = CARTESIAN_POINT('',(13.069256442042,293.41397345961,
    5.103484470657));
#4358 = CARTESIAN_POINT('',(13.412510862542,293.41396927603,
    5.019839121512));
#4359 = CARTESIAN_POINT('',(13.647531402462,293.41396715428,
    4.977145599601));
#4360 = CARTESIAN_POINT('',(13.883049403142,293.41396569533,
    4.962672276585));
#4361 = CARTESIAN_POINT('',(14.004655727162,293.41396569533,
    4.962735949513));
#4362 = CARTESIAN_POINT('',(11.271163107782,293.42802189608,
    10.661112058793));
#4363 = CARTESIAN_POINT('',(11.187842217212,293.42802190347,
    10.504210271085));
#4364 = CARTESIAN_POINT('',(11.113601432522,293.42835522127,
    10.338094490752));
#4365 = CARTESIAN_POINT('',(10.989616865842,293.42959096831,
    9.997572407811));
#4366 = CARTESIAN_POINT('',(10.939237066342,293.4305168302,
    9.820433819297));
#4367 = CARTESIAN_POINT('',(10.863671946102,293.43291125799,
    9.456296004323));
#4368 = CARTESIAN_POINT('',(10.839431083162,293.43440744807,
    9.269114534587));
#4369 = CARTESIAN_POINT('',(10.818416484602,293.43791041301,
    8.888543157009));
#4370 = CARTESIAN_POINT('',(10.822914903742,293.43994511276,
    8.695156874685));
#4371 = CARTESIAN_POINT('',(10.861205270672,293.44446418261,
    8.307575008104));
#4372 = CARTESIAN_POINT('',(10.896257621252,293.44697288587,
    8.113605163267));
#4373 = CARTESIAN_POINT('',(10.996625975112,293.45233616656,
    7.730575268546));
#4374 = CARTESIAN_POINT('',(11.063091394242,293.45520937067,
    7.541908212587));
#4375 = CARTESIAN_POINT('',(11.226469364002,293.46115054122,
    7.175685899369));
#4376 = CARTESIAN_POINT('',(11.324331639692,293.46423058372,
    6.998645740942));
#4377 = CARTESIAN_POINT('',(11.549562111412,293.47039103699,
    6.662387312636));
#4378 = CARTESIAN_POINT('',(11.677827620972,293.47346912356,
    6.503770460293));
#4379 = CARTESIAN_POINT('',(11.961344897532,293.47940277465,
    6.211211811518));
#4380 = CARTESIAN_POINT('',(12.117262840622,293.48225225192,
    6.077837328977));
#4381 = CARTESIAN_POINT('',(12.451241215502,293.48747207372,
    5.842852176729));
#4382 = CARTESIAN_POINT('',(12.629798895372,293.48983604841,
    5.74163806917));
#4383 = CARTESIAN_POINT('',(13.003738800332,293.49382355581,
    5.576227543381));
#4384 = CARTESIAN_POINT('',(13.199538551142,293.49544163899,
    5.512638116911));
#4385 = CARTESIAN_POINT('',(13.495317593852,293.49712166495,
    5.448802294453));
#4386 = CARTESIAN_POINT('',(13.699874589332,293.49799049135,
    5.416524053895));
#4387 = CARTESIAN_POINT('',(13.895541959342,293.49830289986,
    5.405695124181));
#4388 = CARTESIAN_POINT('',(14.004423764412,293.49830289986,
    5.405752134566));
#4389 = CARTESIAN_POINT('',(11.349628625052,293.49735326133,
    10.619443872362));
#4390 = CARTESIAN_POINT('',(11.268741638272,293.49735330517,
    10.4671252784));
#4391 = CARTESIAN_POINT('',(11.198063586762,293.49932209881,
    10.304062615482));
#4392 = CARTESIAN_POINT('',(11.084857003392,293.50673275594,
    9.970695593812));
#4393 = CARTESIAN_POINT('',(11.041530671342,293.51227911981,
    9.797270562398));
#4394 = CARTESIAN_POINT('',(10.983127965372,293.52669386909,
    9.442700987295));
#4395 = CARTESIAN_POINT('',(10.969070747622,293.53570390661,
    9.261433694488));
#4396 = CARTESIAN_POINT('',(10.970623035852,293.55687980571,
    8.896387824959));
#4397 = CARTESIAN_POINT('',(10.987557458372,293.56918927528,
    8.712790264528));
#4398 = CARTESIAN_POINT('',(11.051374596052,293.59660822097,
    8.349681826886));
#4399 = CARTESIAN_POINT('',(11.099481865432,293.61183147404,
    8.170634920432));
#4400 = CARTESIAN_POINT('',(11.224377900992,293.6443996075,
    7.822889933994));
#4401 = CARTESIAN_POINT('',(11.302171693202,293.66181454398,
    7.654821496965));
#4402 = CARTESIAN_POINT('',(11.483934571532,293.69774074848,
    7.334773087534));
#4403 = CARTESIAN_POINT('',(11.588614639512,293.71627452713,
    7.183491260022));
#4404 = CARTESIAN_POINT('',(11.820541101752,293.7531391862,
    6.902034780385));
#4405 = CARTESIAN_POINT('',(11.948435358412,293.7714421814,
    6.772541591499));
#4406 = CARTESIAN_POINT('',(12.222208943452,293.80641844761,
    6.538631130286));
#4407 = CARTESIAN_POINT('',(12.368552879822,293.82305622542,
    6.434752889701));
#4408 = CARTESIAN_POINT('',(12.673750949522,293.85325458479,
    6.255294047006));
#4409 = CARTESIAN_POINT('',(12.832906274152,293.86676136923,
    6.180050156152));
#4410 = CARTESIAN_POINT('',(13.159340323862,293.88937329582,
    6.058999777371));
#4411 = CARTESIAN_POINT('',(13.327290036862,293.8984494613,6.01366396012
    ));
#4412 = CARTESIAN_POINT('',(13.576778321642,293.90778551714,
    5.968685219517));
#4413 = CARTESIAN_POINT('',(13.750055940342,293.9125936683,5.94617362984
    ));
#4414 = CARTESIAN_POINT('',(13.910504891612,293.91429109136,
    5.938760914068));
#4415 = CARTESIAN_POINT('',(14.004144655962,293.91429109136,
    5.938809943739));
#4416 = CARTESIAN_POINT('',(11.390117240852,293.58485020226,
    10.59794291295));
#4417 = CARTESIAN_POINT('',(11.310390214752,293.58485029228,
    10.447808598275));
#4418 = CARTESIAN_POINT('',(11.242397762022,293.58883251233,
    10.288183066405));
#4419 = CARTESIAN_POINT('',(11.135077462282,293.60394126785,
    9.960644211012));
#4420 = CARTESIAN_POINT('',(11.095520438412,293.61523974976,
    9.790561931761));
#4421 = CARTESIAN_POINT('',(11.045664258802,293.64462896007,
    9.444187674176));
#4422 = CARTESIAN_POINT('',(11.036491265882,293.66297879021,
    9.267920626372));
#4423 = CARTESIAN_POINT('',(11.048140413952,293.70611422516,
    8.915315239107));
#4424 = CARTESIAN_POINT('',(11.070323650352,293.73115849672,
    8.739284131952));
#4425 = CARTESIAN_POINT('',(11.143884024492,293.78695503453,
    8.394083625528));
#4426 = CARTESIAN_POINT('',(11.196475994172,293.81790319005,
    8.225474376279));
#4427 = CARTESIAN_POINT('',(11.328443855382,293.88416485714,
    7.900967786188));
#4428 = CARTESIAN_POINT('',(11.408791190282,293.91958377692,
    7.745754237301));
#4429 = CARTESIAN_POINT('',(11.592912386062,293.9927760916,
    7.452704559263));
#4430 = CARTESIAN_POINT('',(11.697370478042,294.03055930692,
    7.315565817921));
#4431 = CARTESIAN_POINT('',(11.925807377452,294.10590697669,
    7.062229799296));
#4432 = CARTESIAN_POINT('',(12.050346546902,294.14342193348,
    6.946677322758));
#4433 = CARTESIAN_POINT('',(12.314725045842,294.21530804321,
    6.739026086586));
#4434 = CARTESIAN_POINT('',(12.454939115102,294.249602413,6.647452033955
    ));
#4435 = CARTESIAN_POINT('',(12.745928535522,294.31204643527,
    6.489782782646));
#4436 = CARTESIAN_POINT('',(12.896996556212,294.34008323302,
    6.42396790546));
#4437 = CARTESIAN_POINT('',(13.206245886942,294.38714053492,
    6.318309478703));
#4438 = CARTESIAN_POINT('',(13.364674439452,294.40609023319,
    6.278911964533));
#4439 = CARTESIAN_POINT('',(13.601141570502,294.42562915081,
    6.239809997664));
#4440 = CARTESIAN_POINT('',(13.763554134232,294.43571790597,
    6.220254309015));
#4441 = CARTESIAN_POINT('',(13.918242065832,294.43927273697,
    6.213825530016));
#4442 = CARTESIAN_POINT('',(14.004000634612,294.43927273697,
    6.213870433102));
#4443 = CARTESIAN_POINT('',(11.397011291772,293.6387118817,
    10.594281947334));
#4444 = CARTESIAN_POINT('',(11.317407425782,293.63871200015,
    10.444379551266));
#4445 = CARTESIAN_POINT('',(11.250505087662,293.64395607123,
    10.286762275475));
#4446 = CARTESIAN_POINT('',(11.144408088432,293.66372412761,
    9.961829942124));
#4447 = CARTESIAN_POINT('',(11.105574511012,293.6785133633,9.79340139504
    ));
#4448 = CARTESIAN_POINT('',(11.056894422562,293.71689917027,
    9.450858498033));
#4449 = CARTESIAN_POINT('',(11.048246065602,293.7408614285,
    9.276901683116));
#4450 = CARTESIAN_POINT('',(11.060386251632,293.79709443243,
    8.929679086016));
#4451 = CARTESIAN_POINT('',(11.082550978582,293.82972977362,
    8.756788335339));
#4452 = CARTESIAN_POINT('',(11.155134512162,293.9023460039,8.41846452801
    ));
#4453 = CARTESIAN_POINT('',(11.206775908432,293.94261906086,
    8.253611964824));
#4454 = CARTESIAN_POINT('',(11.335738202142,294.02882409856,
    7.936641927014));
#4455 = CARTESIAN_POINT('',(11.414056841652,294.07494067498,
    7.785195810259));
#4456 = CARTESIAN_POINT('',(11.593278351222,294.1703488096,
    7.498940158451));
#4457 = CARTESIAN_POINT('',(11.694930474042,294.21970917921,
    7.364789268591));
#4458 = CARTESIAN_POINT('',(11.917648625422,294.31840255167,
    7.116051773386));
#4459 = CARTESIAN_POINT('',(12.039290447062,294.36768819406,
    7.002050180418));
#4460 = CARTESIAN_POINT('',(12.298860892962,294.46251281658,
    6.795930684089));
#4461 = CARTESIAN_POINT('',(12.437158407522,294.50794977162,
    6.704334137731));
#4462 = CARTESIAN_POINT('',(12.726221345892,294.59104261678,
    6.545400330551));
#4463 = CARTESIAN_POINT('',(12.877345235172,294.62856892732,
    6.478318663009));
#4464 = CARTESIAN_POINT('',(13.189146982972,294.69178032388,
    6.36984810131));
#4465 = CARTESIAN_POINT('',(13.349584320442,294.71736651775,
    6.328937148913));
#4466 = CARTESIAN_POINT('',(13.591988376322,294.7438633407,
    6.288044932887));
#4467 = CARTESIAN_POINT('',(13.756522138462,294.7575736649,
    6.267480148739));
#4468 = CARTESIAN_POINT('',(13.919556217112,294.76244281364,
    6.260661060522));
#4469 = CARTESIAN_POINT('',(14.003976111952,294.76244281364,
    6.26070526268));
#4470 = CARTESIAN_POINT('',(11.397011300252,293.66396569531,
    10.594281963301));
#4471 = CARTESIAN_POINT('',(11.317359107132,293.66396582719,
    10.444288564436));
#4472 = CARTESIAN_POINT('',(11.250873081082,293.66976496456,
    10.287591047889));
#4473 = CARTESIAN_POINT('',(11.144929257712,293.69167870389,
    9.963703580495));
#4474 = CARTESIAN_POINT('',(11.106156069862,293.70806832714,
    9.795974656373));
#4475 = CARTESIAN_POINT('',(11.057313963502,293.75060708219,
    9.455010077461));
#4476 = CARTESIAN_POINT('',(11.048479704862,293.77714737237,
    9.281996173299));
#4477 = CARTESIAN_POINT('',(11.059855995452,293.83941635909,
    8.936892799258));
#4478 = CARTESIAN_POINT('',(11.081450635312,293.87553198858,
    8.765202659304));
#4479 = CARTESIAN_POINT('',(11.152373376592,293.95588123573,
    8.429372478236));
#4480 = CARTESIAN_POINT('',(11.202932485192,294.00042235325,
    8.265809901201));
#4481 = CARTESIAN_POINT('',(11.329220865562,294.09579478077,
    7.951189809647));
#4482 = CARTESIAN_POINT('',(11.405970916922,294.14681566585,
    7.800784514269));
#4483 = CARTESIAN_POINT('',(11.581794569412,294.2524765205,
    7.516001183879));
#4484 = CARTESIAN_POINT('',(11.681664420592,294.30718049695,
    7.382252463281));
#4485 = CARTESIAN_POINT('',(11.901054441532,294.41674158172,
    7.133444604817));
#4486 = CARTESIAN_POINT('',(12.021168702272,294.47155464163,
    7.018934081649));
#4487 = CARTESIAN_POINT('',(12.278595486442,294.57722572175,
    6.810937510518));
#4488 = CARTESIAN_POINT('',(12.416283368892,294.62796771495,
    6.717972010077));
#4489 = CARTESIAN_POINT('',(12.705574749952,294.72097224658,
    6.555791300145));
#4490 = CARTESIAN_POINT('',(12.857580779732,294.76309357856,
    6.486821641778));
#4491 = CARTESIAN_POINT('',(13.172868599402,294.83417678088,
    6.374761301174));
#4492 = CARTESIAN_POINT('',(13.335639235172,294.8630197163,
    6.332174104562));
#4493 = CARTESIAN_POINT('',(13.583329961332,294.89294568282,
    6.289424760212));
#4494 = CARTESIAN_POINT('',(13.750441885542,294.90845388542,
    6.267849015862));
#4495 = CARTESIAN_POINT('',(13.919555429862,294.91396569533,
    6.26066106011));
#4496 = CARTESIAN_POINT('',(14.003976111952,294.91396569533,
    6.26070526268));
#4497 = ADVANCED_FACE('',(#4498),#4534,.T.);
#4498 = FACE_BOUND('',#4499,.T.);
#4499 = EDGE_LOOP('',(#4500,#4519,#4526,#4527));
#4500 = ORIENTED_EDGE('',*,*,#4501,.T.);
#4501 = EDGE_CURVE('',#4502,#4504,#4506,.T.);
#4502 = VERTEX_POINT('',#4503);
#4503 = CARTESIAN_POINT('',(15.952485408822,294.91396569533,
    6.261725499855));
#4504 = VERTEX_POINT('',#4505);
#4505 = CARTESIAN_POINT('',(15.437681305282,293.41396569533,
    4.761455743415));
#4506 = B_SPLINE_CURVE_WITH_KNOTS('',3,(#4507,#4508,#4509,#4510,#4511,
    #4512,#4513,#4514,#4515,#4516,#4517,#4518),.UNSPECIFIED.,.F.,.F.,(4,
    2,2,2,2,4),(0.,5.612681372279E-02,0.114067024689,0.17423627194,
    0.209389584713,0.242555333294),.UNSPECIFIED.);
#4507 = CARTESIAN_POINT('',(15.952485408822,294.91396569533,
    6.261725499855));
#4508 = CARTESIAN_POINT('',(15.952485408822,294.72687631625,
    6.261725499855));
#4509 = CARTESIAN_POINT('',(15.938515453842,294.54252915329,
    6.22676719073));
#4510 = CARTESIAN_POINT('',(15.885403370282,294.19160365433,
    6.090141028642));
#4511 = CARTESIAN_POINT('',(15.846201722402,294.03014744072,
    5.98805745632));
#4512 = CARTESIAN_POINT('',(15.750619670712,293.75016034672,
    5.727785305424));
#4513 = CARTESIAN_POINT('',(15.694466543542,293.63566546367,
    5.569608011098));
#4514 = CARTESIAN_POINT('',(15.602084111922,293.50700001587,
    5.29357381615));
#4515 = CARTESIAN_POINT('',(15.567437148052,293.47114618607,
    5.186806734123));
#4516 = CARTESIAN_POINT('',(15.500703316712,293.42526216518,
    4.973554135721));
#4517 = CARTESIAN_POINT('',(15.468697575152,293.41396569533,
    4.867761961545));
#4518 = CARTESIAN_POINT('',(15.437681305282,293.41396569533,
    4.761455743415));
#4519 = ORIENTED_EDGE('',*,*,#4520,.T.);
#4520 = EDGE_CURVE('',#4504,#4236,#4521,.T.);
#4521 = B_SPLINE_CURVE_WITH_KNOTS('',3,(#4522,#4523,#4524,#4525),
  .UNSPECIFIED.,.F.,.F.,(4,4),(-1.321705093986,-1.178490249825),
  .PIECEWISE_BEZIER_KNOTS.);
#4522 = CARTESIAN_POINT('',(15.437681305312,293.41396569533,
    4.761455743415));
#4523 = CARTESIAN_POINT('',(14.960813786602,293.41396569533,
    4.761206056144));
#4524 = CARTESIAN_POINT('',(14.484139530402,293.41396569533,
    4.760956470064));
#4525 = CARTESIAN_POINT('',(14.004761510082,293.41396569533,
    4.760705468297));
#4526 = ORIENTED_EDGE('',*,*,#4233,.F.);
#4527 = ORIENTED_EDGE('',*,*,#4528,.T.);
#4528 = EDGE_CURVE('',#4234,#4502,#4529,.T.);
#4529 = B_SPLINE_CURVE_WITH_KNOTS('',3,(#4530,#4531,#4532,#4533),
  .UNSPECIFIED.,.F.,.F.,(4,4),(1.178490249825,1.373298665642),
  .PIECEWISE_BEZIER_KNOTS.);
#4530 = CARTESIAN_POINT('',(14.003976111952,294.91396569533,
    6.26070526268));
#4531 = CARTESIAN_POINT('',(14.656051483502,294.91396569533,
    6.261046688577));
#4532 = CARTESIAN_POINT('',(15.303124112402,294.91396569533,
    6.261385495044));
#4533 = CARTESIAN_POINT('',(15.952485408822,294.91396569533,
    6.261725499855));
#4534 = B_SPLINE_SURFACE_WITH_KNOTS('',3,3,(
    (#4535,#4536,#4537,#4538)
    ,(#4539,#4540,#4541,#4542)
    ,(#4543,#4544,#4545,#4546)
    ,(#4547,#4548,#4549,#4550)
    ,(#4551,#4552,#4553,#4554)
    ,(#4555,#4556,#4557,#4558
    )),.UNSPECIFIED.,.F.,.F.,.F.,(4,1,1,4),(4,4),(0.,0.285714285714,
    0.571428571429,1.),(1.178490249825,1.373298665642),.UNSPECIFIED.);
#4535 = CARTESIAN_POINT('',(14.004761510082,293.41396569533,
    4.760705468297));
#4536 = CARTESIAN_POINT('',(14.656836881622,293.41396569533,
    4.761046894194));
#4537 = CARTESIAN_POINT('',(15.303909510532,293.41396569533,
    4.761385700661));
#4538 = CARTESIAN_POINT('',(15.953270806952,293.41396569533,
    4.761725705472));
#4539 = CARTESIAN_POINT('',(14.004655727162,293.41396569533,
    4.962735949513));
#4540 = CARTESIAN_POINT('',(14.656731098702,293.41396569533,
    4.96307737541));
#4541 = CARTESIAN_POINT('',(15.303803727612,293.41396569533,
    4.963416181878));
#4542 = CARTESIAN_POINT('',(15.953165024032,293.41396569533,
    4.963756186688));
#4543 = CARTESIAN_POINT('',(14.004424991902,293.49694036439,
    5.403407795847));
#4544 = CARTESIAN_POINT('',(14.656500363442,293.49694036439,
    5.403749221744));
#4545 = CARTESIAN_POINT('',(15.303572992352,293.49694036439,
    5.404088028212));
#4546 = CARTESIAN_POINT('',(15.952934288772,293.49694036439,
    5.404428033022));
#4547 = CARTESIAN_POINT('',(14.004067470842,294.02858215231,
    6.086222660487));
#4548 = CARTESIAN_POINT('',(14.656142842382,294.02858215231,
    6.086564086385));
#4549 = CARTESIAN_POINT('',(15.303215471292,294.02858215231,
    6.086902892852));
#4550 = CARTESIAN_POINT('',(15.952576767712,294.02858215231,
    6.087242897663));
#4551 = CARTESIAN_POINT('',(14.003976111952,294.61091993196,
    6.26070526268));
#4552 = CARTESIAN_POINT('',(14.656051483502,294.61091993196,
    6.261046688577));
#4553 = CARTESIAN_POINT('',(15.303124112402,294.61091993196,
    6.261385495044));
#4554 = CARTESIAN_POINT('',(15.952485408822,294.61091993196,
    6.261725499855));
#4555 = CARTESIAN_POINT('',(14.003976111952,294.91396569533,
    6.26070526268));
#4556 = CARTESIAN_POINT('',(14.656051483502,294.91396569533,
    6.261046688577));
#4557 = CARTESIAN_POINT('',(15.303124112402,294.91396569533,
    6.261385495044));
#4558 = CARTESIAN_POINT('',(15.952485408822,294.91396569533,
    6.261725499855));
#4559 = ADVANCED_FACE('',(#4560),#4593,.F.);
#4560 = FACE_BOUND('',#4561,.T.);
#4561 = EDGE_LOOP('',(#4562,#4563,#4571,#4579,#4587));
#4562 = ORIENTED_EDGE('',*,*,#4528,.F.);
#4563 = ORIENTED_EDGE('',*,*,#4564,.F.);
#4564 = EDGE_CURVE('',#4565,#4234,#4567,.T.);
#4565 = VERTEX_POINT('',#4566);
#4566 = CARTESIAN_POINT('',(14.003976111952,303.41396569533,
    6.26070526268));
#4567 = LINE('',#4568,#4569);
#4568 = CARTESIAN_POINT('',(14.003976111952,303.41396569533,
    6.26070526268));
#4569 = VECTOR('',#4570,1.);
#4570 = DIRECTION('',(6.661338147751E-16,-1.,2.22044604925E-16));
#4571 = ORIENTED_EDGE('',*,*,#4572,.F.);
#4572 = EDGE_CURVE('',#4573,#4565,#4575,.T.);
#4573 = VERTEX_POINT('',#4574);
#4574 = CARTESIAN_POINT('',(15.332942390882,303.41396569533,
    6.26140110786));
#4575 = LINE('',#4576,#4577);
#4576 = CARTESIAN_POINT('',(17.200226452252,303.41396569533,
    6.262378815597));
#4577 = VECTOR('',#4578,1.);
#4578 = DIRECTION('',(-0.999999862922,-5.855062634748E-16,
    -5.23598751674E-04));
#4579 = ORIENTED_EDGE('',*,*,#4580,.F.);
#4580 = EDGE_CURVE('',#4581,#4573,#4583,.T.);
#4581 = VERTEX_POINT('',#4582);
#4582 = CARTESIAN_POINT('',(15.952485408822,302.41396569533,
    6.261725499855));
#4583 = ( BOUNDED_CURVE() B_SPLINE_CURVE(2,(#4584,#4585,#4586),
.UNSPECIFIED.,.F.,.F.) B_SPLINE_CURVE_WITH_KNOTS((3,3),(1.093138942113,
1.188421399204),.PIECEWISE_BEZIER_KNOTS.) CURVE() 
GEOMETRIC_REPRESENTATION_ITEM() RATIONAL_B_SPLINE_CURVE((1.003652586132,
1.001985480232,1.)) REPRESENTATION_ITEM('') );
#4584 = CARTESIAN_POINT('',(15.952485408822,302.41396569533,
    6.261725499855));
#4585 = CARTESIAN_POINT('',(15.647886264502,302.90435218548,
    6.261566012101));
#4586 = CARTESIAN_POINT('',(15.332942390882,303.41396569533,
    6.26140110786));
#4587 = ORIENTED_EDGE('',*,*,#4588,.F.);
#4588 = EDGE_CURVE('',#4502,#4581,#4589,.T.);
#4589 = LINE('',#4590,#4591);
#4590 = CARTESIAN_POINT('',(15.952485408822,282.91396569533,
    6.261725499855));
#4591 = VECTOR('',#4592,1.);
#4592 = DIRECTION('',(-7.648203058529E-16,1.,-2.22044604925E-16));
#4593 = PLANE('',#4594);
#4594 = AXIS2_PLACEMENT_3D('',#4595,#4596,#4597);
#4595 = CARTESIAN_POINT('',(14.003976111952,303.41396569533,
    6.26070526268));
#4596 = DIRECTION('',(-5.23598751674E-04,2.216957876538E-16,
    0.999999862922));
#4597 = DIRECTION('',(2.22044604925E-16,1.,-2.215795557495E-16));
#4598 = ADVANCED_FACE('',(#4599),#4660,.T.);
#4599 = FACE_BOUND('',#4600,.T.);
#4600 = EDGE_LOOP('',(#4601,#4602,#4610,#4633,#4652,#4659));
#4601 = ORIENTED_EDGE('',*,*,#4278,.F.);
#4602 = ORIENTED_EDGE('',*,*,#4603,.F.);
#4603 = EDGE_CURVE('',#4604,#4015,#4606,.T.);
#4604 = VERTEX_POINT('',#4605);
#4605 = CARTESIAN_POINT('',(11.397011300312,298.68089467121,
    10.594281963414));
#4606 = LINE('',#4607,#4608);
#4607 = CARTESIAN_POINT('',(11.397011300312,303.41396569533,
    10.594281963414));
#4608 = VECTOR('',#4609,1.);
#4609 = DIRECTION('',(6.661338147751E-16,-1.,2.22044604925E-16));
#4610 = ORIENTED_EDGE('',*,*,#4611,.F.);
#4611 = EDGE_CURVE('',#4612,#4604,#4614,.T.);
#4612 = VERTEX_POINT('',#4613);
#4613 = CARTESIAN_POINT('',(11.068101046722,302.27389083566,
    9.514357318475));
#4614 = B_SPLINE_CURVE_WITH_KNOTS('',3,(#4615,#4616,#4617,#4618,#4619,
    #4620,#4621,#4622,#4623,#4624,#4625,#4626,#4627,#4628,#4629,#4630,
    #4631,#4632),.UNSPECIFIED.,.F.,.F.,(4,2,2,2,2,2,2,2,4),(
    1.046445998943,1.118674621245,1.278485281423,1.33482500205,
    1.391164722677,1.405254016674,1.412298663672,1.41934331067,
    1.422224462114),.UNSPECIFIED.);
#4615 = CARTESIAN_POINT('',(11.068101046722,302.27389083566,
    9.514357318475));
#4616 = CARTESIAN_POINT('',(11.072098893542,302.02370992297,
    9.552990312454));
#4617 = CARTESIAN_POINT('',(11.077018828402,301.77551261135,
    9.59318104752));
#4618 = CARTESIAN_POINT('',(11.096796743432,300.98566697489,
    9.729103480975));
#4619 = CARTESIAN_POINT('',(11.115192914402,300.45268152129,
    9.830679575705));
#4620 = CARTESIAN_POINT('',(11.161333932922,299.75542579086,
    10.006257284797));
#4621 = CARTESIAN_POINT('',(11.176653536612,299.5571531566,
    10.060438016927));
#4622 = CARTESIAN_POINT('',(11.218560102172,299.17275417225,
    10.189040120261));
#4623 = CARTESIAN_POINT('',(11.242708801422,298.98488128888,
    10.258978995017));
#4624 = CARTESIAN_POINT('',(11.297126608982,298.79603899454,
    10.387396811748));
#4625 = CARTESIAN_POINT('',(11.310666244752,298.75710586242,
    10.418346045324));
#4626 = CARTESIAN_POINT('',(11.335056758692,298.71300541657,
    10.470855928897));
#4627 = CARTESIAN_POINT('',(11.343865339532,298.70066683766,
    10.489372832702));
#4628 = CARTESIAN_POINT('',(11.362844400902,298.68342580843,
    10.528105475359));
#4629 = CARTESIAN_POINT('',(11.373013447532,298.67851726606,
    10.548319204801));
#4630 = CARTESIAN_POINT('',(11.388249363962,298.67851726606,
    10.577688404704));
#4631 = CARTESIAN_POINT('',(11.392647807822,298.67933531167,
    10.586065051321));
#4632 = CARTESIAN_POINT('',(11.397011300312,298.68089467121,
    10.594281963414));
#4633 = ORIENTED_EDGE('',*,*,#4634,.F.);
#4634 = EDGE_CURVE('',#4635,#4612,#4637,.T.);
#4635 = VERTEX_POINT('',#4636);
#4636 = CARTESIAN_POINT('',(11.553807722892,303.41396569533,
    7.565487055222));
#4637 = B_SPLINE_CURVE_WITH_KNOTS('',3,(#4638,#4639,#4640,#4641,#4642,
    #4643,#4644,#4645,#4646,#4647,#4648,#4649,#4650,#4651),
  .UNSPECIFIED.,.F.,.F.,(4,2,2,2,2,2,4),(0.312845005647,0.319092146575,
    0.346228222143,0.385789854695,0.418159521575,0.436059271432,
    0.440959530184),.UNSPECIFIED.);
#4638 = CARTESIAN_POINT('',(11.553807722892,303.41396569533,
    7.565487055222));
#4639 = CARTESIAN_POINT('',(11.526945064162,303.41396569533,
    7.605467503194));
#4640 = CARTESIAN_POINT('',(11.500985604922,303.41204779266,
    7.646222175008));
#4641 = CARTESIAN_POINT('',(11.367592744742,303.39234199968,
    7.867488062464));
#4642 = CARTESIAN_POINT('',(11.279864766152,303.34357433392,
    8.057250540516));
#4643 = CARTESIAN_POINT('',(11.118629852882,303.17171751333,
    8.523754614601));
#4644 = CARTESIAN_POINT('',(11.075549935732,303.03055308025,
    8.786317301818));
#4645 = CARTESIAN_POINT('',(11.047728282922,302.76795259158,
    9.167735349257));
#4646 = CARTESIAN_POINT('',(11.052772533472,302.64040641106,
    9.314205590635));
#4647 = CARTESIAN_POINT('',(11.062424789702,302.44180408079,
    9.45873918484));
#4648 = CARTESIAN_POINT('',(11.065477547592,302.37895202424,
    9.488292088751));
#4649 = CARTESIAN_POINT('',(11.067493384532,302.305728963,9.508458544099
    ));
#4650 = CARTESIAN_POINT('',(11.067845611512,302.28987569398,
    9.511888932982));
#4651 = CARTESIAN_POINT('',(11.068101046722,302.27389083566,
    9.514357318475));
#4652 = ORIENTED_EDGE('',*,*,#4653,.F.);
#4653 = EDGE_CURVE('',#4565,#4635,#4654,.T.);
#4654 = CIRCLE('',#4655,2.95);
#4655 = AXIS2_PLACEMENT_3D('',#4656,#4657,#4658);
#4656 = CARTESIAN_POINT('',(14.002431495642,303.41396569533,9.2107048583
    ));
#4657 = DIRECTION('',(-5.853900814407E-16,1.,-2.22044604925E-16));
#4658 = DIRECTION('',(-5.235987516708E-04,2.217380649717E-16,
    0.999999862922));
#4659 = ORIENTED_EDGE('',*,*,#4564,.T.);
#4660 = CYLINDRICAL_SURFACE('',#4661,2.95);
#4661 = AXIS2_PLACEMENT_3D('',#4662,#4663,#4664);
#4662 = CARTESIAN_POINT('',(14.002431495642,303.41396569533,9.2107048583
    ));
#4663 = DIRECTION('',(6.661338147751E-16,-1.,2.22044604925E-16));
#4664 = DIRECTION('',(-5.235987516708E-04,2.216957876538E-16,
    0.999999862922));
#4665 = ADVANCED_FACE('',(#4666),#4676,.F.);
#4666 = FACE_BOUND('',#4667,.T.);
#4667 = EDGE_LOOP('',(#4668,#4669,#4675));
#4668 = ORIENTED_EDGE('',*,*,#4065,.F.);
#4669 = ORIENTED_EDGE('',*,*,#4670,.F.);
#4670 = EDGE_CURVE('',#4604,#4045,#4671,.T.);
#4671 = ( BOUNDED_CURVE() B_SPLINE_CURVE(2,(#4672,#4673,#4674),
.UNSPECIFIED.,.F.,.F.) B_SPLINE_CURVE_WITH_KNOTS((3,3),(0.598207104979,
1.254538280423),.PIECEWISE_BEZIER_KNOTS.) CURVE() 
GEOMETRIC_REPRESENTATION_ITEM() RATIONAL_B_SPLINE_CURVE((1.00573708278,
1.006067468668,1.000216710549)) REPRESENTATION_ITEM('') );
#4672 = CARTESIAN_POINT('',(11.397011300312,298.68089467121,
    10.594281963414));
#4673 = CARTESIAN_POINT('',(12.240634860142,298.98237621372,
    12.182913238032));
#4674 = CARTESIAN_POINT('',(13.093570470562,293.6140148661,
    13.789080076494));
#4675 = ORIENTED_EDGE('',*,*,#4603,.T.);
#4676 = PLANE('',#4677);
#4677 = AXIS2_PLACEMENT_3D('',#4678,#4679,#4680);
#4678 = CARTESIAN_POINT('',(15.747417833312,303.41396569533,
    18.78655183912));
#4679 = DIRECTION('',(0.883193286551,4.841839532593E-16,-0.469009188174)
  );
#4680 = DIRECTION('',(-0.469009188174,-9.196734449022E-17,
    -0.883193286551));
#4681 = ADVANCED_FACE('',(#4682),#4724,.F.);
#4682 = FACE_BOUND('',#4683,.F.);
#4683 = EDGE_LOOP('',(#4684,#4694,#4709,#4717));
#4684 = ORIENTED_EDGE('',*,*,#4685,.F.);
#4685 = EDGE_CURVE('',#4686,#4688,#4690,.T.);
#4686 = VERTEX_POINT('',#4687);
#4687 = CARTESIAN_POINT('',(48.074336651376,297.41396569533,-4.77));
#4688 = VERTEX_POINT('',#4689);
#4689 = CARTESIAN_POINT('',(49.507256642992,297.41396569533,-4.77));
#4690 = LINE('',#4691,#4692);
#4691 = CARTESIAN_POINT('',(49.004955336209,297.41396569533,-4.77));
#4692 = VECTOR('',#4693,1.);
#4693 = DIRECTION('',(1.,8.074999021857E-16,2.36117854533E-16));
#4694 = ORIENTED_EDGE('',*,*,#4695,.F.);
#4695 = EDGE_CURVE('',#4696,#4686,#4698,.T.);
#4696 = VERTEX_POINT('',#4697);
#4697 = CARTESIAN_POINT('',(47.558747079024,298.91396569533,-6.27));
#4698 = B_SPLINE_CURVE_WITH_KNOTS('',3,(#4699,#4700,#4701,#4702,#4703,
    #4704,#4705,#4706,#4707,#4708),.UNSPECIFIED.,.F.,.F.,(4,2,2,2,4),(
    0.461905744572,0.519239917777,0.576574090981,0.635410522815,
    0.694246954649),.UNSPECIFIED.);
#4699 = CARTESIAN_POINT('',(47.558747079024,298.91396569533,-6.27));
#4700 = CARTESIAN_POINT('',(47.558747079024,298.72285178464,-6.27));
#4701 = CARTESIAN_POINT('',(47.574300226718,298.52037567955,
    -6.231210265692));
#4702 = CARTESIAN_POINT('',(47.63421837111,298.15106767379,
    -6.076918239195));
#4703 = CARTESIAN_POINT('',(47.678306646923,297.98415273714,
    -5.961507385376));
#4704 = CARTESIAN_POINT('',(47.775110338414,297.71902987722,
    -5.696384525458));
#4705 = CARTESIAN_POINT('',(47.834707296553,297.60398691395,
    -5.527509411971));
#4706 = CARTESIAN_POINT('',(47.956885923287,297.4514481253,
    -5.158467892114));
#4707 = CARTESIAN_POINT('',(48.019307282778,297.41396569533,
    -4.958242895224));
#4708 = CARTESIAN_POINT('',(48.074336651376,297.41396569533,-4.77));
#4709 = ORIENTED_EDGE('',*,*,#4710,.F.);
#4710 = EDGE_CURVE('',#4711,#4696,#4713,.T.);
#4711 = VERTEX_POINT('',#4712);
#4712 = CARTESIAN_POINT('',(49.507256642992,298.91396569533,-6.27));
#4713 = LINE('',#4714,#4715);
#4714 = CARTESIAN_POINT('',(49.004955336209,298.91396569533,-6.27));
#4715 = VECTOR('',#4716,1.);
#4716 = DIRECTION('',(-1.,-8.074999021857E-16,-2.36117854533E-16));
#4717 = ORIENTED_EDGE('',*,*,#4718,.F.);
#4718 = EDGE_CURVE('',#4688,#4711,#4719,.T.);
#4719 = CIRCLE('',#4720,1.5);
#4720 = AXIS2_PLACEMENT_3D('',#4721,#4722,#4723);
#4721 = CARTESIAN_POINT('',(49.507256642992,298.91396569533,-4.77));
#4722 = DIRECTION('',(1.,1.258252761242E-15,1.110223024625E-16));
#4723 = DIRECTION('',(1.258252761242E-15,-1.,2.22044604925E-16));
#4724 = CYLINDRICAL_SURFACE('',#4725,1.5);
#4725 = AXIS2_PLACEMENT_3D('',#4726,#4727,#4728);
#4726 = CARTESIAN_POINT('',(49.004955336209,298.91396569533,-4.77));
#4727 = DIRECTION('',(-1.,-8.074999021857E-16,-2.36117854533E-16));
#4728 = DIRECTION('',(7.379491927425E-16,-0.707106781187,-0.707106781187
    ));
#4729 = ADVANCED_FACE('',(#4730),#4758,.F.);
#4730 = FACE_BOUND('',#4731,.F.);
#4731 = EDGE_LOOP('',(#4732,#4741,#4742,#4751));
#4732 = ORIENTED_EDGE('',*,*,#4733,.F.);
#4733 = EDGE_CURVE('',#4688,#4734,#4736,.T.);
#4734 = VERTEX_POINT('',#4735);
#4735 = CARTESIAN_POINT('',(53.557828935998,297.41396569533,
    -7.377348622466));
#4736 = CIRCLE('',#4737,4.45);
#4737 = AXIS2_PLACEMENT_3D('',#4738,#4739,#4740);
#4738 = CARTESIAN_POINT('',(49.507256642992,297.41396569533,-9.22));
#4739 = DIRECTION('',(-8.074999021857E-16,1.,-2.294307640626E-16));
#4740 = DIRECTION('',(0.857167300702,8.103280905217E-16,0.51503807491));
#4741 = ORIENTED_EDGE('',*,*,#4718,.T.);
#4742 = ORIENTED_EDGE('',*,*,#4743,.F.);
#4743 = EDGE_CURVE('',#4744,#4711,#4746,.T.);
#4744 = VERTEX_POINT('',#4745);
#4745 = CARTESIAN_POINT('',(52.192467488918,298.91396569533,
    -7.998467064331));
#4746 = CIRCLE('',#4747,2.95);
#4747 = AXIS2_PLACEMENT_3D('',#4748,#4749,#4750);
#4748 = CARTESIAN_POINT('',(49.507256642992,298.91396569533,-9.22));
#4749 = DIRECTION('',(8.074999021857E-16,-1.,2.294307640626E-16));
#4750 = DIRECTION('',(0.857167300702,8.103280905217E-16,0.51503807491));
#4751 = ORIENTED_EDGE('',*,*,#4752,.F.);
#4752 = EDGE_CURVE('',#4734,#4744,#4753,.T.);
#4753 = CIRCLE('',#4754,1.5);
#4754 = AXIS2_PLACEMENT_3D('',#4755,#4756,#4757);
#4755 = CARTESIAN_POINT('',(53.557828935998,298.91396569533,
    -7.377348622466));
#4756 = DIRECTION('',(0.414078961244,4.458326517728E-16,-0.91024096472)
  );
#4757 = DIRECTION('',(1.458092905674E-14,-1.,6.143234069594E-15));
#4758 = TOROIDAL_SURFACE('',#4759,4.45,1.5);
#4759 = AXIS2_PLACEMENT_3D('',#4760,#4761,#4762);
#4760 = CARTESIAN_POINT('',(49.507256642992,298.91396569533,-9.22));
#4761 = DIRECTION('',(8.074999021857E-16,-1.,2.294307640626E-16));
#4762 = DIRECTION('',(-1.110223024625E-16,2.294307640626E-16,1.));
#4763 = ADVANCED_FACE('',(#4764),#4795,.F.);
#4764 = FACE_BOUND('',#4765,.F.);
#4765 = EDGE_LOOP('',(#4766,#4767,#4776));
#4766 = ORIENTED_EDGE('',*,*,#4752,.T.);
#4767 = ORIENTED_EDGE('',*,*,#4768,.F.);
#4768 = EDGE_CURVE('',#4769,#4744,#4771,.T.);
#4769 = VERTEX_POINT('',#4770);
#4770 = CARTESIAN_POINT('',(52.243134452687,298.9139657169,
    -10.32339141306));
#4771 = CIRCLE('',#4772,2.95);
#4772 = AXIS2_PLACEMENT_3D('',#4773,#4774,#4775);
#4773 = CARTESIAN_POINT('',(49.507256642992,298.91396569533,-9.22));
#4774 = DIRECTION('',(8.074999021857E-16,-1.,2.294307640626E-16));
#4775 = DIRECTION('',(0.91024096472,8.300219424376E-16,0.414078961244));
#4776 = ORIENTED_EDGE('',*,*,#4777,.F.);
#4777 = EDGE_CURVE('',#4734,#4769,#4778,.T.);
#4778 = B_SPLINE_CURVE_WITH_KNOTS('',3,(#4779,#4780,#4781,#4782,#4783,
    #4784,#4785,#4786,#4787,#4788,#4789,#4790,#4791,#4792,#4793,#4794),
  .UNSPECIFIED.,.F.,.F.,(4,2,2,2,2,2,2,4),(0.270879896573,0.33568683571,
    0.456172941855,0.538948298224,0.554603049635,0.565573421023,
    0.575195727299,0.583182506217),.UNSPECIFIED.);
#4779 = CARTESIAN_POINT('',(53.557828935998,297.41396569533,
    -7.377348622466));
#4780 = CARTESIAN_POINT('',(53.470638512426,297.41396569533,
    -7.635002317529));
#4781 = CARTESIAN_POINT('',(53.367691604259,297.44849383793,
    -7.918929587844));
#4782 = CARTESIAN_POINT('',(53.018209505564,297.68581990908,
    -8.798601671992));
#4783 = CARTESIAN_POINT('',(52.790738874076,297.96034320732,
    -9.282907852565));
#4784 = CARTESIAN_POINT('',(52.503286826436,298.33829503519,
    -9.860846090226));
#4785 = CARTESIAN_POINT('',(52.337961378348,298.56426623078,
    -10.17342202447));
#4786 = CARTESIAN_POINT('',(52.259126175995,298.73640425715,
    -10.31140084169));
#4787 = CARTESIAN_POINT('',(52.250286808085,298.76071518431,
    -10.32623077842));
#4788 = CARTESIAN_POINT('',(52.240462496463,298.79914574437,
    -10.34143911243));
#4789 = CARTESIAN_POINT('',(52.237509339179,298.81573819148,
    -10.3454438464));
#4790 = CARTESIAN_POINT('',(52.23525987154,298.84852121682,
    -10.34626139128));
#4791 = CARTESIAN_POINT('',(52.235636985012,298.86330251276,
    -10.34387688736));
#4792 = CARTESIAN_POINT('',(52.23838422804,298.88985866469,
    -10.33548893327));
#4793 = CARTESIAN_POINT('',(52.240417124398,298.90185705673,
    -10.3301290742));
#4794 = CARTESIAN_POINT('',(52.243134449128,298.91396572261,
    -10.32339142188));
#4795 = TOROIDAL_SURFACE('',#4796,4.45,1.5);
#4796 = AXIS2_PLACEMENT_3D('',#4797,#4798,#4799);
#4797 = CARTESIAN_POINT('',(49.507256642992,298.91396569533,-9.22));
#4798 = DIRECTION('',(8.074999021857E-16,-1.,2.294307640626E-16));
#4799 = DIRECTION('',(-1.110223024625E-16,2.294307640626E-16,1.));
#4800 = ADVANCED_FACE('',(#4801),#4856,.T.);
#4801 = FACE_BOUND('',#4802,.T.);
#4802 = EDGE_LOOP('',(#4803,#4804,#4805,#4814,#4823,#4831,#4840,#4849));
#4803 = ORIENTED_EDGE('',*,*,#4733,.F.);
#4804 = ORIENTED_EDGE('',*,*,#4685,.F.);
#4805 = ORIENTED_EDGE('',*,*,#4806,.F.);
#4806 = EDGE_CURVE('',#4807,#4686,#4809,.T.);
#4807 = VERTEX_POINT('',#4808);
#4808 = CARTESIAN_POINT('',(48.757256642992,297.41396569533,
    -3.93775024069E-14));
#4809 = CIRCLE('',#4810,17.);
#4810 = AXIS2_PLACEMENT_3D('',#4811,#4812,#4813);
#4811 = CARTESIAN_POINT('',(31.757256642992,297.41396569533,
    -3.918298199021E-14));
#4812 = DIRECTION('',(-8.074999021857E-16,1.,-2.294307640626E-16));
#4813 = DIRECTION('',(-1.,-8.074999021857E-16,-1.110223024625E-16));
#4814 = ORIENTED_EDGE('',*,*,#4815,.F.);
#4815 = EDGE_CURVE('',#4816,#4807,#4818,.T.);
#4816 = VERTEX_POINT('',#4817);
#4817 = CARTESIAN_POINT('',(48.074336651376,297.41396569533,4.77));
#4818 = CIRCLE('',#4819,17.);
#4819 = AXIS2_PLACEMENT_3D('',#4820,#4821,#4822);
#4820 = CARTESIAN_POINT('',(31.757256642992,297.41396569533,
    -3.918298199021E-14));
#4821 = DIRECTION('',(-8.074999021857E-16,1.,-2.294307640626E-16));
#4822 = DIRECTION('',(-1.,-8.074999021857E-16,-1.110223024625E-16));
#4823 = ORIENTED_EDGE('',*,*,#4824,.F.);
#4824 = EDGE_CURVE('',#4825,#4816,#4827,.T.);
#4825 = VERTEX_POINT('',#4826);
#4826 = CARTESIAN_POINT('',(49.507256642992,297.41396569533,4.77));
#4827 = LINE('',#4828,#4829);
#4828 = CARTESIAN_POINT('',(40.129955336209,297.41396569533,4.77));
#4829 = VECTOR('',#4830,1.);
#4830 = DIRECTION('',(-1.,-8.074999021857E-16,-2.986656305682E-16));
#4831 = ORIENTED_EDGE('',*,*,#4832,.F.);
#4832 = EDGE_CURVE('',#4833,#4825,#4835,.T.);
#4833 = VERTEX_POINT('',#4834);
#4834 = CARTESIAN_POINT('',(53.557828935998,297.41396569533,
    7.377348622466));
#4835 = CIRCLE('',#4836,4.45);
#4836 = AXIS2_PLACEMENT_3D('',#4837,#4838,#4839);
#4837 = CARTESIAN_POINT('',(49.507256642992,297.41396569533,9.22));
#4838 = DIRECTION('',(-8.074999021857E-16,1.,-2.294307640626E-16));
#4839 = DIRECTION('',(0.857167300702,5.739969324258E-16,-0.51503807491)
  );
#4840 = ORIENTED_EDGE('',*,*,#4841,.F.);
#4841 = EDGE_CURVE('',#4842,#4833,#4844,.T.);
#4842 = VERTEX_POINT('',#4843);
#4843 = CARTESIAN_POINT('',(54.772256642992,297.41396569533,
    -3.944632830727E-14));
#4844 = CIRCLE('',#4845,23.015);
#4845 = AXIS2_PLACEMENT_3D('',#4846,#4847,#4848);
#4846 = CARTESIAN_POINT('',(31.757256642992,297.41396569533,
    -3.918298199021E-14));
#4847 = DIRECTION('',(8.074999021857E-16,-1.,2.294307640626E-16));
#4848 = DIRECTION('',(-1.,-8.074999021857E-16,-1.110223024625E-16));
#4849 = ORIENTED_EDGE('',*,*,#4850,.F.);
#4850 = EDGE_CURVE('',#4734,#4842,#4851,.T.);
#4851 = CIRCLE('',#4852,23.015);
#4852 = AXIS2_PLACEMENT_3D('',#4853,#4854,#4855);
#4853 = CARTESIAN_POINT('',(31.757256642992,297.41396569533,
    -3.918298199021E-14));
#4854 = DIRECTION('',(8.074999021857E-16,-1.,2.294307640626E-16));
#4855 = DIRECTION('',(-1.,-8.074999021857E-16,-1.110223024625E-16));
#4856 = PLANE('',#4857);
#4857 = AXIS2_PLACEMENT_3D('',#4858,#4859,#4860);
#4858 = CARTESIAN_POINT('',(48.502654029425,297.41396569533,
    -3.753203623384E-14));
#4859 = DIRECTION('',(-8.074999021857E-16,1.,-2.294307640626E-16));
#4860 = DIRECTION('',(1.110223024625E-16,-2.294307640626E-16,-1.));
#4861 = ADVANCED_FACE('',(#4862),#4895,.F.);
#4862 = FACE_BOUND('',#4863,.F.);
#4863 = EDGE_LOOP('',(#4864,#4874,#4887,#4888));
#4864 = ORIENTED_EDGE('',*,*,#4865,.F.);
#4865 = EDGE_CURVE('',#4866,#4868,#4870,.T.);
#4866 = VERTEX_POINT('',#4867);
#4867 = CARTESIAN_POINT('',(47.558747079024,298.91396569533,6.27));
#4868 = VERTEX_POINT('',#4869);
#4869 = CARTESIAN_POINT('',(49.507256642992,298.91396569533,6.27));
#4870 = LINE('',#4871,#4872);
#4871 = CARTESIAN_POINT('',(40.129955336209,298.91396569533,6.27));
#4872 = VECTOR('',#4873,1.);
#4873 = DIRECTION('',(1.,8.074999021857E-16,2.986656305682E-16));
#4874 = ORIENTED_EDGE('',*,*,#4875,.F.);
#4875 = EDGE_CURVE('',#4816,#4866,#4876,.T.);
#4876 = B_SPLINE_CURVE_WITH_KNOTS('',3,(#4877,#4878,#4879,#4880,#4881,
    #4882,#4883,#4884,#4885,#4886),.UNSPECIFIED.,.F.,.F.,(4,2,2,2,4),(
    0.229570080023,0.288406511856,0.34724294369,0.404577116895,
    0.461911290099),.UNSPECIFIED.);
#4877 = CARTESIAN_POINT('',(48.074336651376,297.41396569533,4.77));
#4878 = CARTESIAN_POINT('',(48.019307282778,297.41396569533,
    4.958242895224));
#4879 = CARTESIAN_POINT('',(47.956885923287,297.4514481253,
    5.158467892114));
#4880 = CARTESIAN_POINT('',(47.834707296553,297.60398691395,
    5.527509411971));
#4881 = CARTESIAN_POINT('',(47.775110338414,297.71902987722,
    5.696384525458));
#4882 = CARTESIAN_POINT('',(47.678306646923,297.98415273714,
    5.961507385376));
#4883 = CARTESIAN_POINT('',(47.63421837111,298.15106767379,
    6.076918239195));
#4884 = CARTESIAN_POINT('',(47.574300226718,298.52037567955,
    6.231210265692));
#4885 = CARTESIAN_POINT('',(47.558747079024,298.72285178464,6.27));
#4886 = CARTESIAN_POINT('',(47.558747079024,298.91396569533,6.27));
#4887 = ORIENTED_EDGE('',*,*,#4824,.F.);
#4888 = ORIENTED_EDGE('',*,*,#4889,.F.);
#4889 = EDGE_CURVE('',#4868,#4825,#4890,.T.);
#4890 = CIRCLE('',#4891,1.5);
#4891 = AXIS2_PLACEMENT_3D('',#4892,#4893,#4894);
#4892 = CARTESIAN_POINT('',(49.507256642992,298.91396569533,4.77));
#4893 = DIRECTION('',(1.,-2.22044604925E-16,1.110223024625E-16));
#4894 = DIRECTION('',(-1.110223024625E-16,2.22044604925E-16,1.));
#4895 = CYLINDRICAL_SURFACE('',#4896,1.5);
#4896 = AXIS2_PLACEMENT_3D('',#4897,#4898,#4899);
#4897 = CARTESIAN_POINT('',(40.129955336209,298.91396569533,4.77));
#4898 = DIRECTION('',(1.,8.074999021857E-16,2.986656305682E-16));
#4899 = DIRECTION('',(3.598001639609E-16,-0.707106781187,0.707106781187)
  );
#4900 = ADVANCED_FACE('',(#4901),#4921,.F.);
#4901 = FACE_BOUND('',#4902,.F.);
#4902 = EDGE_LOOP('',(#4903,#4912,#4913,#4914));
#4903 = ORIENTED_EDGE('',*,*,#4904,.F.);
#4904 = EDGE_CURVE('',#4868,#4905,#4907,.T.);
#4905 = VERTEX_POINT('',#4906);
#4906 = CARTESIAN_POINT('',(52.192467488918,298.91396569533,
    7.998467064331));
#4907 = CIRCLE('',#4908,2.95);
#4908 = AXIS2_PLACEMENT_3D('',#4909,#4910,#4911);
#4909 = CARTESIAN_POINT('',(49.507256642992,298.91396569533,9.22));
#4910 = DIRECTION('',(8.074999021857E-16,-1.,2.294307640626E-16));
#4911 = DIRECTION('',(0.857167300702,5.739969324258E-16,-0.51503807491)
  );
#4912 = ORIENTED_EDGE('',*,*,#4889,.T.);
#4913 = ORIENTED_EDGE('',*,*,#4832,.F.);
#4914 = ORIENTED_EDGE('',*,*,#4915,.F.);
#4915 = EDGE_CURVE('',#4905,#4833,#4916,.T.);
#4916 = CIRCLE('',#4917,1.5);
#4917 = AXIS2_PLACEMENT_3D('',#4918,#4919,#4920);
#4918 = CARTESIAN_POINT('',(53.557828935998,298.91396569533,
    7.377348622466));
#4919 = DIRECTION('',(0.414078961244,-1.133721518407E-17,0.91024096472)
  );
#4920 = DIRECTION('',(-0.91024096472,2.940580947549E-16,0.414078961244)
  );
#4921 = TOROIDAL_SURFACE('',#4922,4.45,1.5);
#4922 = AXIS2_PLACEMENT_3D('',#4923,#4924,#4925);
#4923 = CARTESIAN_POINT('',(49.507256642992,298.91396569533,9.22));
#4924 = DIRECTION('',(8.074999021857E-16,-1.,2.294307640626E-16));
#4925 = DIRECTION('',(-1.110223024625E-16,2.294307640626E-16,1.));
#4926 = ADVANCED_FACE('',(#4927),#4960,.F.);
#4927 = FACE_BOUND('',#4928,.F.);
#4928 = EDGE_LOOP('',(#4929,#4938,#4939));
#4929 = ORIENTED_EDGE('',*,*,#4930,.F.);
#4930 = EDGE_CURVE('',#4905,#4931,#4933,.T.);
#4931 = VERTEX_POINT('',#4932);
#4932 = CARTESIAN_POINT('',(52.243134452687,298.9139657169,
    10.323391413062));
#4933 = CIRCLE('',#4934,2.95);
#4934 = AXIS2_PLACEMENT_3D('',#4935,#4936,#4937);
#4935 = CARTESIAN_POINT('',(49.507256642992,298.91396569533,9.22));
#4936 = DIRECTION('',(8.074999021857E-16,-1.,2.294307640626E-16));
#4937 = DIRECTION('',(0.91024096472,6.400170375168E-16,-0.414078961244)
  );
#4938 = ORIENTED_EDGE('',*,*,#4915,.T.);
#4939 = ORIENTED_EDGE('',*,*,#4940,.F.);
#4940 = EDGE_CURVE('',#4931,#4833,#4941,.T.);
#4941 = B_SPLINE_CURVE_WITH_KNOTS('',3,(#4942,#4943,#4944,#4945,#4946,
    #4947,#4948,#4949,#4950,#4951,#4952,#4953,#4954,#4955,#4956,#4957,
    #4958,#4959),.UNSPECIFIED.,.F.,.F.,(4,2,2,2,2,2,2,2,4),(
    0.613881645949,0.628567587593,0.64338036321,0.659470889889,
    0.683557652839,0.728677856871,0.848432254357,0.950691386376,
    0.97190616818),.UNSPECIFIED.);
#4942 = CARTESIAN_POINT('',(52.243134449128,298.91396572261,
    10.323391421887));
#4943 = CARTESIAN_POINT('',(52.239192197587,298.89639866255,
    10.33316630081));
#4944 = CARTESIAN_POINT('',(52.236925218992,298.88009429004,
    10.339462775724));
#4945 = CARTESIAN_POINT('',(52.235242236274,298.84869600923,
    10.346277453961));
#4946 = CARTESIAN_POINT('',(52.23584228981,298.83336537393,
    10.346789419283));
#4947 = CARTESIAN_POINT('',(52.239928552718,298.80142665621,
    10.34224139632));
#4948 = CARTESIAN_POINT('',(52.243502842263,298.78599496806,
    10.336874985988));
#4949 = CARTESIAN_POINT('',(52.253940786155,298.7504851556,
    10.320114790771));
#4950 = CARTESIAN_POINT('',(52.262748774564,298.7279243061,
    10.305135430243));
#4951 = CARTESIAN_POINT('',(52.296370140797,298.65637565506,
    10.246045739961));
#4952 = CARTESIAN_POINT('',(52.327558811579,298.60337151014,
    10.189479250321));
#4953 = CARTESIAN_POINT('',(52.466879140982,298.38649635668,
    9.93033003556));
#4954 = CARTESIAN_POINT('',(52.664266031478,298.111165696,9.550571589147
    ));
#4955 = CARTESIAN_POINT('',(53.035758242489,297.69096243392,
    8.743323803933));
#4956 = CARTESIAN_POINT('',(53.246321125265,297.49173362662,
    8.250270719953));
#4957 = CARTESIAN_POINT('',(53.483910987649,297.41977703744,
    7.592350466287));
#4958 = CARTESIAN_POINT('',(53.522093819482,297.41396569533,
    7.482948348177));
#4959 = CARTESIAN_POINT('',(53.557828935998,297.41396569533,
    7.377348622466));
#4960 = TOROIDAL_SURFACE('',#4961,4.45,1.5);
#4961 = AXIS2_PLACEMENT_3D('',#4962,#4963,#4964);
#4962 = CARTESIAN_POINT('',(49.507256642992,298.91396569533,9.22));
#4963 = DIRECTION('',(8.074999021857E-16,-1.,2.294307640626E-16));
#4964 = DIRECTION('',(-1.110223024625E-16,2.294307640626E-16,1.));
#4965 = ADVANCED_FACE('',(#4966),#5019,.T.);
#4966 = FACE_BOUND('',#4967,.T.);
#4967 = EDGE_LOOP('',(#4968,#4969,#4970,#4978,#4987,#5006));
#4968 = ORIENTED_EDGE('',*,*,#4930,.F.);
#4969 = ORIENTED_EDGE('',*,*,#4904,.F.);
#4970 = ORIENTED_EDGE('',*,*,#4971,.F.);
#4971 = EDGE_CURVE('',#4972,#4868,#4974,.T.);
#4972 = VERTEX_POINT('',#4973);
#4973 = CARTESIAN_POINT('',(49.507256642992,303.41396569533,6.27));
#4974 = LINE('',#4975,#4976);
#4975 = CARTESIAN_POINT('',(49.507256642992,303.41396569533,6.27));
#4976 = VECTOR('',#4977,1.);
#4977 = DIRECTION('',(5.181040781584E-16,-1.,2.22044604925E-16));
#4978 = ORIENTED_EDGE('',*,*,#4979,.F.);
#4979 = EDGE_CURVE('',#4980,#4972,#4982,.T.);
#4980 = VERTEX_POINT('',#4981);
#4981 = CARTESIAN_POINT('',(51.956741514069,303.41396569533,
    7.576064518795));
#4982 = CIRCLE('',#4983,2.95);
#4983 = AXIS2_PLACEMENT_3D('',#4984,#4985,#4986);
#4984 = CARTESIAN_POINT('',(49.507256642992,303.41396569533,9.22));
#4985 = DIRECTION('',(-5.853900814407E-16,1.,-2.22044604925E-16));
#4986 = DIRECTION('',(-0.882947592859,-6.211123909739E-16,
    -0.469471562786));
#4987 = ORIENTED_EDGE('',*,*,#4988,.F.);
#4988 = EDGE_CURVE('',#4989,#4980,#4991,.T.);
#4989 = VERTEX_POINT('',#4990);
#4990 = CARTESIAN_POINT('',(52.441427697626,302.27389083566,
    9.525188830311));
#4991 = B_SPLINE_CURVE_WITH_KNOTS('',3,(#4992,#4993,#4994,#4995,#4996,
    #4997,#4998,#4999,#5000,#5001,#5002,#5003,#5004,#5005),
  .UNSPECIFIED.,.F.,.F.,(4,2,2,2,2,2,4),(6.060695703246E-03,
    1.327094490523E-02,3.486494538479E-02,5.850809477987E-02,
    9.786475777514E-02,0.129643043966,0.134947293551),.UNSPECIFIED.);
#4992 = CARTESIAN_POINT('',(52.441427697626,302.27389083566,
    9.525188830311));
#4993 = CARTESIAN_POINT('',(52.441805156879,302.29739291389,
    9.521559831134));
#4994 = CARTESIAN_POINT('',(52.442393553406,302.32059407197,
    9.515853697086));
#4995 = CARTESIAN_POINT('',(52.445368936482,302.41223026916,
    9.485550771965));
#4996 = CARTESIAN_POINT('',(52.449648899213,302.48691591566,
    9.443552346076));
#4997 = CARTESIAN_POINT('',(52.457388307901,302.66300003947,
    9.29344629854));
#4998 = CARTESIAN_POINT('',(52.459591276466,302.7551233893,
    9.188487613956));
#4999 = CARTESIAN_POINT('',(52.442805948543,302.99068107969,
    8.865056692466));
#5000 = CARTESIAN_POINT('',(52.407226399516,303.13923093176,
    8.602337118424));
#5001 = CARTESIAN_POINT('',(52.242610855772,303.34043585387,
    8.089401610658));
#5002 = CARTESIAN_POINT('',(52.1411422165,303.39603211309,7.871304243605
    ));
#5003 = CARTESIAN_POINT('',(51.999225519244,303.41273045929,
    7.640730884203));
#5004 = CARTESIAN_POINT('',(51.978281554481,303.41396569533,
    7.608159454219));
#5005 = CARTESIAN_POINT('',(51.956741514069,303.41396569533,
    7.576064518795));
#5006 = ORIENTED_EDGE('',*,*,#5007,.F.);
#5007 = EDGE_CURVE('',#4931,#4989,#5008,.T.);
#5008 = B_SPLINE_CURVE_WITH_KNOTS('',3,(#5009,#5010,#5011,#5012,#5013,
    #5014,#5015,#5016,#5017,#5018),.UNSPECIFIED.,.F.,.F.,(4,2,2,2,4),(
    1.45706893925,1.50386161929,1.560201339917,1.720012000095,
    1.792240622397),.UNSPECIFIED.);
#5009 = CARTESIAN_POINT('',(52.243134449127,298.91396572261,
    10.323391421888));
#5010 = CARTESIAN_POINT('',(52.273617958561,299.04980329404,
    10.247807041532));
#5011 = CARTESIAN_POINT('',(52.294171740454,299.20532331409,
    10.18889849306));
#5012 = CARTESIAN_POINT('',(52.332589295448,299.5571531566,
    10.07121261596));
#5013 = CARTESIAN_POINT('',(52.347937266003,299.75542579086,
    10.017039912581));
#5014 = CARTESIAN_POINT('',(52.394170210463,300.45268152129,
    9.841486386937));
#5015 = CARTESIAN_POINT('',(52.41261956403,300.9856669749,9.739919938343
    ));
#5016 = CARTESIAN_POINT('',(52.432468645165,301.77551261135,
    9.604007879212));
#5017 = CARTESIAN_POINT('',(52.437409623163,302.02370992297,
    9.563819725726));
#5018 = CARTESIAN_POINT('',(52.441427697626,302.27389083566,
    9.525188830311));
#5019 = CYLINDRICAL_SURFACE('',#5020,2.95);
#5020 = AXIS2_PLACEMENT_3D('',#5021,#5022,#5023);
#5021 = CARTESIAN_POINT('',(49.507256642992,303.41396569533,9.22));
#5022 = DIRECTION('',(5.181040781584E-16,-1.,2.22044604925E-16));
#5023 = DIRECTION('',(-0.882947592859,-5.617023763427E-16,
    -0.469471562786));
#5024 = ADVANCED_FACE('',(#5025),#5051,.F.);
#5025 = FACE_BOUND('',#5026,.T.);
#5026 = EDGE_LOOP('',(#5027,#5028,#5036,#5044,#5050));
#5027 = ORIENTED_EDGE('',*,*,#4865,.F.);
#5028 = ORIENTED_EDGE('',*,*,#5029,.F.);
#5029 = EDGE_CURVE('',#5030,#4866,#5032,.T.);
#5030 = VERTEX_POINT('',#5031);
#5031 = CARTESIAN_POINT('',(47.558747079024,302.41396569533,6.27));
#5032 = LINE('',#5033,#5034);
#5033 = CARTESIAN_POINT('',(47.558747079024,282.91396569533,6.27));
#5034 = VECTOR('',#5035,1.);
#5035 = DIRECTION('',(7.648203058529E-16,-1.,2.22044604925E-16));
#5036 = ORIENTED_EDGE('',*,*,#5037,.F.);
#5037 = EDGE_CURVE('',#5038,#5030,#5040,.T.);
#5038 = VERTEX_POINT('',#5039);
#5039 = CARTESIAN_POINT('',(48.178290181895,303.41396569533,6.27));
#5040 = ( BOUNDED_CURVE() B_SPLINE_CURVE(2,(#5041,#5042,#5043),
.UNSPECIFIED.,.F.,.F.) B_SPLINE_CURVE_WITH_KNOTS((3,3),(0.,
0.105940178809),.PIECEWISE_BEZIER_KNOTS.) CURVE() 
GEOMETRIC_REPRESENTATION_ITEM() RATIONAL_B_SPLINE_CURVE((1.,
1.001072718363,1.00182485795)) REPRESENTATION_ITEM('') );
#5041 = CARTESIAN_POINT('',(48.178290181895,303.41396569533,6.27));
#5042 = CARTESIAN_POINT('',(47.863346265104,302.90435218548,6.27));
#5043 = CARTESIAN_POINT('',(47.558747079024,302.41396569533,6.27));
#5044 = ORIENTED_EDGE('',*,*,#5045,.F.);
#5045 = EDGE_CURVE('',#4972,#5038,#5046,.T.);
#5046 = LINE('',#5047,#5048);
#5047 = CARTESIAN_POINT('',(26.078506642992,303.41396569533,6.27));
#5048 = VECTOR('',#5049,1.);
#5049 = DIRECTION('',(-1.,-5.853900814407E-16,-2.986656305682E-16));
#5050 = ORIENTED_EDGE('',*,*,#4971,.T.);
#5051 = PLANE('',#5052);
#5052 = AXIS2_PLACEMENT_3D('',#5053,#5054,#5055);
#5053 = CARTESIAN_POINT('',(31.757256642992,303.41396569533,6.27));
#5054 = DIRECTION('',(-2.986656305682E-16,2.22044604925E-16,1.));
#5055 = DIRECTION('',(2.22044604925E-16,1.,-2.22044604925E-16));
#5056 = ADVANCED_FACE('',(#5057),#5103,.T.);
#5057 = FACE_BOUND('',#5058,.T.);
#5058 = EDGE_LOOP('',(#5059,#5072,#5081,#5096));
#5059 = ORIENTED_EDGE('',*,*,#5060,.T.);
#5060 = EDGE_CURVE('',#5061,#5063,#5065,.T.);
#5061 = VERTEX_POINT('',#5062);
#5062 = CARTESIAN_POINT('',(14.010542040302,294.91396569533,
    -6.279293018364));
#5063 = VERTEX_POINT('',#5064);
#5064 = CARTESIAN_POINT('',(14.009756642172,293.41396569533,
    -4.779293223981));
#5065 = B_SPLINE_CURVE_WITH_KNOTS('',3,(#5066,#5067,#5068,#5069,#5070,
    #5071),.UNSPECIFIED.,.F.,.F.,(4,1,1,4),(-1.,-0.571428571429,
    -0.285714285714,0.),.UNSPECIFIED.);
#5066 = CARTESIAN_POINT('',(14.010542040302,294.91396569533,
    -6.279293018364));
#5067 = CARTESIAN_POINT('',(14.010542040302,294.61091993196,
    -6.279293018364));
#5068 = CARTESIAN_POINT('',(14.010450681392,294.02858212491,
    -6.104810374468));
#5069 = CARTESIAN_POINT('',(14.010093160352,293.49694035318,
    -5.421995536646));
#5070 = CARTESIAN_POINT('',(14.009862425092,293.41396569533,
    -4.981323705197));
#5071 = CARTESIAN_POINT('',(14.009756642172,293.41396569533,
    -4.779293223981));
#5072 = ORIENTED_EDGE('',*,*,#5073,.T.);
#5073 = EDGE_CURVE('',#5063,#5074,#5076,.T.);
#5074 = VERTEX_POINT('',#5075);
#5075 = CARTESIAN_POINT('',(15.442676437372,293.41396569533,
    -4.778542948862));
#5076 = B_SPLINE_CURVE_WITH_KNOTS('',3,(#5077,#5078,#5079,#5080),
  .UNSPECIFIED.,.F.,.F.,(4,4),(-0.19480841582,-5.15935716588E-02),
  .PIECEWISE_BEZIER_KNOTS.);
#5077 = CARTESIAN_POINT('',(14.009756642172,293.41396569533,
    -4.779293223981));
#5078 = CARTESIAN_POINT('',(14.489134662502,293.41396569533,
    -4.779042222213));
#5079 = CARTESIAN_POINT('',(14.965808918692,293.41396569533,
    -4.778792636134));
#5080 = CARTESIAN_POINT('',(15.442676437402,293.41396569533,
    -4.778542948862));
#5081 = ORIENTED_EDGE('',*,*,#5082,.T.);
#5082 = EDGE_CURVE('',#5074,#5083,#5085,.T.);
#5083 = VERTEX_POINT('',#5084);
#5084 = CARTESIAN_POINT('',(15.959051337172,294.91396569533,
    -6.278272781189));
#5085 = B_SPLINE_CURVE_WITH_KNOTS('',3,(#5086,#5087,#5088,#5089,#5090,
    #5091,#5092,#5093,#5094,#5095),.UNSPECIFIED.,.F.,.F.,(4,2,2,2,4),(0.
    ,6.481777687019E-02,0.128537478768,0.188736244344,0.243134060136),
  .UNSPECIFIED.);
#5086 = CARTESIAN_POINT('',(15.442676437362,293.41396569533,
    -4.778542948857));
#5087 = CARTESIAN_POINT('',(15.503408698272,293.41396569532,
    -4.985890952681));
#5088 = CARTESIAN_POINT('',(15.567833103772,293.45696911195,
    -5.19060340169));
#5089 = CARTESIAN_POINT('',(15.693028471882,293.62123801706,
    -5.565881282909));
#5090 = CARTESIAN_POINT('',(15.753023572552,293.74017456355,
    -5.734710107209));
#5091 = CARTESIAN_POINT('',(15.853559247422,294.03279536096,
    -6.0076934669));
#5092 = CARTESIAN_POINT('',(15.894112765272,294.20085895263,
    -6.112795843908));
#5093 = CARTESIAN_POINT('',(15.945951785122,294.55452164738,
    -6.245575786629));
#5094 = CARTESIAN_POINT('',(15.959051337172,294.73299983713,
    -6.278272781189));
#5095 = CARTESIAN_POINT('',(15.959051337172,294.91396569533,
    -6.278272781189));
#5096 = ORIENTED_EDGE('',*,*,#5097,.T.);
#5097 = EDGE_CURVE('',#5083,#5061,#5098,.T.);
#5098 = B_SPLINE_CURVE_WITH_KNOTS('',3,(#5099,#5100,#5101,#5102),
  .UNSPECIFIED.,.F.,.F.,(4,4),(2.480021396608E-12,0.19480841582),
  .PIECEWISE_BEZIER_KNOTS.);
#5099 = CARTESIAN_POINT('',(15.959051337172,294.91396569533,
    -6.278272781189));
#5100 = CARTESIAN_POINT('',(15.309690040752,294.91396569533,-6.278612786
    ));
#5101 = CARTESIAN_POINT('',(14.662617411842,294.91396569533,
    -6.278951592467));
#5102 = CARTESIAN_POINT('',(14.010542040302,294.91396569533,
    -6.279293018364));
#5103 = B_SPLINE_SURFACE_WITH_KNOTS('',3,3,(
    (#5104,#5105,#5106,#5107)
    ,(#5108,#5109,#5110,#5111)
    ,(#5112,#5113,#5114,#5115)
    ,(#5116,#5117,#5118,#5119)
    ,(#5120,#5121,#5122,#5123)
    ,(#5124,#5125,#5126,#5127
    )),.UNSPECIFIED.,.F.,.F.,.F.,(4,1,1,4),(4,4),(0.,0.285714285714,
    0.571428571429,1.),(2.480021396608E-12,0.19480841582),
  .UNSPECIFIED.);
#5104 = CARTESIAN_POINT('',(15.958265939042,293.41396569533,
    -4.778272986806));
#5105 = CARTESIAN_POINT('',(15.308904642622,293.41396569533,
    -4.778612991616));
#5106 = CARTESIAN_POINT('',(14.661832013722,293.41396569533,
    -4.778951798084));
#5107 = CARTESIAN_POINT('',(14.009756642172,293.41396569533,
    -4.779293223981));
#5108 = CARTESIAN_POINT('',(15.958371721962,293.41396569533,
    -4.980303468022));
#5109 = CARTESIAN_POINT('',(15.309010425542,293.41396569533,
    -4.980643472833));
#5110 = CARTESIAN_POINT('',(14.661937796642,293.41396569533,
    -4.9809822793));
#5111 = CARTESIAN_POINT('',(14.009862425092,293.41396569533,
    -4.981323705197));
#5112 = CARTESIAN_POINT('',(15.958602457222,293.49694035318,
    -5.420975299471));
#5113 = CARTESIAN_POINT('',(15.309241160792,293.49694035318,
    -5.421315304282));
#5114 = CARTESIAN_POINT('',(14.662168531892,293.49694035318,
    -5.421654110749));
#5115 = CARTESIAN_POINT('',(14.010093160352,293.49694035318,
    -5.421995536646));
#5116 = CARTESIAN_POINT('',(15.958959978262,294.02858212491,
    -6.103790137293));
#5117 = CARTESIAN_POINT('',(15.309598681842,294.02858212491,
    -6.104130142104));
#5118 = CARTESIAN_POINT('',(14.662526052942,294.02858212491,
    -6.104468948571));
#5119 = CARTESIAN_POINT('',(14.010450681392,294.02858212491,
    -6.104810374468));
#5120 = CARTESIAN_POINT('',(15.959051337172,294.61091993196,
    -6.278272781189));
#5121 = CARTESIAN_POINT('',(15.309690040752,294.61091993196,-6.278612786
    ));
#5122 = CARTESIAN_POINT('',(14.662617411842,294.61091993196,
    -6.278951592467));
#5123 = CARTESIAN_POINT('',(14.010542040302,294.61091993196,
    -6.279293018364));
#5124 = CARTESIAN_POINT('',(15.959051337172,294.91396569533,
    -6.278272781189));
#5125 = CARTESIAN_POINT('',(15.309690040752,294.91396569533,-6.278612786
    ));
#5126 = CARTESIAN_POINT('',(14.662617411842,294.91396569533,
    -6.278951592467));
#5127 = CARTESIAN_POINT('',(14.010542040302,294.91396569533,
    -6.279293018364));
#5128 = ADVANCED_FACE('',(#5129),#5206,.T.);
#5129 = FACE_BOUND('',#5130,.T.);
#5130 = EDGE_LOOP('',(#5131,#5145,#5175,#5176));
#5131 = ORIENTED_EDGE('',*,*,#5132,.T.);
#5132 = EDGE_CURVE('',#5133,#5135,#5137,.T.);
#5133 = VERTEX_POINT('',#5134);
#5134 = CARTESIAN_POINT('',(11.408116768192,293.66396569531,
    -10.61559734966));
#5135 = VERTEX_POINT('',#5136);
#5136 = CARTESIAN_POINT('',(11.187441353932,293.41396569533,
    -10.73308080183));
#5137 = B_SPLINE_CURVE_WITH_KNOTS('',3,(#5138,#5139,#5140,#5141,#5142,
    #5143,#5144),.UNSPECIFIED.,.F.,.F.,(4,1,1,1,4),(-1.,-0.785714285714,
    -0.571428571429,-0.285714285714,0.),.UNSPECIFIED.);
#5138 = CARTESIAN_POINT('',(11.408116768192,293.66396569531,
    -10.61559734966));
#5139 = CARTESIAN_POINT('',(11.408116759692,293.6387118817,
    -10.6155973337));
#5140 = CARTESIAN_POINT('',(11.401226546662,293.58485020215,
    -10.61926551655));
#5141 = CARTESIAN_POINT('',(11.360760468752,293.4973532615,
    -10.64080886378));
#5142 = CARTESIAN_POINT('',(11.282338630172,293.4280218966,
    -10.6825591958));
#5143 = CARTESIAN_POINT('',(11.217163453432,293.41396569533,
    -10.71725728613));
#5144 = CARTESIAN_POINT('',(11.187441353932,293.41396569533,
    -10.73308080183));
#5145 = ORIENTED_EDGE('',*,*,#5146,.T.);
#5146 = EDGE_CURVE('',#5135,#5063,#5147,.T.);
#5147 = B_SPLINE_CURVE_WITH_KNOTS('',3,(#5148,#5149,#5150,#5151,#5152,
    #5153,#5154,#5155,#5156,#5157,#5158,#5159,#5160,#5161,#5162,#5163,
    #5164,#5165,#5166,#5167,#5168,#5169,#5170,#5171,#5172,#5173,#5174),
  .UNSPECIFIED.,.F.,.F.,(4,2,2,2,2,2,2,2,2,2,2,2,1,4),(-1.00481328465,
    -0.949636542844,-0.892961114677,-0.833835666936,-0.771808940103,
    -0.706790530946,-0.638936601599,-0.568565318734,-0.496096243748,
    -0.422004651105,-0.346782417515,-0.270898272244,-0.232853344032,
    -0.19480841582),.UNSPECIFIED.);
#5148 = CARTESIAN_POINT('',(11.187441353932,293.41396569533,
    -10.73308080183));
#5149 = CARTESIAN_POINT('',(11.100868521932,293.41396569533,
    -10.57046672945));
#5150 = CARTESIAN_POINT('',(11.023356766942,293.41396569533,
    -10.40327202099));
#5151 = CARTESIAN_POINT('',(10.886645569872,293.41396569533,
    -10.05707557171));
#5152 = CARTESIAN_POINT('',(10.827912422972,293.41396569533,
    -9.877426492529));
#5153 = CARTESIAN_POINT('',(10.731353216062,293.41396569533,
    -9.506202575921));
#5154 = CARTESIAN_POINT('',(10.694497780142,293.41396569533,
    -9.314576244987));
#5155 = CARTESIAN_POINT('',(10.644737385122,293.41396569533,
    -8.921435683076));
#5156 = CARTESIAN_POINT('',(10.633082079852,293.41396569533,
    -8.719813669649));
#5157 = CARTESIAN_POINT('',(10.636992872442,293.41396569533,
    -8.310366409431));
#5158 = CARTESIAN_POINT('',(10.653885563532,293.41396569533,
    -8.102515182912));
#5159 = CARTESIAN_POINT('',(10.718325804532,293.41396569533,
    -7.684774565997));
#5160 = CARTESIAN_POINT('',(10.767239181632,293.41396569533,
    -7.474978676308));
#5161 = CARTESIAN_POINT('',(10.899485907242,293.41396569533,
    -7.058791454969));
#5162 = CARTESIAN_POINT('',(10.984151390452,293.41396569533,
    -6.85263200468));
#5163 = CARTESIAN_POINT('',(11.191373198322,293.41396569533,
    -6.451257588089));
#5164 = CARTESIAN_POINT('',(11.315153835882,293.41396569533,
    -6.256412180527));
#5165 = CARTESIAN_POINT('',(11.602623052492,293.41396569533,
    -5.88766076571));
#5166 = CARTESIAN_POINT('',(11.767255655772,293.41396569533,
    -5.714348865161));
#5167 = CARTESIAN_POINT('',(12.134313043312,293.41396569533,
    -5.401367719706));
#5168 = CARTESIAN_POINT('',(12.337604700652,293.41396569533,
    -5.26211461155));
#5169 = CARTESIAN_POINT('',(12.776823259562,293.41396569533,
    -5.030011358636));
#5170 = CARTESIAN_POINT('',(13.012124649022,293.41396569533,
    -4.93803941927));
#5171 = CARTESIAN_POINT('',(13.377999051212,293.41396569533,
    -4.84414336204));
#5172 = CARTESIAN_POINT('',(13.627332724472,293.41396569533,
    -4.796000671672));
#5173 = CARTESIAN_POINT('',(13.882410189532,293.41396569533,
    -4.779359902434));
#5174 = CARTESIAN_POINT('',(14.009756642172,293.41396569533,
    -4.779293223981));
#5175 = ORIENTED_EDGE('',*,*,#5060,.F.);
#5176 = ORIENTED_EDGE('',*,*,#5177,.T.);
#5177 = EDGE_CURVE('',#5061,#5133,#5178,.T.);
#5178 = B_SPLINE_CURVE_WITH_KNOTS('',3,(#5179,#5180,#5181,#5182,#5183,
    #5184,#5185,#5186,#5187,#5188,#5189,#5190,#5191,#5192,#5193,#5194,
    #5195,#5196,#5197,#5198,#5199,#5200,#5201,#5202,#5203,#5204,#5205),
  .UNSPECIFIED.,.F.,.F.,(4,1,2,2,2,2,2,2,2,2,2,2,2,4),(0.19480841582,
    0.232853344032,0.270898272244,0.346782417515,0.422004651105,
    0.496096243748,0.568565318734,0.638936601599,0.706790530946,
    0.771808940103,0.833835666936,0.892961114677,0.949636542844,
    1.00481328465),.UNSPECIFIED.);
#5179 = CARTESIAN_POINT('',(14.010542040302,294.91396569533,
    -6.279293018364));
#5180 = CARTESIAN_POINT('',(13.926121358212,294.91396569533,
    -6.279337220934));
#5181 = CARTESIAN_POINT('',(13.757015433792,294.90845388542,
    -6.286702268021));
#5182 = CARTESIAN_POINT('',(13.589926195262,294.89294568282,
    -6.30845299971));
#5183 = CARTESIAN_POINT('',(13.342280371882,294.86301971629,
    -6.351461701717));
#5184 = CARTESIAN_POINT('',(13.179554422542,294.83417678088,
    -6.394219327967));
#5185 = CARTESIAN_POINT('',(12.864384125042,294.76309357855,
    -6.506609775709));
#5186 = CARTESIAN_POINT('',(12.712450403442,294.72097224657,
    -6.575738576579));
#5187 = CARTESIAN_POINT('',(12.423329016222,294.62796771494,
    -6.738222142765));
#5188 = CARTESIAN_POINT('',(12.285738562492,294.57722572174,
    -6.831331778623));
#5189 = CARTESIAN_POINT('',(12.028529732942,294.47155464162,
    -7.039597812362));
#5190 = CARTESIAN_POINT('',(11.908535453182,294.41674158171,
    -7.154234056082));
#5191 = CARTESIAN_POINT('',(11.689406103492,294.30718049695,
    -7.403271522782));
#5192 = CARTESIAN_POINT('',(11.589676368392,294.25247652049,
    -7.537124753495));
#5193 = CARTESIAN_POINT('',(11.414151036682,294.14681566584,
    -7.822092049807));
#5194 = CARTESIAN_POINT('',(11.337558531452,294.09579478077,
    -7.972577635168));
#5195 = CARTESIAN_POINT('',(11.211599689682,294.00042235325,
    -8.287329803073));
#5196 = CARTESIAN_POINT('',(11.161211891112,293.95588123573,
    -8.450945235787));
#5197 = CARTESIAN_POINT('',(11.090640869222,293.87553198858,
    -8.786849502816));
#5198 = CARTESIAN_POINT('',(11.069226034682,293.83941635909,
    -8.958562162473));
#5199 = CARTESIAN_POINT('',(11.058211141672,293.77714737237,
    -9.303677260496));
#5200 = CARTESIAN_POINT('',(11.067226575182,293.75060708219,
    -9.476681818567));
#5201 = CARTESIAN_POINT('',(11.116425711962,293.70806832714,
    -9.817595063178));
#5202 = CARTESIAN_POINT('',(11.155374523822,293.69167870389,
    -9.985283292137));
#5203 = CARTESIAN_POINT('',(11.261657463212,293.66976496456,
    -10.30905963789));
#5204 = CARTESIAN_POINT('',(11.328307546012,293.66396582719,
    -10.46568744455));
#5205 = CARTESIAN_POINT('',(11.408116768192,293.66396569531,
    -10.61559734966));
#5206 = B_SPLINE_SURFACE_WITH_KNOTS('',3,3,(
    (#5207,#5208,#5209,#5210,#5211,#5212,#5213,#5214,#5215,#5216,#5217
      ,#5218,#5219,#5220,#5221,#5222,#5223,#5224,#5225,#5226,#5227,#5228
      ,#5229,#5230,#5231,#5232,#5233)
    ,(#5234,#5235,#5236,#5237,#5238,#5239,#5240,#5241,#5242,#5243,#5244
      ,#5245,#5246,#5247,#5248,#5249,#5250,#5251,#5252,#5253,#5254,#5255
      ,#5256,#5257,#5258,#5259,#5260)
    ,(#5261,#5262,#5263,#5264,#5265,#5266,#5267,#5268,#5269,#5270,#5271
      ,#5272,#5273,#5274,#5275,#5276,#5277,#5278,#5279,#5280,#5281,#5282
      ,#5283,#5284,#5285,#5286,#5287)
    ,(#5288,#5289,#5290,#5291,#5292,#5293,#5294,#5295,#5296,#5297,#5298
      ,#5299,#5300,#5301,#5302,#5303,#5304,#5305,#5306,#5307,#5308,#5309
      ,#5310,#5311,#5312,#5313,#5314)
    ,(#5315,#5316,#5317,#5318,#5319,#5320,#5321,#5322,#5323,#5324,#5325
      ,#5326,#5327,#5328,#5329,#5330,#5331,#5332,#5333,#5334,#5335,#5336
      ,#5337,#5338,#5339,#5340,#5341)
    ,(#5342,#5343,#5344,#5345,#5346,#5347,#5348,#5349,#5350,#5351,#5352
      ,#5353,#5354,#5355,#5356,#5357,#5358,#5359,#5360,#5361,#5362,#5363
      ,#5364,#5365,#5366,#5367,#5368)
    ,(#5369,#5370,#5371,#5372,#5373,#5374,#5375,#5376,#5377,#5378,#5379
      ,#5380,#5381,#5382,#5383,#5384,#5385,#5386,#5387,#5388,#5389,#5390
      ,#5391,#5392,#5393,#5394,#5395
    )),.UNSPECIFIED.,.F.,.F.,.F.,(4,1,1,1,4),(4,1,2,2,2,2,2,2,2,2,2,2,2,
    4),(0.,0.285714285714,0.571428571429,0.785714285714,1.),(
    0.19480841582,0.232853344032,0.270898272244,0.346782417515,
    0.422004651105,0.496096243748,0.568565318734,0.638936601599,
    0.706790530946,0.771808940103,0.833835666936,0.892961114677,
    0.949636542844,1.00481328465),.UNSPECIFIED.);
#5207 = CARTESIAN_POINT('',(14.009756642172,293.41396569533,
    -4.779293223981));
#5208 = CARTESIAN_POINT('',(13.882410189532,293.41396569533,
    -4.779359902434));
#5209 = CARTESIAN_POINT('',(13.627332724472,293.41396569533,
    -4.796000671672));
#5210 = CARTESIAN_POINT('',(13.377999051212,293.41396569533,
    -4.84414336204));
#5211 = CARTESIAN_POINT('',(13.012124649022,293.41396569533,
    -4.93803941927));
#5212 = CARTESIAN_POINT('',(12.776823259562,293.41396569533,
    -5.030011358636));
#5213 = CARTESIAN_POINT('',(12.337604700652,293.41396569533,
    -5.26211461155));
#5214 = CARTESIAN_POINT('',(12.134313043312,293.41396569533,
    -5.401367719706));
#5215 = CARTESIAN_POINT('',(11.767255655772,293.41396569533,
    -5.714348865161));
#5216 = CARTESIAN_POINT('',(11.602623052492,293.41396569533,
    -5.88766076571));
#5217 = CARTESIAN_POINT('',(11.315153835882,293.41396569533,
    -6.256412180527));
#5218 = CARTESIAN_POINT('',(11.191373198322,293.41396569533,
    -6.451257588089));
#5219 = CARTESIAN_POINT('',(10.984151390452,293.41396569533,
    -6.85263200468));
#5220 = CARTESIAN_POINT('',(10.899485907242,293.41396569533,
    -7.058791454969));
#5221 = CARTESIAN_POINT('',(10.767239181632,293.41396569533,
    -7.474978676308));
#5222 = CARTESIAN_POINT('',(10.718325804532,293.41396569533,
    -7.684774565997));
#5223 = CARTESIAN_POINT('',(10.653885563532,293.41396569533,
    -8.102515182912));
#5224 = CARTESIAN_POINT('',(10.636992872442,293.41396569533,
    -8.310366409431));
#5225 = CARTESIAN_POINT('',(10.633082079852,293.41396569533,
    -8.719813669649));
#5226 = CARTESIAN_POINT('',(10.644737385122,293.41396569533,
    -8.921435683076));
#5227 = CARTESIAN_POINT('',(10.694497780142,293.41396569533,
    -9.314576244987));
#5228 = CARTESIAN_POINT('',(10.731353216062,293.41396569533,
    -9.506202575921));
#5229 = CARTESIAN_POINT('',(10.827912422972,293.41396569533,
    -9.877426492529));
#5230 = CARTESIAN_POINT('',(10.886645569872,293.41396569533,
    -10.05707557171));
#5231 = CARTESIAN_POINT('',(11.023356766942,293.41396569533,
    -10.40327202099));
#5232 = CARTESIAN_POINT('',(11.100868521932,293.41396569533,
    -10.57046672945));
#5233 = CARTESIAN_POINT('',(11.187441353932,293.41396569533,
    -10.73308080183));
#5234 = CARTESIAN_POINT('',(14.009862425092,293.41396569533,
    -4.981323705197));
#5235 = CARTESIAN_POINT('',(13.888256101072,293.41396569533,
    -4.981387378126));
#5236 = CARTESIAN_POINT('',(13.652754217482,293.41396715354,
    -4.99610765176));
#5237 = CARTESIAN_POINT('',(13.417776209252,293.41396927325,
    -5.039047978547));
#5238 = CARTESIAN_POINT('',(13.074617075682,293.41397345982,
    -5.123051844432));
#5239 = CARTESIAN_POINT('',(12.851952662442,293.41397666402,
    -5.205729598936));
#5240 = CARTESIAN_POINT('',(12.433443291392,293.41398245734,
    -5.416180785885));
#5241 = CARTESIAN_POINT('',(12.237874110862,293.41398530854,
    -5.543152225193));
#5242 = CARTESIAN_POINT('',(11.880926672972,293.41398834266,
    -5.831204439805));
#5243 = CARTESIAN_POINT('',(11.718797435782,293.41398904793,
    -5.99186985003));
#5244 = CARTESIAN_POINT('',(11.432092272292,293.4139874335,
    -6.336719019604));
#5245 = CARTESIAN_POINT('',(11.306648050002,293.41398511782,
    -6.520333529909));
#5246 = CARTESIAN_POINT('',(11.093389886362,293.41398181668,
    -6.901621129264));
#5247 = CARTESIAN_POINT('',(11.004425903922,293.41398107824,
    -7.098886470632));
#5248 = CARTESIAN_POINT('',(10.862231005052,293.41397441856,
    -7.499969031064));
#5249 = CARTESIAN_POINT('',(10.807768389222,293.41397299549,
    -7.703438302918));
#5250 = CARTESIAN_POINT('',(10.732080344382,293.41396610315,
    -8.11088664388));
#5251 = CARTESIAN_POINT('',(10.709537875302,293.41396508099,
    -8.314658126926));
#5252 = CARTESIAN_POINT('',(10.694999138342,293.41395997508,
    -8.717739283545));
#5253 = CARTESIAN_POINT('',(10.701681035902,293.41395995232,
    -8.916978416036));
#5254 = CARTESIAN_POINT('',(10.742636837792,293.41395733517,
    -9.306520995305));
#5255 = CARTESIAN_POINT('',(10.775641850242,293.41395835056,
    -9.496874721835));
#5256 = CARTESIAN_POINT('',(10.865831250102,293.4139580346,
    -9.86608018727));
#5257 = CARTESIAN_POINT('',(10.922045308402,293.41396006502,
    -10.04500566262));
#5258 = CARTESIAN_POINT('',(11.054955162762,293.41396148732,
    -10.3895257697));
#5259 = CARTESIAN_POINT('',(11.131558768112,293.41396569533,
    -10.55646169446));
#5260 = CARTESIAN_POINT('',(11.217163453432,293.41396569533,
    -10.71725728613));
#5261 = CARTESIAN_POINT('',(14.010094387852,293.49830290296,
    -5.424339898005));
#5262 = CARTESIAN_POINT('',(13.901212582782,293.49830290296,
    -5.42439690839));
#5263 = CARTESIAN_POINT('',(13.705558865092,293.49799049431,
    -5.435431682405));
#5264 = CARTESIAN_POINT('',(13.501029235742,293.49712166625,
    -5.467925939787));
#5265 = CARTESIAN_POINT('',(13.205338130132,293.49544164389,
    -5.532069487517));
#5266 = CARTESIAN_POINT('',(13.009603871932,293.49382356216,
    -5.595862673815));
#5267 = CARTESIAN_POINT('',(12.635805551162,293.48983604056,
    -5.761681080444));
#5268 = CARTESIAN_POINT('',(12.457350631092,293.48747206239,
    -5.863089624462));
#5269 = CARTESIAN_POINT('',(12.123651722322,293.48225225821,
    -6.098399269248));
#5270 = CARTESIAN_POINT('',(11.967852535802,293.47940276858,
    -6.231957091244));
#5271 = CARTESIAN_POINT('',(11.684658320582,293.47346912719,
    -6.524795480249));
#5272 = CARTESIAN_POINT('',(11.556540781582,293.47039102781,
    -6.683572553599));
#5273 = CARTESIAN_POINT('',(11.331692708992,293.46423059617,
    -7.020019841671));
#5274 = CARTESIAN_POINT('',(11.233993839182,293.46115053428,
    -7.197205645312));
#5275 = CARTESIAN_POINT('',(11.071020520692,293.45520938528,
    -7.56354772848));
#5276 = CARTESIAN_POINT('',(11.004738384852,293.45233616327,
    -7.752325811208));
#5277 = CARTESIAN_POINT('',(10.904781020422,293.44697290112,
    -8.135416303586));
#5278 = CARTESIAN_POINT('',(10.869924825132,293.44446418303,
    -8.32945722508));
#5279 = CARTESIAN_POINT('',(10.832042081102,293.43994512729,
    -8.717045205691));
#5280 = CARTESIAN_POINT('',(10.827743821622,293.43791041846,
    -8.910457342186));
#5281 = CARTESIAN_POINT('',(10.849154942482,293.43440745695,
    -9.290997158257));
#5282 = CARTESIAN_POINT('',(10.873591590382,293.43291126235,
    -9.478164420416));
#5283 = CARTESIAN_POINT('',(10.949534728022,293.43051683643,
    -9.842215832044));
#5284 = CARTESIAN_POINT('',(11.000099469832,293.42959097204,
    -10.01930742941));
#5285 = CARTESIAN_POINT('',(11.124440254082,293.42835522349,
    -10.35970367017));
#5286 = CARTESIAN_POINT('',(11.198853478102,293.42802190399,
    -10.52574474749));
#5287 = CARTESIAN_POINT('',(11.282338630172,293.4280218966,
    -10.6825591958));
#5288 = CARTESIAN_POINT('',(14.010373496292,293.9142910924,
    -5.95739770143));
#5289 = CARTESIAN_POINT('',(13.916733731942,293.9142910924,-5.9574467311
    ));
#5290 = CARTESIAN_POINT('',(13.756295122602,293.91259358817,
    -5.965028615402));
#5291 = CARTESIAN_POINT('',(13.583033149492,293.90778518585,
    -5.987723569217));
#5292 = CARTESIAN_POINT('',(13.333617227942,293.89844952414,
    -6.032961838186));
#5293 = CARTESIAN_POINT('',(13.165713700012,293.88937357293,
    -6.078472353724));
#5294 = CARTESIAN_POINT('',(12.839366888442,293.86675937576,
    -6.199881647977));
#5295 = CARTESIAN_POINT('',(12.680285426252,293.8532516604,
    -6.27530044595));
#5296 = CARTESIAN_POINT('',(12.375318120992,293.82305678576,
    -6.45505232908));
#5297 = CARTESIAN_POINT('',(12.229055437422,293.80641637813,
    -6.559105503793));
#5298 = CARTESIAN_POINT('',(11.955548943842,293.771442369,
    -6.793284206342));
#5299 = CARTESIAN_POINT('',(11.827765105512,293.75313617785,
    -6.922940052245));
#5300 = CARTESIAN_POINT('',(11.596176039502,293.71627729232,
    -7.204587253721));
#5301 = CARTESIAN_POINT('',(11.491622234722,293.69773853128,
    -7.35602753933));
#5302 = CARTESIAN_POINT('',(11.310226794802,293.66181804471,
    -7.676207725223));
#5303 = CARTESIAN_POINT('',(11.232586476042,293.64439872883,
    -7.844405465526));
#5304 = CARTESIAN_POINT('',(11.108072048902,293.61183494201,
    -8.192229161828));
#5305 = CARTESIAN_POINT('',(11.060139793222,293.59660845083,
    -8.37136687315));
#5306 = CARTESIAN_POINT('',(10.996708699982,293.56919227982,
    -8.734501534009));
#5307 = CARTESIAN_POINT('',(10.979961419952,293.55688101636,
    -8.918141974111));
#5308 = CARTESIAN_POINT('',(10.978789742622,293.53570564317,
    -9.283177791062));
#5309 = CARTESIAN_POINT('',(10.993035492242,293.52669479021,
    -9.464443756201));
#5310 = CARTESIAN_POINT('',(11.051805816032,293.51228022876,
    -9.818943153862));
#5311 = CARTESIAN_POINT('',(11.095312538892,293.50673340799,
    -9.992329687299));
#5312 = CARTESIAN_POINT('',(11.208867445082,293.49932245477,
    -10.32558290222));
#5313 = CARTESIAN_POINT('',(11.279714018662,293.49735330535,
    -10.48857505793));
#5314 = CARTESIAN_POINT('',(11.360760468752,293.4973532615,
    -10.64080886378));
#5315 = CARTESIAN_POINT('',(14.010517517642,294.43927273631,
    -6.232458191161));
#5316 = CARTESIAN_POINT('',(13.924758948852,294.43927273631,
    -6.232503094247));
#5317 = CARTESIAN_POINT('',(13.770079372032,294.43571779331,
    -6.239094562064));
#5318 = CARTESIAN_POINT('',(13.607682300642,294.42562868507,
    -6.258821441718));
#5319 = CARTESIAN_POINT('',(13.371272045792,294.40609032668,
    -6.298170088337));
#5320 = CARTESIAN_POINT('',(13.212883946732,294.38714093044,
    -6.337732849482));
#5321 = CARTESIAN_POINT('',(12.903720279212,294.34008043842,
    -6.443725052905));
#5322 = CARTESIAN_POINT('',(12.752717962712,294.31204234229,
    -6.509702974421));
#5323 = CARTESIAN_POINT('',(12.461920949402,294.24960320062,
    -6.667661493513));
#5324 = CARTESIAN_POINT('',(12.321785167432,294.21530515197,
    -6.75939507552));
#5325 = CARTESIAN_POINT('',(12.057638375992,294.14342219644,
    -6.967312343757));
#5326 = CARTESIAN_POINT('',(11.933203852082,294.1059027776,
    -7.083012202573));
#5327 = CARTESIAN_POINT('',(11.705060144572,294.03056316306,
    -7.33655657087));
#5328 = CARTESIAN_POINT('',(11.600724410332,293.99277299407,
    -7.473833819793));
#5329 = CARTESIAN_POINT('',(11.416931783392,293.91958865759,
    -7.767041160238));
#5330 = CARTESIAN_POINT('',(11.336731724682,293.88416362232,
    -7.922367687474));
#5331 = CARTESIAN_POINT('',(11.205115954802,293.81790802895,
    -8.246980724275));
#5332 = CARTESIAN_POINT('',(11.152691765522,293.78695534534,
    -8.415669704462));
#5333 = CARTESIAN_POINT('',(11.079497492012,293.73116269427,
    -8.760922094097));
#5334 = CARTESIAN_POINT('',(11.057494820912,293.70611591093,
    -8.936991881931));
#5335 = CARTESIAN_POINT('',(11.046214102952,293.66298121631,
    -9.289602045364));
#5336 = CARTESIAN_POINT('',(11.055570617392,293.6446302432,
    -9.46586776012));
#5337 = CARTESIAN_POINT('',(11.105787297762,293.61524130041,
    -9.8121839763));
#5338 = CARTESIAN_POINT('',(11.145521524962,293.60394217856,
    -9.982229043682));
#5339 = CARTESIAN_POINT('',(11.253184239912,293.58883300911,
    -10.30965836726));
#5340 = CARTESIAN_POINT('',(11.321342343982,293.58485029217,
    -10.46921477408));
#5341 = CARTESIAN_POINT('',(11.401226546662,293.58485020215,
    -10.61926551655));
#5342 = CARTESIAN_POINT('',(14.010542040302,294.76244281364,
    -6.279293018364));
#5343 = CARTESIAN_POINT('',(13.926122145462,294.76244281364,
    -6.279337220522));
#5344 = CARTESIAN_POINT('',(13.763095848902,294.75757361639,
    -6.286327277948));
#5345 = CARTESIAN_POINT('',(13.598581912532,294.74386313459,
    -6.307064748693));
#5346 = CARTESIAN_POINT('',(13.356226430222,294.71736656492,
    -6.348210445182));
#5347 = CARTESIAN_POINT('',(13.195831695382,294.6917805062,
    -6.389289154142));
#5348 = CARTESIAN_POINT('',(12.884134833402,294.62856768808,
    -6.498089718371));
#5349 = CARTESIAN_POINT('',(12.733080144972,294.59104080683,
    -6.565331316016));
#5350 = CARTESIAN_POINT('',(12.444193308452,294.50795012339,
    -6.724562315977));
#5351 = CARTESIAN_POINT('',(12.305985605372,294.46251154247,
    -6.816308122967));
#5352 = CARTESIAN_POINT('',(12.046636071782,294.36768831148,
    -7.02269556474));
#5353 = CARTESIAN_POINT('',(11.925107984242,294.31840070429,
    -7.136830445453));
#5354 = CARTESIAN_POINT('',(11.702660073952,294.21971087475,
    -7.385790279356));
#5355 = CARTESIAN_POINT('',(11.601141093652,294.17034744536,
    -7.520057762837));
#5356 = CARTESIAN_POINT('',(11.422226926792,294.07494282016,
    -7.806488704754));
#5357 = CARTESIAN_POINT('',(11.344061617312,294.02882354996,
    -7.958026878583));
#5358 = CARTESIAN_POINT('',(11.215435547972,293.94262119118,
    -8.275120735792));
#5359 = CARTESIAN_POINT('',(11.163963757632,293.90234613444,
    -8.440035967081));
#5360 = CARTESIAN_POINT('',(11.091736134022,293.82973162621,
    -8.778426828842));
#5361 = CARTESIAN_POINT('',(11.069751159372,293.79709517297,
    -8.951346159912));
#5362 = CARTESIAN_POINT('',(11.057974298422,293.74086249991,
    -9.298578726801));
#5363 = CARTESIAN_POINT('',(11.066804455422,293.71689973451,
    -9.472529340407));
#5364 = CARTESIAN_POINT('',(11.115842453902,293.67851404944,
    -9.815019067895));
#5365 = CARTESIAN_POINT('',(11.154852082952,293.66372453002,
    -9.98340837324));
#5366 = CARTESIAN_POINT('',(11.261289114362,293.64395629059,
    -10.30823049369));
#5367 = CARTESIAN_POINT('',(11.328355959912,293.63871200015,
    -10.46577838073));
#5368 = CARTESIAN_POINT('',(11.408116759692,293.6387118817,
    -10.6155973337));
#5369 = CARTESIAN_POINT('',(14.010542040302,294.91396569533,
    -6.279293018364));
#5370 = CARTESIAN_POINT('',(13.926121358212,294.91396569533,
    -6.279337220934));
#5371 = CARTESIAN_POINT('',(13.757015433792,294.90845388542,
    -6.286702268021));
#5372 = CARTESIAN_POINT('',(13.589926195262,294.89294568282,
    -6.30845299971));
#5373 = CARTESIAN_POINT('',(13.342280371882,294.86301971629,
    -6.351461701717));
#5374 = CARTESIAN_POINT('',(13.179554422542,294.83417678088,
    -6.394219327967));
#5375 = CARTESIAN_POINT('',(12.864384125042,294.76309357855,
    -6.506609775709));
#5376 = CARTESIAN_POINT('',(12.712450403442,294.72097224657,
    -6.575738576579));
#5377 = CARTESIAN_POINT('',(12.423329016222,294.62796771494,
    -6.738222142765));
#5378 = CARTESIAN_POINT('',(12.285738562492,294.57722572174,
    -6.831331778623));
#5379 = CARTESIAN_POINT('',(12.028529732942,294.47155464162,
    -7.039597812362));
#5380 = CARTESIAN_POINT('',(11.908535453182,294.41674158171,
    -7.154234056082));
#5381 = CARTESIAN_POINT('',(11.689406103492,294.30718049695,
    -7.403271522782));
#5382 = CARTESIAN_POINT('',(11.589676368392,294.25247652049,
    -7.537124753495));
#5383 = CARTESIAN_POINT('',(11.414151036682,294.14681566584,
    -7.822092049807));
#5384 = CARTESIAN_POINT('',(11.337558531452,294.09579478077,
    -7.972577635168));
#5385 = CARTESIAN_POINT('',(11.211599689682,294.00042235325,
    -8.287329803073));
#5386 = CARTESIAN_POINT('',(11.161211891112,293.95588123573,
    -8.450945235787));
#5387 = CARTESIAN_POINT('',(11.090640869222,293.87553198858,
    -8.786849502816));
#5388 = CARTESIAN_POINT('',(11.069226034682,293.83941635909,
    -8.958562162473));
#5389 = CARTESIAN_POINT('',(11.058211141672,293.77714737237,
    -9.303677260496));
#5390 = CARTESIAN_POINT('',(11.067226575182,293.75060708219,
    -9.476681818567));
#5391 = CARTESIAN_POINT('',(11.116425711962,293.70806832714,
    -9.817595063178));
#5392 = CARTESIAN_POINT('',(11.155374523822,293.69167870389,
    -9.985283292137));
#5393 = CARTESIAN_POINT('',(11.261657463212,293.66976496456,
    -10.30905963789));
#5394 = CARTESIAN_POINT('',(11.328307546012,293.66396582719,
    -10.46568744455));
#5395 = CARTESIAN_POINT('',(11.408116768192,293.66396569531,
    -10.61559734966));
#5396 = ADVANCED_FACE('',(#5397),#5466,.T.);
#5397 = FACE_BOUND('',#5398,.T.);
#5398 = EDGE_LOOP('',(#5399,#5424,#5439,#5440));
#5399 = ORIENTED_EDGE('',*,*,#5400,.T.);
#5400 = EDGE_CURVE('',#5401,#5403,#5405,.T.);
#5401 = VERTEX_POINT('',#5402);
#5402 = CARTESIAN_POINT('',(13.108020592322,293.6140148661,
    -13.80861707866));
#5403 = VERTEX_POINT('',#5404);
#5404 = CARTESIAN_POINT('',(11.842784692192,293.41396569533,
    -11.93105326116));
#5405 = B_SPLINE_CURVE_WITH_KNOTS('',3,(#5406,#5407,#5408,#5409,#5410,
    #5411,#5412,#5413,#5414,#5415,#5416,#5417,#5418,#5419,#5420,#5421,
    #5422,#5423),.UNSPECIFIED.,.F.,.F.,(4,2,2,2,2,2,2,2,4),(0.,
    1.234998805602E-03,2.455311820327E-03,4.14819638346E-03,
    7.526836352724E-03,1.749668555708E-02,6.913193626974E-02,
    0.187803720207,0.279676733865),.UNSPECIFIED.);
#5406 = CARTESIAN_POINT('',(13.108020592322,293.6140148661,
    -13.80861707866));
#5407 = CARTESIAN_POINT('',(13.108641296482,293.61011585195,
    -13.80978298029));
#5408 = CARTESIAN_POINT('',(13.108819486582,293.60611013652,
    -13.81036008544));
#5409 = CARTESIAN_POINT('',(13.108141579292,293.59795768706,
    -13.81012960294));
#5410 = CARTESIAN_POINT('',(13.107320438882,293.59408601754,
    -13.8093460873));
#5411 = CARTESIAN_POINT('',(13.104509087982,293.58530954478,
    -13.8062861793));
#5412 = CARTESIAN_POINT('',(13.102222838622,293.58069109428,
    -13.80358542073));
#5413 = CARTESIAN_POINT('',(13.094780555092,293.56850647704,
    -13.79454838746));
#5414 = CARTESIAN_POINT('',(13.088397842262,293.56154968989,
    -13.78649590468));
#5415 = CARTESIAN_POINT('',(13.064643283712,293.53950987262,
    -13.75615669349));
#5416 = CARTESIAN_POINT('',(13.041117512112,293.52670332443,
    -13.7252208304));
#5417 = CARTESIAN_POINT('',(12.922729332142,293.4716745519,
    -13.56797899702));
#5418 = CARTESIAN_POINT('',(12.772822754602,293.45168332703,
    -13.35870609489));
#5419 = CARTESIAN_POINT('',(12.540282163842,293.42427763098,
    -13.02689111415));
#5420 = CARTESIAN_POINT('',(12.368058071312,293.41891695173,
    -12.76994426547));
#5421 = CARTESIAN_POINT('',(12.084380529162,293.41417887927,
    -12.32746035311));
#5422 = CARTESIAN_POINT('',(11.962214680802,293.41396569533,
    -12.13039736818));
#5423 = CARTESIAN_POINT('',(11.842784692192,293.41396569533,
    -11.93105326116));
#5424 = ORIENTED_EDGE('',*,*,#5425,.T.);
#5425 = EDGE_CURVE('',#5403,#5135,#5426,.T.);
#5426 = B_SPLINE_CURVE_WITH_KNOTS('',3,(#5427,#5428,#5429,#5430,#5431,
    #5432,#5433,#5434,#5435,#5436,#5437,#5438),.UNSPECIFIED.,.F.,.F.,(4,
    2,2,2,2,4),(-1.141336152756,-1.12760447029,-1.096892067456,
    -1.066182805228,-1.035476631575,-1.004813284649),.UNSPECIFIED.);
#5427 = CARTESIAN_POINT('',(11.842784682732,293.41396569533,
    -11.93105326643));
#5428 = CARTESIAN_POINT('',(11.820515287362,293.41396569533,
    -11.89107295157));
#5429 = CARTESIAN_POINT('',(11.798261539272,293.41396569533,
    -11.85108376098));
#5430 = CARTESIAN_POINT('',(11.726300420462,293.41396569533,
    -11.7216180402));
#5431 = CARTESIAN_POINT('',(11.676674136682,293.41396569533,
    -11.63209658575));
#5432 = CARTESIAN_POINT('',(11.577720083432,293.41396569533,
    -11.45287461399));
#5433 = CARTESIAN_POINT('',(11.528392378852,293.41396569533,
    -11.36317429419));
#5434 = CARTESIAN_POINT('',(11.430175735022,293.41396569533,
    -11.18361193956));
#5435 = CARTESIAN_POINT('',(11.381286870362,293.41396569533,
    -11.09375014397));
#5436 = CARTESIAN_POINT('',(11.283971378182,293.41396569533,
    -10.91366122255));
#5437 = CARTESIAN_POINT('',(11.235552436512,293.41396569533,
    -10.82345025013));
#5438 = CARTESIAN_POINT('',(11.187441353922,293.41396569533,
    -10.73308080182));
#5439 = ORIENTED_EDGE('',*,*,#5132,.F.);
#5440 = ORIENTED_EDGE('',*,*,#5441,.T.);
#5441 = EDGE_CURVE('',#5133,#5401,#5442,.T.);
#5442 = B_SPLINE_CURVE_WITH_KNOTS('',3,(#5443,#5444,#5445,#5446,#5447,
    #5448,#5449,#5450,#5451,#5452,#5453,#5454,#5455,#5456,#5457,#5458,
    #5459,#5460,#5461,#5462,#5463,#5464,#5465),.UNSPECIFIED.,.F.,.F.,(4,
    2,2,2,2,2,1,1,1,2,2,2,4),(1.004813284649,1.035476631575,
    1.066182805228,1.096892067456,1.12760447029,1.158319359209,
    1.189035608847,1.219751858485,1.250466747404,1.281179150238,
    1.311888412466,1.342594586119,1.366586151346),.UNSPECIFIED.);
#5443 = CARTESIAN_POINT('',(11.408116768192,293.66396569531,
    -10.61559734966));
#5444 = CARTESIAN_POINT('',(11.456227786082,293.66396562202,
    -10.7059668324));
#5445 = CARTESIAN_POINT('',(11.504341053292,293.66361932783,
    -10.79634054017));
#5446 = CARTESIAN_POINT('',(11.600534919902,293.66234865436,
    -10.97702659401));
#5447 = CARTESIAN_POINT('',(11.648607121352,293.66142346838,
    -11.06732316578));
#5448 = CARTESIAN_POINT('',(11.744781570412,293.65910989532,
    -11.24797274661));
#5449 = CARTESIAN_POINT('',(11.792883702312,293.65772146167,
    -11.33832553833));
#5450 = CARTESIAN_POINT('',(11.889079804562,293.65459701868,
    -11.51901579148));
#5451 = CARTESIAN_POINT('',(11.937173678642,293.6528609738,
    -11.60935307211));
#5452 = CARTESIAN_POINT('',(12.033363492342,293.64915704464,
    -11.79003151315));
#5453 = CARTESIAN_POINT('',(12.081459416582,293.64718914159,
    -11.88037264469));
#5454 = CARTESIAN_POINT('',(12.177650630052,293.64313734433,
    -12.061053715));
#5455 = CARTESIAN_POINT('',(12.273841178212,293.63896954563,
    -12.24173353562));
#5456 = CARTESIAN_POINT('',(12.418125350482,293.63271772783,
    -12.51275016733));
#5457 = CARTESIAN_POINT('',(12.562409918452,293.62681345464,
    -12.7837675423));
#5458 = CARTESIAN_POINT('',(12.658605079502,293.62334051758,
    -12.96445602756));
#5459 = CARTESIAN_POINT('',(12.754796347192,293.62021522652,
    -13.14513719972));
#5460 = CARTESIAN_POINT('',(12.802892018112,293.61882629821,
    -13.23547785544));
#5461 = CARTESIAN_POINT('',(12.899084158762,293.61651159457,
    -13.41616066731));
#5462 = CARTESIAN_POINT('',(12.947180305452,293.61558577268,
    -13.5065022167));
#5463 = CARTESIAN_POINT('',(13.032857754542,293.61445198177,
    -13.66743472441));
#5464 = CARTESIAN_POINT('',(13.070438935342,293.61413130858,
    -13.73802545433));
#5465 = CARTESIAN_POINT('',(13.108020592332,293.6140148661,
    -13.80861707868));
#5466 = B_SPLINE_SURFACE_WITH_KNOTS('',3,3,(
    (#5467,#5468,#5469,#5470,#5471,#5472,#5473,#5474,#5475,#5476,#5477
      ,#5478,#5479,#5480,#5481,#5482,#5483,#5484,#5485,#5486,#5487,#5488
      ,#5489)
    ,(#5490,#5491,#5492,#5493,#5494,#5495,#5496,#5497,#5498,#5499,#5500
      ,#5501,#5502,#5503,#5504,#5505,#5506,#5507,#5508,#5509,#5510,#5511
      ,#5512)
    ,(#5513,#5514,#5515,#5516,#5517,#5518,#5519,#5520,#5521,#5522,#5523
      ,#5524,#5525,#5526,#5527,#5528,#5529,#5530,#5531,#5532,#5533,#5534
      ,#5535)
    ,(#5536,#5537,#5538,#5539,#5540,#5541,#5542,#5543,#5544,#5545,#5546
      ,#5547,#5548,#5549,#5550,#5551,#5552,#5553,#5554,#5555,#5556,#5557
      ,#5558)
    ,(#5559,#5560,#5561,#5562,#5563,#5564,#5565,#5566,#5567,#5568,#5569
      ,#5570,#5571,#5572,#5573,#5574,#5575,#5576,#5577,#5578,#5579,#5580
      ,#5581)
    ,(#5582,#5583,#5584,#5585,#5586,#5587,#5588,#5589,#5590,#5591,#5592
      ,#5593,#5594,#5595,#5596,#5597,#5598,#5599,#5600,#5601,#5602,#5603
      ,#5604
    )),.UNSPECIFIED.,.F.,.F.,.F.,(4,1,1,4),(4,2,2,2,2,2,1,1,1,2,2,2,4),(
    0.,0.285714285714,0.571428571429,1.),(1.004813284649,1.035476631575,
    1.066182805228,1.096892067456,1.12760447029,1.158319359209,
    1.189035608847,1.219751858485,1.250466747404,1.281179150238,
    1.311888412466,1.342594586119,1.366778648644),.UNSPECIFIED.);
#5467 = CARTESIAN_POINT('',(11.187441353922,293.41396569533,
    -10.73308080182));
#5468 = CARTESIAN_POINT('',(11.235552436512,293.41396569533,
    -10.82345025013));
#5469 = CARTESIAN_POINT('',(11.283971378182,293.41396569533,
    -10.91366122255));
#5470 = CARTESIAN_POINT('',(11.381286870362,293.41396569533,
    -11.09375014397));
#5471 = CARTESIAN_POINT('',(11.430175735022,293.41396569533,
    -11.18361193956));
#5472 = CARTESIAN_POINT('',(11.528392378852,293.41396569533,
    -11.36317429419));
#5473 = CARTESIAN_POINT('',(11.577720083432,293.41396569533,
    -11.45287461399));
#5474 = CARTESIAN_POINT('',(11.676674136682,293.41396569533,
    -11.63209658575));
#5475 = CARTESIAN_POINT('',(11.726300420462,293.41396569533,
    -11.7216180402));
#5476 = CARTESIAN_POINT('',(11.825759698562,293.41396569533,
    -11.9005558797));
#5477 = CARTESIAN_POINT('',(11.875592694082,293.41396569533,
    -11.98997222706));
#5478 = CARTESIAN_POINT('',(11.975360435722,293.41396569533,
    -12.16874922086));
#5479 = CARTESIAN_POINT('',(12.075229906692,293.41396569533,
    -12.34747045196));
#5480 = CARTESIAN_POINT('',(12.225032568892,293.41396569533,
    -12.61554914313));
#5481 = CARTESIAN_POINT('',(12.374528848592,293.41396569533,
    -12.8837919005));
#5482 = CARTESIAN_POINT('',(12.473789576942,293.41396569533,
    -13.06284833522));
#5483 = CARTESIAN_POINT('',(12.572739544222,293.41396569533,
    -13.24206082745));
#5484 = CARTESIAN_POINT('',(12.622061224482,293.41396569533,
    -13.33174877881));
#5485 = CARTESIAN_POINT('',(12.720296557852,293.41396569533,
    -13.51134383317));
#5486 = CARTESIAN_POINT('',(12.769209929072,293.41396569533,
    -13.60125030756));
#5487 = CARTESIAN_POINT('',(12.856193223312,293.41396569533,
    -13.76221450192));
#5488 = CARTESIAN_POINT('',(12.894360017402,293.41396569533,
    -13.83322040579));
#5489 = CARTESIAN_POINT('',(12.932343910972,293.41396569533,
    -13.90432483329));
#5490 = CARTESIAN_POINT('',(11.217163453432,293.41396569533,
    -10.71725728613));
#5491 = CARTESIAN_POINT('',(11.265238838922,293.41396569533,
    -10.80755970546));
#5492 = CARTESIAN_POINT('',(11.313583722352,293.41396569533,
    -10.89773136215));
#5493 = CARTESIAN_POINT('',(11.410688457452,293.41396569533,
    -11.07779025952));
#5494 = CARTESIAN_POINT('',(11.459440653492,293.41396569533,
    -11.16766162949));
#5495 = CARTESIAN_POINT('',(11.557335950212,293.41396569533,
    -11.3472858332));
#5496 = CARTESIAN_POINT('',(11.606478847612,293.41396569533,
    -11.43703820151));
#5497 = CARTESIAN_POINT('',(11.705028785012,293.41396569533,
    -11.61639888871));
#5498 = CARTESIAN_POINT('',(11.754435791902,293.41396569533,
    -11.70600707618));
#5499 = CARTESIAN_POINT('',(11.853435620512,293.41396569533,
    -11.88514516609));
#5500 = CARTESIAN_POINT('',(11.903028421912,293.41396569533,
    -11.97467499709));
#5501 = CARTESIAN_POINT('',(12.002308157722,293.41396569533,
    -12.15369738628));
#5502 = CARTESIAN_POINT('',(12.101682007522,293.41396569533,
    -12.33268244791));
#5503 = CARTESIAN_POINT('',(12.250757974092,293.41396569533,
    -12.60118684797));
#5504 = CARTESIAN_POINT('',(12.399583741412,293.41396569533,
    -12.86985999385));
#5505 = CARTESIAN_POINT('',(12.498461301482,293.41396569533,
    -13.04918997383));
#5506 = CARTESIAN_POINT('',(12.597073384322,293.41396569533,
    -13.22866137272));
#5507 = CARTESIAN_POINT('',(12.646248752102,293.41396569533,
    -13.31847146527));
#5508 = CARTESIAN_POINT('',(12.744250280342,293.41396569533,
    -13.49828873092));
#5509 = CARTESIAN_POINT('',(12.793076153642,293.41396569533,
    -13.58829527901));
#5510 = CARTESIAN_POINT('',(12.879967981712,293.41396569533,
    -13.74941255111));
#5511 = CARTESIAN_POINT('',(12.918117027172,293.41396569533,
    -13.82047697104));
#5512 = CARTESIAN_POINT('',(12.956109176372,293.41396569533,
    -13.89162945913));
#5513 = CARTESIAN_POINT('',(11.281992518872,293.4277937691,
    -10.6827434591));
#5514 = CARTESIAN_POINT('',(11.330004704752,293.42779376496,
    -10.77292721432));
#5515 = CARTESIAN_POINT('',(11.378201760052,293.42777459957,
    -10.86303814529));
#5516 = CARTESIAN_POINT('',(11.474871939022,293.42770428138,
    -11.0430765745));
#5517 = CARTESIAN_POINT('',(11.523337412242,293.4276530842,
    -11.13298871225));
#5518 = CARTESIAN_POINT('',(11.620551690352,293.4275250665,
    -11.31278206308));
#5519 = CARTESIAN_POINT('',(11.669300063632,293.42744824344,
    -11.40266241319));
#5520 = CARTESIAN_POINT('',(11.766982822072,293.42727537604,
    -11.58234942503));
#5521 = CARTESIAN_POINT('',(11.815917229052,293.42717932985,
    -11.67215607762));
#5522 = CARTESIAN_POINT('',(11.913923386112,293.42697442239,
    -11.85174462899));
#5523 = CARTESIAN_POINT('',(11.962995078802,293.42686556007,
    -11.94152639946));
#5524 = CARTESIAN_POINT('',(12.061213257362,293.42664143013,
    -12.12108841626));
#5525 = CARTESIAN_POINT('',(12.159506214282,293.42641089435,
    -12.30064886832));
#5526 = CARTESIAN_POINT('',(12.306989906292,293.42606511511,
    -12.57006972904));
#5527 = CARTESIAN_POINT('',(12.454339377222,293.42573858497,
    -12.83965885177));
#5528 = CARTESIAN_POINT('',(12.552368189042,293.42554653215,
    -13.01956386048));
#5529 = CARTESIAN_POINT('',(12.650228649302,293.42537370964,
    -13.19957534513));
#5530 = CARTESIAN_POINT('',(12.699076741122,293.4252969077,
    -13.28963802331));
#5531 = CARTESIAN_POINT('',(12.796550541332,293.42516891799,
    -13.46990930498));
#5532 = CARTESIAN_POINT('',(12.845175948842,293.42511772763,
    -13.56011728677));
#5533 = CARTESIAN_POINT('',(12.931849829292,293.42505481936,
    -13.72153541053));
#5534 = CARTESIAN_POINT('',(12.969951592032,293.4250370267,
    -13.79271187143));
#5535 = CARTESIAN_POINT('',(13.007952736892,293.42503072007,
    -13.86395244728));
#5536 = CARTESIAN_POINT('',(11.382443987912,293.51639924789,
    -10.62926496034));
#5537 = CARTESIAN_POINT('',(11.430429444852,293.51639921898,
    -10.71939857744));
#5538 = CARTESIAN_POINT('',(11.478463265132,293.51625771775,
    -10.80953748723));
#5539 = CARTESIAN_POINT('',(11.574579813672,293.51573827191,
    -10.98976423431));
#5540 = CARTESIAN_POINT('',(11.622654653652,293.51535999337,
    -11.07983705389));
#5541 = CARTESIAN_POINT('',(11.718906945912,293.51441373444,
    -11.26006080073));
#5542 = CARTESIAN_POINT('',(11.767083858402,293.51384573673,
    -11.35021070346));
#5543 = CARTESIAN_POINT('',(11.863488954262,293.5125671889,
    -11.53052071026));
#5544 = CARTESIAN_POINT('',(11.911717169412,293.5118566216,
    -11.62068086423));
#5545 = CARTESIAN_POINT('',(12.008222381602,293.51034019869,
    -11.80103528522));
#5546 = CARTESIAN_POINT('',(12.056499301152,293.5095343363,
    -11.89122940246));
#5547 = CARTESIAN_POINT('',(12.153085461672,293.50787472275,
    -12.07164948304));
#5548 = CARTESIAN_POINT('',(12.249703927492,293.50616721615,
    -12.25210137691));
#5549 = CARTESIAN_POINT('',(12.394686930692,293.50360482798,
    -12.52288262352));
#5550 = CARTESIAN_POINT('',(12.539685294602,293.50118395083,
    -12.7937783937));
#5551 = CARTESIAN_POINT('',(12.636338893722,293.49975946472,
    -12.97446760328));
#5552 = CARTESIAN_POINT('',(12.732966727772,293.49847737864,
    -13.15519446287));
#5553 = CARTESIAN_POINT('',(12.781269756922,293.49790749204,
    -13.24558043808));
#5554 = CARTESIAN_POINT('',(12.877842519192,293.49695762315,
    -13.42640456092));
#5555 = CARTESIAN_POINT('',(12.926111931992,293.4965776218,
    -13.51684209528));
#5556 = CARTESIAN_POINT('',(13.012360259482,293.49611056509,
    -13.67856488554));
#5557 = CARTESIAN_POINT('',(13.050347695462,293.49597843239,
    -13.74983892388));
#5558 = CARTESIAN_POINT('',(13.088319196822,293.49593159316,
    -13.82113453273));
#5559 = CARTESIAN_POINT('',(11.408116751202,293.61345806809,
    -10.61559731774));
#5560 = CARTESIAN_POINT('',(11.456174237622,293.61345801086,
    -10.70586624949));
#5561 = CARTESIAN_POINT('',(11.504238509632,293.61318205998,
    -10.79614792696));
#5562 = CARTESIAN_POINT('',(11.600343880072,293.61216927597,
    -10.97666775374));
#5563 = CARTESIAN_POINT('',(11.648376766472,293.61143179539,
    -11.06689047796));
#5564 = CARTESIAN_POINT('',(11.744483250712,293.60958730023,
    -11.24741239685));
#5565 = CARTESIAN_POINT('',(11.792556549462,293.60848025003,
    -11.33771102974));
#5566 = CARTESIAN_POINT('',(11.888705096742,293.60598865824,
    -11.51831195788));
#5567 = CARTESIAN_POINT('',(11.936780300662,293.60460408563,
    -11.60861416933));
#5568 = CARTESIAN_POINT('',(12.032942517852,293.60164964838,
    -11.78924077439));
#5569 = CARTESIAN_POINT('',(12.081029487642,293.60007976965,
    -11.87956508631));
#5570 = CARTESIAN_POINT('',(12.177211735122,293.59684709709,
    -12.06022931532));
#5571 = CARTESIAN_POINT('',(12.273402265302,293.59352150117,
    -12.24090910217));
#5572 = CARTESIAN_POINT('',(12.417710598112,293.58853194903,
    -12.51197111591));
#5573 = CARTESIAN_POINT('',(12.562040849432,293.58381885058,
    -12.78307430035));
#5574 = CARTESIAN_POINT('',(12.658279287952,293.58104607068,
    -12.96384407598));
#5575 = CARTESIAN_POINT('',(12.754519725302,293.57855065986,
    -13.14461760612));
#5576 = CARTESIAN_POINT('',(12.802642927582,293.57744155435,
    -13.23500997544));
#5577 = CARTESIAN_POINT('',(12.898895882352,293.57559305788,
    -13.41580701772));
#5578 = CARTESIAN_POINT('',(12.947025312342,293.57485362984,
    -13.50621108489));
#5579 = CARTESIAN_POINT('',(13.033069234162,293.57394485942,
    -13.66783195781));
#5580 = CARTESIAN_POINT('',(13.070982489702,293.57368779001,
    -13.73904644137));
#5581 = CARTESIAN_POINT('',(13.108898331142,293.57359666569,
    -13.81026578216));
#5582 = CARTESIAN_POINT('',(11.408116768192,293.66396569531,
    -10.61559734966));
#5583 = CARTESIAN_POINT('',(11.456227786082,293.66396562202,
    -10.7059668324));
#5584 = CARTESIAN_POINT('',(11.504341053292,293.66361932783,
    -10.79634054017));
#5585 = CARTESIAN_POINT('',(11.600534919902,293.66234865436,
    -10.97702659401));
#5586 = CARTESIAN_POINT('',(11.648607121352,293.66142346838,
    -11.06732316578));
#5587 = CARTESIAN_POINT('',(11.744781570412,293.65910989532,
    -11.24797274661));
#5588 = CARTESIAN_POINT('',(11.792883702312,293.65772146167,
    -11.33832553833));
#5589 = CARTESIAN_POINT('',(11.889079804562,293.65459701868,
    -11.51901579148));
#5590 = CARTESIAN_POINT('',(11.937173678642,293.6528609738,
    -11.60935307211));
#5591 = CARTESIAN_POINT('',(12.033363492342,293.64915704464,
    -11.79003151315));
#5592 = CARTESIAN_POINT('',(12.081459416582,293.64718914159,
    -11.88037264469));
#5593 = CARTESIAN_POINT('',(12.177650630052,293.64313734433,
    -12.061053715));
#5594 = CARTESIAN_POINT('',(12.273841178212,293.63896954563,
    -12.24173353562));
#5595 = CARTESIAN_POINT('',(12.418125350482,293.63271772783,
    -12.51275016733));
#5596 = CARTESIAN_POINT('',(12.562409918452,293.62681345464,
    -12.7837675423));
#5597 = CARTESIAN_POINT('',(12.658605079502,293.62334051758,
    -12.96445602756));
#5598 = CARTESIAN_POINT('',(12.754796347192,293.62021522652,
    -13.14513719972));
#5599 = CARTESIAN_POINT('',(12.802892018112,293.61882629821,
    -13.23547785544));
#5600 = CARTESIAN_POINT('',(12.899084158762,293.61651159457,
    -13.41616066731));
#5601 = CARTESIAN_POINT('',(12.947180305452,293.61558577268,
    -13.5065022167));
#5602 = CARTESIAN_POINT('',(13.033159278482,293.61444799163,
    -13.66800109285));
#5603 = CARTESIAN_POINT('',(13.071042003692,293.61412617408,
    -13.73915822966));
#5604 = CARTESIAN_POINT('',(13.108925206272,293.61401210272,
    -13.81031626315));
#5605 = ADVANCED_FACE('',(#5606),#5623,.F.);
#5606 = FACE_BOUND('',#5607,.T.);
#5607 = EDGE_LOOP('',(#5608,#5609,#5617));
#5608 = ORIENTED_EDGE('',*,*,#5441,.F.);
#5609 = ORIENTED_EDGE('',*,*,#5610,.F.);
#5610 = EDGE_CURVE('',#5611,#5133,#5613,.T.);
#5611 = VERTEX_POINT('',#5612);
#5612 = CARTESIAN_POINT('',(11.408116768172,298.68089467121,
    -10.61559734961));
#5613 = LINE('',#5614,#5615);
#5614 = CARTESIAN_POINT('',(11.408116768172,303.41396569533,
    -10.61559734961));
#5615 = VECTOR('',#5616,1.);
#5616 = DIRECTION('',(6.661338147751E-16,-1.,2.22044604925E-16));
#5617 = ORIENTED_EDGE('',*,*,#5618,.F.);
#5618 = EDGE_CURVE('',#5401,#5611,#5619,.T.);
#5619 = ( BOUNDED_CURVE() B_SPLINE_CURVE(2,(#5620,#5621,#5622),
.UNSPECIFIED.,.F.,.F.) B_SPLINE_CURVE_WITH_KNOTS((3,3),(
1.203852669121E-02,0.668369702135),.PIECEWISE_BEZIER_KNOTS.) CURVE() 
GEOMETRIC_REPRESENTATION_ITEM() RATIONAL_B_SPLINE_CURVE((1.000216710549,
1.006067468668,1.00573708278)) REPRESENTATION_ITEM('') );
#5620 = CARTESIAN_POINT('',(13.108020592322,293.6140148661,
    -13.80861707866));
#5621 = CARTESIAN_POINT('',(12.253403475902,298.98237621372,
    -12.2033443128));
#5622 = CARTESIAN_POINT('',(11.408116768172,298.68089467121,
    -10.61559734961));
#5623 = PLANE('',#5624);
#5624 = AXIS2_PLACEMENT_3D('',#5625,#5626,#5627);
#5625 = CARTESIAN_POINT('',(11.408116768172,303.41396569533,
    -10.61559734961));
#5626 = DIRECTION('',(0.882701657102,6.923436890452E-16,0.469933808689)
  );
#5627 = DIRECTION('',(0.469933808689,-3.003454076093E-16,-0.882701657102
    ));
#5628 = ADVANCED_FACE('',(#5629),#5690,.T.);
#5629 = FACE_BOUND('',#5630,.T.);
#5630 = EDGE_LOOP('',(#5631,#5632,#5640,#5649,#5668,#5689));
#5631 = ORIENTED_EDGE('',*,*,#5177,.F.);
#5632 = ORIENTED_EDGE('',*,*,#5633,.F.);
#5633 = EDGE_CURVE('',#5634,#5061,#5636,.T.);
#5634 = VERTEX_POINT('',#5635);
#5635 = CARTESIAN_POINT('',(14.010542040302,303.41396569533,
    -6.279293018364));
#5636 = LINE('',#5637,#5638);
#5637 = CARTESIAN_POINT('',(14.010542040302,303.41396569533,
    -6.279293018364));
#5638 = VECTOR('',#5639,1.);
#5639 = DIRECTION('',(6.661338147751E-16,-1.,2.22044604925E-16));
#5640 = ORIENTED_EDGE('',*,*,#5641,.F.);
#5641 = EDGE_CURVE('',#5642,#5634,#5644,.T.);
#5642 = VERTEX_POINT('',#5643);
#5643 = CARTESIAN_POINT('',(11.561741358742,303.41396569533,
    -7.586639905348));
#5644 = CIRCLE('',#5645,2.95);
#5645 = AXIS2_PLACEMENT_3D('',#5646,#5647,#5648);
#5646 = CARTESIAN_POINT('',(14.012086656622,303.41396569533,
    -9.229292613985));
#5647 = DIRECTION('',(-5.853900814407E-16,1.,-2.22044604925E-16));
#5648 = DIRECTION('',(0.882701657102,6.210710618302E-16,0.469933808689)
  );
#5649 = ORIENTED_EDGE('',*,*,#5650,.F.);
#5650 = EDGE_CURVE('',#5651,#5642,#5653,.T.);
#5651 = VERTEX_POINT('',#5652);
#5652 = CARTESIAN_POINT('',(11.078075800682,302.27389083566,
    -9.536017730762));
#5653 = B_SPLINE_CURVE_WITH_KNOTS('',3,(#5654,#5655,#5656,#5657,#5658,
    #5659,#5660,#5661,#5662,#5663,#5664,#5665,#5666,#5667),
  .UNSPECIFIED.,.F.,.F.,(4,2,2,2,2,2,4),(6.020862627068E-03,
    1.308406827244E-02,3.927617618611E-02,7.62193586111E-02,
    0.135963438367,0.182818033196,0.190480864926),.UNSPECIFIED.);
#5654 = CARTESIAN_POINT('',(11.078075800682,302.27389083566,
    -9.536017730762));
#5655 = CARTESIAN_POINT('',(11.077699242972,302.29721934711,
    -9.532415729023));
#5656 = CARTESIAN_POINT('',(11.077110461902,302.32043239539,
    -9.526738087111));
#5657 = CARTESIAN_POINT('',(11.073555578902,302.42931702258,
    -9.490726016568));
#5658 = CARTESIAN_POINT('',(11.068931133742,302.5067332651,
    -9.437505018236));
#5659 = CARTESIAN_POINT('',(11.062048250662,302.66180175317,
    -9.30528719558));
#5660 = CARTESIAN_POINT('',(11.059644606622,302.75398364684,
    -9.200918446051));
#5661 = CARTESIAN_POINT('',(11.076234434082,302.98876488832,
    -8.878473085432));
#5662 = CARTESIAN_POINT('',(11.110547389402,303.13781473471,
    -8.616884600615));
#5663 = CARTESIAN_POINT('',(11.275260731802,303.33927206171,
    -8.102995452179));
#5664 = CARTESIAN_POINT('',(11.375920149512,303.39589252345,
    -7.884483892319));
#5665 = CARTESIAN_POINT('',(11.519357069472,303.41273066659,
    -7.651230331437));
#5666 = CARTESIAN_POINT('',(11.540218512842,303.41396569533,
    -7.618745537882));
#5667 = CARTESIAN_POINT('',(11.561741358742,303.41396569533,
    -7.586639905348));
#5668 = ORIENTED_EDGE('',*,*,#5669,.F.);
#5669 = EDGE_CURVE('',#5611,#5651,#5670,.T.);
#5670 = B_SPLINE_CURVE_WITH_KNOTS('',3,(#5671,#5672,#5673,#5674,#5675,
    #5676,#5677,#5678,#5679,#5680,#5681,#5682,#5683,#5684,#5685,#5686,
    #5687,#5688),.UNSPECIFIED.,.F.,.F.,(4,2,2,2,2,2,2,2,4),(
    1.416462159226,1.41934331067,1.426387957668,1.433432604667,
    1.447521898663,1.50386161929,1.560201339917,1.720012000095,
    1.792240622397),.UNSPECIFIED.);
#5671 = CARTESIAN_POINT('',(11.408116768172,298.68089467121,
    -10.61559734961));
#5672 = CARTESIAN_POINT('',(11.403744673342,298.67933531167,
    -10.60738501146));
#5673 = CARTESIAN_POINT('',(11.399337459892,298.67851726606,
    -10.59901297548));
#5674 = CARTESIAN_POINT('',(11.384070796462,298.67851726606,
    -10.56965974669));
#5675 = CARTESIAN_POINT('',(11.373880587642,298.68342580843,
    -10.54945667733));
#5676 = CARTESIAN_POINT('',(11.354860975962,298.70066683766,
    -10.51074393073));
#5677 = CARTESIAN_POINT('',(11.346033009092,298.71300541657,
    -10.4922362614));
#5678 = CARTESIAN_POINT('',(11.321587520312,298.75710586242,
    -10.4397519483));
#5679 = CARTESIAN_POINT('',(11.308015482022,298.79603899454,
    -10.40881691037));
#5680 = CARTESIAN_POINT('',(11.253463225502,298.98488128888,
    -10.28045615024));
#5681 = CARTESIAN_POINT('',(11.229241299682,299.17275417225,
    -10.21054260228));
#5682 = CARTESIAN_POINT('',(11.187200085312,299.5571531566,
    -10.08198445391));
#5683 = CARTESIAN_POINT('',(11.171823752102,299.75542579086,
    -10.02781979413));
#5684 = CARTESIAN_POINT('',(11.125498894372,300.45268152129,
    -9.85229050007));
#5685 = CARTESIAN_POINT('',(11.106996363272,300.98566697489,
    -9.750733725457));
#5686 = CARTESIAN_POINT('',(11.087076121472,301.77551261135,
    -9.61483207791));
#5687 = CARTESIAN_POINT('',(11.082114101682,302.02370992297,
    -9.574646517023));
#5688 = CARTESIAN_POINT('',(11.078075800682,302.27389083566,
    -9.536017730762));
#5689 = ORIENTED_EDGE('',*,*,#5610,.T.);
#5690 = CYLINDRICAL_SURFACE('',#5691,2.95);
#5691 = AXIS2_PLACEMENT_3D('',#5692,#5693,#5694);
#5692 = CARTESIAN_POINT('',(14.012086656622,303.41396569533,
    -9.229292613985));
#5693 = DIRECTION('',(6.661338147751E-16,-1.,2.22044604925E-16));
#5694 = DIRECTION('',(0.882701657102,6.923436890451E-16,0.469933808689)
  );
#5695 = ADVANCED_FACE('',(#5696),#5722,.F.);
#5696 = FACE_BOUND('',#5697,.T.);
#5697 = EDGE_LOOP('',(#5698,#5699,#5707,#5715,#5721));
#5698 = ORIENTED_EDGE('',*,*,#5097,.F.);
#5699 = ORIENTED_EDGE('',*,*,#5700,.F.);
#5700 = EDGE_CURVE('',#5701,#5083,#5703,.T.);
#5701 = VERTEX_POINT('',#5702);
#5702 = CARTESIAN_POINT('',(15.959051337172,302.41396569533,
    -6.278272781189));
#5703 = LINE('',#5704,#5705);
#5704 = CARTESIAN_POINT('',(15.959051337172,282.91396569533,
    -6.278272781189));
#5705 = VECTOR('',#5706,1.);
#5706 = DIRECTION('',(7.648203058529E-16,-1.,2.22044604925E-16));
#5707 = ORIENTED_EDGE('',*,*,#5708,.F.);
#5708 = EDGE_CURVE('',#5709,#5701,#5711,.T.);
#5709 = VERTEX_POINT('',#5710);
#5710 = CARTESIAN_POINT('',(15.339508319222,303.41396569533,
    -6.278597173184));
#5711 = ( BOUNDED_CURVE() B_SPLINE_CURVE(2,(#5712,#5713,#5714),
.UNSPECIFIED.,.F.,.F.) B_SPLINE_CURVE_WITH_KNOTS((3,3),(0.,
9.528245709119E-02),.PIECEWISE_BEZIER_KNOTS.) CURVE() 
GEOMETRIC_REPRESENTATION_ITEM() RATIONAL_B_SPLINE_CURVE((1.,
1.001985480232,1.003652586132)) REPRESENTATION_ITEM('') );
#5712 = CARTESIAN_POINT('',(15.339508319222,303.41396569533,
    -6.278597173184));
#5713 = CARTESIAN_POINT('',(15.654452192842,302.90435218548,
    -6.278432268942));
#5714 = CARTESIAN_POINT('',(15.959051337172,302.41396569533,
    -6.278272781189));
#5715 = ORIENTED_EDGE('',*,*,#5716,.F.);
#5716 = EDGE_CURVE('',#5634,#5709,#5717,.T.);
#5717 = LINE('',#5718,#5719);
#5718 = CARTESIAN_POINT('',(26.081791164026,303.41396569533,
    -6.272972526525));
#5719 = VECTOR('',#5720,1.);
#5720 = DIRECTION('',(0.999999862922,5.855062634748E-16,
    5.23598751674E-04));
#5721 = ORIENTED_EDGE('',*,*,#5633,.T.);
#5722 = PLANE('',#5723);
#5723 = AXIS2_PLACEMENT_3D('',#5724,#5725,#5726);
#5724 = CARTESIAN_POINT('',(31.760539607165,303.41396569533,
    -6.269999140522));
#5725 = DIRECTION('',(5.23598751674E-04,-2.216957876538E-16,
    -0.999999862922));
#5726 = DIRECTION('',(-2.22044604925E-16,-1.,2.215795557495E-16));
#5727 = ADVANCED_FACE('',(#5728),#5755,.F.);
#5728 = FACE_BOUND('',#5729,.F.);
#5729 = EDGE_LOOP('',(#5730,#5740,#5747,#5748));
#5730 = ORIENTED_EDGE('',*,*,#5731,.T.);
#5731 = EDGE_CURVE('',#5732,#5734,#5736,.T.);
#5732 = VERTEX_POINT('',#5733);
#5733 = CARTESIAN_POINT('',(39.945256642992,260.10396569533,
    -2.898670636875E-14));
#5734 = VERTEX_POINT('',#5735);
#5735 = CARTESIAN_POINT('',(41.255256642992,261.41396569533,
    -3.129805591395E-14));
#5736 = LINE('',#5737,#5738);
#5737 = CARTESIAN_POINT('',(40.600256642992,260.75896569533,
    -2.897921161152E-14));
#5738 = VECTOR('',#5739,1.);
#5739 = DIRECTION('',(0.707106781187,0.707106781187,8.090982689306E-18)
  );
#5740 = ORIENTED_EDGE('',*,*,#5741,.F.);
#5741 = EDGE_CURVE('',#5734,#5734,#5742,.T.);
#5742 = CIRCLE('',#5743,9.498);
#5743 = AXIS2_PLACEMENT_3D('',#5744,#5745,#5746);
#5744 = CARTESIAN_POINT('',(31.757256642992,261.41396569533,
    -3.118937621291E-14));
#5745 = DIRECTION('',(2.22044604925E-16,1.,-2.22044604925E-16));
#5746 = DIRECTION('',(-1.,2.22044604925E-16,-1.110223024625E-16));
#5747 = ORIENTED_EDGE('',*,*,#5731,.F.);
#5748 = ORIENTED_EDGE('',*,*,#5749,.F.);
#5749 = EDGE_CURVE('',#5732,#5732,#5750,.T.);
#5750 = CIRCLE('',#5751,8.188);
#5751 = AXIS2_PLACEMENT_3D('',#5752,#5753,#5754);
#5752 = CARTESIAN_POINT('',(31.757256642992,260.10396569533,
    -3.089849778046E-14));
#5753 = DIRECTION('',(-2.22044604925E-16,-1.,2.22044604925E-16));
#5754 = DIRECTION('',(-1.,2.22044604925E-16,-1.110223024625E-16));
#5755 = CONICAL_SURFACE('',#5756,8.843,0.785398163397);
#5756 = AXIS2_PLACEMENT_3D('',#5757,#5758,#5759);
#5757 = CARTESIAN_POINT('',(31.757256642992,260.75896569533,
    -3.104393699668E-14));
#5758 = DIRECTION('',(2.22044604925E-16,1.,-2.22044604925E-16));
#5759 = DIRECTION('',(-1.,2.22044604925E-16,-1.110223024625E-16));
#5760 = ADVANCED_FACE('',(#5761,#5781),#5784,.F.);
#5761 = FACE_BOUND('',#5762,.T.);
#5762 = EDGE_LOOP('',(#5763,#5774));
#5763 = ORIENTED_EDGE('',*,*,#5764,.F.);
#5764 = EDGE_CURVE('',#5765,#5767,#5769,.T.);
#5765 = VERTEX_POINT('',#5766);
#5766 = CARTESIAN_POINT('',(15.757256642992,261.41396569533,
    -3.296573305231E-14));
#5767 = VERTEX_POINT('',#5768);
#5768 = CARTESIAN_POINT('',(31.757256642992,261.41396569533,-16.));
#5769 = CIRCLE('',#5770,16.);
#5770 = AXIS2_PLACEMENT_3D('',#5771,#5772,#5773);
#5771 = CARTESIAN_POINT('',(31.757256642992,261.41396569533,
    -3.118937621291E-14));
#5772 = DIRECTION('',(-2.22044604925E-16,-1.,2.22044604925E-16));
#5773 = DIRECTION('',(-1.,2.22044604925E-16,-1.110223024625E-16));
#5774 = ORIENTED_EDGE('',*,*,#5775,.F.);
#5775 = EDGE_CURVE('',#5767,#5765,#5776,.T.);
#5776 = CIRCLE('',#5777,16.);
#5777 = AXIS2_PLACEMENT_3D('',#5778,#5779,#5780);
#5778 = CARTESIAN_POINT('',(31.757256642992,261.41396569533,
    -3.118937621291E-14));
#5779 = DIRECTION('',(-2.22044604925E-16,-1.,2.22044604925E-16));
#5780 = DIRECTION('',(-1.,2.22044604925E-16,-1.110223024625E-16));
#5781 = FACE_BOUND('',#5782,.T.);
#5782 = EDGE_LOOP('',(#5783));
#5783 = ORIENTED_EDGE('',*,*,#5741,.F.);
#5784 = PLANE('',#5785);
#5785 = AXIS2_PLACEMENT_3D('',#5786,#5787,#5788);
#5786 = CARTESIAN_POINT('',(23.757256642992,261.41396569533,
    -3.207755463261E-14));
#5787 = DIRECTION('',(-2.22044604925E-16,-1.,2.22044604925E-16));
#5788 = DIRECTION('',(-1.110223024625E-16,2.22044604925E-16,1.));
#5789 = ADVANCED_FACE('',(#5790),#5809,.F.);
#5790 = FACE_BOUND('',#5791,.F.);
#5791 = EDGE_LOOP('',(#5792,#5800,#5807,#5808));
#5792 = ORIENTED_EDGE('',*,*,#5793,.T.);
#5793 = EDGE_CURVE('',#5732,#5794,#5796,.T.);
#5794 = VERTEX_POINT('',#5795);
#5795 = CARTESIAN_POINT('',(39.945256642992,251.91396569533,
    -2.716816105442E-14));
#5796 = LINE('',#5797,#5798);
#5797 = CARTESIAN_POINT('',(39.945256642992,261.41396569533,
    -3.128306639949E-14));
#5798 = VECTOR('',#5799,1.);
#5799 = DIRECTION('',(9.51619735393E-17,-1.,2.22044604925E-16));
#5800 = ORIENTED_EDGE('',*,*,#5801,.F.);
#5801 = EDGE_CURVE('',#5794,#5794,#5802,.T.);
#5802 = CIRCLE('',#5803,8.188);
#5803 = AXIS2_PLACEMENT_3D('',#5804,#5805,#5806);
#5804 = CARTESIAN_POINT('',(31.757256642992,251.91396569533,
    -2.907995246612E-14));
#5805 = DIRECTION('',(-1.975524778486E-16,-1.,2.22044604925E-16));
#5806 = DIRECTION('',(-1.,1.975524778486E-16,-1.110223024625E-16));
#5807 = ORIENTED_EDGE('',*,*,#5793,.F.);
#5808 = ORIENTED_EDGE('',*,*,#5749,.T.);
#5809 = CYLINDRICAL_SURFACE('',#5810,8.188);
#5810 = AXIS2_PLACEMENT_3D('',#5811,#5812,#5813);
#5811 = CARTESIAN_POINT('',(31.757256642992,261.41396569533,
    -3.118937621291E-14));
#5812 = DIRECTION('',(-9.51619735393E-17,1.,-2.22044604925E-16));
#5813 = DIRECTION('',(-1.,-9.51619735393E-17,-1.110223024625E-16));
#5814 = ADVANCED_FACE('',(#5815),#5851,.T.);
#5815 = FACE_BOUND('',#5816,.T.);
#5816 = EDGE_LOOP('',(#5817,#5827,#5836,#5844));
#5817 = ORIENTED_EDGE('',*,*,#5818,.T.);
#5818 = EDGE_CURVE('',#5819,#5821,#5823,.T.);
#5819 = VERTEX_POINT('',#5820);
#5820 = CARTESIAN_POINT('',(2.406106750702,245.41396569533,-9.));
#5821 = VERTEX_POINT('',#5822);
#5822 = CARTESIAN_POINT('',(1.570338946752,246.21396569533,-9.));
#5823 = ( BOUNDED_CURVE() B_SPLINE_CURVE(2,(#5824,#5825,#5826),
.UNSPECIFIED.,.F.,.F.) B_SPLINE_CURVE_WITH_KNOTS((3,3),(0.,
0.125768083868),.PIECEWISE_BEZIER_KNOTS.) CURVE() 
GEOMETRIC_REPRESENTATION_ITEM() RATIONAL_B_SPLINE_CURVE((1.,
1.000647825077,1.001115288735)) REPRESENTATION_ITEM('') );
#5824 = CARTESIAN_POINT('',(2.406106750702,245.41396569533,-9.));
#5825 = CARTESIAN_POINT('',(1.993597561292,245.80835068068,-9.));
#5826 = CARTESIAN_POINT('',(1.570338946752,246.21396569533,-9.));
#5827 = ORIENTED_EDGE('',*,*,#5828,.T.);
#5828 = EDGE_CURVE('',#5821,#5829,#5831,.T.);
#5829 = VERTEX_POINT('',#5830);
#5830 = CARTESIAN_POINT('',(62.224452116156,246.21396569533,-8.));
#5831 = CIRCLE('',#5832,31.5);
#5832 = AXIS2_PLACEMENT_3D('',#5833,#5834,#5835);
#5833 = CARTESIAN_POINT('',(31.757256642992,246.21396569533,
    -2.781429821805E-14));
#5834 = DIRECTION('',(9.51619735393E-17,-1.,2.22044604925E-16));
#5835 = DIRECTION('',(1.,9.51619735393E-17,1.110223024625E-16));
#5836 = ORIENTED_EDGE('',*,*,#5837,.T.);
#5837 = EDGE_CURVE('',#5829,#5838,#5840,.T.);
#5838 = VERTEX_POINT('',#5839);
#5839 = CARTESIAN_POINT('',(61.39658861927,245.41396569533,-8.));
#5840 = ( BOUNDED_CURVE() B_SPLINE_CURVE(2,(#5841,#5842,#5843),
.UNSPECIFIED.,.F.,.F.) B_SPLINE_CURVE_WITH_KNOTS((3,3),(0.814834977547,
0.940399041114),.PIECEWISE_BEZIER_KNOTS.) CURVE() 
GEOMETRIC_REPRESENTATION_ITEM() RATIONAL_B_SPLINE_CURVE((1.00114825959,
1.000662601783,1.)) REPRESENTATION_ITEM('') );
#5841 = CARTESIAN_POINT('',(62.224452116156,246.21396569533,-8.));
#5842 = CARTESIAN_POINT('',(61.805196486704,245.80845638689,-8.));
#5843 = CARTESIAN_POINT('',(61.39658861927,245.41396569533,-8.));
#5844 = ORIENTED_EDGE('',*,*,#5845,.T.);
#5845 = EDGE_CURVE('',#5838,#5819,#5846,.T.);
#5846 = CIRCLE('',#5847,30.7);
#5847 = AXIS2_PLACEMENT_3D('',#5848,#5849,#5850);
#5848 = CARTESIAN_POINT('',(31.757256642992,245.41396569533,
    -2.763666253411E-14));
#5849 = DIRECTION('',(-9.51619735393E-17,1.,-2.22044604925E-16));
#5850 = DIRECTION('',(1.,9.51619735393E-17,1.110223024625E-16));
#5851 = CONICAL_SURFACE('',#5852,31.1,0.785398163397);
#5852 = AXIS2_PLACEMENT_3D('',#5853,#5854,#5855);
#5853 = CARTESIAN_POINT('',(31.757256642992,245.81396569533,
    -2.772548037608E-14));
#5854 = DIRECTION('',(-9.51619735393E-17,1.,-2.22044604925E-16));
#5855 = DIRECTION('',(1.,9.51619735393E-17,1.110223024625E-16));
#5856 = ADVANCED_FACE('',(#5857),#5909,.F.);
#5857 = FACE_BOUND('',#5858,.T.);
#5858 = EDGE_LOOP('',(#5859,#5860,#5868,#5876,#5887,#5895,#5903));
#5859 = ORIENTED_EDGE('',*,*,#5818,.F.);
#5860 = ORIENTED_EDGE('',*,*,#5861,.F.);
#5861 = EDGE_CURVE('',#5862,#5819,#5864,.T.);
#5862 = VERTEX_POINT('',#5863);
#5863 = CARTESIAN_POINT('',(5.257256642992,245.41396569533,-9.));
#5864 = LINE('',#5865,#5866);
#5865 = CARTESIAN_POINT('',(1.569756642992,245.41396569533,-9.));
#5866 = VECTOR('',#5867,1.);
#5867 = DIRECTION('',(-1.,-9.51619735393E-17,-1.110223024625E-16));
#5868 = ORIENTED_EDGE('',*,*,#5869,.F.);
#5869 = EDGE_CURVE('',#5870,#5862,#5872,.T.);
#5870 = VERTEX_POINT('',#5871);
#5871 = CARTESIAN_POINT('',(5.257256622632,251.68081388858,-9.));
#5872 = LINE('',#5873,#5874);
#5873 = CARTESIAN_POINT('',(5.257256642992,256.57419021308,-9.));
#5874 = VECTOR('',#5875,1.);
#5875 = DIRECTION('',(-2.22044604925E-16,-1.,3.92848147175E-16));
#5876 = ORIENTED_EDGE('',*,*,#5877,.F.);
#5877 = EDGE_CURVE('',#5878,#5870,#5880,.T.);
#5878 = VERTEX_POINT('',#5879);
#5879 = CARTESIAN_POINT('',(4.715622077012,251.53896569533,-9.));
#5880 = B_SPLINE_CURVE_WITH_KNOTS('',3,(#5881,#5882,#5883,#5884,#5885,
    #5886),.UNSPECIFIED.,.F.,.F.,(4,2,4),(0.151988452172,0.191702290627,
    0.20549599876),.UNSPECIFIED.);
#5881 = CARTESIAN_POINT('',(4.715622077012,251.53896569533,-9.));
#5882 = CARTESIAN_POINT('',(4.848001538532,251.53896569533,-9.));
#5883 = CARTESIAN_POINT('',(5.004024225922,251.56883113452,-9.));
#5884 = CARTESIAN_POINT('',(5.169560432672,251.63523531152,-9.));
#5885 = CARTESIAN_POINT('',(5.213923003722,251.65626630069,-9.));
#5886 = CARTESIAN_POINT('',(5.257256617692,251.68081389731,-9.));
#5887 = ORIENTED_EDGE('',*,*,#5888,.F.);
#5888 = EDGE_CURVE('',#5889,#5878,#5891,.T.);
#5889 = VERTEX_POINT('',#5890);
#5890 = CARTESIAN_POINT('',(4.296569093972,251.53896569533,-9.));
#5891 = LINE('',#5892,#5893);
#5892 = CARTESIAN_POINT('',(1.907778458272,251.53896569533,-9.));
#5893 = VECTOR('',#5894,1.);
#5894 = DIRECTION('',(1.,9.51619735393E-17,1.110223024625E-16));
#5895 = ORIENTED_EDGE('',*,*,#5896,.F.);
#5896 = EDGE_CURVE('',#5897,#5889,#5899,.T.);
#5897 = VERTEX_POINT('',#5898);
#5898 = CARTESIAN_POINT('',(1.570338946752,250.03664991468,-9.));
#5899 = ( BOUNDED_CURVE() B_SPLINE_CURVE(2,(#5900,#5901,#5902),
.UNSPECIFIED.,.F.,.F.) B_SPLINE_CURVE_WITH_KNOTS((3,3),(0.,
0.311276263134),.PIECEWISE_BEZIER_KNOTS.) CURVE() 
GEOMETRIC_REPRESENTATION_ITEM() RATIONAL_B_SPLINE_CURVE((1.,
1.00102027073,1.)) REPRESENTATION_ITEM('') );
#5900 = CARTESIAN_POINT('',(1.570338946752,250.03664991468,-9.));
#5901 = CARTESIAN_POINT('',(2.992180294272,250.82333103753,-9.));
#5902 = CARTESIAN_POINT('',(4.296569093972,251.53896569533,-9.));
#5903 = ORIENTED_EDGE('',*,*,#5904,.F.);
#5904 = EDGE_CURVE('',#5821,#5897,#5905,.T.);
#5905 = LINE('',#5906,#5907);
#5906 = CARTESIAN_POINT('',(1.570338946752,247.72530780501,-9.));
#5907 = VECTOR('',#5908,1.);
#5908 = DIRECTION('',(-9.51619735393E-17,1.,-2.22044604925E-16));
#5909 = PLANE('',#5910);
#5910 = AXIS2_PLACEMENT_3D('',#5911,#5912,#5913);
#5911 = CARTESIAN_POINT('',(0.257256642992,258.41396569533,-9.));
#5912 = DIRECTION('',(1.110223024625E-16,-3.92848147175E-16,-1.));
#5913 = DIRECTION('',(-2.22044604925E-16,-1.,3.92848147175E-16));
#5914 = ADVANCED_FACE('',(#5915,#5959),#5963,.T.);
#5915 = FACE_BOUND('',#5916,.T.);
#5916 = EDGE_LOOP('',(#5917,#5918,#5919,#5927,#5933,#5934,#5935,#5943,
    #5951,#5957,#5958));
#5917 = ORIENTED_EDGE('',*,*,#1531,.T.);
#5918 = ORIENTED_EDGE('',*,*,#2043,.F.);
#5919 = ORIENTED_EDGE('',*,*,#5920,.T.);
#5920 = EDGE_CURVE('',#2036,#5921,#5923,.T.);
#5921 = VERTEX_POINT('',#5922);
#5922 = CARTESIAN_POINT('',(5.257256642992,245.41396569533,9.));
#5923 = LINE('',#5924,#5925);
#5924 = CARTESIAN_POINT('',(1.569756642992,245.41396569533,9.));
#5925 = VECTOR('',#5926,1.);
#5926 = DIRECTION('',(1.,9.51619735393E-17,1.110223024625E-16));
#5927 = ORIENTED_EDGE('',*,*,#5928,.T.);
#5928 = EDGE_CURVE('',#5921,#5862,#5929,.T.);
#5929 = LINE('',#5930,#5931);
#5930 = CARTESIAN_POINT('',(5.257256642992,245.41396569533,
    -3.150250273412E-14));
#5931 = VECTOR('',#5932,1.);
#5932 = DIRECTION('',(1.110223024625E-16,-2.22044604925E-16,-1.));
#5933 = ORIENTED_EDGE('',*,*,#5861,.T.);
#5934 = ORIENTED_EDGE('',*,*,#5845,.F.);
#5935 = ORIENTED_EDGE('',*,*,#5936,.T.);
#5936 = EDGE_CURVE('',#5838,#5937,#5939,.T.);
#5937 = VERTEX_POINT('',#5938);
#5938 = CARTESIAN_POINT('',(58.257256642992,245.41396569533,-8.));
#5939 = LINE('',#5940,#5941);
#5940 = CARTESIAN_POINT('',(33.069756642992,245.41396569533,-8.));
#5941 = VECTOR('',#5942,1.);
#5942 = DIRECTION('',(-1.,-9.51619735393E-17,-1.110223024625E-16));
#5943 = ORIENTED_EDGE('',*,*,#5944,.T.);
#5944 = EDGE_CURVE('',#5937,#5945,#5947,.T.);
#5945 = VERTEX_POINT('',#5946);
#5946 = CARTESIAN_POINT('',(58.257256642992,245.41396569533,8.));
#5947 = LINE('',#5948,#5949);
#5948 = CARTESIAN_POINT('',(58.257256642992,245.41396569533,
    -1.144128416239E-14));
#5949 = VECTOR('',#5950,1.);
#5950 = DIRECTION('',(-1.110223024625E-16,2.22044604925E-16,1.));
#5951 = ORIENTED_EDGE('',*,*,#5952,.T.);
#5952 = EDGE_CURVE('',#5945,#1994,#5953,.T.);
#5953 = LINE('',#5954,#5955);
#5954 = CARTESIAN_POINT('',(33.069756642992,245.41396569533,8.));
#5955 = VECTOR('',#5956,1.);
#5956 = DIRECTION('',(1.,9.51619735393E-17,1.110223024625E-16));
#5957 = ORIENTED_EDGE('',*,*,#1993,.F.);
#5958 = ORIENTED_EDGE('',*,*,#1628,.T.);
#5959 = FACE_BOUND('',#5960,.T.);
#5960 = EDGE_LOOP('',(#5961,#5962));
#5961 = ORIENTED_EDGE('',*,*,#3664,.T.);
#5962 = ORIENTED_EDGE('',*,*,#3675,.T.);
#5963 = PLANE('',#5964);
#5964 = AXIS2_PLACEMENT_3D('',#5965,#5966,#5967);
#5965 = CARTESIAN_POINT('',(2.882256642992,245.41396569533,
    -3.084243151771E-14));
#5966 = DIRECTION('',(9.51619735393E-17,-1.,2.22044604925E-16));
#5967 = DIRECTION('',(-1.110223024625E-16,2.22044604925E-16,1.));
#5968 = ADVANCED_FACE('',(#5969),#5983,.F.);
#5969 = FACE_BOUND('',#5970,.T.);
#5970 = EDGE_LOOP('',(#5971,#5972,#5973,#5974,#5975,#5976,#5982));
#5971 = ORIENTED_EDGE('',*,*,#2035,.F.);
#5972 = ORIENTED_EDGE('',*,*,#2093,.F.);
#5973 = ORIENTED_EDGE('',*,*,#2143,.F.);
#5974 = ORIENTED_EDGE('',*,*,#2193,.F.);
#5975 = ORIENTED_EDGE('',*,*,#2209,.F.);
#5976 = ORIENTED_EDGE('',*,*,#5977,.F.);
#5977 = EDGE_CURVE('',#5921,#2210,#5978,.T.);
#5978 = LINE('',#5979,#5980);
#5979 = CARTESIAN_POINT('',(5.257256642992,258.41396569533,9.));
#5980 = VECTOR('',#5981,1.);
#5981 = DIRECTION('',(2.22044604925E-16,1.,-3.92848147175E-16));
#5982 = ORIENTED_EDGE('',*,*,#5920,.F.);
#5983 = PLANE('',#5984);
#5984 = AXIS2_PLACEMENT_3D('',#5985,#5986,#5987);
#5985 = CARTESIAN_POINT('',(0.257256642992,245.41396569533,9.));
#5986 = DIRECTION('',(-1.110223024625E-16,3.92848147175E-16,1.));
#5987 = DIRECTION('',(2.22044604925E-16,1.,-3.92848147175E-16));
#5988 = ADVANCED_FACE('',(#5989),#6009,.T.);
#5989 = FACE_BOUND('',#5990,.T.);
#5990 = EDGE_LOOP('',(#5991,#6000,#6006,#6007,#6008));
#5991 = ORIENTED_EDGE('',*,*,#5992,.T.);
#5992 = EDGE_CURVE('',#5993,#5993,#5995,.T.);
#5993 = VERTEX_POINT('',#5994);
#5994 = CARTESIAN_POINT('',(0.857256642992,271.41396569533,
    -4.062457001762E-14));
#5995 = CIRCLE('',#5996,30.9);
#5996 = AXIS2_PLACEMENT_3D('',#5997,#5998,#5999);
#5997 = CARTESIAN_POINT('',(31.757256642992,271.41396569533,
    -3.340982226216E-14));
#5998 = DIRECTION('',(9.51619735393E-17,-1.,2.22044604925E-16));
#5999 = DIRECTION('',(1.,9.51619735393E-17,1.110223024625E-16));
#6000 = ORIENTED_EDGE('',*,*,#6001,.T.);
#6001 = EDGE_CURVE('',#5993,#1732,#6002,.T.);
#6002 = LINE('',#6003,#6004);
#6003 = CARTESIAN_POINT('',(0.557256642992,271.11396569533,
    -3.298620670417E-14));
#6004 = VECTOR('',#6005,1.);
#6005 = DIRECTION('',(-0.707106781187,-0.707106781187,1.651002285577E-16
    ));
#6006 = ORIENTED_EDGE('',*,*,#1731,.T.);
#6007 = ORIENTED_EDGE('',*,*,#1742,.T.);
#6008 = ORIENTED_EDGE('',*,*,#6001,.F.);
#6009 = CONICAL_SURFACE('',#6010,31.2,0.785398163397);
#6010 = AXIS2_PLACEMENT_3D('',#6011,#6012,#6013);
#6011 = CARTESIAN_POINT('',(31.757256642992,271.11396569533,
    -3.334320888068E-14));
#6012 = DIRECTION('',(9.51619735393E-17,-1.,2.22044604925E-16));
#6013 = DIRECTION('',(1.,9.51619735393E-17,1.110223024625E-16));
#6014 = ADVANCED_FACE('',(#6015,#6018),#6038,.T.);
#6015 = FACE_BOUND('',#6016,.T.);
#6016 = EDGE_LOOP('',(#6017));
#6017 = ORIENTED_EDGE('',*,*,#5992,.F.);
#6018 = FACE_BOUND('',#6019,.T.);
#6019 = EDGE_LOOP('',(#6020,#6031));
#6020 = ORIENTED_EDGE('',*,*,#6021,.T.);
#6021 = EDGE_CURVE('',#6022,#6024,#6026,.T.);
#6022 = VERTEX_POINT('',#6023);
#6023 = CARTESIAN_POINT('',(5.757256642992,271.41396569533,
    -3.629640212618E-14));
#6024 = VERTEX_POINT('',#6025);
#6025 = CARTESIAN_POINT('',(57.757256642992,271.41396569534,
    -2.733916072035E-14));
#6026 = CIRCLE('',#6027,26.);
#6027 = AXIS2_PLACEMENT_3D('',#6028,#6029,#6030);
#6028 = CARTESIAN_POINT('',(31.757256642992,271.41396569533,
    -3.340982226216E-14));
#6029 = DIRECTION('',(9.51619735393E-17,-1.,2.22044604925E-16));
#6030 = DIRECTION('',(-1.,-9.51619735393E-17,-1.110223024625E-16));
#6031 = ORIENTED_EDGE('',*,*,#6032,.T.);
#6032 = EDGE_CURVE('',#6024,#6022,#6033,.T.);
#6033 = CIRCLE('',#6034,26.);
#6034 = AXIS2_PLACEMENT_3D('',#6035,#6036,#6037);
#6035 = CARTESIAN_POINT('',(31.757256642992,271.41396569533,
    -3.340982226216E-14));
#6036 = DIRECTION('',(9.51619735393E-17,-1.,2.22044604925E-16));
#6037 = DIRECTION('',(-1.,-9.51619735393E-17,-1.110223024625E-16));
#6038 = PLANE('',#6039);
#6039 = AXIS2_PLACEMENT_3D('',#6040,#6041,#6042);
#6040 = CARTESIAN_POINT('',(16.007256642992,271.41396569533,
    -3.515842352594E-14));
#6041 = DIRECTION('',(-9.51619735393E-17,1.,-2.22044604925E-16));
#6042 = DIRECTION('',(1.110223024625E-16,-2.22044604925E-16,-1.));
#6043 = ADVANCED_FACE('',(#6044),#6062,.F.);
#6044 = FACE_BOUND('',#6045,.F.);
#6045 = EDGE_LOOP('',(#6046,#6053,#6054,#6061));
#6046 = ORIENTED_EDGE('',*,*,#6047,.F.);
#6047 = EDGE_CURVE('',#5030,#4581,#6048,.T.);
#6048 = CIRCLE('',#6049,17.);
#6049 = AXIS2_PLACEMENT_3D('',#6050,#6051,#6052);
#6050 = CARTESIAN_POINT('',(31.757256642992,302.41396569533,
    -4.029320501483E-14));
#6051 = DIRECTION('',(5.853900814407E-16,-1.,2.22044604925E-16));
#6052 = DIRECTION('',(-1.,-5.853900814407E-16,-1.110223024625E-16));
#6053 = ORIENTED_EDGE('',*,*,#5037,.F.);
#6054 = ORIENTED_EDGE('',*,*,#6055,.F.);
#6055 = EDGE_CURVE('',#4573,#5038,#6056,.T.);
#6056 = CIRCLE('',#6057,17.57735026919);
#6057 = AXIS2_PLACEMENT_3D('',#6058,#6059,#6060);
#6058 = CARTESIAN_POINT('',(31.757256642992,303.41396569533,
    -4.051524961976E-14));
#6059 = DIRECTION('',(-5.853900814407E-16,1.,-2.22044604925E-16));
#6060 = DIRECTION('',(-1.,-5.853900814407E-16,-1.110223024625E-16));
#6061 = ORIENTED_EDGE('',*,*,#4580,.F.);
#6062 = CONICAL_SURFACE('',#6063,17.288675134595,0.523598775598);
#6063 = AXIS2_PLACEMENT_3D('',#6064,#6065,#6066);
#6064 = CARTESIAN_POINT('',(31.757256642992,302.91396569533,
    -4.04042273173E-14));
#6065 = DIRECTION('',(-5.853900814407E-16,1.,-2.22044604925E-16));
#6066 = DIRECTION('',(-1.,-5.853900814407E-16,-1.110223024625E-16));
#6067 = ADVANCED_FACE('',(#6068),#6082,.T.);
#6068 = FACE_BOUND('',#6069,.T.);
#6069 = EDGE_LOOP('',(#6070,#6071,#6072,#6073,#6080,#6081));
#6070 = ORIENTED_EDGE('',*,*,#6055,.F.);
#6071 = ORIENTED_EDGE('',*,*,#4572,.T.);
#6072 = ORIENTED_EDGE('',*,*,#4653,.T.);
#6073 = ORIENTED_EDGE('',*,*,#6074,.F.);
#6074 = EDGE_CURVE('',#4980,#4635,#6075,.T.);
#6075 = CIRCLE('',#6076,21.57350093633);
#6076 = AXIS2_PLACEMENT_3D('',#6077,#6078,#6079);
#6077 = CARTESIAN_POINT('',(31.757256642992,303.41396569533,
    -4.051524961976E-14));
#6078 = DIRECTION('',(5.853900814407E-16,-1.,2.22044604925E-16));
#6079 = DIRECTION('',(-2.617993848128E-04,2.218913425525E-16,
    0.999999965731));
#6080 = ORIENTED_EDGE('',*,*,#4979,.T.);
#6081 = ORIENTED_EDGE('',*,*,#5045,.T.);
#6082 = PLANE('',#6083);
#6083 = AXIS2_PLACEMENT_3D('',#6084,#6085,#6086);
#6084 = CARTESIAN_POINT('',(20.399756642992,303.41396569533,
    -4.177618541998E-14));
#6085 = DIRECTION('',(-5.853900814407E-16,1.,-2.22044604925E-16));
#6086 = DIRECTION('',(1.110223024625E-16,-2.22044604925E-16,-1.));
#6087 = ADVANCED_FACE('',(#6088),#6115,.F.);
#6088 = FACE_BOUND('',#6089,.F.);
#6089 = EDGE_LOOP('',(#6090,#6099,#6100,#6109));
#6090 = ORIENTED_EDGE('',*,*,#6091,.F.);
#6091 = EDGE_CURVE('',#5701,#6092,#6094,.T.);
#6092 = VERTEX_POINT('',#6093);
#6093 = CARTESIAN_POINT('',(47.558747079024,302.41396569533,-6.27));
#6094 = CIRCLE('',#6095,17.);
#6095 = AXIS2_PLACEMENT_3D('',#6096,#6097,#6098);
#6096 = CARTESIAN_POINT('',(31.757256642992,302.41396569533,
    -4.029320501483E-14));
#6097 = DIRECTION('',(5.853900814407E-16,-1.,2.22044604925E-16));
#6098 = DIRECTION('',(1.,5.853900814407E-16,1.110223024625E-16));
#6099 = ORIENTED_EDGE('',*,*,#5708,.F.);
#6100 = ORIENTED_EDGE('',*,*,#6101,.F.);
#6101 = EDGE_CURVE('',#6102,#5709,#6104,.T.);
#6102 = VERTEX_POINT('',#6103);
#6103 = CARTESIAN_POINT('',(48.178290181895,303.41396569533,-6.27));
#6104 = CIRCLE('',#6105,17.57735026919);
#6105 = AXIS2_PLACEMENT_3D('',#6106,#6107,#6108);
#6106 = CARTESIAN_POINT('',(31.757256642992,303.41396569533,
    -4.051524961976E-14));
#6107 = DIRECTION('',(-5.853900814407E-16,1.,-2.22044604925E-16));
#6108 = DIRECTION('',(1.,5.853900814407E-16,1.110223024625E-16));
#6109 = ORIENTED_EDGE('',*,*,#6110,.F.);
#6110 = EDGE_CURVE('',#6092,#6102,#6111,.T.);
#6111 = ( BOUNDED_CURVE() B_SPLINE_CURVE(2,(#6112,#6113,#6114),
.UNSPECIFIED.,.F.,.F.) B_SPLINE_CURVE_WITH_KNOTS((3,3),(0.603052327328,
0.708992506137),.PIECEWISE_BEZIER_KNOTS.) CURVE() 
GEOMETRIC_REPRESENTATION_ITEM() RATIONAL_B_SPLINE_CURVE((1.00182485795,
1.001072718364,1.)) REPRESENTATION_ITEM('') );
#6112 = CARTESIAN_POINT('',(47.558747079024,302.41396569533,-6.27));
#6113 = CARTESIAN_POINT('',(47.863346265104,302.90435218548,-6.27));
#6114 = CARTESIAN_POINT('',(48.178290181895,303.41396569533,-6.27));
#6115 = CONICAL_SURFACE('',#6116,17.288675134595,0.523598775598);
#6116 = AXIS2_PLACEMENT_3D('',#6117,#6118,#6119);
#6117 = CARTESIAN_POINT('',(31.757256642992,302.91396569533,
    -4.04042273173E-14));
#6118 = DIRECTION('',(-5.853900814407E-16,1.,-2.22044604925E-16));
#6119 = DIRECTION('',(1.,5.853900814407E-16,1.110223024625E-16));
#6120 = ADVANCED_FACE('',(#6121),#6150,.T.);
#6121 = FACE_BOUND('',#6122,.T.);
#6122 = EDGE_LOOP('',(#6123,#6124,#6132,#6141,#6148,#6149));
#6123 = ORIENTED_EDGE('',*,*,#6101,.F.);
#6124 = ORIENTED_EDGE('',*,*,#6125,.T.);
#6125 = EDGE_CURVE('',#6102,#6126,#6128,.T.);
#6126 = VERTEX_POINT('',#6127);
#6127 = CARTESIAN_POINT('',(49.507256642992,303.41396569533,-6.27));
#6128 = LINE('',#6129,#6130);
#6129 = CARTESIAN_POINT('',(34.953506642992,303.41396569533,-6.27));
#6130 = VECTOR('',#6131,1.);
#6131 = DIRECTION('',(1.,5.853900814407E-16,2.36117854533E-16));
#6132 = ORIENTED_EDGE('',*,*,#6133,.T.);
#6133 = EDGE_CURVE('',#6126,#6134,#6136,.T.);
#6134 = VERTEX_POINT('',#6135);
#6135 = CARTESIAN_POINT('',(51.956741514069,303.41396569533,
    -7.576064518795));
#6136 = CIRCLE('',#6137,2.95);
#6137 = AXIS2_PLACEMENT_3D('',#6138,#6139,#6140);
#6138 = CARTESIAN_POINT('',(49.507256642992,303.41396569533,-9.22));
#6139 = DIRECTION('',(-5.853900814407E-16,1.,-2.22044604925E-16));
#6140 = DIRECTION('',(1.110223024625E-16,-2.22044604925E-16,-1.));
#6141 = ORIENTED_EDGE('',*,*,#6142,.F.);
#6142 = EDGE_CURVE('',#5642,#6134,#6143,.T.);
#6143 = CIRCLE('',#6144,21.57350093633);
#6144 = AXIS2_PLACEMENT_3D('',#6145,#6146,#6147);
#6145 = CARTESIAN_POINT('',(31.757256642992,303.41396569533,
    -4.051524961976E-14));
#6146 = DIRECTION('',(5.853900814407E-16,-1.,2.22044604925E-16));
#6147 = DIRECTION('',(2.617993848027E-04,-2.218913425525E-16,
    -0.999999965731));
#6148 = ORIENTED_EDGE('',*,*,#5641,.T.);
#6149 = ORIENTED_EDGE('',*,*,#5716,.T.);
#6150 = PLANE('',#6151);
#6151 = AXIS2_PLACEMENT_3D('',#6152,#6153,#6154);
#6152 = CARTESIAN_POINT('',(20.399756642992,303.41396569533,
    -4.177618541998E-14));
#6153 = DIRECTION('',(-5.853900814407E-16,1.,-2.22044604925E-16));
#6154 = DIRECTION('',(1.110223024625E-16,-2.22044604925E-16,-1.));
#6155 = ADVANCED_FACE('',(#6156),#6173,.F.);
#6156 = FACE_BOUND('',#6157,.T.);
#6157 = EDGE_LOOP('',(#6158,#6159,#6165,#6166,#6167));
#6158 = ORIENTED_EDGE('',*,*,#4710,.F.);
#6159 = ORIENTED_EDGE('',*,*,#6160,.F.);
#6160 = EDGE_CURVE('',#6126,#4711,#6161,.T.);
#6161 = LINE('',#6162,#6163);
#6162 = CARTESIAN_POINT('',(49.507256642992,303.41396569533,-6.27));
#6163 = VECTOR('',#6164,1.);
#6164 = DIRECTION('',(5.181040781584E-16,-1.,2.22044604925E-16));
#6165 = ORIENTED_EDGE('',*,*,#6125,.F.);
#6166 = ORIENTED_EDGE('',*,*,#6110,.F.);
#6167 = ORIENTED_EDGE('',*,*,#6168,.F.);
#6168 = EDGE_CURVE('',#4696,#6092,#6169,.T.);
#6169 = LINE('',#6170,#6171);
#6170 = CARTESIAN_POINT('',(47.558747079024,282.91396569533,-6.27));
#6171 = VECTOR('',#6172,1.);
#6172 = DIRECTION('',(-7.648203058529E-16,1.,-2.22044604925E-16));
#6173 = PLANE('',#6174);
#6174 = AXIS2_PLACEMENT_3D('',#6175,#6176,#6177);
#6175 = CARTESIAN_POINT('',(49.507256642992,303.41396569533,-6.27));
#6176 = DIRECTION('',(2.36117854533E-16,-2.22044604925E-16,-1.));
#6177 = DIRECTION('',(-2.22044604925E-16,-1.,2.22044604925E-16));
#6178 = ADVANCED_FACE('',(#6179),#6234,.F.);
#6179 = FACE_BOUND('',#6180,.F.);
#6180 = EDGE_LOOP('',(#6181,#6192,#6201,#6208,#6209,#6218,#6227));
#6181 = ORIENTED_EDGE('',*,*,#6182,.T.);
#6182 = EDGE_CURVE('',#6183,#6185,#6187,.T.);
#6183 = VERTEX_POINT('',#6184);
#6184 = CARTESIAN_POINT('',(31.757256642992,271.21980485409,
    -24.61847382893));
#6185 = VERTEX_POINT('',#6186);
#6186 = CARTESIAN_POINT('',(31.757256642992,271.21396569533,
    -24.53496996835));
#6187 = CIRCLE('',#6188,0.6);
#6188 = AXIS2_PLACEMENT_3D('',#6189,#6190,#6191);
#6189 = CARTESIAN_POINT('',(31.757256642992,271.81396569533,
    -24.53496996835));
#6190 = DIRECTION('',(-1.,-8.404388296412E-14,-2.334869823772E-16));
#6191 = DIRECTION('',(2.334869823772E-16,-2.22044604925E-16,-1.));
#6192 = ORIENTED_EDGE('',*,*,#6193,.F.);
#6193 = EDGE_CURVE('',#6194,#6185,#6196,.T.);
#6194 = VERTEX_POINT('',#6195);
#6195 = CARTESIAN_POINT('',(7.222286674642,271.21396569533,
    -3.608934219791E-14));
#6196 = CIRCLE('',#6197,24.534969968357);
#6197 = AXIS2_PLACEMENT_3D('',#6198,#6199,#6200);
#6198 = CARTESIAN_POINT('',(31.757256642992,271.21396569533,
    -3.336541334117E-14));
#6199 = DIRECTION('',(8.404388296412E-14,-1.,2.22044604925E-16));
#6200 = DIRECTION('',(-1.,-8.404388296412E-14,-1.110223024625E-16));
#6201 = ORIENTED_EDGE('',*,*,#6202,.F.);
#6202 = EDGE_CURVE('',#6185,#6194,#6203,.T.);
#6203 = CIRCLE('',#6204,24.534969968357);
#6204 = AXIS2_PLACEMENT_3D('',#6205,#6206,#6207);
#6205 = CARTESIAN_POINT('',(31.757256642992,271.21396569533,
    -3.336541334117E-14));
#6206 = DIRECTION('',(8.404388296412E-14,-1.,2.22044604925E-16));
#6207 = DIRECTION('',(-1.,-8.404388296412E-14,-1.110223024625E-16));
#6208 = ORIENTED_EDGE('',*,*,#6182,.F.);
#6209 = ORIENTED_EDGE('',*,*,#6210,.T.);
#6210 = EDGE_CURVE('',#6183,#6211,#6213,.T.);
#6211 = VERTEX_POINT('',#6212);
#6212 = CARTESIAN_POINT('',(56.375730471926,271.21980485409,
    -2.761861672982E-14));
#6213 = CIRCLE('',#6214,24.618473828933);
#6214 = AXIS2_PLACEMENT_3D('',#6215,#6216,#6217);
#6215 = CARTESIAN_POINT('',(31.757256642992,271.21980485409,
    -3.336670989487E-14));
#6216 = DIRECTION('',(8.404388296412E-14,-1.,2.22044604925E-16));
#6217 = DIRECTION('',(-1.,-8.404388296412E-14,-1.110223024625E-16));
#6218 = ORIENTED_EDGE('',*,*,#6219,.T.);
#6219 = EDGE_CURVE('',#6211,#6220,#6222,.T.);
#6220 = VERTEX_POINT('',#6221);
#6221 = CARTESIAN_POINT('',(7.138782814062,271.21980485409,
    -3.609990954247E-14));
#6222 = CIRCLE('',#6223,24.618473828933);
#6223 = AXIS2_PLACEMENT_3D('',#6224,#6225,#6226);
#6224 = CARTESIAN_POINT('',(31.757256642992,271.21980485409,
    -3.336670989487E-14));
#6225 = DIRECTION('',(8.404388296412E-14,-1.,2.22044604925E-16));
#6226 = DIRECTION('',(-1.,-8.404388296412E-14,-1.110223024625E-16));
#6227 = ORIENTED_EDGE('',*,*,#6228,.T.);
#6228 = EDGE_CURVE('',#6220,#6183,#6229,.T.);
#6229 = CIRCLE('',#6230,24.618473828933);
#6230 = AXIS2_PLACEMENT_3D('',#6231,#6232,#6233);
#6231 = CARTESIAN_POINT('',(31.757256642992,271.21980485409,
    -3.336670989487E-14));
#6232 = DIRECTION('',(8.404388296412E-14,-1.,2.22044604925E-16));
#6233 = DIRECTION('',(-1.,-8.404388296412E-14,-1.110223024625E-16));
#6234 = TOROIDAL_SURFACE('',#6235,24.534969968357,0.6);
#6235 = AXIS2_PLACEMENT_3D('',#6236,#6237,#6238);
#6236 = CARTESIAN_POINT('',(31.757256642992,271.81396569533,
    -3.349864010413E-14));
#6237 = DIRECTION('',(8.404388296412E-14,-1.,2.22044604925E-16));
#6238 = DIRECTION('',(-1.110223024625E-16,2.22044604925E-16,1.));
#6239 = ADVANCED_FACE('',(#6240,#6244),#6264,.F.);
#6240 = FACE_BOUND('',#6241,.T.);
#6241 = EDGE_LOOP('',(#6242,#6243));
#6242 = ORIENTED_EDGE('',*,*,#6193,.F.);
#6243 = ORIENTED_EDGE('',*,*,#6202,.F.);
#6244 = FACE_BOUND('',#6245,.T.);
#6245 = EDGE_LOOP('',(#6246,#6257));
#6246 = ORIENTED_EDGE('',*,*,#6247,.T.);
#6247 = EDGE_CURVE('',#6248,#6250,#6252,.T.);
#6248 = VERTEX_POINT('',#6249);
#6249 = CARTESIAN_POINT('',(7.257256642992,271.21396569533,
    -3.608545975151E-14));
#6250 = VERTEX_POINT('',#6251);
#6251 = CARTESIAN_POINT('',(31.757256642992,271.21396569533,-24.5));
#6252 = CIRCLE('',#6253,24.500000000001);
#6253 = AXIS2_PLACEMENT_3D('',#6254,#6255,#6256);
#6254 = CARTESIAN_POINT('',(31.757256642992,271.21396569533,
    -3.336541334117E-14));
#6255 = DIRECTION('',(8.404388296412E-14,-1.,2.22044604925E-16));
#6256 = DIRECTION('',(-1.,-8.404388296412E-14,-1.110223024625E-16));
#6257 = ORIENTED_EDGE('',*,*,#6258,.T.);
#6258 = EDGE_CURVE('',#6250,#6248,#6259,.T.);
#6259 = CIRCLE('',#6260,24.500000000001);
#6260 = AXIS2_PLACEMENT_3D('',#6261,#6262,#6263);
#6261 = CARTESIAN_POINT('',(31.757256642992,271.21396569533,
    -3.336541334117E-14));
#6262 = DIRECTION('',(8.404388296412E-14,-1.,2.22044604925E-16));
#6263 = DIRECTION('',(-1.,-8.404388296412E-14,-1.110223024625E-16));
#6264 = PLANE('',#6265);
#6265 = AXIS2_PLACEMENT_3D('',#6266,#6267,#6268);
#6266 = CARTESIAN_POINT('',(7.239771658822,271.21396569533,
    -3.608740097471E-14));
#6267 = DIRECTION('',(8.404388296412E-14,-1.,2.22044604925E-16));
#6268 = DIRECTION('',(-1.110223024625E-16,2.22044604925E-16,1.));
#6269 = ADVANCED_FACE('',(#6270),#6309,.F.);
#6270 = FACE_BOUND('',#6271,.F.);
#6271 = EDGE_LOOP('',(#6272,#6281,#6290,#6299,#6306,#6307,#6308));
#6272 = ORIENTED_EDGE('',*,*,#6273,.T.);
#6273 = EDGE_CURVE('',#6250,#6274,#6276,.T.);
#6274 = VERTEX_POINT('',#6275);
#6275 = CARTESIAN_POINT('',(31.757256642992,271.81396569533,-23.9));
#6276 = CIRCLE('',#6277,0.6);
#6277 = AXIS2_PLACEMENT_3D('',#6278,#6279,#6280);
#6278 = CARTESIAN_POINT('',(31.757256642992,271.81396569533,-24.5));
#6279 = DIRECTION('',(-1.,-8.404388296412E-14,-2.334869823772E-16));
#6280 = DIRECTION('',(2.334869823772E-16,-2.22044604925E-16,-1.));
#6281 = ORIENTED_EDGE('',*,*,#6282,.F.);
#6282 = EDGE_CURVE('',#6283,#6274,#6285,.T.);
#6283 = VERTEX_POINT('',#6284);
#6284 = CARTESIAN_POINT('',(7.857256642992,271.81396569533,
    -3.615207313298E-14));
#6285 = CIRCLE('',#6286,23.9);
#6286 = AXIS2_PLACEMENT_3D('',#6287,#6288,#6289);
#6287 = CARTESIAN_POINT('',(31.757256642992,271.81396569533,
    -3.349864010413E-14));
#6288 = DIRECTION('',(8.404388296412E-14,-1.,2.22044604925E-16));
#6289 = DIRECTION('',(-1.,-8.404388296412E-14,-1.110223024625E-16));
#6290 = ORIENTED_EDGE('',*,*,#6291,.F.);
#6291 = EDGE_CURVE('',#6292,#6283,#6294,.T.);
#6292 = VERTEX_POINT('',#6293);
#6293 = CARTESIAN_POINT('',(55.657256642993,271.81396569534,
    -2.791830122531E-14));
#6294 = CIRCLE('',#6295,23.9);
#6295 = AXIS2_PLACEMENT_3D('',#6296,#6297,#6298);
#6296 = CARTESIAN_POINT('',(31.757256642992,271.81396569533,
    -3.349864010413E-14));
#6297 = DIRECTION('',(8.404388296412E-14,-1.,2.22044604925E-16));
#6298 = DIRECTION('',(-1.,-8.404388296412E-14,-1.110223024625E-16));
#6299 = ORIENTED_EDGE('',*,*,#6300,.F.);
#6300 = EDGE_CURVE('',#6274,#6292,#6301,.T.);
#6301 = CIRCLE('',#6302,23.9);
#6302 = AXIS2_PLACEMENT_3D('',#6303,#6304,#6305);
#6303 = CARTESIAN_POINT('',(31.757256642992,271.81396569533,
    -3.349864010413E-14));
#6304 = DIRECTION('',(8.404388296412E-14,-1.,2.22044604925E-16));
#6305 = DIRECTION('',(-1.,-8.404388296412E-14,-1.110223024625E-16));
#6306 = ORIENTED_EDGE('',*,*,#6273,.F.);
#6307 = ORIENTED_EDGE('',*,*,#6258,.T.);
#6308 = ORIENTED_EDGE('',*,*,#6247,.T.);
#6309 = TOROIDAL_SURFACE('',#6310,24.5,0.6);
#6310 = AXIS2_PLACEMENT_3D('',#6311,#6312,#6313);
#6311 = CARTESIAN_POINT('',(31.757256642992,271.81396569533,
    -3.349864010413E-14));
#6312 = DIRECTION('',(8.404388296412E-14,-1.,2.22044604925E-16));
#6313 = DIRECTION('',(-1.110223024625E-16,2.22044604925E-16,1.));
#6314 = ADVANCED_FACE('',(#6315),#6354,.T.);
#6315 = FACE_BOUND('',#6316,.T.);
#6316 = EDGE_LOOP('',(#6317,#6328,#6337,#6343,#6344,#6345,#6346,#6347));
#6317 = ORIENTED_EDGE('',*,*,#6318,.T.);
#6318 = EDGE_CURVE('',#6319,#6321,#6323,.T.);
#6319 = VERTEX_POINT('',#6320);
#6320 = CARTESIAN_POINT('',(7.857256642992,272.71535895451,
    -3.63522226431E-14));
#6321 = VERTEX_POINT('',#6322);
#6322 = CARTESIAN_POINT('',(31.757256642992,272.71535895451,-23.9));
#6323 = CIRCLE('',#6324,23.9);
#6324 = AXIS2_PLACEMENT_3D('',#6325,#6326,#6327);
#6325 = CARTESIAN_POINT('',(31.757256642992,272.71535895451,
    -3.369878961425E-14));
#6326 = DIRECTION('',(8.404388296412E-14,-1.,2.22044604925E-16));
#6327 = DIRECTION('',(-1.,-8.404388296412E-14,-1.110223024625E-16));
#6328 = ORIENTED_EDGE('',*,*,#6329,.T.);
#6329 = EDGE_CURVE('',#6321,#6330,#6332,.T.);
#6330 = VERTEX_POINT('',#6331);
#6331 = CARTESIAN_POINT('',(55.657256642992,272.71535895451,
    -2.811845073543E-14));
#6332 = CIRCLE('',#6333,23.9);
#6333 = AXIS2_PLACEMENT_3D('',#6334,#6335,#6336);
#6334 = CARTESIAN_POINT('',(31.757256642992,272.71535895451,
    -3.369878961425E-14));
#6335 = DIRECTION('',(8.404388296412E-14,-1.,2.22044604925E-16));
#6336 = DIRECTION('',(-1.,-8.404388296412E-14,-1.110223024625E-16));
#6337 = ORIENTED_EDGE('',*,*,#6338,.T.);
#6338 = EDGE_CURVE('',#6330,#6292,#6339,.T.);
#6339 = LINE('',#6340,#6341);
#6340 = CARTESIAN_POINT('',(55.657256642993,272.26466232492,
    -2.801837598037E-14));
#6341 = VECTOR('',#6342,1.);
#6342 = DIRECTION('',(8.404388296412E-14,-1.,2.22044604925E-16));
#6343 = ORIENTED_EDGE('',*,*,#6300,.F.);
#6344 = ORIENTED_EDGE('',*,*,#6282,.F.);
#6345 = ORIENTED_EDGE('',*,*,#6291,.F.);
#6346 = ORIENTED_EDGE('',*,*,#6338,.F.);
#6347 = ORIENTED_EDGE('',*,*,#6348,.T.);
#6348 = EDGE_CURVE('',#6330,#6319,#6349,.T.);
#6349 = CIRCLE('',#6350,23.9);
#6350 = AXIS2_PLACEMENT_3D('',#6351,#6352,#6353);
#6351 = CARTESIAN_POINT('',(31.757256642992,272.71535895451,
    -3.369878961425E-14));
#6352 = DIRECTION('',(8.404388296412E-14,-1.,2.22044604925E-16));
#6353 = DIRECTION('',(-1.,-8.404388296412E-14,-1.110223024625E-16));
#6354 = CYLINDRICAL_SURFACE('',#6355,23.9);
#6355 = AXIS2_PLACEMENT_3D('',#6356,#6357,#6358);
#6356 = CARTESIAN_POINT('',(31.757256642992,272.26466232492,
    -3.359871485919E-14));
#6357 = DIRECTION('',(8.404388296412E-14,-1.,2.22044604925E-16));
#6358 = DIRECTION('',(-1.,-8.404388296412E-14,-1.110223024625E-16));
#6359 = ADVANCED_FACE('',(#6360),#6400,.F.);
#6360 = FACE_BOUND('',#6361,.F.);
#6361 = EDGE_LOOP('',(#6362,#6371,#6380,#6389,#6396,#6397,#6398,#6399));
#6362 = ORIENTED_EDGE('',*,*,#6363,.T.);
#6363 = EDGE_CURVE('',#6321,#6364,#6366,.T.);
#6364 = VERTEX_POINT('',#6365);
#6365 = CARTESIAN_POINT('',(31.757256642992,272.87065038157,
    -23.92044450422));
#6366 = CIRCLE('',#6367,0.6);
#6367 = AXIS2_PLACEMENT_3D('',#6368,#6369,#6370);
#6368 = CARTESIAN_POINT('',(31.757256642992,272.71535895451,-24.5));
#6369 = DIRECTION('',(-1.,-8.404388296412E-14,-2.334869823772E-16));
#6370 = DIRECTION('',(2.334869823772E-16,-2.22044604925E-16,-1.));
#6371 = ORIENTED_EDGE('',*,*,#6372,.F.);
#6372 = EDGE_CURVE('',#6373,#6364,#6375,.T.);
#6373 = VERTEX_POINT('',#6374);
#6374 = CARTESIAN_POINT('',(7.836812138772,272.87065038157,
    -3.63889740626E-14));
#6375 = CIRCLE('',#6376,23.920444504227);
#6376 = AXIS2_PLACEMENT_3D('',#6377,#6378,#6379);
#6377 = CARTESIAN_POINT('',(31.757256642992,272.87065038157,
    -3.373327123782E-14));
#6378 = DIRECTION('',(8.404388296412E-14,-1.,2.22044604925E-16));
#6379 = DIRECTION('',(-1.,-8.404388296412E-14,-1.110223024625E-16));
#6380 = ORIENTED_EDGE('',*,*,#6381,.F.);
#6381 = EDGE_CURVE('',#6382,#6373,#6384,.T.);
#6382 = VERTEX_POINT('',#6383);
#6383 = CARTESIAN_POINT('',(55.677701147219,272.87065038157,
    -2.81481588334E-14));
#6384 = CIRCLE('',#6385,23.920444504227);
#6385 = AXIS2_PLACEMENT_3D('',#6386,#6387,#6388);
#6386 = CARTESIAN_POINT('',(31.757256642992,272.87065038157,
    -3.373327123782E-14));
#6387 = DIRECTION('',(8.404388296412E-14,-1.,2.22044604925E-16));
#6388 = DIRECTION('',(-1.,-8.404388296412E-14,-1.110223024625E-16));
#6389 = ORIENTED_EDGE('',*,*,#6390,.F.);
#6390 = EDGE_CURVE('',#6364,#6382,#6391,.T.);
#6391 = CIRCLE('',#6392,23.920444504227);
#6392 = AXIS2_PLACEMENT_3D('',#6393,#6394,#6395);
#6393 = CARTESIAN_POINT('',(31.757256642992,272.87065038157,
    -3.373327123782E-14));
#6394 = DIRECTION('',(8.404388296412E-14,-1.,2.22044604925E-16));
#6395 = DIRECTION('',(-1.,-8.404388296412E-14,-1.110223024625E-16));
#6396 = ORIENTED_EDGE('',*,*,#6363,.F.);
#6397 = ORIENTED_EDGE('',*,*,#6329,.T.);
#6398 = ORIENTED_EDGE('',*,*,#6348,.T.);
#6399 = ORIENTED_EDGE('',*,*,#6318,.T.);
#6400 = TOROIDAL_SURFACE('',#6401,24.5,0.6);
#6401 = AXIS2_PLACEMENT_3D('',#6402,#6403,#6404);
#6402 = CARTESIAN_POINT('',(31.757256642992,272.71535895451,
    -3.369878961425E-14));
#6403 = DIRECTION('',(8.404388296412E-14,-1.,2.22044604925E-16));
#6404 = DIRECTION('',(-1.110223024625E-16,2.22044604925E-16,1.));
#6405 = ADVANCED_FACE('',(#6406),#6427,.T.);
#6406 = FACE_BOUND('',#6407,.T.);
#6407 = EDGE_LOOP('',(#6408,#6417,#6423,#6424,#6425,#6426));
#6408 = ORIENTED_EDGE('',*,*,#6409,.F.);
#6409 = EDGE_CURVE('',#6410,#6410,#6412,.T.);
#6410 = VERTEX_POINT('',#6411);
#6411 = CARTESIAN_POINT('',(55.94882922129,273.88251412936,
    -3.423475922854E-14));
#6412 = CIRCLE('',#6413,24.191572578298);
#6413 = AXIS2_PLACEMENT_3D('',#6414,#6415,#6416);
#6414 = CARTESIAN_POINT('',(31.757256642992,273.88251412936,
    -3.395795012393E-14));
#6415 = DIRECTION('',(-5.853900814407E-16,1.,-2.22044604925E-16));
#6416 = DIRECTION('',(-1.,-5.853900814407E-16,-1.110223024625E-16));
#6417 = ORIENTED_EDGE('',*,*,#6418,.T.);
#6418 = EDGE_CURVE('',#6410,#6382,#6419,.T.);
#6419 = LINE('',#6420,#6421);
#6420 = CARTESIAN_POINT('',(55.817478895106,273.39230803845,
    -2.823135381717E-14));
#6421 = VECTOR('',#6422,1.);
#6422 = DIRECTION('',(-0.258819045102,-0.965925826289,1.540477406625E-16
    ));
#6423 = ORIENTED_EDGE('',*,*,#6390,.F.);
#6424 = ORIENTED_EDGE('',*,*,#6372,.F.);
#6425 = ORIENTED_EDGE('',*,*,#6381,.F.);
#6426 = ORIENTED_EDGE('',*,*,#6418,.F.);
#6427 = CONICAL_SURFACE('',#6428,24.060222252113,0.261799387799);
#6428 = AXIS2_PLACEMENT_3D('',#6429,#6430,#6431);
#6429 = CARTESIAN_POINT('',(31.757256642992,273.39230803845,
    -3.384910250614E-14));
#6430 = DIRECTION('',(-8.404388296412E-14,1.,-2.22044604925E-16));
#6431 = DIRECTION('',(-1.,-8.404388296412E-14,-1.110223024625E-16));
#6432 = ADVANCED_FACE('',(#6433),#6447,.F.);
#6433 = FACE_BOUND('',#6434,.F.);
#6434 = EDGE_LOOP('',(#6435,#6441,#6442,#6443,#6444,#6445,#6446));
#6435 = ORIENTED_EDGE('',*,*,#6436,.T.);
#6436 = EDGE_CURVE('',#6024,#6211,#6437,.T.);
#6437 = LINE('',#6438,#6439);
#6438 = CARTESIAN_POINT('',(57.066493557459,271.31688527471,
    -2.747888872509E-14));
#6439 = VECTOR('',#6440,1.);
#6440 = DIRECTION('',(-0.990268068742,-0.13917310096,-2.003120668961E-16
    ));
#6441 = ORIENTED_EDGE('',*,*,#6210,.F.);
#6442 = ORIENTED_EDGE('',*,*,#6228,.F.);
#6443 = ORIENTED_EDGE('',*,*,#6219,.F.);
#6444 = ORIENTED_EDGE('',*,*,#6436,.F.);
#6445 = ORIENTED_EDGE('',*,*,#6032,.T.);
#6446 = ORIENTED_EDGE('',*,*,#6021,.T.);
#6447 = CONICAL_SURFACE('',#6448,25.309236914467,1.431169986635);
#6448 = AXIS2_PLACEMENT_3D('',#6449,#6450,#6451);
#6449 = CARTESIAN_POINT('',(31.757256642992,271.31688527471,
    -3.338826607852E-14));
#6450 = DIRECTION('',(-8.404388296412E-14,1.,-2.22044604925E-16));
#6451 = DIRECTION('',(-1.,-8.404388296412E-14,-1.110223024625E-16));
#6452 = ADVANCED_FACE('',(#6453),#6493,.F.);
#6453 = FACE_BOUND('',#6454,.F.);
#6454 = EDGE_LOOP('',(#6455,#6464,#6465,#6466,#6467,#6468,#6477,#6486));
#6455 = ORIENTED_EDGE('',*,*,#6456,.T.);
#6456 = EDGE_CURVE('',#6457,#2452,#6459,.T.);
#6457 = VERTEX_POINT('',#6458);
#6458 = CARTESIAN_POINT('',(31.757256642992,288.8511453723,-19.7));
#6459 = CIRCLE('',#6460,0.6);
#6460 = AXIS2_PLACEMENT_3D('',#6461,#6462,#6463);
#6461 = CARTESIAN_POINT('',(31.757256642992,288.33153013003,-19.4));
#6462 = DIRECTION('',(-1.,2.22044604925E-16,-2.334869823773E-16));
#6463 = DIRECTION('',(2.334869823773E-16,-2.22044604925E-16,-1.));
#6464 = ORIENTED_EDGE('',*,*,#2557,.F.);
#6465 = ORIENTED_EDGE('',*,*,#2548,.F.);
#6466 = ORIENTED_EDGE('',*,*,#2451,.F.);
#6467 = ORIENTED_EDGE('',*,*,#6456,.F.);
#6468 = ORIENTED_EDGE('',*,*,#6469,.T.);
#6469 = EDGE_CURVE('',#6457,#6470,#6472,.T.);
#6470 = VERTEX_POINT('',#6471);
#6471 = CARTESIAN_POINT('',(51.457256642992,288.8511453723,
    -3.268196038171E-14));
#6472 = CIRCLE('',#6473,19.7);
#6473 = AXIS2_PLACEMENT_3D('',#6474,#6475,#6476);
#6474 = CARTESIAN_POINT('',(31.757256642992,288.8511453723,
    -3.728165393454E-14));
#6475 = DIRECTION('',(-2.22044604925E-16,-1.,2.22044604925E-16));
#6476 = DIRECTION('',(-1.,2.22044604925E-16,-1.110223024625E-16));
#6477 = ORIENTED_EDGE('',*,*,#6478,.T.);
#6478 = EDGE_CURVE('',#6470,#6479,#6481,.T.);
#6479 = VERTEX_POINT('',#6480);
#6480 = CARTESIAN_POINT('',(12.057256642992,288.8511453723,
    -3.946879329305E-14));
#6481 = CIRCLE('',#6482,19.7);
#6482 = AXIS2_PLACEMENT_3D('',#6483,#6484,#6485);
#6483 = CARTESIAN_POINT('',(31.757256642992,288.8511453723,
    -3.728165393454E-14));
#6484 = DIRECTION('',(-2.22044604925E-16,-1.,2.22044604925E-16));
#6485 = DIRECTION('',(-1.,2.22044604925E-16,-1.110223024625E-16));
#6486 = ORIENTED_EDGE('',*,*,#6487,.T.);
#6487 = EDGE_CURVE('',#6479,#6457,#6488,.T.);
#6488 = CIRCLE('',#6489,19.7);
#6489 = AXIS2_PLACEMENT_3D('',#6490,#6491,#6492);
#6490 = CARTESIAN_POINT('',(31.757256642992,288.8511453723,
    -3.728165393454E-14));
#6491 = DIRECTION('',(-2.22044604925E-16,-1.,2.22044604925E-16));
#6492 = DIRECTION('',(-1.,2.22044604925E-16,-1.110223024625E-16));
#6493 = TOROIDAL_SURFACE('',#6494,19.4,0.6);
#6494 = AXIS2_PLACEMENT_3D('',#6495,#6496,#6497);
#6495 = CARTESIAN_POINT('',(31.757256642992,288.33153013003,
    -3.716627617336E-14));
#6496 = DIRECTION('',(-2.22044604925E-16,-1.,2.22044604925E-16));
#6497 = DIRECTION('',(-1.110223024625E-16,2.22044604925E-16,1.));
#6498 = ADVANCED_FACE('',(#6499),#6538,.F.);
#6499 = FACE_BOUND('',#6500,.F.);
#6500 = EDGE_LOOP('',(#6501,#6502,#6510,#6519,#6528,#6535,#6536,#6537));
#6501 = ORIENTED_EDGE('',*,*,#2600,.T.);
#6502 = ORIENTED_EDGE('',*,*,#6503,.T.);
#6503 = EDGE_CURVE('',#2592,#6504,#6506,.T.);
#6504 = VERTEX_POINT('',#6505);
#6505 = CARTESIAN_POINT('',(49.007256642992,263.74312189292,
    -2.76789023346E-14));
#6506 = LINE('',#6507,#6508);
#6507 = CARTESIAN_POINT('',(49.007256642992,267.57854379413,
    -2.853053707538E-14));
#6508 = VECTOR('',#6509,1.);
#6509 = DIRECTION('',(-2.22044604925E-16,-1.,2.22044604925E-16));
#6510 = ORIENTED_EDGE('',*,*,#6511,.F.);
#6511 = EDGE_CURVE('',#6512,#6504,#6514,.T.);
#6512 = VERTEX_POINT('',#6513);
#6513 = CARTESIAN_POINT('',(31.757256642992,263.74312189292,-17.25));
#6514 = CIRCLE('',#6515,17.25);
#6515 = AXIS2_PLACEMENT_3D('',#6516,#6517,#6518);
#6516 = CARTESIAN_POINT('',(31.757256642992,263.74312189292,
    -3.170655278061E-14));
#6517 = DIRECTION('',(-2.22044604925E-16,-1.,2.22044604925E-16));
#6518 = DIRECTION('',(-1.,2.22044604925E-16,-1.110223024625E-16));
#6519 = ORIENTED_EDGE('',*,*,#6520,.F.);
#6520 = EDGE_CURVE('',#6521,#6512,#6523,.T.);
#6521 = VERTEX_POINT('',#6522);
#6522 = CARTESIAN_POINT('',(14.507256642992,263.74312189292,
    -3.362168749809E-14));
#6523 = CIRCLE('',#6524,17.25);
#6524 = AXIS2_PLACEMENT_3D('',#6525,#6526,#6527);
#6525 = CARTESIAN_POINT('',(31.757256642992,263.74312189292,
    -3.170655278061E-14));
#6526 = DIRECTION('',(-2.22044604925E-16,-1.,2.22044604925E-16));
#6527 = DIRECTION('',(-1.,2.22044604925E-16,-1.110223024625E-16));
#6528 = ORIENTED_EDGE('',*,*,#6529,.F.);
#6529 = EDGE_CURVE('',#6504,#6521,#6530,.T.);
#6530 = CIRCLE('',#6531,17.25);
#6531 = AXIS2_PLACEMENT_3D('',#6532,#6533,#6534);
#6532 = CARTESIAN_POINT('',(31.757256642992,263.74312189292,
    -3.170655278061E-14));
#6533 = DIRECTION('',(-2.22044604925E-16,-1.,2.22044604925E-16));
#6534 = DIRECTION('',(-1.,2.22044604925E-16,-1.110223024625E-16));
#6535 = ORIENTED_EDGE('',*,*,#6503,.F.);
#6536 = ORIENTED_EDGE('',*,*,#2591,.T.);
#6537 = ORIENTED_EDGE('',*,*,#2582,.T.);
#6538 = CYLINDRICAL_SURFACE('',#6539,17.25);
#6539 = AXIS2_PLACEMENT_3D('',#6540,#6541,#6542);
#6540 = CARTESIAN_POINT('',(31.757256642992,267.57854379413,
    -3.255818752138E-14));
#6541 = DIRECTION('',(-2.22044604925E-16,-1.,2.22044604925E-16));
#6542 = DIRECTION('',(-1.,2.22044604925E-16,-1.110223024625E-16));
#6543 = ADVANCED_FACE('',(#6544),#6559,.F.);
#6544 = FACE_BOUND('',#6545,.F.);
#6545 = EDGE_LOOP('',(#6546,#6553,#6554,#6555,#6556,#6557,#6558));
#6546 = ORIENTED_EDGE('',*,*,#6547,.T.);
#6547 = EDGE_CURVE('',#6512,#5767,#6548,.T.);
#6548 = CIRCLE('',#6549,1.5);
#6549 = AXIS2_PLACEMENT_3D('',#6550,#6551,#6552);
#6550 = CARTESIAN_POINT('',(31.757256642992,262.91396569533,-16.));
#6551 = DIRECTION('',(-1.,2.22044604925E-16,-2.334869823773E-16));
#6552 = DIRECTION('',(2.334869823773E-16,-2.22044604925E-16,-1.));
#6553 = ORIENTED_EDGE('',*,*,#5764,.F.);
#6554 = ORIENTED_EDGE('',*,*,#5775,.F.);
#6555 = ORIENTED_EDGE('',*,*,#6547,.F.);
#6556 = ORIENTED_EDGE('',*,*,#6511,.T.);
#6557 = ORIENTED_EDGE('',*,*,#6529,.T.);
#6558 = ORIENTED_EDGE('',*,*,#6520,.T.);
#6559 = TOROIDAL_SURFACE('',#6560,16.,1.5);
#6560 = AXIS2_PLACEMENT_3D('',#6561,#6562,#6563);
#6561 = CARTESIAN_POINT('',(31.757256642992,262.91396569533,
    -3.15224431203E-14));
#6562 = DIRECTION('',(-2.22044604925E-16,-1.,2.22044604925E-16));
#6563 = DIRECTION('',(-1.110223024625E-16,2.22044604925E-16,1.));
#6564 = ADVANCED_FACE('',(#6565),#6595,.F.);
#6565 = FACE_BOUND('',#6566,.F.);
#6566 = EDGE_LOOP('',(#6567,#6575,#6576,#6577,#6578,#6579,#6588));
#6567 = ORIENTED_EDGE('',*,*,#6568,.T.);
#6568 = EDGE_CURVE('',#6569,#6470,#6571,.T.);
#6569 = VERTEX_POINT('',#6570);
#6570 = CARTESIAN_POINT('',(48.757256642992,290.40999109911,
    -3.365850851767E-14));
#6571 = LINE('',#6572,#6573);
#6572 = CARTESIAN_POINT('',(50.107256642992,289.6305682357,
    -3.317023444969E-14));
#6573 = VECTOR('',#6574,1.);
#6574 = DIRECTION('',(0.866025403784,-0.5,3.132279606543E-16));
#6575 = ORIENTED_EDGE('',*,*,#6469,.F.);
#6576 = ORIENTED_EDGE('',*,*,#6487,.F.);
#6577 = ORIENTED_EDGE('',*,*,#6478,.F.);
#6578 = ORIENTED_EDGE('',*,*,#6568,.F.);
#6579 = ORIENTED_EDGE('',*,*,#6580,.T.);
#6580 = EDGE_CURVE('',#6569,#6581,#6583,.T.);
#6581 = VERTEX_POINT('',#6582);
#6582 = CARTESIAN_POINT('',(14.757256642992,290.40999109911,
    -3.951516635995E-14));
#6583 = CIRCLE('',#6584,17.);
#6584 = AXIS2_PLACEMENT_3D('',#6585,#6586,#6587);
#6585 = CARTESIAN_POINT('',(31.757256642992,290.40999109911,
    -3.762778721809E-14));
#6586 = DIRECTION('',(-2.22044604925E-16,-1.,2.22044604925E-16));
#6587 = DIRECTION('',(-1.,2.22044604925E-16,-1.110223024625E-16));
#6588 = ORIENTED_EDGE('',*,*,#6589,.T.);
#6589 = EDGE_CURVE('',#6581,#6569,#6590,.T.);
#6590 = CIRCLE('',#6591,17.);
#6591 = AXIS2_PLACEMENT_3D('',#6592,#6593,#6594);
#6592 = CARTESIAN_POINT('',(31.757256642992,290.40999109911,
    -3.762778721809E-14));
#6593 = DIRECTION('',(-2.22044604925E-16,-1.,2.22044604925E-16));
#6594 = DIRECTION('',(-1.,2.22044604925E-16,-1.110223024625E-16));
#6595 = CONICAL_SURFACE('',#6596,18.35,1.047197551197);
#6596 = AXIS2_PLACEMENT_3D('',#6597,#6598,#6599);
#6597 = CARTESIAN_POINT('',(31.757256642992,289.6305682357,
    -3.745472057631E-14));
#6598 = DIRECTION('',(-2.22044604925E-16,-1.,2.22044604925E-16));
#6599 = DIRECTION('',(-1.,2.22044604925E-16,-1.110223024625E-16));
#6600 = ADVANCED_FACE('',(#6601),#6631,.T.);
#6601 = FACE_BOUND('',#6602,.T.);
#6602 = EDGE_LOOP('',(#6603,#6604,#6605,#6624));
#6603 = ORIENTED_EDGE('',*,*,#5650,.T.);
#6604 = ORIENTED_EDGE('',*,*,#6142,.T.);
#6605 = ORIENTED_EDGE('',*,*,#6606,.T.);
#6606 = EDGE_CURVE('',#6134,#6607,#6609,.T.);
#6607 = VERTEX_POINT('',#6608);
#6608 = CARTESIAN_POINT('',(52.441427697626,302.27389083566,
    -9.525188830311));
#6609 = B_SPLINE_CURVE_WITH_KNOTS('',3,(#6610,#6611,#6612,#6613,#6614,
    #6615,#6616,#6617,#6618,#6619,#6620,#6621,#6622,#6623),
  .UNSPECIFIED.,.F.,.F.,(4,2,2,2,2,2,4),(0.313568386732,0.319850813355,
    0.347085358844,0.386800480986,0.419283353667,0.437206718104,
    0.442091451874),.UNSPECIFIED.);
#6610 = CARTESIAN_POINT('',(51.956741514069,303.41396569533,
    -7.576064518795));
#6611 = CARTESIAN_POINT('',(51.983644574393,303.41396569533,
    -7.61615042241));
#6612 = CARTESIAN_POINT('',(52.009639300358,303.41203902235,
    -7.657012746497));
#6613 = CARTESIAN_POINT('',(52.142972809273,303.39227846542,
    -7.878498082524));
#6614 = CARTESIAN_POINT('',(52.230587019556,303.34346583815,
    -8.068347605954));
#6615 = CARTESIAN_POINT('',(52.39154520655,303.17149013964,
    -8.535057816156));
#6616 = CARTESIAN_POINT('',(52.434434780774,303.03024620177,
    -8.797684335059));
#6617 = CARTESIAN_POINT('',(52.461981672058,302.76762395741,
    -9.178978186675));
#6618 = CARTESIAN_POINT('',(52.45684728834,302.64010196599,
    -9.325345722373));
#6619 = CARTESIAN_POINT('',(52.447126696543,302.44168732852,
    -9.46961490694));
#6620 = CARTESIAN_POINT('',(52.444061080245,302.37888573181,
    -9.499164635395));
#6621 = CARTESIAN_POINT('',(52.442036225628,302.3056295335,
    -9.519311890019));
#6622 = CARTESIAN_POINT('',(52.441683618667,302.28982547303,
    -9.522728333612));
#6623 = CARTESIAN_POINT('',(52.441427697626,302.27389083566,
    -9.525188830311));
#6624 = ORIENTED_EDGE('',*,*,#6625,.T.);
#6625 = EDGE_CURVE('',#6607,#5651,#6626,.T.);
#6626 = CIRCLE('',#6627,22.772003742983);
#6627 = AXIS2_PLACEMENT_3D('',#6628,#6629,#6630);
#6628 = CARTESIAN_POINT('',(31.757256642992,302.27389083566,
    -4.026210214796E-14));
#6629 = DIRECTION('',(-5.580170877456E-16,1.,-2.222488246033E-16));
#6630 = DIRECTION('',(2.617993848027E-04,-2.221027284567E-16,
    -0.999999965731));
#6631 = TOROIDAL_SURFACE('',#6632,21.57350093633,1.2);
#6632 = AXIS2_PLACEMENT_3D('',#6633,#6634,#6635);
#6633 = CARTESIAN_POINT('',(31.757256642992,302.21396569533,
    -4.024879609385E-14));
#6634 = DIRECTION('',(-5.853900814407E-16,1.,-2.22044604925E-16));
#6635 = DIRECTION('',(1.110223024625E-16,-2.22044604925E-16,-1.));
#6636 = ADVANCED_FACE('',(#6637,#6759),#6763,.T.);
#6637 = FACE_BOUND('',#6638,.T.);
#6638 = EDGE_LOOP('',(#6639,#6640,#6641,#6649,#6660,#6685,#6691,#6692,
    #6693,#6708,#6721,#6722,#6723,#6724,#6725,#6732,#6733,#6734,#6735,
    #6742,#6743,#6744,#6745,#6746));
#6639 = ORIENTED_EDGE('',*,*,#4777,.F.);
#6640 = ORIENTED_EDGE('',*,*,#4850,.T.);
#6641 = ORIENTED_EDGE('',*,*,#6642,.T.);
#6642 = EDGE_CURVE('',#4842,#6643,#6645,.T.);
#6643 = VERTEX_POINT('',#6644);
#6644 = CARTESIAN_POINT('',(55.434805306648,284.1629924222,
    -9.040918465072E-15));
#6645 = LINE('',#6646,#6647);
#6646 = CARTESIAN_POINT('',(55.272256642992,287.41396569533,
    -3.723160344675E-14));
#6647 = VECTOR('',#6648,1.);
#6648 = DIRECTION('',(4.993761694388E-02,-0.998752338878,
    2.211961634419E-16));
#6649 = ORIENTED_EDGE('',*,*,#6650,.T.);
#6650 = EDGE_CURVE('',#6643,#6651,#6653,.T.);
#6651 = VERTEX_POINT('',#6652);
#6652 = CARTESIAN_POINT('',(55.434602517164,284.16396569533,
    -8.543186180335E-02));
#6653 = B_SPLINE_CURVE_WITH_KNOTS('',3,(#6654,#6655,#6656,#6657,#6658,
    #6659),.UNSPECIFIED.,.F.,.F.,(4,2,4),(0.553999739487,0.562443585607,
    0.562510706168),.UNSPECIFIED.);
#6654 = CARTESIAN_POINT('',(55.434805306648,284.1629924222,
    1.789080007069E-14));
#6655 = CARTESIAN_POINT('',(55.434772998274,284.16363858969,
    -2.835592548705E-02));
#6656 = CARTESIAN_POINT('',(55.434705941977,284.16396059741,
    -5.661466725567E-02));
#6657 = CARTESIAN_POINT('',(55.434604129647,284.1639656753,
    -8.498437304914E-02));
#6658 = CARTESIAN_POINT('',(55.434603324523,284.16396569533,
    -8.520811388932E-02));
#6659 = CARTESIAN_POINT('',(55.434602517202,284.16396569533,
    -8.543186180349E-02));
#6660 = ORIENTED_EDGE('',*,*,#6661,.T.);
#6661 = EDGE_CURVE('',#6651,#6662,#6664,.T.);
#6662 = VERTEX_POINT('',#6663);
#6663 = CARTESIAN_POINT('',(55.809707979336,276.66493896846,
    -6.038959916471E-15));
#6664 = B_SPLINE_CURVE_WITH_KNOTS('',3,(#6665,#6666,#6667,#6668,#6669,
    #6670,#6671,#6672,#6673,#6674,#6675,#6676,#6677,#6678,#6679,#6680,
    #6681,#6682,#6683,#6684),.UNSPECIFIED.,.F.,.F.,(4,2,2,2,2,2,2,2,2,4)
  ,(0.562510706168,0.703186426662,0.843929267718,0.984447714993,
    1.124966162267,1.267666148984,1.410366135701,1.552869913896,
    1.695373692091,1.703952152),.UNSPECIFIED.);
#6665 = CARTESIAN_POINT('',(55.434602517202,284.16396569533,
    -8.543186180349E-02));
#6666 = CARTESIAN_POINT('',(55.432910481967,284.163965694,-0.55437757147
    ));
#6667 = CARTESIAN_POINT('',(55.420418959415,284.07063964349,
    -1.054392750777));
#6668 = CARTESIAN_POINT('',(55.380469291565,283.69126385742,
    -1.974797530281));
#6669 = CARTESIAN_POINT('',(55.353781734351,283.4051401375,
    -2.39519216983));
#6670 = CARTESIAN_POINT('',(55.31010402161,282.74525621665,
    -3.059738836283));
#6671 = CARTESIAN_POINT('',(55.290301435036,282.32734993687,
    -3.348675904216));
#6672 = CARTESIAN_POINT('',(55.278558076693,281.41068504351,
    -3.734589486213));
#6673 = CARTESIAN_POINT('',(55.287443940172,280.91190991394,
    -3.831551481195));
#6674 = CARTESIAN_POINT('',(55.333975256297,279.96902633606,
    -3.83912843462));
#6675 = CARTESIAN_POINT('',(55.375137759398,279.46308613958,
    -3.747476267307));
#6676 = CARTESIAN_POINT('',(55.479174797836,278.53296840256,
    -3.368203740395));
#6677 = CARTESIAN_POINT('',(55.541204227216,278.10867013757,
    -3.080648106989));
#6678 = CARTESIAN_POINT('',(55.65159471218,277.43824894676,
    -2.415711764034));
#6679 = CARTESIAN_POINT('',(55.707254913447,277.14703038843,
    -1.993847647111));
#6680 = CARTESIAN_POINT('',(55.785798319081,276.75989489024,
    -1.066596370421));
#6681 = CARTESIAN_POINT('',(55.807897824145,276.66405077728,
    -0.561112590575));
#6682 = CARTESIAN_POINT('',(55.809705143475,276.66396063724,
    -5.750838130933E-02));
#6683 = CARTESIAN_POINT('',(55.809740795977,276.66428263563,
    -2.880201328371E-02));
#6684 = CARTESIAN_POINT('',(55.809707979336,276.66493896846,
    2.280219517442E-14));
#6685 = ORIENTED_EDGE('',*,*,#6686,.T.);
#6686 = EDGE_CURVE('',#6662,#6410,#6687,.T.);
#6687 = LINE('',#6688,#6689);
#6688 = CARTESIAN_POINT('',(55.272256642992,287.41396569533,
    -3.723160344675E-14));
#6689 = VECTOR('',#6690,1.);
#6690 = DIRECTION('',(4.993761694388E-02,-0.998752338878,
    2.211961634419E-16));
#6691 = ORIENTED_EDGE('',*,*,#6409,.T.);
#6692 = ORIENTED_EDGE('',*,*,#6686,.F.);
#6693 = ORIENTED_EDGE('',*,*,#6694,.T.);
#6694 = EDGE_CURVE('',#6662,#6695,#6697,.T.);
#6695 = VERTEX_POINT('',#6696);
#6696 = CARTESIAN_POINT('',(55.337783921133,280.44275710535,
    3.664457621148));
#6697 = B_SPLINE_CURVE_WITH_KNOTS('',3,(#6698,#6699,#6700,#6701,#6702,
    #6703,#6704,#6705,#6706,#6707),.UNSPECIFIED.,.F.,.F.,(4,2,2,2,4),(
    1.703952152,1.837821098092,1.980268504093,2.122925826475,
    2.265583148857),.UNSPECIFIED.);
#6698 = CARTESIAN_POINT('',(55.809707979336,276.66493896846,
    2.291184782003E-14));
#6699 = CARTESIAN_POINT('',(55.809195867693,276.67518120131,
    0.449462398176));
#6700 = CARTESIAN_POINT('',(55.790685626766,276.77112537237,
    0.922122927934));
#6701 = CARTESIAN_POINT('',(55.721003138333,277.14624948345,
    1.821652952666));
#6702 = CARTESIAN_POINT('',(55.668400132249,277.43735278817,
    2.24372097419));
#6703 = CARTESIAN_POINT('',(55.562848248355,278.10769271325,
    2.909052911106));
#6704 = CARTESIAN_POINT('',(55.502933076532,278.53197370315,
    3.196770343365));
#6705 = CARTESIAN_POINT('',(55.401713212123,279.4619823631,
    3.576326197572));
#6706 = CARTESIAN_POINT('',(55.361248831444,279.96782599072,
    3.668104111678));
#6707 = CARTESIAN_POINT('',(55.337783921133,280.44275710535,
    3.664457621148));
#6708 = ORIENTED_EDGE('',*,*,#6709,.T.);
#6709 = EDGE_CURVE('',#6695,#6643,#6710,.T.);
#6710 = B_SPLINE_CURVE_WITH_KNOTS('',3,(#6711,#6712,#6713,#6714,#6715,
    #6716,#6717,#6718,#6719,#6720),.UNSPECIFIED.,.F.,.F.,(4,2,2,2,4),(0.
    ,0.140526730682,0.281053461364,0.421748523485,0.553999739487),
  .UNSPECIFIED.);
#6711 = CARTESIAN_POINT('',(55.337783921133,280.44275710535,
    3.664457621148));
#6712 = CARTESIAN_POINT('',(55.314669460013,280.91059510849,
    3.660865591071));
#6713 = CARTESIAN_POINT('',(55.305060256744,281.4094396691,
    3.564074630758));
#6714 = CARTESIAN_POINT('',(55.313951299357,282.326350452,3.17840800593)
  );
#6715 = CARTESIAN_POINT('',(55.331628935661,282.74442941879,
    2.889544115697));
#6716 = CARTESIAN_POINT('',(55.370454664085,283.40453463983,
    2.225101775216));
#6717 = CARTESIAN_POINT('',(55.394085663411,283.6907565604,
    1.804799887721));
#6718 = CARTESIAN_POINT('',(55.426393056797,284.05904669871,
    0.911996793461));
#6719 = CARTESIAN_POINT('',(55.435311334563,284.15287186391,
    0.444122923723));
#6720 = CARTESIAN_POINT('',(55.434805306648,284.1629924222,
    1.773587599332E-14));
#6721 = ORIENTED_EDGE('',*,*,#6642,.F.);
#6722 = ORIENTED_EDGE('',*,*,#4841,.T.);
#6723 = ORIENTED_EDGE('',*,*,#4940,.F.);
#6724 = ORIENTED_EDGE('',*,*,#5007,.T.);
#6725 = ORIENTED_EDGE('',*,*,#6726,.F.);
#6726 = EDGE_CURVE('',#4612,#4989,#6727,.T.);
#6727 = CIRCLE('',#6728,22.772003742983);
#6728 = AXIS2_PLACEMENT_3D('',#6729,#6730,#6731);
#6729 = CARTESIAN_POINT('',(31.757256642992,302.27389083566,
    -4.026210214796E-14));
#6730 = DIRECTION('',(-5.580170877456E-16,1.,-2.222488246033E-16));
#6731 = DIRECTION('',(-2.617993848129E-04,2.221027284567E-16,
    0.999999965731));
#6732 = ORIENTED_EDGE('',*,*,#4611,.T.);
#6733 = ORIENTED_EDGE('',*,*,#4670,.T.);
#6734 = ORIENTED_EDGE('',*,*,#4044,.F.);
#6735 = ORIENTED_EDGE('',*,*,#6736,.T.);
#6736 = EDGE_CURVE('',#4028,#5403,#6737,.T.);
#6737 = CIRCLE('',#6738,23.215);
#6738 = AXIS2_PLACEMENT_3D('',#6739,#6740,#6741);
#6739 = CARTESIAN_POINT('',(31.757256642992,293.41396569533,
    -3.829480357051E-14));
#6740 = DIRECTION('',(8.075036284417E-16,-1.,2.151975150186E-16));
#6741 = DIRECTION('',(-1.,-8.075036284417E-16,-1.110223024625E-16));
#6742 = ORIENTED_EDGE('',*,*,#5400,.F.);
#6743 = ORIENTED_EDGE('',*,*,#5618,.T.);
#6744 = ORIENTED_EDGE('',*,*,#5669,.T.);
#6745 = ORIENTED_EDGE('',*,*,#6625,.F.);
#6746 = ORIENTED_EDGE('',*,*,#6747,.T.);
#6747 = EDGE_CURVE('',#6607,#4769,#6748,.T.);
#6748 = B_SPLINE_CURVE_WITH_KNOTS('',3,(#6749,#6750,#6751,#6752,#6753,
    #6754,#6755,#6756,#6757,#6758),.UNSPECIFIED.,.F.,.F.,(4,2,2,2,4),(
    1.046445998943,1.118674621245,1.278485281423,1.33482500205,
    1.38161768209),.UNSPECIFIED.);
#6749 = CARTESIAN_POINT('',(52.441427697626,302.27389083566,
    -9.525188830311));
#6750 = CARTESIAN_POINT('',(52.437409623163,302.02370992297,
    -9.563819725726));
#6751 = CARTESIAN_POINT('',(52.432468645165,301.77551261135,
    -9.604007879212));
#6752 = CARTESIAN_POINT('',(52.41261956403,300.98566697489,
    -9.739919938343));
#6753 = CARTESIAN_POINT('',(52.394170210463,300.45268152129,
    -9.841486386937));
#6754 = CARTESIAN_POINT('',(52.347937266003,299.75542579086,
    -10.01703991258));
#6755 = CARTESIAN_POINT('',(52.332589295448,299.5571531566,
    -10.07121261596));
#6756 = CARTESIAN_POINT('',(52.294171740454,299.20532331409,
    -10.18889849306));
#6757 = CARTESIAN_POINT('',(52.273617958561,299.04980329404,
    -10.24780704153));
#6758 = CARTESIAN_POINT('',(52.243134449127,298.91396572261,
    -10.32339142188));
#6759 = FACE_BOUND('',#6760,.T.);
#6760 = EDGE_LOOP('',(#6761,#6762));
#6761 = ORIENTED_EDGE('',*,*,#2372,.T.);
#6762 = ORIENTED_EDGE('',*,*,#2355,.T.);
#6763 = CONICAL_SURFACE('',#6764,23.515,4.995839572194E-02);
#6764 = AXIS2_PLACEMENT_3D('',#6765,#6766,#6767);
#6765 = CARTESIAN_POINT('',(31.757256642992,287.41396569533,
    -3.696253594096E-14));
#6766 = DIRECTION('',(5.853900814407E-16,-1.,2.22044604925E-16));
#6767 = DIRECTION('',(-1.,-5.853900814407E-16,-1.110223024625E-16));
#6768 = ADVANCED_FACE('',(#6769),#6777,.T.);
#6769 = FACE_BOUND('',#6770,.T.);
#6770 = EDGE_LOOP('',(#6771,#6772,#6773,#6774,#6775,#6776));
#6771 = ORIENTED_EDGE('',*,*,#4768,.F.);
#6772 = ORIENTED_EDGE('',*,*,#6747,.F.);
#6773 = ORIENTED_EDGE('',*,*,#6606,.F.);
#6774 = ORIENTED_EDGE('',*,*,#6133,.F.);
#6775 = ORIENTED_EDGE('',*,*,#6160,.T.);
#6776 = ORIENTED_EDGE('',*,*,#4743,.F.);
#6777 = CYLINDRICAL_SURFACE('',#6778,2.95);
#6778 = AXIS2_PLACEMENT_3D('',#6779,#6780,#6781);
#6779 = CARTESIAN_POINT('',(49.507256642992,303.41396569533,-9.22));
#6780 = DIRECTION('',(5.181040781584E-16,-1.,2.22044604925E-16));
#6781 = DIRECTION('',(1.110223024625E-16,-2.22044604925E-16,-1.));
#6782 = ADVANCED_FACE('',(#6783),#6789,.T.);
#6783 = FACE_BOUND('',#6784,.T.);
#6784 = EDGE_LOOP('',(#6785,#6786,#6787,#6788));
#6785 = ORIENTED_EDGE('',*,*,#4988,.T.);
#6786 = ORIENTED_EDGE('',*,*,#6074,.T.);
#6787 = ORIENTED_EDGE('',*,*,#4634,.T.);
#6788 = ORIENTED_EDGE('',*,*,#6726,.T.);
#6789 = TOROIDAL_SURFACE('',#6790,21.57350093633,1.2);
#6790 = AXIS2_PLACEMENT_3D('',#6791,#6792,#6793);
#6791 = CARTESIAN_POINT('',(31.757256642992,302.21396569533,
    -4.024879609385E-14));
#6792 = DIRECTION('',(-5.853900814407E-16,1.,-2.22044604925E-16));
#6793 = DIRECTION('',(-2.617993848098E-04,2.218913425525E-16,
    0.999999965731));
#6794 = ADVANCED_FACE('',(#6795),#6811,.T.);
#6795 = FACE_BOUND('',#6796,.T.);
#6796 = EDGE_LOOP('',(#6797,#6798,#6805,#6806,#6807,#6808,#6809,#6810));
#6797 = ORIENTED_EDGE('',*,*,#4520,.F.);
#6798 = ORIENTED_EDGE('',*,*,#6799,.F.);
#6799 = EDGE_CURVE('',#5074,#4504,#6800,.T.);
#6800 = CIRCLE('',#6801,17.);
#6801 = AXIS2_PLACEMENT_3D('',#6802,#6803,#6804);
#6802 = CARTESIAN_POINT('',(31.757256642992,293.41396569533,
    -3.829480357051E-14));
#6803 = DIRECTION('',(-8.075036284417E-16,1.,-2.151975150186E-16));
#6804 = DIRECTION('',(-1.,-8.075036284417E-16,-1.110223024625E-16));
#6805 = ORIENTED_EDGE('',*,*,#5073,.F.);
#6806 = ORIENTED_EDGE('',*,*,#5146,.F.);
#6807 = ORIENTED_EDGE('',*,*,#5425,.F.);
#6808 = ORIENTED_EDGE('',*,*,#6736,.F.);
#6809 = ORIENTED_EDGE('',*,*,#4027,.F.);
#6810 = ORIENTED_EDGE('',*,*,#4247,.F.);
#6811 = PLANE('',#6812);
#6812 = AXIS2_PLACEMENT_3D('',#6813,#6814,#6815);
#6813 = CARTESIAN_POINT('',(15.011861551982,293.41396569533,
    -8.767869167888E-03));
#6814 = DIRECTION('',(-8.075036284417E-16,1.,-2.151975150186E-16));
#6815 = DIRECTION('',(1.110223024625E-16,-2.151975150186E-16,-1.));
#6816 = ADVANCED_FACE('',(#6817),#6834,.F.);
#6817 = FACE_BOUND('',#6818,.F.);
#6818 = EDGE_LOOP('',(#6819,#6820,#6821,#6827,#6828,#6829,#6830,#6831,
    #6832,#6833));
#6819 = ORIENTED_EDGE('',*,*,#2609,.F.);
#6820 = ORIENTED_EDGE('',*,*,#2479,.F.);
#6821 = ORIENTED_EDGE('',*,*,#6822,.T.);
#6822 = EDGE_CURVE('',#2471,#6651,#6823,.T.);
#6823 = LINE('',#6824,#6825);
#6824 = CARTESIAN_POINT('',(218.43344687623,284.16396569533,
    -8.543185118426E-02));
#6825 = VECTOR('',#6826,1.);
#6826 = DIRECTION('',(1.,-2.22044604925E-16,1.110223024625E-16));
#6827 = ORIENTED_EDGE('',*,*,#6661,.T.);
#6828 = ORIENTED_EDGE('',*,*,#6694,.T.);
#6829 = ORIENTED_EDGE('',*,*,#6709,.T.);
#6830 = ORIENTED_EDGE('',*,*,#6650,.T.);
#6831 = ORIENTED_EDGE('',*,*,#6822,.F.);
#6832 = ORIENTED_EDGE('',*,*,#2470,.F.);
#6833 = ORIENTED_EDGE('',*,*,#2528,.F.);
#6834 = CYLINDRICAL_SURFACE('',#6835,3.75);
#6835 = AXIS2_PLACEMENT_3D('',#6836,#6837,#6838);
#6836 = CARTESIAN_POINT('',(218.43344687623,280.41396569533,
    -8.543185118426E-02));
#6837 = DIRECTION('',(-1.,2.22044604925E-16,-1.110223024625E-16));
#6838 = DIRECTION('',(-2.22044604925E-16,-1.,2.22044604925E-16));
#6839 = ADVANCED_FACE('',(#6840,#6860),#6863,.F.);
#6840 = FACE_BOUND('',#6841,.T.);
#6841 = EDGE_LOOP('',(#6842,#6853));
#6842 = ORIENTED_EDGE('',*,*,#6843,.T.);
#6843 = EDGE_CURVE('',#6844,#6846,#6848,.T.);
#6844 = VERTEX_POINT('',#6845);
#6845 = CARTESIAN_POINT('',(22.507256642992,251.91396569533,
    -3.01069087639E-14));
#6846 = VERTEX_POINT('',#6847);
#6847 = CARTESIAN_POINT('',(41.007256642992,251.91396569533,
    -2.692019787913E-14));
#6848 = CIRCLE('',#6849,9.25);
#6849 = AXIS2_PLACEMENT_3D('',#6850,#6851,#6852);
#6850 = CARTESIAN_POINT('',(31.757256642992,251.91396569533,
    -2.907995246612E-14));
#6851 = DIRECTION('',(-1.975524778486E-16,-1.,2.22044604925E-16));
#6852 = DIRECTION('',(-1.,1.975524778486E-16,-1.110223024625E-16));
#6853 = ORIENTED_EDGE('',*,*,#6854,.T.);
#6854 = EDGE_CURVE('',#6846,#6844,#6855,.T.);
#6855 = CIRCLE('',#6856,9.25);
#6856 = AXIS2_PLACEMENT_3D('',#6857,#6858,#6859);
#6857 = CARTESIAN_POINT('',(31.757256642992,251.91396569533,
    -2.907995246612E-14));
#6858 = DIRECTION('',(-1.975524778486E-16,-1.,2.22044604925E-16));
#6859 = DIRECTION('',(-1.,1.975524778486E-16,-1.110223024625E-16));
#6860 = FACE_BOUND('',#6861,.T.);
#6861 = EDGE_LOOP('',(#6862));
#6862 = ORIENTED_EDGE('',*,*,#5801,.F.);
#6863 = PLANE('',#6864);
#6864 = AXIS2_PLACEMENT_3D('',#6865,#6866,#6867);
#6865 = CARTESIAN_POINT('',(27.132256642992,251.91396569533,
    -2.959343061501E-14));
#6866 = DIRECTION('',(1.975524778486E-16,1.,-2.22044604925E-16));
#6867 = DIRECTION('',(1.110223024625E-16,-2.22044604925E-16,-1.));
#6868 = ADVANCED_FACE('',(#6869),#6882,.F.);
#6869 = FACE_BOUND('',#6870,.F.);
#6870 = EDGE_LOOP('',(#6871,#6877,#6878,#6879,#6880,#6881));
#6871 = ORIENTED_EDGE('',*,*,#6872,.T.);
#6872 = EDGE_CURVE('',#6846,#919,#6873,.T.);
#6873 = LINE('',#6874,#6875);
#6874 = CARTESIAN_POINT('',(41.007256642992,250.66396569533,
    -2.664264212297E-14));
#6875 = VECTOR('',#6876,1.);
#6876 = DIRECTION('',(-1.975524778486E-16,-1.,2.22044604925E-16));
#6877 = ORIENTED_EDGE('',*,*,#916,.F.);
#6878 = ORIENTED_EDGE('',*,*,#927,.F.);
#6879 = ORIENTED_EDGE('',*,*,#6872,.F.);
#6880 = ORIENTED_EDGE('',*,*,#6854,.T.);
#6881 = ORIENTED_EDGE('',*,*,#6843,.T.);
#6882 = CYLINDRICAL_SURFACE('',#6883,9.25);
#6883 = AXIS2_PLACEMENT_3D('',#6884,#6885,#6886);
#6884 = CARTESIAN_POINT('',(31.757256642992,250.66396569533,
    -2.880239670996E-14));
#6885 = DIRECTION('',(-1.975524778486E-16,-1.,2.22044604925E-16));
#6886 = DIRECTION('',(-1.,1.975524778486E-16,-1.110223024625E-16));
#6887 = ADVANCED_FACE('',(#6888),#6912,.F.);
#6888 = FACE_BOUND('',#6889,.F.);
#6889 = EDGE_LOOP('',(#6890,#6891,#6892,#6893,#6894,#6895,#6896,#6897,
    #6898,#6899,#6905,#6906,#6907,#6908,#6909,#6910,#6911));
#6890 = ORIENTED_EDGE('',*,*,#4588,.F.);
#6891 = ORIENTED_EDGE('',*,*,#4501,.T.);
#6892 = ORIENTED_EDGE('',*,*,#6799,.F.);
#6893 = ORIENTED_EDGE('',*,*,#5082,.T.);
#6894 = ORIENTED_EDGE('',*,*,#5700,.F.);
#6895 = ORIENTED_EDGE('',*,*,#6091,.T.);
#6896 = ORIENTED_EDGE('',*,*,#6168,.F.);
#6897 = ORIENTED_EDGE('',*,*,#4695,.T.);
#6898 = ORIENTED_EDGE('',*,*,#4806,.F.);
#6899 = ORIENTED_EDGE('',*,*,#6900,.T.);
#6900 = EDGE_CURVE('',#4807,#6569,#6901,.T.);
#6901 = LINE('',#6902,#6903);
#6902 = CARTESIAN_POINT('',(48.757256642992,282.91396569533,
    -3.615785563548E-14));
#6903 = VECTOR('',#6904,1.);
#6904 = DIRECTION('',(7.648203058529E-16,-1.,2.22044604925E-16));
#6905 = ORIENTED_EDGE('',*,*,#6589,.F.);
#6906 = ORIENTED_EDGE('',*,*,#6580,.F.);
#6907 = ORIENTED_EDGE('',*,*,#6900,.F.);
#6908 = ORIENTED_EDGE('',*,*,#4815,.F.);
#6909 = ORIENTED_EDGE('',*,*,#4875,.T.);
#6910 = ORIENTED_EDGE('',*,*,#5029,.F.);
#6911 = ORIENTED_EDGE('',*,*,#6047,.T.);
#6912 = CYLINDRICAL_SURFACE('',#6913,17.);
#6913 = AXIS2_PLACEMENT_3D('',#6914,#6915,#6916);
#6914 = CARTESIAN_POINT('',(31.757256642992,282.91396569533,
    -3.59633352188E-14));
#6915 = DIRECTION('',(-7.648203058529E-16,1.,-2.22044604925E-16));
#6916 = DIRECTION('',(-1.,-7.648203058529E-16,-1.110223024625E-16));
#6917 = ADVANCED_FACE('',(#6918),#6993,.F.);
#6918 = FACE_BOUND('',#6919,.F.);
#6919 = EDGE_LOOP('',(#6920,#6921,#6922,#6935,#6950,#6959,#6974,#6985,
    #6992));
#6920 = ORIENTED_EDGE('',*,*,#1659,.F.);
#6921 = ORIENTED_EDGE('',*,*,#1968,.F.);
#6922 = ORIENTED_EDGE('',*,*,#6923,.F.);
#6923 = EDGE_CURVE('',#6924,#1969,#6926,.T.);
#6924 = VERTEX_POINT('',#6925);
#6925 = CARTESIAN_POINT('',(58.257256642992,254.86307462748,8.));
#6926 = B_SPLINE_CURVE_WITH_KNOTS('',3,(#6927,#6928,#6929,#6930,#6931,
    #6932,#6933,#6934),.UNSPECIFIED.,.F.,.F.,(4,2,2,4),(0.360329686648,
    0.376299543508,0.414641699585,0.453751298065),.UNSPECIFIED.);
#6927 = CARTESIAN_POINT('',(58.257256642993,254.86307462748,8.));
#6928 = CARTESIAN_POINT('',(58.291489686026,254.90981352779,8.));
#6929 = CARTESIAN_POINT('',(58.329599372133,254.95299630979,8.));
#6930 = CARTESIAN_POINT('',(58.459301145564,255.07930128666,8.));
#6931 = CARTESIAN_POINT('',(58.588070482056,255.1626103072,8.));
#6932 = CARTESIAN_POINT('',(58.827447301068,255.2593149406,8.));
#6933 = CARTESIAN_POINT('',(58.981050047905,255.28896569533,8.));
#6934 = CARTESIAN_POINT('',(59.111415376172,255.28896569533,8.));
#6935 = ORIENTED_EDGE('',*,*,#6936,.F.);
#6936 = EDGE_CURVE('',#6937,#6924,#6939,.T.);
#6937 = VERTEX_POINT('',#6938);
#6938 = CARTESIAN_POINT('',(58.257256642992,254.28896569533,
    7.348469228349));
#6939 = B_SPLINE_CURVE_WITH_KNOTS('',3,(#6940,#6941,#6942,#6943,#6944,
    #6945,#6946,#6947,#6948,#6949),.UNSPECIFIED.,.F.,.F.,(4,2,2,2,4),(
    0.594892749602,0.605507618316,0.619480911355,0.675280741892,
    0.68142413526),.UNSPECIFIED.);
#6940 = CARTESIAN_POINT('',(58.257256642992,254.28896569533,
    7.348469228349));
#6941 = CARTESIAN_POINT('',(58.257256642992,254.32434859105,
    7.348469228349));
#6942 = CARTESIAN_POINT('',(58.257256642992,254.36583340459,
    7.357514517222));
#6943 = CARTESIAN_POINT('',(58.257256642992,254.44162947713,
    7.38869921489));
#6944 = CARTESIAN_POINT('',(58.257256642992,254.48767657108,
    7.420380626357));
#6945 = CARTESIAN_POINT('',(58.257256642992,254.66163935638,
    7.574747225125));
#6946 = CARTESIAN_POINT('',(58.257256642992,254.76468972428,
    7.772733484956));
#6947 = CARTESIAN_POINT('',(58.257256642992,254.84720073039,
    7.962008036748));
#6948 = CARTESIAN_POINT('',(58.257256642992,254.85521565001,
    7.980932711113));
#6949 = CARTESIAN_POINT('',(58.257256642992,254.86307462748,8.));
#6950 = ORIENTED_EDGE('',*,*,#6951,.F.);
#6951 = EDGE_CURVE('',#6952,#6937,#6954,.T.);
#6952 = VERTEX_POINT('',#6953);
#6953 = CARTESIAN_POINT('',(5.257256642992,254.28896569533,
    7.348469228349));
#6954 = CIRCLE('',#6955,27.5);
#6955 = AXIS2_PLACEMENT_3D('',#6956,#6957,#6958);
#6956 = CARTESIAN_POINT('',(31.757256642992,254.28896569533,
    -2.960730840282E-14));
#6957 = DIRECTION('',(-9.51619735393E-17,1.,-2.22044604925E-16));
#6958 = DIRECTION('',(2.718345674302E-16,2.22044604925E-16,1.));
#6959 = ORIENTED_EDGE('',*,*,#6960,.F.);
#6960 = EDGE_CURVE('',#6961,#6952,#6963,.T.);
#6961 = VERTEX_POINT('',#6962);
#6962 = CARTESIAN_POINT('',(5.257256622632,255.14711750208,9.));
#6963 = B_SPLINE_CURVE_WITH_KNOTS('',3,(#6964,#6965,#6966,#6967,#6968,
    #6969,#6970,#6971,#6972,#6973),.UNSPECIFIED.,.F.,.F.,(4,2,2,2,4),(
    0.410241086046,0.515246653719,0.571046484255,0.585019777294,
    0.595634646009),.UNSPECIFIED.);
#6964 = CARTESIAN_POINT('',(5.257256642992,255.14711747983,
    9.000000004228));
#6965 = CARTESIAN_POINT('',(5.257256642992,255.07534683172,
    8.626950782326));
#6966 = CARTESIAN_POINT('',(5.257256642992,254.97888934707,
    8.264092632143));
#6967 = CARTESIAN_POINT('',(5.257256642992,254.76468972428,
    7.772733484956));
#6968 = CARTESIAN_POINT('',(5.257256642992,254.66163935638,
    7.574747225125));
#6969 = CARTESIAN_POINT('',(5.257256642992,254.48767657108,
    7.420380626357));
#6970 = CARTESIAN_POINT('',(5.257256642992,254.44162947713,7.38869921489
    ));
#6971 = CARTESIAN_POINT('',(5.257256642992,254.36583340459,
    7.357514517222));
#6972 = CARTESIAN_POINT('',(5.257256642992,254.32434859105,
    7.348469228349));
#6973 = CARTESIAN_POINT('',(5.257256642992,254.28896569533,
    7.348469228349));
#6974 = ORIENTED_EDGE('',*,*,#6975,.F.);
#6975 = EDGE_CURVE('',#6976,#6961,#6978,.T.);
#6976 = VERTEX_POINT('',#6977);
#6977 = CARTESIAN_POINT('',(4.715622077012,255.28896569533,9.));
#6978 = B_SPLINE_CURVE_WITH_KNOTS('',3,(#6979,#6980,#6981,#6982,#6983,
    #6984),.UNSPECIFIED.,.F.,.F.,(4,2,4),(0.151988452172,0.191702290627,
    0.20549599876),.UNSPECIFIED.);
#6979 = CARTESIAN_POINT('',(4.715622077012,255.28896569533,9.));
#6980 = CARTESIAN_POINT('',(4.848001538532,255.28896569533,9.));
#6981 = CARTESIAN_POINT('',(5.004024225922,255.25910025614,9.));
#6982 = CARTESIAN_POINT('',(5.169560432672,255.19269607914,9.));
#6983 = CARTESIAN_POINT('',(5.213923003722,255.17166508998,9.));
#6984 = CARTESIAN_POINT('',(5.257256617692,255.14711749335,9.));
#6985 = ORIENTED_EDGE('',*,*,#6986,.F.);
#6986 = EDGE_CURVE('',#1707,#6976,#6987,.T.);
#6987 = CIRCLE('',#6988,28.5);
#6988 = AXIS2_PLACEMENT_3D('',#6989,#6990,#6991);
#6989 = CARTESIAN_POINT('',(31.757256642992,255.28896569533,
    -2.982935300774E-14));
#6990 = DIRECTION('',(9.51619735393E-17,-1.,2.22044604925E-16));
#6991 = DIRECTION('',(2.718345674302E-16,2.22044604925E-16,1.));
#6992 = ORIENTED_EDGE('',*,*,#1714,.F.);
#6993 = TOROIDAL_SURFACE('',#6994,28.5,1.);
#6994 = AXIS2_PLACEMENT_3D('',#6995,#6996,#6997);
#6995 = CARTESIAN_POINT('',(31.757256642992,254.28896569533,
    -2.960730840282E-14));
#6996 = DIRECTION('',(-9.51619735393E-17,1.,-2.22044604925E-16));
#6997 = DIRECTION('',(1.144237745222E-17,2.22044604925E-16,1.));
#6998 = ADVANCED_FACE('',(#6999),#7015,.T.);
#6999 = FACE_BOUND('',#7000,.T.);
#7000 = EDGE_LOOP('',(#7001,#7002,#7008,#7009));
#7001 = ORIENTED_EDGE('',*,*,#6951,.F.);
#7002 = ORIENTED_EDGE('',*,*,#7003,.T.);
#7003 = EDGE_CURVE('',#6952,#2221,#7004,.T.);
#7004 = LINE('',#7005,#7006);
#7005 = CARTESIAN_POINT('',(5.257256642992,253.41396569533,
    7.348469228349));
#7006 = VECTOR('',#7007,1.);
#7007 = DIRECTION('',(9.51619735393E-17,-1.,2.22044604925E-16));
#7008 = ORIENTED_EDGE('',*,*,#2235,.F.);
#7009 = ORIENTED_EDGE('',*,*,#7010,.T.);
#7010 = EDGE_CURVE('',#2236,#6937,#7011,.T.);
#7011 = LINE('',#7012,#7013);
#7012 = CARTESIAN_POINT('',(58.257256642992,253.41396569533,
    7.348469228349));
#7013 = VECTOR('',#7014,1.);
#7014 = DIRECTION('',(-9.51619735393E-17,1.,-2.22044604925E-16));
#7015 = CYLINDRICAL_SURFACE('',#7016,27.5);
#7016 = AXIS2_PLACEMENT_3D('',#7017,#7018,#7019);
#7017 = CARTESIAN_POINT('',(31.757256642992,253.41396569533,
    -2.941301937351E-14));
#7018 = DIRECTION('',(-9.51619735393E-17,1.,-2.22044604925E-16));
#7019 = DIRECTION('',(-1.,-9.51619735393E-17,-1.110223024625E-16));
#7020 = ADVANCED_FACE('',(#7021),#7083,.F.);
#7021 = FACE_BOUND('',#7022,.F.);
#7022 = EDGE_LOOP('',(#7023,#7024,#7033,#7046,#7061,#7070));
#7023 = ORIENTED_EDGE('',*,*,#5877,.F.);
#7024 = ORIENTED_EDGE('',*,*,#7025,.F.);
#7025 = EDGE_CURVE('',#7026,#5878,#7028,.T.);
#7026 = VERTEX_POINT('',#7027);
#7027 = CARTESIAN_POINT('',(59.111415376172,251.53896569533,-8.));
#7028 = CIRCLE('',#7029,28.5);
#7029 = AXIS2_PLACEMENT_3D('',#7030,#7031,#7032);
#7030 = CARTESIAN_POINT('',(31.757256642992,251.53896569533,
    -2.899668573927E-14));
#7031 = DIRECTION('',(-9.51619735393E-17,1.,-2.22044604925E-16));
#7032 = DIRECTION('',(4.938791723552E-16,-2.22044604925E-16,-1.));
#7033 = ORIENTED_EDGE('',*,*,#7034,.F.);
#7034 = EDGE_CURVE('',#7035,#7026,#7037,.T.);
#7035 = VERTEX_POINT('',#7036);
#7036 = CARTESIAN_POINT('',(58.257256642992,251.96485676318,-8.));
#7037 = B_SPLINE_CURVE_WITH_KNOTS('',3,(#7038,#7039,#7040,#7041,#7042,
    #7043,#7044,#7045),.UNSPECIFIED.,.F.,.F.,(4,2,2,4),(0.360353173663,
    0.377114752446,0.415060688776,0.453751745876),.UNSPECIFIED.);
#7038 = CARTESIAN_POINT('',(58.257256642993,251.96485676318,-8.));
#7039 = CARTESIAN_POINT('',(58.293205116859,251.91577575876,-8.));
#7040 = CARTESIAN_POINT('',(58.33353306566,251.87050320448,-8.));
#7041 = CARTESIAN_POINT('',(58.465236808828,251.74437349289,-8.));
#7042 = CARTESIAN_POINT('',(58.593177892128,251.66270719294,-8.));
#7043 = CARTESIAN_POINT('',(58.830427578371,251.56799349945,-8.));
#7044 = CARTESIAN_POINT('',(58.982445185839,251.53896569533,-8.));
#7045 = CARTESIAN_POINT('',(59.111415376172,251.53896569533,-8.));
#7046 = ORIENTED_EDGE('',*,*,#7047,.F.);
#7047 = EDGE_CURVE('',#7048,#7035,#7050,.T.);
#7048 = VERTEX_POINT('',#7049);
#7049 = CARTESIAN_POINT('',(58.257256642992,252.53896569533,
    -7.348469228349));
#7050 = B_SPLINE_CURVE_WITH_KNOTS('',3,(#7051,#7052,#7053,#7054,#7055,
    #7056,#7057,#7058,#7059,#7060),.UNSPECIFIED.,.F.,.F.,(4,2,2,2,4),(
    0.595634646009,0.606249514723,0.620222807762,0.676022638299,
    0.682166031667),.UNSPECIFIED.);
#7051 = CARTESIAN_POINT('',(58.257256642992,252.53896569533,
    -7.348469228349));
#7052 = CARTESIAN_POINT('',(58.257256642992,252.50358279962,
    -7.348469228349));
#7053 = CARTESIAN_POINT('',(58.257256642992,252.46209798608,
    -7.357514517222));
#7054 = CARTESIAN_POINT('',(58.257256642992,252.38630191353,
    -7.38869921489));
#7055 = CARTESIAN_POINT('',(58.257256642992,252.34025481958,
    -7.420380626357));
#7056 = CARTESIAN_POINT('',(58.257256642992,252.16629203428,
    -7.574747225125));
#7057 = CARTESIAN_POINT('',(58.257256642992,252.06324166638,
    -7.772733484956));
#7058 = CARTESIAN_POINT('',(58.257256642992,251.98073066027,
    -7.962008036748));
#7059 = CARTESIAN_POINT('',(58.257256642992,251.97271574065,
    -7.980932711113));
#7060 = CARTESIAN_POINT('',(58.257256642992,251.96485676318,-8.));
#7061 = ORIENTED_EDGE('',*,*,#7062,.F.);
#7062 = EDGE_CURVE('',#7063,#7048,#7065,.T.);
#7063 = VERTEX_POINT('',#7064);
#7064 = CARTESIAN_POINT('',(5.257256642992,252.53896569533,
    -7.348469228349));
#7065 = CIRCLE('',#7066,27.5);
#7066 = AXIS2_PLACEMENT_3D('',#7067,#7068,#7069);
#7067 = CARTESIAN_POINT('',(31.757256642992,252.53896569533,
    -2.92187303442E-14));
#7068 = DIRECTION('',(9.51619735393E-17,-1.,2.22044604925E-16));
#7069 = DIRECTION('',(4.938791723552E-16,-2.22044604925E-16,-1.));
#7070 = ORIENTED_EDGE('',*,*,#7071,.F.);
#7071 = EDGE_CURVE('',#5870,#7063,#7072,.T.);
#7072 = B_SPLINE_CURVE_WITH_KNOTS('',3,(#7073,#7074,#7075,#7076,#7077,
    #7078,#7079,#7080,#7081,#7082),.UNSPECIFIED.,.F.,.F.,(4,2,2,2,4),(
    0.410452655996,0.47169648699,0.56273839409,0.582590423234,
    0.595989092343),.UNSPECIFIED.);
#7073 = CARTESIAN_POINT('',(5.257256642992,251.68081391083,
    -9.000000004248));
#7074 = CARTESIAN_POINT('',(5.257256642992,251.72244454008,
    -8.78361246619));
#7075 = CARTESIAN_POINT('',(5.257256642992,251.77293753208,
    -8.573698661304));
#7076 = CARTESIAN_POINT('',(5.257256642992,251.91944838896,
    -8.087682461069));
#7077 = CARTESIAN_POINT('',(5.257256642992,252.04149209224,
    -7.744574029136));
#7078 = CARTESIAN_POINT('',(5.257256642992,252.28497025628,
    -7.466442972442));
#7079 = CARTESIAN_POINT('',(5.257256642992,252.34400386746,
    -7.413332881793));
#7080 = CARTESIAN_POINT('',(5.257256642992,252.44267302592,
    -7.36284584502));
#7081 = CARTESIAN_POINT('',(5.257256642992,252.49430346497,
    -7.348469228349));
#7082 = CARTESIAN_POINT('',(5.257256642992,252.53896569533,
    -7.348469228349));
#7083 = TOROIDAL_SURFACE('',#7084,28.5,1.);
#7084 = AXIS2_PLACEMENT_3D('',#7085,#7086,#7087);
#7085 = CARTESIAN_POINT('',(31.757256642992,252.53896569533,
    -2.92187303442E-14));
#7086 = DIRECTION('',(-9.51619735393E-17,1.,-2.22044604925E-16));
#7087 = DIRECTION('',(1.110223024625E-16,-2.22044604925E-16,-1.));
#7088 = ADVANCED_FACE('',(#7089),#7108,.T.);
#7089 = FACE_BOUND('',#7090,.T.);
#7090 = EDGE_LOOP('',(#7091,#7092,#7100,#7107));
#7091 = ORIENTED_EDGE('',*,*,#7025,.F.);
#7092 = ORIENTED_EDGE('',*,*,#7093,.T.);
#7093 = EDGE_CURVE('',#7026,#7094,#7096,.T.);
#7094 = VERTEX_POINT('',#7095);
#7095 = CARTESIAN_POINT('',(59.525752473072,251.53896569533,-8.));
#7096 = LINE('',#7097,#7098);
#7097 = CARTESIAN_POINT('',(33.407778458267,251.53896569533,-8.));
#7098 = VECTOR('',#7099,1.);
#7099 = DIRECTION('',(1.,9.51619735393E-17,1.110223024625E-16));
#7100 = ORIENTED_EDGE('',*,*,#7101,.T.);
#7101 = EDGE_CURVE('',#7094,#5889,#7102,.T.);
#7102 = CIRCLE('',#7103,28.897912738902);
#7103 = AXIS2_PLACEMENT_3D('',#7104,#7105,#7106);
#7104 = CARTESIAN_POINT('',(31.757256642992,251.53896569533,
    -2.899668573927E-14));
#7105 = DIRECTION('',(-9.51619735393E-17,1.,-2.22044604925E-16));
#7106 = DIRECTION('',(-1.,-9.51619735393E-17,-1.110223024625E-16));
#7107 = ORIENTED_EDGE('',*,*,#5888,.T.);
#7108 = PLANE('',#7109);
#7109 = AXIS2_PLACEMENT_3D('',#7110,#7111,#7112);
#7110 = CARTESIAN_POINT('',(3.558300273542,251.53896569533,
    -3.212739880245E-14));
#7111 = DIRECTION('',(-9.51619735393E-17,1.,-2.22044604925E-16));
#7112 = DIRECTION('',(1.110223024625E-16,-2.22044604925E-16,-1.));
#7113 = ADVANCED_FACE('',(#7114),#7188,.F.);
#7114 = FACE_BOUND('',#7115,.F.);
#7115 = EDGE_LOOP('',(#7116,#7133,#7142,#7157,#7170,#7179));
#7116 = ORIENTED_EDGE('',*,*,#7117,.F.);
#7117 = EDGE_CURVE('',#7118,#7120,#7122,.T.);
#7118 = VERTEX_POINT('',#7119);
#7119 = CARTESIAN_POINT('',(5.257256642992,254.28896569533,
    -7.348469228349));
#7120 = VERTEX_POINT('',#7121);
#7121 = CARTESIAN_POINT('',(5.257256622632,255.14711750208,-9.));
#7122 = B_SPLINE_CURVE_WITH_KNOTS('',3,(#7123,#7124,#7125,#7126,#7127,
    #7128,#7129,#7130,#7131,#7132),.UNSPECIFIED.,.F.,.F.,(4,2,2,2,4),(
    0.595989092343,0.606603961058,0.620577254097,0.676377084633,
    0.781382652306),.UNSPECIFIED.);
#7123 = CARTESIAN_POINT('',(5.257256642992,254.28896569533,
    -7.348469228349));
#7124 = CARTESIAN_POINT('',(5.257256642992,254.32434859105,
    -7.348469228349));
#7125 = CARTESIAN_POINT('',(5.257256642992,254.36583340459,
    -7.357514517222));
#7126 = CARTESIAN_POINT('',(5.257256642992,254.44162947713,
    -7.38869921489));
#7127 = CARTESIAN_POINT('',(5.257256642992,254.48767657108,
    -7.420380626357));
#7128 = CARTESIAN_POINT('',(5.257256642992,254.66163935638,
    -7.574747225125));
#7129 = CARTESIAN_POINT('',(5.257256642992,254.76468972428,
    -7.772733484956));
#7130 = CARTESIAN_POINT('',(5.257256642992,254.97888934707,
    -8.264092632143));
#7131 = CARTESIAN_POINT('',(5.257256642992,255.07534683172,
    -8.626950782326));
#7132 = CARTESIAN_POINT('',(5.257256642992,255.14711747983,
    -9.000000004228));
#7133 = ORIENTED_EDGE('',*,*,#7134,.F.);
#7134 = EDGE_CURVE('',#7135,#7118,#7137,.T.);
#7135 = VERTEX_POINT('',#7136);
#7136 = CARTESIAN_POINT('',(58.257256642992,254.28896569533,
    -7.348469228349));
#7137 = CIRCLE('',#7138,27.5);
#7138 = AXIS2_PLACEMENT_3D('',#7139,#7140,#7141);
#7139 = CARTESIAN_POINT('',(31.757256642992,254.28896569533,
    -2.960730840282E-14));
#7140 = DIRECTION('',(-9.51619735393E-17,1.,-2.22044604925E-16));
#7141 = DIRECTION('',(4.938791723552E-16,-2.22044604925E-16,-1.));
#7142 = ORIENTED_EDGE('',*,*,#7143,.F.);
#7143 = EDGE_CURVE('',#7144,#7135,#7146,.T.);
#7144 = VERTEX_POINT('',#7145);
#7145 = CARTESIAN_POINT('',(58.257256642992,254.86307462748,-8.));
#7146 = B_SPLINE_CURVE_WITH_KNOTS('',3,(#7147,#7148,#7149,#7150,#7151,
    #7152,#7153,#7154,#7155,#7156),.UNSPECIFIED.,.F.,.F.,(4,2,2,2,4),(
    0.50910326035,0.515246653719,0.571046484255,0.585019777294,
    0.595634646009),.UNSPECIFIED.);
#7147 = CARTESIAN_POINT('',(58.257256642992,254.86307462748,-8.));
#7148 = CARTESIAN_POINT('',(58.257256642992,254.85521565001,
    -7.980932711113));
#7149 = CARTESIAN_POINT('',(58.257256642992,254.84720073039,
    -7.962008036748));
#7150 = CARTESIAN_POINT('',(58.257256642992,254.76468972428,
    -7.772733484956));
#7151 = CARTESIAN_POINT('',(58.257256642992,254.66163935638,
    -7.574747225125));
#7152 = CARTESIAN_POINT('',(58.257256642992,254.48767657108,
    -7.420380626357));
#7153 = CARTESIAN_POINT('',(58.257256642992,254.44162947713,
    -7.38869921489));
#7154 = CARTESIAN_POINT('',(58.257256642992,254.36583340459,
    -7.357514517222));
#7155 = CARTESIAN_POINT('',(58.257256642992,254.32434859105,
    -7.348469228349));
#7156 = CARTESIAN_POINT('',(58.257256642992,254.28896569533,
    -7.348469228349));
#7157 = ORIENTED_EDGE('',*,*,#7158,.F.);
#7158 = EDGE_CURVE('',#7159,#7144,#7161,.T.);
#7159 = VERTEX_POINT('',#7160);
#7160 = CARTESIAN_POINT('',(59.111415376172,255.28896569533,-8.));
#7161 = B_SPLINE_CURVE_WITH_KNOTS('',3,(#7162,#7163,#7164,#7165,#7166,
    #7167,#7168,#7169),.UNSPECIFIED.,.F.,.F.,(4,2,2,4),(0.151117092512,
    0.190226690992,0.22856884707,0.244538703929),.UNSPECIFIED.);
#7162 = CARTESIAN_POINT('',(59.111415376172,255.28896569533,-8.));
#7163 = CARTESIAN_POINT('',(58.981050047905,255.28896569533,-8.));
#7164 = CARTESIAN_POINT('',(58.827447301068,255.2593149406,-8.));
#7165 = CARTESIAN_POINT('',(58.588070482056,255.1626103072,-8.));
#7166 = CARTESIAN_POINT('',(58.459301145564,255.07930128666,-8.));
#7167 = CARTESIAN_POINT('',(58.329599372133,254.95299630979,-8.));
#7168 = CARTESIAN_POINT('',(58.291489686026,254.90981352779,-8.));
#7169 = CARTESIAN_POINT('',(58.257256642993,254.86307462748,-8.));
#7170 = ORIENTED_EDGE('',*,*,#7171,.F.);
#7171 = EDGE_CURVE('',#7172,#7159,#7174,.T.);
#7172 = VERTEX_POINT('',#7173);
#7173 = CARTESIAN_POINT('',(4.715622077012,255.28896569533,-9.));
#7174 = CIRCLE('',#7175,28.5);
#7175 = AXIS2_PLACEMENT_3D('',#7176,#7177,#7178);
#7176 = CARTESIAN_POINT('',(31.757256642992,255.28896569533,
    -2.982935300774E-14));
#7177 = DIRECTION('',(9.51619735393E-17,-1.,2.22044604925E-16));
#7178 = DIRECTION('',(4.938791723552E-16,-2.22044604925E-16,-1.));
#7179 = ORIENTED_EDGE('',*,*,#7180,.F.);
#7180 = EDGE_CURVE('',#7120,#7172,#7181,.T.);
#7181 = B_SPLINE_CURVE_WITH_KNOTS('',3,(#7182,#7183,#7184,#7185,#7186,
    #7187),.UNSPECIFIED.,.F.,.F.,(4,2,4),(0.402984191764,0.416777899897,
    0.456491738353),.UNSPECIFIED.);
#7182 = CARTESIAN_POINT('',(5.257256617692,255.14711749335,-9.));
#7183 = CARTESIAN_POINT('',(5.213923003722,255.17166508998,-9.));
#7184 = CARTESIAN_POINT('',(5.169560432672,255.19269607914,-9.));
#7185 = CARTESIAN_POINT('',(5.004024225922,255.25910025614,-9.));
#7186 = CARTESIAN_POINT('',(4.848001538532,255.28896569533,-9.));
#7187 = CARTESIAN_POINT('',(4.715622077012,255.28896569533,-9.));
#7188 = TOROIDAL_SURFACE('',#7189,28.5,1.);
#7189 = AXIS2_PLACEMENT_3D('',#7190,#7191,#7192);
#7190 = CARTESIAN_POINT('',(31.757256642992,254.28896569533,
    -2.960730840282E-14));
#7191 = DIRECTION('',(-9.51619735393E-17,1.,-2.22044604925E-16));
#7192 = DIRECTION('',(1.110223024625E-16,-2.22044604925E-16,-1.));
#7193 = ADVANCED_FACE('',(#7194),#7210,.T.);
#7194 = FACE_BOUND('',#7195,.T.);
#7195 = EDGE_LOOP('',(#7196,#7197,#7203,#7204));
#7196 = ORIENTED_EDGE('',*,*,#7062,.F.);
#7197 = ORIENTED_EDGE('',*,*,#7198,.T.);
#7198 = EDGE_CURVE('',#7063,#7118,#7199,.T.);
#7199 = LINE('',#7200,#7201);
#7200 = CARTESIAN_POINT('',(5.257256642992,253.41396569533,
    -7.348469228349));
#7201 = VECTOR('',#7202,1.);
#7202 = DIRECTION('',(-9.51619735393E-17,1.,-2.22044604925E-16));
#7203 = ORIENTED_EDGE('',*,*,#7134,.F.);
#7204 = ORIENTED_EDGE('',*,*,#7205,.T.);
#7205 = EDGE_CURVE('',#7135,#7048,#7206,.T.);
#7206 = LINE('',#7207,#7208);
#7207 = CARTESIAN_POINT('',(58.257256642992,253.41396569533,
    -7.348469228349));
#7208 = VECTOR('',#7209,1.);
#7209 = DIRECTION('',(9.51619735393E-17,-1.,2.22044604925E-16));
#7210 = CYLINDRICAL_SURFACE('',#7211,27.5);
#7211 = AXIS2_PLACEMENT_3D('',#7212,#7213,#7214);
#7212 = CARTESIAN_POINT('',(31.757256642992,253.41396569533,
    -2.941301937351E-14));
#7213 = DIRECTION('',(-9.51619735393E-17,1.,-2.22044604925E-16));
#7214 = DIRECTION('',(-1.,-9.51619735393E-17,-1.110223024625E-16));
#7215 = ADVANCED_FACE('',(#7216),#7248,.F.);
#7216 = FACE_BOUND('',#7217,.T.);
#7217 = EDGE_LOOP('',(#7218,#7226,#7232,#7233,#7241,#7247));
#7218 = ORIENTED_EDGE('',*,*,#7219,.F.);
#7219 = EDGE_CURVE('',#7220,#6976,#7222,.T.);
#7220 = VERTEX_POINT('',#7221);
#7221 = CARTESIAN_POINT('',(4.296112027022,255.28896569533,9.));
#7222 = LINE('',#7223,#7224);
#7223 = CARTESIAN_POINT('',(1.907669874452,255.28896569533,9.));
#7224 = VECTOR('',#7225,1.);
#7225 = DIRECTION('',(1.,9.51619735393E-17,1.110223024625E-16));
#7226 = ORIENTED_EDGE('',*,*,#7227,.F.);
#7227 = EDGE_CURVE('',#1837,#7220,#7228,.T.);
#7228 = ( BOUNDED_CURVE() B_SPLINE_CURVE(2,(#7229,#7230,#7231),
.UNSPECIFIED.,.F.,.F.) B_SPLINE_CURVE_WITH_KNOTS((3,3),(0.,
0.311224129428),.PIECEWISE_BEZIER_KNOTS.) CURVE() 
GEOMETRIC_REPRESENTATION_ITEM() RATIONAL_B_SPLINE_CURVE((1.,
1.001019913435,1.)) REPRESENTATION_ITEM('') );
#7229 = CARTESIAN_POINT('',(1.570338946752,256.7910307124,9.));
#7230 = CARTESIAN_POINT('',(2.991931692062,256.00448713701,9.));
#7231 = CARTESIAN_POINT('',(4.296112027022,255.28896569533,9.));
#7232 = ORIENTED_EDGE('',*,*,#1836,.F.);
#7233 = ORIENTED_EDGE('',*,*,#7234,.T.);
#7234 = EDGE_CURVE('',#1822,#7235,#7237,.T.);
#7235 = VERTEX_POINT('',#7236);
#7236 = CARTESIAN_POINT('',(5.257256642992,258.41396569533,9.));
#7237 = LINE('',#7238,#7239);
#7238 = CARTESIAN_POINT('',(0.257256642992,258.41396569533,9.));
#7239 = VECTOR('',#7240,1.);
#7240 = DIRECTION('',(1.,-2.22044604925E-16,1.110223024625E-16));
#7241 = ORIENTED_EDGE('',*,*,#7242,.F.);
#7242 = EDGE_CURVE('',#6961,#7235,#7243,.T.);
#7243 = LINE('',#7244,#7245);
#7244 = CARTESIAN_POINT('',(5.257256642992,250.07419021308,9.));
#7245 = VECTOR('',#7246,1.);
#7246 = DIRECTION('',(2.22044604925E-16,1.,-3.92848147175E-16));
#7247 = ORIENTED_EDGE('',*,*,#6975,.F.);
#7248 = PLANE('',#7249);
#7249 = AXIS2_PLACEMENT_3D('',#7250,#7251,#7252);
#7250 = CARTESIAN_POINT('',(0.257256642992,245.41396569533,9.));
#7251 = DIRECTION('',(-1.110223024625E-16,3.92848147175E-16,1.));
#7252 = DIRECTION('',(2.22044604925E-16,1.,-3.92848147175E-16));
#7253 = ADVANCED_FACE('',(#7254),#7286,.F.);
#7254 = FACE_BOUND('',#7255,.T.);
#7255 = EDGE_LOOP('',(#7256,#7257,#7265,#7271,#7272,#7280));
#7256 = ORIENTED_EDGE('',*,*,#1789,.F.);
#7257 = ORIENTED_EDGE('',*,*,#7258,.F.);
#7258 = EDGE_CURVE('',#7259,#1781,#7261,.T.);
#7259 = VERTEX_POINT('',#7260);
#7260 = CARTESIAN_POINT('',(4.296112027022,255.28896569533,-9.));
#7261 = ( BOUNDED_CURVE() B_SPLINE_CURVE(2,(#7262,#7263,#7264),
.UNSPECIFIED.,.F.,.F.) B_SPLINE_CURVE_WITH_KNOTS((3,3),(0.,
0.311224129428),.PIECEWISE_BEZIER_KNOTS.) CURVE() 
GEOMETRIC_REPRESENTATION_ITEM() RATIONAL_B_SPLINE_CURVE((1.,
1.001019913436,1.)) REPRESENTATION_ITEM('') );
#7262 = CARTESIAN_POINT('',(4.296112027022,255.28896569533,-9.));
#7263 = CARTESIAN_POINT('',(2.991931692062,256.00448713701,-9.));
#7264 = CARTESIAN_POINT('',(1.570338946752,256.7910307124,-9.));
#7265 = ORIENTED_EDGE('',*,*,#7266,.F.);
#7266 = EDGE_CURVE('',#7172,#7259,#7267,.T.);
#7267 = LINE('',#7268,#7269);
#7268 = CARTESIAN_POINT('',(1.907669874452,255.28896569533,-9.));
#7269 = VECTOR('',#7270,1.);
#7270 = DIRECTION('',(-1.,-9.51619735393E-17,-1.110223024625E-16));
#7271 = ORIENTED_EDGE('',*,*,#7180,.F.);
#7272 = ORIENTED_EDGE('',*,*,#7273,.F.);
#7273 = EDGE_CURVE('',#7274,#7120,#7276,.T.);
#7274 = VERTEX_POINT('',#7275);
#7275 = CARTESIAN_POINT('',(5.257256642992,258.41396569533,-9.));
#7276 = LINE('',#7277,#7278);
#7277 = CARTESIAN_POINT('',(5.257256642992,245.41396569533,-9.));
#7278 = VECTOR('',#7279,1.);
#7279 = DIRECTION('',(-2.22044604925E-16,-1.,3.92848147175E-16));
#7280 = ORIENTED_EDGE('',*,*,#7281,.F.);
#7281 = EDGE_CURVE('',#1790,#7274,#7282,.T.);
#7282 = LINE('',#7283,#7284);
#7283 = CARTESIAN_POINT('',(0.257256642992,258.41396569533,-9.));
#7284 = VECTOR('',#7285,1.);
#7285 = DIRECTION('',(1.,-2.22044604925E-16,1.110223024625E-16));
#7286 = PLANE('',#7287);
#7287 = AXIS2_PLACEMENT_3D('',#7288,#7289,#7290);
#7288 = CARTESIAN_POINT('',(0.257256642992,258.41396569533,-9.));
#7289 = DIRECTION('',(1.110223024625E-16,-3.92848147175E-16,-1.));
#7290 = DIRECTION('',(-2.22044604925E-16,-1.,3.92848147175E-16));
#7291 = ADVANCED_FACE('',(#7292),#7311,.F.);
#7292 = FACE_BOUND('',#7293,.F.);
#7293 = EDGE_LOOP('',(#7294,#7295,#7304,#7310));
#7294 = ORIENTED_EDGE('',*,*,#7234,.T.);
#7295 = ORIENTED_EDGE('',*,*,#7296,.T.);
#7296 = EDGE_CURVE('',#7235,#7297,#7299,.T.);
#7297 = VERTEX_POINT('',#7298);
#7298 = CARTESIAN_POINT('',(5.257256642992,266.41396569533,1.));
#7299 = CIRCLE('',#7300,8.);
#7300 = AXIS2_PLACEMENT_3D('',#7301,#7302,#7303);
#7301 = CARTESIAN_POINT('',(5.257256642992,258.41396569533,1.));
#7302 = DIRECTION('',(-1.,2.22044604925E-16,-1.110223024625E-16));
#7303 = DIRECTION('',(1.110223024625E-16,-4.996003610813E-16,-1.));
#7304 = ORIENTED_EDGE('',*,*,#7305,.F.);
#7305 = EDGE_CURVE('',#1813,#7297,#7306,.T.);
#7306 = LINE('',#7307,#7308);
#7307 = CARTESIAN_POINT('',(0.257256642992,266.41396569533,1.));
#7308 = VECTOR('',#7309,1.);
#7309 = DIRECTION('',(1.,-2.22044604925E-16,1.110223024625E-16));
#7310 = ORIENTED_EDGE('',*,*,#1821,.T.);
#7311 = CYLINDRICAL_SURFACE('',#7312,8.);
#7312 = AXIS2_PLACEMENT_3D('',#7313,#7314,#7315);
#7313 = CARTESIAN_POINT('',(0.257256642992,258.41396569533,1.));
#7314 = DIRECTION('',(1.,-2.22044604925E-16,1.110223024625E-16));
#7315 = DIRECTION('',(1.110223024625E-16,-4.996003610813E-16,-1.));
#7316 = ADVANCED_FACE('',(#7317),#7335,.F.);
#7317 = FACE_BOUND('',#7318,.T.);
#7318 = EDGE_LOOP('',(#7319,#7320,#7328,#7334));
#7319 = ORIENTED_EDGE('',*,*,#1812,.F.);
#7320 = ORIENTED_EDGE('',*,*,#7321,.T.);
#7321 = EDGE_CURVE('',#1798,#7322,#7324,.T.);
#7322 = VERTEX_POINT('',#7323);
#7323 = CARTESIAN_POINT('',(5.257256642992,266.41396569533,-1.));
#7324 = LINE('',#7325,#7326);
#7325 = CARTESIAN_POINT('',(0.257256642992,266.41396569533,-1.));
#7326 = VECTOR('',#7327,1.);
#7327 = DIRECTION('',(1.,-2.22044604925E-16,1.110223024625E-16));
#7328 = ORIENTED_EDGE('',*,*,#7329,.F.);
#7329 = EDGE_CURVE('',#7297,#7322,#7330,.T.);
#7330 = LINE('',#7331,#7332);
#7331 = CARTESIAN_POINT('',(5.257256642992,266.41396569533,-1.));
#7332 = VECTOR('',#7333,1.);
#7333 = DIRECTION('',(1.110223024625E-16,-2.442490654176E-15,-1.));
#7334 = ORIENTED_EDGE('',*,*,#7305,.F.);
#7335 = PLANE('',#7336);
#7336 = AXIS2_PLACEMENT_3D('',#7337,#7338,#7339);
#7337 = CARTESIAN_POINT('',(0.257256642992,266.41396569533,1.));
#7338 = DIRECTION('',(2.22044604925E-16,1.,-2.442490654176E-15));
#7339 = DIRECTION('',(1.110223024625E-16,-2.442490654176E-15,-1.));
#7340 = ADVANCED_FACE('',(#7341),#7353,.F.);
#7341 = FACE_BOUND('',#7342,.F.);
#7342 = EDGE_LOOP('',(#7343,#7344,#7351,#7352));
#7343 = ORIENTED_EDGE('',*,*,#7321,.T.);
#7344 = ORIENTED_EDGE('',*,*,#7345,.T.);
#7345 = EDGE_CURVE('',#7322,#7274,#7346,.T.);
#7346 = CIRCLE('',#7347,8.);
#7347 = AXIS2_PLACEMENT_3D('',#7348,#7349,#7350);
#7348 = CARTESIAN_POINT('',(5.257256642992,258.41396569533,-1.));
#7349 = DIRECTION('',(-1.,2.22044604925E-16,-1.110223024625E-16));
#7350 = DIRECTION('',(-2.22044604925E-16,-1.,5.516420653606E-16));
#7351 = ORIENTED_EDGE('',*,*,#7281,.F.);
#7352 = ORIENTED_EDGE('',*,*,#1797,.T.);
#7353 = CYLINDRICAL_SURFACE('',#7354,8.);
#7354 = AXIS2_PLACEMENT_3D('',#7355,#7356,#7357);
#7355 = CARTESIAN_POINT('',(0.257256642992,258.41396569533,-1.));
#7356 = DIRECTION('',(1.,-2.22044604925E-16,1.110223024625E-16));
#7357 = DIRECTION('',(-2.22044604925E-16,-1.,5.516420653606E-16));
#7358 = ADVANCED_FACE('',(#7359),#7375,.T.);
#7359 = FACE_BOUND('',#7360,.T.);
#7360 = EDGE_LOOP('',(#7361,#7362,#7363,#7364,#7365,#7366,#7367,#7368,
    #7369,#7370,#7371,#7372,#7373,#7374));
#7361 = ORIENTED_EDGE('',*,*,#7242,.T.);
#7362 = ORIENTED_EDGE('',*,*,#7296,.T.);
#7363 = ORIENTED_EDGE('',*,*,#7329,.T.);
#7364 = ORIENTED_EDGE('',*,*,#7345,.T.);
#7365 = ORIENTED_EDGE('',*,*,#7273,.T.);
#7366 = ORIENTED_EDGE('',*,*,#7117,.F.);
#7367 = ORIENTED_EDGE('',*,*,#7198,.F.);
#7368 = ORIENTED_EDGE('',*,*,#7071,.F.);
#7369 = ORIENTED_EDGE('',*,*,#5869,.T.);
#7370 = ORIENTED_EDGE('',*,*,#5928,.F.);
#7371 = ORIENTED_EDGE('',*,*,#5977,.T.);
#7372 = ORIENTED_EDGE('',*,*,#2220,.F.);
#7373 = ORIENTED_EDGE('',*,*,#7003,.F.);
#7374 = ORIENTED_EDGE('',*,*,#6960,.F.);
#7375 = PLANE('',#7376);
#7376 = AXIS2_PLACEMENT_3D('',#7377,#7378,#7379);
#7377 = CARTESIAN_POINT('',(5.257256642992,254.73441473083,
    -3.44958073427E-14));
#7378 = DIRECTION('',(-1.,2.22044604925E-16,-1.110223024625E-16));
#7379 = DIRECTION('',(-1.110223024625E-16,2.22044604925E-16,1.));
#7380 = ADVANCED_FACE('',(#7381),#7400,.T.);
#7381 = FACE_BOUND('',#7382,.T.);
#7382 = EDGE_LOOP('',(#7383,#7384,#7385,#7394));
#7383 = ORIENTED_EDGE('',*,*,#5828,.F.);
#7384 = ORIENTED_EDGE('',*,*,#5904,.T.);
#7385 = ORIENTED_EDGE('',*,*,#7386,.F.);
#7386 = EDGE_CURVE('',#7387,#5897,#7389,.T.);
#7387 = VERTEX_POINT('',#7388);
#7388 = CARTESIAN_POINT('',(62.224452116156,250.03664991468,-8.));
#7389 = CIRCLE('',#7390,31.5);
#7390 = AXIS2_PLACEMENT_3D('',#7391,#7392,#7393);
#7391 = CARTESIAN_POINT('',(31.757256642992,250.03664991468,
    -2.866310462529E-14));
#7392 = DIRECTION('',(-9.51619735393E-17,1.,-2.22044604925E-16));
#7393 = DIRECTION('',(-1.,-9.51619735393E-17,-1.110223024625E-16));
#7394 = ORIENTED_EDGE('',*,*,#7395,.T.);
#7395 = EDGE_CURVE('',#7387,#5829,#7396,.T.);
#7396 = LINE('',#7397,#7398);
#7397 = CARTESIAN_POINT('',(62.224452116156,247.72530780501,-8.));
#7398 = VECTOR('',#7399,1.);
#7399 = DIRECTION('',(9.51619735393E-17,-1.,2.22044604925E-16));
#7400 = CYLINDRICAL_SURFACE('',#7401,31.5);
#7401 = AXIS2_PLACEMENT_3D('',#7402,#7403,#7404);
#7402 = CARTESIAN_POINT('',(31.757256642992,247.72530780501,
    -2.81498835797E-14));
#7403 = DIRECTION('',(-9.51619735393E-17,1.,-2.22044604925E-16));
#7404 = DIRECTION('',(-1.,-9.51619735393E-17,-1.110223024625E-16));
#7405 = ADVANCED_FACE('',(#7406),#7417,.T.);
#7406 = FACE_BOUND('',#7407,.T.);
#7407 = EDGE_LOOP('',(#7408,#7409,#7410,#7416));
#7408 = ORIENTED_EDGE('',*,*,#5896,.T.);
#7409 = ORIENTED_EDGE('',*,*,#7101,.F.);
#7410 = ORIENTED_EDGE('',*,*,#7411,.T.);
#7411 = EDGE_CURVE('',#7094,#7387,#7412,.T.);
#7412 = ( BOUNDED_CURVE() B_SPLINE_CURVE(2,(#7413,#7414,#7415),
.UNSPECIFIED.,.F.,.F.) B_SPLINE_CURVE_WITH_KNOTS((3,3),(0.,
0.308867885171),.PIECEWISE_BEZIER_KNOTS.) CURVE() 
GEOMETRIC_REPRESENTATION_ITEM() RATIONAL_B_SPLINE_CURVE((1.,
1.000999737854,1.)) REPRESENTATION_ITEM('') );
#7413 = CARTESIAN_POINT('',(59.525752473072,251.53896569533,-8.));
#7414 = CARTESIAN_POINT('',(60.816969060832,250.822617206,-8.));
#7415 = CARTESIAN_POINT('',(62.224452116156,250.03664991468,-8.));
#7416 = ORIENTED_EDGE('',*,*,#7386,.T.);
#7417 = CONICAL_SURFACE('',#7418,30.198956369451,1.047197551197);
#7418 = AXIS2_PLACEMENT_3D('',#7419,#7420,#7421);
#7419 = CARTESIAN_POINT('',(31.757256642992,250.78780780501,
    -2.882989518228E-14));
#7420 = DIRECTION('',(9.51619735393E-17,-1.,2.22044604925E-16));
#7421 = DIRECTION('',(-1.,-9.51619735393E-17,-1.110223024625E-16));
#7422 = ADVANCED_FACE('',(#7423),#7442,.T.);
#7423 = FACE_BOUND('',#7424,.T.);
#7424 = EDGE_LOOP('',(#7425,#7426,#7427,#7435));
#7425 = ORIENTED_EDGE('',*,*,#7258,.T.);
#7426 = ORIENTED_EDGE('',*,*,#1780,.F.);
#7427 = ORIENTED_EDGE('',*,*,#7428,.T.);
#7428 = EDGE_CURVE('',#1773,#7429,#7431,.T.);
#7429 = VERTEX_POINT('',#7430);
#7430 = CARTESIAN_POINT('',(59.526204473605,255.28896569533,-8.));
#7431 = ( BOUNDED_CURVE() B_SPLINE_CURVE(2,(#7432,#7433,#7434),
.UNSPECIFIED.,.F.,.F.) B_SPLINE_CURVE_WITH_KNOTS((3,3),(0.,
0.308816195064),.PIECEWISE_BEZIER_KNOTS.) CURVE() 
GEOMETRIC_REPRESENTATION_ITEM() RATIONAL_B_SPLINE_CURVE((1.,
1.000999388107,1.)) REPRESENTATION_ITEM('') );
#7432 = CARTESIAN_POINT('',(62.224452116156,256.7910307124,-8.));
#7433 = CARTESIAN_POINT('',(60.817214917495,256.00520071247,-8.));
#7434 = CARTESIAN_POINT('',(59.526204473605,255.28896569533,-8.));
#7435 = ORIENTED_EDGE('',*,*,#7436,.T.);
#7436 = EDGE_CURVE('',#7429,#7259,#7437,.T.);
#7437 = CIRCLE('',#7438,28.898347074172);
#7438 = AXIS2_PLACEMENT_3D('',#7439,#7440,#7441);
#7439 = CARTESIAN_POINT('',(31.757256642992,255.28896569533,
    -2.982935300774E-14));
#7440 = DIRECTION('',(-9.51619735393E-17,1.,-2.22044604925E-16));
#7441 = DIRECTION('',(-1.,-9.51619735393E-17,-1.110223024625E-16));
#7442 = CONICAL_SURFACE('',#7443,30.199173537086,1.047197551197);
#7443 = AXIS2_PLACEMENT_3D('',#7444,#7445,#7446);
#7444 = CARTESIAN_POINT('',(31.757256642992,256.03999820386,
    -2.999611572439E-14));
#7445 = DIRECTION('',(-9.51619735393E-17,1.,-2.22044604925E-16));
#7446 = DIRECTION('',(-1.,-9.51619735393E-17,-1.110223024625E-16));
#7447 = ADVANCED_FACE('',(#7448),#7459,.T.);
#7448 = FACE_BOUND('',#7449,.T.);
#7449 = EDGE_LOOP('',(#7450,#7451,#7452,#7453));
#7450 = ORIENTED_EDGE('',*,*,#7171,.F.);
#7451 = ORIENTED_EDGE('',*,*,#7266,.T.);
#7452 = ORIENTED_EDGE('',*,*,#7436,.F.);
#7453 = ORIENTED_EDGE('',*,*,#7454,.T.);
#7454 = EDGE_CURVE('',#7429,#7159,#7455,.T.);
#7455 = LINE('',#7456,#7457);
#7456 = CARTESIAN_POINT('',(33.407669874449,255.28896569533,-8.));
#7457 = VECTOR('',#7458,1.);
#7458 = DIRECTION('',(-1.,-9.51619735393E-17,-1.110223024625E-16));
#7459 = PLANE('',#7460);
#7460 = AXIS2_PLACEMENT_3D('',#7461,#7462,#7463);
#7461 = CARTESIAN_POINT('',(3.558083105912,255.28896569533,
    -3.296009018137E-14));
#7462 = DIRECTION('',(9.51619735393E-17,-1.,2.22044604925E-16));
#7463 = DIRECTION('',(-1.110223024625E-16,2.22044604925E-16,1.));
#7464 = ADVANCED_FACE('',(#7465),#7485,.F.);
#7465 = FACE_BOUND('',#7466,.T.);
#7466 = EDGE_LOOP('',(#7467,#7475,#7481,#7482,#7483,#7484));
#7467 = ORIENTED_EDGE('',*,*,#7468,.F.);
#7468 = EDGE_CURVE('',#7469,#6924,#7471,.T.);
#7469 = VERTEX_POINT('',#7470);
#7470 = CARTESIAN_POINT('',(58.257256642992,258.41396569533,8.));
#7471 = LINE('',#7472,#7473);
#7472 = CARTESIAN_POINT('',(58.257256642992,258.41396569533,8.));
#7473 = VECTOR('',#7474,1.);
#7474 = DIRECTION('',(-2.22044604925E-16,-1.,-2.049642507E-16));
#7475 = ORIENTED_EDGE('',*,*,#7476,.F.);
#7476 = EDGE_CURVE('',#1864,#7469,#7477,.T.);
#7477 = LINE('',#7478,#7479);
#7478 = CARTESIAN_POINT('',(63.257256642992,258.41396569533,8.));
#7479 = VECTOR('',#7480,1.);
#7480 = DIRECTION('',(-1.,2.22044604925E-16,-1.110223024625E-16));
#7481 = ORIENTED_EDGE('',*,*,#1863,.F.);
#7482 = ORIENTED_EDGE('',*,*,#1952,.F.);
#7483 = ORIENTED_EDGE('',*,*,#1977,.F.);
#7484 = ORIENTED_EDGE('',*,*,#6923,.F.);
#7485 = PLANE('',#7486);
#7486 = AXIS2_PLACEMENT_3D('',#7487,#7488,#7489);
#7487 = CARTESIAN_POINT('',(63.257256642992,258.41396569533,8.));
#7488 = DIRECTION('',(-1.110223024625E-16,-2.049642507E-16,1.));
#7489 = DIRECTION('',(2.22044604925E-16,1.,2.049642507E-16));
#7490 = ADVANCED_FACE('',(#7491),#7528,.F.);
#7491 = FACE_BOUND('',#7492,.T.);
#7492 = EDGE_LOOP('',(#7493,#7499,#7500,#7506,#7507,#7508,#7509,#7517,
    #7524,#7525,#7526,#7527));
#7493 = ORIENTED_EDGE('',*,*,#7494,.T.);
#7494 = EDGE_CURVE('',#2245,#5945,#7495,.T.);
#7495 = LINE('',#7496,#7497);
#7496 = CARTESIAN_POINT('',(58.257256642992,256.53904935803,8.));
#7497 = VECTOR('',#7498,1.);
#7498 = DIRECTION('',(-2.22044604925E-16,-1.,-2.049642507E-16));
#7499 = ORIENTED_EDGE('',*,*,#5944,.F.);
#7500 = ORIENTED_EDGE('',*,*,#7501,.T.);
#7501 = EDGE_CURVE('',#5937,#7035,#7502,.T.);
#7502 = LINE('',#7503,#7504);
#7503 = CARTESIAN_POINT('',(58.257256642992,245.41396569533,-8.));
#7504 = VECTOR('',#7505,1.);
#7505 = DIRECTION('',(2.22044604925E-16,1.,-1.366428338E-16));
#7506 = ORIENTED_EDGE('',*,*,#7047,.F.);
#7507 = ORIENTED_EDGE('',*,*,#7205,.F.);
#7508 = ORIENTED_EDGE('',*,*,#7143,.F.);
#7509 = ORIENTED_EDGE('',*,*,#7510,.T.);
#7510 = EDGE_CURVE('',#7144,#7511,#7513,.T.);
#7511 = VERTEX_POINT('',#7512);
#7512 = CARTESIAN_POINT('',(58.257256642992,258.41396569533,-8.));
#7513 = LINE('',#7514,#7515);
#7514 = CARTESIAN_POINT('',(58.257256642992,250.03904935803,-8.));
#7515 = VECTOR('',#7516,1.);
#7516 = DIRECTION('',(2.22044604925E-16,1.,-1.366428338E-16));
#7517 = ORIENTED_EDGE('',*,*,#7518,.T.);
#7518 = EDGE_CURVE('',#7511,#7469,#7519,.T.);
#7519 = CIRCLE('',#7520,8.);
#7520 = AXIS2_PLACEMENT_3D('',#7521,#7522,#7523);
#7521 = CARTESIAN_POINT('',(58.257256642992,258.41396569533,
    6.280650868194E-15));
#7522 = DIRECTION('',(1.,-2.22044604925E-16,1.110223024625E-16));
#7523 = DIRECTION('',(1.110223024625E-16,3.330669073876E-16,-1.));
#7524 = ORIENTED_EDGE('',*,*,#7468,.T.);
#7525 = ORIENTED_EDGE('',*,*,#6936,.F.);
#7526 = ORIENTED_EDGE('',*,*,#7010,.F.);
#7527 = ORIENTED_EDGE('',*,*,#2244,.F.);
#7528 = PLANE('',#7529);
#7529 = AXIS2_PLACEMENT_3D('',#7530,#7531,#7532);
#7530 = CARTESIAN_POINT('',(58.257256642992,254.66413302072,
    -2.419465551818E-16));
#7531 = DIRECTION('',(-1.,2.22044604925E-16,-1.110223024625E-16));
#7532 = DIRECTION('',(-1.110223024625E-16,2.22044604925E-16,1.));
#7533 = ADVANCED_FACE('',(#7534),#7546,.F.);
#7534 = FACE_BOUND('',#7535,.F.);
#7535 = EDGE_LOOP('',(#7536,#7537,#7543,#7544,#7545));
#7536 = ORIENTED_EDGE('',*,*,#1757,.T.);
#7537 = ORIENTED_EDGE('',*,*,#7538,.T.);
#7538 = EDGE_CURVE('',#1758,#7511,#7539,.T.);
#7539 = LINE('',#7540,#7541);
#7540 = CARTESIAN_POINT('',(63.257256642992,258.41396569533,-8.));
#7541 = VECTOR('',#7542,1.);
#7542 = DIRECTION('',(-1.,2.22044604925E-16,-1.110223024625E-16));
#7543 = ORIENTED_EDGE('',*,*,#7518,.T.);
#7544 = ORIENTED_EDGE('',*,*,#7476,.F.);
#7545 = ORIENTED_EDGE('',*,*,#1871,.T.);
#7546 = CYLINDRICAL_SURFACE('',#7547,8.);
#7547 = AXIS2_PLACEMENT_3D('',#7548,#7549,#7550);
#7548 = CARTESIAN_POINT('',(63.257256642992,258.41396569533,
    6.835762380504E-15));
#7549 = DIRECTION('',(-1.,2.22044604925E-16,-1.110223024625E-16));
#7550 = DIRECTION('',(1.110223024625E-16,3.330669073876E-16,-1.));
#7551 = ADVANCED_FACE('',(#7552),#7560,.F.);
#7552 = FACE_BOUND('',#7553,.T.);
#7553 = EDGE_LOOP('',(#7554,#7555,#7556,#7557,#7558,#7559));
#7554 = ORIENTED_EDGE('',*,*,#1772,.F.);
#7555 = ORIENTED_EDGE('',*,*,#7538,.T.);
#7556 = ORIENTED_EDGE('',*,*,#7510,.F.);
#7557 = ORIENTED_EDGE('',*,*,#7158,.F.);
#7558 = ORIENTED_EDGE('',*,*,#7454,.F.);
#7559 = ORIENTED_EDGE('',*,*,#7428,.F.);
#7560 = PLANE('',#7561);
#7561 = AXIS2_PLACEMENT_3D('',#7562,#7563,#7564);
#7562 = CARTESIAN_POINT('',(63.257256642992,245.41396569533,-8.));
#7563 = DIRECTION('',(1.110223024625E-16,-1.366428338E-16,-1.));
#7564 = DIRECTION('',(-2.22044604925E-16,-1.,1.366428338E-16));
#7565 = ADVANCED_FACE('',(#7566),#7575,.F.);
#7566 = FACE_BOUND('',#7567,.T.);
#7567 = EDGE_LOOP('',(#7568,#7569,#7570,#7571,#7572,#7573,#7574));
#7568 = ORIENTED_EDGE('',*,*,#2002,.F.);
#7569 = ORIENTED_EDGE('',*,*,#5952,.F.);
#7570 = ORIENTED_EDGE('',*,*,#7494,.F.);
#7571 = ORIENTED_EDGE('',*,*,#2259,.F.);
#7572 = ORIENTED_EDGE('',*,*,#2160,.F.);
#7573 = ORIENTED_EDGE('',*,*,#2110,.F.);
#7574 = ORIENTED_EDGE('',*,*,#2060,.F.);
#7575 = PLANE('',#7576);
#7576 = AXIS2_PLACEMENT_3D('',#7577,#7578,#7579);
#7577 = CARTESIAN_POINT('',(63.257256642992,258.41396569533,8.));
#7578 = DIRECTION('',(-1.110223024625E-16,-2.049642507E-16,1.));
#7579 = DIRECTION('',(2.22044604925E-16,1.,2.049642507E-16));
#7580 = ADVANCED_FACE('',(#7581),#7590,.F.);
#7581 = FACE_BOUND('',#7582,.T.);
#7582 = EDGE_LOOP('',(#7583,#7584,#7585,#7586,#7587,#7588,#7589));
#7583 = ORIENTED_EDGE('',*,*,#5837,.F.);
#7584 = ORIENTED_EDGE('',*,*,#7395,.F.);
#7585 = ORIENTED_EDGE('',*,*,#7411,.F.);
#7586 = ORIENTED_EDGE('',*,*,#7093,.F.);
#7587 = ORIENTED_EDGE('',*,*,#7034,.F.);
#7588 = ORIENTED_EDGE('',*,*,#7501,.F.);
#7589 = ORIENTED_EDGE('',*,*,#5936,.F.);
#7590 = PLANE('',#7591);
#7591 = AXIS2_PLACEMENT_3D('',#7592,#7593,#7594);
#7592 = CARTESIAN_POINT('',(63.257256642992,245.41396569533,-8.));
#7593 = DIRECTION('',(1.110223024625E-16,-1.366428338E-16,-1.));
#7594 = DIRECTION('',(-2.22044604925E-16,-1.,1.366428338E-16));
#7595 = ADVANCED_FACE('',(#7596),#7608,.T.);
#7596 = FACE_BOUND('',#7597,.T.);
#7597 = EDGE_LOOP('',(#7598,#7599,#7606,#7607));
#7598 = ORIENTED_EDGE('',*,*,#1706,.T.);
#7599 = ORIENTED_EDGE('',*,*,#7600,.F.);
#7600 = EDGE_CURVE('',#7220,#1699,#7601,.T.);
#7601 = CIRCLE('',#7602,28.898347074172);
#7602 = AXIS2_PLACEMENT_3D('',#7603,#7604,#7605);
#7603 = CARTESIAN_POINT('',(31.757256642992,255.28896569533,
    -2.982935300774E-14));
#7604 = DIRECTION('',(-9.51619735393E-17,1.,-2.22044604925E-16));
#7605 = DIRECTION('',(-1.,-9.51619735393E-17,-1.110223024625E-16));
#7606 = ORIENTED_EDGE('',*,*,#7219,.T.);
#7607 = ORIENTED_EDGE('',*,*,#6986,.F.);
#7608 = PLANE('',#7609);
#7609 = AXIS2_PLACEMENT_3D('',#7610,#7611,#7612);
#7610 = CARTESIAN_POINT('',(3.558083105912,255.28896569533,
    -3.296009018137E-14));
#7611 = DIRECTION('',(9.51619735393E-17,-1.,2.22044604925E-16));
#7612 = DIRECTION('',(-1.110223024625E-16,2.22044604925E-16,1.));
#7613 = ADVANCED_FACE('',(#7614),#7620,.T.);
#7614 = FACE_BOUND('',#7615,.T.);
#7615 = EDGE_LOOP('',(#7616,#7617,#7618,#7619));
#7616 = ORIENTED_EDGE('',*,*,#1698,.T.);
#7617 = ORIENTED_EDGE('',*,*,#1844,.F.);
#7618 = ORIENTED_EDGE('',*,*,#7227,.T.);
#7619 = ORIENTED_EDGE('',*,*,#7600,.T.);
#7620 = CONICAL_SURFACE('',#7621,30.199173537086,1.047197551197);
#7621 = AXIS2_PLACEMENT_3D('',#7622,#7623,#7624);
#7622 = CARTESIAN_POINT('',(31.757256642992,256.03999820386,
    -2.999611572439E-14));
#7623 = DIRECTION('',(-9.51619735393E-17,1.,-2.22044604925E-16));
#7624 = DIRECTION('',(-1.,-9.51619735393E-17,-1.110223024625E-16));
#7625 = ADVANCED_FACE('',(#7626),#7629,.T.);
#7626 = FACE_BOUND('',#7627,.T.);
#7627 = EDGE_LOOP('',(#7628));
#7628 = ORIENTED_EDGE('',*,*,#3394,.F.);
#7629 = SPHERICAL_SURFACE('',#7630,5.);
#7630 = AXIS2_PLACEMENT_3D('',#7631,#7632,#7633);
#7631 = CARTESIAN_POINT('',(21.757256642992,165.49929840096,
    -30.63055998414));
#7632 = DIRECTION('',(-0.921940535341,0.100248755071,0.374133447319));
#7633 = DIRECTION('',(9.055663200019E-04,-0.965365311705,0.260900354364)
  );
#7634 = ADVANCED_FACE('',(#7635),#7677,.T.);
#7635 = FACE_BOUND('',#7636,.T.);
#7636 = EDGE_LOOP('',(#7637,#7647,#7655,#7663,#7671));
#7637 = ORIENTED_EDGE('',*,*,#7638,.F.);
#7638 = EDGE_CURVE('',#7639,#7641,#7643,.T.);
#7639 = VERTEX_POINT('',#7640);
#7640 = CARTESIAN_POINT('',(12.257256642992,170.41396569533,
    8.127317146276E-14));
#7641 = VERTEX_POINT('',#7642);
#7642 = CARTESIAN_POINT('',(12.257256642992,170.41396569533,18.));
#7643 = LINE('',#7644,#7645);
#7644 = CARTESIAN_POINT('',(12.257256642992,170.41396569533,18.));
#7645 = VECTOR('',#7646,1.);
#7646 = DIRECTION('',(2.284298466925E-16,3.430248998886E-15,1.));
#7647 = ORIENTED_EDGE('',*,*,#7648,.F.);
#7648 = EDGE_CURVE('',#7649,#7639,#7651,.T.);
#7649 = VERTEX_POINT('',#7650);
#7650 = CARTESIAN_POINT('',(30.257256642992,170.41396569533,
    7.716143422233E-14));
#7651 = LINE('',#7652,#7653);
#7652 = CARTESIAN_POINT('',(12.257256642992,170.41396569533,
    8.127317146276E-14));
#7653 = VECTOR('',#7654,1.);
#7654 = DIRECTION('',(-1.,1.277033793989E-15,2.284298466924E-16));
#7655 = ORIENTED_EDGE('',*,*,#7656,.F.);
#7656 = EDGE_CURVE('',#7657,#7649,#7659,.T.);
#7657 = VERTEX_POINT('',#7658);
#7658 = CARTESIAN_POINT('',(30.257256642992,170.41396569533,
    13.980762113533));
#7659 = LINE('',#7660,#7661);
#7660 = CARTESIAN_POINT('',(30.257256642992,170.41396569533,
    7.716143422233E-14));
#7661 = VECTOR('',#7662,1.);
#7662 = DIRECTION('',(4.068562789762E-16,-3.430248998886E-15,-1.));
#7663 = ORIENTED_EDGE('',*,*,#7664,.F.);
#7664 = EDGE_CURVE('',#7665,#7657,#7667,.T.);
#7665 = VERTEX_POINT('',#7666);
#7666 = CARTESIAN_POINT('',(15.257256642992,170.41396569533,18.));
#7667 = LINE('',#7668,#7669);
#7668 = CARTESIAN_POINT('',(30.257256642992,170.41396569533,
    13.980762113533));
#7669 = VECTOR('',#7670,1.);
#7670 = DIRECTION('',(0.965925826289,-2.121333693013E-15,-0.258819045103
    ));
#7671 = ORIENTED_EDGE('',*,*,#7672,.F.);
#7672 = EDGE_CURVE('',#7641,#7665,#7673,.T.);
#7673 = LINE('',#7674,#7675);
#7674 = CARTESIAN_POINT('',(15.257256642992,170.41396569533,18.));
#7675 = VECTOR('',#7676,1.);
#7676 = DIRECTION('',(1.,-1.277033793989E-15,-2.284298466924E-16));
#7677 = PLANE('',#7678);
#7678 = AXIS2_PLACEMENT_3D('',#7679,#7680,#7681);
#7679 = CARTESIAN_POINT('',(20.740843330032,170.41396569533,
    8.203890597617));
#7680 = DIRECTION('',(-1.277033793989E-15,-1.,3.430248998886E-15));
#7681 = DIRECTION('',(1.,-1.277033793989E-15,-2.284298466924E-16));
#7682 = ADVANCED_FACE('',(#7683),#7725,.F.);
#7683 = FACE_BOUND('',#7684,.T.);
#7684 = EDGE_LOOP('',(#7685,#7695,#7703,#7711,#7719));
#7685 = ORIENTED_EDGE('',*,*,#7686,.F.);
#7686 = EDGE_CURVE('',#7687,#7689,#7691,.T.);
#7687 = VERTEX_POINT('',#7688);
#7688 = CARTESIAN_POINT('',(12.257256642992,220.41396569533,
    -9.02392784815E-14));
#7689 = VERTEX_POINT('',#7690);
#7690 = CARTESIAN_POINT('',(30.257256642992,220.41396569533,
    -9.435101572197E-14));
#7691 = LINE('',#7692,#7693);
#7692 = CARTESIAN_POINT('',(12.257256642992,220.41396569533,
    -9.02392784815E-14));
#7693 = VECTOR('',#7694,1.);
#7694 = DIRECTION('',(1.,-1.277033793989E-15,-2.284298466924E-16));
#7695 = ORIENTED_EDGE('',*,*,#7696,.F.);
#7696 = EDGE_CURVE('',#7697,#7687,#7699,.T.);
#7697 = VERTEX_POINT('',#7698);
#7698 = CARTESIAN_POINT('',(12.257256642992,220.41396569533,18.));
#7699 = LINE('',#7700,#7701);
#7700 = CARTESIAN_POINT('',(12.257256642992,220.41396569533,18.));
#7701 = VECTOR('',#7702,1.);
#7702 = DIRECTION('',(-2.284298466925E-16,-3.430248998886E-15,-1.));
#7703 = ORIENTED_EDGE('',*,*,#7704,.F.);
#7704 = EDGE_CURVE('',#7705,#7697,#7707,.T.);
#7705 = VERTEX_POINT('',#7706);
#7706 = CARTESIAN_POINT('',(15.257256642992,220.41396569533,18.));
#7707 = LINE('',#7708,#7709);
#7708 = CARTESIAN_POINT('',(15.257256642992,220.41396569533,18.));
#7709 = VECTOR('',#7710,1.);
#7710 = DIRECTION('',(-1.,1.277033793989E-15,2.284298466924E-16));
#7711 = ORIENTED_EDGE('',*,*,#7712,.F.);
#7712 = EDGE_CURVE('',#7713,#7705,#7715,.T.);
#7713 = VERTEX_POINT('',#7714);
#7714 = CARTESIAN_POINT('',(30.257256642992,220.41396569533,
    13.980762113533));
#7715 = LINE('',#7716,#7717);
#7716 = CARTESIAN_POINT('',(30.257256642992,220.41396569533,
    13.980762113533));
#7717 = VECTOR('',#7718,1.);
#7718 = DIRECTION('',(-0.965925826289,2.121333693013E-15,0.258819045103)
  );
#7719 = ORIENTED_EDGE('',*,*,#7720,.F.);
#7720 = EDGE_CURVE('',#7689,#7713,#7721,.T.);
#7721 = LINE('',#7722,#7723);
#7722 = CARTESIAN_POINT('',(30.257256642992,220.41396569533,
    -9.435101572197E-14));
#7723 = VECTOR('',#7724,1.);
#7724 = DIRECTION('',(-4.068562789762E-16,3.430248998886E-15,1.));
#7725 = PLANE('',#7726);
#7726 = AXIS2_PLACEMENT_3D('',#7727,#7728,#7729);
#7727 = CARTESIAN_POINT('',(20.740843330032,220.41396569533,
    8.203890597617));
#7728 = DIRECTION('',(-1.277033793989E-15,-1.,3.430248998886E-15));
#7729 = DIRECTION('',(1.,-1.277033793989E-15,-2.284298466924E-16));
#7730 = ADVANCED_FACE('',(#7731),#7747,.T.);
#7731 = FACE_BOUND('',#7732,.T.);
#7732 = EDGE_LOOP('',(#7733,#7734,#7740,#7741));
#7733 = ORIENTED_EDGE('',*,*,#7648,.T.);
#7734 = ORIENTED_EDGE('',*,*,#7735,.F.);
#7735 = EDGE_CURVE('',#7687,#7639,#7736,.T.);
#7736 = LINE('',#7737,#7738);
#7737 = CARTESIAN_POINT('',(12.257256642992,220.41396569533,
    -9.02392784815E-14));
#7738 = VECTOR('',#7739,1.);
#7739 = DIRECTION('',(-1.277033793989E-15,-1.,3.430248998886E-15));
#7740 = ORIENTED_EDGE('',*,*,#7686,.T.);
#7741 = ORIENTED_EDGE('',*,*,#7742,.T.);
#7742 = EDGE_CURVE('',#7689,#7649,#7743,.T.);
#7743 = LINE('',#7744,#7745);
#7744 = CARTESIAN_POINT('',(30.257256642992,220.41396569533,
    -9.435101572197E-14));
#7745 = VECTOR('',#7746,1.);
#7746 = DIRECTION('',(-1.277033793989E-15,-1.,3.430248998886E-15));
#7747 = PLANE('',#7748);
#7748 = AXIS2_PLACEMENT_3D('',#7749,#7750,#7751);
#7749 = CARTESIAN_POINT('',(30.257256642992,220.41396569533,
    -9.435101572197E-14));
#7750 = DIRECTION('',(-2.284298466925E-16,-3.430248998886E-15,-1.));
#7751 = DIRECTION('',(1.277033793989E-15,1.,-3.430248998886E-15));
#7752 = ADVANCED_FACE('',(#7753,#7764,#7784,#7795),#7806,.T.);
#7753 = FACE_BOUND('',#7754,.T.);
#7754 = EDGE_LOOP('',(#7755,#7756,#7757,#7758));
#7755 = ORIENTED_EDGE('',*,*,#7656,.T.);
#7756 = ORIENTED_EDGE('',*,*,#7742,.F.);
#7757 = ORIENTED_EDGE('',*,*,#7720,.T.);
#7758 = ORIENTED_EDGE('',*,*,#7759,.T.);
#7759 = EDGE_CURVE('',#7713,#7657,#7760,.T.);
#7760 = LINE('',#7761,#7762);
#7761 = CARTESIAN_POINT('',(30.257256642992,220.41396569533,
    13.980762113533));
#7762 = VECTOR('',#7763,1.);
#7763 = DIRECTION('',(-1.277033793989E-15,-1.,3.430248998886E-15));
#7764 = FACE_BOUND('',#7765,.T.);
#7765 = EDGE_LOOP('',(#7766,#7777));
#7766 = ORIENTED_EDGE('',*,*,#7767,.T.);
#7767 = EDGE_CURVE('',#7768,#7770,#7772,.T.);
#7768 = VERTEX_POINT('',#7769);
#7769 = CARTESIAN_POINT('',(30.257256642992,198.73746569533,8.));
#7770 = VERTEX_POINT('',#7771);
#7771 = CARTESIAN_POINT('',(30.257256642992,192.09046569533,8.));
#7772 = CIRCLE('',#7773,3.3235);
#7773 = AXIS2_PLACEMENT_3D('',#7774,#7775,#7776);
#7774 = CARTESIAN_POINT('',(30.257256642992,195.41396569533,8.));
#7775 = DIRECTION('',(-1.,1.277033793989E-15,-4.068562789762E-16));
#7776 = DIRECTION('',(1.277033793989E-15,1.,-3.430248998886E-15));
#7777 = ORIENTED_EDGE('',*,*,#7778,.T.);
#7778 = EDGE_CURVE('',#7770,#7768,#7779,.T.);
#7779 = CIRCLE('',#7780,3.3235);
#7780 = AXIS2_PLACEMENT_3D('',#7781,#7782,#7783);
#7781 = CARTESIAN_POINT('',(30.257256642992,195.41396569533,8.));
#7782 = DIRECTION('',(-1.,1.277033793989E-15,-4.068562789762E-16));
#7783 = DIRECTION('',(1.277033793989E-15,1.,-3.430248998886E-15));
#7784 = FACE_BOUND('',#7785,.T.);
#7785 = EDGE_LOOP('',(#7786));
#7786 = ORIENTED_EDGE('',*,*,#7787,.T.);
#7787 = EDGE_CURVE('',#7788,#7788,#7790,.T.);
#7788 = VERTEX_POINT('',#7789);
#7789 = CARTESIAN_POINT('',(30.257256642992,216.91396569533,8.));
#7790 = CIRCLE('',#7791,4.5);
#7791 = AXIS2_PLACEMENT_3D('',#7792,#7793,#7794);
#7792 = CARTESIAN_POINT('',(30.257256642992,212.41396569533,8.));
#7793 = DIRECTION('',(-1.,1.277033793989E-15,-4.068562789762E-16));
#7794 = DIRECTION('',(-1.277033793989E-15,-1.,3.430248998886E-15));
#7795 = FACE_BOUND('',#7796,.T.);
#7796 = EDGE_LOOP('',(#7797));
#7797 = ORIENTED_EDGE('',*,*,#7798,.T.);
#7798 = EDGE_CURVE('',#7799,#7799,#7801,.T.);
#7799 = VERTEX_POINT('',#7800);
#7800 = CARTESIAN_POINT('',(30.257256642992,182.91396569533,8.));
#7801 = CIRCLE('',#7802,4.5);
#7802 = AXIS2_PLACEMENT_3D('',#7803,#7804,#7805);
#7803 = CARTESIAN_POINT('',(30.257256642992,178.41396569533,8.));
#7804 = DIRECTION('',(-1.,1.277033793989E-15,-4.068562789762E-16));
#7805 = DIRECTION('',(-1.277033793989E-15,-1.,3.430248998886E-15));
#7806 = PLANE('',#7807);
#7807 = AXIS2_PLACEMENT_3D('',#7808,#7809,#7810);
#7808 = CARTESIAN_POINT('',(30.257256642992,220.41396569533,
    13.980762113533));
#7809 = DIRECTION('',(1.,-1.277033793989E-15,4.068562789762E-16));
#7810 = DIRECTION('',(1.277033793989E-15,1.,-3.430248998886E-15));
#7811 = ADVANCED_FACE('',(#7812,#7823),#7859,.T.);
#7812 = FACE_BOUND('',#7813,.T.);
#7813 = EDGE_LOOP('',(#7814,#7815,#7816,#7817));
#7814 = ORIENTED_EDGE('',*,*,#7664,.T.);
#7815 = ORIENTED_EDGE('',*,*,#7759,.F.);
#7816 = ORIENTED_EDGE('',*,*,#7712,.T.);
#7817 = ORIENTED_EDGE('',*,*,#7818,.T.);
#7818 = EDGE_CURVE('',#7705,#7665,#7819,.T.);
#7819 = LINE('',#7820,#7821);
#7820 = CARTESIAN_POINT('',(15.257256642992,220.41396569533,18.));
#7821 = VECTOR('',#7822,1.);
#7822 = DIRECTION('',(-1.277033793989E-15,-1.,3.430248998886E-15));
#7823 = FACE_BOUND('',#7824,.T.);
#7824 = EDGE_LOOP('',(#7825,#7836,#7844,#7853));
#7825 = ORIENTED_EDGE('',*,*,#7826,.T.);
#7826 = EDGE_CURVE('',#7827,#7829,#7831,.T.);
#7827 = VERTEX_POINT('',#7828);
#7828 = CARTESIAN_POINT('',(23.257256642992,193.41396569533,
    15.856406460551));
#7829 = VERTEX_POINT('',#7830);
#7830 = CARTESIAN_POINT('',(23.257256642992,197.41396569533,
    15.856406460551));
#7831 = ELLIPSE('',#7832,2.07055236082,2.);
#7832 = AXIS2_PLACEMENT_3D('',#7833,#7834,#7835);
#7833 = CARTESIAN_POINT('',(23.257256642992,195.41396569533,
    15.856406460551));
#7834 = DIRECTION('',(-0.258819045103,-2.982845431502E-15,
    -0.965925826289));
#7835 = DIRECTION('',(-0.965925826289,2.121333693013E-15,0.258819045103)
  );
#7836 = ORIENTED_EDGE('',*,*,#7837,.T.);
#7837 = EDGE_CURVE('',#7829,#7838,#7840,.T.);
#7838 = VERTEX_POINT('',#7839);
#7839 = CARTESIAN_POINT('',(27.257256642992,197.41396569533,
    14.784609690827));
#7840 = LINE('',#7841,#7842);
#7841 = CARTESIAN_POINT('',(20.855332854352,197.41396569533,16.5));
#7842 = VECTOR('',#7843,1.);
#7843 = DIRECTION('',(0.965925826289,7.530204138822E-15,-0.258819045103)
  );
#7844 = ORIENTED_EDGE('',*,*,#7845,.T.);
#7845 = EDGE_CURVE('',#7838,#7846,#7848,.T.);
#7846 = VERTEX_POINT('',#7847);
#7847 = CARTESIAN_POINT('',(27.257256642992,193.41396569533,
    14.784609690827));
#7848 = ELLIPSE('',#7849,2.07055236082,2.);
#7849 = AXIS2_PLACEMENT_3D('',#7850,#7851,#7852);
#7850 = CARTESIAN_POINT('',(27.257256642992,195.41396569533,
    14.784609690827));
#7851 = DIRECTION('',(-0.258819045103,-2.982845431502E-15,
    -0.965925826289));
#7852 = DIRECTION('',(0.965925826289,-2.121333693013E-15,-0.258819045103
    ));
#7853 = ORIENTED_EDGE('',*,*,#7854,.T.);
#7854 = EDGE_CURVE('',#7846,#7827,#7855,.T.);
#7855 = LINE('',#7856,#7857);
#7856 = CARTESIAN_POINT('',(18.989307450562,193.41396569533,17.));
#7857 = VECTOR('',#7858,1.);
#7858 = DIRECTION('',(-0.965925826289,-2.345249183938E-17,0.258819045103
    ));
#7859 = PLANE('',#7860);
#7860 = AXIS2_PLACEMENT_3D('',#7861,#7862,#7863);
#7861 = CARTESIAN_POINT('',(15.257256642992,220.41396569533,18.));
#7862 = DIRECTION('',(0.258819045103,2.982845431502E-15,0.965925826289)
  );
#7863 = DIRECTION('',(-1.277033793989E-15,-1.,3.430248998887E-15));
#7864 = ADVANCED_FACE('',(#7865),#7876,.T.);
#7865 = FACE_BOUND('',#7866,.T.);
#7866 = EDGE_LOOP('',(#7867,#7868,#7869,#7870));
#7867 = ORIENTED_EDGE('',*,*,#7672,.T.);
#7868 = ORIENTED_EDGE('',*,*,#7818,.F.);
#7869 = ORIENTED_EDGE('',*,*,#7704,.T.);
#7870 = ORIENTED_EDGE('',*,*,#7871,.T.);
#7871 = EDGE_CURVE('',#7697,#7641,#7872,.T.);
#7872 = LINE('',#7873,#7874);
#7873 = CARTESIAN_POINT('',(12.257256642992,220.41396569533,18.));
#7874 = VECTOR('',#7875,1.);
#7875 = DIRECTION('',(-1.277033793989E-15,-1.,3.430248998886E-15));
#7876 = PLANE('',#7877);
#7877 = AXIS2_PLACEMENT_3D('',#7878,#7879,#7880);
#7878 = CARTESIAN_POINT('',(12.257256642992,220.41396569533,18.));
#7879 = DIRECTION('',(2.284298466925E-16,3.430248998886E-15,1.));
#7880 = DIRECTION('',(-1.277033793989E-15,-1.,3.430248998886E-15));
#7881 = ADVANCED_FACE('',(#7882,#7888,#7899,#7919),#7939,.T.);
#7882 = FACE_BOUND('',#7883,.T.);
#7883 = EDGE_LOOP('',(#7884,#7885,#7886,#7887));
#7884 = ORIENTED_EDGE('',*,*,#7638,.T.);
#7885 = ORIENTED_EDGE('',*,*,#7871,.F.);
#7886 = ORIENTED_EDGE('',*,*,#7696,.T.);
#7887 = ORIENTED_EDGE('',*,*,#7735,.T.);
#7888 = FACE_BOUND('',#7889,.T.);
#7889 = EDGE_LOOP('',(#7890));
#7890 = ORIENTED_EDGE('',*,*,#7891,.T.);
#7891 = EDGE_CURVE('',#7892,#7892,#7894,.T.);
#7892 = VERTEX_POINT('',#7893);
#7893 = CARTESIAN_POINT('',(12.257256642992,191.41396569533,8.));
#7894 = CIRCLE('',#7895,4.);
#7895 = AXIS2_PLACEMENT_3D('',#7896,#7897,#7898);
#7896 = CARTESIAN_POINT('',(12.257256642992,195.41396569533,8.));
#7897 = DIRECTION('',(1.,-1.277033793989E-15,-2.284298466924E-16));
#7898 = DIRECTION('',(1.277033793989E-15,1.,4.544658930505E-16));
#7899 = FACE_BOUND('',#7900,.T.);
#7900 = EDGE_LOOP('',(#7901,#7912));
#7901 = ORIENTED_EDGE('',*,*,#7902,.T.);
#7902 = EDGE_CURVE('',#7903,#7905,#7907,.T.);
#7903 = VERTEX_POINT('',#7904);
#7904 = CARTESIAN_POINT('',(12.257256642992,205.41396569533,8.));
#7905 = VERTEX_POINT('',#7906);
#7906 = CARTESIAN_POINT('',(12.257256642992,219.41396569533,8.));
#7907 = CIRCLE('',#7908,7.);
#7908 = AXIS2_PLACEMENT_3D('',#7909,#7910,#7911);
#7909 = CARTESIAN_POINT('',(12.257256642992,212.41396569533,8.));
#7910 = DIRECTION('',(1.,-1.277033793989E-15,-2.284298466924E-16));
#7911 = DIRECTION('',(-1.277033793989E-15,-1.,3.430248998886E-15));
#7912 = ORIENTED_EDGE('',*,*,#7913,.T.);
#7913 = EDGE_CURVE('',#7905,#7903,#7914,.T.);
#7914 = CIRCLE('',#7915,7.);
#7915 = AXIS2_PLACEMENT_3D('',#7916,#7917,#7918);
#7916 = CARTESIAN_POINT('',(12.257256642992,212.41396569533,8.));
#7917 = DIRECTION('',(1.,-1.277033793989E-15,-2.284298466924E-16));
#7918 = DIRECTION('',(-1.277033793989E-15,-1.,3.430248998886E-15));
#7919 = FACE_BOUND('',#7920,.T.);
#7920 = EDGE_LOOP('',(#7921,#7932));
#7921 = ORIENTED_EDGE('',*,*,#7922,.T.);
#7922 = EDGE_CURVE('',#7923,#7925,#7927,.T.);
#7923 = VERTEX_POINT('',#7924);
#7924 = CARTESIAN_POINT('',(12.257256642992,171.41396569533,8.));
#7925 = VERTEX_POINT('',#7926);
#7926 = CARTESIAN_POINT('',(12.257256642992,185.41396569533,8.));
#7927 = CIRCLE('',#7928,7.);
#7928 = AXIS2_PLACEMENT_3D('',#7929,#7930,#7931);
#7929 = CARTESIAN_POINT('',(12.257256642992,178.41396569533,8.));
#7930 = DIRECTION('',(1.,-1.277033793989E-15,-2.284298466924E-16));
#7931 = DIRECTION('',(-1.277033793989E-15,-1.,3.430248998886E-15));
#7932 = ORIENTED_EDGE('',*,*,#7933,.T.);
#7933 = EDGE_CURVE('',#7925,#7923,#7934,.T.);
#7934 = CIRCLE('',#7935,7.);
#7935 = AXIS2_PLACEMENT_3D('',#7936,#7937,#7938);
#7936 = CARTESIAN_POINT('',(12.257256642992,178.41396569533,8.));
#7937 = DIRECTION('',(1.,-1.277033793989E-15,-2.284298466924E-16));
#7938 = DIRECTION('',(-1.277033793989E-15,-1.,3.430248998886E-15));
#7939 = PLANE('',#7940);
#7940 = AXIS2_PLACEMENT_3D('',#7941,#7942,#7943);
#7941 = CARTESIAN_POINT('',(12.257256642992,220.41396569533,
    -9.02392784815E-14));
#7942 = DIRECTION('',(-1.,1.277033793989E-15,2.284298466924E-16));
#7943 = DIRECTION('',(-1.277033793989E-15,-1.,3.430248998886E-15));
#7944 = ADVANCED_FACE('',(#7945),#7956,.F.);
#7945 = FACE_BOUND('',#7946,.F.);
#7946 = EDGE_LOOP('',(#7947,#7953,#7954,#7955));
#7947 = ORIENTED_EDGE('',*,*,#7948,.T.);
#7948 = EDGE_CURVE('',#115,#7799,#7949,.T.);
#7949 = LINE('',#7950,#7951);
#7950 = CARTESIAN_POINT('',(68.364297199414,182.91396569533,8.));
#7951 = VECTOR('',#7952,1.);
#7952 = DIRECTION('',(1.,-1.277033793989E-15,-2.284298466924E-16));
#7953 = ORIENTED_EDGE('',*,*,#7798,.T.);
#7954 = ORIENTED_EDGE('',*,*,#7948,.F.);
#7955 = ORIENTED_EDGE('',*,*,#114,.F.);
#7956 = CYLINDRICAL_SURFACE('',#7957,4.5);
#7957 = AXIS2_PLACEMENT_3D('',#7958,#7959,#7960);
#7958 = CARTESIAN_POINT('',(68.364297199414,178.41396569533,8.));
#7959 = DIRECTION('',(-1.,1.277033793989E-15,2.284298466924E-16));
#7960 = DIRECTION('',(-1.277033793989E-15,-1.,3.430248998886E-15));
#7961 = ADVANCED_FACE('',(#7962),#7991,.F.);
#7962 = FACE_BOUND('',#7963,.F.);
#7963 = EDGE_LOOP('',(#7964,#7972,#7981,#7988,#7989,#7990));
#7964 = ORIENTED_EDGE('',*,*,#7965,.T.);
#7965 = EDGE_CURVE('',#7925,#7966,#7968,.T.);
#7966 = VERTEX_POINT('',#7967);
#7967 = CARTESIAN_POINT('',(20.757256642992,185.41396569533,8.));
#7968 = LINE('',#7969,#7970);
#7969 = CARTESIAN_POINT('',(16.507256642992,185.41396569533,8.));
#7970 = VECTOR('',#7971,1.);
#7971 = DIRECTION('',(1.,-1.277033793989E-15,-2.284298466924E-16));
#7972 = ORIENTED_EDGE('',*,*,#7973,.T.);
#7973 = EDGE_CURVE('',#7966,#7974,#7976,.T.);
#7974 = VERTEX_POINT('',#7975);
#7975 = CARTESIAN_POINT('',(20.757256642992,171.41396569533,8.));
#7976 = CIRCLE('',#7977,7.);
#7977 = AXIS2_PLACEMENT_3D('',#7978,#7979,#7980);
#7978 = CARTESIAN_POINT('',(20.757256642992,178.41396569533,8.));
#7979 = DIRECTION('',(-1.,1.277033793989E-15,2.284298466924E-16));
#7980 = DIRECTION('',(-1.277033793989E-15,-1.,3.430248998886E-15));
#7981 = ORIENTED_EDGE('',*,*,#7982,.T.);
#7982 = EDGE_CURVE('',#7974,#7966,#7983,.T.);
#7983 = CIRCLE('',#7984,7.);
#7984 = AXIS2_PLACEMENT_3D('',#7985,#7986,#7987);
#7985 = CARTESIAN_POINT('',(20.757256642992,178.41396569533,8.));
#7986 = DIRECTION('',(-1.,1.277033793989E-15,2.284298466924E-16));
#7987 = DIRECTION('',(-1.277033793989E-15,-1.,3.430248998886E-15));
#7988 = ORIENTED_EDGE('',*,*,#7965,.F.);
#7989 = ORIENTED_EDGE('',*,*,#7933,.T.);
#7990 = ORIENTED_EDGE('',*,*,#7922,.T.);
#7991 = CYLINDRICAL_SURFACE('',#7992,7.);
#7992 = AXIS2_PLACEMENT_3D('',#7993,#7994,#7995);
#7993 = CARTESIAN_POINT('',(16.507256642992,178.41396569533,8.));
#7994 = DIRECTION('',(-1.,1.277033793989E-15,2.284298466924E-16));
#7995 = DIRECTION('',(-1.277033793989E-15,-1.,3.430248998886E-15));
#7996 = ADVANCED_FACE('',(#7997,#8001),#8005,.T.);
#7997 = FACE_BOUND('',#7998,.T.);
#7998 = EDGE_LOOP('',(#7999,#8000));
#7999 = ORIENTED_EDGE('',*,*,#7982,.T.);
#8000 = ORIENTED_EDGE('',*,*,#7973,.T.);
#8001 = FACE_BOUND('',#8002,.T.);
#8002 = EDGE_LOOP('',(#8003,#8004));
#8003 = ORIENTED_EDGE('',*,*,#296,.T.);
#8004 = ORIENTED_EDGE('',*,*,#305,.T.);
#8005 = PLANE('',#8006);
#8006 = AXIS2_PLACEMENT_3D('',#8007,#8008,#8009);
#8007 = CARTESIAN_POINT('',(20.757256642992,178.41396569533,8.));
#8008 = DIRECTION('',(-1.,1.277033793989E-15,2.284298466924E-16));
#8009 = DIRECTION('',(-1.277033793989E-15,-1.,3.430248998886E-15));
#8010 = ADVANCED_FACE('',(#8011),#8030,.F.);
#8011 = FACE_BOUND('',#8012,.F.);
#8012 = EDGE_LOOP('',(#8013,#8021,#8022,#8023));
#8013 = ORIENTED_EDGE('',*,*,#8014,.T.);
#8014 = EDGE_CURVE('',#8015,#7788,#8017,.T.);
#8015 = VERTEX_POINT('',#8016);
#8016 = CARTESIAN_POINT('',(20.757256642992,216.91396569533,8.));
#8017 = LINE('',#8018,#8019);
#8018 = CARTESIAN_POINT('',(68.364297199414,216.91396569533,8.));
#8019 = VECTOR('',#8020,1.);
#8020 = DIRECTION('',(1.,-1.277033793989E-15,-2.284298466924E-16));
#8021 = ORIENTED_EDGE('',*,*,#7787,.T.);
#8022 = ORIENTED_EDGE('',*,*,#8014,.F.);
#8023 = ORIENTED_EDGE('',*,*,#8024,.F.);
#8024 = EDGE_CURVE('',#8015,#8015,#8025,.T.);
#8025 = CIRCLE('',#8026,4.5);
#8026 = AXIS2_PLACEMENT_3D('',#8027,#8028,#8029);
#8027 = CARTESIAN_POINT('',(20.757256642992,212.41396569533,8.));
#8028 = DIRECTION('',(-1.,1.277033793989E-15,2.284298466924E-16));
#8029 = DIRECTION('',(-1.277033793989E-15,-1.,3.430248998886E-15));
#8030 = CYLINDRICAL_SURFACE('',#8031,4.5);
#8031 = AXIS2_PLACEMENT_3D('',#8032,#8033,#8034);
#8032 = CARTESIAN_POINT('',(68.364297199414,212.41396569533,8.));
#8033 = DIRECTION('',(-1.,1.277033793989E-15,2.284298466924E-16));
#8034 = DIRECTION('',(-1.277033793989E-15,-1.,3.430248998886E-15));
#8035 = ADVANCED_FACE('',(#8036),#8065,.F.);
#8036 = FACE_BOUND('',#8037,.F.);
#8037 = EDGE_LOOP('',(#8038,#8046,#8055,#8062,#8063,#8064));
#8038 = ORIENTED_EDGE('',*,*,#8039,.T.);
#8039 = EDGE_CURVE('',#7905,#8040,#8042,.T.);
#8040 = VERTEX_POINT('',#8041);
#8041 = CARTESIAN_POINT('',(20.757256642992,219.41396569533,8.));
#8042 = LINE('',#8043,#8044);
#8043 = CARTESIAN_POINT('',(16.507256642992,219.41396569533,8.));
#8044 = VECTOR('',#8045,1.);
#8045 = DIRECTION('',(1.,-1.277033793989E-15,-2.284298466924E-16));
#8046 = ORIENTED_EDGE('',*,*,#8047,.T.);
#8047 = EDGE_CURVE('',#8040,#8048,#8050,.T.);
#8048 = VERTEX_POINT('',#8049);
#8049 = CARTESIAN_POINT('',(20.757256642992,205.41396569533,8.));
#8050 = CIRCLE('',#8051,7.);
#8051 = AXIS2_PLACEMENT_3D('',#8052,#8053,#8054);
#8052 = CARTESIAN_POINT('',(20.757256642992,212.41396569533,8.));
#8053 = DIRECTION('',(-1.,1.277033793989E-15,2.284298466924E-16));
#8054 = DIRECTION('',(-1.277033793989E-15,-1.,3.430248998886E-15));
#8055 = ORIENTED_EDGE('',*,*,#8056,.T.);
#8056 = EDGE_CURVE('',#8048,#8040,#8057,.T.);
#8057 = CIRCLE('',#8058,7.);
#8058 = AXIS2_PLACEMENT_3D('',#8059,#8060,#8061);
#8059 = CARTESIAN_POINT('',(20.757256642992,212.41396569533,8.));
#8060 = DIRECTION('',(-1.,1.277033793989E-15,2.284298466924E-16));
#8061 = DIRECTION('',(-1.277033793989E-15,-1.,3.430248998886E-15));
#8062 = ORIENTED_EDGE('',*,*,#8039,.F.);
#8063 = ORIENTED_EDGE('',*,*,#7913,.T.);
#8064 = ORIENTED_EDGE('',*,*,#7902,.T.);
#8065 = CYLINDRICAL_SURFACE('',#8066,7.);
#8066 = AXIS2_PLACEMENT_3D('',#8067,#8068,#8069);
#8067 = CARTESIAN_POINT('',(16.507256642992,212.41396569533,8.));
#8068 = DIRECTION('',(-1.,1.277033793989E-15,2.284298466924E-16));
#8069 = DIRECTION('',(-1.277033793989E-15,-1.,3.430248998886E-15));
#8070 = ADVANCED_FACE('',(#8071,#8075),#8095,.T.);
#8071 = FACE_BOUND('',#8072,.T.);
#8072 = EDGE_LOOP('',(#8073,#8074));
#8073 = ORIENTED_EDGE('',*,*,#8056,.T.);
#8074 = ORIENTED_EDGE('',*,*,#8047,.T.);
#8075 = FACE_BOUND('',#8076,.T.);
#8076 = EDGE_LOOP('',(#8077,#8088));
#8077 = ORIENTED_EDGE('',*,*,#8078,.T.);
#8078 = EDGE_CURVE('',#8079,#8081,#8083,.T.);
#8079 = VERTEX_POINT('',#8080);
#8080 = CARTESIAN_POINT('',(20.757256642992,210.40424003191,
    14.181504894261));
#8081 = VERTEX_POINT('',#8082);
#8082 = CARTESIAN_POINT('',(20.757256642992,214.42369135875,
    1.818495105738));
#8083 = CIRCLE('',#8084,6.5);
#8084 = AXIS2_PLACEMENT_3D('',#8085,#8086,#8087);
#8085 = CARTESIAN_POINT('',(20.757256642992,212.41396569533,8.));
#8086 = DIRECTION('',(1.,-1.277033793989E-15,-2.284298466924E-16));
#8087 = DIRECTION('',(-1.776072882336E-16,-0.309188563604,0.951000752963
    ));
#8088 = ORIENTED_EDGE('',*,*,#8089,.T.);
#8089 = EDGE_CURVE('',#8081,#8079,#8090,.T.);
#8090 = CIRCLE('',#8091,6.5);
#8091 = AXIS2_PLACEMENT_3D('',#8092,#8093,#8094);
#8092 = CARTESIAN_POINT('',(20.757256642992,212.41396569533,8.));
#8093 = DIRECTION('',(1.,-1.277033793989E-15,-2.284298466924E-16));
#8094 = DIRECTION('',(-1.776072882336E-16,-0.309188563604,0.951000752963
    ));
#8095 = PLANE('',#8096);
#8096 = AXIS2_PLACEMENT_3D('',#8097,#8098,#8099);
#8097 = CARTESIAN_POINT('',(20.757256642992,212.41396569533,8.));
#8098 = DIRECTION('',(-1.,1.277033793989E-15,2.284298466924E-16));
#8099 = DIRECTION('',(-1.277033793989E-15,-1.,3.430248998886E-15));
#8100 = ADVANCED_FACE('',(#8101),#8121,.F.);
#8101 = FACE_BOUND('',#8102,.F.);
#8102 = EDGE_LOOP('',(#8103,#8111,#8118,#8119,#8120));
#8103 = ORIENTED_EDGE('',*,*,#8104,.T.);
#8104 = EDGE_CURVE('',#7770,#8105,#8107,.T.);
#8105 = VERTEX_POINT('',#8106);
#8106 = CARTESIAN_POINT('',(26.683756642993,192.09046569533,8.));
#8107 = LINE('',#8108,#8109);
#8108 = CARTESIAN_POINT('',(-25.84978391342,192.09046569533,8.));
#8109 = VECTOR('',#8110,1.);
#8110 = DIRECTION('',(-1.,1.277033793989E-15,-4.068562789762E-16));
#8111 = ORIENTED_EDGE('',*,*,#8112,.F.);
#8112 = EDGE_CURVE('',#8105,#8105,#8113,.T.);
#8113 = CIRCLE('',#8114,3.3235);
#8114 = AXIS2_PLACEMENT_3D('',#8115,#8116,#8117);
#8115 = CARTESIAN_POINT('',(26.683756642993,195.41396569533,8.));
#8116 = DIRECTION('',(-1.,1.277033793989E-15,-4.068562789762E-16));
#8117 = DIRECTION('',(1.277033793989E-15,1.,-3.430248998886E-15));
#8118 = ORIENTED_EDGE('',*,*,#8104,.F.);
#8119 = ORIENTED_EDGE('',*,*,#7778,.T.);
#8120 = ORIENTED_EDGE('',*,*,#7767,.T.);
#8121 = CYLINDRICAL_SURFACE('',#8122,3.3235);
#8122 = AXIS2_PLACEMENT_3D('',#8123,#8124,#8125);
#8123 = CARTESIAN_POINT('',(-25.84978391342,195.41396569533,8.));
#8124 = DIRECTION('',(1.,-1.277033793989E-15,4.068562789762E-16));
#8125 = DIRECTION('',(1.277033793989E-15,1.,-3.430248998886E-15));
#8126 = ADVANCED_FACE('',(#8127),#8163,.T.);
#8127 = FACE_BOUND('',#8128,.T.);
#8128 = EDGE_LOOP('',(#8129,#8140,#8148,#8157));
#8129 = ORIENTED_EDGE('',*,*,#8130,.T.);
#8130 = EDGE_CURVE('',#8131,#8133,#8135,.T.);
#8131 = VERTEX_POINT('',#8132);
#8132 = CARTESIAN_POINT('',(23.257256642992,197.41396569533,12.5));
#8133 = VERTEX_POINT('',#8134);
#8134 = CARTESIAN_POINT('',(23.257256642992,193.41396569533,12.5));
#8135 = CIRCLE('',#8136,2.);
#8136 = AXIS2_PLACEMENT_3D('',#8137,#8138,#8139);
#8137 = CARTESIAN_POINT('',(23.257256642992,195.41396569533,12.5));
#8138 = DIRECTION('',(2.284298466925E-16,3.430248998886E-15,1.));
#8139 = DIRECTION('',(-1.277033793989E-15,-1.,3.430248998886E-15));
#8140 = ORIENTED_EDGE('',*,*,#8141,.T.);
#8141 = EDGE_CURVE('',#8133,#8142,#8144,.T.);
#8142 = VERTEX_POINT('',#8143);
#8143 = CARTESIAN_POINT('',(27.257256642992,193.41396569533,12.5));
#8144 = LINE('',#8145,#8146);
#8145 = CARTESIAN_POINT('',(27.257256642992,193.41396569533,12.5));
#8146 = VECTOR('',#8147,1.);
#8147 = DIRECTION('',(1.,9.434122552617E-16,-2.284298466925E-16));
#8148 = ORIENTED_EDGE('',*,*,#8149,.T.);
#8149 = EDGE_CURVE('',#8142,#8150,#8152,.T.);
#8150 = VERTEX_POINT('',#8151);
#8151 = CARTESIAN_POINT('',(27.257256642992,197.41396569533,12.5));
#8152 = CIRCLE('',#8153,2.);
#8153 = AXIS2_PLACEMENT_3D('',#8154,#8155,#8156);
#8154 = CARTESIAN_POINT('',(27.257256642992,195.41396569533,12.5));
#8155 = DIRECTION('',(2.284298466925E-16,3.430248998886E-15,1.));
#8156 = DIRECTION('',(1.277033793989E-15,1.,-3.430248998886E-15));
#8157 = ORIENTED_EDGE('',*,*,#8158,.T.);
#8158 = EDGE_CURVE('',#8150,#8131,#8159,.T.);
#8159 = LINE('',#8160,#8161);
#8160 = CARTESIAN_POINT('',(23.257256642992,197.41396569533,12.5));
#8161 = VECTOR('',#8162,1.);
#8162 = DIRECTION('',(-1.,-8.714973427638E-15,2.284298466925E-16));
#8163 = PLANE('',#8164);
#8164 = AXIS2_PLACEMENT_3D('',#8165,#8166,#8167);
#8165 = CARTESIAN_POINT('',(25.257256642992,195.41396569533,12.5));
#8166 = DIRECTION('',(2.284298466925E-16,3.430248998886E-15,1.));
#8167 = DIRECTION('',(-1.277033793989E-15,-1.,3.430248998886E-15));
#8168 = ADVANCED_FACE('',(#8169),#8185,.F.);
#8169 = FACE_BOUND('',#8170,.T.);
#8170 = EDGE_LOOP('',(#8171,#8172,#8178,#8179));
#8171 = ORIENTED_EDGE('',*,*,#7837,.F.);
#8172 = ORIENTED_EDGE('',*,*,#8173,.T.);
#8173 = EDGE_CURVE('',#7829,#8131,#8174,.T.);
#8174 = LINE('',#8175,#8176);
#8175 = CARTESIAN_POINT('',(23.257256642992,197.41396569533,18.));
#8176 = VECTOR('',#8177,1.);
#8177 = DIRECTION('',(-2.284298466925E-16,-3.430248998886E-15,-1.));
#8178 = ORIENTED_EDGE('',*,*,#8158,.F.);
#8179 = ORIENTED_EDGE('',*,*,#8180,.F.);
#8180 = EDGE_CURVE('',#7838,#8150,#8181,.T.);
#8181 = LINE('',#8182,#8183);
#8182 = CARTESIAN_POINT('',(27.257256642992,197.41396569533,18.));
#8183 = VECTOR('',#8184,1.);
#8184 = DIRECTION('',(-2.284298466925E-16,-3.430248998886E-15,-1.));
#8185 = PLANE('',#8186);
#8186 = AXIS2_PLACEMENT_3D('',#8187,#8188,#8189);
#8187 = CARTESIAN_POINT('',(27.257256642992,197.41396569533,18.));
#8188 = DIRECTION('',(-8.714973427638E-15,1.,-3.430248998886E-15));
#8189 = DIRECTION('',(-1.,-8.714973427638E-15,2.284298466925E-16));
#8190 = ADVANCED_FACE('',(#8191),#8202,.F.);
#8191 = FACE_BOUND('',#8192,.F.);
#8192 = EDGE_LOOP('',(#8193,#8194,#8195,#8201));
#8193 = ORIENTED_EDGE('',*,*,#8173,.T.);
#8194 = ORIENTED_EDGE('',*,*,#8130,.T.);
#8195 = ORIENTED_EDGE('',*,*,#8196,.F.);
#8196 = EDGE_CURVE('',#7827,#8133,#8197,.T.);
#8197 = LINE('',#8198,#8199);
#8198 = CARTESIAN_POINT('',(23.257256642992,193.41396569533,18.));
#8199 = VECTOR('',#8200,1.);
#8200 = DIRECTION('',(-2.284298466925E-16,-3.430248998886E-15,-1.));
#8201 = ORIENTED_EDGE('',*,*,#7826,.T.);
#8202 = CYLINDRICAL_SURFACE('',#8203,2.);
#8203 = AXIS2_PLACEMENT_3D('',#8204,#8205,#8206);
#8204 = CARTESIAN_POINT('',(23.257256642992,195.41396569533,18.));
#8205 = DIRECTION('',(-2.284298466925E-16,-3.430248998886E-15,-1.));
#8206 = DIRECTION('',(-1.277033793989E-15,-1.,3.430248998886E-15));
#8207 = ADVANCED_FACE('',(#8208),#8219,.F.);
#8208 = FACE_BOUND('',#8209,.T.);
#8209 = EDGE_LOOP('',(#8210,#8211,#8217,#8218));
#8210 = ORIENTED_EDGE('',*,*,#7854,.F.);
#8211 = ORIENTED_EDGE('',*,*,#8212,.T.);
#8212 = EDGE_CURVE('',#7846,#8142,#8213,.T.);
#8213 = LINE('',#8214,#8215);
#8214 = CARTESIAN_POINT('',(27.257256642992,193.41396569533,18.));
#8215 = VECTOR('',#8216,1.);
#8216 = DIRECTION('',(-2.284298466925E-16,-3.430248998886E-15,-1.));
#8217 = ORIENTED_EDGE('',*,*,#8141,.F.);
#8218 = ORIENTED_EDGE('',*,*,#8196,.F.);
#8219 = PLANE('',#8220);
#8220 = AXIS2_PLACEMENT_3D('',#8221,#8222,#8223);
#8221 = CARTESIAN_POINT('',(23.257256642992,193.41396569533,18.));
#8222 = DIRECTION('',(9.434122552617E-16,-1.,3.430248998886E-15));
#8223 = DIRECTION('',(1.,9.434122552617E-16,-2.284298466925E-16));
#8224 = ADVANCED_FACE('',(#8225),#8231,.F.);
#8225 = FACE_BOUND('',#8226,.F.);
#8226 = EDGE_LOOP('',(#8227,#8228,#8229,#8230));
#8227 = ORIENTED_EDGE('',*,*,#8212,.T.);
#8228 = ORIENTED_EDGE('',*,*,#8149,.T.);
#8229 = ORIENTED_EDGE('',*,*,#8180,.F.);
#8230 = ORIENTED_EDGE('',*,*,#7845,.T.);
#8231 = CYLINDRICAL_SURFACE('',#8232,2.);
#8232 = AXIS2_PLACEMENT_3D('',#8233,#8234,#8235);
#8233 = CARTESIAN_POINT('',(27.257256642992,195.41396569533,18.));
#8234 = DIRECTION('',(-2.284298466925E-16,-3.430248998886E-15,-1.));
#8235 = DIRECTION('',(1.277033793989E-15,1.,-3.430248998886E-15));
#8236 = ADVANCED_FACE('',(#8237,#8248),#8298,.T.);
#8237 = FACE_BOUND('',#8238,.T.);
#8238 = EDGE_LOOP('',(#8239));
#8239 = ORIENTED_EDGE('',*,*,#8240,.F.);
#8240 = EDGE_CURVE('',#8241,#8241,#8243,.T.);
#8241 = VERTEX_POINT('',#8242);
#8242 = CARTESIAN_POINT('',(11.257256642992,192.18077819533,8.));
#8243 = CIRCLE('',#8244,3.2331875);
#8244 = AXIS2_PLACEMENT_3D('',#8245,#8246,#8247);
#8245 = CARTESIAN_POINT('',(11.257256642992,195.41396569533,8.));
#8246 = DIRECTION('',(1.,3.918434204559E-17,-5.65488195513E-16));
#8247 = DIRECTION('',(-3.918434204559E-17,1.,4.544658930505E-16));
#8248 = FACE_BOUND('',#8249,.T.);
#8249 = EDGE_LOOP('',(#8250,#8260,#8268,#8276,#8284,#8292));
#8250 = ORIENTED_EDGE('',*,*,#8251,.T.);
#8251 = EDGE_CURVE('',#8252,#8254,#8256,.T.);
#8252 = VERTEX_POINT('',#8253);
#8253 = CARTESIAN_POINT('',(11.257256642992,197.41448437807,9.155));
#8254 = VERTEX_POINT('',#8255);
#8255 = CARTESIAN_POINT('',(11.257256642992,195.41396569533,10.31));
#8256 = LINE('',#8257,#8258);
#8257 = CARTESIAN_POINT('',(11.257256642992,195.80387306488,
    10.084886875232));
#8258 = VECTOR('',#8259,1.);
#8259 = DIRECTION('',(3.166787333987E-16,-0.866025403784,0.5));
#8260 = ORIENTED_EDGE('',*,*,#8261,.T.);
#8261 = EDGE_CURVE('',#8254,#8262,#8264,.T.);
#8262 = VERTEX_POINT('',#8263);
#8263 = CARTESIAN_POINT('',(11.257256642992,193.41344701259,9.155));
#8264 = LINE('',#8265,#8266);
#8265 = CARTESIAN_POINT('',(11.257256642992,193.80335438214,
    9.380113124768));
#8266 = VECTOR('',#8267,1.);
#8267 = DIRECTION('',(-2.488094621145E-16,-0.866025403784,-0.5));
#8268 = ORIENTED_EDGE('',*,*,#8269,.T.);
#8269 = EDGE_CURVE('',#8262,#8270,#8272,.T.);
#8270 = VERTEX_POINT('',#8271);
#8271 = CARTESIAN_POINT('',(11.257256642992,193.41344701259,6.845));
#8272 = LINE('',#8273,#8274);
#8273 = CARTESIAN_POINT('',(11.257256642992,193.41344701259,7.4225));
#8274 = VECTOR('',#8275,1.);
#8275 = DIRECTION('',(-5.65488195513E-16,4.544658930505E-16,-1.));
#8276 = ORIENTED_EDGE('',*,*,#8277,.T.);
#8277 = EDGE_CURVE('',#8270,#8278,#8280,.T.);
#8278 = VERTEX_POINT('',#8279);
#8279 = CARTESIAN_POINT('',(11.257256642992,195.41396569533,5.69));
#8280 = LINE('',#8281,#8282);
#8281 = CARTESIAN_POINT('',(11.257256642992,194.80361372351,
    6.042386875232));
#8282 = VECTOR('',#8283,1.);
#8283 = DIRECTION('',(-3.166787333987E-16,0.866025403784,-0.5));
#8284 = ORIENTED_EDGE('',*,*,#8285,.T.);
#8285 = EDGE_CURVE('',#8278,#8286,#8288,.T.);
#8286 = VERTEX_POINT('',#8287);
#8287 = CARTESIAN_POINT('',(11.257256642992,197.41448437807,6.845));
#8288 = LINE('',#8289,#8290);
#8289 = CARTESIAN_POINT('',(11.257256642992,196.80413240625,
    6.492613124768));
#8290 = VECTOR('',#8291,1.);
#8291 = DIRECTION('',(2.488094621145E-16,0.866025403784,0.5));
#8292 = ORIENTED_EDGE('',*,*,#8293,.T.);
#8293 = EDGE_CURVE('',#8286,#8252,#8294,.T.);
#8294 = LINE('',#8295,#8296);
#8295 = CARTESIAN_POINT('',(11.257256642992,197.41448437807,8.5775));
#8296 = VECTOR('',#8297,1.);
#8297 = DIRECTION('',(5.65488195513E-16,-4.544658930505E-16,1.));
#8298 = PLANE('',#8299);
#8299 = AXIS2_PLACEMENT_3D('',#8300,#8301,#8302);
#8300 = CARTESIAN_POINT('',(11.257256642992,198.18555944533,8.));
#8301 = DIRECTION('',(-1.,-3.918434204559E-17,5.65488195513E-16));
#8302 = DIRECTION('',(5.65488195513E-16,-4.544658930505E-16,1.));
#8303 = ADVANCED_FACE('',(#8304),#8371,.F.);
#8304 = FACE_BOUND('',#8305,.F.);
#8305 = EDGE_LOOP('',(#8306,#8316,#8324,#8332,#8340,#8348,#8356,#8364,
    #8370));
#8306 = ORIENTED_EDGE('',*,*,#8307,.T.);
#8307 = EDGE_CURVE('',#8308,#8310,#8312,.T.);
#8308 = VERTEX_POINT('',#8309);
#8309 = CARTESIAN_POINT('',(17.590935764822,195.41396569533,8.));
#8310 = VERTEX_POINT('',#8311);
#8311 = CARTESIAN_POINT('',(16.435935764822,193.41344701259,8.));
#8312 = LINE('',#8313,#8314);
#8313 = CARTESIAN_POINT('',(16.924096203912,194.25896569533,8.));
#8314 = VECTOR('',#8315,1.);
#8315 = DIRECTION('',(-0.5,-0.866025403784,-2.168924346515E-16));
#8316 = ORIENTED_EDGE('',*,*,#8317,.F.);
#8317 = EDGE_CURVE('',#8318,#8310,#8320,.T.);
#8318 = VERTEX_POINT('',#8319);
#8319 = CARTESIAN_POINT('',(16.257256642992,193.41344701259,6.845));
#8320 = ( BOUNDED_CURVE() B_SPLINE_CURVE(2,(#8321,#8322,#8323),
.UNSPECIFIED.,.F.,.F.) B_SPLINE_CURVE_WITH_KNOTS((3,3),(0.,
1.168739161908),.PIECEWISE_BEZIER_KNOTS.) CURVE() 
GEOMETRIC_REPRESENTATION_ITEM() RATIONAL_B_SPLINE_CURVE((1.,
1.07735026919,1.07735026919)) REPRESENTATION_ITEM('') );
#8321 = CARTESIAN_POINT('',(16.257256642992,193.41344701259,6.845));
#8322 = CARTESIAN_POINT('',(16.435935764822,193.41344701259,
    7.463962634516));
#8323 = CARTESIAN_POINT('',(16.435935764822,193.41344701259,8.));
#8324 = ORIENTED_EDGE('',*,*,#8325,.F.);
#8325 = EDGE_CURVE('',#8326,#8318,#8328,.T.);
#8326 = VERTEX_POINT('',#8327);
#8327 = CARTESIAN_POINT('',(16.257256642992,195.41396569533,5.69));
#8328 = ( BOUNDED_CURVE() B_SPLINE_CURVE(2,(#8329,#8330,#8331),
.UNSPECIFIED.,.F.,.F.) B_SPLINE_CURVE_WITH_KNOTS((3,3),(0.,
2.337478323816),.PIECEWISE_BEZIER_KNOTS.) CURVE() 
GEOMETRIC_REPRESENTATION_ITEM() RATIONAL_B_SPLINE_CURVE((1.,
1.154700538379,1.)) REPRESENTATION_ITEM('') );
#8329 = CARTESIAN_POINT('',(16.257256642992,195.41396569533,5.69));
#8330 = CARTESIAN_POINT('',(16.590676423452,194.41370635396,6.2675));
#8331 = CARTESIAN_POINT('',(16.257256642992,193.41344701259,6.845));
#8332 = ORIENTED_EDGE('',*,*,#8333,.F.);
#8333 = EDGE_CURVE('',#8334,#8326,#8336,.T.);
#8334 = VERTEX_POINT('',#8335);
#8335 = CARTESIAN_POINT('',(16.257256642992,197.41448437807,6.845));
#8336 = ( BOUNDED_CURVE() B_SPLINE_CURVE(2,(#8337,#8338,#8339),
.UNSPECIFIED.,.F.,.F.) B_SPLINE_CURVE_WITH_KNOTS((3,3),(0.,
2.337478323816),.PIECEWISE_BEZIER_KNOTS.) CURVE() 
GEOMETRIC_REPRESENTATION_ITEM() RATIONAL_B_SPLINE_CURVE((1.,
1.154700538379,1.)) REPRESENTATION_ITEM('') );
#8337 = CARTESIAN_POINT('',(16.257256642992,197.41448437807,6.845));
#8338 = CARTESIAN_POINT('',(16.590676423452,196.4142250367,6.2675));
#8339 = CARTESIAN_POINT('',(16.257256642992,195.41396569533,5.69));
#8340 = ORIENTED_EDGE('',*,*,#8341,.F.);
#8341 = EDGE_CURVE('',#8342,#8334,#8344,.T.);
#8342 = VERTEX_POINT('',#8343);
#8343 = CARTESIAN_POINT('',(16.257256642992,197.41448437807,9.155));
#8344 = ( BOUNDED_CURVE() B_SPLINE_CURVE(2,(#8345,#8346,#8347),
.UNSPECIFIED.,.F.,.F.) B_SPLINE_CURVE_WITH_KNOTS((3,3),(0.,
2.337478323816),.PIECEWISE_BEZIER_KNOTS.) CURVE() 
GEOMETRIC_REPRESENTATION_ITEM() RATIONAL_B_SPLINE_CURVE((1.,
1.154700538379,1.)) REPRESENTATION_ITEM('') );
#8345 = CARTESIAN_POINT('',(16.257256642992,197.41448437807,9.155));
#8346 = CARTESIAN_POINT('',(16.590676423452,197.41448437807,8.));
#8347 = CARTESIAN_POINT('',(16.257256642992,197.41448437807,6.845));
#8348 = ORIENTED_EDGE('',*,*,#8349,.F.);
#8349 = EDGE_CURVE('',#8350,#8342,#8352,.T.);
#8350 = VERTEX_POINT('',#8351);
#8351 = CARTESIAN_POINT('',(16.257256642992,195.41396569533,10.31));
#8352 = ( BOUNDED_CURVE() B_SPLINE_CURVE(2,(#8353,#8354,#8355),
.UNSPECIFIED.,.F.,.F.) B_SPLINE_CURVE_WITH_KNOTS((3,3),(0.,
2.337478323816),.PIECEWISE_BEZIER_KNOTS.) CURVE() 
GEOMETRIC_REPRESENTATION_ITEM() RATIONAL_B_SPLINE_CURVE((1.,
1.154700538379,1.)) REPRESENTATION_ITEM('') );
#8353 = CARTESIAN_POINT('',(16.257256642992,195.41396569533,10.31));
#8354 = CARTESIAN_POINT('',(16.590676423452,196.4142250367,9.7325));
#8355 = CARTESIAN_POINT('',(16.257256642992,197.41448437807,9.155));
#8356 = ORIENTED_EDGE('',*,*,#8357,.F.);
#8357 = EDGE_CURVE('',#8358,#8350,#8360,.T.);
#8358 = VERTEX_POINT('',#8359);
#8359 = CARTESIAN_POINT('',(16.257256642992,193.41344701259,9.155));
#8360 = ( BOUNDED_CURVE() B_SPLINE_CURVE(2,(#8361,#8362,#8363),
.UNSPECIFIED.,.F.,.F.) B_SPLINE_CURVE_WITH_KNOTS((3,3),(0.,
2.337478323816),.PIECEWISE_BEZIER_KNOTS.) CURVE() 
GEOMETRIC_REPRESENTATION_ITEM() RATIONAL_B_SPLINE_CURVE((1.,
1.154700538379,1.)) REPRESENTATION_ITEM('') );
#8361 = CARTESIAN_POINT('',(16.257256642992,193.41344701259,9.155));
#8362 = CARTESIAN_POINT('',(16.590676423452,194.41370635396,9.7325));
#8363 = CARTESIAN_POINT('',(16.257256642992,195.41396569533,10.31));
#8364 = ORIENTED_EDGE('',*,*,#8365,.F.);
#8365 = EDGE_CURVE('',#8310,#8358,#8366,.T.);
#8366 = ( BOUNDED_CURVE() B_SPLINE_CURVE(2,(#8367,#8368,#8369),
.UNSPECIFIED.,.F.,.F.) B_SPLINE_CURVE_WITH_KNOTS((3,3),(1.168739161908,
2.337478323816),.PIECEWISE_BEZIER_KNOTS.) CURVE() 
GEOMETRIC_REPRESENTATION_ITEM() RATIONAL_B_SPLINE_CURVE((1.07735026919,
1.07735026919,1.)) REPRESENTATION_ITEM('') );
#8367 = CARTESIAN_POINT('',(16.435935764822,193.41344701259,8.));
#8368 = CARTESIAN_POINT('',(16.435935764822,193.41344701259,
    8.536037365484));
#8369 = CARTESIAN_POINT('',(16.257256642992,193.41344701259,9.155));
#8370 = ORIENTED_EDGE('',*,*,#8307,.F.);
#8371 = CONICAL_SURFACE('',#8372,1.155,1.047197551197);
#8372 = AXIS2_PLACEMENT_3D('',#8373,#8374,#8375);
#8373 = CARTESIAN_POINT('',(16.924096203912,195.41396569533,8.));
#8374 = DIRECTION('',(-1.,-3.918434204559E-17,5.65488195513E-16));
#8375 = DIRECTION('',(-3.918434204559E-17,1.,4.544658930505E-16));
#8376 = ADVANCED_FACE('',(#8377),#8397,.T.);
#8377 = FACE_BOUND('',#8378,.T.);
#8378 = EDGE_LOOP('',(#8379,#8390));
#8379 = ORIENTED_EDGE('',*,*,#8380,.T.);
#8380 = EDGE_CURVE('',#8381,#8383,#8385,.T.);
#8381 = VERTEX_POINT('',#8382);
#8382 = CARTESIAN_POINT('',(31.257256642992,198.16396569533,8.));
#8383 = VERTEX_POINT('',#8384);
#8384 = CARTESIAN_POINT('',(31.257256642992,192.66396569533,8.));
#8385 = CIRCLE('',#8386,2.75);
#8386 = AXIS2_PLACEMENT_3D('',#8387,#8388,#8389);
#8387 = CARTESIAN_POINT('',(31.257256642992,195.41396569533,8.));
#8388 = DIRECTION('',(1.,3.918434204559E-17,-5.65488195513E-16));
#8389 = DIRECTION('',(-3.918434204559E-17,1.,4.544658930505E-16));
#8390 = ORIENTED_EDGE('',*,*,#8391,.T.);
#8391 = EDGE_CURVE('',#8383,#8381,#8392,.T.);
#8392 = CIRCLE('',#8393,2.75);
#8393 = AXIS2_PLACEMENT_3D('',#8394,#8395,#8396);
#8394 = CARTESIAN_POINT('',(31.257256642992,195.41396569533,8.));
#8395 = DIRECTION('',(1.,3.918434204559E-17,-5.65488195513E-16));
#8396 = DIRECTION('',(-3.918434204559E-17,1.,4.544658930505E-16));
#8397 = PLANE('',#8398);
#8398 = AXIS2_PLACEMENT_3D('',#8399,#8400,#8401);
#8399 = CARTESIAN_POINT('',(31.257256642992,196.78896569533,8.));
#8400 = DIRECTION('',(1.,3.918434204559E-17,-5.65488195513E-16));
#8401 = DIRECTION('',(-5.65488195513E-16,4.544658930505E-16,-1.));
#8402 = ADVANCED_FACE('',(#8403),#8432,.T.);
#8403 = FACE_BOUND('',#8404,.T.);
#8404 = EDGE_LOOP('',(#8405,#8406,#8407,#8415,#8424,#8431));
#8405 = ORIENTED_EDGE('',*,*,#8380,.F.);
#8406 = ORIENTED_EDGE('',*,*,#8391,.F.);
#8407 = ORIENTED_EDGE('',*,*,#8408,.T.);
#8408 = EDGE_CURVE('',#8383,#8409,#8411,.T.);
#8409 = VERTEX_POINT('',#8410);
#8410 = CARTESIAN_POINT('',(27.257256642992,192.66396569533,8.));
#8411 = LINE('',#8412,#8413);
#8412 = CARTESIAN_POINT('',(29.257256642992,192.66396569533,8.));
#8413 = VECTOR('',#8414,1.);
#8414 = DIRECTION('',(-1.,-3.918434204559E-17,5.65488195513E-16));
#8415 = ORIENTED_EDGE('',*,*,#8416,.T.);
#8416 = EDGE_CURVE('',#8409,#8417,#8419,.T.);
#8417 = VERTEX_POINT('',#8418);
#8418 = CARTESIAN_POINT('',(27.257256642992,198.16396569533,8.));
#8419 = CIRCLE('',#8420,2.75);
#8420 = AXIS2_PLACEMENT_3D('',#8421,#8422,#8423);
#8421 = CARTESIAN_POINT('',(27.257256642992,195.41396569533,8.));
#8422 = DIRECTION('',(1.,3.918434204559E-17,-5.65488195513E-16));
#8423 = DIRECTION('',(-3.918434204559E-17,1.,4.544658930505E-16));
#8424 = ORIENTED_EDGE('',*,*,#8425,.T.);
#8425 = EDGE_CURVE('',#8417,#8409,#8426,.T.);
#8426 = CIRCLE('',#8427,2.75);
#8427 = AXIS2_PLACEMENT_3D('',#8428,#8429,#8430);
#8428 = CARTESIAN_POINT('',(27.257256642992,195.41396569533,8.));
#8429 = DIRECTION('',(1.,3.918434204559E-17,-5.65488195513E-16));
#8430 = DIRECTION('',(-3.918434204559E-17,1.,4.544658930505E-16));
#8431 = ORIENTED_EDGE('',*,*,#8408,.F.);
#8432 = CYLINDRICAL_SURFACE('',#8433,2.75);
#8433 = AXIS2_PLACEMENT_3D('',#8434,#8435,#8436);
#8434 = CARTESIAN_POINT('',(29.257256642992,195.41396569533,8.));
#8435 = DIRECTION('',(1.,3.918434204559E-17,-5.65488195513E-16));
#8436 = DIRECTION('',(-3.918434204559E-17,1.,4.544658930505E-16));
#8437 = ADVANCED_FACE('',(#8438),#8466,.T.);
#8438 = FACE_BOUND('',#8439,.T.);
#8439 = EDGE_LOOP('',(#8440,#8451,#8458,#8464,#8465));
#8440 = ORIENTED_EDGE('',*,*,#8441,.F.);
#8441 = EDGE_CURVE('',#8442,#8444,#8446,.T.);
#8442 = VERTEX_POINT('',#8443);
#8443 = CARTESIAN_POINT('',(12.024069142992,199.41396569533,8.));
#8444 = VERTEX_POINT('',#8445);
#8445 = CARTESIAN_POINT('',(12.024069142992,191.41396569533,8.));
#8446 = CIRCLE('',#8447,4.);
#8447 = AXIS2_PLACEMENT_3D('',#8448,#8449,#8450);
#8448 = CARTESIAN_POINT('',(12.024069142992,195.41396569533,8.));
#8449 = DIRECTION('',(1.,3.918434204559E-17,-5.65488195513E-16));
#8450 = DIRECTION('',(-3.918434204559E-17,1.,4.544658930505E-16));
#8451 = ORIENTED_EDGE('',*,*,#8452,.F.);
#8452 = EDGE_CURVE('',#8444,#8442,#8453,.T.);
#8453 = CIRCLE('',#8454,4.);
#8454 = AXIS2_PLACEMENT_3D('',#8455,#8456,#8457);
#8455 = CARTESIAN_POINT('',(12.024069142992,195.41396569533,8.));
#8456 = DIRECTION('',(1.,3.918434204559E-17,-5.65488195513E-16));
#8457 = DIRECTION('',(-3.918434204559E-17,1.,4.544658930505E-16));
#8458 = ORIENTED_EDGE('',*,*,#8459,.T.);
#8459 = EDGE_CURVE('',#8444,#8241,#8460,.T.);
#8460 = LINE('',#8461,#8462);
#8461 = CARTESIAN_POINT('',(11.640662892992,191.79737194533,8.));
#8462 = VECTOR('',#8463,1.);
#8463 = DIRECTION('',(-0.707106781187,0.707106781187,8.078120581451E-16)
  );
#8464 = ORIENTED_EDGE('',*,*,#8240,.T.);
#8465 = ORIENTED_EDGE('',*,*,#8459,.F.);
#8466 = CONICAL_SURFACE('',#8467,3.61659375,0.785398163397);
#8467 = AXIS2_PLACEMENT_3D('',#8468,#8469,#8470);
#8468 = CARTESIAN_POINT('',(11.640662892992,195.41396569533,8.));
#8469 = DIRECTION('',(1.,3.918434204559E-17,-5.65488195513E-16));
#8470 = DIRECTION('',(-3.918434204559E-17,1.,4.544658930505E-16));
#8471 = ADVANCED_FACE('',(#8472),#8489,.F.);
#8472 = FACE_BOUND('',#8473,.T.);
#8473 = EDGE_LOOP('',(#8474,#8475,#8481,#8482,#8488));
#8474 = ORIENTED_EDGE('',*,*,#8317,.F.);
#8475 = ORIENTED_EDGE('',*,*,#8476,.T.);
#8476 = EDGE_CURVE('',#8318,#8270,#8477,.T.);
#8477 = LINE('',#8478,#8479);
#8478 = CARTESIAN_POINT('',(13.757256642992,193.41344701259,6.845));
#8479 = VECTOR('',#8480,1.);
#8480 = DIRECTION('',(-1.,-3.918434204559E-17,5.65488195513E-16));
#8481 = ORIENTED_EDGE('',*,*,#8269,.F.);
#8482 = ORIENTED_EDGE('',*,*,#8483,.T.);
#8483 = EDGE_CURVE('',#8262,#8358,#8484,.T.);
#8484 = LINE('',#8485,#8486);
#8485 = CARTESIAN_POINT('',(13.757256642992,193.41344701259,9.155));
#8486 = VECTOR('',#8487,1.);
#8487 = DIRECTION('',(1.,3.918434204559E-17,-5.65488195513E-16));
#8488 = ORIENTED_EDGE('',*,*,#8365,.F.);
#8489 = PLANE('',#8490);
#8490 = AXIS2_PLACEMENT_3D('',#8491,#8492,#8493);
#8491 = CARTESIAN_POINT('',(11.257256642992,193.41344701259,6.845));
#8492 = DIRECTION('',(3.918434204559E-17,-1.,-4.544658930505E-16));
#8493 = DIRECTION('',(5.65488195513E-16,-4.544658930505E-16,1.));
#8494 = ADVANCED_FACE('',(#8495),#8506,.F.);
#8495 = FACE_BOUND('',#8496,.T.);
#8496 = EDGE_LOOP('',(#8497,#8498,#8504,#8505));
#8497 = ORIENTED_EDGE('',*,*,#8325,.F.);
#8498 = ORIENTED_EDGE('',*,*,#8499,.T.);
#8499 = EDGE_CURVE('',#8326,#8278,#8500,.T.);
#8500 = LINE('',#8501,#8502);
#8501 = CARTESIAN_POINT('',(13.757256642992,195.41396569533,5.69));
#8502 = VECTOR('',#8503,1.);
#8503 = DIRECTION('',(-1.,-3.918434204559E-17,5.65488195513E-16));
#8504 = ORIENTED_EDGE('',*,*,#8277,.F.);
#8505 = ORIENTED_EDGE('',*,*,#8476,.F.);
#8506 = PLANE('',#8507);
#8507 = AXIS2_PLACEMENT_3D('',#8508,#8509,#8510);
#8508 = CARTESIAN_POINT('',(11.257256642992,195.41396569533,5.69));
#8509 = DIRECTION('',(-4.701349718319E-16,-0.5,-0.866025403784));
#8510 = DIRECTION('',(-1.,-3.918434204546E-17,5.654881955132E-16));
#8511 = ADVANCED_FACE('',(#8512),#8523,.F.);
#8512 = FACE_BOUND('',#8513,.T.);
#8513 = EDGE_LOOP('',(#8514,#8515,#8516,#8517));
#8514 = ORIENTED_EDGE('',*,*,#8357,.F.);
#8515 = ORIENTED_EDGE('',*,*,#8483,.F.);
#8516 = ORIENTED_EDGE('',*,*,#8261,.F.);
#8517 = ORIENTED_EDGE('',*,*,#8518,.F.);
#8518 = EDGE_CURVE('',#8350,#8254,#8519,.T.);
#8519 = LINE('',#8520,#8521);
#8520 = CARTESIAN_POINT('',(13.757256642992,195.41396569533,10.31));
#8521 = VECTOR('',#8522,1.);
#8522 = DIRECTION('',(-1.,-3.918434204559E-17,5.65488195513E-16));
#8523 = PLANE('',#8524);
#8524 = AXIS2_PLACEMENT_3D('',#8525,#8526,#8527);
#8525 = CARTESIAN_POINT('',(11.257256642992,193.41344701259,9.155));
#8526 = DIRECTION('',(5.093193138775E-16,-0.5,0.866025403784));
#8527 = DIRECTION('',(1.,3.918434204573E-17,-5.654881955132E-16));
#8528 = ADVANCED_FACE('',(#8529),#8540,.F.);
#8529 = FACE_BOUND('',#8530,.T.);
#8530 = EDGE_LOOP('',(#8531,#8532,#8533,#8534));
#8531 = ORIENTED_EDGE('',*,*,#8349,.F.);
#8532 = ORIENTED_EDGE('',*,*,#8518,.T.);
#8533 = ORIENTED_EDGE('',*,*,#8251,.F.);
#8534 = ORIENTED_EDGE('',*,*,#8535,.F.);
#8535 = EDGE_CURVE('',#8342,#8252,#8536,.T.);
#8536 = LINE('',#8537,#8538);
#8537 = CARTESIAN_POINT('',(13.757256642992,197.41448437807,9.155));
#8538 = VECTOR('',#8539,1.);
#8539 = DIRECTION('',(-1.,-3.918434204559E-17,5.65488195513E-16));
#8540 = PLANE('',#8541);
#8541 = AXIS2_PLACEMENT_3D('',#8542,#8543,#8544);
#8542 = CARTESIAN_POINT('',(11.257256642992,195.41396569533,10.31));
#8543 = DIRECTION('',(4.701349718319E-16,0.5,0.866025403784));
#8544 = DIRECTION('',(1.,3.918434204546E-17,-5.654881955132E-16));
#8545 = ADVANCED_FACE('',(#8546),#8557,.F.);
#8546 = FACE_BOUND('',#8547,.T.);
#8547 = EDGE_LOOP('',(#8548,#8549,#8550,#8551));
#8548 = ORIENTED_EDGE('',*,*,#8341,.F.);
#8549 = ORIENTED_EDGE('',*,*,#8535,.T.);
#8550 = ORIENTED_EDGE('',*,*,#8293,.F.);
#8551 = ORIENTED_EDGE('',*,*,#8552,.F.);
#8552 = EDGE_CURVE('',#8334,#8286,#8553,.T.);
#8553 = LINE('',#8554,#8555);
#8554 = CARTESIAN_POINT('',(13.757256642992,197.41448437807,6.845));
#8555 = VECTOR('',#8556,1.);
#8556 = DIRECTION('',(-1.,-3.918434204559E-17,5.65488195513E-16));
#8557 = PLANE('',#8558);
#8558 = AXIS2_PLACEMENT_3D('',#8559,#8560,#8561);
#8559 = CARTESIAN_POINT('',(11.257256642992,197.41448437807,9.155));
#8560 = DIRECTION('',(-3.918434204559E-17,1.,4.544658930505E-16));
#8561 = DIRECTION('',(-5.65488195513E-16,4.544658930505E-16,-1.));
#8562 = ADVANCED_FACE('',(#8563),#8569,.F.);
#8563 = FACE_BOUND('',#8564,.T.);
#8564 = EDGE_LOOP('',(#8565,#8566,#8567,#8568));
#8565 = ORIENTED_EDGE('',*,*,#8333,.F.);
#8566 = ORIENTED_EDGE('',*,*,#8552,.T.);
#8567 = ORIENTED_EDGE('',*,*,#8285,.F.);
#8568 = ORIENTED_EDGE('',*,*,#8499,.F.);
#8569 = PLANE('',#8570);
#8570 = AXIS2_PLACEMENT_3D('',#8571,#8572,#8573);
#8571 = CARTESIAN_POINT('',(11.257256642992,197.41448437807,6.845));
#8572 = DIRECTION('',(-5.093193138775E-16,0.5,-0.866025403784));
#8573 = DIRECTION('',(-1.,-3.918434204573E-17,5.654881955132E-16));
#8574 = ADVANCED_FACE('',(#8575),#8587,.T.);
#8575 = FACE_BOUND('',#8576,.T.);
#8576 = EDGE_LOOP('',(#8577,#8578,#8579,#8585,#8586));
#8577 = ORIENTED_EDGE('',*,*,#8425,.F.);
#8578 = ORIENTED_EDGE('',*,*,#8416,.F.);
#8579 = ORIENTED_EDGE('',*,*,#8580,.T.);
#8580 = EDGE_CURVE('',#8409,#8105,#8581,.T.);
#8581 = LINE('',#8582,#8583);
#8582 = CARTESIAN_POINT('',(26.632256642993,192.03896569533,8.));
#8583 = VECTOR('',#8584,1.);
#8584 = DIRECTION('',(-0.707106781186,-0.707106781187,
    -8.090982689692E-18));
#8585 = ORIENTED_EDGE('',*,*,#8112,.F.);
#8586 = ORIENTED_EDGE('',*,*,#8580,.F.);
#8587 = CONICAL_SURFACE('',#8588,3.375,0.785398163398);
#8588 = AXIS2_PLACEMENT_3D('',#8589,#8590,#8591);
#8589 = CARTESIAN_POINT('',(26.632256642993,195.41396569533,8.));
#8590 = DIRECTION('',(-1.,-3.918434204559E-17,5.65488195513E-16));
#8591 = DIRECTION('',(-3.918434204559E-17,1.,4.544658930505E-16));
#8592 = ADVANCED_FACE('',(#8593),#8605,.T.);
#8593 = FACE_BOUND('',#8594,.T.);
#8594 = EDGE_LOOP('',(#8595,#8596,#8602,#8603,#8604));
#8595 = ORIENTED_EDGE('',*,*,#7891,.F.);
#8596 = ORIENTED_EDGE('',*,*,#8597,.T.);
#8597 = EDGE_CURVE('',#7892,#8444,#8598,.T.);
#8598 = LINE('',#8599,#8600);
#8599 = CARTESIAN_POINT('',(19.015662893002,191.41396569533,8.));
#8600 = VECTOR('',#8601,1.);
#8601 = DIRECTION('',(-1.,-3.918434204559E-17,5.65488195513E-16));
#8602 = ORIENTED_EDGE('',*,*,#8452,.T.);
#8603 = ORIENTED_EDGE('',*,*,#8441,.T.);
#8604 = ORIENTED_EDGE('',*,*,#8597,.F.);
#8605 = CYLINDRICAL_SURFACE('',#8606,4.);
#8606 = AXIS2_PLACEMENT_3D('',#8607,#8608,#8609);
#8607 = CARTESIAN_POINT('',(19.015662893002,195.41396569533,8.));
#8608 = DIRECTION('',(1.,3.918434204559E-17,-5.65488195513E-16));
#8609 = DIRECTION('',(-3.918434204559E-17,1.,4.544658930505E-16));
#8610 = ADVANCED_FACE('',(#8611),#8678,.F.);
#8611 = FACE_BOUND('',#8612,.F.);
#8612 = EDGE_LOOP('',(#8613,#8623,#8631,#8639,#8647,#8655,#8663,#8671,
    #8672));
#8613 = ORIENTED_EDGE('',*,*,#8614,.F.);
#8614 = EDGE_CURVE('',#8615,#8617,#8619,.T.);
#8615 = VERTEX_POINT('',#8616);
#8616 = CARTESIAN_POINT('',(16.757256642992,215.70918330435,
    9.071338372886));
#8617 = VERTEX_POINT('',#8618);
#8618 = CARTESIAN_POINT('',(16.757256642992,214.99042107364,
    5.683083367153));
#8619 = ( BOUNDED_CURVE() B_SPLINE_CURVE(2,(#8620,#8621,#8622),
.UNSPECIFIED.,.F.,.F.) B_SPLINE_CURVE_WITH_KNOTS((3,3),(0.,
3.504817555843),.PIECEWISE_BEZIER_KNOTS.) CURVE() 
GEOMETRIC_REPRESENTATION_ITEM() RATIONAL_B_SPLINE_CURVE((1.,
1.154550953024,1.)) REPRESENTATION_ITEM('') );
#8620 = CARTESIAN_POINT('',(16.757256642992,215.70918330435,
    9.071338372886));
#8621 = CARTESIAN_POINT('',(17.256997503192,215.349802189,7.37721087002)
  );
#8622 = CARTESIAN_POINT('',(16.757256642992,214.99042107364,
    5.683083367153));
#8623 = ORIENTED_EDGE('',*,*,#8624,.F.);
#8624 = EDGE_CURVE('',#8625,#8615,#8627,.T.);
#8625 = VERTEX_POINT('',#8626);
#8626 = CARTESIAN_POINT('',(16.757256642992,213.13528969202,
    11.389087884933));
#8627 = ( BOUNDED_CURVE() B_SPLINE_CURVE(2,(#8628,#8629,#8630),
.UNSPECIFIED.,.F.,.F.) B_SPLINE_CURVE_WITH_KNOTS((3,3),(0.,
3.504817555843),.PIECEWISE_BEZIER_KNOTS.) CURVE() 
GEOMETRIC_REPRESENTATION_ITEM() RATIONAL_B_SPLINE_CURVE((1.,
1.154550953025,1.)) REPRESENTATION_ITEM('') );
#8628 = CARTESIAN_POINT('',(16.757256642992,213.13528969202,
    11.389087884933));
#8629 = CARTESIAN_POINT('',(17.256997503192,214.42223649819,
    10.230213128909));
#8630 = CARTESIAN_POINT('',(16.757256642992,215.70918330435,
    9.071338372886));
#8631 = ORIENTED_EDGE('',*,*,#8632,.F.);
#8632 = EDGE_CURVE('',#8633,#8625,#8635,.T.);
#8633 = VERTEX_POINT('',#8634);
#8634 = CARTESIAN_POINT('',(16.757256642992,209.83751031702,
    10.316916632847));
#8635 = ( BOUNDED_CURVE() B_SPLINE_CURVE(2,(#8636,#8637,#8638),
.UNSPECIFIED.,.F.,.F.) B_SPLINE_CURVE_WITH_KNOTS((3,3),(0.,
3.509016956357),.PIECEWISE_BEZIER_KNOTS.) CURVE() 
GEOMETRIC_REPRESENTATION_ITEM() RATIONAL_B_SPLINE_CURVE((1.,1.155,1.)) 
REPRESENTATION_ITEM('') );
#8636 = CARTESIAN_POINT('',(16.757256642992,209.83751031702,
    10.316916632847));
#8637 = CARTESIAN_POINT('',(17.258164236932,211.48640000452,
    10.85300225889));
#8638 = CARTESIAN_POINT('',(16.757256642992,213.13528969202,
    11.389087884933));
#8639 = ORIENTED_EDGE('',*,*,#8640,.F.);
#8640 = EDGE_CURVE('',#8641,#8633,#8643,.T.);
#8641 = VERTEX_POINT('',#8642);
#8642 = CARTESIAN_POINT('',(16.757256642992,209.11874808631,
    6.928661627114));
#8643 = ( BOUNDED_CURVE() B_SPLINE_CURVE(2,(#8644,#8645,#8646),
.UNSPECIFIED.,.F.,.F.) B_SPLINE_CURVE_WITH_KNOTS((3,3),(0.,
3.504817555843),.PIECEWISE_BEZIER_KNOTS.) CURVE() 
GEOMETRIC_REPRESENTATION_ITEM() RATIONAL_B_SPLINE_CURVE((1.,
1.154550953025,1.)) REPRESENTATION_ITEM('') );
#8644 = CARTESIAN_POINT('',(16.757256642992,209.11874808631,
    6.928661627114));
#8645 = CARTESIAN_POINT('',(17.256997503192,209.47812920167,
    8.62278912998));
#8646 = CARTESIAN_POINT('',(16.757256642992,209.83751031702,
    10.316916632847));
#8647 = ORIENTED_EDGE('',*,*,#8648,.F.);
#8648 = EDGE_CURVE('',#8649,#8641,#8651,.T.);
#8649 = VERTEX_POINT('',#8650);
#8650 = CARTESIAN_POINT('',(16.757256642992,211.69264169864,
    4.610912115067));
#8651 = ( BOUNDED_CURVE() B_SPLINE_CURVE(2,(#8652,#8653,#8654),
.UNSPECIFIED.,.F.,.F.) B_SPLINE_CURVE_WITH_KNOTS((3,3),(0.,
3.504817555843),.PIECEWISE_BEZIER_KNOTS.) CURVE() 
GEOMETRIC_REPRESENTATION_ITEM() RATIONAL_B_SPLINE_CURVE((1.,
1.154550953025,1.)) REPRESENTATION_ITEM('') );
#8652 = CARTESIAN_POINT('',(16.757256642992,211.69264169864,
    4.610912115067));
#8653 = CARTESIAN_POINT('',(17.256997503192,210.40569489248,
    5.76978687109));
#8654 = CARTESIAN_POINT('',(16.757256642992,209.11874808631,
    6.928661627114));
#8655 = ORIENTED_EDGE('',*,*,#8656,.F.);
#8656 = EDGE_CURVE('',#8657,#8649,#8659,.T.);
#8657 = VERTEX_POINT('',#8658);
#8658 = CARTESIAN_POINT('',(17.025724518172,213.34153138614,
    5.14699774111));
#8659 = ( BOUNDED_CURVE() B_SPLINE_CURVE(2,(#8660,#8661,#8662),
.UNSPECIFIED.,.F.,.F.) B_SPLINE_CURVE_WITH_KNOTS((3,3),(1.754508478179,
3.509016956357),.PIECEWISE_BEZIER_KNOTS.) CURVE() 
GEOMETRIC_REPRESENTATION_ITEM() RATIONAL_B_SPLINE_CURVE((1.0775,1.0775,
1.)) REPRESENTATION_ITEM('') );
#8660 = CARTESIAN_POINT('',(17.025724518172,213.34153138614,
    5.14699774111));
#8661 = CARTESIAN_POINT('',(17.025724518172,212.57638535946,
    4.898234109536));
#8662 = CARTESIAN_POINT('',(16.757256642992,211.69264169864,
    4.610912115067));
#8663 = ORIENTED_EDGE('',*,*,#8664,.T.);
#8664 = EDGE_CURVE('',#8657,#8665,#8667,.T.);
#8665 = VERTEX_POINT('',#8666);
#8666 = CARTESIAN_POINT('',(18.757775325742,212.41396569533,8.));
#8667 = LINE('',#8668,#8669);
#8668 = CARTESIAN_POINT('',(17.757515984372,212.94963488177,
    6.352391195491));
#8669 = VECTOR('',#8670,1.);
#8670 = DIRECTION('',(0.5,-0.26776515064,0.823590811084));
#8671 = ORIENTED_EDGE('',*,*,#8664,.F.);
#8672 = ORIENTED_EDGE('',*,*,#8673,.F.);
#8673 = EDGE_CURVE('',#8617,#8657,#8674,.T.);
#8674 = ( BOUNDED_CURVE() B_SPLINE_CURVE(2,(#8675,#8676,#8677),
.UNSPECIFIED.,.F.,.F.) B_SPLINE_CURVE_WITH_KNOTS((3,3),(0.,
1.754508478179),.PIECEWISE_BEZIER_KNOTS.) CURVE() 
GEOMETRIC_REPRESENTATION_ITEM() RATIONAL_B_SPLINE_CURVE((1.,1.0775,
1.0775)) REPRESENTATION_ITEM('') );
#8675 = CARTESIAN_POINT('',(16.757256642992,214.99042107364,
    5.683083367153));
#8676 = CARTESIAN_POINT('',(17.025724518172,214.10667741282,
    5.395761372684));
#8677 = CARTESIAN_POINT('',(17.025724518172,213.34153138614,
    5.14699774111));
#8678 = CONICAL_SURFACE('',#8679,1.7325,1.047197551197);
#8679 = AXIS2_PLACEMENT_3D('',#8680,#8681,#8682);
#8680 = CARTESIAN_POINT('',(17.757515984372,212.41396569533,8.));
#8681 = DIRECTION('',(-1.,2.157729838386E-16,-4.713941535625E-17));
#8682 = DIRECTION('',(-1.115441584357E-16,-0.309188563604,0.951000752963
    ));
#8683 = ADVANCED_FACE('',(#8684,#8704),#8754,.T.);
#8684 = FACE_BOUND('',#8685,.T.);
#8685 = EDGE_LOOP('',(#8686,#8697));
#8686 = ORIENTED_EDGE('',*,*,#8687,.T.);
#8687 = EDGE_CURVE('',#8688,#8690,#8692,.T.);
#8688 = VERTEX_POINT('',#8689);
#8689 = CARTESIAN_POINT('',(12.757256642992,210.65159088279,
    13.420704291891));
#8690 = VERTEX_POINT('',#8691);
#8691 = CARTESIAN_POINT('',(12.757256642992,217.83466998722,
    9.76237481254));
#8692 = CIRCLE('',#8693,5.7);
#8693 = AXIS2_PLACEMENT_3D('',#8694,#8695,#8696);
#8694 = CARTESIAN_POINT('',(12.757256642992,212.41396569533,8.));
#8695 = DIRECTION('',(-1.,2.157729838386E-16,-4.713941535625E-17));
#8696 = DIRECTION('',(-1.906253019765E-16,-0.951000752963,
    -0.309188563604));
#8697 = ORIENTED_EDGE('',*,*,#8698,.T.);
#8698 = EDGE_CURVE('',#8690,#8688,#8699,.T.);
#8699 = CIRCLE('',#8700,5.7);
#8700 = AXIS2_PLACEMENT_3D('',#8701,#8702,#8703);
#8701 = CARTESIAN_POINT('',(12.757256642992,212.41396569533,8.));
#8702 = DIRECTION('',(-1.,2.157729838386E-16,-4.713941535625E-17));
#8703 = DIRECTION('',(-1.906253019765E-16,-0.951000752963,
    -0.309188563604));
#8704 = FACE_BOUND('',#8705,.T.);
#8705 = EDGE_LOOP('',(#8706,#8716,#8724,#8732,#8740,#8748));
#8706 = ORIENTED_EDGE('',*,*,#8707,.T.);
#8707 = EDGE_CURVE('',#8708,#8710,#8712,.T.);
#8708 = VERTEX_POINT('',#8709);
#8709 = CARTESIAN_POINT('',(12.757256642992,209.83751031702,
    10.316916632847));
#8710 = VERTEX_POINT('',#8711);
#8711 = CARTESIAN_POINT('',(12.757256642992,209.11874808631,
    6.928661627114));
#8712 = LINE('',#8713,#8714);
#8713 = CARTESIAN_POINT('',(12.757256642992,209.27010173857,
    7.642144818085));
#8714 = VECTOR('',#8715,1.);
#8715 = DIRECTION('',(1.336995665219E-18,-0.207515666249,-0.97823169457)
  );
#8716 = ORIENTED_EDGE('',*,*,#8717,.T.);
#8717 = EDGE_CURVE('',#8710,#8718,#8720,.T.);
#8718 = VERTEX_POINT('',#8719);
#8719 = CARTESIAN_POINT('',(12.757256642992,211.69264169864,
    4.610912115067));
#8720 = LINE('',#8721,#8722);
#8721 = CARTESIAN_POINT('',(12.757256642992,211.15064299292,
    5.098973171549));
#8722 = VECTOR('',#8723,1.);
#8723 = DIRECTION('',(1.918881853342E-16,0.743115351639,-0.669163338923)
  );
#8724 = ORIENTED_EDGE('',*,*,#8725,.T.);
#8725 = EDGE_CURVE('',#8718,#8726,#8728,.T.);
#8726 = VERTEX_POINT('',#8727);
#8727 = CARTESIAN_POINT('',(12.757256642992,214.99042107364,
    5.683083367153));
#8728 = LINE('',#8729,#8730);
#8729 = CARTESIAN_POINT('',(12.757256642992,214.16597622989,
    5.415040554131));
#8730 = VECTOR('',#8731,1.);
#8731 = DIRECTION('',(1.906253019766E-16,0.951000752963,0.309188563604)
  );
#8732 = ORIENTED_EDGE('',*,*,#8733,.T.);
#8733 = EDGE_CURVE('',#8726,#8734,#8736,.T.);
#8734 = VERTEX_POINT('',#8735);
#8735 = CARTESIAN_POINT('',(12.757256642992,215.70918330435,
    9.071338372886));
#8736 = LINE('',#8737,#8738);
#8737 = CARTESIAN_POINT('',(12.757256642992,215.50115584126,
    8.090694060991));
#8738 = VECTOR('',#8739,1.);
#8739 = DIRECTION('',(-1.336995665219E-18,0.207515666249,0.97823169457)
  );
#8740 = ORIENTED_EDGE('',*,*,#8741,.T.);
#8741 = EDGE_CURVE('',#8734,#8742,#8744,.T.);
#8742 = VERTEX_POINT('',#8743);
#8743 = CARTESIAN_POINT('',(12.757256642992,213.13528969202,
    11.389087884933));
#8744 = LINE('',#8745,#8746);
#8745 = CARTESIAN_POINT('',(12.757256642992,213.88023779247,
    10.718274185391));
#8746 = VECTOR('',#8747,1.);
#8747 = DIRECTION('',(-1.918881853342E-16,-0.743115351639,0.669163338923
    ));
#8748 = ORIENTED_EDGE('',*,*,#8749,.T.);
#8749 = EDGE_CURVE('',#8742,#8708,#8750,.T.);
#8750 = LINE('',#8751,#8752);
#8751 = CARTESIAN_POINT('',(12.757256642992,210.66195516077,
    10.584959445868));
#8752 = VECTOR('',#8753,1.);
#8753 = DIRECTION('',(-1.906253019766E-16,-0.951000752963,
    -0.309188563604));
#8754 = PLANE('',#8755);
#8755 = AXIS2_PLACEMENT_3D('',#8756,#8757,#8758);
#8756 = CARTESIAN_POINT('',(12.757256642992,210.87343367718,
    12.73836125164));
#8757 = DIRECTION('',(-1.,2.157729838386E-16,-4.713941535625E-17));
#8758 = DIRECTION('',(-1.906253019765E-16,-0.951000752963,
    -0.309188563604));
#8759 = ADVANCED_FACE('',(#8760),#8776,.F.);
#8760 = FACE_BOUND('',#8761,.T.);
#8761 = EDGE_LOOP('',(#8762,#8763,#8769,#8770));
#8762 = ORIENTED_EDGE('',*,*,#8614,.F.);
#8763 = ORIENTED_EDGE('',*,*,#8764,.T.);
#8764 = EDGE_CURVE('',#8615,#8734,#8765,.T.);
#8765 = LINE('',#8766,#8767);
#8766 = CARTESIAN_POINT('',(14.757256642992,215.70918330435,
    9.071338372886));
#8767 = VECTOR('',#8768,1.);
#8768 = DIRECTION('',(-1.,2.157729838386E-16,-4.713941535625E-17));
#8769 = ORIENTED_EDGE('',*,*,#8733,.F.);
#8770 = ORIENTED_EDGE('',*,*,#8771,.F.);
#8771 = EDGE_CURVE('',#8617,#8726,#8772,.T.);
#8772 = LINE('',#8773,#8774);
#8773 = CARTESIAN_POINT('',(14.757256642992,214.99042107364,
    5.683083367153));
#8774 = VECTOR('',#8775,1.);
#8775 = DIRECTION('',(-1.,2.157729838386E-16,-4.713941535625E-17));
#8776 = PLANE('',#8777);
#8777 = AXIS2_PLACEMENT_3D('',#8778,#8779,#8780);
#8778 = CARTESIAN_POINT('',(12.757256642992,215.70918330435,
    9.071338372886));
#8779 = DIRECTION('',(2.208581388071E-16,0.97823169457,-0.207515666249)
  );
#8780 = DIRECTION('',(-1.,2.157729838386E-16,-4.713941535625E-17));
#8781 = ADVANCED_FACE('',(#8782),#8793,.F.);
#8782 = FACE_BOUND('',#8783,.T.);
#8783 = EDGE_LOOP('',(#8784,#8785,#8791,#8792));
#8784 = ORIENTED_EDGE('',*,*,#8624,.F.);
#8785 = ORIENTED_EDGE('',*,*,#8786,.T.);
#8786 = EDGE_CURVE('',#8625,#8742,#8787,.T.);
#8787 = LINE('',#8788,#8789);
#8788 = CARTESIAN_POINT('',(14.757256642992,213.13528969202,
    11.389087884933));
#8789 = VECTOR('',#8790,1.);
#8790 = DIRECTION('',(-1.,2.157729838386E-16,-4.713941535625E-17));
#8791 = ORIENTED_EDGE('',*,*,#8741,.F.);
#8792 = ORIENTED_EDGE('',*,*,#8764,.F.);
#8793 = PLANE('',#8794);
#8794 = AXIS2_PLACEMENT_3D('',#8795,#8796,#8797);
#8795 = CARTESIAN_POINT('',(12.757256642992,213.13528969202,
    11.389087884933));
#8796 = DIRECTION('',(1.093573470962E-16,0.669163338923,0.743115351639)
  );
#8797 = DIRECTION('',(-1.,2.157729838385E-16,-4.713941535632E-17));
#8798 = ADVANCED_FACE('',(#8799),#8810,.F.);
#8799 = FACE_BOUND('',#8800,.T.);
#8800 = EDGE_LOOP('',(#8801,#8802,#8808,#8809));
#8801 = ORIENTED_EDGE('',*,*,#8632,.F.);
#8802 = ORIENTED_EDGE('',*,*,#8803,.T.);
#8803 = EDGE_CURVE('',#8633,#8708,#8804,.T.);
#8804 = LINE('',#8805,#8806);
#8805 = CARTESIAN_POINT('',(14.757256642992,209.83751031702,
    10.316916632847));
#8806 = VECTOR('',#8807,1.);
#8807 = DIRECTION('',(-1.,2.157729838386E-16,-4.713941535625E-17));
#8808 = ORIENTED_EDGE('',*,*,#8749,.F.);
#8809 = ORIENTED_EDGE('',*,*,#8786,.F.);
#8810 = PLANE('',#8811);
#8811 = AXIS2_PLACEMENT_3D('',#8812,#8813,#8814);
#8812 = CARTESIAN_POINT('',(12.757256642992,209.83751031702,
    10.316916632847));
#8813 = DIRECTION('',(-1.115441584356E-16,-0.309188563604,0.951000752963
    ));
#8814 = DIRECTION('',(-1.906253019766E-16,-0.951000752963,
    -0.309188563604));
#8815 = ADVANCED_FACE('',(#8816),#8828,.F.);
#8816 = FACE_BOUND('',#8817,.T.);
#8817 = EDGE_LOOP('',(#8818,#8819,#8820,#8821,#8827));
#8818 = ORIENTED_EDGE('',*,*,#8673,.F.);
#8819 = ORIENTED_EDGE('',*,*,#8771,.T.);
#8820 = ORIENTED_EDGE('',*,*,#8725,.F.);
#8821 = ORIENTED_EDGE('',*,*,#8822,.T.);
#8822 = EDGE_CURVE('',#8718,#8649,#8823,.T.);
#8823 = LINE('',#8824,#8825);
#8824 = CARTESIAN_POINT('',(14.757256642992,211.69264169864,
    4.610912115067));
#8825 = VECTOR('',#8826,1.);
#8826 = DIRECTION('',(1.,-2.157729838386E-16,4.713941535625E-17));
#8827 = ORIENTED_EDGE('',*,*,#8656,.F.);
#8828 = PLANE('',#8829);
#8829 = AXIS2_PLACEMENT_3D('',#8830,#8831,#8832);
#8830 = CARTESIAN_POINT('',(12.757256642992,214.99042107364,
    5.683083367153));
#8831 = DIRECTION('',(1.115441584356E-16,0.309188563604,-0.951000752963)
  );
#8832 = DIRECTION('',(1.906253019766E-16,0.951000752963,0.309188563604)
  );
#8833 = ADVANCED_FACE('',(#8834),#8845,.F.);
#8834 = FACE_BOUND('',#8835,.T.);
#8835 = EDGE_LOOP('',(#8836,#8837,#8838,#8839));
#8836 = ORIENTED_EDGE('',*,*,#8648,.F.);
#8837 = ORIENTED_EDGE('',*,*,#8822,.F.);
#8838 = ORIENTED_EDGE('',*,*,#8717,.F.);
#8839 = ORIENTED_EDGE('',*,*,#8840,.F.);
#8840 = EDGE_CURVE('',#8641,#8710,#8841,.T.);
#8841 = LINE('',#8842,#8843);
#8842 = CARTESIAN_POINT('',(14.757256642992,209.11874808631,
    6.928661627114));
#8843 = VECTOR('',#8844,1.);
#8844 = DIRECTION('',(-1.,2.157729838386E-16,-4.713941535625E-17));
#8845 = PLANE('',#8846);
#8846 = AXIS2_PLACEMENT_3D('',#8847,#8848,#8849);
#8847 = CARTESIAN_POINT('',(12.757256642992,211.69264169864,
    4.610912115067));
#8848 = DIRECTION('',(-1.093573470962E-16,-0.669163338923,
    -0.743115351639));
#8849 = DIRECTION('',(1.,-2.157729838385E-16,4.713941535632E-17));
#8850 = ADVANCED_FACE('',(#8851),#8857,.F.);
#8851 = FACE_BOUND('',#8852,.T.);
#8852 = EDGE_LOOP('',(#8853,#8854,#8855,#8856));
#8853 = ORIENTED_EDGE('',*,*,#8640,.F.);
#8854 = ORIENTED_EDGE('',*,*,#8840,.T.);
#8855 = ORIENTED_EDGE('',*,*,#8707,.F.);
#8856 = ORIENTED_EDGE('',*,*,#8803,.F.);
#8857 = PLANE('',#8858);
#8858 = AXIS2_PLACEMENT_3D('',#8859,#8860,#8861);
#8859 = CARTESIAN_POINT('',(12.757256642992,209.11874808631,
    6.928661627114));
#8860 = DIRECTION('',(-2.208581388071E-16,-0.97823169457,0.207515666249)
  );
#8861 = DIRECTION('',(1.,-2.157729838386E-16,4.713941535625E-17));
#8862 = ADVANCED_FACE('',(#8863),#8901,.T.);
#8863 = FACE_BOUND('',#8864,.T.);
#8864 = EDGE_LOOP('',(#8865,#8876,#8885,#8891,#8892,#8893,#8894));
#8865 = ORIENTED_EDGE('',*,*,#8866,.F.);
#8866 = EDGE_CURVE('',#8867,#8869,#8871,.T.);
#8867 = VERTEX_POINT('',#8868);
#8868 = CARTESIAN_POINT('',(13.557256642992,210.40424003191,
    14.181504894261));
#8869 = VERTEX_POINT('',#8870);
#8870 = CARTESIAN_POINT('',(13.557256642992,218.59547058959,
    10.009725663423));
#8871 = CIRCLE('',#8872,6.5);
#8872 = AXIS2_PLACEMENT_3D('',#8873,#8874,#8875);
#8873 = CARTESIAN_POINT('',(13.557256642992,212.41396569533,8.));
#8874 = DIRECTION('',(-1.,2.157729838386E-16,-4.713941535625E-17));
#8875 = DIRECTION('',(-1.115441584357E-16,-0.309188563604,0.951000752963
    ));
#8876 = ORIENTED_EDGE('',*,*,#8877,.F.);
#8877 = EDGE_CURVE('',#8878,#8867,#8880,.T.);
#8878 = VERTEX_POINT('',#8879);
#8879 = CARTESIAN_POINT('',(13.557256642992,214.42369135875,
    1.818495105738));
#8880 = CIRCLE('',#8881,6.5);
#8881 = AXIS2_PLACEMENT_3D('',#8882,#8883,#8884);
#8882 = CARTESIAN_POINT('',(13.557256642992,212.41396569533,8.));
#8883 = DIRECTION('',(-1.,2.157729838386E-16,-4.713941535625E-17));
#8884 = DIRECTION('',(-1.115441584357E-16,-0.309188563604,0.951000752963
    ));
#8885 = ORIENTED_EDGE('',*,*,#8886,.T.);
#8886 = EDGE_CURVE('',#8878,#8081,#8887,.T.);
#8887 = LINE('',#8888,#8889);
#8888 = CARTESIAN_POINT('',(16.757256642992,214.42369135875,
    1.818495105738));
#8889 = VECTOR('',#8890,1.);
#8890 = DIRECTION('',(1.,-2.157729838386E-16,4.713941535625E-17));
#8891 = ORIENTED_EDGE('',*,*,#8078,.F.);
#8892 = ORIENTED_EDGE('',*,*,#8089,.F.);
#8893 = ORIENTED_EDGE('',*,*,#8886,.F.);
#8894 = ORIENTED_EDGE('',*,*,#8895,.F.);
#8895 = EDGE_CURVE('',#8869,#8878,#8896,.T.);
#8896 = CIRCLE('',#8897,6.5);
#8897 = AXIS2_PLACEMENT_3D('',#8898,#8899,#8900);
#8898 = CARTESIAN_POINT('',(13.557256642992,212.41396569533,8.));
#8899 = DIRECTION('',(-1.,2.157729838386E-16,-4.713941535625E-17));
#8900 = DIRECTION('',(-1.115441584357E-16,-0.309188563604,0.951000752963
    ));
#8901 = CYLINDRICAL_SURFACE('',#8902,6.5);
#8902 = AXIS2_PLACEMENT_3D('',#8903,#8904,#8905);
#8903 = CARTESIAN_POINT('',(16.757256642992,212.41396569533,8.));
#8904 = DIRECTION('',(-1.,2.157729838386E-16,-4.713941535625E-17));
#8905 = DIRECTION('',(-1.115441584357E-16,-0.309188563604,0.951000752963
    ));
#8906 = ADVANCED_FACE('',(#8907),#8922,.T.);
#8907 = FACE_BOUND('',#8908,.T.);
#8908 = EDGE_LOOP('',(#8909,#8910,#8917,#8918,#8919,#8920,#8921));
#8909 = ORIENTED_EDGE('',*,*,#8866,.T.);
#8910 = ORIENTED_EDGE('',*,*,#8911,.T.);
#8911 = EDGE_CURVE('',#8869,#8690,#8912,.T.);
#8912 = CIRCLE('',#8913,0.8);
#8913 = AXIS2_PLACEMENT_3D('',#8914,#8915,#8916);
#8914 = CARTESIAN_POINT('',(13.557256642992,217.83466998722,
    9.76237481254));
#8915 = DIRECTION('',(-1.115441584356E-16,-0.309188563604,0.951000752963
    ));
#8916 = DIRECTION('',(1.768377602488E-16,0.951000752963,0.309188563604)
  );
#8917 = ORIENTED_EDGE('',*,*,#8687,.F.);
#8918 = ORIENTED_EDGE('',*,*,#8698,.F.);
#8919 = ORIENTED_EDGE('',*,*,#8911,.F.);
#8920 = ORIENTED_EDGE('',*,*,#8895,.T.);
#8921 = ORIENTED_EDGE('',*,*,#8877,.T.);
#8922 = TOROIDAL_SURFACE('',#8923,5.7,0.8);
#8923 = AXIS2_PLACEMENT_3D('',#8924,#8925,#8926);
#8924 = CARTESIAN_POINT('',(13.557256642992,212.41396569533,8.));
#8925 = DIRECTION('',(-1.,2.157729838386E-16,-4.713941535625E-17));
#8926 = DIRECTION('',(-1.906253019765E-16,-0.951000752963,
    -0.309188563604));
#8927 = ADVANCED_FACE('',(#8928),#8964,.T.);
#8928 = FACE_BOUND('',#8929,.T.);
#8929 = EDGE_LOOP('',(#8930,#8941,#8948,#8956,#8963));
#8930 = ORIENTED_EDGE('',*,*,#8931,.F.);
#8931 = EDGE_CURVE('',#8932,#8934,#8936,.T.);
#8932 = VERTEX_POINT('',#8933);
#8933 = CARTESIAN_POINT('',(20.757256642992,211.17721144092,
    11.804003011853));
#8934 = VERTEX_POINT('',#8935);
#8935 = CARTESIAN_POINT('',(20.757256642992,213.65071994974,
    4.195996988147));
#8936 = CIRCLE('',#8937,4.);
#8937 = AXIS2_PLACEMENT_3D('',#8938,#8939,#8940);
#8938 = CARTESIAN_POINT('',(20.757256642992,212.41396569533,8.));
#8939 = DIRECTION('',(-1.,2.157729838386E-16,-4.713941535625E-17));
#8940 = DIRECTION('',(-1.115441584357E-16,-0.309188563604,0.951000752963
    ));
#8941 = ORIENTED_EDGE('',*,*,#8942,.F.);
#8942 = EDGE_CURVE('',#8934,#8932,#8943,.T.);
#8943 = CIRCLE('',#8944,4.);
#8944 = AXIS2_PLACEMENT_3D('',#8945,#8946,#8947);
#8945 = CARTESIAN_POINT('',(20.757256642992,212.41396569533,8.));
#8946 = DIRECTION('',(-1.,2.157729838386E-16,-4.713941535625E-17));
#8947 = DIRECTION('',(-1.115441584357E-16,-0.309188563604,0.951000752963
    ));
#8948 = ORIENTED_EDGE('',*,*,#8949,.T.);
#8949 = EDGE_CURVE('',#8934,#8950,#8952,.T.);
#8950 = VERTEX_POINT('',#8951);
#8951 = CARTESIAN_POINT('',(23.882256642992,213.65071994974,
    4.195996988147));
#8952 = LINE('',#8953,#8954);
#8953 = CARTESIAN_POINT('',(21.936350392992,213.65071994974,
    4.195996988147));
#8954 = VECTOR('',#8955,1.);
#8955 = DIRECTION('',(1.,-2.157729838386E-16,4.713941535625E-17));
#8956 = ORIENTED_EDGE('',*,*,#8957,.T.);
#8957 = EDGE_CURVE('',#8950,#8950,#8958,.T.);
#8958 = CIRCLE('',#8959,4.);
#8959 = AXIS2_PLACEMENT_3D('',#8960,#8961,#8962);
#8960 = CARTESIAN_POINT('',(23.882256642992,212.41396569533,8.));
#8961 = DIRECTION('',(-1.,2.157729838386E-16,-4.713941535625E-17));
#8962 = DIRECTION('',(-1.115441584357E-16,-0.309188563604,0.951000752963
    ));
#8963 = ORIENTED_EDGE('',*,*,#8949,.F.);
#8964 = CYLINDRICAL_SURFACE('',#8965,4.);
#8965 = AXIS2_PLACEMENT_3D('',#8966,#8967,#8968);
#8966 = CARTESIAN_POINT('',(21.936350392992,212.41396569533,8.));
#8967 = DIRECTION('',(-1.,2.157729838386E-16,-4.713941535625E-17));
#8968 = DIRECTION('',(-1.115441584357E-16,-0.309188563604,0.951000752963
    ));
#8969 = ADVANCED_FACE('',(#8970,#8973),#8993,.F.);
#8970 = FACE_BOUND('',#8971,.T.);
#8971 = EDGE_LOOP('',(#8972));
#8972 = ORIENTED_EDGE('',*,*,#8957,.F.);
#8973 = FACE_BOUND('',#8974,.T.);
#8974 = EDGE_LOOP('',(#8975,#8986));
#8975 = ORIENTED_EDGE('',*,*,#8976,.F.);
#8976 = EDGE_CURVE('',#8977,#8979,#8981,.T.);
#8977 = VERTEX_POINT('',#8978);
#8978 = CARTESIAN_POINT('',(23.882256642992,213.42188580158,
    4.89984400199));
#8979 = VERTEX_POINT('',#8980);
#8980 = CARTESIAN_POINT('',(23.882256642992,211.40604558908,
    11.100155998009));
#8981 = CIRCLE('',#8982,3.25988805829);
#8982 = AXIS2_PLACEMENT_3D('',#8983,#8984,#8985);
#8983 = CARTESIAN_POINT('',(23.882256642992,212.41396569533,8.));
#8984 = DIRECTION('',(1.,-2.157729838386E-16,4.713941535625E-17));
#8985 = DIRECTION('',(1.115441584357E-16,0.309188563604,-0.951000752963)
  );
#8986 = ORIENTED_EDGE('',*,*,#8987,.F.);
#8987 = EDGE_CURVE('',#8979,#8977,#8988,.T.);
#8988 = CIRCLE('',#8989,3.25988805829);
#8989 = AXIS2_PLACEMENT_3D('',#8990,#8991,#8992);
#8990 = CARTESIAN_POINT('',(23.882256642992,212.41396569533,8.));
#8991 = DIRECTION('',(1.,-2.157729838386E-16,4.713941535625E-17));
#8992 = DIRECTION('',(1.115441584357E-16,0.309188563604,-0.951000752963)
  );
#8993 = PLANE('',#8994);
#8994 = AXIS2_PLACEMENT_3D('',#8995,#8996,#8997);
#8995 = CARTESIAN_POINT('',(23.882256642992,213.53630287566,
    4.547920495069));
#8996 = DIRECTION('',(-1.,2.157729838386E-16,-4.713941535625E-17));
#8997 = DIRECTION('',(1.906253019765E-16,0.951000752963,0.309188563604)
  );
#8998 = ADVANCED_FACE('',(#8999),#9028,.T.);
#8999 = FACE_BOUND('',#9000,.T.);
#9000 = EDGE_LOOP('',(#9001,#9002,#9010,#9019,#9026,#9027));
#9001 = ORIENTED_EDGE('',*,*,#8976,.T.);
#9002 = ORIENTED_EDGE('',*,*,#9003,.T.);
#9003 = EDGE_CURVE('',#8979,#9004,#9006,.T.);
#9004 = VERTEX_POINT('',#9005);
#9005 = CARTESIAN_POINT('',(24.309560471769,211.17721144092,
    11.804003011853));
#9006 = LINE('',#9007,#9008);
#9007 = CARTESIAN_POINT('',(24.095908557381,211.291628515,
    11.452079504931));
#9008 = VECTOR('',#9009,1.);
#9009 = DIRECTION('',(0.5,-0.26776515064,0.823590811084));
#9010 = ORIENTED_EDGE('',*,*,#9011,.F.);
#9011 = EDGE_CURVE('',#9012,#9004,#9014,.T.);
#9012 = VERTEX_POINT('',#9013);
#9013 = CARTESIAN_POINT('',(24.309560471769,213.65071994974,
    4.195996988147));
#9014 = CIRCLE('',#9015,4.);
#9015 = AXIS2_PLACEMENT_3D('',#9016,#9017,#9018);
#9016 = CARTESIAN_POINT('',(24.309560471769,212.41396569533,8.));
#9017 = DIRECTION('',(1.,-2.157729838386E-16,4.713941535625E-17));
#9018 = DIRECTION('',(-1.115441584357E-16,-0.309188563604,0.951000752963
    ));
#9019 = ORIENTED_EDGE('',*,*,#9020,.F.);
#9020 = EDGE_CURVE('',#9004,#9012,#9021,.T.);
#9021 = CIRCLE('',#9022,4.);
#9022 = AXIS2_PLACEMENT_3D('',#9023,#9024,#9025);
#9023 = CARTESIAN_POINT('',(24.309560471769,212.41396569533,8.));
#9024 = DIRECTION('',(1.,-2.157729838386E-16,4.713941535625E-17));
#9025 = DIRECTION('',(-1.115441584357E-16,-0.309188563604,0.951000752963
    ));
#9026 = ORIENTED_EDGE('',*,*,#9003,.F.);
#9027 = ORIENTED_EDGE('',*,*,#8987,.T.);
#9028 = CONICAL_SURFACE('',#9029,3.629944029145,1.047197551197);
#9029 = AXIS2_PLACEMENT_3D('',#9030,#9031,#9032);
#9030 = CARTESIAN_POINT('',(24.095908557381,212.41396569533,8.));
#9031 = DIRECTION('',(1.,-2.157729838386E-16,4.713941535625E-17));
#9032 = DIRECTION('',(1.115441584357E-16,0.309188563604,-0.951000752963)
  );
#9033 = ADVANCED_FACE('',(#9034,#9037),#9041,.T.);
#9034 = FACE_BOUND('',#9035,.T.);
#9035 = EDGE_LOOP('',(#9036));
#9036 = ORIENTED_EDGE('',*,*,#8024,.F.);
#9037 = FACE_BOUND('',#9038,.T.);
#9038 = EDGE_LOOP('',(#9039,#9040));
#9039 = ORIENTED_EDGE('',*,*,#8931,.T.);
#9040 = ORIENTED_EDGE('',*,*,#8942,.T.);
#9041 = PLANE('',#9042);
#9042 = AXIS2_PLACEMENT_3D('',#9043,#9044,#9045);
#9043 = CARTESIAN_POINT('',(20.757256642992,210.79072573641,
    12.992753953057));
#9044 = DIRECTION('',(1.,-2.157729838386E-16,4.713941535625E-17));
#9045 = DIRECTION('',(1.906253019765E-16,0.951000752963,0.309188563604)
  );
#9046 = ADVANCED_FACE('',(#9047),#9059,.T.);
#9047 = FACE_BOUND('',#9048,.T.);
#9048 = EDGE_LOOP('',(#9049,#9050,#9051,#9057,#9058));
#9049 = ORIENTED_EDGE('',*,*,#9011,.T.);
#9050 = ORIENTED_EDGE('',*,*,#9020,.T.);
#9051 = ORIENTED_EDGE('',*,*,#9052,.T.);
#9052 = EDGE_CURVE('',#9012,#3233,#9053,.T.);
#9053 = LINE('',#9054,#9055);
#9054 = CARTESIAN_POINT('',(21.936350392992,213.65071994974,
    4.195996988147));
#9055 = VECTOR('',#9056,1.);
#9056 = DIRECTION('',(1.,-2.157729838386E-16,4.713941535625E-17));
#9057 = ORIENTED_EDGE('',*,*,#3232,.F.);
#9058 = ORIENTED_EDGE('',*,*,#9052,.F.);
#9059 = CYLINDRICAL_SURFACE('',#9060,4.);
#9060 = AXIS2_PLACEMENT_3D('',#9061,#9062,#9063);
#9061 = CARTESIAN_POINT('',(21.936350392992,212.41396569533,8.));
#9062 = DIRECTION('',(-1.,2.157729838386E-16,-4.713941535625E-17));
#9063 = DIRECTION('',(-1.115441584357E-16,-0.309188563604,0.951000752963
    ));
#9064 = ( GEOMETRIC_REPRESENTATION_CONTEXT(3) 
GLOBAL_UNCERTAINTY_ASSIGNED_CONTEXT((#9068)) 
GLOBAL_UNIT_ASSIGNED_CONTEXT((#9065,#9066,#9067)) REPRESENTATION_CONTEXT
('Context #1','3D Context with UNIT and UNCERTAINTY') );
#9065 = ( LENGTH_UNIT() NAMED_UNIT(*) SI_UNIT(.MILLI.,.METRE.) );
#9066 = ( NAMED_UNIT(*) PLANE_ANGLE_UNIT() SI_UNIT($,.RADIAN.) );
#9067 = ( NAMED_UNIT(*) SI_UNIT($,.STERADIAN.) SOLID_ANGLE_UNIT() );
#9068 = UNCERTAINTY_MEASURE_WITH_UNIT(LENGTH_MEASURE(2.E-04),#9065,
  'distance_accuracy_value','confusion accuracy');
#9069 = PRODUCT_RELATED_PRODUCT_CATEGORY('part',$,(#7));
#9070 = MECHANICAL_DESIGN_GEOMETRIC_PRESENTATION_REPRESENTATION('',(
    #9071),#9064);
#9071 = STYLED_ITEM('color',(#9072),#15);
#9072 = PRESENTATION_STYLE_ASSIGNMENT((#9073));
#9073 = SURFACE_STYLE_USAGE(.BOTH.,#9074);
#9074 = SURFACE_SIDE_STYLE('',(#9075));
#9075 = SURFACE_STYLE_FILL_AREA(#9076);
#9076 = FILL_AREA_STYLE('',(#9077));
#9077 = FILL_AREA_STYLE_COLOUR('',#9078);
#9078 = COLOUR_RGB('',0.29411765933,0.29411765933,0.29411765933);
ENDSEC;
END-ISO-10303-21;
