ISO-10303-21;
HEADER;
FILE_DESCRIPTION(('Open CASCADE Model'),'2;1');
FILE_NAME('Open CASCADE Shape Model','2026-09-18T15:53:21',('Author'),(
    'Open CASCADE'),'Open CASCADE STEP processor 7.3','Open CASCADE 7.3'
  ,'Unknown');
FILE_SCHEMA(('AUTOMOTIVE_DESIGN { 1 0 10303 214 1 1 1 1 }'));
ENDSEC;
DATA;
#1 = APPLICATION_PROTOCOL_DEFINITION('international standard',
  'automotive_design',2000,#2);
#2 = APPLICATION_CONTEXT(
  'core data for automotive mechanical design processes');
#3 = SHAPE_DEFINITION_REPRESENTATION(#4,#10);
#4 = PRODUCT_DEFINITION_SHAPE('','',#5);
#5 = PRODUCT_DEFINITION('design','',#6,#9);
#6 = PRODUCT_DEFINITION_FORMATION('','',#7);
#7 = PRODUCT('Pottmanager 133','Pottmanager 133','',(#8));
#8 = PRODUCT_CONTEXT('',#2,'mechanical');
#9 = PRODUCT_DEFINITION_CONTEXT('part definition',#2,'design');
#10 = ADVANCED_BREP_SHAPE_REPRESENTATION('',(#11,#15),#15137);
#11 = AXIS2_PLACEMENT_3D('',#12,#13,#14);
#12 = CARTESIAN_POINT('',(0.,0.,0.));
#13 = DIRECTION('',(0.,0.,1.));
#14 = DIRECTION('',(1.,0.,-0.));
#15 = MANIFOLD_SOLID_BREP('',#16);
#16 = CLOSED_SHELL('',(#17,#97,#156,#189,#246,#295,#328,#376,#419,#446,
    #1176,#1320,#1446,#1771,#2501,#2528,#2545,#2689,#2815,#3140,#3167,
    #3184,#3216,#3243,#3268,#3288,#3337,#3367,#3416,#3433,#3450,#3467,
    #3484,#3501,#3518,#3535,#3552,#3569,#3586,#3603,#3620,#3637,#3654,
    #3671,#3688,#3705,#3722,#3739,#3756,#3773,#3790,#3807,#3824,#3841,
    #3858,#3875,#3926,#3956,#3981,#4008,#4033,#4060,#4085,#4112,#4137,
    #4164,#4189,#4216,#4241,#4268,#4293,#4320,#4345,#4372,#4397,#4427,
    #4476,#4493,#4510,#4527,#4544,#4561,#4578,#4596,#4613,#4630,#4647,
    #4664,#4681,#4698,#4715,#4732,#4749,#4766,#4886,#4987,#5093,#5110,
    #5211,#5317,#5349,#5378,#5421,#5439,#5469,#5494,#5521,#5546,#5573,
    #5598,#5625,#5650,#5677,#5702,#5729,#5754,#5781,#5806,#5833,#5858,
    #5899,#5925,#5971,#6003,#6035,#6058,#6088,#6113,#6140,#6165,#6192,
    #6217,#6244,#6269,#6296,#6321,#6348,#6373,#6400,#6425,#6452,#6477,
    #6504,#6529,#6559,#6608,#6625,#6642,#6659,#6676,#6693,#6710,#6728,
    #6745,#6762,#6779,#6796,#6813,#6830,#6847,#6864,#6881,#6898,#7018,
    #7030,#7062,#7091,#7134,#7152,#7182,#7207,#7234,#7259,#7286,#7311,
    #7338,#7363,#7390,#7415,#7442,#7467,#7494,#7519,#7546,#7571,#7603,
    #7616,#7662,#7694,#7728,#7792,#7858,#7904,#7921,#7958,#8004,#8021,
    #8058,#8070,#8113,#8131,#8174,#8192,#8223,#8248,#8272,#8290,#8302,
    #8333,#8358,#8382,#8400,#8432,#8455,#8487,#8510,#8553,#8571,#8614,
    #8632,#8664,#8687,#8719,#8742,#8843,#9020,#9088,#9256,#9288,#9306,
    #9338,#9356,#9368,#9380,#9417,#9435,#9467,#9490,#9522,#9540,#9572,
    #9590,#9627,#9645,#9677,#9700,#9753,#9778,#9824,#9849,#9876,#9923,
    #9983,#10001,#10044,#10091,#10126,#10151,#10186,#10229,#10268,#10314
    ,#10349,#10366,#10391,#10418,#10468,#10517,#10567,#10592,#10610,
    #10629,#10654,#10672,#10699,#10736,#10773,#10796,#10833,#10851,
    #10861,#10871,#10908,#10931,#10968,#10986,#10996,#11006,#11024,
    #11042,#11074,#11099,#11125,#11143,#11156,#11195,#11220,#11246,
    #11316,#11350,#11412,#11437,#11457,#11475,#11488,#11588,#11606,
    #11619,#11629,#11639,#11649,#11659,#11684,#11709,#11736,#11748,
    #11781,#11800,#11818,#11829,#11859,#11891,#11909,#11961,#11981,
    #12013,#12031,#12065,#12083,#12115,#12133,#12491,#12731,#12795,
    #12811,#12847,#12880,#12896,#12913,#12942,#12984,#13021,#13037,
    #13053,#13079,#13122,#13168,#13195,#13227,#13245,#13301,#13317,
    #13352,#13377,#13403,#13445,#13471,#13496,#13539,#13579,#13598,
    #13630,#13648,#13692,#13747,#13771,#13791,#13818,#13923,#13957,
    #14020,#14057,#14103,#14135,#14201,#14249,#14269,#14352,#14369,
    #14386,#14434,#14477,#14509,#14535,#14553,#14597,#14618,#14650,
    #14701,#14713,#14735,#14755,#14801,#14821,#14859,#14871,#14889,
    #14903,#14931,#14955,#14985,#14997,#15029,#15047,#15077,#15109,
    #15127));
#17 = ADVANCED_FACE('',(#18,#72),#92,.F.);
#18 = FACE_BOUND('',#19,.T.);
#19 = EDGE_LOOP('',(#20,#30,#39,#48,#56,#65));
#20 = ORIENTED_EDGE('',*,*,#21,.T.);
#21 = EDGE_CURVE('',#22,#24,#26,.T.);
#22 = VERTEX_POINT('',#23);
#23 = CARTESIAN_POINT('',(20.0640479679,113.70097853935,36.048747737362)
  );
#24 = VERTEX_POINT('',#25);
#25 = CARTESIAN_POINT('',(67.0959520321,113.70097853935,36.048747737362)
  );
#26 = LINE('',#27,#28);
#27 = CARTESIAN_POINT('',(43.58,113.70097853935,36.048747737362));
#28 = VECTOR('',#29,1.);
#29 = DIRECTION('',(1.,-4.440892098501E-16,4.841436604765E-16));
#30 = ORIENTED_EDGE('',*,*,#31,.F.);
#31 = EDGE_CURVE('',#32,#24,#34,.T.);
#32 = VERTEX_POINT('',#33);
#33 = CARTESIAN_POINT('',(81.3160501606,113.70097853935,20.664045896762)
  );
#34 = CIRCLE('',#35,42.999999966);
#35 = AXIS2_PLACEMENT_3D('',#36,#37,#38);
#36 = CARTESIAN_POINT('',(43.580000024513,113.70097853935,
    4.874776160731E-02));
#37 = DIRECTION('',(-4.440892098501E-16,-1.,1.110223024625E-16));
#38 = DIRECTION('',(3.330669073875E-16,-1.110223024625E-16,-1.));
#39 = ORIENTED_EDGE('',*,*,#40,.F.);
#40 = EDGE_CURVE('',#41,#32,#43,.T.);
#41 = VERTEX_POINT('',#42);
#42 = CARTESIAN_POINT('',(67.0959520321,113.70097853935,-35.95125226263)
  );
#43 = CIRCLE('',#44,42.9999999955);
#44 = AXIS2_PLACEMENT_3D('',#45,#46,#47);
#45 = CARTESIAN_POINT('',(43.580000005111,113.70097853935,
    4.874773564671E-02));
#46 = DIRECTION('',(-4.440892098501E-16,-1.,1.110223024625E-16));
#47 = DIRECTION('',(3.330669073875E-16,-1.110223024625E-16,-1.));
#48 = ORIENTED_EDGE('',*,*,#49,.F.);
#49 = EDGE_CURVE('',#50,#41,#52,.T.);
#50 = VERTEX_POINT('',#51);
#51 = CARTESIAN_POINT('',(20.0640479679,113.70097853935,-35.95125226263)
  );
#52 = LINE('',#53,#54);
#53 = CARTESIAN_POINT('',(43.58,113.70097853935,-35.95125226263));
#54 = VECTOR('',#55,1.);
#55 = DIRECTION('',(1.,-4.440892098501E-16,4.841436604765E-16));
#56 = ORIENTED_EDGE('',*,*,#57,.F.);
#57 = EDGE_CURVE('',#58,#50,#60,.T.);
#58 = VERTEX_POINT('',#59);
#59 = CARTESIAN_POINT('',(5.8439498394,113.70097853935,-20.56655042203)
  );
#60 = CIRCLE('',#61,42.999999966);
#61 = AXIS2_PLACEMENT_3D('',#62,#63,#64);
#62 = CARTESIAN_POINT('',(43.579999975487,113.70097853935,
    4.874771311679E-02));
#63 = DIRECTION('',(-4.440892098501E-16,-1.,1.110223024625E-16));
#64 = DIRECTION('',(3.330669073875E-16,-1.110223024625E-16,-1.));
#65 = ORIENTED_EDGE('',*,*,#66,.F.);
#66 = EDGE_CURVE('',#22,#58,#67,.T.);
#67 = CIRCLE('',#68,42.9999999955);
#68 = AXIS2_PLACEMENT_3D('',#69,#70,#71);
#69 = CARTESIAN_POINT('',(43.579999994889,113.70097853935,
    4.874773907738E-02));
#70 = DIRECTION('',(-4.440892098501E-16,-1.,1.110223024625E-16));
#71 = DIRECTION('',(3.330669073875E-16,-1.110223024625E-16,-1.));
#72 = FACE_BOUND('',#73,.T.);
#73 = EDGE_LOOP('',(#74,#85));
#74 = ORIENTED_EDGE('',*,*,#75,.T.);
#75 = EDGE_CURVE('',#76,#78,#80,.T.);
#76 = VERTEX_POINT('',#77);
#77 = CARTESIAN_POINT('',(67.6257621962,113.70097853935,13.185007494362)
  );
#78 = VERTEX_POINT('',#79);
#79 = CARTESIAN_POINT('',(19.5342378038,113.70097853935,-13.08751201963)
  );
#80 = CIRCLE('',#81,27.4);
#81 = AXIS2_PLACEMENT_3D('',#82,#83,#84);
#82 = CARTESIAN_POINT('',(43.58,113.70097853935,4.874773736205E-02));
#83 = DIRECTION('',(-4.440892098501E-16,-1.,1.110223024625E-16));
#84 = DIRECTION('',(3.330669073875E-16,-1.110223024625E-16,-1.));
#85 = ORIENTED_EDGE('',*,*,#86,.T.);
#86 = EDGE_CURVE('',#78,#76,#87,.T.);
#87 = CIRCLE('',#88,27.4);
#88 = AXIS2_PLACEMENT_3D('',#89,#90,#91);
#89 = CARTESIAN_POINT('',(43.58,113.70097853935,4.874773736204E-02));
#90 = DIRECTION('',(-4.440892098501E-16,-1.,1.110223024625E-16));
#91 = DIRECTION('',(3.330669073875E-16,-1.110223024625E-16,-1.));
#92 = PLANE('',#93);
#93 = AXIS2_PLACEMENT_3D('',#94,#95,#96);
#94 = CARTESIAN_POINT('',(0.58,113.70097853935,4.874773736203E-02));
#95 = DIRECTION('',(-4.440892098501E-16,-1.,1.110223024625E-16));
#96 = DIRECTION('',(1.,-4.440892098501E-16,4.555315873025E-16));
#97 = ADVANCED_FACE('',(#98),#151,.T.);
#98 = FACE_BOUND('',#99,.T.);
#99 = EDGE_LOOP('',(#100,#101,#112,#123,#131,#142));
#100 = ORIENTED_EDGE('',*,*,#21,.F.);
#101 = ORIENTED_EDGE('',*,*,#102,.T.);
#102 = EDGE_CURVE('',#22,#103,#105,.T.);
#103 = VERTEX_POINT('',#104);
#104 = CARTESIAN_POINT('',(12.599013688,103.70097853955,43.050823119262)
  );
#105 = B_SPLINE_CURVE_WITH_KNOTS('',5,(#106,#107,#108,#109,#110,#111),
  .UNSPECIFIED.,.F.,.F.,(6,6),(0.,20.236465508),
  .PIECEWISE_BEZIER_KNOTS.);
#106 = CARTESIAN_POINT('',(20.0640479679,113.70097853935,36.048747737362
    ));
#107 = CARTESIAN_POINT('',(18.5569514558,111.70908576025,37.443486076562
    ));
#108 = CARTESIAN_POINT('',(17.058568022,109.71218235945,38.841732890862)
  );
#109 = CARTESIAN_POINT('',(15.5672046795,107.71120835265,40.242829974262
    ));
#110 = CARTESIAN_POINT('',(14.0812496429,105.70717726625,41.646067647662
    ));
#111 = CARTESIAN_POINT('',(12.599013688,103.70097853955,43.050823119262)
  );
#112 = ORIENTED_EDGE('',*,*,#113,.F.);
#113 = EDGE_CURVE('',#114,#103,#116,.T.);
#114 = VERTEX_POINT('',#115);
#115 = CARTESIAN_POINT('',(14.0334265939,102.27579448615,44.048747736862
    ));
#116 = B_SPLINE_CURVE_WITH_KNOTS('',5,(#117,#118,#119,#120,#121,#122),
  .UNSPECIFIED.,.F.,.F.,(6,6),(0.,3.18901937932),
  .PIECEWISE_BEZIER_KNOTS.);
#117 = CARTESIAN_POINT('',(14.0334265939,102.27579448615,44.048747736862
    ));
#118 = CARTESIAN_POINT('',(13.7405235949,102.55669431985,43.852059555862
    ));
#119 = CARTESIAN_POINT('',(13.4506611785,102.83972764685,43.653877486662
    ));
#120 = CARTESIAN_POINT('',(13.1637616829,103.12487620605,43.454214316062
    ));
#121 = CARTESIAN_POINT('',(12.879906003,103.41196452725,43.253192909362)
  );
#122 = CARTESIAN_POINT('',(12.599013688,103.70097853955,43.050823119262)
  );
#123 = ORIENTED_EDGE('',*,*,#124,.F.);
#124 = EDGE_CURVE('',#125,#114,#127,.T.);
#125 = VERTEX_POINT('',#126);
#126 = CARTESIAN_POINT('',(73.1265734061,102.27579448465,44.048747737862
    ));
#127 = LINE('',#128,#129);
#128 = CARTESIAN_POINT('',(43.580000000931,102.27579448465,
    44.048747737862));
#129 = VECTOR('',#130,1.);
#130 = DIRECTION('',(-1.,4.440892098501E-16,-9.258462674653E-17));
#131 = ORIENTED_EDGE('',*,*,#132,.T.);
#132 = EDGE_CURVE('',#125,#133,#135,.T.);
#133 = VERTEX_POINT('',#134);
#134 = CARTESIAN_POINT('',(74.560986312,103.70097853955,43.050823119262)
  );
#135 = B_SPLINE_CURVE_WITH_KNOTS('',5,(#136,#137,#138,#139,#140,#141),
  .UNSPECIFIED.,.F.,.F.,(6,6),(0.,3.18901937932),
  .PIECEWISE_BEZIER_KNOTS.);
#136 = CARTESIAN_POINT('',(73.1265734061,102.27579448615,44.048747736862
    ));
#137 = CARTESIAN_POINT('',(73.4194764051,102.55669431985,43.852059555862
    ));
#138 = CARTESIAN_POINT('',(73.7093388215,102.83972764685,43.653877486662
    ));
#139 = CARTESIAN_POINT('',(73.9962383171,103.12487620605,43.454214316062
    ));
#140 = CARTESIAN_POINT('',(74.280093997,103.41196452725,43.253192909362)
  );
#141 = CARTESIAN_POINT('',(74.560986312,103.70097853955,43.050823119262)
  );
#142 = ORIENTED_EDGE('',*,*,#143,.F.);
#143 = EDGE_CURVE('',#24,#133,#144,.T.);
#144 = B_SPLINE_CURVE_WITH_KNOTS('',5,(#145,#146,#147,#148,#149,#150),
  .UNSPECIFIED.,.F.,.F.,(6,6),(0.,20.236465508),
  .PIECEWISE_BEZIER_KNOTS.);
#145 = CARTESIAN_POINT('',(67.0959520321,113.70097853935,36.048747737362
    ));
#146 = CARTESIAN_POINT('',(68.6030485446,111.70908575975,37.443486076962
    ));
#147 = CARTESIAN_POINT('',(70.1014319783,109.71218235925,38.841732891062
    ));
#148 = CARTESIAN_POINT('',(71.5927953203,107.71120835285,40.242829974062
    ));
#149 = CARTESIAN_POINT('',(73.0787503566,105.70717726675,41.646067647362
    ));
#150 = CARTESIAN_POINT('',(74.560986312,103.70097853955,43.050823119262)
  );
#151 = PLANE('',#152);
#152 = AXIS2_PLACEMENT_3D('',#153,#154,#155);
#153 = CARTESIAN_POINT('',(43.58,113.70097853935,36.048747737362));
#154 = DIRECTION('',(1.450288666212E-16,0.573576436351,0.819152044289));
#155 = DIRECTION('',(-4.405825168621E-16,-0.819152044289,0.573576436351)
  );
#156 = ADVANCED_FACE('',(#157),#184,.T.);
#157 = FACE_BOUND('',#158,.T.);
#158 = EDGE_LOOP('',(#159,#167,#168,#169,#178));
#159 = ORIENTED_EDGE('',*,*,#160,.F.);
#160 = EDGE_CURVE('',#32,#161,#163,.T.);
#161 = VERTEX_POINT('',#162);
#162 = CARTESIAN_POINT('',(90.0799999999,103.71451091885,25.451813515062
    ));
#163 = LINE('',#164,#165);
#164 = CARTESIAN_POINT('',(3.10334738307E+05,-3.534181896145E+05,
    1.695128811077E+05));
#165 = VECTOR('',#166,1.);
#166 = DIRECTION('',(0.620544580563,-0.707106781187,0.339005049421));
#167 = ORIENTED_EDGE('',*,*,#31,.T.);
#168 = ORIENTED_EDGE('',*,*,#143,.T.);
#169 = ORIENTED_EDGE('',*,*,#170,.F.);
#170 = EDGE_CURVE('',#171,#133,#173,.T.);
#171 = VERTEX_POINT('',#172);
#172 = CARTESIAN_POINT('',(90.08,103.70097853935,25.480027689462));
#173 = CIRCLE('',#174,53.);
#174 = AXIS2_PLACEMENT_3D('',#175,#176,#177);
#175 = CARTESIAN_POINT('',(43.58,103.70097853935,4.874773736205E-02));
#176 = DIRECTION('',(-4.728344548313E-16,-1.,9.531870355812E-17));
#177 = DIRECTION('',(3.330669073875E-16,-9.531870355812E-17,-1.));
#178 = ORIENTED_EDGE('',*,*,#179,.F.);
#179 = EDGE_CURVE('',#161,#171,#180,.T.);
#180 = B_SPLINE_CURVE_WITH_KNOTS('',2,(#181,#182,#183),.UNSPECIFIED.,.F.
  ,.F.,(3,3),(0.,5.93964580299E-02),.PIECEWISE_BEZIER_KNOTS.);
#181 = CARTESIAN_POINT('',(90.08,103.71451091875,25.451813515062));
#182 = CARTESIAN_POINT('',(90.08,103.70774857255,25.465918617362));
#183 = CARTESIAN_POINT('',(90.08,103.70097853925,25.480027689662));
#184 = CONICAL_SURFACE('',#185,43.,0.785398163397);
#185 = AXIS2_PLACEMENT_3D('',#186,#187,#188);
#186 = CARTESIAN_POINT('',(43.58,113.70097853935,4.874773736205E-02));
#187 = DIRECTION('',(-4.440892098501E-16,-1.,1.110223024625E-16));
#188 = DIRECTION('',(0.87758256189,-3.36498019333E-16,0.479425538604));
#189 = ADVANCED_FACE('',(#190),#241,.T.);
#190 = FACE_BOUND('',#191,.T.);
#191 = EDGE_LOOP('',(#192,#203,#211,#212,#213,#223,#234));
#192 = ORIENTED_EDGE('',*,*,#193,.F.);
#193 = EDGE_CURVE('',#194,#196,#198,.T.);
#194 = VERTEX_POINT('',#195);
#195 = CARTESIAN_POINT('',(74.5609863115,103.70097853935,-42.95332764473
    ));
#196 = VERTEX_POINT('',#197);
#197 = CARTESIAN_POINT('',(95.6280547187,103.70097853935,10.048747737362
    ));
#198 = CIRCLE('',#199,53.);
#199 = AXIS2_PLACEMENT_3D('',#200,#201,#202);
#200 = CARTESIAN_POINT('',(43.58,103.70097853935,4.874773736205E-02));
#201 = DIRECTION('',(-4.728344548313E-16,-1.,9.531870355812E-17));
#202 = DIRECTION('',(3.330669073875E-16,-9.531870355812E-17,-1.));
#203 = ORIENTED_EDGE('',*,*,#204,.F.);
#204 = EDGE_CURVE('',#41,#194,#205,.T.);
#205 = B_SPLINE_CURVE_WITH_KNOTS('',4,(#206,#207,#208,#209,#210),
  .UNSPECIFIED.,.F.,.F.,(5,5),(0.,20.6381087887),
  .PIECEWISE_BEZIER_KNOTS.);
#206 = CARTESIAN_POINT('',(67.0959520326,113.70097853935,-35.95125226263
    ));
#207 = CARTESIAN_POINT('',(68.9447685878,111.25744269655,-37.66223447963
    ));
#208 = CARTESIAN_POINT('',(70.812383914,108.76192936625,-39.40915877693)
  );
#209 = CARTESIAN_POINT('',(72.6848625348,106.24030240285,-41.17527393353
    ));
#210 = CARTESIAN_POINT('',(74.5609863115,103.70097853935,-42.95332764473
    ));
#211 = ORIENTED_EDGE('',*,*,#40,.T.);
#212 = ORIENTED_EDGE('',*,*,#160,.T.);
#213 = ORIENTED_EDGE('',*,*,#214,.F.);
#214 = EDGE_CURVE('',#215,#161,#217,.T.);
#215 = VERTEX_POINT('',#216);
#216 = CARTESIAN_POINT('',(90.08,108.96325760505,10.848747737362));
#217 = B_SPLINE_CURVE_WITH_KNOTS('',4,(#218,#219,#220,#221,#222),
  .UNSPECIFIED.,.F.,.F.,(5,5),(0.,32.2432515018),
  .PIECEWISE_BEZIER_KNOTS.);
#218 = CARTESIAN_POINT('',(90.08,108.96325760505,10.848747737362));
#219 = CARTESIAN_POINT('',(90.08,108.18666842295,14.281395668462));
#220 = CARTESIAN_POINT('',(90.0800215147,107.07484147805,17.819726667362
    ));
#221 = CARTESIAN_POINT('',(90.08,105.59382223395,21.531890265662));
#222 = CARTESIAN_POINT('',(90.08,103.71451091875,25.451813515062));
#223 = ORIENTED_EDGE('',*,*,#224,.T.);
#224 = EDGE_CURVE('',#215,#225,#227,.T.);
#225 = VERTEX_POINT('',#226);
#226 = CARTESIAN_POINT('',(90.88,108.35545134185,10.048747737362));
#227 = B_SPLINE_CURVE_WITH_KNOTS('',5,(#228,#229,#230,#231,#232,#233),
  .UNSPECIFIED.,.F.,.F.,(6,6),(0.,2.80363850857),
  .PIECEWISE_BEZIER_KNOTS.);
#228 = CARTESIAN_POINT('',(90.08,108.96325760505,10.848747737362));
#229 = CARTESIAN_POINT('',(90.08,109.01533029085,10.618578168562));
#230 = CARTESIAN_POINT('',(90.1695464555,108.97665103635,10.398149648062
    ));
#231 = CARTESIAN_POINT('',(90.3001489218,108.89115786025,10.201349810662
    ));
#232 = CARTESIAN_POINT('',(90.574998415,108.65385691955,10.048747737352)
  );
#233 = CARTESIAN_POINT('',(90.88,108.35545134185,10.048747737362));
#234 = ORIENTED_EDGE('',*,*,#235,.T.);
#235 = EDGE_CURVE('',#225,#196,#236,.T.);
#236 = B_SPLINE_CURVE_WITH_KNOTS('',3,(#237,#238,#239,#240),
  .UNSPECIFIED.,.F.,.F.,(4,4),(0.,9.53784730853),
  .PIECEWISE_BEZIER_KNOTS.);
#237 = CARTESIAN_POINT('',(90.88,108.35545134185,10.048747737362));
#238 = CARTESIAN_POINT('',(92.4561602192,106.81337738615,10.048747737352
    ));
#239 = CARTESIAN_POINT('',(94.0400940748,105.26041745415,10.048747737352
    ));
#240 = CARTESIAN_POINT('',(95.6280547187,103.70097853935,10.048747737362
    ));
#241 = CONICAL_SURFACE('',#242,43.,0.785398163397);
#242 = AXIS2_PLACEMENT_3D('',#243,#244,#245);
#243 = CARTESIAN_POINT('',(43.58,113.70097853935,4.874773736205E-02));
#244 = DIRECTION('',(-4.440892098501E-16,-1.,1.110223024625E-16));
#245 = DIRECTION('',(-0.87758256189,3.36498019333E-16,-0.479425538604));
#246 = ADVANCED_FACE('',(#247),#290,.T.);
#247 = FACE_BOUND('',#248,.T.);
#248 = EDGE_LOOP('',(#249,#250,#251,#262,#270,#281));
#249 = ORIENTED_EDGE('',*,*,#49,.T.);
#250 = ORIENTED_EDGE('',*,*,#204,.T.);
#251 = ORIENTED_EDGE('',*,*,#252,.F.);
#252 = EDGE_CURVE('',#253,#194,#255,.T.);
#253 = VERTEX_POINT('',#254);
#254 = CARTESIAN_POINT('',(73.1265734061,102.27579448615,-43.95125226213
    ));
#255 = B_SPLINE_CURVE_WITH_KNOTS('',5,(#256,#257,#258,#259,#260,#261),
  .UNSPECIFIED.,.F.,.F.,(6,6),(0.,3.18901937932),
  .PIECEWISE_BEZIER_KNOTS.);
#256 = CARTESIAN_POINT('',(73.1265734061,102.27579448615,-43.95125226213
    ));
#257 = CARTESIAN_POINT('',(73.4194764051,102.55669431985,-43.75456408113
    ));
#258 = CARTESIAN_POINT('',(73.7093388215,102.83972764685,-43.55638201193
    ));
#259 = CARTESIAN_POINT('',(73.9962383171,103.12487620605,-43.35671884133
    ));
#260 = CARTESIAN_POINT('',(74.280093997,103.41196452725,-43.15569743463)
  );
#261 = CARTESIAN_POINT('',(74.560986312,103.70097853955,-42.95332764453)
  );
#262 = ORIENTED_EDGE('',*,*,#263,.T.);
#263 = EDGE_CURVE('',#253,#264,#266,.T.);
#264 = VERTEX_POINT('',#265);
#265 = CARTESIAN_POINT('',(14.0334265958,102.27579448465,-43.95125226313
    ));
#266 = LINE('',#267,#268);
#267 = CARTESIAN_POINT('',(43.580000000931,102.27579448465,
    -43.95125226313));
#268 = VECTOR('',#269,1.);
#269 = DIRECTION('',(-1.,4.440892098501E-16,-5.735491880285E-16));
#270 = ORIENTED_EDGE('',*,*,#271,.T.);
#271 = EDGE_CURVE('',#264,#272,#274,.T.);
#272 = VERTEX_POINT('',#273);
#273 = CARTESIAN_POINT('',(12.599013688,103.70097853955,-42.95332764453)
  );
#274 = B_SPLINE_CURVE_WITH_KNOTS('',5,(#275,#276,#277,#278,#279,#280),
  .UNSPECIFIED.,.F.,.F.,(6,6),(0.,3.18901937932),
  .PIECEWISE_BEZIER_KNOTS.);
#275 = CARTESIAN_POINT('',(14.0334265939,102.27579448615,-43.95125226213
    ));
#276 = CARTESIAN_POINT('',(13.7405235949,102.55669431985,-43.75456408113
    ));
#277 = CARTESIAN_POINT('',(13.4506611785,102.83972764685,-43.55638201193
    ));
#278 = CARTESIAN_POINT('',(13.1637616829,103.12487620605,-43.35671884133
    ));
#279 = CARTESIAN_POINT('',(12.879906003,103.41196452725,-43.15569743463)
  );
#280 = CARTESIAN_POINT('',(12.599013688,103.70097853955,-42.95332764453)
  );
#281 = ORIENTED_EDGE('',*,*,#282,.F.);
#282 = EDGE_CURVE('',#50,#272,#283,.T.);
#283 = B_SPLINE_CURVE_WITH_KNOTS('',5,(#284,#285,#286,#287,#288,#289),
  .UNSPECIFIED.,.F.,.F.,(6,6),(0.,20.236465508),
  .PIECEWISE_BEZIER_KNOTS.);
#284 = CARTESIAN_POINT('',(20.0640479679,113.70097853935,-35.95125226263
    ));
#285 = CARTESIAN_POINT('',(18.556951456,111.70908576055,-37.34599060163)
  );
#286 = CARTESIAN_POINT('',(17.058568022,109.71218235955,-38.74423741613)
  );
#287 = CARTESIAN_POINT('',(15.5672046795,107.71120835245,-40.14533449963
    ));
#288 = CARTESIAN_POINT('',(14.0812496428,105.70717726605,-41.54857217313
    ));
#289 = CARTESIAN_POINT('',(12.599013688,103.70097853955,-42.95332764453)
  );
#290 = PLANE('',#291);
#291 = AXIS2_PLACEMENT_3D('',#292,#293,#294);
#292 = CARTESIAN_POINT('',(43.58,113.70097853935,-35.95125226263));
#293 = DIRECTION('',(6.278687373843E-16,0.573576436351,-0.819152044289)
  );
#294 = DIRECTION('',(-1.024943996052E-16,-0.819152044289,-0.573576436351
    ));
#295 = ADVANCED_FACE('',(#296),#323,.T.);
#296 = FACE_BOUND('',#297,.T.);
#297 = EDGE_LOOP('',(#298,#306,#307,#308,#317));
#298 = ORIENTED_EDGE('',*,*,#299,.F.);
#299 = EDGE_CURVE('',#58,#300,#302,.T.);
#300 = VERTEX_POINT('',#301);
#301 = CARTESIAN_POINT('',(-2.9199999999,103.71451091885,-25.35431804033
    ));
#302 = LINE('',#303,#304);
#303 = CARTESIAN_POINT('',(-3.10247578307E+05,-3.534181896145E+05,
    -1.695127836123E+05));
#304 = VECTOR('',#305,1.);
#305 = DIRECTION('',(-0.620544580563,-0.707106781187,-0.339005049421));
#306 = ORIENTED_EDGE('',*,*,#57,.T.);
#307 = ORIENTED_EDGE('',*,*,#282,.T.);
#308 = ORIENTED_EDGE('',*,*,#309,.F.);
#309 = EDGE_CURVE('',#310,#272,#312,.T.);
#310 = VERTEX_POINT('',#311);
#311 = CARTESIAN_POINT('',(-2.92,103.70097853935,-25.38253221473));
#312 = CIRCLE('',#313,53.);
#313 = AXIS2_PLACEMENT_3D('',#314,#315,#316);
#314 = CARTESIAN_POINT('',(43.58,103.70097853935,4.874773736205E-02));
#315 = DIRECTION('',(-4.728344548313E-16,-1.,9.531870355812E-17));
#316 = DIRECTION('',(3.330669073875E-16,-9.531870355812E-17,-1.));
#317 = ORIENTED_EDGE('',*,*,#318,.F.);
#318 = EDGE_CURVE('',#300,#310,#319,.T.);
#319 = B_SPLINE_CURVE_WITH_KNOTS('',2,(#320,#321,#322),.UNSPECIFIED.,.F.
  ,.F.,(3,3),(0.,5.93964581539E-02),.PIECEWISE_BEZIER_KNOTS.);
#320 = CARTESIAN_POINT('',(-2.9199999999,103.71451091885,-25.35431804033
    ));
#321 = CARTESIAN_POINT('',(-2.92,103.70774857255,-25.36842314263));
#322 = CARTESIAN_POINT('',(-2.92,103.70097853925,-25.38253221493));
#323 = CONICAL_SURFACE('',#324,43.,0.785398163397);
#324 = AXIS2_PLACEMENT_3D('',#325,#326,#327);
#325 = CARTESIAN_POINT('',(43.58,113.70097853935,4.874773736205E-02));
#326 = DIRECTION('',(-4.440892098501E-16,-1.,1.110223024625E-16));
#327 = DIRECTION('',(-0.87758256189,3.36498019333E-16,-0.479425538604));
#328 = ADVANCED_FACE('',(#329),#371,.T.);
#329 = FACE_BOUND('',#330,.T.);
#330 = EDGE_LOOP('',(#331,#340,#341,#342,#343,#353,#364));
#331 = ORIENTED_EDGE('',*,*,#332,.F.);
#332 = EDGE_CURVE('',#103,#333,#335,.T.);
#333 = VERTEX_POINT('',#334);
#334 = CARTESIAN_POINT('',(-8.4680547187,103.70097853935,-9.951252262638
    ));
#335 = CIRCLE('',#336,53.);
#336 = AXIS2_PLACEMENT_3D('',#337,#338,#339);
#337 = CARTESIAN_POINT('',(43.58,103.70097853935,4.874773736205E-02));
#338 = DIRECTION('',(-4.728344548313E-16,-1.,9.531870355812E-17));
#339 = DIRECTION('',(3.330669073875E-16,-9.531870355812E-17,-1.));
#340 = ORIENTED_EDGE('',*,*,#102,.F.);
#341 = ORIENTED_EDGE('',*,*,#66,.T.);
#342 = ORIENTED_EDGE('',*,*,#299,.T.);
#343 = ORIENTED_EDGE('',*,*,#344,.F.);
#344 = EDGE_CURVE('',#345,#300,#347,.T.);
#345 = VERTEX_POINT('',#346);
#346 = CARTESIAN_POINT('',(-2.92,108.96325760505,-10.75125226263));
#347 = B_SPLINE_CURVE_WITH_KNOTS('',4,(#348,#349,#350,#351,#352),
  .UNSPECIFIED.,.F.,.F.,(5,5),(0.,32.2432515004),
  .PIECEWISE_BEZIER_KNOTS.);
#348 = CARTESIAN_POINT('',(-2.92,108.96325760505,-10.75125226263));
#349 = CARTESIAN_POINT('',(-2.92,108.18666842295,-14.18390019363));
#350 = CARTESIAN_POINT('',(-2.9200215148,107.07484147805,-17.72223119263
    ));
#351 = CARTESIAN_POINT('',(-2.92,105.59382223385,-21.43439479103));
#352 = CARTESIAN_POINT('',(-2.92,103.71451091875,-25.35431804033));
#353 = ORIENTED_EDGE('',*,*,#354,.T.);
#354 = EDGE_CURVE('',#345,#355,#357,.T.);
#355 = VERTEX_POINT('',#356);
#356 = CARTESIAN_POINT('',(-3.72,108.35545134185,-9.951252262638));
#357 = B_SPLINE_CURVE_WITH_KNOTS('',5,(#358,#359,#360,#361,#362,#363),
  .UNSPECIFIED.,.F.,.F.,(6,6),(0.,2.80363850903),
  .PIECEWISE_BEZIER_KNOTS.);
#358 = CARTESIAN_POINT('',(-2.92,108.96325760505,-10.75125226263));
#359 = CARTESIAN_POINT('',(-2.92,109.01533029085,-10.52108269383));
#360 = CARTESIAN_POINT('',(-3.0095464547,108.97665103705,-10.30065417353
    ));
#361 = CARTESIAN_POINT('',(-3.1401489229,108.89115785935,-10.10385433543
    ));
#362 = CARTESIAN_POINT('',(-3.4149984149,108.65385691955,-9.951252262638
    ));
#363 = CARTESIAN_POINT('',(-3.72,108.35545134185,-9.951252262638));
#364 = ORIENTED_EDGE('',*,*,#365,.T.);
#365 = EDGE_CURVE('',#355,#333,#366,.T.);
#366 = B_SPLINE_CURVE_WITH_KNOTS('',3,(#367,#368,#369,#370),
  .UNSPECIFIED.,.F.,.F.,(4,4),(0.,9.53784730853),
  .PIECEWISE_BEZIER_KNOTS.);
#367 = CARTESIAN_POINT('',(-3.72,108.35545134185,-9.951252262638));
#368 = CARTESIAN_POINT('',(-5.2961602192,106.81337738615,-9.951252262628
    ));
#369 = CARTESIAN_POINT('',(-6.8800940748,105.26041745415,-9.951252262628
    ));
#370 = CARTESIAN_POINT('',(-8.4680547187,103.70097853935,-9.951252262638
    ));
#371 = CONICAL_SURFACE('',#372,43.,0.785398163397);
#372 = AXIS2_PLACEMENT_3D('',#373,#374,#375);
#373 = CARTESIAN_POINT('',(43.58,113.70097853935,4.874773736205E-02));
#374 = DIRECTION('',(-4.440892098501E-16,-1.,1.110223024625E-16));
#375 = DIRECTION('',(0.87758256189,-3.36498019333E-16,0.479425538604));
#376 = ADVANCED_FACE('',(#377),#414,.F.);
#377 = FACE_BOUND('',#378,.F.);
#378 = EDGE_LOOP('',(#379,#388,#397,#406,#413));
#379 = ORIENTED_EDGE('',*,*,#380,.T.);
#380 = EDGE_CURVE('',#78,#381,#383,.T.);
#381 = VERTEX_POINT('',#382);
#382 = CARTESIAN_POINT('',(20.4118203661,114.70097853935,-12.60808648183
    ));
#383 = CIRCLE('',#384,1.);
#384 = AXIS2_PLACEMENT_3D('',#385,#386,#387);
#385 = CARTESIAN_POINT('',(19.5342378042,114.70097853935,-13.08751202043
    ));
#386 = DIRECTION('',(-0.479425538604,3.103389452429E-16,0.87758256189));
#387 = DIRECTION('',(-0.87758256189,3.692530514287E-16,-0.479425538604)
  );
#388 = ORIENTED_EDGE('',*,*,#389,.F.);
#389 = EDGE_CURVE('',#390,#381,#392,.T.);
#390 = VERTEX_POINT('',#391);
#391 = CARTESIAN_POINT('',(30.9231657808,114.70097853935,23.216927371262
    ));
#392 = CIRCLE('',#393,26.4);
#393 = AXIS2_PLACEMENT_3D('',#394,#395,#396);
#394 = CARTESIAN_POINT('',(43.58,114.70097853935,4.874773736205E-02));
#395 = DIRECTION('',(-4.728344548313E-16,-1.,9.531870355812E-17));
#396 = DIRECTION('',(3.330669073875E-16,-9.531870355812E-17,-1.));
#397 = ORIENTED_EDGE('',*,*,#398,.F.);
#398 = EDGE_CURVE('',#399,#390,#401,.T.);
#399 = VERTEX_POINT('',#400);
#400 = CARTESIAN_POINT('',(66.7481796339,114.70097853935,12.705581956562
    ));
#401 = CIRCLE('',#402,26.4);
#402 = AXIS2_PLACEMENT_3D('',#403,#404,#405);
#403 = CARTESIAN_POINT('',(43.58,114.70097853935,4.874773736205E-02));
#404 = DIRECTION('',(-4.728344548313E-16,-1.,9.531870355812E-17));
#405 = DIRECTION('',(3.330669073875E-16,-9.531870355812E-17,-1.));
#406 = ORIENTED_EDGE('',*,*,#407,.F.);
#407 = EDGE_CURVE('',#76,#399,#408,.T.);
#408 = CIRCLE('',#409,1.);
#409 = AXIS2_PLACEMENT_3D('',#410,#411,#412);
#410 = CARTESIAN_POINT('',(67.6257621958,114.70097853935,13.185007495162
    ));
#411 = DIRECTION('',(0.479425538604,-3.103389452429E-16,-0.87758256189)
  );
#412 = DIRECTION('',(0.87758256189,-3.692530514287E-16,0.479425538604));
#413 = ORIENTED_EDGE('',*,*,#75,.T.);
#414 = TOROIDAL_SURFACE('',#415,27.4,1.);
#415 = AXIS2_PLACEMENT_3D('',#416,#417,#418);
#416 = CARTESIAN_POINT('',(43.58,114.70097853935,4.874773736205E-02));
#417 = DIRECTION('',(-4.440892098501E-16,-1.,1.110223024625E-16));
#418 = DIRECTION('',(0.87758256189,-3.36498019333E-16,0.479425538604));
#419 = ADVANCED_FACE('',(#420),#441,.F.);
#420 = FACE_BOUND('',#421,.F.);
#421 = EDGE_LOOP('',(#422,#423,#432,#439,#440));
#422 = ORIENTED_EDGE('',*,*,#407,.T.);
#423 = ORIENTED_EDGE('',*,*,#424,.F.);
#424 = EDGE_CURVE('',#425,#399,#427,.T.);
#425 = VERTEX_POINT('',#426);
#426 = CARTESIAN_POINT('',(56.2368342192,114.70097853935,-23.11943189653
    ));
#427 = CIRCLE('',#428,26.4);
#428 = AXIS2_PLACEMENT_3D('',#429,#430,#431);
#429 = CARTESIAN_POINT('',(43.58,114.70097853935,4.874773736205E-02));
#430 = DIRECTION('',(-4.728344548313E-16,-1.,9.531870355812E-17));
#431 = DIRECTION('',(3.330669073875E-16,-9.531870355812E-17,-1.));
#432 = ORIENTED_EDGE('',*,*,#433,.F.);
#433 = EDGE_CURVE('',#381,#425,#434,.T.);
#434 = CIRCLE('',#435,26.4);
#435 = AXIS2_PLACEMENT_3D('',#436,#437,#438);
#436 = CARTESIAN_POINT('',(43.58,114.70097853935,4.874773736205E-02));
#437 = DIRECTION('',(-4.728344548313E-16,-1.,9.531870355812E-17));
#438 = DIRECTION('',(3.330669073875E-16,-9.531870355812E-17,-1.));
#439 = ORIENTED_EDGE('',*,*,#380,.F.);
#440 = ORIENTED_EDGE('',*,*,#86,.T.);
#441 = TOROIDAL_SURFACE('',#442,27.4,1.);
#442 = AXIS2_PLACEMENT_3D('',#443,#444,#445);
#443 = CARTESIAN_POINT('',(43.58,114.70097853935,4.874773736205E-02));
#444 = DIRECTION('',(-4.440892098501E-16,-1.,1.110223024625E-16));
#445 = DIRECTION('',(-0.87758256189,3.36498019333E-16,-0.479425538604));
#446 = ADVANCED_FACE('',(#447,#1117),#1171,.T.);
#447 = FACE_BOUND('',#448,.T.);
#448 = EDGE_LOOP('',(#449,#460,#469,#478,#487,#496,#505,#514,#523,#532,
    #541,#550,#559,#568,#577,#586,#595,#604,#613,#622,#631,#640,#649,
    #658,#667,#676,#685,#694,#703,#712,#721,#730,#739,#748,#757,#766,
    #775,#784,#793,#802,#811,#820,#829,#838,#847,#856,#865,#874,#883,
    #892,#901,#910,#919,#928,#937,#946,#955,#964,#973,#982,#991,#1000,
    #1009,#1018,#1027,#1036,#1045,#1053,#1064,#1073,#1079,#1080,#1081,
    #1089,#1100,#1111));
#449 = ORIENTED_EDGE('',*,*,#450,.F.);
#450 = EDGE_CURVE('',#451,#453,#455,.T.);
#451 = VERTEX_POINT('',#452);
#452 = CARTESIAN_POINT('',(-8.531553896,69.700978539353,-9.614892908868)
  );
#453 = VERTEX_POINT('',#454);
#454 = CARTESIAN_POINT('',(-8.4680546715,69.700978539353,-9.951252508538
    ));
#455 = CIRCLE('',#456,53.);
#456 = AXIS2_PLACEMENT_3D('',#457,#458,#459);
#457 = CARTESIAN_POINT('',(43.58,69.700978539353,4.874773736205E-02));
#458 = DIRECTION('',(-4.440892098501E-16,-1.,1.110223024625E-16));
#459 = DIRECTION('',(3.330669073875E-16,-1.110223024625E-16,-1.));
#460 = ORIENTED_EDGE('',*,*,#461,.T.);
#461 = EDGE_CURVE('',#451,#462,#464,.T.);
#462 = VERTEX_POINT('',#463);
#463 = CARTESIAN_POINT('',(-8.6552791007,70.900978538653,-8.922072585688
    ));
#464 = B_SPLINE_CURVE_WITH_KNOTS('',3,(#465,#466,#467,#468),
  .UNSPECIFIED.,.F.,.F.,(4,4),(0.,1.96739371492),
  .PIECEWISE_BEZIER_KNOTS.);
#465 = CARTESIAN_POINT('',(-8.5315538961,69.700978539353,-9.614892908698
    ));
#466 = CARTESIAN_POINT('',(-8.5743665732,70.100855391753,-9.384023900288
    ));
#467 = CARTESIAN_POINT('',(-8.6156058791,70.500858909253,-9.153081761288
    ));
#468 = CARTESIAN_POINT('',(-8.6552791007,70.900978538653,-8.922072585688
    ));
#469 = ORIENTED_EDGE('',*,*,#470,.F.);
#470 = EDGE_CURVE('',#471,#462,#473,.T.);
#471 = VERTEX_POINT('',#472);
#472 = CARTESIAN_POINT('',(-8.7292651821,70.900978538653,-8.480072585788
    ));
#473 = CIRCLE('',#474,53.);
#474 = AXIS2_PLACEMENT_3D('',#475,#476,#477);
#475 = CARTESIAN_POINT('',(43.58,70.900978538653,4.874773736205E-02));
#476 = DIRECTION('',(-4.440892098501E-16,-1.,1.110223024625E-16));
#477 = DIRECTION('',(3.330669073875E-16,-1.110223024625E-16,-1.));
#478 = ORIENTED_EDGE('',*,*,#479,.T.);
#479 = EDGE_CURVE('',#471,#480,#482,.T.);
#480 = VERTEX_POINT('',#481);
#481 = CARTESIAN_POINT('',(-8.8375266872,69.700978539353,-7.787252262638
    ));
#482 = B_SPLINE_CURVE_WITH_KNOTS('',3,(#483,#484,#485,#486),
  .UNSPECIFIED.,.F.,.F.,(4,4),(0.,1.96556935377),
  .PIECEWISE_BEZIER_KNOTS.);
#483 = CARTESIAN_POINT('',(-8.7292651822,70.900978538653,-8.480072585648
    ));
#484 = CARTESIAN_POINT('',(-8.7669089914,70.501085498553,-8.249194231358
    ));
#485 = CARTESIAN_POINT('',(-8.8029940544,70.101082099253,-8.018252160688
    ));
#486 = CARTESIAN_POINT('',(-8.8375266872,69.700978539353,-7.787252262638
    ));
#487 = ORIENTED_EDGE('',*,*,#488,.F.);
#488 = EDGE_CURVE('',#489,#480,#491,.T.);
#489 = VERTEX_POINT('',#490);
#490 = CARTESIAN_POINT('',(-8.9336387303,69.700978539353,-7.114892908788
    ));
#491 = CIRCLE('',#492,53.);
#492 = AXIS2_PLACEMENT_3D('',#493,#494,#495);
#493 = CARTESIAN_POINT('',(43.58,69.700978539353,4.874773736205E-02));
#494 = DIRECTION('',(-4.440892098501E-16,-1.,1.110223024625E-16));
#495 = DIRECTION('',(3.330669073875E-16,-1.110223024625E-16,-1.));
#496 = ORIENTED_EDGE('',*,*,#497,.T.);
#497 = EDGE_CURVE('',#489,#498,#500,.T.);
#498 = VERTEX_POINT('',#499);
#499 = CARTESIAN_POINT('',(-9.0235025863,70.900978538653,-6.422072585668
    ));
#500 = B_SPLINE_CURVE_WITH_KNOTS('',3,(#501,#502,#503,#504),
  .UNSPECIFIED.,.F.,.F.,(4,4),(0.,1.96371393064),
  .PIECEWISE_BEZIER_KNOTS.);
#501 = CARTESIAN_POINT('',(-8.9336387303,69.700978539353,-7.114892908698
    ));
#502 = CARTESIAN_POINT('',(-8.9651354455,70.100890332553,-6.884003727298
    ));
#503 = CARTESIAN_POINT('',(-8.9950883336,70.500893613453,-6.653061724808
    ));
#504 = CARTESIAN_POINT('',(-9.0235025863,70.900978538653,-6.422072585668
    ));
#505 = ORIENTED_EDGE('',*,*,#506,.F.);
#506 = EDGE_CURVE('',#507,#498,#509,.T.);
#507 = VERTEX_POINT('',#508);
#508 = CARTESIAN_POINT('',(-9.0759904048,70.900978538653,-5.980072585648
    ));
#509 = CIRCLE('',#510,53.);
#510 = AXIS2_PLACEMENT_3D('',#511,#512,#513);
#511 = CARTESIAN_POINT('',(43.58,70.900978538653,4.874773736205E-02));
#512 = DIRECTION('',(-4.440892098501E-16,-1.,1.110223024625E-16));
#513 = DIRECTION('',(3.330669073875E-16,-1.110223024625E-16,-1.));
#514 = ORIENTED_EDGE('',*,*,#515,.T.);
#515 = EDGE_CURVE('',#507,#516,#518,.T.);
#516 = VERTEX_POINT('',#517);
#517 = CARTESIAN_POINT('',(-9.1507036175,69.700978539353,-5.287252262638
    ));
#518 = B_SPLINE_CURVE_WITH_KNOTS('',3,(#519,#520,#521,#522),
  .UNSPECIFIED.,.F.,.F.,(4,4),(0.,1.96244368899),
  .PIECEWISE_BEZIER_KNOTS.);
#519 = CARTESIAN_POINT('',(-9.0759904048,70.900978538653,-5.980072585668
    ));
#520 = CARTESIAN_POINT('',(-9.1024269396,70.501051652453,-5.749174690378
    ));
#521 = CARTESIAN_POINT('',(-9.1273299147,70.101048451353,-5.518232734018
    ));
#522 = CARTESIAN_POINT('',(-9.1507036175,69.700978539353,-5.287252262638
    ));
#523 = ORIENTED_EDGE('',*,*,#524,.F.);
#524 = EDGE_CURVE('',#525,#516,#527,.T.);
#525 = VERTEX_POINT('',#526);
#526 = CARTESIAN_POINT('',(-9.2144169011,69.700978539353,-4.614892908928
    ));
#527 = CIRCLE('',#528,53.);
#528 = AXIS2_PLACEMENT_3D('',#529,#530,#531);
#529 = CARTESIAN_POINT('',(43.58,69.700978539353,4.874773736205E-02));
#530 = DIRECTION('',(-4.440892098501E-16,-1.,1.110223024625E-16));
#531 = DIRECTION('',(3.330669073875E-16,-1.110223024625E-16,-1.));
#532 = ORIENTED_EDGE('',*,*,#533,.T.);
#533 = EDGE_CURVE('',#525,#534,#536,.T.);
#534 = VERTEX_POINT('',#535);
#535 = CARTESIAN_POINT('',(-9.2710414842,70.900978538653,-3.922072585668
    ));
#536 = B_SPLINE_CURVE_WITH_KNOTS('',3,(#537,#538,#539,#540),
  .UNSPECIFIED.,.F.,.F.,(4,4),(0.,1.96123265671),
  .PIECEWISE_BEZIER_KNOTS.);
#537 = CARTESIAN_POINT('',(-9.2144169011,69.700978539353,-4.614892908698
    ));
#538 = CARTESIAN_POINT('',(-9.2348143689,70.100923107653,-4.383984804488
    ));
#539 = CARTESIAN_POINT('',(-9.2536881538,70.500926233653,-4.153042891598
    ));
#540 = CARTESIAN_POINT('',(-9.2710414842,70.900978538653,-3.922072585668
    ));
#541 = ORIENTED_EDGE('',*,*,#542,.F.);
#542 = EDGE_CURVE('',#543,#534,#545,.T.);
#543 = VERTEX_POINT('',#544);
#544 = CARTESIAN_POINT('',(-9.3023924112,70.900978538653,-3.480072585608
    ));
#545 = CIRCLE('',#546,53.);
#546 = AXIS2_PLACEMENT_3D('',#547,#548,#549);
#547 = CARTESIAN_POINT('',(43.58,70.900978538653,4.874773736205E-02));
#548 = DIRECTION('',(-4.440892098501E-16,-1.,1.110223024625E-16));
#549 = DIRECTION('',(3.330669073875E-16,-1.110223024625E-16,-1.));
#550 = ORIENTED_EDGE('',*,*,#551,.T.);
#551 = EDGE_CURVE('',#543,#552,#554,.T.);
#552 = VERTEX_POINT('',#553);
#553 = CARTESIAN_POINT('',(-9.3440692313,69.700978539353,-2.787252262638
    ));
#554 = B_SPLINE_CURVE_WITH_KNOTS('',3,(#555,#556,#557,#558),
  .UNSPECIFIED.,.F.,.F.,(4,4),(0.,1.96048325762),
  .PIECEWISE_BEZIER_KNOTS.);
#555 = CARTESIAN_POINT('',(-9.3023924112,70.900978538653,-3.480072585668
    ));
#556 = CARTESIAN_POINT('',(-9.3178013686,70.501019576453,-3.249156171258
    ));
#557 = CARTESIAN_POINT('',(-9.3316928531,70.101016496653,-3.018214285008
    ));
#558 = CARTESIAN_POINT('',(-9.3440692313,69.700978539353,-2.787252262638
    ));
#559 = ORIENTED_EDGE('',*,*,#560,.F.);
#560 = EDGE_CURVE('',#561,#552,#563,.T.);
#561 = VERTEX_POINT('',#562);
#562 = CARTESIAN_POINT('',(-9.3758179915,69.700978539353,-2.114892908888
    ));
#563 = CIRCLE('',#564,53.);
#564 = AXIS2_PLACEMENT_3D('',#565,#566,#567);
#565 = CARTESIAN_POINT('',(43.58,69.700978539353,4.874773736205E-02));
#566 = DIRECTION('',(-4.440892098501E-16,-1.,1.110223024625E-16));
#567 = DIRECTION('',(3.330669073875E-16,-1.110223024625E-16,-1.));
#568 = ORIENTED_EDGE('',*,*,#569,.T.);
#569 = EDGE_CURVE('',#561,#570,#572,.T.);
#570 = VERTEX_POINT('',#571);
#571 = CARTESIAN_POINT('',(-9.3995874614,70.900978538653,-1.422072585668
    ));
#572 = B_SPLINE_CURVE_WITH_KNOTS('',3,(#573,#574,#575,#576),
  .UNSPECIFIED.,.F.,.F.,(4,4),(0.,1.9598853381),
  .PIECEWISE_BEZIER_KNOTS.);
#573 = CARTESIAN_POINT('',(-9.3758179916,69.700978539353,-2.114892908698
    ));
#574 = CARTESIAN_POINT('',(-9.385253054,70.100954559253,-1.883966645968)
  );
#575 = CARTESIAN_POINT('',(-9.3931757621,70.500957602453,-1.653024780848
    ));
#576 = CARTESIAN_POINT('',(-9.3995874614,70.900978538653,-1.422072585668
    ));
#577 = ORIENTED_EDGE('',*,*,#578,.F.);
#578 = EDGE_CURVE('',#579,#570,#581,.T.);
#579 = VERTEX_POINT('',#580);
#580 = CARTESIAN_POINT('',(-9.4100134812,70.900978538653,-0.980072585658
    ));
#581 = CIRCLE('',#582,53.);
#582 = AXIS2_PLACEMENT_3D('',#583,#584,#585);
#583 = CARTESIAN_POINT('',(43.58,70.900978538653,4.874773736205E-02));
#584 = DIRECTION('',(-4.440892098501E-16,-1.,1.110223024625E-16));
#585 = DIRECTION('',(3.330669073875E-16,-1.110223024625E-16,-1.));
#586 = ORIENTED_EDGE('',*,*,#587,.T.);
#587 = EDGE_CURVE('',#579,#588,#590,.T.);
#588 = VERTEX_POINT('',#589);
#589 = CARTESIAN_POINT('',(-9.4189349327,69.700978539353,-0.287252262638
    ));
#590 = B_SPLINE_CURVE_WITH_KNOTS('',3,(#591,#592,#593,#594),
  .UNSPECIFIED.,.F.,.F.,(4,4),(0.,1.95963764401),
  .PIECEWISE_BEZIER_KNOTS.);
#591 = CARTESIAN_POINT('',(-9.4100134812,70.900978538653,-0.980072585668
    ));
#592 = CARTESIAN_POINT('',(-9.4144971558,70.500988471653,-0.74913821285)
  );
#593 = CARTESIAN_POINT('',(-9.4174708049,70.100985443553,-0.518196356468
    ));
#594 = CARTESIAN_POINT('',(-9.4189349327,69.700978539353,-0.287252262638
    ));
#595 = ORIENTED_EDGE('',*,*,#596,.F.);
#596 = EDGE_CURVE('',#597,#588,#599,.T.);
#597 = VERTEX_POINT('',#598);
#598 = CARTESIAN_POINT('',(-9.4189326533,69.700978539353,0.385107091093)
  );
#599 = CIRCLE('',#600,53.);
#600 = AXIS2_PLACEMENT_3D('',#601,#602,#603);
#601 = CARTESIAN_POINT('',(43.58,69.700978539353,4.874773736205E-02));
#602 = DIRECTION('',(-4.440892098501E-16,-1.,1.110223024625E-16));
#603 = DIRECTION('',(3.330669073875E-16,-1.110223024625E-16,-1.));
#604 = ORIENTED_EDGE('',*,*,#605,.F.);
#605 = EDGE_CURVE('',#606,#597,#608,.T.);
#606 = VERTEX_POINT('',#607);
#607 = CARTESIAN_POINT('',(-9.410006503,70.900978538653,1.077927414332)
  );
#608 = B_SPLINE_CURVE_WITH_KNOTS('',3,(#609,#610,#611,#612),
  .UNSPECIFIED.,.F.,.F.,(4,4),(0.,1.9596376868),
  .PIECEWISE_BEZIER_KNOTS.);
#609 = CARTESIAN_POINT('',(-9.410006503,70.900978538653,1.077927414332)
  );
#610 = CARTESIAN_POINT('',(-9.4144917442,70.500988476153,0.846993044057)
  );
#611 = CARTESIAN_POINT('',(-9.4174669595,70.100985447953,0.616051187692)
  );
#612 = CARTESIAN_POINT('',(-9.4189326533,69.700978539353,0.385107091307)
  );
#613 = ORIENTED_EDGE('',*,*,#614,.F.);
#614 = EDGE_CURVE('',#615,#606,#617,.T.);
#615 = VERTEX_POINT('',#616);
#616 = CARTESIAN_POINT('',(-9.3995774838,70.900978538653,1.519927414332)
  );
#617 = CIRCLE('',#618,53.);
#618 = AXIS2_PLACEMENT_3D('',#619,#620,#621);
#619 = CARTESIAN_POINT('',(43.58,70.900978538653,4.874773736205E-02));
#620 = DIRECTION('',(-4.440892098501E-16,-1.,1.110223024625E-16));
#621 = DIRECTION('',(3.330669073875E-16,-1.110223024625E-16,-1.));
#622 = ORIENTED_EDGE('',*,*,#623,.F.);
#623 = EDGE_CURVE('',#624,#615,#626,.T.);
#624 = VERTEX_POINT('',#625);
#625 = CARTESIAN_POINT('',(-9.375803308,69.700978539353,2.212747737362)
  );
#626 = B_SPLINE_CURVE_WITH_KNOTS('',3,(#627,#628,#629,#630),
  .UNSPECIFIED.,.F.,.F.,(4,4),(0.,1.95988545227),
  .PIECEWISE_BEZIER_KNOTS.);
#627 = CARTESIAN_POINT('',(-9.375803308,69.700978539353,2.212747737362)
  );
#628 = CARTESIAN_POINT('',(-9.38523994,70.100954554753,1.981821477192));
#629 = CARTESIAN_POINT('',(-9.3931642167,70.500957597953,1.750879612082)
  );
#630 = CARTESIAN_POINT('',(-9.3995774838,70.900978538653,1.519927414332)
  );
#631 = ORIENTED_EDGE('',*,*,#632,.F.);
#632 = EDGE_CURVE('',#633,#624,#635,.T.);
#633 = VERTEX_POINT('',#634);
#634 = CARTESIAN_POINT('',(-9.3440499737,69.700978539353,2.885107091112)
  );
#635 = CIRCLE('',#636,53.);
#636 = AXIS2_PLACEMENT_3D('',#637,#638,#639);
#637 = CARTESIAN_POINT('',(43.58,69.700978539353,4.874773736205E-02));
#638 = DIRECTION('',(-4.440892098501E-16,-1.,1.110223024625E-16));
#639 = DIRECTION('',(3.330669073875E-16,-1.110223024625E-16,-1.));
#640 = ORIENTED_EDGE('',*,*,#641,.F.);
#641 = EDGE_CURVE('',#642,#633,#644,.T.);
#642 = VERTEX_POINT('',#643);
#643 = CARTESIAN_POINT('',(-9.3023684304,70.900978538653,3.577927414332)
  );
#644 = B_SPLINE_CURVE_WITH_KNOTS('',3,(#645,#646,#647,#648),
  .UNSPECIFIED.,.F.,.F.,(4,4),(0.,1.96048345846),
  .PIECEWISE_BEZIER_KNOTS.);
#645 = CARTESIAN_POINT('',(-9.3023684304,70.900978538653,3.577927414332)
  );
#646 = CARTESIAN_POINT('',(-9.3177789638,70.501019581053,3.347011002492)
  );
#647 = CARTESIAN_POINT('',(-9.3316720226,70.101016501253,3.116069116232)
  );
#648 = CARTESIAN_POINT('',(-9.3440499737,69.700978539353,2.885107091302)
  );
#649 = ORIENTED_EDGE('',*,*,#650,.F.);
#650 = EDGE_CURVE('',#651,#642,#653,.T.);
#651 = VERTEX_POINT('',#652);
#652 = CARTESIAN_POINT('',(-9.2710144839,70.900978538653,4.019927414342)
  );
#653 = CIRCLE('',#654,53.);
#654 = AXIS2_PLACEMENT_3D('',#655,#656,#657);
#655 = CARTESIAN_POINT('',(43.58,70.900978538653,4.874773736205E-02));
#656 = DIRECTION('',(-4.440892098501E-16,-1.,1.110223024625E-16));
#657 = DIRECTION('',(3.330669073875E-16,-1.110223024625E-16,-1.));
#658 = ORIENTED_EDGE('',*,*,#659,.F.);
#659 = EDGE_CURVE('',#660,#651,#662,.T.);
#660 = VERTEX_POINT('',#661);
#661 = CARTESIAN_POINT('',(-9.214385156,69.700978539353,4.712747737362)
  );
#662 = B_SPLINE_CURVE_WITH_KNOTS('',3,(#663,#664,#665,#666),
  .UNSPECIFIED.,.F.,.F.,(4,4),(0.,1.96123293072),
  .PIECEWISE_BEZIER_KNOTS.);
#663 = CARTESIAN_POINT('',(-9.214385156,69.700978539353,4.712747737362)
  );
#664 = CARTESIAN_POINT('',(-9.2347842076,70.100923103153,4.481839635832)
  );
#665 = CARTESIAN_POINT('',(-9.2536595739,70.500926229053,4.250897722922)
  );
#666 = CARTESIAN_POINT('',(-9.2710144839,70.900978538653,4.019927414332)
  );
#667 = ORIENTED_EDGE('',*,*,#668,.F.);
#668 = EDGE_CURVE('',#669,#660,#671,.T.);
#669 = VERTEX_POINT('',#670);
#670 = CARTESIAN_POINT('',(-9.1506672521,69.700978539353,5.385107091102)
  );
#671 = CIRCLE('',#672,53.);
#672 = AXIS2_PLACEMENT_3D('',#673,#674,#675);
#673 = CARTESIAN_POINT('',(43.58,69.700978539353,4.874773736205E-02));
#674 = DIRECTION('',(-4.440892098501E-16,-1.,1.110223024625E-16));
#675 = DIRECTION('',(3.330669073875E-16,-1.110223024625E-16,-1.));
#676 = ORIENTED_EDGE('',*,*,#677,.F.);
#677 = EDGE_CURVE('',#678,#669,#680,.T.);
#678 = VERTEX_POINT('',#679);
#679 = CARTESIAN_POINT('',(-9.0759492595,70.900978538653,6.077927414332)
  );
#680 = B_SPLINE_CURVE_WITH_KNOTS('',3,(#681,#682,#683,#684),
  .UNSPECIFIED.,.F.,.F.,(4,4),(0.,1.96244405297),
  .PIECEWISE_BEZIER_KNOTS.);
#681 = CARTESIAN_POINT('',(-9.0759492595,70.900978538653,6.077927414332)
  );
#682 = CARTESIAN_POINT('',(-9.1023873905,70.501051657253,5.847029521732)
  );
#683 = CARTESIAN_POINT('',(-9.1272919587,70.101048456053,5.616087565402)
  );
#684 = CARTESIAN_POINT('',(-9.150667252,69.700978539353,5.385107091302)
  );
#685 = ORIENTED_EDGE('',*,*,#686,.F.);
#686 = EDGE_CURVE('',#687,#678,#689,.T.);
#687 = VERTEX_POINT('',#688);
#688 = CARTESIAN_POINT('',(-9.0234583805,70.900978538653,6.519927414352)
  );
#689 = CIRCLE('',#690,53.);
#690 = AXIS2_PLACEMENT_3D('',#691,#692,#693);
#691 = CARTESIAN_POINT('',(43.58,70.900978538653,4.874773736205E-02));
#692 = DIRECTION('',(-4.440892098501E-16,-1.,1.110223024625E-16));
#693 = DIRECTION('',(3.330669073875E-16,-1.110223024625E-16,-1.));
#694 = ORIENTED_EDGE('',*,*,#695,.F.);
#695 = EDGE_CURVE('',#696,#687,#698,.T.);
#696 = VERTEX_POINT('',#697);
#697 = CARTESIAN_POINT('',(-8.9335897078,69.700978539353,7.212747737362)
  );
#698 = B_SPLINE_CURVE_WITH_KNOTS('',3,(#699,#700,#701,#702),
  .UNSPECIFIED.,.F.,.F.,(4,4),(0.,1.96371437152),
  .PIECEWISE_BEZIER_KNOTS.);
#699 = CARTESIAN_POINT('',(-8.9335897078,69.700978539353,7.212747737362)
  );
#700 = CARTESIAN_POINT('',(-8.965088032,70.100890327653,6.981858558772)
  );
#701 = CARTESIAN_POINT('',(-8.9950425256,70.500893608753,6.750916556312)
  );
#702 = CARTESIAN_POINT('',(-9.0234583805,70.900978538653,6.519927414332)
  );
#703 = ORIENTED_EDGE('',*,*,#704,.F.);
#704 = EDGE_CURVE('',#705,#696,#707,.T.);
#705 = VERTEX_POINT('',#706);
#706 = CARTESIAN_POINT('',(-8.8374729654,69.700978539353,7.885107091012)
  );
#707 = CIRCLE('',#708,53.);
#708 = AXIS2_PLACEMENT_3D('',#709,#710,#711);
#709 = CARTESIAN_POINT('',(43.58,69.700978539353,4.874773736205E-02));
#710 = DIRECTION('',(-4.440892098501E-16,-1.,1.110223024625E-16));
#711 = DIRECTION('',(3.330669073875E-16,-1.110223024625E-16,-1.));
#712 = ORIENTED_EDGE('',*,*,#713,.F.);
#713 = EDGE_CURVE('',#714,#705,#716,.T.);
#714 = VERTEX_POINT('',#715);
#715 = CARTESIAN_POINT('',(-8.7292065896,70.900978538653,8.577927414352)
  );
#716 = B_SPLINE_CURVE_WITH_KNOTS('',3,(#717,#718,#719,#720),
  .UNSPECIFIED.,.F.,.F.,(4,4),(0.,1.96556989039),
  .PIECEWISE_BEZIER_KNOTS.);
#717 = CARTESIAN_POINT('',(-8.7292065896,70.900978538653,8.577927414352)
  );
#718 = CARTESIAN_POINT('',(-8.7668520267,70.501085503653,8.347049062952)
  );
#719 = CARTESIAN_POINT('',(-8.8029387131,70.101082104253,8.116106992252)
  );
#720 = CARTESIAN_POINT('',(-8.8374729654,69.700978539353,7.885107091302)
  );
#721 = ORIENTED_EDGE('',*,*,#722,.F.);
#722 = EDGE_CURVE('',#723,#714,#725,.T.);
#723 = VERTEX_POINT('',#724);
#724 = CARTESIAN_POINT('',(-8.6552173845,70.900978538653,9.019927414242)
  );
#725 = CIRCLE('',#726,53.);
#726 = AXIS2_PLACEMENT_3D('',#727,#728,#729);
#727 = CARTESIAN_POINT('',(43.58,70.900978538653,4.874773736205E-02));
#728 = DIRECTION('',(-4.440892098501E-16,-1.,1.110223024625E-16));
#729 = DIRECTION('',(3.330669073875E-16,-1.110223024625E-16,-1.));
#730 = ORIENTED_EDGE('',*,*,#731,.F.);
#731 = EDGE_CURVE('',#732,#723,#734,.T.);
#732 = VERTEX_POINT('',#733);
#733 = CARTESIAN_POINT('',(-8.5314872557,69.700978539353,9.712747737362)
  );
#734 = B_SPLINE_CURVE_WITH_KNOTS('',3,(#735,#736,#737,#738),
  .UNSPECIFIED.,.F.,.F.,(4,4),(0.,1.96739433432),
  .PIECEWISE_BEZIER_KNOTS.);
#735 = CARTESIAN_POINT('',(-8.5314872557,69.700978539353,9.712747737362)
  );
#736 = CARTESIAN_POINT('',(-8.5743015791,70.100855386553,9.481878731962)
  );
#737 = CARTESIAN_POINT('',(-8.6155425262,70.500858904153,9.250936592962)
  );
#738 = CARTESIAN_POINT('',(-8.6552173845,70.900978538653,9.019927414332)
  );
#739 = ORIENTED_EDGE('',*,*,#740,.F.);
#740 = EDGE_CURVE('',#741,#732,#743,.T.);
#741 = VERTEX_POINT('',#742);
#742 = CARTESIAN_POINT('',(-8.4023015585,69.700978539353,10.385107090862
    ));
#743 = CIRCLE('',#744,53.);
#744 = AXIS2_PLACEMENT_3D('',#745,#746,#747);
#745 = CARTESIAN_POINT('',(43.58,69.700978539353,4.874773736205E-02));
#746 = DIRECTION('',(-4.440892098501E-16,-1.,1.110223024625E-16));
#747 = DIRECTION('',(3.330669073875E-16,-1.110223024625E-16,-1.));
#748 = ORIENTED_EDGE('',*,*,#749,.F.);
#749 = EDGE_CURVE('',#750,#741,#752,.T.);
#750 = VERTEX_POINT('',#751);
#751 = CARTESIAN_POINT('',(-8.2597260376,70.900978538653,11.077927414362
    ));
#752 = B_SPLINE_CURVE_WITH_KNOTS('',3,(#753,#754,#755,#756),
  .UNSPECIFIED.,.F.,.F.,(4,4),(0.,1.96994373061),
  .PIECEWISE_BEZIER_KNOTS.);
#753 = CARTESIAN_POINT('',(-8.2597260376,70.900978538653,11.077927414362
    ));
#754 = CARTESIAN_POINT('',(-8.3088421582,70.501122029253,10.847070151062
    ));
#755 = CARTESIAN_POINT('',(-8.3563644956,70.101118343353,10.616127914762
    ));
#756 = CARTESIAN_POINT('',(-8.4023015584,69.700978539353,10.385107091262
    ));
#757 = ORIENTED_EDGE('',*,*,#758,.F.);
#758 = EDGE_CURVE('',#759,#750,#761,.T.);
#759 = VERTEX_POINT('',#760);
#760 = CARTESIAN_POINT('',(-8.1637149499,70.900978538653,11.519927414562
    ));
#761 = CIRCLE('',#762,53.);
#762 = AXIS2_PLACEMENT_3D('',#763,#764,#765);
#763 = CARTESIAN_POINT('',(43.58,70.900978538653,4.874773736205E-02));
#764 = DIRECTION('',(-4.440892098501E-16,-1.,1.110223024625E-16));
#765 = DIRECTION('',(3.330669073875E-16,-1.110223024625E-16,-1.));
#766 = ORIENTED_EDGE('',*,*,#767,.F.);
#767 = EDGE_CURVE('',#768,#759,#770,.T.);
#768 = VERTEX_POINT('',#769);
#769 = CARTESIAN_POINT('',(-8.0052411451,69.700978539353,12.212747737362
    ));
#770 = B_SPLINE_CURVE_WITH_KNOTS('',3,(#771,#772,#773,#774),
  .UNSPECIFIED.,.F.,.F.,(4,4),(0.,1.97237196916),
  .PIECEWISE_BEZIER_KNOTS.);
#771 = CARTESIAN_POINT('',(-8.0052411451,69.700978539353,12.212747737362
    ));
#772 = CARTESIAN_POINT('',(-8.0596757672,70.100817300153,11.981900721162
    ));
#773 = CARTESIAN_POINT('',(-8.1124971771,70.500821150053,11.750958390162
    ));
#774 = CARTESIAN_POINT('',(-8.1637149499,70.900978538653,11.519927414362
    ));
#775 = ORIENTED_EDGE('',*,*,#776,.F.);
#776 = EDGE_CURVE('',#777,#768,#779,.T.);
#777 = VERTEX_POINT('',#778);
#778 = CARTESIAN_POINT('',(-7.842056343,69.700978539353,12.885107090962)
  );
#779 = CIRCLE('',#780,53.);
#780 = AXIS2_PLACEMENT_3D('',#781,#782,#783);
#781 = CARTESIAN_POINT('',(43.58,69.700978539353,4.874773736205E-02));
#782 = DIRECTION('',(-4.440892098501E-16,-1.,1.110223024625E-16));
#783 = DIRECTION('',(3.330669073875E-16,-1.110223024625E-16,-1.));
#784 = ORIENTED_EDGE('',*,*,#785,.F.);
#785 = EDGE_CURVE('',#786,#777,#788,.T.);
#786 = VERTEX_POINT('',#787);
#787 = CARTESIAN_POINT('',(-7.6641342718,70.900978538653,13.577927414362
    ));
#788 = B_SPLINE_CURVE_WITH_KNOTS('',3,(#789,#790,#791,#792),
  .UNSPECIFIED.,.F.,.F.,(4,4),(0.,1.97568635662),
  .PIECEWISE_BEZIER_KNOTS.);
#789 = CARTESIAN_POINT('',(-7.6641342718,70.900978538653,13.577927414362
    ));
#790 = CARTESIAN_POINT('',(-7.7250777287,70.501162319053,13.347093412362
    ));
#791 = CARTESIAN_POINT('',(-7.7843814424,70.101158239653,13.116150949062
    ));
#792 = CARTESIAN_POINT('',(-7.8420563429,69.700978539353,12.885107091262
    ));
#793 = ORIENTED_EDGE('',*,*,#794,.F.);
#794 = EDGE_CURVE('',#795,#786,#797,.T.);
#795 = VERTEX_POINT('',#796);
#796 = CARTESIAN_POINT('',(-7.5453962179,70.900978538653,14.019927414262
    ));
#797 = CIRCLE('',#798,53.);
#798 = AXIS2_PLACEMENT_3D('',#799,#800,#801);
#799 = CARTESIAN_POINT('',(43.58,70.900978538653,4.874773736205E-02));
#800 = DIRECTION('',(-4.440892098501E-16,-1.,1.110223024625E-16));
#801 = DIRECTION('',(3.330669073875E-16,-1.110223024625E-16,-1.));
#802 = ORIENTED_EDGE('',*,*,#803,.F.);
#803 = EDGE_CURVE('',#804,#795,#806,.T.);
#804 = VERTEX_POINT('',#805);
#805 = CARTESIAN_POINT('',(-7.3510033673,69.700978539353,14.712747737362
    ));
#806 = B_SPLINE_CURVE_WITH_KNOTS('',3,(#807,#808,#809,#810),
  .UNSPECIFIED.,.F.,.F.,(4,4),(0.,1.97878799789),
  .PIECEWISE_BEZIER_KNOTS.);
#807 = CARTESIAN_POINT('',(-7.3510033673,69.700978539353,14.712747737362
    ));
#808 = CARTESIAN_POINT('',(-7.4174615412,70.100774876953,14.481925214262
    ));
#809 = CARTESIAN_POINT('',(-7.4822551161,70.500779176853,14.250982623662
    ));
#810 = CARTESIAN_POINT('',(-7.5453962179,70.900978538653,14.019927414362
    ));
#811 = ORIENTED_EDGE('',*,*,#812,.F.);
#812 = EDGE_CURVE('',#813,#804,#815,.T.);
#813 = VERTEX_POINT('',#814);
#814 = CARTESIAN_POINT('',(-7.1525938798,69.700978539353,15.385107091262
    ));
#815 = CIRCLE('',#816,53.);
#816 = AXIS2_PLACEMENT_3D('',#817,#818,#819);
#817 = CARTESIAN_POINT('',(43.58,69.700978539353,4.874773736205E-02));
#818 = DIRECTION('',(-4.440892098501E-16,-1.,1.110223024625E-16));
#819 = DIRECTION('',(3.330669073875E-16,-1.110223024625E-16,-1.));
#820 = ORIENTED_EDGE('',*,*,#821,.F.);
#821 = EDGE_CURVE('',#822,#813,#824,.T.);
#822 = VERTEX_POINT('',#823);
#823 = CARTESIAN_POINT('',(-6.9379710488,70.900978538653,16.077927414362
    ));
#824 = B_SPLINE_CURVE_WITH_KNOTS('',3,(#825,#826,#827,#828),
  .UNSPECIFIED.,.F.,.F.,(4,4),(0.,1.98296538069),
  .PIECEWISE_BEZIER_KNOTS.);
#825 = CARTESIAN_POINT('',(-6.9379710488,70.900978538653,16.077927414362
    ));
#826 = CARTESIAN_POINT('',(-7.011205572,70.501207720553,15.847119624962)
  );
#827 = CARTESIAN_POINT('',(-7.082741962,70.101203114753,15.616176857662)
  );
#828 = CARTESIAN_POINT('',(-7.1525938797,69.700978539353,15.385107091262
    ));
#829 = ORIENTED_EDGE('',*,*,#830,.F.);
#830 = EDGE_CURVE('',#831,#822,#833,.T.);
#831 = VERTEX_POINT('',#832);
#832 = CARTESIAN_POINT('',(-6.7955917091,70.900978538653,16.519927414662
    ));
#833 = CIRCLE('',#834,53.);
#834 = AXIS2_PLACEMENT_3D('',#835,#836,#837);
#835 = CARTESIAN_POINT('',(43.58,70.900978538653,4.874773736205E-02));
#836 = DIRECTION('',(-4.440892098501E-16,-1.,1.110223024625E-16));
#837 = DIRECTION('',(3.330669073875E-16,-1.110223024625E-16,-1.));
#838 = ORIENTED_EDGE('',*,*,#839,.F.);
#839 = EDGE_CURVE('',#840,#831,#842,.T.);
#840 = VERTEX_POINT('',#841);
#841 = CARTESIAN_POINT('',(-6.5637643581,69.700978539353,17.212747737362
    ));
#842 = B_SPLINE_CURVE_WITH_KNOTS('',3,(#843,#844,#845,#846),
  .UNSPECIFIED.,.F.,.F.,(4,4),(0.,1.98683531636),
  .PIECEWISE_BEZIER_KNOTS.);
#843 = CARTESIAN_POINT('',(-6.5637643581,69.700978539353,17.212747737362
    ));
#844 = CARTESIAN_POINT('',(-6.6427644002,70.100726611553,16.981953080262
    ));
#845 = CARTESIAN_POINT('',(-6.7200351742,70.500731510153,16.751010143862
    ));
#846 = CARTESIAN_POINT('',(-6.7955917092,70.900978538653,16.519927414362
    ));
#847 = ORIENTED_EDGE('',*,*,#848,.F.);
#848 = EDGE_CURVE('',#849,#840,#851,.T.);
#849 = VERTEX_POINT('',#850);
#850 = CARTESIAN_POINT('',(-6.328559236,69.700978539353,17.885107090862)
  );
#851 = CIRCLE('',#852,53.);
#852 = AXIS2_PLACEMENT_3D('',#853,#854,#855);
#853 = CARTESIAN_POINT('',(43.58,69.700978539353,4.874773736205E-02));
#854 = DIRECTION('',(-4.440892098501E-16,-1.,1.110223024625E-16));
#855 = DIRECTION('',(3.330669073875E-16,-1.110223024625E-16,-1.));
#856 = ORIENTED_EDGE('',*,*,#857,.F.);
#857 = EDGE_CURVE('',#858,#849,#860,.T.);
#858 = VERTEX_POINT('',#859);
#859 = CARTESIAN_POINT('',(-6.0755082594,70.900978538653,18.577927414362
    ));
#860 = B_SPLINE_CURVE_WITH_KNOTS('',3,(#861,#862,#863,#864),
  .UNSPECIFIED.,.F.,.F.,(4,4),(0.,1.99200844208),
  .PIECEWISE_BEZIER_KNOTS.);
#861 = CARTESIAN_POINT('',(-6.0755082594,70.900978538653,18.577927414362
    ));
#862 = CARTESIAN_POINT('',(-6.1616239836,70.501259969253,18.347149790562
    ));
#863 = CARTESIAN_POINT('',(-6.2459687081,70.101254664953,18.116206620262
    ));
#864 = CARTESIAN_POINT('',(-6.3285592358,69.700978539353,17.885107091262
    ));
#865 = ORIENTED_EDGE('',*,*,#866,.F.);
#866 = EDGE_CURVE('',#867,#858,#869,.T.);
#867 = VERTEX_POINT('',#868);
#868 = CARTESIAN_POINT('',(-5.9083253068,70.900978538653,19.019927414262
    ));
#869 = CIRCLE('',#870,53.);
#870 = AXIS2_PLACEMENT_3D('',#871,#872,#873);
#871 = CARTESIAN_POINT('',(43.58,70.900978538653,4.874773736205E-02));
#872 = DIRECTION('',(-4.440892098501E-16,-1.,1.110223024625E-16));
#873 = DIRECTION('',(3.330669073875E-16,-1.110223024625E-16,-1.));
#874 = ORIENTED_EDGE('',*,*,#875,.F.);
#875 = EDGE_CURVE('',#876,#867,#878,.T.);
#876 = VERTEX_POINT('',#877);
#877 = CARTESIAN_POINT('',(-5.6371423795,69.700978539353,19.712747737362
    ));
#878 = B_SPLINE_CURVE_WITH_KNOTS('',3,(#879,#880,#881,#882),
  .UNSPECIFIED.,.F.,.F.,(4,4),(0.,1.99677480953),
  .PIECEWISE_BEZIER_KNOTS.);
#879 = CARTESIAN_POINT('',(-5.6371423795,69.700978539353,19.712747737362
    ));
#880 = CARTESIAN_POINT('',(-5.729340124,70.100670537053,19.481985455062)
  );
#881 = CARTESIAN_POINT('',(-5.8197283003,70.500676229153,19.251042060362
    ));
#882 = CARTESIAN_POINT('',(-5.9083253067,70.900978538653,19.019927414362
    ));
#883 = ORIENTED_EDGE('',*,*,#884,.F.);
#884 = EDGE_CURVE('',#885,#876,#887,.T.);
#885 = VERTEX_POINT('',#886);
#886 = CARTESIAN_POINT('',(-5.3631556833,69.700978539353,20.385107090962
    ));
#887 = CIRCLE('',#888,53.);
#888 = AXIS2_PLACEMENT_3D('',#889,#890,#891);
#889 = CARTESIAN_POINT('',(43.58,69.700978539353,4.874773736205E-02));
#890 = DIRECTION('',(-4.440892098501E-16,-1.,1.110223024625E-16));
#891 = DIRECTION('',(3.330669073875E-16,-1.110223024625E-16,-1.));
#892 = ORIENTED_EDGE('',*,*,#893,.F.);
#893 = EDGE_CURVE('',#894,#885,#896,.T.);
#894 = VERTEX_POINT('',#895);
#895 = CARTESIAN_POINT('',(-5.0694974498,70.900978538653,21.077927414362
    ));
#896 = B_SPLINE_CURVE_WITH_KNOTS('',3,(#897,#898,#899,#900),
  .UNSPECIFIED.,.F.,.F.,(4,4),(0.,2.00312288761),
  .PIECEWISE_BEZIER_KNOTS.);
#897 = CARTESIAN_POINT('',(-5.0694974498,70.900978538653,21.077927414362
    ));
#898 = CARTESIAN_POINT('',(-5.1692378144,70.501321371253,20.847185241262
    ));
#899 = CARTESIAN_POINT('',(-5.2671170633,70.101315140553,20.616241535862
    ));
#900 = CARTESIAN_POINT('',(-5.3631556832,69.700978539353,20.385107091262
    ));
#901 = ORIENTED_EDGE('',*,*,#902,.F.);
#902 = EDGE_CURVE('',#903,#894,#905,.T.);
#903 = VERTEX_POINT('',#904);
#904 = CARTESIAN_POINT('',(-4.8760465089,70.900978538653,21.519927414462
    ));
#905 = CIRCLE('',#906,53.);
#906 = AXIS2_PLACEMENT_3D('',#907,#908,#909);
#907 = CARTESIAN_POINT('',(43.58,70.900978538653,4.874773736205E-02));
#908 = DIRECTION('',(-4.440892098501E-16,-1.,1.110223024625E-16));
#909 = DIRECTION('',(3.330669073875E-16,-1.110223024625E-16,-1.));
#910 = ORIENTED_EDGE('',*,*,#911,.F.);
#911 = EDGE_CURVE('',#912,#903,#914,.T.);
#912 = VERTEX_POINT('',#913);
#913 = CARTESIAN_POINT('',(-4.5630898884,69.700978539353,22.212747737362
    ));
#914 = B_SPLINE_CURVE_WITH_KNOTS('',3,(#915,#916,#917,#918),
  .UNSPECIFIED.,.F.,.F.,(4,4),(0.,2.00895901006),
  .PIECEWISE_BEZIER_KNOTS.);
#915 = CARTESIAN_POINT('',(-4.5630898884,69.700978539353,22.212747737362
    ));
#916 = CARTESIAN_POINT('',(-4.6693099884,70.100604002453,21.982023868662
    ));
#917 = CARTESIAN_POINT('',(-4.7736214011,70.500610750153,21.751079864562
    ));
#918 = CARTESIAN_POINT('',(-4.876046509,70.900978538653,21.519927414362)
  );
#919 = ORIENTED_EDGE('',*,*,#920,.F.);
#920 = EDGE_CURVE('',#921,#912,#923,.T.);
#921 = VERTEX_POINT('',#922);
#922 = CARTESIAN_POINT('',(-4.2478234029,69.700978539353,22.885107091262
    ));
#923 = CIRCLE('',#924,53.);
#924 = AXIS2_PLACEMENT_3D('',#925,#926,#927);
#925 = CARTESIAN_POINT('',(43.58,69.700978539353,4.874773736205E-02));
#926 = DIRECTION('',(-4.440892098501E-16,-1.,1.110223024625E-16));
#927 = DIRECTION('',(3.330669073875E-16,-1.110223024625E-16,-1.));
#928 = ORIENTED_EDGE('',*,*,#929,.F.);
#929 = EDGE_CURVE('',#930,#921,#932,.T.);
#930 = VERTEX_POINT('',#931);
#931 = CARTESIAN_POINT('',(-3.9108170463,70.900978538653,23.577927414362
    ));
#932 = B_SPLINE_CURVE_WITH_KNOTS('',3,(#933,#934,#935,#936),
  .UNSPECIFIED.,.F.,.F.,(4,4),(0.,2.01672542191),
  .PIECEWISE_BEZIER_KNOTS.);
#933 = CARTESIAN_POINT('',(-3.9108170463,70.900978538653,23.577927414362
    ));
#934 = CARTESIAN_POINT('',(-4.0251164624,70.501395086653,23.347227800862
    ));
#935 = CARTESIAN_POINT('',(-4.1374436189,70.101387617553,23.116283380462
    ));
#936 = CARTESIAN_POINT('',(-4.2478234029,69.700978539353,22.885107091262
    ));
#937 = ORIENTED_EDGE('',*,*,#938,.F.);
#938 = EDGE_CURVE('',#939,#930,#941,.T.);
#939 = VERTEX_POINT('',#940);
#940 = CARTESIAN_POINT('',(-3.6892558108,70.900978538653,24.019927414062
    ));
#941 = CIRCLE('',#942,53.);
#942 = AXIS2_PLACEMENT_3D('',#943,#944,#945);
#943 = CARTESIAN_POINT('',(43.58,70.900978538653,4.874773736205E-02));
#944 = DIRECTION('',(-4.440892098501E-16,-1.,1.110223024625E-16));
#945 = DIRECTION('',(3.330669073875E-16,-1.110223024625E-16,-1.));
#946 = ORIENTED_EDGE('',*,*,#947,.F.);
#947 = EDGE_CURVE('',#948,#939,#950,.T.);
#948 = VERTEX_POINT('',#949);
#949 = CARTESIAN_POINT('',(-3.3314815797,69.700978539353,24.712747737362
    ));
#950 = B_SPLINE_CURVE_WITH_KNOTS('',3,(#951,#952,#953,#954),
  .UNSPECIFIED.,.F.,.F.,(4,4),(0.,2.02386803237),
  .PIECEWISE_BEZIER_KNOTS.);
#951 = CARTESIAN_POINT('',(-3.3314815797,69.700978539353,24.712747737362
    ));
#952 = CARTESIAN_POINT('',(-3.4527615839,70.100523326253,24.482070447162
    ));
#953 = CARTESIAN_POINT('',(-3.5720106005,70.500531492453,24.251125624262
    ));
#954 = CARTESIAN_POINT('',(-3.6892558107,70.900978538653,24.019927414362
    ));
#955 = ORIENTED_EDGE('',*,*,#956,.F.);
#956 = EDGE_CURVE('',#957,#948,#959,.T.);
#957 = VERTEX_POINT('',#958);
#958 = CARTESIAN_POINT('',(-2.9717872344,69.700978539353,25.385107090862
    ));
#959 = CIRCLE('',#960,53.);
#960 = AXIS2_PLACEMENT_3D('',#961,#962,#963);
#961 = CARTESIAN_POINT('',(43.58,69.700978539353,4.874773736205E-02));
#962 = DIRECTION('',(-4.440892098501E-16,-1.,1.110223024625E-16));
#963 = DIRECTION('',(3.330669073875E-16,-1.110223024625E-16,-1.));
#964 = ORIENTED_EDGE('',*,*,#965,.F.);
#965 = EDGE_CURVE('',#966,#957,#968,.T.);
#966 = VERTEX_POINT('',#967);
#967 = CARTESIAN_POINT('',(-2.5879738059,70.900978538653,26.077927414362
    ));
#968 = B_SPLINE_CURVE_WITH_KNOTS('',3,(#969,#970,#971,#972),
  .UNSPECIFIED.,.F.,.F.,(4,4),(0.,2.03338769287),
  .PIECEWISE_BEZIER_KNOTS.);
#969 = CARTESIAN_POINT('',(-2.5879738059,70.900978538653,26.077927414362
    ));
#970 = CARTESIAN_POINT('',(-2.7180111738,70.501485577853,25.847280045862
    ));
#971 = CARTESIAN_POINT('',(-2.8459389036,70.101476431553,25.616334657362
    ));
#972 = CARTESIAN_POINT('',(-2.9717872341,69.700978539353,25.385107091262
    ));
#973 = ORIENTED_EDGE('',*,*,#974,.F.);
#974 = EDGE_CURVE('',#975,#966,#977,.T.);
#975 = VERTEX_POINT('',#976);
#976 = CARTESIAN_POINT('',(-2.335973762,70.900978538653,26.519927414262)
  );
#977 = CIRCLE('',#978,53.);
#978 = AXIS2_PLACEMENT_3D('',#979,#980,#981);
#979 = CARTESIAN_POINT('',(43.58,70.900978538653,4.874773736205E-02));
#980 = DIRECTION('',(-4.440892098501E-16,-1.,1.110223024625E-16));
#981 = DIRECTION('',(3.330669073875E-16,-1.110223024625E-16,-1.));
#982 = ORIENTED_EDGE('',*,*,#983,.F.);
#983 = EDGE_CURVE('',#984,#975,#986,.T.);
#984 = VERTEX_POINT('',#985);
#985 = CARTESIAN_POINT('',(-1.9295276179,69.700978539353,27.212747737362
    ));
#986 = B_SPLINE_CURVE_WITH_KNOTS('',3,(#987,#988,#989,#990),
  .UNSPECIFIED.,.F.,.F.,(4,4),(0.,2.04216548179),
  .PIECEWISE_BEZIER_KNOTS.);
#987 = CARTESIAN_POINT('',(-1.9295276179,69.700978539353,27.212747737362
    ));
#988 = CARTESIAN_POINT('',(-2.0671811703,70.100423233953,26.982128235462
    ));
#989 = CARTESIAN_POINT('',(-2.2026521965,70.500433335753,26.751182295062
    ));
#990 = CARTESIAN_POINT('',(-2.335973762,70.900978538653,26.519927414362)
  );
#991 = ORIENTED_EDGE('',*,*,#992,.F.);
#992 = EDGE_CURVE('',#993,#984,#995,.T.);
#993 = VERTEX_POINT('',#994);
#994 = CARTESIAN_POINT('',(-1.521409046,69.700978539353,27.885107091062)
  );
#995 = CIRCLE('',#996,53.);
#996 = AXIS2_PLACEMENT_3D('',#997,#998,#999);
#997 = CARTESIAN_POINT('',(43.58,69.700978539353,4.874773736205E-02));
#998 = DIRECTION('',(-4.440892098501E-16,-1.,1.110223024625E-16));
#999 = DIRECTION('',(3.330669073875E-16,-1.110223024625E-16,-1.));
#1000 = ORIENTED_EDGE('',*,*,#1001,.F.);
#1001 = EDGE_CURVE('',#1002,#993,#1004,.T.);
#1002 = VERTEX_POINT('',#1003);
#1003 = CARTESIAN_POINT('',(-1.0863845297,70.900978538653,
    28.577927414362));
#1004 = B_SPLINE_CURVE_WITH_KNOTS('',3,(#1005,#1006,#1007,#1008),
  .UNSPECIFIED.,.F.,.F.,(4,4),(0.,2.05390839011),
  .PIECEWISE_BEZIER_KNOTS.);
#1005 = CARTESIAN_POINT('',(-1.0863845297,70.900978538653,
    28.577927414362));
#1006 = CARTESIAN_POINT('',(-1.2336609716,70.501599353553,
    28.347345734162));
#1007 = CARTESIAN_POINT('',(-1.3786568546,70.101587894253,
    28.116399010162));
#1008 = CARTESIAN_POINT('',(-1.5214090458,69.700978539353,
    27.885107091262));
#1009 = ORIENTED_EDGE('',*,*,#1010,.F.);
#1010 = EDGE_CURVE('',#1011,#1002,#1013,.T.);
#1011 = VERTEX_POINT('',#1012);
#1012 = CARTESIAN_POINT('',(-0.8009728161,70.900978538653,
    29.019927414662));
#1013 = CIRCLE('',#1014,53.);
#1014 = AXIS2_PLACEMENT_3D('',#1015,#1016,#1017);
#1015 = CARTESIAN_POINT('',(43.58,70.900978538653,4.874773736205E-02));
#1016 = DIRECTION('',(-4.440892098501E-16,-1.,1.110223024625E-16));
#1017 = DIRECTION('',(3.330669073875E-16,-1.110223024625E-16,-1.));
#1018 = ORIENTED_EDGE('',*,*,#1019,.F.);
#1019 = EDGE_CURVE('',#1020,#1011,#1022,.T.);
#1020 = VERTEX_POINT('',#1021);
#1021 = CARTESIAN_POINT('',(-0.3409187518,69.700978539353,
    29.712747737362));
#1022 = B_SPLINE_CURVE_WITH_KNOTS('',3,(#1023,#1024,#1025,#1026),
  .UNSPECIFIED.,.F.,.F.,(4,4),(0.,2.06478824961),
  .PIECEWISE_BEZIER_KNOTS.);
#1023 = CARTESIAN_POINT('',(-0.3409187518,69.700978539353,
    29.712747737362));
#1024 = CARTESIAN_POINT('',(-0.4966285251,70.100295910753,
    29.482201745462));
#1025 = CARTESIAN_POINT('',(-0.6499664089,70.500308709553,
    29.251254248062));
#1026 = CARTESIAN_POINT('',(-0.8009728163,70.900978538653,
    29.019927414362));
#1027 = ORIENTED_EDGE('',*,*,#1028,.F.);
#1028 = EDGE_CURVE('',#1029,#1020,#1031,.T.);
#1029 = VERTEX_POINT('',#1030);
#1030 = CARTESIAN_POINT('',(0.1207627636,69.700978539353,30.385107090962
    ));
#1031 = CIRCLE('',#1032,53.);
#1032 = AXIS2_PLACEMENT_3D('',#1033,#1034,#1035);
#1033 = CARTESIAN_POINT('',(43.58,69.700978539353,4.874773736205E-02));
#1034 = DIRECTION('',(-4.440892098501E-16,-1.,1.110223024625E-16));
#1035 = DIRECTION('',(3.330669073875E-16,-1.110223024625E-16,-1.));
#1036 = ORIENTED_EDGE('',*,*,#1037,.F.);
#1037 = EDGE_CURVE('',#1038,#1029,#1040,.T.);
#1038 = VERTEX_POINT('',#1039);
#1039 = CARTESIAN_POINT('',(0.5916294796,70.850437856653,31.048747737362
    ));
#1040 = B_SPLINE_CURVE_WITH_KNOTS('',3,(#1041,#1042,#1043,#1044),
  .UNSPECIFIED.,.F.,.F.,(4,4),(0.,1.99169022041),
  .PIECEWISE_BEZIER_KNOTS.);
#1041 = CARTESIAN_POINT('',(0.5916294796,70.850437856653,31.048747737362
    ));
#1042 = CARTESIAN_POINT('',(0.4323995885,70.467987988553,30.827940203262
    ));
#1043 = CARTESIAN_POINT('',(0.2754572259,70.084821900253,30.606719159062
    ));
#1044 = CARTESIAN_POINT('',(0.1207627638,69.700978539353,30.385107091262
    ));
#1045 = ORIENTED_EDGE('',*,*,#1046,.F.);
#1046 = EDGE_CURVE('',#1047,#1038,#1049,.T.);
#1047 = VERTEX_POINT('',#1048);
#1048 = CARTESIAN_POINT('',(0.5916294794,71.100978539753,31.048747737062
    ));
#1049 = LINE('',#1050,#1051);
#1050 = CARTESIAN_POINT('',(0.5916294794,86.200978539353,31.048747737062
    ));
#1051 = VECTOR('',#1052,1.);
#1052 = DIRECTION('',(-4.440892098501E-16,-1.,1.110224117768E-16));
#1053 = ORIENTED_EDGE('',*,*,#1054,.T.);
#1054 = EDGE_CURVE('',#1047,#1055,#1057,.T.);
#1055 = VERTEX_POINT('',#1056);
#1056 = CARTESIAN_POINT('',(0.956649592,71.600978539753,31.548747737362)
  );
#1057 = B_SPLINE_CURVE_WITH_KNOTS('',5,(#1058,#1059,#1060,#1061,#1062,
    #1063),.UNSPECIFIED.,.F.,.F.,(6,6),(0.,1.28123636364),
  .PIECEWISE_BEZIER_KNOTS.);
#1058 = CARTESIAN_POINT('',(0.5916294796,71.100978539753,31.048747737362
    ));
#1059 = CARTESIAN_POINT('',(0.5916294796,71.277159913753,31.048747737362
    ));
#1060 = CARTESIAN_POINT('',(0.6513683491,71.454840080053,31.131684483762
    ));
#1061 = CARTESIAN_POINT('',(0.748393184,71.548913826453,31.265818101862)
  );
#1062 = CARTESIAN_POINT('',(0.8519380207,71.600978539753,31.407060181862
    ));
#1063 = CARTESIAN_POINT('',(0.956649592,71.600978539753,31.548747737362)
  );
#1064 = ORIENTED_EDGE('',*,*,#1065,.F.);
#1065 = EDGE_CURVE('',#1066,#1055,#1068,.T.);
#1066 = VERTEX_POINT('',#1067);
#1067 = CARTESIAN_POINT('',(14.0334265941,71.600978539753,
    44.048747737062));
#1068 = CIRCLE('',#1069,53.);
#1069 = AXIS2_PLACEMENT_3D('',#1070,#1071,#1072);
#1070 = CARTESIAN_POINT('',(43.58,71.600978539753,4.874773736205E-02));
#1071 = DIRECTION('',(-4.440892098501E-16,-1.,1.110223024625E-16));
#1072 = DIRECTION('',(3.330669073875E-16,-1.110223024625E-16,-1.));
#1073 = ORIENTED_EDGE('',*,*,#1074,.F.);
#1074 = EDGE_CURVE('',#114,#1066,#1075,.T.);
#1075 = LINE('',#1076,#1077);
#1076 = CARTESIAN_POINT('',(14.0334265946,86.200978539353,
    44.048747737362));
#1077 = VECTOR('',#1078,1.);
#1078 = DIRECTION('',(-4.440892098501E-16,-1.,1.110224117768E-16));
#1079 = ORIENTED_EDGE('',*,*,#113,.T.);
#1080 = ORIENTED_EDGE('',*,*,#332,.T.);
#1081 = ORIENTED_EDGE('',*,*,#1082,.T.);
#1082 = EDGE_CURVE('',#333,#1083,#1085,.T.);
#1083 = VERTEX_POINT('',#1084);
#1084 = CARTESIAN_POINT('',(-8.4680547187,99.684293401853,
    -9.951252262638));
#1085 = LINE('',#1086,#1087);
#1086 = CARTESIAN_POINT('',(-8.4680547187,86.200978539353,
    -9.951252262638));
#1087 = VECTOR('',#1088,1.);
#1088 = DIRECTION('',(-4.440892098501E-16,-1.,1.110222341411E-16));
#1089 = ORIENTED_EDGE('',*,*,#1090,.T.);
#1090 = EDGE_CURVE('',#1083,#1091,#1093,.T.);
#1091 = VERTEX_POINT('',#1092);
#1092 = CARTESIAN_POINT('',(-9.0792821827,92.200978539353,
    -5.951252262638));
#1093 = B_SPLINE_CURVE_WITH_KNOTS('',5,(#1094,#1095,#1096,#1097,#1098,
    #1099),.UNSPECIFIED.,.F.,.F.,(6,6),(0.,12.6700673011),
  .PIECEWISE_BEZIER_KNOTS.);
#1094 = CARTESIAN_POINT('',(-8.4680546714,99.684293312453,
    -9.951252508638));
#1095 = CARTESIAN_POINT('',(-8.747778459,98.711523366153,-8.495344645448
    ));
#1096 = CARTESIAN_POINT('',(-8.9314913964,97.376082577653,
    -7.262721460418));
#1097 = CARTESIAN_POINT('',(-9.029134027,95.747450765253,-6.387543437228
    ));
#1098 = CARTESIAN_POINT('',(-9.0792821827,93.974179970653,
    -5.951252262638));
#1099 = CARTESIAN_POINT('',(-9.0792821827,92.200978539353,
    -5.951252262638));
#1100 = ORIENTED_EDGE('',*,*,#1101,.F.);
#1101 = EDGE_CURVE('',#1102,#1091,#1104,.T.);
#1102 = VERTEX_POINT('',#1103);
#1103 = CARTESIAN_POINT('',(-8.4680546714,84.717663766253,
    -9.951252508638));
#1104 = B_SPLINE_CURVE_WITH_KNOTS('',5,(#1105,#1106,#1107,#1108,#1109,
    #1110),.UNSPECIFIED.,.F.,.F.,(6,6),(0.,12.6700672995),
  .PIECEWISE_BEZIER_KNOTS.);
#1105 = CARTESIAN_POINT('',(-8.4680546714,84.717663766253,
    -9.951252508638));
#1106 = CARTESIAN_POINT('',(-8.747778459,85.690433712453,-8.495344645768
    ));
#1107 = CARTESIAN_POINT('',(-8.9314913964,87.025874500953,
    -7.262721460358));
#1108 = CARTESIAN_POINT('',(-9.029134027,88.654506312053,-6.387543437568
    ));
#1109 = CARTESIAN_POINT('',(-9.0792821827,90.427777108353,
    -5.951252262638));
#1110 = CARTESIAN_POINT('',(-9.0792821827,92.200978539353,
    -5.951252262638));
#1111 = ORIENTED_EDGE('',*,*,#1112,.T.);
#1112 = EDGE_CURVE('',#1102,#453,#1113,.T.);
#1113 = LINE('',#1114,#1115);
#1114 = CARTESIAN_POINT('',(-8.4680546715,86.200978539353,
    -9.951252508538));
#1115 = VECTOR('',#1116,1.);
#1116 = DIRECTION('',(-4.440892098501E-16,-1.,1.110222341411E-16));
#1117 = FACE_BOUND('',#1118,.T.);
#1118 = EDGE_LOOP('',(#1119,#1147));
#1119 = ORIENTED_EDGE('',*,*,#1120,.F.);
#1120 = EDGE_CURVE('',#1121,#1123,#1125,.T.);
#1121 = VERTEX_POINT('',#1122);
#1122 = CARTESIAN_POINT('',(-3.6746294028,92.200978539353,
    24.048747737362));
#1123 = VERTEX_POINT('',#1124);
#1124 = CARTESIAN_POINT('',(-9.0792821827,92.200978539353,6.048747737362
    ));
#1125 = B_SPLINE_CURVE_WITH_KNOTS('',5,(#1126,#1127,#1128,#1129,#1130,
    #1131,#1132,#1133,#1134,#1135,#1136,#1137,#1138,#1139,#1140,#1141,
    #1142,#1143,#1144,#1145,#1146),.UNSPECIFIED.,.F.,.F.,(6,3,3,3,3,3,6)
  ,(0.,5.98658145528,12.3667572321,18.9465617292,25.3492464699,
    31.606812477,41.0861769168),.UNSPECIFIED.);
#1126 = CARTESIAN_POINT('',(-3.6746294028,92.200978539353,
    24.048747737362));
#1127 = CARTESIAN_POINT('',(-3.6746294028,93.044873784253,
    24.048747737362));
#1128 = CARTESIAN_POINT('',(-3.7248649898,93.888768254953,
    23.949836735562));
#1129 = CARTESIAN_POINT('',(-3.8254422347,94.712445354353,
    23.751912568862));
#1130 = CARTESIAN_POINT('',(-4.1225238453,96.336819615253,
    23.155521093162));
#1131 = CARTESIAN_POINT('',(-4.5678158501,97.751912732053,
    22.213141264362));
#1132 = CARTESIAN_POINT('',(-4.8268781627,98.412492986653,
    21.646183286262));
#1133 = CARTESIAN_POINT('',(-5.3892741101,99.597383440153,
    20.357700812762));
#1134 = CARTESIAN_POINT('',(-5.9895824795,100.43727734035,
    18.835335631962));
#1135 = CARTESIAN_POINT('',(-6.2943683944,100.76746248005,
    18.014403935862));
#1136 = CARTESIAN_POINT('',(-6.8791176768,101.21666395815,
    16.325617137962));
#1137 = CARTESIAN_POINT('',(-7.4066910009,101.25055112065,
    14.561036440762));
#1138 = CARTESIAN_POINT('',(-7.6468744478,101.16247312585,
    13.687670947562));
#1139 = CARTESIAN_POINT('',(-8.075573347,100.77507027375,11.984982749862
    ));
#1140 = CARTESIAN_POINT('',(-8.4071051174,99.983480300153,
    10.405657805962));
#1141 = CARTESIAN_POINT('',(-8.5461325116,99.497070582053,9.671818672962
    ));
#1142 = CARTESIAN_POINT('',(-8.8367709611,98.056399815753,7.987836185642
    ));
#1143 = CARTESIAN_POINT('',(-8.9949188751,96.148269543853,6.793036523902
    ));
#1144 = CARTESIAN_POINT('',(-9.051025475,94.873484118653,6.296744061452)
  );
#1145 = CARTESIAN_POINT('',(-9.0792821827,93.537232064853,6.048747737362
    ));
#1146 = CARTESIAN_POINT('',(-9.0792821827,92.200978539353,6.048747737362
    ));
#1147 = ORIENTED_EDGE('',*,*,#1148,.T.);
#1148 = EDGE_CURVE('',#1121,#1123,#1149,.T.);
#1149 = B_SPLINE_CURVE_WITH_KNOTS('',5,(#1150,#1151,#1152,#1153,#1154,
    #1155,#1156,#1157,#1158,#1159,#1160,#1161,#1162,#1163,#1164,#1165,
    #1166,#1167,#1168,#1169,#1170),.UNSPECIFIED.,.F.,.F.,(6,3,3,3,3,3,6)
  ,(0.,5.98658146111,12.3667572533,18.9465617509,25.3492465015,
    31.6068125171,41.0861769634),.UNSPECIFIED.);
#1150 = CARTESIAN_POINT('',(-3.6746294028,92.200978539353,
    24.048747737362));
#1151 = CARTESIAN_POINT('',(-3.6746294028,91.357083293553,
    24.048747737362));
#1152 = CARTESIAN_POINT('',(-3.7248649899,90.513188822053,
    23.949836735362));
#1153 = CARTESIAN_POINT('',(-3.8254422344,89.689511727853,
    23.751912569462));
#1154 = CARTESIAN_POINT('',(-4.1225238455,88.065137464053,
    23.155521092762));
#1155 = CARTESIAN_POINT('',(-4.5678158512,86.650044344753,
    22.213141262062));
#1156 = CARTESIAN_POINT('',(-4.8268781613,85.989464094853,
    21.646183289562));
#1157 = CARTESIAN_POINT('',(-5.3892741094,84.804573639653,
    20.357700814562));
#1158 = CARTESIAN_POINT('',(-5.9895824795,83.964679738153,
    18.835335632062));
#1159 = CARTESIAN_POINT('',(-6.2943683942,83.634494599253,
    18.014403936362));
#1160 = CARTESIAN_POINT('',(-6.879117677,83.185293119753,16.325617137262
    ));
#1161 = CARTESIAN_POINT('',(-7.4066910016,83.151405958353,
    14.561036438362));
#1162 = CARTESIAN_POINT('',(-7.646874447,83.239483952753,13.687670950662
    ));
#1163 = CARTESIAN_POINT('',(-8.075573347,83.626886804153,11.984982750162
    ));
#1164 = CARTESIAN_POINT('',(-8.4071051178,84.418476779953,
    10.405657804162));
#1165 = CARTESIAN_POINT('',(-8.5461325112,84.904886495053,9.671818675252
    ));
#1166 = CARTESIAN_POINT('',(-8.836770961,86.345557262553,7.987836185912)
  );
#1167 = CARTESIAN_POINT('',(-8.9949188752,88.253687536453,6.793036523082
    ));
#1168 = CARTESIAN_POINT('',(-9.051025475,89.528472958053,6.296744061812)
  );
#1169 = CARTESIAN_POINT('',(-9.0792821827,90.864725012853,6.048747737362
    ));
#1170 = CARTESIAN_POINT('',(-9.0792821827,92.200978539353,6.048747737362
    ));
#1171 = CYLINDRICAL_SURFACE('',#1172,53.);
#1172 = AXIS2_PLACEMENT_3D('',#1173,#1174,#1175);
#1173 = CARTESIAN_POINT('',(43.58,86.200978539353,4.874773736205E-02));
#1174 = DIRECTION('',(-4.440892098501E-16,-1.,1.110223024625E-16));
#1175 = DIRECTION('',(-0.557482517083,3.397414291648E-16,0.830188679245)
  );
#1176 = ADVANCED_FACE('',(#1177,#1195,#1255),#1315,.F.);
#1177 = FACE_BOUND('',#1178,.T.);
#1178 = EDGE_LOOP('',(#1179,#1180,#1181,#1189));
#1179 = ORIENTED_EDGE('',*,*,#124,.T.);
#1180 = ORIENTED_EDGE('',*,*,#1074,.T.);
#1181 = ORIENTED_EDGE('',*,*,#1182,.F.);
#1182 = EDGE_CURVE('',#1183,#1066,#1185,.T.);
#1183 = VERTEX_POINT('',#1184);
#1184 = CARTESIAN_POINT('',(73.1265734054,71.600978539753,
    44.048747737362));
#1185 = LINE('',#1186,#1187);
#1186 = CARTESIAN_POINT('',(43.579999999315,71.600978539753,
    44.048747737362));
#1187 = VECTOR('',#1188,1.);
#1188 = DIRECTION('',(-1.,4.440892098501E-16,-4.533080477045E-16));
#1189 = ORIENTED_EDGE('',*,*,#1190,.T.);
#1190 = EDGE_CURVE('',#1183,#125,#1191,.T.);
#1191 = LINE('',#1192,#1193);
#1192 = CARTESIAN_POINT('',(73.1265734054,86.938386512353,
    44.048747737362));
#1193 = VECTOR('',#1194,1.);
#1194 = DIRECTION('',(4.440892098501E-16,1.,-4.270088556252E-17));
#1195 = FACE_BOUND('',#1196,.T.);
#1196 = EDGE_LOOP('',(#1197,#1228));
#1197 = ORIENTED_EDGE('',*,*,#1198,.T.);
#1198 = EDGE_CURVE('',#1199,#1201,#1203,.T.);
#1199 = VERTEX_POINT('',#1200);
#1200 = CARTESIAN_POINT('',(34.18365245423,98.090974118053,
    44.048747737362));
#1201 = VERTEX_POINT('',#1202);
#1202 = CARTESIAN_POINT('',(30.9763475463,91.310982960653,
    44.048747737362));
#1203 = B_SPLINE_CURVE_WITH_KNOTS('',5,(#1204,#1205,#1206,#1207,#1208,
    #1209,#1210,#1211,#1212,#1213,#1214,#1215,#1216,#1217,#1218,#1219,
    #1220,#1221,#1222,#1223,#1224,#1225,#1226,#1227),.UNSPECIFIED.,.F.,
  .F.,(6,3,3,3,3,3,3,6),(0.,2.36469857904,4.93702491933,7.7572326368,
    10.5794304769,13.1541268025,15.5200050517,15.6130102005),
  .UNSPECIFIED.);
#1204 = CARTESIAN_POINT('',(34.18365245423,98.090974118053,
    44.048747737362));
#1205 = CARTESIAN_POINT('',(34.48484302744,97.947854728153,
    44.048747737362));
#1206 = CARTESIAN_POINT('',(34.76485206734,97.760161987253,
    44.048747737362));
#1207 = CARTESIAN_POINT('',(35.01459897305,97.532218474353,
    44.048747737362));
#1208 = CARTESIAN_POINT('',(35.46159178609,96.990624769053,
    44.048747737362));
#1209 = CARTESIAN_POINT('',(35.74599987559,96.347296017753,
    44.048747737362));
#1210 = CARTESIAN_POINT('',(35.84800900442,95.994640539653,
    44.048747737362));
#1211 = CARTESIAN_POINT('',(35.9689321324,95.238704323253,
    44.048747737362));
#1212 = CARTESIAN_POINT('',(35.90497450329,94.474731927153,
    44.048747737362));
#1213 = CARTESIAN_POINT('',(35.82384063884,94.081436571953,
    44.048747737362));
#1214 = CARTESIAN_POINT('',(35.57284807721,93.320866010153,
    44.048747737362));
#1215 = CARTESIAN_POINT('',(35.15579966495,92.636972718353,
    44.048747737362));
#1216 = CARTESIAN_POINT('',(34.90850174909,92.320236443253,
    44.048747737362));
#1217 = CARTESIAN_POINT('',(34.36754264811,91.776272320153,
    44.048747737362));
#1218 = CARTESIAN_POINT('',(33.71296355279,91.378089714253,
    44.048747737362));
#1219 = CARTESIAN_POINT('',(33.3780605673,91.226985442753,
    44.048747737362));
#1220 = CARTESIAN_POINT('',(32.7035230615,91.026027081453,
    44.048747737362));
#1221 = CARTESIAN_POINT('',(32.0009056434,91.014445508253,
    44.048747737362));
#1222 = CARTESIAN_POINT('',(31.665235927,91.056357016953,44.048747737362
    ));
#1223 = CARTESIAN_POINT('',(31.3277271873,91.150972173253,
    44.048747737362));
#1224 = CARTESIAN_POINT('',(31.0119843781,91.294302673253,
    44.048747737362));
#1225 = CARTESIAN_POINT('',(31.0000723557,91.299793953153,
    44.048747737362));
#1226 = CARTESIAN_POINT('',(30.9881935694,91.305353981053,
    44.048747737362));
#1227 = CARTESIAN_POINT('',(30.9763475463,91.310982960653,
    44.048747737362));
#1228 = ORIENTED_EDGE('',*,*,#1229,.T.);
#1229 = EDGE_CURVE('',#1201,#1199,#1230,.T.);
#1230 = B_SPLINE_CURVE_WITH_KNOTS('',5,(#1231,#1232,#1233,#1234,#1235,
    #1236,#1237,#1238,#1239,#1240,#1241,#1242,#1243,#1244,#1245,#1246,
    #1247,#1248,#1249,#1250,#1251,#1252,#1253,#1254),.UNSPECIFIED.,.F.,
  .F.,(6,3,3,3,3,3,3,6),(0.,2.3646985855,4.93702493368,7.75723265084,
    10.5794305046,13.1541268541,15.5200051314,15.6130102695),
  .UNSPECIFIED.);
#1231 = CARTESIAN_POINT('',(30.9763475463,91.310982960653,
    44.048747737362));
#1232 = CARTESIAN_POINT('',(30.6751569717,91.454102351153,
    44.048747737362));
#1233 = CARTESIAN_POINT('',(30.3951479307,91.641795093153,
    44.048747737362));
#1234 = CARTESIAN_POINT('',(30.1454010295,91.869738602153,
    44.048747737362));
#1235 = CARTESIAN_POINT('',(29.6984082139,92.411332309653,
    44.048747737362));
#1236 = CARTESIAN_POINT('',(29.4140001233,93.054661064053,
    44.048747737362));
#1237 = CARTESIAN_POINT('',(29.3119909975,93.407316533853,
    44.048747737362));
#1238 = CARTESIAN_POINT('',(29.1910678678,94.163252752453,
    44.048747737362));
#1239 = CARTESIAN_POINT('',(29.2550254964,94.927225150953,
    44.048747737362));
#1240 = CARTESIAN_POINT('',(29.3361593604,95.320520501453,
    44.048747737362));
#1241 = CARTESIAN_POINT('',(29.5871519218,96.081091066753,
    44.048747737362));
#1242 = CARTESIAN_POINT('',(30.0042003356,96.764984361453,
    44.048747737362));
#1243 = CARTESIAN_POINT('',(30.2514982448,97.081720627253,
    44.048747737362));
#1244 = CARTESIAN_POINT('',(30.7924573493,97.625684756053,
    44.048747737362));
#1245 = CARTESIAN_POINT('',(31.4470364501,98.023867366053,
    44.048747737362));
#1246 = CARTESIAN_POINT('',(31.7819394202,98.174971630153,
    44.048747737362));
#1247 = CARTESIAN_POINT('',(32.4564769337,98.375929996653,
    44.048747737362));
#1248 = CARTESIAN_POINT('',(33.1590943605,98.387511569953,
    44.048747737362));
#1249 = CARTESIAN_POINT('',(33.4947640731,98.345600062953,
    44.048747737362));
#1250 = CARTESIAN_POINT('',(33.83227281547,98.250984904753,
    44.048747737362));
#1251 = CARTESIAN_POINT('',(34.1480156271,98.107654402953,
    44.048747737362));
#1252 = CARTESIAN_POINT('',(34.15992764745,98.102163124253,
    44.048747737362));
#1253 = CARTESIAN_POINT('',(34.17180643244,98.096603096953,
    44.048747737362));
#1254 = CARTESIAN_POINT('',(34.18365245423,98.090974118053,
    44.048747737362));
#1255 = FACE_BOUND('',#1256,.T.);
#1256 = EDGE_LOOP('',(#1257,#1288));
#1257 = ORIENTED_EDGE('',*,*,#1258,.T.);
#1258 = EDGE_CURVE('',#1259,#1261,#1263,.T.);
#1259 = VERTEX_POINT('',#1260);
#1260 = CARTESIAN_POINT('',(55.6745258786,97.729717419853,
    44.048747737362));
#1261 = VERTEX_POINT('',#1262);
#1262 = CARTESIAN_POINT('',(52.48547412193,91.672239658853,
    44.048747737362));
#1263 = B_SPLINE_CURVE_WITH_KNOTS('',5,(#1264,#1265,#1266,#1267,#1268,
    #1269,#1270,#1271,#1272,#1273,#1274,#1275,#1276,#1277,#1278,#1279,
    #1280,#1281,#1282,#1283,#1284,#1285,#1286,#1287),.UNSPECIFIED.,.F.,
  .F.,(6,3,3,3,3,3,3,6),(0.,2.77980248272,5.61398611727,8.22800927865,
    10.6175227711,12.9706139734,15.4906657419,15.5741942701),
  .UNSPECIFIED.);
#1264 = CARTESIAN_POINT('',(55.6745258786,97.729717419853,
    44.048747737362));
#1265 = CARTESIAN_POINT('',(55.9945393939,97.503303657753,
    44.048747737362));
#1266 = CARTESIAN_POINT('',(56.2851018728,97.235265191153,
    44.048747737362));
#1267 = CARTESIAN_POINT('',(56.5412869391,96.933333872653,
    44.048747737362));
#1268 = CARTESIAN_POINT('',(56.9829014032,96.270031503853,
    44.048747737362));
#1269 = CARTESIAN_POINT('',(57.2614235901,95.523194009853,
    44.048747737362));
#1270 = CARTESIAN_POINT('',(57.3577455828,95.131299309253,
    44.048747737362));
#1271 = CARTESIAN_POINT('',(57.4520296004,94.362777583853,
    44.048747737362));
#1272 = CARTESIAN_POINT('',(57.361768836,93.594665415053,44.048747737362
    ));
#1273 = CARTESIAN_POINT('',(57.2738249568,93.232292150253,
    44.048747737362));
#1274 = CARTESIAN_POINT('',(57.016275802,92.567888735753,44.048747737362
    ));
#1275 = CARTESIAN_POINT('',(56.5927372114,91.996268951053,
    44.048747737362));
#1276 = CARTESIAN_POINT('',(56.3536810752,91.752384644453,
    44.048747737362));
#1277 = CARTESIAN_POINT('',(55.8147020001,91.344315230453,
    44.048747737362));
#1278 = CARTESIAN_POINT('',(55.1811912259,91.108821346253,
    44.048747737362));
#1279 = CARTESIAN_POINT('',(54.8518242324,91.039876542653,
    44.048747737362));
#1280 = CARTESIAN_POINT('',(54.1596276053,90.996838871253,
    44.048747737362));
#1281 = CARTESIAN_POINT('',(53.48153654716,91.146715966353,
    44.048747737362));
#1282 = CARTESIAN_POINT('',(53.14422265492,91.272036075453,
    44.048747737362));
#1283 = CARTESIAN_POINT('',(52.81660192297,91.443416398353,
    44.048747737362));
#1284 = CARTESIAN_POINT('',(52.51440177855,91.651942276153,
    44.048747737362));
#1285 = CARTESIAN_POINT('',(52.5047324807,91.658670515253,
    44.048747737362));
#1286 = CARTESIAN_POINT('',(52.4950900058,91.665436294753,
    44.048747737362));
#1287 = CARTESIAN_POINT('',(52.48547412193,91.672239658853,
    44.048747737362));
#1288 = ORIENTED_EDGE('',*,*,#1289,.T.);
#1289 = EDGE_CURVE('',#1261,#1259,#1290,.T.);
#1290 = B_SPLINE_CURVE_WITH_KNOTS('',5,(#1291,#1292,#1293,#1294,#1295,
    #1296,#1297,#1298,#1299,#1300,#1301,#1302,#1303,#1304,#1305,#1306,
    #1307,#1308,#1309,#1310,#1311,#1312,#1313,#1314),.UNSPECIFIED.,.F.,
  .F.,(6,3,3,3,3,3,3,6),(0.,2.77980247422,5.61398611063,8.22800927944,
    10.6175227487,12.9706139332,15.4906657129,15.5741942249),
  .UNSPECIFIED.);
#1291 = CARTESIAN_POINT('',(52.48547412193,91.672239658853,
    44.048747737362));
#1292 = CARTESIAN_POINT('',(52.16546060809,91.898653419953,
    44.048747737362));
#1293 = CARTESIAN_POINT('',(51.87489813042,92.166691885053,
    44.048747737362));
#1294 = CARTESIAN_POINT('',(51.61871305729,92.468623209053,
    44.048747737362));
#1295 = CARTESIAN_POINT('',(51.17709859501,93.131925576253,
    44.048747737362));
#1296 = CARTESIAN_POINT('',(50.89857640897,93.878763068253,
    44.048747737362));
#1297 = CARTESIAN_POINT('',(50.80225441604,94.270657777553,
    44.048747737362));
#1298 = CARTESIAN_POINT('',(50.70797039996,95.039179503253,
    44.048747737362));
#1299 = CARTESIAN_POINT('',(50.79823116613,95.807291671853,
    44.048747737362));
#1300 = CARTESIAN_POINT('',(50.88617504528,96.169664937753,
    44.048747737362));
#1301 = CARTESIAN_POINT('',(51.14372420053,96.834068348453,
    44.048747737362));
#1302 = CARTESIAN_POINT('',(51.56726278974,97.405688129853,
    44.048747737362));
#1303 = CARTESIAN_POINT('',(51.80631893775,97.649572446253,
    44.048747737362));
#1304 = CARTESIAN_POINT('',(52.34529800911,98.057641853453,
    44.048747737362));
#1305 = CARTESIAN_POINT('',(52.97880877711,98.293135734053,
    44.048747737362));
#1306 = CARTESIAN_POINT('',(53.30817578355,98.362080538553,
    44.048747737362));
#1307 = CARTESIAN_POINT('',(54.0003724087,98.405118206653,
    44.048747737362));
#1308 = CARTESIAN_POINT('',(54.6784634643,98.255241109853,
    44.048747737362));
#1309 = CARTESIAN_POINT('',(55.0157773538,98.129920998353,
    44.048747737362));
#1310 = CARTESIAN_POINT('',(55.3433980845,97.958540675453,
    44.048747737362));
#1311 = CARTESIAN_POINT('',(55.6455982274,97.750014797653,
    44.048747737362));
#1312 = CARTESIAN_POINT('',(55.6552675235,97.743286560753,
    44.048747737362));
#1313 = CARTESIAN_POINT('',(55.6649099965,97.736520782653,
    44.048747737362));
#1314 = CARTESIAN_POINT('',(55.6745258786,97.729717419853,
    44.048747737362));
#1315 = PLANE('',#1316);
#1316 = AXIS2_PLACEMENT_3D('',#1317,#1318,#1319);
#1317 = CARTESIAN_POINT('',(73.1265734054,69.700978539353,
    44.048747737362));
#1318 = DIRECTION('',(4.555315873025E-16,-1.110223024625E-16,-1.));
#1319 = DIRECTION('',(-1.,4.440892098501E-16,-4.555315873025E-16));
#1320 = ADVANCED_FACE('',(#1321),#1441,.T.);
#1321 = FACE_BOUND('',#1322,.T.);
#1322 = EDGE_LOOP('',(#1323,#1324,#1325,#1326,#1335,#1346,#1354,#1363,
    #1372,#1381,#1390,#1399,#1408,#1417,#1426,#1435));
#1323 = ORIENTED_EDGE('',*,*,#170,.T.);
#1324 = ORIENTED_EDGE('',*,*,#132,.F.);
#1325 = ORIENTED_EDGE('',*,*,#1190,.F.);
#1326 = ORIENTED_EDGE('',*,*,#1327,.F.);
#1327 = EDGE_CURVE('',#1328,#1183,#1330,.T.);
#1328 = VERTEX_POINT('',#1329);
#1329 = CARTESIAN_POINT('',(86.2033504079,71.600978539753,
    31.548747737362));
#1330 = CIRCLE('',#1331,53.);
#1331 = AXIS2_PLACEMENT_3D('',#1332,#1333,#1334);
#1332 = CARTESIAN_POINT('',(43.58,71.600978539753,4.874773736205E-02));
#1333 = DIRECTION('',(-4.4408920985E-16,-1.,1.110223024625E-16));
#1334 = DIRECTION('',(3.330669073875E-16,-1.110223024625E-16,-1.));
#1335 = ORIENTED_EDGE('',*,*,#1336,.F.);
#1336 = EDGE_CURVE('',#1337,#1328,#1339,.T.);
#1337 = VERTEX_POINT('',#1338);
#1338 = CARTESIAN_POINT('',(86.5683705204,71.100978539753,
    31.048747737362));
#1339 = B_SPLINE_CURVE_WITH_KNOTS('',5,(#1340,#1341,#1342,#1343,#1344,
    #1345),.UNSPECIFIED.,.F.,.F.,(6,6),(0.,1.28123635549),
  .PIECEWISE_BEZIER_KNOTS.);
#1340 = CARTESIAN_POINT('',(86.5683705204,71.100978539753,
    31.048747737362));
#1341 = CARTESIAN_POINT('',(86.5683705204,71.277159912853,
    31.048747737362));
#1342 = CARTESIAN_POINT('',(86.5086316529,71.454840079353,
    31.131684481162));
#1343 = CARTESIAN_POINT('',(86.4116068141,71.548913828353,
    31.265818104562));
#1344 = CARTESIAN_POINT('',(86.3080619788,71.600978539753,
    31.407060182662));
#1345 = CARTESIAN_POINT('',(86.203350408,71.600978539753,31.548747737362
    ));
#1346 = ORIENTED_EDGE('',*,*,#1347,.T.);
#1347 = EDGE_CURVE('',#1337,#1348,#1350,.T.);
#1348 = VERTEX_POINT('',#1349);
#1349 = CARTESIAN_POINT('',(86.5683705206,70.850437856653,
    31.048747737062));
#1350 = LINE('',#1351,#1352);
#1351 = CARTESIAN_POINT('',(86.5683705206,99.700978539353,
    31.048747737062));
#1352 = VECTOR('',#1353,1.);
#1353 = DIRECTION('',(-4.440892098501E-16,-1.,1.110224117768E-16));
#1354 = ORIENTED_EDGE('',*,*,#1355,.T.);
#1355 = EDGE_CURVE('',#1348,#1356,#1358,.T.);
#1356 = VERTEX_POINT('',#1357);
#1357 = CARTESIAN_POINT('',(87.0392372362,69.700978539353,
    30.385107091262));
#1358 = B_SPLINE_CURVE_WITH_KNOTS('',3,(#1359,#1360,#1361,#1362),
  .UNSPECIFIED.,.F.,.F.,(4,4),(0.,1.99169022041),
  .PIECEWISE_BEZIER_KNOTS.);
#1359 = CARTESIAN_POINT('',(86.5683705204,70.850437856653,
    31.048747737362));
#1360 = CARTESIAN_POINT('',(86.7276004115,70.467987988553,
    30.827940203262));
#1361 = CARTESIAN_POINT('',(86.8845427741,70.084821900253,
    30.606719159062));
#1362 = CARTESIAN_POINT('',(87.0392372362,69.700978539353,
    30.385107091262));
#1363 = ORIENTED_EDGE('',*,*,#1364,.F.);
#1364 = EDGE_CURVE('',#1365,#1356,#1367,.T.);
#1365 = VERTEX_POINT('',#1366);
#1366 = CARTESIAN_POINT('',(87.5009187513,69.700978539353,
    29.712747738062));
#1367 = CIRCLE('',#1368,53.);
#1368 = AXIS2_PLACEMENT_3D('',#1369,#1370,#1371);
#1369 = CARTESIAN_POINT('',(43.58,69.700978539353,4.874773736205E-02));
#1370 = DIRECTION('',(-4.4408920985E-16,-1.,1.110223024625E-16));
#1371 = DIRECTION('',(3.330669073875E-16,-1.110223024625E-16,-1.));
#1372 = ORIENTED_EDGE('',*,*,#1373,.T.);
#1373 = EDGE_CURVE('',#1365,#1374,#1376,.T.);
#1374 = VERTEX_POINT('',#1375);
#1375 = CARTESIAN_POINT('',(87.9609728163,70.900978538653,
    29.019927414362));
#1376 = B_SPLINE_CURVE_WITH_KNOTS('',3,(#1377,#1378,#1379,#1380),
  .UNSPECIFIED.,.F.,.F.,(4,4),(0.,2.06478824961),
  .PIECEWISE_BEZIER_KNOTS.);
#1377 = CARTESIAN_POINT('',(87.5009187518,69.700978539353,
    29.712747737362));
#1378 = CARTESIAN_POINT('',(87.6566285251,70.100295910753,
    29.482201745462));
#1379 = CARTESIAN_POINT('',(87.8099664089,70.500308709553,
    29.251254248062));
#1380 = CARTESIAN_POINT('',(87.9609728163,70.900978538653,
    29.019927414362));
#1381 = ORIENTED_EDGE('',*,*,#1382,.F.);
#1382 = EDGE_CURVE('',#1383,#1374,#1385,.T.);
#1383 = VERTEX_POINT('',#1384);
#1384 = CARTESIAN_POINT('',(88.2463845296,70.900978538653,
    28.577927414562));
#1385 = CIRCLE('',#1386,53.);
#1386 = AXIS2_PLACEMENT_3D('',#1387,#1388,#1389);
#1387 = CARTESIAN_POINT('',(43.58,70.900978538653,4.874773736205E-02));
#1388 = DIRECTION('',(-4.4408920985E-16,-1.,1.110223024625E-16));
#1389 = DIRECTION('',(3.330669073875E-16,-1.110223024625E-16,-1.));
#1390 = ORIENTED_EDGE('',*,*,#1391,.T.);
#1391 = EDGE_CURVE('',#1383,#1392,#1394,.T.);
#1392 = VERTEX_POINT('',#1393);
#1393 = CARTESIAN_POINT('',(88.6814090458,69.700978539353,
    27.885107091262));
#1394 = B_SPLINE_CURVE_WITH_KNOTS('',3,(#1395,#1396,#1397,#1398),
  .UNSPECIFIED.,.F.,.F.,(4,4),(0.,2.05390839011),
  .PIECEWISE_BEZIER_KNOTS.);
#1395 = CARTESIAN_POINT('',(88.2463845297,70.900978538653,
    28.577927414362));
#1396 = CARTESIAN_POINT('',(88.3936609716,70.501599353553,
    28.347345734162));
#1397 = CARTESIAN_POINT('',(88.5386568546,70.101587894253,
    28.116399010162));
#1398 = CARTESIAN_POINT('',(88.6814090458,69.700978539353,
    27.885107091262));
#1399 = ORIENTED_EDGE('',*,*,#1400,.F.);
#1400 = EDGE_CURVE('',#1401,#1392,#1403,.T.);
#1401 = VERTEX_POINT('',#1402);
#1402 = CARTESIAN_POINT('',(89.0895276176,69.700978539353,
    27.212747737862));
#1403 = CIRCLE('',#1404,53.);
#1404 = AXIS2_PLACEMENT_3D('',#1405,#1406,#1407);
#1405 = CARTESIAN_POINT('',(43.58,69.700978539353,4.874773736205E-02));
#1406 = DIRECTION('',(-4.4408920985E-16,-1.,1.110223024625E-16));
#1407 = DIRECTION('',(3.330669073875E-16,-1.110223024625E-16,-1.));
#1408 = ORIENTED_EDGE('',*,*,#1409,.T.);
#1409 = EDGE_CURVE('',#1401,#1410,#1412,.T.);
#1410 = VERTEX_POINT('',#1411);
#1411 = CARTESIAN_POINT('',(89.495973762,70.900978538653,26.519927414362
    ));
#1412 = B_SPLINE_CURVE_WITH_KNOTS('',3,(#1413,#1414,#1415,#1416),
  .UNSPECIFIED.,.F.,.F.,(4,4),(0.,2.04216548179),
  .PIECEWISE_BEZIER_KNOTS.);
#1413 = CARTESIAN_POINT('',(89.0895276179,69.700978539353,
    27.212747737362));
#1414 = CARTESIAN_POINT('',(89.2271811703,70.100423233953,
    26.982128235462));
#1415 = CARTESIAN_POINT('',(89.3626521965,70.500433335753,
    26.751182295062));
#1416 = CARTESIAN_POINT('',(89.495973762,70.900978538653,26.519927414362
    ));
#1417 = ORIENTED_EDGE('',*,*,#1418,.F.);
#1418 = EDGE_CURVE('',#1419,#1410,#1421,.T.);
#1419 = VERTEX_POINT('',#1420);
#1420 = CARTESIAN_POINT('',(89.7479738057,70.900978538653,
    26.077927414662));
#1421 = CIRCLE('',#1422,53.);
#1422 = AXIS2_PLACEMENT_3D('',#1423,#1424,#1425);
#1423 = CARTESIAN_POINT('',(43.58,70.900978538653,4.874773736205E-02));
#1424 = DIRECTION('',(-4.4408920985E-16,-1.,1.110223024625E-16));
#1425 = DIRECTION('',(3.330669073875E-16,-1.110223024625E-16,-1.));
#1426 = ORIENTED_EDGE('',*,*,#1427,.T.);
#1427 = EDGE_CURVE('',#1419,#1428,#1430,.T.);
#1428 = VERTEX_POINT('',#1429);
#1429 = CARTESIAN_POINT('',(90.08,69.865385837353,25.480027689362));
#1430 = B_SPLINE_CURVE_WITH_KNOTS('',3,(#1431,#1432,#1433,#1434),
  .UNSPECIFIED.,.F.,.F.,(4,4),(0.,1.75510047974),
  .PIECEWISE_BEZIER_KNOTS.);
#1431 = CARTESIAN_POINT('',(89.7479738059,70.900978538653,
    26.077927414362));
#1432 = CARTESIAN_POINT('',(89.8602144646,70.556159554953,
    25.878846081262));
#1433 = CARTESIAN_POINT('',(89.9708833679,70.210956061053,
    25.679542751262));
#1434 = CARTESIAN_POINT('',(90.08,69.865385837353,25.480027689362));
#1435 = ORIENTED_EDGE('',*,*,#1436,.F.);
#1436 = EDGE_CURVE('',#171,#1428,#1437,.T.);
#1437 = LINE('',#1438,#1439);
#1438 = CARTESIAN_POINT('',(90.08,99.700978539353,25.480027689462));
#1439 = VECTOR('',#1440,1.);
#1440 = DIRECTION('',(-4.440892098501E-16,-1.,1.110224117768E-16));
#1441 = CYLINDRICAL_SURFACE('',#1442,53.);
#1442 = AXIS2_PLACEMENT_3D('',#1443,#1444,#1445);
#1443 = CARTESIAN_POINT('',(43.58,99.700978539353,4.874773736205E-02));
#1444 = DIRECTION('',(-4.4408920985E-16,-1.,1.110223024625E-16));
#1445 = DIRECTION('',(0.87758256189,-3.364980193329E-16,0.479425538604)
  );
#1446 = ADVANCED_FACE('',(#1447,#1712),#1766,.T.);
#1447 = FACE_BOUND('',#1448,.T.);
#1448 = EDGE_LOOP('',(#1449,#1474,#1497,#1503,#1504,#1505,#1506,#1514,
    #1522,#1530,#1538,#1546,#1554,#1562,#1570,#1578,#1586,#1594,#1602,
    #1610,#1618,#1626,#1634,#1642,#1650,#1658,#1666,#1674,#1682,#1690,
    #1698,#1706));
#1449 = ORIENTED_EDGE('',*,*,#1450,.T.);
#1450 = EDGE_CURVE('',#1451,#1453,#1455,.T.);
#1451 = VERTEX_POINT('',#1452);
#1452 = CARTESIAN_POINT('',(90.08,84.241079043053,10.848747738062));
#1453 = VERTEX_POINT('',#1454);
#1454 = CARTESIAN_POINT('',(90.08,92.200978539353,24.048747737362));
#1455 = B_SPLINE_CURVE_WITH_KNOTS('',5,(#1456,#1457,#1458,#1459,#1460,
    #1461,#1462,#1463,#1464,#1465,#1466,#1467,#1468,#1469,#1470,#1471,
    #1472,#1473),.UNSPECIFIED.,.F.,.F.,(6,3,3,3,3,6),(0.,6.25014245789,
    12.5002849036,18.7504274051,25.00056988,26.2344332201),
  .UNSPECIFIED.);
#1456 = CARTESIAN_POINT('',(90.08,84.241079043053,10.848747738062));
#1457 = CARTESIAN_POINT('',(90.08,83.829581737353,11.628623261162));
#1458 = CARTESIAN_POINT('',(90.08,83.513595644653,12.458894065062));
#1459 = CARTESIAN_POINT('',(90.08,83.301336944453,13.324118033762));
#1460 = CARTESIAN_POINT('',(90.08,83.093074667053,15.088607496962));
#1461 = CARTESIAN_POINT('',(90.08,83.316772609853,16.851204017862));
#1462 = CARTESIAN_POINT('',(90.08,83.536595435753,17.714537212962));
#1463 = CARTESIAN_POINT('',(90.08,84.183078476353,19.369486138362));
#1464 = CARTESIAN_POINT('',(90.08,85.209824988153,20.819513340162));
#1465 = CARTESIAN_POINT('',(90.08,85.810019315753,21.477869628762));
#1466 = CARTESIAN_POINT('',(90.08,87.159172297653,22.633976249462));
#1467 = CARTESIAN_POINT('',(90.08,88.747440752053,23.430337105962));
#1468 = CARTESIAN_POINT('',(90.08,89.586819937253,23.728848135362));
#1469 = CARTESIAN_POINT('',(90.08,90.625249991953,23.959534464162));
#1470 = CARTESIAN_POINT('',(90.08,91.678634274253,24.036107057262));
#1471 = CARTESIAN_POINT('',(90.08,91.852827770953,24.044539091862));
#1472 = CARTESIAN_POINT('',(90.08,92.026903156253,24.048747737362));
#1473 = CARTESIAN_POINT('',(90.08,92.200978539353,24.048747737362));
#1474 = ORIENTED_EDGE('',*,*,#1475,.T.);
#1475 = EDGE_CURVE('',#1453,#1476,#1478,.T.);
#1476 = VERTEX_POINT('',#1477);
#1477 = CARTESIAN_POINT('',(90.0800000004,100.16087803635,
    10.848747737662));
#1478 = B_SPLINE_CURVE_WITH_KNOTS('',5,(#1479,#1480,#1481,#1482,#1483,
    #1484,#1485,#1486,#1487,#1488,#1489,#1490,#1491,#1492,#1493,#1494,
    #1495,#1496),.UNSPECIFIED.,.F.,.F.,(6,3,3,3,3,6),(0.,6.2501424635,
    12.5002849274,18.7504273825,25.000569853,26.2344332117),
  .UNSPECIFIED.);
#1479 = CARTESIAN_POINT('',(90.08,92.200978539353,24.048747737362));
#1480 = CARTESIAN_POINT('',(90.08,93.082758479753,24.048747737362));
#1481 = CARTESIAN_POINT('',(90.08,93.964537784353,23.940756644562));
#1482 = CARTESIAN_POINT('',(90.08,94.828824713953,23.724714115762));
#1483 = CARTESIAN_POINT('',(90.08,96.486586976653,23.085479788562));
#1484 = CARTESIAN_POINT('',(90.08,97.941093621753,22.065088839162));
#1485 = CARTESIAN_POINT('',(90.08,98.602070243353,21.467781396162));
#1486 = CARTESIAN_POINT('',(90.08,99.764070055853,20.123700788262));
#1487 = CARTESIAN_POINT('',(90.08,100.56737399345,18.538932651962));
#1488 = CARTESIAN_POINT('',(90.08,100.86955552445,17.700867859962));
#1489 = CARTESIAN_POINT('',(90.08,101.26244996475,15.968115652962));
#1490 = CARTESIAN_POINT('',(90.08,101.22558606415,14.191763121562));
#1491 = CARTESIAN_POINT('',(90.08,101.09788886455,13.310083087762));
#1492 = CARTESIAN_POINT('',(90.08,100.81731483925,12.284007370062));
#1493 = CARTESIAN_POINT('',(90.08,100.39345885775,11.316625379162));
#1494 = CARTESIAN_POINT('',(90.08,100.31962613025,11.158627902162));
#1495 = CARTESIAN_POINT('',(90.08,100.24211321555,11.002705801862));
#1496 = CARTESIAN_POINT('',(90.08,100.16087803565,10.848747738062));
#1497 = ORIENTED_EDGE('',*,*,#1498,.F.);
#1498 = EDGE_CURVE('',#215,#1476,#1499,.T.);
#1499 = LINE('',#1500,#1501);
#1500 = CARTESIAN_POINT('',(90.08,104.56206782015,10.848747738062));
#1501 = VECTOR('',#1502,1.);
#1502 = DIRECTION('',(-4.440892098501E-16,-1.,4.270088556252E-17));
#1503 = ORIENTED_EDGE('',*,*,#214,.T.);
#1504 = ORIENTED_EDGE('',*,*,#179,.T.);
#1505 = ORIENTED_EDGE('',*,*,#1436,.T.);
#1506 = ORIENTED_EDGE('',*,*,#1507,.T.);
#1507 = EDGE_CURVE('',#1428,#1508,#1510,.T.);
#1508 = VERTEX_POINT('',#1509);
#1509 = CARTESIAN_POINT('',(90.08,69.700978539353,25.385107091062));
#1510 = LINE('',#1511,#1512);
#1511 = CARTESIAN_POINT('',(90.08,69.783182188353,25.432567390062));
#1512 = VECTOR('',#1513,1.);
#1513 = DIRECTION('',(-2.180590830443E-16,-0.866025403257,
    -0.500000000914));
#1514 = ORIENTED_EDGE('',*,*,#1515,.T.);
#1515 = EDGE_CURVE('',#1508,#1516,#1518,.T.);
#1516 = VERTEX_POINT('',#1517);
#1517 = CARTESIAN_POINT('',(90.08,69.700978539353,24.712747738162));
#1518 = LINE('',#1519,#1520);
#1519 = CARTESIAN_POINT('',(90.08,69.700978539353,25.048927414662));
#1520 = VECTOR('',#1521,1.);
#1521 = DIRECTION('',(3.330669073875E-16,-4.270088556252E-17,-1.));
#1522 = ORIENTED_EDGE('',*,*,#1523,.T.);
#1523 = EDGE_CURVE('',#1516,#1524,#1526,.T.);
#1524 = VERTEX_POINT('',#1525);
#1525 = CARTESIAN_POINT('',(90.08,70.900978538653,24.019927414562));
#1526 = LINE('',#1527,#1528);
#1527 = CARTESIAN_POINT('',(90.08,70.300978538953,24.366337576362));
#1528 = VECTOR('',#1529,1.);
#1529 = DIRECTION('',(5.511259910136E-16,0.866025403461,-0.50000000056)
  );
#1530 = ORIENTED_EDGE('',*,*,#1531,.T.);
#1531 = EDGE_CURVE('',#1524,#1532,#1534,.T.);
#1532 = VERTEX_POINT('',#1533);
#1533 = CARTESIAN_POINT('',(90.08,70.900978538653,23.577927414762));
#1534 = LINE('',#1535,#1536);
#1535 = CARTESIAN_POINT('',(90.08,70.900978538653,23.798927414662));
#1536 = VECTOR('',#1537,1.);
#1537 = DIRECTION('',(3.330669073875E-16,-4.270088556252E-17,-1.));
#1538 = ORIENTED_EDGE('',*,*,#1539,.T.);
#1539 = EDGE_CURVE('',#1532,#1540,#1542,.T.);
#1540 = VERTEX_POINT('',#1541);
#1541 = CARTESIAN_POINT('',(90.08,69.700978539353,22.885107091062));
#1542 = LINE('',#1543,#1544);
#1543 = CARTESIAN_POINT('',(90.08,70.300978538953,23.231517252962));
#1544 = VECTOR('',#1545,1.);
#1545 = DIRECTION('',(-2.180590832528E-16,-0.866025403461,-0.50000000056
    ));
#1546 = ORIENTED_EDGE('',*,*,#1547,.T.);
#1547 = EDGE_CURVE('',#1540,#1548,#1550,.T.);
#1548 = VERTEX_POINT('',#1549);
#1549 = CARTESIAN_POINT('',(90.08,69.700978539353,22.212747738162));
#1550 = LINE('',#1551,#1552);
#1551 = CARTESIAN_POINT('',(90.08,69.700978539353,22.548927414662));
#1552 = VECTOR('',#1553,1.);
#1553 = DIRECTION('',(3.330669073875E-16,-4.270088556252E-17,-1.));
#1554 = ORIENTED_EDGE('',*,*,#1555,.T.);
#1555 = EDGE_CURVE('',#1548,#1556,#1558,.T.);
#1556 = VERTEX_POINT('',#1557);
#1557 = CARTESIAN_POINT('',(90.08,70.900978538653,21.519927414562));
#1558 = LINE('',#1559,#1560);
#1559 = CARTESIAN_POINT('',(90.08,70.300978538953,21.866337576362));
#1560 = VECTOR('',#1561,1.);
#1561 = DIRECTION('',(5.511259910136E-16,0.866025403461,-0.50000000056)
  );
#1562 = ORIENTED_EDGE('',*,*,#1563,.T.);
#1563 = EDGE_CURVE('',#1556,#1564,#1566,.T.);
#1564 = VERTEX_POINT('',#1565);
#1565 = CARTESIAN_POINT('',(90.08,70.900978538653,21.077927414762));
#1566 = LINE('',#1567,#1568);
#1567 = CARTESIAN_POINT('',(90.08,70.900978538653,21.298927414662));
#1568 = VECTOR('',#1569,1.);
#1569 = DIRECTION('',(3.330669073875E-16,-4.270088556252E-17,-1.));
#1570 = ORIENTED_EDGE('',*,*,#1571,.T.);
#1571 = EDGE_CURVE('',#1564,#1572,#1574,.T.);
#1572 = VERTEX_POINT('',#1573);
#1573 = CARTESIAN_POINT('',(90.08,69.700978539353,20.385107091062));
#1574 = LINE('',#1575,#1576);
#1575 = CARTESIAN_POINT('',(90.08,70.300978538953,20.731517252962));
#1576 = VECTOR('',#1577,1.);
#1577 = DIRECTION('',(-2.180590832528E-16,-0.866025403461,-0.50000000056
    ));
#1578 = ORIENTED_EDGE('',*,*,#1579,.T.);
#1579 = EDGE_CURVE('',#1572,#1580,#1582,.T.);
#1580 = VERTEX_POINT('',#1581);
#1581 = CARTESIAN_POINT('',(90.08,69.700978539353,19.712747738162));
#1582 = LINE('',#1583,#1584);
#1583 = CARTESIAN_POINT('',(90.08,69.700978539353,20.048927414662));
#1584 = VECTOR('',#1585,1.);
#1585 = DIRECTION('',(3.330669073875E-16,-4.270088556252E-17,-1.));
#1586 = ORIENTED_EDGE('',*,*,#1587,.T.);
#1587 = EDGE_CURVE('',#1580,#1588,#1590,.T.);
#1588 = VERTEX_POINT('',#1589);
#1589 = CARTESIAN_POINT('',(90.08,70.900978538653,19.019927414562));
#1590 = LINE('',#1591,#1592);
#1591 = CARTESIAN_POINT('',(90.08,70.300978538953,19.366337576362));
#1592 = VECTOR('',#1593,1.);
#1593 = DIRECTION('',(5.511259910136E-16,0.866025403461,-0.50000000056)
  );
#1594 = ORIENTED_EDGE('',*,*,#1595,.T.);
#1595 = EDGE_CURVE('',#1588,#1596,#1598,.T.);
#1596 = VERTEX_POINT('',#1597);
#1597 = CARTESIAN_POINT('',(90.08,70.900978538653,18.577927414762));
#1598 = LINE('',#1599,#1600);
#1599 = CARTESIAN_POINT('',(90.08,70.900978538653,18.798927414662));
#1600 = VECTOR('',#1601,1.);
#1601 = DIRECTION('',(3.330669073875E-16,-4.270088556252E-17,-1.));
#1602 = ORIENTED_EDGE('',*,*,#1603,.T.);
#1603 = EDGE_CURVE('',#1596,#1604,#1606,.T.);
#1604 = VERTEX_POINT('',#1605);
#1605 = CARTESIAN_POINT('',(90.08,69.700978539353,17.885107091062));
#1606 = LINE('',#1607,#1608);
#1607 = CARTESIAN_POINT('',(90.08,70.300978538953,18.231517252962));
#1608 = VECTOR('',#1609,1.);
#1609 = DIRECTION('',(-2.180590832528E-16,-0.866025403461,-0.50000000056
    ));
#1610 = ORIENTED_EDGE('',*,*,#1611,.T.);
#1611 = EDGE_CURVE('',#1604,#1612,#1614,.T.);
#1612 = VERTEX_POINT('',#1613);
#1613 = CARTESIAN_POINT('',(90.08,69.700978539353,17.212747738162));
#1614 = LINE('',#1615,#1616);
#1615 = CARTESIAN_POINT('',(90.08,69.700978539353,17.548927414662));
#1616 = VECTOR('',#1617,1.);
#1617 = DIRECTION('',(3.330669073875E-16,-4.270088556252E-17,-1.));
#1618 = ORIENTED_EDGE('',*,*,#1619,.T.);
#1619 = EDGE_CURVE('',#1612,#1620,#1622,.T.);
#1620 = VERTEX_POINT('',#1621);
#1621 = CARTESIAN_POINT('',(90.08,70.900978538653,16.519927414562));
#1622 = LINE('',#1623,#1624);
#1623 = CARTESIAN_POINT('',(90.08,70.300978538953,16.866337576362));
#1624 = VECTOR('',#1625,1.);
#1625 = DIRECTION('',(5.511259910136E-16,0.866025403461,-0.50000000056)
  );
#1626 = ORIENTED_EDGE('',*,*,#1627,.T.);
#1627 = EDGE_CURVE('',#1620,#1628,#1630,.T.);
#1628 = VERTEX_POINT('',#1629);
#1629 = CARTESIAN_POINT('',(90.08,70.900978538653,16.077927414762));
#1630 = LINE('',#1631,#1632);
#1631 = CARTESIAN_POINT('',(90.08,70.900978538653,16.298927414662));
#1632 = VECTOR('',#1633,1.);
#1633 = DIRECTION('',(3.330669073875E-16,-4.270088556252E-17,-1.));
#1634 = ORIENTED_EDGE('',*,*,#1635,.T.);
#1635 = EDGE_CURVE('',#1628,#1636,#1638,.T.);
#1636 = VERTEX_POINT('',#1637);
#1637 = CARTESIAN_POINT('',(90.08,69.700978539353,15.385107091062));
#1638 = LINE('',#1639,#1640);
#1639 = CARTESIAN_POINT('',(90.08,70.300978538953,15.731517252962));
#1640 = VECTOR('',#1641,1.);
#1641 = DIRECTION('',(-2.180590832528E-16,-0.866025403461,-0.50000000056
    ));
#1642 = ORIENTED_EDGE('',*,*,#1643,.T.);
#1643 = EDGE_CURVE('',#1636,#1644,#1646,.T.);
#1644 = VERTEX_POINT('',#1645);
#1645 = CARTESIAN_POINT('',(90.08,69.700978539353,14.712747738162));
#1646 = LINE('',#1647,#1648);
#1647 = CARTESIAN_POINT('',(90.08,69.700978539353,15.048927414662));
#1648 = VECTOR('',#1649,1.);
#1649 = DIRECTION('',(3.330669073875E-16,-4.270088556252E-17,-1.));
#1650 = ORIENTED_EDGE('',*,*,#1651,.T.);
#1651 = EDGE_CURVE('',#1644,#1652,#1654,.T.);
#1652 = VERTEX_POINT('',#1653);
#1653 = CARTESIAN_POINT('',(90.08,70.900978538653,14.019927414562));
#1654 = LINE('',#1655,#1656);
#1655 = CARTESIAN_POINT('',(90.08,70.300978538953,14.366337576362));
#1656 = VECTOR('',#1657,1.);
#1657 = DIRECTION('',(5.511259910136E-16,0.866025403461,-0.50000000056)
  );
#1658 = ORIENTED_EDGE('',*,*,#1659,.T.);
#1659 = EDGE_CURVE('',#1652,#1660,#1662,.T.);
#1660 = VERTEX_POINT('',#1661);
#1661 = CARTESIAN_POINT('',(90.08,70.900978538653,13.577927414762));
#1662 = LINE('',#1663,#1664);
#1663 = CARTESIAN_POINT('',(90.08,70.900978538653,13.798927414662));
#1664 = VECTOR('',#1665,1.);
#1665 = DIRECTION('',(3.330669073875E-16,-4.270088556252E-17,-1.));
#1666 = ORIENTED_EDGE('',*,*,#1667,.T.);
#1667 = EDGE_CURVE('',#1660,#1668,#1670,.T.);
#1668 = VERTEX_POINT('',#1669);
#1669 = CARTESIAN_POINT('',(90.08,69.700978539353,12.885107091062));
#1670 = LINE('',#1671,#1672);
#1671 = CARTESIAN_POINT('',(90.08,70.300978538953,13.231517252962));
#1672 = VECTOR('',#1673,1.);
#1673 = DIRECTION('',(-2.180590832528E-16,-0.866025403461,-0.50000000056
    ));
#1674 = ORIENTED_EDGE('',*,*,#1675,.T.);
#1675 = EDGE_CURVE('',#1668,#1676,#1678,.T.);
#1676 = VERTEX_POINT('',#1677);
#1677 = CARTESIAN_POINT('',(90.08,69.700978539353,12.212747738162));
#1678 = LINE('',#1679,#1680);
#1679 = CARTESIAN_POINT('',(90.08,69.700978539353,12.548927414662));
#1680 = VECTOR('',#1681,1.);
#1681 = DIRECTION('',(3.330669073875E-16,-4.270088556252E-17,-1.));
#1682 = ORIENTED_EDGE('',*,*,#1683,.T.);
#1683 = EDGE_CURVE('',#1676,#1684,#1686,.T.);
#1684 = VERTEX_POINT('',#1685);
#1685 = CARTESIAN_POINT('',(90.08,70.900978538653,11.519927414562));
#1686 = LINE('',#1687,#1688);
#1687 = CARTESIAN_POINT('',(90.08,70.300978538953,11.866337576362));
#1688 = VECTOR('',#1689,1.);
#1689 = DIRECTION('',(5.511259910136E-16,0.866025403461,-0.50000000056)
  );
#1690 = ORIENTED_EDGE('',*,*,#1691,.T.);
#1691 = EDGE_CURVE('',#1684,#1692,#1694,.T.);
#1692 = VERTEX_POINT('',#1693);
#1693 = CARTESIAN_POINT('',(90.08,70.900978538653,11.077927414762));
#1694 = LINE('',#1695,#1696);
#1695 = CARTESIAN_POINT('',(90.08,70.900978538653,11.298927414662));
#1696 = VECTOR('',#1697,1.);
#1697 = DIRECTION('',(3.330669073875E-16,-4.270088556252E-17,-1.));
#1698 = ORIENTED_EDGE('',*,*,#1699,.F.);
#1699 = EDGE_CURVE('',#1700,#1692,#1702,.T.);
#1700 = VERTEX_POINT('',#1701);
#1701 = CARTESIAN_POINT('',(90.08,70.504027695753,10.848747738062));
#1702 = LINE('',#1703,#1704);
#1703 = CARTESIAN_POINT('',(90.08,70.702503117153,10.963337576462));
#1704 = VECTOR('',#1705,1.);
#1705 = DIRECTION('',(2.180590829373E-16,0.866025403152,0.500000001095)
  );
#1706 = ORIENTED_EDGE('',*,*,#1707,.F.);
#1707 = EDGE_CURVE('',#1451,#1700,#1708,.T.);
#1708 = LINE('',#1709,#1710);
#1709 = CARTESIAN_POINT('',(90.08,77.372553369453,10.848747738062));
#1710 = VECTOR('',#1711,1.);
#1711 = DIRECTION('',(-4.440892098501E-16,-1.,4.270088556252E-17));
#1712 = FACE_BOUND('',#1713,.T.);
#1713 = EDGE_LOOP('',(#1714,#1742));
#1714 = ORIENTED_EDGE('',*,*,#1715,.T.);
#1715 = EDGE_CURVE('',#1716,#1718,#1720,.T.);
#1716 = VERTEX_POINT('',#1717);
#1717 = CARTESIAN_POINT('',(90.08,79.617624183553,13.455376958862));
#1718 = VERTEX_POINT('',#1719);
#1719 = CARTESIAN_POINT('',(90.08,73.784332895153,16.642118515862));
#1720 = B_SPLINE_CURVE_WITH_KNOTS('',5,(#1721,#1722,#1723,#1724,#1725,
    #1726,#1727,#1728,#1729,#1730,#1731,#1732,#1733,#1734,#1735,#1736,
    #1737,#1738,#1739,#1740,#1741),.UNSPECIFIED.,.F.,.F.,(6,3,3,3,3,3,6)
  ,(0.,2.53329186634,5.06658373184,7.59987556218,10.1331674157,
    12.6664592889,14.8081996221),.UNSPECIFIED.);
#1721 = CARTESIAN_POINT('',(90.08,79.617624183553,13.455376958862));
#1722 = CARTESIAN_POINT('',(90.08,79.446362541453,13.141884625662));
#1723 = CARTESIAN_POINT('',(90.08,79.232982057353,12.851402792562));
#1724 = CARTESIAN_POINT('',(90.08,78.981531897553,12.591422934562));
#1725 = CARTESIAN_POINT('',(90.08,78.415118900353,12.145525641962));
#1726 = CARTESIAN_POINT('',(90.08,77.751102590753,11.864944023162));
#1727 = CARTESIAN_POINT('',(90.08,77.402007126553,11.770344507862));
#1728 = CARTESIAN_POINT('',(90.08,76.687173345853,11.677281419262));
#1729 = CARTESIAN_POINT('',(90.08,75.973128674653,11.776195034062));
#1730 = CARTESIAN_POINT('',(90.08,75.624819340253,11.873649283662));
#1731 = CARTESIAN_POINT('',(90.08,74.963120315253,12.159660595962));
#1732 = CARTESIAN_POINT('',(90.08,74.400380320553,12.610179620162));
#1733 = CARTESIAN_POINT('',(90.08,74.151066931153,12.872209293962));
#1734 = CARTESIAN_POINT('',(90.08,73.729076245553,13.456650857962));
#1735 = CARTESIAN_POINT('',(90.08,73.476311887153,14.131746317862));
#1736 = CARTESIAN_POINT('',(90.08,73.396291189153,14.484469150162));
#1737 = CARTESIAN_POINT('',(90.08,73.337885623753,15.147056791762));
#1738 = CARTESIAN_POINT('',(90.08,73.442762051653,15.802185379462));
#1739 = CARTESIAN_POINT('',(90.08,73.524856227953,16.095595612162));
#1740 = CARTESIAN_POINT('',(90.08,73.639541854053,16.377080293062));
#1741 = CARTESIAN_POINT('',(90.08,73.784332895153,16.642118515862));
#1742 = ORIENTED_EDGE('',*,*,#1743,.T.);
#1743 = EDGE_CURVE('',#1718,#1716,#1744,.T.);
#1744 = B_SPLINE_CURVE_WITH_KNOTS('',5,(#1745,#1746,#1747,#1748,#1749,
    #1750,#1751,#1752,#1753,#1754,#1755,#1756,#1757,#1758,#1759,#1760,
    #1761,#1762,#1763,#1764,#1765),.UNSPECIFIED.,.F.,.F.,(6,3,3,3,3,3,6)
  ,(0.,2.53329186576,5.06658373091,7.59987556188,10.1331674148,
    12.6664592851,14.8081996172),.UNSPECIFIED.);
#1745 = CARTESIAN_POINT('',(90.08,73.784332895153,16.642118515862));
#1746 = CARTESIAN_POINT('',(90.08,73.955594537253,16.955610848962));
#1747 = CARTESIAN_POINT('',(90.08,74.168975021253,17.246092681962));
#1748 = CARTESIAN_POINT('',(90.08,74.420425181253,17.506072540262));
#1749 = CARTESIAN_POINT('',(90.08,74.986838178453,17.951969832762));
#1750 = CARTESIAN_POINT('',(90.08,75.650854487853,18.232551451562));
#1751 = CARTESIAN_POINT('',(90.08,75.999949952253,18.327150966862));
#1752 = CARTESIAN_POINT('',(90.08,76.714783732953,18.420214055462));
#1753 = CARTESIAN_POINT('',(90.08,77.428828404253,18.321300440562));
#1754 = CARTESIAN_POINT('',(90.08,77.777137738153,18.223846191062));
#1755 = CARTESIAN_POINT('',(90.08,78.438836763453,17.937834878862));
#1756 = CARTESIAN_POINT('',(90.08,79.001576757953,17.487315854562));
#1757 = CARTESIAN_POINT('',(90.08,79.250890147753,17.225286180662));
#1758 = CARTESIAN_POINT('',(90.08,79.672880832853,16.640844616962));
#1759 = CARTESIAN_POINT('',(90.08,79.925645191453,15.965749157662));
#1760 = CARTESIAN_POINT('',(90.08,80.005665889853,15.613026323762));
#1761 = CARTESIAN_POINT('',(90.08,80.064071454753,14.950438682662));
#1762 = CARTESIAN_POINT('',(90.08,79.959195027153,14.295310095562));
#1763 = CARTESIAN_POINT('',(90.08,79.877100850653,14.001899862262));
#1764 = CARTESIAN_POINT('',(90.08,79.762415224553,13.720415181562));
#1765 = CARTESIAN_POINT('',(90.08,79.617624183553,13.455376958862));
#1766 = PLANE('',#1767);
#1767 = AXIS2_PLACEMENT_3D('',#1768,#1769,#1770);
#1768 = CARTESIAN_POINT('',(90.08,69.700978539353,4.874773736207E-02));
#1769 = DIRECTION('',(1.,-4.440892098501E-16,4.555315873025E-16));
#1770 = DIRECTION('',(4.440892098501E-16,1.,-1.110223024625E-16));
#1771 = ADVANCED_FACE('',(#1772,#2442),#2496,.T.);
#1772 = FACE_BOUND('',#1773,.T.);
#1773 = EDGE_LOOP('',(#1774,#1785,#1794,#1803,#1812,#1821,#1830,#1839,
    #1848,#1857,#1866,#1875,#1884,#1893,#1902,#1911,#1920,#1929,#1938,
    #1947,#1956,#1965,#1974,#1983,#1992,#2001,#2010,#2019,#2028,#2037,
    #2046,#2055,#2064,#2073,#2082,#2091,#2100,#2109,#2118,#2127,#2136,
    #2145,#2154,#2163,#2172,#2181,#2190,#2199,#2208,#2217,#2226,#2235,
    #2244,#2253,#2262,#2271,#2280,#2289,#2298,#2307,#2316,#2325,#2334,
    #2343,#2352,#2361,#2370,#2378,#2389,#2398,#2404,#2405,#2406,#2414,
    #2425,#2436));
#1774 = ORIENTED_EDGE('',*,*,#1775,.F.);
#1775 = EDGE_CURVE('',#1776,#1778,#1780,.T.);
#1776 = VERTEX_POINT('',#1777);
#1777 = CARTESIAN_POINT('',(95.6914872556,69.700978539353,9.712747738012
    ));
#1778 = VERTEX_POINT('',#1779);
#1779 = CARTESIAN_POINT('',(95.6280546715,69.700978539353,
    10.048747983262));
#1780 = CIRCLE('',#1781,53.);
#1781 = AXIS2_PLACEMENT_3D('',#1782,#1783,#1784);
#1782 = CARTESIAN_POINT('',(43.58,69.700978539353,4.874773736205E-02));
#1783 = DIRECTION('',(-4.4408920985E-16,-1.,1.110223024625E-16));
#1784 = DIRECTION('',(3.330669073875E-16,-1.110223024625E-16,-1.));
#1785 = ORIENTED_EDGE('',*,*,#1786,.T.);
#1786 = EDGE_CURVE('',#1776,#1787,#1789,.T.);
#1787 = VERTEX_POINT('',#1788);
#1788 = CARTESIAN_POINT('',(95.8152173845,70.900978538653,9.019927414332
    ));
#1789 = B_SPLINE_CURVE_WITH_KNOTS('',3,(#1790,#1791,#1792,#1793),
  .UNSPECIFIED.,.F.,.F.,(4,4),(0.,1.96739433432),
  .PIECEWISE_BEZIER_KNOTS.);
#1790 = CARTESIAN_POINT('',(95.6914872557,69.700978539353,9.712747737362
    ));
#1791 = CARTESIAN_POINT('',(95.7343015791,70.100855386553,9.481878731962
    ));
#1792 = CARTESIAN_POINT('',(95.7755425262,70.500858904153,9.250936592962
    ));
#1793 = CARTESIAN_POINT('',(95.8152173845,70.900978538653,9.019927414332
    ));
#1794 = ORIENTED_EDGE('',*,*,#1795,.F.);
#1795 = EDGE_CURVE('',#1796,#1787,#1798,.T.);
#1796 = VERTEX_POINT('',#1797);
#1797 = CARTESIAN_POINT('',(95.8892065897,70.900978538653,8.577927414262
    ));
#1798 = CIRCLE('',#1799,53.);
#1799 = AXIS2_PLACEMENT_3D('',#1800,#1801,#1802);
#1800 = CARTESIAN_POINT('',(43.58,70.900978538653,4.874773736205E-02));
#1801 = DIRECTION('',(-4.4408920985E-16,-1.,1.110223024625E-16));
#1802 = DIRECTION('',(3.330669073875E-16,-1.110223024625E-16,-1.));
#1803 = ORIENTED_EDGE('',*,*,#1804,.T.);
#1804 = EDGE_CURVE('',#1796,#1805,#1807,.T.);
#1805 = VERTEX_POINT('',#1806);
#1806 = CARTESIAN_POINT('',(95.9974729654,69.700978539353,7.885107091302
    ));
#1807 = B_SPLINE_CURVE_WITH_KNOTS('',3,(#1808,#1809,#1810,#1811),
  .UNSPECIFIED.,.F.,.F.,(4,4),(0.,1.96556989039),
  .PIECEWISE_BEZIER_KNOTS.);
#1808 = CARTESIAN_POINT('',(95.8892065896,70.900978538653,8.577927414352
    ));
#1809 = CARTESIAN_POINT('',(95.9268520267,70.501085503653,8.347049062952
    ));
#1810 = CARTESIAN_POINT('',(95.9629387131,70.101082104253,8.116106992252
    ));
#1811 = CARTESIAN_POINT('',(95.9974729654,69.700978539353,7.885107091302
    ));
#1812 = ORIENTED_EDGE('',*,*,#1813,.F.);
#1813 = EDGE_CURVE('',#1814,#1805,#1816,.T.);
#1814 = VERTEX_POINT('',#1815);
#1815 = CARTESIAN_POINT('',(96.0935897077,69.700978539353,7.212747738112
    ));
#1816 = CIRCLE('',#1817,53.);
#1817 = AXIS2_PLACEMENT_3D('',#1818,#1819,#1820);
#1818 = CARTESIAN_POINT('',(43.58,69.700978539353,4.874773736205E-02));
#1819 = DIRECTION('',(-4.4408920985E-16,-1.,1.110223024625E-16));
#1820 = DIRECTION('',(3.330669073875E-16,-1.110223024625E-16,-1.));
#1821 = ORIENTED_EDGE('',*,*,#1822,.T.);
#1822 = EDGE_CURVE('',#1814,#1823,#1825,.T.);
#1823 = VERTEX_POINT('',#1824);
#1824 = CARTESIAN_POINT('',(96.1834583805,70.900978538653,6.519927414332
    ));
#1825 = B_SPLINE_CURVE_WITH_KNOTS('',3,(#1826,#1827,#1828,#1829),
  .UNSPECIFIED.,.F.,.F.,(4,4),(0.,1.96371437152),
  .PIECEWISE_BEZIER_KNOTS.);
#1826 = CARTESIAN_POINT('',(96.0935897078,69.700978539353,7.212747737362
    ));
#1827 = CARTESIAN_POINT('',(96.125088032,70.100890327653,6.981858558772)
  );
#1828 = CARTESIAN_POINT('',(96.1550425256,70.500893608753,6.750916556312
    ));
#1829 = CARTESIAN_POINT('',(96.1834583805,70.900978538653,6.519927414332
    ));
#1830 = ORIENTED_EDGE('',*,*,#1831,.F.);
#1831 = EDGE_CURVE('',#1832,#1823,#1834,.T.);
#1832 = VERTEX_POINT('',#1833);
#1833 = CARTESIAN_POINT('',(96.2359492595,70.900978538653,6.077927414372
    ));
#1834 = CIRCLE('',#1835,53.);
#1835 = AXIS2_PLACEMENT_3D('',#1836,#1837,#1838);
#1836 = CARTESIAN_POINT('',(43.58,70.900978538653,4.874773736205E-02));
#1837 = DIRECTION('',(-4.4408920985E-16,-1.,1.110223024625E-16));
#1838 = DIRECTION('',(3.330669073875E-16,-1.110223024625E-16,-1.));
#1839 = ORIENTED_EDGE('',*,*,#1840,.T.);
#1840 = EDGE_CURVE('',#1832,#1841,#1843,.T.);
#1841 = VERTEX_POINT('',#1842);
#1842 = CARTESIAN_POINT('',(96.310667252,69.700978539353,5.385107091302)
  );
#1843 = B_SPLINE_CURVE_WITH_KNOTS('',3,(#1844,#1845,#1846,#1847),
  .UNSPECIFIED.,.F.,.F.,(4,4),(0.,1.96244405297),
  .PIECEWISE_BEZIER_KNOTS.);
#1844 = CARTESIAN_POINT('',(96.2359492595,70.900978538653,6.077927414332
    ));
#1845 = CARTESIAN_POINT('',(96.2623873905,70.501051657253,5.847029521732
    ));
#1846 = CARTESIAN_POINT('',(96.2872919587,70.101048456053,5.616087565402
    ));
#1847 = CARTESIAN_POINT('',(96.310667252,69.700978539353,5.385107091302)
  );
#1848 = ORIENTED_EDGE('',*,*,#1849,.F.);
#1849 = EDGE_CURVE('',#1850,#1841,#1852,.T.);
#1850 = VERTEX_POINT('',#1851);
#1851 = CARTESIAN_POINT('',(96.3743851559,69.700978539353,4.712747738182
    ));
#1852 = CIRCLE('',#1853,53.);
#1853 = AXIS2_PLACEMENT_3D('',#1854,#1855,#1856);
#1854 = CARTESIAN_POINT('',(43.58,69.700978539353,4.874773736205E-02));
#1855 = DIRECTION('',(-4.4408920985E-16,-1.,1.110223024625E-16));
#1856 = DIRECTION('',(3.330669073875E-16,-1.110223024625E-16,-1.));
#1857 = ORIENTED_EDGE('',*,*,#1858,.T.);
#1858 = EDGE_CURVE('',#1850,#1859,#1861,.T.);
#1859 = VERTEX_POINT('',#1860);
#1860 = CARTESIAN_POINT('',(96.4310144839,70.900978538653,4.019927414332
    ));
#1861 = B_SPLINE_CURVE_WITH_KNOTS('',3,(#1862,#1863,#1864,#1865),
  .UNSPECIFIED.,.F.,.F.,(4,4),(0.,1.96123293072),
  .PIECEWISE_BEZIER_KNOTS.);
#1862 = CARTESIAN_POINT('',(96.374385156,69.700978539353,4.712747737362)
  );
#1863 = CARTESIAN_POINT('',(96.3947842076,70.100923103153,4.481839635832
    ));
#1864 = CARTESIAN_POINT('',(96.4136595739,70.500926229053,4.250897722922
    ));
#1865 = CARTESIAN_POINT('',(96.4310144839,70.900978538653,4.019927414332
    ));
#1866 = ORIENTED_EDGE('',*,*,#1867,.F.);
#1867 = EDGE_CURVE('',#1868,#1859,#1870,.T.);
#1868 = VERTEX_POINT('',#1869);
#1869 = CARTESIAN_POINT('',(96.4623684304,70.900978538653,3.577927414322
    ));
#1870 = CIRCLE('',#1871,53.);
#1871 = AXIS2_PLACEMENT_3D('',#1872,#1873,#1874);
#1872 = CARTESIAN_POINT('',(43.58,70.900978538653,4.874773736205E-02));
#1873 = DIRECTION('',(-4.4408920985E-16,-1.,1.110223024625E-16));
#1874 = DIRECTION('',(3.330669073875E-16,-1.110223024625E-16,-1.));
#1875 = ORIENTED_EDGE('',*,*,#1876,.T.);
#1876 = EDGE_CURVE('',#1868,#1877,#1879,.T.);
#1877 = VERTEX_POINT('',#1878);
#1878 = CARTESIAN_POINT('',(96.5040499737,69.700978539353,2.885107091302
    ));
#1879 = B_SPLINE_CURVE_WITH_KNOTS('',3,(#1880,#1881,#1882,#1883),
  .UNSPECIFIED.,.F.,.F.,(4,4),(0.,1.96048345846),
  .PIECEWISE_BEZIER_KNOTS.);
#1880 = CARTESIAN_POINT('',(96.4623684304,70.900978538653,3.577927414332
    ));
#1881 = CARTESIAN_POINT('',(96.4777789638,70.501019581053,3.347011002492
    ));
#1882 = CARTESIAN_POINT('',(96.4916720226,70.101016501253,3.116069116232
    ));
#1883 = CARTESIAN_POINT('',(96.5040499737,69.700978539353,2.885107091302
    ));
#1884 = ORIENTED_EDGE('',*,*,#1885,.F.);
#1885 = EDGE_CURVE('',#1886,#1877,#1888,.T.);
#1886 = VERTEX_POINT('',#1887);
#1887 = CARTESIAN_POINT('',(96.535803308,69.700978539353,2.212747738142)
  );
#1888 = CIRCLE('',#1889,53.);
#1889 = AXIS2_PLACEMENT_3D('',#1890,#1891,#1892);
#1890 = CARTESIAN_POINT('',(43.58,69.700978539353,4.874773736205E-02));
#1891 = DIRECTION('',(-4.4408920985E-16,-1.,1.110223024625E-16));
#1892 = DIRECTION('',(3.330669073875E-16,-1.110223024625E-16,-1.));
#1893 = ORIENTED_EDGE('',*,*,#1894,.T.);
#1894 = EDGE_CURVE('',#1886,#1895,#1897,.T.);
#1895 = VERTEX_POINT('',#1896);
#1896 = CARTESIAN_POINT('',(96.5595774838,70.900978538653,1.519927414332
    ));
#1897 = B_SPLINE_CURVE_WITH_KNOTS('',3,(#1898,#1899,#1900,#1901),
  .UNSPECIFIED.,.F.,.F.,(4,4),(0.,1.95988545227),
  .PIECEWISE_BEZIER_KNOTS.);
#1898 = CARTESIAN_POINT('',(96.535803308,69.700978539353,2.212747737362)
  );
#1899 = CARTESIAN_POINT('',(96.54523994,70.100954554753,1.981821477192)
  );
#1900 = CARTESIAN_POINT('',(96.5531642167,70.500957597953,1.750879612082
    ));
#1901 = CARTESIAN_POINT('',(96.5595774838,70.900978538653,1.519927414332
    ));
#1902 = ORIENTED_EDGE('',*,*,#1903,.F.);
#1903 = EDGE_CURVE('',#1904,#1895,#1906,.T.);
#1904 = VERTEX_POINT('',#1905);
#1905 = CARTESIAN_POINT('',(96.570006503,70.900978538653,1.077927414342)
  );
#1906 = CIRCLE('',#1907,53.);
#1907 = AXIS2_PLACEMENT_3D('',#1908,#1909,#1910);
#1908 = CARTESIAN_POINT('',(43.58,70.900978538653,4.874773736205E-02));
#1909 = DIRECTION('',(-4.4408920985E-16,-1.,1.110223024625E-16));
#1910 = DIRECTION('',(3.330669073875E-16,-1.110223024625E-16,-1.));
#1911 = ORIENTED_EDGE('',*,*,#1912,.T.);
#1912 = EDGE_CURVE('',#1904,#1913,#1915,.T.);
#1913 = VERTEX_POINT('',#1914);
#1914 = CARTESIAN_POINT('',(96.5789326533,69.700978539353,0.385107091307
    ));
#1915 = B_SPLINE_CURVE_WITH_KNOTS('',3,(#1916,#1917,#1918,#1919),
  .UNSPECIFIED.,.F.,.F.,(4,4),(0.,1.9596376868),
  .PIECEWISE_BEZIER_KNOTS.);
#1916 = CARTESIAN_POINT('',(96.570006503,70.900978538653,1.077927414332)
  );
#1917 = CARTESIAN_POINT('',(96.5744917442,70.500988476153,0.846993044057
    ));
#1918 = CARTESIAN_POINT('',(96.5774669595,70.100985447953,0.616051187692
    ));
#1919 = CARTESIAN_POINT('',(96.5789326533,69.700978539353,0.385107091307
    ));
#1920 = ORIENTED_EDGE('',*,*,#1921,.F.);
#1921 = EDGE_CURVE('',#1922,#1913,#1924,.T.);
#1922 = VERTEX_POINT('',#1923);
#1923 = CARTESIAN_POINT('',(96.5789349327,69.700978539353,
    -0.287252261837));
#1924 = CIRCLE('',#1925,53.);
#1925 = AXIS2_PLACEMENT_3D('',#1926,#1927,#1928);
#1926 = CARTESIAN_POINT('',(43.58,69.700978539353,4.874773736205E-02));
#1927 = DIRECTION('',(-4.4408920985E-16,-1.,1.110223024625E-16));
#1928 = DIRECTION('',(3.330669073875E-16,-1.110223024625E-16,-1.));
#1929 = ORIENTED_EDGE('',*,*,#1930,.F.);
#1930 = EDGE_CURVE('',#1931,#1922,#1933,.T.);
#1931 = VERTEX_POINT('',#1932);
#1932 = CARTESIAN_POINT('',(96.5700134812,70.900978538653,
    -0.980072585668));
#1933 = B_SPLINE_CURVE_WITH_KNOTS('',3,(#1934,#1935,#1936,#1937),
  .UNSPECIFIED.,.F.,.F.,(4,4),(0.,1.95963764401),
  .PIECEWISE_BEZIER_KNOTS.);
#1934 = CARTESIAN_POINT('',(96.5700134812,70.900978538653,
    -0.980072585668));
#1935 = CARTESIAN_POINT('',(96.5744971558,70.500988471653,
    -0.749138212851));
#1936 = CARTESIAN_POINT('',(96.5774708049,70.100985443553,
    -0.518196356468));
#1937 = CARTESIAN_POINT('',(96.5789349327,69.700978539353,
    -0.287252262638));
#1938 = ORIENTED_EDGE('',*,*,#1939,.F.);
#1939 = EDGE_CURVE('',#1940,#1931,#1942,.T.);
#1940 = VERTEX_POINT('',#1941);
#1941 = CARTESIAN_POINT('',(96.5595874614,70.900978538653,
    -1.422072585658));
#1942 = CIRCLE('',#1943,53.);
#1943 = AXIS2_PLACEMENT_3D('',#1944,#1945,#1946);
#1944 = CARTESIAN_POINT('',(43.58,70.900978538653,4.874773736205E-02));
#1945 = DIRECTION('',(-4.4408920985E-16,-1.,1.110223024625E-16));
#1946 = DIRECTION('',(3.330669073875E-16,-1.110223024625E-16,-1.));
#1947 = ORIENTED_EDGE('',*,*,#1948,.F.);
#1948 = EDGE_CURVE('',#1949,#1940,#1951,.T.);
#1949 = VERTEX_POINT('',#1950);
#1950 = CARTESIAN_POINT('',(96.5358179916,69.700978539353,
    -2.114892908698));
#1951 = B_SPLINE_CURVE_WITH_KNOTS('',3,(#1952,#1953,#1954,#1955),
  .UNSPECIFIED.,.F.,.F.,(4,4),(0.,1.9598853381),
  .PIECEWISE_BEZIER_KNOTS.);
#1952 = CARTESIAN_POINT('',(96.5358179916,69.700978539353,
    -2.114892908698));
#1953 = CARTESIAN_POINT('',(96.545253054,70.100954559253,-1.883966645968
    ));
#1954 = CARTESIAN_POINT('',(96.5531757621,70.500957602453,
    -1.653024780848));
#1955 = CARTESIAN_POINT('',(96.5595874614,70.900978538653,
    -1.422072585668));
#1956 = ORIENTED_EDGE('',*,*,#1957,.F.);
#1957 = EDGE_CURVE('',#1958,#1949,#1960,.T.);
#1958 = VERTEX_POINT('',#1959);
#1959 = CARTESIAN_POINT('',(96.5040692313,69.700978539353,
    -2.787252261838));
#1960 = CIRCLE('',#1961,53.);
#1961 = AXIS2_PLACEMENT_3D('',#1962,#1963,#1964);
#1962 = CARTESIAN_POINT('',(43.58,69.700978539353,4.874773736205E-02));
#1963 = DIRECTION('',(-4.4408920985E-16,-1.,1.110223024625E-16));
#1964 = DIRECTION('',(3.330669073875E-16,-1.110223024625E-16,-1.));
#1965 = ORIENTED_EDGE('',*,*,#1966,.F.);
#1966 = EDGE_CURVE('',#1967,#1958,#1969,.T.);
#1967 = VERTEX_POINT('',#1968);
#1968 = CARTESIAN_POINT('',(96.4623924112,70.900978538653,
    -3.480072585668));
#1969 = B_SPLINE_CURVE_WITH_KNOTS('',3,(#1970,#1971,#1972,#1973),
  .UNSPECIFIED.,.F.,.F.,(4,4),(0.,1.96048325762),
  .PIECEWISE_BEZIER_KNOTS.);
#1970 = CARTESIAN_POINT('',(96.4623924112,70.900978538653,
    -3.480072585668));
#1971 = CARTESIAN_POINT('',(96.4778013686,70.501019576453,
    -3.249156171258));
#1972 = CARTESIAN_POINT('',(96.4916928531,70.101016496653,
    -3.018214285008));
#1973 = CARTESIAN_POINT('',(96.5040692313,69.700978539353,
    -2.787252262638));
#1974 = ORIENTED_EDGE('',*,*,#1975,.F.);
#1975 = EDGE_CURVE('',#1976,#1967,#1978,.T.);
#1976 = VERTEX_POINT('',#1977);
#1977 = CARTESIAN_POINT('',(96.4310414842,70.900978538653,
    -3.922072585638));
#1978 = CIRCLE('',#1979,53.);
#1979 = AXIS2_PLACEMENT_3D('',#1980,#1981,#1982);
#1980 = CARTESIAN_POINT('',(43.58,70.900978538653,4.874773736205E-02));
#1981 = DIRECTION('',(-4.4408920985E-16,-1.,1.110223024625E-16));
#1982 = DIRECTION('',(3.330669073875E-16,-1.110223024625E-16,-1.));
#1983 = ORIENTED_EDGE('',*,*,#1984,.F.);
#1984 = EDGE_CURVE('',#1985,#1976,#1987,.T.);
#1985 = VERTEX_POINT('',#1986);
#1986 = CARTESIAN_POINT('',(96.3744169011,69.700978539353,
    -4.614892908698));
#1987 = B_SPLINE_CURVE_WITH_KNOTS('',3,(#1988,#1989,#1990,#1991),
  .UNSPECIFIED.,.F.,.F.,(4,4),(0.,1.96123265671),
  .PIECEWISE_BEZIER_KNOTS.);
#1988 = CARTESIAN_POINT('',(96.3744169011,69.700978539353,
    -4.614892908698));
#1989 = CARTESIAN_POINT('',(96.3948143689,70.100923107653,
    -4.383984804488));
#1990 = CARTESIAN_POINT('',(96.4136881538,70.500926233653,
    -4.153042891598));
#1991 = CARTESIAN_POINT('',(96.4310414842,70.900978538653,
    -3.922072585668));
#1992 = ORIENTED_EDGE('',*,*,#1993,.F.);
#1993 = EDGE_CURVE('',#1994,#1985,#1996,.T.);
#1994 = VERTEX_POINT('',#1995);
#1995 = CARTESIAN_POINT('',(96.3107036176,69.700978539353,
    -5.287252261758));
#1996 = CIRCLE('',#1997,53.);
#1997 = AXIS2_PLACEMENT_3D('',#1998,#1999,#2000);
#1998 = CARTESIAN_POINT('',(43.58,69.700978539353,4.874773736205E-02));
#1999 = DIRECTION('',(-4.4408920985E-16,-1.,1.110223024625E-16));
#2000 = DIRECTION('',(3.330669073875E-16,-1.110223024625E-16,-1.));
#2001 = ORIENTED_EDGE('',*,*,#2002,.F.);
#2002 = EDGE_CURVE('',#2003,#1994,#2005,.T.);
#2003 = VERTEX_POINT('',#2004);
#2004 = CARTESIAN_POINT('',(96.2359904048,70.900978538653,
    -5.980072585668));
#2005 = B_SPLINE_CURVE_WITH_KNOTS('',3,(#2006,#2007,#2008,#2009),
  .UNSPECIFIED.,.F.,.F.,(4,4),(0.,1.96244368899),
  .PIECEWISE_BEZIER_KNOTS.);
#2006 = CARTESIAN_POINT('',(96.2359904048,70.900978538653,
    -5.980072585668));
#2007 = CARTESIAN_POINT('',(96.2624269396,70.501051652453,
    -5.749174690378));
#2008 = CARTESIAN_POINT('',(96.2873299147,70.101048451353,
    -5.518232734018));
#2009 = CARTESIAN_POINT('',(96.3107036175,69.700978539353,
    -5.287252262638));
#2010 = ORIENTED_EDGE('',*,*,#2011,.F.);
#2011 = EDGE_CURVE('',#2012,#2003,#2014,.T.);
#2012 = VERTEX_POINT('',#2013);
#2013 = CARTESIAN_POINT('',(96.1835025863,70.900978538653,
    -6.422072585648));
#2014 = CIRCLE('',#2015,53.);
#2015 = AXIS2_PLACEMENT_3D('',#2016,#2017,#2018);
#2016 = CARTESIAN_POINT('',(43.58,70.900978538653,4.874773736205E-02));
#2017 = DIRECTION('',(-4.4408920985E-16,-1.,1.110223024625E-16));
#2018 = DIRECTION('',(3.330669073875E-16,-1.110223024625E-16,-1.));
#2019 = ORIENTED_EDGE('',*,*,#2020,.F.);
#2020 = EDGE_CURVE('',#2021,#2012,#2023,.T.);
#2021 = VERTEX_POINT('',#2022);
#2022 = CARTESIAN_POINT('',(96.0936387303,69.700978539353,
    -7.114892908698));
#2023 = B_SPLINE_CURVE_WITH_KNOTS('',3,(#2024,#2025,#2026,#2027),
  .UNSPECIFIED.,.F.,.F.,(4,4),(0.,1.96371393064),
  .PIECEWISE_BEZIER_KNOTS.);
#2024 = CARTESIAN_POINT('',(96.0936387303,69.700978539353,
    -7.114892908698));
#2025 = CARTESIAN_POINT('',(96.1251354455,70.100890332553,
    -6.884003727298));
#2026 = CARTESIAN_POINT('',(96.1550883336,70.500893613453,
    -6.653061724808));
#2027 = CARTESIAN_POINT('',(96.1835025863,70.900978538653,
    -6.422072585668));
#2028 = ORIENTED_EDGE('',*,*,#2029,.F.);
#2029 = EDGE_CURVE('',#2030,#2021,#2032,.T.);
#2030 = VERTEX_POINT('',#2031);
#2031 = CARTESIAN_POINT('',(95.9975266873,69.700978539353,
    -7.787252261938));
#2032 = CIRCLE('',#2033,53.);
#2033 = AXIS2_PLACEMENT_3D('',#2034,#2035,#2036);
#2034 = CARTESIAN_POINT('',(43.58,69.700978539353,4.874773736205E-02));
#2035 = DIRECTION('',(-4.4408920985E-16,-1.,1.110223024625E-16));
#2036 = DIRECTION('',(3.330669073875E-16,-1.110223024625E-16,-1.));
#2037 = ORIENTED_EDGE('',*,*,#2038,.F.);
#2038 = EDGE_CURVE('',#2039,#2030,#2041,.T.);
#2039 = VERTEX_POINT('',#2040);
#2040 = CARTESIAN_POINT('',(95.8892651822,70.900978538653,
    -8.480072585648));
#2041 = B_SPLINE_CURVE_WITH_KNOTS('',3,(#2042,#2043,#2044,#2045),
  .UNSPECIFIED.,.F.,.F.,(4,4),(0.,1.96556935377),
  .PIECEWISE_BEZIER_KNOTS.);
#2042 = CARTESIAN_POINT('',(95.8892651822,70.900978538653,
    -8.480072585648));
#2043 = CARTESIAN_POINT('',(95.9269089914,70.501085498553,
    -8.249194231358));
#2044 = CARTESIAN_POINT('',(95.9629940544,70.101082099253,
    -8.018252160688));
#2045 = CARTESIAN_POINT('',(95.9975266872,69.700978539353,
    -7.787252262638));
#2046 = ORIENTED_EDGE('',*,*,#2047,.F.);
#2047 = EDGE_CURVE('',#2048,#2039,#2050,.T.);
#2048 = VERTEX_POINT('',#2049);
#2049 = CARTESIAN_POINT('',(95.8152791007,70.900978538653,
    -8.922072585788));
#2050 = CIRCLE('',#2051,53.);
#2051 = AXIS2_PLACEMENT_3D('',#2052,#2053,#2054);
#2052 = CARTESIAN_POINT('',(43.58,70.900978538653,4.874773736205E-02));
#2053 = DIRECTION('',(-4.4408920985E-16,-1.,1.110223024625E-16));
#2054 = DIRECTION('',(3.330669073875E-16,-1.110223024625E-16,-1.));
#2055 = ORIENTED_EDGE('',*,*,#2056,.F.);
#2056 = EDGE_CURVE('',#2057,#2048,#2059,.T.);
#2057 = VERTEX_POINT('',#2058);
#2058 = CARTESIAN_POINT('',(95.6915538961,69.700978539353,
    -9.614892908698));
#2059 = B_SPLINE_CURVE_WITH_KNOTS('',3,(#2060,#2061,#2062,#2063),
  .UNSPECIFIED.,.F.,.F.,(4,4),(0.,1.96739371492),
  .PIECEWISE_BEZIER_KNOTS.);
#2060 = CARTESIAN_POINT('',(95.6915538961,69.700978539353,
    -9.614892908698));
#2061 = CARTESIAN_POINT('',(95.7343665732,70.100855391753,
    -9.384023900288));
#2062 = CARTESIAN_POINT('',(95.7756058791,70.500858909253,
    -9.153081761288));
#2063 = CARTESIAN_POINT('',(95.8152791007,70.900978538653,
    -8.922072585688));
#2064 = ORIENTED_EDGE('',*,*,#2065,.F.);
#2065 = EDGE_CURVE('',#2066,#2057,#2068,.T.);
#2066 = VERTEX_POINT('',#2067);
#2067 = CARTESIAN_POINT('',(95.5623730125,69.700978539353,
    -10.28725226193));
#2068 = CIRCLE('',#2069,53.);
#2069 = AXIS2_PLACEMENT_3D('',#2070,#2071,#2072);
#2070 = CARTESIAN_POINT('',(43.58,69.700978539353,4.874773736205E-02));
#2071 = DIRECTION('',(-4.4408920985E-16,-1.,1.110223024625E-16));
#2072 = DIRECTION('',(3.330669073875E-16,-1.110223024625E-16,-1.));
#2073 = ORIENTED_EDGE('',*,*,#2074,.F.);
#2074 = EDGE_CURVE('',#2075,#2066,#2077,.T.);
#2075 = VERTEX_POINT('',#2076);
#2076 = CARTESIAN_POINT('',(95.4198024908,70.900978538653,
    -10.98007258563));
#2077 = B_SPLINE_CURVE_WITH_KNOTS('',3,(#2078,#2079,#2080,#2081),
  .UNSPECIFIED.,.F.,.F.,(4,4),(0.,1.96994300687),
  .PIECEWISE_BEZIER_KNOTS.);
#2078 = CARTESIAN_POINT('',(95.4198024908,70.900978538653,
    -10.98007258563));
#2079 = CARTESIAN_POINT('',(95.4689169393,70.501122023753,
    -10.74921531923));
#2080 = CARTESIAN_POINT('',(95.5164376104,70.101118337853,
    -10.51827308293));
#2081 = CARTESIAN_POINT('',(95.5623730124,69.700978539353,
    -10.28725226263));
#2082 = ORIENTED_EDGE('',*,*,#2083,.F.);
#2083 = EDGE_CURVE('',#2084,#2075,#2086,.T.);
#2084 = VERTEX_POINT('',#2085);
#2085 = CARTESIAN_POINT('',(95.3237946146,70.900978538653,
    -11.42207258563));
#2086 = CIRCLE('',#2087,53.);
#2087 = AXIS2_PLACEMENT_3D('',#2088,#2089,#2090);
#2088 = CARTESIAN_POINT('',(43.58,70.900978538653,4.874773736205E-02));
#2089 = DIRECTION('',(-4.4408920985E-16,-1.,1.110223024625E-16));
#2090 = DIRECTION('',(3.330669073875E-16,-1.110223024625E-16,-1.));
#2091 = ORIENTED_EDGE('',*,*,#2092,.F.);
#2092 = EDGE_CURVE('',#2093,#2084,#2095,.T.);
#2093 = VERTEX_POINT('',#2094);
#2094 = CARTESIAN_POINT('',(95.1653258808,69.700978539353,
    -12.11489290873));
#2095 = B_SPLINE_CURVE_WITH_KNOTS('',3,(#2096,#2097,#2098,#2099),
  .UNSPECIFIED.,.F.,.F.,(4,4),(0.,1.97237115432),
  .PIECEWISE_BEZIER_KNOTS.);
#2096 = CARTESIAN_POINT('',(95.1653258808,69.700978539353,
    -12.11489290873));
#2097 = CARTESIAN_POINT('',(95.2197588061,70.100817305953,
    -11.88404588923));
#2098 = CARTESIAN_POINT('',(95.2725785259,70.500821155753,
    -11.65310355823));
#2099 = CARTESIAN_POINT('',(95.3237946146,70.900978538653,
    -11.42207258563));
#2100 = ORIENTED_EDGE('',*,*,#2101,.F.);
#2101 = EDGE_CURVE('',#2102,#2093,#2104,.T.);
#2102 = VERTEX_POINT('',#2103);
#2103 = CARTESIAN_POINT('',(95.0021460464,69.700978539353,
    -12.78725226183));
#2104 = CIRCLE('',#2105,53.);
#2105 = AXIS2_PLACEMENT_3D('',#2106,#2107,#2108);
#2106 = CARTESIAN_POINT('',(43.58,69.700978539353,4.874773736205E-02));
#2107 = DIRECTION('',(-4.4408920985E-16,-1.,1.110223024625E-16));
#2108 = DIRECTION('',(3.330669073875E-16,-1.110223024625E-16,-1.));
#2109 = ORIENTED_EDGE('',*,*,#2110,.F.);
#2110 = EDGE_CURVE('',#2111,#2102,#2113,.T.);
#2111 = VERTEX_POINT('',#2112);
#2112 = CARTESIAN_POINT('',(94.824229145,70.900978538653,-13.48007258563
    ));
#2113 = B_SPLINE_CURVE_WITH_KNOTS('',3,(#2114,#2115,#2116,#2117),
  .UNSPECIFIED.,.F.,.F.,(4,4),(0.,1.97568542535),
  .PIECEWISE_BEZIER_KNOTS.);
#2114 = CARTESIAN_POINT('',(94.824229145,70.900978538653,-13.48007258563
    ));
#2115 = CARTESIAN_POINT('',(94.8851708713,70.501162312853,
    -13.24923858013));
#2116 = CARTESIAN_POINT('',(94.9444728618,70.101158233653,
    -13.01829611673));
#2117 = CARTESIAN_POINT('',(95.0021460462,69.700978539353,
    -12.78725226263));
#2118 = ORIENTED_EDGE('',*,*,#2119,.F.);
#2119 = EDGE_CURVE('',#2120,#2111,#2122,.T.);
#2120 = VERTEX_POINT('',#2121);
#2121 = CARTESIAN_POINT('',(94.7054944182,70.900978538653,
    -13.92207258553));
#2122 = CIRCLE('',#2123,53.);
#2123 = AXIS2_PLACEMENT_3D('',#2124,#2125,#2126);
#2124 = CARTESIAN_POINT('',(43.58,70.900978538653,4.874773736205E-02));
#2125 = DIRECTION('',(-4.4408920985E-16,-1.,1.110223024625E-16));
#2126 = DIRECTION('',(3.330669073875E-16,-1.110223024625E-16,-1.));
#2127 = ORIENTED_EDGE('',*,*,#2128,.F.);
#2128 = EDGE_CURVE('',#2129,#2120,#2131,.T.);
#2129 = VERTEX_POINT('',#2130);
#2130 = CARTESIAN_POINT('',(94.5111068307,69.700978539353,
    -14.61489290873));
#2131 = B_SPLINE_CURVE_WITH_KNOTS('',3,(#2132,#2133,#2134,#2135),
  .UNSPECIFIED.,.F.,.F.,(4,4),(0.,1.97878696384),
  .PIECEWISE_BEZIER_KNOTS.);
#2132 = CARTESIAN_POINT('',(94.5111068307,69.700978539353,
    -14.61489290873));
#2133 = CARTESIAN_POINT('',(94.5775632421,70.100774883453,
    -14.38407038183));
#2134 = CARTESIAN_POINT('',(94.6423550628,70.500779183153,
    -14.15312779113));
#2135 = CARTESIAN_POINT('',(94.7054944182,70.900978538653,
    -13.92207258563));
#2136 = ORIENTED_EDGE('',*,*,#2137,.F.);
#2137 = EDGE_CURVE('',#2138,#2129,#2140,.T.);
#2138 = VERTEX_POINT('',#2139);
#2139 = CARTESIAN_POINT('',(94.3127025105,69.700978539353,
    -15.28725226183));
#2140 = CIRCLE('',#2141,53.);
#2141 = AXIS2_PLACEMENT_3D('',#2142,#2143,#2144);
#2142 = CARTESIAN_POINT('',(43.58,69.700978539353,4.874773736205E-02));
#2143 = DIRECTION('',(-4.4408920985E-16,-1.,1.110223024625E-16));
#2144 = DIRECTION('',(3.330669073875E-16,-1.110223024625E-16,-1.));
#2145 = ORIENTED_EDGE('',*,*,#2146,.F.);
#2146 = EDGE_CURVE('',#2147,#2138,#2149,.T.);
#2147 = VERTEX_POINT('',#2148);
#2148 = CARTESIAN_POINT('',(94.0980850691,70.900978538653,
    -15.98007258563));
#2149 = B_SPLINE_CURVE_WITH_KNOTS('',3,(#2150,#2151,#2152,#2153),
  .UNSPECIFIED.,.F.,.F.,(4,4),(0.,1.98296421388),
  .PIECEWISE_BEZIER_KNOTS.);
#2150 = CARTESIAN_POINT('',(94.0980850691,70.900978538653,
    -15.98007258563));
#2151 = CARTESIAN_POINT('',(94.1713177866,70.501207713553,
    -15.74926479223));
#2152 = CARTESIAN_POINT('',(94.2428523801,70.101203107753,
    -15.51832202503));
#2153 = CARTESIAN_POINT('',(94.3127025103,69.700978539353,
    -15.28725226263));
#2154 = ORIENTED_EDGE('',*,*,#2155,.F.);
#2155 = EDGE_CURVE('',#2156,#2147,#2158,.T.);
#2156 = VERTEX_POINT('',#2157);
#2157 = CARTESIAN_POINT('',(93.9557092047,70.900978538653,
    -16.42207258583));
#2158 = CIRCLE('',#2159,53.);
#2159 = AXIS2_PLACEMENT_3D('',#2160,#2161,#2162);
#2160 = CARTESIAN_POINT('',(43.58,70.900978538653,4.874773736205E-02));
#2161 = DIRECTION('',(-4.4408920985E-16,-1.,1.110223024625E-16));
#2162 = DIRECTION('',(3.330669073875E-16,-1.110223024625E-16,-1.));
#2163 = ORIENTED_EDGE('',*,*,#2164,.F.);
#2164 = EDGE_CURVE('',#2165,#2156,#2167,.T.);
#2165 = VERTEX_POINT('',#2166);
#2166 = CARTESIAN_POINT('',(93.723887362,69.700978539353,-17.11489290873
    ));
#2167 = B_SPLINE_CURVE_WITH_KNOTS('',3,(#2168,#2169,#2170,#2171),
  .UNSPECIFIED.,.F.,.F.,(4,4),(0.,1.98683403093),
  .PIECEWISE_BEZIER_KNOTS.);
#2168 = CARTESIAN_POINT('',(93.723887362,69.700978539353,-17.11489290873
    ));
#2169 = CARTESIAN_POINT('',(93.8028855578,70.100726619053,
    -16.88409824743));
#2170 = CARTESIAN_POINT('',(93.8801544958,70.500731517553,
    -16.65315531103));
#2171 = CARTESIAN_POINT('',(93.9557092048,70.900978538653,
    -16.42207258563));
#2172 = ORIENTED_EDGE('',*,*,#2173,.F.);
#2173 = EDGE_CURVE('',#2174,#2165,#2176,.T.);
#2174 = VERTEX_POINT('',#2175);
#2175 = CARTESIAN_POINT('',(93.4886876608,69.700978539353,
    -17.78725226193));
#2176 = CIRCLE('',#2177,53.);
#2177 = AXIS2_PLACEMENT_3D('',#2178,#2179,#2180);
#2178 = CARTESIAN_POINT('',(43.58,69.700978539353,4.874773736205E-02));
#2179 = DIRECTION('',(-4.4408920985E-16,-1.,1.110223024625E-16));
#2180 = DIRECTION('',(3.330669073875E-16,-1.110223024625E-16,-1.));
#2181 = ORIENTED_EDGE('',*,*,#2182,.F.);
#2182 = EDGE_CURVE('',#2183,#2174,#2185,.T.);
#2183 = VERTEX_POINT('',#2184);
#2184 = CARTESIAN_POINT('',(93.2356423525,70.900978538653,
    -18.48007258563));
#2185 = B_SPLINE_CURVE_WITH_KNOTS('',3,(#2186,#2187,#2188,#2189),
  .UNSPECIFIED.,.F.,.F.,(4,4),(0.,1.99200700181),
  .PIECEWISE_BEZIER_KNOTS.);
#2186 = CARTESIAN_POINT('',(93.2356423525,70.900978538653,
    -18.48007258563));
#2187 = CARTESIAN_POINT('',(93.3217561757,70.501259961053,
    -18.24929495733));
#2188 = CARTESIAN_POINT('',(93.406099011,70.101254656953,-18.01835178703
    ));
#2189 = CARTESIAN_POINT('',(93.4886876606,69.700978539353,
    -17.78725226263));
#2190 = ORIENTED_EDGE('',*,*,#2191,.F.);
#2191 = EDGE_CURVE('',#2192,#2183,#2194,.T.);
#2192 = VERTEX_POINT('',#2193);
#2193 = CARTESIAN_POINT('',(93.0684630624,70.900978538653,
    -18.92207258543));
#2194 = CIRCLE('',#2195,53.);
#2195 = AXIS2_PLACEMENT_3D('',#2196,#2197,#2198);
#2196 = CARTESIAN_POINT('',(43.58,70.900978538653,4.874773736205E-02));
#2197 = DIRECTION('',(-4.4408920985E-16,-1.,1.110223024625E-16));
#2198 = DIRECTION('',(3.330669073875E-16,-1.110223024625E-16,-1.));
#2199 = ORIENTED_EDGE('',*,*,#2200,.F.);
#2200 = EDGE_CURVE('',#2201,#2192,#2203,.T.);
#2201 = VERTEX_POINT('',#2202);
#2202 = CARTESIAN_POINT('',(92.7972859526,69.700978539353,
    -19.61489290873));
#2203 = B_SPLINE_CURVE_WITH_KNOTS('',3,(#2204,#2205,#2206,#2207),
  .UNSPECIFIED.,.F.,.F.,(4,4),(0.,1.99677322936),
  .PIECEWISE_BEZIER_KNOTS.);
#2204 = CARTESIAN_POINT('',(92.7972859526,69.700978539353,
    -19.61489290873));
#2205 = CARTESIAN_POINT('',(92.8894817454,70.100670545753,
    -19.38413062123));
#2206 = CARTESIAN_POINT('',(92.9798679826,70.500676237753,
    -19.15318722673));
#2207 = CARTESIAN_POINT('',(93.0684630623,70.900978538653,
    -18.92207258563));
#2208 = ORIENTED_EDGE('',*,*,#2209,.F.);
#2209 = EDGE_CURVE('',#2210,#2201,#2212,.T.);
#2210 = VERTEX_POINT('',#2211);
#2211 = CARTESIAN_POINT('',(92.523304997,69.700978539353,-20.28725226183
    ));
#2212 = CIRCLE('',#2213,53.);
#2213 = AXIS2_PLACEMENT_3D('',#2214,#2215,#2216);
#2214 = CARTESIAN_POINT('',(43.58,69.700978539353,4.874773736205E-02));
#2215 = DIRECTION('',(-4.4408920985E-16,-1.,1.110223024625E-16));
#2216 = DIRECTION('',(3.330669073875E-16,-1.110223024625E-16,-1.));
#2217 = ORIENTED_EDGE('',*,*,#2218,.F.);
#2218 = EDGE_CURVE('',#2219,#2210,#2221,.T.);
#2219 = VERTEX_POINT('',#2220);
#2220 = CARTESIAN_POINT('',(92.2296527821,70.900978538653,
    -20.98007258563));
#2221 = B_SPLINE_CURVE_WITH_KNOTS('',3,(#2222,#2223,#2224,#2225),
  .UNSPECIFIED.,.F.,.F.,(4,4),(0.,2.00312112272),
  .PIECEWISE_BEZIER_KNOTS.);
#2222 = CARTESIAN_POINT('',(92.2296527821,70.900978538653,
    -20.98007258563));
#2223 = CARTESIAN_POINT('',(92.3293911264,70.501321361653,
    -20.74933040703));
#2224 = CARTESIAN_POINT('',(92.4272683692,70.101315131153,
    -20.51838670163));
#2225 = CARTESIAN_POINT('',(92.5233049967,69.700978539353,
    -20.28725226263));
#2226 = ORIENTED_EDGE('',*,*,#2227,.F.);
#2227 = EDGE_CURVE('',#2228,#2219,#2230,.T.);
#2228 = VERTEX_POINT('',#2229);
#2229 = CARTESIAN_POINT('',(92.0362057393,70.900978538653,
    -21.42207258593));
#2230 = CIRCLE('',#2231,53.);
#2231 = AXIS2_PLACEMENT_3D('',#2232,#2233,#2234);
#2232 = CARTESIAN_POINT('',(43.58,70.900978538653,4.874773736205E-02));
#2233 = DIRECTION('',(-4.4408920985E-16,-1.,1.110223024625E-16));
#2234 = DIRECTION('',(3.330669073875E-16,-1.110223024625E-16,-1.));
#2235 = ORIENTED_EDGE('',*,*,#2236,.F.);
#2236 = EDGE_CURVE('',#2237,#2228,#2239,.T.);
#2237 = VERTEX_POINT('',#2238);
#2238 = CARTESIAN_POINT('',(91.7232553252,69.700978539353,
    -22.11489290873));
#2239 = B_SPLINE_CURVE_WITH_KNOTS('',3,(#2240,#2241,#2242,#2243),
  .UNSPECIFIED.,.F.,.F.,(4,4),(0.,2.00895707634),
  .PIECEWISE_BEZIER_KNOTS.);
#2240 = CARTESIAN_POINT('',(91.7232553252,69.700978539353,
    -22.11489290873));
#2241 = CARTESIAN_POINT('',(91.829473341,70.100604012853,-21.88416903383
    ));
#2242 = CARTESIAN_POINT('',(91.9337826849,70.500610760553,
    -21.65322503003));
#2243 = CARTESIAN_POINT('',(92.0362057394,70.900978538653,
    -21.42207258563));
#2244 = ORIENTED_EDGE('',*,*,#2245,.F.);
#2245 = EDGE_CURVE('',#2246,#2237,#2248,.T.);
#2246 = VERTEX_POINT('',#2247);
#2247 = CARTESIAN_POINT('',(91.4079949823,69.700978539353,
    -22.78725226203));
#2248 = CIRCLE('',#2249,53.);
#2249 = AXIS2_PLACEMENT_3D('',#2250,#2251,#2252);
#2250 = CARTESIAN_POINT('',(43.58,69.700978539353,4.874773736205E-02));
#2251 = DIRECTION('',(-4.4408920985E-16,-1.,1.110223024625E-16));
#2252 = DIRECTION('',(3.330669073875E-16,-1.110223024625E-16,-1.));
#2253 = ORIENTED_EDGE('',*,*,#2254,.F.);
#2254 = EDGE_CURVE('',#2255,#2246,#2257,.T.);
#2255 = VERTEX_POINT('',#2256);
#2256 = CARTESIAN_POINT('',(91.0709950855,70.900978538653,
    -23.48007258563));
#2257 = B_SPLINE_CURVE_WITH_KNOTS('',3,(#2258,#2259,#2260,#2261),
  .UNSPECIFIED.,.F.,.F.,(4,4),(0.,2.01672326266),
  .PIECEWISE_BEZIER_KNOTS.);
#2258 = CARTESIAN_POINT('',(91.0709950855,70.900978538653,
    -23.48007258563));
#2259 = CARTESIAN_POINT('',(91.1852923307,70.501395074953,
    -23.24937296533));
#2260 = CARTESIAN_POINT('',(91.2976173342,70.101387606153,
    -23.01842854503));
#2261 = CARTESIAN_POINT('',(91.407994982,69.700978539353,-22.78725226263
    ));
#2262 = ORIENTED_EDGE('',*,*,#2263,.F.);
#2263 = EDGE_CURVE('',#2264,#2255,#2266,.T.);
#2264 = VERTEX_POINT('',#2265);
#2265 = CARTESIAN_POINT('',(90.8494380446,70.900978538653,
    -23.92207258543));
#2266 = CIRCLE('',#2267,53.);
#2267 = AXIS2_PLACEMENT_3D('',#2268,#2269,#2270);
#2268 = CARTESIAN_POINT('',(43.58,70.900978538653,4.874773736205E-02));
#2269 = DIRECTION('',(-4.4408920985E-16,-1.,1.110223024625E-16));
#2270 = DIRECTION('',(3.330669073875E-16,-1.110223024625E-16,-1.));
#2271 = ORIENTED_EDGE('',*,*,#2272,.F.);
#2272 = EDGE_CURVE('',#2273,#2264,#2275,.T.);
#2273 = VERTEX_POINT('',#2274);
#2274 = CARTESIAN_POINT('',(90.4916705105,69.700978539353,
    -24.61489290873));
#2275 = B_SPLINE_CURVE_WITH_KNOTS('',3,(#2276,#2277,#2278,#2279),
  .UNSPECIFIED.,.F.,.F.,(4,4),(0.,2.02386566452),
  .PIECEWISE_BEZIER_KNOTS.);
#2276 = CARTESIAN_POINT('',(90.4916705105,69.700978539353,
    -24.61489290873));
#2277 = CARTESIAN_POINT('',(90.6129482632,70.100523339053,
    -24.38421561103));
#2278 = CARTESIAN_POINT('',(90.7321950477,70.500531505053,
    -24.15327078823));
#2279 = CARTESIAN_POINT('',(90.8494380445,70.900978538653,
    -23.92207258563));
#2280 = ORIENTED_EDGE('',*,*,#2281,.F.);
#2281 = EDGE_CURVE('',#2282,#2273,#2284,.T.);
#2282 = VERTEX_POINT('',#2283);
#2283 = CARTESIAN_POINT('',(90.1319828151,69.700978539353,
    -25.28725226223));
#2284 = CIRCLE('',#2285,53.);
#2285 = AXIS2_PLACEMENT_3D('',#2286,#2287,#2288);
#2286 = CARTESIAN_POINT('',(43.58,69.700978539353,4.874773736205E-02));
#2287 = DIRECTION('',(-4.4408920985E-16,-1.,1.110223024625E-16));
#2288 = DIRECTION('',(3.330669073875E-16,-1.110223024625E-16,-1.));
#2289 = ORIENTED_EDGE('',*,*,#2290,.F.);
#2290 = EDGE_CURVE('',#2291,#2282,#2293,.T.);
#2291 = VERTEX_POINT('',#2292);
#2292 = CARTESIAN_POINT('',(89.7481764053,70.900978538653,
    -25.98007258563));
#2293 = B_SPLINE_CURVE_WITH_KNOTS('',3,(#2294,#2295,#2296,#2297),
  .UNSPECIFIED.,.F.,.F.,(4,4),(0.,2.03338504302),
  .PIECEWISE_BEZIER_KNOTS.);
#2294 = CARTESIAN_POINT('',(89.7481764053,70.900978538653,
    -25.98007258563));
#2295 = CARTESIAN_POINT('',(89.878211412,70.501485563353,-25.74942520883
    ));
#2296 = CARTESIAN_POINT('',(90.0061368026,70.101476417453,
    -25.51847982043));
#2297 = CARTESIAN_POINT('',(90.1319828149,69.700978539353,
    -25.28725226263));
#2298 = ORIENTED_EDGE('',*,*,#2299,.F.);
#2299 = EDGE_CURVE('',#2300,#2291,#2302,.T.);
#2300 = VERTEX_POINT('',#2301);
#2301 = CARTESIAN_POINT('',(89.4961809326,70.900978538653,
    -26.42207258543));
#2302 = CIRCLE('',#2303,53.);
#2303 = AXIS2_PLACEMENT_3D('',#2304,#2305,#2306);
#2304 = CARTESIAN_POINT('',(43.58,70.900978538653,4.874773736205E-02));
#2305 = DIRECTION('',(-4.4408920985E-16,-1.,1.110223024625E-16));
#2306 = DIRECTION('',(3.330669073875E-16,-1.110223024625E-16,-1.));
#2307 = ORIENTED_EDGE('',*,*,#2308,.F.);
#2308 = EDGE_CURVE('',#2309,#2300,#2311,.T.);
#2309 = VERTEX_POINT('',#2310);
#2310 = CARTESIAN_POINT('',(89.0897421093,69.700978539353,
    -27.11489290873));
#2311 = B_SPLINE_CURVE_WITH_KNOTS('',3,(#2312,#2313,#2314,#2315),
  .UNSPECIFIED.,.F.,.F.,(4,4),(0.,2.04216256753),
  .PIECEWISE_BEZIER_KNOTS.);
#2312 = CARTESIAN_POINT('',(89.0897421093,69.700978539353,
    -27.11489290873));
#2313 = CARTESIAN_POINT('',(89.2273931976,70.100423249953,
    -26.88427339733));
#2314 = CARTESIAN_POINT('',(89.3628617838,70.500433351453,
    -26.65332745723));
#2315 = CARTESIAN_POINT('',(89.4961809325,70.900978538653,
    -26.42207258563));
#2316 = ORIENTED_EDGE('',*,*,#2317,.F.);
#2317 = EDGE_CURVE('',#2318,#2309,#2320,.T.);
#2318 = VERTEX_POINT('',#2319);
#2319 = CARTESIAN_POINT('',(88.6816308355,69.700978539353,
    -27.78725226223));
#2320 = CIRCLE('',#2321,53.);
#2321 = AXIS2_PLACEMENT_3D('',#2322,#2323,#2324);
#2322 = CARTESIAN_POINT('',(43.58,69.700978539353,4.874773736205E-02));
#2323 = DIRECTION('',(-4.4408920985E-16,-1.,1.110223024625E-16));
#2324 = DIRECTION('',(3.330669073875E-16,-1.110223024625E-16,-1.));
#2325 = ORIENTED_EDGE('',*,*,#2326,.F.);
#2326 = EDGE_CURVE('',#2327,#2318,#2329,.T.);
#2327 = VERTEX_POINT('',#2328);
#2328 = CARTESIAN_POINT('',(88.2466140532,70.900978538653,
    -28.48007258563));
#2329 = B_SPLINE_CURVE_WITH_KNOTS('',3,(#2330,#2331,#2332,#2333),
  .UNSPECIFIED.,.F.,.F.,(4,4),(0.,2.05390511361),
  .PIECEWISE_BEZIER_KNOTS.);
#2330 = CARTESIAN_POINT('',(88.2466140532,70.900978538653,
    -28.48007258563));
#2331 = CARTESIAN_POINT('',(88.3938878899,70.501599334953,
    -28.24949089503));
#2332 = CARTESIAN_POINT('',(88.5388811953,70.101587876053,
    -28.01854417103));
#2333 = CARTESIAN_POINT('',(88.6816308353,69.700978539353,
    -27.78725226263));
#2334 = ORIENTED_EDGE('',*,*,#2335,.F.);
#2335 = EDGE_CURVE('',#2336,#2327,#2338,.T.);
#2336 = VERTEX_POINT('',#2337);
#2337 = CARTESIAN_POINT('',(87.9612073949,70.900978538653,
    -28.92207258533));
#2338 = CIRCLE('',#2339,53.);
#2339 = AXIS2_PLACEMENT_3D('',#2340,#2341,#2342);
#2340 = CARTESIAN_POINT('',(43.58,70.900978538653,4.874773736205E-02));
#2341 = DIRECTION('',(-4.4408920985E-16,-1.,1.110223024625E-16));
#2342 = DIRECTION('',(3.330669073875E-16,-1.110223024625E-16,-1.));
#2343 = ORIENTED_EDGE('',*,*,#2344,.F.);
#2344 = EDGE_CURVE('',#2345,#2336,#2347,.T.);
#2345 = VERTEX_POINT('',#2346);
#2346 = CARTESIAN_POINT('',(87.5011614557,69.700978539353,
    -29.61489290873));
#2347 = B_SPLINE_CURVE_WITH_KNOTS('',3,(#2348,#2349,#2350,#2351),
  .UNSPECIFIED.,.F.,.F.,(4,4),(0.,2.0647846285),
  .PIECEWISE_BEZIER_KNOTS.);
#2348 = CARTESIAN_POINT('',(87.5011614557,69.700978539353,
    -29.61489290873));
#2349 = CARTESIAN_POINT('',(87.6568684905,70.100295931553,
    -29.38434690483));
#2350 = CARTESIAN_POINT('',(87.8102036661,70.500308729753,
    -29.15339940763));
#2351 = CARTESIAN_POINT('',(87.9612073947,70.900978538653,
    -28.92207258563));
#2352 = ORIENTED_EDGE('',*,*,#2353,.F.);
#2353 = EDGE_CURVE('',#2354,#2345,#2356,.T.);
#2354 = VERTEX_POINT('',#2355);
#2355 = CARTESIAN_POINT('',(87.0394880781,69.700978539353,
    -30.28725226253));
#2356 = CIRCLE('',#2357,53.);
#2357 = AXIS2_PLACEMENT_3D('',#2358,#2359,#2360);
#2358 = CARTESIAN_POINT('',(43.58,69.700978539353,4.874773736205E-02));
#2359 = DIRECTION('',(-4.4408920985E-16,-1.,1.110223024625E-16));
#2360 = DIRECTION('',(3.330669073875E-16,-1.110223024625E-16,-1.));
#2361 = ORIENTED_EDGE('',*,*,#2362,.F.);
#2362 = EDGE_CURVE('',#2363,#2354,#2365,.T.);
#2363 = VERTEX_POINT('',#2364);
#2364 = CARTESIAN_POINT('',(86.5683705204,70.851060276353,
    -30.95125226263));
#2365 = B_SPLINE_CURVE_WITH_KNOTS('',3,(#2366,#2367,#2368,#2369),
  .UNSPECIFIED.,.F.,.F.,(4,4),(0.,1.99276676001),
  .PIECEWISE_BEZIER_KNOTS.);
#2366 = CARTESIAN_POINT('',(86.5683705204,70.851060276353,
    -30.95125226263));
#2367 = CARTESIAN_POINT('',(86.7276864773,70.468403689253,
    -30.73032537933));
#2368 = CARTESIAN_POINT('',(86.8847124323,70.085030107353,
    -30.50898453883));
#2369 = CARTESIAN_POINT('',(87.039488078,69.700978539353,-30.28725226263
    ));
#2370 = ORIENTED_EDGE('',*,*,#2371,.F.);
#2371 = EDGE_CURVE('',#2372,#2363,#2374,.T.);
#2372 = VERTEX_POINT('',#2373);
#2373 = CARTESIAN_POINT('',(86.5683705206,71.100978539753,
    -30.95125226233));
#2374 = LINE('',#2375,#2376);
#2375 = CARTESIAN_POINT('',(86.5683705206,99.700978539353,
    -30.95125226233));
#2376 = VECTOR('',#2377,1.);
#2377 = DIRECTION('',(-4.440892098501E-16,-1.,1.110222341411E-16));
#2378 = ORIENTED_EDGE('',*,*,#2379,.T.);
#2379 = EDGE_CURVE('',#2372,#2380,#2382,.T.);
#2380 = VERTEX_POINT('',#2381);
#2381 = CARTESIAN_POINT('',(86.203350408,71.600978539753,-31.45125226263
    ));
#2382 = B_SPLINE_CURVE_WITH_KNOTS('',5,(#2383,#2384,#2385,#2386,#2387,
    #2388),.UNSPECIFIED.,.F.,.F.,(6,6),(0.,1.28123635644),
  .PIECEWISE_BEZIER_KNOTS.);
#2383 = CARTESIAN_POINT('',(86.5683705204,71.100978539753,
    -30.95125226263));
#2384 = CARTESIAN_POINT('',(86.5683705204,71.277159912953,
    -30.95125226263));
#2385 = CARTESIAN_POINT('',(86.5086316525,71.454840079553,
    -31.03418900683));
#2386 = CARTESIAN_POINT('',(86.4116068144,71.548913828053,
    -31.16832262943));
#2387 = CARTESIAN_POINT('',(86.3080619789,71.600978539753,
    -31.30956470783));
#2388 = CARTESIAN_POINT('',(86.203350408,71.600978539753,-31.45125226263
    ));
#2389 = ORIENTED_EDGE('',*,*,#2390,.F.);
#2390 = EDGE_CURVE('',#2391,#2380,#2393,.T.);
#2391 = VERTEX_POINT('',#2392);
#2392 = CARTESIAN_POINT('',(73.1265734059,71.600978539753,
    -43.95125226233));
#2393 = CIRCLE('',#2394,53.);
#2394 = AXIS2_PLACEMENT_3D('',#2395,#2396,#2397);
#2395 = CARTESIAN_POINT('',(43.58,71.600978539753,4.874773736205E-02));
#2396 = DIRECTION('',(-4.4408920985E-16,-1.,1.110223024625E-16));
#2397 = DIRECTION('',(3.330669073875E-16,-1.110223024625E-16,-1.));
#2398 = ORIENTED_EDGE('',*,*,#2399,.F.);
#2399 = EDGE_CURVE('',#253,#2391,#2400,.T.);
#2400 = LINE('',#2401,#2402);
#2401 = CARTESIAN_POINT('',(73.1265734054,99.700978539353,
    -43.95125226263));
#2402 = VECTOR('',#2403,1.);
#2403 = DIRECTION('',(-4.440892098501E-16,-1.,1.110224117768E-16));
#2404 = ORIENTED_EDGE('',*,*,#252,.T.);
#2405 = ORIENTED_EDGE('',*,*,#193,.T.);
#2406 = ORIENTED_EDGE('',*,*,#2407,.T.);
#2407 = EDGE_CURVE('',#196,#2408,#2410,.T.);
#2408 = VERTEX_POINT('',#2409);
#2409 = CARTESIAN_POINT('',(95.6280547187,99.684293312453,
    10.048747737362));
#2410 = LINE('',#2411,#2412);
#2411 = CARTESIAN_POINT('',(95.6280547187,99.700978539353,
    10.048747737362));
#2412 = VECTOR('',#2413,1.);
#2413 = DIRECTION('',(-4.440892098501E-16,-1.,1.110224117768E-16));
#2414 = ORIENTED_EDGE('',*,*,#2415,.T.);
#2415 = EDGE_CURVE('',#2408,#2416,#2418,.T.);
#2416 = VERTEX_POINT('',#2417);
#2417 = CARTESIAN_POINT('',(96.2392821827,92.200978539353,6.048747737362
    ));
#2418 = B_SPLINE_CURVE_WITH_KNOTS('',5,(#2419,#2420,#2421,#2422,#2423,
    #2424),.UNSPECIFIED.,.F.,.F.,(6,6),(0.,12.6700672989),
  .PIECEWISE_BEZIER_KNOTS.);
#2419 = CARTESIAN_POINT('',(95.6280546714,99.684293312453,
    10.048747983362));
#2420 = CARTESIAN_POINT('',(95.9077784589,98.711523366353,8.592840120672
    ));
#2421 = CARTESIAN_POINT('',(96.0914913966,97.376082576553,7.360216934292
    ));
#2422 = CARTESIAN_POINT('',(96.1891340269,95.747450767953,6.485038912722
    ));
#2423 = CARTESIAN_POINT('',(96.2392821827,93.974179969953,6.048747737362
    ));
#2424 = CARTESIAN_POINT('',(96.2392821827,92.200978539353,6.048747737362
    ));
#2425 = ORIENTED_EDGE('',*,*,#2426,.F.);
#2426 = EDGE_CURVE('',#2427,#2416,#2429,.T.);
#2427 = VERTEX_POINT('',#2428);
#2428 = CARTESIAN_POINT('',(95.6280546714,84.717663766253,
    10.048747983362));
#2429 = B_SPLINE_CURVE_WITH_KNOTS('',5,(#2430,#2431,#2432,#2433,#2434,
    #2435),.UNSPECIFIED.,.F.,.F.,(6,6),(0.,12.6700673011),
  .PIECEWISE_BEZIER_KNOTS.);
#2430 = CARTESIAN_POINT('',(95.6280546714,84.717663766253,
    10.048747983362));
#2431 = CARTESIAN_POINT('',(95.907778459,85.690433712553,8.592840120292)
  );
#2432 = CARTESIAN_POINT('',(96.0914913963,87.025874500153,7.360216935982
    ));
#2433 = CARTESIAN_POINT('',(96.189134027,88.654506311953,6.485038912292)
  );
#2434 = CARTESIAN_POINT('',(96.2392821827,90.427777108153,6.048747737362
    ));
#2435 = CARTESIAN_POINT('',(96.2392821827,92.200978539353,6.048747737362
    ));
#2436 = ORIENTED_EDGE('',*,*,#2437,.T.);
#2437 = EDGE_CURVE('',#2427,#1778,#2438,.T.);
#2438 = LINE('',#2439,#2440);
#2439 = CARTESIAN_POINT('',(95.6280546715,99.700978539353,
    10.048747983262));
#2440 = VECTOR('',#2441,1.);
#2441 = DIRECTION('',(-4.440892098501E-16,-1.,1.110224117768E-16));
#2442 = FACE_BOUND('',#2443,.T.);
#2443 = EDGE_LOOP('',(#2444,#2472));
#2444 = ORIENTED_EDGE('',*,*,#2445,.F.);
#2445 = EDGE_CURVE('',#2446,#2448,#2450,.T.);
#2446 = VERTEX_POINT('',#2447);
#2447 = CARTESIAN_POINT('',(90.8346294028,92.200978539353,
    -23.95125226263));
#2448 = VERTEX_POINT('',#2449);
#2449 = CARTESIAN_POINT('',(96.2392821827,92.200978539353,
    -5.951252262638));
#2450 = B_SPLINE_CURVE_WITH_KNOTS('',5,(#2451,#2452,#2453,#2454,#2455,
    #2456,#2457,#2458,#2459,#2460,#2461,#2462,#2463,#2464,#2465,#2466,
    #2467,#2468,#2469,#2470,#2471),.UNSPECIFIED.,.F.,.F.,(6,3,3,3,3,3,6)
  ,(0.,5.98658146238,12.3667572556,18.9465617532,25.3492464977,
    31.6068125056,41.0861769449),.UNSPECIFIED.);
#2451 = CARTESIAN_POINT('',(90.8346294028,92.200978539353,
    -23.95125226263));
#2452 = CARTESIAN_POINT('',(90.8346294028,93.044873785253,
    -23.95125226263));
#2453 = CARTESIAN_POINT('',(90.8848649899,93.888768256953,
    -23.85234126063));
#2454 = CARTESIAN_POINT('',(90.9854422343,94.712445350853,
    -23.65441709493));
#2455 = CARTESIAN_POINT('',(91.2825238454,96.336819614553,
    -23.05802561823));
#2456 = CARTESIAN_POINT('',(91.7278158513,97.751912734153,
    -22.11564578723));
#2457 = CARTESIAN_POINT('',(91.9868781613,98.412492983753,
    -21.54868781493));
#2458 = CARTESIAN_POINT('',(92.5492741094,99.597383438953,
    -20.26020533993));
#2459 = CARTESIAN_POINT('',(93.1495824795,100.43727734055,
    -18.73784015723));
#2460 = CARTESIAN_POINT('',(93.4543683944,100.76746247975,
    -17.91690846113));
#2461 = CARTESIAN_POINT('',(94.0391176769,101.21666395855,
    -16.22812166273));
#2462 = CARTESIAN_POINT('',(94.5666910012,101.25055112045,
    -14.46354096493));
#2463 = CARTESIAN_POINT('',(94.8068744476,101.16247312595,
    -13.59017547383));
#2464 = CARTESIAN_POINT('',(95.2355733469,100.77507027405,
    -11.88748727543));
#2465 = CARTESIAN_POINT('',(95.5671051175,99.983480299953,
    -10.30816233103));
#2466 = CARTESIAN_POINT('',(95.7061325115,99.497070582253,
    -9.574323198488));
#2467 = CARTESIAN_POINT('',(95.996770961,98.056399815853,-7.890340711038
    ));
#2468 = CARTESIAN_POINT('',(96.1549188751,96.148269543953,
    -6.695541049288));
#2469 = CARTESIAN_POINT('',(96.211025475,94.873484118653,-6.199248586628
    ));
#2470 = CARTESIAN_POINT('',(96.2392821827,93.537232064853,
    -5.951252262638));
#2471 = CARTESIAN_POINT('',(96.2392821827,92.200978539353,
    -5.951252262638));
#2472 = ORIENTED_EDGE('',*,*,#2473,.T.);
#2473 = EDGE_CURVE('',#2446,#2448,#2474,.T.);
#2474 = B_SPLINE_CURVE_WITH_KNOTS('',5,(#2475,#2476,#2477,#2478,#2479,
    #2480,#2481,#2482,#2483,#2484,#2485,#2486,#2487,#2488,#2489,#2490,
    #2491,#2492,#2493,#2494,#2495),.UNSPECIFIED.,.F.,.F.,(6,3,3,3,3,3,6)
  ,(0.,5.98658145415,12.3667572294,18.9465617326,25.3492464779,
    31.6068124849,41.0861769428),.UNSPECIFIED.);
#2475 = CARTESIAN_POINT('',(90.8346294028,92.200978539353,
    -23.95125226263));
#2476 = CARTESIAN_POINT('',(90.8346294028,91.357083294553,
    -23.95125226263));
#2477 = CARTESIAN_POINT('',(90.8848649897,90.513188824053,
    -23.85234126093));
#2478 = CARTESIAN_POINT('',(90.9854422348,89.689511723853,
    -23.65441709393));
#2479 = CARTESIAN_POINT('',(91.2825238454,88.065137463853,
    -23.05802561833));
#2480 = CARTESIAN_POINT('',(91.7278158501,86.650044346653,
    -22.11564578973));
#2481 = CARTESIAN_POINT('',(91.9868781629,85.989464091953,
    -21.54868781123));
#2482 = CARTESIAN_POINT('',(92.5492741105,84.804573637753,
    -20.26020533723));
#2483 = CARTESIAN_POINT('',(93.1495824801,83.964679737653,
    -18.73784015583));
#2484 = CARTESIAN_POINT('',(93.4543683939,83.634494599553,
    -17.91690846263));
#2485 = CARTESIAN_POINT('',(94.0391176767,83.185293119953,
    -16.22812166343));
#2486 = CARTESIAN_POINT('',(94.5666910013,83.151405958453,
    -14.46354096453));
#2487 = CARTESIAN_POINT('',(94.8068744475,83.239483952653,
    -13.59017547393));
#2488 = CARTESIAN_POINT('',(95.2355733469,83.626886804653,
    -11.88748727543));
#2489 = CARTESIAN_POINT('',(95.5671051175,84.418476778553,
    -10.30816233113));
#2490 = CARTESIAN_POINT('',(95.7061325116,84.904886496553,
    -9.574323198268));
#2491 = CARTESIAN_POINT('',(95.9967709614,86.345557264653,
    -7.890340709048));
#2492 = CARTESIAN_POINT('',(96.1549188755,88.253687539353,
    -6.695541046438));
#2493 = CARTESIAN_POINT('',(96.2110254749,89.528472954853,
    -6.199248587658));
#2494 = CARTESIAN_POINT('',(96.2392821827,90.864725011253,
    -5.951252262638));
#2495 = CARTESIAN_POINT('',(96.2392821827,92.200978539353,
    -5.951252262638));
#2496 = CYLINDRICAL_SURFACE('',#2497,53.);
#2497 = AXIS2_PLACEMENT_3D('',#2498,#2499,#2500);
#2498 = CARTESIAN_POINT('',(43.58,99.700978539353,4.874773736205E-02));
#2499 = DIRECTION('',(-4.4408920985E-16,-1.,1.110223024625E-16));
#2500 = DIRECTION('',(-0.87758256189,3.364980193329E-16,-0.479425538604)
  );
#2501 = ADVANCED_FACE('',(#2502),#2523,.F.);
#2502 = FACE_BOUND('',#2503,.F.);
#2503 = EDGE_LOOP('',(#2504,#2515,#2516,#2517));
#2504 = ORIENTED_EDGE('',*,*,#2505,.T.);
#2505 = EDGE_CURVE('',#2506,#1476,#2508,.T.);
#2506 = VERTEX_POINT('',#2507);
#2507 = CARTESIAN_POINT('',(90.88,99.684293313353,10.048747737362));
#2508 = B_SPLINE_CURVE_WITH_KNOTS('',5,(#2509,#2510,#2511,#2512,#2513,
    #2514),.UNSPECIFIED.,.F.,.F.,(6,6),(0.,1.96131502967),
  .PIECEWISE_BEZIER_KNOTS.);
#2509 = CARTESIAN_POINT('',(90.88,99.684293313353,10.048747737362));
#2510 = CARTESIAN_POINT('',(90.6108483151,99.684293313353,
    10.048747737362));
#2511 = CARTESIAN_POINT('',(90.3449006891,99.764157429353,
    10.167399016562));
#2512 = CARTESIAN_POINT('',(90.1741295836,99.893407542053,
    10.363640663362));
#2513 = CARTESIAN_POINT('',(90.08,100.03527391685,10.610701030562));
#2514 = CARTESIAN_POINT('',(90.08,100.16087803655,10.848747737362));
#2515 = ORIENTED_EDGE('',*,*,#1498,.F.);
#2516 = ORIENTED_EDGE('',*,*,#224,.T.);
#2517 = ORIENTED_EDGE('',*,*,#2518,.T.);
#2518 = EDGE_CURVE('',#225,#2506,#2519,.T.);
#2519 = LINE('',#2520,#2521);
#2520 = CARTESIAN_POINT('',(90.88,92.195837318353,10.048747737362));
#2521 = VECTOR('',#2522,1.);
#2522 = DIRECTION('',(-4.440892098501E-16,-1.,1.110222341411E-16));
#2523 = CYLINDRICAL_SURFACE('',#2524,0.8);
#2524 = AXIS2_PLACEMENT_3D('',#2525,#2526,#2527);
#2525 = CARTESIAN_POINT('',(90.88,92.195837319253,10.848747737362));
#2526 = DIRECTION('',(-4.440892098501E-16,-1.,1.110223024625E-16));
#2527 = DIRECTION('',(-1.,4.440892098501E-16,-4.555315873025E-16));
#2528 = ADVANCED_FACE('',(#2529),#2540,.T.);
#2529 = FACE_BOUND('',#2530,.T.);
#2530 = EDGE_LOOP('',(#2531,#2532,#2538,#2539));
#2531 = ORIENTED_EDGE('',*,*,#2518,.T.);
#2532 = ORIENTED_EDGE('',*,*,#2533,.F.);
#2533 = EDGE_CURVE('',#2408,#2506,#2534,.T.);
#2534 = LINE('',#2535,#2536);
#2535 = CARTESIAN_POINT('',(93.2540266951,99.684293312353,
    10.048747737362));
#2536 = VECTOR('',#2537,1.);
#2537 = DIRECTION('',(-1.,4.440892098501E-16,-3.330669073875E-16));
#2538 = ORIENTED_EDGE('',*,*,#2407,.F.);
#2539 = ORIENTED_EDGE('',*,*,#235,.F.);
#2540 = PLANE('',#2541);
#2541 = AXIS2_PLACEMENT_3D('',#2542,#2543,#2544);
#2542 = CARTESIAN_POINT('',(91.08,117.69069609915,10.048747737362));
#2543 = DIRECTION('',(-4.555315873025E-16,1.110223024625E-16,1.));
#2544 = DIRECTION('',(-4.440892098501E-16,-1.,1.110223024625E-16));
#2545 = ADVANCED_FACE('',(#2546,#2564,#2624),#2684,.T.);
#2546 = FACE_BOUND('',#2547,.T.);
#2547 = EDGE_LOOP('',(#2548,#2549,#2557,#2563));
#2548 = ORIENTED_EDGE('',*,*,#2399,.T.);
#2549 = ORIENTED_EDGE('',*,*,#2550,.T.);
#2550 = EDGE_CURVE('',#2391,#2551,#2553,.T.);
#2551 = VERTEX_POINT('',#2552);
#2552 = CARTESIAN_POINT('',(14.0334265932,71.600978539753,
    -43.95125226263));
#2553 = LINE('',#2554,#2555);
#2554 = CARTESIAN_POINT('',(43.579999999315,71.600978539753,
    -43.95125226263));
#2555 = VECTOR('',#2556,1.);
#2556 = DIRECTION('',(-1.,4.440892098501E-16,-4.533080477045E-16));
#2557 = ORIENTED_EDGE('',*,*,#2558,.T.);
#2558 = EDGE_CURVE('',#2551,#264,#2559,.T.);
#2559 = LINE('',#2560,#2561);
#2560 = CARTESIAN_POINT('',(14.0334265942,86.938386512353,
    -43.95125226263));
#2561 = VECTOR('',#2562,1.);
#2562 = DIRECTION('',(6.072273668751E-11,1.,-4.27008855423E-17));
#2563 = ORIENTED_EDGE('',*,*,#263,.F.);
#2564 = FACE_BOUND('',#2565,.T.);
#2565 = EDGE_LOOP('',(#2566,#2597));
#2566 = ORIENTED_EDGE('',*,*,#2567,.T.);
#2567 = EDGE_CURVE('',#2568,#2570,#2572,.T.);
#2568 = VERTEX_POINT('',#2569);
#2569 = CARTESIAN_POINT('',(52.97634754626,98.090974118053,
    -43.95125226263));
#2570 = VERTEX_POINT('',#2571);
#2571 = CARTESIAN_POINT('',(56.1836524542,91.310982960653,
    -43.95125226263));
#2572 = B_SPLINE_CURVE_WITH_KNOTS('',5,(#2573,#2574,#2575,#2576,#2577,
    #2578,#2579,#2580,#2581,#2582,#2583,#2584,#2585,#2586,#2587,#2588,
    #2589,#2590,#2591,#2592,#2593,#2594,#2595,#2596),.UNSPECIFIED.,.F.,
  .F.,(6,3,3,3,3,3,3,6),(0.,2.3646985855,4.93702493081,7.75723265124,
    10.5794305054,13.154126855,15.5200051179,15.6130102615),
  .UNSPECIFIED.);
#2573 = CARTESIAN_POINT('',(52.97634754626,98.090974118053,
    -43.95125226263));
#2574 = CARTESIAN_POINT('',(52.67515697173,97.947854727553,
    -43.95125226263));
#2575 = CARTESIAN_POINT('',(52.39514793069,97.760161985653,
    -43.95125226263));
#2576 = CARTESIAN_POINT('',(52.14540102952,97.532218476453,
    -43.95125226263));
#2577 = CARTESIAN_POINT('',(51.69840821416,96.990624769353,
    -43.95125226263));
#2578 = CARTESIAN_POINT('',(51.41400012361,96.347296015453,
    -43.95125226263));
#2579 = CARTESIAN_POINT('',(51.31199099708,95.994640544053,
    -43.95125226263));
#2580 = CARTESIAN_POINT('',(51.19106786777,95.238704325453,
    -43.95125226263));
#2581 = CARTESIAN_POINT('',(51.25502549676,94.474731926853,
    -43.95125226263));
#2582 = CARTESIAN_POINT('',(51.33615935999,94.081436577953,
    -43.95125226263));
#2583 = CARTESIAN_POINT('',(51.58715192171,93.320866012553,
    -43.95125226263));
#2584 = CARTESIAN_POINT('',(52.00420033551,92.636972716953,
    -43.95125226263));
#2585 = CARTESIAN_POINT('',(52.25149824482,92.320236451753,
    -43.95125226263));
#2586 = CARTESIAN_POINT('',(52.79245734922,91.776272322453,
    -43.95125226263));
#2587 = CARTESIAN_POINT('',(53.44703645016,91.378089712753,
    -43.95125226263));
#2588 = CARTESIAN_POINT('',(53.7819394202,91.226985448253,
    -43.95125226263));
#2589 = CARTESIAN_POINT('',(54.4564769317,91.026027082953,
    -43.95125226263));
#2590 = CARTESIAN_POINT('',(55.1590943564,91.014445508453,
    -43.95125226263));
#2591 = CARTESIAN_POINT('',(55.494764073,91.056357015653,-43.95125226263
    ));
#2592 = CARTESIAN_POINT('',(55.8322728142,91.150972173553,
    -43.95125226263));
#2593 = CARTESIAN_POINT('',(56.1480156248,91.294302674553,
    -43.95125226263));
#2594 = CARTESIAN_POINT('',(56.159927646,91.299793953853,-43.95125226263
    ));
#2595 = CARTESIAN_POINT('',(56.1718064317,91.305353981353,
    -43.95125226263));
#2596 = CARTESIAN_POINT('',(56.1836524542,91.310982960653,
    -43.95125226263));
#2597 = ORIENTED_EDGE('',*,*,#2598,.T.);
#2598 = EDGE_CURVE('',#2570,#2568,#2599,.T.);
#2599 = B_SPLINE_CURVE_WITH_KNOTS('',5,(#2600,#2601,#2602,#2603,#2604,
    #2605,#2606,#2607,#2608,#2609,#2610,#2611,#2612,#2613,#2614,#2615,
    #2616,#2617,#2618,#2619,#2620,#2621,#2622,#2623),.UNSPECIFIED.,.F.,
  .F.,(6,3,3,3,3,3,3,6),(0.,2.3646985799,4.93702492327,7.75723263737,
    10.5794304797,13.1541268056,15.5200048432,15.613010205),
  .UNSPECIFIED.);
#2600 = CARTESIAN_POINT('',(56.1836524542,91.310982960653,
    -43.95125226263));
#2601 = CARTESIAN_POINT('',(56.4848430275,91.454102350653,
    -43.95125226263));
#2602 = CARTESIAN_POINT('',(56.7648520674,91.641795091653,
    -43.95125226263));
#2603 = CARTESIAN_POINT('',(57.014598973,91.869738604253,-43.95125226263
    ));
#2604 = CARTESIAN_POINT('',(57.4615917863,92.411332309853,
    -43.95125226263));
#2605 = CARTESIAN_POINT('',(57.7459998758,93.054661061753,
    -43.95125226263));
#2606 = CARTESIAN_POINT('',(57.848009004,93.407316538253,-43.95125226263
    ));
#2607 = CARTESIAN_POINT('',(57.9689321324,94.163252754553,
    -43.95125226263));
#2608 = CARTESIAN_POINT('',(57.9049745036,94.927225150453,
    -43.95125226263));
#2609 = CARTESIAN_POINT('',(57.8238406385,95.320520507653,
    -43.95125226263));
#2610 = CARTESIAN_POINT('',(57.5728480769,96.081091069253,
    -43.95125226263));
#2611 = CARTESIAN_POINT('',(57.1557996647,96.764984360753,
    -43.95125226263));
#2612 = CARTESIAN_POINT('',(56.9085017493,97.081720634953,
    -43.95125226263));
#2613 = CARTESIAN_POINT('',(56.3675426484,97.625684758353,
    -43.95125226263));
#2614 = CARTESIAN_POINT('',(55.7129635529,98.023867364553,
    -43.95125226263));
#2615 = CARTESIAN_POINT('',(55.3780605672,98.174971635753,
    -43.95125226263));
#2616 = CARTESIAN_POINT('',(54.7035230904,98.375929988653,
    -43.95125226263));
#2617 = CARTESIAN_POINT('',(54.0009057037,98.387511569553,
    -43.95125226263));
#2618 = CARTESIAN_POINT('',(53.6652360185,98.345600072853,
    -43.95125226263));
#2619 = CARTESIAN_POINT('',(53.32772727379,98.250984930753,
    -43.95125226263));
#2620 = CARTESIAN_POINT('',(53.01198445877,98.107654443353,
    -43.95125226263));
#2621 = CARTESIAN_POINT('',(53.00007241017,98.102163151053,
    -43.95125226263));
#2622 = CARTESIAN_POINT('',(52.98819359654,98.096603110553,
    -43.95125226263));
#2623 = CARTESIAN_POINT('',(52.97634754626,98.090974118053,
    -43.95125226263));
#2624 = FACE_BOUND('',#2625,.T.);
#2625 = EDGE_LOOP('',(#2626,#2657));
#2626 = ORIENTED_EDGE('',*,*,#2627,.T.);
#2627 = EDGE_CURVE('',#2628,#2630,#2632,.T.);
#2628 = VERTEX_POINT('',#2629);
#2629 = CARTESIAN_POINT('',(31.4854741219,97.729717419853,
    -43.95125226263));
#2630 = VERTEX_POINT('',#2631);
#2631 = CARTESIAN_POINT('',(34.67452587856,91.672239658853,
    -43.95125226263));
#2632 = B_SPLINE_CURVE_WITH_KNOTS('',5,(#2633,#2634,#2635,#2636,#2637,
    #2638,#2639,#2640,#2641,#2642,#2643,#2644,#2645,#2646,#2647,#2648,
    #2649,#2650,#2651,#2652,#2653,#2654,#2655,#2656),.UNSPECIFIED.,.F.,
  .F.,(6,3,3,3,3,3,3,6),(0.,2.77980247486,5.61398611076,8.22800928633,
    10.6175227724,12.9706139569,15.4906657339,15.5741942461),
  .UNSPECIFIED.);
#2633 = CARTESIAN_POINT('',(31.4854741219,97.729717419853,
    -43.95125226263));
#2634 = CARTESIAN_POINT('',(31.165460608,97.503303658753,-43.95125226263
    ));
#2635 = CARTESIAN_POINT('',(30.8748981303,97.235265193653,
    -43.95125226263));
#2636 = CARTESIAN_POINT('',(30.6187130574,96.933333869753,
    -43.95125226263));
#2637 = CARTESIAN_POINT('',(30.1770985951,96.270031502553,
    -43.95125226263));
#2638 = CARTESIAN_POINT('',(29.898576409,95.523194010653,-43.95125226263
    ));
#2639 = CARTESIAN_POINT('',(29.802254416,95.131299300953,-43.95125226263
    ));
#2640 = CARTESIAN_POINT('',(29.7079703999,94.362777574453,
    -43.95125226263));
#2641 = CARTESIAN_POINT('',(29.7982311663,93.594665404953,
    -43.95125226263));
#2642 = CARTESIAN_POINT('',(29.8861750446,93.232292144653,
    -43.95125226263));
#2643 = CARTESIAN_POINT('',(30.1437242008,92.567888730653,
    -43.95125226263));
#2644 = CARTESIAN_POINT('',(30.5672627926,91.996268946953,
    -43.95125226263));
#2645 = CARTESIAN_POINT('',(30.8063189339,91.752384635353,
    -43.95125226263));
#2646 = CARTESIAN_POINT('',(31.3452980069,91.344315226053,
    -43.95125226263));
#2647 = CARTESIAN_POINT('',(31.9788087771,91.108821344653,
    -43.95125226263));
#2648 = CARTESIAN_POINT('',(32.3081757836,91.039876540253,
    -43.95125226263));
#2649 = CARTESIAN_POINT('',(33.0003724083,90.996838872053,
    -43.95125226263));
#2650 = CARTESIAN_POINT('',(33.67846346355,91.146715968653,
    -43.95125226263));
#2651 = CARTESIAN_POINT('',(34.01577735502,91.272036080553,
    -43.95125226263));
#2652 = CARTESIAN_POINT('',(34.34339808486,91.443416403553,
    -43.95125226263));
#2653 = CARTESIAN_POINT('',(34.64559822748,91.651942281053,
    -43.95125226263));
#2654 = CARTESIAN_POINT('',(34.6552675235,91.658670517853,
    -43.95125226263));
#2655 = CARTESIAN_POINT('',(34.66490999654,91.665436296053,
    -43.95125226263));
#2656 = CARTESIAN_POINT('',(34.67452587856,91.672239658853,
    -43.95125226263));
#2657 = ORIENTED_EDGE('',*,*,#2658,.T.);
#2658 = EDGE_CURVE('',#2630,#2628,#2659,.T.);
#2659 = B_SPLINE_CURVE_WITH_KNOTS('',5,(#2660,#2661,#2662,#2663,#2664,
    #2665,#2666,#2667,#2668,#2669,#2670,#2671,#2672,#2673,#2674,#2675,
    #2676,#2677,#2678,#2679,#2680,#2681,#2682,#2683),.UNSPECIFIED.,.F.,
  .F.,(6,3,3,3,3,3,3,6),(0.,2.77980246427,5.61398608395,8.22800925116,
    10.617522744,12.9706139476,15.4906657216,15.5741942501),
  .UNSPECIFIED.);
#2660 = CARTESIAN_POINT('',(34.67452587856,91.672239658853,
    -43.95125226263));
#2661 = CARTESIAN_POINT('',(34.99453939181,91.898653419453,
    -43.95125226263));
#2662 = CARTESIAN_POINT('',(35.28510186898,92.166691884053,
    -43.95125226263));
#2663 = CARTESIAN_POINT('',(35.54128694194,92.468623208553,
    -43.95125226263));
#2664 = CARTESIAN_POINT('',(35.98290140293,93.131925573653,
    -43.95125226263));
#2665 = CARTESIAN_POINT('',(36.26142358873,93.878763063053,
    -43.95125226263));
#2666 = CARTESIAN_POINT('',(36.3577455832,94.270657771753,
    -43.95125226263));
#2667 = CARTESIAN_POINT('',(36.45202960028,95.039179495853,
    -43.95125226263));
#2668 = CARTESIAN_POINT('',(36.36176883586,95.807291663453,
    -43.95125226263));
#2669 = CARTESIAN_POINT('',(36.27382495746,96.169664926853,
    -43.95125226263));
#2670 = CARTESIAN_POINT('',(36.01627580244,96.834068342353,
    -43.95125226263));
#2671 = CARTESIAN_POINT('',(35.59273721138,97.405688127853,
    -43.95125226263));
#2672 = CARTESIAN_POINT('',(35.35368107533,97.649572434153,
    -43.95125226263));
#2673 = CARTESIAN_POINT('',(34.81470200001,98.057641848353,
    -43.95125226263));
#2674 = CARTESIAN_POINT('',(34.18119122554,98.293135732653,
    -43.95125226263));
#2675 = CARTESIAN_POINT('',(33.85182423283,98.362080535953,
    -43.95125226263));
#2676 = CARTESIAN_POINT('',(33.1596276047,98.405118207653,
    -43.95125226263));
#2677 = CARTESIAN_POINT('',(32.4815365456,98.255241111853,
    -43.95125226263));
#2678 = CARTESIAN_POINT('',(32.1442226569,98.129921003753,
    -43.95125226263));
#2679 = CARTESIAN_POINT('',(31.8166019236,97.958540680753,
    -43.95125226263));
#2680 = CARTESIAN_POINT('',(31.5144017785,97.750014802553,
    -43.95125226263));
#2681 = CARTESIAN_POINT('',(31.5047324808,97.743286563453,
    -43.95125226263));
#2682 = CARTESIAN_POINT('',(31.4950900059,97.736520784053,
    -43.95125226263));
#2683 = CARTESIAN_POINT('',(31.4854741219,97.729717419853,
    -43.95125226263));
#2684 = PLANE('',#2685);
#2685 = AXIS2_PLACEMENT_3D('',#2686,#2687,#2688);
#2686 = CARTESIAN_POINT('',(73.1265734054,69.700978539353,
    -43.95125226263));
#2687 = DIRECTION('',(4.555315873025E-16,-1.110223024625E-16,-1.));
#2688 = DIRECTION('',(-1.,4.440892098501E-16,-4.555315873025E-16));
#2689 = ADVANCED_FACE('',(#2690),#2810,.T.);
#2690 = FACE_BOUND('',#2691,.T.);
#2691 = EDGE_LOOP('',(#2692,#2693,#2694,#2695,#2704,#2715,#2723,#2732,
    #2741,#2750,#2759,#2768,#2777,#2786,#2795,#2804));
#2692 = ORIENTED_EDGE('',*,*,#309,.T.);
#2693 = ORIENTED_EDGE('',*,*,#271,.F.);
#2694 = ORIENTED_EDGE('',*,*,#2558,.F.);
#2695 = ORIENTED_EDGE('',*,*,#2696,.F.);
#2696 = EDGE_CURVE('',#2697,#2551,#2699,.T.);
#2697 = VERTEX_POINT('',#2698);
#2698 = CARTESIAN_POINT('',(0.9566495921,71.600978539753,-31.45125226263
    ));
#2699 = CIRCLE('',#2700,53.);
#2700 = AXIS2_PLACEMENT_3D('',#2701,#2702,#2703);
#2701 = CARTESIAN_POINT('',(43.58,71.600978539753,4.874773736205E-02));
#2702 = DIRECTION('',(-4.440892098501E-16,-1.,1.110223024625E-16));
#2703 = DIRECTION('',(3.330669073875E-16,-1.110223024625E-16,-1.));
#2704 = ORIENTED_EDGE('',*,*,#2705,.F.);
#2705 = EDGE_CURVE('',#2706,#2697,#2708,.T.);
#2706 = VERTEX_POINT('',#2707);
#2707 = CARTESIAN_POINT('',(0.5916294796,71.100978539753,-30.95125226263
    ));
#2708 = B_SPLINE_CURVE_WITH_KNOTS('',5,(#2709,#2710,#2711,#2712,#2713,
    #2714),.UNSPECIFIED.,.F.,.F.,(6,6),(0.,1.28123636066),
  .PIECEWISE_BEZIER_KNOTS.);
#2709 = CARTESIAN_POINT('',(0.5916294796,71.100978539753,-30.95125226263
    ));
#2710 = CARTESIAN_POINT('',(0.5916294796,71.277159913353,-30.95125226263
    ));
#2711 = CARTESIAN_POINT('',(0.6513683483,71.454840079653,-31.03418900803
    ));
#2712 = CARTESIAN_POINT('',(0.7483931848,71.548913827353,-31.16832262833
    ));
#2713 = CARTESIAN_POINT('',(0.8519380209,71.600978539753,-31.30956470743
    ));
#2714 = CARTESIAN_POINT('',(0.956649592,71.600978539753,-31.45125226263)
  );
#2715 = ORIENTED_EDGE('',*,*,#2716,.T.);
#2716 = EDGE_CURVE('',#2706,#2717,#2719,.T.);
#2717 = VERTEX_POINT('',#2718);
#2718 = CARTESIAN_POINT('',(0.5916294794,70.851060276353,-30.95125226233
    ));
#2719 = LINE('',#2720,#2721);
#2720 = CARTESIAN_POINT('',(0.5916294794,86.200978539353,-30.95125226233
    ));
#2721 = VECTOR('',#2722,1.);
#2722 = DIRECTION('',(-4.440892098501E-16,-1.,1.110224117768E-16));
#2723 = ORIENTED_EDGE('',*,*,#2724,.T.);
#2724 = EDGE_CURVE('',#2717,#2725,#2727,.T.);
#2725 = VERTEX_POINT('',#2726);
#2726 = CARTESIAN_POINT('',(0.120511922,69.700978539353,-30.28725226263)
  );
#2727 = B_SPLINE_CURVE_WITH_KNOTS('',3,(#2728,#2729,#2730,#2731),
  .UNSPECIFIED.,.F.,.F.,(4,4),(0.,1.99276676001),
  .PIECEWISE_BEZIER_KNOTS.);
#2728 = CARTESIAN_POINT('',(0.5916294796,70.851060276353,-30.95125226263
    ));
#2729 = CARTESIAN_POINT('',(0.4323135227,70.468403689253,-30.73032537933
    ));
#2730 = CARTESIAN_POINT('',(0.2752875677,70.085030107353,-30.50898453883
    ));
#2731 = CARTESIAN_POINT('',(0.120511922,69.700978539353,-30.28725226263)
  );
#2732 = ORIENTED_EDGE('',*,*,#2733,.F.);
#2733 = EDGE_CURVE('',#2734,#2725,#2736,.T.);
#2734 = VERTEX_POINT('',#2735);
#2735 = CARTESIAN_POINT('',(-0.3411614557,69.700978539353,
    -29.61489290873));
#2736 = CIRCLE('',#2737,53.);
#2737 = AXIS2_PLACEMENT_3D('',#2738,#2739,#2740);
#2738 = CARTESIAN_POINT('',(43.58,69.700978539353,4.874773736205E-02));
#2739 = DIRECTION('',(-4.440892098501E-16,-1.,1.110223024625E-16));
#2740 = DIRECTION('',(3.330669073875E-16,-1.110223024625E-16,-1.));
#2741 = ORIENTED_EDGE('',*,*,#2742,.T.);
#2742 = EDGE_CURVE('',#2734,#2743,#2745,.T.);
#2743 = VERTEX_POINT('',#2744);
#2744 = CARTESIAN_POINT('',(-0.8012073947,70.900978538653,
    -28.92207258563));
#2745 = B_SPLINE_CURVE_WITH_KNOTS('',3,(#2746,#2747,#2748,#2749),
  .UNSPECIFIED.,.F.,.F.,(4,4),(0.,2.0647846285),
  .PIECEWISE_BEZIER_KNOTS.);
#2746 = CARTESIAN_POINT('',(-0.3411614557,69.700978539353,
    -29.61489290873));
#2747 = CARTESIAN_POINT('',(-0.4968684905,70.100295931553,
    -29.38434690483));
#2748 = CARTESIAN_POINT('',(-0.6502036661,70.500308729753,
    -29.15339940763));
#2749 = CARTESIAN_POINT('',(-0.8012073947,70.900978538653,
    -28.92207258563));
#2750 = ORIENTED_EDGE('',*,*,#2751,.F.);
#2751 = EDGE_CURVE('',#2752,#2743,#2754,.T.);
#2752 = VERTEX_POINT('',#2753);
#2753 = CARTESIAN_POINT('',(-1.0866140534,70.900978538653,
    -28.48007258533));
#2754 = CIRCLE('',#2755,53.);
#2755 = AXIS2_PLACEMENT_3D('',#2756,#2757,#2758);
#2756 = CARTESIAN_POINT('',(43.58,70.900978538653,4.874773736205E-02));
#2757 = DIRECTION('',(-4.440892098501E-16,-1.,1.110223024625E-16));
#2758 = DIRECTION('',(3.330669073875E-16,-1.110223024625E-16,-1.));
#2759 = ORIENTED_EDGE('',*,*,#2760,.T.);
#2760 = EDGE_CURVE('',#2752,#2761,#2763,.T.);
#2761 = VERTEX_POINT('',#2762);
#2762 = CARTESIAN_POINT('',(-1.5216308353,69.700978539353,
    -27.78725226263));
#2763 = B_SPLINE_CURVE_WITH_KNOTS('',3,(#2764,#2765,#2766,#2767),
  .UNSPECIFIED.,.F.,.F.,(4,4),(0.,2.05390511361),
  .PIECEWISE_BEZIER_KNOTS.);
#2764 = CARTESIAN_POINT('',(-1.0866140532,70.900978538653,
    -28.48007258563));
#2765 = CARTESIAN_POINT('',(-1.2338878899,70.501599334953,
    -28.24949089503));
#2766 = CARTESIAN_POINT('',(-1.3788811953,70.101587876053,
    -28.01854417103));
#2767 = CARTESIAN_POINT('',(-1.5216308353,69.700978539353,
    -27.78725226263));
#2768 = ORIENTED_EDGE('',*,*,#2769,.F.);
#2769 = EDGE_CURVE('',#2770,#2761,#2772,.T.);
#2770 = VERTEX_POINT('',#2771);
#2771 = CARTESIAN_POINT('',(-1.9297421091,69.700978539353,
    -27.11489290893));
#2772 = CIRCLE('',#2773,53.);
#2773 = AXIS2_PLACEMENT_3D('',#2774,#2775,#2776);
#2774 = CARTESIAN_POINT('',(43.58,69.700978539353,4.874773736205E-02));
#2775 = DIRECTION('',(-4.440892098501E-16,-1.,1.110223024625E-16));
#2776 = DIRECTION('',(3.330669073875E-16,-1.110223024625E-16,-1.));
#2777 = ORIENTED_EDGE('',*,*,#2778,.T.);
#2778 = EDGE_CURVE('',#2770,#2779,#2781,.T.);
#2779 = VERTEX_POINT('',#2780);
#2780 = CARTESIAN_POINT('',(-2.3361809325,70.900978538653,
    -26.42207258563));
#2781 = B_SPLINE_CURVE_WITH_KNOTS('',3,(#2782,#2783,#2784,#2785),
  .UNSPECIFIED.,.F.,.F.,(4,4),(0.,2.04216256753),
  .PIECEWISE_BEZIER_KNOTS.);
#2782 = CARTESIAN_POINT('',(-1.9297421093,69.700978539353,
    -27.11489290873));
#2783 = CARTESIAN_POINT('',(-2.0673931976,70.100423249953,
    -26.88427339733));
#2784 = CARTESIAN_POINT('',(-2.2028617838,70.500433351453,
    -26.65332745723));
#2785 = CARTESIAN_POINT('',(-2.3361809325,70.900978538653,
    -26.42207258563));
#2786 = ORIENTED_EDGE('',*,*,#2787,.F.);
#2787 = EDGE_CURVE('',#2788,#2779,#2790,.T.);
#2788 = VERTEX_POINT('',#2789);
#2789 = CARTESIAN_POINT('',(-2.5881764053,70.900978538653,
    -25.98007258573));
#2790 = CIRCLE('',#2791,53.);
#2791 = AXIS2_PLACEMENT_3D('',#2792,#2793,#2794);
#2792 = CARTESIAN_POINT('',(43.58,70.900978538653,4.874773736205E-02));
#2793 = DIRECTION('',(-4.440892098501E-16,-1.,1.110223024625E-16));
#2794 = DIRECTION('',(3.330669073875E-16,-1.110223024625E-16,-1.));
#2795 = ORIENTED_EDGE('',*,*,#2796,.T.);
#2796 = EDGE_CURVE('',#2788,#2797,#2799,.T.);
#2797 = VERTEX_POINT('',#2798);
#2798 = CARTESIAN_POINT('',(-2.92,69.866008256953,-25.38253221463));
#2799 = B_SPLINE_CURVE_WITH_KNOTS('',3,(#2800,#2801,#2802,#2803),
  .UNSPECIFIED.,.F.,.F.,(4,4),(0.,1.75404445746),
  .PIECEWISE_BEZIER_KNOTS.);
#2800 = CARTESIAN_POINT('',(-2.5881764053,70.900978538653,
    -25.98007258563));
#2801 = CARTESIAN_POINT('',(-2.7003476398,70.556366565953,
    -25.78111077043));
#2802 = CARTESIAN_POINT('',(-2.8109490218,70.211370556153,
    -25.58192723123));
#2803 = CARTESIAN_POINT('',(-2.92,69.866008256953,-25.38253221463));
#2804 = ORIENTED_EDGE('',*,*,#2805,.F.);
#2805 = EDGE_CURVE('',#310,#2797,#2806,.T.);
#2806 = LINE('',#2807,#2808);
#2807 = CARTESIAN_POINT('',(-2.92,86.200978539353,-25.38253221473));
#2808 = VECTOR('',#2809,1.);
#2809 = DIRECTION('',(-4.440892098501E-16,-1.,1.110222341411E-16));
#2810 = CYLINDRICAL_SURFACE('',#2811,53.);
#2811 = AXIS2_PLACEMENT_3D('',#2812,#2813,#2814);
#2812 = CARTESIAN_POINT('',(43.58,86.200978539353,4.874773736205E-02));
#2813 = DIRECTION('',(-4.440892098501E-16,-1.,1.110223024625E-16));
#2814 = DIRECTION('',(-0.557482517083,3.397414291648E-16,0.830188679245)
  );
#2815 = ADVANCED_FACE('',(#2816,#3081),#3135,.T.);
#2816 = FACE_BOUND('',#2817,.T.);
#2817 = EDGE_LOOP('',(#2818,#2843,#2866,#2872,#2873,#2874,#2875,#2883,
    #2891,#2899,#2907,#2915,#2923,#2931,#2939,#2947,#2955,#2963,#2971,
    #2979,#2987,#2995,#3003,#3011,#3019,#3027,#3035,#3043,#3051,#3059,
    #3067,#3075));
#2818 = ORIENTED_EDGE('',*,*,#2819,.T.);
#2819 = EDGE_CURVE('',#2820,#2822,#2824,.T.);
#2820 = VERTEX_POINT('',#2821);
#2821 = CARTESIAN_POINT('',(-2.92,84.241079043053,-10.75125226333));
#2822 = VERTEX_POINT('',#2823);
#2823 = CARTESIAN_POINT('',(-2.92,92.200978539353,-23.95125226263));
#2824 = B_SPLINE_CURVE_WITH_KNOTS('',5,(#2825,#2826,#2827,#2828,#2829,
    #2830,#2831,#2832,#2833,#2834,#2835,#2836,#2837,#2838,#2839,#2840,
    #2841,#2842),.UNSPECIFIED.,.F.,.F.,(6,3,3,3,3,6),(0.,6.25014246501,
    12.50028492,18.7504274221,25.000569897,26.2344332369),
  .UNSPECIFIED.);
#2825 = CARTESIAN_POINT('',(-2.92,84.241079043053,-10.75125226333));
#2826 = CARTESIAN_POINT('',(-2.92,83.829581736853,-11.53112778733));
#2827 = CARTESIAN_POINT('',(-2.92,83.513595643953,-12.36139859223));
#2828 = CARTESIAN_POINT('',(-2.92,83.301336945453,-13.22662255693));
#2829 = CARTESIAN_POINT('',(-2.92,83.093074665953,-14.99111202263));
#2830 = CARTESIAN_POINT('',(-2.92,83.316772610953,-16.75370854563));
#2831 = CARTESIAN_POINT('',(-2.92,83.536595434853,-17.61704173583));
#2832 = CARTESIAN_POINT('',(-2.92,84.183078475553,-19.27199066263));
#2833 = CARTESIAN_POINT('',(-2.92,85.209824988353,-20.72201786563));
#2834 = CARTESIAN_POINT('',(-2.92,85.810019315553,-21.38037415393));
#2835 = CARTESIAN_POINT('',(-2.92,87.159172297553,-22.53648077463));
#2836 = CARTESIAN_POINT('',(-2.92,88.747440751953,-23.33284163123));
#2837 = CARTESIAN_POINT('',(-2.92,89.586819937353,-23.63135266063));
#2838 = CARTESIAN_POINT('',(-2.92,90.625249992053,-23.86203898943));
#2839 = CARTESIAN_POINT('',(-2.92,91.678634274153,-23.93861158253));
#2840 = CARTESIAN_POINT('',(-2.92,91.852827770953,-23.94704361713));
#2841 = CARTESIAN_POINT('',(-2.92,92.026903156253,-23.95125226263));
#2842 = CARTESIAN_POINT('',(-2.92,92.200978539353,-23.95125226263));
#2843 = ORIENTED_EDGE('',*,*,#2844,.T.);
#2844 = EDGE_CURVE('',#2822,#2845,#2847,.T.);
#2845 = VERTEX_POINT('',#2846);
#2846 = CARTESIAN_POINT('',(-2.9200000004,100.16087803635,
    -10.75125226293));
#2847 = B_SPLINE_CURVE_WITH_KNOTS('',5,(#2848,#2849,#2850,#2851,#2852,
    #2853,#2854,#2855,#2856,#2857,#2858,#2859,#2860,#2861,#2862,#2863,
    #2864,#2865),.UNSPECIFIED.,.F.,.F.,(6,3,3,3,3,6),(0.,6.25014246397,
    12.5002849296,18.7504273849,25.0005698554,26.2344332141),
  .UNSPECIFIED.);
#2848 = CARTESIAN_POINT('',(-2.92,92.200978539353,-23.95125226263));
#2849 = CARTESIAN_POINT('',(-2.92,93.082758479753,-23.95125226263));
#2850 = CARTESIAN_POINT('',(-2.92,93.964537784453,-23.84326116973));
#2851 = CARTESIAN_POINT('',(-2.92,94.828824713553,-23.62721864113));
#2852 = CARTESIAN_POINT('',(-2.92,96.486586977153,-22.98798431383));
#2853 = CARTESIAN_POINT('',(-2.92,97.941093621853,-21.96759336413));
#2854 = CARTESIAN_POINT('',(-2.92,98.602070243053,-21.37028592183));
#2855 = CARTESIAN_POINT('',(-2.92,99.764070055753,-20.02620531363));
#2856 = CARTESIAN_POINT('',(-2.92,100.56737399345,-18.44143717713));
#2857 = CARTESIAN_POINT('',(-2.92,100.86955552445,-17.60337238533));
#2858 = CARTESIAN_POINT('',(-2.92,101.26244996475,-15.87062017823));
#2859 = CARTESIAN_POINT('',(-2.92,101.22558606415,-14.09426764683));
#2860 = CARTESIAN_POINT('',(-2.92,101.09788886455,-13.21258761303));
#2861 = CARTESIAN_POINT('',(-2.92,100.81731483925,-12.18651189533));
#2862 = CARTESIAN_POINT('',(-2.92,100.39345885775,-11.21912990443));
#2863 = CARTESIAN_POINT('',(-2.92,100.31962613025,-11.06113242743));
#2864 = CARTESIAN_POINT('',(-2.92,100.24211321555,-10.90521032713));
#2865 = CARTESIAN_POINT('',(-2.92,100.16087803565,-10.75125226333));
#2866 = ORIENTED_EDGE('',*,*,#2867,.F.);
#2867 = EDGE_CURVE('',#345,#2845,#2868,.T.);
#2868 = LINE('',#2869,#2870);
#2869 = CARTESIAN_POINT('',(-2.92,104.56206782015,-10.75125226333));
#2870 = VECTOR('',#2871,1.);
#2871 = DIRECTION('',(-4.440892098501E-16,-1.,4.270088556252E-17));
#2872 = ORIENTED_EDGE('',*,*,#344,.T.);
#2873 = ORIENTED_EDGE('',*,*,#318,.T.);
#2874 = ORIENTED_EDGE('',*,*,#2805,.T.);
#2875 = ORIENTED_EDGE('',*,*,#2876,.F.);
#2876 = EDGE_CURVE('',#2877,#2797,#2879,.T.);
#2877 = VERTEX_POINT('',#2878);
#2878 = CARTESIAN_POINT('',(-2.92,69.700978539353,-25.28725226183));
#2879 = LINE('',#2880,#2881);
#2880 = CARTESIAN_POINT('',(-2.92,69.783493405653,-25.33489224183));
#2881 = VECTOR('',#2882,1.);
#2882 = DIRECTION('',(5.511259908113E-16,0.866025404983,-0.499999997924)
  );
#2883 = ORIENTED_EDGE('',*,*,#2884,.F.);
#2884 = EDGE_CURVE('',#2885,#2877,#2887,.T.);
#2885 = VERTEX_POINT('',#2886);
#2886 = CARTESIAN_POINT('',(-2.92,69.700978539353,-24.61489290893));
#2887 = LINE('',#2888,#2889);
#2888 = CARTESIAN_POINT('',(-2.92,69.700978539353,-24.95107258533));
#2889 = VECTOR('',#2890,1.);
#2890 = DIRECTION('',(3.330669073875E-16,-4.270088556252E-17,-1.));
#2891 = ORIENTED_EDGE('',*,*,#2892,.F.);
#2892 = EDGE_CURVE('',#2893,#2885,#2895,.T.);
#2893 = VERTEX_POINT('',#2894);
#2894 = CARTESIAN_POINT('',(-2.92,70.900978538653,-23.92207258523));
#2895 = LINE('',#2896,#2897);
#2896 = CARTESIAN_POINT('',(-2.92,70.300978538953,-24.26848274703));
#2897 = VECTOR('',#2898,1.);
#2898 = DIRECTION('',(-2.180590832528E-16,-0.866025403461,-0.50000000056
    ));
#2899 = ORIENTED_EDGE('',*,*,#2900,.F.);
#2900 = EDGE_CURVE('',#2901,#2893,#2903,.T.);
#2901 = VERTEX_POINT('',#2902);
#2902 = CARTESIAN_POINT('',(-2.92,70.900978538653,-23.48007258543));
#2903 = LINE('',#2904,#2905);
#2904 = CARTESIAN_POINT('',(-2.92,70.900978538653,-23.70107258533));
#2905 = VECTOR('',#2906,1.);
#2906 = DIRECTION('',(3.330669073875E-16,-4.270088556252E-17,-1.));
#2907 = ORIENTED_EDGE('',*,*,#2908,.F.);
#2908 = EDGE_CURVE('',#2909,#2901,#2911,.T.);
#2909 = VERTEX_POINT('',#2910);
#2910 = CARTESIAN_POINT('',(-2.92,69.700978539353,-22.78725226183));
#2911 = LINE('',#2912,#2913);
#2912 = CARTESIAN_POINT('',(-2.92,70.300978538953,-23.13366242363));
#2913 = VECTOR('',#2914,1.);
#2914 = DIRECTION('',(5.511259910136E-16,0.866025403461,-0.50000000056)
  );
#2915 = ORIENTED_EDGE('',*,*,#2916,.F.);
#2916 = EDGE_CURVE('',#2917,#2909,#2919,.T.);
#2917 = VERTEX_POINT('',#2918);
#2918 = CARTESIAN_POINT('',(-2.92,69.700978539353,-22.11489290893));
#2919 = LINE('',#2920,#2921);
#2920 = CARTESIAN_POINT('',(-2.92,69.700978539353,-22.45107258533));
#2921 = VECTOR('',#2922,1.);
#2922 = DIRECTION('',(3.330669073875E-16,-4.270088556252E-17,-1.));
#2923 = ORIENTED_EDGE('',*,*,#2924,.F.);
#2924 = EDGE_CURVE('',#2925,#2917,#2927,.T.);
#2925 = VERTEX_POINT('',#2926);
#2926 = CARTESIAN_POINT('',(-2.92,70.900978538653,-21.42207258523));
#2927 = LINE('',#2928,#2929);
#2928 = CARTESIAN_POINT('',(-2.92,70.300978538953,-21.76848274703));
#2929 = VECTOR('',#2930,1.);
#2930 = DIRECTION('',(-2.180590832528E-16,-0.866025403461,-0.50000000056
    ));
#2931 = ORIENTED_EDGE('',*,*,#2932,.F.);
#2932 = EDGE_CURVE('',#2933,#2925,#2935,.T.);
#2933 = VERTEX_POINT('',#2934);
#2934 = CARTESIAN_POINT('',(-2.92,70.900978538653,-20.98007258543));
#2935 = LINE('',#2936,#2937);
#2936 = CARTESIAN_POINT('',(-2.92,70.900978538653,-21.20107258533));
#2937 = VECTOR('',#2938,1.);
#2938 = DIRECTION('',(3.330669073875E-16,-4.270088556252E-17,-1.));
#2939 = ORIENTED_EDGE('',*,*,#2940,.F.);
#2940 = EDGE_CURVE('',#2941,#2933,#2943,.T.);
#2941 = VERTEX_POINT('',#2942);
#2942 = CARTESIAN_POINT('',(-2.92,69.700978539353,-20.28725226183));
#2943 = LINE('',#2944,#2945);
#2944 = CARTESIAN_POINT('',(-2.92,70.300978538953,-20.63366242363));
#2945 = VECTOR('',#2946,1.);
#2946 = DIRECTION('',(5.511259910136E-16,0.866025403461,-0.50000000056)
  );
#2947 = ORIENTED_EDGE('',*,*,#2948,.F.);
#2948 = EDGE_CURVE('',#2949,#2941,#2951,.T.);
#2949 = VERTEX_POINT('',#2950);
#2950 = CARTESIAN_POINT('',(-2.92,69.700978539353,-19.61489290893));
#2951 = LINE('',#2952,#2953);
#2952 = CARTESIAN_POINT('',(-2.92,69.700978539353,-19.95107258533));
#2953 = VECTOR('',#2954,1.);
#2954 = DIRECTION('',(3.330669073875E-16,-4.270088556252E-17,-1.));
#2955 = ORIENTED_EDGE('',*,*,#2956,.F.);
#2956 = EDGE_CURVE('',#2957,#2949,#2959,.T.);
#2957 = VERTEX_POINT('',#2958);
#2958 = CARTESIAN_POINT('',(-2.92,70.900978538653,-18.92207258523));
#2959 = LINE('',#2960,#2961);
#2960 = CARTESIAN_POINT('',(-2.92,70.300978538953,-19.26848274703));
#2961 = VECTOR('',#2962,1.);
#2962 = DIRECTION('',(-2.180590832528E-16,-0.866025403461,-0.50000000056
    ));
#2963 = ORIENTED_EDGE('',*,*,#2964,.F.);
#2964 = EDGE_CURVE('',#2965,#2957,#2967,.T.);
#2965 = VERTEX_POINT('',#2966);
#2966 = CARTESIAN_POINT('',(-2.92,70.900978538653,-18.48007258543));
#2967 = LINE('',#2968,#2969);
#2968 = CARTESIAN_POINT('',(-2.92,70.900978538653,-18.70107258533));
#2969 = VECTOR('',#2970,1.);
#2970 = DIRECTION('',(3.330669073875E-16,-4.270088556252E-17,-1.));
#2971 = ORIENTED_EDGE('',*,*,#2972,.F.);
#2972 = EDGE_CURVE('',#2973,#2965,#2975,.T.);
#2973 = VERTEX_POINT('',#2974);
#2974 = CARTESIAN_POINT('',(-2.92,69.700978539353,-17.78725226183));
#2975 = LINE('',#2976,#2977);
#2976 = CARTESIAN_POINT('',(-2.92,70.300978538953,-18.13366242363));
#2977 = VECTOR('',#2978,1.);
#2978 = DIRECTION('',(-4.576774507279E-15,0.866025403461,-0.50000000056)
  );
#2979 = ORIENTED_EDGE('',*,*,#2980,.F.);
#2980 = EDGE_CURVE('',#2981,#2973,#2983,.T.);
#2981 = VERTEX_POINT('',#2982);
#2982 = CARTESIAN_POINT('',(-2.92,69.700978539353,-17.11489290893));
#2983 = LINE('',#2984,#2985);
#2984 = CARTESIAN_POINT('',(-2.92,69.700978539353,-17.45107258533));
#2985 = VECTOR('',#2986,1.);
#2986 = DIRECTION('',(3.330669073875E-16,-4.270088556252E-17,-1.));
#2987 = ORIENTED_EDGE('',*,*,#2988,.F.);
#2988 = EDGE_CURVE('',#2989,#2981,#2991,.T.);
#2989 = VERTEX_POINT('',#2990);
#2990 = CARTESIAN_POINT('',(-2.92,70.900978538653,-16.42207258523));
#2991 = LINE('',#2992,#2993);
#2992 = CARTESIAN_POINT('',(-2.92,70.300978538953,-16.76848274703));
#2993 = VECTOR('',#2994,1.);
#2994 = DIRECTION('',(-2.180590832528E-16,-0.866025403461,-0.50000000056
    ));
#2995 = ORIENTED_EDGE('',*,*,#2996,.F.);
#2996 = EDGE_CURVE('',#2997,#2989,#2999,.T.);
#2997 = VERTEX_POINT('',#2998);
#2998 = CARTESIAN_POINT('',(-2.92,70.900978538653,-15.98007258543));
#2999 = LINE('',#3000,#3001);
#3000 = CARTESIAN_POINT('',(-2.92,70.900978538653,-16.20107258533));
#3001 = VECTOR('',#3002,1.);
#3002 = DIRECTION('',(3.330669073875E-16,-4.270088556252E-17,-1.));
#3003 = ORIENTED_EDGE('',*,*,#3004,.F.);
#3004 = EDGE_CURVE('',#3005,#2997,#3007,.T.);
#3005 = VERTEX_POINT('',#3006);
#3006 = CARTESIAN_POINT('',(-2.92,69.700978539353,-15.28725226183));
#3007 = LINE('',#3008,#3009);
#3008 = CARTESIAN_POINT('',(-2.92,70.300978538953,-15.63366242363));
#3009 = VECTOR('',#3010,1.);
#3010 = DIRECTION('',(5.511259910136E-16,0.866025403461,-0.50000000056)
  );
#3011 = ORIENTED_EDGE('',*,*,#3012,.F.);
#3012 = EDGE_CURVE('',#3013,#3005,#3015,.T.);
#3013 = VERTEX_POINT('',#3014);
#3014 = CARTESIAN_POINT('',(-2.92,69.700978539353,-14.61489290893));
#3015 = LINE('',#3016,#3017);
#3016 = CARTESIAN_POINT('',(-2.92,69.700978539353,-14.95107258533));
#3017 = VECTOR('',#3018,1.);
#3018 = DIRECTION('',(3.330669073875E-16,-4.270088556252E-17,-1.));
#3019 = ORIENTED_EDGE('',*,*,#3020,.F.);
#3020 = EDGE_CURVE('',#3021,#3013,#3023,.T.);
#3021 = VERTEX_POINT('',#3022);
#3022 = CARTESIAN_POINT('',(-2.92,70.900978538653,-13.92207258523));
#3023 = LINE('',#3024,#3025);
#3024 = CARTESIAN_POINT('',(-2.92,70.300978538953,-14.26848274703));
#3025 = VECTOR('',#3026,1.);
#3026 = DIRECTION('',(-2.180590832528E-16,-0.866025403461,-0.50000000056
    ));
#3027 = ORIENTED_EDGE('',*,*,#3028,.F.);
#3028 = EDGE_CURVE('',#3029,#3021,#3031,.T.);
#3029 = VERTEX_POINT('',#3030);
#3030 = CARTESIAN_POINT('',(-2.92,70.900978538653,-13.48007258543));
#3031 = LINE('',#3032,#3033);
#3032 = CARTESIAN_POINT('',(-2.92,70.900978538653,-13.70107258533));
#3033 = VECTOR('',#3034,1.);
#3034 = DIRECTION('',(3.330669073875E-16,-4.270088556252E-17,-1.));
#3035 = ORIENTED_EDGE('',*,*,#3036,.F.);
#3036 = EDGE_CURVE('',#3037,#3029,#3039,.T.);
#3037 = VERTEX_POINT('',#3038);
#3038 = CARTESIAN_POINT('',(-2.92,69.700978539353,-12.78725226183));
#3039 = LINE('',#3040,#3041);
#3040 = CARTESIAN_POINT('',(-2.92,70.300978538953,-13.13366242363));
#3041 = VECTOR('',#3042,1.);
#3042 = DIRECTION('',(5.511259910136E-16,0.866025403461,-0.50000000056)
  );
#3043 = ORIENTED_EDGE('',*,*,#3044,.F.);
#3044 = EDGE_CURVE('',#3045,#3037,#3047,.T.);
#3045 = VERTEX_POINT('',#3046);
#3046 = CARTESIAN_POINT('',(-2.92,69.700978539353,-12.11489290893));
#3047 = LINE('',#3048,#3049);
#3048 = CARTESIAN_POINT('',(-2.92,69.700978539353,-12.45107258533));
#3049 = VECTOR('',#3050,1.);
#3050 = DIRECTION('',(3.330669073875E-16,-4.270088556252E-17,-1.));
#3051 = ORIENTED_EDGE('',*,*,#3052,.F.);
#3052 = EDGE_CURVE('',#3053,#3045,#3055,.T.);
#3053 = VERTEX_POINT('',#3054);
#3054 = CARTESIAN_POINT('',(-2.92,70.900978538653,-11.42207258523));
#3055 = LINE('',#3056,#3057);
#3056 = CARTESIAN_POINT('',(-2.92,70.300978538953,-11.76848274703));
#3057 = VECTOR('',#3058,1.);
#3058 = DIRECTION('',(-2.180590832528E-16,-0.866025403461,-0.50000000056
    ));
#3059 = ORIENTED_EDGE('',*,*,#3060,.F.);
#3060 = EDGE_CURVE('',#3061,#3053,#3063,.T.);
#3061 = VERTEX_POINT('',#3062);
#3062 = CARTESIAN_POINT('',(-2.92,70.900978538653,-10.98007258543));
#3063 = LINE('',#3064,#3065);
#3064 = CARTESIAN_POINT('',(-2.92,70.900978538653,-11.20107258533));
#3065 = VECTOR('',#3066,1.);
#3066 = DIRECTION('',(3.330669073875E-16,-4.270088556252E-17,-1.));
#3067 = ORIENTED_EDGE('',*,*,#3068,.F.);
#3068 = EDGE_CURVE('',#3069,#3061,#3071,.T.);
#3069 = VERTEX_POINT('',#3070);
#3070 = CARTESIAN_POINT('',(-2.92,70.504650113553,-10.75125226153));
#3071 = LINE('',#3072,#3073);
#3072 = CARTESIAN_POINT('',(-2.92,70.702814326053,-10.86566242353));
#3073 = VECTOR('',#3074,1.);
#3074 = DIRECTION('',(5.511259911039E-16,0.866025402779,-0.500000001742)
  );
#3075 = ORIENTED_EDGE('',*,*,#3076,.F.);
#3076 = EDGE_CURVE('',#2820,#3069,#3077,.T.);
#3077 = LINE('',#3078,#3079);
#3078 = CARTESIAN_POINT('',(-2.92,77.372864578353,-10.75125226243));
#3079 = VECTOR('',#3080,1.);
#3080 = DIRECTION('',(-4.440892098952E-16,-1.,1.355989788429E-10));
#3081 = FACE_BOUND('',#3082,.T.);
#3082 = EDGE_LOOP('',(#3083,#3111));
#3083 = ORIENTED_EDGE('',*,*,#3084,.T.);
#3084 = EDGE_CURVE('',#3085,#3087,#3089,.T.);
#3085 = VERTEX_POINT('',#3086);
#3086 = CARTESIAN_POINT('',(-2.92,79.617624183553,-13.35788148413));
#3087 = VERTEX_POINT('',#3088);
#3088 = CARTESIAN_POINT('',(-2.92,73.784332895153,-16.54462304113));
#3089 = B_SPLINE_CURVE_WITH_KNOTS('',5,(#3090,#3091,#3092,#3093,#3094,
    #3095,#3096,#3097,#3098,#3099,#3100,#3101,#3102,#3103,#3104,#3105,
    #3106,#3107,#3108,#3109,#3110),.UNSPECIFIED.,.F.,.F.,(6,3,3,3,3,3,6)
  ,(0.,2.53329186616,5.06658373153,7.59987556226,10.1331674146,
    12.6664592877,14.8081996224),.UNSPECIFIED.);
#3090 = CARTESIAN_POINT('',(-2.92,79.617624183553,-13.35788148413));
#3091 = CARTESIAN_POINT('',(-2.92,79.446362541453,-13.04438915103));
#3092 = CARTESIAN_POINT('',(-2.92,79.232982057453,-12.75390731793));
#3093 = CARTESIAN_POINT('',(-2.92,78.981531897453,-12.49392745983));
#3094 = CARTESIAN_POINT('',(-2.92,78.415118900353,-12.04803016723));
#3095 = CARTESIAN_POINT('',(-2.92,77.751102590753,-11.76744854843));
#3096 = CARTESIAN_POINT('',(-2.92,77.402007126553,-11.67284903313));
#3097 = CARTESIAN_POINT('',(-2.92,76.687173345753,-11.57978594453));
#3098 = CARTESIAN_POINT('',(-2.92,75.973128674553,-11.67869955943));
#3099 = CARTESIAN_POINT('',(-2.92,75.624819340453,-11.77615380893));
#3100 = CARTESIAN_POINT('',(-2.92,74.963120315353,-12.06216512113));
#3101 = CARTESIAN_POINT('',(-2.92,74.400380320853,-12.51268414533));
#3102 = CARTESIAN_POINT('',(-2.92,74.151066930753,-12.77471381953));
#3103 = CARTESIAN_POINT('',(-2.92,73.729076245653,-13.35915538343));
#3104 = CARTESIAN_POINT('',(-2.92,73.476311886953,-14.03425084313));
#3105 = CARTESIAN_POINT('',(-2.92,73.396291189353,-14.38697367543));
#3106 = CARTESIAN_POINT('',(-2.92,73.337885623553,-15.04956131733));
#3107 = CARTESIAN_POINT('',(-2.92,73.442762051953,-15.70468990513));
#3108 = CARTESIAN_POINT('',(-2.92,73.524856227853,-15.99810013703));
#3109 = CARTESIAN_POINT('',(-2.92,73.639541853953,-16.27958481813));
#3110 = CARTESIAN_POINT('',(-2.92,73.784332895153,-16.54462304113));
#3111 = ORIENTED_EDGE('',*,*,#3112,.T.);
#3112 = EDGE_CURVE('',#3087,#3085,#3113,.T.);
#3113 = B_SPLINE_CURVE_WITH_KNOTS('',5,(#3114,#3115,#3116,#3117,#3118,
    #3119,#3120,#3121,#3122,#3123,#3124,#3125,#3126,#3127,#3128,#3129,
    #3130,#3131,#3132,#3133,#3134),.UNSPECIFIED.,.F.,.F.,(6,3,3,3,3,3,6)
  ,(0.,2.53329186601,5.06658373149,7.59987556196,10.1331674144,
    12.6664592873,14.8081996214),.UNSPECIFIED.);
#3114 = CARTESIAN_POINT('',(-2.92,73.784332895153,-16.54462304113));
#3115 = CARTESIAN_POINT('',(-2.92,73.955594537253,-16.85811537423));
#3116 = CARTESIAN_POINT('',(-2.92,74.168975021253,-17.14859720733));
#3117 = CARTESIAN_POINT('',(-2.92,74.420425181153,-17.40857706553));
#3118 = CARTESIAN_POINT('',(-2.92,74.986838178453,-17.85447435803));
#3119 = CARTESIAN_POINT('',(-2.92,75.650854487953,-18.13505597683));
#3120 = CARTESIAN_POINT('',(-2.92,75.999949952153,-18.22965549203));
#3121 = CARTESIAN_POINT('',(-2.92,76.714783732853,-18.32271858073));
#3122 = CARTESIAN_POINT('',(-2.92,77.428828404153,-18.22380496583));
#3123 = CARTESIAN_POINT('',(-2.92,77.777137738453,-18.12635071633));
#3124 = CARTESIAN_POINT('',(-2.92,78.438836763353,-17.84033940403));
#3125 = CARTESIAN_POINT('',(-2.92,79.001576757953,-17.38982037993));
#3126 = CARTESIAN_POINT('',(-2.92,79.250890147853,-17.12779070583));
#3127 = CARTESIAN_POINT('',(-2.92,79.672880833053,-16.54334914193));
#3128 = CARTESIAN_POINT('',(-2.92,79.925645191753,-15.86825368223));
#3129 = CARTESIAN_POINT('',(-2.92,80.005665889453,-15.51553084973));
#3130 = CARTESIAN_POINT('',(-2.92,80.064071455053,-14.85294320803));
#3131 = CARTESIAN_POINT('',(-2.92,79.959195026853,-14.19781462033));
#3132 = CARTESIAN_POINT('',(-2.92,79.877100850853,-13.90440438803));
#3133 = CARTESIAN_POINT('',(-2.92,79.762415224653,-13.62291970703));
#3134 = CARTESIAN_POINT('',(-2.92,79.617624183553,-13.35788148413));
#3135 = PLANE('',#3136);
#3136 = AXIS2_PLACEMENT_3D('',#3137,#3138,#3139);
#3137 = CARTESIAN_POINT('',(-2.92,69.700978539353,4.874773736204E-02));
#3138 = DIRECTION('',(-1.,4.440892098501E-16,-1.339070573676E-16));
#3139 = DIRECTION('',(4.440892098501E-16,1.,-1.110223024625E-16));
#3140 = ADVANCED_FACE('',(#3141),#3162,.F.);
#3141 = FACE_BOUND('',#3142,.F.);
#3142 = EDGE_LOOP('',(#3143,#3154,#3155,#3156));
#3143 = ORIENTED_EDGE('',*,*,#3144,.T.);
#3144 = EDGE_CURVE('',#3145,#2845,#3147,.T.);
#3145 = VERTEX_POINT('',#3146);
#3146 = CARTESIAN_POINT('',(-3.72,99.684293313353,-9.951252262638));
#3147 = B_SPLINE_CURVE_WITH_KNOTS('',5,(#3148,#3149,#3150,#3151,#3152,
    #3153),.UNSPECIFIED.,.F.,.F.,(6,6),(0.,1.96131502283),
  .PIECEWISE_BEZIER_KNOTS.);
#3148 = CARTESIAN_POINT('',(-3.72,99.684293313353,-9.951252262638));
#3149 = CARTESIAN_POINT('',(-3.4508483161,99.684293313353,
    -9.951252262638));
#3150 = CARTESIAN_POINT('',(-3.184900691,99.764157428953,-10.06990354153
    ));
#3151 = CARTESIAN_POINT('',(-3.0141295845,99.893407539853,
    -10.26614518463));
#3152 = CARTESIAN_POINT('',(-2.92,100.03527391725,-10.51320555673));
#3153 = CARTESIAN_POINT('',(-2.92,100.16087803655,-10.75125226263));
#3154 = ORIENTED_EDGE('',*,*,#2867,.F.);
#3155 = ORIENTED_EDGE('',*,*,#354,.T.);
#3156 = ORIENTED_EDGE('',*,*,#3157,.T.);
#3157 = EDGE_CURVE('',#355,#3145,#3158,.T.);
#3158 = LINE('',#3159,#3160);
#3159 = CARTESIAN_POINT('',(-3.72,92.195837318353,-9.951252262638));
#3160 = VECTOR('',#3161,1.);
#3161 = DIRECTION('',(-4.440892098501E-16,-1.,1.110222341411E-16));
#3162 = CYLINDRICAL_SURFACE('',#3163,0.8);
#3163 = AXIS2_PLACEMENT_3D('',#3164,#3165,#3166);
#3164 = CARTESIAN_POINT('',(-3.72,92.195837319253,-10.75125226263));
#3165 = DIRECTION('',(-4.440892098501E-16,-1.,1.110223024625E-16));
#3166 = DIRECTION('',(1.,-4.440892098501E-16,1.339070573676E-16));
#3167 = ADVANCED_FACE('',(#3168),#3179,.T.);
#3168 = FACE_BOUND('',#3169,.T.);
#3169 = EDGE_LOOP('',(#3170,#3171,#3177,#3178));
#3170 = ORIENTED_EDGE('',*,*,#3157,.T.);
#3171 = ORIENTED_EDGE('',*,*,#3172,.F.);
#3172 = EDGE_CURVE('',#1083,#3145,#3173,.T.);
#3173 = LINE('',#3174,#3175);
#3174 = CARTESIAN_POINT('',(-6.0940271999,99.684293357053,
    -9.951252262638));
#3175 = VECTOR('',#3176,1.);
#3176 = DIRECTION('',(1.,-1.883023270229E-08,-4.10561934034E-17));
#3177 = ORIENTED_EDGE('',*,*,#1082,.F.);
#3178 = ORIENTED_EDGE('',*,*,#365,.F.);
#3179 = PLANE('',#3180);
#3180 = AXIS2_PLACEMENT_3D('',#3181,#3182,#3183);
#3181 = CARTESIAN_POINT('',(-3.92,117.69069609915,-9.951252262638));
#3182 = DIRECTION('',(1.339070573676E-16,-1.110223024625E-16,-1.));
#3183 = DIRECTION('',(-4.440892098501E-16,-1.,1.110223024625E-16));
#3184 = ADVANCED_FACE('',(#3185),#3211,.T.);
#3185 = FACE_BOUND('',#3186,.T.);
#3186 = EDGE_LOOP('',(#3187,#3195,#3196,#3204));
#3187 = ORIENTED_EDGE('',*,*,#3188,.T.);
#3188 = EDGE_CURVE('',#3189,#390,#3191,.T.);
#3189 = VERTEX_POINT('',#3190);
#3190 = CARTESIAN_POINT('',(30.9231657808,128.90097853865,
    23.216927371262));
#3191 = LINE('',#3192,#3193);
#3192 = CARTESIAN_POINT('',(30.9231657808,99.700978539353,
    23.216927371262));
#3193 = VECTOR('',#3194,1.);
#3194 = DIRECTION('',(-4.440892098501E-16,-1.,1.110222341411E-16));
#3195 = ORIENTED_EDGE('',*,*,#398,.F.);
#3196 = ORIENTED_EDGE('',*,*,#3197,.F.);
#3197 = EDGE_CURVE('',#3198,#399,#3200,.T.);
#3198 = VERTEX_POINT('',#3199);
#3199 = CARTESIAN_POINT('',(66.7481796339,128.90097853865,
    12.705581956562));
#3200 = LINE('',#3201,#3202);
#3201 = CARTESIAN_POINT('',(66.7481796339,99.700978539353,
    12.705581956562));
#3202 = VECTOR('',#3203,1.);
#3203 = DIRECTION('',(-4.440892098501E-16,-1.,1.110223229589E-16));
#3204 = ORIENTED_EDGE('',*,*,#3205,.T.);
#3205 = EDGE_CURVE('',#3198,#3189,#3206,.T.);
#3206 = CIRCLE('',#3207,26.4);
#3207 = AXIS2_PLACEMENT_3D('',#3208,#3209,#3210);
#3208 = CARTESIAN_POINT('',(43.58,128.90097853865,4.874773736204E-02));
#3209 = DIRECTION('',(-4.4408920985E-16,-1.,1.110223024625E-16));
#3210 = DIRECTION('',(3.330669073875E-16,-1.110223024625E-16,-1.));
#3211 = CYLINDRICAL_SURFACE('',#3212,26.4);
#3212 = AXIS2_PLACEMENT_3D('',#3213,#3214,#3215);
#3213 = CARTESIAN_POINT('',(43.58,99.700978539353,4.874773736205E-02));
#3214 = DIRECTION('',(-4.4408920985E-16,-1.,1.110223024625E-16));
#3215 = DIRECTION('',(0.87758256189,-3.364980193329E-16,0.479425538604)
  );
#3216 = ADVANCED_FACE('',(#3217),#3238,.T.);
#3217 = FACE_BOUND('',#3218,.T.);
#3218 = EDGE_LOOP('',(#3219,#3227,#3228,#3229));
#3219 = ORIENTED_EDGE('',*,*,#3220,.T.);
#3220 = EDGE_CURVE('',#3221,#381,#3223,.T.);
#3221 = VERTEX_POINT('',#3222);
#3222 = CARTESIAN_POINT('',(20.4118203661,128.90097853935,
    -12.60808648183));
#3223 = LINE('',#3224,#3225);
#3224 = CARTESIAN_POINT('',(20.4118203661,99.700978539353,
    -12.60808648183));
#3225 = VECTOR('',#3226,1.);
#3226 = DIRECTION('',(-4.440892098501E-16,-1.,1.110223229589E-16));
#3227 = ORIENTED_EDGE('',*,*,#389,.F.);
#3228 = ORIENTED_EDGE('',*,*,#3188,.F.);
#3229 = ORIENTED_EDGE('',*,*,#3230,.T.);
#3230 = EDGE_CURVE('',#3189,#3221,#3231,.T.);
#3231 = B_SPLINE_CURVE_WITH_KNOTS('',5,(#3232,#3233,#3234,#3235,#3236,
    #3237),.UNSPECIFIED.,.F.,.F.,(6,6),(-20.7345115137,20.7345115137),
  .PIECEWISE_BEZIER_KNOTS.);
#3232 = CARTESIAN_POINT('',(30.9231657808,128.90097853865,
    23.216927371262));
#3233 = CARTESIAN_POINT('',(23.6446674873,128.90097853865,
    19.240665631162));
#3234 = CARTESIAN_POINT('',(17.9163588201,128.90097853865,
    12.410660301562));
#3235 = CARTESIAN_POINT('',(15.3056207192,128.90097853865,3.512681504262
    ));
#3236 = CARTESIAN_POINT('',(16.435558626,128.90097853865,-5.329588188308
    ));
#3237 = CARTESIAN_POINT('',(20.4118203661,128.90097853865,
    -12.60808648183));
#3238 = CYLINDRICAL_SURFACE('',#3239,26.4);
#3239 = AXIS2_PLACEMENT_3D('',#3240,#3241,#3242);
#3240 = CARTESIAN_POINT('',(43.58,99.700978539353,4.874773736205E-02));
#3241 = DIRECTION('',(-4.4408920985E-16,-1.,1.110223024625E-16));
#3242 = DIRECTION('',(0.87758256189,-3.364980193329E-16,0.479425538604)
  );
#3243 = ADVANCED_FACE('',(#3244),#3263,.T.);
#3244 = FACE_BOUND('',#3245,.T.);
#3245 = EDGE_LOOP('',(#3246,#3254,#3255,#3256));
#3246 = ORIENTED_EDGE('',*,*,#3247,.T.);
#3247 = EDGE_CURVE('',#3248,#425,#3250,.T.);
#3248 = VERTEX_POINT('',#3249);
#3249 = CARTESIAN_POINT('',(56.2368342192,128.90097853865,
    -23.11943189653));
#3250 = LINE('',#3251,#3252);
#3251 = CARTESIAN_POINT('',(56.2368342192,99.700978539353,
    -23.11943189653));
#3252 = VECTOR('',#3253,1.);
#3253 = DIRECTION('',(-4.440892098501E-16,-1.,1.110222341411E-16));
#3254 = ORIENTED_EDGE('',*,*,#433,.F.);
#3255 = ORIENTED_EDGE('',*,*,#3220,.F.);
#3256 = ORIENTED_EDGE('',*,*,#3257,.T.);
#3257 = EDGE_CURVE('',#3221,#3248,#3258,.T.);
#3258 = CIRCLE('',#3259,26.4);
#3259 = AXIS2_PLACEMENT_3D('',#3260,#3261,#3262);
#3260 = CARTESIAN_POINT('',(43.58,128.90097853865,4.874773736204E-02));
#3261 = DIRECTION('',(-4.4408920985E-16,-1.,1.110223024625E-16));
#3262 = DIRECTION('',(3.330669073875E-16,-1.110223024625E-16,-1.));
#3263 = CYLINDRICAL_SURFACE('',#3264,26.4);
#3264 = AXIS2_PLACEMENT_3D('',#3265,#3266,#3267);
#3265 = CARTESIAN_POINT('',(43.58,99.700978539353,4.874773736205E-02));
#3266 = DIRECTION('',(-4.4408920985E-16,-1.,1.110223024625E-16));
#3267 = DIRECTION('',(-0.87758256189,3.364980193329E-16,-0.479425538604)
  );
#3268 = ADVANCED_FACE('',(#3269),#3283,.T.);
#3269 = FACE_BOUND('',#3270,.T.);
#3270 = EDGE_LOOP('',(#3271,#3272,#3273,#3274));
#3271 = ORIENTED_EDGE('',*,*,#3197,.T.);
#3272 = ORIENTED_EDGE('',*,*,#424,.F.);
#3273 = ORIENTED_EDGE('',*,*,#3247,.F.);
#3274 = ORIENTED_EDGE('',*,*,#3275,.T.);
#3275 = EDGE_CURVE('',#3248,#3198,#3276,.T.);
#3276 = B_SPLINE_CURVE_WITH_KNOTS('',5,(#3277,#3278,#3279,#3280,#3281,
    #3282),.UNSPECIFIED.,.F.,.F.,(6,6),(-20.7345115137,20.7345115137),
  .PIECEWISE_BEZIER_KNOTS.);
#3277 = CARTESIAN_POINT('',(56.2368342192,128.90097853865,
    -23.11943189653));
#3278 = CARTESIAN_POINT('',(63.5153325127,128.90097853875,
    -19.14317015643));
#3279 = CARTESIAN_POINT('',(69.2436411799,128.90097853895,
    -12.31316482683));
#3280 = CARTESIAN_POINT('',(71.8543792808,128.90097853905,
    -3.415186029538));
#3281 = CARTESIAN_POINT('',(70.724441374,128.90097853925,5.427083663032)
  );
#3282 = CARTESIAN_POINT('',(66.7481796339,128.90097853935,
    12.705581956562));
#3283 = CYLINDRICAL_SURFACE('',#3284,26.4);
#3284 = AXIS2_PLACEMENT_3D('',#3285,#3286,#3287);
#3285 = CARTESIAN_POINT('',(43.58,99.700978539353,4.874773736205E-02));
#3286 = DIRECTION('',(-4.4408920985E-16,-1.,1.110223024625E-16));
#3287 = DIRECTION('',(-0.87758256189,3.364980193329E-16,-0.479425538604)
  );
#3288 = ADVANCED_FACE('',(#3289),#3332,.T.);
#3289 = FACE_BOUND('',#3290,.T.);
#3290 = EDGE_LOOP('',(#3291,#3301,#3310,#3316,#3317,#3325));
#3291 = ORIENTED_EDGE('',*,*,#3292,.T.);
#3292 = EDGE_CURVE('',#3293,#3295,#3297,.T.);
#3293 = VERTEX_POINT('',#3294);
#3294 = CARTESIAN_POINT('',(-3.0683068205,69.700978539353,
    -10.28725226183));
#3295 = VERTEX_POINT('',#3296);
#3296 = CARTESIAN_POINT('',(8.8484476357,69.700978539353,-10.28725226183
    ));
#3297 = LINE('',#3298,#3299);
#3298 = CARTESIAN_POINT('',(2.8900704076,69.700978539353,-10.28725226183
    ));
#3299 = VECTOR('',#3300,1.);
#3300 = DIRECTION('',(1.,-4.440892098501E-16,4.821307188405E-16));
#3301 = ORIENTED_EDGE('',*,*,#3302,.F.);
#3302 = EDGE_CURVE('',#3303,#3295,#3305,.T.);
#3303 = VERTEX_POINT('',#3304);
#3304 = CARTESIAN_POINT('',(9.8247895426,69.700978539353,-9.614892908898
    ));
#3305 = CIRCLE('',#3306,6.10000011721);
#3306 = AXIS2_PLACEMENT_3D('',#3307,#3308,#3309);
#3307 = CARTESIAN_POINT('',(12.7800000664,69.700978539353,
    -14.95125235993));
#3308 = DIRECTION('',(-4.440892098501E-16,-1.,1.110223024625E-16));
#3309 = DIRECTION('',(3.330669073875E-16,-1.110223024625E-16,-1.));
#3310 = ORIENTED_EDGE('',*,*,#3311,.F.);
#3311 = EDGE_CURVE('',#451,#3303,#3312,.T.);
#3312 = LINE('',#3313,#3314);
#3313 = CARTESIAN_POINT('',(0.6466178232,69.700978539353,-9.614892908898
    ));
#3314 = VECTOR('',#3315,1.);
#3315 = DIRECTION('',(1.,-4.440892098501E-16,4.298376420013E-16));
#3316 = ORIENTED_EDGE('',*,*,#450,.T.);
#3317 = ORIENTED_EDGE('',*,*,#3318,.F.);
#3318 = EDGE_CURVE('',#3319,#453,#3321,.T.);
#3319 = VERTEX_POINT('',#3320);
#3320 = CARTESIAN_POINT('',(-3.7200000007,69.700978539353,
    -9.951252262638));
#3321 = LINE('',#3322,#3323);
#3322 = CARTESIAN_POINT('',(-6.09402736,69.700978539353,-9.951252262638)
  );
#3323 = VECTOR('',#3324,1.);
#3324 = DIRECTION('',(-1.,4.440892098501E-16,-3.330669073875E-16));
#3325 = ORIENTED_EDGE('',*,*,#3326,.F.);
#3326 = EDGE_CURVE('',#3293,#3319,#3327,.T.);
#3327 = CIRCLE('',#3328,0.799999998982);
#3328 = AXIS2_PLACEMENT_3D('',#3329,#3330,#3331);
#3329 = CARTESIAN_POINT('',(-3.7199999988,69.700978539353,
    -10.75125226163));
#3330 = DIRECTION('',(-4.440892098501E-16,-1.,1.110223024625E-16));
#3331 = DIRECTION('',(3.330669073875E-16,-1.110223024625E-16,-1.));
#3332 = PLANE('',#3333);
#3333 = AXIS2_PLACEMENT_3D('',#3334,#3335,#3336);
#3334 = CARTESIAN_POINT('',(43.58,69.700978539353,4.874773736205E-02));
#3335 = DIRECTION('',(-4.440892098501E-16,-1.,1.110223024625E-16));
#3336 = DIRECTION('',(1.,-4.440892098501E-16,4.555315873025E-16));
#3337 = ADVANCED_FACE('',(#3338),#3362,.T.);
#3338 = FACE_BOUND('',#3339,.T.);
#3339 = EDGE_LOOP('',(#3340,#3354,#3360,#3361));
#3340 = ORIENTED_EDGE('',*,*,#3341,.F.);
#3341 = EDGE_CURVE('',#3342,#3303,#3344,.T.);
#3342 = VERTEX_POINT('',#3343);
#3343 = CARTESIAN_POINT('',(11.8531815595,70.900978539353,
    -8.922072585668));
#3344 = B_SPLINE_CURVE_WITH_KNOTS('',5,(#3345,#3346,#3347,#3348,#3349,
    #3350,#3351,#3352,#3353),.UNSPECIFIED.,.F.,.F.,(6,3,6),(0.,
    3.42091224592,3.52457842043),.UNSPECIFIED.);
#3345 = CARTESIAN_POINT('',(11.8531815595,70.900978539353,
    -8.922072585668));
#3346 = CARTESIAN_POINT('',(11.3922380237,70.778250217453,
    -8.992929815368));
#3347 = CARTESIAN_POINT('',(10.9571869316,70.582937745053,
    -9.105693523848));
#3348 = CARTESIAN_POINT('',(10.55939486,70.336397845453,-9.248033401278)
  );
#3349 = CARTESIAN_POINT('',(10.1901221688,70.046157413553,
    -9.415603792778));
#3350 = CARTESIAN_POINT('',(9.8542542609,69.729091880453,-9.598661663668
    ));
#3351 = CARTESIAN_POINT('',(9.8444041304,69.719743164353,-9.604059147428
    ));
#3352 = CARTESIAN_POINT('',(9.8345826828,69.710372007553,-9.609469587328
    ));
#3353 = CARTESIAN_POINT('',(9.8247895426,69.700978539953,-9.614892908368
    ));
#3354 = ORIENTED_EDGE('',*,*,#3355,.F.);
#3355 = EDGE_CURVE('',#462,#3342,#3356,.T.);
#3356 = LINE('',#3357,#3358);
#3357 = CARTESIAN_POINT('',(1.5989512298,70.900978539353,-8.922072585668
    ));
#3358 = VECTOR('',#3359,1.);
#3359 = DIRECTION('',(1.,-4.440892098501E-16,5.062985183685E-16));
#3360 = ORIENTED_EDGE('',*,*,#461,.F.);
#3361 = ORIENTED_EDGE('',*,*,#3311,.T.);
#3362 = PLANE('',#3363);
#3363 = AXIS2_PLACEMENT_3D('',#3364,#3365,#3366);
#3364 = CARTESIAN_POINT('',(43.58,70.900978539353,-8.922072585668));
#3365 = DIRECTION('',(-6.165465317551E-16,-0.5,0.866025403784));
#3366 = DIRECTION('',(-1.568267436254E-16,-0.866025403784,-0.5));
#3367 = ADVANCED_FACE('',(#3368),#3411,.T.);
#3368 = FACE_BOUND('',#3369,.T.);
#3369 = EDGE_LOOP('',(#3370,#3371,#3372,#3381,#3389,#3398,#3404,#3405));
#3370 = ORIENTED_EDGE('',*,*,#470,.T.);
#3371 = ORIENTED_EDGE('',*,*,#3355,.T.);
#3372 = ORIENTED_EDGE('',*,*,#3373,.F.);
#3373 = EDGE_CURVE('',#3374,#3342,#3376,.T.);
#3374 = VERTEX_POINT('',#3375);
#3375 = CARTESIAN_POINT('',(12.7799999993,70.900978539353,
    -8.851252263218));
#3376 = CIRCLE('',#3377,6.09999979235);
#3377 = AXIS2_PLACEMENT_3D('',#3378,#3379,#3380);
#3378 = CARTESIAN_POINT('',(12.7799999798,70.900978539353,
    -14.95125205553));
#3379 = DIRECTION('',(-4.440892098501E-16,-1.,1.110223024625E-16));
#3380 = DIRECTION('',(3.330669073875E-16,-1.110223024625E-16,-1.));
#3381 = ORIENTED_EDGE('',*,*,#3382,.T.);
#3382 = EDGE_CURVE('',#3374,#3383,#3385,.T.);
#3383 = VERTEX_POINT('',#3384);
#3384 = CARTESIAN_POINT('',(78.08,70.900978539353,-8.851252263218));
#3385 = LINE('',#3386,#3387);
#3386 = CARTESIAN_POINT('',(45.42999999963,70.900978539353,
    -8.851252263218));
#3387 = VECTOR('',#3388,1.);
#3388 = DIRECTION('',(1.,-4.440892098501E-16,4.418789649295E-16));
#3389 = ORIENTED_EDGE('',*,*,#3390,.F.);
#3390 = EDGE_CURVE('',#3391,#3383,#3393,.T.);
#3391 = VERTEX_POINT('',#3392);
#3392 = CARTESIAN_POINT('',(79.0068184416,70.900978539353,
    -8.922072585478));
#3393 = CIRCLE('',#3394,6.09999979235);
#3394 = AXIS2_PLACEMENT_3D('',#3395,#3396,#3397);
#3395 = CARTESIAN_POINT('',(78.0800000213,70.900978539353,
    -14.95125205553));
#3396 = DIRECTION('',(-4.440892098501E-16,-1.,1.110223024625E-16));
#3397 = DIRECTION('',(3.330669073875E-16,-1.110223024625E-16,-1.));
#3398 = ORIENTED_EDGE('',*,*,#3399,.T.);
#3399 = EDGE_CURVE('',#3391,#2048,#3400,.T.);
#3400 = LINE('',#3401,#3402);
#3401 = CARTESIAN_POINT('',(87.4110487708,70.900978539353,
    -8.922072585478));
#3402 = VECTOR('',#3403,1.);
#3403 = DIRECTION('',(1.,-4.440892098501E-16,5.444315142365E-16));
#3404 = ORIENTED_EDGE('',*,*,#2047,.T.);
#3405 = ORIENTED_EDGE('',*,*,#3406,.F.);
#3406 = EDGE_CURVE('',#471,#2039,#3407,.T.);
#3407 = LINE('',#3408,#3409);
#3408 = CARTESIAN_POINT('',(43.58,70.900978539353,-8.480072585668));
#3409 = VECTOR('',#3410,1.);
#3410 = DIRECTION('',(1.,-4.440892098501E-16,4.689018753025E-16));
#3411 = PLANE('',#3412);
#3412 = AXIS2_PLACEMENT_3D('',#3413,#3414,#3415);
#3413 = CARTESIAN_POINT('',(43.58,70.900978539353,-0.980072585668));
#3414 = DIRECTION('',(-4.440892098501E-16,-1.,1.110223024625E-16));
#3415 = DIRECTION('',(4.555315873025E-16,-1.110223024625E-16,-1.));
#3416 = ADVANCED_FACE('',(#3417),#3428,.T.);
#3417 = FACE_BOUND('',#3418,.T.);
#3418 = EDGE_LOOP('',(#3419,#3420,#3421,#3422));
#3419 = ORIENTED_EDGE('',*,*,#479,.F.);
#3420 = ORIENTED_EDGE('',*,*,#3406,.T.);
#3421 = ORIENTED_EDGE('',*,*,#2038,.T.);
#3422 = ORIENTED_EDGE('',*,*,#3423,.F.);
#3423 = EDGE_CURVE('',#480,#2030,#3424,.T.);
#3424 = LINE('',#3425,#3426);
#3425 = CARTESIAN_POINT('',(43.58,69.700978539353,-7.787252262638));
#3426 = VECTOR('',#3427,1.);
#3427 = DIRECTION('',(1.,-4.440892098501E-16,4.516770237155E-16));
#3428 = PLANE('',#3429);
#3429 = AXIS2_PLACEMENT_3D('',#3430,#3431,#3432);
#3430 = CARTESIAN_POINT('',(43.58,69.700978539353,-7.787252262638));
#3431 = DIRECTION('',(1.724573219048E-16,-0.5,-0.866025403784));
#3432 = DIRECTION('',(6.123583309283E-16,0.866025403784,-0.5));
#3433 = ADVANCED_FACE('',(#3434),#3445,.T.);
#3434 = FACE_BOUND('',#3435,.T.);
#3435 = EDGE_LOOP('',(#3436,#3437,#3443,#3444));
#3436 = ORIENTED_EDGE('',*,*,#2029,.T.);
#3437 = ORIENTED_EDGE('',*,*,#3438,.F.);
#3438 = EDGE_CURVE('',#489,#2021,#3439,.T.);
#3439 = LINE('',#3440,#3441);
#3440 = CARTESIAN_POINT('',(43.58,69.700978539353,-7.114892908898));
#3441 = VECTOR('',#3442,1.);
#3442 = DIRECTION('',(1.,-4.440892098501E-16,4.599165850845E-16));
#3443 = ORIENTED_EDGE('',*,*,#488,.T.);
#3444 = ORIENTED_EDGE('',*,*,#3423,.T.);
#3445 = PLANE('',#3446);
#3446 = AXIS2_PLACEMENT_3D('',#3447,#3448,#3449);
#3447 = CARTESIAN_POINT('',(43.58,69.700978539353,4.874773736205E-02));
#3448 = DIRECTION('',(-4.440892098501E-16,-1.,1.110223024625E-16));
#3449 = DIRECTION('',(1.,-4.440892098501E-16,4.555315873025E-16));
#3450 = ADVANCED_FACE('',(#3451),#3462,.T.);
#3451 = FACE_BOUND('',#3452,.T.);
#3452 = EDGE_LOOP('',(#3453,#3454,#3455,#3456));
#3453 = ORIENTED_EDGE('',*,*,#497,.F.);
#3454 = ORIENTED_EDGE('',*,*,#3438,.T.);
#3455 = ORIENTED_EDGE('',*,*,#2020,.T.);
#3456 = ORIENTED_EDGE('',*,*,#3457,.F.);
#3457 = EDGE_CURVE('',#498,#2012,#3458,.T.);
#3458 = LINE('',#3459,#3460);
#3459 = CARTESIAN_POINT('',(43.58,70.900978539353,-6.422072585668));
#3460 = VECTOR('',#3461,1.);
#3461 = DIRECTION('',(1.,-4.440892098501E-16,4.512576861795E-16));
#3462 = PLANE('',#3463);
#3463 = AXIS2_PLACEMENT_3D('',#3464,#3465,#3466);
#3464 = CARTESIAN_POINT('',(43.58,70.900978539353,-6.422072585668));
#3465 = DIRECTION('',(-6.165465317551E-16,-0.5,0.866025403784));
#3466 = DIRECTION('',(-1.568267436254E-16,-0.866025403784,-0.5));
#3467 = ADVANCED_FACE('',(#3468),#3479,.T.);
#3468 = FACE_BOUND('',#3469,.T.);
#3469 = EDGE_LOOP('',(#3470,#3471,#3472,#3473));
#3470 = ORIENTED_EDGE('',*,*,#506,.T.);
#3471 = ORIENTED_EDGE('',*,*,#3457,.T.);
#3472 = ORIENTED_EDGE('',*,*,#2011,.T.);
#3473 = ORIENTED_EDGE('',*,*,#3474,.F.);
#3474 = EDGE_CURVE('',#507,#2003,#3475,.T.);
#3475 = LINE('',#3476,#3477);
#3476 = CARTESIAN_POINT('',(43.58,70.900978539353,-5.980072585668));
#3477 = VECTOR('',#3478,1.);
#3478 = DIRECTION('',(1.,-4.440892098501E-16,4.511398728765E-16));
#3479 = PLANE('',#3480);
#3480 = AXIS2_PLACEMENT_3D('',#3481,#3482,#3483);
#3481 = CARTESIAN_POINT('',(43.58,70.900978539353,-0.980072585668));
#3482 = DIRECTION('',(-4.440892098501E-16,-1.,1.110223024625E-16));
#3483 = DIRECTION('',(4.555315873025E-16,-1.110223024625E-16,-1.));
#3484 = ADVANCED_FACE('',(#3485),#3496,.T.);
#3485 = FACE_BOUND('',#3486,.T.);
#3486 = EDGE_LOOP('',(#3487,#3488,#3489,#3490));
#3487 = ORIENTED_EDGE('',*,*,#515,.F.);
#3488 = ORIENTED_EDGE('',*,*,#3474,.T.);
#3489 = ORIENTED_EDGE('',*,*,#2002,.T.);
#3490 = ORIENTED_EDGE('',*,*,#3491,.F.);
#3491 = EDGE_CURVE('',#516,#1994,#3492,.T.);
#3492 = LINE('',#3493,#3494);
#3493 = CARTESIAN_POINT('',(43.58,69.700978539353,-5.287252262638));
#3494 = VECTOR('',#3495,1.);
#3495 = DIRECTION('',(1.,-4.440892098501E-16,4.509725773535E-16));
#3496 = PLANE('',#3497);
#3497 = AXIS2_PLACEMENT_3D('',#3498,#3499,#3500);
#3498 = CARTESIAN_POINT('',(43.58,69.700978539353,-5.287252262638));
#3499 = DIRECTION('',(1.724573219048E-16,-0.5,-0.866025403784));
#3500 = DIRECTION('',(6.123583309283E-16,0.866025403784,-0.5));
#3501 = ADVANCED_FACE('',(#3502),#3513,.T.);
#3502 = FACE_BOUND('',#3503,.T.);
#3503 = EDGE_LOOP('',(#3504,#3505,#3506,#3512));
#3504 = ORIENTED_EDGE('',*,*,#3491,.T.);
#3505 = ORIENTED_EDGE('',*,*,#1993,.T.);
#3506 = ORIENTED_EDGE('',*,*,#3507,.F.);
#3507 = EDGE_CURVE('',#525,#1985,#3508,.T.);
#3508 = LINE('',#3509,#3510);
#3509 = CARTESIAN_POINT('',(43.58,69.700978539353,-4.614892908898));
#3510 = VECTOR('',#3511,1.);
#3511 = DIRECTION('',(1.,-4.440892098501E-16,4.592419565465E-16));
#3512 = ORIENTED_EDGE('',*,*,#524,.T.);
#3513 = PLANE('',#3514);
#3514 = AXIS2_PLACEMENT_3D('',#3515,#3516,#3517);
#3515 = CARTESIAN_POINT('',(43.58,69.700978539353,4.874773736205E-02));
#3516 = DIRECTION('',(-4.440892098501E-16,-1.,1.110223024625E-16));
#3517 = DIRECTION('',(1.,-4.440892098501E-16,4.555315873025E-16));
#3518 = ADVANCED_FACE('',(#3519),#3530,.T.);
#3519 = FACE_BOUND('',#3520,.T.);
#3520 = EDGE_LOOP('',(#3521,#3522,#3523,#3524));
#3521 = ORIENTED_EDGE('',*,*,#533,.F.);
#3522 = ORIENTED_EDGE('',*,*,#3507,.T.);
#3523 = ORIENTED_EDGE('',*,*,#1984,.T.);
#3524 = ORIENTED_EDGE('',*,*,#3525,.F.);
#3525 = EDGE_CURVE('',#534,#1976,#3526,.T.);
#3526 = LINE('',#3527,#3528);
#3527 = CARTESIAN_POINT('',(43.58,70.900978539353,-3.922072585668));
#3528 = VECTOR('',#3529,1.);
#3529 = DIRECTION('',(1.,-4.440892098501E-16,4.591067726505E-16));
#3530 = PLANE('',#3531);
#3531 = AXIS2_PLACEMENT_3D('',#3532,#3533,#3534);
#3532 = CARTESIAN_POINT('',(43.58,70.900978539353,-3.922072585668));
#3533 = DIRECTION('',(-6.165465317551E-16,-0.5,0.866025403784));
#3534 = DIRECTION('',(-1.568267436254E-16,-0.866025403784,-0.5));
#3535 = ADVANCED_FACE('',(#3536),#3547,.T.);
#3536 = FACE_BOUND('',#3537,.T.);
#3537 = EDGE_LOOP('',(#3538,#3539,#3540,#3541));
#3538 = ORIENTED_EDGE('',*,*,#542,.T.);
#3539 = ORIENTED_EDGE('',*,*,#3525,.T.);
#3540 = ORIENTED_EDGE('',*,*,#1975,.T.);
#3541 = ORIENTED_EDGE('',*,*,#3542,.F.);
#3542 = EDGE_CURVE('',#543,#1967,#3543,.T.);
#3543 = LINE('',#3544,#3545);
#3544 = CARTESIAN_POINT('',(43.58,70.900978539353,-3.480072585668));
#3545 = VECTOR('',#3546,1.);
#3546 = DIRECTION('',(1.,-4.440892098501E-16,4.590320508675E-16));
#3547 = PLANE('',#3548);
#3548 = AXIS2_PLACEMENT_3D('',#3549,#3550,#3551);
#3549 = CARTESIAN_POINT('',(43.58,70.900978539353,-0.980072585668));
#3550 = DIRECTION('',(-4.440892098501E-16,-1.,1.110223024625E-16));
#3551 = DIRECTION('',(4.555315873025E-16,-1.110223024625E-16,-1.));
#3552 = ADVANCED_FACE('',(#3553),#3564,.T.);
#3553 = FACE_BOUND('',#3554,.T.);
#3554 = EDGE_LOOP('',(#3555,#3556,#3557,#3558));
#3555 = ORIENTED_EDGE('',*,*,#551,.F.);
#3556 = ORIENTED_EDGE('',*,*,#3542,.T.);
#3557 = ORIENTED_EDGE('',*,*,#1966,.T.);
#3558 = ORIENTED_EDGE('',*,*,#3559,.F.);
#3559 = EDGE_CURVE('',#552,#1958,#3560,.T.);
#3560 = LINE('',#3561,#3562);
#3561 = CARTESIAN_POINT('',(43.58,69.700978539353,-2.787252262638));
#3562 = VECTOR('',#3563,1.);
#3563 = DIRECTION('',(1.,-4.440892098501E-16,4.589328554235E-16));
#3564 = PLANE('',#3565);
#3565 = AXIS2_PLACEMENT_3D('',#3566,#3567,#3568);
#3566 = CARTESIAN_POINT('',(43.58,69.700978539353,-2.787252262638));
#3567 = DIRECTION('',(1.724573219048E-16,-0.5,-0.866025403784));
#3568 = DIRECTION('',(6.123583309283E-16,0.866025403784,-0.5));
#3569 = ADVANCED_FACE('',(#3570),#3581,.T.);
#3570 = FACE_BOUND('',#3571,.T.);
#3571 = EDGE_LOOP('',(#3572,#3573,#3579,#3580));
#3572 = ORIENTED_EDGE('',*,*,#1957,.T.);
#3573 = ORIENTED_EDGE('',*,*,#3574,.F.);
#3574 = EDGE_CURVE('',#561,#1949,#3575,.T.);
#3575 = LINE('',#3576,#3577);
#3576 = CARTESIAN_POINT('',(43.58,69.700978539353,-2.114892908898));
#3577 = VECTOR('',#3578,1.);
#3578 = DIRECTION('',(1.,-4.440892098501E-16,4.546643783925E-16));
#3579 = ORIENTED_EDGE('',*,*,#560,.T.);
#3580 = ORIENTED_EDGE('',*,*,#3559,.T.);
#3581 = PLANE('',#3582);
#3582 = AXIS2_PLACEMENT_3D('',#3583,#3584,#3585);
#3583 = CARTESIAN_POINT('',(43.58,69.700978539353,4.874773736205E-02));
#3584 = DIRECTION('',(-4.440892098501E-16,-1.,1.110223024625E-16));
#3585 = DIRECTION('',(1.,-4.440892098501E-16,4.555315873025E-16));
#3586 = ADVANCED_FACE('',(#3587),#3598,.T.);
#3587 = FACE_BOUND('',#3588,.T.);
#3588 = EDGE_LOOP('',(#3589,#3590,#3591,#3592));
#3589 = ORIENTED_EDGE('',*,*,#569,.F.);
#3590 = ORIENTED_EDGE('',*,*,#3574,.T.);
#3591 = ORIENTED_EDGE('',*,*,#1948,.T.);
#3592 = ORIENTED_EDGE('',*,*,#3593,.F.);
#3593 = EDGE_CURVE('',#570,#1940,#3594,.T.);
#3594 = LINE('',#3595,#3596);
#3595 = CARTESIAN_POINT('',(43.58,70.900978539353,-1.422072585668));
#3596 = VECTOR('',#3597,1.);
#3597 = DIRECTION('',(1.,-4.440892098501E-16,4.546098232785E-16));
#3598 = PLANE('',#3599);
#3599 = AXIS2_PLACEMENT_3D('',#3600,#3601,#3602);
#3600 = CARTESIAN_POINT('',(43.58,70.900978539353,-1.422072585668));
#3601 = DIRECTION('',(-6.165465317551E-16,-0.5,0.866025403784));
#3602 = DIRECTION('',(-1.568267436254E-16,-0.866025403784,-0.5));
#3603 = ADVANCED_FACE('',(#3604),#3615,.T.);
#3604 = FACE_BOUND('',#3605,.T.);
#3605 = EDGE_LOOP('',(#3606,#3607,#3608,#3609));
#3606 = ORIENTED_EDGE('',*,*,#578,.T.);
#3607 = ORIENTED_EDGE('',*,*,#3593,.T.);
#3608 = ORIENTED_EDGE('',*,*,#1939,.T.);
#3609 = ORIENTED_EDGE('',*,*,#3610,.F.);
#3610 = EDGE_CURVE('',#579,#1931,#3611,.T.);
#3611 = LINE('',#3612,#3613);
#3612 = CARTESIAN_POINT('',(43.58,70.900978539353,-0.980072585668));
#3613 = VECTOR('',#3614,1.);
#3614 = DIRECTION('',(1.,-4.440892098501E-16,4.545859091705E-16));
#3615 = PLANE('',#3616);
#3616 = AXIS2_PLACEMENT_3D('',#3617,#3618,#3619);
#3617 = CARTESIAN_POINT('',(43.58,70.900978539353,-0.980072585668));
#3618 = DIRECTION('',(-4.440892098501E-16,-1.,1.110223024625E-16));
#3619 = DIRECTION('',(4.555315873025E-16,-1.110223024625E-16,-1.));
#3620 = ADVANCED_FACE('',(#3621),#3632,.T.);
#3621 = FACE_BOUND('',#3622,.T.);
#3622 = EDGE_LOOP('',(#3623,#3624,#3625,#3626));
#3623 = ORIENTED_EDGE('',*,*,#587,.F.);
#3624 = ORIENTED_EDGE('',*,*,#3610,.T.);
#3625 = ORIENTED_EDGE('',*,*,#1930,.T.);
#3626 = ORIENTED_EDGE('',*,*,#3627,.F.);
#3627 = EDGE_CURVE('',#588,#1922,#3628,.T.);
#3628 = LINE('',#3629,#3630);
#3629 = CARTESIAN_POINT('',(43.58,69.700978539353,-0.287252262638));
#3630 = VECTOR('',#3631,1.);
#3631 = DIRECTION('',(1.,-4.440892098501E-16,4.556128548185E-16));
#3632 = PLANE('',#3633);
#3633 = AXIS2_PLACEMENT_3D('',#3634,#3635,#3636);
#3634 = CARTESIAN_POINT('',(43.58,69.700978539353,-0.287252262638));
#3635 = DIRECTION('',(1.724573219048E-16,-0.5,-0.866025403784));
#3636 = DIRECTION('',(6.123583309283E-16,0.866025403784,-0.5));
#3637 = ADVANCED_FACE('',(#3638),#3649,.T.);
#3638 = FACE_BOUND('',#3639,.T.);
#3639 = EDGE_LOOP('',(#3640,#3641,#3647,#3648));
#3640 = ORIENTED_EDGE('',*,*,#1921,.T.);
#3641 = ORIENTED_EDGE('',*,*,#3642,.F.);
#3642 = EDGE_CURVE('',#597,#1913,#3643,.T.);
#3643 = LINE('',#3644,#3645);
#3644 = CARTESIAN_POINT('',(43.58,69.700978539353,0.385107091098));
#3645 = VECTOR('',#3646,1.);
#3646 = DIRECTION('',(1.,-4.440892098501E-16,4.556128600855E-16));
#3647 = ORIENTED_EDGE('',*,*,#596,.T.);
#3648 = ORIENTED_EDGE('',*,*,#3627,.T.);
#3649 = PLANE('',#3650);
#3650 = AXIS2_PLACEMENT_3D('',#3651,#3652,#3653);
#3651 = CARTESIAN_POINT('',(43.58,69.700978539353,4.874773736205E-02));
#3652 = DIRECTION('',(-4.440892098501E-16,-1.,1.110223024625E-16));
#3653 = DIRECTION('',(1.,-4.440892098501E-16,4.555315873025E-16));
#3654 = ADVANCED_FACE('',(#3655),#3666,.T.);
#3655 = FACE_BOUND('',#3656,.T.);
#3656 = EDGE_LOOP('',(#3657,#3658,#3659,#3660));
#3657 = ORIENTED_EDGE('',*,*,#605,.T.);
#3658 = ORIENTED_EDGE('',*,*,#3642,.T.);
#3659 = ORIENTED_EDGE('',*,*,#1912,.F.);
#3660 = ORIENTED_EDGE('',*,*,#3661,.F.);
#3661 = EDGE_CURVE('',#606,#1904,#3662,.T.);
#3662 = LINE('',#3663,#3664);
#3663 = CARTESIAN_POINT('',(43.58,70.900978539353,1.077927414332));
#3664 = VECTOR('',#3665,1.);
#3665 = DIRECTION('',(1.,-4.440892098501E-16,4.545859251765E-16));
#3666 = PLANE('',#3667);
#3667 = AXIS2_PLACEMENT_3D('',#3668,#3669,#3670);
#3668 = CARTESIAN_POINT('',(43.58,70.900978539353,1.077927414332));
#3669 = DIRECTION('',(-6.165465317551E-16,-0.5,0.866025403784));
#3670 = DIRECTION('',(-1.568267436254E-16,-0.866025403784,-0.5));
#3671 = ADVANCED_FACE('',(#3672),#3683,.T.);
#3672 = FACE_BOUND('',#3673,.T.);
#3673 = EDGE_LOOP('',(#3674,#3675,#3676,#3677));
#3674 = ORIENTED_EDGE('',*,*,#614,.T.);
#3675 = ORIENTED_EDGE('',*,*,#3661,.T.);
#3676 = ORIENTED_EDGE('',*,*,#1903,.T.);
#3677 = ORIENTED_EDGE('',*,*,#3678,.F.);
#3678 = EDGE_CURVE('',#615,#1895,#3679,.T.);
#3679 = LINE('',#3680,#3681);
#3680 = CARTESIAN_POINT('',(43.58,70.900978539353,1.519927414332));
#3681 = VECTOR('',#3682,1.);
#3682 = DIRECTION('',(1.,-4.440892098501E-16,4.546098461705E-16));
#3683 = PLANE('',#3684);
#3684 = AXIS2_PLACEMENT_3D('',#3685,#3686,#3687);
#3685 = CARTESIAN_POINT('',(43.58,70.900978539353,-0.980072585668));
#3686 = DIRECTION('',(-4.440892098501E-16,-1.,1.110223024625E-16));
#3687 = DIRECTION('',(4.555315873025E-16,-1.110223024625E-16,-1.));
#3688 = ADVANCED_FACE('',(#3689),#3700,.T.);
#3689 = FACE_BOUND('',#3690,.T.);
#3690 = EDGE_LOOP('',(#3691,#3692,#3693,#3694));
#3691 = ORIENTED_EDGE('',*,*,#623,.T.);
#3692 = ORIENTED_EDGE('',*,*,#3678,.T.);
#3693 = ORIENTED_EDGE('',*,*,#1894,.F.);
#3694 = ORIENTED_EDGE('',*,*,#3695,.F.);
#3695 = EDGE_CURVE('',#624,#1886,#3696,.T.);
#3696 = LINE('',#3697,#3698);
#3697 = CARTESIAN_POINT('',(43.58,69.700978539353,2.212747737362));
#3698 = VECTOR('',#3699,1.);
#3699 = DIRECTION('',(1.,-4.440892098501E-16,4.588574295125E-16));
#3700 = PLANE('',#3701);
#3701 = AXIS2_PLACEMENT_3D('',#3702,#3703,#3704);
#3702 = CARTESIAN_POINT('',(43.58,69.700978539353,2.212747737362));
#3703 = DIRECTION('',(1.724573219048E-16,-0.5,-0.866025403784));
#3704 = DIRECTION('',(6.123583309283E-16,0.866025403784,-0.5));
#3705 = ADVANCED_FACE('',(#3706),#3717,.T.);
#3706 = FACE_BOUND('',#3707,.T.);
#3707 = EDGE_LOOP('',(#3708,#3709,#3715,#3716));
#3708 = ORIENTED_EDGE('',*,*,#1885,.T.);
#3709 = ORIENTED_EDGE('',*,*,#3710,.F.);
#3710 = EDGE_CURVE('',#633,#1877,#3711,.T.);
#3711 = LINE('',#3712,#3713);
#3712 = CARTESIAN_POINT('',(43.58,69.700978539353,2.885107091102));
#3713 = VECTOR('',#3714,1.);
#3714 = DIRECTION('',(1.,-4.440892098501E-16,4.547373680955E-16));
#3715 = ORIENTED_EDGE('',*,*,#632,.T.);
#3716 = ORIENTED_EDGE('',*,*,#3695,.T.);
#3717 = PLANE('',#3718);
#3718 = AXIS2_PLACEMENT_3D('',#3719,#3720,#3721);
#3719 = CARTESIAN_POINT('',(43.58,69.700978539353,4.874773736205E-02));
#3720 = DIRECTION('',(-4.440892098501E-16,-1.,1.110223024625E-16));
#3721 = DIRECTION('',(1.,-4.440892098501E-16,4.555315873025E-16));
#3722 = ADVANCED_FACE('',(#3723),#3734,.T.);
#3723 = FACE_BOUND('',#3724,.T.);
#3724 = EDGE_LOOP('',(#3725,#3726,#3727,#3728));
#3725 = ORIENTED_EDGE('',*,*,#641,.T.);
#3726 = ORIENTED_EDGE('',*,*,#3710,.T.);
#3727 = ORIENTED_EDGE('',*,*,#1876,.F.);
#3728 = ORIENTED_EDGE('',*,*,#3729,.F.);
#3729 = EDGE_CURVE('',#642,#1868,#3730,.T.);
#3730 = LINE('',#3731,#3732);
#3731 = CARTESIAN_POINT('',(43.58,70.900978539353,3.577927414332));
#3732 = VECTOR('',#3733,1.);
#3733 = DIRECTION('',(1.,-4.440892098501E-16,4.590321079915E-16));
#3734 = PLANE('',#3735);
#3735 = AXIS2_PLACEMENT_3D('',#3736,#3737,#3738);
#3736 = CARTESIAN_POINT('',(43.58,70.900978539353,3.577927414332));
#3737 = DIRECTION('',(-6.165465317551E-16,-0.5,0.866025403784));
#3738 = DIRECTION('',(-1.568267436254E-16,-0.866025403784,-0.5));
#3739 = ADVANCED_FACE('',(#3740),#3751,.T.);
#3740 = FACE_BOUND('',#3741,.T.);
#3741 = EDGE_LOOP('',(#3742,#3743,#3744,#3745));
#3742 = ORIENTED_EDGE('',*,*,#650,.T.);
#3743 = ORIENTED_EDGE('',*,*,#3729,.T.);
#3744 = ORIENTED_EDGE('',*,*,#1867,.T.);
#3745 = ORIENTED_EDGE('',*,*,#3746,.F.);
#3746 = EDGE_CURVE('',#651,#1859,#3747,.T.);
#3747 = LINE('',#3748,#3749);
#3748 = CARTESIAN_POINT('',(43.58,70.900978539353,4.019927414332));
#3749 = VECTOR('',#3750,1.);
#3750 = DIRECTION('',(1.,-4.440892098501E-16,4.591068370435E-16));
#3751 = PLANE('',#3752);
#3752 = AXIS2_PLACEMENT_3D('',#3753,#3754,#3755);
#3753 = CARTESIAN_POINT('',(43.58,70.900978539353,-0.980072585668));
#3754 = DIRECTION('',(-4.440892098501E-16,-1.,1.110223024625E-16));
#3755 = DIRECTION('',(4.555315873025E-16,-1.110223024625E-16,-1.));
#3756 = ADVANCED_FACE('',(#3757),#3768,.T.);
#3757 = FACE_BOUND('',#3758,.T.);
#3758 = EDGE_LOOP('',(#3759,#3760,#3761,#3762));
#3759 = ORIENTED_EDGE('',*,*,#659,.T.);
#3760 = ORIENTED_EDGE('',*,*,#3746,.T.);
#3761 = ORIENTED_EDGE('',*,*,#1858,.F.);
#3762 = ORIENTED_EDGE('',*,*,#3763,.F.);
#3763 = EDGE_CURVE('',#660,#1850,#3764,.T.);
#3764 = LINE('',#3765,#3766);
#3765 = CARTESIAN_POINT('',(43.58,69.700978539353,4.712747737362));
#3766 = VECTOR('',#3767,1.);
#3767 = DIRECTION('',(1.,-4.440892098501E-16,4.508303574125E-16));
#3768 = PLANE('',#3769);
#3769 = AXIS2_PLACEMENT_3D('',#3770,#3771,#3772);
#3770 = CARTESIAN_POINT('',(43.58,69.700978539353,4.712747737362));
#3771 = DIRECTION('',(1.724573219048E-16,-0.5,-0.866025403784));
#3772 = DIRECTION('',(6.123583309283E-16,0.866025403784,-0.5));
#3773 = ADVANCED_FACE('',(#3774),#3785,.T.);
#3774 = FACE_BOUND('',#3775,.T.);
#3775 = EDGE_LOOP('',(#3776,#3777,#3783,#3784));
#3776 = ORIENTED_EDGE('',*,*,#1849,.T.);
#3777 = ORIENTED_EDGE('',*,*,#3778,.F.);
#3778 = EDGE_CURVE('',#669,#1841,#3779,.T.);
#3779 = LINE('',#3780,#3781);
#3780 = CARTESIAN_POINT('',(43.58,69.700978539353,5.385107091102));
#3781 = VECTOR('',#3782,1.);
#3782 = DIRECTION('',(1.,-4.440892098501E-16,4.593944980455E-16));
#3783 = ORIENTED_EDGE('',*,*,#668,.T.);
#3784 = ORIENTED_EDGE('',*,*,#3763,.T.);
#3785 = PLANE('',#3786);
#3786 = AXIS2_PLACEMENT_3D('',#3787,#3788,#3789);
#3787 = CARTESIAN_POINT('',(43.58,69.700978539353,4.874773736205E-02));
#3788 = DIRECTION('',(-4.440892098501E-16,-1.,1.110223024625E-16));
#3789 = DIRECTION('',(1.,-4.440892098501E-16,4.555315873025E-16));
#3790 = ADVANCED_FACE('',(#3791),#3802,.T.);
#3791 = FACE_BOUND('',#3792,.T.);
#3792 = EDGE_LOOP('',(#3793,#3794,#3795,#3796));
#3793 = ORIENTED_EDGE('',*,*,#677,.T.);
#3794 = ORIENTED_EDGE('',*,*,#3778,.T.);
#3795 = ORIENTED_EDGE('',*,*,#1840,.F.);
#3796 = ORIENTED_EDGE('',*,*,#3797,.F.);
#3797 = EDGE_CURVE('',#678,#1832,#3798,.T.);
#3798 = LINE('',#3799,#3800);
#3799 = CARTESIAN_POINT('',(43.58,70.900978539353,6.077927414332));
#3800 = VECTOR('',#3801,1.);
#3801 = DIRECTION('',(1.,-4.440892098501E-16,4.511399651405E-16));
#3802 = PLANE('',#3803);
#3803 = AXIS2_PLACEMENT_3D('',#3804,#3805,#3806);
#3804 = CARTESIAN_POINT('',(43.58,70.900978539353,6.077927414332));
#3805 = DIRECTION('',(-6.165465317551E-16,-0.5,0.866025403784));
#3806 = DIRECTION('',(-1.568267436254E-16,-0.866025403784,-0.5));
#3807 = ADVANCED_FACE('',(#3808),#3819,.T.);
#3808 = FACE_BOUND('',#3809,.T.);
#3809 = EDGE_LOOP('',(#3810,#3811,#3812,#3813));
#3810 = ORIENTED_EDGE('',*,*,#686,.T.);
#3811 = ORIENTED_EDGE('',*,*,#3797,.T.);
#3812 = ORIENTED_EDGE('',*,*,#1831,.T.);
#3813 = ORIENTED_EDGE('',*,*,#3814,.F.);
#3814 = EDGE_CURVE('',#687,#1823,#3815,.T.);
#3815 = LINE('',#3816,#3817);
#3816 = CARTESIAN_POINT('',(43.58,70.900978539353,6.519927414332));
#3817 = VECTOR('',#3818,1.);
#3818 = DIRECTION('',(1.,-4.440892098501E-16,4.512577855035E-16));
#3819 = PLANE('',#3820);
#3820 = AXIS2_PLACEMENT_3D('',#3821,#3822,#3823);
#3821 = CARTESIAN_POINT('',(43.58,70.900978539353,-0.980072585668));
#3822 = DIRECTION('',(-4.440892098501E-16,-1.,1.110223024625E-16));
#3823 = DIRECTION('',(4.555315873025E-16,-1.110223024625E-16,-1.));
#3824 = ADVANCED_FACE('',(#3825),#3836,.T.);
#3825 = FACE_BOUND('',#3826,.T.);
#3826 = EDGE_LOOP('',(#3827,#3828,#3829,#3830));
#3827 = ORIENTED_EDGE('',*,*,#695,.T.);
#3828 = ORIENTED_EDGE('',*,*,#3814,.T.);
#3829 = ORIENTED_EDGE('',*,*,#1822,.F.);
#3830 = ORIENTED_EDGE('',*,*,#3831,.F.);
#3831 = EDGE_CURVE('',#696,#1814,#3832,.T.);
#3832 = LINE('',#3833,#3834);
#3833 = CARTESIAN_POINT('',(43.58,69.700978539353,7.212747737362));
#3834 = VECTOR('',#3835,1.);
#3835 = DIRECTION('',(1.,-4.440892098501E-16,4.514600504285E-16));
#3836 = PLANE('',#3837);
#3837 = AXIS2_PLACEMENT_3D('',#3838,#3839,#3840);
#3838 = CARTESIAN_POINT('',(43.58,69.700978539353,7.212747737362));
#3839 = DIRECTION('',(1.724573219048E-16,-0.5,-0.866025403784));
#3840 = DIRECTION('',(6.123583309283E-16,0.866025403784,-0.5));
#3841 = ADVANCED_FACE('',(#3842),#3853,.T.);
#3842 = FACE_BOUND('',#3843,.T.);
#3843 = EDGE_LOOP('',(#3844,#3845,#3851,#3852));
#3844 = ORIENTED_EDGE('',*,*,#1813,.T.);
#3845 = ORIENTED_EDGE('',*,*,#3846,.F.);
#3846 = EDGE_CURVE('',#705,#1805,#3847,.T.);
#3847 = LINE('',#3848,#3849);
#3848 = CARTESIAN_POINT('',(43.58,69.700978539353,7.885107091102));
#3849 = VECTOR('',#3850,1.);
#3850 = DIRECTION('',(1.,-4.440892098501E-16,4.601493051225E-16));
#3851 = ORIENTED_EDGE('',*,*,#704,.T.);
#3852 = ORIENTED_EDGE('',*,*,#3831,.T.);
#3853 = PLANE('',#3854);
#3854 = AXIS2_PLACEMENT_3D('',#3855,#3856,#3857);
#3855 = CARTESIAN_POINT('',(43.58,69.700978539353,4.874773736205E-02));
#3856 = DIRECTION('',(-4.440892098501E-16,-1.,1.110223024625E-16));
#3857 = DIRECTION('',(1.,-4.440892098501E-16,4.555315873025E-16));
#3858 = ADVANCED_FACE('',(#3859),#3870,.T.);
#3859 = FACE_BOUND('',#3860,.T.);
#3860 = EDGE_LOOP('',(#3861,#3862,#3863,#3864));
#3861 = ORIENTED_EDGE('',*,*,#713,.T.);
#3862 = ORIENTED_EDGE('',*,*,#3846,.T.);
#3863 = ORIENTED_EDGE('',*,*,#1804,.F.);
#3864 = ORIENTED_EDGE('',*,*,#3865,.F.);
#3865 = EDGE_CURVE('',#714,#1796,#3866,.T.);
#3866 = LINE('',#3867,#3868);
#3867 = CARTESIAN_POINT('',(43.58,70.900978539353,8.577927414332));
#3868 = VECTOR('',#3869,1.);
#3869 = DIRECTION('',(1.,-4.440892098501E-16,4.689020274515E-16));
#3870 = PLANE('',#3871);
#3871 = AXIS2_PLACEMENT_3D('',#3872,#3873,#3874);
#3872 = CARTESIAN_POINT('',(43.58,70.900978539353,8.577927414332));
#3873 = DIRECTION('',(-6.165465317551E-16,-0.5,0.866025403784));
#3874 = DIRECTION('',(-1.568267436254E-16,-0.866025403784,-0.5));
#3875 = ADVANCED_FACE('',(#3876),#3921,.T.);
#3876 = FACE_BOUND('',#3877,.T.);
#3877 = EDGE_LOOP('',(#3878,#3889,#3897,#3906,#3912,#3913,#3914,#3915));
#3878 = ORIENTED_EDGE('',*,*,#3879,.F.);
#3879 = EDGE_CURVE('',#3880,#3882,#3884,.T.);
#3880 = VERTEX_POINT('',#3881);
#3881 = CARTESIAN_POINT('',(74.3800000007,70.900978539353,8.948747737532
    ));
#3882 = VERTEX_POINT('',#3883);
#3883 = CARTESIAN_POINT('',(75.3091531153,70.900978539353,9.019927414332
    ));
#3884 = CIRCLE('',#3885,6.09999993193);
#3885 = AXIS2_PLACEMENT_3D('',#3886,#3887,#3888);
#3886 = CARTESIAN_POINT('',(74.3800000058,70.900978539353,
    15.048747669462));
#3887 = DIRECTION('',(-4.440892098501E-16,-1.,1.110223024625E-16));
#3888 = DIRECTION('',(3.330669073875E-16,-1.110223024625E-16,-1.));
#3889 = ORIENTED_EDGE('',*,*,#3890,.T.);
#3890 = EDGE_CURVE('',#3880,#3891,#3893,.T.);
#3891 = VERTEX_POINT('',#3892);
#3892 = CARTESIAN_POINT('',(9.08,70.900978539353,8.948747737532));
#3893 = LINE('',#3894,#3895);
#3894 = CARTESIAN_POINT('',(41.73000000037,70.900978539353,
    8.948747737532));
#3895 = VECTOR('',#3896,1.);
#3896 = DIRECTION('',(-1.,4.440892098501E-16,-4.418789649295E-16));
#3897 = ORIENTED_EDGE('',*,*,#3898,.F.);
#3898 = EDGE_CURVE('',#3899,#3891,#3901,.T.);
#3899 = VERTEX_POINT('',#3900);
#3900 = CARTESIAN_POINT('',(8.1508468836,70.900978539353,9.019927414332)
  );
#3901 = CIRCLE('',#3902,6.09999993193);
#3902 = AXIS2_PLACEMENT_3D('',#3903,#3904,#3905);
#3903 = CARTESIAN_POINT('',(9.0799999931,70.900978539353,15.048747669462
    ));
#3904 = DIRECTION('',(-4.440892098501E-16,-1.,1.110223024625E-16));
#3905 = DIRECTION('',(3.330669073875E-16,-1.110223024625E-16,-1.));
#3906 = ORIENTED_EDGE('',*,*,#3907,.F.);
#3907 = EDGE_CURVE('',#723,#3899,#3908,.T.);
#3908 = LINE('',#3909,#3910);
#3909 = CARTESIAN_POINT('',(-0.2521852507,70.900978539353,9.019927414332
    ));
#3910 = VECTOR('',#3911,1.);
#3911 = DIRECTION('',(1.,-4.440892098501E-16,5.444616528805E-16));
#3912 = ORIENTED_EDGE('',*,*,#722,.T.);
#3913 = ORIENTED_EDGE('',*,*,#3865,.T.);
#3914 = ORIENTED_EDGE('',*,*,#1795,.T.);
#3915 = ORIENTED_EDGE('',*,*,#3916,.F.);
#3916 = EDGE_CURVE('',#3882,#1787,#3917,.T.);
#3917 = LINE('',#3918,#3919);
#3918 = CARTESIAN_POINT('',(85.5621852501,70.900978539353,9.019927414332
    ));
#3919 = VECTOR('',#3920,1.);
#3920 = DIRECTION('',(1.,-4.440892098501E-16,5.063187626475E-16));
#3921 = PLANE('',#3922);
#3922 = AXIS2_PLACEMENT_3D('',#3923,#3924,#3925);
#3923 = CARTESIAN_POINT('',(43.58,70.900978539353,-0.980072585668));
#3924 = DIRECTION('',(-4.440892098501E-16,-1.,1.110223024625E-16));
#3925 = DIRECTION('',(4.555315873025E-16,-1.110223024625E-16,-1.));
#3926 = ADVANCED_FACE('',(#3927),#3951,.T.);
#3927 = FACE_BOUND('',#3928,.T.);
#3928 = EDGE_LOOP('',(#3929,#3943,#3949,#3950));
#3929 = ORIENTED_EDGE('',*,*,#3930,.T.);
#3930 = EDGE_CURVE('',#3899,#3931,#3933,.T.);
#3931 = VERTEX_POINT('',#3932);
#3932 = CARTESIAN_POINT('',(6.1241407338,69.700978539353,9.712747737362)
  );
#3933 = B_SPLINE_CURVE_WITH_KNOTS('',5,(#3934,#3935,#3936,#3937,#3938,
    #3939,#3940,#3941,#3942),.UNSPECIFIED.,.F.,.F.,(6,3,6),(0.,
    3.42003897897,3.52247450734),.UNSPECIFIED.);
#3934 = CARTESIAN_POINT('',(8.1508468836,70.900978538753,9.019927414662)
  );
#3935 = CARTESIAN_POINT('',(7.690121729,70.777992022953,9.090933712702)
  );
#3936 = CARTESIAN_POINT('',(7.2553223622,70.582514325353,9.203792814022)
  );
#3937 = CARTESIAN_POINT('',(6.8577682267,70.335885692253,9.346183921752)
  );
#3938 = CARTESIAN_POINT('',(6.4888316249,70.045709890453,9.513716999022)
  );
#3939 = CARTESIAN_POINT('',(6.1532502003,69.728762657053,9.696706569522)
  );
#3940 = CARTESIAN_POINT('',(6.1435191647,69.719523145353,9.702041004112)
  );
#3941 = CARTESIAN_POINT('',(6.1338161299,69.710261730953,9.707388084172)
  );
#3942 = CARTESIAN_POINT('',(6.1241407338,69.700978539353,9.712747737362)
  );
#3943 = ORIENTED_EDGE('',*,*,#3944,.F.);
#3944 = EDGE_CURVE('',#732,#3931,#3945,.T.);
#3945 = LINE('',#3946,#3947);
#3946 = CARTESIAN_POINT('',(-1.2036732613,69.700978539353,9.712747737362
    ));
#3947 = VECTOR('',#3948,1.);
#3948 = DIRECTION('',(1.,-4.440892098501E-16,4.542733709105E-16));
#3949 = ORIENTED_EDGE('',*,*,#731,.T.);
#3950 = ORIENTED_EDGE('',*,*,#3907,.T.);
#3951 = PLANE('',#3952);
#3952 = AXIS2_PLACEMENT_3D('',#3953,#3954,#3955);
#3953 = CARTESIAN_POINT('',(43.58,69.700978539353,9.712747737362));
#3954 = DIRECTION('',(1.724573219048E-16,-0.5,-0.866025403784));
#3955 = DIRECTION('',(6.123583309283E-16,0.866025403784,-0.5));
#3956 = ADVANCED_FACE('',(#3957),#3976,.T.);
#3957 = FACE_BOUND('',#3958,.T.);
#3958 = EDGE_LOOP('',(#3959,#3968,#3974,#3975));
#3959 = ORIENTED_EDGE('',*,*,#3960,.F.);
#3960 = EDGE_CURVE('',#3961,#3931,#3963,.T.);
#3961 = VERTEX_POINT('',#3962);
#3962 = CARTESIAN_POINT('',(5.148021372,69.700978539353,10.385107091062)
  );
#3963 = CIRCLE('',#3964,6.10000008532);
#3964 = AXIS2_PLACEMENT_3D('',#3965,#3966,#3967);
#3965 = CARTESIAN_POINT('',(9.0800000431,69.700978539353,15.048747811662
    ));
#3966 = DIRECTION('',(-4.440892098501E-16,-1.,1.110223024625E-16));
#3967 = DIRECTION('',(3.330669073875E-16,-1.110223024625E-16,-1.));
#3968 = ORIENTED_EDGE('',*,*,#3969,.F.);
#3969 = EDGE_CURVE('',#741,#3961,#3970,.T.);
#3970 = LINE('',#3971,#3972);
#3971 = CARTESIAN_POINT('',(-1.6271400937,69.700978539353,
    10.385107091062));
#3972 = VECTOR('',#3973,1.);
#3973 = DIRECTION('',(1.,-4.440892098501E-16,4.641602288095E-16));
#3974 = ORIENTED_EDGE('',*,*,#740,.T.);
#3975 = ORIENTED_EDGE('',*,*,#3944,.T.);
#3976 = PLANE('',#3977);
#3977 = AXIS2_PLACEMENT_3D('',#3978,#3979,#3980);
#3978 = CARTESIAN_POINT('',(43.58,69.700978539353,4.874773736205E-02));
#3979 = DIRECTION('',(-4.440892098501E-16,-1.,1.110223024625E-16));
#3980 = DIRECTION('',(1.,-4.440892098501E-16,4.555315873025E-16));
#3981 = ADVANCED_FACE('',(#3982),#4003,.T.);
#3982 = FACE_BOUND('',#3983,.T.);
#3983 = EDGE_LOOP('',(#3984,#3995,#4001,#4002));
#3984 = ORIENTED_EDGE('',*,*,#3985,.T.);
#3985 = EDGE_CURVE('',#3961,#3986,#3988,.T.);
#3986 = VERTEX_POINT('',#3987);
#3987 = CARTESIAN_POINT('',(4.4493860061,70.900978539353,11.077927414362
    ));
#3988 = B_SPLINE_CURVE_WITH_KNOTS('',5,(#3989,#3990,#3991,#3992,#3993,
    #3994),.UNSPECIFIED.,.F.,.F.,(6,6),(0.,2.19574759201),
  .PIECEWISE_BEZIER_KNOTS.);
#3989 = CARTESIAN_POINT('',(5.148021372,69.700978539953,10.385107091662)
  );
#3990 = CARTESIAN_POINT('',(4.989682202,69.932203685353,10.518604991662)
  );
#3991 = CARTESIAN_POINT('',(4.8413210241,70.168527750653,10.655046754262
    ));
#3992 = CARTESIAN_POINT('',(4.7019879978,70.409760286153,10.794322423662
    ));
#3993 = CARTESIAN_POINT('',(4.5717096622,70.653903186853,10.935278393062
    ));
#3994 = CARTESIAN_POINT('',(4.4493860061,70.900978539353,11.077927414362
    ));
#3995 = ORIENTED_EDGE('',*,*,#3996,.F.);
#3996 = EDGE_CURVE('',#750,#3986,#3997,.T.);
#3997 = LINE('',#3998,#3999);
#3998 = CARTESIAN_POINT('',(-1.9051700161,70.900978539353,
    11.077927414362));
#3999 = VECTOR('',#4000,1.);
#4000 = DIRECTION('',(1.,-4.440892098501E-16,4.728372417105E-16));
#4001 = ORIENTED_EDGE('',*,*,#749,.T.);
#4002 = ORIENTED_EDGE('',*,*,#3969,.T.);
#4003 = PLANE('',#4004);
#4004 = AXIS2_PLACEMENT_3D('',#4005,#4006,#4007);
#4005 = CARTESIAN_POINT('',(43.58,70.900978539353,11.077927414362));
#4006 = DIRECTION('',(-6.165465317551E-16,-0.5,0.866025403784));
#4007 = DIRECTION('',(-1.568267436254E-16,-0.866025403784,-0.5));
#4008 = ADVANCED_FACE('',(#4009),#4028,.T.);
#4009 = FACE_BOUND('',#4010,.T.);
#4010 = EDGE_LOOP('',(#4011,#4020,#4026,#4027));
#4011 = ORIENTED_EDGE('',*,*,#4012,.F.);
#4012 = EDGE_CURVE('',#4013,#3986,#4015,.T.);
#4013 = VERTEX_POINT('',#4014);
#4014 = CARTESIAN_POINT('',(4.1043164152,70.900978539353,11.519927414362
    ));
#4015 = CIRCLE('',#4016,6.09999955022);
#4016 = AXIS2_PLACEMENT_3D('',#4017,#4018,#4019);
#4017 = CARTESIAN_POINT('',(9.0799996383,70.900978539353,15.048747468662
    ));
#4018 = DIRECTION('',(-4.440892098501E-16,-1.,1.110223024625E-16));
#4019 = DIRECTION('',(3.330669073875E-16,-1.110223024625E-16,-1.));
#4020 = ORIENTED_EDGE('',*,*,#4021,.F.);
#4021 = EDGE_CURVE('',#759,#4013,#4022,.T.);
#4022 = LINE('',#4023,#4024);
#4023 = CARTESIAN_POINT('',(-2.029699267,70.900978539353,11.519927414362
    ));
#4024 = VECTOR('',#4025,1.);
#4025 = DIRECTION('',(1.,-4.440892098501E-16,4.778624973765E-16));
#4026 = ORIENTED_EDGE('',*,*,#758,.T.);
#4027 = ORIENTED_EDGE('',*,*,#3996,.T.);
#4028 = PLANE('',#4029);
#4029 = AXIS2_PLACEMENT_3D('',#4030,#4031,#4032);
#4030 = CARTESIAN_POINT('',(43.58,70.900978539353,-0.980072585668));
#4031 = DIRECTION('',(-4.440892098501E-16,-1.,1.110223024625E-16));
#4032 = DIRECTION('',(4.555315873025E-16,-1.110223024625E-16,-1.));
#4033 = ADVANCED_FACE('',(#4034),#4055,.T.);
#4034 = FACE_BOUND('',#4035,.T.);
#4035 = EDGE_LOOP('',(#4036,#4047,#4053,#4054));
#4036 = ORIENTED_EDGE('',*,*,#4037,.T.);
#4037 = EDGE_CURVE('',#4013,#4038,#4040,.T.);
#4038 = VERTEX_POINT('',#4039);
#4039 = CARTESIAN_POINT('',(3.6793422624,69.700978539353,12.212747737362
    ));
#4040 = B_SPLINE_CURVE_WITH_KNOTS('',5,(#4041,#4042,#4043,#4044,#4045,
    #4046),.UNSPECIFIED.,.F.,.F.,(6,6),(0.,2.05013682682),
  .PIECEWISE_BEZIER_KNOTS.);
#4041 = CARTESIAN_POINT('',(4.1043164152,70.900978538753,11.519927414662
    ));
#4042 = CARTESIAN_POINT('',(4.00743482,70.664372885653,11.656531752162)
  );
#4043 = CARTESIAN_POINT('',(3.9167745939,70.425843991453,11.794246473462
    ));
#4044 = CARTESIAN_POINT('',(3.8319787244,70.185394042653,11.933070316162
    ));
#4045 = CARTESIAN_POINT('',(3.7529575411,69.943789908053,12.072560528262
    ));
#4046 = CARTESIAN_POINT('',(3.6793422624,69.700978539353,12.212747737362
    ));
#4047 = ORIENTED_EDGE('',*,*,#4048,.F.);
#4048 = EDGE_CURVE('',#768,#4038,#4049,.T.);
#4049 = LINE('',#4050,#4051);
#4050 = CARTESIAN_POINT('',(-2.1629494411,69.700978539353,
    12.212747737362));
#4051 = VECTOR('',#4052,1.);
#4052 = DIRECTION('',(1.,-4.440892098501E-16,4.850925960695E-16));
#4053 = ORIENTED_EDGE('',*,*,#767,.T.);
#4054 = ORIENTED_EDGE('',*,*,#4021,.T.);
#4055 = PLANE('',#4056);
#4056 = AXIS2_PLACEMENT_3D('',#4057,#4058,#4059);
#4057 = CARTESIAN_POINT('',(43.58,69.700978539353,12.212747737362));
#4058 = DIRECTION('',(1.724573219048E-16,-0.5,-0.866025403784));
#4059 = DIRECTION('',(6.123583309283E-16,0.866025403784,-0.5));
#4060 = ADVANCED_FACE('',(#4061),#4080,.T.);
#4061 = FACE_BOUND('',#4062,.T.);
#4062 = EDGE_LOOP('',(#4063,#4072,#4078,#4079));
#4063 = ORIENTED_EDGE('',*,*,#4064,.F.);
#4064 = EDGE_CURVE('',#4065,#4038,#4067,.T.);
#4065 = VERTEX_POINT('',#4066);
#4066 = CARTESIAN_POINT('',(3.3766098543,69.700978539353,12.885107091062
    ));
#4067 = CIRCLE('',#4068,6.09999964346);
#4068 = AXIS2_PLACEMENT_3D('',#4069,#4070,#4071);
#4069 = CARTESIAN_POINT('',(9.079999673,69.700978539353,15.048747594262)
  );
#4070 = DIRECTION('',(-4.440892098501E-16,-1.,1.110223024625E-16));
#4071 = DIRECTION('',(3.330669073875E-16,-1.110223024625E-16,-1.));
#4072 = ORIENTED_EDGE('',*,*,#4073,.F.);
#4073 = EDGE_CURVE('',#777,#4065,#4074,.T.);
#4074 = LINE('',#4075,#4076);
#4075 = CARTESIAN_POINT('',(-2.2327232445,69.700978539353,
    12.885107091062));
#4076 = VECTOR('',#4077,1.);
#4077 = DIRECTION('',(1.,-4.440892098501E-16,4.914063042545E-16));
#4078 = ORIENTED_EDGE('',*,*,#776,.T.);
#4079 = ORIENTED_EDGE('',*,*,#4048,.T.);
#4080 = PLANE('',#4081);
#4081 = AXIS2_PLACEMENT_3D('',#4082,#4083,#4084);
#4082 = CARTESIAN_POINT('',(43.58,69.700978539353,4.874773736205E-02));
#4083 = DIRECTION('',(-4.440892098501E-16,-1.,1.110223024625E-16));
#4084 = DIRECTION('',(1.,-4.440892098501E-16,4.555315873025E-16));
#4085 = ADVANCED_FACE('',(#4086),#4107,.T.);
#4086 = FACE_BOUND('',#4087,.T.);
#4087 = EDGE_LOOP('',(#4088,#4099,#4105,#4106));
#4088 = ORIENTED_EDGE('',*,*,#4089,.T.);
#4089 = EDGE_CURVE('',#4065,#4090,#4092,.T.);
#4090 = VERTEX_POINT('',#4091);
#4091 = CARTESIAN_POINT('',(3.1599757112,70.900978539353,13.577927414362
    ));
#4092 = B_SPLINE_CURVE_WITH_KNOTS('',5,(#4093,#4094,#4095,#4096,#4097,
    #4098),.UNSPECIFIED.,.F.,.F.,(6,6),(0.,1.98364907823),
  .PIECEWISE_BEZIER_KNOTS.);
#4093 = CARTESIAN_POINT('',(3.3766098543,69.700978539953,12.885107091662
    ));
#4094 = CARTESIAN_POINT('',(3.3243365742,69.939643317453,13.022900265162
    ));
#4095 = CARTESIAN_POINT('',(3.2766439635,70.179067651853,13.161131969062
    ));
#4096 = CARTESIAN_POINT('',(3.2334002732,70.419293257953,13.299826287462
    ));
#4097 = CARTESIAN_POINT('',(3.1945548266,70.659911201353,13.438747121862
    ));
#4098 = CARTESIAN_POINT('',(3.1599757112,70.900978539353,13.577927414362
    ));
#4099 = ORIENTED_EDGE('',*,*,#4100,.F.);
#4100 = EDGE_CURVE('',#786,#4090,#4101,.T.);
#4101 = LINE('',#4102,#4103);
#4102 = CARTESIAN_POINT('',(-2.2520792802,70.900978539353,
    13.577927414362));
#4103 = VECTOR('',#4104,1.);
#4104 = DIRECTION('',(1.,-4.440892098501E-16,4.971780298945E-16));
#4105 = ORIENTED_EDGE('',*,*,#785,.T.);
#4106 = ORIENTED_EDGE('',*,*,#4073,.T.);
#4107 = PLANE('',#4108);
#4108 = AXIS2_PLACEMENT_3D('',#4109,#4110,#4111);
#4109 = CARTESIAN_POINT('',(43.58,70.900978539353,13.577927414362));
#4110 = DIRECTION('',(-6.165465317551E-16,-0.5,0.866025403784));
#4111 = DIRECTION('',(-1.568267436254E-16,-0.866025403784,-0.5));
#4112 = ADVANCED_FACE('',(#4113),#4132,.T.);
#4113 = FACE_BOUND('',#4114,.T.);
#4114 = EDGE_LOOP('',(#4115,#4124,#4130,#4131));
#4115 = ORIENTED_EDGE('',*,*,#4116,.F.);
#4116 = EDGE_CURVE('',#4117,#4090,#4119,.T.);
#4117 = VERTEX_POINT('',#4118);
#4118 = CARTESIAN_POINT('',(3.0673858653,70.900978539353,14.019927414362
    ));
#4119 = CIRCLE('',#4120,6.09999962127);
#4120 = AXIS2_PLACEMENT_3D('',#4121,#4122,#4123);
#4121 = CARTESIAN_POINT('',(9.0799996322,70.900978539353,15.048747646262
    ));
#4122 = DIRECTION('',(-4.440892098501E-16,-1.,1.110223024625E-16));
#4123 = DIRECTION('',(3.330669073875E-16,-1.110223024625E-16,-1.));
#4124 = ORIENTED_EDGE('',*,*,#4125,.F.);
#4125 = EDGE_CURVE('',#795,#4117,#4126,.T.);
#4126 = LINE('',#4127,#4128);
#4127 = CARTESIAN_POINT('',(-2.2390051764,70.900978539353,
    14.019927414362));
#4128 = VECTOR('',#4129,1.);
#4129 = DIRECTION('',(1.,-4.440892098501E-16,5.004459061675E-16));
#4130 = ORIENTED_EDGE('',*,*,#794,.T.);
#4131 = ORIENTED_EDGE('',*,*,#4100,.T.);
#4132 = PLANE('',#4133);
#4133 = AXIS2_PLACEMENT_3D('',#4134,#4135,#4136);
#4134 = CARTESIAN_POINT('',(43.58,70.900978539353,-0.980072585668));
#4135 = DIRECTION('',(-4.440892098501E-16,-1.,1.110223024625E-16));
#4136 = DIRECTION('',(4.555315873025E-16,-1.110223024625E-16,-1.));
#4137 = ADVANCED_FACE('',(#4138),#4159,.T.);
#4138 = FACE_BOUND('',#4139,.T.);
#4139 = EDGE_LOOP('',(#4140,#4151,#4157,#4158));
#4140 = ORIENTED_EDGE('',*,*,#4141,.T.);
#4141 = EDGE_CURVE('',#4117,#4142,#4144,.T.);
#4142 = VERTEX_POINT('',#4143);
#4143 = CARTESIAN_POINT('',(2.9892608001,69.700978539353,14.712747737362
    ));
#4144 = B_SPLINE_CURVE_WITH_KNOTS('',5,(#4145,#4146,#4147,#4148,#4149,
    #4150),.UNSPECIFIED.,.F.,.F.,(6,6),(0.,1.9629087123),
  .PIECEWISE_BEZIER_KNOTS.);
#4145 = CARTESIAN_POINT('',(3.0673858653,70.900978538753,14.019927414662
    ));
#4146 = CARTESIAN_POINT('',(3.0437244985,70.661468206553,14.158208769462
    ));
#4147 = CARTESIAN_POINT('',(3.0241164075,70.421651575153,14.296666966162
    ));
#4148 = CARTESIAN_POINT('',(3.008518937,70.181478660253,14.435330863262)
  );
#4149 = CARTESIAN_POINT('',(2.9969141474,69.941272451353,14.574013982562
    ));
#4150 = CARTESIAN_POINT('',(2.9892608001,69.700978539353,14.712747737362
    ));
#4151 = ORIENTED_EDGE('',*,*,#4152,.F.);
#4152 = EDGE_CURVE('',#804,#4142,#4153,.T.);
#4153 = LINE('',#4154,#4155);
#4154 = CARTESIAN_POINT('',(-2.1808712837,69.700978539353,
    14.712747737362));
#4155 = VECTOR('',#4156,1.);
#4156 = DIRECTION('',(1.,-4.440892098501E-16,5.048571837865E-16));
#4157 = ORIENTED_EDGE('',*,*,#803,.T.);
#4158 = ORIENTED_EDGE('',*,*,#4125,.T.);
#4159 = PLANE('',#4160);
#4160 = AXIS2_PLACEMENT_3D('',#4161,#4162,#4163);
#4161 = CARTESIAN_POINT('',(43.58,69.700978539353,14.712747737362));
#4162 = DIRECTION('',(1.724573219048E-16,-0.5,-0.866025403784));
#4163 = DIRECTION('',(6.123583309283E-16,0.866025403784,-0.5));
#4164 = ADVANCED_FACE('',(#4165),#4184,.T.);
#4165 = FACE_BOUND('',#4166,.T.);
#4166 = EDGE_LOOP('',(#4167,#4175,#4176,#4177));
#4167 = ORIENTED_EDGE('',*,*,#4168,.F.);
#4168 = EDGE_CURVE('',#813,#4169,#4171,.T.);
#4169 = VERTEX_POINT('',#4170);
#4170 = CARTESIAN_POINT('',(2.9892806354,69.700978539353,15.385107091062
    ));
#4171 = LINE('',#4172,#4173);
#4172 = CARTESIAN_POINT('',(-2.0816566218,69.700978539353,
    15.385107091062));
#4173 = VECTOR('',#4174,1.);
#4174 = DIRECTION('',(1.,-4.440892098501E-16,5.082176486885E-16));
#4175 = ORIENTED_EDGE('',*,*,#812,.T.);
#4176 = ORIENTED_EDGE('',*,*,#4152,.T.);
#4177 = ORIENTED_EDGE('',*,*,#4178,.F.);
#4178 = EDGE_CURVE('',#4169,#4142,#4179,.T.);
#4179 = CIRCLE('',#4180,6.09999954977);
#4180 = AXIS2_PLACEMENT_3D('',#4181,#4182,#4183);
#4181 = CARTESIAN_POINT('',(9.0799995494,69.700978539353,15.048747731762
    ));
#4182 = DIRECTION('',(-4.440892098501E-16,-1.,1.110223024625E-16));
#4183 = DIRECTION('',(3.330669073875E-16,-1.110223024625E-16,-1.));
#4184 = PLANE('',#4185);
#4185 = AXIS2_PLACEMENT_3D('',#4186,#4187,#4188);
#4186 = CARTESIAN_POINT('',(43.58,69.700978539353,4.874773736205E-02));
#4187 = DIRECTION('',(-4.440892098501E-16,-1.,1.110223024625E-16));
#4188 = DIRECTION('',(1.,-4.440892098501E-16,4.555315873025E-16));
#4189 = ADVANCED_FACE('',(#4190),#4211,.T.);
#4190 = FACE_BOUND('',#4191,.T.);
#4191 = EDGE_LOOP('',(#4192,#4203,#4209,#4210));
#4192 = ORIENTED_EDGE('',*,*,#4193,.F.);
#4193 = EDGE_CURVE('',#4194,#4169,#4196,.T.);
#4194 = VERTEX_POINT('',#4195);
#4195 = CARTESIAN_POINT('',(3.0674473643,70.900978539353,16.077927414362
    ));
#4196 = B_SPLINE_CURVE_WITH_KNOTS('',5,(#4197,#4198,#4199,#4200,#4201,
    #4202),.UNSPECIFIED.,.F.,.F.,(6,6),(0.,1.96291203722),
  .PIECEWISE_BEZIER_KNOTS.);
#4197 = CARTESIAN_POINT('',(3.0674473643,70.900978539353,16.077927414362
    ));
#4198 = CARTESIAN_POINT('',(3.0437775126,70.661468427953,15.939646187062
    ));
#4199 = CARTESIAN_POINT('',(3.0241610316,70.421651902353,15.801188051462
    ));
#4200 = CARTESIAN_POINT('',(3.0085552451,70.181478979553,15.662524149762
    ));
#4201 = CARTESIAN_POINT('',(2.9969421995,69.941272662153,15.523840967862
    ));
#4202 = CARTESIAN_POINT('',(2.9892806354,69.700978539953,15.385107091662
    ));
#4203 = ORIENTED_EDGE('',*,*,#4204,.F.);
#4204 = EDGE_CURVE('',#822,#4194,#4205,.T.);
#4205 = LINE('',#4206,#4207);
#4206 = CARTESIAN_POINT('',(-1.9352618419,70.900978539353,
    16.077927414362));
#4207 = VECTOR('',#4208,1.);
#4208 = DIRECTION('',(1.,-4.440892098501E-16,6.881458788375E-16));
#4209 = ORIENTED_EDGE('',*,*,#821,.T.);
#4210 = ORIENTED_EDGE('',*,*,#4168,.T.);
#4211 = PLANE('',#4212);
#4212 = AXIS2_PLACEMENT_3D('',#4213,#4214,#4215);
#4213 = CARTESIAN_POINT('',(43.58,70.900978539353,16.077927414362));
#4214 = DIRECTION('',(-6.165465317551E-16,-0.5,0.866025403784));
#4215 = DIRECTION('',(-1.568267436254E-16,-0.866025403784,-0.5));
#4216 = ADVANCED_FACE('',(#4217),#4236,.T.);
#4217 = FACE_BOUND('',#4218,.T.);
#4218 = EDGE_LOOP('',(#4219,#4228,#4234,#4235));
#4219 = ORIENTED_EDGE('',*,*,#4220,.F.);
#4220 = EDGE_CURVE('',#4221,#4194,#4223,.T.);
#4221 = VERTEX_POINT('',#4222);
#4222 = CARTESIAN_POINT('',(3.1600650045,70.900978539353,16.519927414362
    ));
#4223 = CIRCLE('',#4224,6.09999890945);
#4224 = AXIS2_PLACEMENT_3D('',#4225,#4226,#4227);
#4225 = CARTESIAN_POINT('',(9.079998929,70.900978539353,15.048747947162)
  );
#4226 = DIRECTION('',(-4.440892098501E-16,-1.,1.110223024625E-16));
#4227 = DIRECTION('',(3.330669073875E-16,-1.110223024625E-16,-1.));
#4228 = ORIENTED_EDGE('',*,*,#4229,.F.);
#4229 = EDGE_CURVE('',#831,#4221,#4230,.T.);
#4230 = LINE('',#4231,#4232);
#4231 = CARTESIAN_POINT('',(-1.8177633519,70.900978539353,
    16.519927414362));
#4232 = VECTOR('',#4233,1.);
#4233 = DIRECTION('',(1.,-4.440892098501E-16,6.899206822075E-16));
#4234 = ORIENTED_EDGE('',*,*,#830,.T.);
#4235 = ORIENTED_EDGE('',*,*,#4204,.T.);
#4236 = PLANE('',#4237);
#4237 = AXIS2_PLACEMENT_3D('',#4238,#4239,#4240);
#4238 = CARTESIAN_POINT('',(43.58,70.900978539353,-0.980072585668));
#4239 = DIRECTION('',(-4.440892098501E-16,-1.,1.110223024625E-16));
#4240 = DIRECTION('',(4.555315873025E-16,-1.110223024625E-16,-1.));
#4241 = ADVANCED_FACE('',(#4242),#4263,.T.);
#4242 = FACE_BOUND('',#4243,.T.);
#4243 = EDGE_LOOP('',(#4244,#4255,#4261,#4262));
#4244 = ORIENTED_EDGE('',*,*,#4245,.F.);
#4245 = EDGE_CURVE('',#4246,#4221,#4248,.T.);
#4246 = VERTEX_POINT('',#4247);
#4247 = CARTESIAN_POINT('',(3.3767461925,69.700978539353,17.212747737362
    ));
#4248 = B_SPLINE_CURVE_WITH_KNOTS('',5,(#4249,#4250,#4251,#4252,#4253,
    #4254),.UNSPECIFIED.,.F.,.F.,(6,6),(0.,1.98365938166),
  .PIECEWISE_BEZIER_KNOTS.);
#4249 = CARTESIAN_POINT('',(3.3767461925,69.700978539353,17.212747737362
    ));
#4250 = CARTESIAN_POINT('',(3.3244630546,69.939642978953,17.074954758962
    ));
#4251 = CARTESIAN_POINT('',(3.2767608391,70.179067160753,16.936723143162
    ));
#4252 = CARTESIAN_POINT('',(3.2335077615,70.419292794953,16.798028808462
    ));
#4253 = CARTESIAN_POINT('',(3.194653133,70.659910901753,16.659107879762)
  );
#4254 = CARTESIAN_POINT('',(3.1600650045,70.900978538753,16.519927414662
    ));
#4255 = ORIENTED_EDGE('',*,*,#4256,.F.);
#4256 = EDGE_CURVE('',#840,#4246,#4257,.T.);
#4257 = LINE('',#4258,#4259);
#4258 = CARTESIAN_POINT('',(-1.5935090828,69.700978539353,
    17.212747737362));
#4259 = VECTOR('',#4260,1.);
#4260 = DIRECTION('',(1.,-4.440892098501E-16,6.904644133555E-16));
#4261 = ORIENTED_EDGE('',*,*,#839,.T.);
#4262 = ORIENTED_EDGE('',*,*,#4229,.T.);
#4263 = PLANE('',#4264);
#4264 = AXIS2_PLACEMENT_3D('',#4265,#4266,#4267);
#4265 = CARTESIAN_POINT('',(43.58,69.700978539353,17.212747737362));
#4266 = DIRECTION('',(1.724573219048E-16,-0.5,-0.866025403784));
#4267 = DIRECTION('',(6.123583309283E-16,0.866025403784,-0.5));
#4268 = ADVANCED_FACE('',(#4269),#4288,.T.);
#4269 = FACE_BOUND('',#4270,.T.);
#4270 = EDGE_LOOP('',(#4271,#4279,#4280,#4281));
#4271 = ORIENTED_EDGE('',*,*,#4272,.F.);
#4272 = EDGE_CURVE('',#849,#4273,#4275,.T.);
#4273 = VERTEX_POINT('',#4274);
#4274 = CARTESIAN_POINT('',(3.6795309819,69.700978539353,17.885107091062
    ));
#4275 = LINE('',#4276,#4277);
#4276 = CARTESIAN_POINT('',(-1.3245141274,69.700978539353,
    17.885107091062));
#4277 = VECTOR('',#4278,1.);
#4278 = DIRECTION('',(1.,-4.440892098501E-16,3.330669073875E-16));
#4279 = ORIENTED_EDGE('',*,*,#848,.T.);
#4280 = ORIENTED_EDGE('',*,*,#4256,.T.);
#4281 = ORIENTED_EDGE('',*,*,#4282,.F.);
#4282 = EDGE_CURVE('',#4273,#4246,#4283,.T.);
#4283 = CIRCLE('',#4284,6.09999968249);
#4284 = AXIS2_PLACEMENT_3D('',#4285,#4286,#4287);
#4285 = CARTESIAN_POINT('',(9.079999711,69.700978539353,15.048747869862)
  );
#4286 = DIRECTION('',(-4.440892098501E-16,-1.,1.110223024625E-16));
#4287 = DIRECTION('',(3.330669073875E-16,-1.110223024625E-16,-1.));
#4288 = PLANE('',#4289);
#4289 = AXIS2_PLACEMENT_3D('',#4290,#4291,#4292);
#4290 = CARTESIAN_POINT('',(43.58,69.700978539353,4.874773736205E-02));
#4291 = DIRECTION('',(-4.440892098501E-16,-1.,1.110223024625E-16));
#4292 = DIRECTION('',(1.,-4.440892098501E-16,4.555315873025E-16));
#4293 = ADVANCED_FACE('',(#4294),#4315,.T.);
#4294 = FACE_BOUND('',#4295,.T.);
#4295 = EDGE_LOOP('',(#4296,#4307,#4313,#4314));
#4296 = ORIENTED_EDGE('',*,*,#4297,.F.);
#4297 = EDGE_CURVE('',#4298,#4273,#4300,.T.);
#4298 = VERTEX_POINT('',#4299);
#4299 = CARTESIAN_POINT('',(4.104571294,70.900978539353,18.577927414362)
  );
#4300 = B_SPLINE_CURVE_WITH_KNOTS('',5,(#4301,#4302,#4303,#4304,#4305,
    #4306),.UNSPECIFIED.,.F.,.F.,(6,6),(0.,2.05016436107),
  .PIECEWISE_BEZIER_KNOTS.);
#4301 = CARTESIAN_POINT('',(4.104571294,70.900978539353,18.577927414362)
  );
#4302 = CARTESIAN_POINT('',(4.0076752288,70.664373763753,18.441323583462
    ));
#4303 = CARTESIAN_POINT('',(3.9170012224,70.425845239953,18.303609076062
    ));
#4304 = CARTESIAN_POINT('',(3.8321921639,70.185395180253,18.164785169362
    ));
#4305 = CARTESIAN_POINT('',(3.7531583795,69.943790628053,18.025294716062
    ));
#4306 = CARTESIAN_POINT('',(3.6795309819,69.700978539953,17.885107091662
    ));
#4307 = ORIENTED_EDGE('',*,*,#4308,.F.);
#4308 = EDGE_CURVE('',#858,#4298,#4309,.T.);
#4309 = LINE('',#4310,#4311);
#4310 = CARTESIAN_POINT('',(-0.9854684827,70.900978539353,
    18.577927414362));
#4311 = VECTOR('',#4312,1.);
#4312 = DIRECTION('',(1.,-4.440892098501E-16,6.820537360475E-16));
#4313 = ORIENTED_EDGE('',*,*,#857,.T.);
#4314 = ORIENTED_EDGE('',*,*,#4272,.T.);
#4315 = PLANE('',#4316);
#4316 = AXIS2_PLACEMENT_3D('',#4317,#4318,#4319);
#4317 = CARTESIAN_POINT('',(43.58,70.900978539353,18.577927414362));
#4318 = DIRECTION('',(-6.165465317551E-16,-0.5,0.866025403784));
#4319 = DIRECTION('',(-1.568267436254E-16,-0.866025403784,-0.5));
#4320 = ADVANCED_FACE('',(#4321),#4340,.T.);
#4321 = FACE_BOUND('',#4322,.T.);
#4322 = EDGE_LOOP('',(#4323,#4332,#4338,#4339));
#4323 = ORIENTED_EDGE('',*,*,#4324,.F.);
#4324 = EDGE_CURVE('',#4325,#4298,#4327,.T.);
#4325 = VERTEX_POINT('',#4326);
#4326 = CARTESIAN_POINT('',(4.4496941808,70.900978539353,19.019927414362
    ));
#4327 = CIRCLE('',#4328,6.1000006278);
#4328 = AXIS2_PLACEMENT_3D('',#4329,#4330,#4331);
#4329 = CARTESIAN_POINT('',(9.0800004971,70.900978539353,15.048747353362
    ));
#4330 = DIRECTION('',(-4.440892098501E-16,-1.,1.110223024625E-16));
#4331 = DIRECTION('',(3.330669073875E-16,-1.110223024625E-16,-1.));
#4332 = ORIENTED_EDGE('',*,*,#4333,.F.);
#4333 = EDGE_CURVE('',#867,#4325,#4334,.T.);
#4334 = LINE('',#4335,#4336);
#4335 = CARTESIAN_POINT('',(-0.7293155632,70.900978539353,
    19.019927414362));
#4336 = VECTOR('',#4337,1.);
#4337 = DIRECTION('',(1.,-4.440892098501E-16,6.760585075615E-16));
#4338 = ORIENTED_EDGE('',*,*,#866,.T.);
#4339 = ORIENTED_EDGE('',*,*,#4308,.T.);
#4340 = PLANE('',#4341);
#4341 = AXIS2_PLACEMENT_3D('',#4342,#4343,#4344);
#4342 = CARTESIAN_POINT('',(43.58,70.900978539353,-0.980072585668));
#4343 = DIRECTION('',(-4.440892098501E-16,-1.,1.110223024625E-16));
#4344 = DIRECTION('',(4.555315873025E-16,-1.110223024625E-16,-1.));
#4345 = ADVANCED_FACE('',(#4346),#4367,.T.);
#4346 = FACE_BOUND('',#4347,.T.);
#4347 = EDGE_LOOP('',(#4348,#4359,#4365,#4366));
#4348 = ORIENTED_EDGE('',*,*,#4349,.F.);
#4349 = EDGE_CURVE('',#4350,#4325,#4352,.T.);
#4350 = VERTEX_POINT('',#4351);
#4351 = CARTESIAN_POINT('',(5.1484476346,69.700978539353,19.712747737362
    ));
#4352 = B_SPLINE_CURVE_WITH_KNOTS('',5,(#4353,#4354,#4355,#4356,#4357,
    #4358),.UNSPECIFIED.,.F.,.F.,(6,6),(0.,2.19582326324),
  .PIECEWISE_BEZIER_KNOTS.);
#4353 = CARTESIAN_POINT('',(5.1484476346,69.700978539353,19.712747737362
    ));
#4354 = CARTESIAN_POINT('',(4.9900813021,69.932200462553,19.579251697762
    ));
#4355 = CARTESIAN_POINT('',(4.8416949418,70.168523257153,19.442810668662
    ));
#4356 = CARTESIAN_POINT('',(4.7023383626,70.409756321153,19.303534694262
    ));
#4357 = CARTESIAN_POINT('',(4.5720382647,70.653900731153,19.162577853462
    ));
#4358 = CARTESIAN_POINT('',(4.4496941808,70.900978538753,19.019927414662
    ));
#4359 = ORIENTED_EDGE('',*,*,#4360,.F.);
#4360 = EDGE_CURVE('',#876,#4350,#4361,.T.);
#4361 = LINE('',#4362,#4363);
#4362 = CARTESIAN_POINT('',(-0.2443473722,69.700978539353,
    19.712747737362));
#4363 = VECTOR('',#4364,1.);
#4364 = DIRECTION('',(1.,-4.440892098501E-16,6.624613748535E-16));
#4365 = ORIENTED_EDGE('',*,*,#875,.T.);
#4366 = ORIENTED_EDGE('',*,*,#4333,.T.);
#4367 = PLANE('',#4368);
#4368 = AXIS2_PLACEMENT_3D('',#4369,#4370,#4371);
#4369 = CARTESIAN_POINT('',(43.58,69.700978539353,19.712747737362));
#4370 = DIRECTION('',(1.724573219048E-16,-0.5,-0.866025403784));
#4371 = DIRECTION('',(6.123583309283E-16,0.866025403784,-0.5));
#4372 = ADVANCED_FACE('',(#4373),#4392,.T.);
#4373 = FACE_BOUND('',#4374,.T.);
#4374 = EDGE_LOOP('',(#4375,#4376,#4377,#4386));
#4375 = ORIENTED_EDGE('',*,*,#884,.T.);
#4376 = ORIENTED_EDGE('',*,*,#4360,.T.);
#4377 = ORIENTED_EDGE('',*,*,#4378,.F.);
#4378 = EDGE_CURVE('',#4379,#4350,#4381,.T.);
#4379 = VERTEX_POINT('',#4380);
#4380 = CARTESIAN_POINT('',(6.1247895434,69.700978539353,20.385107091062
    ));
#4381 = CIRCLE('',#4382,6.10000002187);
#4382 = AXIS2_PLACEMENT_3D('',#4383,#4384,#4385);
#4383 = CARTESIAN_POINT('',(9.0800000073,69.700978539353,15.048747715962
    ));
#4384 = DIRECTION('',(-4.440892098501E-16,-1.,1.110223024625E-16));
#4385 = DIRECTION('',(3.330669073875E-16,-1.110223024625E-16,-1.));
#4386 = ORIENTED_EDGE('',*,*,#4387,.F.);
#4387 = EDGE_CURVE('',#885,#4379,#4388,.T.);
#4388 = LINE('',#4389,#4390);
#4389 = CARTESIAN_POINT('',(0.3808169299,69.700978539353,20.385107091062
    ));
#4390 = VECTOR('',#4391,1.);
#4391 = DIRECTION('',(1.,-4.440892098501E-16,3.330669073875E-16));
#4392 = PLANE('',#4393);
#4393 = AXIS2_PLACEMENT_3D('',#4394,#4395,#4396);
#4394 = CARTESIAN_POINT('',(43.58,69.700978539353,4.874773736205E-02));
#4395 = DIRECTION('',(-4.440892098501E-16,-1.,1.110223024625E-16));
#4396 = DIRECTION('',(1.,-4.440892098501E-16,4.555315873025E-16));
#4397 = ADVANCED_FACE('',(#4398),#4422,.T.);
#4398 = FACE_BOUND('',#4399,.T.);
#4399 = EDGE_LOOP('',(#4400,#4414,#4420,#4421));
#4400 = ORIENTED_EDGE('',*,*,#4401,.F.);
#4401 = EDGE_CURVE('',#4402,#4379,#4404,.T.);
#4402 = VERTEX_POINT('',#4403);
#4403 = CARTESIAN_POINT('',(8.1531815584,70.900978539353,21.077927414362
    ));
#4404 = B_SPLINE_CURVE_WITH_KNOTS('',5,(#4405,#4406,#4407,#4408,#4409,
    #4410,#4411,#4412,#4413),.UNSPECIFIED.,.F.,.F.,(6,3,6),(0.,
    3.42091224429,3.52457841886),.UNSPECIFIED.);
#4405 = CARTESIAN_POINT('',(8.1531815584,70.900978539353,21.077927414362
    ));
#4406 = CARTESIAN_POINT('',(7.6922380229,70.778250217453,21.007070184662
    ));
#4407 = CARTESIAN_POINT('',(7.2571869311,70.582937745353,20.894306476362
    ));
#4408 = CARTESIAN_POINT('',(6.8593948602,70.336397844953,20.751966598462
    ));
#4409 = CARTESIAN_POINT('',(6.4901221694,70.046157413253,20.584396207062
    ));
#4410 = CARTESIAN_POINT('',(6.1542542616,69.729091880453,20.401338336362
    ));
#4411 = CARTESIAN_POINT('',(6.1444041311,69.719743164353,20.395940852662
    ));
#4412 = CARTESIAN_POINT('',(6.1345826835,69.710372007553,20.390530412762
    ));
#4413 = CARTESIAN_POINT('',(6.1247895434,69.700978539953,20.385107091662
    ));
#4414 = ORIENTED_EDGE('',*,*,#4415,.F.);
#4415 = EDGE_CURVE('',#894,#4402,#4416,.T.);
#4416 = LINE('',#4417,#4418);
#4417 = CARTESIAN_POINT('',(1.5418420545,70.900978539353,21.077927414362
    ));
#4418 = VECTOR('',#4419,1.);
#4419 = DIRECTION('',(1.,-4.440892098501E-16,6.017502564055E-16));
#4420 = ORIENTED_EDGE('',*,*,#893,.T.);
#4421 = ORIENTED_EDGE('',*,*,#4387,.T.);
#4422 = PLANE('',#4423);
#4423 = AXIS2_PLACEMENT_3D('',#4424,#4425,#4426);
#4424 = CARTESIAN_POINT('',(43.58,70.900978539353,21.077927414362));
#4425 = DIRECTION('',(-6.165465317551E-16,-0.5,0.866025403784));
#4426 = DIRECTION('',(-1.568267436254E-16,-0.866025403784,-0.5));
#4427 = ADVANCED_FACE('',(#4428),#4471,.T.);
#4428 = FACE_BOUND('',#4429,.T.);
#4429 = EDGE_LOOP('',(#4430,#4436,#4437,#4438,#4447,#4455,#4464,#4470));
#4430 = ORIENTED_EDGE('',*,*,#4431,.F.);
#4431 = EDGE_CURVE('',#903,#1556,#4432,.T.);
#4432 = LINE('',#4433,#4434);
#4433 = CARTESIAN_POINT('',(42.601976745687,70.900978539353,
    21.519927414362));
#4434 = VECTOR('',#4435,1.);
#4435 = DIRECTION('',(1.,-4.440892098501E-16,4.827240933985E-16));
#4436 = ORIENTED_EDGE('',*,*,#902,.T.);
#4437 = ORIENTED_EDGE('',*,*,#4415,.T.);
#4438 = ORIENTED_EDGE('',*,*,#4439,.F.);
#4439 = EDGE_CURVE('',#4440,#4402,#4442,.T.);
#4440 = VERTEX_POINT('',#4441);
#4441 = CARTESIAN_POINT('',(9.08,70.900978539353,21.148747736762));
#4442 = CIRCLE('',#4443,6.09999979235);
#4443 = AXIS2_PLACEMENT_3D('',#4444,#4445,#4446);
#4444 = CARTESIAN_POINT('',(9.0799999787,70.900978539353,15.048747944462
    ));
#4445 = DIRECTION('',(-4.440892098501E-16,-1.,1.110223024625E-16));
#4446 = DIRECTION('',(3.330669073875E-16,-1.110223024625E-16,-1.));
#4447 = ORIENTED_EDGE('',*,*,#4448,.T.);
#4448 = EDGE_CURVE('',#4440,#4449,#4451,.T.);
#4449 = VERTEX_POINT('',#4450);
#4450 = CARTESIAN_POINT('',(74.3800000007,70.900978539353,
    21.148747736762));
#4451 = LINE('',#4452,#4453);
#4452 = CARTESIAN_POINT('',(41.73000000037,70.900978539353,
    21.148747736762));
#4453 = VECTOR('',#4454,1.);
#4454 = DIRECTION('',(1.,-4.440892098501E-16,4.418789649295E-16));
#4455 = ORIENTED_EDGE('',*,*,#4456,.F.);
#4456 = EDGE_CURVE('',#4457,#4449,#4459,.T.);
#4457 = VERTEX_POINT('',#4458);
#4458 = CARTESIAN_POINT('',(75.3068184405,70.900978539353,
    21.077927414562));
#4459 = CIRCLE('',#4460,6.09999979235);
#4460 = AXIS2_PLACEMENT_3D('',#4461,#4462,#4463);
#4461 = CARTESIAN_POINT('',(74.3800000202,70.900978539353,
    15.048747944462));
#4462 = DIRECTION('',(-4.440892098501E-16,-1.,1.110223024625E-16));
#4463 = DIRECTION('',(3.330669073875E-16,-1.110223024625E-16,-1.));
#4464 = ORIENTED_EDGE('',*,*,#4465,.T.);
#4465 = EDGE_CURVE('',#4457,#1564,#4466,.T.);
#4466 = LINE('',#4467,#4468);
#4467 = CARTESIAN_POINT('',(82.6934092202,70.900978539353,
    21.077927414562));
#4468 = VECTOR('',#4469,1.);
#4469 = DIRECTION('',(1.,-4.440892098501E-16,5.735508995785E-16));
#4470 = ORIENTED_EDGE('',*,*,#1563,.F.);
#4471 = PLANE('',#4472);
#4472 = AXIS2_PLACEMENT_3D('',#4473,#4474,#4475);
#4473 = CARTESIAN_POINT('',(43.58,70.900978539353,-0.980072585668));
#4474 = DIRECTION('',(-4.440892098501E-16,-1.,1.110223024625E-16));
#4475 = DIRECTION('',(4.555315873025E-16,-1.110223024625E-16,-1.));
#4476 = ADVANCED_FACE('',(#4477),#4488,.T.);
#4477 = FACE_BOUND('',#4478,.T.);
#4478 = EDGE_LOOP('',(#4479,#4485,#4486,#4487));
#4479 = ORIENTED_EDGE('',*,*,#4480,.F.);
#4480 = EDGE_CURVE('',#912,#1548,#4481,.T.);
#4481 = LINE('',#4482,#4483);
#4482 = CARTESIAN_POINT('',(42.758455055691,69.700978539353,
    22.212747737362));
#4483 = VECTOR('',#4484,1.);
#4484 = DIRECTION('',(1.,-4.440892098501E-16,4.832189653125E-16));
#4485 = ORIENTED_EDGE('',*,*,#911,.T.);
#4486 = ORIENTED_EDGE('',*,*,#4431,.T.);
#4487 = ORIENTED_EDGE('',*,*,#1555,.F.);
#4488 = PLANE('',#4489);
#4489 = AXIS2_PLACEMENT_3D('',#4490,#4491,#4492);
#4490 = CARTESIAN_POINT('',(43.58,69.700978539353,22.212747737362));
#4491 = DIRECTION('',(1.724573219048E-16,-0.5,-0.866025403784));
#4492 = DIRECTION('',(6.123583309283E-16,0.866025403784,-0.5));
#4493 = ADVANCED_FACE('',(#4494),#4505,.T.);
#4494 = FACE_BOUND('',#4495,.T.);
#4495 = EDGE_LOOP('',(#4496,#4502,#4503,#4504));
#4496 = ORIENTED_EDGE('',*,*,#4497,.F.);
#4497 = EDGE_CURVE('',#921,#1540,#4498,.T.);
#4498 = LINE('',#4499,#4500);
#4499 = CARTESIAN_POINT('',(42.91608829882,69.700978539353,
    22.885107091062));
#4500 = VECTOR('',#4501,1.);
#4501 = DIRECTION('',(1.,-4.440892098501E-16,4.460573343045E-16));
#4502 = ORIENTED_EDGE('',*,*,#920,.T.);
#4503 = ORIENTED_EDGE('',*,*,#4480,.T.);
#4504 = ORIENTED_EDGE('',*,*,#1547,.F.);
#4505 = PLANE('',#4506);
#4506 = AXIS2_PLACEMENT_3D('',#4507,#4508,#4509);
#4507 = CARTESIAN_POINT('',(43.58,69.700978539353,4.874773736205E-02));
#4508 = DIRECTION('',(-4.440892098501E-16,-1.,1.110223024625E-16));
#4509 = DIRECTION('',(1.,-4.440892098501E-16,4.555315873025E-16));
#4510 = ADVANCED_FACE('',(#4511),#4522,.T.);
#4511 = FACE_BOUND('',#4512,.T.);
#4512 = EDGE_LOOP('',(#4513,#4519,#4520,#4521));
#4513 = ORIENTED_EDGE('',*,*,#4514,.F.);
#4514 = EDGE_CURVE('',#930,#1532,#4515,.T.);
#4515 = LINE('',#4516,#4517);
#4516 = CARTESIAN_POINT('',(43.084591477104,70.900978539353,
    23.577927414362));
#4517 = VECTOR('',#4518,1.);
#4518 = DIRECTION('',(1.,-4.440892098501E-16,4.842609831695E-16));
#4519 = ORIENTED_EDGE('',*,*,#929,.T.);
#4520 = ORIENTED_EDGE('',*,*,#4497,.T.);
#4521 = ORIENTED_EDGE('',*,*,#1539,.F.);
#4522 = PLANE('',#4523);
#4523 = AXIS2_PLACEMENT_3D('',#4524,#4525,#4526);
#4524 = CARTESIAN_POINT('',(43.58,70.900978539353,23.577927414362));
#4525 = DIRECTION('',(-6.165465317551E-16,-0.5,0.866025403784));
#4526 = DIRECTION('',(-1.568267436254E-16,-0.866025403784,-0.5));
#4527 = ADVANCED_FACE('',(#4528),#4539,.T.);
#4528 = FACE_BOUND('',#4529,.T.);
#4529 = EDGE_LOOP('',(#4530,#4536,#4537,#4538));
#4530 = ORIENTED_EDGE('',*,*,#4531,.F.);
#4531 = EDGE_CURVE('',#939,#1524,#4532,.T.);
#4532 = LINE('',#4533,#4534);
#4533 = CARTESIAN_POINT('',(43.195372094326,70.900978539353,
    24.019927414362));
#4534 = VECTOR('',#4535,1.);
#4535 = DIRECTION('',(1.,-4.440892098501E-16,4.846182297505E-16));
#4536 = ORIENTED_EDGE('',*,*,#938,.T.);
#4537 = ORIENTED_EDGE('',*,*,#4514,.T.);
#4538 = ORIENTED_EDGE('',*,*,#1531,.F.);
#4539 = PLANE('',#4540);
#4540 = AXIS2_PLACEMENT_3D('',#4541,#4542,#4543);
#4541 = CARTESIAN_POINT('',(43.58,70.900978539353,-0.980072585668));
#4542 = DIRECTION('',(-4.440892098501E-16,-1.,1.110223024625E-16));
#4543 = DIRECTION('',(4.555315873025E-16,-1.110223024625E-16,-1.));
#4544 = ADVANCED_FACE('',(#4545),#4556,.T.);
#4545 = FACE_BOUND('',#4546,.T.);
#4546 = EDGE_LOOP('',(#4547,#4553,#4554,#4555));
#4547 = ORIENTED_EDGE('',*,*,#4548,.F.);
#4548 = EDGE_CURVE('',#948,#1516,#4549,.T.);
#4549 = LINE('',#4550,#4551);
#4550 = CARTESIAN_POINT('',(43.374259210117,69.700978539353,
    24.712747737362));
#4551 = VECTOR('',#4552,1.);
#4552 = DIRECTION('',(1.,-4.440892098501E-16,4.851986847115E-16));
#4553 = ORIENTED_EDGE('',*,*,#947,.T.);
#4554 = ORIENTED_EDGE('',*,*,#4531,.T.);
#4555 = ORIENTED_EDGE('',*,*,#1523,.F.);
#4556 = PLANE('',#4557);
#4557 = AXIS2_PLACEMENT_3D('',#4558,#4559,#4560);
#4558 = CARTESIAN_POINT('',(43.58,69.700978539353,24.712747737362));
#4559 = DIRECTION('',(1.724573219048E-16,-0.5,-0.866025403784));
#4560 = DIRECTION('',(6.123583309283E-16,0.866025403784,-0.5));
#4561 = ADVANCED_FACE('',(#4562),#4573,.T.);
#4562 = FACE_BOUND('',#4563,.T.);
#4563 = EDGE_LOOP('',(#4564,#4570,#4571,#4572));
#4564 = ORIENTED_EDGE('',*,*,#4565,.F.);
#4565 = EDGE_CURVE('',#957,#1508,#4566,.T.);
#4566 = LINE('',#4567,#4568);
#4567 = CARTESIAN_POINT('',(43.554106382579,69.700978539353,
    25.385107091062));
#4568 = VECTOR('',#4569,1.);
#4569 = DIRECTION('',(1.,-4.440892098501E-16,4.476067926825E-16));
#4570 = ORIENTED_EDGE('',*,*,#956,.T.);
#4571 = ORIENTED_EDGE('',*,*,#4548,.T.);
#4572 = ORIENTED_EDGE('',*,*,#1515,.F.);
#4573 = PLANE('',#4574);
#4574 = AXIS2_PLACEMENT_3D('',#4575,#4576,#4577);
#4575 = CARTESIAN_POINT('',(43.58,69.700978539353,4.874773736205E-02));
#4576 = DIRECTION('',(-4.440892098501E-16,-1.,1.110223024625E-16));
#4577 = DIRECTION('',(1.,-4.440892098501E-16,4.555315873025E-16));
#4578 = ADVANCED_FACE('',(#4579),#4591,.T.);
#4579 = FACE_BOUND('',#4580,.T.);
#4580 = EDGE_LOOP('',(#4581,#4582,#4588,#4589,#4590));
#4581 = ORIENTED_EDGE('',*,*,#1427,.F.);
#4582 = ORIENTED_EDGE('',*,*,#4583,.F.);
#4583 = EDGE_CURVE('',#966,#1419,#4584,.T.);
#4584 = LINE('',#4585,#4586);
#4585 = CARTESIAN_POINT('',(43.58,70.900978539353,26.077927414362));
#4586 = VECTOR('',#4587,1.);
#4587 = DIRECTION('',(1.,-4.440892098501E-16,4.869707236475E-16));
#4588 = ORIENTED_EDGE('',*,*,#965,.T.);
#4589 = ORIENTED_EDGE('',*,*,#4565,.T.);
#4590 = ORIENTED_EDGE('',*,*,#1507,.F.);
#4591 = PLANE('',#4592);
#4592 = AXIS2_PLACEMENT_3D('',#4593,#4594,#4595);
#4593 = CARTESIAN_POINT('',(43.58,70.900978539353,26.077927414362));
#4594 = DIRECTION('',(-6.165465317551E-16,-0.5,0.866025403784));
#4595 = DIRECTION('',(-1.568267436254E-16,-0.866025403784,-0.5));
#4596 = ADVANCED_FACE('',(#4597),#4608,.T.);
#4597 = FACE_BOUND('',#4598,.T.);
#4598 = EDGE_LOOP('',(#4599,#4600,#4601,#4602));
#4599 = ORIENTED_EDGE('',*,*,#974,.T.);
#4600 = ORIENTED_EDGE('',*,*,#4583,.T.);
#4601 = ORIENTED_EDGE('',*,*,#1418,.T.);
#4602 = ORIENTED_EDGE('',*,*,#4603,.F.);
#4603 = EDGE_CURVE('',#975,#1410,#4604,.T.);
#4604 = LINE('',#4605,#4606);
#4605 = CARTESIAN_POINT('',(43.58,70.900978539353,26.519927414362));
#4606 = VECTOR('',#4607,1.);
#4607 = DIRECTION('',(1.,-4.440892098501E-16,4.878153919655E-16));
#4608 = PLANE('',#4609);
#4609 = AXIS2_PLACEMENT_3D('',#4610,#4611,#4612);
#4610 = CARTESIAN_POINT('',(43.58,70.900978539353,-0.980072585668));
#4611 = DIRECTION('',(-4.440892098501E-16,-1.,1.110223024625E-16));
#4612 = DIRECTION('',(4.555315873025E-16,-1.110223024625E-16,-1.));
#4613 = ADVANCED_FACE('',(#4614),#4625,.T.);
#4614 = FACE_BOUND('',#4615,.T.);
#4615 = EDGE_LOOP('',(#4616,#4617,#4618,#4619));
#4616 = ORIENTED_EDGE('',*,*,#983,.T.);
#4617 = ORIENTED_EDGE('',*,*,#4603,.T.);
#4618 = ORIENTED_EDGE('',*,*,#1409,.F.);
#4619 = ORIENTED_EDGE('',*,*,#4620,.F.);
#4620 = EDGE_CURVE('',#984,#1401,#4621,.T.);
#4621 = LINE('',#4622,#4623);
#4622 = CARTESIAN_POINT('',(43.58,69.700978539353,27.212747737362));
#4623 = VECTOR('',#4624,1.);
#4624 = DIRECTION('',(1.,-4.440892098501E-16,4.891974525615E-16));
#4625 = PLANE('',#4626);
#4626 = AXIS2_PLACEMENT_3D('',#4627,#4628,#4629);
#4627 = CARTESIAN_POINT('',(43.58,69.700978539353,27.212747737362));
#4628 = DIRECTION('',(1.724573219048E-16,-0.5,-0.866025403784));
#4629 = DIRECTION('',(6.123583309283E-16,0.866025403784,-0.5));
#4630 = ADVANCED_FACE('',(#4631),#4642,.T.);
#4631 = FACE_BOUND('',#4632,.T.);
#4632 = EDGE_LOOP('',(#4633,#4634,#4635,#4636));
#4633 = ORIENTED_EDGE('',*,*,#992,.T.);
#4634 = ORIENTED_EDGE('',*,*,#4620,.T.);
#4635 = ORIENTED_EDGE('',*,*,#1400,.T.);
#4636 = ORIENTED_EDGE('',*,*,#4637,.F.);
#4637 = EDGE_CURVE('',#993,#1392,#4638,.T.);
#4638 = LINE('',#4639,#4640);
#4639 = CARTESIAN_POINT('',(43.58,69.700978539353,27.885107091062));
#4640 = VECTOR('',#4641,1.);
#4641 = DIRECTION('',(1.,-4.440892098501E-16,4.512244246565E-16));
#4642 = PLANE('',#4643);
#4643 = AXIS2_PLACEMENT_3D('',#4644,#4645,#4646);
#4644 = CARTESIAN_POINT('',(43.58,69.700978539353,4.874773736205E-02));
#4645 = DIRECTION('',(-4.440892098501E-16,-1.,1.110223024625E-16));
#4646 = DIRECTION('',(1.,-4.440892098501E-16,4.555315873025E-16));
#4647 = ADVANCED_FACE('',(#4648),#4659,.T.);
#4648 = FACE_BOUND('',#4649,.T.);
#4649 = EDGE_LOOP('',(#4650,#4651,#4652,#4653));
#4650 = ORIENTED_EDGE('',*,*,#1001,.T.);
#4651 = ORIENTED_EDGE('',*,*,#4637,.T.);
#4652 = ORIENTED_EDGE('',*,*,#1391,.F.);
#4653 = ORIENTED_EDGE('',*,*,#4654,.F.);
#4654 = EDGE_CURVE('',#1002,#1383,#4655,.T.);
#4655 = LINE('',#4656,#4657);
#4656 = CARTESIAN_POINT('',(43.58,70.900978539353,28.577927414362));
#4657 = VECTOR('',#4658,1.);
#4658 = DIRECTION('',(1.,-4.440892098501E-16,4.921446440895E-16));
#4659 = PLANE('',#4660);
#4660 = AXIS2_PLACEMENT_3D('',#4661,#4662,#4663);
#4661 = CARTESIAN_POINT('',(43.58,70.900978539353,28.577927414362));
#4662 = DIRECTION('',(-6.165465317551E-16,-0.5,0.866025403784));
#4663 = DIRECTION('',(-1.568267436254E-16,-0.866025403784,-0.5));
#4664 = ADVANCED_FACE('',(#4665),#4676,.T.);
#4665 = FACE_BOUND('',#4666,.T.);
#4666 = EDGE_LOOP('',(#4667,#4668,#4669,#4670));
#4667 = ORIENTED_EDGE('',*,*,#1010,.T.);
#4668 = ORIENTED_EDGE('',*,*,#4654,.T.);
#4669 = ORIENTED_EDGE('',*,*,#1382,.T.);
#4670 = ORIENTED_EDGE('',*,*,#4671,.F.);
#4671 = EDGE_CURVE('',#1011,#1374,#4672,.T.);
#4672 = LINE('',#4673,#4674);
#4673 = CARTESIAN_POINT('',(43.58,70.900978539353,29.019927414362));
#4674 = VECTOR('',#4675,1.);
#4675 = DIRECTION('',(1.,-4.440892098501E-16,4.931676646895E-16));
#4676 = PLANE('',#4677);
#4677 = AXIS2_PLACEMENT_3D('',#4678,#4679,#4680);
#4678 = CARTESIAN_POINT('',(43.58,70.900978539353,-0.980072585668));
#4679 = DIRECTION('',(-4.440892098501E-16,-1.,1.110223024625E-16));
#4680 = DIRECTION('',(4.555315873025E-16,-1.110223024625E-16,-1.));
#4681 = ADVANCED_FACE('',(#4682),#4693,.T.);
#4682 = FACE_BOUND('',#4683,.T.);
#4683 = EDGE_LOOP('',(#4684,#4685,#4686,#4687));
#4684 = ORIENTED_EDGE('',*,*,#1019,.T.);
#4685 = ORIENTED_EDGE('',*,*,#4671,.T.);
#4686 = ORIENTED_EDGE('',*,*,#1373,.F.);
#4687 = ORIENTED_EDGE('',*,*,#4688,.F.);
#4688 = EDGE_CURVE('',#1020,#1365,#4689,.T.);
#4689 = LINE('',#4690,#4691);
#4690 = CARTESIAN_POINT('',(43.58,69.700978539353,29.712747737362));
#4691 = VECTOR('',#4692,1.);
#4692 = DIRECTION('',(1.,-4.440892098501E-16,4.948446561135E-16));
#4693 = PLANE('',#4694);
#4694 = AXIS2_PLACEMENT_3D('',#4695,#4696,#4697);
#4695 = CARTESIAN_POINT('',(43.58,69.700978539353,29.712747737362));
#4696 = DIRECTION('',(1.724573219048E-16,-0.5,-0.866025403784));
#4697 = DIRECTION('',(6.123583309283E-16,0.866025403784,-0.5));
#4698 = ADVANCED_FACE('',(#4699),#4710,.T.);
#4699 = FACE_BOUND('',#4700,.T.);
#4700 = EDGE_LOOP('',(#4701,#4702,#4703,#4704));
#4701 = ORIENTED_EDGE('',*,*,#1028,.T.);
#4702 = ORIENTED_EDGE('',*,*,#4688,.T.);
#4703 = ORIENTED_EDGE('',*,*,#1364,.T.);
#4704 = ORIENTED_EDGE('',*,*,#4705,.F.);
#4705 = EDGE_CURVE('',#1029,#1356,#4706,.T.);
#4706 = LINE('',#4707,#4708);
#4707 = CARTESIAN_POINT('',(43.58,69.700978539353,30.385107091062));
#4708 = VECTOR('',#4709,1.);
#4709 = DIRECTION('',(1.,-4.440892098501E-16,4.556891818925E-16));
#4710 = PLANE('',#4711);
#4711 = AXIS2_PLACEMENT_3D('',#4712,#4713,#4714);
#4712 = CARTESIAN_POINT('',(43.58,69.700978539353,4.874773736205E-02));
#4713 = DIRECTION('',(-4.440892098501E-16,-1.,1.110223024625E-16));
#4714 = DIRECTION('',(1.,-4.440892098501E-16,4.555315873025E-16));
#4715 = ADVANCED_FACE('',(#4716),#4727,.T.);
#4716 = FACE_BOUND('',#4717,.T.);
#4717 = EDGE_LOOP('',(#4718,#4719,#4720,#4726));
#4718 = ORIENTED_EDGE('',*,*,#4705,.T.);
#4719 = ORIENTED_EDGE('',*,*,#1355,.F.);
#4720 = ORIENTED_EDGE('',*,*,#4721,.T.);
#4721 = EDGE_CURVE('',#1348,#1038,#4722,.T.);
#4722 = LINE('',#4723,#4724);
#4723 = CARTESIAN_POINT('',(43.58,70.850437855653,31.048747736962));
#4724 = VECTOR('',#4725,1.);
#4725 = DIRECTION('',(-1.,4.440892098501E-16,-4.157105069411E-16));
#4726 = ORIENTED_EDGE('',*,*,#1037,.T.);
#4727 = PLANE('',#4728);
#4728 = AXIS2_PLACEMENT_3D('',#4729,#4730,#4731);
#4729 = CARTESIAN_POINT('',(43.58,70.900978539353,31.077927414362));
#4730 = DIRECTION('',(-6.165465317551E-16,-0.5,0.866025403784));
#4731 = DIRECTION('',(-1.568267436254E-16,-0.866025403784,-0.5));
#4732 = ADVANCED_FACE('',(#4733),#4744,.T.);
#4733 = FACE_BOUND('',#4734,.T.);
#4734 = EDGE_LOOP('',(#4735,#4736,#4742,#4743));
#4735 = ORIENTED_EDGE('',*,*,#1347,.F.);
#4736 = ORIENTED_EDGE('',*,*,#4737,.F.);
#4737 = EDGE_CURVE('',#1047,#1337,#4738,.T.);
#4738 = LINE('',#4739,#4740);
#4739 = CARTESIAN_POINT('',(43.58,71.100978539353,31.048747737362));
#4740 = VECTOR('',#4741,1.);
#4741 = DIRECTION('',(1.,-4.440892098501E-16,1.677797082806E-16));
#4742 = ORIENTED_EDGE('',*,*,#1046,.T.);
#4743 = ORIENTED_EDGE('',*,*,#4721,.F.);
#4744 = PLANE('',#4745);
#4745 = AXIS2_PLACEMENT_3D('',#4746,#4747,#4748);
#4746 = CARTESIAN_POINT('',(43.58,71.100978539353,31.048747737362));
#4747 = DIRECTION('',(-1.339070573676E-16,1.110223024625E-16,1.));
#4748 = DIRECTION('',(-4.440892098501E-16,-1.,1.110223024625E-16));
#4749 = ADVANCED_FACE('',(#4750),#4761,.F.);
#4750 = FACE_BOUND('',#4751,.F.);
#4751 = EDGE_LOOP('',(#4752,#4753,#4759,#4760));
#4752 = ORIENTED_EDGE('',*,*,#1054,.T.);
#4753 = ORIENTED_EDGE('',*,*,#4754,.T.);
#4754 = EDGE_CURVE('',#1055,#1328,#4755,.T.);
#4755 = LINE('',#4756,#4757);
#4756 = CARTESIAN_POINT('',(61.08,71.600978539353,31.548747737362));
#4757 = VECTOR('',#4758,1.);
#4758 = DIRECTION('',(1.,-4.440892098501E-16,1.339071076246E-16));
#4759 = ORIENTED_EDGE('',*,*,#1336,.F.);
#4760 = ORIENTED_EDGE('',*,*,#4737,.F.);
#4761 = CYLINDRICAL_SURFACE('',#4762,0.5);
#4762 = AXIS2_PLACEMENT_3D('',#4763,#4764,#4765);
#4763 = CARTESIAN_POINT('',(61.08,71.100978539353,31.548747737362));
#4764 = DIRECTION('',(1.,-4.440892098501E-16,1.339070573676E-16));
#4765 = DIRECTION('',(1.339070573676E-16,-2.947193223345E-16,-1.));
#4766 = ADVANCED_FACE('',(#4767,#4773,#4827),#4881,.F.);
#4767 = FACE_BOUND('',#4768,.T.);
#4768 = EDGE_LOOP('',(#4769,#4770,#4771,#4772));
#4769 = ORIENTED_EDGE('',*,*,#1182,.T.);
#4770 = ORIENTED_EDGE('',*,*,#1065,.T.);
#4771 = ORIENTED_EDGE('',*,*,#4754,.T.);
#4772 = ORIENTED_EDGE('',*,*,#1327,.T.);
#4773 = FACE_BOUND('',#4774,.T.);
#4774 = EDGE_LOOP('',(#4775,#4803));
#4775 = ORIENTED_EDGE('',*,*,#4776,.T.);
#4776 = EDGE_CURVE('',#4777,#4779,#4781,.T.);
#4777 = VERTEX_POINT('',#4778);
#4778 = CARTESIAN_POINT('',(36.93813300125,71.600978539353,
    40.460214140262));
#4779 = VERTEX_POINT('',#4780);
#4780 = CARTESIAN_POINT('',(33.82186700024,71.600978539353,
    34.671764092962));
#4781 = B_SPLINE_CURVE_WITH_KNOTS('',5,(#4782,#4783,#4784,#4785,#4786,
    #4787,#4788,#4789,#4790,#4791,#4792,#4793,#4794,#4795,#4796,#4797,
    #4798,#4799,#4800,#4801,#4802),.UNSPECIFIED.,.F.,.F.,(6,3,3,3,3,3,6)
  ,(0.,2.51019370215,5.04560828175,7.58018123034,10.0890609587,
    12.5782410343,14.5877200848),.UNSPECIFIED.);
#4782 = CARTESIAN_POINT('',(36.93813300125,71.600978539353,
    40.460214140262));
#4783 = CARTESIAN_POINT('',(37.24770183402,71.600978539353,
    40.288600676362));
#4784 = CARTESIAN_POINT('',(37.5338032413,71.600978539353,
    40.074656870962));
#4785 = CARTESIAN_POINT('',(37.78896543043,71.600978539353,
    39.822832365762));
#4786 = CARTESIAN_POINT('',(38.22713980921,71.600978539353,
    39.254293988362));
#4787 = CARTESIAN_POINT('',(38.49975916477,71.600978539353,
    38.590148771962));
#4788 = CARTESIAN_POINT('',(38.59092414823,71.600978539353,
    38.239794909462));
#4789 = CARTESIAN_POINT('',(38.67746222171,71.600978539353,
    37.523753380362));
#4790 = CARTESIAN_POINT('',(38.57311520908,71.600978539353,
    36.810098428062));
#4791 = CARTESIAN_POINT('',(38.47328330093,71.600978539353,
    36.462241587462));
#4792 = CARTESIAN_POINT('',(38.18427874795,71.600978539353,
    35.805381408962));
#4793 = CARTESIAN_POINT('',(37.73214998249,71.600978539353,
    35.248269270862));
#4794 = CARTESIAN_POINT('',(37.47086208064,71.600978539353,
    35.003089067662));
#4795 = CARTESIAN_POINT('',(36.89060535195,71.600978539353,
    34.591641551462));
#4796 = CARTESIAN_POINT('',(36.22151830019,71.600978539353,
    34.350482453962));
#4797 = CARTESIAN_POINT('',(35.87364650373,71.600978539353,
    34.276878441362));
#4798 = CARTESIAN_POINT('',(35.23497181746,71.600978539353,
    34.231767014962));
#4799 = CARTESIAN_POINT('',(34.60659311483,71.600978539353,
    34.343342814362));
#4800 = CARTESIAN_POINT('',(34.33254167831,71.600978539353,
    34.424129291662));
#4801 = CARTESIAN_POINT('',(34.06968535926,71.600978539353,
    34.534382798262));
#4802 = CARTESIAN_POINT('',(33.82186700024,71.600978539353,
    34.671764092962));
#4803 = ORIENTED_EDGE('',*,*,#4804,.T.);
#4804 = EDGE_CURVE('',#4779,#4777,#4805,.T.);
#4805 = B_SPLINE_CURVE_WITH_KNOTS('',5,(#4806,#4807,#4808,#4809,#4810,
    #4811,#4812,#4813,#4814,#4815,#4816,#4817,#4818,#4819,#4820,#4821,
    #4822,#4823,#4824,#4825,#4826),.UNSPECIFIED.,.F.,.F.,(6,3,3,3,3,3,6)
  ,(0.,2.51019371032,5.04560828026,7.58018124797,10.0890610174,
    12.5782410738,14.5877201129),.UNSPECIFIED.);
#4806 = CARTESIAN_POINT('',(33.82186700024,71.600978539353,
    34.671764092962));
#4807 = CARTESIAN_POINT('',(33.5122981657,71.600978539353,
    34.843377557962));
#4808 = CARTESIAN_POINT('',(33.2261967569,71.600978539353,
    35.057321364762));
#4809 = CARTESIAN_POINT('',(32.9710345741,71.600978539353,
    35.309145862662));
#4810 = CARTESIAN_POINT('',(32.5328601934,71.600978539353,
    35.877684240662));
#4811 = CARTESIAN_POINT('',(32.2602408365,71.600978539353,
    36.541829458262));
#4812 = CARTESIAN_POINT('',(32.1690758517,71.600978539353,
    36.892183322862));
#4813 = CARTESIAN_POINT('',(32.0825377775,71.600978539353,
    37.608224855062));
#4814 = CARTESIAN_POINT('',(32.1868847912,71.600978539353,
    38.321879810562));
#4815 = CARTESIAN_POINT('',(32.2867166965,71.600978539353,
    38.669736633162));
#4816 = CARTESIAN_POINT('',(32.5757212521,71.600978539353,
    39.326596822062));
#4817 = CARTESIAN_POINT('',(33.0278500249,71.600978539353,
    39.883708967762));
#4818 = CARTESIAN_POINT('',(33.2891379033,71.600978539353,
    40.128889152462));
#4819 = CARTESIAN_POINT('',(33.86939463412,71.600978539353,
    40.540336674662));
#4820 = CARTESIAN_POINT('',(34.53848168968,71.600978539353,
    40.781495775962));
#4821 = CARTESIAN_POINT('',(34.88635349027,71.600978539353,
    40.855099792162));
#4822 = CARTESIAN_POINT('',(35.52502817364,71.600978539353,
    40.900211219562));
#4823 = CARTESIAN_POINT('',(36.15340687388,71.600978539353,
    40.788635422462));
#4824 = CARTESIAN_POINT('',(36.42745832489,71.600978539353,
    40.707848940962));
#4825 = CARTESIAN_POINT('',(36.69031464302,71.600978539353,
    40.597595434562));
#4826 = CARTESIAN_POINT('',(36.93813300125,71.600978539353,
    40.460214140262));
#4827 = FACE_BOUND('',#4828,.T.);
#4828 = EDGE_LOOP('',(#4829,#4857));
#4829 = ORIENTED_EDGE('',*,*,#4830,.T.);
#4830 = EDGE_CURVE('',#4831,#4833,#4835,.T.);
#4831 = VERTEX_POINT('',#4832);
#4832 = CARTESIAN_POINT('',(53.13813300051,71.600978539353,
    40.460214140262));
#4833 = VERTEX_POINT('',#4834);
#4834 = CARTESIAN_POINT('',(50.02186699949,71.600978539353,
    34.671764092962));
#4835 = B_SPLINE_CURVE_WITH_KNOTS('',5,(#4836,#4837,#4838,#4839,#4840,
    #4841,#4842,#4843,#4844,#4845,#4846,#4847,#4848,#4849,#4850,#4851,
    #4852,#4853,#4854,#4855,#4856),.UNSPECIFIED.,.F.,.F.,(6,3,3,3,3,3,6)
  ,(0.,2.51019370272,5.04560824925,7.58018121067,10.0890609754,
    12.5782410482,14.5877201034),.UNSPECIFIED.);
#4836 = CARTESIAN_POINT('',(53.13813300051,71.600978539353,
    40.460214140262));
#4837 = CARTESIAN_POINT('',(53.44770183331,71.600978539353,
    40.288600676262));
#4838 = CARTESIAN_POINT('',(53.7338032407,71.600978539353,
    40.074656870862));
#4839 = CARTESIAN_POINT('',(53.9889654311,71.600978539353,
    39.822832365762));
#4840 = CARTESIAN_POINT('',(54.4271398074,71.600978539353,
    39.254293992162));
#4841 = CARTESIAN_POINT('',(54.6997591627,71.600978539353,
    38.590148780962));
#4842 = CARTESIAN_POINT('',(54.7909241509,71.600978539353,
    38.239794898162));
#4843 = CARTESIAN_POINT('',(54.8774622224,71.600978539353,
    37.523753371962));
#4844 = CARTESIAN_POINT('',(54.7731152092,71.600978539353,
    36.810098422562));
#4845 = CARTESIAN_POINT('',(54.6732833002,71.600978539353,
    36.462241590562));
#4846 = CARTESIAN_POINT('',(54.3842787444,71.600978539353,
    35.805381405562));
#4847 = CARTESIAN_POINT('',(53.932149973,71.600978539353,35.248269263162
    ));
#4848 = CARTESIAN_POINT('',(53.6708620884,71.600978539353,
    35.003089073462));
#4849 = CARTESIAN_POINT('',(53.09060535639,71.600978539353,
    34.591641553462));
#4850 = CARTESIAN_POINT('',(52.42151830016,71.600978539353,
    34.350482454362));
#4851 = CARTESIAN_POINT('',(52.07364650402,71.600978539353,
    34.276878440962));
#4852 = CARTESIAN_POINT('',(51.43497181751,71.600978539353,
    34.231767014962));
#4853 = CARTESIAN_POINT('',(50.80659311471,71.600978539353,
    34.343342814862));
#4854 = CARTESIAN_POINT('',(50.53254167877,71.600978539353,
    34.424129291162));
#4855 = CARTESIAN_POINT('',(50.26968535908,71.600978539353,
    34.534382797862));
#4856 = CARTESIAN_POINT('',(50.02186699949,71.600978539353,
    34.671764092962));
#4857 = ORIENTED_EDGE('',*,*,#4858,.T.);
#4858 = EDGE_CURVE('',#4833,#4831,#4859,.T.);
#4859 = B_SPLINE_CURVE_WITH_KNOTS('',5,(#4860,#4861,#4862,#4863,#4864,
    #4865,#4866,#4867,#4868,#4869,#4870,#4871,#4872,#4873,#4874,#4875,
    #4876,#4877,#4878,#4879,#4880),.UNSPECIFIED.,.F.,.F.,(6,3,3,3,3,3,6)
  ,(0.,2.51019370034,5.04560824568,7.58018120624,10.0890609558,
    12.578241024,14.5877200883),.UNSPECIFIED.);
#4860 = CARTESIAN_POINT('',(50.02186699949,71.600978539353,
    34.671764092962));
#4861 = CARTESIAN_POINT('',(49.71229816687,71.600978539353,
    34.843377556762));
#4862 = CARTESIAN_POINT('',(49.4261967597,71.600978539353,
    35.057321362062));
#4863 = CARTESIAN_POINT('',(49.17103456866,71.600978539353,
    35.309145867962));
#4864 = CARTESIAN_POINT('',(48.73286019254,71.600978539353,
    35.877684241162));
#4865 = CARTESIAN_POINT('',(48.46024083729,71.600978539353,
    36.541829452162));
#4866 = CARTESIAN_POINT('',(48.36907584917,71.600978539353,
    36.892183335162));
#4867 = CARTESIAN_POINT('',(48.28253777763,71.600978539353,
    37.608224861262));
#4868 = CARTESIAN_POINT('',(48.38688479067,71.600978539353,
    38.321879810562));
#4869 = CARTESIAN_POINT('',(48.48671669985,71.600978539353,
    38.669736642662));
#4870 = CARTESIAN_POINT('',(48.77572125478,71.600978539353,
    39.326596825762));
#4871 = CARTESIAN_POINT('',(49.22785002439,71.600978539353,
    39.883708966962));
#4872 = CARTESIAN_POINT('',(49.48913791322,71.600978539353,
    40.128889161862));
#4873 = CARTESIAN_POINT('',(50.06939464321,71.600978539353,
    40.540336680162));
#4874 = CARTESIAN_POINT('',(50.73848169687,71.600978539353,
    40.781495778662));
#4875 = CARTESIAN_POINT('',(51.08635349521,71.600978539353,
    40.855099791862));
#4876 = CARTESIAN_POINT('',(51.72502818254,71.600978539353,
    40.900211218262));
#4877 = CARTESIAN_POINT('',(52.35340688621,71.600978539353,
    40.788635418062));
#4878 = CARTESIAN_POINT('',(52.62745831869,71.600978539353,
    40.707848943162));
#4879 = CARTESIAN_POINT('',(52.8903146397,71.600978539353,
    40.597595435962));
#4880 = CARTESIAN_POINT('',(53.13813300051,71.600978539353,
    40.460214140262));
#4881 = PLANE('',#4882);
#4882 = AXIS2_PLACEMENT_3D('',#4883,#4884,#4885);
#4883 = CARTESIAN_POINT('',(43.58,71.600978539353,-31.45125226263));
#4884 = DIRECTION('',(4.440892098501E-16,1.,-1.110223024625E-16));
#4885 = DIRECTION('',(4.555315873025E-16,-1.110223024625E-16,-1.));
#4886 = ADVANCED_FACE('',(#4887,#4906),#4982,.F.);
#4887 = FACE_BOUND('',#4888,.F.);
#4888 = EDGE_LOOP('',(#4889,#4890,#4896,#4897,#4903,#4904,#4905));
#4889 = ORIENTED_EDGE('',*,*,#1090,.T.);
#4890 = ORIENTED_EDGE('',*,*,#4891,.T.);
#4891 = EDGE_CURVE('',#1091,#2448,#4892,.T.);
#4892 = LINE('',#4893,#4894);
#4893 = CARTESIAN_POINT('',(46.48000000037,92.200978539353,
    -5.951252262638));
#4894 = VECTOR('',#4895,1.);
#4895 = DIRECTION('',(1.,-4.440892098501E-16,1.339071076246E-16));
#4896 = ORIENTED_EDGE('',*,*,#2445,.F.);
#4897 = ORIENTED_EDGE('',*,*,#4898,.F.);
#4898 = EDGE_CURVE('',#2822,#2446,#4899,.T.);
#4899 = LINE('',#4900,#4901);
#4900 = CARTESIAN_POINT('',(46.48000000037,92.200978539353,
    -23.95125226263));
#4901 = VECTOR('',#4902,1.);
#4902 = DIRECTION('',(1.,-4.440892098501E-16,1.339071076246E-16));
#4903 = ORIENTED_EDGE('',*,*,#2844,.T.);
#4904 = ORIENTED_EDGE('',*,*,#3144,.F.);
#4905 = ORIENTED_EDGE('',*,*,#3172,.F.);
#4906 = FACE_BOUND('',#4907,.F.);
#4907 = EDGE_LOOP('',(#4908,#4939,#4947,#4976));
#4908 = ORIENTED_EDGE('',*,*,#4909,.T.);
#4909 = EDGE_CURVE('',#4910,#4912,#4914,.T.);
#4910 = VERTEX_POINT('',#4911);
#4911 = CARTESIAN_POINT('',(78.0799999996,98.818379841653,
    -21.05125226303));
#4912 = VERTEX_POINT('',#4913);
#4913 = CARTESIAN_POINT('',(78.0799999996,98.818379841953,
    -8.851252262618));
#4914 = B_SPLINE_CURVE_WITH_KNOTS('',5,(#4915,#4916,#4917,#4918,#4919,
    #4920,#4921,#4922,#4923,#4924,#4925,#4926,#4927,#4928,#4929,#4930,
    #4931,#4932,#4933,#4934,#4935,#4936,#4937,#4938),.UNSPECIFIED.,.F.,
  .F.,(6,3,3,3,3,3,3,6),(0.,3.86282821131,8.34910477759,13.281366572,
    18.0548536456,22.4915946566,26.6422441635,28.2059105775),
  .UNSPECIFIED.);
#4915 = CARTESIAN_POINT('',(78.0799999996,98.818379841953,
    -21.05125226263));
#4916 = CARTESIAN_POINT('',(78.6241721181,98.818379841953,
    -21.05125226263));
#4917 = CARTESIAN_POINT('',(79.168343135,98.874316304353,-20.99057127593
    ));
#4918 = CARTESIAN_POINT('',(79.69419911,98.986067881653,-20.86939727543)
  );
#4919 = CARTESIAN_POINT('',(80.7711540114,99.305061979553,
    -20.49699840123));
#4920 = CARTESIAN_POINT('',(81.7083075458,99.729599571553,
    -19.90783885893));
#4921 = CARTESIAN_POINT('',(82.1690704512,99.967640754953,
    -19.53489363383));
#4922 = CARTESIAN_POINT('',(83.0364160579,100.45435314795,
    -18.64265423753));
#4923 = CARTESIAN_POINT('',(83.6670965153,100.85725864555,
    -17.53305744453));
#4924 = CARTESIAN_POINT('',(83.9233496844,101.02771667465,
    -16.89675593663));
#4925 = CARTESIAN_POINT('',(84.2448711313,101.24452705205,
    -15.56521837393));
#4926 = CARTESIAN_POINT('',(84.1883404238,101.20688319755,
    -14.18099434323));
#4927 = CARTESIAN_POINT('',(84.0638545675,101.12170784465,
    -13.51393893333));
#4928 = CARTESIAN_POINT('',(83.6607671499,100.85093251125,
    -12.29654785123));
#4929 = CARTESIAN_POINT('',(82.9869778617,100.43267366695,
    -11.25536990783));
#4930 = CARTESIAN_POINT('',(82.6078500469,100.20877747325,
    -10.80187968413));
#4931 = CARTESIAN_POINT('',(81.7859515557,99.759102639453,
    -10.02409985073));
#4932 = CARTESIAN_POINT('',(80.8007476845,99.335260002053,
    -9.450112978138));
#4933 = CARTESIAN_POINT('',(80.2871771662,99.147157560253,
    -9.221154508998));
#4934 = CARTESIAN_POINT('',(79.5336778623,98.944262301753,
    -8.988951281258));
#4935 = CARTESIAN_POINT('',(78.7409573278,98.845941497753,
    -8.881149235538));
#4936 = CARTESIAN_POINT('',(78.5205597498,98.827545679953,
    -8.861195545958));
#4937 = CARTESIAN_POINT('',(78.3002799651,98.818379841953,
    -8.851252262618));
#4938 = CARTESIAN_POINT('',(78.0799999996,98.818379841953,
    -8.851252262618));
#4939 = ORIENTED_EDGE('',*,*,#4940,.F.);
#4940 = EDGE_CURVE('',#4941,#4912,#4943,.T.);
#4941 = VERTEX_POINT('',#4942);
#4942 = CARTESIAN_POINT('',(12.7800000007,98.818379841653,
    -8.851252262278));
#4943 = LINE('',#4944,#4945);
#4944 = CARTESIAN_POINT('',(46.48000000037,98.818379841653,
    -8.851252262278));
#4945 = VECTOR('',#4946,1.);
#4946 = DIRECTION('',(1.,-4.440892098501E-16,1.339071076246E-16));
#4947 = ORIENTED_EDGE('',*,*,#4948,.T.);
#4948 = EDGE_CURVE('',#4941,#4949,#4951,.T.);
#4949 = VERTEX_POINT('',#4950);
#4950 = CARTESIAN_POINT('',(12.7800000007,98.818379841953,
    -21.05125226263));
#4951 = B_SPLINE_CURVE_WITH_KNOTS('',5,(#4952,#4953,#4954,#4955,#4956,
    #4957,#4958,#4959,#4960,#4961,#4962,#4963,#4964,#4965,#4966,#4967,
    #4968,#4969,#4970,#4971,#4972,#4973,#4974,#4975),.UNSPECIFIED.,.F.,
  .F.,(6,3,3,3,3,3,3,6),(0.,3.8628282119,8.34910478617,13.2813665729,
    18.0548536236,22.4915946405,26.6422441501,28.2059105749),
  .UNSPECIFIED.);
#4952 = CARTESIAN_POINT('',(12.7800000007,98.818379841953,
    -8.851252262618));
#4953 = CARTESIAN_POINT('',(12.2358278822,98.818379841953,
    -8.851252262618));
#4954 = CARTESIAN_POINT('',(11.6916568651,98.874316304353,
    -8.911933249328));
#4955 = CARTESIAN_POINT('',(11.1658008905,98.986067881453,
    -9.033107249588));
#4956 = CARTESIAN_POINT('',(10.0888459881,99.305061979753,
    -9.405506124368));
#4957 = CARTESIAN_POINT('',(9.1516924528,99.729599572253,-9.994665667238
    ));
#4958 = CARTESIAN_POINT('',(8.6909295529,99.967640753253,-10.36761088833
    ));
#4959 = CARTESIAN_POINT('',(7.8235839455,100.45435314645,-11.25985028423
    ));
#4960 = CARTESIAN_POINT('',(7.1929034876,100.85725864425,-12.36944707683
    ));
#4961 = CARTESIAN_POINT('',(6.9366503139,101.02771667465,-13.00574858933
    ));
#4962 = CARTESIAN_POINT('',(6.6151288681,101.24452705145,-14.33728614783
    ));
#4963 = CARTESIAN_POINT('',(6.6716595741,101.20688319785,-15.72151017423
    ));
#4964 = CARTESIAN_POINT('',(6.7961454338,101.12170784395,-16.38856559393
    ));
#4965 = CARTESIAN_POINT('',(7.1992328505,100.85093251125,-17.60595667383
    ));
#4966 = CARTESIAN_POINT('',(7.8730221372,100.43267366785,-18.64713461573
    ));
#4967 = CARTESIAN_POINT('',(8.2521499476,100.20877747665,-19.10062483463
    ));
#4968 = CARTESIAN_POINT('',(9.0740484386,99.759102642453,-19.87840467003
    ));
#4969 = CARTESIAN_POINT('',(10.0592523102,99.335260004253,
    -20.45239154433));
#4970 = CARTESIAN_POINT('',(10.5728228279,99.147157561753,
    -20.68135001453));
#4971 = CARTESIAN_POINT('',(11.3263221319,98.944262302653,
    -20.91355324303));
#4972 = CARTESIAN_POINT('',(12.1190426677,98.845941498053,
    -21.02135528943));
#4973 = CARTESIAN_POINT('',(12.3394402475,98.827545680153,
    -21.04130897913));
#4974 = CARTESIAN_POINT('',(12.5597200337,98.818379841953,
    -21.05125226263));
#4975 = CARTESIAN_POINT('',(12.7800000007,98.818379841953,
    -21.05125226263));
#4976 = ORIENTED_EDGE('',*,*,#4977,.T.);
#4977 = EDGE_CURVE('',#4949,#4910,#4978,.T.);
#4978 = LINE('',#4979,#4980);
#4979 = CARTESIAN_POINT('',(46.48000000037,98.818379841653,
    -21.05125226303));
#4980 = VECTOR('',#4981,1.);
#4981 = DIRECTION('',(1.,-4.440892098501E-16,1.339071076246E-16));
#4982 = CYLINDRICAL_SURFACE('',#4983,9.);
#4983 = AXIS2_PLACEMENT_3D('',#4984,#4985,#4986);
#4984 = CARTESIAN_POINT('',(46.48,92.200978539353,-14.95125226263));
#4985 = DIRECTION('',(1.,-4.440892098501E-16,1.339070573676E-16));
#4986 = DIRECTION('',(1.339070573676E-16,-2.947193223345E-16,-1.));
#4987 = ADVANCED_FACE('',(#4988,#5012),#5088,.F.);
#4988 = FACE_BOUND('',#4989,.F.);
#4989 = EDGE_LOOP('',(#4990,#4991,#4992,#4993,#4994,#5002,#5011));
#4990 = ORIENTED_EDGE('',*,*,#4898,.T.);
#4991 = ORIENTED_EDGE('',*,*,#2473,.T.);
#4992 = ORIENTED_EDGE('',*,*,#4891,.F.);
#4993 = ORIENTED_EDGE('',*,*,#1101,.F.);
#4994 = ORIENTED_EDGE('',*,*,#4995,.T.);
#4995 = EDGE_CURVE('',#1102,#4996,#4998,.T.);
#4996 = VERTEX_POINT('',#4997);
#4997 = CARTESIAN_POINT('',(-3.7199999993,84.717663765853,
    -9.951252262598));
#4998 = LINE('',#4999,#5000);
#4999 = CARTESIAN_POINT('',(46.48000000037,84.717663765853,
    -9.951252262598));
#5000 = VECTOR('',#5001,1.);
#5001 = DIRECTION('',(1.,-4.440892098501E-16,1.339071076246E-16));
#5002 = ORIENTED_EDGE('',*,*,#5003,.T.);
#5003 = EDGE_CURVE('',#4996,#2820,#5004,.T.);
#5004 = B_SPLINE_CURVE_WITH_KNOTS('',5,(#5005,#5006,#5007,#5008,#5009,
    #5010),.UNSPECIFIED.,.F.,.F.,(6,6),(0.,1.97349759827),
  .PIECEWISE_BEZIER_KNOTS.);
#5005 = CARTESIAN_POINT('',(-3.7199999993,84.717663765853,
    -9.951252262598));
#5006 = CARTESIAN_POINT('',(-3.4483160351,84.717663765853,
    -9.951252262598));
#5007 = CARTESIAN_POINT('',(-3.1751871808,84.635631029253,
    -10.07296622823));
#5008 = CARTESIAN_POINT('',(-3.0127151414,84.501821050853,
    -10.27768876493));
#5009 = CARTESIAN_POINT('',(-2.9200000004,84.367864892453,
    -10.51096592383));
#5010 = CARTESIAN_POINT('',(-2.9200000004,84.241079042453,
    -10.75125226263));
#5011 = ORIENTED_EDGE('',*,*,#2819,.T.);
#5012 = FACE_BOUND('',#5013,.F.);
#5013 = EDGE_LOOP('',(#5014,#5024,#5053,#5061));
#5014 = ORIENTED_EDGE('',*,*,#5015,.F.);
#5015 = EDGE_CURVE('',#5016,#5018,#5020,.T.);
#5016 = VERTEX_POINT('',#5017);
#5017 = CARTESIAN_POINT('',(12.7800000007,85.583577236753,
    -21.05125226263));
#5018 = VERTEX_POINT('',#5019);
#5019 = CARTESIAN_POINT('',(78.0799999996,85.583577236753,
    -21.05125226263));
#5020 = LINE('',#5021,#5022);
#5021 = CARTESIAN_POINT('',(46.48000000037,85.583577236753,
    -21.05125226263));
#5022 = VECTOR('',#5023,1.);
#5023 = DIRECTION('',(1.,-4.440892098501E-16,1.339071076246E-16));
#5024 = ORIENTED_EDGE('',*,*,#5025,.F.);
#5025 = EDGE_CURVE('',#5026,#5016,#5028,.T.);
#5026 = VERTEX_POINT('',#5027);
#5027 = CARTESIAN_POINT('',(12.7800000007,85.583577236753,
    -8.851252262618));
#5028 = B_SPLINE_CURVE_WITH_KNOTS('',5,(#5029,#5030,#5031,#5032,#5033,
    #5034,#5035,#5036,#5037,#5038,#5039,#5040,#5041,#5042,#5043,#5044,
    #5045,#5046,#5047,#5048,#5049,#5050,#5051,#5052),.UNSPECIFIED.,.F.,
  .F.,(6,3,3,3,3,3,3,6),(0.,3.86282827339,8.34910337254,13.2813657707,
    18.0548526496,22.4915935506,26.6422434906,28.2059089855),
  .UNSPECIFIED.);
#5029 = CARTESIAN_POINT('',(12.7800000007,85.583577236753,
    -8.851252262618));
#5030 = CARTESIAN_POINT('',(12.2358279035,85.583577236753,
    -8.851252262618));
#5031 = CARTESIAN_POINT('',(11.691656997,85.527640778753,-8.911933244598
    ));
#5032 = CARTESIAN_POINT('',(11.1658008187,85.415889159653,
    -9.033107292408));
#5033 = CARTESIAN_POINT('',(10.0888460312,85.096895116253,
    -9.405506108668));
#5034 = CARTESIAN_POINT('',(9.1516927641,84.672357627953,-9.994665503538
    ));
#5035 = CARTESIAN_POINT('',(8.6909290407,84.434316079953,-10.36761132353
    ));
#5036 = CARTESIAN_POINT('',(7.8235836776,83.947603760753,-11.25985069313
    ));
#5037 = CARTESIAN_POINT('',(7.1929035587,83.544698352753,-12.36944733603
    ));
#5038 = CARTESIAN_POINT('',(6.9366503079,83.374240354353,-13.00574874183
    ));
#5039 = CARTESIAN_POINT('',(6.6151287991,83.157430004853,-14.33728643873
    ));
#5040 = CARTESIAN_POINT('',(6.6716596378,83.195073911453,-15.72151038933
    ));
#5041 = CARTESIAN_POINT('',(6.7961454654,83.280249303253,-16.38856600313
    ));
#5042 = CARTESIAN_POINT('',(7.1992328758,83.551024681753,-17.60595702013
    ));
#5043 = CARTESIAN_POINT('',(7.8730223569,83.969283510853,-18.64713482333
    ));
#5044 = CARTESIAN_POINT('',(8.2521502634,84.193179865853,-19.10062532633
    ));
#5045 = CARTESIAN_POINT('',(9.0740488462,84.642854674553,-19.87840502513
    ));
#5046 = CARTESIAN_POINT('',(10.0592528868,85.066697277653,
    -20.45239180583));
#5047 = CARTESIAN_POINT('',(10.5728235556,85.254799701753,
    -20.68135023493));
#5048 = CARTESIAN_POINT('',(11.326322764,85.457694879453,-20.91355335743
    ));
#5049 = CARTESIAN_POINT('',(12.1190431312,85.556015615153,
    -21.02135532693));
#5050 = CARTESIAN_POINT('',(12.3394405484,85.574411410553,
    -21.04130899213));
#5051 = CARTESIAN_POINT('',(12.5597201768,85.583577236753,
    -21.05125226263));
#5052 = CARTESIAN_POINT('',(12.7800000007,85.583577236753,
    -21.05125226263));
#5053 = ORIENTED_EDGE('',*,*,#5054,.T.);
#5054 = EDGE_CURVE('',#5026,#5055,#5057,.T.);
#5055 = VERTEX_POINT('',#5056);
#5056 = CARTESIAN_POINT('',(78.0799999996,85.583577236753,
    -8.851252262618));
#5057 = LINE('',#5058,#5059);
#5058 = CARTESIAN_POINT('',(46.48000000037,85.583577236753,
    -8.851252262618));
#5059 = VECTOR('',#5060,1.);
#5060 = DIRECTION('',(1.,-4.440892098501E-16,1.339071076246E-16));
#5061 = ORIENTED_EDGE('',*,*,#5062,.F.);
#5062 = EDGE_CURVE('',#5018,#5055,#5063,.T.);
#5063 = B_SPLINE_CURVE_WITH_KNOTS('',5,(#5064,#5065,#5066,#5067,#5068,
    #5069,#5070,#5071,#5072,#5073,#5074,#5075,#5076,#5077,#5078,#5079,
    #5080,#5081,#5082,#5083,#5084,#5085,#5086,#5087),.UNSPECIFIED.,.F.,
  .F.,(6,3,3,3,3,3,3,6),(0.,3.86282827469,8.34910336432,13.2813657514,
    18.0548526199,22.4915935137,26.6422434624,28.2059089509),
  .UNSPECIFIED.);
#5064 = CARTESIAN_POINT('',(78.0799999996,85.583577236753,
    -21.05125226263));
#5065 = CARTESIAN_POINT('',(78.6241720966,85.583577236753,
    -21.05125226263));
#5066 = CARTESIAN_POINT('',(79.1683430028,85.527640778753,
    -20.99057128073));
#5067 = CARTESIAN_POINT('',(79.6941991823,85.415889159453,
    -20.86939723263));
#5068 = CARTESIAN_POINT('',(80.7711539677,85.096895116553,
    -20.49699841693));
#5069 = CARTESIAN_POINT('',(81.7083072332,84.672357629353,
    -19.90783902363));
#5070 = CARTESIAN_POINT('',(82.1690709644,84.434316077753,
    -19.53489319793));
#5071 = CARTESIAN_POINT('',(83.0364163241,83.947603760253,
    -18.64265383053));
#5072 = CARTESIAN_POINT('',(83.6670964411,83.544698353553,
    -17.53305719113));
#5073 = CARTESIAN_POINT('',(83.923349694,83.374240353153,-16.89675577703
    ));
#5074 = CARTESIAN_POINT('',(84.2448712007,83.157430005053,
    -15.56521808403));
#5075 = CARTESIAN_POINT('',(84.1883403622,83.195073911553,
    -14.18099413783));
#5076 = CARTESIAN_POINT('',(84.063854534,83.280249304453,-13.51393851673
    ));
#5077 = CARTESIAN_POINT('',(83.6607671239,83.551024682553,
    -12.29654750363));
#5078 = CARTESIAN_POINT('',(82.9869776449,83.969283510253,
    -11.25536970333));
#5079 = CARTESIAN_POINT('',(82.6078497315,84.193179868653,
    -10.80187919373));
#5080 = CARTESIAN_POINT('',(81.7859511487,84.642854677053,
    -10.02409949643));
#5081 = CARTESIAN_POINT('',(80.8007471083,85.066697279553,
    -9.450112716918));
#5082 = CARTESIAN_POINT('',(80.2871764424,85.254799701853,
    -9.221154290228));
#5083 = CARTESIAN_POINT('',(79.5336772327,85.457694879753,
    -8.988951167458));
#5084 = CARTESIAN_POINT('',(78.7409568654,85.556015615353,
    -8.881149198178));
#5085 = CARTESIAN_POINT('',(78.5205594498,85.574411410653,
    -8.861195533078));
#5086 = CARTESIAN_POINT('',(78.3002798224,85.583577236753,
    -8.851252262618));
#5087 = CARTESIAN_POINT('',(78.0799999996,85.583577236753,
    -8.851252262618));
#5088 = CYLINDRICAL_SURFACE('',#5089,9.);
#5089 = AXIS2_PLACEMENT_3D('',#5090,#5091,#5092);
#5090 = CARTESIAN_POINT('',(46.48,92.200978539353,-14.95125226263));
#5091 = DIRECTION('',(1.,-4.440892098501E-16,1.339070573676E-16));
#5092 = DIRECTION('',(-1.339070573676E-16,6.163438522695E-16,1.));
#5093 = ADVANCED_FACE('',(#5094),#5105,.T.);
#5094 = FACE_BOUND('',#5095,.T.);
#5095 = EDGE_LOOP('',(#5096,#5102,#5103,#5104));
#5096 = ORIENTED_EDGE('',*,*,#5097,.T.);
#5097 = EDGE_CURVE('',#4996,#3319,#5098,.T.);
#5098 = LINE('',#5099,#5100);
#5099 = CARTESIAN_POINT('',(-3.7199999998,77.209321108053,
    -9.951252262638));
#5100 = VECTOR('',#5101,1.);
#5101 = DIRECTION('',(-1.240388142202E-10,-1.,1.609930933642E-16));
#5102 = ORIENTED_EDGE('',*,*,#3318,.T.);
#5103 = ORIENTED_EDGE('',*,*,#1112,.F.);
#5104 = ORIENTED_EDGE('',*,*,#4995,.T.);
#5105 = PLANE('',#5106);
#5106 = AXIS2_PLACEMENT_3D('',#5107,#5108,#5109);
#5107 = CARTESIAN_POINT('',(-3.92,117.69069609915,-9.951252262638));
#5108 = DIRECTION('',(1.339070573676E-16,-1.110223024625E-16,-1.));
#5109 = DIRECTION('',(-4.440892098501E-16,-1.,1.110223024625E-16));
#5110 = ADVANCED_FACE('',(#5111,#5130),#5206,.F.);
#5111 = FACE_BOUND('',#5112,.F.);
#5112 = EDGE_LOOP('',(#5113,#5114,#5120,#5121,#5127,#5128,#5129));
#5113 = ORIENTED_EDGE('',*,*,#2415,.T.);
#5114 = ORIENTED_EDGE('',*,*,#5115,.T.);
#5115 = EDGE_CURVE('',#2416,#1123,#5116,.T.);
#5116 = LINE('',#5117,#5118);
#5117 = CARTESIAN_POINT('',(40.67999999963,92.200978539353,
    6.048747737362));
#5118 = VECTOR('',#5119,1.);
#5119 = DIRECTION('',(-1.,4.440892098501E-16,-4.555316124315E-16));
#5120 = ORIENTED_EDGE('',*,*,#1120,.F.);
#5121 = ORIENTED_EDGE('',*,*,#5122,.F.);
#5122 = EDGE_CURVE('',#1453,#1121,#5123,.T.);
#5123 = LINE('',#5124,#5125);
#5124 = CARTESIAN_POINT('',(40.67999999963,92.200978539353,
    24.048747737362));
#5125 = VECTOR('',#5126,1.);
#5126 = DIRECTION('',(-1.,4.440892098501E-16,-4.555317900665E-16));
#5127 = ORIENTED_EDGE('',*,*,#1475,.T.);
#5128 = ORIENTED_EDGE('',*,*,#2505,.F.);
#5129 = ORIENTED_EDGE('',*,*,#2533,.F.);
#5130 = FACE_BOUND('',#5131,.F.);
#5131 = EDGE_LOOP('',(#5132,#5163,#5171,#5200));
#5132 = ORIENTED_EDGE('',*,*,#5133,.T.);
#5133 = EDGE_CURVE('',#5134,#5136,#5138,.T.);
#5134 = VERTEX_POINT('',#5135);
#5135 = CARTESIAN_POINT('',(9.0800000004,98.818379841653,21.148747737762
    ));
#5136 = VERTEX_POINT('',#5137);
#5137 = CARTESIAN_POINT('',(9.0800000004,98.818379841953,8.948747737342)
  );
#5138 = B_SPLINE_CURVE_WITH_KNOTS('',5,(#5139,#5140,#5141,#5142,#5143,
    #5144,#5145,#5146,#5147,#5148,#5149,#5150,#5151,#5152,#5153,#5154,
    #5155,#5156,#5157,#5158,#5159,#5160,#5161,#5162),.UNSPECIFIED.,.F.,
  .F.,(6,3,3,3,3,3,3,6),(0.,3.86282820809,8.34910476725,13.2813665613,
    18.0548536347,22.4915946491,26.6422441597,28.2059105739),
  .UNSPECIFIED.);
#5139 = CARTESIAN_POINT('',(9.0800000004,98.818379841953,21.148747737362
    ));
#5140 = CARTESIAN_POINT('',(8.5358278823,98.818379841953,21.148747737362
    ));
#5141 = CARTESIAN_POINT('',(7.9916568659,98.874316304253,21.088066750762
    ));
#5142 = CARTESIAN_POINT('',(7.465800889,98.986067881653,20.966892750162)
  );
#5143 = CARTESIAN_POINT('',(6.3888459894,99.305061979553,20.594493875862
    ));
#5144 = CARTESIAN_POINT('',(5.4516924556,99.729599570553,20.005334334962
    ));
#5145 = CARTESIAN_POINT('',(4.9909295476,99.967640755653,19.632389107362
    ));
#5146 = CARTESIAN_POINT('',(4.1235839416,100.45435314825,18.740149711562
    ));
#5147 = CARTESIAN_POINT('',(3.4929034847,100.85725864545,17.630552919462
    ));
#5148 = CARTESIAN_POINT('',(3.2366503156,101.02771667465,16.994251411262
    ));
#5149 = CARTESIAN_POINT('',(2.9151288687,101.24452705205,15.662713848662
    ));
#5150 = CARTESIAN_POINT('',(2.9716595762,101.20688319755,14.278489817862
    ));
#5151 = CARTESIAN_POINT('',(3.0961454326,101.12170784465,13.611434407962
    ));
#5152 = CARTESIAN_POINT('',(3.4992328502,100.85093251115,12.394043325362
    ));
#5153 = CARTESIAN_POINT('',(4.1730221389,100.43267366665,11.352865381762
    ));
#5154 = CARTESIAN_POINT('',(4.5521499525,100.20877747375,10.899375159762
    ));
#5155 = CARTESIAN_POINT('',(5.3740484442,99.759102639553,10.121595325562
    ));
#5156 = CARTESIAN_POINT('',(6.3592523164,99.335260001753,9.547608452512)
  );
#5157 = CARTESIAN_POINT('',(6.8728228329,99.147157560553,9.318649984102)
  );
#5158 = CARTESIAN_POINT('',(7.6263221372,98.944262301853,9.086446756102)
  );
#5159 = CARTESIAN_POINT('',(8.4190426722,98.845941497753,8.978644710282)
  );
#5160 = CARTESIAN_POINT('',(8.6394402501,98.827545679953,8.958691020682)
  );
#5161 = CARTESIAN_POINT('',(8.8597200349,98.818379841953,8.948747737342)
  );
#5162 = CARTESIAN_POINT('',(9.0800000004,98.818379841953,8.948747737342)
  );
#5163 = ORIENTED_EDGE('',*,*,#5164,.F.);
#5164 = EDGE_CURVE('',#5165,#5136,#5167,.T.);
#5165 = VERTEX_POINT('',#5166);
#5166 = CARTESIAN_POINT('',(74.3799999993,98.818379841653,8.948747737002
    ));
#5167 = LINE('',#5168,#5169);
#5168 = CARTESIAN_POINT('',(40.67999999963,98.818379841653,
    8.948747737002));
#5169 = VECTOR('',#5170,1.);
#5170 = DIRECTION('',(-1.,4.440892098501E-16,-4.555316124315E-16));
#5171 = ORIENTED_EDGE('',*,*,#5172,.T.);
#5172 = EDGE_CURVE('',#5165,#5173,#5175,.T.);
#5173 = VERTEX_POINT('',#5174);
#5174 = CARTESIAN_POINT('',(74.3799999993,98.818379841953,
    21.148747737362));
#5175 = B_SPLINE_CURVE_WITH_KNOTS('',5,(#5176,#5177,#5178,#5179,#5180,
    #5181,#5182,#5183,#5184,#5185,#5186,#5187,#5188,#5189,#5190,#5191,
    #5192,#5193,#5194,#5195,#5196,#5197,#5198,#5199),.UNSPECIFIED.,.F.,
  .F.,(6,3,3,3,3,3,3,6),(0.,3.86282821341,8.34910478804,13.2813665718,
    18.0548536238,22.4915946305,26.642244139,28.2059105617),
  .UNSPECIFIED.);
#5176 = CARTESIAN_POINT('',(74.3799999993,98.818379841953,8.948747737342
    ));
#5177 = CARTESIAN_POINT('',(74.924172118,98.818379841953,8.948747737342)
  );
#5178 = CARTESIAN_POINT('',(75.4683431352,98.874316304353,9.009428724072
    ));
#5179 = CARTESIAN_POINT('',(75.9941991092,98.986067881453,9.130602724302
    ));
#5180 = CARTESIAN_POINT('',(77.0711540118,99.305061979653,9.503001598952
    ));
#5181 = CARTESIAN_POINT('',(78.0083075473,99.729599572253,
    10.092161142062));
#5182 = CARTESIAN_POINT('',(78.4690704471,99.967640753153,
    10.465106362962));
#5183 = CARTESIAN_POINT('',(79.3364160541,100.45435314625,
    11.357345758562));
#5184 = CARTESIAN_POINT('',(79.9670965121,100.85725864385,
    12.466942550562));
#5185 = CARTESIAN_POINT('',(80.2233496863,101.02771667475,
    13.103244064562));
#5186 = CARTESIAN_POINT('',(80.5448711319,101.24452705135,
    14.434781622762));
#5187 = CARTESIAN_POINT('',(80.4883404259,101.20688319795,
    15.819005648762));
#5188 = CARTESIAN_POINT('',(80.3638545662,101.12170784405,
    16.486061068062));
#5189 = CARTESIAN_POINT('',(79.9607671501,100.85093251165,
    17.703452146762));
#5190 = CARTESIAN_POINT('',(79.2869778644,100.43267366895,
    18.744630087762));
#5191 = CARTESIAN_POINT('',(78.9078500505,100.20877747515,
    19.198120312162));
#5192 = CARTESIAN_POINT('',(78.0859515603,99.759102641553,
    19.975900145962));
#5193 = CARTESIAN_POINT('',(77.10074769,99.335260004053,20.549887019362)
  );
#5194 = CARTESIAN_POINT('',(76.5871771704,99.147157561453,
    20.778845489462));
#5195 = CARTESIAN_POINT('',(75.8336778664,98.944262302553,
    21.011048717862));
#5196 = CARTESIAN_POINT('',(75.040957331,98.845941498053,21.118850764162
    ));
#5197 = CARTESIAN_POINT('',(74.8205597519,98.827545680053,
    21.138804453962));
#5198 = CARTESIAN_POINT('',(74.600279966,98.818379841953,21.148747737362
    ));
#5199 = CARTESIAN_POINT('',(74.3799999993,98.818379841953,
    21.148747737362));
#5200 = ORIENTED_EDGE('',*,*,#5201,.T.);
#5201 = EDGE_CURVE('',#5173,#5134,#5202,.T.);
#5202 = LINE('',#5203,#5204);
#5203 = CARTESIAN_POINT('',(40.67999999963,98.818379841653,
    21.148747737762));
#5204 = VECTOR('',#5205,1.);
#5205 = DIRECTION('',(-1.,4.440892098501E-16,-4.555316124315E-16));
#5206 = CYLINDRICAL_SURFACE('',#5207,9.);
#5207 = AXIS2_PLACEMENT_3D('',#5208,#5209,#5210);
#5208 = CARTESIAN_POINT('',(40.68,92.200978539353,15.048747737362));
#5209 = DIRECTION('',(-1.,4.440892098501E-16,-4.555315873025E-16));
#5210 = DIRECTION('',(-4.555315873025E-16,-7.267471740948E-17,1.));
#5211 = ADVANCED_FACE('',(#5212,#5236),#5312,.F.);
#5212 = FACE_BOUND('',#5213,.F.);
#5213 = EDGE_LOOP('',(#5214,#5215,#5216,#5217,#5218,#5226,#5235));
#5214 = ORIENTED_EDGE('',*,*,#5122,.T.);
#5215 = ORIENTED_EDGE('',*,*,#1148,.T.);
#5216 = ORIENTED_EDGE('',*,*,#5115,.F.);
#5217 = ORIENTED_EDGE('',*,*,#2426,.F.);
#5218 = ORIENTED_EDGE('',*,*,#5219,.T.);
#5219 = EDGE_CURVE('',#2427,#5220,#5222,.T.);
#5220 = VERTEX_POINT('',#5221);
#5221 = CARTESIAN_POINT('',(90.8799999993,84.717663765853,
    10.048747737322));
#5222 = LINE('',#5223,#5224);
#5223 = CARTESIAN_POINT('',(40.67999999963,84.717663765853,
    10.048747737322));
#5224 = VECTOR('',#5225,1.);
#5225 = DIRECTION('',(-1.,4.440892098501E-16,-4.555316124315E-16));
#5226 = ORIENTED_EDGE('',*,*,#5227,.T.);
#5227 = EDGE_CURVE('',#5220,#1451,#5228,.T.);
#5228 = B_SPLINE_CURVE_WITH_KNOTS('',5,(#5229,#5230,#5231,#5232,#5233,
    #5234),.UNSPECIFIED.,.F.,.F.,(6,6),(0.,1.97349759725),
  .PIECEWISE_BEZIER_KNOTS.);
#5229 = CARTESIAN_POINT('',(90.8799999993,84.717663765853,
    10.048747737322));
#5230 = CARTESIAN_POINT('',(90.6083160352,84.717663765853,
    10.048747737322));
#5231 = CARTESIAN_POINT('',(90.3351871817,84.635631029353,
    10.170461702762));
#5232 = CARTESIAN_POINT('',(90.1727151413,84.501821051353,
    10.375184238862));
#5233 = CARTESIAN_POINT('',(90.0800000004,84.367864892353,
    10.608461398662));
#5234 = CARTESIAN_POINT('',(90.0800000004,84.241079042453,
    10.848747737362));
#5235 = ORIENTED_EDGE('',*,*,#1450,.T.);
#5236 = FACE_BOUND('',#5237,.F.);
#5237 = EDGE_LOOP('',(#5238,#5248,#5277,#5285));
#5238 = ORIENTED_EDGE('',*,*,#5239,.F.);
#5239 = EDGE_CURVE('',#5240,#5242,#5244,.T.);
#5240 = VERTEX_POINT('',#5241);
#5241 = CARTESIAN_POINT('',(74.3799999993,85.583577236753,
    21.148747737362));
#5242 = VERTEX_POINT('',#5243);
#5243 = CARTESIAN_POINT('',(9.0800000004,85.583577236753,21.148747737362
    ));
#5244 = LINE('',#5245,#5246);
#5245 = CARTESIAN_POINT('',(40.67999999963,85.583577236753,
    21.148747737362));
#5246 = VECTOR('',#5247,1.);
#5247 = DIRECTION('',(-1.,4.440892098501E-16,-4.555317900665E-16));
#5248 = ORIENTED_EDGE('',*,*,#5249,.F.);
#5249 = EDGE_CURVE('',#5250,#5240,#5252,.T.);
#5250 = VERTEX_POINT('',#5251);
#5251 = CARTESIAN_POINT('',(74.3799999993,85.583577236753,8.948747737342
    ));
#5252 = B_SPLINE_CURVE_WITH_KNOTS('',5,(#5253,#5254,#5255,#5256,#5257,
    #5258,#5259,#5260,#5261,#5262,#5263,#5264,#5265,#5266,#5267,#5268,
    #5269,#5270,#5271,#5272,#5273,#5274,#5275,#5276),.UNSPECIFIED.,.F.,
  .F.,(6,3,3,3,3,3,3,6),(0.,3.86282827295,8.34910337156,13.2813657705,
    18.0548526502,22.4915935586,26.6422435105,28.2059090061),
  .UNSPECIFIED.);
#5253 = CARTESIAN_POINT('',(74.3799999993,85.583577236753,8.948747737342
    ));
#5254 = CARTESIAN_POINT('',(74.9241720965,85.583577236753,8.948747737342
    ));
#5255 = CARTESIAN_POINT('',(75.468343003,85.527640778753,9.009428719302)
  );
#5256 = CARTESIAN_POINT('',(75.9941991813,85.415889159653,9.130602767062
    ));
#5257 = CARTESIAN_POINT('',(77.0711539688,85.096895116153,9.503001583502
    ));
#5258 = CARTESIAN_POINT('',(78.0083072359,84.672357628053,
    10.092160978262));
#5259 = CARTESIAN_POINT('',(78.4690709594,84.434316079853,
    10.465106798362));
#5260 = CARTESIAN_POINT('',(79.3364163225,83.947603760653,
    11.357346168062));
#5261 = CARTESIAN_POINT('',(79.9670964415,83.544698352553,
    12.466942811162));
#5262 = CARTESIAN_POINT('',(80.2233496919,83.374240354353,
    13.103244216362));
#5263 = CARTESIAN_POINT('',(80.5448712009,83.157430004753,
    14.434781913662));
#5264 = CARTESIAN_POINT('',(80.4883403622,83.195073911553,
    15.819005864662));
#5265 = CARTESIAN_POINT('',(80.3638545348,83.280249303253,
    16.486061477462));
#5266 = CARTESIAN_POINT('',(79.9607671239,83.551024681953,
    17.703452495662));
#5267 = CARTESIAN_POINT('',(79.286977642,83.969283511553,18.744630299762
    ));
#5268 = CARTESIAN_POINT('',(78.9078497379,84.193179864653,
    19.198120799062));
#5269 = CARTESIAN_POINT('',(78.0859511535,84.642854674553,
    19.975900500062));
#5270 = CARTESIAN_POINT('',(77.1007471105,85.066697278553,
    20.549887281862));
#5271 = CARTESIAN_POINT('',(76.5871764471,85.254799700953,
    20.778845708662));
#5272 = CARTESIAN_POINT('',(75.8336772375,85.457694879153,
    21.011048831862));
#5273 = CARTESIAN_POINT('',(75.0409568687,85.556015615153,
    21.118850801562));
#5274 = CARTESIAN_POINT('',(74.8205594519,85.574411410453,
    21.138804466762));
#5275 = CARTESIAN_POINT('',(74.6002798233,85.583577236753,
    21.148747737362));
#5276 = CARTESIAN_POINT('',(74.3799999993,85.583577236753,
    21.148747737362));
#5277 = ORIENTED_EDGE('',*,*,#5278,.T.);
#5278 = EDGE_CURVE('',#5250,#5279,#5281,.T.);
#5279 = VERTEX_POINT('',#5280);
#5280 = CARTESIAN_POINT('',(9.0800000004,85.583577236753,8.948747737342)
  );
#5281 = LINE('',#5282,#5283);
#5282 = CARTESIAN_POINT('',(40.67999999963,85.583577236753,
    8.948747737342));
#5283 = VECTOR('',#5284,1.);
#5284 = DIRECTION('',(-1.,4.440892098501E-16,-4.555316124315E-16));
#5285 = ORIENTED_EDGE('',*,*,#5286,.F.);
#5286 = EDGE_CURVE('',#5242,#5279,#5287,.T.);
#5287 = B_SPLINE_CURVE_WITH_KNOTS('',5,(#5288,#5289,#5290,#5291,#5292,
    #5293,#5294,#5295,#5296,#5297,#5298,#5299,#5300,#5301,#5302,#5303,
    #5304,#5305,#5306,#5307,#5308,#5309,#5310,#5311),.UNSPECIFIED.,.F.,
  .F.,(6,3,3,3,3,3,3,6),(0.,3.86282827484,8.34910336464,13.2813657514,
    18.0548526191,22.4915935151,26.6422434692,28.2059089581),
  .UNSPECIFIED.);
#5288 = CARTESIAN_POINT('',(9.0800000004,85.583577236753,21.148747737362
    ));
#5289 = CARTESIAN_POINT('',(8.5358279033,85.583577236753,21.148747737362
    ));
#5290 = CARTESIAN_POINT('',(7.9916569971,85.527640778753,21.088066755362
    ));
#5291 = CARTESIAN_POINT('',(7.4658008179,85.415889159453,20.966892707362
    ));
#5292 = CARTESIAN_POINT('',(6.3888460322,85.096895116553,20.594493891662
    ));
#5293 = CARTESIAN_POINT('',(5.4516927668,84.672357629253,20.005334498262
    ));
#5294 = CARTESIAN_POINT('',(4.9909290357,84.434316077753,19.632388672662
    ));
#5295 = CARTESIAN_POINT('',(4.123583676,83.947603760253,18.740149305162)
  );
#5296 = CARTESIAN_POINT('',(3.4929035588,83.544698353553,17.630552665862
    ));
#5297 = CARTESIAN_POINT('',(3.236650306,83.374240353153,16.994251251562)
  );
#5298 = CARTESIAN_POINT('',(2.9151287993,83.157430005053,15.662713558662
    ));
#5299 = CARTESIAN_POINT('',(2.9716596378,83.195073911553,14.278489612562
    ));
#5300 = CARTESIAN_POINT('',(3.096145466,83.280249304453,13.611433991262)
  );
#5301 = CARTESIAN_POINT('',(3.4992328762,83.551024682653,12.394042977962
    ));
#5302 = CARTESIAN_POINT('',(4.1730223555,83.969283510553,11.352865177562
    ));
#5303 = CARTESIAN_POINT('',(4.5521502681,84.193179868253,10.899374669162
    ));
#5304 = CARTESIAN_POINT('',(5.3740488516,84.642854677153,10.121594970962
    ));
#5305 = CARTESIAN_POINT('',(6.359252893,85.066697280053,9.547608191022)
  );
#5306 = CARTESIAN_POINT('',(6.8728235565,85.254799701553,9.318649765342)
  );
#5307 = CARTESIAN_POINT('',(7.6263227666,85.457694879653,9.086446642302)
  );
#5308 = CARTESIAN_POINT('',(8.4190431347,85.556015615353,8.978644672932)
  );
#5309 = CARTESIAN_POINT('',(8.6394405501,85.574411410653,8.958691007802)
  );
#5310 = CARTESIAN_POINT('',(8.8597201775,85.583577236753,8.948747737342)
  );
#5311 = CARTESIAN_POINT('',(9.0800000004,85.583577236753,8.948747737342)
  );
#5312 = CYLINDRICAL_SURFACE('',#5313,9.);
#5313 = AXIS2_PLACEMENT_3D('',#5314,#5315,#5316);
#5314 = CARTESIAN_POINT('',(40.68,92.200978539353,15.048747737362));
#5315 = DIRECTION('',(-1.,4.440892098501E-16,-4.555315873025E-16));
#5316 = DIRECTION('',(4.555315873025E-16,3.942992473445E-16,-1.));
#5317 = ADVANCED_FACE('',(#5318),#5344,.F.);
#5318 = FACE_BOUND('',#5319,.F.);
#5319 = EDGE_LOOP('',(#5320,#5328,#5337,#5343));
#5320 = ORIENTED_EDGE('',*,*,#5321,.T.);
#5321 = EDGE_CURVE('',#1201,#5322,#5324,.T.);
#5322 = VERTEX_POINT('',#5323);
#5323 = CARTESIAN_POINT('',(31.7931795588,93.061337272353,
    40.693901971862));
#5324 = LINE('',#5325,#5326);
#5325 = CARTESIAN_POINT('',(31.3922719624,92.202249565553,
    42.340486744862));
#5326 = VECTOR('',#5327,1.);
#5327 = DIRECTION('',(0.211003998214,0.452151424744,-0.866623564092));
#5328 = ORIENTED_EDGE('',*,*,#5329,.F.);
#5329 = EDGE_CURVE('',#5330,#5322,#5332,.T.);
#5330 = VERTEX_POINT('',#5331);
#5331 = CARTESIAN_POINT('',(34.21083643418,98.149225505653,
    43.937099245862));
#5332 = CIRCLE('',#5333,3.25);
#5333 = AXIS2_PLACEMENT_3D('',#5334,#5335,#5336);
#5334 = CARTESIAN_POINT('',(33.0020079965,95.605281389053,
    42.315500608862));
#5335 = DIRECTION('',(0.211003998214,0.452151424744,-0.866623564092));
#5336 = DIRECTION('',(9.454936833464E-14,-0.886584846165,-0.462566006695
    ));
#5337 = ORIENTED_EDGE('',*,*,#5338,.F.);
#5338 = EDGE_CURVE('',#1199,#5330,#5339,.T.);
#5339 = LINE('',#5340,#5341);
#5340 = CARTESIAN_POINT('',(33.80992883762,97.290137798953,
    45.583684018262));
#5341 = VECTOR('',#5342,1.);
#5342 = DIRECTION('',(0.211003998214,0.452151424744,-0.866623564092));
#5343 = ORIENTED_EDGE('',*,*,#1198,.T.);
#5344 = CYLINDRICAL_SURFACE('',#5345,3.25);
#5345 = AXIS2_PLACEMENT_3D('',#5346,#5347,#5348);
#5346 = CARTESIAN_POINT('',(32.6011003998,94.746193681853,
    43.962085380962));
#5347 = DIRECTION('',(0.211003998214,0.452151424744,-0.866623564092));
#5348 = DIRECTION('',(0.371947211598,0.782752035896,0.49895342677));
#5349 = ADVANCED_FACE('',(#5350),#5373,.F.);
#5350 = FACE_BOUND('',#5351,.F.);
#5351 = EDGE_LOOP('',(#5352,#5353,#5371,#5372));
#5352 = ORIENTED_EDGE('',*,*,#5338,.T.);
#5353 = ORIENTED_EDGE('',*,*,#5354,.T.);
#5354 = EDGE_CURVE('',#5330,#5322,#5355,.T.);
#5355 = B_SPLINE_CURVE_WITH_KNOTS('',5,(#5356,#5357,#5358,#5359,#5360,
    #5361,#5362,#5363,#5364,#5365,#5366,#5367,#5368,#5369,#5370),
  .UNSPECIFIED.,.F.,.F.,(6,3,3,3,6),(-5.10508806207,-2.55254403103,
    -4.4408920985E-16,2.55254403103,5.10508806207),.UNSPECIFIED.);
#5356 = CARTESIAN_POINT('',(34.21083643418,98.149225505653,
    43.937099245862));
#5357 = CARTESIAN_POINT('',(33.74936002725,98.367528968053,
    43.938637231462));
#5358 = CARTESIAN_POINT('',(33.2506003126,98.507370798953,
    43.890161038862));
#5359 = CARTESIAN_POINT('',(32.7382735911,98.557436923953,
    43.791542076262));
#5360 = CARTESIAN_POINT('',(31.7416969417,98.472622394353,
    43.504646267862));
#5361 = CARTESIAN_POINT('',(30.8959528802,98.044647767153,
    43.075434864762));
#5362 = CARTESIAN_POINT('',(30.5345332797,97.751384224253,
    42.834429983162));
#5363 = CARTESIAN_POINT('',(29.9735472646,97.037908178553,
    42.325593712162));
#5364 = CARTESIAN_POINT('',(29.7750039719,96.152976994653,
    41.815549510162));
#5365 = CARTESIAN_POINT('',(29.7762061926,95.688173589853,
    41.573336100562));
#5366 = CARTESIAN_POINT('',(29.9794288111,94.763980619353,
    41.140628753462));
#5367 = CARTESIAN_POINT('',(30.5443902553,93.940473564453,
    40.848528728562));
#5368 = CARTESIAN_POINT('',(30.9075100526,93.576405828453,
    40.746992121362));
#5369 = CARTESIAN_POINT('',(31.3317031518,93.279640734753,
    40.695439957462));
#5370 = CARTESIAN_POINT('',(31.7931795588,93.061337272353,
    40.693901971862));
#5371 = ORIENTED_EDGE('',*,*,#5321,.F.);
#5372 = ORIENTED_EDGE('',*,*,#1229,.T.);
#5373 = CYLINDRICAL_SURFACE('',#5374,3.25);
#5374 = AXIS2_PLACEMENT_3D('',#5375,#5376,#5377);
#5375 = CARTESIAN_POINT('',(32.6011003998,94.746193681853,
    43.962085380962));
#5376 = DIRECTION('',(0.211003998214,0.452151424744,-0.866623564092));
#5377 = DIRECTION('',(-0.371947211598,-0.782752035896,-0.49895342677));
#5378 = ADVANCED_FACE('',(#5379),#5416,.F.);
#5379 = FACE_BOUND('',#5380,.F.);
#5380 = EDGE_LOOP('',(#5381,#5389,#5409,#5415));
#5381 = ORIENTED_EDGE('',*,*,#5382,.T.);
#5382 = EDGE_CURVE('',#1261,#5383,#5385,.T.);
#5383 = VERTEX_POINT('',#5384);
#5384 = CARTESIAN_POINT('',(51.90372901783,93.068427907653,
    41.372720261962));
#5385 = LINE('',#5386,#5387);
#5386 = CARTESIAN_POINT('',(52.26330932083,92.205435180553,
    43.026789654462));
#5387 = VECTOR('',#5388,1.);
#5388 = DIRECTION('',(-0.189252791026,0.454206698463,-0.87056283872));
#5389 = ORIENTED_EDGE('',*,*,#5390,.F.);
#5390 = EDGE_CURVE('',#5391,#5383,#5393,.T.);
#5391 = VERTEX_POINT('',#5392);
#5392 = CARTESIAN_POINT('',(55.499259818,98.150355965053,43.242523857462
    ));
#5393 = B_SPLINE_CURVE_WITH_KNOTS('',5,(#5394,#5395,#5396,#5397,#5398,
    #5399,#5400,#5401,#5402,#5403,#5404,#5405,#5406,#5407,#5408),
  .UNSPECIFIED.,.F.,.F.,(6,3,3,3,6),(-5.10508806208,-2.55254403104,
    -4.4408920985E-16,2.55254403104,5.10508806208),.UNSPECIFIED.);
#5394 = CARTESIAN_POINT('',(55.4992598179,98.150355965153,
    43.242523857162));
#5395 = CARTESIAN_POINT('',(55.9134328662,97.932308233053,
    43.038722203862));
#5396 = CARTESIAN_POINT('',(56.2721583103,97.635890783053,
    42.806085828962));
#5397 = CARTESIAN_POINT('',(56.5540630066,97.272249532053,
    42.555076329262));
#5398 = CARTESIAN_POINT('',(56.9338514892,96.449707169453,
    42.043361078562));
#5399 = CARTESIAN_POINT('',(56.9267951683,95.526596839253,
    41.563272280362));
#5400 = CARTESIAN_POINT('',(56.8216639042,95.062337925553,
    41.343904861162));
#5401 = CARTESIAN_POINT('',(56.4195246225,94.178443388853,
    40.970164077062));
#5402 = CARTESIAN_POINT('',(55.6920945894,93.465803140453,
    40.756488737262));
#5403 = CARTESIAN_POINT('',(55.2615118335,93.172883139353,
    40.697265857562));
#5404 = CARTESIAN_POINT('',(54.3130125248,92.745409860453,
    40.680431822562));
#5405 = CARTESIAN_POINT('',(53.29132742731,92.660694686253,
    40.858338057162));
#5406 = CARTESIAN_POINT('',(52.7875227183,92.710702161653,
    40.993951676762));
#5407 = CARTESIAN_POINT('',(52.317902066,92.850380175753,41.168918608462
    ));
#5408 = CARTESIAN_POINT('',(51.90372901778,93.068427907853,
    41.372720261762));
#5409 = ORIENTED_EDGE('',*,*,#5410,.F.);
#5410 = EDGE_CURVE('',#1259,#5391,#5411,.T.);
#5411 = LINE('',#5412,#5413);
#5412 = CARTESIAN_POINT('',(55.8588401209,97.287363238053,
    44.896593250762));
#5413 = VECTOR('',#5414,1.);
#5414 = DIRECTION('',(-0.189252791026,0.454206698463,-0.87056283872));
#5415 = ORIENTED_EDGE('',*,*,#1258,.T.);
#5416 = CYLINDRICAL_SURFACE('',#5417,3.25);
#5417 = AXIS2_PLACEMENT_3D('',#5418,#5419,#5420);
#5418 = CARTESIAN_POINT('',(54.0610747209,94.746399209153,
    43.961691453462));
#5419 = DIRECTION('',(-0.189252791026,0.454206698463,-0.87056283872));
#5420 = DIRECTION('',(0.553158584631,0.78183508576,0.287662091564));
#5421 = ADVANCED_FACE('',(#5422),#5434,.F.);
#5422 = FACE_BOUND('',#5423,.F.);
#5423 = EDGE_LOOP('',(#5424,#5425,#5432,#5433));
#5424 = ORIENTED_EDGE('',*,*,#5410,.T.);
#5425 = ORIENTED_EDGE('',*,*,#5426,.F.);
#5426 = EDGE_CURVE('',#5383,#5391,#5427,.T.);
#5427 = CIRCLE('',#5428,3.25);
#5428 = AXIS2_PLACEMENT_3D('',#5429,#5430,#5431);
#5429 = CARTESIAN_POINT('',(53.7014944179,95.609391936353,
    42.307622059562));
#5430 = DIRECTION('',(-0.189252791026,0.454206698463,-0.87056283872));
#5431 = DIRECTION('',(-1.133398930264E-13,-0.886584846165,
    -0.462566006695));
#5432 = ORIENTED_EDGE('',*,*,#5382,.F.);
#5433 = ORIENTED_EDGE('',*,*,#1289,.T.);
#5434 = CYLINDRICAL_SURFACE('',#5435,3.25);
#5435 = AXIS2_PLACEMENT_3D('',#5436,#5437,#5438);
#5436 = CARTESIAN_POINT('',(54.0610747209,94.746399209153,
    43.961691453462));
#5437 = DIRECTION('',(-0.189252791026,0.454206698463,-0.87056283872));
#5438 = DIRECTION('',(-0.553158584631,-0.78183508576,-0.287662091564));
#5439 = ADVANCED_FACE('',(#5440),#5464,.T.);
#5440 = FACE_BOUND('',#5441,.T.);
#5441 = EDGE_LOOP('',(#5442,#5443,#5457,#5463));
#5442 = ORIENTED_EDGE('',*,*,#4465,.F.);
#5443 = ORIENTED_EDGE('',*,*,#5444,.T.);
#5444 = EDGE_CURVE('',#4457,#5445,#5447,.T.);
#5445 = VERTEX_POINT('',#5446);
#5446 = CARTESIAN_POINT('',(77.3352104574,69.700978539953,
    20.385107091662));
#5447 = B_SPLINE_CURVE_WITH_KNOTS('',5,(#5448,#5449,#5450,#5451,#5452,
    #5453,#5454,#5455,#5456),.UNSPECIFIED.,.F.,.F.,(6,3,6),(0.,
    3.42091224602,3.52457842017),.UNSPECIFIED.);
#5448 = CARTESIAN_POINT('',(75.3068184405,70.900978539353,
    21.077927414362));
#5449 = CARTESIAN_POINT('',(75.7677619763,70.778250217353,
    21.007070184662));
#5450 = CARTESIAN_POINT('',(76.2028130683,70.582937745153,
    20.894306476162));
#5451 = CARTESIAN_POINT('',(76.6006051402,70.336397845353,
    20.751966598762));
#5452 = CARTESIAN_POINT('',(76.9698778312,70.046157413553,
    20.584396207262));
#5453 = CARTESIAN_POINT('',(77.3057457391,69.729091880453,
    20.401338336362));
#5454 = CARTESIAN_POINT('',(77.3155958696,69.719743164253,
    20.395940852562));
#5455 = CARTESIAN_POINT('',(77.3254173173,69.710372007453,
    20.390530412662));
#5456 = CARTESIAN_POINT('',(77.3352104574,69.700978539953,
    20.385107091662));
#5457 = ORIENTED_EDGE('',*,*,#5458,.T.);
#5458 = EDGE_CURVE('',#5445,#1572,#5459,.T.);
#5459 = LINE('',#5460,#5461);
#5460 = CARTESIAN_POINT('',(83.7076052287,69.700978539953,
    20.385107091662));
#5461 = VECTOR('',#5462,1.);
#5462 = DIRECTION('',(1.,-4.440892098501E-16,6.118250357125E-16));
#5463 = ORIENTED_EDGE('',*,*,#1571,.F.);
#5464 = PLANE('',#5465);
#5465 = AXIS2_PLACEMENT_3D('',#5466,#5467,#5468);
#5466 = CARTESIAN_POINT('',(43.58,70.900978539353,21.077927414362));
#5467 = DIRECTION('',(-6.165465317551E-16,-0.5,0.866025403784));
#5468 = DIRECTION('',(-1.568267436254E-16,-0.866025403784,-0.5));
#5469 = ADVANCED_FACE('',(#5470),#5489,.T.);
#5470 = FACE_BOUND('',#5471,.T.);
#5471 = EDGE_LOOP('',(#5472,#5473,#5482,#5488));
#5472 = ORIENTED_EDGE('',*,*,#5458,.F.);
#5473 = ORIENTED_EDGE('',*,*,#5474,.F.);
#5474 = EDGE_CURVE('',#5475,#5445,#5477,.T.);
#5475 = VERTEX_POINT('',#5476);
#5476 = CARTESIAN_POINT('',(78.3115523643,69.700978539353,
    19.712747738162));
#5477 = CIRCLE('',#5478,6.10000011721);
#5478 = AXIS2_PLACEMENT_3D('',#5479,#5480,#5481);
#5479 = CARTESIAN_POINT('',(74.3799999336,69.700978539353,
    15.048747640062));
#5480 = DIRECTION('',(-4.440892098501E-16,-1.,1.110223024625E-16));
#5481 = DIRECTION('',(3.330669073875E-16,-1.110223024625E-16,-1.));
#5482 = ORIENTED_EDGE('',*,*,#5483,.T.);
#5483 = EDGE_CURVE('',#5475,#1580,#5484,.T.);
#5484 = LINE('',#5485,#5486);
#5485 = CARTESIAN_POINT('',(84.1957761822,69.700978539353,
    19.712747738162));
#5486 = VECTOR('',#5487,1.);
#5487 = DIRECTION('',(1.,-4.440892098501E-16,3.330669073875E-16));
#5488 = ORIENTED_EDGE('',*,*,#1579,.F.);
#5489 = PLANE('',#5490);
#5490 = AXIS2_PLACEMENT_3D('',#5491,#5492,#5493);
#5491 = CARTESIAN_POINT('',(43.58,69.700978539353,4.874773736205E-02));
#5492 = DIRECTION('',(-4.440892098501E-16,-1.,1.110223024625E-16));
#5493 = DIRECTION('',(1.,-4.440892098501E-16,4.555315873025E-16));
#5494 = ADVANCED_FACE('',(#5495),#5516,.T.);
#5495 = FACE_BOUND('',#5496,.T.);
#5496 = EDGE_LOOP('',(#5497,#5498,#5509,#5515));
#5497 = ORIENTED_EDGE('',*,*,#5483,.F.);
#5498 = ORIENTED_EDGE('',*,*,#5499,.T.);
#5499 = EDGE_CURVE('',#5475,#5500,#5502,.T.);
#5500 = VERTEX_POINT('',#5501);
#5501 = CARTESIAN_POINT('',(79.0103058181,70.900978538753,
    19.019927414662));
#5502 = B_SPLINE_CURVE_WITH_KNOTS('',5,(#5503,#5504,#5505,#5506,#5507,
    #5508),.UNSPECIFIED.,.F.,.F.,(6,6),(0.,2.19582326324),
  .PIECEWISE_BEZIER_KNOTS.);
#5503 = CARTESIAN_POINT('',(78.3115523643,69.700978539353,
    19.712747737362));
#5504 = CARTESIAN_POINT('',(78.4699186967,69.932200462553,
    19.579251697762));
#5505 = CARTESIAN_POINT('',(78.618305057,70.168523257153,19.442810668662
    ));
#5506 = CARTESIAN_POINT('',(78.7576616363,70.409756321153,
    19.303534694262));
#5507 = CARTESIAN_POINT('',(78.8879617342,70.653900731153,
    19.162577853462));
#5508 = CARTESIAN_POINT('',(79.0103058181,70.900978538753,
    19.019927414662));
#5509 = ORIENTED_EDGE('',*,*,#5510,.T.);
#5510 = EDGE_CURVE('',#5500,#1588,#5511,.T.);
#5511 = LINE('',#5512,#5513);
#5512 = CARTESIAN_POINT('',(84.545152909,70.900978538753,19.019927414662
    ));
#5513 = VECTOR('',#5514,1.);
#5514 = DIRECTION('',(1.,-4.440892098501E-16,6.540074519425E-16));
#5515 = ORIENTED_EDGE('',*,*,#1587,.F.);
#5516 = PLANE('',#5517);
#5517 = AXIS2_PLACEMENT_3D('',#5518,#5519,#5520);
#5518 = CARTESIAN_POINT('',(43.58,69.700978539353,19.712747737362));
#5519 = DIRECTION('',(1.724573219048E-16,-0.5,-0.866025403784));
#5520 = DIRECTION('',(6.123583309283E-16,0.866025403784,-0.5));
#5521 = ADVANCED_FACE('',(#5522),#5541,.T.);
#5522 = FACE_BOUND('',#5523,.T.);
#5523 = EDGE_LOOP('',(#5524,#5525,#5534,#5540));
#5524 = ORIENTED_EDGE('',*,*,#5510,.F.);
#5525 = ORIENTED_EDGE('',*,*,#5526,.F.);
#5526 = EDGE_CURVE('',#5527,#5500,#5529,.T.);
#5527 = VERTEX_POINT('',#5528);
#5528 = CARTESIAN_POINT('',(79.3554287068,70.900978539353,
    18.577927414562));
#5529 = CIRCLE('',#5530,6.09999995897);
#5530 = AXIS2_PLACEMENT_3D('',#5531,#5532,#5533);
#5531 = CARTESIAN_POINT('',(74.3800000403,70.900978539353,
    15.048747752862));
#5532 = DIRECTION('',(-4.440892098501E-16,-1.,1.110223024625E-16));
#5533 = DIRECTION('',(3.330669073875E-16,-1.110223024625E-16,-1.));
#5534 = ORIENTED_EDGE('',*,*,#5535,.T.);
#5535 = EDGE_CURVE('',#5527,#1596,#5536,.T.);
#5536 = LINE('',#5537,#5538);
#5537 = CARTESIAN_POINT('',(84.7177143534,70.900978539353,
    18.577927414562));
#5538 = VECTOR('',#5539,1.);
#5539 = DIRECTION('',(1.,-4.440892098501E-16,6.643355037415E-16));
#5540 = ORIENTED_EDGE('',*,*,#1595,.F.);
#5541 = PLANE('',#5542);
#5542 = AXIS2_PLACEMENT_3D('',#5543,#5544,#5545);
#5543 = CARTESIAN_POINT('',(43.58,70.900978539353,-0.980072585668));
#5544 = DIRECTION('',(-4.440892098501E-16,-1.,1.110223024625E-16));
#5545 = DIRECTION('',(4.555315873025E-16,-1.110223024625E-16,-1.));
#5546 = ADVANCED_FACE('',(#5547),#5568,.T.);
#5547 = FACE_BOUND('',#5548,.T.);
#5548 = EDGE_LOOP('',(#5549,#5550,#5561,#5567));
#5549 = ORIENTED_EDGE('',*,*,#5535,.F.);
#5550 = ORIENTED_EDGE('',*,*,#5551,.T.);
#5551 = EDGE_CURVE('',#5527,#5552,#5554,.T.);
#5552 = VERTEX_POINT('',#5553);
#5553 = CARTESIAN_POINT('',(79.7804690189,69.700978539953,
    17.885107091662));
#5554 = B_SPLINE_CURVE_WITH_KNOTS('',5,(#5555,#5556,#5557,#5558,#5559,
    #5560),.UNSPECIFIED.,.F.,.F.,(6,6),(0.,2.05016436107),
  .PIECEWISE_BEZIER_KNOTS.);
#5555 = CARTESIAN_POINT('',(79.3554287068,70.900978539353,
    18.577927414362));
#5556 = CARTESIAN_POINT('',(79.4523247719,70.664373763753,
    18.441323583462));
#5557 = CARTESIAN_POINT('',(79.5429987782,70.425845239953,
    18.303609076062));
#5558 = CARTESIAN_POINT('',(79.6278078368,70.185395180253,
    18.164785169362));
#5559 = CARTESIAN_POINT('',(79.7068416212,69.943790628053,
    18.025294716062));
#5560 = CARTESIAN_POINT('',(79.7804690189,69.700978539953,
    17.885107091662));
#5561 = ORIENTED_EDGE('',*,*,#5562,.T.);
#5562 = EDGE_CURVE('',#5552,#1604,#5563,.T.);
#5563 = LINE('',#5564,#5565);
#5564 = CARTESIAN_POINT('',(84.9302345094,69.700978539953,
    17.885107091662));
#5565 = VECTOR('',#5566,1.);
#5566 = DIRECTION('',(1.,-4.440892098501E-16,6.780062726185E-16));
#5567 = ORIENTED_EDGE('',*,*,#1603,.F.);
#5568 = PLANE('',#5569);
#5569 = AXIS2_PLACEMENT_3D('',#5570,#5571,#5572);
#5570 = CARTESIAN_POINT('',(43.58,70.900978539353,18.577927414362));
#5571 = DIRECTION('',(-6.165465317551E-16,-0.5,0.866025403784));
#5572 = DIRECTION('',(-1.568267436254E-16,-0.866025403784,-0.5));
#5573 = ADVANCED_FACE('',(#5574),#5593,.T.);
#5574 = FACE_BOUND('',#5575,.T.);
#5575 = EDGE_LOOP('',(#5576,#5577,#5586,#5592));
#5576 = ORIENTED_EDGE('',*,*,#5562,.F.);
#5577 = ORIENTED_EDGE('',*,*,#5578,.F.);
#5578 = EDGE_CURVE('',#5579,#5552,#5581,.T.);
#5579 = VERTEX_POINT('',#5580);
#5580 = CARTESIAN_POINT('',(80.0832538082,69.700978539353,
    17.212747738162));
#5581 = CIRCLE('',#5582,6.10000060973);
#5582 = AXIS2_PLACEMENT_3D('',#5583,#5584,#5585);
#5583 = CARTESIAN_POINT('',(74.3799994427,69.700978539353,
    15.048747488462));
#5584 = DIRECTION('',(-4.440892098501E-16,-1.,1.110223024625E-16));
#5585 = DIRECTION('',(3.330669073875E-16,-1.110223024625E-16,-1.));
#5586 = ORIENTED_EDGE('',*,*,#5587,.T.);
#5587 = EDGE_CURVE('',#5579,#1612,#5588,.T.);
#5588 = LINE('',#5589,#5590);
#5589 = CARTESIAN_POINT('',(85.0816269041,69.700978539353,
    17.212747738162));
#5590 = VECTOR('',#5591,1.);
#5591 = DIRECTION('',(1.,-4.440892098501E-16,3.330669073875E-16));
#5592 = ORIENTED_EDGE('',*,*,#1611,.F.);
#5593 = PLANE('',#5594);
#5594 = AXIS2_PLACEMENT_3D('',#5595,#5596,#5597);
#5595 = CARTESIAN_POINT('',(43.58,69.700978539353,4.874773736205E-02));
#5596 = DIRECTION('',(-4.440892098501E-16,-1.,1.110223024625E-16));
#5597 = DIRECTION('',(1.,-4.440892098501E-16,4.555315873025E-16));
#5598 = ADVANCED_FACE('',(#5599),#5620,.T.);
#5599 = FACE_BOUND('',#5600,.T.);
#5600 = EDGE_LOOP('',(#5601,#5602,#5613,#5619));
#5601 = ORIENTED_EDGE('',*,*,#5587,.F.);
#5602 = ORIENTED_EDGE('',*,*,#5603,.T.);
#5603 = EDGE_CURVE('',#5579,#5604,#5606,.T.);
#5604 = VERTEX_POINT('',#5605);
#5605 = CARTESIAN_POINT('',(80.2999349962,70.900978538753,
    16.519927414662));
#5606 = B_SPLINE_CURVE_WITH_KNOTS('',5,(#5607,#5608,#5609,#5610,#5611,
    #5612),.UNSPECIFIED.,.F.,.F.,(6,6),(0.,1.98365938166),
  .PIECEWISE_BEZIER_KNOTS.);
#5607 = CARTESIAN_POINT('',(80.0832538082,69.700978539353,
    17.212747737362));
#5608 = CARTESIAN_POINT('',(80.1355369462,69.939642978953,
    17.074954758962));
#5609 = CARTESIAN_POINT('',(80.1832391617,70.179067160753,
    16.936723143162));
#5610 = CARTESIAN_POINT('',(80.2264922393,70.419292794953,
    16.798028808562));
#5611 = CARTESIAN_POINT('',(80.2653468678,70.659910901753,
    16.659107879762));
#5612 = CARTESIAN_POINT('',(80.2999349962,70.900978538753,
    16.519927414662));
#5613 = ORIENTED_EDGE('',*,*,#5614,.T.);
#5614 = EDGE_CURVE('',#5604,#1620,#5615,.T.);
#5615 = LINE('',#5616,#5617);
#5616 = CARTESIAN_POINT('',(85.1899674981,70.900978538753,
    16.519927414662));
#5617 = VECTOR('',#5618,1.);
#5618 = DIRECTION('',(1.,-4.440892098501E-16,6.963276502785E-16));
#5619 = ORIENTED_EDGE('',*,*,#1619,.F.);
#5620 = PLANE('',#5621);
#5621 = AXIS2_PLACEMENT_3D('',#5622,#5623,#5624);
#5622 = CARTESIAN_POINT('',(43.58,69.700978539353,17.212747737362));
#5623 = DIRECTION('',(1.724573219048E-16,-0.5,-0.866025403784));
#5624 = DIRECTION('',(6.123583309283E-16,0.866025403784,-0.5));
#5625 = ADVANCED_FACE('',(#5626),#5645,.T.);
#5626 = FACE_BOUND('',#5627,.T.);
#5627 = EDGE_LOOP('',(#5628,#5629,#5638,#5644));
#5628 = ORIENTED_EDGE('',*,*,#5614,.F.);
#5629 = ORIENTED_EDGE('',*,*,#5630,.F.);
#5630 = EDGE_CURVE('',#5631,#5604,#5633,.T.);
#5631 = VERTEX_POINT('',#5632);
#5632 = CARTESIAN_POINT('',(80.3925526346,70.900978539353,
    16.077927414562));
#5633 = CIRCLE('',#5634,6.10000022825);
#5634 = AXIS2_PLACEMENT_3D('',#5635,#5636,#5637);
#5635 = CARTESIAN_POINT('',(74.3799997741,70.900978539353,
    15.048747700562));
#5636 = DIRECTION('',(-4.440892098501E-16,-1.,1.110223024625E-16));
#5637 = DIRECTION('',(3.330669073875E-16,-1.110223024625E-16,-1.));
#5638 = ORIENTED_EDGE('',*,*,#5639,.T.);
#5639 = EDGE_CURVE('',#5631,#1628,#5640,.T.);
#5640 = LINE('',#5641,#5642);
#5641 = CARTESIAN_POINT('',(85.2362763173,70.900978539353,
    16.077927414562));
#5642 = VECTOR('',#5643,1.);
#5643 = DIRECTION('',(1.,-4.440892098501E-16,6.998006345305E-16));
#5644 = ORIENTED_EDGE('',*,*,#1627,.F.);
#5645 = PLANE('',#5646);
#5646 = AXIS2_PLACEMENT_3D('',#5647,#5648,#5649);
#5647 = CARTESIAN_POINT('',(43.58,70.900978539353,-0.980072585668));
#5648 = DIRECTION('',(-4.440892098501E-16,-1.,1.110223024625E-16));
#5649 = DIRECTION('',(4.555315873025E-16,-1.110223024625E-16,-1.));
#5650 = ADVANCED_FACE('',(#5651),#5672,.T.);
#5651 = FACE_BOUND('',#5652,.T.);
#5652 = EDGE_LOOP('',(#5653,#5654,#5665,#5671));
#5653 = ORIENTED_EDGE('',*,*,#5639,.F.);
#5654 = ORIENTED_EDGE('',*,*,#5655,.T.);
#5655 = EDGE_CURVE('',#5631,#5656,#5658,.T.);
#5656 = VERTEX_POINT('',#5657);
#5657 = CARTESIAN_POINT('',(80.4707193653,69.700978539953,
    15.385107091662));
#5658 = B_SPLINE_CURVE_WITH_KNOTS('',5,(#5659,#5660,#5661,#5662,#5663,
    #5664),.UNSPECIFIED.,.F.,.F.,(6,6),(0.,1.96291203737),
  .PIECEWISE_BEZIER_KNOTS.);
#5659 = CARTESIAN_POINT('',(80.3925526346,70.900978539353,
    16.077927414362));
#5660 = CARTESIAN_POINT('',(80.4162224863,70.661468427953,
    15.939646187062));
#5661 = CARTESIAN_POINT('',(80.4358389672,70.421651902253,
    15.801188051362));
#5662 = CARTESIAN_POINT('',(80.4514447558,70.181478979553,
    15.662524149862));
#5663 = CARTESIAN_POINT('',(80.4630578012,69.941272662153,
    15.523840967862));
#5664 = CARTESIAN_POINT('',(80.4707193653,69.700978539953,
    15.385107091662));
#5665 = ORIENTED_EDGE('',*,*,#5666,.T.);
#5666 = EDGE_CURVE('',#5656,#1636,#5667,.T.);
#5667 = LINE('',#5668,#5669);
#5668 = CARTESIAN_POINT('',(85.2753596827,69.700978539953,
    15.385107091662));
#5669 = VECTOR('',#5670,1.);
#5670 = DIRECTION('',(1.,-4.440892098501E-16,3.330669073875E-16));
#5671 = ORIENTED_EDGE('',*,*,#1635,.F.);
#5672 = PLANE('',#5673);
#5673 = AXIS2_PLACEMENT_3D('',#5674,#5675,#5676);
#5674 = CARTESIAN_POINT('',(43.58,70.900978539353,16.077927414362));
#5675 = DIRECTION('',(-6.165465317551E-16,-0.5,0.866025403784));
#5676 = DIRECTION('',(-1.568267436254E-16,-0.866025403784,-0.5));
#5677 = ADVANCED_FACE('',(#5678),#5697,.T.);
#5678 = FACE_BOUND('',#5679,.T.);
#5679 = EDGE_LOOP('',(#5680,#5681,#5690,#5696));
#5680 = ORIENTED_EDGE('',*,*,#5666,.F.);
#5681 = ORIENTED_EDGE('',*,*,#5682,.F.);
#5682 = EDGE_CURVE('',#5683,#5656,#5685,.T.);
#5683 = VERTEX_POINT('',#5684);
#5684 = CARTESIAN_POINT('',(80.4707392006,69.700978539353,
    14.712747738162));
#5685 = CIRCLE('',#5686,6.1000007735);
#5686 = AXIS2_PLACEMENT_3D('',#5687,#5688,#5689);
#5687 = CARTESIAN_POINT('',(74.3799992258,69.700978539353,
    15.048747731662));
#5688 = DIRECTION('',(-4.440892098501E-16,-1.,1.110223024625E-16));
#5689 = DIRECTION('',(3.330669073875E-16,-1.110223024625E-16,-1.));
#5690 = ORIENTED_EDGE('',*,*,#5691,.T.);
#5691 = EDGE_CURVE('',#5683,#1644,#5692,.T.);
#5692 = LINE('',#5693,#5694);
#5693 = CARTESIAN_POINT('',(85.2753696003,69.700978539353,
    14.712747738162));
#5694 = VECTOR('',#5695,1.);
#5695 = DIRECTION('',(1.,-4.440892098501E-16,5.179257510065E-16));
#5696 = ORIENTED_EDGE('',*,*,#1643,.F.);
#5697 = PLANE('',#5698);
#5698 = AXIS2_PLACEMENT_3D('',#5699,#5700,#5701);
#5699 = CARTESIAN_POINT('',(43.58,69.700978539353,4.874773736205E-02));
#5700 = DIRECTION('',(-4.440892098501E-16,-1.,1.110223024625E-16));
#5701 = DIRECTION('',(1.,-4.440892098501E-16,4.555315873025E-16));
#5702 = ADVANCED_FACE('',(#5703),#5724,.T.);
#5703 = FACE_BOUND('',#5704,.T.);
#5704 = EDGE_LOOP('',(#5705,#5706,#5717,#5723));
#5705 = ORIENTED_EDGE('',*,*,#5691,.F.);
#5706 = ORIENTED_EDGE('',*,*,#5707,.F.);
#5707 = EDGE_CURVE('',#5708,#5683,#5710,.T.);
#5708 = VERTEX_POINT('',#5709);
#5709 = CARTESIAN_POINT('',(80.3926141354,70.900978538753,
    14.019927414662));
#5710 = B_SPLINE_CURVE_WITH_KNOTS('',5,(#5711,#5712,#5713,#5714,#5715,
    #5716),.UNSPECIFIED.,.F.,.F.,(6,6),(0.,1.9629087123),
  .PIECEWISE_BEZIER_KNOTS.);
#5711 = CARTESIAN_POINT('',(80.3926141354,70.900978538753,
    14.019927414662));
#5712 = CARTESIAN_POINT('',(80.4162755022,70.661468206553,
    14.158208769462));
#5713 = CARTESIAN_POINT('',(80.4358835933,70.421651575153,
    14.296666966162));
#5714 = CARTESIAN_POINT('',(80.4514810639,70.181478660253,
    14.435330863262));
#5715 = CARTESIAN_POINT('',(80.4630858535,69.941272451353,
    14.574013982562));
#5716 = CARTESIAN_POINT('',(80.4707392006,69.700978539353,
    14.712747737362));
#5717 = ORIENTED_EDGE('',*,*,#5718,.T.);
#5718 = EDGE_CURVE('',#5708,#1652,#5719,.T.);
#5719 = LINE('',#5720,#5721);
#5720 = CARTESIAN_POINT('',(85.2363070677,70.900978538753,
    14.019927414662));
#5721 = VECTOR('',#5722,1.);
#5722 = DIRECTION('',(1.,-4.440892098501E-16,3.330669073875E-16));
#5723 = ORIENTED_EDGE('',*,*,#1651,.F.);
#5724 = PLANE('',#5725);
#5725 = AXIS2_PLACEMENT_3D('',#5726,#5727,#5728);
#5726 = CARTESIAN_POINT('',(43.58,69.700978539353,14.712747737362));
#5727 = DIRECTION('',(1.724573219048E-16,-0.5,-0.866025403784));
#5728 = DIRECTION('',(6.123583309283E-16,0.866025403784,-0.5));
#5729 = ADVANCED_FACE('',(#5730),#5749,.T.);
#5730 = FACE_BOUND('',#5731,.T.);
#5731 = EDGE_LOOP('',(#5732,#5733,#5742,#5748));
#5732 = ORIENTED_EDGE('',*,*,#5718,.F.);
#5733 = ORIENTED_EDGE('',*,*,#5734,.F.);
#5734 = EDGE_CURVE('',#5735,#5708,#5737,.T.);
#5735 = VERTEX_POINT('',#5736);
#5736 = CARTESIAN_POINT('',(80.3000242877,70.900978539353,
    13.577927414562));
#5737 = CIRCLE('',#5738,6.09999830241);
#5738 = AXIS2_PLACEMENT_3D('',#5739,#5740,#5741);
#5739 = CARTESIAN_POINT('',(74.3800016644,70.900978539353,
    15.048747399762));
#5740 = DIRECTION('',(-4.440892098501E-16,-1.,1.110223024625E-16));
#5741 = DIRECTION('',(3.330669073875E-16,-1.110223024625E-16,-1.));
#5742 = ORIENTED_EDGE('',*,*,#5743,.T.);
#5743 = EDGE_CURVE('',#5735,#1660,#5744,.T.);
#5744 = LINE('',#5745,#5746);
#5745 = CARTESIAN_POINT('',(85.1900121439,70.900978539353,
    13.577927414562));
#5746 = VECTOR('',#5747,1.);
#5747 = DIRECTION('',(1.,-4.440892098501E-16,3.330669073875E-16));
#5748 = ORIENTED_EDGE('',*,*,#1659,.F.);
#5749 = PLANE('',#5750);
#5750 = AXIS2_PLACEMENT_3D('',#5751,#5752,#5753);
#5751 = CARTESIAN_POINT('',(43.58,70.900978539353,-0.980072585668));
#5752 = DIRECTION('',(-4.440892098501E-16,-1.,1.110223024625E-16));
#5753 = DIRECTION('',(4.555315873025E-16,-1.110223024625E-16,-1.));
#5754 = ADVANCED_FACE('',(#5755),#5776,.T.);
#5755 = FACE_BOUND('',#5756,.T.);
#5756 = EDGE_LOOP('',(#5757,#5758,#5769,#5775));
#5757 = ORIENTED_EDGE('',*,*,#5743,.F.);
#5758 = ORIENTED_EDGE('',*,*,#5759,.F.);
#5759 = EDGE_CURVE('',#5760,#5735,#5762,.T.);
#5760 = VERTEX_POINT('',#5761);
#5761 = CARTESIAN_POINT('',(80.0833901464,69.700978539953,
    12.885107091662));
#5762 = B_SPLINE_CURVE_WITH_KNOTS('',5,(#5763,#5764,#5765,#5766,#5767,
    #5768),.UNSPECIFIED.,.F.,.F.,(6,6),(0.,1.98364907783),
  .PIECEWISE_BEZIER_KNOTS.);
#5763 = CARTESIAN_POINT('',(80.0833901464,69.700978539953,
    12.885107091662));
#5764 = CARTESIAN_POINT('',(80.1356634265,69.939643317353,
    13.022900265162));
#5765 = CARTESIAN_POINT('',(80.1833560373,70.179067651753,
    13.161131969062));
#5766 = CARTESIAN_POINT('',(80.2265997257,70.419293257953,
    13.299826287462));
#5767 = CARTESIAN_POINT('',(80.2654451723,70.659911201353,
    13.438747121862));
#5768 = CARTESIAN_POINT('',(80.3000242877,70.900978539353,
    13.577927414362));
#5769 = ORIENTED_EDGE('',*,*,#5770,.T.);
#5770 = EDGE_CURVE('',#5760,#1668,#5771,.T.);
#5771 = LINE('',#5772,#5773);
#5772 = CARTESIAN_POINT('',(85.0816950732,69.700978539953,
    12.885107091662));
#5773 = VECTOR('',#5774,1.);
#5774 = DIRECTION('',(1.,-4.440892098501E-16,3.330669073875E-16));
#5775 = ORIENTED_EDGE('',*,*,#1667,.F.);
#5776 = PLANE('',#5777);
#5777 = AXIS2_PLACEMENT_3D('',#5778,#5779,#5780);
#5778 = CARTESIAN_POINT('',(43.58,70.900978539353,13.577927414362));
#5779 = DIRECTION('',(-6.165465317551E-16,-0.5,0.866025403784));
#5780 = DIRECTION('',(-1.568267436254E-16,-0.866025403784,-0.5));
#5781 = ADVANCED_FACE('',(#5782),#5801,.T.);
#5782 = FACE_BOUND('',#5783,.T.);
#5783 = EDGE_LOOP('',(#5784,#5785,#5794,#5800));
#5784 = ORIENTED_EDGE('',*,*,#5770,.F.);
#5785 = ORIENTED_EDGE('',*,*,#5786,.F.);
#5786 = EDGE_CURVE('',#5787,#5760,#5789,.T.);
#5787 = VERTEX_POINT('',#5788);
#5788 = CARTESIAN_POINT('',(79.7806577384,69.700978539353,
    12.212747738162));
#5789 = CIRCLE('',#5790,6.09999964346);
#5790 = AXIS2_PLACEMENT_3D('',#5791,#5792,#5793);
#5791 = CARTESIAN_POINT('',(74.3800003278,69.700978539353,
    15.048747594262));
#5792 = DIRECTION('',(-4.440892098501E-16,-1.,1.110223024625E-16));
#5793 = DIRECTION('',(3.330669073875E-16,-1.110223024625E-16,-1.));
#5794 = ORIENTED_EDGE('',*,*,#5795,.T.);
#5795 = EDGE_CURVE('',#5787,#1676,#5796,.T.);
#5796 = LINE('',#5797,#5798);
#5797 = CARTESIAN_POINT('',(84.9303288692,69.700978539353,
    12.212747738162));
#5798 = VECTOR('',#5799,1.);
#5799 = DIRECTION('',(1.,-4.440892098501E-16,5.055397502425E-16));
#5800 = ORIENTED_EDGE('',*,*,#1675,.F.);
#5801 = PLANE('',#5802);
#5802 = AXIS2_PLACEMENT_3D('',#5803,#5804,#5805);
#5803 = CARTESIAN_POINT('',(43.58,69.700978539353,4.874773736205E-02));
#5804 = DIRECTION('',(-4.440892098501E-16,-1.,1.110223024625E-16));
#5805 = DIRECTION('',(1.,-4.440892098501E-16,4.555315873025E-16));
#5806 = ADVANCED_FACE('',(#5807),#5828,.T.);
#5807 = FACE_BOUND('',#5808,.T.);
#5808 = EDGE_LOOP('',(#5809,#5810,#5821,#5827));
#5809 = ORIENTED_EDGE('',*,*,#5795,.F.);
#5810 = ORIENTED_EDGE('',*,*,#5811,.F.);
#5811 = EDGE_CURVE('',#5812,#5787,#5814,.T.);
#5812 = VERTEX_POINT('',#5813);
#5813 = CARTESIAN_POINT('',(79.3556835837,70.900978538753,
    11.519927414662));
#5814 = B_SPLINE_CURVE_WITH_KNOTS('',5,(#5815,#5816,#5817,#5818,#5819,
    #5820),.UNSPECIFIED.,.F.,.F.,(6,6),(0.,2.0501368276),
  .PIECEWISE_BEZIER_KNOTS.);
#5815 = CARTESIAN_POINT('',(79.3556835837,70.900978538753,
    11.519927414662));
#5816 = CARTESIAN_POINT('',(79.4525651789,70.664372885553,
    11.656531752262));
#5817 = CARTESIAN_POINT('',(79.543225405,70.425843991253,11.794246473562
    ));
#5818 = CARTESIAN_POINT('',(79.6280212762,70.185394042753,
    11.933070316062));
#5819 = CARTESIAN_POINT('',(79.7070424595,69.943789908053,
    12.072560528262));
#5820 = CARTESIAN_POINT('',(79.7806577384,69.700978539353,
    12.212747737362));
#5821 = ORIENTED_EDGE('',*,*,#5822,.T.);
#5822 = EDGE_CURVE('',#5812,#1684,#5823,.T.);
#5823 = LINE('',#5824,#5825);
#5824 = CARTESIAN_POINT('',(84.7178417918,70.900978538753,
    11.519927414662));
#5825 = VECTOR('',#5826,1.);
#5826 = DIRECTION('',(1.,-4.440892098501E-16,4.987051420725E-16));
#5827 = ORIENTED_EDGE('',*,*,#1683,.F.);
#5828 = PLANE('',#5829);
#5829 = AXIS2_PLACEMENT_3D('',#5830,#5831,#5832);
#5830 = CARTESIAN_POINT('',(43.58,69.700978539353,12.212747737362));
#5831 = DIRECTION('',(1.724573219048E-16,-0.5,-0.866025403784));
#5832 = DIRECTION('',(6.123583309283E-16,0.866025403784,-0.5));
#5833 = ADVANCED_FACE('',(#5834),#5853,.T.);
#5834 = FACE_BOUND('',#5835,.T.);
#5835 = EDGE_LOOP('',(#5836,#5837,#5846,#5852));
#5836 = ORIENTED_EDGE('',*,*,#5822,.F.);
#5837 = ORIENTED_EDGE('',*,*,#5838,.F.);
#5838 = EDGE_CURVE('',#5839,#5812,#5841,.T.);
#5839 = VERTEX_POINT('',#5840);
#5840 = CARTESIAN_POINT('',(79.0106139946,70.900978539353,
    11.077927414562));
#5841 = CIRCLE('',#5842,6.10000021917);
#5842 = AXIS2_PLACEMENT_3D('',#5843,#5844,#5845);
#5843 = CARTESIAN_POINT('',(74.3799998238,70.900978539353,
    15.048747868162));
#5844 = DIRECTION('',(-4.440892098501E-16,-1.,1.110223024625E-16));
#5845 = DIRECTION('',(3.330669073875E-16,-1.110223024625E-16,-1.));
#5846 = ORIENTED_EDGE('',*,*,#5847,.T.);
#5847 = EDGE_CURVE('',#5839,#1692,#5848,.T.);
#5848 = LINE('',#5849,#5850);
#5849 = CARTESIAN_POINT('',(84.5453069973,70.900978539353,
    11.077927414562));
#5850 = VECTOR('',#5851,1.);
#5851 = DIRECTION('',(1.,-4.440892098501E-16,4.935416472275E-16));
#5852 = ORIENTED_EDGE('',*,*,#1691,.F.);
#5853 = PLANE('',#5854);
#5854 = AXIS2_PLACEMENT_3D('',#5855,#5856,#5857);
#5855 = CARTESIAN_POINT('',(43.58,70.900978539353,-0.980072585668));
#5856 = DIRECTION('',(-4.440892098501E-16,-1.,1.110223024625E-16));
#5857 = DIRECTION('',(4.555315873025E-16,-1.110223024625E-16,-1.));
#5858 = ADVANCED_FACE('',(#5859),#5894,.T.);
#5859 = FACE_BOUND('',#5860,.T.);
#5860 = EDGE_LOOP('',(#5861,#5862,#5873,#5881,#5893));
#5861 = ORIENTED_EDGE('',*,*,#5847,.F.);
#5862 = ORIENTED_EDGE('',*,*,#5863,.F.);
#5863 = EDGE_CURVE('',#5864,#5839,#5866,.T.);
#5864 = VERTEX_POINT('',#5865);
#5865 = CARTESIAN_POINT('',(78.3119786269,69.700978539953,
    10.385107091662));
#5866 = B_SPLINE_CURVE_WITH_KNOTS('',5,(#5867,#5868,#5869,#5870,#5871,
    #5872),.UNSPECIFIED.,.F.,.F.,(6,6),(0.,2.19574759317),
  .PIECEWISE_BEZIER_KNOTS.);
#5867 = CARTESIAN_POINT('',(78.3119786269,69.700978539953,
    10.385107091662));
#5868 = CARTESIAN_POINT('',(78.470317797,69.932203685453,10.518604991662
    ));
#5869 = CARTESIAN_POINT('',(78.6186789749,70.168527750853,
    10.655046754462));
#5870 = CARTESIAN_POINT('',(78.7580120029,70.409760285953,
    10.794322423562));
#5871 = CARTESIAN_POINT('',(78.8882903386,70.653903186653,
    10.935278392962));
#5872 = CARTESIAN_POINT('',(79.0106139946,70.900978539353,
    11.077927414362));
#5873 = ORIENTED_EDGE('',*,*,#5874,.T.);
#5874 = EDGE_CURVE('',#5864,#5875,#5877,.T.);
#5875 = VERTEX_POINT('',#5876);
#5876 = CARTESIAN_POINT('',(90.2280511129,69.700978539953,
    10.385107091662));
#5877 = LINE('',#5878,#5879);
#5878 = CARTESIAN_POINT('',(84.2700148699,69.700978539953,
    10.385107091662));
#5879 = VECTOR('',#5880,1.);
#5880 = DIRECTION('',(1.,-4.440892098501E-16,4.821392499305E-16));
#5881 = ORIENTED_EDGE('',*,*,#5882,.T.);
#5882 = EDGE_CURVE('',#5875,#1700,#5883,.T.);
#5883 = B_SPLINE_CURVE_WITH_KNOTS('',5,(#5884,#5885,#5886,#5887,#5888,
    #5889,#5890,#5891,#5892),.UNSPECIFIED.,.F.,.F.,(6,3,6),(0.,
    1.06829530328,1.33537955696),.UNSPECIFIED.);
#5884 = CARTESIAN_POINT('',(90.2280511129,69.700978539953,
    10.385107091662));
#5885 = CARTESIAN_POINT('',(90.1774570201,69.824201740853,
    10.456250039862));
#5886 = CARTESIAN_POINT('',(90.1398337976,69.951418805653,
    10.529698846462));
#5887 = CARTESIAN_POINT('',(90.1125192588,70.079990392853,
    10.603929686962));
#5888 = CARTESIAN_POINT('',(90.0900374554,70.242582447053,
    10.697802253262));
#5889 = CARTESIAN_POINT('',(90.08167151,70.405926334853,10.792108890862)
  );
#5890 = CARTESIAN_POINT('',(90.080556808,70.438634436453,10.810992922162
    ));
#5891 = CARTESIAN_POINT('',(90.08,70.471331064653,10.829870329162));
#5892 = CARTESIAN_POINT('',(90.08,70.504027695353,10.848747737762));
#5893 = ORIENTED_EDGE('',*,*,#1699,.T.);
#5894 = PLANE('',#5895);
#5895 = AXIS2_PLACEMENT_3D('',#5896,#5897,#5898);
#5896 = CARTESIAN_POINT('',(43.58,70.900978539353,11.077927414362));
#5897 = DIRECTION('',(-6.165465317551E-16,-0.5,0.866025403784));
#5898 = DIRECTION('',(-1.568267436254E-16,-0.866025403784,-0.5));
#5899 = ADVANCED_FACE('',(#5900),#5920,.F.);
#5900 = FACE_BOUND('',#5901,.F.);
#5901 = EDGE_LOOP('',(#5902,#5903,#5911,#5918,#5919));
#5902 = ORIENTED_EDGE('',*,*,#5227,.F.);
#5903 = ORIENTED_EDGE('',*,*,#5904,.T.);
#5904 = EDGE_CURVE('',#5220,#5905,#5907,.T.);
#5905 = VERTEX_POINT('',#5906);
#5906 = CARTESIAN_POINT('',(90.8799999993,69.700978540253,
    10.048747737362));
#5907 = LINE('',#5908,#5909);
#5908 = CARTESIAN_POINT('',(90.8799999993,92.195837318353,
    10.048747737362));
#5909 = VECTOR('',#5910,1.);
#5910 = DIRECTION('',(-4.440892098501E-16,-1.,1.110222341411E-16));
#5911 = ORIENTED_EDGE('',*,*,#5912,.F.);
#5912 = EDGE_CURVE('',#5875,#5905,#5913,.T.);
#5913 = CIRCLE('',#5914,0.8);
#5914 = AXIS2_PLACEMENT_3D('',#5915,#5916,#5917);
#5915 = CARTESIAN_POINT('',(90.88,69.700978540253,10.848747737362));
#5916 = DIRECTION('',(-4.440892098501E-16,-1.,1.110223024625E-16));
#5917 = DIRECTION('',(3.330669073875E-16,-1.110223024625E-16,-1.));
#5918 = ORIENTED_EDGE('',*,*,#5882,.T.);
#5919 = ORIENTED_EDGE('',*,*,#1707,.F.);
#5920 = CYLINDRICAL_SURFACE('',#5921,0.8);
#5921 = AXIS2_PLACEMENT_3D('',#5922,#5923,#5924);
#5922 = CARTESIAN_POINT('',(90.88,92.195837319253,10.848747737362));
#5923 = DIRECTION('',(-4.440892098501E-16,-1.,1.110223024625E-16));
#5924 = DIRECTION('',(-1.,4.440892098501E-16,-4.555315873025E-16));
#5925 = ADVANCED_FACE('',(#5926),#5966,.F.);
#5926 = FACE_BOUND('',#5927,.F.);
#5927 = EDGE_LOOP('',(#5928,#5936,#5959,#5965));
#5928 = ORIENTED_EDGE('',*,*,#5929,.T.);
#5929 = EDGE_CURVE('',#1718,#5930,#5932,.T.);
#5930 = VERTEX_POINT('',#5931);
#5931 = CARTESIAN_POINT('',(80.2682229555,73.784332894953,
    16.642118514962));
#5932 = LINE('',#5933,#5934);
#5933 = CARTESIAN_POINT('',(90.9800000004,73.784332894953,
    16.642118514962));
#5934 = VECTOR('',#5935,1.);
#5935 = DIRECTION('',(-1.,4.440892098501E-16,-4.555316124315E-16));
#5936 = ORIENTED_EDGE('',*,*,#5937,.F.);
#5937 = EDGE_CURVE('',#5938,#5930,#5940,.T.);
#5938 = VERTEX_POINT('',#5939);
#5939 = CARTESIAN_POINT('',(80.2682229555,79.617624183753,
    13.455376959762));
#5940 = B_SPLINE_CURVE_WITH_KNOTS('',5,(#5941,#5942,#5943,#5944,#5945,
    #5946,#5947,#5948,#5949,#5950,#5951,#5952,#5953,#5954,#5955,#5956,
    #5957,#5958),.UNSPECIFIED.,.F.,.F.,(6,3,3,3,3,6),(0.,3.82273374742,
    6.77024655478,9.33488907942,11.8251440196,15.1556475604),
  .UNSPECIFIED.);
#5941 = CARTESIAN_POINT('',(80.2682229555,79.617624183753,
    13.455376959762));
#5942 = CARTESIAN_POINT('',(80.143974985,79.366788175153,12.996224725762
    ));
#5943 = CARTESIAN_POINT('',(79.9869047888,79.029336778253,
    12.593272814462));
#5944 = CARTESIAN_POINT('',(79.8167862236,78.617556691853,
    12.258507729962));
#5945 = CARTESIAN_POINT('',(79.5607330434,77.785622848753,
    11.818652560962));
#5946 = CARTESIAN_POINT('',(79.4704971034,76.832716686153,
    11.688463733962));
#5947 = CARTESIAN_POINT('',(79.477626539,76.414375801153,11.698397161362
    ));
#5948 = CARTESIAN_POINT('',(79.5729615208,75.647081828253,
    11.839325121762));
#5949 = CARTESIAN_POINT('',(79.768421397,74.969054544253,12.179877136962
    ));
#5950 = CARTESIAN_POINT('',(79.8723596382,74.677766311953,
    12.378092777262));
#5951 = CARTESIAN_POINT('',(80.0805497775,74.164788800353,
    12.833536045862));
#5952 = CARTESIAN_POINT('',(80.2673958989,73.780472509253,
    13.408611712062));
#5953 = CARTESIAN_POINT('',(80.3471806175,73.625491428253,
    13.719186640162));
#5954 = CARTESIAN_POINT('',(80.4878142601,73.360830699553,
    14.490569871262));
#5955 = CARTESIAN_POINT('',(80.5021475193,73.337936310953,
    15.324401237762));
#5956 = CARTESIAN_POINT('',(80.4598050088,73.413003670553,
    15.799399414462));
#5957 = CARTESIAN_POINT('',(80.3764722687,73.565795515553,
    16.242088525262));
#5958 = CARTESIAN_POINT('',(80.2682229548,73.784332894953,
    16.642118514962));
#5959 = ORIENTED_EDGE('',*,*,#5960,.F.);
#5960 = EDGE_CURVE('',#1716,#5938,#5961,.T.);
#5961 = LINE('',#5962,#5963);
#5962 = CARTESIAN_POINT('',(90.9800000004,79.617624183753,
    13.455376959762));
#5963 = VECTOR('',#5964,1.);
#5964 = DIRECTION('',(-1.,4.440892098501E-16,-4.555316124315E-16));
#5965 = ORIENTED_EDGE('',*,*,#1715,.T.);
#5966 = CYLINDRICAL_SURFACE('',#5967,3.3235);
#5967 = AXIS2_PLACEMENT_3D('',#5968,#5969,#5970);
#5968 = CARTESIAN_POINT('',(90.98,76.700978539353,15.048747737362));
#5969 = DIRECTION('',(-1.,4.4408920985E-16,-4.555315873025E-16));
#5970 = DIRECTION('',(6.081184230818E-16,0.87758256189,-0.479425538604)
  );
#5971 = ADVANCED_FACE('',(#5972),#5998,.F.);
#5972 = FACE_BOUND('',#5973,.F.);
#5973 = EDGE_LOOP('',(#5974,#5975,#5996,#5997));
#5974 = ORIENTED_EDGE('',*,*,#5960,.T.);
#5975 = ORIENTED_EDGE('',*,*,#5976,.F.);
#5976 = EDGE_CURVE('',#5930,#5938,#5977,.T.);
#5977 = B_SPLINE_CURVE_WITH_KNOTS('',5,(#5978,#5979,#5980,#5981,#5982,
    #5983,#5984,#5985,#5986,#5987,#5988,#5989,#5990,#5991,#5992,#5993,
    #5994,#5995),.UNSPECIFIED.,.F.,.F.,(6,3,3,3,3,6),(0.,3.82273356584,
    6.77024635498,9.3348889093,11.8251438677,15.155647382),
  .UNSPECIFIED.);
#5978 = CARTESIAN_POINT('',(80.2682229555,73.784332894953,
    16.642118514962));
#5979 = CARTESIAN_POINT('',(80.1439749921,74.035168889153,
    17.101270722562));
#5980 = CARTESIAN_POINT('',(79.9869048069,74.372620261653,
    17.504222614062));
#5981 = CARTESIAN_POINT('',(79.8167861924,74.784400474753,
    17.838987796962));
#5982 = CARTESIAN_POINT('',(79.5607330311,75.616334296253,
    18.278842928962));
#5983 = CARTESIAN_POINT('',(79.4704971014,76.569240422653,
    18.409031740662));
#5984 = CARTESIAN_POINT('',(79.4776265427,76.987581333253,
    18.399098307162));
#5985 = CARTESIAN_POINT('',(79.5729615303,77.754875296353,
    18.258170336862));
#5986 = CARTESIAN_POINT('',(79.7684214082,78.432902570353,
    17.917618316162));
#5987 = CARTESIAN_POINT('',(79.8723596532,78.724190802553,
    17.719402670362));
#5988 = CARTESIAN_POINT('',(80.0805497927,79.237168307853,
    17.263959395162));
#5989 = CARTESIAN_POINT('',(80.2673959116,79.621484591453,
    16.688883723362));
#5990 = CARTESIAN_POINT('',(80.3471806258,79.776465668153,
    16.378308793462));
#5991 = CARTESIAN_POINT('',(80.487814262,80.041126383953,15.606925566762
    ));
#5992 = CARTESIAN_POINT('',(80.5021475161,80.064020763653,
    14.773094209662));
#5993 = CARTESIAN_POINT('',(80.4598050066,79.988953402653,
    14.298096044362));
#5994 = CARTESIAN_POINT('',(80.3764722676,79.836161559253,
    13.855406942262));
#5995 = CARTESIAN_POINT('',(80.2682229555,79.617624183753,
    13.455376959762));
#5996 = ORIENTED_EDGE('',*,*,#5929,.F.);
#5997 = ORIENTED_EDGE('',*,*,#1743,.T.);
#5998 = CYLINDRICAL_SURFACE('',#5999,3.3235);
#5999 = AXIS2_PLACEMENT_3D('',#6000,#6001,#6002);
#6000 = CARTESIAN_POINT('',(90.98,76.700978539353,15.048747737362));
#6001 = DIRECTION('',(-1.,4.4408920985E-16,-4.555315873025E-16));
#6002 = DIRECTION('',(-6.081184230818E-16,-0.87758256189,0.479425538604)
  );
#6003 = ADVANCED_FACE('',(#6004),#6030,.T.);
#6004 = FACE_BOUND('',#6005,.T.);
#6005 = EDGE_LOOP('',(#6006,#6007,#6016,#6022,#6023,#6029));
#6006 = ORIENTED_EDGE('',*,*,#5874,.F.);
#6007 = ORIENTED_EDGE('',*,*,#6008,.F.);
#6008 = EDGE_CURVE('',#6009,#5864,#6011,.T.);
#6009 = VERTEX_POINT('',#6010);
#6010 = CARTESIAN_POINT('',(77.3358592651,69.700978539353,9.712747738162
    ));
#6011 = CIRCLE('',#6012,6.09999986303);
#6012 = AXIS2_PLACEMENT_3D('',#6013,#6014,#6015);
#6013 = CARTESIAN_POINT('',(74.3800000825,69.700978539353,
    15.048747627762));
#6014 = DIRECTION('',(-4.440892098501E-16,-1.,1.110223024625E-16));
#6015 = DIRECTION('',(3.330669073875E-16,-1.110223024625E-16,-1.));
#6016 = ORIENTED_EDGE('',*,*,#6017,.T.);
#6017 = EDGE_CURVE('',#6009,#1776,#6018,.T.);
#6018 = LINE('',#6019,#6020);
#6019 = CARTESIAN_POINT('',(86.5136732607,69.700978539353,9.712747738162
    ));
#6020 = VECTOR('',#6021,1.);
#6021 = DIRECTION('',(1.,-4.440892098501E-16,4.298414138357E-16));
#6022 = ORIENTED_EDGE('',*,*,#1775,.T.);
#6023 = ORIENTED_EDGE('',*,*,#6024,.F.);
#6024 = EDGE_CURVE('',#5905,#1778,#6025,.T.);
#6025 = LINE('',#6026,#6027);
#6026 = CARTESIAN_POINT('',(93.25402736,69.700978539353,10.048747737362)
  );
#6027 = VECTOR('',#6028,1.);
#6028 = DIRECTION('',(1.,-4.440892098501E-16,3.330669073875E-16));
#6029 = ORIENTED_EDGE('',*,*,#5912,.F.);
#6030 = PLANE('',#6031);
#6031 = AXIS2_PLACEMENT_3D('',#6032,#6033,#6034);
#6032 = CARTESIAN_POINT('',(43.58,69.700978539353,4.874773736205E-02));
#6033 = DIRECTION('',(-4.440892098501E-16,-1.,1.110223024625E-16));
#6034 = DIRECTION('',(1.,-4.440892098501E-16,4.555315873025E-16));
#6035 = ADVANCED_FACE('',(#6036),#6053,.T.);
#6036 = FACE_BOUND('',#6037,.T.);
#6037 = EDGE_LOOP('',(#6038,#6050,#6051,#6052));
#6038 = ORIENTED_EDGE('',*,*,#6039,.F.);
#6039 = EDGE_CURVE('',#3882,#6009,#6040,.T.);
#6040 = B_SPLINE_CURVE_WITH_KNOTS('',5,(#6041,#6042,#6043,#6044,#6045,
    #6046,#6047,#6048,#6049),.UNSPECIFIED.,.F.,.F.,(6,3,6),(0.,
    3.4200391222,3.52247464932),.UNSPECIFIED.);
#6041 = CARTESIAN_POINT('',(75.3091531153,70.900978538753,9.019927414662
    ));
#6042 = CARTESIAN_POINT('',(75.7698782893,70.777992017753,9.090933715692
    ));
#6043 = CARTESIAN_POINT('',(76.2046776734,70.582514308853,9.203792823552
    ));
#6044 = CARTESIAN_POINT('',(76.6022317292,70.335885708553,9.346183912332
    ));
#6045 = CARTESIAN_POINT('',(76.9711683623,70.045709903753,9.513716991352
    ));
#6046 = CARTESIAN_POINT('',(77.3067498002,69.728762657253,9.696706569392
    ));
#6047 = CARTESIAN_POINT('',(77.3164808343,69.719523145053,9.702041004252
    ));
#6048 = CARTESIAN_POINT('',(77.326183869,69.710261730953,9.707388084222)
  );
#6049 = CARTESIAN_POINT('',(77.3358592651,69.700978539353,9.712747737362
    ));
#6050 = ORIENTED_EDGE('',*,*,#3916,.T.);
#6051 = ORIENTED_EDGE('',*,*,#1786,.F.);
#6052 = ORIENTED_EDGE('',*,*,#6017,.F.);
#6053 = PLANE('',#6054);
#6054 = AXIS2_PLACEMENT_3D('',#6055,#6056,#6057);
#6055 = CARTESIAN_POINT('',(43.58,69.700978539353,9.712747737362));
#6056 = DIRECTION('',(1.724573219048E-16,-0.5,-0.866025403784));
#6057 = DIRECTION('',(6.123583309283E-16,0.866025403784,-0.5));
#6058 = ADVANCED_FACE('',(#6059),#6083,.T.);
#6059 = FACE_BOUND('',#6060,.T.);
#6060 = EDGE_LOOP('',(#6061,#6075,#6081,#6082));
#6061 = ORIENTED_EDGE('',*,*,#6062,.T.);
#6062 = EDGE_CURVE('',#3391,#6063,#6065,.T.);
#6063 = VERTEX_POINT('',#6064);
#6064 = CARTESIAN_POINT('',(81.0352104566,69.700978539953,
    -9.614892908368));
#6065 = B_SPLINE_CURVE_WITH_KNOTS('',5,(#6066,#6067,#6068,#6069,#6070,
    #6071,#6072,#6073,#6074),.UNSPECIFIED.,.F.,.F.,(6,3,6),(0.,
    3.42091224378,3.52457841841),.UNSPECIFIED.);
#6066 = CARTESIAN_POINT('',(79.0068184416,70.900978539353,
    -8.922072585668));
#6067 = CARTESIAN_POINT('',(79.4677619771,70.778250217553,
    -8.992929815318));
#6068 = CARTESIAN_POINT('',(79.9028130689,70.582937745453,
    -9.105693523648));
#6069 = CARTESIAN_POINT('',(80.3006051397,70.336397844953,
    -9.248033401538));
#6070 = CARTESIAN_POINT('',(80.6698778306,70.046157413253,
    -9.415603792938));
#6071 = CARTESIAN_POINT('',(81.0057457384,69.729091880353,
    -9.598661663678));
#6072 = CARTESIAN_POINT('',(81.0155958689,69.719743164353,
    -9.604059147408));
#6073 = CARTESIAN_POINT('',(81.0254173165,69.710372007553,
    -9.609469587308));
#6074 = CARTESIAN_POINT('',(81.0352104566,69.700978539953,
    -9.614892908368));
#6075 = ORIENTED_EDGE('',*,*,#6076,.T.);
#6076 = EDGE_CURVE('',#6063,#2057,#6077,.T.);
#6077 = LINE('',#6078,#6079);
#6078 = CARTESIAN_POINT('',(88.3633821764,69.700978539953,
    -9.614892908368));
#6079 = VECTOR('',#6080,1.);
#6080 = DIRECTION('',(1.,-4.440892098501E-16,4.542674542175E-16));
#6081 = ORIENTED_EDGE('',*,*,#2056,.T.);
#6082 = ORIENTED_EDGE('',*,*,#3399,.F.);
#6083 = PLANE('',#6084);
#6084 = AXIS2_PLACEMENT_3D('',#6085,#6086,#6087);
#6085 = CARTESIAN_POINT('',(43.58,70.900978539353,-8.922072585668));
#6086 = DIRECTION('',(-6.165465317551E-16,-0.5,0.866025403784));
#6087 = DIRECTION('',(-1.568267436254E-16,-0.866025403784,-0.5));
#6088 = ADVANCED_FACE('',(#6089),#6108,.T.);
#6089 = FACE_BOUND('',#6090,.T.);
#6090 = EDGE_LOOP('',(#6091,#6099,#6100,#6101));
#6091 = ORIENTED_EDGE('',*,*,#6092,.T.);
#6092 = EDGE_CURVE('',#6093,#2066,#6095,.T.);
#6093 = VERTEX_POINT('',#6094);
#6094 = CARTESIAN_POINT('',(82.0115523654,69.700978539353,
    -10.28725226183));
#6095 = LINE('',#6096,#6097);
#6096 = CARTESIAN_POINT('',(88.7869626888,69.700978539353,
    -10.28725226183));
#6097 = VECTOR('',#6098,1.);
#6098 = DIRECTION('',(1.,-4.440892098501E-16,4.641554138105E-16));
#6099 = ORIENTED_EDGE('',*,*,#2065,.T.);
#6100 = ORIENTED_EDGE('',*,*,#6076,.F.);
#6101 = ORIENTED_EDGE('',*,*,#6102,.F.);
#6102 = EDGE_CURVE('',#6093,#6063,#6103,.T.);
#6103 = CIRCLE('',#6104,6.10000002187);
#6104 = AXIS2_PLACEMENT_3D('',#6105,#6106,#6107);
#6105 = CARTESIAN_POINT('',(78.0799999927,69.700978539353,
    -14.95125228403));
#6106 = DIRECTION('',(-4.440892098501E-16,-1.,1.110223024625E-16));
#6107 = DIRECTION('',(3.330669073875E-16,-1.110223024625E-16,-1.));
#6108 = PLANE('',#6109);
#6109 = AXIS2_PLACEMENT_3D('',#6110,#6111,#6112);
#6110 = CARTESIAN_POINT('',(43.58,69.700978539353,4.874773736205E-02));
#6111 = DIRECTION('',(-4.440892098501E-16,-1.,1.110223024625E-16));
#6112 = DIRECTION('',(1.,-4.440892098501E-16,4.555315873025E-16));
#6113 = ADVANCED_FACE('',(#6114),#6135,.T.);
#6114 = FACE_BOUND('',#6115,.T.);
#6115 = EDGE_LOOP('',(#6116,#6127,#6133,#6134));
#6116 = ORIENTED_EDGE('',*,*,#6117,.T.);
#6117 = EDGE_CURVE('',#6093,#6118,#6120,.T.);
#6118 = VERTEX_POINT('',#6119);
#6119 = CARTESIAN_POINT('',(82.7103058192,70.900978538753,
    -10.98007258533));
#6120 = B_SPLINE_CURVE_WITH_KNOTS('',5,(#6121,#6122,#6123,#6124,#6125,
    #6126),.UNSPECIFIED.,.F.,.F.,(6,6),(0.,2.19582326324),
  .PIECEWISE_BEZIER_KNOTS.);
#6121 = CARTESIAN_POINT('',(82.0115523654,69.700978539353,
    -10.28725226263));
#6122 = CARTESIAN_POINT('',(82.1699186979,69.932200462553,
    -10.42074830223));
#6123 = CARTESIAN_POINT('',(82.3183050582,70.168523257153,
    -10.55718933133));
#6124 = CARTESIAN_POINT('',(82.4576616374,70.409756321153,
    -10.69646530573));
#6125 = CARTESIAN_POINT('',(82.5879617353,70.653900731153,
    -10.83742214653));
#6126 = CARTESIAN_POINT('',(82.7103058192,70.900978538753,
    -10.98007258533));
#6127 = ORIENTED_EDGE('',*,*,#6128,.T.);
#6128 = EDGE_CURVE('',#6118,#2075,#6129,.T.);
#6129 = LINE('',#6130,#6131);
#6130 = CARTESIAN_POINT('',(89.0650541549,70.900978538753,
    -10.98007258533));
#6131 = VECTOR('',#6132,1.);
#6132 = DIRECTION('',(1.,-4.440892098501E-16,4.728330118475E-16));
#6133 = ORIENTED_EDGE('',*,*,#2074,.T.);
#6134 = ORIENTED_EDGE('',*,*,#6092,.F.);
#6135 = PLANE('',#6136);
#6136 = AXIS2_PLACEMENT_3D('',#6137,#6138,#6139);
#6137 = CARTESIAN_POINT('',(43.58,69.700978539353,-10.28725226263));
#6138 = DIRECTION('',(1.724573219048E-16,-0.5,-0.866025403784));
#6139 = DIRECTION('',(6.123583309283E-16,0.866025403784,-0.5));
#6140 = ADVANCED_FACE('',(#6141),#6160,.T.);
#6141 = FACE_BOUND('',#6142,.T.);
#6142 = EDGE_LOOP('',(#6143,#6152,#6158,#6159));
#6143 = ORIENTED_EDGE('',*,*,#6144,.F.);
#6144 = EDGE_CURVE('',#6145,#6118,#6147,.T.);
#6145 = VERTEX_POINT('',#6146);
#6146 = CARTESIAN_POINT('',(83.055428706,70.900978539353,-11.42207258543
    ));
#6147 = CIRCLE('',#6148,6.1000006278);
#6148 = AXIS2_PLACEMENT_3D('',#6149,#6150,#6151);
#6149 = CARTESIAN_POINT('',(78.0799995029,70.900978539353,
    -14.95125264663));
#6150 = DIRECTION('',(-4.440892098501E-16,-1.,1.110223024625E-16));
#6151 = DIRECTION('',(3.330669073875E-16,-1.110223024625E-16,-1.));
#6152 = ORIENTED_EDGE('',*,*,#6153,.T.);
#6153 = EDGE_CURVE('',#6145,#2084,#6154,.T.);
#6154 = LINE('',#6155,#6156);
#6155 = CARTESIAN_POINT('',(89.1896116602,70.900978539353,
    -11.42207258543));
#6156 = VECTOR('',#6157,1.);
#6157 = DIRECTION('',(1.,-4.440892098501E-16,4.778585489685E-16));
#6158 = ORIENTED_EDGE('',*,*,#2083,.T.);
#6159 = ORIENTED_EDGE('',*,*,#6128,.F.);
#6160 = PLANE('',#6161);
#6161 = AXIS2_PLACEMENT_3D('',#6162,#6163,#6164);
#6162 = CARTESIAN_POINT('',(43.58,70.900978539353,-0.980072585668));
#6163 = DIRECTION('',(-4.440892098501E-16,-1.,1.110223024625E-16));
#6164 = DIRECTION('',(4.555315873025E-16,-1.110223024625E-16,-1.));
#6165 = ADVANCED_FACE('',(#6166),#6187,.T.);
#6166 = FACE_BOUND('',#6167,.T.);
#6167 = EDGE_LOOP('',(#6168,#6179,#6185,#6186));
#6168 = ORIENTED_EDGE('',*,*,#6169,.T.);
#6169 = EDGE_CURVE('',#6145,#6170,#6172,.T.);
#6170 = VERTEX_POINT('',#6171);
#6171 = CARTESIAN_POINT('',(83.4804690181,69.700978539953,
    -12.11489290833));
#6172 = B_SPLINE_CURVE_WITH_KNOTS('',5,(#6173,#6174,#6175,#6176,#6177,
    #6178),.UNSPECIFIED.,.F.,.F.,(6,6),(0.,2.05016436107),
  .PIECEWISE_BEZIER_KNOTS.);
#6173 = CARTESIAN_POINT('',(83.055428706,70.900978539353,-11.42207258563
    ));
#6174 = CARTESIAN_POINT('',(83.1523247712,70.664373763753,
    -11.55867641653));
#6175 = CARTESIAN_POINT('',(83.2429987776,70.425845239953,
    -11.69639092393));
#6176 = CARTESIAN_POINT('',(83.3278078361,70.185395180253,
    -11.83521483063));
#6177 = CARTESIAN_POINT('',(83.4068416205,69.943790628053,
    -11.97470528393));
#6178 = CARTESIAN_POINT('',(83.4804690181,69.700978539953,
    -12.11489290833));
#6179 = ORIENTED_EDGE('',*,*,#6180,.T.);
#6180 = EDGE_CURVE('',#6170,#2093,#6181,.T.);
#6181 = LINE('',#6182,#6183);
#6182 = CARTESIAN_POINT('',(89.3228974491,69.700978539953,
    -12.11489290833));
#6183 = VECTOR('',#6184,1.);
#6184 = DIRECTION('',(1.,-4.440892098501E-16,4.850890382875E-16));
#6185 = ORIENTED_EDGE('',*,*,#2092,.T.);
#6186 = ORIENTED_EDGE('',*,*,#6153,.F.);
#6187 = PLANE('',#6188);
#6188 = AXIS2_PLACEMENT_3D('',#6189,#6190,#6191);
#6189 = CARTESIAN_POINT('',(43.58,70.900978539353,-11.42207258563));
#6190 = DIRECTION('',(-6.165465317551E-16,-0.5,0.866025403784));
#6191 = DIRECTION('',(-1.568267436254E-16,-0.866025403784,-0.5));
#6192 = ADVANCED_FACE('',(#6193),#6212,.T.);
#6193 = FACE_BOUND('',#6194,.T.);
#6194 = EDGE_LOOP('',(#6195,#6203,#6204,#6205));
#6195 = ORIENTED_EDGE('',*,*,#6196,.T.);
#6196 = EDGE_CURVE('',#6197,#2102,#6199,.T.);
#6197 = VERTEX_POINT('',#6198);
#6198 = CARTESIAN_POINT('',(83.7832538075,69.700978539353,
    -12.78725226183));
#6199 = LINE('',#6200,#6201);
#6200 = CARTESIAN_POINT('',(89.392699927,69.700978539353,-12.78725226183
    ));
#6201 = VECTOR('',#6202,1.);
#6202 = DIRECTION('',(1.,-4.440892098501E-16,4.914031139895E-16));
#6203 = ORIENTED_EDGE('',*,*,#2101,.T.);
#6204 = ORIENTED_EDGE('',*,*,#6180,.F.);
#6205 = ORIENTED_EDGE('',*,*,#6206,.F.);
#6206 = EDGE_CURVE('',#6197,#6170,#6207,.T.);
#6207 = CIRCLE('',#6208,6.09999968249);
#6208 = AXIS2_PLACEMENT_3D('',#6209,#6210,#6211);
#6209 = CARTESIAN_POINT('',(78.080000289,69.700978539353,-14.95125213013
    ));
#6210 = DIRECTION('',(-4.440892098501E-16,-1.,1.110223024625E-16));
#6211 = DIRECTION('',(3.330669073875E-16,-1.110223024625E-16,-1.));
#6212 = PLANE('',#6213);
#6213 = AXIS2_PLACEMENT_3D('',#6214,#6215,#6216);
#6214 = CARTESIAN_POINT('',(43.58,69.700978539353,4.874773736205E-02));
#6215 = DIRECTION('',(-4.440892098501E-16,-1.,1.110223024625E-16));
#6216 = DIRECTION('',(1.,-4.440892098501E-16,4.555315873025E-16));
#6217 = ADVANCED_FACE('',(#6218),#6239,.T.);
#6218 = FACE_BOUND('',#6219,.T.);
#6219 = EDGE_LOOP('',(#6220,#6231,#6237,#6238));
#6220 = ORIENTED_EDGE('',*,*,#6221,.T.);
#6221 = EDGE_CURVE('',#6197,#6222,#6224,.T.);
#6222 = VERTEX_POINT('',#6223);
#6223 = CARTESIAN_POINT('',(83.9999349955,70.900978538753,
    -13.48007258533));
#6224 = B_SPLINE_CURVE_WITH_KNOTS('',5,(#6225,#6226,#6227,#6228,#6229,
    #6230),.UNSPECIFIED.,.F.,.F.,(6,6),(0.,1.98365938166),
  .PIECEWISE_BEZIER_KNOTS.);
#6225 = CARTESIAN_POINT('',(83.7832538075,69.700978539353,
    -12.78725226263));
#6226 = CARTESIAN_POINT('',(83.8355369454,69.939642978953,
    -12.92504524103));
#6227 = CARTESIAN_POINT('',(83.8832391609,70.179067160753,
    -13.06327685683));
#6228 = CARTESIAN_POINT('',(83.9264922385,70.419292794953,
    -13.20197119153));
#6229 = CARTESIAN_POINT('',(83.965346867,70.659910901753,-13.34089212023
    ));
#6230 = CARTESIAN_POINT('',(83.9999349955,70.900978538753,
    -13.48007258533));
#6231 = ORIENTED_EDGE('',*,*,#6232,.T.);
#6232 = EDGE_CURVE('',#6222,#2111,#6233,.T.);
#6233 = LINE('',#6234,#6235);
#6234 = CARTESIAN_POINT('',(89.4120820704,70.900978538753,
    -13.48007258533));
#6235 = VECTOR('',#6236,1.);
#6236 = DIRECTION('',(1.,-4.440892098501E-16,4.971752376675E-16));
#6237 = ORIENTED_EDGE('',*,*,#2110,.T.);
#6238 = ORIENTED_EDGE('',*,*,#6196,.F.);
#6239 = PLANE('',#6240);
#6240 = AXIS2_PLACEMENT_3D('',#6241,#6242,#6243);
#6241 = CARTESIAN_POINT('',(43.58,69.700978539353,-12.78725226263));
#6242 = DIRECTION('',(1.724573219048E-16,-0.5,-0.866025403784));
#6243 = DIRECTION('',(6.123583309283E-16,0.866025403784,-0.5));
#6244 = ADVANCED_FACE('',(#6245),#6264,.T.);
#6245 = FACE_BOUND('',#6246,.T.);
#6246 = EDGE_LOOP('',(#6247,#6256,#6262,#6263));
#6247 = ORIENTED_EDGE('',*,*,#6248,.F.);
#6248 = EDGE_CURVE('',#6249,#6222,#6251,.T.);
#6249 = VERTEX_POINT('',#6250);
#6250 = CARTESIAN_POINT('',(84.0925526357,70.900978539353,
    -13.92207258543));
#6251 = CIRCLE('',#6252,6.09999890945);
#6252 = AXIS2_PLACEMENT_3D('',#6253,#6254,#6255);
#6253 = CARTESIAN_POINT('',(78.080001071,70.900978539353,-14.95125205283
    ));
#6254 = DIRECTION('',(-4.440892098501E-16,-1.,1.110223024625E-16));
#6255 = DIRECTION('',(3.330669073875E-16,-1.110223024625E-16,-1.));
#6256 = ORIENTED_EDGE('',*,*,#6257,.T.);
#6257 = EDGE_CURVE('',#6249,#2120,#6258,.T.);
#6258 = LINE('',#6259,#6260);
#6259 = CARTESIAN_POINT('',(89.3990235272,70.900978539353,
    -13.92207258543));
#6260 = VECTOR('',#6261,1.);
#6261 = DIRECTION('',(1.,-4.440892098501E-16,5.004433875125E-16));
#6262 = ORIENTED_EDGE('',*,*,#2119,.T.);
#6263 = ORIENTED_EDGE('',*,*,#6232,.F.);
#6264 = PLANE('',#6265);
#6265 = AXIS2_PLACEMENT_3D('',#6266,#6267,#6268);
#6266 = CARTESIAN_POINT('',(43.58,70.900978539353,-0.980072585668));
#6267 = DIRECTION('',(-4.440892098501E-16,-1.,1.110223024625E-16));
#6268 = DIRECTION('',(4.555315873025E-16,-1.110223024625E-16,-1.));
#6269 = ADVANCED_FACE('',(#6270),#6291,.T.);
#6270 = FACE_BOUND('',#6271,.T.);
#6271 = EDGE_LOOP('',(#6272,#6283,#6289,#6290));
#6272 = ORIENTED_EDGE('',*,*,#6273,.T.);
#6273 = EDGE_CURVE('',#6249,#6274,#6276,.T.);
#6274 = VERTEX_POINT('',#6275);
#6275 = CARTESIAN_POINT('',(84.1707193646,69.700978539953,
    -14.61489290833));
#6276 = B_SPLINE_CURVE_WITH_KNOTS('',5,(#6277,#6278,#6279,#6280,#6281,
    #6282),.UNSPECIFIED.,.F.,.F.,(6,6),(0.,1.96291203722),
  .PIECEWISE_BEZIER_KNOTS.);
#6277 = CARTESIAN_POINT('',(84.0925526357,70.900978539353,
    -13.92207258563));
#6278 = CARTESIAN_POINT('',(84.1162224874,70.661468427953,
    -14.06035381293));
#6279 = CARTESIAN_POINT('',(84.1358389684,70.421651902353,
    -14.19881194853));
#6280 = CARTESIAN_POINT('',(84.1514447549,70.181478979553,
    -14.33747585023));
#6281 = CARTESIAN_POINT('',(84.1630578005,69.941272662153,
    -14.47615903213));
#6282 = CARTESIAN_POINT('',(84.1707193646,69.700978539953,
    -14.61489290833));
#6283 = ORIENTED_EDGE('',*,*,#6284,.T.);
#6284 = EDGE_CURVE('',#6274,#2129,#6285,.T.);
#6285 = LINE('',#6286,#6287);
#6286 = CARTESIAN_POINT('',(89.3409130973,69.700978539953,
    -14.61489290833));
#6287 = VECTOR('',#6288,1.);
#6288 = DIRECTION('',(1.,-4.440892098501E-16,5.048551353755E-16));
#6289 = ORIENTED_EDGE('',*,*,#2128,.T.);
#6290 = ORIENTED_EDGE('',*,*,#6257,.F.);
#6291 = PLANE('',#6292);
#6292 = AXIS2_PLACEMENT_3D('',#6293,#6294,#6295);
#6293 = CARTESIAN_POINT('',(43.58,70.900978539353,-13.92207258563));
#6294 = DIRECTION('',(-6.165465317551E-16,-0.5,0.866025403784));
#6295 = DIRECTION('',(-1.568267436254E-16,-0.866025403784,-0.5));
#6296 = ADVANCED_FACE('',(#6297),#6316,.T.);
#6297 = FACE_BOUND('',#6298,.T.);
#6298 = EDGE_LOOP('',(#6299,#6307,#6308,#6309));
#6299 = ORIENTED_EDGE('',*,*,#6300,.T.);
#6300 = EDGE_CURVE('',#6301,#2138,#6303,.T.);
#6301 = VERTEX_POINT('',#6302);
#6302 = CARTESIAN_POINT('',(84.1707391999,69.700978539353,
    -15.28725226183));
#6303 = LINE('',#6304,#6305);
#6304 = CARTESIAN_POINT('',(89.2417208552,69.700978539353,
    -15.28725226183));
#6305 = VECTOR('',#6306,1.);
#6306 = DIRECTION('',(1.,-4.440892098501E-16,5.082161151895E-16));
#6307 = ORIENTED_EDGE('',*,*,#2137,.T.);
#6308 = ORIENTED_EDGE('',*,*,#6284,.F.);
#6309 = ORIENTED_EDGE('',*,*,#6310,.F.);
#6310 = EDGE_CURVE('',#6301,#6274,#6311,.T.);
#6311 = CIRCLE('',#6312,6.09999954977);
#6312 = AXIS2_PLACEMENT_3D('',#6313,#6314,#6315);
#6313 = CARTESIAN_POINT('',(78.0800004506,69.700978539353,
    -14.95125226823));
#6314 = DIRECTION('',(-4.440892098501E-16,-1.,1.110223024625E-16));
#6315 = DIRECTION('',(3.330669073875E-16,-1.110223024625E-16,-1.));
#6316 = PLANE('',#6317);
#6317 = AXIS2_PLACEMENT_3D('',#6318,#6319,#6320);
#6318 = CARTESIAN_POINT('',(43.58,69.700978539353,4.874773736205E-02));
#6319 = DIRECTION('',(-4.440892098501E-16,-1.,1.110223024625E-16));
#6320 = DIRECTION('',(1.,-4.440892098501E-16,4.555315873025E-16));
#6321 = ADVANCED_FACE('',(#6322),#6343,.T.);
#6322 = FACE_BOUND('',#6323,.T.);
#6323 = EDGE_LOOP('',(#6324,#6335,#6341,#6342));
#6324 = ORIENTED_EDGE('',*,*,#6325,.F.);
#6325 = EDGE_CURVE('',#6326,#6301,#6328,.T.);
#6326 = VERTEX_POINT('',#6327);
#6327 = CARTESIAN_POINT('',(84.0926141347,70.900978538753,
    -15.98007258533));
#6328 = B_SPLINE_CURVE_WITH_KNOTS('',5,(#6329,#6330,#6331,#6332,#6333,
    #6334),.UNSPECIFIED.,.F.,.F.,(6,6),(0.,1.9629087123),
  .PIECEWISE_BEZIER_KNOTS.);
#6329 = CARTESIAN_POINT('',(84.0926141347,70.900978538753,
    -15.98007258533));
#6330 = CARTESIAN_POINT('',(84.1162755015,70.661468206553,
    -15.84179123053));
#6331 = CARTESIAN_POINT('',(84.1358835925,70.421651575153,
    -15.70333303383));
#6332 = CARTESIAN_POINT('',(84.151481063,70.181478660253,-15.56466913673
    ));
#6333 = CARTESIAN_POINT('',(84.1630858526,69.941272451353,
    -15.42598601743));
#6334 = CARTESIAN_POINT('',(84.1707391999,69.700978539353,
    -15.28725226263));
#6335 = ORIENTED_EDGE('',*,*,#6336,.T.);
#6336 = EDGE_CURVE('',#6326,#2147,#6337,.T.);
#6337 = LINE('',#6338,#6339);
#6338 = CARTESIAN_POINT('',(89.0953496023,70.900978538753,
    -15.98007258533));
#6339 = VECTOR('',#6340,1.);
#6340 = DIRECTION('',(1.,-4.440892098501E-16,6.881440148805E-16));
#6341 = ORIENTED_EDGE('',*,*,#2146,.T.);
#6342 = ORIENTED_EDGE('',*,*,#6300,.F.);
#6343 = PLANE('',#6344);
#6344 = AXIS2_PLACEMENT_3D('',#6345,#6346,#6347);
#6345 = CARTESIAN_POINT('',(43.58,69.700978539353,-15.28725226263));
#6346 = DIRECTION('',(1.724573219048E-16,-0.5,-0.866025403784));
#6347 = DIRECTION('',(6.123583309283E-16,0.866025403784,-0.5));
#6348 = ADVANCED_FACE('',(#6349),#6368,.T.);
#6349 = FACE_BOUND('',#6350,.T.);
#6350 = EDGE_LOOP('',(#6351,#6360,#6366,#6367));
#6351 = ORIENTED_EDGE('',*,*,#6352,.F.);
#6352 = EDGE_CURVE('',#6353,#6326,#6355,.T.);
#6353 = VERTEX_POINT('',#6354);
#6354 = CARTESIAN_POINT('',(84.0000242888,70.900978539353,
    -16.42207258543));
#6355 = CIRCLE('',#6356,6.09999962127);
#6356 = AXIS2_PLACEMENT_3D('',#6357,#6358,#6359);
#6357 = CARTESIAN_POINT('',(78.0800003678,70.900978539353,
    -14.95125235373));
#6358 = DIRECTION('',(-4.440892098501E-16,-1.,1.110223024625E-16));
#6359 = DIRECTION('',(3.330669073875E-16,-1.110223024625E-16,-1.));
#6360 = ORIENTED_EDGE('',*,*,#6361,.T.);
#6361 = EDGE_CURVE('',#6353,#2156,#6362,.T.);
#6362 = LINE('',#6363,#6364);
#6363 = CARTESIAN_POINT('',(88.9778667464,70.900978539353,
    -16.42207258543));
#6364 = VECTOR('',#6365,1.);
#6365 = DIRECTION('',(1.,-4.440892098501E-16,6.899196713175E-16));
#6366 = ORIENTED_EDGE('',*,*,#2155,.T.);
#6367 = ORIENTED_EDGE('',*,*,#6336,.F.);
#6368 = PLANE('',#6369);
#6369 = AXIS2_PLACEMENT_3D('',#6370,#6371,#6372);
#6370 = CARTESIAN_POINT('',(43.58,70.900978539353,-0.980072585668));
#6371 = DIRECTION('',(-4.440892098501E-16,-1.,1.110223024625E-16));
#6372 = DIRECTION('',(4.555315873025E-16,-1.110223024625E-16,-1.));
#6373 = ADVANCED_FACE('',(#6374),#6395,.T.);
#6374 = FACE_BOUND('',#6375,.T.);
#6375 = EDGE_LOOP('',(#6376,#6387,#6393,#6394));
#6376 = ORIENTED_EDGE('',*,*,#6377,.F.);
#6377 = EDGE_CURVE('',#6378,#6353,#6380,.T.);
#6378 = VERTEX_POINT('',#6379);
#6379 = CARTESIAN_POINT('',(83.7833901457,69.700978539953,
    -17.11489290833));
#6380 = B_SPLINE_CURVE_WITH_KNOTS('',5,(#6381,#6382,#6383,#6384,#6385,
    #6386),.UNSPECIFIED.,.F.,.F.,(6,6),(0.,1.98364907823),
  .PIECEWISE_BEZIER_KNOTS.);
#6381 = CARTESIAN_POINT('',(83.7833901457,69.700978539953,
    -17.11489290833));
#6382 = CARTESIAN_POINT('',(83.8356634258,69.939643317453,
    -16.97709973483));
#6383 = CARTESIAN_POINT('',(83.8833560365,70.179067651853,
    -16.83886803093));
#6384 = CARTESIAN_POINT('',(83.9265997268,70.419293257953,
    -16.70017371253));
#6385 = CARTESIAN_POINT('',(83.9654451734,70.659911201353,
    -16.56125287813));
#6386 = CARTESIAN_POINT('',(84.0000242888,70.900978539353,
    -16.42207258563));
#6387 = ORIENTED_EDGE('',*,*,#6388,.T.);
#6388 = EDGE_CURVE('',#6378,#2165,#6389,.T.);
#6389 = LINE('',#6390,#6391);
#6390 = CARTESIAN_POINT('',(88.7536387536,69.700978539953,
    -17.11489290833));
#6391 = VECTOR('',#6392,1.);
#6392 = DIRECTION('',(1.,-4.440892098501E-16,6.904648927865E-16));
#6393 = ORIENTED_EDGE('',*,*,#2164,.T.);
#6394 = ORIENTED_EDGE('',*,*,#6361,.F.);
#6395 = PLANE('',#6396);
#6396 = AXIS2_PLACEMENT_3D('',#6397,#6398,#6399);
#6397 = CARTESIAN_POINT('',(43.58,70.900978539353,-16.42207258563));
#6398 = DIRECTION('',(-6.165465317551E-16,-0.5,0.866025403784));
#6399 = DIRECTION('',(-1.568267436254E-16,-0.866025403784,-0.5));
#6400 = ADVANCED_FACE('',(#6401),#6420,.T.);
#6401 = FACE_BOUND('',#6402,.T.);
#6402 = EDGE_LOOP('',(#6403,#6411,#6412,#6413));
#6403 = ORIENTED_EDGE('',*,*,#6404,.T.);
#6404 = EDGE_CURVE('',#6405,#2174,#6407,.T.);
#6405 = VERTEX_POINT('',#6406);
#6406 = CARTESIAN_POINT('',(83.4806577376,69.700978539353,
    -17.78725226183));
#6407 = LINE('',#6408,#6409);
#6408 = CARTESIAN_POINT('',(88.484672699,69.700978539353,-17.78725226183
    ));
#6409 = VECTOR('',#6410,1.);
#6410 = DIRECTION('',(1.,-4.440892098501E-16,3.330669073875E-16));
#6411 = ORIENTED_EDGE('',*,*,#2173,.T.);
#6412 = ORIENTED_EDGE('',*,*,#6388,.F.);
#6413 = ORIENTED_EDGE('',*,*,#6414,.F.);
#6414 = EDGE_CURVE('',#6405,#6378,#6415,.T.);
#6415 = CIRCLE('',#6416,6.09999964346);
#6416 = AXIS2_PLACEMENT_3D('',#6417,#6418,#6419);
#6417 = CARTESIAN_POINT('',(78.080000327,69.700978539353,-14.95125240573
    ));
#6418 = DIRECTION('',(-4.440892098501E-16,-1.,1.110223024625E-16));
#6419 = DIRECTION('',(3.330669073875E-16,-1.110223024625E-16,-1.));
#6420 = PLANE('',#6421);
#6421 = AXIS2_PLACEMENT_3D('',#6422,#6423,#6424);
#6422 = CARTESIAN_POINT('',(43.58,69.700978539353,4.874773736205E-02));
#6423 = DIRECTION('',(-4.440892098501E-16,-1.,1.110223024625E-16));
#6424 = DIRECTION('',(1.,-4.440892098501E-16,4.555315873025E-16));
#6425 = ADVANCED_FACE('',(#6426),#6447,.T.);
#6426 = FACE_BOUND('',#6427,.T.);
#6427 = EDGE_LOOP('',(#6428,#6439,#6445,#6446));
#6428 = ORIENTED_EDGE('',*,*,#6429,.F.);
#6429 = EDGE_CURVE('',#6430,#6405,#6432,.T.);
#6430 = VERTEX_POINT('',#6431);
#6431 = CARTESIAN_POINT('',(83.0556835848,70.900978538753,
    -18.48007258533));
#6432 = B_SPLINE_CURVE_WITH_KNOTS('',5,(#6433,#6434,#6435,#6436,#6437,
    #6438),.UNSPECIFIED.,.F.,.F.,(6,6),(0.,2.05013682682),
  .PIECEWISE_BEZIER_KNOTS.);
#6433 = CARTESIAN_POINT('',(83.0556835848,70.900978538753,
    -18.48007258533));
#6434 = CARTESIAN_POINT('',(83.15256518,70.664372885653,-18.34346824783)
  );
#6435 = CARTESIAN_POINT('',(83.2432254061,70.425843991453,
    -18.20575352653));
#6436 = CARTESIAN_POINT('',(83.3280212756,70.185394042653,
    -18.06692968383));
#6437 = CARTESIAN_POINT('',(83.4070424589,69.943789908053,
    -17.92743947173));
#6438 = CARTESIAN_POINT('',(83.4806577376,69.700978539353,
    -17.78725226263));
#6439 = ORIENTED_EDGE('',*,*,#6440,.T.);
#6440 = EDGE_CURVE('',#6430,#2183,#6441,.T.);
#6441 = LINE('',#6442,#6443);
#6442 = CARTESIAN_POINT('',(88.1456629689,70.900978538753,
    -18.48007258533));
#6443 = VECTOR('',#6444,1.);
#6444 = DIRECTION('',(1.,-4.440892098501E-16,6.820578767715E-16));
#6445 = ORIENTED_EDGE('',*,*,#2182,.T.);
#6446 = ORIENTED_EDGE('',*,*,#6404,.F.);
#6447 = PLANE('',#6448);
#6448 = AXIS2_PLACEMENT_3D('',#6449,#6450,#6451);
#6449 = CARTESIAN_POINT('',(43.58,69.700978539353,-17.78725226263));
#6450 = DIRECTION('',(1.724573219048E-16,-0.5,-0.866025403784));
#6451 = DIRECTION('',(6.123583309283E-16,0.866025403784,-0.5));
#6452 = ADVANCED_FACE('',(#6453),#6472,.T.);
#6453 = FACE_BOUND('',#6454,.T.);
#6454 = EDGE_LOOP('',(#6455,#6464,#6470,#6471));
#6455 = ORIENTED_EDGE('',*,*,#6456,.F.);
#6456 = EDGE_CURVE('',#6457,#6430,#6459,.T.);
#6457 = VERTEX_POINT('',#6458);
#6458 = CARTESIAN_POINT('',(82.7106139939,70.900978539353,
    -18.92207258543));
#6459 = CIRCLE('',#6460,6.09999955022);
#6460 = AXIS2_PLACEMENT_3D('',#6461,#6462,#6463);
#6461 = CARTESIAN_POINT('',(78.0800003617,70.900978539353,
    -14.95125253133));
#6462 = DIRECTION('',(-4.440892098501E-16,-1.,1.110223024625E-16));
#6463 = DIRECTION('',(3.330669073875E-16,-1.110223024625E-16,-1.));
#6464 = ORIENTED_EDGE('',*,*,#6465,.T.);
#6465 = EDGE_CURVE('',#6457,#2192,#6466,.T.);
#6466 = LINE('',#6467,#6468);
#6467 = CARTESIAN_POINT('',(87.8895385283,70.900978539353,
    -18.92207258543));
#6468 = VECTOR('',#6469,1.);
#6469 = DIRECTION('',(1.,-4.440892098501E-16,6.760641508455E-16));
#6470 = ORIENTED_EDGE('',*,*,#2191,.T.);
#6471 = ORIENTED_EDGE('',*,*,#6440,.F.);
#6472 = PLANE('',#6473);
#6473 = AXIS2_PLACEMENT_3D('',#6474,#6475,#6476);
#6474 = CARTESIAN_POINT('',(43.58,70.900978539353,-0.980072585668));
#6475 = DIRECTION('',(-4.440892098501E-16,-1.,1.110223024625E-16));
#6476 = DIRECTION('',(4.555315873025E-16,-1.110223024625E-16,-1.));
#6477 = ADVANCED_FACE('',(#6478),#6499,.T.);
#6478 = FACE_BOUND('',#6479,.T.);
#6479 = EDGE_LOOP('',(#6480,#6491,#6497,#6498));
#6480 = ORIENTED_EDGE('',*,*,#6481,.F.);
#6481 = EDGE_CURVE('',#6482,#6457,#6484,.T.);
#6482 = VERTEX_POINT('',#6483);
#6483 = CARTESIAN_POINT('',(82.011978628,69.700978539953,-19.61489290833
    ));
#6484 = B_SPLINE_CURVE_WITH_KNOTS('',5,(#6485,#6486,#6487,#6488,#6489,
    #6490),.UNSPECIFIED.,.F.,.F.,(6,6),(0.,2.19574759201),
  .PIECEWISE_BEZIER_KNOTS.);
#6485 = CARTESIAN_POINT('',(82.011978628,69.700978539953,-19.61489290833
    ));
#6486 = CARTESIAN_POINT('',(82.170317798,69.932203685353,-19.48139500833
    ));
#6487 = CARTESIAN_POINT('',(82.3186789759,70.168527750653,
    -19.34495324573));
#6488 = CARTESIAN_POINT('',(82.4580120022,70.409760286153,
    -19.20567757633));
#6489 = CARTESIAN_POINT('',(82.5882903378,70.653903186853,
    -19.06472160693));
#6490 = CARTESIAN_POINT('',(82.7106139939,70.900978539353,
    -18.92207258563));
#6491 = ORIENTED_EDGE('',*,*,#6492,.T.);
#6492 = EDGE_CURVE('',#6482,#2201,#6493,.T.);
#6493 = LINE('',#6494,#6495);
#6494 = CARTESIAN_POINT('',(87.4046322908,69.700978539953,
    -19.61489290833));
#6495 = VECTOR('',#6496,1.);
#6496 = DIRECTION('',(1.,-4.440892098501E-16,6.624700084405E-16));
#6497 = ORIENTED_EDGE('',*,*,#2200,.T.);
#6498 = ORIENTED_EDGE('',*,*,#6465,.F.);
#6499 = PLANE('',#6500);
#6500 = AXIS2_PLACEMENT_3D('',#6501,#6502,#6503);
#6501 = CARTESIAN_POINT('',(43.58,70.900978539353,-18.92207258563));
#6502 = DIRECTION('',(-6.165465317551E-16,-0.5,0.866025403784));
#6503 = DIRECTION('',(-1.568267436254E-16,-0.866025403784,-0.5));
#6504 = ADVANCED_FACE('',(#6505),#6524,.T.);
#6505 = FACE_BOUND('',#6506,.T.);
#6506 = EDGE_LOOP('',(#6507,#6508,#6509,#6518));
#6507 = ORIENTED_EDGE('',*,*,#2209,.T.);
#6508 = ORIENTED_EDGE('',*,*,#6492,.F.);
#6509 = ORIENTED_EDGE('',*,*,#6510,.F.);
#6510 = EDGE_CURVE('',#6511,#6482,#6513,.T.);
#6511 = VERTEX_POINT('',#6512);
#6512 = CARTESIAN_POINT('',(81.0358592662,69.700978539353,
    -20.28725226183));
#6513 = CIRCLE('',#6514,6.10000008532);
#6514 = AXIS2_PLACEMENT_3D('',#6515,#6516,#6517);
#6515 = CARTESIAN_POINT('',(78.0799999569,69.700978539353,
    -14.95125218833));
#6516 = DIRECTION('',(-4.440892098501E-16,-1.,1.110223024625E-16));
#6517 = DIRECTION('',(3.330669073875E-16,-1.110223024625E-16,-1.));
#6518 = ORIENTED_EDGE('',*,*,#6519,.T.);
#6519 = EDGE_CURVE('',#6511,#2210,#6520,.T.);
#6520 = LINE('',#6521,#6522);
#6521 = CARTESIAN_POINT('',(86.7795821316,69.700978539353,
    -20.28725226183));
#6522 = VECTOR('',#6523,1.);
#6523 = DIRECTION('',(1.,-4.440892098501E-16,3.330669073875E-16));
#6524 = PLANE('',#6525);
#6525 = AXIS2_PLACEMENT_3D('',#6526,#6527,#6528);
#6526 = CARTESIAN_POINT('',(43.58,69.700978539353,4.874773736205E-02));
#6527 = DIRECTION('',(-4.440892098501E-16,-1.,1.110223024625E-16));
#6528 = DIRECTION('',(1.,-4.440892098501E-16,4.555315873025E-16));
#6529 = ADVANCED_FACE('',(#6530),#6554,.T.);
#6530 = FACE_BOUND('',#6531,.T.);
#6531 = EDGE_LOOP('',(#6532,#6546,#6552,#6553));
#6532 = ORIENTED_EDGE('',*,*,#6533,.F.);
#6533 = EDGE_CURVE('',#6534,#6511,#6536,.T.);
#6534 = VERTEX_POINT('',#6535);
#6535 = CARTESIAN_POINT('',(79.0091531164,70.900978538753,
    -20.98007258533));
#6536 = B_SPLINE_CURVE_WITH_KNOTS('',5,(#6537,#6538,#6539,#6540,#6541,
    #6542,#6543,#6544,#6545),.UNSPECIFIED.,.F.,.F.,(6,3,6),(0.,
    3.4200390929,3.52247461761),.UNSPECIFIED.);
#6537 = CARTESIAN_POINT('',(79.0091531164,70.900978538753,
    -20.98007258533));
#6538 = CARTESIAN_POINT('',(79.4698782852,70.777992019053,
    -20.90906628513));
#6539 = CARTESIAN_POINT('',(79.9046776647,70.582514313253,
    -20.79620717903));
#6540 = CARTESIAN_POINT('',(80.3022317406,70.335885702353,
    -20.65381608413));
#6541 = CARTESIAN_POINT('',(80.6711683689,70.045709900553,
    -20.48628300683));
#6542 = CARTESIAN_POINT('',(81.0067498027,69.728762657753,
    -20.30329343083));
#6543 = CARTESIAN_POINT('',(81.016480836,69.719523144553,-20.29795899543
    ));
#6544 = CARTESIAN_POINT('',(81.0261838704,69.710261730653,
    -20.29261191563));
#6545 = CARTESIAN_POINT('',(81.0358592662,69.700978539353,
    -20.28725226263));
#6546 = ORIENTED_EDGE('',*,*,#6547,.T.);
#6547 = EDGE_CURVE('',#6534,#2219,#6548,.T.);
#6548 = LINE('',#6549,#6550);
#6549 = CARTESIAN_POINT('',(85.6194029496,70.900978538753,
    -20.98007258533));
#6550 = VECTOR('',#6551,1.);
#6551 = DIRECTION('',(1.,-4.440892098501E-16,6.017945476765E-16));
#6552 = ORIENTED_EDGE('',*,*,#2218,.T.);
#6553 = ORIENTED_EDGE('',*,*,#6519,.F.);
#6554 = PLANE('',#6555);
#6555 = AXIS2_PLACEMENT_3D('',#6556,#6557,#6558);
#6556 = CARTESIAN_POINT('',(43.58,69.700978539353,-20.28725226263));
#6557 = DIRECTION('',(1.724573219048E-16,-0.5,-0.866025403784));
#6558 = DIRECTION('',(6.123583309283E-16,0.866025403784,-0.5));
#6559 = ADVANCED_FACE('',(#6560),#6603,.T.);
#6560 = FACE_BOUND('',#6561,.T.);
#6561 = EDGE_LOOP('',(#6562,#6568,#6569,#6570,#6579,#6587,#6596,#6602));
#6562 = ORIENTED_EDGE('',*,*,#6563,.T.);
#6563 = EDGE_CURVE('',#2925,#2228,#6564,.T.);
#6564 = LINE('',#6565,#6566);
#6565 = CARTESIAN_POINT('',(44.558102869354,70.900978539353,
    -21.42207258543));
#6566 = VECTOR('',#6567,1.);
#6567 = DIRECTION('',(1.,-4.440892098501E-16,4.827238424415E-16));
#6568 = ORIENTED_EDGE('',*,*,#2227,.T.);
#6569 = ORIENTED_EDGE('',*,*,#6547,.F.);
#6570 = ORIENTED_EDGE('',*,*,#6571,.F.);
#6571 = EDGE_CURVE('',#6572,#6534,#6574,.T.);
#6572 = VERTEX_POINT('',#6573);
#6573 = CARTESIAN_POINT('',(78.08,70.900978539353,-21.05125226243));
#6574 = CIRCLE('',#6575,6.09999993193);
#6575 = AXIS2_PLACEMENT_3D('',#6576,#6577,#6578);
#6576 = CARTESIAN_POINT('',(78.0800000069,70.900978539353,
    -14.95125233053));
#6577 = DIRECTION('',(-4.440892098501E-16,-1.,1.110223024625E-16));
#6578 = DIRECTION('',(3.330669073875E-16,-1.110223024625E-16,-1.));
#6579 = ORIENTED_EDGE('',*,*,#6580,.T.);
#6580 = EDGE_CURVE('',#6572,#6581,#6583,.T.);
#6581 = VERTEX_POINT('',#6582);
#6582 = CARTESIAN_POINT('',(12.7799999993,70.900978539353,
    -21.05125226243));
#6583 = LINE('',#6584,#6585);
#6584 = CARTESIAN_POINT('',(45.42999999963,70.900978539353,
    -21.05125226243));
#6585 = VECTOR('',#6586,1.);
#6586 = DIRECTION('',(-1.,4.440892098501E-16,-4.418789649295E-16));
#6587 = ORIENTED_EDGE('',*,*,#6588,.F.);
#6588 = EDGE_CURVE('',#6589,#6581,#6591,.T.);
#6589 = VERTEX_POINT('',#6590);
#6590 = CARTESIAN_POINT('',(11.8508468847,70.900978539353,
    -20.98007258563));
#6591 = CIRCLE('',#6592,6.09999993193);
#6592 = AXIS2_PLACEMENT_3D('',#6593,#6594,#6595);
#6593 = CARTESIAN_POINT('',(12.7799999942,70.900978539353,
    -14.95125233053));
#6594 = DIRECTION('',(-4.440892098501E-16,-1.,1.110223024625E-16));
#6595 = DIRECTION('',(3.330669073875E-16,-1.110223024625E-16,-1.));
#6596 = ORIENTED_EDGE('',*,*,#6597,.F.);
#6597 = EDGE_CURVE('',#2933,#6589,#6598,.T.);
#6598 = LINE('',#6599,#6600);
#6599 = CARTESIAN_POINT('',(4.4654234423,70.900978539353,-20.98007258563
    ));
#6600 = VECTOR('',#6601,1.);
#6601 = DIRECTION('',(1.,-4.440892098501E-16,5.735889103935E-16));
#6602 = ORIENTED_EDGE('',*,*,#2932,.T.);
#6603 = PLANE('',#6604);
#6604 = AXIS2_PLACEMENT_3D('',#6605,#6606,#6607);
#6605 = CARTESIAN_POINT('',(43.58,70.900978539353,-0.980072585668));
#6606 = DIRECTION('',(-4.440892098501E-16,-1.,1.110223024625E-16));
#6607 = DIRECTION('',(4.555315873025E-16,-1.110223024625E-16,-1.));
#6608 = ADVANCED_FACE('',(#6609),#6620,.T.);
#6609 = FACE_BOUND('',#6610,.T.);
#6610 = EDGE_LOOP('',(#6611,#6617,#6618,#6619));
#6611 = ORIENTED_EDGE('',*,*,#6612,.T.);
#6612 = EDGE_CURVE('',#2917,#2237,#6613,.T.);
#6613 = LINE('',#6614,#6615);
#6614 = CARTESIAN_POINT('',(44.401627662517,69.700978539953,
    -22.11489290833));
#6615 = VECTOR('',#6616,1.);
#6616 = DIRECTION('',(1.,-4.440892098501E-16,4.832187028475E-16));
#6617 = ORIENTED_EDGE('',*,*,#2236,.T.);
#6618 = ORIENTED_EDGE('',*,*,#6563,.F.);
#6619 = ORIENTED_EDGE('',*,*,#2924,.T.);
#6620 = PLANE('',#6621);
#6621 = AXIS2_PLACEMENT_3D('',#6622,#6623,#6624);
#6622 = CARTESIAN_POINT('',(43.58,70.900978539353,-21.42207258563));
#6623 = DIRECTION('',(-6.165465317551E-16,-0.5,0.866025403784));
#6624 = DIRECTION('',(-1.568267436254E-16,-0.866025403784,-0.5));
#6625 = ADVANCED_FACE('',(#6626),#6637,.T.);
#6626 = FACE_BOUND('',#6627,.T.);
#6627 = EDGE_LOOP('',(#6628,#6634,#6635,#6636));
#6628 = ORIENTED_EDGE('',*,*,#6629,.T.);
#6629 = EDGE_CURVE('',#2909,#2246,#6630,.T.);
#6630 = LINE('',#6631,#6632);
#6631 = CARTESIAN_POINT('',(44.24399749089,69.700978539353,
    -22.78725226183));
#6632 = VECTOR('',#6633,1.);
#6633 = DIRECTION('',(1.,-4.440892098501E-16,4.460571287785E-16));
#6634 = ORIENTED_EDGE('',*,*,#2245,.T.);
#6635 = ORIENTED_EDGE('',*,*,#6612,.F.);
#6636 = ORIENTED_EDGE('',*,*,#2916,.T.);
#6637 = PLANE('',#6638);
#6638 = AXIS2_PLACEMENT_3D('',#6639,#6640,#6641);
#6639 = CARTESIAN_POINT('',(43.58,69.700978539353,4.874773736205E-02));
#6640 = DIRECTION('',(-4.440892098501E-16,-1.,1.110223024625E-16));
#6641 = DIRECTION('',(1.,-4.440892098501E-16,4.555315873025E-16));
#6642 = ADVANCED_FACE('',(#6643),#6654,.T.);
#6643 = FACE_BOUND('',#6644,.T.);
#6644 = EDGE_LOOP('',(#6645,#6651,#6652,#6653));
#6645 = ORIENTED_EDGE('',*,*,#6646,.T.);
#6646 = EDGE_CURVE('',#2901,#2255,#6647,.T.);
#6647 = LINE('',#6648,#6649);
#6648 = CARTESIAN_POINT('',(44.075497542433,70.900978538753,
    -23.48007258533));
#6649 = VECTOR('',#6650,1.);
#6650 = DIRECTION('',(1.,-4.440892098501E-16,4.842606967755E-16));
#6651 = ORIENTED_EDGE('',*,*,#2254,.T.);
#6652 = ORIENTED_EDGE('',*,*,#6629,.F.);
#6653 = ORIENTED_EDGE('',*,*,#2908,.T.);
#6654 = PLANE('',#6655);
#6655 = AXIS2_PLACEMENT_3D('',#6656,#6657,#6658);
#6656 = CARTESIAN_POINT('',(43.58,69.700978539353,-22.78725226263));
#6657 = DIRECTION('',(1.724573219048E-16,-0.5,-0.866025403784));
#6658 = DIRECTION('',(6.123583309283E-16,0.866025403784,-0.5));
#6659 = ADVANCED_FACE('',(#6660),#6671,.T.);
#6660 = FACE_BOUND('',#6661,.T.);
#6661 = EDGE_LOOP('',(#6662,#6668,#6669,#6670));
#6662 = ORIENTED_EDGE('',*,*,#6663,.T.);
#6663 = EDGE_CURVE('',#2893,#2264,#6664,.T.);
#6664 = LINE('',#6665,#6666);
#6665 = CARTESIAN_POINT('',(43.96471902255,70.900978539353,
    -23.92207258543));
#6666 = VECTOR('',#6667,1.);
#6667 = DIRECTION('',(1.,-4.440892098501E-16,4.846179352225E-16));
#6668 = ORIENTED_EDGE('',*,*,#2263,.T.);
#6669 = ORIENTED_EDGE('',*,*,#6646,.F.);
#6670 = ORIENTED_EDGE('',*,*,#2900,.T.);
#6671 = PLANE('',#6672);
#6672 = AXIS2_PLACEMENT_3D('',#6673,#6674,#6675);
#6673 = CARTESIAN_POINT('',(43.58,70.900978539353,-0.980072585668));
#6674 = DIRECTION('',(-4.440892098501E-16,-1.,1.110223024625E-16));
#6675 = DIRECTION('',(4.555315873025E-16,-1.110223024625E-16,-1.));
#6676 = ADVANCED_FACE('',(#6677),#6688,.T.);
#6677 = FACE_BOUND('',#6678,.T.);
#6678 = EDGE_LOOP('',(#6679,#6685,#6686,#6687));
#6679 = ORIENTED_EDGE('',*,*,#6680,.T.);
#6680 = EDGE_CURVE('',#2885,#2273,#6681,.T.);
#6681 = LINE('',#6682,#6683);
#6682 = CARTESIAN_POINT('',(43.785835254863,69.700978539953,
    -24.61489290833));
#6683 = VECTOR('',#6684,1.);
#6684 = DIRECTION('',(1.,-4.440892098501E-16,4.851983770175E-16));
#6685 = ORIENTED_EDGE('',*,*,#2272,.T.);
#6686 = ORIENTED_EDGE('',*,*,#6663,.F.);
#6687 = ORIENTED_EDGE('',*,*,#2892,.T.);
#6688 = PLANE('',#6689);
#6689 = AXIS2_PLACEMENT_3D('',#6690,#6691,#6692);
#6690 = CARTESIAN_POINT('',(43.58,70.900978539353,-23.92207258563));
#6691 = DIRECTION('',(-6.165465317551E-16,-0.5,0.866025403784));
#6692 = DIRECTION('',(-1.568267436254E-16,-0.866025403784,-0.5));
#6693 = ADVANCED_FACE('',(#6694),#6705,.T.);
#6694 = FACE_BOUND('',#6695,.T.);
#6695 = EDGE_LOOP('',(#6696,#6702,#6703,#6704));
#6696 = ORIENTED_EDGE('',*,*,#6697,.T.);
#6697 = EDGE_CURVE('',#2877,#2282,#6698,.T.);
#6698 = LINE('',#6699,#6700);
#6699 = CARTESIAN_POINT('',(43.605991407223,69.700978539353,
    -25.28725226183));
#6700 = VECTOR('',#6701,1.);
#6701 = DIRECTION('',(1.,-4.440892098501E-16,4.476065519395E-16));
#6702 = ORIENTED_EDGE('',*,*,#2281,.T.);
#6703 = ORIENTED_EDGE('',*,*,#6680,.F.);
#6704 = ORIENTED_EDGE('',*,*,#2884,.T.);
#6705 = PLANE('',#6706);
#6706 = AXIS2_PLACEMENT_3D('',#6707,#6708,#6709);
#6707 = CARTESIAN_POINT('',(43.58,69.700978539353,4.874773736205E-02));
#6708 = DIRECTION('',(-4.440892098501E-16,-1.,1.110223024625E-16));
#6709 = DIRECTION('',(1.,-4.440892098501E-16,4.555315873025E-16));
#6710 = ADVANCED_FACE('',(#6711),#6723,.T.);
#6711 = FACE_BOUND('',#6712,.T.);
#6712 = EDGE_LOOP('',(#6713,#6714,#6720,#6721,#6722));
#6713 = ORIENTED_EDGE('',*,*,#2796,.F.);
#6714 = ORIENTED_EDGE('',*,*,#6715,.T.);
#6715 = EDGE_CURVE('',#2788,#2291,#6716,.T.);
#6716 = LINE('',#6717,#6718);
#6717 = CARTESIAN_POINT('',(43.58,70.900978538753,-25.98007258533));
#6718 = VECTOR('',#6719,1.);
#6719 = DIRECTION('',(1.,-4.440892098501E-16,4.869700482705E-16));
#6720 = ORIENTED_EDGE('',*,*,#2290,.T.);
#6721 = ORIENTED_EDGE('',*,*,#6697,.F.);
#6722 = ORIENTED_EDGE('',*,*,#2876,.T.);
#6723 = PLANE('',#6724);
#6724 = AXIS2_PLACEMENT_3D('',#6725,#6726,#6727);
#6725 = CARTESIAN_POINT('',(43.58,69.700978539353,-25.28725226263));
#6726 = DIRECTION('',(1.724573219048E-16,-0.5,-0.866025403784));
#6727 = DIRECTION('',(6.123583309283E-16,0.866025403784,-0.5));
#6728 = ADVANCED_FACE('',(#6729),#6740,.T.);
#6729 = FACE_BOUND('',#6730,.T.);
#6730 = EDGE_LOOP('',(#6731,#6732,#6738,#6739));
#6731 = ORIENTED_EDGE('',*,*,#2787,.T.);
#6732 = ORIENTED_EDGE('',*,*,#6733,.T.);
#6733 = EDGE_CURVE('',#2779,#2300,#6734,.T.);
#6734 = LINE('',#6735,#6736);
#6735 = CARTESIAN_POINT('',(43.58,70.900978539353,-26.42207258543));
#6736 = VECTOR('',#6737,1.);
#6737 = DIRECTION('',(1.,-4.440892098501E-16,4.878146937505E-16));
#6738 = ORIENTED_EDGE('',*,*,#2299,.T.);
#6739 = ORIENTED_EDGE('',*,*,#6715,.F.);
#6740 = PLANE('',#6741);
#6741 = AXIS2_PLACEMENT_3D('',#6742,#6743,#6744);
#6742 = CARTESIAN_POINT('',(43.58,70.900978539353,-0.980072585668));
#6743 = DIRECTION('',(-4.440892098501E-16,-1.,1.110223024625E-16));
#6744 = DIRECTION('',(4.555315873025E-16,-1.110223024625E-16,-1.));
#6745 = ADVANCED_FACE('',(#6746),#6757,.T.);
#6746 = FACE_BOUND('',#6747,.T.);
#6747 = EDGE_LOOP('',(#6748,#6749,#6755,#6756));
#6748 = ORIENTED_EDGE('',*,*,#2778,.F.);
#6749 = ORIENTED_EDGE('',*,*,#6750,.T.);
#6750 = EDGE_CURVE('',#2770,#2309,#6751,.T.);
#6751 = LINE('',#6752,#6753);
#6752 = CARTESIAN_POINT('',(43.58,69.700978539953,-27.11489290833));
#6753 = VECTOR('',#6754,1.);
#6754 = DIRECTION('',(1.,-4.440892098501E-16,4.891967167055E-16));
#6755 = ORIENTED_EDGE('',*,*,#2308,.T.);
#6756 = ORIENTED_EDGE('',*,*,#6733,.F.);
#6757 = PLANE('',#6758);
#6758 = AXIS2_PLACEMENT_3D('',#6759,#6760,#6761);
#6759 = CARTESIAN_POINT('',(43.58,70.900978539353,-26.42207258563));
#6760 = DIRECTION('',(-6.165465317551E-16,-0.5,0.866025403784));
#6761 = DIRECTION('',(-1.568267436254E-16,-0.866025403784,-0.5));
#6762 = ADVANCED_FACE('',(#6763),#6774,.T.);
#6763 = FACE_BOUND('',#6764,.T.);
#6764 = EDGE_LOOP('',(#6765,#6771,#6772,#6773));
#6765 = ORIENTED_EDGE('',*,*,#6766,.T.);
#6766 = EDGE_CURVE('',#2761,#2318,#6767,.T.);
#6767 = LINE('',#6768,#6769);
#6768 = CARTESIAN_POINT('',(43.58,69.700978539353,-27.78725226183));
#6769 = VECTOR('',#6770,1.);
#6770 = DIRECTION('',(1.,-4.440892098501E-16,4.512238436125E-16));
#6771 = ORIENTED_EDGE('',*,*,#2317,.T.);
#6772 = ORIENTED_EDGE('',*,*,#6750,.F.);
#6773 = ORIENTED_EDGE('',*,*,#2769,.T.);
#6774 = PLANE('',#6775);
#6775 = AXIS2_PLACEMENT_3D('',#6776,#6777,#6778);
#6776 = CARTESIAN_POINT('',(43.58,69.700978539353,4.874773736205E-02));
#6777 = DIRECTION('',(-4.440892098501E-16,-1.,1.110223024625E-16));
#6778 = DIRECTION('',(1.,-4.440892098501E-16,4.555315873025E-16));
#6779 = ADVANCED_FACE('',(#6780),#6791,.T.);
#6780 = FACE_BOUND('',#6781,.T.);
#6781 = EDGE_LOOP('',(#6782,#6783,#6789,#6790));
#6782 = ORIENTED_EDGE('',*,*,#2760,.F.);
#6783 = ORIENTED_EDGE('',*,*,#6784,.T.);
#6784 = EDGE_CURVE('',#2752,#2327,#6785,.T.);
#6785 = LINE('',#6786,#6787);
#6786 = CARTESIAN_POINT('',(43.58,70.900978538753,-28.48007258533));
#6787 = VECTOR('',#6788,1.);
#6788 = DIRECTION('',(1.,-4.440892098501E-16,4.921438266505E-16));
#6789 = ORIENTED_EDGE('',*,*,#2326,.T.);
#6790 = ORIENTED_EDGE('',*,*,#6766,.F.);
#6791 = PLANE('',#6792);
#6792 = AXIS2_PLACEMENT_3D('',#6793,#6794,#6795);
#6793 = CARTESIAN_POINT('',(43.58,69.700978539353,-27.78725226263));
#6794 = DIRECTION('',(1.724573219048E-16,-0.5,-0.866025403784));
#6795 = DIRECTION('',(6.123583309283E-16,0.866025403784,-0.5));
#6796 = ADVANCED_FACE('',(#6797),#6808,.T.);
#6797 = FACE_BOUND('',#6798,.T.);
#6798 = EDGE_LOOP('',(#6799,#6800,#6806,#6807));
#6799 = ORIENTED_EDGE('',*,*,#2751,.T.);
#6800 = ORIENTED_EDGE('',*,*,#6801,.T.);
#6801 = EDGE_CURVE('',#2743,#2336,#6802,.T.);
#6802 = LINE('',#6803,#6804);
#6803 = CARTESIAN_POINT('',(43.58,70.900978539353,-28.92207258543));
#6804 = VECTOR('',#6805,1.);
#6805 = DIRECTION('',(1.,-4.440892098501E-16,4.931668184675E-16));
#6806 = ORIENTED_EDGE('',*,*,#2335,.T.);
#6807 = ORIENTED_EDGE('',*,*,#6784,.F.);
#6808 = PLANE('',#6809);
#6809 = AXIS2_PLACEMENT_3D('',#6810,#6811,#6812);
#6810 = CARTESIAN_POINT('',(43.58,70.900978539353,-0.980072585668));
#6811 = DIRECTION('',(-4.440892098501E-16,-1.,1.110223024625E-16));
#6812 = DIRECTION('',(4.555315873025E-16,-1.110223024625E-16,-1.));
#6813 = ADVANCED_FACE('',(#6814),#6825,.T.);
#6814 = FACE_BOUND('',#6815,.T.);
#6815 = EDGE_LOOP('',(#6816,#6817,#6823,#6824));
#6816 = ORIENTED_EDGE('',*,*,#2742,.F.);
#6817 = ORIENTED_EDGE('',*,*,#6818,.T.);
#6818 = EDGE_CURVE('',#2734,#2345,#6819,.T.);
#6819 = LINE('',#6820,#6821);
#6820 = CARTESIAN_POINT('',(43.58,69.700978539953,-29.61489290833));
#6821 = VECTOR('',#6822,1.);
#6822 = DIRECTION('',(1.,-4.440892098501E-16,4.948437621435E-16));
#6823 = ORIENTED_EDGE('',*,*,#2344,.T.);
#6824 = ORIENTED_EDGE('',*,*,#6801,.F.);
#6825 = PLANE('',#6826);
#6826 = AXIS2_PLACEMENT_3D('',#6827,#6828,#6829);
#6827 = CARTESIAN_POINT('',(43.58,70.900978539353,-28.92207258563));
#6828 = DIRECTION('',(-6.165465317551E-16,-0.5,0.866025403784));
#6829 = DIRECTION('',(-1.568267436254E-16,-0.866025403784,-0.5));
#6830 = ADVANCED_FACE('',(#6831),#6842,.T.);
#6831 = FACE_BOUND('',#6832,.T.);
#6832 = EDGE_LOOP('',(#6833,#6834,#6835,#6841));
#6833 = ORIENTED_EDGE('',*,*,#6818,.F.);
#6834 = ORIENTED_EDGE('',*,*,#2733,.T.);
#6835 = ORIENTED_EDGE('',*,*,#6836,.T.);
#6836 = EDGE_CURVE('',#2725,#2354,#6837,.T.);
#6837 = LINE('',#6838,#6839);
#6838 = CARTESIAN_POINT('',(43.58,69.700978539353,-30.28725226183));
#6839 = VECTOR('',#6840,1.);
#6840 = DIRECTION('',(1.,-4.440892098501E-16,4.556884741385E-16));
#6841 = ORIENTED_EDGE('',*,*,#2353,.T.);
#6842 = PLANE('',#6843);
#6843 = AXIS2_PLACEMENT_3D('',#6844,#6845,#6846);
#6844 = CARTESIAN_POINT('',(43.58,69.700978539353,4.874773736205E-02));
#6845 = DIRECTION('',(-4.440892098501E-16,-1.,1.110223024625E-16));
#6846 = DIRECTION('',(1.,-4.440892098501E-16,4.555315873025E-16));
#6847 = ADVANCED_FACE('',(#6848),#6859,.T.);
#6848 = FACE_BOUND('',#6849,.T.);
#6849 = EDGE_LOOP('',(#6850,#6851,#6852,#6858));
#6850 = ORIENTED_EDGE('',*,*,#6836,.F.);
#6851 = ORIENTED_EDGE('',*,*,#2724,.F.);
#6852 = ORIENTED_EDGE('',*,*,#6853,.T.);
#6853 = EDGE_CURVE('',#2717,#2363,#6854,.T.);
#6854 = LINE('',#6855,#6856);
#6855 = CARTESIAN_POINT('',(43.58,70.851060275353,-30.95125226253));
#6856 = VECTOR('',#6857,1.);
#6857 = DIRECTION('',(1.,-4.440892098501E-16,4.157105069411E-16));
#6858 = ORIENTED_EDGE('',*,*,#2362,.T.);
#6859 = PLANE('',#6860);
#6860 = AXIS2_PLACEMENT_3D('',#6861,#6862,#6863);
#6861 = CARTESIAN_POINT('',(43.58,69.700978539353,-30.28725226263));
#6862 = DIRECTION('',(1.724573219048E-16,-0.5,-0.866025403784));
#6863 = DIRECTION('',(6.123583309283E-16,0.866025403784,-0.5));
#6864 = ADVANCED_FACE('',(#6865),#6876,.T.);
#6865 = FACE_BOUND('',#6866,.T.);
#6866 = EDGE_LOOP('',(#6867,#6868,#6874,#6875));
#6867 = ORIENTED_EDGE('',*,*,#2716,.F.);
#6868 = ORIENTED_EDGE('',*,*,#6869,.F.);
#6869 = EDGE_CURVE('',#2372,#2706,#6870,.T.);
#6870 = LINE('',#6871,#6872);
#6871 = CARTESIAN_POINT('',(43.58,71.100978539353,-30.95125226263));
#6872 = VECTOR('',#6873,1.);
#6873 = DIRECTION('',(-1.,4.440892098501E-16,-4.157105069411E-16));
#6874 = ORIENTED_EDGE('',*,*,#2371,.T.);
#6875 = ORIENTED_EDGE('',*,*,#6853,.F.);
#6876 = PLANE('',#6877);
#6877 = AXIS2_PLACEMENT_3D('',#6878,#6879,#6880);
#6878 = CARTESIAN_POINT('',(43.58,71.100978539353,-30.95125226263));
#6879 = DIRECTION('',(4.555315873025E-16,-1.110223024625E-16,-1.));
#6880 = DIRECTION('',(-4.440892098501E-16,-1.,1.110223024625E-16));
#6881 = ADVANCED_FACE('',(#6882),#6893,.F.);
#6882 = FACE_BOUND('',#6883,.F.);
#6883 = EDGE_LOOP('',(#6884,#6885,#6891,#6892));
#6884 = ORIENTED_EDGE('',*,*,#2379,.T.);
#6885 = ORIENTED_EDGE('',*,*,#6886,.T.);
#6886 = EDGE_CURVE('',#2380,#2697,#6887,.T.);
#6887 = LINE('',#6888,#6889);
#6888 = CARTESIAN_POINT('',(26.08,71.600978539353,-31.45125226263));
#6889 = VECTOR('',#6890,1.);
#6890 = DIRECTION('',(-1.,4.440892098501E-16,-4.555314347955E-16));
#6891 = ORIENTED_EDGE('',*,*,#2705,.F.);
#6892 = ORIENTED_EDGE('',*,*,#6869,.F.);
#6893 = CYLINDRICAL_SURFACE('',#6894,0.5);
#6894 = AXIS2_PLACEMENT_3D('',#6895,#6896,#6897);
#6895 = CARTESIAN_POINT('',(26.08,71.100978539353,-31.45125226263));
#6896 = DIRECTION('',(-1.,4.440892098501E-16,-4.555315873025E-16));
#6897 = DIRECTION('',(-4.555315873025E-16,-7.267471740948E-17,1.));
#6898 = ADVANCED_FACE('',(#6899,#6905,#6959),#7013,.F.);
#6899 = FACE_BOUND('',#6900,.T.);
#6900 = EDGE_LOOP('',(#6901,#6902,#6903,#6904));
#6901 = ORIENTED_EDGE('',*,*,#2550,.F.);
#6902 = ORIENTED_EDGE('',*,*,#2390,.T.);
#6903 = ORIENTED_EDGE('',*,*,#6886,.T.);
#6904 = ORIENTED_EDGE('',*,*,#2696,.T.);
#6905 = FACE_BOUND('',#6906,.T.);
#6906 = EDGE_LOOP('',(#6907,#6935));
#6907 = ORIENTED_EDGE('',*,*,#6908,.T.);
#6908 = EDGE_CURVE('',#6909,#6911,#6913,.T.);
#6909 = VERTEX_POINT('',#6910);
#6910 = CARTESIAN_POINT('',(50.22186699875,71.600978539353,
    -40.36271866553));
#6911 = VERTEX_POINT('',#6912);
#6912 = CARTESIAN_POINT('',(53.33813299976,71.600978539353,
    -34.57426861823));
#6913 = B_SPLINE_CURVE_WITH_KNOTS('',5,(#6914,#6915,#6916,#6917,#6918,
    #6919,#6920,#6921,#6922,#6923,#6924,#6925,#6926,#6927,#6928,#6929,
    #6930,#6931,#6932,#6933,#6934),.UNSPECIFIED.,.F.,.F.,(6,3,3,3,3,3,6)
  ,(0.,2.5101936877,5.04560825218,7.58018119549,10.089060926,
    12.5782410056,14.5877200645),.UNSPECIFIED.);
#6914 = CARTESIAN_POINT('',(50.22186699875,71.600978539353,
    -40.36271866553));
#6915 = CARTESIAN_POINT('',(49.91229816747,71.600978539353,
    -40.19110520243));
#6916 = CARTESIAN_POINT('',(49.62619676145,71.600978539353,
    -39.97716139823));
#6917 = CARTESIAN_POINT('',(49.37103456794,71.600978539353,
    -39.72533688993));
#6918 = CARTESIAN_POINT('',(48.93286019126,71.600978539353,
    -39.15679851533));
#6919 = CARTESIAN_POINT('',(48.66024083608,71.600978539353,
    -38.49265330273));
#6920 = CARTESIAN_POINT('',(48.56907585195,71.600978539353,
    -38.14229943293));
#6921 = CARTESIAN_POINT('',(48.4825377786,71.600978539353,
    -37.42625790613));
#6922 = CARTESIAN_POINT('',(48.58688479018,71.600978539353,
    -36.71260295593));
#6923 = CARTESIAN_POINT('',(48.68671669811,71.600978539353,
    -36.36474611603));
#6924 = CARTESIAN_POINT('',(48.97572125068,71.600978539353,
    -35.70788593703));
#6925 = CARTESIAN_POINT('',(49.42785001594,71.600978539353,
    -35.15077379853));
#6926 = CARTESIAN_POINT('',(49.68913791497,71.600978539353,
    -34.90559359613));
#6927 = CARTESIAN_POINT('',(50.26939464441,71.600978539353,
    -34.49414607823));
#6928 = CARTESIAN_POINT('',(50.93848169752,71.600978539353,
    -34.25298697983));
#6929 = CARTESIAN_POINT('',(51.28635349076,71.600978539353,
    -34.17938296753));
#6930 = CARTESIAN_POINT('',(51.92502817934,71.600978539353,
    -34.13427154003));
#6931 = CARTESIAN_POINT('',(52.55340688439,71.600978539353,
    -34.24584733963));
#6932 = CARTESIAN_POINT('',(52.82745831901,71.600978539353,
    -34.32663381583));
#6933 = CARTESIAN_POINT('',(53.09031463947,71.600978539353,
    -34.43688732283));
#6934 = CARTESIAN_POINT('',(53.33813299976,71.600978539353,
    -34.57426861823));
#6935 = ORIENTED_EDGE('',*,*,#6936,.T.);
#6936 = EDGE_CURVE('',#6911,#6909,#6937,.T.);
#6937 = B_SPLINE_CURVE_WITH_KNOTS('',5,(#6938,#6939,#6940,#6941,#6942,
    #6943,#6944,#6945,#6946,#6947,#6948,#6949,#6950,#6951,#6952,#6953,
    #6954,#6955,#6956,#6957,#6958),.UNSPECIFIED.,.F.,.F.,(6,3,3,3,3,3,6)
  ,(0.,2.51019369774,5.04560825648,7.58018122035,10.0890609442,
    12.5782409998,14.5877200519),.UNSPECIFIED.);
#6938 = CARTESIAN_POINT('',(53.33813299976,71.600978539353,
    -34.57426861823));
#6939 = CARTESIAN_POINT('',(53.6477018318,71.600978539353,
    -34.74588208173));
#6940 = CARTESIAN_POINT('',(53.9338032384,71.600978539353,
    -34.95982588653));
#6941 = CARTESIAN_POINT('',(54.1889654316,71.600978539353,
    -35.21165039243));
#6942 = CARTESIAN_POINT('',(54.6271398079,71.600978539353,
    -35.78018876653));
#6943 = CARTESIAN_POINT('',(54.8997591631,71.600978539353,
    -36.44433397853));
#6944 = CARTESIAN_POINT('',(54.9909241493,71.600978539353,
    -36.79468785543));
#6945 = CARTESIAN_POINT('',(55.0774622219,71.600978539353,
    -37.51072938323));
#6946 = CARTESIAN_POINT('',(54.9731152089,71.600978539353,
    -38.22438433433));
#6947 = CARTESIAN_POINT('',(54.8732833011,71.600978539353,
    -38.57224116753));
#6948 = CARTESIAN_POINT('',(54.584278748,71.600978539353,-39.22910134723
    ));
#6949 = CARTESIAN_POINT('',(54.132149982,71.600978539353,-39.78621348613
    ));
#6950 = CARTESIAN_POINT('',(53.8708620797,71.600978539353,
    -40.03139369403));
#6951 = CARTESIAN_POINT('',(53.29060535399,71.600978539353,
    -40.44284120743));
#6952 = CARTESIAN_POINT('',(52.62151830623,71.600978539353,
    -40.68400030403));
#6953 = CARTESIAN_POINT('',(52.27364649794,71.600978539353,
    -40.75760431783));
#6954 = CARTESIAN_POINT('',(51.63497181475,71.600978539353,
    -40.80271574303));
#6955 = CARTESIAN_POINT('',(51.00659311515,71.600978539353,
    -40.69113994383));
#6956 = CARTESIAN_POINT('',(50.73254167687,71.600978539353,
    -40.61035346693));
#6957 = CARTESIAN_POINT('',(50.4696853578,71.600978539353,
    -40.50009996033));
#6958 = CARTESIAN_POINT('',(50.22186699875,71.600978539353,
    -40.36271866553));
#6959 = FACE_BOUND('',#6960,.T.);
#6960 = EDGE_LOOP('',(#6961,#6989));
#6961 = ORIENTED_EDGE('',*,*,#6962,.T.);
#6962 = EDGE_CURVE('',#6963,#6965,#6967,.T.);
#6963 = VERTEX_POINT('',#6964);
#6964 = CARTESIAN_POINT('',(34.02186699949,71.600978539353,
    -40.36271866553));
#6965 = VERTEX_POINT('',#6966);
#6966 = CARTESIAN_POINT('',(37.13813300051,71.600978539353,
    -34.57426861823));
#6967 = B_SPLINE_CURVE_WITH_KNOTS('',5,(#6968,#6969,#6970,#6971,#6972,
    #6973,#6974,#6975,#6976,#6977,#6978,#6979,#6980,#6981,#6982,#6983,
    #6984,#6985,#6986,#6987,#6988),.UNSPECIFIED.,.F.,.F.,(6,3,3,3,3,3,6)
  ,(0.,2.51019370468,5.0456082522,7.5801812134,10.0890609615,
    12.5782410317,14.587720085),.UNSPECIFIED.);
#6968 = CARTESIAN_POINT('',(34.02186699949,71.600978539353,
    -40.36271866553));
#6969 = CARTESIAN_POINT('',(33.71229816639,71.600978539353,
    -40.19110520143));
#6970 = CARTESIAN_POINT('',(33.4261967588,71.600978539353,
    -39.97716139583));
#6971 = CARTESIAN_POINT('',(33.1710345693,71.600978539353,
    -39.72533689143));
#6972 = CARTESIAN_POINT('',(32.7328601926,71.600978539353,
    -39.15679851763));
#6973 = CARTESIAN_POINT('',(32.4602408371,71.600978539353,
    -38.49265330583));
#6974 = CARTESIAN_POINT('',(32.3690758493,71.600978539353,
    -38.14229942383));
#6975 = CARTESIAN_POINT('',(32.2825377776,71.600978539353,
    -37.42625789743));
#6976 = CARTESIAN_POINT('',(32.3868847906,71.600978539353,
    -36.71260294783));
#6977 = CARTESIAN_POINT('',(32.4867166999,71.600978539353,
    -36.36474611593));
#6978 = CARTESIAN_POINT('',(32.7757212546,71.600978539353,
    -35.70788593293));
#6979 = CARTESIAN_POINT('',(33.227850024,71.600978539353,-35.15077379193
    ));
#6980 = CARTESIAN_POINT('',(33.4891379137,71.600978539353,
    -34.90559359633));
#6981 = CARTESIAN_POINT('',(34.06939464362,71.600978539353,
    -34.49414607813));
#6982 = CARTESIAN_POINT('',(34.73848169727,71.600978539353,
    -34.25298697963));
#6983 = CARTESIAN_POINT('',(35.08635349664,71.600978539353,
    -34.17938296653));
#6984 = CARTESIAN_POINT('',(35.72502818258,71.600978539353,
    -34.13427154033));
#6985 = CARTESIAN_POINT('',(36.35340688488,71.600978539353,
    -34.24584733993));
#6986 = CARTESIAN_POINT('',(36.62745832165,71.600978539353,
    -34.32663381663));
#6987 = CARTESIAN_POINT('',(36.89031464112,71.600978539353,
    -34.43688732333));
#6988 = CARTESIAN_POINT('',(37.13813300051,71.600978539353,
    -34.57426861823));
#6989 = ORIENTED_EDGE('',*,*,#6990,.T.);
#6990 = EDGE_CURVE('',#6965,#6963,#6991,.T.);
#6991 = B_SPLINE_CURVE_WITH_KNOTS('',5,(#6992,#6993,#6994,#6995,#6996,
    #6997,#6998,#6999,#7000,#7001,#7002,#7003,#7004,#7005,#7006,#7007,
    #7008,#7009,#7010,#7011,#7012),.UNSPECIFIED.,.F.,.F.,(6,3,3,3,3,3,6)
  ,(0.,2.51019369971,5.04560824484,7.58018119906,10.0890609473,
    12.5782410265,14.5877200827),.UNSPECIFIED.);
#6992 = CARTESIAN_POINT('',(37.13813300051,71.600978539353,
    -34.57426861823));
#6993 = CARTESIAN_POINT('',(37.44770183305,71.600978539353,
    -34.74588208203));
#6994 = CARTESIAN_POINT('',(37.73380324015,71.600978539353,
    -34.95982588723));
#6995 = CARTESIAN_POINT('',(37.98896543149,71.600978539353,
    -35.21165039333));
#6996 = CARTESIAN_POINT('',(38.42713980747,71.600978539353,
    -35.78018876653));
#6997 = CARTESIAN_POINT('',(38.69975916266,71.600978539353,
    -36.44433397733));
#6998 = CARTESIAN_POINT('',(38.79092415089,71.600978539353,
    -36.79468786043));
#6999 = CARTESIAN_POINT('',(38.87746222225,71.600978539353,
    -37.51072938573));
#7000 = CARTESIAN_POINT('',(38.77311520954,71.600978539353,
    -38.22438433403));
#7001 = CARTESIAN_POINT('',(38.67328329947,71.600978539353,
    -38.57224117143));
#7002 = CARTESIAN_POINT('',(38.38427874473,71.600978539353,
    -39.22910135343));
#7003 = CARTESIAN_POINT('',(37.93214997581,71.600978539353,
    -39.78621349373));
#7004 = CARTESIAN_POINT('',(37.67086208467,71.600978539353,
    -40.03139368743));
#7005 = CARTESIAN_POINT('',(37.09060535346,71.600978539353,
    -40.44284120633));
#7006 = CARTESIAN_POINT('',(36.42151829828,71.600978539353,
    -40.68400030503));
#7007 = CARTESIAN_POINT('',(36.07364650607,71.600978539353,
    -40.75760431703));
#7008 = CARTESIAN_POINT('',(35.43497181829,71.600978539353,
    -40.80271574373));
#7009 = CARTESIAN_POINT('',(34.80659311421,71.600978539353,
    -40.69113994373));
#7010 = CARTESIAN_POINT('',(34.53254167917,71.600978539353,
    -40.61035346753));
#7011 = CARTESIAN_POINT('',(34.26968535928,71.600978539353,
    -40.50009996073));
#7012 = CARTESIAN_POINT('',(34.02186699949,71.600978539353,
    -40.36271866553));
#7013 = PLANE('',#7014);
#7014 = AXIS2_PLACEMENT_3D('',#7015,#7016,#7017);
#7015 = CARTESIAN_POINT('',(43.58,71.600978539353,-31.45125226263));
#7016 = DIRECTION('',(4.440892098501E-16,1.,-1.110223024625E-16));
#7017 = DIRECTION('',(4.555315873025E-16,-1.110223024625E-16,-1.));
#7018 = ADVANCED_FACE('',(#7019),#7025,.T.);
#7019 = FACE_BOUND('',#7020,.T.);
#7020 = EDGE_LOOP('',(#7021,#7022,#7023,#7024));
#7021 = ORIENTED_EDGE('',*,*,#5904,.T.);
#7022 = ORIENTED_EDGE('',*,*,#6024,.T.);
#7023 = ORIENTED_EDGE('',*,*,#2437,.F.);
#7024 = ORIENTED_EDGE('',*,*,#5219,.T.);
#7025 = PLANE('',#7026);
#7026 = AXIS2_PLACEMENT_3D('',#7027,#7028,#7029);
#7027 = CARTESIAN_POINT('',(91.08,117.69069609915,10.048747737362));
#7028 = DIRECTION('',(-4.555315873025E-16,1.110223024625E-16,1.));
#7029 = DIRECTION('',(-4.440892098501E-16,-1.,1.110223024625E-16));
#7030 = ADVANCED_FACE('',(#7031),#7057,.F.);
#7031 = FACE_BOUND('',#7032,.F.);
#7032 = EDGE_LOOP('',(#7033,#7041,#7050,#7056));
#7033 = ORIENTED_EDGE('',*,*,#7034,.T.);
#7034 = EDGE_CURVE('',#2570,#7035,#7037,.T.);
#7035 = VERTEX_POINT('',#7036);
#7036 = CARTESIAN_POINT('',(55.3668204412,93.061337272353,
    -40.59640649713));
#7037 = LINE('',#7038,#7039);
#7038 = CARTESIAN_POINT('',(55.7677280376,92.202249565553,
    -42.24299127013));
#7039 = VECTOR('',#7040,1.);
#7040 = DIRECTION('',(-0.211003998214,0.452151424744,0.866623564092));
#7041 = ORIENTED_EDGE('',*,*,#7042,.F.);
#7042 = EDGE_CURVE('',#7043,#7035,#7045,.T.);
#7043 = VERTEX_POINT('',#7044);
#7044 = CARTESIAN_POINT('',(52.94916356582,98.149225505653,
    -43.83960377113));
#7045 = CIRCLE('',#7046,3.25);
#7046 = AXIS2_PLACEMENT_3D('',#7047,#7048,#7049);
#7047 = CARTESIAN_POINT('',(54.1579920035,95.605281389053,
    -42.21800513413));
#7048 = DIRECTION('',(-0.211003998214,0.452151424744,0.866623564092));
#7049 = DIRECTION('',(9.527101330065E-14,0.886584846165,-0.462566006695)
  );
#7050 = ORIENTED_EDGE('',*,*,#7051,.F.);
#7051 = EDGE_CURVE('',#2568,#7043,#7052,.T.);
#7052 = LINE('',#7053,#7054);
#7053 = CARTESIAN_POINT('',(53.35007116238,97.290137798953,
    -45.48618854353));
#7054 = VECTOR('',#7055,1.);
#7055 = DIRECTION('',(-0.211003998214,0.452151424744,0.866623564092));
#7056 = ORIENTED_EDGE('',*,*,#2567,.T.);
#7057 = CYLINDRICAL_SURFACE('',#7058,3.25);
#7058 = AXIS2_PLACEMENT_3D('',#7059,#7060,#7061);
#7059 = CARTESIAN_POINT('',(54.5588996002,94.746193681853,
    -43.86458990623));
#7060 = DIRECTION('',(-0.211003998214,0.452151424744,0.866623564092));
#7061 = DIRECTION('',(-0.371947211598,0.782752035896,-0.49895342677));
#7062 = ADVANCED_FACE('',(#7063),#7086,.F.);
#7063 = FACE_BOUND('',#7064,.F.);
#7064 = EDGE_LOOP('',(#7065,#7066,#7084,#7085));
#7065 = ORIENTED_EDGE('',*,*,#7051,.T.);
#7066 = ORIENTED_EDGE('',*,*,#7067,.T.);
#7067 = EDGE_CURVE('',#7043,#7035,#7068,.T.);
#7068 = B_SPLINE_CURVE_WITH_KNOTS('',5,(#7069,#7070,#7071,#7072,#7073,
    #7074,#7075,#7076,#7077,#7078,#7079,#7080,#7081,#7082,#7083),
  .UNSPECIFIED.,.F.,.F.,(6,3,3,3,6),(-5.10508806207,-2.55254403103,
    -4.4408920985E-16,2.55254403103,5.10508806207),.UNSPECIFIED.);
#7069 = CARTESIAN_POINT('',(52.94916356582,98.149225505653,
    -43.83960377113));
#7070 = CARTESIAN_POINT('',(53.41063997275,98.367528968053,
    -43.84114175673));
#7071 = CARTESIAN_POINT('',(53.9093996874,98.507370798953,
    -43.79266556413));
#7072 = CARTESIAN_POINT('',(54.4217264089,98.557436923953,
    -43.69404660153));
#7073 = CARTESIAN_POINT('',(55.4183030583,98.472622394353,
    -43.40715079313));
#7074 = CARTESIAN_POINT('',(56.2640471198,98.044647767153,
    -42.97793939003));
#7075 = CARTESIAN_POINT('',(56.6254667203,97.751384224253,
    -42.73693450843));
#7076 = CARTESIAN_POINT('',(57.1864527354,97.037908178553,
    -42.22809823743));
#7077 = CARTESIAN_POINT('',(57.3849960281,96.152976994653,
    -41.71805403543));
#7078 = CARTESIAN_POINT('',(57.3837938074,95.688173589853,
    -41.47584062583));
#7079 = CARTESIAN_POINT('',(57.1805711889,94.763980619353,
    -41.04313327873));
#7080 = CARTESIAN_POINT('',(56.6156097447,93.940473564453,
    -40.75103325383));
#7081 = CARTESIAN_POINT('',(56.2524899474,93.576405828453,
    -40.64949664663));
#7082 = CARTESIAN_POINT('',(55.8282968482,93.279640734753,
    -40.59794448273));
#7083 = CARTESIAN_POINT('',(55.3668204412,93.061337272353,
    -40.59640649713));
#7084 = ORIENTED_EDGE('',*,*,#7034,.F.);
#7085 = ORIENTED_EDGE('',*,*,#2598,.T.);
#7086 = CYLINDRICAL_SURFACE('',#7087,3.25);
#7087 = AXIS2_PLACEMENT_3D('',#7088,#7089,#7090);
#7088 = CARTESIAN_POINT('',(54.5588996002,94.746193681853,
    -43.86458990623));
#7089 = DIRECTION('',(-0.211003998214,0.452151424744,0.866623564092));
#7090 = DIRECTION('',(0.371947211598,-0.782752035896,0.49895342677));
#7091 = ADVANCED_FACE('',(#7092),#7129,.F.);
#7092 = FACE_BOUND('',#7093,.F.);
#7093 = EDGE_LOOP('',(#7094,#7102,#7122,#7128));
#7094 = ORIENTED_EDGE('',*,*,#7095,.T.);
#7095 = EDGE_CURVE('',#2630,#7096,#7098,.T.);
#7096 = VERTEX_POINT('',#7097);
#7097 = CARTESIAN_POINT('',(35.25627098217,93.068427907653,
    -41.27522478723));
#7098 = LINE('',#7099,#7100);
#7099 = CARTESIAN_POINT('',(34.89669067917,92.205435180553,
    -42.92929417973));
#7100 = VECTOR('',#7101,1.);
#7101 = DIRECTION('',(0.189252791026,0.454206698463,0.87056283872));
#7102 = ORIENTED_EDGE('',*,*,#7103,.F.);
#7103 = EDGE_CURVE('',#7104,#7096,#7106,.T.);
#7104 = VERTEX_POINT('',#7105);
#7105 = CARTESIAN_POINT('',(31.660740182,98.150355965053,-43.14502838273
    ));
#7106 = B_SPLINE_CURVE_WITH_KNOTS('',5,(#7107,#7108,#7109,#7110,#7111,
    #7112,#7113,#7114,#7115,#7116,#7117,#7118,#7119,#7120,#7121),
  .UNSPECIFIED.,.F.,.F.,(6,3,3,3,6),(-5.10508806208,-2.55254403104,
    -4.4408920985E-16,2.55254403104,5.10508806208),.UNSPECIFIED.);
#7107 = CARTESIAN_POINT('',(31.6607401821,98.150355965153,
    -43.14502838243));
#7108 = CARTESIAN_POINT('',(31.2465671338,97.932308233053,
    -42.94122672913));
#7109 = CARTESIAN_POINT('',(30.8878416897,97.635890783053,
    -42.70859035423));
#7110 = CARTESIAN_POINT('',(30.6059369934,97.272249532053,
    -42.45758085453));
#7111 = CARTESIAN_POINT('',(30.2261485108,96.449707169453,
    -41.94586560383));
#7112 = CARTESIAN_POINT('',(30.2332048317,95.526596839253,
    -41.46577680563));
#7113 = CARTESIAN_POINT('',(30.3383360958,95.062337925553,
    -41.24640938643));
#7114 = CARTESIAN_POINT('',(30.7404753775,94.178443388853,
    -40.87266860233));
#7115 = CARTESIAN_POINT('',(31.4679054106,93.465803140453,
    -40.65899326253));
#7116 = CARTESIAN_POINT('',(31.8984881665,93.172883139353,
    -40.59977038283));
#7117 = CARTESIAN_POINT('',(32.8469874752,92.745409860453,
    -40.58293634783));
#7118 = CARTESIAN_POINT('',(33.86867257269,92.660694686253,
    -40.76084258243));
#7119 = CARTESIAN_POINT('',(34.3724772817,92.710702161653,
    -40.89645620203));
#7120 = CARTESIAN_POINT('',(34.842097934,92.850380175753,-41.07142313373
    ));
#7121 = CARTESIAN_POINT('',(35.25627098222,93.068427907853,
    -41.27522478703));
#7122 = ORIENTED_EDGE('',*,*,#7123,.F.);
#7123 = EDGE_CURVE('',#2628,#7104,#7124,.T.);
#7124 = LINE('',#7125,#7126);
#7125 = CARTESIAN_POINT('',(31.3011598791,97.287363238053,
    -44.79909777603));
#7126 = VECTOR('',#7127,1.);
#7127 = DIRECTION('',(0.189252791026,0.454206698463,0.87056283872));
#7128 = ORIENTED_EDGE('',*,*,#2627,.T.);
#7129 = CYLINDRICAL_SURFACE('',#7130,3.25);
#7130 = AXIS2_PLACEMENT_3D('',#7131,#7132,#7133);
#7131 = CARTESIAN_POINT('',(33.0989252791,94.746399209153,
    -43.86419597873));
#7132 = DIRECTION('',(0.189252791026,0.454206698463,0.87056283872));
#7133 = DIRECTION('',(-0.553158584631,0.78183508576,-0.287662091564));
#7134 = ADVANCED_FACE('',(#7135),#7147,.F.);
#7135 = FACE_BOUND('',#7136,.F.);
#7136 = EDGE_LOOP('',(#7137,#7138,#7145,#7146));
#7137 = ORIENTED_EDGE('',*,*,#7123,.T.);
#7138 = ORIENTED_EDGE('',*,*,#7139,.F.);
#7139 = EDGE_CURVE('',#7096,#7104,#7140,.T.);
#7140 = CIRCLE('',#7141,3.25);
#7141 = AXIS2_PLACEMENT_3D('',#7142,#7143,#7144);
#7142 = CARTESIAN_POINT('',(33.4585055821,95.609391936353,
    -42.21012658483));
#7143 = DIRECTION('',(0.189252791026,0.454206698463,0.87056283872));
#7144 = DIRECTION('',(-1.126182480604E-13,0.886584846165,-0.462566006695
    ));
#7145 = ORIENTED_EDGE('',*,*,#7095,.F.);
#7146 = ORIENTED_EDGE('',*,*,#2658,.T.);
#7147 = CYLINDRICAL_SURFACE('',#7148,3.25);
#7148 = AXIS2_PLACEMENT_3D('',#7149,#7150,#7151);
#7149 = CARTESIAN_POINT('',(33.0989252791,94.746399209153,
    -43.86419597873));
#7150 = DIRECTION('',(0.189252791026,0.454206698463,0.87056283872));
#7151 = DIRECTION('',(0.553158584631,-0.78183508576,0.287662091564));
#7152 = ADVANCED_FACE('',(#7153),#7177,.T.);
#7153 = FACE_BOUND('',#7154,.T.);
#7154 = EDGE_LOOP('',(#7155,#7156,#7170,#7176));
#7155 = ORIENTED_EDGE('',*,*,#6597,.T.);
#7156 = ORIENTED_EDGE('',*,*,#7157,.T.);
#7157 = EDGE_CURVE('',#6589,#7158,#7160,.T.);
#7158 = VERTEX_POINT('',#7159);
#7159 = CARTESIAN_POINT('',(9.8241407349,69.700978539353,-20.28725226263
    ));
#7160 = B_SPLINE_CURVE_WITH_KNOTS('',5,(#7161,#7162,#7163,#7164,#7165,
    #7166,#7167,#7168,#7169),.UNSPECIFIED.,.F.,.F.,(6,3,6),(0.,
    3.42003910067,3.52247462892),.UNSPECIFIED.);
#7161 = CARTESIAN_POINT('',(11.8508468847,70.900978538753,
    -20.98007258533));
#7162 = CARTESIAN_POINT('',(11.3901217136,70.777992018553,
    -20.90906628473));
#7163 = CARTESIAN_POINT('',(10.9553223321,70.582514311253,
    -20.79620717783));
#7164 = CARTESIAN_POINT('',(10.5577682663,70.335885706553,
    -20.65381608653));
#7165 = CARTESIAN_POINT('',(10.1888316355,70.045709903253,
    -20.48628300833));
#7166 = CARTESIAN_POINT('',(9.8532501996,69.728762658653,-20.30329343143
    ));
#7167 = CARTESIAN_POINT('',(9.8435191659,69.719523145253,-20.29795899583
    ));
#7168 = CARTESIAN_POINT('',(9.8338161311,69.710261731053,-20.29261191583
    ));
#7169 = CARTESIAN_POINT('',(9.8241407349,69.700978539353,-20.28725226263
    ));
#7170 = ORIENTED_EDGE('',*,*,#7171,.F.);
#7171 = EDGE_CURVE('',#2941,#7158,#7172,.T.);
#7172 = LINE('',#7173,#7174);
#7173 = CARTESIAN_POINT('',(3.4520703674,69.700978539353,-20.28725226263
    ));
#7174 = VECTOR('',#7175,1.);
#7175 = DIRECTION('',(1.,-4.440892098501E-16,6.118392273665E-16));
#7176 = ORIENTED_EDGE('',*,*,#2940,.T.);
#7177 = PLANE('',#7178);
#7178 = AXIS2_PLACEMENT_3D('',#7179,#7180,#7181);
#7179 = CARTESIAN_POINT('',(43.58,69.700978539353,-20.28725226263));
#7180 = DIRECTION('',(1.724573219048E-16,-0.5,-0.866025403784));
#7181 = DIRECTION('',(6.123583309283E-16,0.866025403784,-0.5));
#7182 = ADVANCED_FACE('',(#7183),#7202,.T.);
#7183 = FACE_BOUND('',#7184,.T.);
#7184 = EDGE_LOOP('',(#7185,#7186,#7195,#7201));
#7185 = ORIENTED_EDGE('',*,*,#7171,.T.);
#7186 = ORIENTED_EDGE('',*,*,#7187,.F.);
#7187 = EDGE_CURVE('',#7188,#7158,#7190,.T.);
#7188 = VERTEX_POINT('',#7189);
#7189 = CARTESIAN_POINT('',(8.8480213731,69.700978539353,-19.61489290893
    ));
#7190 = CIRCLE('',#7191,6.09999986303);
#7191 = AXIS2_PLACEMENT_3D('',#7192,#7193,#7194);
#7192 = CARTESIAN_POINT('',(12.7799999175,69.700978539353,
    -14.95125237223));
#7193 = DIRECTION('',(-4.440892098501E-16,-1.,1.110223024625E-16));
#7194 = DIRECTION('',(3.330669073875E-16,-1.110223024625E-16,-1.));
#7195 = ORIENTED_EDGE('',*,*,#7196,.F.);
#7196 = EDGE_CURVE('',#2949,#7188,#7197,.T.);
#7197 = LINE('',#7198,#7199);
#7198 = CARTESIAN_POINT('',(2.9640106865,69.700978539353,-19.61489290893
    ));
#7199 = VECTOR('',#7200,1.);
#7200 = DIRECTION('',(1.,-4.440892098501E-16,3.330669073875E-16));
#7201 = ORIENTED_EDGE('',*,*,#2948,.T.);
#7202 = PLANE('',#7203);
#7203 = AXIS2_PLACEMENT_3D('',#7204,#7205,#7206);
#7204 = CARTESIAN_POINT('',(43.58,69.700978539353,4.874773736205E-02));
#7205 = DIRECTION('',(-4.440892098501E-16,-1.,1.110223024625E-16));
#7206 = DIRECTION('',(1.,-4.440892098501E-16,4.555315873025E-16));
#7207 = ADVANCED_FACE('',(#7208),#7229,.T.);
#7208 = FACE_BOUND('',#7209,.T.);
#7209 = EDGE_LOOP('',(#7210,#7211,#7222,#7228));
#7210 = ORIENTED_EDGE('',*,*,#7196,.T.);
#7211 = ORIENTED_EDGE('',*,*,#7212,.T.);
#7212 = EDGE_CURVE('',#7188,#7213,#7215,.T.);
#7213 = VERTEX_POINT('',#7214);
#7214 = CARTESIAN_POINT('',(8.1493860054,70.900978539353,-18.92207258563
    ));
#7215 = B_SPLINE_CURVE_WITH_KNOTS('',5,(#7216,#7217,#7218,#7219,#7220,
    #7221),.UNSPECIFIED.,.F.,.F.,(6,6),(0.,2.19574759317),
  .PIECEWISE_BEZIER_KNOTS.);
#7216 = CARTESIAN_POINT('',(8.8480213731,69.700978539953,-19.61489290833
    ));
#7217 = CARTESIAN_POINT('',(8.689682203,69.932203685453,-19.48139500833)
  );
#7218 = CARTESIAN_POINT('',(8.5413210251,70.168527750853,-19.34495324553
    ));
#7219 = CARTESIAN_POINT('',(8.4019879971,70.409760285953,-19.20567757643
    ));
#7220 = CARTESIAN_POINT('',(8.2717096613,70.653903186653,-19.06472160703
    ));
#7221 = CARTESIAN_POINT('',(8.1493860054,70.900978539353,-18.92207258563
    ));
#7222 = ORIENTED_EDGE('',*,*,#7223,.F.);
#7223 = EDGE_CURVE('',#2957,#7213,#7224,.T.);
#7224 = LINE('',#7225,#7226);
#7225 = CARTESIAN_POINT('',(2.6146930027,70.900978539353,-18.92207258563
    ));
#7226 = VECTOR('',#7227,1.);
#7227 = DIRECTION('',(1.,-4.440892098501E-16,6.540163870665E-16));
#7228 = ORIENTED_EDGE('',*,*,#2956,.T.);
#7229 = PLANE('',#7230);
#7230 = AXIS2_PLACEMENT_3D('',#7231,#7232,#7233);
#7231 = CARTESIAN_POINT('',(43.58,70.900978539353,-18.92207258563));
#7232 = DIRECTION('',(-6.165465317551E-16,-0.5,0.866025403784));
#7233 = DIRECTION('',(-1.568267436254E-16,-0.866025403784,-0.5));
#7234 = ADVANCED_FACE('',(#7235),#7254,.T.);
#7235 = FACE_BOUND('',#7236,.T.);
#7236 = EDGE_LOOP('',(#7237,#7238,#7247,#7253));
#7237 = ORIENTED_EDGE('',*,*,#7223,.T.);
#7238 = ORIENTED_EDGE('',*,*,#7239,.F.);
#7239 = EDGE_CURVE('',#7240,#7213,#7242,.T.);
#7240 = VERTEX_POINT('',#7241);
#7241 = CARTESIAN_POINT('',(7.8043164163,70.900978539353,-18.48007258563
    ));
#7242 = CIRCLE('',#7243,6.10000021917);
#7243 = AXIS2_PLACEMENT_3D('',#7244,#7245,#7246);
#7244 = CARTESIAN_POINT('',(12.7800001762,70.900978539353,
    -14.95125213183));
#7245 = DIRECTION('',(-4.440892098501E-16,-1.,1.110223024625E-16));
#7246 = DIRECTION('',(3.330669073875E-16,-1.110223024625E-16,-1.));
#7247 = ORIENTED_EDGE('',*,*,#7248,.F.);
#7248 = EDGE_CURVE('',#2965,#7240,#7249,.T.);
#7249 = LINE('',#7250,#7251);
#7250 = CARTESIAN_POINT('',(2.4421582082,70.900978539353,-18.48007258563
    ));
#7251 = VECTOR('',#7252,1.);
#7252 = DIRECTION('',(1.,-4.440892098501E-16,6.643433767575E-16));
#7253 = ORIENTED_EDGE('',*,*,#2964,.T.);
#7254 = PLANE('',#7255);
#7255 = AXIS2_PLACEMENT_3D('',#7256,#7257,#7258);
#7256 = CARTESIAN_POINT('',(43.58,70.900978539353,-0.980072585668));
#7257 = DIRECTION('',(-4.440892098501E-16,-1.,1.110223024625E-16));
#7258 = DIRECTION('',(4.555315873025E-16,-1.110223024625E-16,-1.));
#7259 = ADVANCED_FACE('',(#7260),#7281,.T.);
#7260 = FACE_BOUND('',#7261,.T.);
#7261 = EDGE_LOOP('',(#7262,#7263,#7274,#7280));
#7262 = ORIENTED_EDGE('',*,*,#7248,.T.);
#7263 = ORIENTED_EDGE('',*,*,#7264,.T.);
#7264 = EDGE_CURVE('',#7240,#7265,#7267,.T.);
#7265 = VERTEX_POINT('',#7266);
#7266 = CARTESIAN_POINT('',(7.3793422616,69.700978539353,-17.78725226263
    ));
#7267 = B_SPLINE_CURVE_WITH_KNOTS('',5,(#7268,#7269,#7270,#7271,#7272,
    #7273),.UNSPECIFIED.,.F.,.F.,(6,6),(0.,2.0501368276),
  .PIECEWISE_BEZIER_KNOTS.);
#7268 = CARTESIAN_POINT('',(7.8043164163,70.900978538753,-18.48007258533
    ));
#7269 = CARTESIAN_POINT('',(7.7074348211,70.664372885553,-18.34346824773
    ));
#7270 = CARTESIAN_POINT('',(7.616774595,70.425843991253,-18.20575352643)
  );
#7271 = CARTESIAN_POINT('',(7.5319787238,70.185394042753,-18.06692968393
    ));
#7272 = CARTESIAN_POINT('',(7.4529575405,69.943789908053,-17.92743947173
    ));
#7273 = CARTESIAN_POINT('',(7.3793422616,69.700978539353,-17.78725226263
    ));
#7274 = ORIENTED_EDGE('',*,*,#7275,.F.);
#7275 = EDGE_CURVE('',#2973,#7265,#7276,.T.);
#7276 = LINE('',#7277,#7278);
#7277 = CARTESIAN_POINT('',(2.2296711308,69.700978539353,-17.78725226263
    ));
#7278 = VECTOR('',#7279,1.);
#7279 = DIRECTION('',(1.,-4.440892098501E-16,6.780125930975E-16));
#7280 = ORIENTED_EDGE('',*,*,#2972,.T.);
#7281 = PLANE('',#7282);
#7282 = AXIS2_PLACEMENT_3D('',#7283,#7284,#7285);
#7283 = CARTESIAN_POINT('',(43.58,69.700978539353,-17.78725226263));
#7284 = DIRECTION('',(1.724573219048E-16,-0.5,-0.866025403784));
#7285 = DIRECTION('',(6.123583309283E-16,0.866025403784,-0.5));
#7286 = ADVANCED_FACE('',(#7287),#7306,.T.);
#7287 = FACE_BOUND('',#7288,.T.);
#7288 = EDGE_LOOP('',(#7289,#7290,#7299,#7305));
#7289 = ORIENTED_EDGE('',*,*,#7275,.T.);
#7290 = ORIENTED_EDGE('',*,*,#7291,.F.);
#7291 = EDGE_CURVE('',#7292,#7265,#7294,.T.);
#7292 = VERTEX_POINT('',#7293);
#7293 = CARTESIAN_POINT('',(7.0766098536,69.700978539353,-17.11489290893
    ));
#7294 = CIRCLE('',#7295,6.09999964346);
#7295 = AXIS2_PLACEMENT_3D('',#7296,#7297,#7298);
#7296 = CARTESIAN_POINT('',(12.7799996722,69.700978539353,
    -14.95125240573));
#7297 = DIRECTION('',(-4.440892098501E-16,-1.,1.110223024625E-16));
#7298 = DIRECTION('',(3.330669073875E-16,-1.110223024625E-16,-1.));
#7299 = ORIENTED_EDGE('',*,*,#7300,.F.);
#7300 = EDGE_CURVE('',#2981,#7292,#7301,.T.);
#7301 = LINE('',#7302,#7303);
#7302 = CARTESIAN_POINT('',(2.0783049268,69.700978539353,-17.11489290893
    ));
#7303 = VECTOR('',#7304,1.);
#7304 = DIRECTION('',(1.,-4.440892098501E-16,3.330669073875E-16));
#7305 = ORIENTED_EDGE('',*,*,#2980,.T.);
#7306 = PLANE('',#7307);
#7307 = AXIS2_PLACEMENT_3D('',#7308,#7309,#7310);
#7308 = CARTESIAN_POINT('',(43.58,69.700978539353,4.874773736205E-02));
#7309 = DIRECTION('',(-4.440892098501E-16,-1.,1.110223024625E-16));
#7310 = DIRECTION('',(1.,-4.440892098501E-16,4.555315873025E-16));
#7311 = ADVANCED_FACE('',(#7312),#7333,.T.);
#7312 = FACE_BOUND('',#7313,.T.);
#7313 = EDGE_LOOP('',(#7314,#7315,#7326,#7332));
#7314 = ORIENTED_EDGE('',*,*,#7300,.T.);
#7315 = ORIENTED_EDGE('',*,*,#7316,.T.);
#7316 = EDGE_CURVE('',#7292,#7317,#7319,.T.);
#7317 = VERTEX_POINT('',#7318);
#7318 = CARTESIAN_POINT('',(6.8599757123,70.900978539353,-16.42207258563
    ));
#7319 = B_SPLINE_CURVE_WITH_KNOTS('',5,(#7320,#7321,#7322,#7323,#7324,
    #7325),.UNSPECIFIED.,.F.,.F.,(6,6),(0.,1.98364907783),
  .PIECEWISE_BEZIER_KNOTS.);
#7320 = CARTESIAN_POINT('',(7.0766098536,69.700978539953,-17.11489290833
    ));
#7321 = CARTESIAN_POINT('',(7.0243365735,69.939643317353,-16.97709973483
    ));
#7322 = CARTESIAN_POINT('',(6.9766439627,70.179067651753,-16.83886803093
    ));
#7323 = CARTESIAN_POINT('',(6.9334002743,70.419293257953,-16.70017371253
    ));
#7324 = CARTESIAN_POINT('',(6.8945548277,70.659911201353,-16.56125287813
    ));
#7325 = CARTESIAN_POINT('',(6.8599757123,70.900978539353,-16.42207258563
    ));
#7326 = ORIENTED_EDGE('',*,*,#7327,.F.);
#7327 = EDGE_CURVE('',#2989,#7317,#7328,.T.);
#7328 = LINE('',#7329,#7330);
#7329 = CARTESIAN_POINT('',(1.9699878561,70.900978539353,-16.42207258563
    ));
#7330 = VECTOR('',#7331,1.);
#7331 = DIRECTION('',(1.,-4.440892098501E-16,6.963309668605E-16));
#7332 = ORIENTED_EDGE('',*,*,#2988,.T.);
#7333 = PLANE('',#7334);
#7334 = AXIS2_PLACEMENT_3D('',#7335,#7336,#7337);
#7335 = CARTESIAN_POINT('',(43.58,70.900978539353,-16.42207258563));
#7336 = DIRECTION('',(-6.165465317551E-16,-0.5,0.866025403784));
#7337 = DIRECTION('',(-1.568267436254E-16,-0.866025403784,-0.5));
#7338 = ADVANCED_FACE('',(#7339),#7358,.T.);
#7339 = FACE_BOUND('',#7340,.T.);
#7340 = EDGE_LOOP('',(#7341,#7342,#7351,#7357));
#7341 = ORIENTED_EDGE('',*,*,#7327,.T.);
#7342 = ORIENTED_EDGE('',*,*,#7343,.F.);
#7343 = EDGE_CURVE('',#7344,#7317,#7346,.T.);
#7344 = VERTEX_POINT('',#7345);
#7345 = CARTESIAN_POINT('',(6.7673858646,70.900978539353,-15.98007258563
    ));
#7346 = CIRCLE('',#7347,6.09999830241);
#7347 = AXIS2_PLACEMENT_3D('',#7348,#7349,#7350);
#7348 = CARTESIAN_POINT('',(12.7799983356,70.900978539353,
    -14.95125260023));
#7349 = DIRECTION('',(-4.440892098501E-16,-1.,1.110223024625E-16));
#7350 = DIRECTION('',(3.330669073875E-16,-1.110223024625E-16,-1.));
#7351 = ORIENTED_EDGE('',*,*,#7352,.F.);
#7352 = EDGE_CURVE('',#2997,#7344,#7353,.T.);
#7353 = LINE('',#7354,#7355);
#7354 = CARTESIAN_POINT('',(1.9236929323,70.900978539353,-15.98007258563
    ));
#7355 = VECTOR('',#7356,1.);
#7356 = DIRECTION('',(1.,-4.440892098501E-16,6.998029627565E-16));
#7357 = ORIENTED_EDGE('',*,*,#2996,.T.);
#7358 = PLANE('',#7359);
#7359 = AXIS2_PLACEMENT_3D('',#7360,#7361,#7362);
#7360 = CARTESIAN_POINT('',(43.58,70.900978539353,-0.980072585668));
#7361 = DIRECTION('',(-4.440892098501E-16,-1.,1.110223024625E-16));
#7362 = DIRECTION('',(4.555315873025E-16,-1.110223024625E-16,-1.));
#7363 = ADVANCED_FACE('',(#7364),#7385,.T.);
#7364 = FACE_BOUND('',#7365,.T.);
#7365 = EDGE_LOOP('',(#7366,#7367,#7378,#7384));
#7366 = ORIENTED_EDGE('',*,*,#7352,.T.);
#7367 = ORIENTED_EDGE('',*,*,#7368,.T.);
#7368 = EDGE_CURVE('',#7344,#7369,#7371,.T.);
#7369 = VERTEX_POINT('',#7370);
#7370 = CARTESIAN_POINT('',(6.6892607994,69.700978539353,-15.28725226263
    ));
#7371 = B_SPLINE_CURVE_WITH_KNOTS('',5,(#7372,#7373,#7374,#7375,#7376,
    #7377),.UNSPECIFIED.,.F.,.F.,(6,6),(0.,1.9629087123),
  .PIECEWISE_BEZIER_KNOTS.);
#7372 = CARTESIAN_POINT('',(6.7673858646,70.900978538753,-15.98007258533
    ));
#7373 = CARTESIAN_POINT('',(6.7437244978,70.661468206553,-15.84179123053
    ));
#7374 = CARTESIAN_POINT('',(6.7241164067,70.421651575153,-15.70333303383
    ));
#7375 = CARTESIAN_POINT('',(6.7085189361,70.181478660253,-15.56466913673
    ));
#7376 = CARTESIAN_POINT('',(6.6969141465,69.941272451353,-15.42598601743
    ));
#7377 = CARTESIAN_POINT('',(6.6892607994,69.700978539353,-15.28725226263
    ));
#7378 = ORIENTED_EDGE('',*,*,#7379,.F.);
#7379 = EDGE_CURVE('',#3005,#7369,#7380,.T.);
#7380 = LINE('',#7381,#7382);
#7381 = CARTESIAN_POINT('',(1.8846303997,69.700978539353,-15.28725226263
    ));
#7382 = VECTOR('',#7383,1.);
#7383 = DIRECTION('',(1.,-4.440892098501E-16,3.330669073875E-16));
#7384 = ORIENTED_EDGE('',*,*,#3004,.T.);
#7385 = PLANE('',#7386);
#7386 = AXIS2_PLACEMENT_3D('',#7387,#7388,#7389);
#7387 = CARTESIAN_POINT('',(43.58,69.700978539353,-15.28725226263));
#7388 = DIRECTION('',(1.724573219048E-16,-0.5,-0.866025403784));
#7389 = DIRECTION('',(6.123583309283E-16,0.866025403784,-0.5));
#7390 = ADVANCED_FACE('',(#7391),#7410,.T.);
#7391 = FACE_BOUND('',#7392,.T.);
#7392 = EDGE_LOOP('',(#7393,#7394,#7403,#7409));
#7393 = ORIENTED_EDGE('',*,*,#7379,.T.);
#7394 = ORIENTED_EDGE('',*,*,#7395,.F.);
#7395 = EDGE_CURVE('',#7396,#7369,#7398,.T.);
#7396 = VERTEX_POINT('',#7397);
#7397 = CARTESIAN_POINT('',(6.6892806347,69.700978539353,-14.61489290893
    ));
#7398 = CIRCLE('',#7399,6.1000007735);
#7399 = AXIS2_PLACEMENT_3D('',#7400,#7401,#7402);
#7400 = CARTESIAN_POINT('',(12.7800007742,69.700978539353,
    -14.95125226833));
#7401 = DIRECTION('',(-4.440892098501E-16,-1.,1.110223024625E-16));
#7402 = DIRECTION('',(3.330669073875E-16,-1.110223024625E-16,-1.));
#7403 = ORIENTED_EDGE('',*,*,#7404,.F.);
#7404 = EDGE_CURVE('',#3013,#7396,#7405,.T.);
#7405 = LINE('',#7406,#7407);
#7406 = CARTESIAN_POINT('',(1.8846403173,69.700978539353,-14.61489290893
    ));
#7407 = VECTOR('',#7408,1.);
#7408 = DIRECTION('',(1.,-4.440892098501E-16,5.179253694235E-16));
#7409 = ORIENTED_EDGE('',*,*,#3012,.T.);
#7410 = PLANE('',#7411);
#7411 = AXIS2_PLACEMENT_3D('',#7412,#7413,#7414);
#7412 = CARTESIAN_POINT('',(43.58,69.700978539353,4.874773736205E-02));
#7413 = DIRECTION('',(-4.440892098501E-16,-1.,1.110223024625E-16));
#7414 = DIRECTION('',(1.,-4.440892098501E-16,4.555315873025E-16));
#7415 = ADVANCED_FACE('',(#7416),#7437,.T.);
#7416 = FACE_BOUND('',#7417,.T.);
#7417 = EDGE_LOOP('',(#7418,#7419,#7430,#7436));
#7418 = ORIENTED_EDGE('',*,*,#7404,.T.);
#7419 = ORIENTED_EDGE('',*,*,#7420,.F.);
#7420 = EDGE_CURVE('',#7421,#7396,#7423,.T.);
#7421 = VERTEX_POINT('',#7422);
#7422 = CARTESIAN_POINT('',(6.7674473654,70.900978539353,-13.92207258563
    ));
#7423 = B_SPLINE_CURVE_WITH_KNOTS('',5,(#7424,#7425,#7426,#7427,#7428,
    #7429),.UNSPECIFIED.,.F.,.F.,(6,6),(0.,1.96291203737),
  .PIECEWISE_BEZIER_KNOTS.);
#7424 = CARTESIAN_POINT('',(6.7674473654,70.900978539353,-13.92207258563
    ));
#7425 = CARTESIAN_POINT('',(6.7437775137,70.661468427953,-14.06035381293
    ));
#7426 = CARTESIAN_POINT('',(6.7241610328,70.421651902253,-14.19881194863
    ));
#7427 = CARTESIAN_POINT('',(6.7085552442,70.181478979553,-14.33747585013
    ));
#7428 = CARTESIAN_POINT('',(6.6969421988,69.941272662153,-14.47615903213
    ));
#7429 = CARTESIAN_POINT('',(6.6892806347,69.700978539953,-14.61489290833
    ));
#7430 = ORIENTED_EDGE('',*,*,#7431,.F.);
#7431 = EDGE_CURVE('',#3021,#7421,#7432,.T.);
#7432 = LINE('',#7433,#7434);
#7433 = CARTESIAN_POINT('',(1.9237236827,70.900978539353,-13.92207258563
    ));
#7434 = VECTOR('',#7435,1.);
#7435 = DIRECTION('',(1.,-4.440892098501E-16,3.330669073875E-16));
#7436 = ORIENTED_EDGE('',*,*,#3020,.T.);
#7437 = PLANE('',#7438);
#7438 = AXIS2_PLACEMENT_3D('',#7439,#7440,#7441);
#7439 = CARTESIAN_POINT('',(43.58,70.900978539353,-13.92207258563));
#7440 = DIRECTION('',(-6.165465317551E-16,-0.5,0.866025403784));
#7441 = DIRECTION('',(-1.568267436254E-16,-0.866025403784,-0.5));
#7442 = ADVANCED_FACE('',(#7443),#7462,.T.);
#7443 = FACE_BOUND('',#7444,.T.);
#7444 = EDGE_LOOP('',(#7445,#7446,#7455,#7461));
#7445 = ORIENTED_EDGE('',*,*,#7431,.T.);
#7446 = ORIENTED_EDGE('',*,*,#7447,.F.);
#7447 = EDGE_CURVE('',#7448,#7421,#7450,.T.);
#7448 = VERTEX_POINT('',#7449);
#7449 = CARTESIAN_POINT('',(6.8600650038,70.900978539353,-13.48007258563
    ));
#7450 = CIRCLE('',#7451,6.10000022825);
#7451 = AXIS2_PLACEMENT_3D('',#7452,#7453,#7454);
#7452 = CARTESIAN_POINT('',(12.7800002259,70.900978539353,
    -14.95125229943));
#7453 = DIRECTION('',(-4.440892098501E-16,-1.,1.110223024625E-16));
#7454 = DIRECTION('',(3.330669073875E-16,-1.110223024625E-16,-1.));
#7455 = ORIENTED_EDGE('',*,*,#7456,.F.);
#7456 = EDGE_CURVE('',#3029,#7448,#7457,.T.);
#7457 = LINE('',#7458,#7459);
#7458 = CARTESIAN_POINT('',(1.9700325019,70.900978539353,-13.48007258563
    ));
#7459 = VECTOR('',#7460,1.);
#7460 = DIRECTION('',(1.,-4.440892098501E-16,3.330669073875E-16));
#7461 = ORIENTED_EDGE('',*,*,#3028,.T.);
#7462 = PLANE('',#7463);
#7463 = AXIS2_PLACEMENT_3D('',#7464,#7465,#7466);
#7464 = CARTESIAN_POINT('',(43.58,70.900978539353,-0.980072585668));
#7465 = DIRECTION('',(-4.440892098501E-16,-1.,1.110223024625E-16));
#7466 = DIRECTION('',(4.555315873025E-16,-1.110223024625E-16,-1.));
#7467 = ADVANCED_FACE('',(#7468),#7489,.T.);
#7468 = FACE_BOUND('',#7469,.T.);
#7469 = EDGE_LOOP('',(#7470,#7471,#7482,#7488));
#7470 = ORIENTED_EDGE('',*,*,#7456,.T.);
#7471 = ORIENTED_EDGE('',*,*,#7472,.F.);
#7472 = EDGE_CURVE('',#7473,#7448,#7475,.T.);
#7473 = VERTEX_POINT('',#7474);
#7474 = CARTESIAN_POINT('',(7.0767461918,69.700978539353,-12.78725226263
    ));
#7475 = B_SPLINE_CURVE_WITH_KNOTS('',5,(#7476,#7477,#7478,#7479,#7480,
    #7481),.UNSPECIFIED.,.F.,.F.,(6,6),(0.,1.98365938166),
  .PIECEWISE_BEZIER_KNOTS.);
#7476 = CARTESIAN_POINT('',(7.0767461918,69.700978539353,-12.78725226263
    ));
#7477 = CARTESIAN_POINT('',(7.0244630538,69.939642978953,-12.92504524103
    ));
#7478 = CARTESIAN_POINT('',(6.9767608383,70.179067160753,-13.06327685683
    ));
#7479 = CARTESIAN_POINT('',(6.9335077607,70.419292794953,-13.20197119143
    ));
#7480 = CARTESIAN_POINT('',(6.8946531322,70.659910901753,-13.34089212023
    ));
#7481 = CARTESIAN_POINT('',(6.8600650038,70.900978538753,-13.48007258533
    ));
#7482 = ORIENTED_EDGE('',*,*,#7483,.F.);
#7483 = EDGE_CURVE('',#3037,#7473,#7484,.T.);
#7484 = LINE('',#7485,#7486);
#7485 = CARTESIAN_POINT('',(2.0783730959,69.700978539353,-12.78725226263
    ));
#7486 = VECTOR('',#7487,1.);
#7487 = DIRECTION('',(1.,-4.440892098501E-16,3.330669073875E-16));
#7488 = ORIENTED_EDGE('',*,*,#3036,.T.);
#7489 = PLANE('',#7490);
#7490 = AXIS2_PLACEMENT_3D('',#7491,#7492,#7493);
#7491 = CARTESIAN_POINT('',(43.58,69.700978539353,-12.78725226263));
#7492 = DIRECTION('',(1.724573219048E-16,-0.5,-0.866025403784));
#7493 = DIRECTION('',(6.123583309283E-16,0.866025403784,-0.5));
#7494 = ADVANCED_FACE('',(#7495),#7514,.T.);
#7495 = FACE_BOUND('',#7496,.T.);
#7496 = EDGE_LOOP('',(#7497,#7498,#7507,#7513));
#7497 = ORIENTED_EDGE('',*,*,#7483,.T.);
#7498 = ORIENTED_EDGE('',*,*,#7499,.F.);
#7499 = EDGE_CURVE('',#7500,#7473,#7502,.T.);
#7500 = VERTEX_POINT('',#7501);
#7501 = CARTESIAN_POINT('',(7.3795309811,69.700978539353,-12.11489290893
    ));
#7502 = CIRCLE('',#7503,6.10000060973);
#7503 = AXIS2_PLACEMENT_3D('',#7504,#7505,#7506);
#7504 = CARTESIAN_POINT('',(12.7800005573,69.700978539353,
    -14.95125251153));
#7505 = DIRECTION('',(-4.440892098501E-16,-1.,1.110223024625E-16));
#7506 = DIRECTION('',(3.330669073875E-16,-1.110223024625E-16,-1.));
#7507 = ORIENTED_EDGE('',*,*,#7508,.F.);
#7508 = EDGE_CURVE('',#3045,#7500,#7509,.T.);
#7509 = LINE('',#7510,#7511);
#7510 = CARTESIAN_POINT('',(2.2297654906,69.700978539353,-12.11489290893
    ));
#7511 = VECTOR('',#7512,1.);
#7512 = DIRECTION('',(1.,-4.440892098501E-16,5.055365900025E-16));
#7513 = ORIENTED_EDGE('',*,*,#3044,.T.);
#7514 = PLANE('',#7515);
#7515 = AXIS2_PLACEMENT_3D('',#7516,#7517,#7518);
#7516 = CARTESIAN_POINT('',(43.58,69.700978539353,4.874773736205E-02));
#7517 = DIRECTION('',(-4.440892098501E-16,-1.,1.110223024625E-16));
#7518 = DIRECTION('',(1.,-4.440892098501E-16,4.555315873025E-16));
#7519 = ADVANCED_FACE('',(#7520),#7541,.T.);
#7520 = FACE_BOUND('',#7521,.T.);
#7521 = EDGE_LOOP('',(#7522,#7523,#7534,#7540));
#7522 = ORIENTED_EDGE('',*,*,#7508,.T.);
#7523 = ORIENTED_EDGE('',*,*,#7524,.F.);
#7524 = EDGE_CURVE('',#7525,#7500,#7527,.T.);
#7525 = VERTEX_POINT('',#7526);
#7526 = CARTESIAN_POINT('',(7.8045712932,70.900978539353,-11.42207258563
    ));
#7527 = B_SPLINE_CURVE_WITH_KNOTS('',5,(#7528,#7529,#7530,#7531,#7532,
    #7533),.UNSPECIFIED.,.F.,.F.,(6,6),(0.,2.05016436107),
  .PIECEWISE_BEZIER_KNOTS.);
#7528 = CARTESIAN_POINT('',(7.8045712932,70.900978539353,-11.42207258563
    ));
#7529 = CARTESIAN_POINT('',(7.7076752281,70.664373763753,-11.55867641653
    ));
#7530 = CARTESIAN_POINT('',(7.6170012218,70.425845239953,-11.69639092393
    ));
#7531 = CARTESIAN_POINT('',(7.5321921632,70.185395180253,-11.83521483063
    ));
#7532 = CARTESIAN_POINT('',(7.4531583788,69.943790628053,-11.97470528393
    ));
#7533 = CARTESIAN_POINT('',(7.3795309811,69.700978539953,-12.11489290833
    ));
#7534 = ORIENTED_EDGE('',*,*,#7535,.F.);
#7535 = EDGE_CURVE('',#3053,#7525,#7536,.T.);
#7536 = LINE('',#7537,#7538);
#7537 = CARTESIAN_POINT('',(2.4422856466,70.900978539353,-11.42207258563
    ));
#7538 = VECTOR('',#7539,1.);
#7539 = DIRECTION('',(1.,-4.440892098501E-16,4.987012055645E-16));
#7540 = ORIENTED_EDGE('',*,*,#3052,.T.);
#7541 = PLANE('',#7542);
#7542 = AXIS2_PLACEMENT_3D('',#7543,#7544,#7545);
#7543 = CARTESIAN_POINT('',(43.58,70.900978539353,-11.42207258563));
#7544 = DIRECTION('',(-6.165465317551E-16,-0.5,0.866025403784));
#7545 = DIRECTION('',(-1.568267436254E-16,-0.866025403784,-0.5));
#7546 = ADVANCED_FACE('',(#7547),#7566,.T.);
#7547 = FACE_BOUND('',#7548,.T.);
#7548 = EDGE_LOOP('',(#7549,#7550,#7559,#7565));
#7549 = ORIENTED_EDGE('',*,*,#7535,.T.);
#7550 = ORIENTED_EDGE('',*,*,#7551,.F.);
#7551 = EDGE_CURVE('',#7552,#7525,#7554,.T.);
#7552 = VERTEX_POINT('',#7553);
#7553 = CARTESIAN_POINT('',(8.1496941819,70.900978539353,-10.98007258563
    ));
#7554 = CIRCLE('',#7555,6.09999995897);
#7555 = AXIS2_PLACEMENT_3D('',#7556,#7557,#7558);
#7556 = CARTESIAN_POINT('',(12.7799999597,70.900978539353,
    -14.95125224713));
#7557 = DIRECTION('',(-4.440892098501E-16,-1.,1.110223024625E-16));
#7558 = DIRECTION('',(3.330669073875E-16,-1.110223024625E-16,-1.));
#7559 = ORIENTED_EDGE('',*,*,#7560,.F.);
#7560 = EDGE_CURVE('',#3061,#7552,#7561,.T.);
#7561 = LINE('',#7562,#7563);
#7562 = CARTESIAN_POINT('',(2.614847091,70.900978539353,-10.98007258563)
  );
#7563 = VECTOR('',#7564,1.);
#7564 = DIRECTION('',(1.,-4.440892098501E-16,4.935371796655E-16));
#7565 = ORIENTED_EDGE('',*,*,#3060,.T.);
#7566 = PLANE('',#7567);
#7567 = AXIS2_PLACEMENT_3D('',#7568,#7569,#7570);
#7568 = CARTESIAN_POINT('',(43.58,70.900978539353,-0.980072585668));
#7569 = DIRECTION('',(-4.440892098501E-16,-1.,1.110223024625E-16));
#7570 = DIRECTION('',(4.555315873025E-16,-1.110223024625E-16,-1.));
#7571 = ADVANCED_FACE('',(#7572),#7598,.T.);
#7572 = FACE_BOUND('',#7573,.T.);
#7573 = EDGE_LOOP('',(#7574,#7575,#7584,#7585,#7597));
#7574 = ORIENTED_EDGE('',*,*,#7560,.T.);
#7575 = ORIENTED_EDGE('',*,*,#7576,.F.);
#7576 = EDGE_CURVE('',#3295,#7552,#7577,.T.);
#7577 = B_SPLINE_CURVE_WITH_KNOTS('',5,(#7578,#7579,#7580,#7581,#7582,
    #7583),.UNSPECIFIED.,.F.,.F.,(6,6),(0.,2.19582326324),
  .PIECEWISE_BEZIER_KNOTS.);
#7578 = CARTESIAN_POINT('',(8.8484476357,69.700978539353,-10.28725226263
    ));
#7579 = CARTESIAN_POINT('',(8.6900813033,69.932200462553,-10.42074830223
    ));
#7580 = CARTESIAN_POINT('',(8.541694943,70.168523257153,-10.55718933133)
  );
#7581 = CARTESIAN_POINT('',(8.4023383637,70.409756321153,-10.69646530573
    ));
#7582 = CARTESIAN_POINT('',(8.2720382658,70.653900731153,-10.83742214653
    ));
#7583 = CARTESIAN_POINT('',(8.1496941819,70.900978538753,-10.98007258533
    ));
#7584 = ORIENTED_EDGE('',*,*,#3292,.F.);
#7585 = ORIENTED_EDGE('',*,*,#7586,.T.);
#7586 = EDGE_CURVE('',#3293,#3069,#7587,.T.);
#7587 = B_SPLINE_CURVE_WITH_KNOTS('',5,(#7588,#7589,#7590,#7591,#7592,
    #7593,#7594,#7595,#7596),.UNSPECIFIED.,.F.,.F.,(6,3,6),(0.,
    1.0691614526,1.3364623164),.UNSPECIFIED.);
#7588 = CARTESIAN_POINT('',(-3.0683068205,69.700978539353,
    -10.28725226263));
#7589 = CARTESIAN_POINT('',(-3.0176192618,69.824285387553,
    -10.35844350463));
#7590 = CARTESIAN_POINT('',(-2.9799320732,69.951599857453,
    -10.43194854813));
#7591 = CARTESIAN_POINT('',(-2.9525723332,70.080270886753,
    -10.50623680153));
#7592 = CARTESIAN_POINT('',(-2.9300537583,70.242993161653,
    -10.60018455073));
#7593 = CARTESIAN_POINT('',(-2.9216742249,70.406469243453,
    -10.69456751053));
#7594 = CARTESIAN_POINT('',(-2.9205577107,70.439203866453,
    -10.71346685393));
#7595 = CARTESIAN_POINT('',(-2.92,70.471926988653,-10.73235955743));
#7596 = CARTESIAN_POINT('',(-2.92,70.504650113553,-10.75125226233));
#7597 = ORIENTED_EDGE('',*,*,#3068,.T.);
#7598 = PLANE('',#7599);
#7599 = AXIS2_PLACEMENT_3D('',#7600,#7601,#7602);
#7600 = CARTESIAN_POINT('',(43.58,69.700978539353,-10.28725226263));
#7601 = DIRECTION('',(1.724573219048E-16,-0.5,-0.866025403784));
#7602 = DIRECTION('',(6.123583309283E-16,0.866025403784,-0.5));
#7603 = ADVANCED_FACE('',(#7604),#7611,.F.);
#7604 = FACE_BOUND('',#7605,.F.);
#7605 = EDGE_LOOP('',(#7606,#7607,#7608,#7609,#7610));
#7606 = ORIENTED_EDGE('',*,*,#5003,.F.);
#7607 = ORIENTED_EDGE('',*,*,#5097,.T.);
#7608 = ORIENTED_EDGE('',*,*,#3326,.F.);
#7609 = ORIENTED_EDGE('',*,*,#7586,.T.);
#7610 = ORIENTED_EDGE('',*,*,#3076,.F.);
#7611 = CYLINDRICAL_SURFACE('',#7612,0.8);
#7612 = AXIS2_PLACEMENT_3D('',#7613,#7614,#7615);
#7613 = CARTESIAN_POINT('',(-3.72,92.195837319253,-10.75125226263));
#7614 = DIRECTION('',(-4.440892098501E-16,-1.,1.110223024625E-16));
#7615 = DIRECTION('',(1.,-4.440892098501E-16,1.339070573676E-16));
#7616 = ADVANCED_FACE('',(#7617),#7657,.F.);
#7617 = FACE_BOUND('',#7618,.F.);
#7618 = EDGE_LOOP('',(#7619,#7627,#7650,#7656));
#7619 = ORIENTED_EDGE('',*,*,#7620,.T.);
#7620 = EDGE_CURVE('',#3087,#7621,#7623,.T.);
#7621 = VERTEX_POINT('',#7622);
#7622 = CARTESIAN_POINT('',(6.8917770445,73.784332894953,-16.54462304023
    ));
#7623 = LINE('',#7624,#7625);
#7624 = CARTESIAN_POINT('',(-3.8200000004,73.784332894953,
    -16.54462304023));
#7625 = VECTOR('',#7626,1.);
#7626 = DIRECTION('',(1.,-4.440892098501E-16,1.339071076246E-16));
#7627 = ORIENTED_EDGE('',*,*,#7628,.F.);
#7628 = EDGE_CURVE('',#7629,#7621,#7631,.T.);
#7629 = VERTEX_POINT('',#7630);
#7630 = CARTESIAN_POINT('',(6.8917770445,79.617624183753,-13.35788148503
    ));
#7631 = B_SPLINE_CURVE_WITH_KNOTS('',5,(#7632,#7633,#7634,#7635,#7636,
    #7637,#7638,#7639,#7640,#7641,#7642,#7643,#7644,#7645,#7646,#7647,
    #7648,#7649),.UNSPECIFIED.,.F.,.F.,(6,3,3,3,3,6),(0.,3.82273357387,
    6.77024636154,9.33488891468,11.8251438724,15.1556473632),
  .UNSPECIFIED.);
#7632 = CARTESIAN_POINT('',(6.8917770445,79.617624183753,-13.35788148503
    ));
#7633 = CARTESIAN_POINT('',(7.0160250082,79.366788188853,-12.89872927623
    ));
#7634 = CARTESIAN_POINT('',(7.1730951939,79.029336815253,-12.49577738383
    ));
#7635 = CARTESIAN_POINT('',(7.3432138069,78.617556606153,-12.16101220413
    ));
#7636 = CARTESIAN_POINT('',(7.5992669688,77.785622783653,-11.72115707113
    ));
#7637 = CARTESIAN_POINT('',(7.6895028986,76.832716655853,-11.59096825933
    ));
#7638 = CARTESIAN_POINT('',(7.6823734573,76.414375745253,-11.60090169283
    ));
#7639 = CARTESIAN_POINT('',(7.5870384697,75.647081782253,-11.74182966323
    ));
#7640 = CARTESIAN_POINT('',(7.3915785917,74.969054508253,-12.08238168393
    ));
#7641 = CARTESIAN_POINT('',(7.2876403468,74.677766275753,-12.28059732983
    ));
#7642 = CARTESIAN_POINT('',(7.0794502073,74.164788770553,-12.73604060523
    ));
#7643 = CARTESIAN_POINT('',(6.8926040884,73.780472486953,-13.31111627713
    ));
#7644 = CARTESIAN_POINT('',(6.8128193723,73.625491410353,-13.62169120693
    ));
#7645 = CARTESIAN_POINT('',(6.6721857367,73.360830695653,-14.39307443093
    ));
#7646 = CARTESIAN_POINT('',(6.6578524822,73.337936315253,-15.22690578453
    ));
#7647 = CARTESIAN_POINT('',(6.7001949952,73.413003678053,-15.70190396143
    ));
#7648 = CARTESIAN_POINT('',(6.7835277339,73.565795520953,-16.14459306033
    ));
#7649 = CARTESIAN_POINT('',(6.8917770452,73.784332894953,-16.54462304023
    ));
#7650 = ORIENTED_EDGE('',*,*,#7651,.F.);
#7651 = EDGE_CURVE('',#3085,#7629,#7652,.T.);
#7652 = LINE('',#7653,#7654);
#7653 = CARTESIAN_POINT('',(-3.8200000004,79.617624183753,
    -13.35788148503));
#7654 = VECTOR('',#7655,1.);
#7655 = DIRECTION('',(1.,-4.440892098501E-16,1.339071076246E-16));
#7656 = ORIENTED_EDGE('',*,*,#3084,.T.);
#7657 = CYLINDRICAL_SURFACE('',#7658,3.3235);
#7658 = AXIS2_PLACEMENT_3D('',#7659,#7660,#7661);
#7659 = CARTESIAN_POINT('',(-3.82,76.700978539353,-14.95125226263));
#7660 = DIRECTION('',(1.,-4.440892098505E-16,1.339070573666E-16));
#7661 = DIRECTION('',(3.255264833876E-16,0.87758256189,0.479425538604));
#7662 = ADVANCED_FACE('',(#7663),#7689,.F.);
#7663 = FACE_BOUND('',#7664,.F.);
#7664 = EDGE_LOOP('',(#7665,#7666,#7687,#7688));
#7665 = ORIENTED_EDGE('',*,*,#7651,.T.);
#7666 = ORIENTED_EDGE('',*,*,#7667,.F.);
#7667 = EDGE_CURVE('',#7621,#7629,#7668,.T.);
#7668 = B_SPLINE_CURVE_WITH_KNOTS('',5,(#7669,#7670,#7671,#7672,#7673,
    #7674,#7675,#7676,#7677,#7678,#7679,#7680,#7681,#7682,#7683,#7684,
    #7685,#7686),.UNSPECIFIED.,.F.,.F.,(6,3,3,3,3,6),(0.,3.82273357524,
    6.77024636409,9.33488891865,11.8251438772,15.1556473545),
  .UNSPECIFIED.);
#7669 = CARTESIAN_POINT('',(6.8917770445,73.784332894953,-16.54462304023
    ));
#7670 = CARTESIAN_POINT('',(7.0160250082,74.035168889753,-17.00377524893
    ));
#7671 = CARTESIAN_POINT('',(7.1730951938,74.372620263353,-17.40672714133
    ));
#7672 = CARTESIAN_POINT('',(7.3432138069,74.784400472653,-17.74149232113
    ));
#7673 = CARTESIAN_POINT('',(7.5992669688,75.616334295053,-18.18134745413
    ));
#7674 = CARTESIAN_POINT('',(7.6895028986,76.569240422853,-18.31153626593
    ));
#7675 = CARTESIAN_POINT('',(7.6823734573,76.987581333553,-18.30160283243
    ));
#7676 = CARTESIAN_POINT('',(7.5870384697,77.754875296553,-18.16067486203
    ));
#7677 = CARTESIAN_POINT('',(7.3915785917,78.432902570553,-17.82012284133
    ));
#7678 = CARTESIAN_POINT('',(7.2876403468,78.724190803053,-17.62190719533
    ));
#7679 = CARTESIAN_POINT('',(7.0794502073,79.237168308253,-17.16646391993
    ));
#7680 = CARTESIAN_POINT('',(6.8926040884,79.621484591753,-16.59138824803
    ));
#7681 = CARTESIAN_POINT('',(6.8128193723,79.776465668353,-16.28081331823
    ));
#7682 = CARTESIAN_POINT('',(6.6721857371,80.041126382353,-15.50943009643
    ));
#7683 = CARTESIAN_POINT('',(6.6578524823,80.064020763353,-14.67559874503
    ));
#7684 = CARTESIAN_POINT('',(6.7001949952,79.988953399253,-14.20060055973
    ));
#7685 = CARTESIAN_POINT('',(6.7835277336,79.836161556753,-13.75791146303
    ));
#7686 = CARTESIAN_POINT('',(6.8917770445,79.617624183753,-13.35788148503
    ));
#7687 = ORIENTED_EDGE('',*,*,#7620,.F.);
#7688 = ORIENTED_EDGE('',*,*,#3112,.T.);
#7689 = CYLINDRICAL_SURFACE('',#7690,3.3235);
#7690 = AXIS2_PLACEMENT_3D('',#7691,#7692,#7693);
#7691 = CARTESIAN_POINT('',(-3.82,76.700978539353,-14.95125226263));
#7692 = DIRECTION('',(1.,-4.440892098505E-16,1.339070573666E-16));
#7693 = DIRECTION('',(-3.255264833876E-16,-0.87758256189,-0.479425538604
    ));
#7694 = ADVANCED_FACE('',(#7695),#7723,.F.);
#7695 = FACE_BOUND('',#7696,.F.);
#7696 = EDGE_LOOP('',(#7697,#7706,#7715,#7722));
#7697 = ORIENTED_EDGE('',*,*,#7698,.T.);
#7698 = EDGE_CURVE('',#3189,#7699,#7701,.T.);
#7699 = VERTEX_POINT('',#7700);
#7700 = CARTESIAN_POINT('',(30.5396253499,129.70097853935,
    23.918993420762));
#7701 = CIRCLE('',#7702,0.8);
#7702 = AXIS2_PLACEMENT_3D('',#7703,#7704,#7705);
#7703 = CARTESIAN_POINT('',(30.5396253499,128.90097853935,
    23.918993420762));
#7704 = DIRECTION('',(0.87758256189,-3.364980193322E-16,0.479425538606)
  );
#7705 = DIRECTION('',(0.479425538606,-2.503812611681E-16,-0.87758256189)
  );
#7706 = ORIENTED_EDGE('',*,*,#7707,.F.);
#7707 = EDGE_CURVE('',#7708,#7699,#7710,.T.);
#7708 = VERTEX_POINT('',#7709);
#7709 = CARTESIAN_POINT('',(67.4502456834,129.70097853935,
    13.089122387362));
#7710 = CIRCLE('',#7711,27.2);
#7711 = AXIS2_PLACEMENT_3D('',#7712,#7713,#7714);
#7712 = CARTESIAN_POINT('',(43.58,129.70097853935,4.874773736205E-02));
#7713 = DIRECTION('',(-4.728344548313E-16,-1.,9.531870355812E-17));
#7714 = DIRECTION('',(3.330669073875E-16,-9.531870355812E-17,-1.));
#7715 = ORIENTED_EDGE('',*,*,#7716,.F.);
#7716 = EDGE_CURVE('',#3198,#7708,#7717,.T.);
#7717 = CIRCLE('',#7718,0.8);
#7718 = AXIS2_PLACEMENT_3D('',#7719,#7720,#7721);
#7719 = CARTESIAN_POINT('',(67.4502456834,128.90097853935,
    13.089122387362));
#7720 = DIRECTION('',(0.479425538604,-3.103389452429E-16,-0.87758256189)
  );
#7721 = DIRECTION('',(0.87758256189,-3.692530514287E-16,0.479425538604)
  );
#7722 = ORIENTED_EDGE('',*,*,#3205,.T.);
#7723 = TOROIDAL_SURFACE('',#7724,27.2,0.8);
#7724 = AXIS2_PLACEMENT_3D('',#7725,#7726,#7727);
#7725 = CARTESIAN_POINT('',(43.58,128.90097853935,4.874773736205E-02));
#7726 = DIRECTION('',(-4.440892098501E-16,-1.,1.110223024625E-16));
#7727 = DIRECTION('',(0.87758256189,-3.36498019333E-16,0.479425538604));
#7728 = ADVANCED_FACE('',(#7729),#7787,.F.);
#7729 = FACE_BOUND('',#7730,.F.);
#7730 = EDGE_LOOP('',(#7731,#7740,#7749,#7778,#7785,#7786));
#7731 = ORIENTED_EDGE('',*,*,#7732,.T.);
#7732 = EDGE_CURVE('',#3221,#7733,#7735,.T.);
#7733 = VERTEX_POINT('',#7734);
#7734 = CARTESIAN_POINT('',(19.7097543166,129.70097853935,
    -12.99162691263));
#7735 = CIRCLE('',#7736,0.8);
#7736 = AXIS2_PLACEMENT_3D('',#7737,#7738,#7739);
#7737 = CARTESIAN_POINT('',(19.7097543166,128.90097853935,
    -12.99162691263));
#7738 = DIRECTION('',(-0.479425538604,3.103389452429E-16,0.87758256189)
  );
#7739 = DIRECTION('',(-0.87758256189,3.692530514287E-16,-0.479425538604)
  );
#7740 = ORIENTED_EDGE('',*,*,#7741,.F.);
#7741 = EDGE_CURVE('',#7742,#7733,#7744,.T.);
#7742 = VERTEX_POINT('',#7743);
#7743 = CARTESIAN_POINT('',(17.08,129.70097853935,-6.082320685028));
#7744 = CIRCLE('',#7745,27.2);
#7745 = AXIS2_PLACEMENT_3D('',#7746,#7747,#7748);
#7746 = CARTESIAN_POINT('',(43.58,129.70097853935,4.874773736204E-02));
#7747 = DIRECTION('',(-4.728344548313E-16,-1.,9.531870355812E-17));
#7748 = DIRECTION('',(3.330669073875E-16,-9.531870355812E-17,-1.));
#7749 = ORIENTED_EDGE('',*,*,#7750,.T.);
#7750 = EDGE_CURVE('',#7742,#7751,#7753,.T.);
#7751 = VERTEX_POINT('',#7752);
#7752 = CARTESIAN_POINT('',(17.08,129.70097853935,6.179816159752));
#7753 = B_SPLINE_CURVE_WITH_KNOTS('',5,(#7754,#7755,#7756,#7757,#7758,
    #7759,#7760,#7761,#7762,#7763,#7764,#7765,#7766,#7767,#7768,#7769,
    #7770,#7771,#7772,#7773,#7774,#7775,#7776,#7777),.UNSPECIFIED.,.F.,
  .F.,(6,3,3,3,3,3,3,6),(0.,3.08789288368,5.53439796901,6.91200605937,
    8.27832364923,11.1066987581,16.109460288,17.5588237584),
  .UNSPECIFIED.);
#7754 = CARTESIAN_POINT('',(17.08,129.70097853935,-6.082320685028));
#7755 = CARTESIAN_POINT('',(17.08,129.70097853935,-5.644072263818));
#7756 = CARTESIAN_POINT('',(17.0800004544,129.68573115795,
    -5.207479979398));
#7757 = CARTESIAN_POINT('',(17.0800337491,129.66050103145,
    -4.772872703128));
#7758 = CARTESIAN_POINT('',(17.0800421718,129.60183384335,
    -3.997745928238));
#7759 = CARTESIAN_POINT('',(17.0800151078,129.52785948195,
    -3.227569653188));
#7760 = CARTESIAN_POINT('',(17.0802258305,129.49291237135,
    -2.883762463638));
#7761 = CARTESIAN_POINT('',(17.0803401993,129.43742285425,
    -2.344241475078));
#7762 = CARTESIAN_POINT('',(17.0802538098,129.38632447245,
    -1.804755923248));
#7763 = CARTESIAN_POINT('',(17.0801996108,129.36889540675,
    -1.610651447868));
#7764 = CARTESIAN_POINT('',(17.0800919819,129.33706818805,
    -1.225271128208));
#7765 = CARTESIAN_POINT('',(17.0800233435,129.31277064385,
    -0.842513740078));
#7766 = CARTESIAN_POINT('',(17.0800101669,129.30318205265,-0.65721535503
    ));
#7767 = CARTESIAN_POINT('',(17.0799962393,129.28133394105,
    -7.551828440696E-02));
#7768 = CARTESIAN_POINT('',(17.0799925638,129.28727249355,0.506299938146
    ));
#7769 = CARTESIAN_POINT('',(17.0800056027,129.30599914965,0.896797450778
    ));
#7770 = CARTESIAN_POINT('',(17.0799899976,129.38371327565,1.981308293372
    ));
#7771 = CARTESIAN_POINT('',(17.0800179824,129.50316943805,3.065319987452
    ));
#7772 = CARTESIAN_POINT('',(17.0800366106,129.57418696515,3.751600836382
    ));
#7773 = CARTESIAN_POINT('',(17.0800224972,129.65329115635,4.653498552642
    ));
#7774 = CARTESIAN_POINT('',(17.0800015529,129.69145677575,5.563837574132
    ));
#7775 = CARTESIAN_POINT('',(17.0800000997,129.69761942005,5.768779930622
    ));
#7776 = CARTESIAN_POINT('',(17.08,129.70097853935,5.974115613572));
#7777 = CARTESIAN_POINT('',(17.08,129.70097853935,6.179816159752));
#7778 = ORIENTED_EDGE('',*,*,#7779,.F.);
#7779 = EDGE_CURVE('',#7699,#7751,#7780,.T.);
#7780 = CIRCLE('',#7781,27.2);
#7781 = AXIS2_PLACEMENT_3D('',#7782,#7783,#7784);
#7782 = CARTESIAN_POINT('',(43.58,129.70097853935,4.874773736204E-02));
#7783 = DIRECTION('',(-4.728344548313E-16,-1.,9.531870355812E-17));
#7784 = DIRECTION('',(3.330669073875E-16,-9.531870355812E-17,-1.));
#7785 = ORIENTED_EDGE('',*,*,#7698,.F.);
#7786 = ORIENTED_EDGE('',*,*,#3230,.T.);
#7787 = TOROIDAL_SURFACE('',#7788,27.2,0.8);
#7788 = AXIS2_PLACEMENT_3D('',#7789,#7790,#7791);
#7789 = CARTESIAN_POINT('',(43.58,128.90097853935,4.874773736204E-02));
#7790 = DIRECTION('',(-4.440892098501E-16,-1.,1.110223024625E-16));
#7791 = DIRECTION('',(0.87758256189,-3.36498019333E-16,0.479425538604));
#7792 = ADVANCED_FACE('',(#7793),#7853,.F.);
#7793 = FACE_BOUND('',#7794,.F.);
#7794 = EDGE_LOOP('',(#7795,#7796,#7797,#7798,#7799,#7808,#7837,#7846));
#7795 = ORIENTED_EDGE('',*,*,#7732,.F.);
#7796 = ORIENTED_EDGE('',*,*,#3257,.T.);
#7797 = ORIENTED_EDGE('',*,*,#3275,.T.);
#7798 = ORIENTED_EDGE('',*,*,#7716,.T.);
#7799 = ORIENTED_EDGE('',*,*,#7800,.F.);
#7800 = EDGE_CURVE('',#7801,#7708,#7803,.T.);
#7801 = VERTEX_POINT('',#7802);
#7802 = CARTESIAN_POINT('',(70.0800000002,129.70097853935,6.179816158932
    ));
#7803 = CIRCLE('',#7804,27.2);
#7804 = AXIS2_PLACEMENT_3D('',#7805,#7806,#7807);
#7805 = CARTESIAN_POINT('',(43.58,129.70097853935,4.874773736204E-02));
#7806 = DIRECTION('',(-4.728344548313E-16,-1.,9.531870355812E-17));
#7807 = DIRECTION('',(3.330669073875E-16,-9.531870355812E-17,-1.));
#7808 = ORIENTED_EDGE('',*,*,#7809,.T.);
#7809 = EDGE_CURVE('',#7801,#7810,#7812,.T.);
#7810 = VERTEX_POINT('',#7811);
#7811 = CARTESIAN_POINT('',(70.08,129.70097853935,-6.082320685028));
#7812 = B_SPLINE_CURVE_WITH_KNOTS('',5,(#7813,#7814,#7815,#7816,#7817,
    #7818,#7819,#7820,#7821,#7822,#7823,#7824,#7825,#7826,#7827,#7828,
    #7829,#7830,#7831,#7832,#7833,#7834,#7835,#7836),.UNSPECIFIED.,.F.,
  .F.,(6,3,3,3,3,3,3,6),(0.,3.0878928843,5.53439797287,6.91200606474,
    8.27832365607,11.1066987645,16.1094603046,17.5588237627),
  .UNSPECIFIED.);
#7813 = CARTESIAN_POINT('',(70.08,129.70097853935,6.179816159752));
#7814 = CARTESIAN_POINT('',(70.08,129.70097853935,5.741567738512));
#7815 = CARTESIAN_POINT('',(70.0799995456,129.68573115795,5.304975454062
    ));
#7816 = CARTESIAN_POINT('',(70.0799662509,129.66050103145,4.870368177762
    ));
#7817 = CARTESIAN_POINT('',(70.0799578282,129.60183384325,4.095241402432
    ));
#7818 = CARTESIAN_POINT('',(70.0799848922,129.52785948185,3.325065126932
    ));
#7819 = CARTESIAN_POINT('',(70.0797741695,129.49291237115,2.981257936752
    ));
#7820 = CARTESIAN_POINT('',(70.0796598007,129.43742285405,2.441736947122
    ));
#7821 = CARTESIAN_POINT('',(70.0797461902,129.38632447215,1.902251394232
    ));
#7822 = CARTESIAN_POINT('',(70.0798003891,129.36889540635,1.708146918522
    ));
#7823 = CARTESIAN_POINT('',(70.079908018,129.33706818775,1.322766598252)
  );
#7824 = CARTESIAN_POINT('',(70.0799766565,129.31277064345,0.940009209651
    ));
#7825 = CARTESIAN_POINT('',(70.079989833,129.30318205235,0.754710825042)
  );
#7826 = CARTESIAN_POINT('',(70.0800037607,129.28133394095,0.173013754333
    ));
#7827 = CARTESIAN_POINT('',(70.0800074362,129.28727249375,
    -0.408804468267));
#7828 = CARTESIAN_POINT('',(70.0799943973,129.30599914995,
    -0.799301981326));
#7829 = CARTESIAN_POINT('',(70.0800100025,129.38371327635,
    -1.883812825118));
#7830 = CARTESIAN_POINT('',(70.0799820177,129.50316943895,
    -2.967824520428));
#7831 = CARTESIAN_POINT('',(70.0799633894,129.57418696575,
    -3.654105367718));
#7832 = CARTESIAN_POINT('',(70.0799775028,129.65329115685,
    -4.556003083598));
#7833 = CARTESIAN_POINT('',(70.0799984471,129.69145677595,
    -5.466342104708));
#7834 = CARTESIAN_POINT('',(70.0799999003,129.69761942005,
    -5.671284459438));
#7835 = CARTESIAN_POINT('',(70.08,129.70097853935,-5.876620140628));
#7836 = CARTESIAN_POINT('',(70.08,129.70097853935,-6.082320685028));
#7837 = ORIENTED_EDGE('',*,*,#7838,.F.);
#7838 = EDGE_CURVE('',#7839,#7810,#7841,.T.);
#7839 = VERTEX_POINT('',#7840);
#7840 = CARTESIAN_POINT('',(56.62037465,129.70097853935,-23.82149794603)
  );
#7841 = CIRCLE('',#7842,27.2);
#7842 = AXIS2_PLACEMENT_3D('',#7843,#7844,#7845);
#7843 = CARTESIAN_POINT('',(43.58,129.70097853935,4.874773736204E-02));
#7844 = DIRECTION('',(-4.728344548313E-16,-1.,9.531870355812E-17));
#7845 = DIRECTION('',(3.330669073875E-16,-9.531870355812E-17,-1.));
#7846 = ORIENTED_EDGE('',*,*,#7847,.F.);
#7847 = EDGE_CURVE('',#7733,#7839,#7848,.T.);
#7848 = CIRCLE('',#7849,27.2);
#7849 = AXIS2_PLACEMENT_3D('',#7850,#7851,#7852);
#7850 = CARTESIAN_POINT('',(43.58,129.70097853935,4.874773736204E-02));
#7851 = DIRECTION('',(-4.728344548313E-16,-1.,9.531870355812E-17));
#7852 = DIRECTION('',(3.330669073875E-16,-9.531870355812E-17,-1.));
#7853 = TOROIDAL_SURFACE('',#7854,27.2,0.8);
#7854 = AXIS2_PLACEMENT_3D('',#7855,#7856,#7857);
#7855 = CARTESIAN_POINT('',(43.58,128.90097853935,4.874773736204E-02));
#7856 = DIRECTION('',(-4.440892098501E-16,-1.,1.110223024625E-16));
#7857 = DIRECTION('',(-0.87758256189,3.36498019333E-16,-0.479425538604)
  );
#7858 = ADVANCED_FACE('',(#7859,#7895),#7899,.F.);
#7859 = FACE_BOUND('',#7860,.F.);
#7860 = EDGE_LOOP('',(#7861,#7862,#7863,#7864,#7865,#7866,#7867,#7868,
    #7869,#7870,#7871,#7872,#7873,#7874,#7875,#7876,#7877,#7878,#7879,
    #7880,#7886,#7887,#7893,#7894));
#7861 = ORIENTED_EDGE('',*,*,#7187,.F.);
#7862 = ORIENTED_EDGE('',*,*,#7212,.T.);
#7863 = ORIENTED_EDGE('',*,*,#7239,.F.);
#7864 = ORIENTED_EDGE('',*,*,#7264,.T.);
#7865 = ORIENTED_EDGE('',*,*,#7291,.F.);
#7866 = ORIENTED_EDGE('',*,*,#7316,.T.);
#7867 = ORIENTED_EDGE('',*,*,#7343,.F.);
#7868 = ORIENTED_EDGE('',*,*,#7368,.T.);
#7869 = ORIENTED_EDGE('',*,*,#7395,.F.);
#7870 = ORIENTED_EDGE('',*,*,#7420,.F.);
#7871 = ORIENTED_EDGE('',*,*,#7447,.F.);
#7872 = ORIENTED_EDGE('',*,*,#7472,.F.);
#7873 = ORIENTED_EDGE('',*,*,#7499,.F.);
#7874 = ORIENTED_EDGE('',*,*,#7524,.F.);
#7875 = ORIENTED_EDGE('',*,*,#7551,.F.);
#7876 = ORIENTED_EDGE('',*,*,#7576,.F.);
#7877 = ORIENTED_EDGE('',*,*,#3302,.F.);
#7878 = ORIENTED_EDGE('',*,*,#3341,.F.);
#7879 = ORIENTED_EDGE('',*,*,#3373,.F.);
#7880 = ORIENTED_EDGE('',*,*,#7881,.F.);
#7881 = EDGE_CURVE('',#5026,#3374,#7882,.T.);
#7882 = LINE('',#7883,#7884);
#7883 = CARTESIAN_POINT('',(12.78,85.950978539353,-8.851252262638));
#7884 = VECTOR('',#7885,1.);
#7885 = DIRECTION('',(-4.440892098501E-16,-1.,1.110222341411E-16));
#7886 = ORIENTED_EDGE('',*,*,#5025,.T.);
#7887 = ORIENTED_EDGE('',*,*,#7888,.T.);
#7888 = EDGE_CURVE('',#5016,#6581,#7889,.T.);
#7889 = LINE('',#7890,#7891);
#7890 = CARTESIAN_POINT('',(12.78,85.950978539353,-21.05125226263));
#7891 = VECTOR('',#7892,1.);
#7892 = DIRECTION('',(-4.440892098501E-16,-1.,1.110222341411E-16));
#7893 = ORIENTED_EDGE('',*,*,#6588,.F.);
#7894 = ORIENTED_EDGE('',*,*,#7157,.T.);
#7895 = FACE_BOUND('',#7896,.F.);
#7896 = EDGE_LOOP('',(#7897,#7898));
#7897 = ORIENTED_EDGE('',*,*,#7667,.T.);
#7898 = ORIENTED_EDGE('',*,*,#7628,.T.);
#7899 = CYLINDRICAL_SURFACE('',#7900,6.1);
#7900 = AXIS2_PLACEMENT_3D('',#7901,#7902,#7903);
#7901 = CARTESIAN_POINT('',(12.78,85.950978539353,-14.95125226263));
#7902 = DIRECTION('',(-4.440892098501E-16,-1.,1.110223024625E-16));
#7903 = DIRECTION('',(1.925726726922E-15,1.110223024625E-16,1.));
#7904 = ADVANCED_FACE('',(#7905),#7916,.F.);
#7905 = FACE_BOUND('',#7906,.T.);
#7906 = EDGE_LOOP('',(#7907,#7908,#7909,#7910));
#7907 = ORIENTED_EDGE('',*,*,#3382,.F.);
#7908 = ORIENTED_EDGE('',*,*,#7881,.F.);
#7909 = ORIENTED_EDGE('',*,*,#5054,.T.);
#7910 = ORIENTED_EDGE('',*,*,#7911,.F.);
#7911 = EDGE_CURVE('',#3383,#5055,#7912,.T.);
#7912 = LINE('',#7913,#7914);
#7913 = CARTESIAN_POINT('',(78.0799999998,78.242277888053,
    -8.851252262638));
#7914 = VECTOR('',#7915,1.);
#7915 = DIRECTION('',(-1.268602831858E-10,1.,-1.636847029678E-16));
#7916 = PLANE('',#7917);
#7917 = AXIS2_PLACEMENT_3D('',#7918,#7919,#7920);
#7918 = CARTESIAN_POINT('',(12.78,69.700978539353,-8.851252262638));
#7919 = DIRECTION('',(-1.339070573676E-16,1.110223024625E-16,1.));
#7920 = DIRECTION('',(1.,-4.440892098501E-16,1.339070573676E-16));
#7921 = ADVANCED_FACE('',(#7922),#7953,.F.);
#7922 = FACE_BOUND('',#7923,.F.);
#7923 = EDGE_LOOP('',(#7924,#7925,#7926,#7927,#7928,#7929,#7930,#7931,
    #7932,#7933,#7934,#7935,#7936,#7937,#7938,#7939,#7940,#7941,#7942,
    #7943,#7949,#7950,#7951,#7952));
#7924 = ORIENTED_EDGE('',*,*,#6102,.F.);
#7925 = ORIENTED_EDGE('',*,*,#6117,.T.);
#7926 = ORIENTED_EDGE('',*,*,#6144,.F.);
#7927 = ORIENTED_EDGE('',*,*,#6169,.T.);
#7928 = ORIENTED_EDGE('',*,*,#6206,.F.);
#7929 = ORIENTED_EDGE('',*,*,#6221,.T.);
#7930 = ORIENTED_EDGE('',*,*,#6248,.F.);
#7931 = ORIENTED_EDGE('',*,*,#6273,.T.);
#7932 = ORIENTED_EDGE('',*,*,#6310,.F.);
#7933 = ORIENTED_EDGE('',*,*,#6325,.F.);
#7934 = ORIENTED_EDGE('',*,*,#6352,.F.);
#7935 = ORIENTED_EDGE('',*,*,#6377,.F.);
#7936 = ORIENTED_EDGE('',*,*,#6414,.F.);
#7937 = ORIENTED_EDGE('',*,*,#6429,.F.);
#7938 = ORIENTED_EDGE('',*,*,#6456,.F.);
#7939 = ORIENTED_EDGE('',*,*,#6481,.F.);
#7940 = ORIENTED_EDGE('',*,*,#6510,.F.);
#7941 = ORIENTED_EDGE('',*,*,#6533,.F.);
#7942 = ORIENTED_EDGE('',*,*,#6571,.F.);
#7943 = ORIENTED_EDGE('',*,*,#7944,.F.);
#7944 = EDGE_CURVE('',#5018,#6572,#7945,.T.);
#7945 = LINE('',#7946,#7947);
#7946 = CARTESIAN_POINT('',(78.08,85.950978539353,-21.05125226263));
#7947 = VECTOR('',#7948,1.);
#7948 = DIRECTION('',(-4.440892098501E-16,-1.,1.110222341411E-16));
#7949 = ORIENTED_EDGE('',*,*,#5062,.T.);
#7950 = ORIENTED_EDGE('',*,*,#7911,.F.);
#7951 = ORIENTED_EDGE('',*,*,#3390,.F.);
#7952 = ORIENTED_EDGE('',*,*,#6062,.T.);
#7953 = CYLINDRICAL_SURFACE('',#7954,6.1);
#7954 = AXIS2_PLACEMENT_3D('',#7955,#7956,#7957);
#7955 = CARTESIAN_POINT('',(78.08,85.950978539353,-14.95125226263));
#7956 = DIRECTION('',(-4.440892098501E-16,-1.,1.110223024625E-16));
#7957 = DIRECTION('',(-4.978996250447E-17,-1.110223024625E-16,-1.));
#7958 = ADVANCED_FACE('',(#7959,#7995),#7999,.F.);
#7959 = FACE_BOUND('',#7960,.F.);
#7960 = EDGE_LOOP('',(#7961,#7962,#7963,#7964,#7965,#7966,#7967,#7968,
    #7969,#7970,#7971,#7972,#7973,#7974,#7975,#7976,#7977,#7978,#7979,
    #7980,#7986,#7987,#7993,#7994));
#7961 = ORIENTED_EDGE('',*,*,#5474,.F.);
#7962 = ORIENTED_EDGE('',*,*,#5499,.T.);
#7963 = ORIENTED_EDGE('',*,*,#5526,.F.);
#7964 = ORIENTED_EDGE('',*,*,#5551,.T.);
#7965 = ORIENTED_EDGE('',*,*,#5578,.F.);
#7966 = ORIENTED_EDGE('',*,*,#5603,.T.);
#7967 = ORIENTED_EDGE('',*,*,#5630,.F.);
#7968 = ORIENTED_EDGE('',*,*,#5655,.T.);
#7969 = ORIENTED_EDGE('',*,*,#5682,.F.);
#7970 = ORIENTED_EDGE('',*,*,#5707,.F.);
#7971 = ORIENTED_EDGE('',*,*,#5734,.F.);
#7972 = ORIENTED_EDGE('',*,*,#5759,.F.);
#7973 = ORIENTED_EDGE('',*,*,#5786,.F.);
#7974 = ORIENTED_EDGE('',*,*,#5811,.F.);
#7975 = ORIENTED_EDGE('',*,*,#5838,.F.);
#7976 = ORIENTED_EDGE('',*,*,#5863,.F.);
#7977 = ORIENTED_EDGE('',*,*,#6008,.F.);
#7978 = ORIENTED_EDGE('',*,*,#6039,.F.);
#7979 = ORIENTED_EDGE('',*,*,#3879,.F.);
#7980 = ORIENTED_EDGE('',*,*,#7981,.F.);
#7981 = EDGE_CURVE('',#5250,#3880,#7982,.T.);
#7982 = LINE('',#7983,#7984);
#7983 = CARTESIAN_POINT('',(74.38,85.950978539353,8.948747737362));
#7984 = VECTOR('',#7985,1.);
#7985 = DIRECTION('',(-4.440892098501E-16,-1.,1.110222341411E-16));
#7986 = ORIENTED_EDGE('',*,*,#5249,.T.);
#7987 = ORIENTED_EDGE('',*,*,#7988,.T.);
#7988 = EDGE_CURVE('',#5240,#4449,#7989,.T.);
#7989 = LINE('',#7990,#7991);
#7990 = CARTESIAN_POINT('',(74.38,85.950978539353,21.148747737362));
#7991 = VECTOR('',#7992,1.);
#7992 = DIRECTION('',(-4.440892098501E-16,-1.,1.110222341411E-16));
#7993 = ORIENTED_EDGE('',*,*,#4456,.F.);
#7994 = ORIENTED_EDGE('',*,*,#5444,.T.);
#7995 = FACE_BOUND('',#7996,.F.);
#7996 = EDGE_LOOP('',(#7997,#7998));
#7997 = ORIENTED_EDGE('',*,*,#5976,.T.);
#7998 = ORIENTED_EDGE('',*,*,#5937,.T.);
#7999 = CYLINDRICAL_SURFACE('',#8000,6.1);
#8000 = AXIS2_PLACEMENT_3D('',#8001,#8002,#8003);
#8001 = CARTESIAN_POINT('',(74.38,85.950978539353,15.048747737362));
#8002 = DIRECTION('',(-4.440892098501E-16,-1.,1.110223024625E-16));
#8003 = DIRECTION('',(-1.604102196982E-15,-1.110223024625E-16,-1.));
#8004 = ADVANCED_FACE('',(#8005),#8016,.F.);
#8005 = FACE_BOUND('',#8006,.T.);
#8006 = EDGE_LOOP('',(#8007,#8008,#8009,#8010));
#8007 = ORIENTED_EDGE('',*,*,#3890,.F.);
#8008 = ORIENTED_EDGE('',*,*,#7981,.F.);
#8009 = ORIENTED_EDGE('',*,*,#5278,.T.);
#8010 = ORIENTED_EDGE('',*,*,#8011,.F.);
#8011 = EDGE_CURVE('',#3891,#5279,#8012,.T.);
#8012 = LINE('',#8013,#8014);
#8013 = CARTESIAN_POINT('',(9.0800000002,78.242277888053,8.948747737362)
  );
#8014 = VECTOR('',#8015,1.);
#8015 = DIRECTION('',(1.268611713642E-10,1.,-1.636847028832E-16));
#8016 = PLANE('',#8017);
#8017 = AXIS2_PLACEMENT_3D('',#8018,#8019,#8020);
#8018 = CARTESIAN_POINT('',(74.38,69.700978539353,8.948747737362));
#8019 = DIRECTION('',(4.555315873025E-16,-1.110223024625E-16,-1.));
#8020 = DIRECTION('',(-1.,4.440892098501E-16,-4.555315873025E-16));
#8021 = ADVANCED_FACE('',(#8022),#8053,.F.);
#8022 = FACE_BOUND('',#8023,.F.);
#8023 = EDGE_LOOP('',(#8024,#8025,#8026,#8027,#8028,#8029,#8030,#8031,
    #8032,#8033,#8034,#8035,#8036,#8037,#8038,#8039,#8040,#8041,#8042,
    #8043,#8049,#8050,#8051,#8052));
#8024 = ORIENTED_EDGE('',*,*,#3960,.F.);
#8025 = ORIENTED_EDGE('',*,*,#3985,.T.);
#8026 = ORIENTED_EDGE('',*,*,#4012,.F.);
#8027 = ORIENTED_EDGE('',*,*,#4037,.T.);
#8028 = ORIENTED_EDGE('',*,*,#4064,.F.);
#8029 = ORIENTED_EDGE('',*,*,#4089,.T.);
#8030 = ORIENTED_EDGE('',*,*,#4116,.F.);
#8031 = ORIENTED_EDGE('',*,*,#4141,.T.);
#8032 = ORIENTED_EDGE('',*,*,#4178,.F.);
#8033 = ORIENTED_EDGE('',*,*,#4193,.F.);
#8034 = ORIENTED_EDGE('',*,*,#4220,.F.);
#8035 = ORIENTED_EDGE('',*,*,#4245,.F.);
#8036 = ORIENTED_EDGE('',*,*,#4282,.F.);
#8037 = ORIENTED_EDGE('',*,*,#4297,.F.);
#8038 = ORIENTED_EDGE('',*,*,#4324,.F.);
#8039 = ORIENTED_EDGE('',*,*,#4349,.F.);
#8040 = ORIENTED_EDGE('',*,*,#4378,.F.);
#8041 = ORIENTED_EDGE('',*,*,#4401,.F.);
#8042 = ORIENTED_EDGE('',*,*,#4439,.F.);
#8043 = ORIENTED_EDGE('',*,*,#8044,.F.);
#8044 = EDGE_CURVE('',#5242,#4440,#8045,.T.);
#8045 = LINE('',#8046,#8047);
#8046 = CARTESIAN_POINT('',(9.08,85.950978539353,21.148747737362));
#8047 = VECTOR('',#8048,1.);
#8048 = DIRECTION('',(-4.440892098501E-16,-1.,1.110222341411E-16));
#8049 = ORIENTED_EDGE('',*,*,#5286,.T.);
#8050 = ORIENTED_EDGE('',*,*,#8011,.F.);
#8051 = ORIENTED_EDGE('',*,*,#3898,.F.);
#8052 = ORIENTED_EDGE('',*,*,#3930,.T.);
#8053 = CYLINDRICAL_SURFACE('',#8054,6.1);
#8054 = AXIS2_PLACEMENT_3D('',#8055,#8056,#8057);
#8055 = CARTESIAN_POINT('',(9.08,85.950978539353,15.048747737362));
#8056 = DIRECTION('',(-4.440892098501E-16,-1.,1.110223024625E-16));
#8057 = DIRECTION('',(-2.718345674303E-16,1.110223024625E-16,1.));
#8058 = ADVANCED_FACE('',(#8059),#8065,.F.);
#8059 = FACE_BOUND('',#8060,.T.);
#8060 = EDGE_LOOP('',(#8061,#8062,#8063,#8064));
#8061 = ORIENTED_EDGE('',*,*,#4448,.F.);
#8062 = ORIENTED_EDGE('',*,*,#8044,.F.);
#8063 = ORIENTED_EDGE('',*,*,#5239,.F.);
#8064 = ORIENTED_EDGE('',*,*,#7988,.T.);
#8065 = PLANE('',#8066);
#8066 = AXIS2_PLACEMENT_3D('',#8067,#8068,#8069);
#8067 = CARTESIAN_POINT('',(9.08,69.700978539353,21.148747737362));
#8068 = DIRECTION('',(-4.555315873025E-16,1.110223024625E-16,1.));
#8069 = DIRECTION('',(1.,-4.440892098501E-16,4.555315873025E-16));
#8070 = ADVANCED_FACE('',(#8071),#8108,.F.);
#8071 = FACE_BOUND('',#8072,.F.);
#8072 = EDGE_LOOP('',(#8073,#8081,#8101,#8107));
#8073 = ORIENTED_EDGE('',*,*,#8074,.T.);
#8074 = EDGE_CURVE('',#4779,#8075,#8077,.T.);
#8075 = VERTEX_POINT('',#8076);
#8076 = CARTESIAN_POINT('',(33.82186699954,72.201839777553,
    34.568167328462));
#8077 = LINE('',#8078,#8079);
#8078 = CARTESIAN_POINT('',(33.82186699954,71.314925671953,
    34.721083553462));
#8079 = VECTOR('',#8080,1.);
#8080 = DIRECTION('',(5.219781509804E-16,0.985460115744,-0.169906916508)
  );
#8081 = ORIENTED_EDGE('',*,*,#8082,.F.);
#8082 = EDGE_CURVE('',#8083,#8075,#8085,.T.);
#8083 = VERTEX_POINT('',#8084);
#8084 = CARTESIAN_POINT('',(36.93813300045,73.171037533153,
    40.189514313162));
#8085 = B_SPLINE_CURVE_WITH_KNOTS('',5,(#8086,#8087,#8088,#8089,#8090,
    #8091,#8092,#8093,#8094,#8095,#8096,#8097,#8098,#8099,#8100),
  .UNSPECIFIED.,.F.,.F.,(6,3,3,3,6),(-5.10508806208,-2.55254403104,
    -4.4408920985E-16,2.55254403104,5.10508806208),.UNSPECIFIED.);
#8086 = CARTESIAN_POINT('',(36.93813300046,73.171037533453,
    40.189514313062));
#8087 = CARTESIAN_POINT('',(37.38614662648,73.129452652653,
    39.948322004262));
#8088 = CARTESIAN_POINT('',(37.78610351401,73.072921524253,
    39.620441459662));
#8089 = CARTESIAN_POINT('',(38.11489597892,73.003569837253,
    39.218201674562));
#8090 = CARTESIAN_POINT('',(38.59471979609,72.846699019153,
    38.308350929462));
#8091 = CARTESIAN_POINT('',(38.68980961869,72.670648423653,
    37.287257475862));
#8092 = CARTESIAN_POINT('',(38.63367797514,72.582107481753,
    36.773720012362));
#8093 = CARTESIAN_POINT('',(38.32011059591,72.413535909753,
    35.796004894662));
#8094 = CARTESIAN_POINT('',(37.65467413762,72.277625026753,
    35.007721773262));
#8095 = CARTESIAN_POINT('',(37.24649954112,72.221760912953,
    34.683709912762));
#8096 = CARTESIAN_POINT('',(36.32322448351,72.140235527653,
    34.210862678362));
#8097 = CARTESIAN_POINT('',(35.28706539671,72.124079109153,
    34.117155450762));
#8098 = CARTESIAN_POINT('',(34.76595099007,72.133616263653,
    34.172470946762));
#8099 = CARTESIAN_POINT('',(34.26988062556,72.160254896953,
    34.326975019662));
#8100 = CARTESIAN_POINT('',(33.82186699954,72.201839777753,
    34.568167328362));
#8101 = ORIENTED_EDGE('',*,*,#8102,.F.);
#8102 = EDGE_CURVE('',#4777,#8083,#8103,.T.);
#8103 = LINE('',#8104,#8105);
#8104 = CARTESIAN_POINT('',(36.93813300046,72.284123429453,
    40.342430537962));
#8105 = VECTOR('',#8106,1.);
#8106 = DIRECTION('',(5.219781509804E-16,0.985460115744,-0.169906916508)
  );
#8107 = ORIENTED_EDGE('',*,*,#4776,.T.);
#8108 = CYLINDRICAL_SURFACE('',#8109,3.25);
#8109 = AXIS2_PLACEMENT_3D('',#8110,#8111,#8112);
#8110 = CARTESIAN_POINT('',(35.38,71.799524550953,37.531757045662));
#8111 = DIRECTION('',(5.219781509804E-16,0.985460115744,-0.169906916508)
  );
#8112 = DIRECTION('',(0.479425538604,0.149107347072,0.864822613016));
#8113 = ADVANCED_FACE('',(#8114),#8126,.F.);
#8114 = FACE_BOUND('',#8115,.F.);
#8115 = EDGE_LOOP('',(#8116,#8117,#8124,#8125));
#8116 = ORIENTED_EDGE('',*,*,#8102,.T.);
#8117 = ORIENTED_EDGE('',*,*,#8118,.F.);
#8118 = EDGE_CURVE('',#8075,#8083,#8119,.T.);
#8119 = CIRCLE('',#8120,3.25);
#8120 = AXIS2_PLACEMENT_3D('',#8121,#8122,#8123);
#8121 = CARTESIAN_POINT('',(35.38,72.686438655453,37.378840820762));
#8122 = DIRECTION('',(5.219781509804E-16,0.985460115744,-0.169906916508)
  );
#8123 = DIRECTION('',(-2.527703248049E-16,0.169906916508,0.985460115744)
  );
#8124 = ORIENTED_EDGE('',*,*,#8074,.F.);
#8125 = ORIENTED_EDGE('',*,*,#4804,.T.);
#8126 = CYLINDRICAL_SURFACE('',#8127,3.25);
#8127 = AXIS2_PLACEMENT_3D('',#8128,#8129,#8130);
#8128 = CARTESIAN_POINT('',(35.38,71.799524550953,37.531757045662));
#8129 = DIRECTION('',(5.219781509804E-16,0.985460115744,-0.169906916508)
  );
#8130 = DIRECTION('',(-0.479425538604,-0.149107347072,-0.864822613016));
#8131 = ADVANCED_FACE('',(#8132),#8169,.F.);
#8132 = FACE_BOUND('',#8133,.F.);
#8133 = EDGE_LOOP('',(#8134,#8142,#8162,#8168));
#8134 = ORIENTED_EDGE('',*,*,#8135,.T.);
#8135 = EDGE_CURVE('',#4833,#8136,#8138,.T.);
#8136 = VERTEX_POINT('',#8137);
#8137 = CARTESIAN_POINT('',(50.02186699954,72.201839777553,
    34.568167328462));
#8138 = LINE('',#8139,#8140);
#8139 = CARTESIAN_POINT('',(50.02186699954,71.314925671953,
    34.721083553462));
#8140 = VECTOR('',#8141,1.);
#8141 = DIRECTION('',(5.219781509804E-16,0.985460115744,-0.169906916508)
  );
#8142 = ORIENTED_EDGE('',*,*,#8143,.F.);
#8143 = EDGE_CURVE('',#8144,#8136,#8146,.T.);
#8144 = VERTEX_POINT('',#8145);
#8145 = CARTESIAN_POINT('',(53.13813300045,73.171037533153,
    40.189514313162));
#8146 = B_SPLINE_CURVE_WITH_KNOTS('',5,(#8147,#8148,#8149,#8150,#8151,
    #8152,#8153,#8154,#8155,#8156,#8157,#8158,#8159,#8160,#8161),
  .UNSPECIFIED.,.F.,.F.,(6,3,3,3,6),(-5.10508806208,-2.55254403104,
    -4.4408920985E-16,2.55254403104,5.10508806208),.UNSPECIFIED.);
#8147 = CARTESIAN_POINT('',(53.13813300046,73.171037533453,
    40.189514313062));
#8148 = CARTESIAN_POINT('',(53.5861466265,73.129452652653,
    39.948322004262));
#8149 = CARTESIAN_POINT('',(53.986103514,73.072921524253,39.620441459662
    ));
#8150 = CARTESIAN_POINT('',(54.3148959789,73.003569837253,
    39.218201674562));
#8151 = CARTESIAN_POINT('',(54.7947197961,72.846699019153,
    38.308350929462));
#8152 = CARTESIAN_POINT('',(54.8898096187,72.670648423653,
    37.287257475862));
#8153 = CARTESIAN_POINT('',(54.8336779751,72.582107481753,
    36.773720012362));
#8154 = CARTESIAN_POINT('',(54.5201105959,72.413535909753,
    35.796004894662));
#8155 = CARTESIAN_POINT('',(53.8546741376,72.277625026753,
    35.007721773262));
#8156 = CARTESIAN_POINT('',(53.44649954112,72.221760912953,
    34.683709912762));
#8157 = CARTESIAN_POINT('',(52.52322448351,72.140235527653,
    34.210862678362));
#8158 = CARTESIAN_POINT('',(51.48706539671,72.124079109153,
    34.117155450762));
#8159 = CARTESIAN_POINT('',(50.96595099007,72.133616263653,
    34.172470946762));
#8160 = CARTESIAN_POINT('',(50.46988062556,72.160254896953,
    34.326975019662));
#8161 = CARTESIAN_POINT('',(50.02186699954,72.201839777753,
    34.568167328362));
#8162 = ORIENTED_EDGE('',*,*,#8163,.F.);
#8163 = EDGE_CURVE('',#4831,#8144,#8164,.T.);
#8164 = LINE('',#8165,#8166);
#8165 = CARTESIAN_POINT('',(53.13813300046,72.284123429453,
    40.342430537962));
#8166 = VECTOR('',#8167,1.);
#8167 = DIRECTION('',(5.219781509804E-16,0.985460115744,-0.169906916508)
  );
#8168 = ORIENTED_EDGE('',*,*,#4830,.T.);
#8169 = CYLINDRICAL_SURFACE('',#8170,3.25);
#8170 = AXIS2_PLACEMENT_3D('',#8171,#8172,#8173);
#8171 = CARTESIAN_POINT('',(51.58,71.799524550953,37.531757045662));
#8172 = DIRECTION('',(5.219781509804E-16,0.985460115744,-0.169906916508)
  );
#8173 = DIRECTION('',(0.479425538604,0.149107347072,0.864822613016));
#8174 = ADVANCED_FACE('',(#8175),#8187,.F.);
#8175 = FACE_BOUND('',#8176,.F.);
#8176 = EDGE_LOOP('',(#8177,#8178,#8185,#8186));
#8177 = ORIENTED_EDGE('',*,*,#8163,.T.);
#8178 = ORIENTED_EDGE('',*,*,#8179,.F.);
#8179 = EDGE_CURVE('',#8136,#8144,#8180,.T.);
#8180 = CIRCLE('',#8181,3.25);
#8181 = AXIS2_PLACEMENT_3D('',#8182,#8183,#8184);
#8182 = CARTESIAN_POINT('',(51.58,72.686438655453,37.378840820762));
#8183 = DIRECTION('',(5.219781509804E-16,0.985460115744,-0.169906916508)
  );
#8184 = DIRECTION('',(-2.527703248049E-16,0.169906916508,0.985460115744)
  );
#8185 = ORIENTED_EDGE('',*,*,#8135,.F.);
#8186 = ORIENTED_EDGE('',*,*,#4858,.T.);
#8187 = CYLINDRICAL_SURFACE('',#8188,3.25);
#8188 = AXIS2_PLACEMENT_3D('',#8189,#8190,#8191);
#8189 = CARTESIAN_POINT('',(51.58,71.799524550953,37.531757045662));
#8190 = DIRECTION('',(5.219781509804E-16,0.985460115744,-0.169906916508)
  );
#8191 = DIRECTION('',(-0.479425538604,-0.149107347072,-0.864822613016));
#8192 = ADVANCED_FACE('',(#8193),#8218,.F.);
#8193 = FACE_BOUND('',#8194,.T.);
#8194 = EDGE_LOOP('',(#8195,#8196,#8204,#8212));
#8195 = ORIENTED_EDGE('',*,*,#4977,.T.);
#8196 = ORIENTED_EDGE('',*,*,#8197,.F.);
#8197 = EDGE_CURVE('',#8198,#4910,#8200,.T.);
#8198 = VERTEX_POINT('',#8199);
#8199 = CARTESIAN_POINT('',(78.08,102.20097853935,-21.05125226263));
#8200 = LINE('',#8201,#8202);
#8201 = CARTESIAN_POINT('',(78.08,100.50967919025,-21.05125226263));
#8202 = VECTOR('',#8203,1.);
#8203 = DIRECTION('',(-4.440892098501E-16,-1.,4.270088556252E-17));
#8204 = ORIENTED_EDGE('',*,*,#8205,.T.);
#8205 = EDGE_CURVE('',#8198,#8206,#8208,.T.);
#8206 = VERTEX_POINT('',#8207);
#8207 = CARTESIAN_POINT('',(12.7799999993,102.20097853935,
    -21.05125226263));
#8208 = LINE('',#8209,#8210);
#8209 = CARTESIAN_POINT('',(45.42999999963,102.20097853935,
    -21.05125226263));
#8210 = VECTOR('',#8211,1.);
#8211 = DIRECTION('',(-1.,4.440892098501E-16,-1.154427923025E-16));
#8212 = ORIENTED_EDGE('',*,*,#8213,.F.);
#8213 = EDGE_CURVE('',#4949,#8206,#8214,.T.);
#8214 = LINE('',#8215,#8216);
#8215 = CARTESIAN_POINT('',(12.7799999993,100.50967919025,
    -21.05125226263));
#8216 = VECTOR('',#8217,1.);
#8217 = DIRECTION('',(4.440892098501E-16,1.,-4.270088556252E-17));
#8218 = PLANE('',#8219);
#8219 = AXIS2_PLACEMENT_3D('',#8220,#8221,#8222);
#8220 = CARTESIAN_POINT('',(78.08,69.700978539353,-21.05125226263));
#8221 = DIRECTION('',(1.339070573676E-16,-1.110223024625E-16,-1.));
#8222 = DIRECTION('',(-1.,4.440892098501E-16,-1.339070573676E-16));
#8223 = ADVANCED_FACE('',(#8224),#8243,.F.);
#8224 = FACE_BOUND('',#8225,.F.);
#8225 = EDGE_LOOP('',(#8226,#8234,#8241,#8242));
#8226 = ORIENTED_EDGE('',*,*,#8227,.F.);
#8227 = EDGE_CURVE('',#8228,#4941,#8230,.T.);
#8228 = VERTEX_POINT('',#8229);
#8229 = CARTESIAN_POINT('',(12.78,102.20097853935,-8.851252262638));
#8230 = LINE('',#8231,#8232);
#8231 = CARTESIAN_POINT('',(12.78,85.950978539353,-8.851252262638));
#8232 = VECTOR('',#8233,1.);
#8233 = DIRECTION('',(-4.440892098501E-16,-1.,1.110222341411E-16));
#8234 = ORIENTED_EDGE('',*,*,#8235,.T.);
#8235 = EDGE_CURVE('',#8228,#8206,#8236,.T.);
#8236 = CIRCLE('',#8237,6.1);
#8237 = AXIS2_PLACEMENT_3D('',#8238,#8239,#8240);
#8238 = CARTESIAN_POINT('',(12.78,102.20097853935,-14.95125226263));
#8239 = DIRECTION('',(-4.440892098501E-16,-1.,1.110223024625E-16));
#8240 = DIRECTION('',(3.330669073875E-16,-1.110223024625E-16,-1.));
#8241 = ORIENTED_EDGE('',*,*,#8213,.F.);
#8242 = ORIENTED_EDGE('',*,*,#4948,.F.);
#8243 = CYLINDRICAL_SURFACE('',#8244,6.1);
#8244 = AXIS2_PLACEMENT_3D('',#8245,#8246,#8247);
#8245 = CARTESIAN_POINT('',(12.78,85.950978539353,-14.95125226263));
#8246 = DIRECTION('',(-4.440892098501E-16,-1.,1.110223024625E-16));
#8247 = DIRECTION('',(1.925726726922E-15,1.110223024625E-16,1.));
#8248 = ADVANCED_FACE('',(#8249),#8267,.F.);
#8249 = FACE_BOUND('',#8250,.T.);
#8250 = EDGE_LOOP('',(#8251,#8252,#8253,#8261));
#8251 = ORIENTED_EDGE('',*,*,#4940,.F.);
#8252 = ORIENTED_EDGE('',*,*,#8227,.F.);
#8253 = ORIENTED_EDGE('',*,*,#8254,.T.);
#8254 = EDGE_CURVE('',#8228,#8255,#8257,.T.);
#8255 = VERTEX_POINT('',#8256);
#8256 = CARTESIAN_POINT('',(78.0800000007,102.20097853935,
    -8.851252262638));
#8257 = LINE('',#8258,#8259);
#8258 = CARTESIAN_POINT('',(45.43000000037,102.20097853935,
    -8.851252262638));
#8259 = VECTOR('',#8260,1.);
#8260 = DIRECTION('',(1.,-4.440892098501E-16,1.426458066886E-16));
#8261 = ORIENTED_EDGE('',*,*,#8262,.T.);
#8262 = EDGE_CURVE('',#8255,#4912,#8263,.T.);
#8263 = LINE('',#8264,#8265);
#8264 = CARTESIAN_POINT('',(78.0800000007,100.50967919025,
    -8.851252262638));
#8265 = VECTOR('',#8266,1.);
#8266 = DIRECTION('',(-4.440892098501E-16,-1.,4.270088556252E-17));
#8267 = PLANE('',#8268);
#8268 = AXIS2_PLACEMENT_3D('',#8269,#8270,#8271);
#8269 = CARTESIAN_POINT('',(12.78,69.700978539353,-8.851252262638));
#8270 = DIRECTION('',(-1.339070573676E-16,1.110223024625E-16,1.));
#8271 = DIRECTION('',(1.,-4.440892098501E-16,1.339070573676E-16));
#8272 = ADVANCED_FACE('',(#8273),#8285,.F.);
#8273 = FACE_BOUND('',#8274,.F.);
#8274 = EDGE_LOOP('',(#8275,#8276,#8283,#8284));
#8275 = ORIENTED_EDGE('',*,*,#8197,.F.);
#8276 = ORIENTED_EDGE('',*,*,#8277,.T.);
#8277 = EDGE_CURVE('',#8198,#8255,#8278,.T.);
#8278 = CIRCLE('',#8279,6.1);
#8279 = AXIS2_PLACEMENT_3D('',#8280,#8281,#8282);
#8280 = CARTESIAN_POINT('',(78.08,102.20097853935,-14.95125226263));
#8281 = DIRECTION('',(-4.440892098501E-16,-1.,1.110223024625E-16));
#8282 = DIRECTION('',(3.330669073875E-16,-1.110223024625E-16,-1.));
#8283 = ORIENTED_EDGE('',*,*,#8262,.T.);
#8284 = ORIENTED_EDGE('',*,*,#4909,.F.);
#8285 = CYLINDRICAL_SURFACE('',#8286,6.1);
#8286 = AXIS2_PLACEMENT_3D('',#8287,#8288,#8289);
#8287 = CARTESIAN_POINT('',(78.08,85.950978539353,-14.95125226263));
#8288 = DIRECTION('',(-4.440892098501E-16,-1.,1.110223024625E-16));
#8289 = DIRECTION('',(-4.978996250447E-17,-1.110223024625E-16,-1.));
#8290 = ADVANCED_FACE('',(#8291),#8297,.F.);
#8291 = FACE_BOUND('',#8292,.T.);
#8292 = EDGE_LOOP('',(#8293,#8294,#8295,#8296));
#8293 = ORIENTED_EDGE('',*,*,#6580,.F.);
#8294 = ORIENTED_EDGE('',*,*,#7944,.F.);
#8295 = ORIENTED_EDGE('',*,*,#5015,.F.);
#8296 = ORIENTED_EDGE('',*,*,#7888,.T.);
#8297 = PLANE('',#8298);
#8298 = AXIS2_PLACEMENT_3D('',#8299,#8300,#8301);
#8299 = CARTESIAN_POINT('',(78.08,69.700978539353,-21.05125226263));
#8300 = DIRECTION('',(1.339070573676E-16,-1.110223024625E-16,-1.));
#8301 = DIRECTION('',(-1.,4.440892098501E-16,-1.339070573676E-16));
#8302 = ADVANCED_FACE('',(#8303),#8328,.F.);
#8303 = FACE_BOUND('',#8304,.T.);
#8304 = EDGE_LOOP('',(#8305,#8306,#8314,#8322));
#8305 = ORIENTED_EDGE('',*,*,#5201,.T.);
#8306 = ORIENTED_EDGE('',*,*,#8307,.F.);
#8307 = EDGE_CURVE('',#8308,#5134,#8310,.T.);
#8308 = VERTEX_POINT('',#8309);
#8309 = CARTESIAN_POINT('',(9.08,102.20097853935,21.148747737362));
#8310 = LINE('',#8311,#8312);
#8311 = CARTESIAN_POINT('',(9.08,100.50967919025,21.148747737362));
#8312 = VECTOR('',#8313,1.);
#8313 = DIRECTION('',(-4.440892098501E-16,-1.,4.270088556252E-17));
#8314 = ORIENTED_EDGE('',*,*,#8315,.T.);
#8315 = EDGE_CURVE('',#8308,#8316,#8318,.T.);
#8316 = VERTEX_POINT('',#8317);
#8317 = CARTESIAN_POINT('',(74.3800000007,102.20097853935,
    21.148747737362));
#8318 = LINE('',#8319,#8320);
#8319 = CARTESIAN_POINT('',(41.73000000037,102.20097853935,
    21.148747737362));
#8320 = VECTOR('',#8321,1.);
#8321 = DIRECTION('',(1.,-4.440892098501E-16,4.418789649295E-16));
#8322 = ORIENTED_EDGE('',*,*,#8323,.F.);
#8323 = EDGE_CURVE('',#5173,#8316,#8324,.T.);
#8324 = LINE('',#8325,#8326);
#8325 = CARTESIAN_POINT('',(74.3800000007,100.50967919025,
    21.148747737362));
#8326 = VECTOR('',#8327,1.);
#8327 = DIRECTION('',(4.440892098501E-16,1.,-4.270088556252E-17));
#8328 = PLANE('',#8329);
#8329 = AXIS2_PLACEMENT_3D('',#8330,#8331,#8332);
#8330 = CARTESIAN_POINT('',(9.08,69.700978539353,21.148747737362));
#8331 = DIRECTION('',(-4.555315873025E-16,1.110223024625E-16,1.));
#8332 = DIRECTION('',(1.,-4.440892098501E-16,4.555315873025E-16));
#8333 = ADVANCED_FACE('',(#8334),#8353,.F.);
#8334 = FACE_BOUND('',#8335,.F.);
#8335 = EDGE_LOOP('',(#8336,#8344,#8351,#8352));
#8336 = ORIENTED_EDGE('',*,*,#8337,.F.);
#8337 = EDGE_CURVE('',#8338,#5165,#8340,.T.);
#8338 = VERTEX_POINT('',#8339);
#8339 = CARTESIAN_POINT('',(74.38,102.20097853935,8.948747737362));
#8340 = LINE('',#8341,#8342);
#8341 = CARTESIAN_POINT('',(74.38,85.950978539353,8.948747737362));
#8342 = VECTOR('',#8343,1.);
#8343 = DIRECTION('',(-4.440892098501E-16,-1.,1.110222341411E-16));
#8344 = ORIENTED_EDGE('',*,*,#8345,.T.);
#8345 = EDGE_CURVE('',#8338,#8316,#8346,.T.);
#8346 = CIRCLE('',#8347,6.1);
#8347 = AXIS2_PLACEMENT_3D('',#8348,#8349,#8350);
#8348 = CARTESIAN_POINT('',(74.38,102.20097853935,15.048747737362));
#8349 = DIRECTION('',(-4.440892098501E-16,-1.,1.110223024625E-16));
#8350 = DIRECTION('',(3.330669073875E-16,-1.110223024625E-16,-1.));
#8351 = ORIENTED_EDGE('',*,*,#8323,.F.);
#8352 = ORIENTED_EDGE('',*,*,#5172,.F.);
#8353 = CYLINDRICAL_SURFACE('',#8354,6.1);
#8354 = AXIS2_PLACEMENT_3D('',#8355,#8356,#8357);
#8355 = CARTESIAN_POINT('',(74.38,85.950978539353,15.048747737362));
#8356 = DIRECTION('',(-4.440892098501E-16,-1.,1.110223024625E-16));
#8357 = DIRECTION('',(-1.604102196982E-15,-1.110223024625E-16,-1.));
#8358 = ADVANCED_FACE('',(#8359),#8377,.F.);
#8359 = FACE_BOUND('',#8360,.T.);
#8360 = EDGE_LOOP('',(#8361,#8362,#8363,#8371));
#8361 = ORIENTED_EDGE('',*,*,#5164,.F.);
#8362 = ORIENTED_EDGE('',*,*,#8337,.F.);
#8363 = ORIENTED_EDGE('',*,*,#8364,.T.);
#8364 = EDGE_CURVE('',#8338,#8365,#8367,.T.);
#8365 = VERTEX_POINT('',#8366);
#8366 = CARTESIAN_POINT('',(9.0799999993,102.20097853935,8.948747737362)
  );
#8367 = LINE('',#8368,#8369);
#8368 = CARTESIAN_POINT('',(41.72999999963,102.20097853935,
    8.948747737362));
#8369 = VECTOR('',#8370,1.);
#8370 = DIRECTION('',(-1.,4.440892098501E-16,-4.690819793155E-16));
#8371 = ORIENTED_EDGE('',*,*,#8372,.T.);
#8372 = EDGE_CURVE('',#8365,#5136,#8373,.T.);
#8373 = LINE('',#8374,#8375);
#8374 = CARTESIAN_POINT('',(9.0799999993,100.50967919025,8.948747737362)
  );
#8375 = VECTOR('',#8376,1.);
#8376 = DIRECTION('',(-4.440892098501E-16,-1.,4.270088556252E-17));
#8377 = PLANE('',#8378);
#8378 = AXIS2_PLACEMENT_3D('',#8379,#8380,#8381);
#8379 = CARTESIAN_POINT('',(74.38,69.700978539353,8.948747737362));
#8380 = DIRECTION('',(4.555315873025E-16,-1.110223024625E-16,-1.));
#8381 = DIRECTION('',(-1.,4.440892098501E-16,-4.555315873025E-16));
#8382 = ADVANCED_FACE('',(#8383),#8395,.F.);
#8383 = FACE_BOUND('',#8384,.F.);
#8384 = EDGE_LOOP('',(#8385,#8386,#8393,#8394));
#8385 = ORIENTED_EDGE('',*,*,#8307,.F.);
#8386 = ORIENTED_EDGE('',*,*,#8387,.T.);
#8387 = EDGE_CURVE('',#8308,#8365,#8388,.T.);
#8388 = CIRCLE('',#8389,6.1);
#8389 = AXIS2_PLACEMENT_3D('',#8390,#8391,#8392);
#8390 = CARTESIAN_POINT('',(9.08,102.20097853935,15.048747737362));
#8391 = DIRECTION('',(-4.440892098501E-16,-1.,1.110223024625E-16));
#8392 = DIRECTION('',(3.330669073875E-16,-1.110223024625E-16,-1.));
#8393 = ORIENTED_EDGE('',*,*,#8372,.T.);
#8394 = ORIENTED_EDGE('',*,*,#5133,.F.);
#8395 = CYLINDRICAL_SURFACE('',#8396,6.1);
#8396 = AXIS2_PLACEMENT_3D('',#8397,#8398,#8399);
#8397 = CARTESIAN_POINT('',(9.08,85.950978539353,15.048747737362));
#8398 = DIRECTION('',(-4.440892098501E-16,-1.,1.110223024625E-16));
#8399 = DIRECTION('',(-2.718345674303E-16,1.110223024625E-16,1.));
#8400 = ADVANCED_FACE('',(#8401),#8427,.F.);
#8401 = FACE_BOUND('',#8402,.F.);
#8402 = EDGE_LOOP('',(#8403,#8414,#8420,#8421));
#8403 = ORIENTED_EDGE('',*,*,#8404,.T.);
#8404 = EDGE_CURVE('',#8405,#8407,#8409,.T.);
#8405 = VERTEX_POINT('',#8406);
#8406 = CARTESIAN_POINT('',(32.2545854415,94.038763361653,
    40.402891058362));
#8407 = VERTEX_POINT('',#8408);
#8408 = CARTESIAN_POINT('',(34.08344988067,97.887555121753,
    42.856245057462));
#8409 = CIRCLE('',#8410,2.45849999971);
#8410 = AXIS2_PLACEMENT_3D('',#8411,#8412,#8413);
#8411 = CARTESIAN_POINT('',(33.1690176611,95.963159241653,
    41.629568057862));
#8412 = DIRECTION('',(-0.211003998214,-0.452151424744,0.866623564092));
#8413 = DIRECTION('',(-9.454936833464E-14,0.886584846165,0.462566006695)
  );
#8414 = ORIENTED_EDGE('',*,*,#8415,.T.);
#8415 = EDGE_CURVE('',#8407,#5330,#8416,.T.);
#8416 = LINE('',#8417,#8418);
#8417 = CARTESIAN_POINT('',(5.69359043952E+04,1.169824481695E+05,
    4.828455528447E+05));
#8418 = VECTOR('',#8419,1.);
#8419 = DIRECTION('',(0.11380403757,0.233769934009,0.965608750471));
#8420 = ORIENTED_EDGE('',*,*,#5329,.T.);
#8421 = ORIENTED_EDGE('',*,*,#8422,.F.);
#8422 = EDGE_CURVE('',#8405,#5322,#8423,.T.);
#8423 = LINE('',#8424,#8425);
#8424 = CARTESIAN_POINT('',(-2.06071405601E+05,-4.365087487965E+05,
    1.300309746027E+05));
#8425 = VECTOR('',#8426,1.);
#8426 = DIRECTION('',(-0.412208753559,-0.873208611129,0.259982047341));
#8427 = CONICAL_SURFACE('',#8428,2.4585,0.785398163397);
#8428 = AXIS2_PLACEMENT_3D('',#8429,#8430,#8431);
#8429 = CARTESIAN_POINT('',(33.169017661,95.963159241553,41.629568058162
    ));
#8430 = DIRECTION('',(-0.211003998214,-0.452151424744,0.866623564092));
#8431 = DIRECTION('',(-0.371947211598,-0.782752035896,-0.49895342677));
#8432 = ADVANCED_FACE('',(#8433),#8450,.F.);
#8433 = FACE_BOUND('',#8434,.F.);
#8434 = EDGE_LOOP('',(#8435,#8447,#8448,#8449));
#8435 = ORIENTED_EDGE('',*,*,#8436,.T.);
#8436 = EDGE_CURVE('',#8407,#8405,#8437,.T.);
#8437 = B_SPLINE_CURVE_WITH_KNOTS('',5,(#8438,#8439,#8440,#8441,#8442,
    #8443,#8444,#8445,#8446),.UNSPECIFIED.,.F.,.F.,(6,3,6),(
    -157.079632679,0.,157.079632679),.UNSPECIFIED.);
#8438 = CARTESIAN_POINT('',(34.08344988067,97.887555121753,
    42.856245057462));
#8439 = CARTESIAN_POINT('',(33.3852715753,98.217831467653,
    42.858571911462));
#8440 = CARTESIAN_POINT('',(32.5742797166,98.310694987953,
    42.709563556562));
#8441 = CARTESIAN_POINT('',(31.7953757797,98.093895876553,
    42.406804800862));
#8442 = CARTESIAN_POINT('',(30.672473112,97.144160720153,41.637888417662
    ));
#8443 = CARTESIAN_POINT('',(30.646266362,95.675628692553,40.865317020862
    ));
#8444 = CARTESIAN_POINT('',(30.9710423833,94.936728878653,
    40.558879975362));
#8445 = CARTESIAN_POINT('',(31.5564071356,94.369039706953,
    40.405217912462));
#8446 = CARTESIAN_POINT('',(32.2545854411,94.038763360953,
    40.402891058562));
#8447 = ORIENTED_EDGE('',*,*,#8422,.T.);
#8448 = ORIENTED_EDGE('',*,*,#5354,.F.);
#8449 = ORIENTED_EDGE('',*,*,#8415,.F.);
#8450 = CONICAL_SURFACE('',#8451,2.4585,0.785398163397);
#8451 = AXIS2_PLACEMENT_3D('',#8452,#8453,#8454);
#8452 = CARTESIAN_POINT('',(33.169017661,95.963159241553,41.629568058162
    ));
#8453 = DIRECTION('',(-0.211003998214,-0.452151424744,0.866623564092));
#8454 = DIRECTION('',(0.371947211598,0.782752035896,0.49895342677));
#8455 = ADVANCED_FACE('',(#8456),#8482,.F.);
#8456 = FACE_BOUND('',#8457,.F.);
#8457 = EDGE_LOOP('',(#8458,#8469,#8475,#8476));
#8458 = ORIENTED_EDGE('',*,*,#8459,.T.);
#8459 = EDGE_CURVE('',#8460,#8462,#8464,.T.);
#8460 = VERTEX_POINT('',#8461);
#8461 = CARTESIAN_POINT('',(52.19176045352,94.046754979753,
    40.911354320962));
#8462 = VERTEX_POINT('',#8463);
#8463 = CARTESIAN_POINT('',(54.9116412142,97.891038096453,
    42.325788825162));
#8464 = CIRCLE('',#8465,2.45850000002);
#8465 = AXIS2_PLACEMENT_3D('',#8466,#8467,#8468);
#8466 = CARTESIAN_POINT('',(53.55170083385,95.968896538153,
    41.618571573062));
#8467 = DIRECTION('',(0.189252791026,-0.454206698463,0.87056283872));
#8468 = DIRECTION('',(1.133398930264E-13,0.886584846165,0.462566006695)
  );
#8469 = ORIENTED_EDGE('',*,*,#8470,.T.);
#8470 = EDGE_CURVE('',#8462,#5391,#8471,.T.);
#8471 = LINE('',#8472,#8473);
#8472 = CARTESIAN_POINT('',(2.62536058111E+05,1.159316154845E+05,
    4.095352532127E+05));
#8473 = VECTOR('',#8474,1.);
#8474 = DIRECTION('',(0.524964118157,0.231668254367,0.818988702343));
#8475 = ORIENTED_EDGE('',*,*,#5390,.T.);
#8476 = ORIENTED_EDGE('',*,*,#8477,.F.);
#8477 = EDGE_CURVE('',#8460,#5383,#8478,.T.);
#8478 = LINE('',#8479,#8480);
#8479 = CARTESIAN_POINT('',(-1.28607488094E+05,-4.369111975675E+05,
    2.061267303597E+05));
#8480 = VECTOR('',#8481,1.);
#8481 = DIRECTION('',(-0.257320254371,-0.874013527454,0.412173071073));
#8482 = CONICAL_SURFACE('',#8483,2.4585,0.785398163397);
#8483 = AXIS2_PLACEMENT_3D('',#8484,#8485,#8486);
#8484 = CARTESIAN_POINT('',(53.55170083385,95.968896538153,
    41.618571573062));
#8485 = DIRECTION('',(0.189252791026,-0.454206698463,0.87056283872));
#8486 = DIRECTION('',(-0.553158584631,-0.78183508576,-0.287662091564));
#8487 = ADVANCED_FACE('',(#8488),#8505,.F.);
#8488 = FACE_BOUND('',#8489,.F.);
#8489 = EDGE_LOOP('',(#8490,#8502,#8503,#8504));
#8490 = ORIENTED_EDGE('',*,*,#8491,.T.);
#8491 = EDGE_CURVE('',#8462,#8460,#8492,.T.);
#8492 = B_SPLINE_CURVE_WITH_KNOTS('',5,(#8493,#8494,#8495,#8496,#8497,
    #8498,#8499,#8500,#8501),.UNSPECIFIED.,.F.,.F.,(6,3,6),(
    -157.079632679,0.,157.079632679),.UNSPECIFIED.);
#8493 = CARTESIAN_POINT('',(54.9116412139,97.891038096353,
    42.325788824762));
#8494 = CARTESIAN_POINT('',(54.2850292516,98.220927542053,
    42.634125049262));
#8495 = CARTESIAN_POINT('',(53.49064136965,98.313682278053,
    42.855211842362));
#8496 = CARTESIAN_POINT('',(52.65767869315,98.097137134653,
    42.923310610362));
#8497 = CARTESIAN_POINT('',(51.31106306699,97.148514539753,
    42.721119610162));
#8498 = CARTESIAN_POINT('',(50.94872720973,95.681702815053,
    42.034595201262));
#8499 = CARTESIAN_POINT('',(51.10631244789,94.943668580853,
    41.615276201262));
#8500 = CARTESIAN_POINT('',(51.56514849085,94.376644425253,
    41.219690545562));
#8501 = CARTESIAN_POINT('',(52.19176045341,94.046754979353,
    40.911354321162));
#8502 = ORIENTED_EDGE('',*,*,#8477,.T.);
#8503 = ORIENTED_EDGE('',*,*,#5426,.T.);
#8504 = ORIENTED_EDGE('',*,*,#8470,.F.);
#8505 = CONICAL_SURFACE('',#8506,2.4585,0.785398163397);
#8506 = AXIS2_PLACEMENT_3D('',#8507,#8508,#8509);
#8507 = CARTESIAN_POINT('',(53.55170083385,95.968896538153,
    41.618571573062));
#8508 = DIRECTION('',(0.189252791026,-0.454206698463,0.87056283872));
#8509 = DIRECTION('',(0.553158584631,0.78183508576,0.287662091564));
#8510 = ADVANCED_FACE('',(#8511),#8548,.F.);
#8511 = FACE_BOUND('',#8512,.F.);
#8512 = EDGE_LOOP('',(#8513,#8521,#8541,#8547));
#8513 = ORIENTED_EDGE('',*,*,#8514,.T.);
#8514 = EDGE_CURVE('',#6911,#8515,#8517,.T.);
#8515 = VERTEX_POINT('',#8516);
#8516 = CARTESIAN_POINT('',(53.33813300046,72.201839777553,
    -34.47067185373));
#8517 = LINE('',#8518,#8519);
#8518 = CARTESIAN_POINT('',(53.33813300046,71.314925671953,
    -34.62358807873));
#8519 = VECTOR('',#8520,1.);
#8520 = DIRECTION('',(3.949196207225E-16,0.985460115744,0.169906916508)
  );
#8521 = ORIENTED_EDGE('',*,*,#8522,.F.);
#8522 = EDGE_CURVE('',#8523,#8515,#8525,.T.);
#8523 = VERTEX_POINT('',#8524);
#8524 = CARTESIAN_POINT('',(50.22186699955,73.171037533153,
    -40.09201883843));
#8525 = B_SPLINE_CURVE_WITH_KNOTS('',5,(#8526,#8527,#8528,#8529,#8530,
    #8531,#8532,#8533,#8534,#8535,#8536,#8537,#8538,#8539,#8540),
  .UNSPECIFIED.,.F.,.F.,(6,3,3,3,6),(-5.10508806208,-2.55254403104,
    -4.4408920985E-16,2.55254403104,5.10508806208),.UNSPECIFIED.);
#8526 = CARTESIAN_POINT('',(50.22186699954,73.171037533453,
    -40.09201883833));
#8527 = CARTESIAN_POINT('',(49.77385337352,73.129452652653,
    -39.85082652953));
#8528 = CARTESIAN_POINT('',(49.37389648599,73.072921524253,
    -39.52294598493));
#8529 = CARTESIAN_POINT('',(49.04510402108,73.003569837253,
    -39.12070619983));
#8530 = CARTESIAN_POINT('',(48.56528020391,72.846699019153,
    -38.21085545473));
#8531 = CARTESIAN_POINT('',(48.47019038131,72.670648423653,
    -37.18976200113));
#8532 = CARTESIAN_POINT('',(48.52632202486,72.582107481753,
    -36.67622453763));
#8533 = CARTESIAN_POINT('',(48.83988940409,72.413535909753,
    -35.69850941993));
#8534 = CARTESIAN_POINT('',(49.50532586238,72.277625026753,
    -34.91022629853));
#8535 = CARTESIAN_POINT('',(49.91350045888,72.221760912953,
    -34.58621443803));
#8536 = CARTESIAN_POINT('',(50.83677551649,72.140235527653,
    -34.11336720363));
#8537 = CARTESIAN_POINT('',(51.87293460329,72.124079109153,
    -34.01965997603));
#8538 = CARTESIAN_POINT('',(52.39404900993,72.133616263653,
    -34.07497547203));
#8539 = CARTESIAN_POINT('',(52.89011937444,72.160254896953,
    -34.22947954493));
#8540 = CARTESIAN_POINT('',(53.33813300046,72.201839777753,
    -34.47067185363));
#8541 = ORIENTED_EDGE('',*,*,#8542,.F.);
#8542 = EDGE_CURVE('',#6909,#8523,#8543,.T.);
#8543 = LINE('',#8544,#8545);
#8544 = CARTESIAN_POINT('',(50.22186699954,72.284123429453,
    -40.24493506323));
#8545 = VECTOR('',#8546,1.);
#8546 = DIRECTION('',(3.949196207225E-16,0.985460115744,0.169906916508)
  );
#8547 = ORIENTED_EDGE('',*,*,#6908,.T.);
#8548 = CYLINDRICAL_SURFACE('',#8549,3.25);
#8549 = AXIS2_PLACEMENT_3D('',#8550,#8551,#8552);
#8550 = CARTESIAN_POINT('',(51.78,71.799524550953,-37.43426157093));
#8551 = DIRECTION('',(3.949196207225E-16,0.985460115744,0.169906916508)
  );
#8552 = DIRECTION('',(-0.479425538604,0.149107347072,-0.864822613016));
#8553 = ADVANCED_FACE('',(#8554),#8566,.F.);
#8554 = FACE_BOUND('',#8555,.F.);
#8555 = EDGE_LOOP('',(#8556,#8557,#8564,#8565));
#8556 = ORIENTED_EDGE('',*,*,#8542,.T.);
#8557 = ORIENTED_EDGE('',*,*,#8558,.F.);
#8558 = EDGE_CURVE('',#8515,#8523,#8559,.T.);
#8559 = CIRCLE('',#8560,3.25);
#8560 = AXIS2_PLACEMENT_3D('',#8561,#8562,#8563);
#8561 = CARTESIAN_POINT('',(51.78,72.686438655453,-37.28134534603));
#8562 = DIRECTION('',(3.949196207225E-16,0.985460115744,0.169906916508)
  );
#8563 = DIRECTION('',(-4.036779814051E-16,-0.169906916508,0.985460115744
    ));
#8564 = ORIENTED_EDGE('',*,*,#8514,.F.);
#8565 = ORIENTED_EDGE('',*,*,#6936,.T.);
#8566 = CYLINDRICAL_SURFACE('',#8567,3.25);
#8567 = AXIS2_PLACEMENT_3D('',#8568,#8569,#8570);
#8568 = CARTESIAN_POINT('',(51.78,71.799524550953,-37.43426157093));
#8569 = DIRECTION('',(3.949196207225E-16,0.985460115744,0.169906916508)
  );
#8570 = DIRECTION('',(0.479425538604,-0.149107347072,0.864822613016));
#8571 = ADVANCED_FACE('',(#8572),#8609,.F.);
#8572 = FACE_BOUND('',#8573,.F.);
#8573 = EDGE_LOOP('',(#8574,#8582,#8602,#8608));
#8574 = ORIENTED_EDGE('',*,*,#8575,.T.);
#8575 = EDGE_CURVE('',#6965,#8576,#8578,.T.);
#8576 = VERTEX_POINT('',#8577);
#8577 = CARTESIAN_POINT('',(37.13813300046,72.201839777553,
    -34.47067185373));
#8578 = LINE('',#8579,#8580);
#8579 = CARTESIAN_POINT('',(37.13813300046,71.314925671953,
    -34.62358807873));
#8580 = VECTOR('',#8581,1.);
#8581 = DIRECTION('',(3.949196207225E-16,0.985460115744,0.169906916508)
  );
#8582 = ORIENTED_EDGE('',*,*,#8583,.F.);
#8583 = EDGE_CURVE('',#8584,#8576,#8586,.T.);
#8584 = VERTEX_POINT('',#8585);
#8585 = CARTESIAN_POINT('',(34.02186699955,73.171037533153,
    -40.09201883843));
#8586 = B_SPLINE_CURVE_WITH_KNOTS('',5,(#8587,#8588,#8589,#8590,#8591,
    #8592,#8593,#8594,#8595,#8596,#8597,#8598,#8599,#8600,#8601),
  .UNSPECIFIED.,.F.,.F.,(6,3,3,3,6),(-5.10508806208,-2.55254403104,
    -4.4408920985E-16,2.55254403104,5.10508806208),.UNSPECIFIED.);
#8587 = CARTESIAN_POINT('',(34.02186699954,73.171037533453,
    -40.09201883833));
#8588 = CARTESIAN_POINT('',(33.5738533735,73.129452652653,
    -39.85082652953));
#8589 = CARTESIAN_POINT('',(33.173896486,73.072921524253,-39.52294598493
    ));
#8590 = CARTESIAN_POINT('',(32.8451040211,73.003569837253,
    -39.12070619983));
#8591 = CARTESIAN_POINT('',(32.3652802039,72.846699019153,
    -38.21085545473));
#8592 = CARTESIAN_POINT('',(32.2701903813,72.670648423653,
    -37.18976200113));
#8593 = CARTESIAN_POINT('',(32.3263220249,72.582107481753,
    -36.67622453763));
#8594 = CARTESIAN_POINT('',(32.6398894041,72.413535909753,
    -35.69850941993));
#8595 = CARTESIAN_POINT('',(33.3053258624,72.277625026753,
    -34.91022629853));
#8596 = CARTESIAN_POINT('',(33.71350045888,72.221760912953,
    -34.58621443803));
#8597 = CARTESIAN_POINT('',(34.63677551649,72.140235527653,
    -34.11336720363));
#8598 = CARTESIAN_POINT('',(35.67293460329,72.124079109153,
    -34.01965997603));
#8599 = CARTESIAN_POINT('',(36.19404900993,72.133616263653,
    -34.07497547203));
#8600 = CARTESIAN_POINT('',(36.69011937444,72.160254896953,
    -34.22947954493));
#8601 = CARTESIAN_POINT('',(37.13813300046,72.201839777753,
    -34.47067185363));
#8602 = ORIENTED_EDGE('',*,*,#8603,.F.);
#8603 = EDGE_CURVE('',#6963,#8584,#8604,.T.);
#8604 = LINE('',#8605,#8606);
#8605 = CARTESIAN_POINT('',(34.02186699954,72.284123429453,
    -40.24493506323));
#8606 = VECTOR('',#8607,1.);
#8607 = DIRECTION('',(3.949196207225E-16,0.985460115744,0.169906916508)
  );
#8608 = ORIENTED_EDGE('',*,*,#6962,.T.);
#8609 = CYLINDRICAL_SURFACE('',#8610,3.25);
#8610 = AXIS2_PLACEMENT_3D('',#8611,#8612,#8613);
#8611 = CARTESIAN_POINT('',(35.58,71.799524550953,-37.43426157093));
#8612 = DIRECTION('',(3.949196207225E-16,0.985460115744,0.169906916508)
  );
#8613 = DIRECTION('',(-0.479425538604,0.149107347072,-0.864822613016));
#8614 = ADVANCED_FACE('',(#8615),#8627,.F.);
#8615 = FACE_BOUND('',#8616,.F.);
#8616 = EDGE_LOOP('',(#8617,#8618,#8625,#8626));
#8617 = ORIENTED_EDGE('',*,*,#8603,.T.);
#8618 = ORIENTED_EDGE('',*,*,#8619,.F.);
#8619 = EDGE_CURVE('',#8576,#8584,#8620,.T.);
#8620 = CIRCLE('',#8621,3.25);
#8621 = AXIS2_PLACEMENT_3D('',#8622,#8623,#8624);
#8622 = CARTESIAN_POINT('',(35.58,72.686438655453,-37.28134534603));
#8623 = DIRECTION('',(3.949196207225E-16,0.985460115744,0.169906916508)
  );
#8624 = DIRECTION('',(-4.036779814051E-16,-0.169906916508,0.985460115744
    ));
#8625 = ORIENTED_EDGE('',*,*,#8575,.F.);
#8626 = ORIENTED_EDGE('',*,*,#6990,.T.);
#8627 = CYLINDRICAL_SURFACE('',#8628,3.25);
#8628 = AXIS2_PLACEMENT_3D('',#8629,#8630,#8631);
#8629 = CARTESIAN_POINT('',(35.58,71.799524550953,-37.43426157093));
#8630 = DIRECTION('',(3.949196207225E-16,0.985460115744,0.169906916508)
  );
#8631 = DIRECTION('',(0.479425538604,-0.149107347072,0.864822613016));
#8632 = ADVANCED_FACE('',(#8633),#8659,.F.);
#8633 = FACE_BOUND('',#8634,.F.);
#8634 = EDGE_LOOP('',(#8635,#8646,#8652,#8653));
#8635 = ORIENTED_EDGE('',*,*,#8636,.T.);
#8636 = EDGE_CURVE('',#8637,#8639,#8641,.T.);
#8637 = VERTEX_POINT('',#8638);
#8638 = CARTESIAN_POINT('',(54.9054145585,94.038763361653,
    -40.30539558363));
#8639 = VERTEX_POINT('',#8640);
#8640 = CARTESIAN_POINT('',(53.07655011933,97.887555121753,
    -42.75874958273));
#8641 = CIRCLE('',#8642,2.45849999971);
#8642 = AXIS2_PLACEMENT_3D('',#8643,#8644,#8645);
#8643 = CARTESIAN_POINT('',(53.9909823389,95.963159241653,
    -41.53207258313));
#8644 = DIRECTION('',(0.211003998214,-0.452151424744,-0.866623564092));
#8645 = DIRECTION('',(-9.527101330065E-14,-0.886584846165,0.462566006695
    ));
#8646 = ORIENTED_EDGE('',*,*,#8647,.T.);
#8647 = EDGE_CURVE('',#8639,#7043,#8648,.T.);
#8648 = LINE('',#8649,#8650);
#8649 = CARTESIAN_POINT('',(-5.68487443952E+04,1.169824481695E+05,
    -4.828454553493E+05));
#8650 = VECTOR('',#8651,1.);
#8651 = DIRECTION('',(-0.11380403757,0.233769934009,-0.965608750471));
#8652 = ORIENTED_EDGE('',*,*,#7042,.T.);
#8653 = ORIENTED_EDGE('',*,*,#8654,.F.);
#8654 = EDGE_CURVE('',#8637,#7035,#8655,.T.);
#8655 = LINE('',#8656,#8657);
#8656 = CARTESIAN_POINT('',(2.06158565601E+05,-4.365087487965E+05,
    -1.300308771073E+05));
#8657 = VECTOR('',#8658,1.);
#8658 = DIRECTION('',(0.412208753559,-0.873208611129,-0.259982047341));
#8659 = CONICAL_SURFACE('',#8660,2.4585,0.785398163397);
#8660 = AXIS2_PLACEMENT_3D('',#8661,#8662,#8663);
#8661 = CARTESIAN_POINT('',(53.990982339,95.963159241553,-41.53207258343
    ));
#8662 = DIRECTION('',(0.211003998214,-0.452151424744,-0.866623564092));
#8663 = DIRECTION('',(0.371947211598,-0.782752035896,0.49895342677));
#8664 = ADVANCED_FACE('',(#8665),#8682,.F.);
#8665 = FACE_BOUND('',#8666,.F.);
#8666 = EDGE_LOOP('',(#8667,#8679,#8680,#8681));
#8667 = ORIENTED_EDGE('',*,*,#8668,.T.);
#8668 = EDGE_CURVE('',#8639,#8637,#8669,.T.);
#8669 = B_SPLINE_CURVE_WITH_KNOTS('',5,(#8670,#8671,#8672,#8673,#8674,
    #8675,#8676,#8677,#8678),.UNSPECIFIED.,.F.,.F.,(6,3,6),(
    -157.079632679,0.,157.079632679),.UNSPECIFIED.);
#8670 = CARTESIAN_POINT('',(53.07655011933,97.887555121753,
    -42.75874958273));
#8671 = CARTESIAN_POINT('',(53.7747284247,98.217831467653,
    -42.76107643673));
#8672 = CARTESIAN_POINT('',(54.5857202834,98.310694987953,
    -42.61206808183));
#8673 = CARTESIAN_POINT('',(55.3646242203,98.093895876553,
    -42.30930932613));
#8674 = CARTESIAN_POINT('',(56.487526888,97.144160720153,-41.54039294293
    ));
#8675 = CARTESIAN_POINT('',(56.513733638,95.675628692553,-40.76782154613
    ));
#8676 = CARTESIAN_POINT('',(56.1889576167,94.936728878653,
    -40.46138450063));
#8677 = CARTESIAN_POINT('',(55.6035928644,94.369039706953,
    -40.30772243773));
#8678 = CARTESIAN_POINT('',(54.9054145589,94.038763360953,
    -40.30539558383));
#8679 = ORIENTED_EDGE('',*,*,#8654,.T.);
#8680 = ORIENTED_EDGE('',*,*,#7067,.F.);
#8681 = ORIENTED_EDGE('',*,*,#8647,.F.);
#8682 = CONICAL_SURFACE('',#8683,2.4585,0.785398163397);
#8683 = AXIS2_PLACEMENT_3D('',#8684,#8685,#8686);
#8684 = CARTESIAN_POINT('',(53.990982339,95.963159241553,-41.53207258343
    ));
#8685 = DIRECTION('',(0.211003998214,-0.452151424744,-0.866623564092));
#8686 = DIRECTION('',(-0.371947211598,0.782752035896,-0.49895342677));
#8687 = ADVANCED_FACE('',(#8688),#8714,.F.);
#8688 = FACE_BOUND('',#8689,.F.);
#8689 = EDGE_LOOP('',(#8690,#8701,#8707,#8708));
#8690 = ORIENTED_EDGE('',*,*,#8691,.T.);
#8691 = EDGE_CURVE('',#8692,#8694,#8696,.T.);
#8692 = VERTEX_POINT('',#8693);
#8693 = CARTESIAN_POINT('',(34.96823954648,94.046754979753,
    -40.81385884623));
#8694 = VERTEX_POINT('',#8695);
#8695 = CARTESIAN_POINT('',(32.2483587858,97.891038096453,
    -42.22829335043));
#8696 = CIRCLE('',#8697,2.45850000002);
#8697 = AXIS2_PLACEMENT_3D('',#8698,#8699,#8700);
#8698 = CARTESIAN_POINT('',(33.60829916615,95.968896538153,
    -41.52107609833));
#8699 = DIRECTION('',(-0.189252791026,-0.454206698463,-0.87056283872));
#8700 = DIRECTION('',(1.126182480604E-13,-0.886584846165,0.462566006695)
  );
#8701 = ORIENTED_EDGE('',*,*,#8702,.T.);
#8702 = EDGE_CURVE('',#8694,#7104,#8703,.T.);
#8703 = LINE('',#8704,#8705);
#8704 = CARTESIAN_POINT('',(-2.62448898111E+05,1.159316154845E+05,
    -4.095351557173E+05));
#8705 = VECTOR('',#8706,1.);
#8706 = DIRECTION('',(-0.524964118157,0.231668254367,-0.818988702343));
#8707 = ORIENTED_EDGE('',*,*,#7103,.T.);
#8708 = ORIENTED_EDGE('',*,*,#8709,.F.);
#8709 = EDGE_CURVE('',#8692,#7096,#8710,.T.);
#8710 = LINE('',#8711,#8712);
#8711 = CARTESIAN_POINT('',(1.28694648094E+05,-4.369111975675E+05,
    -2.061266328643E+05));
#8712 = VECTOR('',#8713,1.);
#8713 = DIRECTION('',(0.257320254371,-0.874013527454,-0.412173071073));
#8714 = CONICAL_SURFACE('',#8715,2.4585,0.785398163397);
#8715 = AXIS2_PLACEMENT_3D('',#8716,#8717,#8718);
#8716 = CARTESIAN_POINT('',(33.60829916615,95.968896538153,
    -41.52107609833));
#8717 = DIRECTION('',(-0.189252791026,-0.454206698463,-0.87056283872));
#8718 = DIRECTION('',(0.553158584631,-0.78183508576,0.287662091564));
#8719 = ADVANCED_FACE('',(#8720),#8737,.F.);
#8720 = FACE_BOUND('',#8721,.F.);
#8721 = EDGE_LOOP('',(#8722,#8734,#8735,#8736));
#8722 = ORIENTED_EDGE('',*,*,#8723,.T.);
#8723 = EDGE_CURVE('',#8694,#8692,#8724,.T.);
#8724 = B_SPLINE_CURVE_WITH_KNOTS('',5,(#8725,#8726,#8727,#8728,#8729,
    #8730,#8731,#8732,#8733),.UNSPECIFIED.,.F.,.F.,(6,3,6),(
    -157.079632679,0.,157.079632679),.UNSPECIFIED.);
#8725 = CARTESIAN_POINT('',(32.2483587861,97.891038096353,
    -42.22829335003));
#8726 = CARTESIAN_POINT('',(32.8749707484,98.220927542053,
    -42.53662957453));
#8727 = CARTESIAN_POINT('',(33.66935863035,98.313682278053,
    -42.75771636763));
#8728 = CARTESIAN_POINT('',(34.50232130685,98.097137134653,
    -42.82581513563));
#8729 = CARTESIAN_POINT('',(35.84893693301,97.148514539753,
    -42.62362413543));
#8730 = CARTESIAN_POINT('',(36.21127279027,95.681702815053,
    -41.93709972653));
#8731 = CARTESIAN_POINT('',(36.05368755211,94.943668580853,
    -41.51778072653));
#8732 = CARTESIAN_POINT('',(35.59485150915,94.376644425253,
    -41.12219507083));
#8733 = CARTESIAN_POINT('',(34.96823954659,94.046754979353,
    -40.81385884643));
#8734 = ORIENTED_EDGE('',*,*,#8709,.T.);
#8735 = ORIENTED_EDGE('',*,*,#7139,.T.);
#8736 = ORIENTED_EDGE('',*,*,#8702,.F.);
#8737 = CONICAL_SURFACE('',#8738,2.4585,0.785398163397);
#8738 = AXIS2_PLACEMENT_3D('',#8739,#8740,#8741);
#8739 = CARTESIAN_POINT('',(33.60829916615,95.968896538153,
    -41.52107609833));
#8740 = DIRECTION('',(-0.189252791026,-0.454206698463,-0.87056283872));
#8741 = DIRECTION('',(-0.553158584631,0.78183508576,-0.287662091564));
#8742 = ADVANCED_FACE('',(#8743),#8838,.T.);
#8743 = FACE_BOUND('',#8744,.T.);
#8744 = EDGE_LOOP('',(#8745,#8755,#8772,#8780,#8789,#8798,#8806,#8812,
    #8813,#8814,#8815,#8823,#8831));
#8745 = ORIENTED_EDGE('',*,*,#8746,.T.);
#8746 = EDGE_CURVE('',#8747,#8749,#8751,.T.);
#8747 = VERTEX_POINT('',#8748);
#8748 = CARTESIAN_POINT('',(67.0030655544,129.70097853935,
    20.048747737362));
#8749 = VERTEX_POINT('',#8750);
#8750 = CARTESIAN_POINT('',(64.08,129.70097853935,20.048747737362));
#8751 = LINE('',#8752,#8753);
#8752 = CARTESIAN_POINT('',(65.5415327772,129.70097853935,
    20.048747737362));
#8753 = VECTOR('',#8754,1.);
#8754 = DIRECTION('',(-1.,4.440892098501E-16,-3.330669073875E-16));
#8755 = ORIENTED_EDGE('',*,*,#8756,.T.);
#8756 = EDGE_CURVE('',#8749,#8757,#8759,.T.);
#8757 = VERTEX_POINT('',#8758);
#8758 = CARTESIAN_POINT('',(63.58,129.70097853995,20.548747737362));
#8759 = B_SPLINE_CURVE_WITH_KNOTS('',5,(#8760,#8761,#8762,#8763,#8764,
    #8765,#8766,#8767,#8768,#8769,#8770,#8771),.UNSPECIFIED.,.F.,.F.,(6,
    3,3,6),(0.,0.445724188419,0.891451247763,1.11410926628),
  .UNSPECIFIED.);
#8760 = CARTESIAN_POINT('',(64.08,129.70097853935,20.048747737362));
#8761 = CARTESIAN_POINT('',(64.0172006458,129.70097853935,
    20.048747737362));
#8762 = CARTESIAN_POINT('',(63.9544025102,129.70097853935,
    20.058607138362));
#8763 = CARTESIAN_POINT('',(63.8936380064,129.70097853935,
    20.078340830062));
#8764 = CARTESIAN_POINT('',(63.7804193561,129.70097853935,
    20.136185194362));
#8765 = CARTESIAN_POINT('',(63.6903756755,129.70097853935,
    20.225939309962));
#8766 = CARTESIAN_POINT('',(63.6528070229,129.70097853935,
    20.277603634562));
#8767 = CARTESIAN_POINT('',(63.6095993462,129.70097853935,
    20.362575428862));
#8768 = CARTESIAN_POINT('',(63.5874737485,129.70097853935,
    20.454406932062));
#8769 = CARTESIAN_POINT('',(63.5824603996,129.70097853935,
    20.486006025162));
#8770 = CARTESIAN_POINT('',(63.58,129.70097853935,20.517376813062));
#8771 = CARTESIAN_POINT('',(63.58,129.70097853935,20.548747737362));
#8772 = ORIENTED_EDGE('',*,*,#8773,.T.);
#8773 = EDGE_CURVE('',#8757,#8774,#8776,.T.);
#8774 = VERTEX_POINT('',#8775);
#8775 = CARTESIAN_POINT('',(63.58,129.70097853935,23.471813291762));
#8776 = LINE('',#8777,#8778);
#8777 = CARTESIAN_POINT('',(63.58,129.70097853935,22.010280514562));
#8778 = VECTOR('',#8779,1.);
#8779 = DIRECTION('',(-3.330669073875E-16,4.270088556252E-17,1.));
#8780 = ORIENTED_EDGE('',*,*,#8781,.T.);
#8781 = EDGE_CURVE('',#8774,#8782,#8784,.T.);
#8782 = VERTEX_POINT('',#8783);
#8783 = CARTESIAN_POINT('',(28.8136934116,129.70097853935,
    27.078290643562));
#8784 = CIRCLE('',#8785,30.7999999998);
#8785 = AXIS2_PLACEMENT_3D('',#8786,#8787,#8788);
#8786 = CARTESIAN_POINT('',(43.579999999704,129.70097853935,
    4.874773709388E-02));
#8787 = DIRECTION('',(-4.440892098501E-16,-1.,1.110223024625E-16));
#8788 = DIRECTION('',(3.330669073875E-16,-1.110223024625E-16,-1.));
#8789 = ORIENTED_EDGE('',*,*,#8790,.T.);
#8790 = EDGE_CURVE('',#8782,#8791,#8793,.T.);
#8791 = VERTEX_POINT('',#8792);
#8792 = CARTESIAN_POINT('',(14.1242705061,129.70097853935,9.048747737362
    ));
#8793 = CIRCLE('',#8794,30.8000000042);
#8794 = AXIS2_PLACEMENT_3D('',#8795,#8796,#8797);
#8795 = CARTESIAN_POINT('',(43.580000003032,129.70097853935,
    4.874773394669E-02));
#8796 = DIRECTION('',(-4.440892098501E-16,-1.,1.110223024625E-16));
#8797 = DIRECTION('',(3.330669073875E-16,-1.110223024625E-16,-1.));
#8798 = ORIENTED_EDGE('',*,*,#8799,.T.);
#8799 = EDGE_CURVE('',#8791,#8800,#8802,.T.);
#8800 = VERTEX_POINT('',#8801);
#8801 = CARTESIAN_POINT('',(17.08,129.70097853935,9.048747737362));
#8802 = LINE('',#8803,#8804);
#8803 = CARTESIAN_POINT('',(15.6021352531,129.70097853935,9.048747737362
    ));
#8804 = VECTOR('',#8805,1.);
#8805 = DIRECTION('',(1.,-4.440892098501E-16,3.330669073875E-16));
#8806 = ORIENTED_EDGE('',*,*,#8807,.T.);
#8807 = EDGE_CURVE('',#8800,#7751,#8808,.T.);
#8808 = LINE('',#8809,#8810);
#8809 = CARTESIAN_POINT('',(17.08,129.70097853935,7.614281948122));
#8810 = VECTOR('',#8811,1.);
#8811 = DIRECTION('',(3.330669073875E-16,-4.270088556252E-17,-1.));
#8812 = ORIENTED_EDGE('',*,*,#7779,.F.);
#8813 = ORIENTED_EDGE('',*,*,#7707,.F.);
#8814 = ORIENTED_EDGE('',*,*,#7800,.F.);
#8815 = ORIENTED_EDGE('',*,*,#8816,.F.);
#8816 = EDGE_CURVE('',#8817,#7801,#8819,.T.);
#8817 = VERTEX_POINT('',#8818);
#8818 = CARTESIAN_POINT('',(70.08,129.70097853935,8.048747737362));
#8819 = LINE('',#8820,#8821);
#8820 = CARTESIAN_POINT('',(70.08,129.70097853935,7.114281948122));
#8821 = VECTOR('',#8822,1.);
#8822 = DIRECTION('',(3.330669073875E-16,-4.270088556252E-17,-1.));
#8823 = ORIENTED_EDGE('',*,*,#8824,.F.);
#8824 = EDGE_CURVE('',#8825,#8817,#8827,.T.);
#8825 = VERTEX_POINT('',#8826);
#8826 = CARTESIAN_POINT('',(73.3228983115,129.70097853935,8.048747737362
    ));
#8827 = LINE('',#8828,#8829);
#8828 = CARTESIAN_POINT('',(71.7014491557,129.70097853935,8.048747737362
    ));
#8829 = VECTOR('',#8830,1.);
#8830 = DIRECTION('',(-1.,4.440892098501E-16,-3.330669073875E-16));
#8831 = ORIENTED_EDGE('',*,*,#8832,.T.);
#8832 = EDGE_CURVE('',#8825,#8747,#8833,.T.);
#8833 = CIRCLE('',#8834,30.7999999857);
#8834 = AXIS2_PLACEMENT_3D('',#8835,#8836,#8837);
#8835 = CARTESIAN_POINT('',(43.580000012512,129.70097853935,
    4.874774383512E-02));
#8836 = DIRECTION('',(-4.440892098501E-16,-1.,1.110223024625E-16));
#8837 = DIRECTION('',(3.330669073875E-16,-1.110223024625E-16,-1.));
#8838 = PLANE('',#8839);
#8839 = AXIS2_PLACEMENT_3D('',#8840,#8841,#8842);
#8840 = CARTESIAN_POINT('',(43.58,129.70097853935,-31.45125226263));
#8841 = DIRECTION('',(-4.440892098501E-16,-1.,1.110223024625E-16));
#8842 = DIRECTION('',(1.,-4.440892098501E-16,4.555315873025E-16));
#8843 = ADVANCED_FACE('',(#8844),#9015,.F.);
#8844 = FACE_BOUND('',#8845,.T.);
#8845 = EDGE_LOOP('',(#8846,#8877,#8885,#8891,#8892,#8893,#8901,#8924,
    #8932,#8961,#8969,#8978,#8986,#9009));
#8846 = ORIENTED_EDGE('',*,*,#8847,.T.);
#8847 = EDGE_CURVE('',#8848,#8850,#8852,.T.);
#8848 = VERTEX_POINT('',#8849);
#8849 = CARTESIAN_POINT('',(17.08,136.32597853935,-7.299721490188));
#8850 = VERTEX_POINT('',#8851);
#8851 = CARTESIAN_POINT('',(17.08,135.82615802565,-8.951252262638));
#8852 = B_SPLINE_CURVE_WITH_KNOTS('',5,(#8853,#8854,#8855,#8856,#8857,
    #8858,#8859,#8860,#8861,#8862,#8863,#8864,#8865,#8866,#8867,#8868,
    #8869,#8870,#8871,#8872,#8873,#8874,#8875,#8876),.UNSPECIFIED.,.F.,
  .F.,(6,3,3,3,3,3,3,6),(0.,8.60510753827E-02,0.225392458157,
    0.437718038394,0.769658658632,1.26510980939,1.77627286604,
    2.55166921074),.UNSPECIFIED.);
#8853 = CARTESIAN_POINT('',(17.08,136.32597853935,-7.299721490188));
#8854 = CARTESIAN_POINT('',(17.08,136.31378350025,-7.299721490188));
#8855 = CARTESIAN_POINT('',(17.08,136.30158825615,-7.299831540528));
#8856 = CARTESIAN_POINT('',(17.08,136.28918187005,-7.303265150048));
#8857 = CARTESIAN_POINT('',(17.08,136.25907755915,-7.314639265938));
#8858 = CARTESIAN_POINT('',(17.08,136.23171188675,-7.331700024808));
#8859 = CARTESIAN_POINT('',(17.08,136.21592526615,-7.344175999698));
#8860 = CARTESIAN_POINT('',(17.08,136.17941702285,-7.378336155018));
#8861 = CARTESIAN_POINT('',(17.08,136.14890385375,-7.418068969818));
#8862 = CARTESIAN_POINT('',(17.08,136.13201677475,-7.443191387698));
#8863 = CARTESIAN_POINT('',(17.08,136.09229058545,-7.509325788188));
#8864 = CARTESIAN_POINT('',(17.08,136.05965722275,-7.579198538438));
#8865 = CARTESIAN_POINT('',(17.08,136.04151973305,-7.622704962488));
#8866 = CARTESIAN_POINT('',(17.08,136.00038919065,-7.731919484918));
#8867 = CARTESIAN_POINT('',(17.08,135.96739839375,-7.843071603098));
#8868 = CARTESIAN_POINT('',(17.08,135.94972263865,-7.910055486668));
#8869 = CARTESIAN_POINT('',(17.08,135.91745725475,-8.047662821528));
#8870 = CARTESIAN_POINT('',(17.08,135.89176913955,-8.188015483728));
#8871 = CARTESIAN_POINT('',(17.08,135.88027187865,-8.259646658898));
#8872 = CARTESIAN_POINT('',(17.08,135.85497058575,-8.440094357558));
#8873 = CARTESIAN_POINT('',(17.08,135.83829591715,-8.621692520588));
#8874 = CARTESIAN_POINT('',(17.08,135.83116346775,-8.731542144218));
#8875 = CARTESIAN_POINT('',(17.08,135.82710506225,-8.841374107538));
#8876 = CARTESIAN_POINT('',(17.08,135.82615802565,-8.951252262638));
#8877 = ORIENTED_EDGE('',*,*,#8878,.T.);
#8878 = EDGE_CURVE('',#8850,#8879,#8881,.T.);
#8879 = VERTEX_POINT('',#8880);
#8880 = CARTESIAN_POINT('',(17.08,129.70097853935,-8.951252262638));
#8881 = LINE('',#8882,#8883);
#8882 = CARTESIAN_POINT('',(17.08,132.76356828255,-8.951252262638));
#8883 = VECTOR('',#8884,1.);
#8884 = DIRECTION('',(-4.440892098501E-16,-1.,4.270088556252E-17));
#8885 = ORIENTED_EDGE('',*,*,#8886,.F.);
#8886 = EDGE_CURVE('',#7742,#8879,#8887,.T.);
#8887 = LINE('',#8888,#8889);
#8888 = CARTESIAN_POINT('',(17.08,129.70097853935,-7.516786473398));
#8889 = VECTOR('',#8890,1.);
#8890 = DIRECTION('',(3.330669073875E-16,-4.270088556252E-17,-1.));
#8891 = ORIENTED_EDGE('',*,*,#7750,.T.);
#8892 = ORIENTED_EDGE('',*,*,#8807,.F.);
#8893 = ORIENTED_EDGE('',*,*,#8894,.T.);
#8894 = EDGE_CURVE('',#8800,#8895,#8897,.T.);
#8895 = VERTEX_POINT('',#8896);
#8896 = CARTESIAN_POINT('',(17.08,135.82615802565,9.048747737362));
#8897 = LINE('',#8898,#8899);
#8898 = CARTESIAN_POINT('',(17.08,132.76356828255,9.048747737362));
#8899 = VECTOR('',#8900,1.);
#8900 = DIRECTION('',(4.440892098501E-16,1.,-4.270088556252E-17));
#8901 = ORIENTED_EDGE('',*,*,#8902,.T.);
#8902 = EDGE_CURVE('',#8895,#8903,#8905,.T.);
#8903 = VERTEX_POINT('',#8904);
#8904 = CARTESIAN_POINT('',(17.08,136.32597853935,7.397216964912));
#8905 = B_SPLINE_CURVE_WITH_KNOTS('',5,(#8906,#8907,#8908,#8909,#8910,
    #8911,#8912,#8913,#8914,#8915,#8916,#8917,#8918,#8919,#8920,#8921,
    #8922,#8923),.UNSPECIFIED.,.F.,.F.,(6,3,3,3,3,6),(0.,1.53374095751,
    2.07878249962,2.35233116372,2.44609638649,2.55271816344),
  .UNSPECIFIED.);
#8906 = CARTESIAN_POINT('',(17.08,135.82615802565,9.048747737362));
#8907 = CARTESIAN_POINT('',(17.08,135.82802863305,8.831713986242));
#8908 = CARTESIAN_POINT('',(17.08,135.84203825015,8.614860744502));
#8909 = CARTESIAN_POINT('',(17.08,135.86767556365,8.400066297152));
#8910 = CARTESIAN_POINT('',(17.08,135.91631724095,8.108862577562));
#8911 = CARTESIAN_POINT('',(17.08,136.00121328995,7.827474100162));
#8912 = CARTESIAN_POINT('',(17.08,136.02639836915,7.755197789982));
#8913 = CARTESIAN_POINT('',(17.08,136.06961149345,7.647502173562));
#8914 = CARTESIAN_POINT('',(17.08,136.12727632155,7.547122770952));
#8915 = CARTESIAN_POINT('',(17.08,136.14864368425,7.514689231182));
#8916 = CARTESIAN_POINT('',(17.08,136.18078424765,7.473178661842));
#8917 = CARTESIAN_POINT('',(17.08,136.21998320845,7.439021066022));
#8918 = CARTESIAN_POINT('',(17.08,136.23059925655,7.430668949632));
#8919 = CARTESIAN_POINT('',(17.08,136.25437730725,7.415170314302));
#8920 = CARTESIAN_POINT('',(17.08,136.28044929625,7.403644932062));
#8921 = CARTESIAN_POINT('',(17.08,136.29580053985,7.397385486112));
#8922 = CARTESIAN_POINT('',(17.08,136.31088953695,7.397216964912));
#8923 = CARTESIAN_POINT('',(17.08,136.32597853935,7.397216964912));
#8924 = ORIENTED_EDGE('',*,*,#8925,.T.);
#8925 = EDGE_CURVE('',#8903,#8926,#8928,.T.);
#8926 = VERTEX_POINT('',#8927);
#8927 = CARTESIAN_POINT('',(17.08,139.07597853935,7.397216964912));
#8928 = LINE('',#8929,#8930);
#8929 = CARTESIAN_POINT('',(17.08,137.70097853935,7.397216964912));
#8930 = VECTOR('',#8931,1.);
#8931 = DIRECTION('',(4.440892098501E-16,1.,-4.270088556252E-17));
#8932 = ORIENTED_EDGE('',*,*,#8933,.T.);
#8933 = EDGE_CURVE('',#8926,#8934,#8936,.T.);
#8934 = VERTEX_POINT('',#8935);
#8935 = CARTESIAN_POINT('',(17.08,139.57579905305,9.048747737362));
#8936 = B_SPLINE_CURVE_WITH_KNOTS('',5,(#8937,#8938,#8939,#8940,#8941,
    #8942,#8943,#8944,#8945,#8946,#8947,#8948,#8949,#8950,#8951,#8952,
    #8953,#8954,#8955,#8956,#8957,#8958,#8959,#8960),.UNSPECIFIED.,.F.,
  .F.,(6,3,3,3,3,3,3,6),(0.,8.60510753641E-02,0.225392458109,
    0.43771803828,0.769658657868,1.2651098086,1.77627286389,
    2.55166920919),.UNSPECIFIED.);
#8937 = CARTESIAN_POINT('',(17.08,139.07597853935,7.397216964912));
#8938 = CARTESIAN_POINT('',(17.08,139.08817357845,7.397216964912));
#8939 = CARTESIAN_POINT('',(17.08,139.10036882255,7.397327015252));
#8940 = CARTESIAN_POINT('',(17.08,139.11277520865,7.400760624772));
#8941 = CARTESIAN_POINT('',(17.08,139.14287951955,7.412134740662));
#8942 = CARTESIAN_POINT('',(17.08,139.17024519195,7.429195499532));
#8943 = CARTESIAN_POINT('',(17.08,139.18603181255,7.441671474422));
#8944 = CARTESIAN_POINT('',(17.08,139.22254005585,7.475831629742));
#8945 = CARTESIAN_POINT('',(17.08,139.25305322495,7.515564444542));
#8946 = CARTESIAN_POINT('',(17.08,139.26994030395,7.540686862432));
#8947 = CARTESIAN_POINT('',(17.08,139.30966649325,7.606821262842));
#8948 = CARTESIAN_POINT('',(17.08,139.34229985595,7.676694013002));
#8949 = CARTESIAN_POINT('',(17.08,139.36043734375,7.720200437402));
#8950 = CARTESIAN_POINT('',(17.08,139.40156788615,7.829414959722));
#8951 = CARTESIAN_POINT('',(17.08,139.43455868315,7.940567077772));
#8952 = CARTESIAN_POINT('',(17.08,139.45223444005,8.007550961442));
#8953 = CARTESIAN_POINT('',(17.08,139.48449982395,8.145158296052));
#8954 = CARTESIAN_POINT('',(17.08,139.51018793915,8.285510958062));
#8955 = CARTESIAN_POINT('',(17.08,139.52168520015,8.357142134002));
#8956 = CARTESIAN_POINT('',(17.08,139.54698649295,8.537589832562));
#8957 = CARTESIAN_POINT('',(17.08,139.56366116165,8.719187995482));
#8958 = CARTESIAN_POINT('',(17.08,139.57079361095,8.829037618742));
#8959 = CARTESIAN_POINT('',(17.08,139.57485201645,8.938869582162));
#8960 = CARTESIAN_POINT('',(17.08,139.57579905305,9.048747737362));
#8961 = ORIENTED_EDGE('',*,*,#8962,.T.);
#8962 = EDGE_CURVE('',#8934,#8963,#8965,.T.);
#8963 = VERTEX_POINT('',#8964);
#8964 = CARTESIAN_POINT('',(17.08,141.70097853935,9.048747737362));
#8965 = LINE('',#8966,#8967);
#8966 = CARTESIAN_POINT('',(17.08,140.63838879615,9.048747737362));
#8967 = VECTOR('',#8968,1.);
#8968 = DIRECTION('',(4.440892098501E-16,1.,-4.270088556252E-17));
#8969 = ORIENTED_EDGE('',*,*,#8970,.F.);
#8970 = EDGE_CURVE('',#8971,#8963,#8973,.T.);
#8971 = VERTEX_POINT('',#8972);
#8972 = CARTESIAN_POINT('',(17.08,141.70097853935,-8.951252262638));
#8973 = CIRCLE('',#8974,9.);
#8974 = AXIS2_PLACEMENT_3D('',#8975,#8976,#8977);
#8975 = CARTESIAN_POINT('',(17.08,141.70097853935,4.874773736203E-02));
#8976 = DIRECTION('',(1.,-4.440892098501E-16,4.555315873025E-16));
#8977 = DIRECTION('',(4.555315873025E-16,-4.270088556252E-17,-1.));
#8978 = ORIENTED_EDGE('',*,*,#8979,.T.);
#8979 = EDGE_CURVE('',#8971,#8980,#8982,.T.);
#8980 = VERTEX_POINT('',#8981);
#8981 = CARTESIAN_POINT('',(17.08,139.57579905305,-8.951252262638));
#8982 = LINE('',#8983,#8984);
#8983 = CARTESIAN_POINT('',(17.08,140.63838879615,-8.951252262638));
#8984 = VECTOR('',#8985,1.);
#8985 = DIRECTION('',(-4.440892098501E-16,-1.,4.270088556252E-17));
#8986 = ORIENTED_EDGE('',*,*,#8987,.T.);
#8987 = EDGE_CURVE('',#8980,#8988,#8990,.T.);
#8988 = VERTEX_POINT('',#8989);
#8989 = CARTESIAN_POINT('',(17.08,139.07597853935,-7.299721490188));
#8990 = B_SPLINE_CURVE_WITH_KNOTS('',5,(#8991,#8992,#8993,#8994,#8995,
    #8996,#8997,#8998,#8999,#9000,#9001,#9002,#9003,#9004,#9005,#9006,
    #9007,#9008),.UNSPECIFIED.,.F.,.F.,(6,3,3,3,3,6),(0.,1.53374095754,
    2.07878249966,2.35233116376,2.44609638652,2.55271816347),
  .UNSPECIFIED.);
#8991 = CARTESIAN_POINT('',(17.08,139.57579905305,-8.951252262638));
#8992 = CARTESIAN_POINT('',(17.08,139.57392844565,-8.734218511508));
#8993 = CARTESIAN_POINT('',(17.08,139.55991882855,-8.517365269768));
#8994 = CARTESIAN_POINT('',(17.08,139.53428151505,-8.302570822438));
#8995 = CARTESIAN_POINT('',(17.08,139.48563983775,-8.011367102848));
#8996 = CARTESIAN_POINT('',(17.08,139.40074378875,-7.729978625438));
#8997 = CARTESIAN_POINT('',(17.08,139.37555870955,-7.657702315268));
#8998 = CARTESIAN_POINT('',(17.08,139.33234558525,-7.550006698838));
#8999 = CARTESIAN_POINT('',(17.08,139.27468075715,-7.449627296238));
#9000 = CARTESIAN_POINT('',(17.08,139.25331339445,-7.417193756458));
#9001 = CARTESIAN_POINT('',(17.08,139.22117283105,-7.375683187118));
#9002 = CARTESIAN_POINT('',(17.08,139.18197387025,-7.341525591308));
#9003 = CARTESIAN_POINT('',(17.08,139.17135782215,-7.333173474908));
#9004 = CARTESIAN_POINT('',(17.08,139.14757977145,-7.317674839578));
#9005 = CARTESIAN_POINT('',(17.08,139.12150778245,-7.306149457338));
#9006 = CARTESIAN_POINT('',(17.08,139.10615653895,-7.299890011388));
#9007 = CARTESIAN_POINT('',(17.08,139.09106754175,-7.299721490188));
#9008 = CARTESIAN_POINT('',(17.08,139.07597853935,-7.299721490188));
#9009 = ORIENTED_EDGE('',*,*,#9010,.F.);
#9010 = EDGE_CURVE('',#8848,#8988,#9011,.T.);
#9011 = LINE('',#9012,#9013);
#9012 = CARTESIAN_POINT('',(17.08,137.70097853935,-7.299721490188));
#9013 = VECTOR('',#9014,1.);
#9014 = DIRECTION('',(4.440892098501E-16,1.,-4.270088556252E-17));
#9015 = PLANE('',#9016);
#9016 = AXIS2_PLACEMENT_3D('',#9017,#9018,#9019);
#9017 = CARTESIAN_POINT('',(17.08,155.70097853934,4.874773736203E-02));
#9018 = DIRECTION('',(1.,-4.440892098501E-16,4.555315873025E-16));
#9019 = DIRECTION('',(-4.440892098501E-16,-1.,1.110223024625E-16));
#9020 = ADVANCED_FACE('',(#9021),#9083,.T.);
#9021 = FACE_BOUND('',#9022,.T.);
#9022 = EDGE_LOOP('',(#9023,#9031,#9032,#9033,#9034,#9035,#9043,#9063,
    #9077));
#9023 = ORIENTED_EDGE('',*,*,#9024,.F.);
#9024 = EDGE_CURVE('',#7810,#9025,#9027,.T.);
#9025 = VERTEX_POINT('',#9026);
#9026 = CARTESIAN_POINT('',(70.08,129.70097853935,-7.951252262638));
#9027 = LINE('',#9028,#9029);
#9028 = CARTESIAN_POINT('',(70.08,129.70097853935,-7.016786473398));
#9029 = VECTOR('',#9030,1.);
#9030 = DIRECTION('',(3.330669073875E-16,-4.270088556252E-17,-1.));
#9031 = ORIENTED_EDGE('',*,*,#7838,.F.);
#9032 = ORIENTED_EDGE('',*,*,#7847,.F.);
#9033 = ORIENTED_EDGE('',*,*,#7741,.F.);
#9034 = ORIENTED_EDGE('',*,*,#8886,.T.);
#9035 = ORIENTED_EDGE('',*,*,#9036,.T.);
#9036 = EDGE_CURVE('',#8879,#9037,#9039,.T.);
#9037 = VERTEX_POINT('',#9038);
#9038 = CARTESIAN_POINT('',(14.1242705061,129.70097853935,
    -8.951252262638));
#9039 = LINE('',#9040,#9041);
#9040 = CARTESIAN_POINT('',(15.6021352531,129.70097853935,
    -8.951252262638));
#9041 = VECTOR('',#9042,1.);
#9042 = DIRECTION('',(-1.,4.440892098501E-16,-3.330669073875E-16));
#9043 = ORIENTED_EDGE('',*,*,#9044,.F.);
#9044 = EDGE_CURVE('',#9045,#9037,#9047,.T.);
#9045 = VERTEX_POINT('',#9046);
#9046 = CARTESIAN_POINT('',(58.3463065885,129.70097853915,
    -26.98079516893));
#9047 = B_SPLINE_CURVE_WITH_KNOTS('',5,(#9048,#9049,#9050,#9051,#9052,
    #9053,#9054,#9055,#9056,#9057,#9058,#9059,#9060,#9061,#9062),
  .UNSPECIFIED.,.F.,.F.,(6,3,3,3,6),(0.,21.1936167926,42.3872335995,
    63.5808504382,77.452172816),.UNSPECIFIED.);
#9048 = CARTESIAN_POINT('',(58.3463065884,129.70097853935,
    -26.98079516883));
#9049 = CARTESIAN_POINT('',(55.7218121716,129.70097853935,
    -28.41456300333));
#9050 = CARTESIAN_POINT('',(52.92329965137,129.70097853935,
    -29.52979153373));
#9051 = CARTESIAN_POINT('',(50.0018161457,129.70097853935,
    -30.29836952523));
#9052 = CARTESIAN_POINT('',(44.031776788109,129.70097853935,
    -31.11095059563));
#9053 = CARTESIAN_POINT('',(38.04069147499,129.70097853935,
    -30.47179116513));
#9054 = CARTESIAN_POINT('',(35.09815366761,129.70097853935,
    -29.78823487573));
#9055 = CARTESIAN_POINT('',(29.4388148544,129.70097853935,
    -27.72098011963));
#9056 = CARTESIAN_POINT('',(24.4383206592,129.70097853935,
    -24.35992583903));
#9057 = CARTESIAN_POINT('',(22.1548038421,129.70097853935,
    -22.38221787403));
#9058 = CARTESIAN_POINT('',(18.8121585832,129.70097853935,
    -18.68497101663));
#9059 = CARTESIAN_POINT('',(16.2814657321,129.70097853935,
    -14.41503745433));
#9060 = CARTESIAN_POINT('',(15.4168843461,129.70097853935,
    -12.64967631573));
#9061 = CARTESIAN_POINT('',(14.696226017,129.70097853935,-10.82318190823
    ));
#9062 = CARTESIAN_POINT('',(14.1242705061,129.70097853935,
    -8.951252262638));
#9063 = ORIENTED_EDGE('',*,*,#9064,.F.);
#9064 = EDGE_CURVE('',#9065,#9045,#9067,.T.);
#9065 = VERTEX_POINT('',#9066);
#9066 = CARTESIAN_POINT('',(73.3228983115,129.70097853935,
    -7.951252262638));
#9067 = B_SPLINE_CURVE_WITH_KNOTS('',5,(#9068,#9069,#9070,#9071,#9072,
    #9073,#9074,#9075,#9076),.UNSPECIFIED.,.F.,.F.,(6,3,6),(0.,
    21.1872885582,35.2633232719),.UNSPECIFIED.);
#9068 = CARTESIAN_POINT('',(73.3228983115,129.70097853935,
    -7.951252262638));
#9069 = CARTESIAN_POINT('',(72.5461202938,129.70097853935,
    -10.83920596123));
#9070 = CARTESIAN_POINT('',(71.418826977,129.70097853935,-13.63288029283
    ));
#9071 = CARTESIAN_POINT('',(69.9559646969,129.70097853935,
    -16.27594933143));
#9072 = CARTESIAN_POINT('',(67.012255498,129.70097853935,-20.33481565443
    ));
#9073 = CARTESIAN_POINT('',(63.3316596965,129.70097853935,
    -23.70959596693));
#9074 = CARTESIAN_POINT('',(61.7567285872,129.70097853935,
    -24.93511696783));
#9075 = CARTESIAN_POINT('',(60.0899215582,129.70097853935,
    -26.02825396953));
#9076 = CARTESIAN_POINT('',(58.3463065884,129.70097853935,
    -26.98079516883));
#9077 = ORIENTED_EDGE('',*,*,#9078,.F.);
#9078 = EDGE_CURVE('',#9025,#9065,#9079,.T.);
#9079 = LINE('',#9080,#9081);
#9080 = CARTESIAN_POINT('',(71.7014491557,129.70097853935,
    -7.951252262638));
#9081 = VECTOR('',#9082,1.);
#9082 = DIRECTION('',(1.,-4.440892098501E-16,3.330669073875E-16));
#9083 = PLANE('',#9084);
#9084 = AXIS2_PLACEMENT_3D('',#9085,#9086,#9087);
#9085 = CARTESIAN_POINT('',(43.58,129.70097853935,-31.45125226263));
#9086 = DIRECTION('',(-4.440892098501E-16,-1.,1.110223024625E-16));
#9087 = DIRECTION('',(1.,-4.440892098501E-16,4.555315873025E-16));
#9088 = ADVANCED_FACE('',(#9089),#9251,.T.);
#9089 = FACE_BOUND('',#9090,.T.);
#9090 = EDGE_LOOP('',(#9091,#9102,#9110,#9118,#9138,#9146,#9166,#9172,
    #9173,#9174,#9175,#9183,#9206,#9214,#9237,#9245));
#9091 = ORIENTED_EDGE('',*,*,#9092,.T.);
#9092 = EDGE_CURVE('',#9093,#9095,#9097,.T.);
#9093 = VERTEX_POINT('',#9094);
#9094 = CARTESIAN_POINT('',(70.08,142.70097853935,-7.951252262638));
#9095 = VERTEX_POINT('',#9096);
#9096 = CARTESIAN_POINT('',(70.08,142.70097853935,8.048747737362));
#9097 = CIRCLE('',#9098,8.);
#9098 = AXIS2_PLACEMENT_3D('',#9099,#9100,#9101);
#9099 = CARTESIAN_POINT('',(70.08,142.70097853935,4.874773736205E-02));
#9100 = DIRECTION('',(1.,-4.440892098501E-16,4.555315873025E-16));
#9101 = DIRECTION('',(4.555315873025E-16,-4.270088556252E-17,-1.));
#9102 = ORIENTED_EDGE('',*,*,#9103,.T.);
#9103 = EDGE_CURVE('',#9095,#9104,#9106,.T.);
#9104 = VERTEX_POINT('',#9105);
#9105 = CARTESIAN_POINT('',(70.08,139.57597853935,8.048747737362));
#9106 = LINE('',#9107,#9108);
#9107 = CARTESIAN_POINT('',(70.08,141.13847853935,8.048747737362));
#9108 = VECTOR('',#9109,1.);
#9109 = DIRECTION('',(-4.440892098501E-16,-1.,4.270088556252E-17));
#9110 = ORIENTED_EDGE('',*,*,#9111,.T.);
#9111 = EDGE_CURVE('',#9104,#9112,#9114,.T.);
#9112 = VERTEX_POINT('',#9113);
#9113 = CARTESIAN_POINT('',(70.08,139.46117977935,8.048747737362));
#9114 = LINE('',#9115,#9116);
#9115 = CARTESIAN_POINT('',(70.08,139.51857915935,8.048747737362));
#9116 = VECTOR('',#9117,1.);
#9117 = DIRECTION('',(-4.440892098501E-16,-1.,4.270088556252E-17));
#9118 = ORIENTED_EDGE('',*,*,#9119,.T.);
#9119 = EDGE_CURVE('',#9112,#9120,#9122,.T.);
#9120 = VERTEX_POINT('',#9121);
#9121 = CARTESIAN_POINT('',(70.08,139.07597853935,7.397216964912));
#9122 = B_SPLINE_CURVE_WITH_KNOTS('',5,(#9123,#9124,#9125,#9126,#9127,
    #9128,#9129,#9130,#9131,#9132,#9133,#9134,#9135,#9136,#9137),
  .UNSPECIFIED.,.F.,.F.,(6,3,3,3,6),(0.,0.667736422439,0.943414649252,
    1.03952304501,1.13191500332),.UNSPECIFIED.);
#9123 = CARTESIAN_POINT('',(70.08,139.46117977935,8.048747737362));
#9124 = CARTESIAN_POINT('',(70.08,139.43924276435,7.957026299152));
#9125 = CARTESIAN_POINT('',(70.08,139.41394634905,7.866119307102));
#9126 = CARTESIAN_POINT('',(70.08,139.38542644565,7.779845678332));
#9127 = CARTESIAN_POINT('',(70.08,139.33766931355,7.654848349512));
#9128 = CARTESIAN_POINT('',(70.08,139.27015990465,7.539913422042));
#9129 = CARTESIAN_POINT('',(70.08,139.24858468505,7.508075574122));
#9130 = CARTESIAN_POINT('',(70.08,139.21551167535,7.466628594732));
#9131 = CARTESIAN_POINT('',(70.08,139.17466375545,7.433285231122));
#9132 = CARTESIAN_POINT('',(70.08,139.16339088825,7.425220170722));
#9133 = CARTESIAN_POINT('',(70.08,139.14043404795,7.411427072112));
#9134 = CARTESIAN_POINT('',(70.08,139.11534720525,7.402151128242));
#9135 = CARTESIAN_POINT('',(70.08,139.10210937275,7.397346113802));
#9136 = CARTESIAN_POINT('',(70.08,139.08904393045,7.397216964912));
#9137 = CARTESIAN_POINT('',(70.08,139.07597853935,7.397216964912));
#9138 = ORIENTED_EDGE('',*,*,#9139,.F.);
#9139 = EDGE_CURVE('',#9140,#9120,#9142,.T.);
#9140 = VERTEX_POINT('',#9141);
#9141 = CARTESIAN_POINT('',(70.08,136.32597853935,7.397216964912));
#9142 = LINE('',#9143,#9144);
#9143 = CARTESIAN_POINT('',(70.08,137.70097853935,7.397216964912));
#9144 = VECTOR('',#9145,1.);
#9145 = DIRECTION('',(4.440892098501E-16,1.,-4.270088556252E-17));
#9146 = ORIENTED_EDGE('',*,*,#9147,.F.);
#9147 = EDGE_CURVE('',#9148,#9140,#9150,.T.);
#9148 = VERTEX_POINT('',#9149);
#9149 = CARTESIAN_POINT('',(70.08,135.94077729935,8.048747737362));
#9150 = B_SPLINE_CURVE_WITH_KNOTS('',5,(#9151,#9152,#9153,#9154,#9155,
    #9156,#9157,#9158,#9159,#9160,#9161,#9162,#9163,#9164,#9165),
  .UNSPECIFIED.,.F.,.F.,(6,3,3,3,6),(0.,0.667736465381,0.943414702791,
    1.03952309681,1.13191503993),.UNSPECIFIED.);
#9151 = CARTESIAN_POINT('',(70.08,135.94077729935,8.048747737362));
#9152 = CARTESIAN_POINT('',(70.08,135.96271431555,7.957026294382));
#9153 = CARTESIAN_POINT('',(70.08,135.98801073225,7.866119297652));
#9154 = CARTESIAN_POINT('',(70.08,136.01653063025,7.779845685512));
#9155 = CARTESIAN_POINT('',(70.08,136.06428777045,7.654848337522));
#9156 = CARTESIAN_POINT('',(70.08,136.13179718745,7.539913399782));
#9157 = CARTESIAN_POINT('',(70.08,136.15337239955,7.508075564192));
#9158 = CARTESIAN_POINT('',(70.08,136.18644541065,7.466628585442));
#9159 = CARTESIAN_POINT('',(70.08,136.22729333275,7.433285223262));
#9160 = CARTESIAN_POINT('',(70.08,136.23856620165,7.425220165082));
#9161 = CARTESIAN_POINT('',(70.08,136.26152304025,7.411427069312));
#9162 = CARTESIAN_POINT('',(70.08,136.28660988105,7.402151127732));
#9163 = CARTESIAN_POINT('',(70.08,136.29984771055,7.397346113752));
#9164 = CARTESIAN_POINT('',(70.08,136.31291315055,7.397216964912));
#9165 = CARTESIAN_POINT('',(70.08,136.32597853935,7.397216964912));
#9166 = ORIENTED_EDGE('',*,*,#9167,.T.);
#9167 = EDGE_CURVE('',#9148,#8817,#9168,.T.);
#9168 = LINE('',#9169,#9170);
#9169 = CARTESIAN_POINT('',(70.08,132.82087791935,8.048747737362));
#9170 = VECTOR('',#9171,1.);
#9171 = DIRECTION('',(-4.440892098501E-16,-1.,4.270088556252E-17));
#9172 = ORIENTED_EDGE('',*,*,#8816,.T.);
#9173 = ORIENTED_EDGE('',*,*,#7809,.T.);
#9174 = ORIENTED_EDGE('',*,*,#9024,.T.);
#9175 = ORIENTED_EDGE('',*,*,#9176,.T.);
#9176 = EDGE_CURVE('',#9025,#9177,#9179,.T.);
#9177 = VERTEX_POINT('',#9178);
#9178 = CARTESIAN_POINT('',(70.08,135.94077729935,-7.951252262638));
#9179 = LINE('',#9180,#9181);
#9180 = CARTESIAN_POINT('',(70.08,132.82087791935,-7.951252262638));
#9181 = VECTOR('',#9182,1.);
#9182 = DIRECTION('',(4.440892098501E-16,1.,-1.850417612635E-16));
#9183 = ORIENTED_EDGE('',*,*,#9184,.F.);
#9184 = EDGE_CURVE('',#9185,#9177,#9187,.T.);
#9185 = VERTEX_POINT('',#9186);
#9186 = CARTESIAN_POINT('',(70.08,136.32597853935,-7.299721490188));
#9187 = B_SPLINE_CURVE_WITH_KNOTS('',5,(#9188,#9189,#9190,#9191,#9192,
    #9193,#9194,#9195,#9196,#9197,#9198,#9199,#9200,#9201,#9202,#9203,
    #9204,#9205),.UNSPECIFIED.,.F.,.F.,(6,3,3,3,3,6),(0.,
    5.63681220496E-02,0.147575381667,0.295031380659,0.747162897077,
    1.12741136299),.UNSPECIFIED.);
#9188 = CARTESIAN_POINT('',(70.08,136.32597853935,-7.299721490188));
#9189 = CARTESIAN_POINT('',(70.08,136.31800236175,-7.299721490188));
#9190 = CARTESIAN_POINT('',(70.08,136.31002606985,-7.299769745958));
#9191 = CARTESIAN_POINT('',(70.08,136.30190449815,-7.300961561138));
#9192 = CARTESIAN_POINT('',(70.08,136.28153155725,-7.305994133708));
#9193 = CARTESIAN_POINT('',(70.08,136.26226147185,-7.314469669938));
#9194 = CARTESIAN_POINT('',(70.08,136.25057198365,-7.320389133168));
#9195 = CARTESIAN_POINT('',(70.08,136.22200142765,-7.338633136098));
#9196 = CARTESIAN_POINT('',(70.08,136.19686170995,-7.361554293758));
#9197 = CARTESIAN_POINT('',(70.08,136.18242396785,-7.376959037868));
#9198 = CARTESIAN_POINT('',(70.08,136.12813402085,-7.442255971358));
#9199 = CARTESIAN_POINT('',(70.08,136.08731495915,-7.517611669398));
#9200 = CARTESIAN_POINT('',(70.08,136.06082507195,-7.574326511018));
#9201 = CARTESIAN_POINT('',(70.08,136.01704173165,-7.683462169348));
#9202 = CARTESIAN_POINT('',(70.08,135.98167811765,-7.795390091528));
#9203 = CARTESIAN_POINT('',(70.08,135.96686820585,-7.846987717828));
#9204 = CARTESIAN_POINT('',(70.08,135.95327740335,-7.898987744658));
#9205 = CARTESIAN_POINT('',(70.08,135.94077729935,-7.951252262638));
#9206 = ORIENTED_EDGE('',*,*,#9207,.T.);
#9207 = EDGE_CURVE('',#9185,#9208,#9210,.T.);
#9208 = VERTEX_POINT('',#9209);
#9209 = CARTESIAN_POINT('',(70.08,139.07597853935,-7.299721490188));
#9210 = LINE('',#9211,#9212);
#9211 = CARTESIAN_POINT('',(70.08,137.70097853935,-7.299721490188));
#9212 = VECTOR('',#9213,1.);
#9213 = DIRECTION('',(4.440892098501E-16,1.,-4.270088556252E-17));
#9214 = ORIENTED_EDGE('',*,*,#9215,.T.);
#9215 = EDGE_CURVE('',#9208,#9216,#9218,.T.);
#9216 = VERTEX_POINT('',#9217);
#9217 = CARTESIAN_POINT('',(70.08,139.46117977935,-7.951252262638));
#9218 = B_SPLINE_CURVE_WITH_KNOTS('',5,(#9219,#9220,#9221,#9222,#9223,
    #9224,#9225,#9226,#9227,#9228,#9229,#9230,#9231,#9232,#9233,#9234,
    #9235,#9236),.UNSPECIFIED.,.F.,.F.,(6,3,3,3,3,6),(0.,
    5.63681220497E-02,0.147575381667,0.29503138066,0.747162904976,
    1.12741137089),.UNSPECIFIED.);
#9219 = CARTESIAN_POINT('',(70.08,139.07597853935,-7.299721490188));
#9220 = CARTESIAN_POINT('',(70.08,139.08395471695,-7.299721490188));
#9221 = CARTESIAN_POINT('',(70.08,139.09193100885,-7.299769745958));
#9222 = CARTESIAN_POINT('',(70.08,139.10005258055,-7.300961561128));
#9223 = CARTESIAN_POINT('',(70.08,139.12042552145,-7.305994133708));
#9224 = CARTESIAN_POINT('',(70.08,139.13969560685,-7.314469669968));
#9225 = CARTESIAN_POINT('',(70.08,139.15138509505,-7.320389133128));
#9226 = CARTESIAN_POINT('',(70.08,139.17995565105,-7.338633136108));
#9227 = CARTESIAN_POINT('',(70.08,139.20509536875,-7.361554293818));
#9228 = CARTESIAN_POINT('',(70.08,139.21953311095,-7.376959037808));
#9229 = CARTESIAN_POINT('',(70.08,139.27382305855,-7.442255972268));
#9230 = CARTESIAN_POINT('',(70.08,139.31464212045,-7.517611671598));
#9231 = CARTESIAN_POINT('',(70.08,139.34113200595,-7.574326509138));
#9232 = CARTESIAN_POINT('',(70.08,139.38491534675,-7.683462168378));
#9233 = CARTESIAN_POINT('',(70.08,139.42027896095,-7.795390091238));
#9234 = CARTESIAN_POINT('',(70.08,139.43508887285,-7.846987717708));
#9235 = CARTESIAN_POINT('',(70.08,139.44867967535,-7.898987744598));
#9236 = CARTESIAN_POINT('',(70.08,139.46117977935,-7.951252262638));
#9237 = ORIENTED_EDGE('',*,*,#9238,.T.);
#9238 = EDGE_CURVE('',#9216,#9239,#9241,.T.);
#9239 = VERTEX_POINT('',#9240);
#9240 = CARTESIAN_POINT('',(70.08,139.57597853935,-7.951252262638));
#9241 = LINE('',#9242,#9243);
#9242 = CARTESIAN_POINT('',(70.08,139.51857915935,-7.951252262638));
#9243 = VECTOR('',#9244,1.);
#9244 = DIRECTION('',(4.440892098501E-16,1.,-4.270088556252E-17));
#9245 = ORIENTED_EDGE('',*,*,#9246,.T.);
#9246 = EDGE_CURVE('',#9239,#9093,#9247,.T.);
#9247 = LINE('',#9248,#9249);
#9248 = CARTESIAN_POINT('',(70.08,141.13847853935,-7.951252262638));
#9249 = VECTOR('',#9250,1.);
#9250 = DIRECTION('',(4.440892098501E-16,1.,-4.270088556252E-17));
#9251 = PLANE('',#9252);
#9252 = AXIS2_PLACEMENT_3D('',#9253,#9254,#9255);
#9253 = CARTESIAN_POINT('',(70.08,155.70097853934,4.874773736205E-02));
#9254 = DIRECTION('',(1.,-4.440892098501E-16,4.555315873025E-16));
#9255 = DIRECTION('',(-4.440892098501E-16,-1.,1.110223024625E-16));
#9256 = ADVANCED_FACE('',(#9257),#9283,.F.);
#9257 = FACE_BOUND('',#9258,.F.);
#9258 = EDGE_LOOP('',(#9259,#9270,#9276,#9277));
#9259 = ORIENTED_EDGE('',*,*,#9260,.T.);
#9260 = EDGE_CURVE('',#9261,#9263,#9265,.T.);
#9261 = VERTEX_POINT('',#9262);
#9262 = CARTESIAN_POINT('',(34.20133231333,73.099849923953,
    35.118193102362));
#9263 = VERTEX_POINT('',#9264);
#9264 = CARTESIAN_POINT('',(36.55866768671,73.833010749453,
    39.370525890562));
#9265 = CIRCLE('',#9266,2.45850000003);
#9266 = AXIS2_PLACEMENT_3D('',#9267,#9268,#9269);
#9267 = CARTESIAN_POINT('',(35.38,73.466430336753,37.244359496462));
#9268 = DIRECTION('',(-5.081003631726E-16,-0.985460115744,0.169906916508
    ));
#9269 = DIRECTION('',(2.527703248049E-16,-0.169906916508,-0.985460115744
    ));
#9270 = ORIENTED_EDGE('',*,*,#9271,.T.);
#9271 = EDGE_CURVE('',#9263,#8083,#9272,.T.);
#9272 = LINE('',#9273,#9274);
#9273 = CARTESIAN_POINT('',(1.69538494044E+05,-2.956204959985E+05,
    3.658702320947E+05));
#9274 = VECTOR('',#9275,1.);
#9275 = DIRECTION('',(0.339005049421,-0.591390714193,0.73166426702));
#9276 = ORIENTED_EDGE('',*,*,#8082,.T.);
#9277 = ORIENTED_EDGE('',*,*,#9278,.F.);
#9278 = EDGE_CURVE('',#9261,#8075,#9279,.T.);
#9279 = LINE('',#9280,#9281);
#9280 = CARTESIAN_POINT('',(-1.69467734044E+05,-4.010556788185E+05,
    -2.456538282583E+05));
#9281 = VECTOR('',#9282,1.);
#9282 = DIRECTION('',(-0.339005049421,-0.802260346671,-0.491379601353));
#9283 = CONICAL_SURFACE('',#9284,2.4585,0.785398163397);
#9284 = AXIS2_PLACEMENT_3D('',#9285,#9286,#9287);
#9285 = CARTESIAN_POINT('',(35.38,73.466430336753,37.244359496462));
#9286 = DIRECTION('',(-5.150301715103E-16,-0.985460115744,0.169906916508
    ));
#9287 = DIRECTION('',(-0.479425538604,-0.149107347072,-0.864822613016));
#9288 = ADVANCED_FACE('',(#9289),#9301,.F.);
#9289 = FACE_BOUND('',#9290,.F.);
#9290 = EDGE_LOOP('',(#9291,#9298,#9299,#9300));
#9291 = ORIENTED_EDGE('',*,*,#9292,.T.);
#9292 = EDGE_CURVE('',#9263,#9261,#9293,.T.);
#9293 = CIRCLE('',#9294,2.45849999968);
#9294 = AXIS2_PLACEMENT_3D('',#9295,#9296,#9297);
#9295 = CARTESIAN_POINT('',(35.38,73.466430337053,37.244359496362));
#9296 = DIRECTION('',(-5.081003631726E-16,-0.985460115744,0.169906916508
    ));
#9297 = DIRECTION('',(2.527703248049E-16,-0.169906916508,-0.985460115744
    ));
#9298 = ORIENTED_EDGE('',*,*,#9278,.T.);
#9299 = ORIENTED_EDGE('',*,*,#8118,.T.);
#9300 = ORIENTED_EDGE('',*,*,#9271,.F.);
#9301 = CONICAL_SURFACE('',#9302,2.4585,0.785398163397);
#9302 = AXIS2_PLACEMENT_3D('',#9303,#9304,#9305);
#9303 = CARTESIAN_POINT('',(35.38,73.466430336753,37.244359496462));
#9304 = DIRECTION('',(-5.150301715103E-16,-0.985460115744,0.169906916508
    ));
#9305 = DIRECTION('',(0.479425538604,0.149107347072,0.864822613016));
#9306 = ADVANCED_FACE('',(#9307),#9333,.F.);
#9307 = FACE_BOUND('',#9308,.F.);
#9308 = EDGE_LOOP('',(#9309,#9320,#9326,#9327));
#9309 = ORIENTED_EDGE('',*,*,#9310,.T.);
#9310 = EDGE_CURVE('',#9311,#9313,#9315,.T.);
#9311 = VERTEX_POINT('',#9312);
#9312 = CARTESIAN_POINT('',(50.40133231333,73.099849923953,
    35.118193102362));
#9313 = VERTEX_POINT('',#9314);
#9314 = CARTESIAN_POINT('',(52.75866768671,73.833010749453,
    39.370525890562));
#9315 = CIRCLE('',#9316,2.45850000003);
#9316 = AXIS2_PLACEMENT_3D('',#9317,#9318,#9319);
#9317 = CARTESIAN_POINT('',(51.58,73.466430336753,37.244359496462));
#9318 = DIRECTION('',(-5.081003631726E-16,-0.985460115744,0.169906916508
    ));
#9319 = DIRECTION('',(2.527703248049E-16,-0.169906916508,-0.985460115744
    ));
#9320 = ORIENTED_EDGE('',*,*,#9321,.T.);
#9321 = EDGE_CURVE('',#9313,#8144,#9322,.T.);
#9322 = LINE('',#9323,#9324);
#9323 = CARTESIAN_POINT('',(1.69554694044E+05,-2.956204959985E+05,
    3.658702320947E+05));
#9324 = VECTOR('',#9325,1.);
#9325 = DIRECTION('',(0.339005049421,-0.591390714193,0.73166426702));
#9326 = ORIENTED_EDGE('',*,*,#8143,.T.);
#9327 = ORIENTED_EDGE('',*,*,#9328,.F.);
#9328 = EDGE_CURVE('',#9311,#8136,#9329,.T.);
#9329 = LINE('',#9330,#9331);
#9330 = CARTESIAN_POINT('',(-1.69451534044E+05,-4.010556788185E+05,
    -2.456538282583E+05));
#9331 = VECTOR('',#9332,1.);
#9332 = DIRECTION('',(-0.339005049421,-0.802260346671,-0.491379601353));
#9333 = CONICAL_SURFACE('',#9334,2.4585,0.785398163397);
#9334 = AXIS2_PLACEMENT_3D('',#9335,#9336,#9337);
#9335 = CARTESIAN_POINT('',(51.58,73.466430336753,37.244359496462));
#9336 = DIRECTION('',(-5.150301715103E-16,-0.985460115744,0.169906916508
    ));
#9337 = DIRECTION('',(-0.479425538604,-0.149107347072,-0.864822613016));
#9338 = ADVANCED_FACE('',(#9339),#9351,.F.);
#9339 = FACE_BOUND('',#9340,.F.);
#9340 = EDGE_LOOP('',(#9341,#9348,#9349,#9350));
#9341 = ORIENTED_EDGE('',*,*,#9342,.T.);
#9342 = EDGE_CURVE('',#9313,#9311,#9343,.T.);
#9343 = CIRCLE('',#9344,2.45849999968);
#9344 = AXIS2_PLACEMENT_3D('',#9345,#9346,#9347);
#9345 = CARTESIAN_POINT('',(51.58,73.466430337053,37.244359496362));
#9346 = DIRECTION('',(-5.081003631726E-16,-0.985460115744,0.169906916508
    ));
#9347 = DIRECTION('',(2.527703248049E-16,-0.169906916508,-0.985460115744
    ));
#9348 = ORIENTED_EDGE('',*,*,#9328,.T.);
#9349 = ORIENTED_EDGE('',*,*,#8179,.T.);
#9350 = ORIENTED_EDGE('',*,*,#9321,.F.);
#9351 = CONICAL_SURFACE('',#9352,2.4585,0.785398163397);
#9352 = AXIS2_PLACEMENT_3D('',#9353,#9354,#9355);
#9353 = CARTESIAN_POINT('',(51.58,73.466430336753,37.244359496462));
#9354 = DIRECTION('',(-5.150301715103E-16,-0.985460115744,0.169906916508
    ));
#9355 = DIRECTION('',(0.479425538604,0.149107347072,0.864822613016));
#9356 = ADVANCED_FACE('',(#9357),#9363,.T.);
#9357 = FACE_BOUND('',#9358,.T.);
#9358 = EDGE_LOOP('',(#9359,#9360,#9361,#9362));
#9359 = ORIENTED_EDGE('',*,*,#8235,.T.);
#9360 = ORIENTED_EDGE('',*,*,#8205,.F.);
#9361 = ORIENTED_EDGE('',*,*,#8277,.T.);
#9362 = ORIENTED_EDGE('',*,*,#8254,.F.);
#9363 = PLANE('',#9364);
#9364 = AXIS2_PLACEMENT_3D('',#9365,#9366,#9367);
#9365 = CARTESIAN_POINT('',(43.58,102.20097853935,4.874773736205E-02));
#9366 = DIRECTION('',(-4.440892098501E-16,-1.,1.110223024625E-16));
#9367 = DIRECTION('',(-1.,4.440892098501E-16,-4.555315873025E-16));
#9368 = ADVANCED_FACE('',(#9369),#9375,.T.);
#9369 = FACE_BOUND('',#9370,.T.);
#9370 = EDGE_LOOP('',(#9371,#9372,#9373,#9374));
#9371 = ORIENTED_EDGE('',*,*,#8345,.T.);
#9372 = ORIENTED_EDGE('',*,*,#8315,.F.);
#9373 = ORIENTED_EDGE('',*,*,#8387,.T.);
#9374 = ORIENTED_EDGE('',*,*,#8364,.F.);
#9375 = PLANE('',#9376);
#9376 = AXIS2_PLACEMENT_3D('',#9377,#9378,#9379);
#9377 = CARTESIAN_POINT('',(43.58,102.20097853935,4.874773736205E-02));
#9378 = DIRECTION('',(-4.440892098501E-16,-1.,1.110223024625E-16));
#9379 = DIRECTION('',(-1.,4.440892098501E-16,-4.555315873025E-16));
#9380 = ADVANCED_FACE('',(#9381),#9412,.F.);
#9381 = FACE_BOUND('',#9382,.F.);
#9382 = EDGE_LOOP('',(#9383,#9399,#9405,#9406));
#9383 = ORIENTED_EDGE('',*,*,#9384,.F.);
#9384 = EDGE_CURVE('',#9385,#9387,#9389,.T.);
#9385 = VERTEX_POINT('',#9386);
#9386 = CARTESIAN_POINT('',(34.92329977724,99.687233470953,
    39.406861555262));
#9387 = VERTEX_POINT('',#9388);
#9388 = CARTESIAN_POINT('',(33.0944353376,95.838441710653,
    36.953507555562));
#9389 = B_SPLINE_CURVE_WITH_KNOTS('',5,(#9390,#9391,#9392,#9393,#9394,
    #9395,#9396,#9397,#9398),.UNSPECIFIED.,.F.,.F.,(6,3,6),(
    -3.86180276941,2.22044604925E-16,3.86180276941),.UNSPECIFIED.);
#9390 = CARTESIAN_POINT('',(34.9232997771,99.687233471153,
    39.406861554962));
#9391 = CARTESIAN_POINT('',(35.62147808259,99.356957125253,
    39.404534701062));
#9392 = CARTESIAN_POINT('',(36.20684283483,98.789267953653,
    39.250872638162));
#9393 = CARTESIAN_POINT('',(36.53161885625,98.050368139853,
    38.944435592662));
#9394 = CARTESIAN_POINT('',(36.50541210637,96.581836112353,
    38.171864195762));
#9395 = CARTESIAN_POINT('',(35.38250943878,95.632100955853,
    37.402947812462));
#9396 = CARTESIAN_POINT('',(34.60360550189,95.415301844453,
    37.100189056662));
#9397 = CARTESIAN_POINT('',(33.79261364315,95.508165364753,
    36.951180701562));
#9398 = CARTESIAN_POINT('',(33.0944353377,95.838441710653,
    36.953507555562));
#9399 = ORIENTED_EDGE('',*,*,#9400,.F.);
#9400 = EDGE_CURVE('',#8407,#9385,#9401,.T.);
#9401 = LINE('',#9402,#9403);
#9402 = CARTESIAN_POINT('',(33.5155326197,96.670589562953,
    45.188762382062));
#9403 = VECTOR('',#9404,1.);
#9404 = DIRECTION('',(0.211003998214,0.452151424744,-0.866623564092));
#9405 = ORIENTED_EDGE('',*,*,#8404,.F.);
#9406 = ORIENTED_EDGE('',*,*,#9407,.T.);
#9407 = EDGE_CURVE('',#8405,#9387,#9408,.T.);
#9408 = LINE('',#9409,#9410);
#9409 = CARTESIAN_POINT('',(31.6866681803,92.821797801553,
    42.735408381062));
#9410 = VECTOR('',#9411,1.);
#9411 = DIRECTION('',(0.211003998214,0.452151424744,-0.866623564092));
#9412 = CYLINDRICAL_SURFACE('',#9413,2.4585);
#9413 = AXIS2_PLACEMENT_3D('',#9414,#9415,#9416);
#9414 = CARTESIAN_POINT('',(32.6011003998,94.746193681853,
    43.962085380962));
#9415 = DIRECTION('',(0.211003998214,0.452151424744,-0.866623564092));
#9416 = DIRECTION('',(0.371947211598,0.782752035896,0.49895342677));
#9417 = ADVANCED_FACE('',(#9418),#9430,.F.);
#9418 = FACE_BOUND('',#9419,.F.);
#9419 = EDGE_LOOP('',(#9420,#9427,#9428,#9429));
#9420 = ORIENTED_EDGE('',*,*,#9421,.F.);
#9421 = EDGE_CURVE('',#9387,#9385,#9422,.T.);
#9422 = CIRCLE('',#9423,2.4585);
#9423 = AXIS2_PLACEMENT_3D('',#9424,#9425,#9426);
#9424 = CARTESIAN_POINT('',(34.00886755736,97.762837590953,
    38.180184555262));
#9425 = DIRECTION('',(0.211003998214,0.452151424744,-0.866623564092));
#9426 = DIRECTION('',(9.454936833464E-14,-0.886584846165,-0.462566006695
    ));
#9427 = ORIENTED_EDGE('',*,*,#9407,.F.);
#9428 = ORIENTED_EDGE('',*,*,#8436,.F.);
#9429 = ORIENTED_EDGE('',*,*,#9400,.T.);
#9430 = CYLINDRICAL_SURFACE('',#9431,2.4585);
#9431 = AXIS2_PLACEMENT_3D('',#9432,#9433,#9434);
#9432 = CARTESIAN_POINT('',(32.6011003998,94.746193681853,
    43.962085380962));
#9433 = DIRECTION('',(0.211003998214,0.452151424744,-0.866623564092));
#9434 = DIRECTION('',(-0.371947211598,-0.782752035896,-0.49895342677));
#9435 = ADVANCED_FACE('',(#9436),#9462,.F.);
#9436 = FACE_BOUND('',#9437,.F.);
#9437 = EDGE_LOOP('',(#9438,#9449,#9455,#9456));
#9438 = ORIENTED_EDGE('',*,*,#9439,.F.);
#9439 = EDGE_CURVE('',#9440,#9442,#9444,.T.);
#9440 = VERTEX_POINT('',#9441);
#9441 = CARTESIAN_POINT('',(54.722388423,98.345244795153,41.455225985862
    ));
#9442 = VERTEX_POINT('',#9443);
#9443 = CARTESIAN_POINT('',(52.00250766239,94.500961678453,
    40.040791481662));
#9444 = CIRCLE('',#9445,2.4585);
#9445 = AXIS2_PLACEMENT_3D('',#9446,#9447,#9448);
#9446 = CARTESIAN_POINT('',(53.3624480427,96.423103236853,
    40.748008733762));
#9447 = DIRECTION('',(-0.189252791026,0.454206698463,-0.87056283872));
#9448 = DIRECTION('',(-1.133398930264E-13,-0.886584846165,
    -0.462566006695));
#9449 = ORIENTED_EDGE('',*,*,#9450,.F.);
#9450 = EDGE_CURVE('',#8462,#9440,#9451,.T.);
#9451 = LINE('',#9452,#9453);
#9452 = CARTESIAN_POINT('',(55.4210151012,96.668540767753,
    44.668908704462));
#9453 = VECTOR('',#9454,1.);
#9454 = DIRECTION('',(-0.189252791026,0.454206698463,-0.87056283872));
#9455 = ORIENTED_EDGE('',*,*,#8459,.F.);
#9456 = ORIENTED_EDGE('',*,*,#9457,.T.);
#9457 = EDGE_CURVE('',#8460,#9442,#9458,.T.);
#9458 = LINE('',#9459,#9460);
#9459 = CARTESIAN_POINT('',(52.70113434053,92.824257650853,
    43.254474200662));
#9460 = VECTOR('',#9461,1.);
#9461 = DIRECTION('',(-0.189252791026,0.454206698463,-0.87056283872));
#9462 = CYLINDRICAL_SURFACE('',#9463,2.4585);
#9463 = AXIS2_PLACEMENT_3D('',#9464,#9465,#9466);
#9464 = CARTESIAN_POINT('',(54.0610747209,94.746399209153,
    43.961691453462));
#9465 = DIRECTION('',(-0.189252791026,0.454206698463,-0.87056283872));
#9466 = DIRECTION('',(0.553158584631,0.78183508576,0.287662091564));
#9467 = ADVANCED_FACE('',(#9468),#9485,.F.);
#9468 = FACE_BOUND('',#9469,.F.);
#9469 = EDGE_LOOP('',(#9470,#9482,#9483,#9484));
#9470 = ORIENTED_EDGE('',*,*,#9471,.F.);
#9471 = EDGE_CURVE('',#9442,#9440,#9472,.T.);
#9472 = B_SPLINE_CURVE_WITH_KNOTS('',5,(#9473,#9474,#9475,#9476,#9477,
    #9478,#9479,#9480,#9481),.UNSPECIFIED.,.F.,.F.,(6,3,6),(
    -3.86180276943,0.,3.86180276943),.UNSPECIFIED.);
#9473 = CARTESIAN_POINT('',(52.0025076624,94.500961678453,
    40.040791481662));
#9474 = CARTESIAN_POINT('',(51.3758956999,94.830851124153,
    40.349127706062));
#9475 = CARTESIAN_POINT('',(50.91705965694,95.397875279653,
    40.744713361662));
#9476 = CARTESIAN_POINT('',(50.7594744187,96.135909513853,
    41.164032361762));
#9477 = CARTESIAN_POINT('',(51.12181027581,97.602721238353,
    41.850556770862));
#9478 = CARTESIAN_POINT('',(52.46842590194,98.551343833353,
    42.052747771262));
#9479 = CARTESIAN_POINT('',(53.30138857849,98.767888976753,
    41.984649003362));
#9480 = CARTESIAN_POINT('',(54.0957764605,98.675134240853,
    41.763562210262));
#9481 = CARTESIAN_POINT('',(54.722388423,98.345244795153,41.455225985862
    ));
#9482 = ORIENTED_EDGE('',*,*,#9457,.F.);
#9483 = ORIENTED_EDGE('',*,*,#8491,.F.);
#9484 = ORIENTED_EDGE('',*,*,#9450,.T.);
#9485 = CYLINDRICAL_SURFACE('',#9486,2.4585);
#9486 = AXIS2_PLACEMENT_3D('',#9487,#9488,#9489);
#9487 = CARTESIAN_POINT('',(54.0610747209,94.746399209153,
    43.961691453462));
#9488 = DIRECTION('',(-0.189252791026,0.454206698463,-0.87056283872));
#9489 = DIRECTION('',(-0.553158584631,-0.78183508576,-0.287662091564));
#9490 = ADVANCED_FACE('',(#9491),#9517,.F.);
#9491 = FACE_BOUND('',#9492,.F.);
#9492 = EDGE_LOOP('',(#9493,#9504,#9510,#9511));
#9493 = ORIENTED_EDGE('',*,*,#9494,.T.);
#9494 = EDGE_CURVE('',#9495,#9497,#9499,.T.);
#9495 = VERTEX_POINT('',#9496);
#9496 = CARTESIAN_POINT('',(52.95866768667,73.099849923953,
    -35.02069762763));
#9497 = VERTEX_POINT('',#9498);
#9498 = CARTESIAN_POINT('',(50.60133231329,73.833010749453,
    -39.27303041583));
#9499 = CIRCLE('',#9500,2.45850000003);
#9500 = AXIS2_PLACEMENT_3D('',#9501,#9502,#9503);
#9501 = CARTESIAN_POINT('',(51.78,73.466430336753,-37.14686402173));
#9502 = DIRECTION('',(-4.087974085303E-16,-0.985460115744,
    -0.169906916508));
#9503 = DIRECTION('',(4.036779814051E-16,0.169906916508,-0.985460115744)
  );
#9504 = ORIENTED_EDGE('',*,*,#9505,.T.);
#9505 = EDGE_CURVE('',#9497,#8523,#9506,.T.);
#9506 = LINE('',#9507,#9508);
#9507 = CARTESIAN_POINT('',(-1.69451334044E+05,-2.956204959985E+05,
    -3.658701345993E+05));
#9508 = VECTOR('',#9509,1.);
#9509 = DIRECTION('',(-0.339005049421,-0.591390714193,-0.73166426702));
#9510 = ORIENTED_EDGE('',*,*,#8522,.T.);
#9511 = ORIENTED_EDGE('',*,*,#9512,.F.);
#9512 = EDGE_CURVE('',#9495,#8515,#9513,.T.);
#9513 = LINE('',#9514,#9515);
#9514 = CARTESIAN_POINT('',(1.69554894044E+05,-4.010556788185E+05,
    2.456539257537E+05));
#9515 = VECTOR('',#9516,1.);
#9516 = DIRECTION('',(0.339005049421,-0.802260346671,0.491379601353));
#9517 = CONICAL_SURFACE('',#9518,2.4585,0.785398163397);
#9518 = AXIS2_PLACEMENT_3D('',#9519,#9520,#9521);
#9519 = CARTESIAN_POINT('',(51.78,73.466430336753,-37.14686402173));
#9520 = DIRECTION('',(-4.148804689238E-16,-0.985460115744,
    -0.169906916508));
#9521 = DIRECTION('',(0.479425538604,-0.149107347072,0.864822613016));
#9522 = ADVANCED_FACE('',(#9523),#9535,.F.);
#9523 = FACE_BOUND('',#9524,.F.);
#9524 = EDGE_LOOP('',(#9525,#9532,#9533,#9534));
#9525 = ORIENTED_EDGE('',*,*,#9526,.T.);
#9526 = EDGE_CURVE('',#9497,#9495,#9527,.T.);
#9527 = CIRCLE('',#9528,2.45849999968);
#9528 = AXIS2_PLACEMENT_3D('',#9529,#9530,#9531);
#9529 = CARTESIAN_POINT('',(51.78,73.466430337053,-37.14686402163));
#9530 = DIRECTION('',(-4.087974085303E-16,-0.985460115744,
    -0.169906916508));
#9531 = DIRECTION('',(4.036779814051E-16,0.169906916508,-0.985460115744)
  );
#9532 = ORIENTED_EDGE('',*,*,#9512,.T.);
#9533 = ORIENTED_EDGE('',*,*,#8558,.T.);
#9534 = ORIENTED_EDGE('',*,*,#9505,.F.);
#9535 = CONICAL_SURFACE('',#9536,2.4585,0.785398163397);
#9536 = AXIS2_PLACEMENT_3D('',#9537,#9538,#9539);
#9537 = CARTESIAN_POINT('',(51.78,73.466430336753,-37.14686402173));
#9538 = DIRECTION('',(-4.148804689238E-16,-0.985460115744,
    -0.169906916508));
#9539 = DIRECTION('',(-0.479425538604,0.149107347072,-0.864822613016));
#9540 = ADVANCED_FACE('',(#9541),#9567,.F.);
#9541 = FACE_BOUND('',#9542,.F.);
#9542 = EDGE_LOOP('',(#9543,#9554,#9560,#9561));
#9543 = ORIENTED_EDGE('',*,*,#9544,.T.);
#9544 = EDGE_CURVE('',#9545,#9547,#9549,.T.);
#9545 = VERTEX_POINT('',#9546);
#9546 = CARTESIAN_POINT('',(36.75866768667,73.099849923953,
    -35.02069762763));
#9547 = VERTEX_POINT('',#9548);
#9548 = CARTESIAN_POINT('',(34.40133231329,73.833010749453,
    -39.27303041583));
#9549 = CIRCLE('',#9550,2.45850000003);
#9550 = AXIS2_PLACEMENT_3D('',#9551,#9552,#9553);
#9551 = CARTESIAN_POINT('',(35.58,73.466430336753,-37.14686402173));
#9552 = DIRECTION('',(-4.087974085303E-16,-0.985460115744,
    -0.169906916508));
#9553 = DIRECTION('',(4.036779814051E-16,0.169906916508,-0.985460115744)
  );
#9554 = ORIENTED_EDGE('',*,*,#9555,.T.);
#9555 = EDGE_CURVE('',#9547,#8584,#9556,.T.);
#9556 = LINE('',#9557,#9558);
#9557 = CARTESIAN_POINT('',(-1.69467534044E+05,-2.956204959985E+05,
    -3.658701345993E+05));
#9558 = VECTOR('',#9559,1.);
#9559 = DIRECTION('',(-0.339005049421,-0.591390714193,-0.73166426702));
#9560 = ORIENTED_EDGE('',*,*,#8583,.T.);
#9561 = ORIENTED_EDGE('',*,*,#9562,.F.);
#9562 = EDGE_CURVE('',#9545,#8576,#9563,.T.);
#9563 = LINE('',#9564,#9565);
#9564 = CARTESIAN_POINT('',(1.69538694044E+05,-4.010556788185E+05,
    2.456539257537E+05));
#9565 = VECTOR('',#9566,1.);
#9566 = DIRECTION('',(0.339005049421,-0.802260346671,0.491379601353));
#9567 = CONICAL_SURFACE('',#9568,2.4585,0.785398163397);
#9568 = AXIS2_PLACEMENT_3D('',#9569,#9570,#9571);
#9569 = CARTESIAN_POINT('',(35.58,73.466430336753,-37.14686402173));
#9570 = DIRECTION('',(-4.148804689238E-16,-0.985460115744,
    -0.169906916508));
#9571 = DIRECTION('',(0.479425538604,-0.149107347072,0.864822613016));
#9572 = ADVANCED_FACE('',(#9573),#9585,.F.);
#9573 = FACE_BOUND('',#9574,.F.);
#9574 = EDGE_LOOP('',(#9575,#9582,#9583,#9584));
#9575 = ORIENTED_EDGE('',*,*,#9576,.T.);
#9576 = EDGE_CURVE('',#9547,#9545,#9577,.T.);
#9577 = CIRCLE('',#9578,2.45849999968);
#9578 = AXIS2_PLACEMENT_3D('',#9579,#9580,#9581);
#9579 = CARTESIAN_POINT('',(35.58,73.466430337053,-37.14686402163));
#9580 = DIRECTION('',(-4.087974085303E-16,-0.985460115744,
    -0.169906916508));
#9581 = DIRECTION('',(4.036779814051E-16,0.169906916508,-0.985460115744)
  );
#9582 = ORIENTED_EDGE('',*,*,#9562,.T.);
#9583 = ORIENTED_EDGE('',*,*,#8619,.T.);
#9584 = ORIENTED_EDGE('',*,*,#9555,.F.);
#9585 = CONICAL_SURFACE('',#9586,2.4585,0.785398163397);
#9586 = AXIS2_PLACEMENT_3D('',#9587,#9588,#9589);
#9587 = CARTESIAN_POINT('',(35.58,73.466430336753,-37.14686402173));
#9588 = DIRECTION('',(-4.148804689238E-16,-0.985460115744,
    -0.169906916508));
#9589 = DIRECTION('',(-0.479425538604,0.149107347072,-0.864822613016));
#9590 = ADVANCED_FACE('',(#9591),#9622,.F.);
#9591 = FACE_BOUND('',#9592,.F.);
#9592 = EDGE_LOOP('',(#9593,#9609,#9615,#9616));
#9593 = ORIENTED_EDGE('',*,*,#9594,.F.);
#9594 = EDGE_CURVE('',#9595,#9597,#9599,.T.);
#9595 = VERTEX_POINT('',#9596);
#9596 = CARTESIAN_POINT('',(52.23670022276,99.687233470953,
    -39.30936608053));
#9597 = VERTEX_POINT('',#9598);
#9598 = CARTESIAN_POINT('',(54.0655646624,95.838441710653,
    -36.85601208083));
#9599 = B_SPLINE_CURVE_WITH_KNOTS('',5,(#9600,#9601,#9602,#9603,#9604,
    #9605,#9606,#9607,#9608),.UNSPECIFIED.,.F.,.F.,(6,3,6),(
    -3.86180276941,2.22044604925E-16,3.86180276941),.UNSPECIFIED.);
#9600 = CARTESIAN_POINT('',(52.2367002229,99.687233471153,
    -39.30936608023));
#9601 = CARTESIAN_POINT('',(51.53852191741,99.356957125253,
    -39.30703922633));
#9602 = CARTESIAN_POINT('',(50.95315716517,98.789267953653,
    -39.15337716343));
#9603 = CARTESIAN_POINT('',(50.62838114375,98.050368139853,
    -38.84694011793));
#9604 = CARTESIAN_POINT('',(50.65458789363,96.581836112353,
    -38.07436872103));
#9605 = CARTESIAN_POINT('',(51.77749056122,95.632100955853,
    -37.30545233773));
#9606 = CARTESIAN_POINT('',(52.55639449811,95.415301844453,
    -37.00269358193));
#9607 = CARTESIAN_POINT('',(53.36738635685,95.508165364753,
    -36.85368522683));
#9608 = CARTESIAN_POINT('',(54.0655646623,95.838441710653,
    -36.85601208083));
#9609 = ORIENTED_EDGE('',*,*,#9610,.F.);
#9610 = EDGE_CURVE('',#8639,#9595,#9611,.T.);
#9611 = LINE('',#9612,#9613);
#9612 = CARTESIAN_POINT('',(53.6444673803,96.670589562953,
    -45.09126690733));
#9613 = VECTOR('',#9614,1.);
#9614 = DIRECTION('',(-0.211003998214,0.452151424744,0.866623564092));
#9615 = ORIENTED_EDGE('',*,*,#8636,.F.);
#9616 = ORIENTED_EDGE('',*,*,#9617,.T.);
#9617 = EDGE_CURVE('',#8637,#9597,#9618,.T.);
#9618 = LINE('',#9619,#9620);
#9619 = CARTESIAN_POINT('',(55.4733318197,92.821797801553,
    -42.63791290633));
#9620 = VECTOR('',#9621,1.);
#9621 = DIRECTION('',(-0.211003998214,0.452151424744,0.866623564092));
#9622 = CYLINDRICAL_SURFACE('',#9623,2.4585);
#9623 = AXIS2_PLACEMENT_3D('',#9624,#9625,#9626);
#9624 = CARTESIAN_POINT('',(54.5588996002,94.746193681853,
    -43.86458990623));
#9625 = DIRECTION('',(-0.211003998214,0.452151424744,0.866623564092));
#9626 = DIRECTION('',(-0.371947211598,0.782752035896,-0.49895342677));
#9627 = ADVANCED_FACE('',(#9628),#9640,.F.);
#9628 = FACE_BOUND('',#9629,.F.);
#9629 = EDGE_LOOP('',(#9630,#9637,#9638,#9639));
#9630 = ORIENTED_EDGE('',*,*,#9631,.F.);
#9631 = EDGE_CURVE('',#9597,#9595,#9632,.T.);
#9632 = CIRCLE('',#9633,2.4585);
#9633 = AXIS2_PLACEMENT_3D('',#9634,#9635,#9636);
#9634 = CARTESIAN_POINT('',(53.15113244264,97.762837590953,
    -38.08268908053));
#9635 = DIRECTION('',(-0.211003998214,0.452151424744,0.866623564092));
#9636 = DIRECTION('',(9.527101330065E-14,0.886584846165,-0.462566006695)
  );
#9637 = ORIENTED_EDGE('',*,*,#9617,.F.);
#9638 = ORIENTED_EDGE('',*,*,#8668,.F.);
#9639 = ORIENTED_EDGE('',*,*,#9610,.T.);
#9640 = CYLINDRICAL_SURFACE('',#9641,2.4585);
#9641 = AXIS2_PLACEMENT_3D('',#9642,#9643,#9644);
#9642 = CARTESIAN_POINT('',(54.5588996002,94.746193681853,
    -43.86458990623));
#9643 = DIRECTION('',(-0.211003998214,0.452151424744,0.866623564092));
#9644 = DIRECTION('',(0.371947211598,-0.782752035896,0.49895342677));
#9645 = ADVANCED_FACE('',(#9646),#9672,.F.);
#9646 = FACE_BOUND('',#9647,.F.);
#9647 = EDGE_LOOP('',(#9648,#9659,#9665,#9666));
#9648 = ORIENTED_EDGE('',*,*,#9649,.F.);
#9649 = EDGE_CURVE('',#9650,#9652,#9654,.T.);
#9650 = VERTEX_POINT('',#9651);
#9651 = CARTESIAN_POINT('',(32.437611577,98.345244795153,-41.35773051113
    ));
#9652 = VERTEX_POINT('',#9653);
#9653 = CARTESIAN_POINT('',(35.15749233761,94.500961678453,
    -39.94329600693));
#9654 = CIRCLE('',#9655,2.4585);
#9655 = AXIS2_PLACEMENT_3D('',#9656,#9657,#9658);
#9656 = CARTESIAN_POINT('',(33.7975519573,96.423103236853,
    -40.65051325903));
#9657 = DIRECTION('',(0.189252791026,0.454206698463,0.87056283872));
#9658 = DIRECTION('',(-1.126182480604E-13,0.886584846165,-0.462566006695
    ));
#9659 = ORIENTED_EDGE('',*,*,#9660,.F.);
#9660 = EDGE_CURVE('',#8694,#9650,#9661,.T.);
#9661 = LINE('',#9662,#9663);
#9662 = CARTESIAN_POINT('',(31.7389848988,96.668540767753,
    -44.57141322973));
#9663 = VECTOR('',#9664,1.);
#9664 = DIRECTION('',(0.189252791026,0.454206698463,0.87056283872));
#9665 = ORIENTED_EDGE('',*,*,#8691,.F.);
#9666 = ORIENTED_EDGE('',*,*,#9667,.T.);
#9667 = EDGE_CURVE('',#8692,#9652,#9668,.T.);
#9668 = LINE('',#9669,#9670);
#9669 = CARTESIAN_POINT('',(34.45886565947,92.824257650853,
    -43.15697872593));
#9670 = VECTOR('',#9671,1.);
#9671 = DIRECTION('',(0.189252791026,0.454206698463,0.87056283872));
#9672 = CYLINDRICAL_SURFACE('',#9673,2.4585);
#9673 = AXIS2_PLACEMENT_3D('',#9674,#9675,#9676);
#9674 = CARTESIAN_POINT('',(33.0989252791,94.746399209153,
    -43.86419597873));
#9675 = DIRECTION('',(0.189252791026,0.454206698463,0.87056283872));
#9676 = DIRECTION('',(-0.553158584631,0.78183508576,-0.287662091564));
#9677 = ADVANCED_FACE('',(#9678),#9695,.F.);
#9678 = FACE_BOUND('',#9679,.F.);
#9679 = EDGE_LOOP('',(#9680,#9692,#9693,#9694));
#9680 = ORIENTED_EDGE('',*,*,#9681,.F.);
#9681 = EDGE_CURVE('',#9652,#9650,#9682,.T.);
#9682 = B_SPLINE_CURVE_WITH_KNOTS('',5,(#9683,#9684,#9685,#9686,#9687,
    #9688,#9689,#9690,#9691),.UNSPECIFIED.,.F.,.F.,(6,3,6),(
    -3.86180276943,0.,3.86180276943),.UNSPECIFIED.);
#9683 = CARTESIAN_POINT('',(35.1574923376,94.500961678453,
    -39.94329600693));
#9684 = CARTESIAN_POINT('',(35.7841043001,94.830851124153,
    -40.25163223133));
#9685 = CARTESIAN_POINT('',(36.24294034306,95.397875279653,
    -40.64721788693));
#9686 = CARTESIAN_POINT('',(36.4005255813,96.135909513853,
    -41.06653688703));
#9687 = CARTESIAN_POINT('',(36.03818972419,97.602721238353,
    -41.75306129613));
#9688 = CARTESIAN_POINT('',(34.69157409806,98.551343833353,
    -41.95525229653));
#9689 = CARTESIAN_POINT('',(33.85861142151,98.767888976753,
    -41.88715352863));
#9690 = CARTESIAN_POINT('',(33.0642235395,98.675134240853,
    -41.66606673553));
#9691 = CARTESIAN_POINT('',(32.437611577,98.345244795153,-41.35773051113
    ));
#9692 = ORIENTED_EDGE('',*,*,#9667,.F.);
#9693 = ORIENTED_EDGE('',*,*,#8723,.F.);
#9694 = ORIENTED_EDGE('',*,*,#9660,.T.);
#9695 = CYLINDRICAL_SURFACE('',#9696,2.4585);
#9696 = AXIS2_PLACEMENT_3D('',#9697,#9698,#9699);
#9697 = CARTESIAN_POINT('',(33.0989252791,94.746399209153,
    -43.86419597873));
#9698 = DIRECTION('',(0.189252791026,0.454206698463,0.87056283872));
#9699 = DIRECTION('',(0.553158584631,-0.78183508576,0.287662091564));
#9700 = ADVANCED_FACE('',(#9701),#9748,.T.);
#9701 = FACE_BOUND('',#9702,.T.);
#9702 = EDGE_LOOP('',(#9703,#9713,#9724,#9732,#9738,#9739));
#9703 = ORIENTED_EDGE('',*,*,#9704,.T.);
#9704 = EDGE_CURVE('',#9705,#9707,#9709,.T.);
#9705 = VERTEX_POINT('',#9706);
#9706 = CARTESIAN_POINT('',(67.9161870479,130.40097853975,
    20.048747737362));
#9707 = VERTEX_POINT('',#9708);
#9708 = CARTESIAN_POINT('',(67.9161870479,134.32347946495,
    20.048747737362));
#9709 = LINE('',#9710,#9711);
#9710 = CARTESIAN_POINT('',(67.9161870479,132.36222900235,
    20.048747737362));
#9711 = VECTOR('',#9712,1.);
#9712 = DIRECTION('',(4.440892098501E-16,1.,-4.270088556252E-17));
#9713 = ORIENTED_EDGE('',*,*,#9714,.F.);
#9714 = EDGE_CURVE('',#9715,#9707,#9717,.T.);
#9715 = VERTEX_POINT('',#9716);
#9716 = CARTESIAN_POINT('',(64.4383559282,135.82597853865,
    20.048747737362));
#9717 = B_SPLINE_CURVE_WITH_KNOTS('',5,(#9718,#9719,#9720,#9721,#9722,
    #9723),.UNSPECIFIED.,.F.,.F.,(6,6),(0.,5.35786528598),
  .PIECEWISE_BEZIER_KNOTS.);
#9718 = CARTESIAN_POINT('',(64.4383559282,135.82597853865,
    20.048747737362));
#9719 = CARTESIAN_POINT('',(65.1262593706,135.53930657235,
    20.048747737362));
#9720 = CARTESIAN_POINT('',(65.818396673,135.24520940295,20.048747737362
    ));
#9721 = CARTESIAN_POINT('',(66.5147939367,134.94401414345,
    20.048747737362));
#9722 = CARTESIAN_POINT('',(67.2140261757,134.63667674255,
    20.048747737362));
#9723 = CARTESIAN_POINT('',(67.9161870479,134.32347946495,
    20.048747737362));
#9724 = ORIENTED_EDGE('',*,*,#9725,.F.);
#9725 = EDGE_CURVE('',#9726,#9715,#9728,.T.);
#9726 = VERTEX_POINT('',#9727);
#9727 = CARTESIAN_POINT('',(64.08,135.82597853865,20.048747737362));
#9728 = LINE('',#9729,#9730);
#9729 = CARTESIAN_POINT('',(64.2591779641,135.82597853865,
    20.048747737362));
#9730 = VECTOR('',#9731,1.);
#9731 = DIRECTION('',(1.,-4.440892098501E-16,3.330669073875E-16));
#9732 = ORIENTED_EDGE('',*,*,#9733,.T.);
#9733 = EDGE_CURVE('',#9726,#8749,#9734,.T.);
#9734 = LINE('',#9735,#9736);
#9735 = CARTESIAN_POINT('',(64.08,132.76347853865,20.048747737362));
#9736 = VECTOR('',#9737,1.);
#9737 = DIRECTION('',(-4.440892098501E-16,-1.,4.270088556252E-17));
#9738 = ORIENTED_EDGE('',*,*,#8746,.F.);
#9739 = ORIENTED_EDGE('',*,*,#9740,.T.);
#9740 = EDGE_CURVE('',#8747,#9705,#9741,.T.);
#9741 = B_SPLINE_CURVE_WITH_KNOTS('',5,(#9742,#9743,#9744,#9745,#9746,
    #9747),.UNSPECIFIED.,.F.,.F.,(6,6),(0.,1.62714207119),
  .PIECEWISE_BEZIER_KNOTS.);
#9742 = CARTESIAN_POINT('',(67.0030655544,129.70097853865,
    20.048747737362));
#9743 = CARTESIAN_POINT('',(67.1855494982,129.83975559655,
    20.048747737362));
#9744 = CARTESIAN_POINT('',(67.3681079687,129.97915918865,
    20.048747737362));
#9745 = CARTESIAN_POINT('',(67.5507497588,130.11918420805,
    20.048747737362));
#9746 = CARTESIAN_POINT('',(67.7334396376,130.25979202695,
    20.048747737362));
#9747 = CARTESIAN_POINT('',(67.9161870479,130.40097853975,
    20.048747737362));
#9748 = PLANE('',#9749);
#9749 = AXIS2_PLACEMENT_3D('',#9750,#9751,#9752);
#9750 = CARTESIAN_POINT('',(63.58,143.58926463565,20.048747737362));
#9751 = DIRECTION('',(-4.555315873025E-16,1.110223024625E-16,1.));
#9752 = DIRECTION('',(-4.440892098501E-16,-1.,1.110223024625E-16));
#9753 = ADVANCED_FACE('',(#9754),#9773,.F.);
#9754 = FACE_BOUND('',#9755,.F.);
#9755 = EDGE_LOOP('',(#9756,#9757,#9758,#9766));
#9756 = ORIENTED_EDGE('',*,*,#9733,.T.);
#9757 = ORIENTED_EDGE('',*,*,#8756,.T.);
#9758 = ORIENTED_EDGE('',*,*,#9759,.F.);
#9759 = EDGE_CURVE('',#9760,#8757,#9762,.T.);
#9760 = VERTEX_POINT('',#9761);
#9761 = CARTESIAN_POINT('',(63.58,135.82597853995,20.548747737362));
#9762 = LINE('',#9763,#9764);
#9763 = CARTESIAN_POINT('',(63.58,136.64512158695,20.548747737362));
#9764 = VECTOR('',#9765,1.);
#9765 = DIRECTION('',(-4.440892098501E-16,-1.,1.110224117768E-16));
#9766 = ORIENTED_EDGE('',*,*,#9767,.T.);
#9767 = EDGE_CURVE('',#9760,#9726,#9768,.T.);
#9768 = CIRCLE('',#9769,0.5);
#9769 = AXIS2_PLACEMENT_3D('',#9770,#9771,#9772);
#9770 = CARTESIAN_POINT('',(64.08,135.82597853995,20.548747737362));
#9771 = DIRECTION('',(-4.440892098501E-16,-1.,1.110223024625E-16));
#9772 = DIRECTION('',(3.330669073875E-16,-1.110223024625E-16,-1.));
#9773 = CYLINDRICAL_SURFACE('',#9774,0.5);
#9774 = AXIS2_PLACEMENT_3D('',#9775,#9776,#9777);
#9775 = CARTESIAN_POINT('',(64.08,136.64512158755,20.548747737362));
#9776 = DIRECTION('',(-4.440892098501E-16,-1.,1.110223024625E-16));
#9777 = DIRECTION('',(-1.,4.440892098501E-16,-2.718345674303E-16));
#9778 = ADVANCED_FACE('',(#9779),#9819,.F.);
#9779 = FACE_BOUND('',#9780,.T.);
#9780 = EDGE_LOOP('',(#9781,#9792,#9793,#9794,#9802,#9813));
#9781 = ORIENTED_EDGE('',*,*,#9782,.F.);
#9782 = EDGE_CURVE('',#8774,#9783,#9785,.T.);
#9783 = VERTEX_POINT('',#9784);
#9784 = CARTESIAN_POINT('',(63.58,130.40097853865,24.384934785262));
#9785 = B_SPLINE_CURVE_WITH_KNOTS('',5,(#9786,#9787,#9788,#9789,#9790,
    #9791),.UNSPECIFIED.,.F.,.F.,(6,6),(0.,1.62714206913),
  .PIECEWISE_BEZIER_KNOTS.);
#9786 = CARTESIAN_POINT('',(63.58,129.70097853935,23.471813291762));
#9787 = CARTESIAN_POINT('',(63.58,129.83975559645,23.654297234662));
#9788 = CARTESIAN_POINT('',(63.58,129.97916117915,23.836857990962));
#9789 = CARTESIAN_POINT('',(63.58,130.11918291545,24.019495518062));
#9790 = CARTESIAN_POINT('',(63.58,130.25979202515,24.202187374362));
#9791 = CARTESIAN_POINT('',(63.58,130.40097853865,24.384934785262));
#9792 = ORIENTED_EDGE('',*,*,#8773,.F.);
#9793 = ORIENTED_EDGE('',*,*,#9759,.F.);
#9794 = ORIENTED_EDGE('',*,*,#9795,.T.);
#9795 = EDGE_CURVE('',#9760,#9796,#9798,.T.);
#9796 = VERTEX_POINT('',#9797);
#9797 = CARTESIAN_POINT('',(63.58,135.82597853935,20.907103665562));
#9798 = LINE('',#9799,#9800);
#9799 = CARTESIAN_POINT('',(63.58,135.82597853935,20.727925701462));
#9800 = VECTOR('',#9801,1.);
#9801 = DIRECTION('',(-3.330669073875E-16,4.270088556252E-17,1.));
#9802 = ORIENTED_EDGE('',*,*,#9803,.T.);
#9803 = EDGE_CURVE('',#9796,#9804,#9806,.T.);
#9804 = VERTEX_POINT('',#9805);
#9805 = CARTESIAN_POINT('',(63.58,134.32347946375,24.384934785262));
#9806 = B_SPLINE_CURVE_WITH_KNOTS('',5,(#9807,#9808,#9809,#9810,#9811,
    #9812),.UNSPECIFIED.,.F.,.F.,(6,6),(0.,5.35786528703),
  .PIECEWISE_BEZIER_KNOTS.);
#9807 = CARTESIAN_POINT('',(63.58,135.82597853935,20.907103665562));
#9808 = CARTESIAN_POINT('',(63.58,135.53930657295,21.595007108062));
#9809 = CARTESIAN_POINT('',(63.58,135.24520940355,22.287144410562));
#9810 = CARTESIAN_POINT('',(63.58,134.94401414245,22.983541673962));
#9811 = CARTESIAN_POINT('',(63.58,134.63667674135,23.682773912962));
#9812 = CARTESIAN_POINT('',(63.58,134.32347946375,24.384934785262));
#9813 = ORIENTED_EDGE('',*,*,#9814,.T.);
#9814 = EDGE_CURVE('',#9804,#9783,#9815,.T.);
#9815 = LINE('',#9816,#9817);
#9816 = CARTESIAN_POINT('',(63.58,132.36222900115,24.384934785262));
#9817 = VECTOR('',#9818,1.);
#9818 = DIRECTION('',(-4.440892098501E-16,-1.,4.270088556252E-17));
#9819 = PLANE('',#9820);
#9820 = AXIS2_PLACEMENT_3D('',#9821,#9822,#9823);
#9821 = CARTESIAN_POINT('',(63.58,155.70097853934,4.874773736205E-02));
#9822 = DIRECTION('',(-1.,4.440892098501E-16,-4.555315873025E-16));
#9823 = DIRECTION('',(4.440892098501E-16,1.,-1.110223024625E-16));
#9824 = ADVANCED_FACE('',(#9825),#9844,.T.);
#9825 = FACE_BOUND('',#9826,.T.);
#9826 = EDGE_LOOP('',(#9827,#9835,#9836,#9837));
#9827 = ORIENTED_EDGE('',*,*,#9828,.F.);
#9828 = EDGE_CURVE('',#8782,#9829,#9831,.T.);
#9829 = VERTEX_POINT('',#9830);
#9830 = CARTESIAN_POINT('',(28.478095534,130.40097853935,27.692598436862
    ));
#9831 = LINE('',#9832,#9833);
#9832 = CARTESIAN_POINT('',(-1.69466327864E+05,3.536676915715E+05,
    3.102858538007E+05));
#9833 = VECTOR('',#9834,1.);
#9834 = DIRECTION('',(-0.339005049421,0.707106781187,0.620544580563));
#9835 = ORIENTED_EDGE('',*,*,#8781,.F.);
#9836 = ORIENTED_EDGE('',*,*,#9782,.T.);
#9837 = ORIENTED_EDGE('',*,*,#9838,.F.);
#9838 = EDGE_CURVE('',#9829,#9783,#9839,.T.);
#9839 = CIRCLE('',#9840,31.5);
#9840 = AXIS2_PLACEMENT_3D('',#9841,#9842,#9843);
#9841 = CARTESIAN_POINT('',(43.58,130.40097853935,4.874773736204E-02));
#9842 = DIRECTION('',(4.153439648689E-16,1.,-5.840448446692E-17));
#9843 = DIRECTION('',(-1.,4.153439648689E-16,-3.330669073875E-16));
#9844 = CONICAL_SURFACE('',#9845,30.8,0.785398163397);
#9845 = AXIS2_PLACEMENT_3D('',#9846,#9847,#9848);
#9846 = CARTESIAN_POINT('',(43.58,129.70097853935,4.874773736204E-02));
#9847 = DIRECTION('',(4.440892098501E-16,1.,-1.110223024625E-16));
#9848 = DIRECTION('',(-0.479425538604,3.103389452427E-16,0.87758256189)
  );
#9849 = ADVANCED_FACE('',(#9850),#9871,.T.);
#9850 = FACE_BOUND('',#9851,.T.);
#9851 = EDGE_LOOP('',(#9852,#9853,#9854,#9864));
#9852 = ORIENTED_EDGE('',*,*,#8790,.F.);
#9853 = ORIENTED_EDGE('',*,*,#9828,.T.);
#9854 = ORIENTED_EDGE('',*,*,#9855,.F.);
#9855 = EDGE_CURVE('',#9856,#9829,#9858,.T.);
#9856 = VERTEX_POINT('',#9857);
#9857 = CARTESIAN_POINT('',(13.3930823038,130.40097853865,9.048747737382
    ));
#9858 = B_SPLINE_CURVE_WITH_KNOTS('',4,(#9859,#9860,#9861,#9862,#9863),
  .UNSPECIFIED.,.F.,.F.,(5,5),(-39.0522312679,39.0522312679),
  .PIECEWISE_BEZIER_KNOTS.);
#9859 = CARTESIAN_POINT('',(13.3930823041,130.40097853905,9.048747737282
    ));
#9860 = CARTESIAN_POINT('',(15.1504327111,130.40097853905,
    14.943080192962));
#9861 = CARTESIAN_POINT('',(18.4460278916,130.40097853905,
    20.385013452762));
#9862 = CARTESIAN_POINT('',(23.0803252809,130.40097853905,
    24.743783107762));
#9863 = CARTESIAN_POINT('',(28.4780955341,130.40097853915,
    27.692598436662));
#9864 = ORIENTED_EDGE('',*,*,#9865,.F.);
#9865 = EDGE_CURVE('',#8791,#9856,#9866,.T.);
#9866 = B_SPLINE_CURVE_WITH_KNOTS('',3,(#9867,#9868,#9869,#9870),
  .UNSPECIFIED.,.F.,.F.,(4,4),(0.,1.56993953822),
  .PIECEWISE_BEZIER_KNOTS.);
#9867 = CARTESIAN_POINT('',(14.1242705064,129.70097853935,9.048747737362
    ));
#9868 = CARTESIAN_POINT('',(13.8820202213,129.93265577535,9.048747737352
    ));
#9869 = CARTESIAN_POINT('',(13.6382486654,130.16603197495,9.048747737362
    ));
#9870 = CARTESIAN_POINT('',(13.3930823037,130.40097853935,9.048747737342
    ));
#9871 = CONICAL_SURFACE('',#9872,30.8,0.785398163397);
#9872 = AXIS2_PLACEMENT_3D('',#9873,#9874,#9875);
#9873 = CARTESIAN_POINT('',(43.58,129.70097853935,4.874773736204E-02));
#9874 = DIRECTION('',(4.440892098501E-16,1.,-1.110223024625E-16));
#9875 = DIRECTION('',(0.479425538604,-3.103389452427E-16,-0.87758256189)
  );
#9876 = ADVANCED_FACE('',(#9877),#9918,.F.);
#9877 = FACE_BOUND('',#9878,.T.);
#9878 = EDGE_LOOP('',(#9879,#9890,#9891,#9892,#9893,#9901,#9912));
#9879 = ORIENTED_EDGE('',*,*,#9880,.T.);
#9880 = EDGE_CURVE('',#9881,#8895,#9883,.T.);
#9881 = VERTEX_POINT('',#9882);
#9882 = CARTESIAN_POINT('',(17.065852832,135.82597853935,9.048747737362)
  );
#9883 = B_SPLINE_CURVE_WITH_KNOTS('',5,(#9884,#9885,#9886,#9887,#9888,
    #9889),.UNSPECIFIED.,.F.,.F.,(6,6),(0.,2.00111725539E-02),
  .PIECEWISE_BEZIER_KNOTS.);
#9884 = CARTESIAN_POINT('',(17.065852832,135.82597853935,9.048747737362)
  );
#9885 = CARTESIAN_POINT('',(17.0686823407,135.82597853935,9.048747737362
    ));
#9886 = CARTESIAN_POINT('',(17.0715118604,135.82599459395,9.048747737362
    ));
#9887 = CARTESIAN_POINT('',(17.0743428389,135.82583497155,9.048747737362
    ));
#9888 = CARTESIAN_POINT('',(17.0771714195,135.82590675545,9.048747737362
    ));
#9889 = CARTESIAN_POINT('',(17.08,135.82597853935,9.048747737362));
#9890 = ORIENTED_EDGE('',*,*,#8894,.F.);
#9891 = ORIENTED_EDGE('',*,*,#8799,.F.);
#9892 = ORIENTED_EDGE('',*,*,#9865,.T.);
#9893 = ORIENTED_EDGE('',*,*,#9894,.F.);
#9894 = EDGE_CURVE('',#9895,#9856,#9897,.T.);
#9895 = VERTEX_POINT('',#9896);
#9896 = CARTESIAN_POINT('',(13.3930823039,134.32347946375,9.048747737362
    ));
#9897 = LINE('',#9898,#9899);
#9898 = CARTESIAN_POINT('',(13.3930823039,132.36222900115,9.048747737362
    ));
#9899 = VECTOR('',#9900,1.);
#9900 = DIRECTION('',(-4.440892098501E-16,-1.,4.270088556252E-17));
#9901 = ORIENTED_EDGE('',*,*,#9902,.F.);
#9902 = EDGE_CURVE('',#9903,#9895,#9905,.T.);
#9903 = VERTEX_POINT('',#9904);
#9904 = CARTESIAN_POINT('',(16.1196465417,135.82597853935,9.048747737362
    ));
#9905 = B_SPLINE_CURVE_WITH_KNOTS('',5,(#9906,#9907,#9908,#9909,#9910,
    #9911),.UNSPECIFIED.,.F.,.F.,(6,6),(0.,4.40265004417),
  .PIECEWISE_BEZIER_KNOTS.);
#9906 = CARTESIAN_POINT('',(16.1196465417,135.82597853935,9.048747737362
    ));
#9907 = CARTESIAN_POINT('',(15.5771783127,135.52836128945,9.048747737362
    ));
#9908 = CARTESIAN_POINT('',(15.0330864748,135.22913908735,9.048747737362
    ));
#9909 = CARTESIAN_POINT('',(14.4875499475,134.92846796695,9.048747737362
    ));
#9910 = CARTESIAN_POINT('',(13.9408451889,134.62654753975,9.048747737362
    ));
#9911 = CARTESIAN_POINT('',(13.3930823039,134.32347946375,9.048747737362
    ));
#9912 = ORIENTED_EDGE('',*,*,#9913,.F.);
#9913 = EDGE_CURVE('',#9881,#9903,#9914,.T.);
#9914 = LINE('',#9915,#9916);
#9915 = CARTESIAN_POINT('',(16.5927496868,135.82597853935,9.048747737362
    ));
#9916 = VECTOR('',#9917,1.);
#9917 = DIRECTION('',(-1.,4.440892098501E-16,-3.330669073875E-16));
#9918 = PLANE('',#9919);
#9919 = AXIS2_PLACEMENT_3D('',#9920,#9921,#9922);
#9920 = CARTESIAN_POINT('',(17.08,129.70097853935,9.048747737362));
#9921 = DIRECTION('',(-4.555315873025E-16,-3.700743415418E-17,1.));
#9922 = DIRECTION('',(4.440892098501E-16,1.,3.700743415418E-17));
#9923 = ADVANCED_FACE('',(#9924),#9978,.T.);
#9924 = FACE_BOUND('',#9925,.T.);
#9925 = EDGE_LOOP('',(#9926,#9937,#9938,#9939,#9953,#9961,#9972));
#9926 = ORIENTED_EDGE('',*,*,#9927,.T.);
#9927 = EDGE_CURVE('',#9928,#8825,#9930,.T.);
#9928 = VERTEX_POINT('',#9929);
#9929 = CARTESIAN_POINT('',(74.0471954736,130.40097853865,8.048747737362
    ));
#9930 = B_SPLINE_CURVE_WITH_KNOTS('',5,(#9931,#9932,#9933,#9934,#9935,
    #9936),.UNSPECIFIED.,.F.,.F.,(6,6),(0.,1.42450441764),
  .PIECEWISE_BEZIER_KNOTS.);
#9931 = CARTESIAN_POINT('',(74.0471954736,130.40097853865,8.048747737362
    ));
#9932 = CARTESIAN_POINT('',(73.9022739892,130.26080865935,8.048747737362
    ));
#9933 = CARTESIAN_POINT('',(73.7573817992,130.12072086435,8.048747737362
    ));
#9934 = CARTESIAN_POINT('',(73.6125203742,129.98071774075,8.048747737362
    ));
#9935 = CARTESIAN_POINT('',(73.4676920199,129.84080271285,8.048747737362
    ));
#9936 = CARTESIAN_POINT('',(73.3228983115,129.70097853935,8.048747737362
    ));
#9937 = ORIENTED_EDGE('',*,*,#8824,.T.);
#9938 = ORIENTED_EDGE('',*,*,#9167,.F.);
#9939 = ORIENTED_EDGE('',*,*,#9940,.F.);
#9940 = EDGE_CURVE('',#9941,#9148,#9943,.T.);
#9941 = VERTEX_POINT('',#9942);
#9942 = CARTESIAN_POINT('',(70.4128157291,135.82597853935,8.048747737362
    ));
#9943 = B_SPLINE_CURVE_WITH_KNOTS('',5,(#9944,#9945,#9946,#9947,#9948,
    #9949,#9950,#9951,#9952),.UNSPECIFIED.,.F.,.F.,(6,3,6),(0.,
    0.406726424439,0.508424984858),.UNSPECIFIED.);
#9944 = CARTESIAN_POINT('',(70.4128157291,135.82597853935,8.048747737362
    ));
#9945 = CARTESIAN_POINT('',(70.3554335979,135.82597853935,8.048747737362
    ));
#9946 = CARTESIAN_POINT('',(70.2980537735,135.83353832615,8.048747737362
    ));
#9947 = CARTESIAN_POINT('',(70.2419657167,135.84866282355,8.048747737362
    ));
#9948 = CARTESIAN_POINT('',(70.1752529883,135.87665811355,8.048747737362
    ));
#9949 = CARTESIAN_POINT('',(70.1146831737,135.91520289695,8.048747737362
    ));
#9950 = CARTESIAN_POINT('',(70.1027990145,135.92334804175,8.048747737362
    ));
#9951 = CARTESIAN_POINT('',(70.0912453914,135.93186813165,8.048747737362
    ));
#9952 = CARTESIAN_POINT('',(70.08,135.94077729935,8.048747737362));
#9953 = ORIENTED_EDGE('',*,*,#9954,.T.);
#9954 = EDGE_CURVE('',#9941,#9955,#9957,.T.);
#9955 = VERTEX_POINT('',#9956);
#9956 = CARTESIAN_POINT('',(71.3481654431,135.82597853935,8.048747737362
    ));
#9957 = LINE('',#9958,#9959);
#9958 = CARTESIAN_POINT('',(70.8804905861,135.82597853935,8.048747737362
    ));
#9959 = VECTOR('',#9960,1.);
#9960 = DIRECTION('',(1.,-4.440892098501E-16,3.330669073875E-16));
#9961 = ORIENTED_EDGE('',*,*,#9962,.T.);
#9962 = EDGE_CURVE('',#9955,#9963,#9965,.T.);
#9963 = VERTEX_POINT('',#9964);
#9964 = CARTESIAN_POINT('',(74.0471954736,134.32347946375,8.048747737362
    ));
#9965 = B_SPLINE_CURVE_WITH_KNOTS('',5,(#9966,#9967,#9968,#9969,#9970,
    #9971),.UNSPECIFIED.,.F.,.F.,(6,6),(0.,4.36858585046),
  .PIECEWISE_BEZIER_KNOTS.);
#9966 = CARTESIAN_POINT('',(71.3481654431,135.82597853935,8.048747737362
    ));
#9967 = CARTESIAN_POINT('',(71.8855824226,135.52782755985,8.048747737362
    ));
#9968 = CARTESIAN_POINT('',(72.424390853,135.22835097075,8.048747737362)
  );
#9969 = CARTESIAN_POINT('',(72.9644050646,134.92769728725,8.048747737362
    ));
#9970 = CARTESIAN_POINT('',(73.5053819324,134.62603921375,8.048747737362
    ));
#9971 = CARTESIAN_POINT('',(74.0471954736,134.32347946375,8.048747737362
    ));
#9972 = ORIENTED_EDGE('',*,*,#9973,.T.);
#9973 = EDGE_CURVE('',#9963,#9928,#9974,.T.);
#9974 = LINE('',#9975,#9976);
#9975 = CARTESIAN_POINT('',(74.0471954736,132.36222900115,8.048747737362
    ));
#9976 = VECTOR('',#9977,1.);
#9977 = DIRECTION('',(-4.440892098501E-16,-1.,4.270088556252E-17));
#9978 = PLANE('',#9979);
#9979 = AXIS2_PLACEMENT_3D('',#9980,#9981,#9982);
#9980 = CARTESIAN_POINT('',(70.08,129.70097853935,8.048747737362));
#9981 = DIRECTION('',(4.555315873025E-16,-4.270088556252E-17,-1.));
#9982 = DIRECTION('',(4.440892098501E-16,1.,-4.270088556252E-17));
#9983 = ADVANCED_FACE('',(#9984),#9996,.T.);
#9984 = FACE_BOUND('',#9985,.T.);
#9985 = EDGE_LOOP('',(#9986,#9987,#9988,#9989));
#9986 = ORIENTED_EDGE('',*,*,#9740,.F.);
#9987 = ORIENTED_EDGE('',*,*,#8832,.F.);
#9988 = ORIENTED_EDGE('',*,*,#9927,.F.);
#9989 = ORIENTED_EDGE('',*,*,#9990,.F.);
#9990 = EDGE_CURVE('',#9705,#9928,#9991,.T.);
#9991 = CIRCLE('',#9992,31.5000000002);
#9992 = AXIS2_PLACEMENT_3D('',#9993,#9994,#9995);
#9993 = CARTESIAN_POINT('',(43.58,130.40097853955,4.874773736204E-02));
#9994 = DIRECTION('',(4.153439648689E-16,1.,-5.840448446692E-17));
#9995 = DIRECTION('',(-1.,4.153439648689E-16,-3.330669073875E-16));
#9996 = CONICAL_SURFACE('',#9997,30.8,0.785398163397);
#9997 = AXIS2_PLACEMENT_3D('',#9998,#9999,#10000);
#9998 = CARTESIAN_POINT('',(43.58,129.70097853935,4.874773736204E-02));
#9999 = DIRECTION('',(4.440892098501E-16,1.,-1.110223024625E-16));
#10000 = DIRECTION('',(-0.479425538604,3.103389452427E-16,0.87758256189)
  );
#10001 = ADVANCED_FACE('',(#10002),#10039,.F.);
#10002 = FACE_BOUND('',#10003,.F.);
#10003 = EDGE_LOOP('',(#10004,#10015,#10022,#10023,#10032));
#10004 = ORIENTED_EDGE('',*,*,#10005,.F.);
#10005 = EDGE_CURVE('',#10006,#10008,#10010,.T.);
#10006 = VERTEX_POINT('',#10007);
#10007 = CARTESIAN_POINT('',(30.3957976884,136.32597853935,
    -24.08477271463));
#10008 = VERTEX_POINT('',#10009);
#10009 = CARTESIAN_POINT('',(30.1560849191,135.82597853935,
    -24.52356399553));
#10010 = CIRCLE('',#10011,0.5);
#10011 = AXIS2_PLACEMENT_3D('',#10012,#10013,#10014);
#10012 = CARTESIAN_POINT('',(30.1560849191,136.32597853935,
    -24.52356399553));
#10013 = DIRECTION('',(0.87758256189,-4.429518736436E-16,-0.479425538604
    ));
#10014 = DIRECTION('',(-0.479425538604,1.754341560739E-16,-0.87758256189
    ));
#10015 = ORIENTED_EDGE('',*,*,#10016,.T.);
#10016 = EDGE_CURVE('',#10006,#8848,#10017,.T.);
#10017 = CIRCLE('',#10018,27.5);
#10018 = AXIS2_PLACEMENT_3D('',#10019,#10020,#10021);
#10019 = CARTESIAN_POINT('',(43.58,136.32597853935,4.874773736204E-02));
#10020 = DIRECTION('',(4.728344548313E-16,1.,-5.840448446692E-17));
#10021 = DIRECTION('',(-1.,4.728344548313E-16,-3.330669073875E-16));
#10022 = ORIENTED_EDGE('',*,*,#8847,.T.);
#10023 = ORIENTED_EDGE('',*,*,#10024,.T.);
#10024 = EDGE_CURVE('',#8850,#10025,#10027,.T.);
#10025 = VERTEX_POINT('',#10026);
#10026 = CARTESIAN_POINT('',(17.0658528329,135.82597853935,
    -8.951252262638));
#10027 = B_SPLINE_CURVE_WITH_KNOTS('',3,(#10028,#10029,#10030,#10031),
  .UNSPECIFIED.,.F.,.F.,(4,4),(0.,2.00097782436E-02),
  .PIECEWISE_BEZIER_KNOTS.);
#10028 = CARTESIAN_POINT('',(17.08,135.82615802605,-8.951252262638));
#10029 = CARTESIAN_POINT('',(17.0752854075,135.82603837875,
    -8.951252262638));
#10030 = CARTESIAN_POINT('',(17.0705691475,135.82597853935,
    -8.951252262638));
#10031 = CARTESIAN_POINT('',(17.0658528329,135.82597853935,
    -8.951252262638));
#10032 = ORIENTED_EDGE('',*,*,#10033,.F.);
#10033 = EDGE_CURVE('',#10008,#10025,#10034,.T.);
#10034 = CIRCLE('',#10035,28.);
#10035 = AXIS2_PLACEMENT_3D('',#10036,#10037,#10038);
#10036 = CARTESIAN_POINT('',(43.58,135.82597853935,4.874773736204E-02));
#10037 = DIRECTION('',(4.728344548313E-16,1.,-5.840448446692E-17));
#10038 = DIRECTION('',(-1.,4.728344548313E-16,-3.330669073875E-16));
#10039 = TOROIDAL_SURFACE('',#10040,28.,0.5);
#10040 = AXIS2_PLACEMENT_3D('',#10041,#10042,#10043);
#10041 = CARTESIAN_POINT('',(43.58,136.32597853935,4.874773736204E-02));
#10042 = DIRECTION('',(4.440892098501E-16,1.,-1.110223024625E-16));
#10043 = DIRECTION('',(-0.479425538604,1.154764719987E-16,-0.87758256189
    ));
#10044 = ADVANCED_FACE('',(#10045),#10086,.F.);
#10045 = FACE_BOUND('',#10046,.T.);
#10046 = EDGE_LOOP('',(#10047,#10048,#10049,#10057,#10068,#10076,#10085)
  );
#10047 = ORIENTED_EDGE('',*,*,#8878,.F.);
#10048 = ORIENTED_EDGE('',*,*,#10024,.T.);
#10049 = ORIENTED_EDGE('',*,*,#10050,.F.);
#10050 = EDGE_CURVE('',#10051,#10025,#10053,.T.);
#10051 = VERTEX_POINT('',#10052);
#10052 = CARTESIAN_POINT('',(16.1196465417,135.82597853935,
    -8.951252262638));
#10053 = LINE('',#10054,#10055);
#10054 = CARTESIAN_POINT('',(16.5927496868,135.82597853935,
    -8.951252262638));
#10055 = VECTOR('',#10056,1.);
#10056 = DIRECTION('',(1.,-4.440892098501E-16,3.330669073875E-16));
#10057 = ORIENTED_EDGE('',*,*,#10058,.T.);
#10058 = EDGE_CURVE('',#10051,#10059,#10061,.T.);
#10059 = VERTEX_POINT('',#10060);
#10060 = CARTESIAN_POINT('',(13.3930823039,134.32347946375,
    -8.951252262638));
#10061 = B_SPLINE_CURVE_WITH_KNOTS('',5,(#10062,#10063,#10064,#10065,
    #10066,#10067),.UNSPECIFIED.,.F.,.F.,(6,6),(0.,4.40265004417),
  .PIECEWISE_BEZIER_KNOTS.);
#10062 = CARTESIAN_POINT('',(16.1196465417,135.82597853935,
    -8.951252262638));
#10063 = CARTESIAN_POINT('',(15.5771783127,135.52836128945,
    -8.951252262638));
#10064 = CARTESIAN_POINT('',(15.0330864748,135.22913908735,
    -8.951252262638));
#10065 = CARTESIAN_POINT('',(14.4875499475,134.92846796695,
    -8.951252262638));
#10066 = CARTESIAN_POINT('',(13.9408451889,134.62654753975,
    -8.951252262638));
#10067 = CARTESIAN_POINT('',(13.3930823039,134.32347946375,
    -8.951252262638));
#10068 = ORIENTED_EDGE('',*,*,#10069,.T.);
#10069 = EDGE_CURVE('',#10059,#10070,#10072,.T.);
#10070 = VERTEX_POINT('',#10071);
#10071 = CARTESIAN_POINT('',(13.3930823039,130.40097853865,
    -8.951252262638));
#10072 = LINE('',#10073,#10074);
#10073 = CARTESIAN_POINT('',(13.3930823039,132.36222900115,
    -8.951252262638));
#10074 = VECTOR('',#10075,1.);
#10075 = DIRECTION('',(-4.440892098501E-16,-1.,4.270088556252E-17));
#10076 = ORIENTED_EDGE('',*,*,#10077,.F.);
#10077 = EDGE_CURVE('',#9037,#10070,#10078,.T.);
#10078 = B_SPLINE_CURVE_WITH_KNOTS('',5,(#10079,#10080,#10081,#10082,
    #10083,#10084),.UNSPECIFIED.,.F.,.F.,(6,6),(0.,1.4315280319),
  .PIECEWISE_BEZIER_KNOTS.);
#10079 = CARTESIAN_POINT('',(14.1242705061,129.70097853935,
    -8.951252262638));
#10080 = CARTESIAN_POINT('',(13.9781127805,129.84075718955,
    -8.951252262638));
#10081 = CARTESIAN_POINT('',(13.8319126573,129.98065041355,
    -8.951252262638));
#10082 = CARTESIAN_POINT('',(13.6856722573,130.12065458905,
    -8.951252262638));
#10083 = CARTESIAN_POINT('',(13.5393948231,130.26076507905,
    -8.951252262638));
#10084 = CARTESIAN_POINT('',(13.3930823039,130.40097853865,
    -8.951252262638));
#10085 = ORIENTED_EDGE('',*,*,#9036,.F.);
#10086 = PLANE('',#10087);
#10087 = AXIS2_PLACEMENT_3D('',#10088,#10089,#10090);
#10088 = CARTESIAN_POINT('',(17.08,141.70097853935,-8.951252262638));
#10089 = DIRECTION('',(4.555315873025E-16,-1.110223024625E-16,-1.));
#10090 = DIRECTION('',(-4.440892098501E-16,-1.,1.110223024625E-16));
#10091 = ADVANCED_FACE('',(#10092),#10121,.F.);
#10092 = FACE_BOUND('',#10093,.F.);
#10093 = EDGE_LOOP('',(#10094,#10103,#10112,#10119,#10120));
#10094 = ORIENTED_EDGE('',*,*,#10095,.T.);
#10095 = EDGE_CURVE('',#8903,#10096,#10098,.T.);
#10096 = VERTEX_POINT('',#10097);
#10097 = CARTESIAN_POINT('',(56.7642023116,136.32597853935,
    24.182268189362));
#10098 = CIRCLE('',#10099,27.5);
#10099 = AXIS2_PLACEMENT_3D('',#10100,#10101,#10102);
#10100 = CARTESIAN_POINT('',(43.58,136.32597853935,4.874773736204E-02));
#10101 = DIRECTION('',(4.728344548313E-16,1.,-5.840448446692E-17));
#10102 = DIRECTION('',(-1.,4.728344548313E-16,-3.330669073875E-16));
#10103 = ORIENTED_EDGE('',*,*,#10104,.T.);
#10104 = EDGE_CURVE('',#10096,#10105,#10107,.T.);
#10105 = VERTEX_POINT('',#10106);
#10106 = CARTESIAN_POINT('',(57.0039150808,135.82597853935,
    24.621059470062));
#10107 = CIRCLE('',#10108,0.5);
#10108 = AXIS2_PLACEMENT_3D('',#10109,#10110,#10111);
#10109 = CARTESIAN_POINT('',(57.0039150809,136.32597853935,
    24.621059470262));
#10110 = DIRECTION('',(-0.87758256189,4.429518736436E-16,0.479425538604)
  );
#10111 = DIRECTION('',(0.479425538604,-1.754341560739E-16,0.87758256189)
  );
#10112 = ORIENTED_EDGE('',*,*,#10113,.F.);
#10113 = EDGE_CURVE('',#9881,#10105,#10114,.T.);
#10114 = CIRCLE('',#10115,28.);
#10115 = AXIS2_PLACEMENT_3D('',#10116,#10117,#10118);
#10116 = CARTESIAN_POINT('',(43.58,135.82597853935,4.874773736204E-02));
#10117 = DIRECTION('',(4.728344548313E-16,1.,-5.840448446692E-17));
#10118 = DIRECTION('',(-1.,4.728344548313E-16,-3.330669073875E-16));
#10119 = ORIENTED_EDGE('',*,*,#9880,.T.);
#10120 = ORIENTED_EDGE('',*,*,#8902,.T.);
#10121 = TOROIDAL_SURFACE('',#10122,28.,0.5);
#10122 = AXIS2_PLACEMENT_3D('',#10123,#10124,#10125);
#10123 = CARTESIAN_POINT('',(43.58,136.32597853935,4.874773736204E-02));
#10124 = DIRECTION('',(4.440892098501E-16,1.,-1.110223024625E-16));
#10125 = DIRECTION('',(-0.479425538604,1.154764719987E-16,-0.87758256189
    ));
#10126 = ADVANCED_FACE('',(#10127),#10146,.T.);
#10127 = FACE_BOUND('',#10128,.T.);
#10128 = EDGE_LOOP('',(#10129,#10130,#10131,#10139));
#10129 = ORIENTED_EDGE('',*,*,#8925,.F.);
#10130 = ORIENTED_EDGE('',*,*,#10095,.T.);
#10131 = ORIENTED_EDGE('',*,*,#10132,.T.);
#10132 = EDGE_CURVE('',#10096,#10133,#10135,.T.);
#10133 = VERTEX_POINT('',#10134);
#10134 = CARTESIAN_POINT('',(56.7642023116,139.07597853935,
    24.182268189362));
#10135 = LINE('',#10136,#10137);
#10136 = CARTESIAN_POINT('',(56.7642023116,137.70097901615,
    24.182268189362));
#10137 = VECTOR('',#10138,1.);
#10138 = DIRECTION('',(4.440892098501E-16,1.,-1.110222341411E-16));
#10139 = ORIENTED_EDGE('',*,*,#10140,.F.);
#10140 = EDGE_CURVE('',#8926,#10133,#10141,.T.);
#10141 = CIRCLE('',#10142,27.5);
#10142 = AXIS2_PLACEMENT_3D('',#10143,#10144,#10145);
#10143 = CARTESIAN_POINT('',(43.58,139.07597853935,4.874773736204E-02));
#10144 = DIRECTION('',(4.4408920985E-16,1.,-1.110223024625E-16));
#10145 = DIRECTION('',(-3.330669073875E-16,1.110223024625E-16,1.));
#10146 = CYLINDRICAL_SURFACE('',#10147,27.5);
#10147 = AXIS2_PLACEMENT_3D('',#10148,#10149,#10150);
#10148 = CARTESIAN_POINT('',(43.58,137.70097901615,4.874773736204E-02));
#10149 = DIRECTION('',(4.4408920985E-16,1.,-1.110223024625E-16));
#10150 = DIRECTION('',(-0.479425538604,1.154764719986E-16,-0.87758256189
    ));
#10151 = ADVANCED_FACE('',(#10152),#10181,.F.);
#10152 = FACE_BOUND('',#10153,.F.);
#10153 = EDGE_LOOP('',(#10154,#10163,#10164,#10165,#10174));
#10154 = ORIENTED_EDGE('',*,*,#10155,.T.);
#10155 = EDGE_CURVE('',#10156,#10133,#10158,.T.);
#10156 = VERTEX_POINT('',#10157);
#10157 = CARTESIAN_POINT('',(57.0039150809,139.57597853935,
    24.621059470262));
#10158 = CIRCLE('',#10159,0.5);
#10159 = AXIS2_PLACEMENT_3D('',#10160,#10161,#10162);
#10160 = CARTESIAN_POINT('',(57.0039150809,139.07597853935,
    24.621059470262));
#10161 = DIRECTION('',(-0.87758256189,4.429518736436E-16,0.479425538604)
  );
#10162 = DIRECTION('',(0.479425538604,-1.754341560739E-16,0.87758256189)
  );
#10163 = ORIENTED_EDGE('',*,*,#10140,.F.);
#10164 = ORIENTED_EDGE('',*,*,#8933,.T.);
#10165 = ORIENTED_EDGE('',*,*,#10166,.T.);
#10166 = EDGE_CURVE('',#8934,#10167,#10169,.T.);
#10167 = VERTEX_POINT('',#10168);
#10168 = CARTESIAN_POINT('',(17.0658528329,139.57597853935,
    9.048747737362));
#10169 = B_SPLINE_CURVE_WITH_KNOTS('',3,(#10170,#10171,#10172,#10173),
  .UNSPECIFIED.,.F.,.F.,(4,4),(0.,2.00097782436E-02),
  .PIECEWISE_BEZIER_KNOTS.);
#10170 = CARTESIAN_POINT('',(17.08,139.57579905265,9.048747737362));
#10171 = CARTESIAN_POINT('',(17.0752854075,139.57591869995,
    9.048747737362));
#10172 = CARTESIAN_POINT('',(17.0705691475,139.57597853935,
    9.048747737362));
#10173 = CARTESIAN_POINT('',(17.0658528329,139.57597853935,
    9.048747737362));
#10174 = ORIENTED_EDGE('',*,*,#10175,.T.);
#10175 = EDGE_CURVE('',#10167,#10156,#10176,.T.);
#10176 = CIRCLE('',#10177,28.);
#10177 = AXIS2_PLACEMENT_3D('',#10178,#10179,#10180);
#10178 = CARTESIAN_POINT('',(43.58,139.57597853935,4.874773736204E-02));
#10179 = DIRECTION('',(4.728344548313E-16,1.,-5.840448446692E-17));
#10180 = DIRECTION('',(-1.,4.728344548313E-16,-3.330669073875E-16));
#10181 = TOROIDAL_SURFACE('',#10182,28.,0.5);
#10182 = AXIS2_PLACEMENT_3D('',#10183,#10184,#10185);
#10183 = CARTESIAN_POINT('',(43.58,139.07597853935,4.874773736204E-02));
#10184 = DIRECTION('',(4.440892098501E-16,1.,-1.110223024625E-16));
#10185 = DIRECTION('',(-0.479425538604,1.154764719987E-16,-0.87758256189
    ));
#10186 = ADVANCED_FACE('',(#10187),#10224,.F.);
#10187 = FACE_BOUND('',#10188,.T.);
#10188 = EDGE_LOOP('',(#10189,#10190,#10191,#10199,#10210,#10218));
#10189 = ORIENTED_EDGE('',*,*,#8962,.F.);
#10190 = ORIENTED_EDGE('',*,*,#10166,.T.);
#10191 = ORIENTED_EDGE('',*,*,#10192,.T.);
#10192 = EDGE_CURVE('',#10167,#10193,#10195,.T.);
#10193 = VERTEX_POINT('',#10194);
#10194 = CARTESIAN_POINT('',(16.1196465417,139.57597853935,
    9.048747737362));
#10195 = LINE('',#10196,#10197);
#10196 = CARTESIAN_POINT('',(16.5927496868,139.57597853935,
    9.048747737362));
#10197 = VECTOR('',#10198,1.);
#10198 = DIRECTION('',(-1.,4.440892098501E-16,-3.330669073875E-16));
#10199 = ORIENTED_EDGE('',*,*,#10200,.T.);
#10200 = EDGE_CURVE('',#10193,#10201,#10203,.T.);
#10201 = VERTEX_POINT('',#10202);
#10202 = CARTESIAN_POINT('',(13.3930823039,141.07847761495,
    9.048747737362));
#10203 = B_SPLINE_CURVE_WITH_KNOTS('',5,(#10204,#10205,#10206,#10207,
    #10208,#10209),.UNSPECIFIED.,.F.,.F.,(6,6),(0.,4.40265004548),
  .PIECEWISE_BEZIER_KNOTS.);
#10204 = CARTESIAN_POINT('',(16.1196465417,139.57597853935,
    9.048747737362));
#10205 = CARTESIAN_POINT('',(15.5771783118,139.87359578975,
    9.048747737362));
#10206 = CARTESIAN_POINT('',(15.0330836296,140.17281821595,
    9.048747737362));
#10207 = CARTESIAN_POINT('',(14.4875463475,140.47349006275,
    9.048747737362));
#10208 = CARTESIAN_POINT('',(13.9408451882,140.77540953945,
    9.048747737362));
#10209 = CARTESIAN_POINT('',(13.3930823039,141.07847761495,
    9.048747737362));
#10210 = ORIENTED_EDGE('',*,*,#10211,.F.);
#10211 = EDGE_CURVE('',#10212,#10201,#10214,.T.);
#10212 = VERTEX_POINT('',#10213);
#10213 = CARTESIAN_POINT('',(13.3930823039,141.70097853935,
    9.048747737362));
#10214 = LINE('',#10215,#10216);
#10215 = CARTESIAN_POINT('',(13.3930823039,141.38972807715,
    9.048747737362));
#10216 = VECTOR('',#10217,1.);
#10217 = DIRECTION('',(-4.440892098501E-16,-1.,4.270088556252E-17));
#10218 = ORIENTED_EDGE('',*,*,#10219,.T.);
#10219 = EDGE_CURVE('',#10212,#8963,#10220,.T.);
#10220 = LINE('',#10221,#10222);
#10221 = CARTESIAN_POINT('',(15.2365411519,141.70097853935,
    9.048747737362));
#10222 = VECTOR('',#10223,1.);
#10223 = DIRECTION('',(1.,-4.440892098501E-16,3.330669073875E-16));
#10224 = PLANE('',#10225);
#10225 = AXIS2_PLACEMENT_3D('',#10226,#10227,#10228);
#10226 = CARTESIAN_POINT('',(17.08,129.70097853935,9.048747737362));
#10227 = DIRECTION('',(-4.555315873025E-16,-3.700743415418E-17,1.));
#10228 = DIRECTION('',(4.440892098501E-16,1.,3.700743415418E-17));
#10229 = ADVANCED_FACE('',(#10230),#10263,.F.);
#10230 = FACE_BOUND('',#10231,.F.);
#10231 = EDGE_LOOP('',(#10232,#10255,#10256,#10257));
#10232 = ORIENTED_EDGE('',*,*,#10233,.F.);
#10233 = EDGE_CURVE('',#10212,#10234,#10236,.T.);
#10234 = VERTEX_POINT('',#10235);
#10235 = CARTESIAN_POINT('',(13.3930823042,141.70097853935,
    -8.951252262638));
#10236 = B_SPLINE_CURVE_WITH_KNOTS('',5,(#10237,#10238,#10239,#10240,
    #10241,#10242,#10243,#10244,#10245,#10246,#10247,#10248,#10249,
    #10250,#10251,#10252,#10253,#10254),.UNSPECIFIED.,.F.,.F.,(6,3,3,3,3
    ,6),(0.,10.3984523204,18.7275593419,28.0391396934,34.3583758563,
    40.4753357527),.UNSPECIFIED.);
#10237 = CARTESIAN_POINT('',(13.3930823042,141.70097853935,
    9.048747737362));
#10238 = CARTESIAN_POINT('',(13.3930823042,143.16161294635,
    9.048747737362));
#10239 = CARTESIAN_POINT('',(13.3047388488,144.62224714345,
    8.752434838642));
#10240 = CARTESIAN_POINT('',(13.1274783732,145.99178306968,
    8.160524535342));
#10241 = CARTESIAN_POINT('',(12.7389397323,148.16870217135,
    6.643501317172));
#10242 = CARTESIAN_POINT('',(12.3677547155,149.66846820132,
    4.472393177082));
#10243 = CARTESIAN_POINT('',(12.2284805308,150.17640598404,
    3.402135826622));
#10244 = CARTESIAN_POINT('',(12.0339876467,150.86565933879,
    0.993846394605));
#10245 = CARTESIAN_POINT('',(12.0766606792,150.70999809209,
    -1.522606235988));
#10246 = CARTESIAN_POINT('',(12.1734600559,150.38403205271,
    -2.813364897308));
#10247 = CARTESIAN_POINT('',(12.4269502023,149.46400970491,
    -4.827843057978));
#10248 = CARTESIAN_POINT('',(12.7498170568,148.00822041177,
    -6.461696188848));
#10249 = CARTESIAN_POINT('',(12.8825062502,147.34232886068,
    -7.046677526538));
#10250 = CARTESIAN_POINT('',(13.1261655259,145.90155718893,
    -8.028846387658));
#10251 = CARTESIAN_POINT('',(13.3010762877,144.26192931345,
    -8.643242684838));
#10252 = CARTESIAN_POINT('',(13.3625114018,143.41943462205,
    -8.848714363788));
#10253 = CARTESIAN_POINT('',(13.3930823042,142.56020660675,
    -8.951252262638));
#10254 = CARTESIAN_POINT('',(13.3930823042,141.70097853935,
    -8.951252262638));
#10255 = ORIENTED_EDGE('',*,*,#10219,.T.);
#10256 = ORIENTED_EDGE('',*,*,#8970,.F.);
#10257 = ORIENTED_EDGE('',*,*,#10258,.F.);
#10258 = EDGE_CURVE('',#10234,#8971,#10259,.T.);
#10259 = LINE('',#10260,#10261);
#10260 = CARTESIAN_POINT('',(15.1799999996,141.70097853935,
    -8.951252262638));
#10261 = VECTOR('',#10262,1.);
#10262 = DIRECTION('',(1.,-4.440892098501E-16,4.555315236135E-16));
#10263 = CYLINDRICAL_SURFACE('',#10264,9.);
#10264 = AXIS2_PLACEMENT_3D('',#10265,#10266,#10267);
#10265 = CARTESIAN_POINT('',(15.18,141.70097853935,4.874773736203E-02));
#10266 = DIRECTION('',(1.,-4.440892098501E-16,4.555315873025E-16));
#10267 = DIRECTION('',(4.555315873025E-16,-1.722546424195E-16,-1.));
#10268 = ADVANCED_FACE('',(#10269),#10309,.F.);
#10269 = FACE_BOUND('',#10270,.T.);
#10270 = EDGE_LOOP('',(#10271,#10272,#10273,#10281,#10292,#10300));
#10271 = ORIENTED_EDGE('',*,*,#8979,.F.);
#10272 = ORIENTED_EDGE('',*,*,#10258,.F.);
#10273 = ORIENTED_EDGE('',*,*,#10274,.F.);
#10274 = EDGE_CURVE('',#10275,#10234,#10277,.T.);
#10275 = VERTEX_POINT('',#10276);
#10276 = CARTESIAN_POINT('',(13.3930823039,141.07847761495,
    -8.951252262638));
#10277 = LINE('',#10278,#10279);
#10278 = CARTESIAN_POINT('',(13.3930823039,141.38972807715,
    -8.951252262638));
#10279 = VECTOR('',#10280,1.);
#10280 = DIRECTION('',(4.440892098501E-16,1.,-4.270088556252E-17));
#10281 = ORIENTED_EDGE('',*,*,#10282,.F.);
#10282 = EDGE_CURVE('',#10283,#10275,#10285,.T.);
#10283 = VERTEX_POINT('',#10284);
#10284 = CARTESIAN_POINT('',(16.1196465417,139.57597853935,
    -8.951252262638));
#10285 = B_SPLINE_CURVE_WITH_KNOTS('',5,(#10286,#10287,#10288,#10289,
    #10290,#10291),.UNSPECIFIED.,.F.,.F.,(6,6),(0.,4.40265004417),
  .PIECEWISE_BEZIER_KNOTS.);
#10286 = CARTESIAN_POINT('',(16.1196465417,139.57597853935,
    -8.951252262638));
#10287 = CARTESIAN_POINT('',(15.5771783127,139.87359578925,
    -8.951252262638));
#10288 = CARTESIAN_POINT('',(15.0330864748,140.17281799135,
    -8.951252262638));
#10289 = CARTESIAN_POINT('',(14.4875499475,140.47348911175,
    -8.951252262638));
#10290 = CARTESIAN_POINT('',(13.940845189,140.77540953895,
    -8.951252262638));
#10291 = CARTESIAN_POINT('',(13.3930823039,141.07847761495,
    -8.951252262638));
#10292 = ORIENTED_EDGE('',*,*,#10293,.T.);
#10293 = EDGE_CURVE('',#10283,#10294,#10296,.T.);
#10294 = VERTEX_POINT('',#10295);
#10295 = CARTESIAN_POINT('',(17.065852832,139.57597853935,
    -8.951252262638));
#10296 = LINE('',#10297,#10298);
#10297 = CARTESIAN_POINT('',(16.5927496868,139.57597853935,
    -8.951252262638));
#10298 = VECTOR('',#10299,1.);
#10299 = DIRECTION('',(1.,-4.440892098501E-16,3.330669073875E-16));
#10300 = ORIENTED_EDGE('',*,*,#10301,.T.);
#10301 = EDGE_CURVE('',#10294,#8980,#10302,.T.);
#10302 = B_SPLINE_CURVE_WITH_KNOTS('',5,(#10303,#10304,#10305,#10306,
    #10307,#10308),.UNSPECIFIED.,.F.,.F.,(6,6),(0.,2.00111725539E-02),
  .PIECEWISE_BEZIER_KNOTS.);
#10303 = CARTESIAN_POINT('',(17.065852832,139.57597853935,
    -8.951252262638));
#10304 = CARTESIAN_POINT('',(17.0686823407,139.57597853935,
    -8.951252262638));
#10305 = CARTESIAN_POINT('',(17.0715118604,139.57596248475,
    -8.951252262638));
#10306 = CARTESIAN_POINT('',(17.0743428389,139.57612210715,
    -8.951252262638));
#10307 = CARTESIAN_POINT('',(17.0771714195,139.57605032325,
    -8.951252262638));
#10308 = CARTESIAN_POINT('',(17.08,139.57597853935,-8.951252262638));
#10309 = PLANE('',#10310);
#10310 = AXIS2_PLACEMENT_3D('',#10311,#10312,#10313);
#10311 = CARTESIAN_POINT('',(17.08,141.70097853935,-8.951252262638));
#10312 = DIRECTION('',(4.555315873025E-16,-1.110223024625E-16,-1.));
#10313 = DIRECTION('',(-4.440892098501E-16,-1.,1.110223024625E-16));
#10314 = ADVANCED_FACE('',(#10315),#10344,.F.);
#10315 = FACE_BOUND('',#10316,.F.);
#10316 = EDGE_LOOP('',(#10317,#10328,#10335,#10336,#10337));
#10317 = ORIENTED_EDGE('',*,*,#10318,.F.);
#10318 = EDGE_CURVE('',#10319,#10321,#10323,.T.);
#10319 = VERTEX_POINT('',#10320);
#10320 = CARTESIAN_POINT('',(30.1560849191,139.57597853935,
    -24.52356399553));
#10321 = VERTEX_POINT('',#10322);
#10322 = CARTESIAN_POINT('',(30.3957976884,139.07597853935,
    -24.08477271463));
#10323 = CIRCLE('',#10324,0.5);
#10324 = AXIS2_PLACEMENT_3D('',#10325,#10326,#10327);
#10325 = CARTESIAN_POINT('',(30.1560849191,139.07597853935,
    -24.52356399553));
#10326 = DIRECTION('',(0.87758256189,-4.429518736436E-16,-0.479425538604
    ));
#10327 = DIRECTION('',(-0.479425538604,1.754341560739E-16,-0.87758256189
    ));
#10328 = ORIENTED_EDGE('',*,*,#10329,.T.);
#10329 = EDGE_CURVE('',#10319,#10294,#10330,.T.);
#10330 = CIRCLE('',#10331,28.);
#10331 = AXIS2_PLACEMENT_3D('',#10332,#10333,#10334);
#10332 = CARTESIAN_POINT('',(43.58,139.57597853935,4.874773736204E-02));
#10333 = DIRECTION('',(4.728344548313E-16,1.,-5.840448446692E-17));
#10334 = DIRECTION('',(-1.,4.728344548313E-16,-3.330669073875E-16));
#10335 = ORIENTED_EDGE('',*,*,#10301,.T.);
#10336 = ORIENTED_EDGE('',*,*,#8987,.T.);
#10337 = ORIENTED_EDGE('',*,*,#10338,.F.);
#10338 = EDGE_CURVE('',#10321,#8988,#10339,.T.);
#10339 = CIRCLE('',#10340,27.5);
#10340 = AXIS2_PLACEMENT_3D('',#10341,#10342,#10343);
#10341 = CARTESIAN_POINT('',(43.58,139.07597853935,4.874773736204E-02));
#10342 = DIRECTION('',(4.728344548313E-16,1.,-5.840448446692E-17));
#10343 = DIRECTION('',(-1.,4.728344548313E-16,-3.330669073875E-16));
#10344 = TOROIDAL_SURFACE('',#10345,28.,0.5);
#10345 = AXIS2_PLACEMENT_3D('',#10346,#10347,#10348);
#10346 = CARTESIAN_POINT('',(43.58,139.07597853935,4.874773736204E-02));
#10347 = DIRECTION('',(4.440892098501E-16,1.,-1.110223024625E-16));
#10348 = DIRECTION('',(-0.479425538604,1.154764719987E-16,-0.87758256189
    ));
#10349 = ADVANCED_FACE('',(#10350),#10361,.T.);
#10350 = FACE_BOUND('',#10351,.T.);
#10351 = EDGE_LOOP('',(#10352,#10358,#10359,#10360));
#10352 = ORIENTED_EDGE('',*,*,#10353,.F.);
#10353 = EDGE_CURVE('',#10006,#10321,#10354,.T.);
#10354 = LINE('',#10355,#10356);
#10355 = CARTESIAN_POINT('',(30.3957976884,137.70097901615,
    -24.08477271463));
#10356 = VECTOR('',#10357,1.);
#10357 = DIRECTION('',(4.440892098501E-16,1.,-1.110222341411E-16));
#10358 = ORIENTED_EDGE('',*,*,#10016,.T.);
#10359 = ORIENTED_EDGE('',*,*,#9010,.T.);
#10360 = ORIENTED_EDGE('',*,*,#10338,.F.);
#10361 = CYLINDRICAL_SURFACE('',#10362,27.5);
#10362 = AXIS2_PLACEMENT_3D('',#10363,#10364,#10365);
#10363 = CARTESIAN_POINT('',(43.58,137.70097901615,4.874773736204E-02));
#10364 = DIRECTION('',(4.4408920985E-16,1.,-1.110223024625E-16));
#10365 = DIRECTION('',(-0.479425538604,1.154764719986E-16,-0.87758256189
    ));
#10366 = ADVANCED_FACE('',(#10367),#10386,.T.);
#10367 = FACE_BOUND('',#10368,.T.);
#10368 = EDGE_LOOP('',(#10369,#10377,#10378,#10379));
#10369 = ORIENTED_EDGE('',*,*,#10370,.F.);
#10370 = EDGE_CURVE('',#9045,#10371,#10373,.T.);
#10371 = VERTEX_POINT('',#10372);
#10372 = CARTESIAN_POINT('',(58.6819044659,130.40097853905,
    -27.59510296183));
#10373 = LINE('',#10374,#10375);
#10374 = CARTESIAN_POINT('',(1.69553487864E+05,3.536676915715E+05,
    -3.102857563053E+05));
#10375 = VECTOR('',#10376,1.);
#10376 = DIRECTION('',(0.339005049421,0.707106781187,-0.620544580563));
#10377 = ORIENTED_EDGE('',*,*,#9044,.T.);
#10378 = ORIENTED_EDGE('',*,*,#10077,.T.);
#10379 = ORIENTED_EDGE('',*,*,#10380,.F.);
#10380 = EDGE_CURVE('',#10371,#10070,#10381,.T.);
#10381 = CIRCLE('',#10382,31.4999999996);
#10382 = AXIS2_PLACEMENT_3D('',#10383,#10384,#10385);
#10383 = CARTESIAN_POINT('',(43.58,130.40097853905,4.874773736204E-02));
#10384 = DIRECTION('',(4.153439648689E-16,1.,-5.840448446692E-17));
#10385 = DIRECTION('',(-1.,4.153439648689E-16,-3.330669073875E-16));
#10386 = CONICAL_SURFACE('',#10387,30.8,0.785398163397);
#10387 = AXIS2_PLACEMENT_3D('',#10388,#10389,#10390);
#10388 = CARTESIAN_POINT('',(43.58,129.70097853935,4.874773736204E-02));
#10389 = DIRECTION('',(4.440892098501E-16,1.,-1.110223024625E-16));
#10390 = DIRECTION('',(0.479425538604,-3.103389452427E-16,-0.87758256189
    ));
#10391 = ADVANCED_FACE('',(#10392),#10413,.T.);
#10392 = FACE_BOUND('',#10393,.T.);
#10393 = EDGE_LOOP('',(#10394,#10395,#10396,#10406));
#10394 = ORIENTED_EDGE('',*,*,#9064,.T.);
#10395 = ORIENTED_EDGE('',*,*,#10370,.T.);
#10396 = ORIENTED_EDGE('',*,*,#10397,.F.);
#10397 = EDGE_CURVE('',#10398,#10371,#10400,.T.);
#10398 = VERTEX_POINT('',#10399);
#10399 = CARTESIAN_POINT('',(74.0471954732,130.40097853865,
    -7.951252262618));
#10400 = B_SPLINE_CURVE_WITH_KNOTS('',4,(#10401,#10402,#10403,#10404,
    #10405),.UNSPECIFIED.,.F.,.F.,(5,5),(-40.7007747158,40.7007747158),
  .PIECEWISE_BEZIER_KNOTS.);
#10401 = CARTESIAN_POINT('',(74.0471954728,130.40097853905,
    -7.951252262528));
#10402 = CARTESIAN_POINT('',(72.4191644842,130.40097853905,
    -14.15144455833));
#10403 = CARTESIAN_POINT('',(69.1043987957,130.40097853905,
    -19.91626937033));
#10404 = CARTESIAN_POINT('',(64.3075351639,130.40097853905,
    -24.52180690473));
#10405 = CARTESIAN_POINT('',(58.6819044659,130.40097853915,
    -27.59510296193));
#10406 = ORIENTED_EDGE('',*,*,#10407,.F.);
#10407 = EDGE_CURVE('',#9065,#10398,#10408,.T.);
#10408 = B_SPLINE_CURVE_WITH_KNOTS('',3,(#10409,#10410,#10411,#10412),
  .UNSPECIFIED.,.F.,.F.,(4,4),(0.,1.53339518036),
  .PIECEWISE_BEZIER_KNOTS.);
#10409 = CARTESIAN_POINT('',(73.322898312,129.70097853935,
    -7.951252262638));
#10410 = CARTESIAN_POINT('',(73.5631167859,129.93295235885,
    -7.951252262628));
#10411 = CARTESIAN_POINT('',(73.8045870658,130.16632464185,
    -7.951252262638));
#10412 = CARTESIAN_POINT('',(74.0471954732,130.40097853935,
    -7.951252262638));
#10413 = CONICAL_SURFACE('',#10414,30.8,0.785398163397);
#10414 = AXIS2_PLACEMENT_3D('',#10415,#10416,#10417);
#10415 = CARTESIAN_POINT('',(43.58,129.70097853935,4.874773736204E-02));
#10416 = DIRECTION('',(4.440892098501E-16,1.,-1.110223024625E-16));
#10417 = DIRECTION('',(-0.479425538604,3.103389452427E-16,0.87758256189)
  );
#10418 = ADVANCED_FACE('',(#10419),#10463,.T.);
#10419 = FACE_BOUND('',#10420,.T.);
#10420 = EDGE_LOOP('',(#10421,#10429,#10440,#10448,#10460,#10461,#10462)
  );
#10421 = ORIENTED_EDGE('',*,*,#10422,.F.);
#10422 = EDGE_CURVE('',#10423,#10398,#10425,.T.);
#10423 = VERTEX_POINT('',#10424);
#10424 = CARTESIAN_POINT('',(74.0471954736,134.32347946375,
    -7.951252262638));
#10425 = LINE('',#10426,#10427);
#10426 = CARTESIAN_POINT('',(74.0471954736,132.36222900115,
    -7.951252262638));
#10427 = VECTOR('',#10428,1.);
#10428 = DIRECTION('',(-4.440892098501E-16,-1.,4.270088556252E-17));
#10429 = ORIENTED_EDGE('',*,*,#10430,.T.);
#10430 = EDGE_CURVE('',#10423,#10431,#10433,.T.);
#10431 = VERTEX_POINT('',#10432);
#10432 = CARTESIAN_POINT('',(71.3481654431,135.82597853935,
    -7.951252262638));
#10433 = B_SPLINE_CURVE_WITH_KNOTS('',5,(#10434,#10435,#10436,#10437,
    #10438,#10439),.UNSPECIFIED.,.F.,.F.,(6,6),(0.,4.36858585046),
  .PIECEWISE_BEZIER_KNOTS.);
#10434 = CARTESIAN_POINT('',(74.0471954736,134.32347946375,
    -7.951252262638));
#10435 = CARTESIAN_POINT('',(73.5053819324,134.62603921375,
    -7.951252262638));
#10436 = CARTESIAN_POINT('',(72.9644050646,134.92769728725,
    -7.951252262638));
#10437 = CARTESIAN_POINT('',(72.424390853,135.22835097075,
    -7.951252262638));
#10438 = CARTESIAN_POINT('',(71.8855824226,135.52782755985,
    -7.951252262638));
#10439 = CARTESIAN_POINT('',(71.3481654431,135.82597853935,
    -7.951252262638));
#10440 = ORIENTED_EDGE('',*,*,#10441,.T.);
#10441 = EDGE_CURVE('',#10431,#10442,#10444,.T.);
#10442 = VERTEX_POINT('',#10443);
#10443 = CARTESIAN_POINT('',(70.4128157291,135.82597853935,
    -7.951252262638));
#10444 = LINE('',#10445,#10446);
#10445 = CARTESIAN_POINT('',(70.8804905861,135.82597853935,
    -7.951252262638));
#10446 = VECTOR('',#10447,1.);
#10447 = DIRECTION('',(-1.,4.440892098501E-16,-3.330669073875E-16));
#10448 = ORIENTED_EDGE('',*,*,#10449,.F.);
#10449 = EDGE_CURVE('',#9177,#10442,#10450,.T.);
#10450 = B_SPLINE_CURVE_WITH_KNOTS('',5,(#10451,#10452,#10453,#10454,
    #10455,#10456,#10457,#10458,#10459),.UNSPECIFIED.,.F.,.F.,(6,3,6),(
    0.,0.406622066317,0.508281853382),.UNSPECIFIED.);
#10451 = CARTESIAN_POINT('',(70.08,135.94077729935,-7.951252262638));
#10452 = CARTESIAN_POINT('',(70.1249592016,135.90515834625,
    -7.951252262638));
#10453 = CARTESIAN_POINT('',(70.1749478466,135.87594099305,
    -7.951252262638));
#10454 = CARTESIAN_POINT('',(70.228583393,135.85360250425,
    -7.951252262638));
#10455 = CARTESIAN_POINT('',(70.2983920245,135.83465020055,
    -7.951252262638));
#10456 = CARTESIAN_POINT('',(70.3697738354,135.82743498475,
    -7.951252262638));
#10457 = CARTESIAN_POINT('',(70.3841330685,135.82646475345,
    -7.951252262638));
#10458 = CARTESIAN_POINT('',(70.3984743197,135.82597853935,
    -7.951252262638));
#10459 = CARTESIAN_POINT('',(70.4128157291,135.82597853935,
    -7.951252262638));
#10460 = ORIENTED_EDGE('',*,*,#9176,.F.);
#10461 = ORIENTED_EDGE('',*,*,#9078,.T.);
#10462 = ORIENTED_EDGE('',*,*,#10407,.T.);
#10463 = PLANE('',#10464);
#10464 = AXIS2_PLACEMENT_3D('',#10465,#10466,#10467);
#10465 = CARTESIAN_POINT('',(70.08,142.70097853935,-7.951252262638));
#10466 = DIRECTION('',(-4.555315873025E-16,1.110223024625E-16,1.));
#10467 = DIRECTION('',(-4.440892098501E-16,-1.,1.110223024625E-16));
#10468 = ADVANCED_FACE('',(#10469),#10512,.F.);
#10469 = FACE_BOUND('',#10470,.F.);
#10470 = EDGE_LOOP('',(#10471,#10472,#10480,#10506));
#10471 = ORIENTED_EDGE('',*,*,#9092,.T.);
#10472 = ORIENTED_EDGE('',*,*,#10473,.T.);
#10473 = EDGE_CURVE('',#9095,#10474,#10476,.T.);
#10474 = VERTEX_POINT('',#10475);
#10475 = CARTESIAN_POINT('',(74.0471954732,142.70097853935,
    8.048747737362));
#10476 = LINE('',#10477,#10478);
#10477 = CARTESIAN_POINT('',(71.9800000004,142.70097853935,
    8.048747737362));
#10478 = VECTOR('',#10479,1.);
#10479 = DIRECTION('',(1.,-4.440892098501E-16,4.555315680225E-16));
#10480 = ORIENTED_EDGE('',*,*,#10481,.F.);
#10481 = EDGE_CURVE('',#10482,#10474,#10484,.T.);
#10482 = VERTEX_POINT('',#10483);
#10483 = CARTESIAN_POINT('',(74.0471954732,142.70097853935,
    -7.951252262638));
#10484 = B_SPLINE_CURVE_WITH_KNOTS('',5,(#10485,#10486,#10487,#10488,
    #10489,#10490,#10491,#10492,#10493,#10494,#10495,#10496,#10497,
    #10498,#10499,#10500,#10501,#10502,#10503,#10504,#10505),
  .UNSPECIFIED.,.F.,.F.,(6,3,3,3,3,3,6),(0.,7.81625918188,11.788972548,
    15.7012986329,23.4927397896,30.410881964,35.8757689502),
  .UNSPECIFIED.);
#10485 = CARTESIAN_POINT('',(74.0471954732,142.70097853935,
    -7.951252262638));
#10486 = CARTESIAN_POINT('',(74.0471954732,143.80143301765,
    -7.951252262638));
#10487 = CARTESIAN_POINT('',(74.0968800765,144.90188737475,
    -7.762033503428));
#10488 = CARTESIAN_POINT('',(74.196701493,145.95501314638,
    -7.383567425128));
#10489 = CARTESIAN_POINT('',(74.3925564446,147.4091486363,
    -6.557639495778));
#10490 = CARTESIAN_POINT('',(74.6081859132,148.59297229988,
    -5.405419595598));
#10491 = CARTESIAN_POINT('',(74.6791778945,148.95172585383,
    -4.990258502098));
#10492 = CARTESIAN_POINT('',(74.8153759027,149.59957287228,
    -4.095042864018));
#10493 = CARTESIAN_POINT('',(74.9282186386,150.08593909592,
    -3.099998356378));
#10494 = CARTESIAN_POINT('',(74.9761296956,150.28480791085,
    -2.585821691548));
#10495 = CARTESIAN_POINT('',(75.0896310622,150.7452588344,
    -1.000704256078));
#10496 = CARTESIAN_POINT('',(75.1039180724,150.79134417514,
    0.669440447576));
#10497 = CARTESIAN_POINT('',(75.0608478868,150.62990586692,
    1.770353184652));
#10498 = CARTESIAN_POINT('',(74.8940530361,149.97502755885,
    3.759738469892));
#10499 = CARTESIAN_POINT('',(74.6310953852,148.7389242927,5.430523601492
    ));
#10500 = CARTESIAN_POINT('',(74.4984375285,148.04377680729,
    6.121103567162));
#10501 = CARTESIAN_POINT('',(74.2753199776,146.63117624371,
    7.152400836912));
#10502 = CARTESIAN_POINT('',(74.1202722083,144.99454140055,
    7.770849731202));
#10503 = CARTESIAN_POINT('',(74.071483168,144.23978607225,7.956250522322
    ));
#10504 = CARTESIAN_POINT('',(74.0471954732,143.47038231905,
    8.048747737362));
#10505 = CARTESIAN_POINT('',(74.0471954732,142.70097853935,
    8.048747737362));
#10506 = ORIENTED_EDGE('',*,*,#10507,.F.);
#10507 = EDGE_CURVE('',#9093,#10482,#10508,.T.);
#10508 = LINE('',#10509,#10510);
#10509 = CARTESIAN_POINT('',(71.9800000004,142.70097853935,
    -7.951252262638));
#10510 = VECTOR('',#10511,1.);
#10511 = DIRECTION('',(1.,-4.440892098501E-16,4.555315680225E-16));
#10512 = CYLINDRICAL_SURFACE('',#10513,8.);
#10513 = AXIS2_PLACEMENT_3D('',#10514,#10515,#10516);
#10514 = CARTESIAN_POINT('',(71.98,142.70097853935,4.874773736206E-02));
#10515 = DIRECTION('',(1.,-4.440892098501E-16,4.555315873025E-16));
#10516 = DIRECTION('',(4.555315873025E-16,-1.722546424195E-16,-1.));
#10517 = ADVANCED_FACE('',(#10518),#10562,.T.);
#10518 = FACE_BOUND('',#10519,.T.);
#10519 = EDGE_LOOP('',(#10520,#10530,#10542,#10543,#10544,#10545,#10553)
  );
#10520 = ORIENTED_EDGE('',*,*,#10521,.T.);
#10521 = EDGE_CURVE('',#10522,#10524,#10526,.T.);
#10522 = VERTEX_POINT('',#10523);
#10523 = CARTESIAN_POINT('',(71.3481654431,139.57597853935,
    8.048747737362));
#10524 = VERTEX_POINT('',#10525);
#10525 = CARTESIAN_POINT('',(70.4128157291,139.57597853935,
    8.048747737362));
#10526 = LINE('',#10527,#10528);
#10527 = CARTESIAN_POINT('',(70.8804905861,139.57597853935,
    8.048747737362));
#10528 = VECTOR('',#10529,1.);
#10529 = DIRECTION('',(-1.,4.440892098501E-16,-3.330669073875E-16));
#10530 = ORIENTED_EDGE('',*,*,#10531,.F.);
#10531 = EDGE_CURVE('',#9112,#10524,#10532,.T.);
#10532 = B_SPLINE_CURVE_WITH_KNOTS('',5,(#10533,#10534,#10535,#10536,
    #10537,#10538,#10539,#10540,#10541),.UNSPECIFIED.,.F.,.F.,(6,3,6),(
    0.,0.406613824963,0.508271546497),.UNSPECIFIED.);
#10533 = CARTESIAN_POINT('',(70.08,139.46117977935,8.048747737362));
#10534 = CARTESIAN_POINT('',(70.1249582941,139.49679801355,
    8.048747737362));
#10535 = CARTESIAN_POINT('',(70.174945825,139.52601491305,8.048747737362
    ));
#10536 = CARTESIAN_POINT('',(70.2285801391,139.54835323995,
    8.048747737362));
#10537 = CARTESIAN_POINT('',(70.2983871853,139.56730571095,
    8.048747737362));
#10538 = CARTESIAN_POINT('',(70.3697674722,139.57452158205,
    8.048747737362));
#10539 = CARTESIAN_POINT('',(70.3841264003,139.57549196325,
    8.048747737362));
#10540 = CARTESIAN_POINT('',(70.3984673549,139.57597834815,
    8.048747737362));
#10541 = CARTESIAN_POINT('',(70.4128084741,139.57597853935,
    8.048747737362));
#10542 = ORIENTED_EDGE('',*,*,#9111,.F.);
#10543 = ORIENTED_EDGE('',*,*,#9103,.F.);
#10544 = ORIENTED_EDGE('',*,*,#10473,.T.);
#10545 = ORIENTED_EDGE('',*,*,#10546,.F.);
#10546 = EDGE_CURVE('',#10547,#10474,#10549,.T.);
#10547 = VERTEX_POINT('',#10548);
#10548 = CARTESIAN_POINT('',(74.0471954736,141.07847761495,
    8.048747737362));
#10549 = LINE('',#10550,#10551);
#10550 = CARTESIAN_POINT('',(74.0471954736,141.88972807715,
    8.048747737362));
#10551 = VECTOR('',#10552,1.);
#10552 = DIRECTION('',(4.440892098501E-16,1.,-4.270088556252E-17));
#10553 = ORIENTED_EDGE('',*,*,#10554,.F.);
#10554 = EDGE_CURVE('',#10522,#10547,#10555,.T.);
#10555 = B_SPLINE_CURVE_WITH_KNOTS('',5,(#10556,#10557,#10558,#10559,
    #10560,#10561),.UNSPECIFIED.,.F.,.F.,(6,6),(0.,4.36858585046),
  .PIECEWISE_BEZIER_KNOTS.);
#10556 = CARTESIAN_POINT('',(71.3481654431,139.57597853935,
    8.048747737362));
#10557 = CARTESIAN_POINT('',(71.8855824226,139.87412951885,
    8.048747737362));
#10558 = CARTESIAN_POINT('',(72.424390853,140.17360610795,8.048747737362
    ));
#10559 = CARTESIAN_POINT('',(72.9644050646,140.47425979135,
    8.048747737362));
#10560 = CARTESIAN_POINT('',(73.5053819324,140.77591786495,
    8.048747737362));
#10561 = CARTESIAN_POINT('',(74.0471954736,141.07847761495,
    8.048747737362));
#10562 = PLANE('',#10563);
#10563 = AXIS2_PLACEMENT_3D('',#10564,#10565,#10566);
#10564 = CARTESIAN_POINT('',(70.08,129.70097853935,8.048747737362));
#10565 = DIRECTION('',(4.555315873025E-16,-4.270088556252E-17,-1.));
#10566 = DIRECTION('',(4.440892098501E-16,1.,-4.270088556252E-17));
#10567 = ADVANCED_FACE('',(#10568),#10587,.F.);
#10568 = FACE_BOUND('',#10569,.F.);
#10569 = EDGE_LOOP('',(#10570,#10571,#10578,#10579,#10580));
#10570 = ORIENTED_EDGE('',*,*,#10155,.F.);
#10571 = ORIENTED_EDGE('',*,*,#10572,.T.);
#10572 = EDGE_CURVE('',#10156,#10524,#10573,.T.);
#10573 = CIRCLE('',#10574,28.);
#10574 = AXIS2_PLACEMENT_3D('',#10575,#10576,#10577);
#10575 = CARTESIAN_POINT('',(43.58,139.57597853935,4.874773736204E-02));
#10576 = DIRECTION('',(4.728344548313E-16,1.,-5.840448446692E-17));
#10577 = DIRECTION('',(-1.,4.728344548313E-16,-3.330669073875E-16));
#10578 = ORIENTED_EDGE('',*,*,#10531,.F.);
#10579 = ORIENTED_EDGE('',*,*,#9119,.T.);
#10580 = ORIENTED_EDGE('',*,*,#10581,.F.);
#10581 = EDGE_CURVE('',#10133,#9120,#10582,.T.);
#10582 = CIRCLE('',#10583,27.5);
#10583 = AXIS2_PLACEMENT_3D('',#10584,#10585,#10586);
#10584 = CARTESIAN_POINT('',(43.58,139.07597853935,4.874773736204E-02));
#10585 = DIRECTION('',(4.728344548313E-16,1.,-5.840448446692E-17));
#10586 = DIRECTION('',(-1.,4.728344548313E-16,-3.330669073875E-16));
#10587 = TOROIDAL_SURFACE('',#10588,28.,0.5);
#10588 = AXIS2_PLACEMENT_3D('',#10589,#10590,#10591);
#10589 = CARTESIAN_POINT('',(43.58,139.07597853935,4.874773736204E-02));
#10590 = DIRECTION('',(4.440892098501E-16,1.,-1.110223024625E-16));
#10591 = DIRECTION('',(0.479425538604,-1.154764719987E-16,0.87758256189)
  );
#10592 = ADVANCED_FACE('',(#10593),#10605,.T.);
#10593 = FACE_BOUND('',#10594,.T.);
#10594 = EDGE_LOOP('',(#10595,#10596,#10603,#10604));
#10595 = ORIENTED_EDGE('',*,*,#10132,.F.);
#10596 = ORIENTED_EDGE('',*,*,#10597,.T.);
#10597 = EDGE_CURVE('',#10096,#9140,#10598,.T.);
#10598 = CIRCLE('',#10599,27.5);
#10599 = AXIS2_PLACEMENT_3D('',#10600,#10601,#10602);
#10600 = CARTESIAN_POINT('',(43.58,136.32597853935,4.874773736204E-02));
#10601 = DIRECTION('',(4.4408920985E-16,1.,-1.110223024625E-16));
#10602 = DIRECTION('',(-3.330669073875E-16,1.110223024625E-16,1.));
#10603 = ORIENTED_EDGE('',*,*,#9139,.T.);
#10604 = ORIENTED_EDGE('',*,*,#10581,.F.);
#10605 = CYLINDRICAL_SURFACE('',#10606,27.5);
#10606 = AXIS2_PLACEMENT_3D('',#10607,#10608,#10609);
#10607 = CARTESIAN_POINT('',(43.58,137.70097901615,4.874773736204E-02));
#10608 = DIRECTION('',(4.4408920985E-16,1.,-1.110223024625E-16));
#10609 = DIRECTION('',(0.479425538604,-1.154764719986E-16,0.87758256189)
  );
#10610 = ADVANCED_FACE('',(#10611),#10624,.F.);
#10611 = FACE_BOUND('',#10612,.F.);
#10612 = EDGE_LOOP('',(#10613,#10614,#10615,#10616,#10617));
#10613 = ORIENTED_EDGE('',*,*,#10104,.F.);
#10614 = ORIENTED_EDGE('',*,*,#10597,.T.);
#10615 = ORIENTED_EDGE('',*,*,#9147,.F.);
#10616 = ORIENTED_EDGE('',*,*,#9940,.F.);
#10617 = ORIENTED_EDGE('',*,*,#10618,.F.);
#10618 = EDGE_CURVE('',#10105,#9941,#10619,.T.);
#10619 = CIRCLE('',#10620,28.);
#10620 = AXIS2_PLACEMENT_3D('',#10621,#10622,#10623);
#10621 = CARTESIAN_POINT('',(43.58,135.82597853935,4.874773736204E-02));
#10622 = DIRECTION('',(4.728344548313E-16,1.,-5.840448446692E-17));
#10623 = DIRECTION('',(-1.,4.728344548313E-16,-3.330669073875E-16));
#10624 = TOROIDAL_SURFACE('',#10625,28.,0.5);
#10625 = AXIS2_PLACEMENT_3D('',#10626,#10627,#10628);
#10626 = CARTESIAN_POINT('',(43.58,136.32597853935,4.874773736204E-02));
#10627 = DIRECTION('',(4.440892098501E-16,1.,-1.110223024625E-16));
#10628 = DIRECTION('',(0.479425538604,-1.154764719987E-16,0.87758256189)
  );
#10629 = ADVANCED_FACE('',(#10630),#10649,.F.);
#10630 = FACE_BOUND('',#10631,.F.);
#10631 = EDGE_LOOP('',(#10632,#10633,#10634,#10641,#10642));
#10632 = ORIENTED_EDGE('',*,*,#10449,.F.);
#10633 = ORIENTED_EDGE('',*,*,#9184,.F.);
#10634 = ORIENTED_EDGE('',*,*,#10635,.T.);
#10635 = EDGE_CURVE('',#9185,#10006,#10636,.T.);
#10636 = CIRCLE('',#10637,27.5);
#10637 = AXIS2_PLACEMENT_3D('',#10638,#10639,#10640);
#10638 = CARTESIAN_POINT('',(43.58,136.32597853935,4.874773736204E-02));
#10639 = DIRECTION('',(4.728344548313E-16,1.,-5.840448446692E-17));
#10640 = DIRECTION('',(-1.,4.728344548313E-16,-3.330669073875E-16));
#10641 = ORIENTED_EDGE('',*,*,#10005,.T.);
#10642 = ORIENTED_EDGE('',*,*,#10643,.F.);
#10643 = EDGE_CURVE('',#10442,#10008,#10644,.T.);
#10644 = CIRCLE('',#10645,28.);
#10645 = AXIS2_PLACEMENT_3D('',#10646,#10647,#10648);
#10646 = CARTESIAN_POINT('',(43.58,135.82597853935,4.874773736204E-02));
#10647 = DIRECTION('',(4.728344548313E-16,1.,-5.840448446692E-17));
#10648 = DIRECTION('',(-1.,4.728344548313E-16,-3.330669073875E-16));
#10649 = TOROIDAL_SURFACE('',#10650,28.,0.5);
#10650 = AXIS2_PLACEMENT_3D('',#10651,#10652,#10653);
#10651 = CARTESIAN_POINT('',(43.58,136.32597853935,4.874773736204E-02));
#10652 = DIRECTION('',(4.440892098501E-16,1.,-1.110223024625E-16));
#10653 = DIRECTION('',(0.479425538604,-1.154764719987E-16,0.87758256189)
  );
#10654 = ADVANCED_FACE('',(#10655),#10667,.T.);
#10655 = FACE_BOUND('',#10656,.T.);
#10656 = EDGE_LOOP('',(#10657,#10658,#10659,#10660));
#10657 = ORIENTED_EDGE('',*,*,#9207,.F.);
#10658 = ORIENTED_EDGE('',*,*,#10635,.T.);
#10659 = ORIENTED_EDGE('',*,*,#10353,.T.);
#10660 = ORIENTED_EDGE('',*,*,#10661,.F.);
#10661 = EDGE_CURVE('',#9208,#10321,#10662,.T.);
#10662 = CIRCLE('',#10663,27.5);
#10663 = AXIS2_PLACEMENT_3D('',#10664,#10665,#10666);
#10664 = CARTESIAN_POINT('',(43.58,139.07597853935,4.874773736204E-02));
#10665 = DIRECTION('',(4.4408920985E-16,1.,-1.110223024625E-16));
#10666 = DIRECTION('',(-3.330669073875E-16,1.110223024625E-16,1.));
#10667 = CYLINDRICAL_SURFACE('',#10668,27.5);
#10668 = AXIS2_PLACEMENT_3D('',#10669,#10670,#10671);
#10669 = CARTESIAN_POINT('',(43.58,137.70097901615,4.874773736204E-02));
#10670 = DIRECTION('',(4.4408920985E-16,1.,-1.110223024625E-16));
#10671 = DIRECTION('',(0.479425538604,-1.154764719986E-16,0.87758256189)
  );
#10672 = ADVANCED_FACE('',(#10673),#10694,.F.);
#10673 = FACE_BOUND('',#10674,.F.);
#10674 = EDGE_LOOP('',(#10675,#10684,#10691,#10692,#10693));
#10675 = ORIENTED_EDGE('',*,*,#10676,.F.);
#10676 = EDGE_CURVE('',#10677,#9216,#10679,.T.);
#10677 = VERTEX_POINT('',#10678);
#10678 = CARTESIAN_POINT('',(70.41281573,139.57597853935,-7.951252262638
    ));
#10679 = B_SPLINE_CURVE_WITH_KNOTS('',3,(#10680,#10681,#10682,#10683),
  .UNSPECIFIED.,.F.,.F.,(4,4),(0.,0.512070798364),
  .PIECEWISE_BEZIER_KNOTS.);
#10680 = CARTESIAN_POINT('',(70.41281573,139.57597853935,-7.951252262638
    ));
#10681 = CARTESIAN_POINT('',(70.2932259961,139.57597853935,
    -7.951252262638));
#10682 = CARTESIAN_POINT('',(70.1736887351,139.53540473245,
    -7.951252262638));
#10683 = CARTESIAN_POINT('',(70.08,139.46117977845,-7.951252262618));
#10684 = ORIENTED_EDGE('',*,*,#10685,.T.);
#10685 = EDGE_CURVE('',#10677,#10319,#10686,.T.);
#10686 = CIRCLE('',#10687,28.);
#10687 = AXIS2_PLACEMENT_3D('',#10688,#10689,#10690);
#10688 = CARTESIAN_POINT('',(43.58,139.57597853935,4.874773736204E-02));
#10689 = DIRECTION('',(4.728344548313E-16,1.,-5.840448446692E-17));
#10690 = DIRECTION('',(-1.,4.728344548313E-16,-3.330669073875E-16));
#10691 = ORIENTED_EDGE('',*,*,#10318,.T.);
#10692 = ORIENTED_EDGE('',*,*,#10661,.F.);
#10693 = ORIENTED_EDGE('',*,*,#9215,.T.);
#10694 = TOROIDAL_SURFACE('',#10695,28.,0.5);
#10695 = AXIS2_PLACEMENT_3D('',#10696,#10697,#10698);
#10696 = CARTESIAN_POINT('',(43.58,139.07597853935,4.874773736204E-02));
#10697 = DIRECTION('',(4.440892098501E-16,1.,-1.110223024625E-16));
#10698 = DIRECTION('',(0.479425538604,-1.154764719987E-16,0.87758256189)
  );
#10699 = ADVANCED_FACE('',(#10700),#10731,.T.);
#10700 = FACE_BOUND('',#10701,.T.);
#10701 = EDGE_LOOP('',(#10702,#10703,#10704,#10705,#10706,#10714,#10725)
  );
#10702 = ORIENTED_EDGE('',*,*,#10507,.F.);
#10703 = ORIENTED_EDGE('',*,*,#9246,.F.);
#10704 = ORIENTED_EDGE('',*,*,#9238,.F.);
#10705 = ORIENTED_EDGE('',*,*,#10676,.F.);
#10706 = ORIENTED_EDGE('',*,*,#10707,.F.);
#10707 = EDGE_CURVE('',#10708,#10677,#10710,.T.);
#10708 = VERTEX_POINT('',#10709);
#10709 = CARTESIAN_POINT('',(71.3481654431,139.57597853935,
    -7.951252262638));
#10710 = LINE('',#10711,#10712);
#10711 = CARTESIAN_POINT('',(70.8804905861,139.57597853935,
    -7.951252262638));
#10712 = VECTOR('',#10713,1.);
#10713 = DIRECTION('',(-1.,4.440892098501E-16,-3.330669073875E-16));
#10714 = ORIENTED_EDGE('',*,*,#10715,.F.);
#10715 = EDGE_CURVE('',#10716,#10708,#10718,.T.);
#10716 = VERTEX_POINT('',#10717);
#10717 = CARTESIAN_POINT('',(74.0471954736,141.07847761495,
    -7.951252262638));
#10718 = B_SPLINE_CURVE_WITH_KNOTS('',5,(#10719,#10720,#10721,#10722,
    #10723,#10724),.UNSPECIFIED.,.F.,.F.,(6,6),(0.,4.36858585046),
  .PIECEWISE_BEZIER_KNOTS.);
#10719 = CARTESIAN_POINT('',(74.0471954736,141.07847761495,
    -7.951252262638));
#10720 = CARTESIAN_POINT('',(73.5053819324,140.77591786495,
    -7.951252262638));
#10721 = CARTESIAN_POINT('',(72.9644050646,140.47425979135,
    -7.951252262638));
#10722 = CARTESIAN_POINT('',(72.424390853,140.17360610795,
    -7.951252262638));
#10723 = CARTESIAN_POINT('',(71.8855824226,139.87412951885,
    -7.951252262638));
#10724 = CARTESIAN_POINT('',(71.3481654431,139.57597853935,
    -7.951252262638));
#10725 = ORIENTED_EDGE('',*,*,#10726,.F.);
#10726 = EDGE_CURVE('',#10482,#10716,#10727,.T.);
#10727 = LINE('',#10728,#10729);
#10728 = CARTESIAN_POINT('',(74.0471954736,141.88972807715,
    -7.951252262638));
#10729 = VECTOR('',#10730,1.);
#10730 = DIRECTION('',(-4.440892098501E-16,-1.,4.270088556252E-17));
#10731 = PLANE('',#10732);
#10732 = AXIS2_PLACEMENT_3D('',#10733,#10734,#10735);
#10733 = CARTESIAN_POINT('',(70.08,142.70097853935,-7.951252262638));
#10734 = DIRECTION('',(-4.555315873025E-16,1.110223024625E-16,1.));
#10735 = DIRECTION('',(-4.440892098501E-16,-1.,1.110223024625E-16));
#10736 = ADVANCED_FACE('',(#10737),#10768,.F.);
#10737 = FACE_BOUND('',#10738,.F.);
#10738 = EDGE_LOOP('',(#10739,#10755,#10761,#10762));
#10739 = ORIENTED_EDGE('',*,*,#10740,.F.);
#10740 = EDGE_CURVE('',#10741,#10743,#10745,.T.);
#10741 = VERTEX_POINT('',#10742);
#10742 = CARTESIAN_POINT('',(36.55866768666,78.894706349353,
    38.497819752562));
#10743 = VERTEX_POINT('',#10744);
#10744 = CARTESIAN_POINT('',(34.20133231334,78.161545523853,
    34.245486964362));
#10745 = B_SPLINE_CURVE_WITH_KNOTS('',5,(#10746,#10747,#10748,#10749,
    #10750,#10751,#10752,#10753,#10754),.UNSPECIFIED.,.F.,.F.,(6,3,6),(
    -3.86180276942,2.22044604925E-16,3.86180276942),.UNSPECIFIED.);
#10746 = CARTESIAN_POINT('',(36.55866768666,78.894706349353,
    38.497819752562));
#10747 = CARTESIAN_POINT('',(37.23647784024,78.831791623453,
    38.132914342662));
#10748 = CARTESIAN_POINT('',(37.76887569648,78.723651851853,
    37.505703667762));
#10749 = CARTESIAN_POINT('',(38.01194005262,78.582897965653,
    36.689331127762));
#10750 = CARTESIAN_POINT('',(37.80371215328,78.303155589053,
    35.066825344262));
#10751 = CARTESIAN_POINT('',(36.53078255444,78.122239432753,
    34.017511638162));
#10752 = CARTESIAN_POINT('',(35.70236491785,78.080941117453,
    33.777981409662));
#10753 = CARTESIAN_POINT('',(34.87914246692,78.098630797553,
    33.880581554562));
#10754 = CARTESIAN_POINT('',(34.20133231334,78.161545523353,
    34.245486964462));
#10755 = ORIENTED_EDGE('',*,*,#10756,.F.);
#10756 = EDGE_CURVE('',#9263,#10741,#10757,.T.);
#10757 = LINE('',#10758,#10759);
#10758 = CARTESIAN_POINT('',(36.55866768666,72.166104964353,
    39.657923439962));
#10759 = VECTOR('',#10760,1.);
#10760 = DIRECTION('',(5.219781509804E-16,0.985460115744,-0.169906916508
    ));
#10761 = ORIENTED_EDGE('',*,*,#9260,.F.);
#10762 = ORIENTED_EDGE('',*,*,#10763,.T.);
#10763 = EDGE_CURVE('',#9261,#10743,#10764,.T.);
#10764 = LINE('',#10765,#10766);
#10765 = CARTESIAN_POINT('',(34.20133231334,71.432944137053,
    35.405590651462));
#10766 = VECTOR('',#10767,1.);
#10767 = DIRECTION('',(5.219781509804E-16,0.985460115744,-0.169906916508
    ));
#10768 = CYLINDRICAL_SURFACE('',#10769,2.4585);
#10769 = AXIS2_PLACEMENT_3D('',#10770,#10771,#10772);
#10770 = CARTESIAN_POINT('',(35.38,71.799524550953,37.531757045662));
#10771 = DIRECTION('',(5.219781509804E-16,0.985460115744,-0.169906916508
    ));
#10772 = DIRECTION('',(0.479425538604,0.149107347072,0.864822613016));
#10773 = ADVANCED_FACE('',(#10774),#10791,.F.);
#10774 = FACE_BOUND('',#10775,.F.);
#10775 = EDGE_LOOP('',(#10776,#10788,#10789,#10790));
#10776 = ORIENTED_EDGE('',*,*,#10777,.F.);
#10777 = EDGE_CURVE('',#10743,#10741,#10778,.T.);
#10778 = B_SPLINE_CURVE_WITH_KNOTS('',5,(#10779,#10780,#10781,#10782,
    #10783,#10784,#10785,#10786,#10787),.UNSPECIFIED.,.F.,.F.,(6,3,6),(
    -3.86180276943,2.22044604925E-16,3.86180276943),.UNSPECIFIED.);
#10779 = CARTESIAN_POINT('',(34.20133231335,78.161545523853,
    34.245486964362));
#10780 = CARTESIAN_POINT('',(33.5235221598,78.224460249653,
    34.610392374262));
#10781 = CARTESIAN_POINT('',(32.9911243035,78.332600021153,
    35.237603049162));
#10782 = CARTESIAN_POINT('',(32.7480599474,78.473353907353,
    36.053975589262));
#10783 = CARTESIAN_POINT('',(32.9562878467,78.753096283853,
    37.676481372762));
#10784 = CARTESIAN_POINT('',(34.22921744555,78.934012440053,
    38.725795078862));
#10785 = CARTESIAN_POINT('',(35.05763508215,78.975310755253,
    38.965325307362));
#10786 = CARTESIAN_POINT('',(35.88085753308,78.957621075153,
    38.862725162462));
#10787 = CARTESIAN_POINT('',(36.55866768666,78.894706349253,
    38.497819752562));
#10788 = ORIENTED_EDGE('',*,*,#10763,.F.);
#10789 = ORIENTED_EDGE('',*,*,#9292,.F.);
#10790 = ORIENTED_EDGE('',*,*,#10756,.T.);
#10791 = CYLINDRICAL_SURFACE('',#10792,2.4585);
#10792 = AXIS2_PLACEMENT_3D('',#10793,#10794,#10795);
#10793 = CARTESIAN_POINT('',(35.38,71.799524550953,37.531757045662));
#10794 = DIRECTION('',(5.219781509804E-16,0.985460115744,-0.169906916508
    ));
#10795 = DIRECTION('',(-0.479425538604,-0.149107347072,-0.864822613016)
  );
#10796 = ADVANCED_FACE('',(#10797),#10828,.F.);
#10797 = FACE_BOUND('',#10798,.F.);
#10798 = EDGE_LOOP('',(#10799,#10815,#10821,#10822));
#10799 = ORIENTED_EDGE('',*,*,#10800,.F.);
#10800 = EDGE_CURVE('',#10801,#10803,#10805,.T.);
#10801 = VERTEX_POINT('',#10802);
#10802 = CARTESIAN_POINT('',(52.75866768666,78.894706349353,
    38.497819752562));
#10803 = VERTEX_POINT('',#10804);
#10804 = CARTESIAN_POINT('',(50.40133231334,78.161545523853,
    34.245486964362));
#10805 = B_SPLINE_CURVE_WITH_KNOTS('',5,(#10806,#10807,#10808,#10809,
    #10810,#10811,#10812,#10813,#10814),.UNSPECIFIED.,.F.,.F.,(6,3,6),(
    -3.86180276942,2.22044604925E-16,3.86180276942),.UNSPECIFIED.);
#10806 = CARTESIAN_POINT('',(52.75866768666,78.894706349353,
    38.497819752562));
#10807 = CARTESIAN_POINT('',(53.43647784024,78.831791623453,
    38.132914342662));
#10808 = CARTESIAN_POINT('',(53.9688756965,78.723651851853,
    37.505703667762));
#10809 = CARTESIAN_POINT('',(54.2119400526,78.582897965653,
    36.689331127762));
#10810 = CARTESIAN_POINT('',(54.0037121533,78.303155589053,
    35.066825344262));
#10811 = CARTESIAN_POINT('',(52.73078255444,78.122239432753,
    34.017511638162));
#10812 = CARTESIAN_POINT('',(51.90236491785,78.080941117453,
    33.777981409662));
#10813 = CARTESIAN_POINT('',(51.07914246692,78.098630797553,
    33.880581554562));
#10814 = CARTESIAN_POINT('',(50.40133231334,78.161545523353,
    34.245486964462));
#10815 = ORIENTED_EDGE('',*,*,#10816,.F.);
#10816 = EDGE_CURVE('',#9313,#10801,#10817,.T.);
#10817 = LINE('',#10818,#10819);
#10818 = CARTESIAN_POINT('',(52.75866768666,72.166104964353,
    39.657923439962));
#10819 = VECTOR('',#10820,1.);
#10820 = DIRECTION('',(5.219781509804E-16,0.985460115744,-0.169906916508
    ));
#10821 = ORIENTED_EDGE('',*,*,#9310,.F.);
#10822 = ORIENTED_EDGE('',*,*,#10823,.T.);
#10823 = EDGE_CURVE('',#9311,#10803,#10824,.T.);
#10824 = LINE('',#10825,#10826);
#10825 = CARTESIAN_POINT('',(50.40133231334,71.432944137053,
    35.405590651462));
#10826 = VECTOR('',#10827,1.);
#10827 = DIRECTION('',(5.219781509804E-16,0.985460115744,-0.169906916508
    ));
#10828 = CYLINDRICAL_SURFACE('',#10829,2.4585);
#10829 = AXIS2_PLACEMENT_3D('',#10830,#10831,#10832);
#10830 = CARTESIAN_POINT('',(51.58,71.799524550953,37.531757045662));
#10831 = DIRECTION('',(5.219781509804E-16,0.985460115744,-0.169906916508
    ));
#10832 = DIRECTION('',(0.479425538604,0.149107347072,0.864822613016));
#10833 = ADVANCED_FACE('',(#10834),#10846,.F.);
#10834 = FACE_BOUND('',#10835,.F.);
#10835 = EDGE_LOOP('',(#10836,#10843,#10844,#10845));
#10836 = ORIENTED_EDGE('',*,*,#10837,.F.);
#10837 = EDGE_CURVE('',#10803,#10801,#10838,.T.);
#10838 = CIRCLE('',#10839,2.4585);
#10839 = AXIS2_PLACEMENT_3D('',#10840,#10841,#10842);
#10840 = CARTESIAN_POINT('',(51.58,78.528125936553,36.371653358462));
#10841 = DIRECTION('',(5.219781509804E-16,0.985460115744,-0.169906916508
    ));
#10842 = DIRECTION('',(-2.527703248049E-16,0.169906916508,0.985460115744
    ));
#10843 = ORIENTED_EDGE('',*,*,#10823,.F.);
#10844 = ORIENTED_EDGE('',*,*,#9342,.F.);
#10845 = ORIENTED_EDGE('',*,*,#10816,.T.);
#10846 = CYLINDRICAL_SURFACE('',#10847,2.4585);
#10847 = AXIS2_PLACEMENT_3D('',#10848,#10849,#10850);
#10848 = CARTESIAN_POINT('',(51.58,71.799524550953,37.531757045662));
#10849 = DIRECTION('',(5.219781509804E-16,0.985460115744,-0.169906916508
    ));
#10850 = DIRECTION('',(-0.479425538604,-0.149107347072,-0.864822613016)
  );
#10851 = ADVANCED_FACE('',(#10852),#10856,.F.);
#10852 = FACE_BOUND('',#10853,.T.);
#10853 = EDGE_LOOP('',(#10854,#10855));
#10854 = ORIENTED_EDGE('',*,*,#9421,.F.);
#10855 = ORIENTED_EDGE('',*,*,#9384,.F.);
#10856 = PLANE('',#10857);
#10857 = AXIS2_PLACEMENT_3D('',#10858,#10859,#10860);
#10858 = CARTESIAN_POINT('',(34.0088675573,97.762837590753,
    38.180184555562));
#10859 = DIRECTION('',(0.211003998214,0.452151424744,-0.866623564092));
#10860 = DIRECTION('',(-0.106964180293,0.891941191504,0.439317169062));
#10861 = ADVANCED_FACE('',(#10862),#10866,.F.);
#10862 = FACE_BOUND('',#10863,.T.);
#10863 = EDGE_LOOP('',(#10864,#10865));
#10864 = ORIENTED_EDGE('',*,*,#9471,.F.);
#10865 = ORIENTED_EDGE('',*,*,#9439,.F.);
#10866 = PLANE('',#10867);
#10867 = AXIS2_PLACEMENT_3D('',#10868,#10869,#10870);
#10868 = CARTESIAN_POINT('',(53.36244804282,96.423103236553,
    40.748008734362));
#10869 = DIRECTION('',(-0.189252791026,0.454206698463,-0.87056283872));
#10870 = DIRECTION('',(9.64869674078E-02,0.890896332393,0.443840050073)
  );
#10871 = ADVANCED_FACE('',(#10872),#10903,.F.);
#10872 = FACE_BOUND('',#10873,.F.);
#10873 = EDGE_LOOP('',(#10874,#10890,#10896,#10897));
#10874 = ORIENTED_EDGE('',*,*,#10875,.F.);
#10875 = EDGE_CURVE('',#10876,#10878,#10880,.T.);
#10876 = VERTEX_POINT('',#10877);
#10877 = CARTESIAN_POINT('',(50.60133231334,78.894706349353,
    -38.40032427783));
#10878 = VERTEX_POINT('',#10879);
#10879 = CARTESIAN_POINT('',(52.95866768666,78.161545523853,
    -34.14799148963));
#10880 = B_SPLINE_CURVE_WITH_KNOTS('',5,(#10881,#10882,#10883,#10884,
    #10885,#10886,#10887,#10888,#10889),.UNSPECIFIED.,.F.,.F.,(6,3,6),(
    -3.86180276942,2.22044604925E-16,3.86180276942),.UNSPECIFIED.);
#10881 = CARTESIAN_POINT('',(50.60133231334,78.894706349353,
    -38.40032427783));
#10882 = CARTESIAN_POINT('',(49.92352215976,78.831791623453,
    -38.03541886793));
#10883 = CARTESIAN_POINT('',(49.39112430352,78.723651851853,
    -37.40820819303));
#10884 = CARTESIAN_POINT('',(49.14805994738,78.582897965653,
    -36.59183565303));
#10885 = CARTESIAN_POINT('',(49.35628784672,78.303155589053,
    -34.96932986953));
#10886 = CARTESIAN_POINT('',(50.62921744556,78.122239432753,
    -33.92001616343));
#10887 = CARTESIAN_POINT('',(51.45763508215,78.080941117453,
    -33.68048593493));
#10888 = CARTESIAN_POINT('',(52.28085753308,78.098630797553,
    -33.78308607983));
#10889 = CARTESIAN_POINT('',(52.95866768666,78.161545523353,
    -34.14799148973));
#10890 = ORIENTED_EDGE('',*,*,#10891,.F.);
#10891 = EDGE_CURVE('',#9497,#10876,#10892,.T.);
#10892 = LINE('',#10893,#10894);
#10893 = CARTESIAN_POINT('',(50.60133231334,72.166104964353,
    -39.56042796523));
#10894 = VECTOR('',#10895,1.);
#10895 = DIRECTION('',(3.949196207225E-16,0.985460115744,0.169906916508)
  );
#10896 = ORIENTED_EDGE('',*,*,#9494,.F.);
#10897 = ORIENTED_EDGE('',*,*,#10898,.T.);
#10898 = EDGE_CURVE('',#9495,#10878,#10899,.T.);
#10899 = LINE('',#10900,#10901);
#10900 = CARTESIAN_POINT('',(52.95866768666,71.432944137053,
    -35.30809517673));
#10901 = VECTOR('',#10902,1.);
#10902 = DIRECTION('',(3.949196207225E-16,0.985460115744,0.169906916508)
  );
#10903 = CYLINDRICAL_SURFACE('',#10904,2.4585);
#10904 = AXIS2_PLACEMENT_3D('',#10905,#10906,#10907);
#10905 = CARTESIAN_POINT('',(51.78,71.799524550953,-37.43426157093));
#10906 = DIRECTION('',(3.949196207225E-16,0.985460115744,0.169906916508)
  );
#10907 = DIRECTION('',(-0.479425538604,0.149107347072,-0.864822613016));
#10908 = ADVANCED_FACE('',(#10909),#10926,.F.);
#10909 = FACE_BOUND('',#10910,.F.);
#10910 = EDGE_LOOP('',(#10911,#10923,#10924,#10925));
#10911 = ORIENTED_EDGE('',*,*,#10912,.F.);
#10912 = EDGE_CURVE('',#10878,#10876,#10913,.T.);
#10913 = B_SPLINE_CURVE_WITH_KNOTS('',5,(#10914,#10915,#10916,#10917,
    #10918,#10919,#10920,#10921,#10922),.UNSPECIFIED.,.F.,.F.,(6,3,6),(
    -3.86180276943,2.22044604925E-16,3.86180276943),.UNSPECIFIED.);
#10914 = CARTESIAN_POINT('',(52.95866768665,78.161545523853,
    -34.14799148963));
#10915 = CARTESIAN_POINT('',(53.6364778402,78.224460249653,
    -34.51289689953));
#10916 = CARTESIAN_POINT('',(54.1688756965,78.332600021153,
    -35.14010757443));
#10917 = CARTESIAN_POINT('',(54.4119400526,78.473353907353,
    -35.95648011453));
#10918 = CARTESIAN_POINT('',(54.2037121533,78.753096283853,
    -37.57898589803));
#10919 = CARTESIAN_POINT('',(52.93078255445,78.934012440053,
    -38.62829960413));
#10920 = CARTESIAN_POINT('',(52.10236491785,78.975310755253,
    -38.86782983263));
#10921 = CARTESIAN_POINT('',(51.27914246692,78.957621075153,
    -38.76522968773));
#10922 = CARTESIAN_POINT('',(50.60133231334,78.894706349253,
    -38.40032427783));
#10923 = ORIENTED_EDGE('',*,*,#10898,.F.);
#10924 = ORIENTED_EDGE('',*,*,#9526,.F.);
#10925 = ORIENTED_EDGE('',*,*,#10891,.T.);
#10926 = CYLINDRICAL_SURFACE('',#10927,2.4585);
#10927 = AXIS2_PLACEMENT_3D('',#10928,#10929,#10930);
#10928 = CARTESIAN_POINT('',(51.78,71.799524550953,-37.43426157093));
#10929 = DIRECTION('',(3.949196207225E-16,0.985460115744,0.169906916508)
  );
#10930 = DIRECTION('',(0.479425538604,-0.149107347072,0.864822613016));
#10931 = ADVANCED_FACE('',(#10932),#10963,.F.);
#10932 = FACE_BOUND('',#10933,.F.);
#10933 = EDGE_LOOP('',(#10934,#10950,#10956,#10957));
#10934 = ORIENTED_EDGE('',*,*,#10935,.F.);
#10935 = EDGE_CURVE('',#10936,#10938,#10940,.T.);
#10936 = VERTEX_POINT('',#10937);
#10937 = CARTESIAN_POINT('',(34.40133231334,78.894706349353,
    -38.40032427783));
#10938 = VERTEX_POINT('',#10939);
#10939 = CARTESIAN_POINT('',(36.75866768666,78.161545523853,
    -34.14799148963));
#10940 = B_SPLINE_CURVE_WITH_KNOTS('',5,(#10941,#10942,#10943,#10944,
    #10945,#10946,#10947,#10948,#10949),.UNSPECIFIED.,.F.,.F.,(6,3,6),(
    -3.86180276942,2.22044604925E-16,3.86180276942),.UNSPECIFIED.);
#10941 = CARTESIAN_POINT('',(34.40133231334,78.894706349353,
    -38.40032427783));
#10942 = CARTESIAN_POINT('',(33.72352215976,78.831791623453,
    -38.03541886793));
#10943 = CARTESIAN_POINT('',(33.1911243035,78.723651851853,
    -37.40820819303));
#10944 = CARTESIAN_POINT('',(32.9480599474,78.582897965653,
    -36.59183565303));
#10945 = CARTESIAN_POINT('',(33.1562878467,78.303155589053,
    -34.96932986953));
#10946 = CARTESIAN_POINT('',(34.42921744556,78.122239432753,
    -33.92001616343));
#10947 = CARTESIAN_POINT('',(35.25763508215,78.080941117453,
    -33.68048593493));
#10948 = CARTESIAN_POINT('',(36.08085753308,78.098630797553,
    -33.78308607983));
#10949 = CARTESIAN_POINT('',(36.75866768666,78.161545523353,
    -34.14799148973));
#10950 = ORIENTED_EDGE('',*,*,#10951,.F.);
#10951 = EDGE_CURVE('',#9547,#10936,#10952,.T.);
#10952 = LINE('',#10953,#10954);
#10953 = CARTESIAN_POINT('',(34.40133231334,72.166104964353,
    -39.56042796523));
#10954 = VECTOR('',#10955,1.);
#10955 = DIRECTION('',(3.949196207225E-16,0.985460115744,0.169906916508)
  );
#10956 = ORIENTED_EDGE('',*,*,#9544,.F.);
#10957 = ORIENTED_EDGE('',*,*,#10958,.T.);
#10958 = EDGE_CURVE('',#9545,#10938,#10959,.T.);
#10959 = LINE('',#10960,#10961);
#10960 = CARTESIAN_POINT('',(36.75866768666,71.432944137053,
    -35.30809517673));
#10961 = VECTOR('',#10962,1.);
#10962 = DIRECTION('',(3.949196207225E-16,0.985460115744,0.169906916508)
  );
#10963 = CYLINDRICAL_SURFACE('',#10964,2.4585);
#10964 = AXIS2_PLACEMENT_3D('',#10965,#10966,#10967);
#10965 = CARTESIAN_POINT('',(35.58,71.799524550953,-37.43426157093));
#10966 = DIRECTION('',(3.949196207225E-16,0.985460115744,0.169906916508)
  );
#10967 = DIRECTION('',(-0.479425538604,0.149107347072,-0.864822613016));
#10968 = ADVANCED_FACE('',(#10969),#10981,.F.);
#10969 = FACE_BOUND('',#10970,.F.);
#10970 = EDGE_LOOP('',(#10971,#10978,#10979,#10980));
#10971 = ORIENTED_EDGE('',*,*,#10972,.F.);
#10972 = EDGE_CURVE('',#10938,#10936,#10973,.T.);
#10973 = CIRCLE('',#10974,2.4585);
#10974 = AXIS2_PLACEMENT_3D('',#10975,#10976,#10977);
#10975 = CARTESIAN_POINT('',(35.58,78.528125936553,-36.27415788373));
#10976 = DIRECTION('',(3.949196207225E-16,0.985460115744,0.169906916508)
  );
#10977 = DIRECTION('',(-4.036779814051E-16,-0.169906916508,
    0.985460115744));
#10978 = ORIENTED_EDGE('',*,*,#10958,.F.);
#10979 = ORIENTED_EDGE('',*,*,#9576,.F.);
#10980 = ORIENTED_EDGE('',*,*,#10951,.T.);
#10981 = CYLINDRICAL_SURFACE('',#10982,2.4585);
#10982 = AXIS2_PLACEMENT_3D('',#10983,#10984,#10985);
#10983 = CARTESIAN_POINT('',(35.58,71.799524550953,-37.43426157093));
#10984 = DIRECTION('',(3.949196207225E-16,0.985460115744,0.169906916508)
  );
#10985 = DIRECTION('',(0.479425538604,-0.149107347072,0.864822613016));
#10986 = ADVANCED_FACE('',(#10987),#10991,.F.);
#10987 = FACE_BOUND('',#10988,.T.);
#10988 = EDGE_LOOP('',(#10989,#10990));
#10989 = ORIENTED_EDGE('',*,*,#9631,.F.);
#10990 = ORIENTED_EDGE('',*,*,#9594,.F.);
#10991 = PLANE('',#10992);
#10992 = AXIS2_PLACEMENT_3D('',#10993,#10994,#10995);
#10993 = CARTESIAN_POINT('',(53.1511324427,97.762837590753,
    -38.08268908083));
#10994 = DIRECTION('',(-0.211003998214,0.452151424744,0.866623564092));
#10995 = DIRECTION('',(0.106964180293,0.891941191504,-0.439317169062));
#10996 = ADVANCED_FACE('',(#10997),#11001,.F.);
#10997 = FACE_BOUND('',#10998,.T.);
#10998 = EDGE_LOOP('',(#10999,#11000));
#10999 = ORIENTED_EDGE('',*,*,#9681,.F.);
#11000 = ORIENTED_EDGE('',*,*,#9649,.F.);
#11001 = PLANE('',#11002);
#11002 = AXIS2_PLACEMENT_3D('',#11003,#11004,#11005);
#11003 = CARTESIAN_POINT('',(33.79755195718,96.423103236553,
    -40.65051325963));
#11004 = DIRECTION('',(0.189252791026,0.454206698463,0.87056283872));
#11005 = DIRECTION('',(-9.64869674078E-02,0.890896332393,-0.443840050073
    ));
#11006 = ADVANCED_FACE('',(#11007),#11019,.T.);
#11007 = FACE_BOUND('',#11008,.T.);
#11008 = EDGE_LOOP('',(#11009,#11016,#11017,#11018));
#11009 = ORIENTED_EDGE('',*,*,#11010,.T.);
#11010 = EDGE_CURVE('',#9963,#9707,#11011,.T.);
#11011 = CIRCLE('',#11012,31.5);
#11012 = AXIS2_PLACEMENT_3D('',#11013,#11014,#11015);
#11013 = CARTESIAN_POINT('',(43.58,134.32347946375,4.874773736204E-02));
#11014 = DIRECTION('',(-4.440892098501E-16,-1.,1.110223024625E-16));
#11015 = DIRECTION('',(3.330669073875E-16,-1.110223024625E-16,-1.));
#11016 = ORIENTED_EDGE('',*,*,#9704,.F.);
#11017 = ORIENTED_EDGE('',*,*,#9990,.T.);
#11018 = ORIENTED_EDGE('',*,*,#9973,.F.);
#11019 = CYLINDRICAL_SURFACE('',#11020,31.5);
#11020 = AXIS2_PLACEMENT_3D('',#11021,#11022,#11023);
#11021 = CARTESIAN_POINT('',(43.58,150.70097853934,4.874773736204E-02));
#11022 = DIRECTION('',(-4.440892098501E-16,-1.,1.110223024625E-16));
#11023 = DIRECTION('',(0.479425538604,-3.103389452427E-16,-0.87758256189
    ));
#11024 = ADVANCED_FACE('',(#11025),#11037,.T.);
#11025 = FACE_BOUND('',#11026,.T.);
#11026 = EDGE_LOOP('',(#11027,#11034,#11035,#11036));
#11027 = ORIENTED_EDGE('',*,*,#11028,.T.);
#11028 = EDGE_CURVE('',#9955,#9715,#11029,.T.);
#11029 = CIRCLE('',#11030,28.8975952642);
#11030 = AXIS2_PLACEMENT_3D('',#11031,#11032,#11033);
#11031 = CARTESIAN_POINT('',(43.58,135.82597853935,4.874773736204E-02));
#11032 = DIRECTION('',(-4.21277267811E-16,-1.,1.527792822735E-16));
#11033 = DIRECTION('',(3.330669073875E-16,-1.527792822735E-16,-1.));
#11034 = ORIENTED_EDGE('',*,*,#9714,.T.);
#11035 = ORIENTED_EDGE('',*,*,#11010,.F.);
#11036 = ORIENTED_EDGE('',*,*,#9962,.F.);
#11037 = CONICAL_SURFACE('',#11038,28.8975952642,1.0471975512);
#11038 = AXIS2_PLACEMENT_3D('',#11039,#11040,#11041);
#11039 = CARTESIAN_POINT('',(43.58,135.82597853935,4.874773736204E-02));
#11040 = DIRECTION('',(-4.440892098501E-16,-1.,1.110223024625E-16));
#11041 = DIRECTION('',(-0.479425538604,1.154764719987E-16,-0.87758256189
    ));
#11042 = ADVANCED_FACE('',(#11043),#11069,.T.);
#11043 = FACE_BOUND('',#11044,.T.);
#11044 = EDGE_LOOP('',(#11045,#11046,#11055,#11062,#11063,#11064,#11065,
    #11066,#11067,#11068));
#11045 = ORIENTED_EDGE('',*,*,#9913,.T.);
#11046 = ORIENTED_EDGE('',*,*,#11047,.T.);
#11047 = EDGE_CURVE('',#9903,#11048,#11050,.T.);
#11048 = VERTEX_POINT('',#11049);
#11049 = CARTESIAN_POINT('',(57.4342451747,135.82597853935,
    25.408773422462));
#11050 = CIRCLE('',#11051,28.8975952673);
#11051 = AXIS2_PLACEMENT_3D('',#11052,#11053,#11054);
#11052 = CARTESIAN_POINT('',(43.580000002121,135.82597853935,
    4.87477337594E-02));
#11053 = DIRECTION('',(4.440892098501E-16,1.,-1.110223024625E-16));
#11054 = DIRECTION('',(-3.330669073875E-16,1.110223024625E-16,1.));
#11055 = ORIENTED_EDGE('',*,*,#11056,.T.);
#11056 = EDGE_CURVE('',#11048,#9796,#11057,.T.);
#11057 = CIRCLE('',#11058,28.8975952856);
#11058 = AXIS2_PLACEMENT_3D('',#11059,#11060,#11061);
#11059 = CARTESIAN_POINT('',(43.579999982686,135.82597853935,
    4.874772355366E-02));
#11060 = DIRECTION('',(4.440892098501E-16,1.,-1.110223024625E-16));
#11061 = DIRECTION('',(-3.330669073875E-16,1.110223024625E-16,1.));
#11062 = ORIENTED_EDGE('',*,*,#9795,.F.);
#11063 = ORIENTED_EDGE('',*,*,#9767,.T.);
#11064 = ORIENTED_EDGE('',*,*,#9725,.T.);
#11065 = ORIENTED_EDGE('',*,*,#11028,.F.);
#11066 = ORIENTED_EDGE('',*,*,#9954,.F.);
#11067 = ORIENTED_EDGE('',*,*,#10618,.F.);
#11068 = ORIENTED_EDGE('',*,*,#10113,.F.);
#11069 = PLANE('',#11070);
#11070 = AXIS2_PLACEMENT_3D('',#11071,#11072,#11073);
#11071 = CARTESIAN_POINT('',(43.58,135.82597853935,-28.84884752683));
#11072 = DIRECTION('',(4.440892098501E-16,1.,-1.110223024625E-16));
#11073 = DIRECTION('',(1.,-4.440892098501E-16,4.555315873025E-16));
#11074 = ADVANCED_FACE('',(#11075),#11094,.T.);
#11075 = FACE_BOUND('',#11076,.T.);
#11076 = EDGE_LOOP('',(#11077,#11078,#11086,#11093));
#11077 = ORIENTED_EDGE('',*,*,#11056,.F.);
#11078 = ORIENTED_EDGE('',*,*,#11079,.T.);
#11079 = EDGE_CURVE('',#11048,#11080,#11082,.T.);
#11080 = VERTEX_POINT('',#11081);
#11081 = CARTESIAN_POINT('',(58.6819044661,134.32347946455,
    27.692598436962));
#11082 = LINE('',#11083,#11084);
#11083 = CARTESIAN_POINT('',(2.0764785495E+05,-2.498558320025E+05,
    3.800171250187E+05));
#11084 = VECTOR('',#11085,1.);
#11085 = DIRECTION('',(0.415194695655,-0.499999999997,0.760008792517));
#11086 = ORIENTED_EDGE('',*,*,#11087,.F.);
#11087 = EDGE_CURVE('',#9804,#11080,#11088,.T.);
#11088 = CIRCLE('',#11089,31.5000000004);
#11089 = AXIS2_PLACEMENT_3D('',#11090,#11091,#11092);
#11090 = CARTESIAN_POINT('',(43.58,134.32347946435,4.874773736204E-02));
#11091 = DIRECTION('',(-4.21277267811E-16,-1.,1.527792822735E-16));
#11092 = DIRECTION('',(3.330669073875E-16,-1.527792822735E-16,-1.));
#11093 = ORIENTED_EDGE('',*,*,#9803,.F.);
#11094 = CONICAL_SURFACE('',#11095,28.8975952642,1.0471975512);
#11095 = AXIS2_PLACEMENT_3D('',#11096,#11097,#11098);
#11096 = CARTESIAN_POINT('',(43.58,135.82597853935,4.874773736204E-02));
#11097 = DIRECTION('',(-4.440892098501E-16,-1.,1.110223024625E-16));
#11098 = DIRECTION('',(-0.479425538604,1.154764719987E-16,-0.87758256189
    ));
#11099 = ADVANCED_FACE('',(#11100),#11120,.T.);
#11100 = FACE_BOUND('',#11101,.T.);
#11101 = EDGE_LOOP('',(#11102,#11103,#11104,#11113,#11119));
#11102 = ORIENTED_EDGE('',*,*,#9814,.F.);
#11103 = ORIENTED_EDGE('',*,*,#11087,.T.);
#11104 = ORIENTED_EDGE('',*,*,#11105,.T.);
#11105 = EDGE_CURVE('',#11080,#11106,#11108,.T.);
#11106 = VERTEX_POINT('',#11107);
#11107 = CARTESIAN_POINT('',(28.478095534,134.32347946375,
    27.692598436962));
#11108 = CIRCLE('',#11109,31.5);
#11109 = AXIS2_PLACEMENT_3D('',#11110,#11111,#11112);
#11110 = CARTESIAN_POINT('',(43.58,134.32347946375,4.874773736204E-02));
#11111 = DIRECTION('',(-4.440892098501E-16,-1.,1.110223024625E-16));
#11112 = DIRECTION('',(3.330669073875E-16,-1.110223024625E-16,-1.));
#11113 = ORIENTED_EDGE('',*,*,#11114,.T.);
#11114 = EDGE_CURVE('',#11106,#9829,#11115,.T.);
#11115 = LINE('',#11116,#11117);
#11116 = CARTESIAN_POINT('',(28.478095534,150.70097853934,
    27.692598436862));
#11117 = VECTOR('',#11118,1.);
#11118 = DIRECTION('',(-4.440892098501E-16,-1.,1.110224117768E-16));
#11119 = ORIENTED_EDGE('',*,*,#9838,.T.);
#11120 = CYLINDRICAL_SURFACE('',#11121,31.5);
#11121 = AXIS2_PLACEMENT_3D('',#11122,#11123,#11124);
#11122 = CARTESIAN_POINT('',(43.58,150.70097853934,4.874773736204E-02));
#11123 = DIRECTION('',(-4.440892098501E-16,-1.,1.110223024625E-16));
#11124 = DIRECTION('',(0.479425538604,-3.103389452427E-16,-0.87758256189
    ));
#11125 = ADVANCED_FACE('',(#11126),#11138,.T.);
#11126 = FACE_BOUND('',#11127,.T.);
#11127 = EDGE_LOOP('',(#11128,#11129,#11136,#11137));
#11128 = ORIENTED_EDGE('',*,*,#11114,.F.);
#11129 = ORIENTED_EDGE('',*,*,#11130,.T.);
#11130 = EDGE_CURVE('',#11106,#9895,#11131,.T.);
#11131 = CIRCLE('',#11132,31.5);
#11132 = AXIS2_PLACEMENT_3D('',#11133,#11134,#11135);
#11133 = CARTESIAN_POINT('',(43.58,134.32347946375,4.874773736204E-02));
#11134 = DIRECTION('',(-4.440892098501E-16,-1.,1.110223024625E-16));
#11135 = DIRECTION('',(3.330669073875E-16,-1.110223024625E-16,-1.));
#11136 = ORIENTED_EDGE('',*,*,#9894,.T.);
#11137 = ORIENTED_EDGE('',*,*,#9855,.T.);
#11138 = CYLINDRICAL_SURFACE('',#11139,31.5);
#11139 = AXIS2_PLACEMENT_3D('',#11140,#11141,#11142);
#11140 = CARTESIAN_POINT('',(43.58,150.70097853934,4.874773736204E-02));
#11141 = DIRECTION('',(-4.440892098501E-16,-1.,1.110223024625E-16));
#11142 = DIRECTION('',(-0.479425538604,3.103389452427E-16,0.87758256189)
  );
#11143 = ADVANCED_FACE('',(#11144),#11151,.T.);
#11144 = FACE_BOUND('',#11145,.T.);
#11145 = EDGE_LOOP('',(#11146,#11147,#11148,#11149,#11150));
#11146 = ORIENTED_EDGE('',*,*,#11130,.F.);
#11147 = ORIENTED_EDGE('',*,*,#11105,.F.);
#11148 = ORIENTED_EDGE('',*,*,#11079,.F.);
#11149 = ORIENTED_EDGE('',*,*,#11047,.F.);
#11150 = ORIENTED_EDGE('',*,*,#9902,.T.);
#11151 = CONICAL_SURFACE('',#11152,28.8975952642,1.0471975512);
#11152 = AXIS2_PLACEMENT_3D('',#11153,#11154,#11155);
#11153 = CARTESIAN_POINT('',(43.58,135.82597853935,4.874773736204E-02));
#11154 = DIRECTION('',(-4.440892098501E-16,-1.,1.110223024625E-16));
#11155 = DIRECTION('',(0.479425538604,-1.154764719987E-16,0.87758256189)
  );
#11156 = ADVANCED_FACE('',(#11157),#11190,.T.);
#11157 = FACE_BOUND('',#11158,.T.);
#11158 = EDGE_LOOP('',(#11159,#11160,#11161,#11181,#11188,#11189));
#11159 = ORIENTED_EDGE('',*,*,#10643,.F.);
#11160 = ORIENTED_EDGE('',*,*,#10441,.F.);
#11161 = ORIENTED_EDGE('',*,*,#11162,.F.);
#11162 = EDGE_CURVE('',#11163,#10431,#11165,.T.);
#11163 = VERTEX_POINT('',#11164);
#11164 = CARTESIAN_POINT('',(29.7257548262,135.82597853945,
    -25.31127794683));
#11165 = B_SPLINE_CURVE_WITH_KNOTS('',5,(#11166,#11167,#11168,#11169,
    #11170,#11171,#11172,#11173,#11174,#11175,#11176,#11177,#11178,
    #11179,#11180),.UNSPECIFIED.,.F.,.F.,(6,3,3,3,6),(0.,18.6604515848,
    37.3209031305,55.9813547152,73.3168151656),.UNSPECIFIED.);
#11166 = CARTESIAN_POINT('',(29.7257548253,135.82597853935,
    -25.31127794623));
#11167 = CARTESIAN_POINT('',(32.0368177815,135.82597853935,
    -26.57381739333));
#11168 = CARTESIAN_POINT('',(34.49169951727,135.82597853935,
    -27.57309718263));
#11169 = CARTESIAN_POINT('',(37.05075899795,135.82597853935,
    -28.28731666853));
#11170 = CARTESIAN_POINT('',(42.28587623689,135.82597853935,
    -29.12013619443));
#11171 = CARTESIAN_POINT('',(47.57417577218,135.82597853935,
    -28.75420493003));
#11172 = CARTESIAN_POINT('',(50.18643115326,135.82597853935,
    -28.26941960293));
#11173 = CARTESIAN_POINT('',(55.2538961117,135.82597853935,
    -26.71351479403));
#11174 = CARTESIAN_POINT('',(59.8415981333,135.82597853935,
    -24.05776484013));
#11175 = CARTESIAN_POINT('',(61.97399098,135.82597853935,-22.47290028903
    ));
#11176 = CARTESIAN_POINT('',(65.7024895883,135.82597853935,
    -18.97454276653));
#11177 = CARTESIAN_POINT('',(68.579983865,135.82597853935,
    -14.75383800773));
#11178 = CARTESIAN_POINT('',(69.7448390381,135.82597853935,
    -12.58125381993));
#11179 = CARTESIAN_POINT('',(70.6708900356,135.82597853935,
    -10.30208920873));
#11180 = CARTESIAN_POINT('',(71.3481654431,135.82597853935,
    -7.951252262818));
#11181 = ORIENTED_EDGE('',*,*,#11182,.T.);
#11182 = EDGE_CURVE('',#11163,#10051,#11183,.T.);
#11183 = CIRCLE('',#11184,28.8975952599);
#11184 = AXIS2_PLACEMENT_3D('',#11185,#11186,#11187);
#11185 = CARTESIAN_POINT('',(43.579999996156,135.82597853935,
    4.874773493363E-02));
#11186 = DIRECTION('',(4.440892098501E-16,1.,-1.110223024625E-16));
#11187 = DIRECTION('',(-3.330669073875E-16,1.110223024625E-16,1.));
#11188 = ORIENTED_EDGE('',*,*,#10050,.T.);
#11189 = ORIENTED_EDGE('',*,*,#10033,.F.);
#11190 = PLANE('',#11191);
#11191 = AXIS2_PLACEMENT_3D('',#11192,#11193,#11194);
#11192 = CARTESIAN_POINT('',(43.58,135.82597853935,-28.84884752683));
#11193 = DIRECTION('',(4.440892098501E-16,1.,-1.110223024625E-16));
#11194 = DIRECTION('',(1.,-4.440892098501E-16,4.555315873025E-16));
#11195 = ADVANCED_FACE('',(#11196),#11215,.T.);
#11196 = FACE_BOUND('',#11197,.T.);
#11197 = EDGE_LOOP('',(#11198,#11199,#11200,#11208));
#11198 = ORIENTED_EDGE('',*,*,#10058,.F.);
#11199 = ORIENTED_EDGE('',*,*,#11182,.F.);
#11200 = ORIENTED_EDGE('',*,*,#11201,.T.);
#11201 = EDGE_CURVE('',#11163,#11202,#11204,.T.);
#11202 = VERTEX_POINT('',#11203);
#11203 = CARTESIAN_POINT('',(28.4780955339,134.32347946455,
    -27.59510296223));
#11204 = LINE('',#11205,#11206);
#11205 = CARTESIAN_POINT('',(-2.0756069495E+05,-2.498558320025E+05,
    -3.800170275233E+05));
#11206 = VECTOR('',#11207,1.);
#11207 = DIRECTION('',(-0.415194695655,-0.499999999997,-0.760008792517)
  );
#11208 = ORIENTED_EDGE('',*,*,#11209,.F.);
#11209 = EDGE_CURVE('',#10059,#11202,#11210,.T.);
#11210 = CIRCLE('',#11211,31.5);
#11211 = AXIS2_PLACEMENT_3D('',#11212,#11213,#11214);
#11212 = CARTESIAN_POINT('',(43.58,134.32347946455,4.874773736204E-02));
#11213 = DIRECTION('',(-4.21277267811E-16,-1.,1.527792822735E-16));
#11214 = DIRECTION('',(3.330669073875E-16,-1.527792822735E-16,-1.));
#11215 = CONICAL_SURFACE('',#11216,28.8975952642,1.0471975512);
#11216 = AXIS2_PLACEMENT_3D('',#11217,#11218,#11219);
#11217 = CARTESIAN_POINT('',(43.58,135.82597853935,4.874773736204E-02));
#11218 = DIRECTION('',(-4.440892098501E-16,-1.,1.110223024625E-16));
#11219 = DIRECTION('',(0.479425538604,-1.154764719987E-16,0.87758256189)
  );
#11220 = ADVANCED_FACE('',(#11221),#11241,.T.);
#11221 = FACE_BOUND('',#11222,.T.);
#11222 = EDGE_LOOP('',(#11223,#11224,#11233,#11239,#11240));
#11223 = ORIENTED_EDGE('',*,*,#11209,.T.);
#11224 = ORIENTED_EDGE('',*,*,#11225,.T.);
#11225 = EDGE_CURVE('',#11202,#11226,#11228,.T.);
#11226 = VERTEX_POINT('',#11227);
#11227 = CARTESIAN_POINT('',(58.681904466,134.32347946375,
    -27.59510296223));
#11228 = CIRCLE('',#11229,31.5);
#11229 = AXIS2_PLACEMENT_3D('',#11230,#11231,#11232);
#11230 = CARTESIAN_POINT('',(43.58,134.32347946375,4.874773736204E-02));
#11231 = DIRECTION('',(-4.440892098501E-16,-1.,1.110223024625E-16));
#11232 = DIRECTION('',(3.330669073875E-16,-1.110223024625E-16,-1.));
#11233 = ORIENTED_EDGE('',*,*,#11234,.T.);
#11234 = EDGE_CURVE('',#11226,#10371,#11235,.T.);
#11235 = LINE('',#11236,#11237);
#11236 = CARTESIAN_POINT('',(58.681904466,150.70097853934,
    -27.59510296213));
#11237 = VECTOR('',#11238,1.);
#11238 = DIRECTION('',(-4.440892098501E-16,-1.,1.110224117768E-16));
#11239 = ORIENTED_EDGE('',*,*,#10380,.T.);
#11240 = ORIENTED_EDGE('',*,*,#10069,.F.);
#11241 = CYLINDRICAL_SURFACE('',#11242,31.5);
#11242 = AXIS2_PLACEMENT_3D('',#11243,#11244,#11245);
#11243 = CARTESIAN_POINT('',(43.58,150.70097853934,4.874773736204E-02));
#11244 = DIRECTION('',(-4.440892098501E-16,-1.,1.110223024625E-16));
#11245 = DIRECTION('',(-0.479425538604,3.103389452427E-16,0.87758256189)
  );
#11246 = ADVANCED_FACE('',(#11247),#11311,.F.);
#11247 = FACE_BOUND('',#11248,.T.);
#11248 = EDGE_LOOP('',(#11249,#11250,#11251,#11252,#11261,#11269,#11286,
    #11294,#11303,#11310));
#11249 = ORIENTED_EDGE('',*,*,#10175,.T.);
#11250 = ORIENTED_EDGE('',*,*,#10572,.T.);
#11251 = ORIENTED_EDGE('',*,*,#10521,.F.);
#11252 = ORIENTED_EDGE('',*,*,#11253,.F.);
#11253 = EDGE_CURVE('',#11254,#10522,#11256,.T.);
#11254 = VERTEX_POINT('',#11255);
#11255 = CARTESIAN_POINT('',(64.4383559282,139.57597853935,
    20.048747737362));
#11256 = CIRCLE('',#11257,28.8975953026);
#11257 = AXIS2_PLACEMENT_3D('',#11258,#11259,#11260);
#11258 = CARTESIAN_POINT('',(43.579999966508,139.57597853935,
    4.874771612005E-02));
#11259 = DIRECTION('',(4.440892098501E-16,1.,-1.110223024625E-16));
#11260 = DIRECTION('',(-3.330669073875E-16,1.110223024625E-16,1.));
#11261 = ORIENTED_EDGE('',*,*,#11262,.F.);
#11262 = EDGE_CURVE('',#11263,#11254,#11265,.T.);
#11263 = VERTEX_POINT('',#11264);
#11264 = CARTESIAN_POINT('',(64.08,139.57597853995,20.048747737362));
#11265 = LINE('',#11266,#11267);
#11266 = CARTESIAN_POINT('',(64.2591779641,139.57597853935,
    20.048747737362));
#11267 = VECTOR('',#11268,1.);
#11268 = DIRECTION('',(1.,-4.440892098501E-16,3.330669073875E-16));
#11269 = ORIENTED_EDGE('',*,*,#11270,.F.);
#11270 = EDGE_CURVE('',#11271,#11263,#11273,.T.);
#11271 = VERTEX_POINT('',#11272);
#11272 = CARTESIAN_POINT('',(63.58,139.57597853935,20.548747737362));
#11273 = B_SPLINE_CURVE_WITH_KNOTS('',5,(#11274,#11275,#11276,#11277,
    #11278,#11279,#11280,#11281,#11282,#11283,#11284,#11285),
  .UNSPECIFIED.,.F.,.F.,(6,3,3,6),(0.,0.445730074106,0.891460236794,
    1.11410923624),.UNSPECIFIED.);
#11274 = CARTESIAN_POINT('',(63.58,139.57597853935,20.548747737362));
#11275 = CARTESIAN_POINT('',(63.58,139.57597853935,20.485946827562));
#11276 = CARTESIAN_POINT('',(63.589859888,139.57597853935,
    20.423146962162));
#11277 = CARTESIAN_POINT('',(63.6095933769,139.57597853935,
    20.362385147162));
#11278 = CARTESIAN_POINT('',(63.6674390667,139.57597853935,
    20.249163712662));
#11279 = CARTESIAN_POINT('',(63.7571954775,139.57597853935,
    20.159119552762));
#11280 = CARTESIAN_POINT('',(63.8088655057,139.57597853935,
    20.121548150462));
#11281 = CARTESIAN_POINT('',(63.8938380767,139.57597853935,
    20.078342553362));
#11282 = CARTESIAN_POINT('',(63.9856701738,139.57597853935,
    20.056219548462));
#11283 = CARTESIAN_POINT('',(64.0172599452,139.57597853935,
    20.051207973062));
#11284 = CARTESIAN_POINT('',(64.0486299836,139.57597853935,
    20.048747737362));
#11285 = CARTESIAN_POINT('',(64.08,139.57597853935,20.048747737362));
#11286 = ORIENTED_EDGE('',*,*,#11287,.T.);
#11287 = EDGE_CURVE('',#11271,#11288,#11290,.T.);
#11288 = VERTEX_POINT('',#11289);
#11289 = CARTESIAN_POINT('',(63.58,139.57597853935,20.907103665562));
#11290 = LINE('',#11291,#11292);
#11291 = CARTESIAN_POINT('',(63.58,139.57597853935,20.727925701462));
#11292 = VECTOR('',#11293,1.);
#11293 = DIRECTION('',(-3.330669073875E-16,4.270088556252E-17,1.));
#11294 = ORIENTED_EDGE('',*,*,#11295,.F.);
#11295 = EDGE_CURVE('',#11296,#11288,#11298,.T.);
#11296 = VERTEX_POINT('',#11297);
#11297 = CARTESIAN_POINT('',(57.4342451747,139.57597853935,
    25.408773422662));
#11298 = CIRCLE('',#11299,28.8975952856);
#11299 = AXIS2_PLACEMENT_3D('',#11300,#11301,#11302);
#11300 = CARTESIAN_POINT('',(43.579999982686,139.57597853935,
    4.874772373608E-02));
#11301 = DIRECTION('',(4.440892098501E-16,1.,-1.110223024625E-16));
#11302 = DIRECTION('',(-3.330669073875E-16,1.110223024625E-16,1.));
#11303 = ORIENTED_EDGE('',*,*,#11304,.F.);
#11304 = EDGE_CURVE('',#10193,#11296,#11305,.T.);
#11305 = CIRCLE('',#11306,28.8975952673);
#11306 = AXIS2_PLACEMENT_3D('',#11307,#11308,#11309);
#11307 = CARTESIAN_POINT('',(43.580000002121,139.57597853935,
    4.874773394182E-02));
#11308 = DIRECTION('',(4.440892098501E-16,1.,-1.110223024625E-16));
#11309 = DIRECTION('',(-3.330669073875E-16,1.110223024625E-16,1.));
#11310 = ORIENTED_EDGE('',*,*,#10192,.F.);
#11311 = PLANE('',#11312);
#11312 = AXIS2_PLACEMENT_3D('',#11313,#11314,#11315);
#11313 = CARTESIAN_POINT('',(43.58,139.57597853935,-27.95125226263));
#11314 = DIRECTION('',(4.440892098501E-16,1.,-1.110223024625E-16));
#11315 = DIRECTION('',(1.,-4.440892098501E-16,4.555315873025E-16));
#11316 = ADVANCED_FACE('',(#11317),#11345,.T.);
#11317 = FACE_BOUND('',#11318,.T.);
#11318 = EDGE_LOOP('',(#11319,#11330,#11337,#11338,#11339));
#11319 = ORIENTED_EDGE('',*,*,#11320,.F.);
#11320 = EDGE_CURVE('',#11321,#11323,#11325,.T.);
#11321 = VERTEX_POINT('',#11322);
#11322 = CARTESIAN_POINT('',(28.478095534,141.07847761415,
    27.692598436962));
#11323 = VERTEX_POINT('',#11324);
#11324 = CARTESIAN_POINT('',(58.6819044661,141.07847761415,
    27.692598436962));
#11325 = CIRCLE('',#11326,31.5);
#11326 = AXIS2_PLACEMENT_3D('',#11327,#11328,#11329);
#11327 = CARTESIAN_POINT('',(43.58,141.07847761415,4.874773736204E-02));
#11328 = DIRECTION('',(4.21277267811E-16,1.,-1.527792822735E-16));
#11329 = DIRECTION('',(-3.330669073875E-16,1.527792822735E-16,1.));
#11330 = ORIENTED_EDGE('',*,*,#11331,.F.);
#11331 = EDGE_CURVE('',#10201,#11321,#11332,.T.);
#11332 = CIRCLE('',#11333,31.5000000004);
#11333 = AXIS2_PLACEMENT_3D('',#11334,#11335,#11336);
#11334 = CARTESIAN_POINT('',(43.58,141.07847761435,4.874773736204E-02));
#11335 = DIRECTION('',(4.21277267811E-16,1.,-1.527792822735E-16));
#11336 = DIRECTION('',(-3.330669073875E-16,1.527792822735E-16,1.));
#11337 = ORIENTED_EDGE('',*,*,#10200,.F.);
#11338 = ORIENTED_EDGE('',*,*,#11304,.T.);
#11339 = ORIENTED_EDGE('',*,*,#11340,.T.);
#11340 = EDGE_CURVE('',#11296,#11323,#11341,.T.);
#11341 = LINE('',#11342,#11343);
#11342 = CARTESIAN_POINT('',(2.0764785495E+05,2.501312339595E+05,
    3.800171250187E+05));
#11343 = VECTOR('',#11344,1.);
#11344 = DIRECTION('',(0.415194695655,0.499999999997,0.760008792517));
#11345 = CONICAL_SURFACE('',#11346,28.8975952642,1.0471975512);
#11346 = AXIS2_PLACEMENT_3D('',#11347,#11348,#11349);
#11347 = CARTESIAN_POINT('',(43.58,139.57597853935,4.874773736204E-02));
#11348 = DIRECTION('',(4.440892098501E-16,1.,-1.110223024625E-16));
#11349 = DIRECTION('',(-0.479425538604,1.154764719987E-16,-0.87758256189
    ));
#11350 = ADVANCED_FACE('',(#11351),#11407,.T.);
#11351 = FACE_BOUND('',#11352,.T.);
#11352 = EDGE_LOOP('',(#11353,#11364,#11371,#11372,#11373,#11374,#11375,
    #11383,#11392,#11401));
#11353 = ORIENTED_EDGE('',*,*,#11354,.F.);
#11354 = EDGE_CURVE('',#11355,#11357,#11359,.T.);
#11355 = VERTEX_POINT('',#11356);
#11356 = CARTESIAN_POINT('',(28.478095534,141.07847761495,
    -27.59510296223));
#11357 = VERTEX_POINT('',#11358);
#11358 = CARTESIAN_POINT('',(58.681904466,141.07847761495,
    -27.59510296213));
#11359 = CIRCLE('',#11360,31.5);
#11360 = AXIS2_PLACEMENT_3D('',#11361,#11362,#11363);
#11361 = CARTESIAN_POINT('',(43.58,141.07847761495,4.874773736204E-02));
#11362 = DIRECTION('',(-4.440892098501E-16,-1.,1.110223024625E-16));
#11363 = DIRECTION('',(3.330669073875E-16,-1.110223024625E-16,-1.));
#11364 = ORIENTED_EDGE('',*,*,#11365,.F.);
#11365 = EDGE_CURVE('',#10275,#11355,#11366,.T.);
#11366 = CIRCLE('',#11367,31.5);
#11367 = AXIS2_PLACEMENT_3D('',#11368,#11369,#11370);
#11368 = CARTESIAN_POINT('',(43.58,141.07847761495,4.874773736204E-02));
#11369 = DIRECTION('',(-4.440892098501E-16,-1.,1.110223024625E-16));
#11370 = DIRECTION('',(3.330669073875E-16,-1.110223024625E-16,-1.));
#11371 = ORIENTED_EDGE('',*,*,#10274,.T.);
#11372 = ORIENTED_EDGE('',*,*,#10233,.F.);
#11373 = ORIENTED_EDGE('',*,*,#10211,.T.);
#11374 = ORIENTED_EDGE('',*,*,#11331,.T.);
#11375 = ORIENTED_EDGE('',*,*,#11376,.F.);
#11376 = EDGE_CURVE('',#11377,#11321,#11379,.T.);
#11377 = VERTEX_POINT('',#11378);
#11378 = CARTESIAN_POINT('',(28.478095534,155.20097853934,
    27.692598436862));
#11379 = LINE('',#11380,#11381);
#11380 = CARTESIAN_POINT('',(28.478095534,150.70097853934,
    27.692598436862));
#11381 = VECTOR('',#11382,1.);
#11382 = DIRECTION('',(-4.440892098501E-16,-1.,1.110224117768E-16));
#11383 = ORIENTED_EDGE('',*,*,#11384,.T.);
#11384 = EDGE_CURVE('',#11377,#11385,#11387,.T.);
#11385 = VERTEX_POINT('',#11386);
#11386 = CARTESIAN_POINT('',(28.478095534,155.20097853934,
    -27.59510296213));
#11387 = CIRCLE('',#11388,31.5);
#11388 = AXIS2_PLACEMENT_3D('',#11389,#11390,#11391);
#11389 = CARTESIAN_POINT('',(43.58,155.20097853934,4.874773736204E-02));
#11390 = DIRECTION('',(-4.440892098501E-16,-1.,1.110223024625E-16));
#11391 = DIRECTION('',(3.330669073875E-16,-1.110223024625E-16,-1.));
#11392 = ORIENTED_EDGE('',*,*,#11393,.T.);
#11393 = EDGE_CURVE('',#11385,#11394,#11396,.T.);
#11394 = VERTEX_POINT('',#11395);
#11395 = CARTESIAN_POINT('',(58.681904466,155.20097853934,
    -27.59510296213));
#11396 = CIRCLE('',#11397,31.5);
#11397 = AXIS2_PLACEMENT_3D('',#11398,#11399,#11400);
#11398 = CARTESIAN_POINT('',(43.58,155.20097853934,4.874773736204E-02));
#11399 = DIRECTION('',(-4.440892098501E-16,-1.,1.110223024625E-16));
#11400 = DIRECTION('',(3.330669073875E-16,-1.110223024625E-16,-1.));
#11401 = ORIENTED_EDGE('',*,*,#11402,.T.);
#11402 = EDGE_CURVE('',#11394,#11357,#11403,.T.);
#11403 = LINE('',#11404,#11405);
#11404 = CARTESIAN_POINT('',(58.681904466,150.70097853934,
    -27.59510296213));
#11405 = VECTOR('',#11406,1.);
#11406 = DIRECTION('',(-4.440892098501E-16,-1.,1.110224117768E-16));
#11407 = CYLINDRICAL_SURFACE('',#11408,31.5);
#11408 = AXIS2_PLACEMENT_3D('',#11409,#11410,#11411);
#11409 = CARTESIAN_POINT('',(43.58,150.70097853934,4.874773736204E-02));
#11410 = DIRECTION('',(-4.440892098501E-16,-1.,1.110223024625E-16));
#11411 = DIRECTION('',(-0.479425538604,3.103389452427E-16,0.87758256189)
  );
#11412 = ADVANCED_FACE('',(#11413),#11432,.T.);
#11413 = FACE_BOUND('',#11414,.T.);
#11414 = EDGE_LOOP('',(#11415,#11423,#11430,#11431));
#11415 = ORIENTED_EDGE('',*,*,#11416,.F.);
#11416 = EDGE_CURVE('',#11417,#11355,#11419,.T.);
#11417 = VERTEX_POINT('',#11418);
#11418 = CARTESIAN_POINT('',(29.7257548257,139.57597853985,
    -25.31127794783));
#11419 = LINE('',#11420,#11421);
#11420 = CARTESIAN_POINT('',(-2.0756069495E+05,2.501312339595E+05,
    -3.800170275233E+05));
#11421 = VECTOR('',#11422,1.);
#11422 = DIRECTION('',(-0.415194695655,0.499999999997,-0.760008792517));
#11423 = ORIENTED_EDGE('',*,*,#11424,.T.);
#11424 = EDGE_CURVE('',#11417,#10283,#11425,.T.);
#11425 = CIRCLE('',#11426,28.8975952642);
#11426 = AXIS2_PLACEMENT_3D('',#11427,#11428,#11429);
#11427 = CARTESIAN_POINT('',(43.58,139.57597853935,4.874773736204E-02));
#11428 = DIRECTION('',(4.21277267811E-16,1.,-1.527792822735E-16));
#11429 = DIRECTION('',(-3.330669073875E-16,1.527792822735E-16,1.));
#11430 = ORIENTED_EDGE('',*,*,#10282,.T.);
#11431 = ORIENTED_EDGE('',*,*,#11365,.T.);
#11432 = CONICAL_SURFACE('',#11433,28.8975952642,1.0471975512);
#11433 = AXIS2_PLACEMENT_3D('',#11434,#11435,#11436);
#11434 = CARTESIAN_POINT('',(43.58,139.57597853935,4.874773736204E-02));
#11435 = DIRECTION('',(4.440892098501E-16,1.,-1.110223024625E-16));
#11436 = DIRECTION('',(-0.479425538604,1.154764719987E-16,-0.87758256189
    ));
#11437 = ADVANCED_FACE('',(#11438),#11452,.F.);
#11438 = FACE_BOUND('',#11439,.T.);
#11439 = EDGE_LOOP('',(#11440,#11441,#11442,#11443,#11450,#11451));
#11440 = ORIENTED_EDGE('',*,*,#10329,.T.);
#11441 = ORIENTED_EDGE('',*,*,#10293,.F.);
#11442 = ORIENTED_EDGE('',*,*,#11424,.F.);
#11443 = ORIENTED_EDGE('',*,*,#11444,.F.);
#11444 = EDGE_CURVE('',#10708,#11417,#11445,.T.);
#11445 = CIRCLE('',#11446,28.8975952654);
#11446 = AXIS2_PLACEMENT_3D('',#11447,#11448,#11449);
#11447 = CARTESIAN_POINT('',(43.579999999276,139.57597853935,
    4.874773785567E-02));
#11448 = DIRECTION('',(4.440892098501E-16,1.,-1.110223024625E-16));
#11449 = DIRECTION('',(-3.330669073875E-16,1.110223024625E-16,1.));
#11450 = ORIENTED_EDGE('',*,*,#10707,.T.);
#11451 = ORIENTED_EDGE('',*,*,#10685,.T.);
#11452 = PLANE('',#11453);
#11453 = AXIS2_PLACEMENT_3D('',#11454,#11455,#11456);
#11454 = CARTESIAN_POINT('',(43.58,139.57597853935,-27.95125226263));
#11455 = DIRECTION('',(4.440892098501E-16,1.,-1.110223024625E-16));
#11456 = DIRECTION('',(1.,-4.440892098501E-16,4.555315873025E-16));
#11457 = ADVANCED_FACE('',(#11458),#11470,.T.);
#11458 = FACE_BOUND('',#11459,.T.);
#11459 = EDGE_LOOP('',(#11460,#11461,#11462,#11469));
#11460 = ORIENTED_EDGE('',*,*,#10397,.T.);
#11461 = ORIENTED_EDGE('',*,*,#11234,.F.);
#11462 = ORIENTED_EDGE('',*,*,#11463,.T.);
#11463 = EDGE_CURVE('',#11226,#10423,#11464,.T.);
#11464 = CIRCLE('',#11465,31.5);
#11465 = AXIS2_PLACEMENT_3D('',#11466,#11467,#11468);
#11466 = CARTESIAN_POINT('',(43.58,134.32347946375,4.874773736204E-02));
#11467 = DIRECTION('',(-4.440892098501E-16,-1.,1.110223024625E-16));
#11468 = DIRECTION('',(3.330669073875E-16,-1.110223024625E-16,-1.));
#11469 = ORIENTED_EDGE('',*,*,#10422,.T.);
#11470 = CYLINDRICAL_SURFACE('',#11471,31.5);
#11471 = AXIS2_PLACEMENT_3D('',#11472,#11473,#11474);
#11472 = CARTESIAN_POINT('',(43.58,150.70097853934,4.874773736204E-02));
#11473 = DIRECTION('',(-4.440892098501E-16,-1.,1.110223024625E-16));
#11474 = DIRECTION('',(0.479425538604,-3.103389452427E-16,-0.87758256189
    ));
#11475 = ADVANCED_FACE('',(#11476),#11483,.T.);
#11476 = FACE_BOUND('',#11477,.T.);
#11477 = EDGE_LOOP('',(#11478,#11479,#11480,#11481,#11482));
#11478 = ORIENTED_EDGE('',*,*,#11225,.F.);
#11479 = ORIENTED_EDGE('',*,*,#11201,.F.);
#11480 = ORIENTED_EDGE('',*,*,#11162,.T.);
#11481 = ORIENTED_EDGE('',*,*,#10430,.F.);
#11482 = ORIENTED_EDGE('',*,*,#11463,.F.);
#11483 = CONICAL_SURFACE('',#11484,28.8975952642,1.0471975512);
#11484 = AXIS2_PLACEMENT_3D('',#11485,#11486,#11487);
#11485 = CARTESIAN_POINT('',(43.58,135.82597853935,4.874773736204E-02));
#11486 = DIRECTION('',(-4.440892098501E-16,-1.,1.110223024625E-16));
#11487 = DIRECTION('',(-0.479425538604,1.154764719987E-16,-0.87758256189
    ));
#11488 = ADVANCED_FACE('',(#11489),#11583,.T.);
#11489 = FACE_BOUND('',#11490,.T.);
#11490 = EDGE_LOOP('',(#11491,#11500,#11508,#11522,#11539,#11547,#11554,
    #11555,#11556,#11557,#11564,#11565,#11574,#11581,#11582));
#11491 = ORIENTED_EDGE('',*,*,#11492,.F.);
#11492 = EDGE_CURVE('',#11493,#11323,#11495,.T.);
#11493 = VERTEX_POINT('',#11494);
#11494 = CARTESIAN_POINT('',(63.58,141.07847761495,24.384934784662));
#11495 = CIRCLE('',#11496,31.5);
#11496 = AXIS2_PLACEMENT_3D('',#11497,#11498,#11499);
#11497 = CARTESIAN_POINT('',(43.58,141.07847761495,4.874773736204E-02));
#11498 = DIRECTION('',(-4.440892098501E-16,-1.,1.110223024625E-16));
#11499 = DIRECTION('',(3.330669073875E-16,-1.110223024625E-16,-1.));
#11500 = ORIENTED_EDGE('',*,*,#11501,.F.);
#11501 = EDGE_CURVE('',#11502,#11493,#11504,.T.);
#11502 = VERTEX_POINT('',#11503);
#11503 = CARTESIAN_POINT('',(63.5799999997,150.13345860077,
    24.384934784862));
#11504 = LINE('',#11505,#11506);
#11505 = CARTESIAN_POINT('',(63.5799999997,150.70097853934,
    24.384934784862));
#11506 = VECTOR('',#11507,1.);
#11507 = DIRECTION('',(-4.440892098501E-16,-1.,1.110224117768E-16));
#11508 = ORIENTED_EDGE('',*,*,#11509,.T.);
#11509 = EDGE_CURVE('',#11502,#11510,#11512,.T.);
#11510 = VERTEX_POINT('',#11511);
#11511 = CARTESIAN_POINT('',(64.08,150.46859623251,23.965269223562));
#11512 = B_SPLINE_CURVE_WITH_KNOTS('',5,(#11513,#11514,#11515,#11516,
    #11517,#11518,#11519,#11520,#11521),.UNSPECIFIED.,.F.,.F.,(6,3,6),(
    0.,0.620285330334,1.26324405463),.UNSPECIFIED.);
#11513 = CARTESIAN_POINT('',(63.58,150.13345860077,24.384934784662));
#11514 = CARTESIAN_POINT('',(63.58,150.2200512955,24.384934784662));
#11515 = CARTESIAN_POINT('',(63.5942761141,150.30667652745,
    24.373202368162));
#11516 = CARTESIAN_POINT('',(63.6303098839,150.39047383586,
    24.343634432462));
#11517 = CARTESIAN_POINT('',(63.739520133,150.50616204572,
    24.253294933262));
#11518 = CARTESIAN_POINT('',(63.8790671614,150.53085222394,
    24.136328778662));
#11519 = CARTESIAN_POINT('',(63.9489533889,150.52247303696,
    24.077226241462));
#11520 = CARTESIAN_POINT('',(64.0161752552,150.50106972245,
    24.019976479762));
#11521 = CARTESIAN_POINT('',(64.08,150.46859623251,23.965269223562));
#11522 = ORIENTED_EDGE('',*,*,#11523,.F.);
#11523 = EDGE_CURVE('',#11524,#11510,#11526,.T.);
#11524 = VERTEX_POINT('',#11525);
#11525 = CARTESIAN_POINT('',(67.9161870473,143.58926463635,
    20.048747737362));
#11526 = B_SPLINE_CURVE_WITH_KNOTS('',5,(#11527,#11528,#11529,#11530,
    #11531,#11532,#11533,#11534,#11535,#11536,#11537,#11538),
  .UNSPECIFIED.,.F.,.F.,(6,3,3,6),(0.,4.36218861901,10.1120414026,
    13.282804773),.UNSPECIFIED.);
#11527 = CARTESIAN_POINT('',(67.9161870473,143.58926463635,
    20.048747737362));
#11528 = CARTESIAN_POINT('',(67.9161870473,144.20478270855,
    20.048747737362));
#11529 = CARTESIAN_POINT('',(67.8675374579,144.82030007375,
    20.107945012662));
#11530 = CARTESIAN_POINT('',(67.7701331864,145.42295392035,
    20.226534325662));
#11531 = CARTESIAN_POINT('',(67.4367670275,146.76183796929,
    20.624813467862));
#11532 = CARTESIAN_POINT('',(66.8724498179,147.92566322981,
    21.264293550162));
#11533 = CARTESIAN_POINT('',(66.4840729049,148.51454538628,
    21.687311435162));
#11534 = CARTESIAN_POINT('',(65.7972992121,149.30770024514,
    22.395845944262));
#11535 = CARTESIAN_POINT('',(64.9997617882,149.92818013473,
    23.150205740162));
#11536 = CARTESIAN_POINT('',(64.7038249438,150.12766826527,
    23.421455440962));
#11537 = CARTESIAN_POINT('',(64.3968723022,150.30737428728,
    23.693662744362));
#11538 = CARTESIAN_POINT('',(64.08,150.46859623251,23.965269223562));
#11539 = ORIENTED_EDGE('',*,*,#11540,.T.);
#11540 = EDGE_CURVE('',#11524,#11541,#11543,.T.);
#11541 = VERTEX_POINT('',#11542);
#11542 = CARTESIAN_POINT('',(67.9161870475,141.07847761495,
    20.048747737062));
#11543 = LINE('',#11544,#11545);
#11544 = CARTESIAN_POINT('',(67.9161870475,150.70097853934,
    20.048747737062));
#11545 = VECTOR('',#11546,1.);
#11546 = DIRECTION('',(-4.440892098501E-16,-1.,1.110222341411E-16));
#11547 = ORIENTED_EDGE('',*,*,#11548,.F.);
#11548 = EDGE_CURVE('',#10547,#11541,#11549,.T.);
#11549 = CIRCLE('',#11550,31.5);
#11550 = AXIS2_PLACEMENT_3D('',#11551,#11552,#11553);
#11551 = CARTESIAN_POINT('',(43.58,141.07847761495,4.874773736204E-02));
#11552 = DIRECTION('',(-4.440892098501E-16,-1.,1.110223024625E-16));
#11553 = DIRECTION('',(3.330669073875E-16,-1.110223024625E-16,-1.));
#11554 = ORIENTED_EDGE('',*,*,#10546,.T.);
#11555 = ORIENTED_EDGE('',*,*,#10481,.F.);
#11556 = ORIENTED_EDGE('',*,*,#10726,.T.);
#11557 = ORIENTED_EDGE('',*,*,#11558,.F.);
#11558 = EDGE_CURVE('',#11357,#10716,#11559,.T.);
#11559 = CIRCLE('',#11560,31.5);
#11560 = AXIS2_PLACEMENT_3D('',#11561,#11562,#11563);
#11561 = CARTESIAN_POINT('',(43.58,141.07847761495,4.874773736204E-02));
#11562 = DIRECTION('',(-4.440892098501E-16,-1.,1.110223024625E-16));
#11563 = DIRECTION('',(3.330669073875E-16,-1.110223024625E-16,-1.));
#11564 = ORIENTED_EDGE('',*,*,#11402,.F.);
#11565 = ORIENTED_EDGE('',*,*,#11566,.T.);
#11566 = EDGE_CURVE('',#11394,#11567,#11569,.T.);
#11567 = VERTEX_POINT('',#11568);
#11568 = CARTESIAN_POINT('',(58.681904466,155.20097853934,
    27.692598436862));
#11569 = CIRCLE('',#11570,31.5);
#11570 = AXIS2_PLACEMENT_3D('',#11571,#11572,#11573);
#11571 = CARTESIAN_POINT('',(43.58,155.20097853934,4.874773736204E-02));
#11572 = DIRECTION('',(-4.440892098501E-16,-1.,1.110223024625E-16));
#11573 = DIRECTION('',(3.330669073875E-16,-1.110223024625E-16,-1.));
#11574 = ORIENTED_EDGE('',*,*,#11575,.T.);
#11575 = EDGE_CURVE('',#11567,#11377,#11576,.T.);
#11576 = CIRCLE('',#11577,31.5);
#11577 = AXIS2_PLACEMENT_3D('',#11578,#11579,#11580);
#11578 = CARTESIAN_POINT('',(43.58,155.20097853934,4.874773736204E-02));
#11579 = DIRECTION('',(-4.440892098501E-16,-1.,1.110223024625E-16));
#11580 = DIRECTION('',(3.330669073875E-16,-1.110223024625E-16,-1.));
#11581 = ORIENTED_EDGE('',*,*,#11376,.T.);
#11582 = ORIENTED_EDGE('',*,*,#11320,.T.);
#11583 = CYLINDRICAL_SURFACE('',#11584,31.5);
#11584 = AXIS2_PLACEMENT_3D('',#11585,#11586,#11587);
#11585 = CARTESIAN_POINT('',(43.58,150.70097853934,4.874773736204E-02));
#11586 = DIRECTION('',(-4.440892098501E-16,-1.,1.110223024625E-16));
#11587 = DIRECTION('',(0.479425538604,-3.103389452427E-16,-0.87758256189
    ));
#11588 = ADVANCED_FACE('',(#11589),#11601,.T.);
#11589 = FACE_BOUND('',#11590,.T.);
#11590 = EDGE_LOOP('',(#11591,#11598,#11599,#11600));
#11591 = ORIENTED_EDGE('',*,*,#11592,.F.);
#11592 = EDGE_CURVE('',#11254,#11541,#11593,.T.);
#11593 = B_SPLINE_CURVE_WITH_KNOTS('',3,(#11594,#11595,#11596,#11597),
  .UNSPECIFIED.,.F.,.F.,(4,4),(0.,9.04916981391),
  .PIECEWISE_BEZIER_KNOTS.);
#11594 = CARTESIAN_POINT('',(64.4383559288,139.57597853935,
    20.048747737362));
#11595 = CARTESIAN_POINT('',(65.5189877192,140.02631331175,
    20.048747737362));
#11596 = CARTESIAN_POINT('',(66.6739621509,140.52438599335,
    20.048747737362));
#11597 = CARTESIAN_POINT('',(67.9161870473,141.07847761415,
    20.048747737362));
#11598 = ORIENTED_EDGE('',*,*,#11253,.T.);
#11599 = ORIENTED_EDGE('',*,*,#10554,.T.);
#11600 = ORIENTED_EDGE('',*,*,#11548,.T.);
#11601 = CONICAL_SURFACE('',#11602,28.8975952642,1.0471975512);
#11602 = AXIS2_PLACEMENT_3D('',#11603,#11604,#11605);
#11603 = CARTESIAN_POINT('',(43.58,139.57597853935,4.874773736204E-02));
#11604 = DIRECTION('',(4.440892098501E-16,1.,-1.110223024625E-16));
#11605 = DIRECTION('',(0.479425538604,-1.154764719987E-16,0.87758256189)
  );
#11606 = ADVANCED_FACE('',(#11607),#11614,.T.);
#11607 = FACE_BOUND('',#11608,.T.);
#11608 = EDGE_LOOP('',(#11609,#11610,#11611,#11612,#11613));
#11609 = ORIENTED_EDGE('',*,*,#10715,.T.);
#11610 = ORIENTED_EDGE('',*,*,#11444,.T.);
#11611 = ORIENTED_EDGE('',*,*,#11416,.T.);
#11612 = ORIENTED_EDGE('',*,*,#11354,.T.);
#11613 = ORIENTED_EDGE('',*,*,#11558,.T.);
#11614 = CONICAL_SURFACE('',#11615,28.8975952642,1.0471975512);
#11615 = AXIS2_PLACEMENT_3D('',#11616,#11617,#11618);
#11616 = CARTESIAN_POINT('',(43.58,139.57597853935,4.874773736204E-02));
#11617 = DIRECTION('',(4.440892098501E-16,1.,-1.110223024625E-16));
#11618 = DIRECTION('',(0.479425538604,-1.154764719987E-16,0.87758256189)
  );
#11619 = ADVANCED_FACE('',(#11620),#11624,.F.);
#11620 = FACE_BOUND('',#11621,.T.);
#11621 = EDGE_LOOP('',(#11622,#11623));
#11622 = ORIENTED_EDGE('',*,*,#10777,.F.);
#11623 = ORIENTED_EDGE('',*,*,#10740,.F.);
#11624 = PLANE('',#11625);
#11625 = AXIS2_PLACEMENT_3D('',#11626,#11627,#11628);
#11626 = CARTESIAN_POINT('',(35.38,78.528125936153,36.371653358562));
#11627 = DIRECTION('',(5.150301715103E-16,0.985460115744,-0.169906916508
    ));
#11628 = DIRECTION('',(-3.734543824479E-16,0.169906916508,0.985460115744
    ));
#11629 = ADVANCED_FACE('',(#11630),#11634,.F.);
#11630 = FACE_BOUND('',#11631,.T.);
#11631 = EDGE_LOOP('',(#11632,#11633));
#11632 = ORIENTED_EDGE('',*,*,#10837,.F.);
#11633 = ORIENTED_EDGE('',*,*,#10800,.F.);
#11634 = PLANE('',#11635);
#11635 = AXIS2_PLACEMENT_3D('',#11636,#11637,#11638);
#11636 = CARTESIAN_POINT('',(35.38,78.528125936153,36.371653358562));
#11637 = DIRECTION('',(5.150301715103E-16,0.985460115744,-0.169906916508
    ));
#11638 = DIRECTION('',(-3.734543824479E-16,0.169906916508,0.985460115744
    ));
#11639 = ADVANCED_FACE('',(#11640),#11644,.F.);
#11640 = FACE_BOUND('',#11641,.T.);
#11641 = EDGE_LOOP('',(#11642,#11643));
#11642 = ORIENTED_EDGE('',*,*,#10912,.F.);
#11643 = ORIENTED_EDGE('',*,*,#10875,.F.);
#11644 = PLANE('',#11645);
#11645 = AXIS2_PLACEMENT_3D('',#11646,#11647,#11648);
#11646 = CARTESIAN_POINT('',(51.78,78.528125936153,-36.27415788383));
#11647 = DIRECTION('',(4.148804689238E-16,0.985460115744,0.169906916508)
  );
#11648 = DIRECTION('',(2.074138925519E-16,0.169906916508,-0.985460115744
    ));
#11649 = ADVANCED_FACE('',(#11650),#11654,.F.);
#11650 = FACE_BOUND('',#11651,.T.);
#11651 = EDGE_LOOP('',(#11652,#11653));
#11652 = ORIENTED_EDGE('',*,*,#10972,.F.);
#11653 = ORIENTED_EDGE('',*,*,#10935,.F.);
#11654 = PLANE('',#11655);
#11655 = AXIS2_PLACEMENT_3D('',#11656,#11657,#11658);
#11656 = CARTESIAN_POINT('',(51.78,78.528125936153,-36.27415788383));
#11657 = DIRECTION('',(4.148804689238E-16,0.985460115744,0.169906916508)
  );
#11658 = DIRECTION('',(2.074138925519E-16,0.169906916508,-0.985460115744
    ));
#11659 = ADVANCED_FACE('',(#11660),#11679,.T.);
#11660 = FACE_BOUND('',#11661,.T.);
#11661 = EDGE_LOOP('',(#11662,#11670,#11676,#11677,#11678));
#11662 = ORIENTED_EDGE('',*,*,#11663,.F.);
#11663 = EDGE_CURVE('',#11664,#11524,#11666,.T.);
#11664 = VERTEX_POINT('',#11665);
#11665 = CARTESIAN_POINT('',(64.08,143.58926463565,20.048747737362));
#11666 = LINE('',#11667,#11668);
#11667 = CARTESIAN_POINT('',(65.9980935239,143.58926463565,
    20.048747737362));
#11668 = VECTOR('',#11669,1.);
#11669 = DIRECTION('',(1.,-4.440892098501E-16,3.330669073875E-16));
#11670 = ORIENTED_EDGE('',*,*,#11671,.T.);
#11671 = EDGE_CURVE('',#11664,#11263,#11672,.T.);
#11672 = LINE('',#11673,#11674);
#11673 = CARTESIAN_POINT('',(64.08,141.58262158805,20.048747737362));
#11674 = VECTOR('',#11675,1.);
#11675 = DIRECTION('',(-4.440892098501E-16,-1.,4.270088556252E-17));
#11676 = ORIENTED_EDGE('',*,*,#11262,.T.);
#11677 = ORIENTED_EDGE('',*,*,#11592,.T.);
#11678 = ORIENTED_EDGE('',*,*,#11540,.F.);
#11679 = PLANE('',#11680);
#11680 = AXIS2_PLACEMENT_3D('',#11681,#11682,#11683);
#11681 = CARTESIAN_POINT('',(63.58,143.58926463565,20.048747737362));
#11682 = DIRECTION('',(-4.555315873025E-16,1.110223024625E-16,1.));
#11683 = DIRECTION('',(-4.440892098501E-16,-1.,1.110223024625E-16));
#11684 = ADVANCED_FACE('',(#11685),#11704,.F.);
#11685 = FACE_BOUND('',#11686,.F.);
#11686 = EDGE_LOOP('',(#11687,#11695,#11702,#11703));
#11687 = ORIENTED_EDGE('',*,*,#11688,.F.);
#11688 = EDGE_CURVE('',#11689,#11271,#11691,.T.);
#11689 = VERTEX_POINT('',#11690);
#11690 = CARTESIAN_POINT('',(63.58,143.58926463515,20.548747737362));
#11691 = LINE('',#11692,#11693);
#11692 = CARTESIAN_POINT('',(63.58,136.64512158695,20.548747737362));
#11693 = VECTOR('',#11694,1.);
#11694 = DIRECTION('',(-4.440892098501E-16,-1.,1.110224117768E-16));
#11695 = ORIENTED_EDGE('',*,*,#11696,.T.);
#11696 = EDGE_CURVE('',#11689,#11664,#11697,.T.);
#11697 = CIRCLE('',#11698,0.5);
#11698 = AXIS2_PLACEMENT_3D('',#11699,#11700,#11701);
#11699 = CARTESIAN_POINT('',(64.08,143.58926463515,20.548747737362));
#11700 = DIRECTION('',(-4.440892098501E-16,-1.,1.110223024625E-16));
#11701 = DIRECTION('',(3.330669073875E-16,-1.110223024625E-16,-1.));
#11702 = ORIENTED_EDGE('',*,*,#11671,.T.);
#11703 = ORIENTED_EDGE('',*,*,#11270,.F.);
#11704 = CYLINDRICAL_SURFACE('',#11705,0.5);
#11705 = AXIS2_PLACEMENT_3D('',#11706,#11707,#11708);
#11706 = CARTESIAN_POINT('',(64.08,136.64512158755,20.548747737362));
#11707 = DIRECTION('',(-4.440892098501E-16,-1.,1.110223024625E-16));
#11708 = DIRECTION('',(-1.,4.440892098501E-16,-2.718345674303E-16));
#11709 = ADVANCED_FACE('',(#11710),#11731,.F.);
#11710 = FACE_BOUND('',#11711,.T.);
#11711 = EDGE_LOOP('',(#11712,#11713,#11722,#11723,#11724));
#11712 = ORIENTED_EDGE('',*,*,#11501,.T.);
#11713 = ORIENTED_EDGE('',*,*,#11714,.F.);
#11714 = EDGE_CURVE('',#11288,#11493,#11715,.T.);
#11715 = B_SPLINE_CURVE_WITH_KNOTS('',5,(#11716,#11717,#11718,#11719,
    #11720,#11721),.UNSPECIFIED.,.F.,.F.,(6,6),(0.,5.35786518304),
  .PIECEWISE_BEZIER_KNOTS.);
#11716 = CARTESIAN_POINT('',(63.58,139.57597853935,20.907103665562));
#11717 = CARTESIAN_POINT('',(63.58,139.86265044675,21.595006966462));
#11718 = CARTESIAN_POINT('',(63.58,140.15677434915,22.287173778662));
#11719 = CARTESIAN_POINT('',(63.58,140.45796416895,22.983562873262));
#11720 = CARTESIAN_POINT('',(63.58,140.76528027885,23.682773781662));
#11721 = CARTESIAN_POINT('',(63.58,141.07847761495,24.384934785262));
#11722 = ORIENTED_EDGE('',*,*,#11287,.F.);
#11723 = ORIENTED_EDGE('',*,*,#11688,.F.);
#11724 = ORIENTED_EDGE('',*,*,#11725,.F.);
#11725 = EDGE_CURVE('',#11502,#11689,#11726,.T.);
#11726 = CIRCLE('',#11727,7.50000000075);
#11727 = AXIS2_PLACEMENT_3D('',#11728,#11729,#11730);
#11728 = CARTESIAN_POINT('',(63.58,143.58926463535,28.048747738062));
#11729 = DIRECTION('',(-1.,4.440892098501E-16,-4.555315873025E-16));
#11730 = DIRECTION('',(-4.555315873025E-16,4.270088556252E-17,1.));
#11731 = PLANE('',#11732);
#11732 = AXIS2_PLACEMENT_3D('',#11733,#11734,#11735);
#11733 = CARTESIAN_POINT('',(63.58,155.70097853934,4.874773736205E-02));
#11734 = DIRECTION('',(-1.,4.440892098501E-16,-4.555315873025E-16));
#11735 = DIRECTION('',(4.440892098501E-16,1.,-1.110223024625E-16));
#11736 = ADVANCED_FACE('',(#11737),#11743,.T.);
#11737 = FACE_BOUND('',#11738,.T.);
#11738 = EDGE_LOOP('',(#11739,#11740,#11741,#11742));
#11739 = ORIENTED_EDGE('',*,*,#11295,.T.);
#11740 = ORIENTED_EDGE('',*,*,#11714,.T.);
#11741 = ORIENTED_EDGE('',*,*,#11492,.T.);
#11742 = ORIENTED_EDGE('',*,*,#11340,.F.);
#11743 = CONICAL_SURFACE('',#11744,28.8975952642,1.0471975512);
#11744 = AXIS2_PLACEMENT_3D('',#11745,#11746,#11747);
#11745 = CARTESIAN_POINT('',(43.58,139.57597853935,4.874773736204E-02));
#11746 = DIRECTION('',(4.440892098501E-16,1.,-1.110223024625E-16));
#11747 = DIRECTION('',(0.479425538604,-1.154764719987E-16,0.87758256189)
  );
#11748 = ADVANCED_FACE('',(#11749),#11776,.T.);
#11749 = FACE_BOUND('',#11750,.T.);
#11750 = EDGE_LOOP('',(#11751,#11752,#11753,#11761,#11770));
#11751 = ORIENTED_EDGE('',*,*,#11384,.F.);
#11752 = ORIENTED_EDGE('',*,*,#11575,.F.);
#11753 = ORIENTED_EDGE('',*,*,#11754,.F.);
#11754 = EDGE_CURVE('',#11755,#11567,#11757,.T.);
#11755 = VERTEX_POINT('',#11756);
#11756 = CARTESIAN_POINT('',(58.4421916967,155.70097853935,
    27.253807155962));
#11757 = LINE('',#11758,#11759);
#11758 = CARTESIAN_POINT('',(1.69553296094E+05,-3.533816896145E+05,
    3.102855027677E+05));
#11759 = VECTOR('',#11760,1.);
#11760 = DIRECTION('',(0.339005049421,-0.707106781187,0.620544580563));
#11761 = ORIENTED_EDGE('',*,*,#11762,.T.);
#11762 = EDGE_CURVE('',#11755,#11763,#11765,.T.);
#11763 = VERTEX_POINT('',#11764);
#11764 = CARTESIAN_POINT('',(28.7178083033,155.70097853934,
    -27.15631168123));
#11765 = CIRCLE('',#11766,31.);
#11766 = AXIS2_PLACEMENT_3D('',#11767,#11768,#11769);
#11767 = CARTESIAN_POINT('',(43.58,155.70097853934,4.874773736204E-02));
#11768 = DIRECTION('',(-4.728344548313E-16,-1.,5.840448446692E-17));
#11769 = DIRECTION('',(1.,-4.728344548313E-16,3.330669073875E-16));
#11770 = ORIENTED_EDGE('',*,*,#11771,.T.);
#11771 = EDGE_CURVE('',#11763,#11385,#11772,.T.);
#11772 = LINE('',#11773,#11774);
#11773 = CARTESIAN_POINT('',(-1.69466136094E+05,-3.533816896145E+05,
    -3.102854052723E+05));
#11774 = VECTOR('',#11775,1.);
#11775 = DIRECTION('',(-0.339005049421,-0.707106781187,-0.620544580563)
  );
#11776 = CONICAL_SURFACE('',#11777,30.,0.785398163397);
#11777 = AXIS2_PLACEMENT_3D('',#11778,#11779,#11780);
#11778 = CARTESIAN_POINT('',(43.58,156.70097853934,4.874773736204E-02));
#11779 = DIRECTION('',(-4.440892098501E-16,-1.,1.110223024625E-16));
#11780 = DIRECTION('',(0.479425538604,-1.154764719987E-16,0.87758256189)
  );
#11781 = ADVANCED_FACE('',(#11782),#11795,.T.);
#11782 = FACE_BOUND('',#11783,.T.);
#11783 = EDGE_LOOP('',(#11784,#11785,#11786,#11787,#11794));
#11784 = ORIENTED_EDGE('',*,*,#11566,.F.);
#11785 = ORIENTED_EDGE('',*,*,#11393,.F.);
#11786 = ORIENTED_EDGE('',*,*,#11771,.F.);
#11787 = ORIENTED_EDGE('',*,*,#11788,.T.);
#11788 = EDGE_CURVE('',#11763,#11755,#11789,.T.);
#11789 = CIRCLE('',#11790,31.);
#11790 = AXIS2_PLACEMENT_3D('',#11791,#11792,#11793);
#11791 = CARTESIAN_POINT('',(43.58,155.70097853934,4.874773736204E-02));
#11792 = DIRECTION('',(-4.728344548313E-16,-1.,5.840448446692E-17));
#11793 = DIRECTION('',(1.,-4.728344548313E-16,3.330669073875E-16));
#11794 = ORIENTED_EDGE('',*,*,#11754,.T.);
#11795 = CONICAL_SURFACE('',#11796,30.,0.785398163397);
#11796 = AXIS2_PLACEMENT_3D('',#11797,#11798,#11799);
#11797 = CARTESIAN_POINT('',(43.58,156.70097853934,4.874773736204E-02));
#11798 = DIRECTION('',(-4.440892098501E-16,-1.,1.110223024625E-16));
#11799 = DIRECTION('',(-0.479425538604,1.154764719987E-16,-0.87758256189
    ));
#11800 = ADVANCED_FACE('',(#11801),#11813,.F.);
#11801 = FACE_BOUND('',#11802,.F.);
#11802 = EDGE_LOOP('',(#11803,#11810,#11811,#11812));
#11803 = ORIENTED_EDGE('',*,*,#11804,.T.);
#11804 = EDGE_CURVE('',#11510,#11664,#11805,.T.);
#11805 = CIRCLE('',#11806,8.);
#11806 = AXIS2_PLACEMENT_3D('',#11807,#11808,#11809);
#11807 = CARTESIAN_POINT('',(64.08,143.58926463565,28.048747737362));
#11808 = DIRECTION('',(-1.,4.865036654994E-16,-4.384627323595E-16));
#11809 = DIRECTION('',(-4.384627323595E-16,4.270088556252E-17,1.));
#11810 = ORIENTED_EDGE('',*,*,#11696,.F.);
#11811 = ORIENTED_EDGE('',*,*,#11725,.F.);
#11812 = ORIENTED_EDGE('',*,*,#11509,.T.);
#11813 = TOROIDAL_SURFACE('',#11814,7.5,0.5);
#11814 = AXIS2_PLACEMENT_3D('',#11815,#11816,#11817);
#11815 = CARTESIAN_POINT('',(64.08,143.58926463565,28.048747737362));
#11816 = DIRECTION('',(-1.,4.440892098501E-16,-4.555315873025E-16));
#11817 = DIRECTION('',(2.419152210795E-16,0.927697268629,0.373333333333)
  );
#11818 = ADVANCED_FACE('',(#11819),#11824,.F.);
#11819 = FACE_BOUND('',#11820,.F.);
#11820 = EDGE_LOOP('',(#11821,#11822,#11823));
#11821 = ORIENTED_EDGE('',*,*,#11663,.F.);
#11822 = ORIENTED_EDGE('',*,*,#11804,.F.);
#11823 = ORIENTED_EDGE('',*,*,#11523,.F.);
#11824 = CYLINDRICAL_SURFACE('',#11825,8.);
#11825 = AXIS2_PLACEMENT_3D('',#11826,#11827,#11828);
#11826 = CARTESIAN_POINT('',(68.58,143.58926463565,28.048747737362));
#11827 = DIRECTION('',(-1.,4.440892098501E-16,-4.555315873025E-16));
#11828 = DIRECTION('',(4.440892098501E-16,1.,-1.110223024625E-16));
#11829 = ADVANCED_FACE('',(#11830,#11834),#11854,.F.);
#11830 = FACE_BOUND('',#11831,.T.);
#11831 = EDGE_LOOP('',(#11832,#11833));
#11832 = ORIENTED_EDGE('',*,*,#11788,.F.);
#11833 = ORIENTED_EDGE('',*,*,#11762,.F.);
#11834 = FACE_BOUND('',#11835,.T.);
#11835 = EDGE_LOOP('',(#11836,#11847));
#11836 = ORIENTED_EDGE('',*,*,#11837,.T.);
#11837 = EDGE_CURVE('',#11838,#11840,#11842,.T.);
#11838 = VERTEX_POINT('',#11839);
#11839 = CARTESIAN_POINT('',(31.3786200433,155.70097853934,
    22.383223937962));
#11840 = VERTEX_POINT('',#11841);
#11841 = CARTESIAN_POINT('',(55.7813799567,155.70097853934,
    -22.28572846183));
#11842 = CIRCLE('',#11843,25.4499999995);
#11843 = AXIS2_PLACEMENT_3D('',#11844,#11845,#11846);
#11844 = CARTESIAN_POINT('',(43.579999998891,155.70097853934,
    4.874773746848E-02));
#11845 = DIRECTION('',(-4.440892098501E-16,-1.,1.110223024625E-16));
#11846 = DIRECTION('',(3.330669073875E-16,-1.110223024625E-16,-1.));
#11847 = ORIENTED_EDGE('',*,*,#11848,.T.);
#11848 = EDGE_CURVE('',#11840,#11838,#11849,.T.);
#11849 = CIRCLE('',#11850,25.4499999995);
#11850 = AXIS2_PLACEMENT_3D('',#11851,#11852,#11853);
#11851 = CARTESIAN_POINT('',(43.580000001109,155.70097853934,
    4.874773868029E-02));
#11852 = DIRECTION('',(-4.440892098501E-16,-1.,1.110223024625E-16));
#11853 = DIRECTION('',(3.330669073875E-16,-1.110223024625E-16,-1.));
#11854 = PLANE('',#11855);
#11855 = AXIS2_PLACEMENT_3D('',#11856,#11857,#11858);
#11856 = CARTESIAN_POINT('',(43.58,155.70097853934,-24.27189511973));
#11857 = DIRECTION('',(-4.440892098501E-16,-1.,1.110223024625E-16));
#11858 = DIRECTION('',(1.,-4.440892098501E-16,4.555315873025E-16));
#11859 = ADVANCED_FACE('',(#11860),#11886,.F.);
#11860 = FACE_BOUND('',#11861,.F.);
#11861 = EDGE_LOOP('',(#11862,#11870,#11879,#11885));
#11862 = ORIENTED_EDGE('',*,*,#11863,.F.);
#11863 = EDGE_CURVE('',#11864,#11840,#11866,.T.);
#11864 = VERTEX_POINT('',#11865);
#11865 = CARTESIAN_POINT('',(55.3659595791,155.57920044863,
    -21.52530656083));
#11866 = LINE('',#11867,#11868);
#11867 = CARTESIAN_POINT('',(2.37429374089E+05,6.974040218514E+04,
    -4.345317326423E+05));
#11868 = VECTOR('',#11869,1.);
#11869 = DIRECTION('',(0.474759802219,0.139173100955,-0.869041988725));
#11870 = ORIENTED_EDGE('',*,*,#11871,.T.);
#11871 = EDGE_CURVE('',#11864,#11872,#11874,.T.);
#11872 = VERTEX_POINT('',#11873);
#11873 = CARTESIAN_POINT('',(31.7940404209,155.57920044864,
    21.622802035562));
#11874 = CIRCLE('',#11875,24.5835038606);
#11875 = AXIS2_PLACEMENT_3D('',#11876,#11877,#11878);
#11876 = CARTESIAN_POINT('',(43.58,155.57920044864,4.874773736203E-02));
#11877 = DIRECTION('',(4.491604686474E-16,1.,-1.203051794247E-16));
#11878 = DIRECTION('',(-3.330669073875E-16,1.203051794247E-16,1.));
#11879 = ORIENTED_EDGE('',*,*,#11880,.T.);
#11880 = EDGE_CURVE('',#11872,#11838,#11881,.T.);
#11881 = LINE('',#11882,#11883);
#11882 = CARTESIAN_POINT('',(-2.37342214089E+05,6.974040218514E+04,
    4.345318301377E+05));
#11883 = VECTOR('',#11884,1.);
#11884 = DIRECTION('',(-0.474759802219,0.139173100955,0.869041988725));
#11885 = ORIENTED_EDGE('',*,*,#11837,.T.);
#11886 = CONICAL_SURFACE('',#11887,24.5835038606,1.43116998664);
#11887 = AXIS2_PLACEMENT_3D('',#11888,#11889,#11890);
#11888 = CARTESIAN_POINT('',(43.58,155.57920044864,4.874773736203E-02));
#11889 = DIRECTION('',(4.440892098501E-16,1.,-1.110223024625E-16));
#11890 = DIRECTION('',(0.479425538604,-3.103389452427E-16,-0.87758256189
    ));
#11891 = ADVANCED_FACE('',(#11892),#11904,.F.);
#11892 = FACE_BOUND('',#11893,.F.);
#11893 = EDGE_LOOP('',(#11894,#11895,#11902,#11903));
#11894 = ORIENTED_EDGE('',*,*,#11880,.F.);
#11895 = ORIENTED_EDGE('',*,*,#11896,.T.);
#11896 = EDGE_CURVE('',#11872,#11864,#11897,.T.);
#11897 = CIRCLE('',#11898,24.5835038606);
#11898 = AXIS2_PLACEMENT_3D('',#11899,#11900,#11901);
#11899 = CARTESIAN_POINT('',(43.58,155.57920044864,4.874773736203E-02));
#11900 = DIRECTION('',(4.491604686474E-16,1.,-1.203051794247E-16));
#11901 = DIRECTION('',(-3.330669073875E-16,1.203051794247E-16,1.));
#11902 = ORIENTED_EDGE('',*,*,#11863,.T.);
#11903 = ORIENTED_EDGE('',*,*,#11848,.T.);
#11904 = CONICAL_SURFACE('',#11905,24.5835038606,1.43116998664);
#11905 = AXIS2_PLACEMENT_3D('',#11906,#11907,#11908);
#11906 = CARTESIAN_POINT('',(43.58,155.57920044864,4.874773736203E-02));
#11907 = DIRECTION('',(4.440892098501E-16,1.,-1.110223024625E-16));
#11908 = DIRECTION('',(-0.479425538604,3.103389452427E-16,0.87758256189)
  );
#11909 = ADVANCED_FACE('',(#11910),#11956,.F.);
#11910 = FACE_BOUND('',#11911,.F.);
#11911 = EDGE_LOOP('',(#11912,#11923,#11932,#11939,#11940,#11949));
#11912 = ORIENTED_EDGE('',*,*,#11913,.F.);
#11913 = EDGE_CURVE('',#11914,#11916,#11918,.T.);
#11914 = VERTEX_POINT('',#11915);
#11915 = CARTESIAN_POINT('',(32.1217296274,156.17336128988,
    21.022970966562));
#11916 = VERTEX_POINT('',#11917);
#11917 = CARTESIAN_POINT('',(55.0382703726,156.17336128988,
    -20.92547549183));
#11918 = CIRCLE('',#11919,23.9);
#11919 = AXIS2_PLACEMENT_3D('',#11920,#11921,#11922);
#11920 = CARTESIAN_POINT('',(43.58,156.17336128988,4.874773736203E-02));
#11921 = DIRECTION('',(-4.439719934185E-16,-1.,1.108077392238E-16));
#11922 = DIRECTION('',(3.330669073875E-16,-1.108077392238E-16,-1.));
#11923 = ORIENTED_EDGE('',*,*,#11924,.F.);
#11924 = EDGE_CURVE('',#11925,#11914,#11927,.T.);
#11925 = VERTEX_POINT('',#11926);
#11926 = CARTESIAN_POINT('',(31.8340498074,155.57336129206,
    21.549565344862));
#11927 = CIRCLE('',#11928,0.6);
#11928 = AXIS2_PLACEMENT_3D('',#11929,#11930,#11931);
#11929 = CARTESIAN_POINT('',(31.8340743042,156.17336128988,
    21.549520503662));
#11930 = DIRECTION('',(0.87758256189,-3.364980193331E-16,0.479425538604)
  );
#11931 = DIRECTION('',(0.479425538604,-2.503812611678E-16,-0.87758256189
    ));
#11932 = ORIENTED_EDGE('',*,*,#11933,.F.);
#11933 = EDGE_CURVE('',#11872,#11925,#11934,.T.);
#11934 = CIRCLE('',#11935,0.6);
#11935 = AXIS2_PLACEMENT_3D('',#11936,#11937,#11938);
#11936 = CARTESIAN_POINT('',(31.8340743042,156.17336128988,
    21.549520503662));
#11937 = DIRECTION('',(0.87758256189,-3.364980193331E-16,0.479425538604)
  );
#11938 = DIRECTION('',(0.479425538604,-2.503812611678E-16,-0.87758256189
    ));
#11939 = ORIENTED_EDGE('',*,*,#11871,.F.);
#11940 = ORIENTED_EDGE('',*,*,#11941,.T.);
#11941 = EDGE_CURVE('',#11864,#11942,#11944,.T.);
#11942 = VERTEX_POINT('',#11943);
#11943 = CARTESIAN_POINT('',(55.3259501926,155.57336129206,
    -21.45206987013));
#11944 = CIRCLE('',#11945,0.6);
#11945 = AXIS2_PLACEMENT_3D('',#11946,#11947,#11948);
#11946 = CARTESIAN_POINT('',(55.3259256958,156.17336128988,
    -21.45202502893));
#11947 = DIRECTION('',(-0.87758256189,3.364980193331E-16,-0.479425538604
    ));
#11948 = DIRECTION('',(-0.479425538604,2.503812611678E-16,0.87758256189)
  );
#11949 = ORIENTED_EDGE('',*,*,#11950,.T.);
#11950 = EDGE_CURVE('',#11942,#11916,#11951,.T.);
#11951 = CIRCLE('',#11952,0.6);
#11952 = AXIS2_PLACEMENT_3D('',#11953,#11954,#11955);
#11953 = CARTESIAN_POINT('',(55.3259256958,156.17336128988,
    -21.45202502893));
#11954 = DIRECTION('',(-0.87758256189,3.364980193331E-16,-0.479425538604
    ));
#11955 = DIRECTION('',(-0.479425538604,2.503812611678E-16,0.87758256189)
  );
#11956 = TOROIDAL_SURFACE('',#11957,24.5,0.6);
#11957 = AXIS2_PLACEMENT_3D('',#11958,#11959,#11960);
#11958 = CARTESIAN_POINT('',(43.58,156.17336128988,4.874773736203E-02));
#11959 = DIRECTION('',(-4.440892098501E-16,-1.,1.110223024625E-16));
#11960 = DIRECTION('',(-0.479425538604,3.103389452427E-16,0.87758256189)
  );
#11961 = ADVANCED_FACE('',(#11962),#11976,.F.);
#11962 = FACE_BOUND('',#11963,.F.);
#11963 = EDGE_LOOP('',(#11964,#11971,#11972,#11973,#11974,#11975));
#11964 = ORIENTED_EDGE('',*,*,#11965,.F.);
#11965 = EDGE_CURVE('',#11916,#11914,#11966,.T.);
#11966 = CIRCLE('',#11967,23.9);
#11967 = AXIS2_PLACEMENT_3D('',#11968,#11969,#11970);
#11968 = CARTESIAN_POINT('',(43.58,156.17336128988,4.874773736203E-02));
#11969 = DIRECTION('',(-4.439719934185E-16,-1.,1.108077392238E-16));
#11970 = DIRECTION('',(3.330669073875E-16,-1.108077392238E-16,-1.));
#11971 = ORIENTED_EDGE('',*,*,#11950,.F.);
#11972 = ORIENTED_EDGE('',*,*,#11941,.F.);
#11973 = ORIENTED_EDGE('',*,*,#11896,.F.);
#11974 = ORIENTED_EDGE('',*,*,#11933,.T.);
#11975 = ORIENTED_EDGE('',*,*,#11924,.T.);
#11976 = TOROIDAL_SURFACE('',#11977,24.5,0.6);
#11977 = AXIS2_PLACEMENT_3D('',#11978,#11979,#11980);
#11978 = CARTESIAN_POINT('',(43.58,156.17336128988,4.874773736203E-02));
#11979 = DIRECTION('',(-4.440892098501E-16,-1.,1.110223024625E-16));
#11980 = DIRECTION('',(0.479425538604,-3.103389452427E-16,-0.87758256189
    ));
#11981 = ADVANCED_FACE('',(#11982),#12008,.T.);
#11982 = FACE_BOUND('',#11983,.T.);
#11983 = EDGE_LOOP('',(#11984,#11992,#11993,#12001));
#11984 = ORIENTED_EDGE('',*,*,#11985,.T.);
#11985 = EDGE_CURVE('',#11986,#11916,#11988,.T.);
#11986 = VERTEX_POINT('',#11987);
#11987 = CARTESIAN_POINT('',(55.0382703726,156.42609325043,
    -20.92547549183));
#11988 = LINE('',#11989,#11990);
#11989 = CARTESIAN_POINT('',(55.0382703726,163.30174124932,
    -20.92547549183));
#11990 = VECTOR('',#11991,1.);
#11991 = DIRECTION('',(-4.440892098501E-16,-1.,1.110224117768E-16));
#11992 = ORIENTED_EDGE('',*,*,#11913,.F.);
#11993 = ORIENTED_EDGE('',*,*,#11994,.F.);
#11994 = EDGE_CURVE('',#11995,#11914,#11997,.T.);
#11995 = VERTEX_POINT('',#11996);
#11996 = CARTESIAN_POINT('',(32.1217296274,156.42609325043,
    21.022970966562));
#11997 = LINE('',#11998,#11999);
#11998 = CARTESIAN_POINT('',(32.1217296274,163.30174124932,
    21.022970966562));
#11999 = VECTOR('',#12000,1.);
#12000 = DIRECTION('',(-4.440892098501E-16,-1.,1.110224117768E-16));
#12001 = ORIENTED_EDGE('',*,*,#12002,.T.);
#12002 = EDGE_CURVE('',#11995,#11986,#12003,.T.);
#12003 = CIRCLE('',#12004,23.9);
#12004 = AXIS2_PLACEMENT_3D('',#12005,#12006,#12007);
#12005 = CARTESIAN_POINT('',(43.58,156.42609325043,4.874773736203E-02));
#12006 = DIRECTION('',(-4.440892098501E-16,-1.,1.110223024625E-16));
#12007 = DIRECTION('',(3.330669073875E-16,-1.110223024625E-16,-1.));
#12008 = CYLINDRICAL_SURFACE('',#12009,23.9);
#12009 = AXIS2_PLACEMENT_3D('',#12010,#12011,#12012);
#12010 = CARTESIAN_POINT('',(43.58,163.30174124978,4.874773736203E-02));
#12011 = DIRECTION('',(-4.440892098501E-16,-1.,1.110223024625E-16));
#12012 = DIRECTION('',(-0.479425538604,3.103389452427E-16,0.87758256189)
  );
#12013 = ADVANCED_FACE('',(#12014),#12026,.T.);
#12014 = FACE_BOUND('',#12015,.T.);
#12015 = EDGE_LOOP('',(#12016,#12017,#12018,#12019));
#12016 = ORIENTED_EDGE('',*,*,#11994,.T.);
#12017 = ORIENTED_EDGE('',*,*,#11965,.F.);
#12018 = ORIENTED_EDGE('',*,*,#11985,.F.);
#12019 = ORIENTED_EDGE('',*,*,#12020,.T.);
#12020 = EDGE_CURVE('',#11986,#11995,#12021,.T.);
#12021 = CIRCLE('',#12022,23.9);
#12022 = AXIS2_PLACEMENT_3D('',#12023,#12024,#12025);
#12023 = CARTESIAN_POINT('',(43.58,156.42609325043,4.874773736203E-02));
#12024 = DIRECTION('',(-4.440892098501E-16,-1.,1.110223024625E-16));
#12025 = DIRECTION('',(3.330669073875E-16,-1.110223024625E-16,-1.));
#12026 = CYLINDRICAL_SURFACE('',#12027,23.9);
#12027 = AXIS2_PLACEMENT_3D('',#12028,#12029,#12030);
#12028 = CARTESIAN_POINT('',(43.58,163.30174124978,4.874773736203E-02));
#12029 = DIRECTION('',(-4.440892098501E-16,-1.,1.110223024625E-16));
#12030 = DIRECTION('',(0.479425538604,-3.103389452427E-16,-0.87758256189
    ));
#12031 = ADVANCED_FACE('',(#12032),#12060,.F.);
#12032 = FACE_BOUND('',#12033,.F.);
#12033 = EDGE_LOOP('',(#12034,#12045,#12052,#12053));
#12034 = ORIENTED_EDGE('',*,*,#12035,.F.);
#12035 = EDGE_CURVE('',#12036,#12038,#12040,.T.);
#12036 = VERTEX_POINT('',#12037);
#12037 = CARTESIAN_POINT('',(32.1119280099,156.58138467692,
    21.040912706962));
#12038 = VERTEX_POINT('',#12039);
#12039 = CARTESIAN_POINT('',(55.0480719901,156.58138467694,
    -20.94341723223));
#12040 = CIRCLE('',#12041,23.9204445042);
#12041 = AXIS2_PLACEMENT_3D('',#12042,#12043,#12044);
#12042 = CARTESIAN_POINT('',(43.58,156.58138467692,4.874773736203E-02));
#12043 = DIRECTION('',(-4.442958499324E-16,-1.,1.11400554596E-16));
#12044 = DIRECTION('',(3.330669073875E-16,-1.11400554596E-16,-1.));
#12045 = ORIENTED_EDGE('',*,*,#12046,.F.);
#12046 = EDGE_CURVE('',#11995,#12036,#12047,.T.);
#12047 = CIRCLE('',#12048,0.6);
#12048 = AXIS2_PLACEMENT_3D('',#12049,#12050,#12051);
#12049 = CARTESIAN_POINT('',(31.8340743042,156.42609324987,
    21.549520503662));
#12050 = DIRECTION('',(0.87758256189,-3.364980193331E-16,0.479425538604)
  );
#12051 = DIRECTION('',(0.479425538604,-2.503812611678E-16,-0.87758256189
    ));
#12052 = ORIENTED_EDGE('',*,*,#12002,.T.);
#12053 = ORIENTED_EDGE('',*,*,#12054,.T.);
#12054 = EDGE_CURVE('',#11986,#12038,#12055,.T.);
#12055 = CIRCLE('',#12056,0.6);
#12056 = AXIS2_PLACEMENT_3D('',#12057,#12058,#12059);
#12057 = CARTESIAN_POINT('',(55.3259256958,156.42609324987,
    -21.45202502893));
#12058 = DIRECTION('',(-0.87758256189,3.364980193331E-16,-0.479425538604
    ));
#12059 = DIRECTION('',(-0.479425538604,2.503812611678E-16,0.87758256189)
  );
#12060 = TOROIDAL_SURFACE('',#12061,24.5,0.6);
#12061 = AXIS2_PLACEMENT_3D('',#12062,#12063,#12064);
#12062 = CARTESIAN_POINT('',(43.58,156.42609324987,4.874773736203E-02));
#12063 = DIRECTION('',(-4.440892098501E-16,-1.,1.110223024625E-16));
#12064 = DIRECTION('',(-0.479425538604,3.103389452427E-16,0.87758256189)
  );
#12065 = ADVANCED_FACE('',(#12066),#12078,.F.);
#12066 = FACE_BOUND('',#12067,.F.);
#12067 = EDGE_LOOP('',(#12068,#12075,#12076,#12077));
#12068 = ORIENTED_EDGE('',*,*,#12069,.F.);
#12069 = EDGE_CURVE('',#12038,#12036,#12070,.T.);
#12070 = CIRCLE('',#12071,23.9204445042);
#12071 = AXIS2_PLACEMENT_3D('',#12072,#12073,#12074);
#12072 = CARTESIAN_POINT('',(43.58,156.58138467693,4.874773736203E-02));
#12073 = DIRECTION('',(-4.442958499324E-16,-1.,1.11400554596E-16));
#12074 = DIRECTION('',(3.330669073875E-16,-1.11400554596E-16,-1.));
#12075 = ORIENTED_EDGE('',*,*,#12054,.F.);
#12076 = ORIENTED_EDGE('',*,*,#12020,.T.);
#12077 = ORIENTED_EDGE('',*,*,#12046,.T.);
#12078 = TOROIDAL_SURFACE('',#12079,24.5,0.6);
#12079 = AXIS2_PLACEMENT_3D('',#12080,#12081,#12082);
#12080 = CARTESIAN_POINT('',(43.58,156.42609324987,4.874773736203E-02));
#12081 = DIRECTION('',(-4.440892098501E-16,-1.,1.110223024625E-16));
#12082 = DIRECTION('',(0.479425538604,-3.103389452427E-16,-0.87758256189
    ));
#12083 = ADVANCED_FACE('',(#12084),#12110,.T.);
#12084 = FACE_BOUND('',#12085,.T.);
#12085 = EDGE_LOOP('',(#12086,#12094,#12095,#12103));
#12086 = ORIENTED_EDGE('',*,*,#12087,.F.);
#12087 = EDGE_CURVE('',#12038,#12088,#12090,.T.);
#12088 = VERTEX_POINT('',#12089);
#12089 = CARTESIAN_POINT('',(55.1918969052,157.70097853934,
    -21.20668697333));
#12090 = LINE('',#12091,#12092);
#12091 = CARTESIAN_POINT('',(6.20915440856E+04,4.830748583725E+05,
    -1.135779876683E+05));
#12092 = VECTOR('',#12093,1.);
#12093 = DIRECTION('',(0.124084460099,0.965925826289,-0.227135080667));
#12094 = ORIENTED_EDGE('',*,*,#12035,.F.);
#12095 = ORIENTED_EDGE('',*,*,#12096,.T.);
#12096 = EDGE_CURVE('',#12036,#12097,#12099,.T.);
#12097 = VERTEX_POINT('',#12098);
#12098 = CARTESIAN_POINT('',(31.9681030948,157.70097853934,
    21.304182448062));
#12099 = LINE('',#12100,#12101);
#12100 = CARTESIAN_POINT('',(-6.20043840856E+04,4.830748583725E+05,
    1.135780851637E+05));
#12101 = VECTOR('',#12102,1.);
#12102 = DIRECTION('',(-0.124084460099,0.965925826289,0.227135080667));
#12103 = ORIENTED_EDGE('',*,*,#12104,.F.);
#12104 = EDGE_CURVE('',#12088,#12097,#12105,.T.);
#12105 = CIRCLE('',#12106,24.2204387755);
#12106 = AXIS2_PLACEMENT_3D('',#12107,#12108,#12109);
#12107 = CARTESIAN_POINT('',(43.58,157.70097853934,4.874773736203E-02));
#12108 = DIRECTION('',(4.153439648689E-16,1.,-5.840448446692E-17));
#12109 = DIRECTION('',(-1.,4.153439648689E-16,-3.330669073875E-16));
#12110 = CONICAL_SURFACE('',#12111,23.9204445042,0.261799387799);
#12111 = AXIS2_PLACEMENT_3D('',#12112,#12113,#12114);
#12112 = CARTESIAN_POINT('',(43.58,156.58138467693,4.874773736203E-02));
#12113 = DIRECTION('',(4.440892098501E-16,1.,-1.110223024625E-16));
#12114 = DIRECTION('',(0.479425538604,-3.103389452427E-16,-0.87758256189
    ));
#12115 = ADVANCED_FACE('',(#12116),#12128,.T.);
#12116 = FACE_BOUND('',#12117,.T.);
#12117 = EDGE_LOOP('',(#12118,#12119,#12120,#12121));
#12118 = ORIENTED_EDGE('',*,*,#12096,.F.);
#12119 = ORIENTED_EDGE('',*,*,#12069,.F.);
#12120 = ORIENTED_EDGE('',*,*,#12087,.T.);
#12121 = ORIENTED_EDGE('',*,*,#12122,.F.);
#12122 = EDGE_CURVE('',#12097,#12088,#12123,.T.);
#12123 = CIRCLE('',#12124,24.2204387755);
#12124 = AXIS2_PLACEMENT_3D('',#12125,#12126,#12127);
#12125 = CARTESIAN_POINT('',(43.58,157.70097853934,4.874773736203E-02));
#12126 = DIRECTION('',(4.153439648689E-16,1.,-5.840448446692E-17));
#12127 = DIRECTION('',(-1.,4.153439648689E-16,-3.330669073875E-16));
#12128 = CONICAL_SURFACE('',#12129,23.9204445042,0.261799387799);
#12129 = AXIS2_PLACEMENT_3D('',#12130,#12131,#12132);
#12130 = CARTESIAN_POINT('',(43.58,156.58138467693,4.874773736203E-02));
#12131 = DIRECTION('',(4.440892098501E-16,1.,-1.110223024625E-16));
#12132 = DIRECTION('',(-0.479425538604,3.103389452427E-16,0.87758256189)
  );
#12133 = ADVANCED_FACE('',(#12134,#12402),#12486,.T.);
#12134 = FACE_BOUND('',#12135,.T.);
#12135 = EDGE_LOOP('',(#12136,#12147,#12156,#12165,#12191,#12201,#12242,
    #12259,#12268,#12285,#12326,#12336,#12362,#12371,#12380,#12389,
    #12395,#12396));
#12136 = ORIENTED_EDGE('',*,*,#12137,.T.);
#12137 = EDGE_CURVE('',#12138,#12140,#12142,.T.);
#12138 = VERTEX_POINT('',#12139);
#12139 = CARTESIAN_POINT('',(32.6752974838,187.14263392454,
    20.009671802162));
#12140 = VERTEX_POINT('',#12141);
#12141 = CARTESIAN_POINT('',(24.4998918313,187.14263392454,
    12.430205598262));
#12142 = CIRCLE('',#12143,22.7453517557);
#12143 = AXIS2_PLACEMENT_3D('',#12144,#12145,#12146);
#12144 = CARTESIAN_POINT('',(43.58,187.14263392454,4.874773736204E-02));
#12145 = DIRECTION('',(-4.153439648689E-16,-1.,5.840448446692E-17));
#12146 = DIRECTION('',(1.,-4.153439648689E-16,3.330669073875E-16));
#12147 = ORIENTED_EDGE('',*,*,#12148,.F.);
#12148 = EDGE_CURVE('',#12149,#12140,#12151,.T.);
#12149 = VERTEX_POINT('',#12150);
#12150 = CARTESIAN_POINT('',(23.3013112071,187.01232305724,
    10.364892923362));
#12151 = B_SPLINE_CURVE_WITH_KNOTS('',3,(#12152,#12153,#12154,#12155),
  .UNSPECIFIED.,.F.,.F.,(4,4),(0.,10.7724472889),
  .PIECEWISE_BEZIER_KNOTS.);
#12152 = CARTESIAN_POINT('',(23.3013112071,187.01232305724,
    10.364892923362));
#12153 = CARTESIAN_POINT('',(23.6624397636,187.01178573394,
    11.074831178562));
#12154 = CARTESIAN_POINT('',(24.062902722,187.05534829814,
    11.764829205062));
#12155 = CARTESIAN_POINT('',(24.4998918303,187.14263389054,
    12.430205599762));
#12156 = ORIENTED_EDGE('',*,*,#12157,.T.);
#12157 = EDGE_CURVE('',#12149,#12158,#12160,.T.);
#12158 = VERTEX_POINT('',#12159);
#12159 = CARTESIAN_POINT('',(22.7104255278,186.70097853934,
    9.149241587302));
#12160 = B_SPLINE_CURVE_WITH_KNOTS('',3,(#12161,#12162,#12163,#12164),
  .UNSPECIFIED.,.F.,.F.,(4,4),(0.,6.11165769957),
  .PIECEWISE_BEZIER_KNOTS.);
#12161 = CARTESIAN_POINT('',(23.3013112073,187.01232305724,
    10.364892923862));
#12162 = CARTESIAN_POINT('',(23.0968244218,187.01262731334,
    9.962894828922));
#12163 = CARTESIAN_POINT('',(22.8990317846,186.89657033774,
    9.557243764752));
#12164 = CARTESIAN_POINT('',(22.7104255278,186.70097853934,
    9.149241587302));
#12165 = ORIENTED_EDGE('',*,*,#12166,.F.);
#12166 = EDGE_CURVE('',#12167,#12158,#12169,.T.);
#12167 = VERTEX_POINT('',#12168);
#12168 = CARTESIAN_POINT('',(23.0239012103,180.79811601544,
    10.506240376562));
#12169 = B_SPLINE_CURVE_WITH_KNOTS('',5,(#12170,#12171,#12172,#12173,
    #12174,#12175,#12176,#12177,#12178,#12179,#12180,#12181,#12182,
    #12183,#12184,#12185,#12186,#12187,#12188,#12189,#12190),
  .UNSPECIFIED.,.F.,.F.,(6,3,3,3,3,3,6),(0.,1.9866051733,4.02887803067,
    5.46099547514,6.39285666978,7.34943281965,10.7501837372),
  .UNSPECIFIED.);
#12170 = CARTESIAN_POINT('',(23.0239012103,180.79811601544,
    10.506240376562));
#12171 = CARTESIAN_POINT('',(22.9892978639,180.79715432494,
    10.438327485262));
#12172 = CARTESIAN_POINT('',(22.9569274406,180.84023514724,
    10.369242848762));
#12173 = CARTESIAN_POINT('',(22.9276408626,180.92796582264,
    10.300582437462));
#12174 = CARTESIAN_POINT('',(22.8752213669,181.17509750074,
    10.166322351562));
#12175 = CARTESIAN_POINT('',(22.8350829372,181.53468419864,
    10.042049727422));
#12176 = CARTESIAN_POINT('',(22.8175279176,181.73796005634,
    9.981903743342));
#12177 = CARTESIAN_POINT('',(22.7916988601,182.11043528684,
    9.884193043652));
#12178 = CARTESIAN_POINT('',(22.7716901971,182.51872781444,
    9.793473203552));
#12179 = CARTESIAN_POINT('',(22.7637379669,182.70592702064,
    9.754290682772));
#12180 = CARTESIAN_POINT('',(22.752894874,182.99949334824,9.696064357292
    ));
#12181 = CARTESIAN_POINT('',(22.743940746,183.30210396804,9.640442554832
    ));
#12182 = CARTESIAN_POINT('',(22.7406861613,183.42245128264,
    9.618928319032));
#12183 = CARTESIAN_POINT('',(22.7346202477,183.66857027014,
    9.576103450672));
#12184 = CARTESIAN_POINT('',(22.7295299858,183.91971713114,
    9.534589966272));
#12185 = CARTESIAN_POINT('',(22.7274683435,184.03177715104,
    9.516483291312));
#12186 = CARTESIAN_POINT('',(22.7176276881,184.62212388494,
    9.423122143472));
#12187 = CARTESIAN_POINT('',(22.7121190647,185.23133032634,
    9.336036378862));
#12188 = CARTESIAN_POINT('',(22.7098793855,185.71592224454,
    9.271055269572));
#12189 = CARTESIAN_POINT('',(22.7093989977,186.20583753194,
    9.208950732662));
#12190 = CARTESIAN_POINT('',(22.7104255278,186.70097853934,
    9.149241587302));
#12191 = ORIENTED_EDGE('',*,*,#12192,.T.);
#12192 = EDGE_CURVE('',#12167,#12193,#12195,.T.);
#12193 = VERTEX_POINT('',#12194);
#12194 = CARTESIAN_POINT('',(23.9035105846,179.20097853934,
    12.232570975262));
#12195 = B_SPLINE_CURVE_WITH_KNOTS('',4,(#12196,#12197,#12198,#12199,
    #12200),.UNSPECIFIED.,.F.,.F.,(5,5),(0.,8.99748838129),
  .PIECEWISE_BEZIER_KNOTS.);
#12196 = CARTESIAN_POINT('',(23.0239012103,180.79811601544,
    10.506240376562));
#12197 = CARTESIAN_POINT('',(23.2486184224,180.80436131954,
    10.947272737862));
#12198 = CARTESIAN_POINT('',(23.4734278051,180.52671764254,
    11.388473059062));
#12199 = CARTESIAN_POINT('',(23.6924769778,179.97186057584,
    11.818394201562));
#12200 = CARTESIAN_POINT('',(23.9035105846,179.20097853934,
    12.232570975262));
#12201 = ORIENTED_EDGE('',*,*,#12202,.T.);
#12202 = EDGE_CURVE('',#12193,#12203,#12205,.T.);
#12203 = VERTEX_POINT('',#12204);
#12204 = CARTESIAN_POINT('',(22.9276517269,178.64205016834,
    10.555281937662));
#12205 = B_SPLINE_CURVE_WITH_KNOTS('',5,(#12206,#12207,#12208,#12209,
    #12210,#12211,#12212,#12213,#12214,#12215,#12216,#12217,#12218,
    #12219,#12220,#12221,#12222,#12223,#12224,#12225,#12226,#12227,
    #12228,#12229,#12230,#12231,#12232,#12233,#12234,#12235,#12236,
    #12237,#12238,#12239,#12240,#12241),.UNSPECIFIED.,.F.,.F.,(6,3,3,3,3
    ,3,3,3,3,3,3,6),(0.,9.34515010711E-02,0.141840786832,0.197982802621,
    0.346426399031,0.528029923343,1.29562298027,1.67842806806,
    2.04562195472,2.67180608311,6.9392740758,8.96864238949),
  .UNSPECIFIED.);
#12206 = CARTESIAN_POINT('',(23.9035105846,179.20097853934,
    12.232570975262));
#12207 = CARTESIAN_POINT('',(23.9052933185,179.19446641274,
    12.236069787562));
#12208 = CARTESIAN_POINT('',(23.9070200828,179.18732232454,
    12.239536782862));
#12209 = CARTESIAN_POINT('',(23.9086820113,179.17935360984,
    12.242976097662));
#12210 = CARTESIAN_POINT('',(23.9110248016,179.16528643054,
    12.248091486362));
#12211 = CARTESIAN_POINT('',(23.9123914603,179.14450053404,
    12.252269558962));
#12212 = CARTESIAN_POINT('',(23.9127857431,179.13484752314,
    12.253822096062));
#12213 = CARTESIAN_POINT('',(23.9113612668,179.11519743094,
    12.253393765562));
#12214 = CARTESIAN_POINT('',(23.9098208834,179.09584395814,
    12.252750302662));
#12215 = CARTESIAN_POINT('',(23.9080544874,179.09055543974,
    12.250405715962));
#12216 = CARTESIAN_POINT('',(23.9031085733,179.06784682504,
    12.244589379362));
#12217 = CARTESIAN_POINT('',(23.8978988273,179.05373378534,
    12.237523874662));
#12218 = CARTESIAN_POINT('',(23.8941747048,179.04347921134,
    12.232484347262));
#12219 = CARTESIAN_POINT('',(23.8859170692,179.02409714804,
    12.220981885462));
#12220 = CARTESIAN_POINT('',(23.8777016081,179.00861759644,
    12.209154969362));
#12221 = CARTESIAN_POINT('',(23.8731916726,179.00080575574,
    12.202590580962));
#12222 = CARTESIAN_POINT('',(23.8497107953,178.96276626914,
    12.168127895862));
#12223 = CARTESIAN_POINT('',(23.8265097378,178.93643752594,
    12.132821029162));
#12224 = CARTESIAN_POINT('',(23.8078538866,178.91733065604,
    12.104110403662));
#12225 = CARTESIAN_POINT('',(23.7801564221,178.89221621784,
    12.060991799962));
#12226 = CARTESIAN_POINT('',(23.7526892813,178.87065752244,
    12.017635555662));
#12227 = CARTESIAN_POINT('',(23.7435695642,178.86381403964,
    12.003179404562));
#12228 = CARTESIAN_POINT('',(23.7257367796,178.85098799124,
    11.974797877662));
#12229 = CARTESIAN_POINT('',(23.7079706928,178.83918962074,
    11.946309474762));
#12230 = CARTESIAN_POINT('',(23.6974401834,178.83247637464,
    11.929358829062));
#12231 = CARTESIAN_POINT('',(23.6740322538,178.81807140844,
    11.891545768262));
#12232 = CARTESIAN_POINT('',(23.6508186607,178.80505522114,
    11.853714787562));
#12233 = CARTESIAN_POINT('',(23.6361876412,178.79730528984,
    11.829743546362));
#12234 = CARTESIAN_POINT('',(23.522256603,178.73972800154,
    11.642151676962));
#12235 = CARTESIAN_POINT('',(23.4113585939,178.70468145904,
    11.452361199162));
#12236 = CARTESIAN_POINT('',(23.3225366342,178.68173719214,
    11.296189525962));
#12237 = CARTESIAN_POINT('',(23.1856184712,178.65690186614,
    11.048535062162));
#12238 = CARTESIAN_POINT('',(23.0530705833,178.64540426854,
    10.798473825562));
#12239 = CARTESIAN_POINT('',(23.0108057371,178.64300059344,
    10.717640322262));
#12240 = CARTESIAN_POINT('',(22.9690001855,178.64188687344,
    10.636577284562));
#12241 = CARTESIAN_POINT('',(22.9276517269,178.64205016834,
    10.555281937662));
#12242 = ORIENTED_EDGE('',*,*,#12243,.T.);
#12243 = EDGE_CURVE('',#12203,#12244,#12246,.T.);
#12244 = VERTEX_POINT('',#12245);
#12245 = CARTESIAN_POINT('',(21.5734480394,177.70097853934,
    7.451833215302));
#12246 = B_SPLINE_CURVE_WITH_KNOTS('',5,(#12247,#12248,#12249,#12250,
    #12251,#12252,#12253,#12254,#12255,#12256,#12257,#12258),
  .UNSPECIFIED.,.F.,.F.,(6,3,3,6),(0.,4.41739669083,11.5360161923,
    15.0187050121),.UNSPECIFIED.);
#12247 = CARTESIAN_POINT('',(22.927651727,178.64205016834,
    10.555281937862));
#12248 = CARTESIAN_POINT('',(22.8374847233,178.64240625914,
    10.378004281762));
#12249 = CARTESIAN_POINT('',(22.7473865439,178.60174710104,
    10.200687627462));
#12250 = CARTESIAN_POINT('',(22.6576448628,178.52383494954,
    10.023473006302));
#12251 = CARTESIAN_POINT('',(22.428197507,178.30595076084,9.559862828222
    ));
#12252 = CARTESIAN_POINT('',(22.2110788109,178.07341698194,
    9.090308353022));
#12253 = CARTESIAN_POINT('',(22.0780583169,177.94848588404,
    8.785948709992));
#12254 = CARTESIAN_POINT('',(21.8963009052,177.80491896584,
    8.344659490732));
#12255 = CARTESIAN_POINT('',(21.7288140174,177.72780856384,
    7.896948522162));
#12256 = CARTESIAN_POINT('',(21.6753531469,177.71022687504,
    7.749135710522));
#12257 = CARTESIAN_POINT('',(21.623551078,177.70097853934,7.600770455792
    ));
#12258 = CARTESIAN_POINT('',(21.5734480394,177.70097853934,
    7.451833215302));
#12259 = ORIENTED_EDGE('',*,*,#12260,.T.);
#12260 = EDGE_CURVE('',#12244,#12261,#12263,.T.);
#12261 = VERTEX_POINT('',#12262);
#12262 = CARTESIAN_POINT('',(21.5734480393,177.70097853934,
    -7.354337740358));
#12263 = CIRCLE('',#12264,23.2183979592);
#12264 = AXIS2_PLACEMENT_3D('',#12265,#12266,#12267);
#12265 = CARTESIAN_POINT('',(43.58,177.70097853934,4.874773736204E-02));
#12266 = DIRECTION('',(-4.153439648689E-16,-1.,5.840448446692E-17));
#12267 = DIRECTION('',(1.,-4.153439648689E-16,3.330669073875E-16));
#12268 = ORIENTED_EDGE('',*,*,#12269,.F.);
#12269 = EDGE_CURVE('',#12270,#12261,#12272,.T.);
#12270 = VERTEX_POINT('',#12271);
#12271 = CARTESIAN_POINT('',(22.927651727,178.64205016834,
    -10.45778646313));
#12272 = B_SPLINE_CURVE_WITH_KNOTS('',5,(#12273,#12274,#12275,#12276,
    #12277,#12278,#12279,#12280,#12281,#12282,#12283,#12284),
  .UNSPECIFIED.,.F.,.F.,(6,3,3,6),(0.,4.41739669108,11.5360161866,
    15.0187050031),.UNSPECIFIED.);
#12273 = CARTESIAN_POINT('',(22.927651727,178.64205016834,
    -10.45778646313));
#12274 = CARTESIAN_POINT('',(22.8374847233,178.64240625914,
    -10.28050880703));
#12275 = CARTESIAN_POINT('',(22.7473865439,178.60174710114,
    -10.10319215273));
#12276 = CARTESIAN_POINT('',(22.6576448627,178.52383494964,
    -9.925977531558));
#12277 = CARTESIAN_POINT('',(22.4281975071,178.30595076084,
    -9.462367353738));
#12278 = CARTESIAN_POINT('',(22.2110788111,178.07341698204,
    -8.992812878788));
#12279 = CARTESIAN_POINT('',(22.0780583164,177.94848588364,
    -8.688453234038));
#12280 = CARTESIAN_POINT('',(21.8963009049,177.80491896564,
    -8.247164015168));
#12281 = CARTESIAN_POINT('',(21.7288140172,177.72780856384,
    -7.799453046998));
#12282 = CARTESIAN_POINT('',(21.6753531468,177.71022687514,
    -7.651640235508));
#12283 = CARTESIAN_POINT('',(21.6235510779,177.70097853934,
    -7.503274980918));
#12284 = CARTESIAN_POINT('',(21.5734480394,177.70097853934,
    -7.354337740578));
#12285 = ORIENTED_EDGE('',*,*,#12286,.F.);
#12286 = EDGE_CURVE('',#12287,#12270,#12289,.T.);
#12287 = VERTEX_POINT('',#12288);
#12288 = CARTESIAN_POINT('',(23.9035105846,179.20097853934,
    -12.13507550053));
#12289 = B_SPLINE_CURVE_WITH_KNOTS('',5,(#12290,#12291,#12292,#12293,
    #12294,#12295,#12296,#12297,#12298,#12299,#12300,#12301,#12302,
    #12303,#12304,#12305,#12306,#12307,#12308,#12309,#12310,#12311,
    #12312,#12313,#12314,#12315,#12316,#12317,#12318,#12319,#12320,
    #12321,#12322,#12323,#12324,#12325),.UNSPECIFIED.,.F.,.F.,(6,3,3,3,3
    ,3,3,3,3,3,3,6),(0.,9.28107950023E-02,0.12985983644,0.160894754759,
    0.227541535227,0.333320912605,0.776901140056,1.22807913068,
    1.6148374313,3.19313312396,4.97761283897,8.94409953061),
  .UNSPECIFIED.);
#12290 = CARTESIAN_POINT('',(23.9035105846,179.20097853934,
    -12.13507550053));
#12291 = CARTESIAN_POINT('',(23.9052811129,179.19451099844,
    -12.13855035793));
#12292 = CARTESIAN_POINT('',(23.9069974043,179.18743070634,
    -12.14199438993));
#12293 = CARTESIAN_POINT('',(23.909144687,179.18272075214,
    -12.14590660733));
#12294 = CARTESIAN_POINT('',(23.9109034556,179.16696636664,
    -12.15024053703));
#12295 = CARTESIAN_POINT('',(23.9120779473,179.14777789754,
    -12.15395729563));
#12296 = CARTESIAN_POINT('',(23.9126726166,179.14268540044,
    -12.15539955703));
#12297 = CARTESIAN_POINT('',(23.9123559715,179.12965204324,
    -12.15612773153));
#12298 = CARTESIAN_POINT('',(23.9120393525,179.11661868604,
    -12.15685592723));
#12299 = CARTESIAN_POINT('',(23.9112443303,179.11023544614,
    -12.15618135893));
#12300 = CARTESIAN_POINT('',(23.9091342744,179.09581987474,
    -12.15415057543));
#12301 = CARTESIAN_POINT('',(23.9069884632,179.08181021264,
    -12.15202274123));
#12302 = CARTESIAN_POINT('',(23.905149663,179.07743194114,
    -12.14947376003));
#12303 = CARTESIAN_POINT('',(23.9008767128,179.06171756734,
    -12.14407489723));
#12304 = CARTESIAN_POINT('',(23.8965518509,179.04972378664,
    -12.13823335013));
#12305 = CARTESIAN_POINT('',(23.8938997615,179.04296753574,
    -12.13459211203));
#12306 = CARTESIAN_POINT('',(23.880189053,179.01035256354,
    -12.11553676413));
#12307 = CARTESIAN_POINT('',(23.8665411105,178.98833608824,
    -12.09551621993));
#12308 = CARTESIAN_POINT('',(23.8555966706,178.97303922894,
    -12.07919532563));
#12309 = CARTESIAN_POINT('',(23.8337644603,178.94515636104,
    -12.04630796363));
#12310 = CARTESIAN_POINT('',(23.812106841,178.92231878724,
    -12.01305999163));
#12311 = CARTESIAN_POINT('',(23.8011912829,178.91164228724,
    -11.99618122853));
#12312 = CARTESIAN_POINT('',(23.780948343,178.89328551774,
    -11.96466201973));
#12313 = CARTESIAN_POINT('',(23.7607744498,178.87689194904,
    -11.93292039543));
#12314 = CARTESIAN_POINT('',(23.752936817,178.87080483044,
    -11.92053632553));
#12315 = CARTESIAN_POINT('',(23.7060557876,178.83594617294,
    -11.84616224553));
#12316 = CARTESIAN_POINT('',(23.6597746232,178.80873755904,
    -11.77123229353));
#12317 = CARTESIAN_POINT('',(23.6229138609,178.78941426834,
    -11.71079646363));
#12318 = CARTESIAN_POINT('',(23.5450611329,178.75338921724,
    -11.58154710953));
#12319 = CARTESIAN_POINT('',(23.4685937317,178.72586480374,
    -11.45138821633));
#12320 = CARTESIAN_POINT('',(23.4283948425,178.71308766804,
    -11.38209898593));
#12321 = CARTESIAN_POINT('',(23.300035201,178.67706031444,
    -11.15811412213));
#12322 = CARTESIAN_POINT('',(23.17536519,178.65576733824,-10.93184485973
    ));
#12323 = CARTESIAN_POINT('',(23.0910341391,178.64629041534,
    -10.77469241253));
#12324 = CARTESIAN_POINT('',(23.0084698153,178.64173099854,
    -10.61668318473));
#12325 = CARTESIAN_POINT('',(22.9276517268,178.64205016834,
    -10.45778646293));
#12326 = ORIENTED_EDGE('',*,*,#12327,.F.);
#12327 = EDGE_CURVE('',#12328,#12287,#12330,.T.);
#12328 = VERTEX_POINT('',#12329);
#12329 = CARTESIAN_POINT('',(23.0239012103,180.79811601544,
    -10.40874490183));
#12330 = B_SPLINE_CURVE_WITH_KNOTS('',4,(#12331,#12332,#12333,#12334,
    #12335),.UNSPECIFIED.,.F.,.F.,(5,5),(0.,8.99748838133),
  .PIECEWISE_BEZIER_KNOTS.);
#12331 = CARTESIAN_POINT('',(23.0239012103,180.79811601544,
    -10.40874490183));
#12332 = CARTESIAN_POINT('',(23.2486184224,180.80436131964,
    -10.84977726303));
#12333 = CARTESIAN_POINT('',(23.473427805,180.52671764194,
    -11.29097758443));
#12334 = CARTESIAN_POINT('',(23.6924769778,179.97186057584,
    -11.72089872693));
#12335 = CARTESIAN_POINT('',(23.9035105846,179.20097853934,
    -12.13507550053));
#12336 = ORIENTED_EDGE('',*,*,#12337,.T.);
#12337 = EDGE_CURVE('',#12328,#12338,#12340,.T.);
#12338 = VERTEX_POINT('',#12339);
#12339 = CARTESIAN_POINT('',(22.7104255278,186.70097853934,
    -9.051746112578));
#12340 = B_SPLINE_CURVE_WITH_KNOTS('',5,(#12341,#12342,#12343,#12344,
    #12345,#12346,#12347,#12348,#12349,#12350,#12351,#12352,#12353,
    #12354,#12355,#12356,#12357,#12358,#12359,#12360,#12361),
  .UNSPECIFIED.,.F.,.F.,(6,3,3,3,3,3,6),(0.,1.9866051696,4.02887802624,
    5.4609954712,6.39285666541,7.34943281167,10.7501837309),
  .UNSPECIFIED.);
#12341 = CARTESIAN_POINT('',(23.0239012103,180.79811601544,
    -10.40874490183));
#12342 = CARTESIAN_POINT('',(22.9892978639,180.79715432494,
    -10.34083201063));
#12343 = CARTESIAN_POINT('',(22.9569274407,180.84023514724,
    -10.27174737423));
#12344 = CARTESIAN_POINT('',(22.9276408625,180.92796582294,
    -10.20308696253));
#12345 = CARTESIAN_POINT('',(22.8752213669,181.17509750074,
    -10.06882687683));
#12346 = CARTESIAN_POINT('',(22.8350829372,181.53468419824,
    -9.944554252808));
#12347 = CARTESIAN_POINT('',(22.8175279176,181.73796005594,
    -9.884408268758));
#12348 = CARTESIAN_POINT('',(22.7916988601,182.11043528634,
    -9.786697569068));
#12349 = CARTESIAN_POINT('',(22.7716901972,182.51872781394,
    -9.695977728958));
#12350 = CARTESIAN_POINT('',(22.7637379669,182.70592702034,
    -9.656795208108));
#12351 = CARTESIAN_POINT('',(22.752894874,182.99949334794,
    -9.598568882628));
#12352 = CARTESIAN_POINT('',(22.743940746,183.30210396774,
    -9.542947080178));
#12353 = CARTESIAN_POINT('',(22.7406861613,183.42245128224,
    -9.521432844378));
#12354 = CARTESIAN_POINT('',(22.7346202477,183.66857026924,
    -9.478607976098));
#12355 = CARTESIAN_POINT('',(22.7295299858,183.91971712974,
    -9.437094491778));
#12356 = CARTESIAN_POINT('',(22.7274683435,184.03177715124,
    -9.418987816548));
#12357 = CARTESIAN_POINT('',(22.7176276881,184.62212388484,
    -9.325626668768));
#12358 = CARTESIAN_POINT('',(22.7121190647,185.23133032574,
    -9.238540904198));
#12359 = CARTESIAN_POINT('',(22.7098793855,185.71592224424,
    -9.173559794898));
#12360 = CARTESIAN_POINT('',(22.7093989977,186.20583753184,
    -9.111455257958));
#12361 = CARTESIAN_POINT('',(22.7104255278,186.70097853934,
    -9.051746112578));
#12362 = ORIENTED_EDGE('',*,*,#12363,.F.);
#12363 = EDGE_CURVE('',#12364,#12338,#12366,.T.);
#12364 = VERTEX_POINT('',#12365);
#12365 = CARTESIAN_POINT('',(23.301311392,187.01232305694,
    -10.26739781223));
#12366 = B_SPLINE_CURVE_WITH_KNOTS('',3,(#12367,#12368,#12369,#12370),
  .UNSPECIFIED.,.F.,.F.,(4,4),(0.,6.11165953571),
  .PIECEWISE_BEZIER_KNOTS.);
#12367 = CARTESIAN_POINT('',(23.301311392,187.01232305694,
    -10.26739781223));
#12368 = CARTESIAN_POINT('',(23.0968245408,187.01262738004,
    -9.865399598498));
#12369 = CARTESIAN_POINT('',(22.8990318413,186.89657039654,
    -9.459748412758));
#12370 = CARTESIAN_POINT('',(22.7104255278,186.70097853934,
    -9.051746112578));
#12371 = ORIENTED_EDGE('',*,*,#12372,.T.);
#12372 = EDGE_CURVE('',#12364,#12373,#12375,.T.);
#12373 = VERTEX_POINT('',#12374);
#12374 = CARTESIAN_POINT('',(24.4998918303,187.14263389054,
    -12.33271012503));
#12375 = B_SPLINE_CURVE_WITH_KNOTS('',3,(#12376,#12377,#12378,#12379),
  .UNSPECIFIED.,.F.,.F.,(4,4),(0.,10.7724472889),
  .PIECEWISE_BEZIER_KNOTS.);
#12376 = CARTESIAN_POINT('',(23.3013112071,187.01232305724,
    -10.26739744863));
#12377 = CARTESIAN_POINT('',(23.6624397636,187.01178573394,
    -10.97733570383));
#12378 = CARTESIAN_POINT('',(24.062902722,187.05534829814,
    -11.66733373033));
#12379 = CARTESIAN_POINT('',(24.4998918303,187.14263389054,
    -12.33271012503));
#12380 = ORIENTED_EDGE('',*,*,#12381,.T.);
#12381 = EDGE_CURVE('',#12373,#12382,#12384,.T.);
#12382 = VERTEX_POINT('',#12383);
#12383 = CARTESIAN_POINT('',(54.484702517,187.14263388974,
    -19.91217632903));
#12384 = CIRCLE('',#12385,22.7453517574);
#12385 = AXIS2_PLACEMENT_3D('',#12386,#12387,#12388);
#12386 = CARTESIAN_POINT('',(43.58,187.14263388974,4.874773736204E-02));
#12387 = DIRECTION('',(-4.153439648689E-16,-1.,5.840448446692E-17));
#12388 = DIRECTION('',(1.,-4.153439648689E-16,3.330669073875E-16));
#12389 = ORIENTED_EDGE('',*,*,#12390,.T.);
#12390 = EDGE_CURVE('',#12382,#12088,#12391,.T.);
#12391 = LINE('',#12392,#12393);
#12392 = CARTESIAN_POINT('',(1.20440789549E+04,-4.989592133025E+05,
    -2.196671724366E+04));
#12393 = VECTOR('',#12394,1.);
#12394 = DIRECTION('',(2.399010661895E-02,-0.998747250762,
    -4.391359560855E-02));
#12395 = ORIENTED_EDGE('',*,*,#12104,.T.);
#12396 = ORIENTED_EDGE('',*,*,#12397,.F.);
#12397 = EDGE_CURVE('',#12138,#12097,#12398,.T.);
#12398 = LINE('',#12399,#12400);
#12399 = CARTESIAN_POINT('',(-1.19569189549E+04,-4.989592133025E+05,
    2.196681473914E+04));
#12400 = VECTOR('',#12401,1.);
#12401 = DIRECTION('',(-2.399010661895E-02,-0.998747250762,
    4.391359560855E-02));
#12402 = FACE_BOUND('',#12403,.T.);
#12403 = EDGE_LOOP('',(#12404,#12447));
#12404 = ORIENTED_EDGE('',*,*,#12405,.F.);
#12405 = EDGE_CURVE('',#12406,#12408,#12410,.T.);
#12406 = VERTEX_POINT('',#12407);
#12407 = CARTESIAN_POINT('',(19.8686162448,162.80178999888,
    3.525189041882));
#12408 = VERTEX_POINT('',#12409);
#12409 = CARTESIAN_POINT('',(20.0357114492,166.52005737144,
    -3.281053729608));
#12410 = B_SPLINE_CURVE_WITH_KNOTS('',5,(#12411,#12412,#12413,#12414,
    #12415,#12416,#12417,#12418,#12419,#12420,#12421,#12422,#12423,
    #12424,#12425,#12426,#12427,#12428,#12429,#12430,#12431,#12432,
    #12433,#12434,#12435,#12436,#12437,#12438,#12439,#12440,#12441,
    #12442,#12443,#12444,#12445,#12446),.UNSPECIFIED.,.F.,.F.,(6,3,3,3,3
    ,3,3,3,3,3,3,6),(0.,1.5761683157,2.18929908294,3.35080382602,
    4.83819298383,6.97820305639,11.4503826201,19.0571664229,
    27.0816986697,30.6801659144,35.0585248,36.118714496),.UNSPECIFIED.);
#12411 = CARTESIAN_POINT('',(19.8686162448,162.80178999888,
    3.525189041882));
#12412 = CARTESIAN_POINT('',(19.8846939496,162.9453164902,3.585277474452
    ));
#12413 = CARTESIAN_POINT('',(19.9013340548,163.10198302936,
    3.643290918092));
#12414 = CARTESIAN_POINT('',(19.9186055102,163.27556316225,
    3.698579176012));
#12415 = CARTESIAN_POINT('',(19.9434923101,163.5468211594,3.769712471002
    ));
#12416 = CARTESIAN_POINT('',(19.9685018224,163.87410392029,
    3.822435048652));
#12417 = CARTESIAN_POINT('',(19.975625368,163.97263263736,3.835684244992
    ));
#12418 = CARTESIAN_POINT('',(19.9954501494,164.26588421859,
    3.866396492272));
#12419 = CARTESIAN_POINT('',(20.0130429305,164.59033706093,
    3.873246056962));
#12420 = CARTESIAN_POINT('',(20.0223908998,164.80762292329,
    3.862946847772));
#12421 = CARTESIAN_POINT('',(20.0374605561,165.25704546438,
    3.815129717352));
#12422 = CARTESIAN_POINT('',(20.0425182562,165.61840920003,
    3.731405437472));
#12423 = CARTESIAN_POINT('',(20.0434646662,165.79650371954,
    3.679475379392));
#12424 = CARTESIAN_POINT('',(20.0428658772,166.18565148854,
    3.546365438512));
#12425 = CARTESIAN_POINT('',(20.0371348307,166.49103508164,
    3.400628488622));
#12426 = CARTESIAN_POINT('',(20.0329965777,166.65150131124,
    3.313465021692));
#12427 = CARTESIAN_POINT('',(20.0183641945,167.10304941304,
    3.037709540422));
#12428 = CARTESIAN_POINT('',(20.0004789451,167.43518221604,
    2.751708877662));
#12429 = CARTESIAN_POINT('',(19.9888656121,167.62470885584,
    2.560353085562));
#12430 = CARTESIAN_POINT('',(19.958162251,168.07046821704,2.030207831782
    ));
#12431 = CARTESIAN_POINT('',(19.9333752413,168.34763022504,
    1.492739713922));
#12432 = CARTESIAN_POINT('',(19.9215515822,168.47370197454,
    1.156476281392));
#12433 = CARTESIAN_POINT('',(19.9048967664,168.64415225364,
    0.457444153041));
#12434 = CARTESIAN_POINT('',(19.9052626533,168.63870797444,
    -0.243130419132));
#12435 = CARTESIAN_POINT('',(19.9100581544,168.59179687054,
    -0.601723279827));
#12436 = CARTESIAN_POINT('',(19.9235487786,168.45709947444,
    -1.121555525628));
#12437 = CARTESIAN_POINT('',(19.9452772716,168.20696096244,
    -1.638606570538));
#12438 = CARTESIAN_POINT('',(19.952746754,168.11749826654,
    -1.798512604168));
#12439 = CARTESIAN_POINT('',(19.970736784,167.89045009214,
    -2.151503673708));
#12440 = CARTESIAN_POINT('',(19.9911757661,167.58777262094,
    -2.501242205428));
#12441 = CARTESIAN_POINT('',(20.0025430984,167.39793399484,
    -2.687917550438));
#12442 = CARTESIAN_POINT('',(20.0171931516,167.11872426174,
    -2.922668715498));
#12443 = CARTESIAN_POINT('',(20.0294265101,166.75566724734,
    -3.150199929008));
#12444 = CARTESIAN_POINT('',(20.0316953335,166.68125840984,
    -3.194288157448));
#12445 = CARTESIAN_POINT('',(20.0338076873,166.60296993804,
    -3.237927713168));
#12446 = CARTESIAN_POINT('',(20.0357114492,166.52005737144,
    -3.281053729608));
#12447 = ORIENTED_EDGE('',*,*,#12448,.T.);
#12448 = EDGE_CURVE('',#12406,#12408,#12449,.T.);
#12449 = B_SPLINE_CURVE_WITH_KNOTS('',5,(#12450,#12451,#12452,#12453,
    #12454,#12455,#12456,#12457,#12458,#12459,#12460,#12461,#12462,
    #12463,#12464,#12465,#12466,#12467,#12468,#12469,#12470,#12471,
    #12472,#12473,#12474,#12475,#12476,#12477,#12478,#12479,#12480,
    #12481,#12482,#12483,#12484,#12485),.UNSPECIFIED.,.F.,.F.,(6,3,3,3,3
    ,3,3,3,3,3,3,6),(0.,3.68460530568,6.88393880276,12.4487899067,
    22.2245778099,27.3343418453,30.0522715156,32.1025195311,
    33.5573006484,34.7294903149,35.3608521035,37.4692826335),
  .UNSPECIFIED.);
#12450 = CARTESIAN_POINT('',(19.8686162448,162.80178999888,
    3.525189041882));
#12451 = CARTESIAN_POINT('',(19.831203657,162.467805918,3.385364123572)
  );
#12452 = CARTESIAN_POINT('',(19.7968053029,162.20469192399,
    3.234188608662));
#12453 = CARTESIAN_POINT('',(19.7659127678,161.98067704336,
    3.084520836432));
#12454 = CARTESIAN_POINT('',(19.7111791324,161.60823960456,
    2.791257037962));
#12455 = CARTESIAN_POINT('',(19.6645127157,161.31828290552,
    2.490655687092));
#12456 = CARTESIAN_POINT('',(19.6444108994,161.19736385415,
    2.349333343822));
#12457 = CARTESIAN_POINT('',(19.5940005208,160.90203891286,
    1.961459815222));
#12458 = CARTESIAN_POINT('',(19.5554341562,160.69144884245,
    1.568346769772));
#12459 = CARTESIAN_POINT('',(19.5356231759,160.58578611583,
    1.318555453092));
#12460 = CARTESIAN_POINT('',(19.4932937625,160.36388839053,0.62451908298
    ));
#12461 = CARTESIAN_POINT('',(19.4851957421,160.32543617027,
    -7.339068952996E-02));
#12462 = CARTESIAN_POINT('',(19.4936448515,160.36826696777,
    -0.515730842705));
#12463 = CARTESIAN_POINT('',(19.5274213942,160.53734455708,
    -1.191405737848));
#12464 = CARTESIAN_POINT('',(19.5941536917,160.90505939541,
    -1.858488074748));
#12465 = CARTESIAN_POINT('',(19.6209255278,161.05711011902,
    -2.085192477358));
#12466 = CARTESIAN_POINT('',(19.6682618276,161.33542542131,
    -2.430948956148));
#12467 = CARTESIAN_POINT('',(19.725762969,161.7087451627,-2.768992780348
    ));
#12468 = CARTESIAN_POINT('',(19.7471785083,161.85290398735,
    -2.886129681038));
#12469 = CARTESIAN_POINT('',(19.7867583089,162.13096849624,
    -3.087237969648));
#12470 = CARTESIAN_POINT('',(19.8307783221,162.474884166,-3.280796231518
    ));
#12471 = CARTESIAN_POINT('',(19.850558067,162.63757421785,
    -3.362058687508));
#12472 = CARTESIAN_POINT('',(19.8860214319,162.94688092018,
    -3.497103635998));
#12473 = CARTESIAN_POINT('',(19.9242460257,163.33702901018,
    -3.617306359848));
#12474 = CARTESIAN_POINT('',(19.940667346,163.51700239193,
    -3.663956147518));
#12475 = CARTESIAN_POINT('',(19.9710769425,163.88536499056,
    -3.737668683928));
#12476 = CARTESIAN_POINT('',(19.999549594,164.33517183498,
    -3.772459338208));
#12477 = CARTESIAN_POINT('',(20.011212228,164.5529249353,-3.776178085418
    ));
#12478 = CARTESIAN_POINT('',(20.0249875491,164.8763708242,
    -3.759974401748));
#12479 = CARTESIAN_POINT('',(20.0334383661,165.16526664802,
    -3.721330836928));
#12480 = CARTESIAN_POINT('',(20.0358395117,165.26313794302,
    -3.705296810478));
#12481 = CARTESIAN_POINT('',(20.0438914758,165.657984639,-3.629954643688
    ));
#12482 = CARTESIAN_POINT('',(20.0440747436,165.96749820564,
    -3.530096969188));
#12483 = CARTESIAN_POINT('',(20.0424317409,166.17361841274,
    -3.449804802338));
#12484 = CARTESIAN_POINT('',(20.0394812133,166.35587674824,
    -3.366450389568));
#12485 = CARTESIAN_POINT('',(20.0357114492,166.52005737144,
    -3.281053729608));
#12486 = CONICAL_SURFACE('',#12487,22.717377551,5.0060181554E-02);
#12487 = AXIS2_PLACEMENT_3D('',#12488,#12489,#12490);
#12488 = CARTESIAN_POINT('',(43.58,187.70097853934,4.874773736204E-02));
#12489 = DIRECTION('',(-4.440892098501E-16,-1.,1.110223024625E-16));
#12490 = DIRECTION('',(-0.479425538604,3.103389452427E-16,0.87758256189)
  );
#12491 = ADVANCED_FACE('',(#12492,#12642),#12726,.T.);
#12492 = FACE_BOUND('',#12493,.T.);
#12493 = EDGE_LOOP('',(#12494,#12503,#12512,#12521,#12531,#12563,#12572,
    #12604,#12614,#12623,#12632,#12639,#12640,#12641));
#12494 = ORIENTED_EDGE('',*,*,#12495,.T.);
#12495 = EDGE_CURVE('',#12382,#12496,#12498,.T.);
#12496 = VERTEX_POINT('',#12497);
#12497 = CARTESIAN_POINT('',(62.6601236689,187.14263392454,
    -12.33268623733));
#12498 = CIRCLE('',#12499,22.7453517557);
#12499 = AXIS2_PLACEMENT_3D('',#12500,#12501,#12502);
#12500 = CARTESIAN_POINT('',(43.58,187.14263392454,4.874773736204E-02));
#12501 = DIRECTION('',(-4.153439648689E-16,-1.,5.840448446692E-17));
#12502 = DIRECTION('',(1.,-4.153439648689E-16,3.330669073875E-16));
#12503 = ORIENTED_EDGE('',*,*,#12504,.F.);
#12504 = EDGE_CURVE('',#12505,#12496,#12507,.T.);
#12505 = VERTEX_POINT('',#12506);
#12506 = CARTESIAN_POINT('',(63.8586887929,187.01232305724,
    -10.26739744863));
#12507 = B_SPLINE_CURVE_WITH_KNOTS('',3,(#12508,#12509,#12510,#12511),
  .UNSPECIFIED.,.F.,.F.,(4,4),(0.,10.7723183124),
  .PIECEWISE_BEZIER_KNOTS.);
#12508 = CARTESIAN_POINT('',(63.8586887929,187.01232305724,
    -10.26739744863));
#12509 = CARTESIAN_POINT('',(63.497564559,187.01178574034,
    -10.97732720623));
#12510 = CARTESIAN_POINT('',(63.0971068663,187.05534725374,
    -11.66731721273));
#12511 = CARTESIAN_POINT('',(62.6601238625,187.14263075604,
    -12.33268623053));
#12512 = ORIENTED_EDGE('',*,*,#12513,.T.);
#12513 = EDGE_CURVE('',#12505,#12514,#12516,.T.);
#12514 = VERTEX_POINT('',#12515);
#12515 = CARTESIAN_POINT('',(64.4495744722,186.70097853934,
    -9.051746112578));
#12516 = B_SPLINE_CURVE_WITH_KNOTS('',3,(#12517,#12518,#12519,#12520),
  .UNSPECIFIED.,.F.,.F.,(4,4),(0.,6.11165769716),
  .PIECEWISE_BEZIER_KNOTS.);
#12517 = CARTESIAN_POINT('',(63.8586887929,187.01232305724,
    -10.26739744863));
#12518 = CARTESIAN_POINT('',(64.0631755783,187.01262731334,
    -9.865399353878));
#12519 = CARTESIAN_POINT('',(64.2609682155,186.89657033764,
    -9.459748289868));
#12520 = CARTESIAN_POINT('',(64.4495744722,186.70097853934,
    -9.051746112578));
#12521 = ORIENTED_EDGE('',*,*,#12522,.F.);
#12522 = EDGE_CURVE('',#12523,#12514,#12525,.T.);
#12523 = VERTEX_POINT('',#12524);
#12524 = CARTESIAN_POINT('',(64.4129401002,183.20097853934,
    -9.561786286128));
#12525 = B_SPLINE_CURVE_WITH_KNOTS('',4,(#12526,#12527,#12528,#12529,
    #12530),.UNSPECIFIED.,.F.,.F.,(5,5),(0.,5.40536116525),
  .PIECEWISE_BEZIER_KNOTS.);
#12526 = CARTESIAN_POINT('',(64.4129401002,183.20097853934,
    -9.561786286128));
#12527 = CARTESIAN_POINT('',(64.437084383,184.00952917974,
    -9.412740295118));
#12528 = CARTESIAN_POINT('',(64.447726118,184.88586343334,
    -9.281971873478));
#12529 = CARTESIAN_POINT('',(64.4514748595,185.78433745234,
    -9.162284030198));
#12530 = CARTESIAN_POINT('',(64.4495744722,186.70097853934,
    -9.051746112578));
#12531 = ORIENTED_EDGE('',*,*,#12532,.T.);
#12532 = EDGE_CURVE('',#12523,#12533,#12535,.T.);
#12533 = VERTEX_POINT('',#12534);
#12534 = CARTESIAN_POINT('',(65.4622012679,181.70097853934,
    -7.092479181958));
#12535 = B_SPLINE_CURVE_WITH_KNOTS('',5,(#12536,#12537,#12538,#12539,
    #12540,#12541,#12542,#12543,#12544,#12545,#12546,#12547,#12548,
    #12549,#12550,#12551,#12552,#12553,#12554,#12555,#12556,#12557,
    #12558,#12559,#12560,#12561,#12562),.UNSPECIFIED.,.F.,.F.,(6,3,3,3,3
    ,3,3,3,6),(0.,0.104428284999,0.207453464264,0.455571394918,
    0.856601306471,1.17545647899,2.5477366447,5.12704873443,
    12.4400412723),.UNSPECIFIED.);
#12536 = CARTESIAN_POINT('',(64.4129401002,183.20097853934,
    -9.561786286128));
#12537 = CARTESIAN_POINT('',(64.4124675794,183.18515463054,
    -9.564703221778));
#12538 = CARTESIAN_POINT('',(64.4122677063,183.16771357964,
    -9.567221500868));
#12539 = CARTESIAN_POINT('',(64.4125942059,183.14670361784,
    -9.569025287238));
#12540 = CARTESIAN_POINT('',(64.4143994833,183.10563129604,
    -9.570024651808));
#12541 = CARTESIAN_POINT('',(64.4178280695,183.06884675154,
    -9.566994359578));
#12542 = CARTESIAN_POINT('',(64.4197970305,183.05283896844,
    -9.564641587238));
#12543 = CARTESIAN_POINT('',(64.4265450489,183.00399632104,
    -9.555853118298));
#12544 = CARTESIAN_POINT('',(64.4338326279,182.96863066554,
    -9.544263568758));
#12545 = CARTESIAN_POINT('',(64.4389713441,182.94556612144,
    -9.535852785858));
#12546 = CARTESIAN_POINT('',(64.4522543987,182.89250136804,
    -9.513292821778));
#12547 = CARTESIAN_POINT('',(64.4654572617,182.84999058444,
    -9.489547569558));
#12548 = CARTESIAN_POINT('',(64.472950535,182.82741571624,
    -9.475850079418));
#12549 = CARTESIAN_POINT('',(64.4874172538,182.78678806414,
    -9.448983219038));
#12550 = CARTESIAN_POINT('',(64.5017979978,182.75011202894,
    -9.421703293858));
#12551 = CARTESIAN_POINT('',(64.5088899496,182.73272509924,
    -9.408136169708));
#12552 = CARTESIAN_POINT('',(64.5424142231,182.65324214554,
    -9.343536457508));
#12553 = CARTESIAN_POINT('',(64.5753912749,182.58690053114,
    -9.277845856398));
#12554 = CARTESIAN_POINT('',(64.6013122169,182.53779409974,
    -9.225371500108));
#12555 = CARTESIAN_POINT('',(64.6766425725,182.40312077194,
    -9.070508288068));
#12556 = CARTESIAN_POINT('',(64.7495707639,182.29094743564,
    -8.914299911858));
#12557 = CARTESIAN_POINT('',(64.796238906,182.22421079634,
    -8.811965846188));
#12558 = CARTESIAN_POINT('',(64.9735681187,181.98752237904,
    -8.413959588988));
#12559 = CARTESIAN_POINT('',(65.1386111058,181.82771931594,
    -8.008499129028));
#12560 = CARTESIAN_POINT('',(65.2530844087,181.74551206824,
    -7.707596425408));
#12561 = CARTESIAN_POINT('',(65.3614265232,181.70097853934,
    -7.401273913308));
#12562 = CARTESIAN_POINT('',(65.4622012679,181.70097853934,
    -7.092479181958));
#12563 = ORIENTED_EDGE('',*,*,#12564,.T.);
#12564 = EDGE_CURVE('',#12533,#12565,#12567,.T.);
#12565 = VERTEX_POINT('',#12566);
#12566 = CARTESIAN_POINT('',(65.4622012679,181.70097853934,
    7.189974656882));
#12567 = CIRCLE('',#12568,23.0179897959);
#12568 = AXIS2_PLACEMENT_3D('',#12569,#12570,#12571);
#12569 = CARTESIAN_POINT('',(43.58,181.70097853934,4.874773736204E-02));
#12570 = DIRECTION('',(-4.153439648689E-16,-1.,5.840448446692E-17));
#12571 = DIRECTION('',(1.,-4.153439648689E-16,3.330669073875E-16));
#12572 = ORIENTED_EDGE('',*,*,#12573,.F.);
#12573 = EDGE_CURVE('',#12574,#12565,#12576,.T.);
#12574 = VERTEX_POINT('',#12575);
#12575 = CARTESIAN_POINT('',(64.4129401002,183.20097853934,
    9.659281760852));
#12576 = B_SPLINE_CURVE_WITH_KNOTS('',5,(#12577,#12578,#12579,#12580,
    #12581,#12582,#12583,#12584,#12585,#12586,#12587,#12588,#12589,
    #12590,#12591,#12592,#12593,#12594,#12595,#12596,#12597,#12598,
    #12599,#12600,#12601,#12602,#12603),.UNSPECIFIED.,.F.,.F.,(6,3,3,3,3
    ,3,3,3,6),(0.,0.104428284997,0.207453464261,0.455571394701,
    0.856601306004,1.1754564762,2.54773664152,5.12704873041,
    12.4400412741),.UNSPECIFIED.);
#12577 = CARTESIAN_POINT('',(64.4129401002,183.20097853934,
    9.659281760852));
#12578 = CARTESIAN_POINT('',(64.4124675794,183.18515463054,
    9.662198696502));
#12579 = CARTESIAN_POINT('',(64.4122677063,183.16771357964,
    9.664716975592));
#12580 = CARTESIAN_POINT('',(64.4125942059,183.14670361784,
    9.666520761962));
#12581 = CARTESIAN_POINT('',(64.4143994833,183.10563129604,
    9.667520126532));
#12582 = CARTESIAN_POINT('',(64.4178280695,183.06884675154,
    9.664489834302));
#12583 = CARTESIAN_POINT('',(64.4197970305,183.05283896844,
    9.662137061962));
#12584 = CARTESIAN_POINT('',(64.4265450489,183.00399632104,
    9.653348593022));
#12585 = CARTESIAN_POINT('',(64.4338326279,182.96863066564,
    9.641759043482));
#12586 = CARTESIAN_POINT('',(64.4389713441,182.94556612154,
    9.633348260592));
#12587 = CARTESIAN_POINT('',(64.4522543987,182.89250136824,
    9.610788296532));
#12588 = CARTESIAN_POINT('',(64.4654572616,182.84999058454,
    9.587043044342));
#12589 = CARTESIAN_POINT('',(64.4729505349,182.82741571644,
    9.573345554252));
#12590 = CARTESIAN_POINT('',(64.4874172537,182.78678806444,
    9.546478693972));
#12591 = CARTESIAN_POINT('',(64.5017979976,182.75011202934,
    9.519198768892));
#12592 = CARTESIAN_POINT('',(64.5088899496,182.73272509924,
    9.505631644452));
#12593 = CARTESIAN_POINT('',(64.5424142231,182.65324214564,
    9.441031932352));
#12594 = CARTESIAN_POINT('',(64.5753912748,182.58690053134,
    9.375341331342));
#12595 = CARTESIAN_POINT('',(64.6013122166,182.53779410024,
    9.322866975452));
#12596 = CARTESIAN_POINT('',(64.6766425722,182.40312077234,
    9.168003763482));
#12597 = CARTESIAN_POINT('',(64.7495707635,182.29094743614,
    9.011795387402));
#12598 = CARTESIAN_POINT('',(64.7962389055,182.22421079704,
    8.909461322052));
#12599 = CARTESIAN_POINT('',(64.9735681183,181.98752237944,
    8.511455064652));
#12600 = CARTESIAN_POINT('',(65.1386111055,181.82771931614,
    8.105994604472));
#12601 = CARTESIAN_POINT('',(65.2530844086,181.74551206844,
    7.805091900622));
#12602 = CARTESIAN_POINT('',(65.3614265231,181.70097853934,
    7.498769388302));
#12603 = CARTESIAN_POINT('',(65.4622012679,181.70097853934,
    7.189974656682));
#12604 = ORIENTED_EDGE('',*,*,#12605,.T.);
#12605 = EDGE_CURVE('',#12574,#12606,#12608,.T.);
#12606 = VERTEX_POINT('',#12607);
#12607 = CARTESIAN_POINT('',(64.4495744722,186.70097853934,
    9.149241587302));
#12608 = B_SPLINE_CURVE_WITH_KNOTS('',4,(#12609,#12610,#12611,#12612,
    #12613),.UNSPECIFIED.,.F.,.F.,(5,5),(0.,5.40536116525),
  .PIECEWISE_BEZIER_KNOTS.);
#12609 = CARTESIAN_POINT('',(64.4129401002,183.20097853934,
    9.659281760852));
#12610 = CARTESIAN_POINT('',(64.437084383,184.00952917974,9.510235769822
    ));
#12611 = CARTESIAN_POINT('',(64.447726118,184.88586343334,9.379467348192
    ));
#12612 = CARTESIAN_POINT('',(64.4514748595,185.78433745234,
    9.259779504922));
#12613 = CARTESIAN_POINT('',(64.4495744722,186.70097853934,
    9.149241587302));
#12614 = ORIENTED_EDGE('',*,*,#12615,.F.);
#12615 = EDGE_CURVE('',#12616,#12606,#12618,.T.);
#12616 = VERTEX_POINT('',#12617);
#12617 = CARTESIAN_POINT('',(63.8586887929,187.01232305724,
    10.364892923362));
#12618 = B_SPLINE_CURVE_WITH_KNOTS('',3,(#12619,#12620,#12621,#12622),
  .UNSPECIFIED.,.F.,.F.,(4,4),(0.,6.11165769716),
  .PIECEWISE_BEZIER_KNOTS.);
#12619 = CARTESIAN_POINT('',(63.8586887929,187.01232305724,
    10.364892923362));
#12620 = CARTESIAN_POINT('',(64.0631755783,187.01262731334,
    9.962894828602));
#12621 = CARTESIAN_POINT('',(64.2609682155,186.89657033764,
    9.557243764592));
#12622 = CARTESIAN_POINT('',(64.4495744722,186.70097853934,
    9.149241587302));
#12623 = ORIENTED_EDGE('',*,*,#12624,.T.);
#12624 = EDGE_CURVE('',#12616,#12625,#12627,.T.);
#12625 = VERTEX_POINT('',#12626);
#12626 = CARTESIAN_POINT('',(62.6601238625,187.14263075604,
    12.430181705262));
#12627 = B_SPLINE_CURVE_WITH_KNOTS('',3,(#12628,#12629,#12630,#12631),
  .UNSPECIFIED.,.F.,.F.,(4,4),(0.,10.7723183124),
  .PIECEWISE_BEZIER_KNOTS.);
#12628 = CARTESIAN_POINT('',(63.8586887929,187.01232305724,
    10.364892923362));
#12629 = CARTESIAN_POINT('',(63.497564559,187.01178574034,
    11.074822680962));
#12630 = CARTESIAN_POINT('',(63.0971068663,187.05534725384,
    11.764812687462));
#12631 = CARTESIAN_POINT('',(62.6601238625,187.14263075604,
    12.430181705262));
#12632 = ORIENTED_EDGE('',*,*,#12633,.T.);
#12633 = EDGE_CURVE('',#12625,#12138,#12634,.T.);
#12634 = CIRCLE('',#12635,22.7453519145);
#12635 = AXIS2_PLACEMENT_3D('',#12636,#12637,#12638);
#12636 = CARTESIAN_POINT('',(43.58,187.14263075504,4.874773736204E-02));
#12637 = DIRECTION('',(-4.153439648689E-16,-1.,5.840448446692E-17));
#12638 = DIRECTION('',(1.,-4.153439648689E-16,3.330669073875E-16));
#12639 = ORIENTED_EDGE('',*,*,#12397,.T.);
#12640 = ORIENTED_EDGE('',*,*,#12122,.T.);
#12641 = ORIENTED_EDGE('',*,*,#12390,.F.);
#12642 = FACE_BOUND('',#12643,.T.);
#12643 = EDGE_LOOP('',(#12644,#12687));
#12644 = ORIENTED_EDGE('',*,*,#12645,.T.);
#12645 = EDGE_CURVE('',#12646,#12648,#12650,.T.);
#12646 = VERTEX_POINT('',#12647);
#12647 = CARTESIAN_POINT('',(67.1242885508,166.52005737144,
    -3.281053729608));
#12648 = VERTEX_POINT('',#12649);
#12649 = CARTESIAN_POINT('',(67.2913837552,162.80178999888,
    3.525189041882));
#12650 = B_SPLINE_CURVE_WITH_KNOTS('',5,(#12651,#12652,#12653,#12654,
    #12655,#12656,#12657,#12658,#12659,#12660,#12661,#12662,#12663,
    #12664,#12665,#12666,#12667,#12668,#12669,#12670,#12671,#12672,
    #12673,#12674,#12675,#12676,#12677,#12678,#12679,#12680,#12681,
    #12682,#12683,#12684,#12685,#12686),.UNSPECIFIED.,.F.,.F.,(6,3,3,3,3
    ,3,3,3,3,3,3,6),(0.,1.77121058285,3.03824311733,3.62043208128,
    4.23616659563,5.8640830287,8.15098667739,12.7676705884,22.3094992637
    ,31.6270626079,34.642420891,37.4638337785),.UNSPECIFIED.);
#12651 = CARTESIAN_POINT('',(67.1242885508,166.52005737144,
    -3.281053729608));
#12652 = CARTESIAN_POINT('',(67.1211213034,166.38211753094,
    -3.352801548728));
#12653 = CARTESIAN_POINT('',(67.1185323338,166.23141636934,
    -3.423108023058));
#12654 = CARTESIAN_POINT('',(67.1168045593,166.06537052234,
    -3.491105933718));
#12655 = CARTESIAN_POINT('',(67.1158322503,165.74475550094,
    -3.603736279798));
#12656 = CARTESIAN_POINT('',(67.1219773104,165.33531415432,
    -3.696222618888));
#12657 = CARTESIAN_POINT('',(67.1261481698,165.14481503092,
    -3.730448933688));
#12658 = CARTESIAN_POINT('',(67.1365020642,164.83028390627,
    -3.765148532038));
#12659 = CARTESIAN_POINT('',(67.1524892692,164.49811621167,
    -3.770519285858));
#12660 = CARTESIAN_POINT('',(67.1581068068,164.39244694518,
    -3.768953792918));
#12661 = CARTESIAN_POINT('',(67.1703190804,164.18140080689,
    -3.759689158118));
#12662 = CARTESIAN_POINT('',(67.1835499459,163.98439682936,
    -3.739606553628));
#12663 = CARTESIAN_POINT('',(67.19078921,163.88375396086,-3.726310459238
    ));
#12664 = CARTESIAN_POINT('',(67.2162212256,163.54937587484,
    -3.673220501728));
#12665 = CARTESIAN_POINT('',(67.2416198731,163.27253079119,
    -3.600656884638));
#12666 = CARTESIAN_POINT('',(67.2592242667,163.09592100283,
    -3.544184772348));
#12667 = CARTESIAN_POINT('',(67.3003027505,162.71024829924,
    -3.400485121398));
#12668 = CARTESIAN_POINT('',(67.3379698985,162.40382645819,
    -3.244235976508));
#12669 = CARTESIAN_POINT('',(67.3587571097,162.24361717254,
    -3.151438535338));
#12670 = CARTESIAN_POINT('',(67.4188150863,161.80219020561,
    -2.864518959758));
#12671 = CARTESIAN_POINT('',(67.4701265124,161.47264393663,
    -2.565784402928));
#12672 = CARTESIAN_POINT('',(67.5005492273,161.28569080354,
    -2.366285021398));
#12673 = CARTESIAN_POINT('',(67.5846543369,160.78970681971,
    -1.740764810078));
#12674 = CARTESIAN_POINT('',(67.6378715436,160.51409473338,
    -1.101498301108));
#12675 = CARTESIAN_POINT('',(67.6603851739,160.39834290175,
    -0.671856572931));
#12676 = CARTESIAN_POINT('',(67.6793393075,160.30065545347,
    0.186133952488));
#12677 = CARTESIAN_POINT('',(67.6468975427,160.46720344276,
    1.043167171277));
#12678 = CARTESIAN_POINT('',(67.6182627433,160.61672834583,
    1.464639647102));
#12679 = CARTESIAN_POINT('',(67.5635337495,160.906083849,2.019465588872)
  );
#12680 = CARTESIAN_POINT('',(67.4848093946,161.38440672515,
    2.560892794452));
#12681 = CARTESIAN_POINT('',(67.4640486077,161.51440257966,
    2.692521133802));
#12682 = CARTESIAN_POINT('',(67.4209829012,161.79391202164,
    2.944523956052));
#12683 = CARTESIAN_POINT('',(67.3718253306,162.14442909239,
    3.189720798882));
#12684 = CARTESIAN_POINT('',(67.3469192732,162.33180528846,
    3.304367654252));
#12685 = CARTESIAN_POINT('',(67.3200355509,162.54601395621,
    3.418106500172));
#12686 = CARTESIAN_POINT('',(67.2913837552,162.80178999888,
    3.525189041882));
#12687 = ORIENTED_EDGE('',*,*,#12688,.T.);
#12688 = EDGE_CURVE('',#12648,#12646,#12689,.T.);
#12689 = B_SPLINE_CURVE_WITH_KNOTS('',5,(#12690,#12691,#12692,#12693,
    #12694,#12695,#12696,#12697,#12698,#12699,#12700,#12701,#12702,
    #12703,#12704,#12705,#12706,#12707,#12708,#12709,#12710,#12711,
    #12712,#12713,#12714,#12715,#12716,#12717,#12718,#12719,#12720,
    #12721,#12722,#12723,#12724,#12725),.UNSPECIFIED.,.F.,.F.,(6,3,3,3,3
    ,3,3,3,3,3,3,6),(0.,1.5761683158,2.1892990826,3.35080382339,
    4.83819297943,6.97820305063,11.4503826134,19.0571664138,
    27.0816986631,30.6801659071,35.0585247945,36.1187144941),
  .UNSPECIFIED.);
#12690 = CARTESIAN_POINT('',(67.2913837552,162.80178999888,
    3.525189041882));
#12691 = CARTESIAN_POINT('',(67.2753060504,162.9453164902,3.585277474452
    ));
#12692 = CARTESIAN_POINT('',(67.2586659452,163.10198302939,
    3.643290918102));
#12693 = CARTESIAN_POINT('',(67.2413944898,163.27556316224,
    3.698579176002));
#12694 = CARTESIAN_POINT('',(67.2165076899,163.54682115935,
    3.769712470972));
#12695 = CARTESIAN_POINT('',(67.1914981776,163.87410392017,
    3.822435048622));
#12696 = CARTESIAN_POINT('',(67.184374632,163.97263263721,3.835684244952
    ));
#12697 = CARTESIAN_POINT('',(67.1645498507,164.26588421829,
    3.866396492152));
#12698 = CARTESIAN_POINT('',(67.1469570695,164.59033706043,
    3.873246056922));
#12699 = CARTESIAN_POINT('',(67.1376091003,164.80762292188,
    3.862946847862));
#12700 = CARTESIAN_POINT('',(67.122539444,165.25704546253,3.815129717712
    ));
#12701 = CARTESIAN_POINT('',(67.1174817438,165.61840919781,
    3.731405438082));
#12702 = CARTESIAN_POINT('',(67.1165353338,165.79650371834,
    3.679475379762));
#12703 = CARTESIAN_POINT('',(67.1171341228,166.18565148724,
    3.546365439042));
#12704 = CARTESIAN_POINT('',(67.1228651692,166.49103508034,
    3.400628489322));
#12705 = CARTESIAN_POINT('',(67.1270034223,166.65150130994,
    3.313465022472));
#12706 = CARTESIAN_POINT('',(67.1416358054,167.10304941184,
    3.037709541332));
#12707 = CARTESIAN_POINT('',(67.1595210549,167.43518221494,
    2.751708878672));
#12708 = CARTESIAN_POINT('',(67.1711343878,167.62470885494,
    2.560353086532));
#12709 = CARTESIAN_POINT('',(67.201837749,168.07046821624,2.030207832922
    ));
#12710 = CARTESIAN_POINT('',(67.2266247587,168.34763022454,
    1.492739715232));
#12711 = CARTESIAN_POINT('',(67.2384484177,168.47370197414,
    1.156476282642));
#12712 = CARTESIAN_POINT('',(67.2551032336,168.64415225344,0.45744415429
    ));
#12713 = CARTESIAN_POINT('',(67.2547373468,168.63870797444,
    -0.243130417874));
#12714 = CARTESIAN_POINT('',(67.2499418457,168.59179687064,
    -0.601723278491));
#12715 = CARTESIAN_POINT('',(67.2364512215,168.45709947474,
    -1.121555524388));
#12716 = CARTESIAN_POINT('',(67.2147227285,168.20696096304,
    -1.638606569388));
#12717 = CARTESIAN_POINT('',(67.2072532461,168.11749826724,
    -1.798512602988));
#12718 = CARTESIAN_POINT('',(67.1892632161,167.89045009294,
    -2.151503672578));
#12719 = CARTESIAN_POINT('',(67.168824234,167.58777262194,
    -2.501242204358));
#12720 = CARTESIAN_POINT('',(67.1574569016,167.39793399574,
    -2.687917549488));
#12721 = CARTESIAN_POINT('',(67.1428068484,167.11872426274,
    -2.922668714808));
#12722 = CARTESIAN_POINT('',(67.13057349,166.75566724804,-3.150199928548
    ));
#12723 = CARTESIAN_POINT('',(67.1283046666,166.68125841034,
    -3.194288157148));
#12724 = CARTESIAN_POINT('',(67.1261923127,166.60296993834,
    -3.237927713018));
#12725 = CARTESIAN_POINT('',(67.1242885508,166.52005737144,
    -3.281053729608));
#12726 = CONICAL_SURFACE('',#12727,22.717377551,5.0060181554E-02);
#12727 = AXIS2_PLACEMENT_3D('',#12728,#12729,#12730);
#12728 = CARTESIAN_POINT('',(43.58,187.70097853934,4.874773736204E-02));
#12729 = DIRECTION('',(-4.440892098501E-16,-1.,1.110223024625E-16));
#12730 = DIRECTION('',(0.479425538604,-3.103389452427E-16,-0.87758256189
    ));
#12731 = ADVANCED_FACE('',(#12732),#12790,.T.);
#12732 = FACE_BOUND('',#12733,.T.);
#12733 = EDGE_LOOP('',(#12734,#12743,#12752,#12762,#12789));
#12734 = ORIENTED_EDGE('',*,*,#12735,.F.);
#12735 = EDGE_CURVE('',#12736,#12138,#12738,.T.);
#12736 = VERTEX_POINT('',#12737);
#12737 = CARTESIAN_POINT('',(33.1614544513,187.70097853934,
    19.119767442362));
#12738 = CIRCLE('',#12739,1.2);
#12739 = AXIS2_PLACEMENT_3D('',#12740,#12741,#12742);
#12740 = CARTESIAN_POINT('',(33.1614544513,186.50097853934,
    19.119767442462));
#12741 = DIRECTION('',(0.87758256189,-3.364980193331E-16,0.479425538604)
  );
#12742 = DIRECTION('',(0.479425538604,-2.503812611678E-16,-0.87758256189
    ));
#12743 = ORIENTED_EDGE('',*,*,#12744,.T.);
#12744 = EDGE_CURVE('',#12736,#12745,#12747,.T.);
#12745 = VERTEX_POINT('',#12746);
#12746 = CARTESIAN_POINT('',(23.7336413157,187.70097853934,
    8.901540003912));
#12747 = CIRCLE('',#12748,21.7313111418);
#12748 = AXIS2_PLACEMENT_3D('',#12749,#12750,#12751);
#12749 = CARTESIAN_POINT('',(43.58,187.70097853934,4.874773736204E-02));
#12750 = DIRECTION('',(-4.153439648689E-16,-1.,5.840448446692E-17));
#12751 = DIRECTION('',(1.,-4.153439648689E-16,3.330669073875E-16));
#12752 = ORIENTED_EDGE('',*,*,#12753,.T.);
#12753 = EDGE_CURVE('',#12745,#12754,#12756,.T.);
#12754 = VERTEX_POINT('',#12755);
#12755 = CARTESIAN_POINT('',(23.8534934981,187.63205173024,
    10.083541993762));
#12756 = B_SPLINE_CURVE_WITH_KNOTS('',4,(#12757,#12758,#12759,#12760,
    #12761),.UNSPECIFIED.,.F.,.F.,(5,5),(0.,1.71051296578),
  .PIECEWISE_BEZIER_KNOTS.);
#12757 = CARTESIAN_POINT('',(23.733641316,187.70097853934,8.901540004722
    ));
#12758 = CARTESIAN_POINT('',(23.686608171,187.70097853934,9.195308900082
    ));
#12759 = CARTESIAN_POINT('',(23.6689671474,187.67000565134,
    9.494825587162));
#12760 = CARTESIAN_POINT('',(23.7151931871,187.63194165354,
    9.812354815272));
#12761 = CARTESIAN_POINT('',(23.8534934981,187.63205173024,
    10.083541993762));
#12762 = ORIENTED_EDGE('',*,*,#12763,.F.);
#12763 = EDGE_CURVE('',#12140,#12754,#12764,.T.);
#12764 = B_SPLINE_CURVE_WITH_KNOTS('',5,(#12765,#12766,#12767,#12768,
    #12769,#12770,#12771,#12772,#12773,#12774,#12775,#12776,#12777,
    #12778,#12779,#12780,#12781,#12782,#12783,#12784,#12785,#12786,
    #12787,#12788),.UNSPECIFIED.,.F.,.F.,(6,3,3,3,3,3,3,6),(0.,
    0.470845357495,0.640138008219,0.88858155553,1.05149204735,
    1.31443800827,2.43261548951,4.66040934729),.UNSPECIFIED.);
#12765 = CARTESIAN_POINT('',(24.499891821,187.14263390444,
    12.430205605862));
#12766 = CARTESIAN_POINT('',(24.5449022962,187.16087645924,
    12.478362052562));
#12767 = CARTESIAN_POINT('',(24.5910685817,187.18102203114,
    12.524606940962));
#12768 = CARTESIAN_POINT('',(24.6342715764,187.20178617824,
    12.563646660862));
#12769 = CARTESIAN_POINT('',(24.7016179575,187.23604613584,
    12.620359296962));
#12770 = CARTESIAN_POINT('',(24.7724348153,187.28399783714,
    12.653719869062));
#12771 = CARTESIAN_POINT('',(24.7918185137,187.29810886734,
    12.660679244662));
#12772 = CARTESIAN_POINT('',(24.8390041051,187.33727259084,
    12.667065610462));
#12773 = CARTESIAN_POINT('',(24.8734878378,187.38078596344,
    12.638791054662));
#12774 = CARTESIAN_POINT('',(24.8809952162,187.40262243124,
    12.605479994662));
#12775 = CARTESIAN_POINT('',(24.8854466524,187.43021276004,
    12.553468145362));
#12776 = CARTESIAN_POINT('',(24.8808589615,187.45114075374,
    12.498352420862));
#12777 = CARTESIAN_POINT('',(24.8780782771,187.45867240314,
    12.476303464262));
#12778 = CARTESIAN_POINT('',(24.8688995258,187.47663235454,
    12.418729333962));
#12779 = CARTESIAN_POINT('',(24.8556599574,187.49106924854,
    12.360947570662));
#12780 = CARTESIAN_POINT('',(24.8465022895,187.49909979314,
    12.325286303762));
#12781 = CARTESIAN_POINT('',(24.7942599413,187.53738014524,
    12.138419412862));
#12782 = CARTESIAN_POINT('',(24.7239296217,187.55914175984,
    11.952523304162));
#12783 = CARTESIAN_POINT('',(24.6659857016,187.57372621604,
    11.807082401162));
#12784 = CARTESIAN_POINT('',(24.4810430888,187.60831586784,
    11.367172814562));
#12785 = CARTESIAN_POINT('',(24.2770684029,187.62274285414,
    10.935316660662));
#12786 = CARTESIAN_POINT('',(24.1390504589,187.62915898344,
    10.650350944562));
#12787 = CARTESIAN_POINT('',(23.997663546,187.63216647874,
    10.366238888962));
#12788 = CARTESIAN_POINT('',(23.8534934979,187.63205173024,
    10.083541993362));
#12789 = ORIENTED_EDGE('',*,*,#12137,.F.);
#12790 = TOROIDAL_SURFACE('',#12791,21.7313111418,1.2);
#12791 = AXIS2_PLACEMENT_3D('',#12792,#12793,#12794);
#12792 = CARTESIAN_POINT('',(43.58,186.50097853934,4.874773736204E-02));
#12793 = DIRECTION('',(-4.440892098501E-16,-1.,1.110223024625E-16));
#12794 = DIRECTION('',(-0.479425538604,3.103389452427E-16,0.87758256189)
  );
#12795 = ADVANCED_FACE('',(#12796),#12806,.F.);
#12796 = FACE_BOUND('',#12797,.T.);
#12797 = EDGE_LOOP('',(#12798,#12799,#12805));
#12798 = ORIENTED_EDGE('',*,*,#12763,.T.);
#12799 = ORIENTED_EDGE('',*,*,#12800,.T.);
#12800 = EDGE_CURVE('',#12754,#12149,#12801,.T.);
#12801 = LINE('',#12802,#12803);
#12802 = CARTESIAN_POINT('',(23.5774023527,187.32218739394,
    10.224217458262));
#12803 = VECTOR('',#12804,1.);
#12804 = DIRECTION('',(-0.630036755335,-0.707106781186,0.321019760961));
#12805 = ORIENTED_EDGE('',*,*,#12148,.T.);
#12806 = PLANE('',#12807);
#12807 = AXIS2_PLACEMENT_3D('',#12808,#12809,#12810);
#12808 = CARTESIAN_POINT('',(6.6911631124,187.70097853934,
    -23.75125226273));
#12809 = DIRECTION('',(0.630036755335,-0.707106781187,-0.32101976096));
#12810 = DIRECTION('',(0.45399049974,6.630686007507E-13,0.891006524188)
  );
#12811 = ADVANCED_FACE('',(#12812),#12842,.T.);
#12812 = FACE_BOUND('',#12813,.T.);
#12813 = EDGE_LOOP('',(#12814,#12823,#12832,#12839,#12840,#12841));
#12814 = ORIENTED_EDGE('',*,*,#12815,.T.);
#12815 = EDGE_CURVE('',#12745,#12816,#12818,.T.);
#12816 = VERTEX_POINT('',#12817);
#12817 = CARTESIAN_POINT('',(25.5900002987,187.70097853934,
    7.318747737362));
#12818 = CIRCLE('',#12819,1.88);
#12819 = AXIS2_PLACEMENT_3D('',#12820,#12821,#12822);
#12820 = CARTESIAN_POINT('',(25.59,187.70097853934,9.198747737362));
#12821 = DIRECTION('',(-4.694011718529E-13,-1.,-6.145090239594E-13));
#12822 = DIRECTION('',(3.330669073878E-16,6.145090239594E-13,-1.));
#12823 = ORIENTED_EDGE('',*,*,#12824,.T.);
#12824 = EDGE_CURVE('',#12816,#12825,#12827,.T.);
#12825 = VERTEX_POINT('',#12826);
#12826 = CARTESIAN_POINT('',(25.5900002987,186.70097853934,
    6.318747737352));
#12827 = B_SPLINE_CURVE_WITH_KNOTS('',3,(#12828,#12829,#12830,#12831),
  .UNSPECIFIED.,.F.,.F.,(4,4),(0.,2.),.PIECEWISE_BEZIER_KNOTS.);
#12828 = CARTESIAN_POINT('',(25.5900002986,187.70097853934,
    7.318747737362));
#12829 = CARTESIAN_POINT('',(25.5900001991,187.36764520604,
    6.985414404072));
#12830 = CARTESIAN_POINT('',(25.5900006099,187.03431187264,
    6.652081070662));
#12831 = CARTESIAN_POINT('',(25.5900004574,186.70097853934,
    6.318747737362));
#12832 = ORIENTED_EDGE('',*,*,#12833,.F.);
#12833 = EDGE_CURVE('',#12158,#12825,#12834,.T.);
#12834 = CIRCLE('',#12835,2.88);
#12835 = AXIS2_PLACEMENT_3D('',#12836,#12837,#12838);
#12836 = CARTESIAN_POINT('',(25.59,186.70097853934,9.198747737362));
#12837 = DIRECTION('',(-4.694011718529E-13,-1.,-6.145090239594E-13));
#12838 = DIRECTION('',(3.330669073878E-16,6.145090239594E-13,-1.));
#12839 = ORIENTED_EDGE('',*,*,#12157,.F.);
#12840 = ORIENTED_EDGE('',*,*,#12800,.F.);
#12841 = ORIENTED_EDGE('',*,*,#12753,.F.);
#12842 = CONICAL_SURFACE('',#12843,0.,0.785398163397);
#12843 = AXIS2_PLACEMENT_3D('',#12844,#12845,#12846);
#12844 = CARTESIAN_POINT('',(25.59,189.58097853934,9.198747737362));
#12845 = DIRECTION('',(-4.694022948119E-13,-1.,-6.145084441304E-13));
#12846 = DIRECTION('',(-0.888544155565,1.351536538102E-13,0.458791111085
    ));
#12847 = ADVANCED_FACE('',(#12848),#12875,.T.);
#12848 = FACE_BOUND('',#12849,.T.);
#12849 = EDGE_LOOP('',(#12850,#12851,#12859,#12868,#12874));
#12850 = ORIENTED_EDGE('',*,*,#12833,.T.);
#12851 = ORIENTED_EDGE('',*,*,#12852,.T.);
#12852 = EDGE_CURVE('',#12825,#12853,#12855,.T.);
#12853 = VERTEX_POINT('',#12854);
#12854 = CARTESIAN_POINT('',(25.5900000007,179.20097853934,
    6.318747737362));
#12855 = LINE('',#12856,#12857);
#12856 = CARTESIAN_POINT('',(25.5900000007,182.70097853934,
    6.318747737362));
#12857 = VECTOR('',#12858,1.);
#12858 = DIRECTION('',(-4.440892098501E-16,-1.,1.110222341411E-16));
#12859 = ORIENTED_EDGE('',*,*,#12860,.F.);
#12860 = EDGE_CURVE('',#12861,#12853,#12863,.T.);
#12861 = VERTEX_POINT('',#12862);
#12862 = CARTESIAN_POINT('',(23.0239012103,179.20097853934,
    10.506240376562));
#12863 = CIRCLE('',#12864,2.88);
#12864 = AXIS2_PLACEMENT_3D('',#12865,#12866,#12867);
#12865 = CARTESIAN_POINT('',(25.59,179.20097853934,9.198747737362));
#12866 = DIRECTION('',(-4.4408920985E-16,-1.,1.110223024625E-16));
#12867 = DIRECTION('',(3.330669073875E-16,-1.110223024625E-16,-1.));
#12868 = ORIENTED_EDGE('',*,*,#12869,.F.);
#12869 = EDGE_CURVE('',#12167,#12861,#12870,.T.);
#12870 = LINE('',#12871,#12872);
#12871 = CARTESIAN_POINT('',(23.0239012103,182.70097853934,
    10.506240376662));
#12872 = VECTOR('',#12873,1.);
#12873 = DIRECTION('',(-4.440892098501E-16,-1.,1.110222341411E-16));
#12874 = ORIENTED_EDGE('',*,*,#12166,.T.);
#12875 = CYLINDRICAL_SURFACE('',#12876,2.88);
#12876 = AXIS2_PLACEMENT_3D('',#12877,#12878,#12879);
#12877 = CARTESIAN_POINT('',(25.59,182.70097853934,9.198747737362));
#12878 = DIRECTION('',(-4.4408920985E-16,-1.,1.110223024625E-16));
#12879 = DIRECTION('',(-0.891006524188,4.460894538751E-16,0.45399049974)
  );
#12880 = ADVANCED_FACE('',(#12881),#12891,.F.);
#12881 = FACE_BOUND('',#12882,.T.);
#12882 = EDGE_LOOP('',(#12883,#12884,#12885));
#12883 = ORIENTED_EDGE('',*,*,#12192,.F.);
#12884 = ORIENTED_EDGE('',*,*,#12869,.T.);
#12885 = ORIENTED_EDGE('',*,*,#12886,.F.);
#12886 = EDGE_CURVE('',#12193,#12861,#12887,.T.);
#12887 = LINE('',#12888,#12889);
#12888 = CARTESIAN_POINT('',(23.4637058976,179.20097853934,
    11.369405676162));
#12889 = VECTOR('',#12890,1.);
#12890 = DIRECTION('',(-0.45399049974,1.635655146841E-16,-0.891006524188
    ));
#12891 = PLANE('',#12892);
#12892 = AXIS2_PLACEMENT_3D('',#12893,#12894,#12895);
#12893 = CARTESIAN_POINT('',(23.0239012103,187.70097853934,
    10.506240376562));
#12894 = DIRECTION('',(0.891006524188,-4.460894538751E-16,-0.45399049974
    ));
#12895 = DIRECTION('',(0.45399049974,-1.026906864844E-16,0.891006524188)
  );
#12896 = ADVANCED_FACE('',(#12897),#12908,.F.);
#12897 = FACE_BOUND('',#12898,.F.);
#12898 = EDGE_LOOP('',(#12899,#12906,#12907));
#12899 = ORIENTED_EDGE('',*,*,#12900,.F.);
#12900 = EDGE_CURVE('',#12861,#12203,#12901,.T.);
#12901 = CIRCLE('',#12902,1.5);
#12902 = AXIS2_PLACEMENT_3D('',#12903,#12904,#12905);
#12903 = CARTESIAN_POINT('',(21.6873914243,179.20097853934,
    11.187226126662));
#12904 = DIRECTION('',(-0.45399049974,1.026906864844E-16,-0.891006524188
    ));
#12905 = DIRECTION('',(0.891006524188,-4.150721796738E-16,-0.45399049974
    ));
#12906 = ORIENTED_EDGE('',*,*,#12886,.F.);
#12907 = ORIENTED_EDGE('',*,*,#12202,.T.);
#12908 = CYLINDRICAL_SURFACE('',#12909,1.5);
#12909 = AXIS2_PLACEMENT_3D('',#12910,#12911,#12912);
#12910 = CARTESIAN_POINT('',(16.0120532163,179.20097853934,
    4.874773736203E-02));
#12911 = DIRECTION('',(-0.45399049974,1.026906864844E-16,-0.891006524188
    ));
#12912 = DIRECTION('',(0.891006524188,-4.460894538751E-16,-0.45399049974
    ));
#12913 = ADVANCED_FACE('',(#12914),#12937,.F.);
#12914 = FACE_BOUND('',#12915,.F.);
#12915 = EDGE_LOOP('',(#12916,#12925,#12934,#12935,#12936));
#12916 = ORIENTED_EDGE('',*,*,#12917,.T.);
#12917 = EDGE_CURVE('',#12244,#12918,#12920,.T.);
#12918 = VERTEX_POINT('',#12919);
#12919 = CARTESIAN_POINT('',(25.5899999995,177.70097853934,
    4.818747737362));
#12920 = CIRCLE('',#12921,4.38);
#12921 = AXIS2_PLACEMENT_3D('',#12922,#12923,#12924);
#12922 = CARTESIAN_POINT('',(25.59,177.70097853934,9.198747737362));
#12923 = DIRECTION('',(-4.162587896829E-16,-1.,9.667123093802E-17));
#12924 = DIRECTION('',(3.330669073875E-16,-9.667123093802E-17,-1.));
#12925 = ORIENTED_EDGE('',*,*,#12926,.T.);
#12926 = EDGE_CURVE('',#12918,#12853,#12927,.T.);
#12927 = B_SPLINE_CURVE_WITH_KNOTS('',5,(#12928,#12929,#12930,#12931,
    #12932,#12933),.UNSPECIFIED.,.F.,.F.,(6,6),(-1.1780972451,
    1.1780972451),.PIECEWISE_BEZIER_KNOTS.);
#12928 = CARTESIAN_POINT('',(25.5899999995,177.70097853934,
    4.818747737362));
#12929 = CARTESIAN_POINT('',(25.5899999997,177.70097853934,
    5.289986635402));
#12930 = CARTESIAN_POINT('',(25.5899999998,177.88550104544,
    5.761665202402));
#12931 = CARTESIAN_POINT('',(25.5899999999,178.25806107434,
    6.134225231292));
#12932 = CARTESIAN_POINT('',(25.5899999999,178.72973964134,
    6.318747737362));
#12933 = CARTESIAN_POINT('',(25.59,179.20097853934,6.318747737362));
#12934 = ORIENTED_EDGE('',*,*,#12860,.F.);
#12935 = ORIENTED_EDGE('',*,*,#12900,.T.);
#12936 = ORIENTED_EDGE('',*,*,#12243,.T.);
#12937 = TOROIDAL_SURFACE('',#12938,4.38,1.5);
#12938 = AXIS2_PLACEMENT_3D('',#12939,#12940,#12941);
#12939 = CARTESIAN_POINT('',(25.59,179.20097853934,9.198747737362));
#12940 = DIRECTION('',(-4.440892098501E-16,-1.,1.110223024625E-16));
#12941 = DIRECTION('',(-0.888790013894,4.455852018158E-16,0.458314642143
    ));
#12942 = ADVANCED_FACE('',(#12943),#12979,.F.);
#12943 = FACE_BOUND('',#12944,.T.);
#12944 = EDGE_LOOP('',(#12945,#12955,#12962,#12963,#12964,#12972));
#12945 = ORIENTED_EDGE('',*,*,#12946,.T.);
#12946 = EDGE_CURVE('',#12947,#12949,#12951,.T.);
#12947 = VERTEX_POINT('',#12948);
#12948 = CARTESIAN_POINT('',(27.2629199921,177.70097853934,
    -4.721252262188));
#12949 = VERTEX_POINT('',#12950);
#12950 = CARTESIAN_POINT('',(25.5899999998,177.70097853934,
    -4.721252262188));
#12951 = LINE('',#12952,#12953);
#12952 = CARTESIAN_POINT('',(26.426459996,177.70097853934,
    -4.721252262188));
#12953 = VECTOR('',#12954,1.);
#12954 = DIRECTION('',(-1.,4.440892098501E-16,-3.330669073875E-16));
#12955 = ORIENTED_EDGE('',*,*,#12956,.T.);
#12956 = EDGE_CURVE('',#12949,#12261,#12957,.T.);
#12957 = CIRCLE('',#12958,4.37999999979);
#12958 = AXIS2_PLACEMENT_3D('',#12959,#12960,#12961);
#12959 = CARTESIAN_POINT('',(25.5900000001,177.70097853934,
    -9.101252261988));
#12960 = DIRECTION('',(-4.440892098501E-16,-1.,1.110223024625E-16));
#12961 = DIRECTION('',(3.330669073875E-16,-1.110223024625E-16,-1.));
#12962 = ORIENTED_EDGE('',*,*,#12260,.F.);
#12963 = ORIENTED_EDGE('',*,*,#12917,.T.);
#12964 = ORIENTED_EDGE('',*,*,#12965,.F.);
#12965 = EDGE_CURVE('',#12966,#12918,#12968,.T.);
#12966 = VERTEX_POINT('',#12967);
#12967 = CARTESIAN_POINT('',(27.2629199921,177.70097853934,
    4.818747736912));
#12968 = LINE('',#12969,#12970);
#12969 = CARTESIAN_POINT('',(26.426459996,177.70097853934,4.818747736912
    ));
#12970 = VECTOR('',#12971,1.);
#12971 = DIRECTION('',(-1.,4.440892098501E-16,-3.330669073875E-16));
#12972 = ORIENTED_EDGE('',*,*,#12973,.T.);
#12973 = EDGE_CURVE('',#12966,#12947,#12974,.T.);
#12974 = CIRCLE('',#12975,16.9999999845);
#12975 = AXIS2_PLACEMENT_3D('',#12976,#12977,#12978);
#12976 = CARTESIAN_POINT('',(43.579999984505,177.70097853934,
    4.874773736204E-02));
#12977 = DIRECTION('',(-4.440892098501E-16,-1.,1.110223024625E-16));
#12978 = DIRECTION('',(3.330669073875E-16,-1.110223024625E-16,-1.));
#12979 = PLANE('',#12980);
#12980 = AXIS2_PLACEMENT_3D('',#12981,#12982,#12983);
#12981 = CARTESIAN_POINT('',(43.58,177.70097853934,4.874773736204E-02));
#12982 = DIRECTION('',(-4.440892098501E-16,-1.,1.110223024625E-16));
#12983 = DIRECTION('',(-1.,4.440892098501E-16,-4.555315873025E-16));
#12984 = ADVANCED_FACE('',(#12985),#13016,.F.);
#12985 = FACE_BOUND('',#12986,.F.);
#12986 = EDGE_LOOP('',(#12987,#12996,#13005,#13014,#13015));
#12987 = ORIENTED_EDGE('',*,*,#12988,.T.);
#12988 = EDGE_CURVE('',#12270,#12989,#12991,.T.);
#12989 = VERTEX_POINT('',#12990);
#12990 = CARTESIAN_POINT('',(23.0239012103,179.20097853934,
    -10.40874490183));
#12991 = CIRCLE('',#12992,1.5);
#12992 = AXIS2_PLACEMENT_3D('',#12993,#12994,#12995);
#12993 = CARTESIAN_POINT('',(21.687391424,179.20097853934,
    -11.08973065143));
#12994 = DIRECTION('',(-0.453990499737,3.00533878132E-16,0.89100652419)
  );
#12995 = DIRECTION('',(-0.89100652419,3.763005869228E-16,-0.453990499737
    ));
#12996 = ORIENTED_EDGE('',*,*,#12997,.F.);
#12997 = EDGE_CURVE('',#12998,#12989,#13000,.T.);
#12998 = VERTEX_POINT('',#12999);
#12999 = CARTESIAN_POINT('',(25.5899999998,179.20097853934,
    -6.221252262638));
#13000 = CIRCLE('',#13001,2.88);
#13001 = AXIS2_PLACEMENT_3D('',#13002,#13003,#13004);
#13002 = CARTESIAN_POINT('',(25.59,179.20097853934,-9.101252262638));
#13003 = DIRECTION('',(-4.689912946006E-16,-1.,5.347697990662E-17));
#13004 = DIRECTION('',(1.,-4.689912946006E-16,3.330669073875E-16));
#13005 = ORIENTED_EDGE('',*,*,#13006,.F.);
#13006 = EDGE_CURVE('',#12949,#12998,#13007,.T.);
#13007 = B_SPLINE_CURVE_WITH_KNOTS('',5,(#13008,#13009,#13010,#13011,
    #13012,#13013),.UNSPECIFIED.,.F.,.F.,(6,6),(-1.1780972451,
    1.1780972451),.PIECEWISE_BEZIER_KNOTS.);
#13008 = CARTESIAN_POINT('',(25.5899999995,177.70097853934,
    -4.721252262638));
#13009 = CARTESIAN_POINT('',(25.5899999997,177.70097853934,
    -5.192491160678));
#13010 = CARTESIAN_POINT('',(25.5899999998,177.88550104544,
    -5.664169727678));
#13011 = CARTESIAN_POINT('',(25.5899999999,178.25806107434,
    -6.036729756568));
#13012 = CARTESIAN_POINT('',(25.5899999999,178.72973964134,
    -6.221252262638));
#13013 = CARTESIAN_POINT('',(25.59,179.20097853934,-6.221252262638));
#13014 = ORIENTED_EDGE('',*,*,#12956,.T.);
#13015 = ORIENTED_EDGE('',*,*,#12269,.F.);
#13016 = TOROIDAL_SURFACE('',#13017,4.38,1.5);
#13017 = AXIS2_PLACEMENT_3D('',#13018,#13019,#13020);
#13018 = CARTESIAN_POINT('',(25.59,179.20097853934,-9.101252262638));
#13019 = DIRECTION('',(-4.440892098501E-16,-1.,1.110223024625E-16));
#13020 = DIRECTION('',(0.397147890635,-7.447786130666E-17,0.917754625684
    ));
#13021 = ADVANCED_FACE('',(#13022),#13032,.F.);
#13022 = FACE_BOUND('',#13023,.F.);
#13023 = EDGE_LOOP('',(#13024,#13030,#13031));
#13024 = ORIENTED_EDGE('',*,*,#13025,.T.);
#13025 = EDGE_CURVE('',#12287,#12989,#13026,.T.);
#13026 = LINE('',#13027,#13028);
#13027 = CARTESIAN_POINT('',(17.3485630033,179.20097853934,0.72973348613
    ));
#13028 = VECTOR('',#13029,1.);
#13029 = DIRECTION('',(-0.45399049974,3.005337330059E-16,0.891006524188)
  );
#13030 = ORIENTED_EDGE('',*,*,#12988,.F.);
#13031 = ORIENTED_EDGE('',*,*,#12286,.F.);
#13032 = CYLINDRICAL_SURFACE('',#13033,1.5);
#13033 = AXIS2_PLACEMENT_3D('',#13034,#13035,#13036);
#13034 = CARTESIAN_POINT('',(16.0120532163,179.20097853934,
    4.874773736204E-02));
#13035 = DIRECTION('',(-0.45399049974,3.00533878134E-16,0.891006524188)
  );
#13036 = DIRECTION('',(-1.399137219626E-15,-1.,-3.755989640074E-16));
#13037 = ADVANCED_FACE('',(#13038),#13048,.T.);
#13038 = FACE_BOUND('',#13039,.T.);
#13039 = EDGE_LOOP('',(#13040,#13041,#13047));
#13040 = ORIENTED_EDGE('',*,*,#13025,.T.);
#13041 = ORIENTED_EDGE('',*,*,#13042,.F.);
#13042 = EDGE_CURVE('',#12328,#12989,#13043,.T.);
#13043 = LINE('',#13044,#13045);
#13044 = CARTESIAN_POINT('',(23.0239012103,179.99954727704,
    -10.40874490183));
#13045 = VECTOR('',#13046,1.);
#13046 = DIRECTION('',(-4.440892098501E-16,-1.,4.270088556252E-17));
#13047 = ORIENTED_EDGE('',*,*,#12327,.T.);
#13048 = PLANE('',#13049);
#13049 = AXIS2_PLACEMENT_3D('',#13050,#13051,#13052);
#13050 = CARTESIAN_POINT('',(23.0239012103,187.70097853934,
    -10.40874490183));
#13051 = DIRECTION('',(-0.891006524188,3.452833127207E-16,-0.45399049974
    ));
#13052 = DIRECTION('',(0.45399049974,-3.005338781335E-16,-0.891006524188
    ));
#13053 = ADVANCED_FACE('',(#13054),#13074,.T.);
#13054 = FACE_BOUND('',#13055,.T.);
#13055 = EDGE_LOOP('',(#13056,#13057,#13058,#13066,#13073));
#13056 = ORIENTED_EDGE('',*,*,#13042,.T.);
#13057 = ORIENTED_EDGE('',*,*,#12997,.F.);
#13058 = ORIENTED_EDGE('',*,*,#13059,.F.);
#13059 = EDGE_CURVE('',#13060,#12998,#13062,.T.);
#13060 = VERTEX_POINT('',#13061);
#13061 = CARTESIAN_POINT('',(25.59,186.70097853934,-6.221252262638));
#13062 = LINE('',#13063,#13064);
#13063 = CARTESIAN_POINT('',(25.59,182.70097853934,-6.221252262638));
#13064 = VECTOR('',#13065,1.);
#13065 = DIRECTION('',(-4.440892098501E-16,-1.,1.110222341411E-16));
#13066 = ORIENTED_EDGE('',*,*,#13067,.T.);
#13067 = EDGE_CURVE('',#13060,#12338,#13068,.T.);
#13068 = CIRCLE('',#13069,2.88);
#13069 = AXIS2_PLACEMENT_3D('',#13070,#13071,#13072);
#13070 = CARTESIAN_POINT('',(25.59,186.70097853934,-9.101252262638));
#13071 = DIRECTION('',(-4.440892098501E-16,-1.,1.110223024625E-16));
#13072 = DIRECTION('',(3.330669073875E-16,-1.110223024625E-16,-1.));
#13073 = ORIENTED_EDGE('',*,*,#12337,.F.);
#13074 = CYLINDRICAL_SURFACE('',#13075,2.88);
#13075 = AXIS2_PLACEMENT_3D('',#13076,#13077,#13078);
#13076 = CARTESIAN_POINT('',(25.59,182.70097853934,-9.101252262638));
#13077 = DIRECTION('',(-4.440892098501E-16,-1.,1.110223024625E-16));
#13078 = DIRECTION('',(-2.718345674303E-16,1.110223024625E-16,1.));
#13079 = ADVANCED_FACE('',(#13080),#13117,.T.);
#13080 = FACE_BOUND('',#13081,.T.);
#13081 = EDGE_LOOP('',(#13082,#13090,#13091,#13092,#13100,#13109));
#13082 = ORIENTED_EDGE('',*,*,#13083,.T.);
#13083 = EDGE_CURVE('',#13084,#12364,#13086,.T.);
#13084 = VERTEX_POINT('',#13085);
#13085 = CARTESIAN_POINT('',(23.8534936386,187.63205173034,
    -9.986046794438));
#13086 = LINE('',#13087,#13088);
#13087 = CARTESIAN_POINT('',(-3.14992762171E+05,-3.533638096145E+05,
    -1.605190317733E+05));
#13088 = VECTOR('',#13089,1.);
#13089 = DIRECTION('',(-0.630036704341,-0.707106781186,-0.321019861042)
  );
#13090 = ORIENTED_EDGE('',*,*,#12363,.T.);
#13091 = ORIENTED_EDGE('',*,*,#13067,.F.);
#13092 = ORIENTED_EDGE('',*,*,#13093,.F.);
#13093 = EDGE_CURVE('',#13094,#13060,#13096,.T.);
#13094 = VERTEX_POINT('',#13095);
#13095 = CARTESIAN_POINT('',(25.5900000007,187.70097853934,
    -7.221252262638));
#13096 = LINE('',#13097,#13098);
#13097 = CARTESIAN_POINT('',(25.59013164163,-3.533638096145E+05,
    3.535442893407E+05));
#13098 = VECTOR('',#13099,1.);
#13099 = DIRECTION('',(2.632832448246E-10,-0.707106781187,0.707106781186
    ));
#13100 = ORIENTED_EDGE('',*,*,#13101,.T.);
#13101 = EDGE_CURVE('',#13094,#13102,#13104,.T.);
#13102 = VERTEX_POINT('',#13103);
#13103 = CARTESIAN_POINT('',(23.7336413161,187.70097853934,
    -8.804044529538));
#13104 = CIRCLE('',#13105,1.88);
#13105 = AXIS2_PLACEMENT_3D('',#13106,#13107,#13108);
#13106 = CARTESIAN_POINT('',(25.59,187.70097853934,-9.101252262638));
#13107 = DIRECTION('',(-7.571720866339E-13,-1.,1.404462079306E-13));
#13108 = DIRECTION('',(1.,-7.571720866339E-13,3.330669073876E-16));
#13109 = ORIENTED_EDGE('',*,*,#13110,.T.);
#13110 = EDGE_CURVE('',#13102,#13084,#13111,.T.);
#13111 = B_SPLINE_CURVE_WITH_KNOTS('',4,(#13112,#13113,#13114,#13115,
    #13116),.UNSPECIFIED.,.F.,.F.,(5,5),(0.,62.9875102006),
  .PIECEWISE_BEZIER_KNOTS.);
#13112 = CARTESIAN_POINT('',(23.733641316,187.70097853934,
    -8.804044529988));
#13113 = CARTESIAN_POINT('',(23.6868492553,187.70097853934,
    -9.096307613158));
#13114 = CARTESIAN_POINT('',(23.66899252,187.67046795174,-9.393023763318
    ));
#13115 = CARTESIAN_POINT('',(23.7140936737,187.63194075424,
    -9.712703512158));
#13116 = CARTESIAN_POINT('',(23.8534936386,187.63205173034,
    -9.986046794438));
#13117 = CONICAL_SURFACE('',#13118,0.,0.785398163397);
#13118 = AXIS2_PLACEMENT_3D('',#13119,#13120,#13121);
#13119 = CARTESIAN_POINT('',(25.59,189.58097853934,-9.101252262638));
#13120 = DIRECTION('',(-7.571721027949E-13,-1.,1.404432126156E-13));
#13121 = DIRECTION('',(5.39526804193E-03,1.363560220773E-13,
    0.999985445435));
#13122 = ADVANCED_FACE('',(#13123),#13163,.T.);
#13123 = FACE_BOUND('',#13124,.T.);
#13124 = EDGE_LOOP('',(#13125,#13126,#13127));
#13125 = ORIENTED_EDGE('',*,*,#12372,.F.);
#13126 = ORIENTED_EDGE('',*,*,#13083,.F.);
#13127 = ORIENTED_EDGE('',*,*,#13128,.F.);
#13128 = EDGE_CURVE('',#12373,#13084,#13129,.T.);
#13129 = B_SPLINE_CURVE_WITH_KNOTS('',5,(#13130,#13131,#13132,#13133,
    #13134,#13135,#13136,#13137,#13138,#13139,#13140,#13141,#13142,
    #13143,#13144,#13145,#13146,#13147,#13148,#13149,#13150,#13151,
    #13152,#13153,#13154,#13155,#13156,#13157,#13158,#13159,#13160,
    #13161,#13162),.UNSPECIFIED.,.F.,.F.,(6,3,3,3,3,3,3,3,3,3,6),(0.,
    0.474173355955,0.585029358808,0.689435277637,0.788261950831,
    0.887463791636,1.04818658371,1.30772459528,1.7281710218,
    2.40867202102,4.70848553927),.UNSPECIFIED.);
#13130 = CARTESIAN_POINT('',(24.4998918397,187.14263388974,
    -12.33271011803));
#13131 = CARTESIAN_POINT('',(24.5441354854,187.16056535944,
    -12.38004570603));
#13132 = CARTESIAN_POINT('',(24.589552299,187.18035529424,
    -12.42559014473));
#13133 = CARTESIAN_POINT('',(24.6322219597,187.20081676234,
    -12.46426381273));
#13134 = CARTESIAN_POINT('',(24.6923543745,187.23126720894,
    -12.51520745003));
#13135 = CARTESIAN_POINT('',(24.7559352345,187.27291988934,
    -12.54824400193));
#13136 = CARTESIAN_POINT('',(24.7682000612,187.28135253384,
    -12.55374058403));
#13137 = CARTESIAN_POINT('',(24.7919687119,187.29867273864,
    -12.56223815833));
#13138 = CARTESIAN_POINT('',(24.8153367654,187.31829341494,
    -12.56488229283));
#13139 = CARTESIAN_POINT('',(24.8269954771,187.32893799474,
    -12.56431710103));
#13140 = CARTESIAN_POINT('',(24.8469818348,187.34941343374,
    -12.55844150723));
#13141 = CARTESIAN_POINT('',(24.8619899417,187.36945842554,
    -12.54374368723));
#13142 = CARTESIAN_POINT('',(24.8680714881,187.37922849694,
    -12.53415896263));
#13143 = CARTESIAN_POINT('',(24.8769288151,187.39646993844,
    -12.51356490763));
#13144 = CARTESIAN_POINT('',(24.8812158923,187.41102047274,
    -12.48992846463));
#13145 = CARTESIAN_POINT('',(24.8825231551,187.41784026324,
    -12.47747223283));
#13146 = CARTESIAN_POINT('',(24.8840722005,187.43420902424,
    -12.44445711153));
#13147 = CARTESIAN_POINT('',(24.8817637952,187.44773656864,
    -12.41012963443));
#13148 = CARTESIAN_POINT('',(24.8793645392,187.45535330234,
    -12.38864353163));
#13149 = CARTESIAN_POINT('',(24.8711117391,187.47346288114,
    -12.33255672463));
#13150 = CARTESIAN_POINT('',(24.8587160791,187.48798207464,
    -12.27624760043));
#13151 = CARTESIAN_POINT('',(24.8500694159,187.49606111754,
    -12.24148194743));
#13152 = CARTESIAN_POINT('',(24.8253356618,187.51525202904,
    -12.15066760713));
#13153 = CARTESIAN_POINT('',(24.7960821459,187.53032904344,
    -12.06004437183));
#13154 = CARTESIAN_POINT('',(24.7769532266,187.53854207164,
    -12.00441100463));
#13155 = CARTESIAN_POINT('',(24.724398025,187.55771183234,
    -11.85904058783));
#13156 = CARTESIAN_POINT('',(24.6669897385,187.57203699964,
    -11.71481658943));
#13157 = CARTESIAN_POINT('',(24.6304580972,187.57976795084,
    -11.62609032303));
#13158 = CARTESIAN_POINT('',(24.4663804917,187.60931978474,
    -11.23897638343));
#13159 = CARTESIAN_POINT('',(24.286628435,187.62237096344,
    -10.85744541763));
#13160 = CARTESIAN_POINT('',(24.1460332274,187.62900854474,
    -10.56689125713));
#13161 = CARTESIAN_POINT('',(24.0012235427,187.63216931284,
    -10.27572405863));
#13162 = CARTESIAN_POINT('',(23.8534934985,187.63205173084,
    -9.986046518438));
#13163 = PLANE('',#13164);
#13164 = AXIS2_PLACEMENT_3D('',#13165,#13166,#13167);
#13165 = CARTESIAN_POINT('',(6.6911631124,187.70097853934,
    23.848747737462));
#13166 = DIRECTION('',(-0.630036755335,0.707106781187,-0.32101976096));
#13167 = DIRECTION('',(0.45399049974,6.628985131347E-13,-0.891006524188)
  );
#13168 = ADVANCED_FACE('',(#13169),#13190,.T.);
#13169 = FACE_BOUND('',#13170,.T.);
#13170 = EDGE_LOOP('',(#13171,#13180,#13187,#13188,#13189));
#13171 = ORIENTED_EDGE('',*,*,#13172,.T.);
#13172 = EDGE_CURVE('',#13102,#13173,#13175,.T.);
#13173 = VERTEX_POINT('',#13174);
#13174 = CARTESIAN_POINT('',(53.9985455479,187.70097853934,
    -19.02227196813));
#13175 = CIRCLE('',#13176,21.7313111418);
#13176 = AXIS2_PLACEMENT_3D('',#13177,#13178,#13179);
#13177 = CARTESIAN_POINT('',(43.58,187.70097853934,4.874773736204E-02));
#13178 = DIRECTION('',(-4.153439648689E-16,-1.,5.840448446692E-17));
#13179 = DIRECTION('',(1.,-4.153439648689E-16,3.330669073875E-16));
#13180 = ORIENTED_EDGE('',*,*,#13181,.T.);
#13181 = EDGE_CURVE('',#13173,#12382,#13182,.T.);
#13182 = CIRCLE('',#13183,1.2);
#13183 = AXIS2_PLACEMENT_3D('',#13184,#13185,#13186);
#13184 = CARTESIAN_POINT('',(53.9985455487,186.50097853934,
    -19.02227196773));
#13185 = DIRECTION('',(-0.87758256189,3.364980193331E-16,-0.479425538604
    ));
#13186 = DIRECTION('',(-0.479425538604,2.503812611678E-16,0.87758256189)
  );
#13187 = ORIENTED_EDGE('',*,*,#12381,.F.);
#13188 = ORIENTED_EDGE('',*,*,#13128,.T.);
#13189 = ORIENTED_EDGE('',*,*,#13110,.F.);
#13190 = TOROIDAL_SURFACE('',#13191,21.7313111418,1.2);
#13191 = AXIS2_PLACEMENT_3D('',#13192,#13193,#13194);
#13192 = CARTESIAN_POINT('',(43.58,186.50097853934,4.874773736204E-02));
#13193 = DIRECTION('',(-4.440892098501E-16,-1.,1.110223024625E-16));
#13194 = DIRECTION('',(-0.479425538604,3.103389452427E-16,0.87758256189)
  );
#13195 = ADVANCED_FACE('',(#13196),#13222,.F.);
#13196 = FACE_BOUND('',#13197,.F.);
#13197 = EDGE_LOOP('',(#13198,#13206,#13215,#13221));
#13198 = ORIENTED_EDGE('',*,*,#13199,.F.);
#13199 = EDGE_CURVE('',#13200,#12406,#13202,.T.);
#13200 = VERTEX_POINT('',#13201);
#13201 = CARTESIAN_POINT('',(20.08,162.90313276957,3.339682344452));
#13202 = LINE('',#13203,#13204);
#13203 = CARTESIAN_POINT('',(-3.53531435593E+05,-1.693387226545E+05,
    3.102739844967E+05));
#13204 = VECTOR('',#13205,1.);
#13205 = DIRECTION('',(-0.707106781187,-0.339005049421,0.620544580563));
#13206 = ORIENTED_EDGE('',*,*,#13207,.T.);
#13207 = EDGE_CURVE('',#13200,#13208,#13210,.T.);
#13208 = VERTEX_POINT('',#13209);
#13209 = CARTESIAN_POINT('',(20.08,166.49882430914,-3.242186869718));
#13210 = CIRCLE('',#13211,3.75);
#13211 = AXIS2_PLACEMENT_3D('',#13212,#13213,#13214);
#13212 = CARTESIAN_POINT('',(20.08,164.70097853934,4.874773736203E-02));
#13213 = DIRECTION('',(-1.,4.557085500432E-16,-4.768006468605E-16));
#13214 = DIRECTION('',(-4.768006468605E-16,4.270088556252E-17,1.));
#13215 = ORIENTED_EDGE('',*,*,#13216,.T.);
#13216 = EDGE_CURVE('',#13208,#12408,#13217,.T.);
#13217 = LINE('',#13218,#13219);
#13218 = CARTESIAN_POINT('',(-3.53531435593E+05,1.696681246115E+05,
    -3.102738870013E+05));
#13219 = VECTOR('',#13220,1.);
#13220 = DIRECTION('',(-0.707106781187,0.339005049421,-0.620544580563));
#13221 = ORIENTED_EDGE('',*,*,#12405,.F.);
#13222 = CONICAL_SURFACE('',#13223,3.75,0.785398163397);
#13223 = AXIS2_PLACEMENT_3D('',#13224,#13225,#13226);
#13224 = CARTESIAN_POINT('',(20.08,164.70097853934,4.874773736203E-02));
#13225 = DIRECTION('',(-1.,4.440892098501E-16,-4.555315873025E-16));
#13226 = DIRECTION('',(-6.126742860276E-16,-0.479425538604,0.87758256189
    ));
#13227 = ADVANCED_FACE('',(#13228),#13240,.F.);
#13228 = FACE_BOUND('',#13229,.F.);
#13229 = EDGE_LOOP('',(#13230,#13231,#13238,#13239));
#13230 = ORIENTED_EDGE('',*,*,#13216,.F.);
#13231 = ORIENTED_EDGE('',*,*,#13232,.T.);
#13232 = EDGE_CURVE('',#13208,#13200,#13233,.T.);
#13233 = CIRCLE('',#13234,3.75);
#13234 = AXIS2_PLACEMENT_3D('',#13235,#13236,#13237);
#13235 = CARTESIAN_POINT('',(20.08,164.70097853934,4.874773736203E-02));
#13236 = DIRECTION('',(-1.,4.557085500432E-16,-4.768006468605E-16));
#13237 = DIRECTION('',(-4.768006468605E-16,4.270088556252E-17,1.));
#13238 = ORIENTED_EDGE('',*,*,#13199,.T.);
#13239 = ORIENTED_EDGE('',*,*,#12448,.T.);
#13240 = CONICAL_SURFACE('',#13241,3.75,0.785398163397);
#13241 = AXIS2_PLACEMENT_3D('',#13242,#13243,#13244);
#13242 = CARTESIAN_POINT('',(20.08,164.70097853934,4.874773736203E-02));
#13243 = DIRECTION('',(-1.,4.440892098501E-16,-4.555315873025E-16));
#13244 = DIRECTION('',(6.126742860276E-16,0.479425538604,-0.87758256189)
  );
#13245 = ADVANCED_FACE('',(#13246),#13296,.T.);
#13246 = FACE_BOUND('',#13247,.T.);
#13247 = EDGE_LOOP('',(#13248,#13249,#13258,#13268,#13295));
#13248 = ORIENTED_EDGE('',*,*,#13181,.F.);
#13249 = ORIENTED_EDGE('',*,*,#13250,.T.);
#13250 = EDGE_CURVE('',#13173,#13251,#13253,.T.);
#13251 = VERTEX_POINT('',#13252);
#13252 = CARTESIAN_POINT('',(63.4263586843,187.70097853934,
    -8.804044529188));
#13253 = CIRCLE('',#13254,21.7313111418);
#13254 = AXIS2_PLACEMENT_3D('',#13255,#13256,#13257);
#13255 = CARTESIAN_POINT('',(43.58,187.70097853934,4.874773736204E-02));
#13256 = DIRECTION('',(-4.153439648689E-16,-1.,5.840448446692E-17));
#13257 = DIRECTION('',(1.,-4.153439648689E-16,3.330669073875E-16));
#13258 = ORIENTED_EDGE('',*,*,#13259,.T.);
#13259 = EDGE_CURVE('',#13251,#13260,#13262,.T.);
#13260 = VERTEX_POINT('',#13261);
#13261 = CARTESIAN_POINT('',(63.3065065021,187.63205173024,
    -9.986046518638));
#13262 = B_SPLINE_CURVE_WITH_KNOTS('',4,(#13263,#13264,#13265,#13266,
    #13267),.UNSPECIFIED.,.F.,.F.,(5,5),(0.,1.71051241229),
  .PIECEWISE_BEZIER_KNOTS.);
#13263 = CARTESIAN_POINT('',(63.426358684,187.70097853934,
    -8.804044529998));
#13264 = CARTESIAN_POINT('',(63.4733917948,187.70097853934,
    -9.097813211288));
#13265 = CARTESIAN_POINT('',(63.491032654,187.67000561944,
    -9.397331004418));
#13266 = CARTESIAN_POINT('',(63.4448067126,187.63194165374,
    -9.714859536758));
#13267 = CARTESIAN_POINT('',(63.3065065021,187.63205173024,
    -9.986046518638));
#13268 = ORIENTED_EDGE('',*,*,#13269,.T.);
#13269 = EDGE_CURVE('',#13260,#12496,#13270,.T.);
#13270 = B_SPLINE_CURVE_WITH_KNOTS('',5,(#13271,#13272,#13273,#13274,
    #13275,#13276,#13277,#13278,#13279,#13280,#13281,#13282,#13283,
    #13284,#13285,#13286,#13287,#13288,#13289,#13290,#13291,#13292,
    #13293,#13294),.UNSPECIFIED.,.F.,.F.,(6,3,3,3,3,3,3,6),(0.,
    2.44122345508,3.53682529041,3.78166590136,3.95263171642,
    4.07791702929,4.40616503778,4.65982532272),.UNSPECIFIED.);
#13271 = CARTESIAN_POINT('',(63.3065065021,187.63205173024,
    -9.986046518638));
#13272 = CARTESIAN_POINT('',(63.1487034346,187.63217732964,
    -10.29547582023));
#13273 = CARTESIAN_POINT('',(62.9942348271,187.62856226494,
    -10.60660047853));
#13274 = CARTESIAN_POINT('',(62.8451351757,187.62058219274,
    -10.91675484793));
#13275 = CARTESIAN_POINT('',(62.6303902135,187.60450551194,
    -11.37327607453));
#13276 = CARTESIAN_POINT('',(62.441868899,187.56074749954,
    -11.84061576023));
#13277 = CARTESIAN_POINT('',(62.3894125792,187.54231548524,
    -11.98395556263));
#13278 = CARTESIAN_POINT('',(62.3230493537,187.51886854274,
    -12.16543832663));
#13279 = CARTESIAN_POINT('',(62.2866029089,187.46907493584,
    -12.34671834833));
#13280 = CARTESIAN_POINT('',(62.2811601677,187.45882269124,
    -12.37996067463));
#13281 = CARTESIAN_POINT('',(62.2747829978,187.43900940104,
    -12.43613434713));
#13282 = CARTESIAN_POINT('',(62.2777857441,187.41223891904,
    -12.48921543313));
#13283 = CARTESIAN_POINT('',(62.2813134998,187.39901020114,
    -12.51147832253));
#13284 = CARTESIAN_POINT('',(62.2942982322,187.37282171044,
    -12.54376720663));
#13285 = CARTESIAN_POINT('',(62.3189146923,187.34301527954,
    -12.56101567883));
#13286 = CARTESIAN_POINT('',(62.3315702412,187.33013172944,
    -12.56451796053));
#13287 = CARTESIAN_POINT('',(62.3794743881,187.28685441104,
    -12.56570145953));
#13288 = CARTESIAN_POINT('',(62.432777766,187.25213788754,
    -12.53712926783));
#13289 = CARTESIAN_POINT('',(62.4676916651,187.23259295954,
    -12.51197451203));
#13290 = CARTESIAN_POINT('',(62.5282093661,187.20086418144,
    -12.46337691223));
#13291 = CARTESIAN_POINT('',(62.5863663833,187.17380536864,
    -12.40875449943));
#13292 = CARTESIAN_POINT('',(62.6113380629,187.16281313144,
    -12.38398032433));
#13293 = CARTESIAN_POINT('',(62.6358957918,187.15245082114,
    -12.35861061423));
#13294 = CARTESIAN_POINT('',(62.6601248762,187.14263164994,
    -12.33268702083));
#13295 = ORIENTED_EDGE('',*,*,#12495,.F.);
#13296 = TOROIDAL_SURFACE('',#13297,21.7313111418,1.2);
#13297 = AXIS2_PLACEMENT_3D('',#13298,#13299,#13300);
#13298 = CARTESIAN_POINT('',(43.58,186.50097853934,4.874773736204E-02));
#13299 = DIRECTION('',(-4.440892098501E-16,-1.,1.110223024625E-16));
#13300 = DIRECTION('',(0.479425538604,-3.103389452427E-16,-0.87758256189
    ));
#13301 = ADVANCED_FACE('',(#13302),#13312,.T.);
#13302 = FACE_BOUND('',#13303,.T.);
#13303 = EDGE_LOOP('',(#13304,#13310,#13311));
#13304 = ORIENTED_EDGE('',*,*,#13305,.F.);
#13305 = EDGE_CURVE('',#12505,#13260,#13306,.T.);
#13306 = LINE('',#13307,#13308);
#13307 = CARTESIAN_POINT('',(63.5825976476,187.32218739394,
    -10.12672198293));
#13308 = VECTOR('',#13309,1.);
#13309 = DIRECTION('',(-0.630036755335,0.707106781186,0.321019760961));
#13310 = ORIENTED_EDGE('',*,*,#12504,.T.);
#13311 = ORIENTED_EDGE('',*,*,#13269,.F.);
#13312 = PLANE('',#13313);
#13313 = AXIS2_PLACEMENT_3D('',#13314,#13315,#13316);
#13314 = CARTESIAN_POINT('',(81.4189545838,186.70097853934,
    23.510769444862));
#13315 = DIRECTION('',(0.630036755335,0.707106781187,-0.32101976096));
#13316 = DIRECTION('',(-0.45399049974,6.630095354372E-13,-0.891006524188
    ));
#13317 = ADVANCED_FACE('',(#13318),#13347,.T.);
#13318 = FACE_BOUND('',#13319,.T.);
#13319 = EDGE_LOOP('',(#13320,#13321,#13330,#13338,#13345,#13346));
#13320 = ORIENTED_EDGE('',*,*,#13259,.F.);
#13321 = ORIENTED_EDGE('',*,*,#13322,.T.);
#13322 = EDGE_CURVE('',#13251,#13323,#13325,.T.);
#13323 = VERTEX_POINT('',#13324);
#13324 = CARTESIAN_POINT('',(61.5700000002,187.70097853934,
    -7.221252262638));
#13325 = CIRCLE('',#13326,1.88);
#13326 = AXIS2_PLACEMENT_3D('',#13327,#13328,#13329);
#13327 = CARTESIAN_POINT('',(61.57,187.70097853934,-9.101252262638));
#13328 = DIRECTION('',(4.649587737651E-13,-1.,6.094211312836E-13));
#13329 = DIRECTION('',(3.330669073873E-16,-6.094211312836E-13,-1.));
#13330 = ORIENTED_EDGE('',*,*,#13331,.T.);
#13331 = EDGE_CURVE('',#13323,#13332,#13334,.T.);
#13332 = VERTEX_POINT('',#13333);
#13333 = CARTESIAN_POINT('',(61.5700000003,186.70097853934,
    -6.221252262638));
#13334 = LINE('',#13335,#13336);
#13335 = CARTESIAN_POINT('',(61.570037611716,-3.533638096145E+05,
    3.535442893407E+05));
#13336 = VECTOR('',#13337,1.);
#13337 = DIRECTION('',(7.522352947618E-11,-0.707106781186,0.707106781187
    ));
#13338 = ORIENTED_EDGE('',*,*,#13339,.F.);
#13339 = EDGE_CURVE('',#12514,#13332,#13340,.T.);
#13340 = CIRCLE('',#13341,2.88);
#13341 = AXIS2_PLACEMENT_3D('',#13342,#13343,#13344);
#13342 = CARTESIAN_POINT('',(61.57,186.70097853934,-9.101252262638));
#13343 = DIRECTION('',(4.649587737651E-13,-1.,6.094211312836E-13));
#13344 = DIRECTION('',(3.330669073873E-16,-6.094211312836E-13,-1.));
#13345 = ORIENTED_EDGE('',*,*,#12513,.F.);
#13346 = ORIENTED_EDGE('',*,*,#13305,.T.);
#13347 = CONICAL_SURFACE('',#13348,0.,0.785398163397);
#13348 = AXIS2_PLACEMENT_3D('',#13349,#13350,#13351);
#13349 = CARTESIAN_POINT('',(61.57,189.58097853934,-9.101252262638));
#13350 = DIRECTION('',(4.649614027131E-13,-1.,6.094014182166E-13));
#13351 = DIRECTION('',(0.132190359782,-5.425901085517E-13,-0.99122434836
    ));
#13352 = ADVANCED_FACE('',(#13353),#13372,.T.);
#13353 = FACE_BOUND('',#13354,.T.);
#13354 = EDGE_LOOP('',(#13355,#13356,#13364,#13371));
#13355 = ORIENTED_EDGE('',*,*,#13339,.T.);
#13356 = ORIENTED_EDGE('',*,*,#13357,.F.);
#13357 = EDGE_CURVE('',#13358,#13332,#13360,.T.);
#13358 = VERTEX_POINT('',#13359);
#13359 = CARTESIAN_POINT('',(61.57,183.20097853934,-6.221252262638));
#13360 = LINE('',#13361,#13362);
#13361 = CARTESIAN_POINT('',(61.57,184.70097853934,-6.221252262638));
#13362 = VECTOR('',#13363,1.);
#13363 = DIRECTION('',(4.440892098501E-16,1.,-1.110222341411E-16));
#13364 = ORIENTED_EDGE('',*,*,#13365,.T.);
#13365 = EDGE_CURVE('',#13358,#12523,#13366,.T.);
#13366 = CIRCLE('',#13367,2.88);
#13367 = AXIS2_PLACEMENT_3D('',#13368,#13369,#13370);
#13368 = CARTESIAN_POINT('',(61.57,183.20097853934,-9.101252262638));
#13369 = DIRECTION('',(4.440892098501E-16,1.,-1.110223024625E-16));
#13370 = DIRECTION('',(-3.330669073875E-16,1.110223024625E-16,1.));
#13371 = ORIENTED_EDGE('',*,*,#12522,.T.);
#13372 = CYLINDRICAL_SURFACE('',#13373,2.88);
#13373 = AXIS2_PLACEMENT_3D('',#13374,#13375,#13376);
#13374 = CARTESIAN_POINT('',(61.57,184.70097853934,-9.101252262638));
#13375 = DIRECTION('',(4.440892098501E-16,1.,-1.110223024625E-16));
#13376 = DIRECTION('',(-6.392286071745E-16,1.110223024625E-16,1.));
#13377 = ADVANCED_FACE('',(#13378),#13398,.F.);
#13378 = FACE_BOUND('',#13379,.F.);
#13379 = EDGE_LOOP('',(#13380,#13389,#13396,#13397));
#13380 = ORIENTED_EDGE('',*,*,#13381,.F.);
#13381 = EDGE_CURVE('',#13382,#12533,#13384,.T.);
#13382 = VERTEX_POINT('',#13383);
#13383 = CARTESIAN_POINT('',(61.5700000005,181.70097853934,
    -4.721252262638));
#13384 = CIRCLE('',#13385,4.38);
#13385 = AXIS2_PLACEMENT_3D('',#13386,#13387,#13388);
#13386 = CARTESIAN_POINT('',(61.57,181.70097853934,-9.101252262638));
#13387 = DIRECTION('',(4.293511338602E-16,1.,-4.604369145702E-17));
#13388 = DIRECTION('',(-1.,4.293511338602E-16,-3.330669073875E-16));
#13389 = ORIENTED_EDGE('',*,*,#13390,.F.);
#13390 = EDGE_CURVE('',#13358,#13382,#13391,.T.);
#13391 = CIRCLE('',#13392,1.5);
#13392 = AXIS2_PLACEMENT_3D('',#13393,#13394,#13395);
#13393 = CARTESIAN_POINT('',(61.5700000003,183.20097853934,
    -4.721252262638));
#13394 = DIRECTION('',(-1.,4.440892098577E-16,6.94441171234E-11));
#13395 = DIRECTION('',(6.94441171234E-11,4.270088553168E-17,1.));
#13396 = ORIENTED_EDGE('',*,*,#13365,.T.);
#13397 = ORIENTED_EDGE('',*,*,#12532,.T.);
#13398 = TOROIDAL_SURFACE('',#13399,4.38,1.5);
#13399 = AXIS2_PLACEMENT_3D('',#13400,#13401,#13402);
#13400 = CARTESIAN_POINT('',(61.57,183.20097853934,-9.101252262638));
#13401 = DIRECTION('',(4.440892098501E-16,1.,-1.110223024625E-16));
#13402 = DIRECTION('',(-0.221195938,2.065029412877E-16,0.975229386869));
#13403 = ADVANCED_FACE('',(#13404),#13440,.T.);
#13404 = FACE_BOUND('',#13405,.T.);
#13405 = EDGE_LOOP('',(#13406,#13417,#13425,#13432,#13433,#13434));
#13406 = ORIENTED_EDGE('',*,*,#13407,.F.);
#13407 = EDGE_CURVE('',#13408,#13410,#13412,.T.);
#13408 = VERTEX_POINT('',#13409);
#13409 = CARTESIAN_POINT('',(59.8970800079,181.70097853934,
    4.818747736912));
#13410 = VERTEX_POINT('',#13411);
#13411 = CARTESIAN_POINT('',(59.8970800079,181.70097853934,
    -4.721252262188));
#13412 = CIRCLE('',#13413,16.9999999845);
#13413 = AXIS2_PLACEMENT_3D('',#13414,#13415,#13416);
#13414 = CARTESIAN_POINT('',(43.580000015495,181.70097853934,
    4.874773736204E-02));
#13415 = DIRECTION('',(4.440892098501E-16,1.,-1.110223024625E-16));
#13416 = DIRECTION('',(-3.330669073875E-16,1.110223024625E-16,1.));
#13417 = ORIENTED_EDGE('',*,*,#13418,.T.);
#13418 = EDGE_CURVE('',#13408,#13419,#13421,.T.);
#13419 = VERTEX_POINT('',#13420);
#13420 = CARTESIAN_POINT('',(61.5700000002,181.70097853934,
    4.818747736912));
#13421 = LINE('',#13422,#13423);
#13422 = CARTESIAN_POINT('',(60.733540004,181.70097853934,4.818747736912
    ));
#13423 = VECTOR('',#13424,1.);
#13424 = DIRECTION('',(1.,-4.440892098501E-16,3.330669073875E-16));
#13425 = ORIENTED_EDGE('',*,*,#13426,.F.);
#13426 = EDGE_CURVE('',#12565,#13419,#13427,.T.);
#13427 = CIRCLE('',#13428,4.37999999755);
#13428 = AXIS2_PLACEMENT_3D('',#13429,#13430,#13431);
#13429 = CARTESIAN_POINT('',(61.5700000007,181.70097853934,
    9.198747734462));
#13430 = DIRECTION('',(4.440892098501E-16,1.,-1.110223024625E-16));
#13431 = DIRECTION('',(-3.330669073875E-16,1.110223024625E-16,1.));
#13432 = ORIENTED_EDGE('',*,*,#12564,.F.);
#13433 = ORIENTED_EDGE('',*,*,#13381,.F.);
#13434 = ORIENTED_EDGE('',*,*,#13435,.F.);
#13435 = EDGE_CURVE('',#13410,#13382,#13436,.T.);
#13436 = LINE('',#13437,#13438);
#13437 = CARTESIAN_POINT('',(60.733540004,181.70097853934,
    -4.721252262188));
#13438 = VECTOR('',#13439,1.);
#13439 = DIRECTION('',(1.,-4.440892098501E-16,3.330669073875E-16));
#13440 = PLANE('',#13441);
#13441 = AXIS2_PLACEMENT_3D('',#13442,#13443,#13444);
#13442 = CARTESIAN_POINT('',(43.58,181.70097853934,4.874773736204E-02));
#13443 = DIRECTION('',(4.440892098501E-16,1.,-1.110223024625E-16));
#13444 = DIRECTION('',(1.,-4.440892098501E-16,4.555315873025E-16));
#13445 = ADVANCED_FACE('',(#13446),#13466,.F.);
#13446 = FACE_BOUND('',#13447,.F.);
#13447 = EDGE_LOOP('',(#13448,#13457,#13464,#13465));
#13448 = ORIENTED_EDGE('',*,*,#13449,.T.);
#13449 = EDGE_CURVE('',#12574,#13450,#13452,.T.);
#13450 = VERTEX_POINT('',#13451);
#13451 = CARTESIAN_POINT('',(61.5700000005,183.20097853934,
    6.318747737362));
#13452 = CIRCLE('',#13453,2.88);
#13453 = AXIS2_PLACEMENT_3D('',#13454,#13455,#13456);
#13454 = CARTESIAN_POINT('',(61.57,183.20097853934,9.198747737362));
#13455 = DIRECTION('',(4.773764875538E-16,1.,-8.453695360572E-17));
#13456 = DIRECTION('',(-3.330669073875E-16,8.453695360572E-17,1.));
#13457 = ORIENTED_EDGE('',*,*,#13458,.T.);
#13458 = EDGE_CURVE('',#13450,#13419,#13459,.T.);
#13459 = CIRCLE('',#13460,1.5);
#13460 = AXIS2_PLACEMENT_3D('',#13461,#13462,#13463);
#13461 = CARTESIAN_POINT('',(61.5700000008,183.20097853934,
    4.818747737362));
#13462 = DIRECTION('',(1.,-4.440892098307E-16,1.736121801879E-10));
#13463 = DIRECTION('',(1.736121801879E-10,-4.270088563962E-17,-1.));
#13464 = ORIENTED_EDGE('',*,*,#13426,.F.);
#13465 = ORIENTED_EDGE('',*,*,#12573,.F.);
#13466 = TOROIDAL_SURFACE('',#13467,4.38,1.5);
#13467 = AXIS2_PLACEMENT_3D('',#13468,#13469,#13470);
#13468 = CARTESIAN_POINT('',(61.57,183.20097853934,9.198747737362));
#13469 = DIRECTION('',(4.440892098501E-16,1.,-1.110223024625E-16));
#13470 = DIRECTION('',(0.78252279613,-2.783850094718E-16,0.622621934674)
  );
#13471 = ADVANCED_FACE('',(#13472),#13491,.T.);
#13472 = FACE_BOUND('',#13473,.T.);
#13473 = EDGE_LOOP('',(#13474,#13475,#13483,#13490));
#13474 = ORIENTED_EDGE('',*,*,#13449,.T.);
#13475 = ORIENTED_EDGE('',*,*,#13476,.T.);
#13476 = EDGE_CURVE('',#13450,#13477,#13479,.T.);
#13477 = VERTEX_POINT('',#13478);
#13478 = CARTESIAN_POINT('',(61.5700000005,186.70097853934,
    6.318747737362));
#13479 = LINE('',#13480,#13481);
#13480 = CARTESIAN_POINT('',(61.5700000005,184.70097853934,
    6.318747737362));
#13481 = VECTOR('',#13482,1.);
#13482 = DIRECTION('',(4.440892098501E-16,1.,-1.110222341411E-16));
#13483 = ORIENTED_EDGE('',*,*,#13484,.F.);
#13484 = EDGE_CURVE('',#12606,#13477,#13485,.T.);
#13485 = CIRCLE('',#13486,2.88);
#13486 = AXIS2_PLACEMENT_3D('',#13487,#13488,#13489);
#13487 = CARTESIAN_POINT('',(61.57,186.70097853934,9.198747737362));
#13488 = DIRECTION('',(4.440892098502E-16,1.,-1.110223024625E-16));
#13489 = DIRECTION('',(-3.330669073875E-16,1.110223024625E-16,1.));
#13490 = ORIENTED_EDGE('',*,*,#12605,.F.);
#13491 = CYLINDRICAL_SURFACE('',#13492,2.88);
#13492 = AXIS2_PLACEMENT_3D('',#13493,#13494,#13495);
#13493 = CARTESIAN_POINT('',(61.57,184.70097853934,9.198747737362));
#13494 = DIRECTION('',(4.440892098502E-16,1.,-1.110223024625E-16));
#13495 = DIRECTION('',(0.891006524188,-3.452833127208E-16,0.45399049974)
  );
#13496 = ADVANCED_FACE('',(#13497),#13534,.T.);
#13497 = FACE_BOUND('',#13498,.T.);
#13498 = EDGE_LOOP('',(#13499,#13511,#13517,#13518,#13519,#13527));
#13499 = ORIENTED_EDGE('',*,*,#13500,.T.);
#13500 = EDGE_CURVE('',#13501,#13503,#13505,.T.);
#13501 = VERTEX_POINT('',#13502);
#13502 = CARTESIAN_POINT('',(63.4263586839,187.70097853934,
    8.901540004262));
#13503 = VERTEX_POINT('',#13504);
#13504 = CARTESIAN_POINT('',(63.3065065021,187.63205173024,
    10.083541993362));
#13505 = B_SPLINE_CURVE_WITH_KNOTS('',4,(#13506,#13507,#13508,#13509,
    #13510),.UNSPECIFIED.,.F.,.F.,(5,5),(0.,62.987494329),
  .PIECEWISE_BEZIER_KNOTS.);
#13506 = CARTESIAN_POINT('',(63.426358684,187.70097853934,8.901540004722
    ));
#13507 = CARTESIAN_POINT('',(63.4731507329,187.70097853934,
    9.193803014242));
#13508 = CARTESIAN_POINT('',(63.4910074649,187.67046797164,
    9.490519087152));
#13509 = CARTESIAN_POINT('',(63.4459063668,187.63194077844,
    9.810198746722));
#13510 = CARTESIAN_POINT('',(63.3065065021,187.63205173024,
    10.083541993362));
#13511 = ORIENTED_EDGE('',*,*,#13512,.T.);
#13512 = EDGE_CURVE('',#13503,#12616,#13513,.T.);
#13513 = LINE('',#13514,#13515);
#13514 = CARTESIAN_POINT('',(3.1507994767E+05,-3.533638096145E+05,
    1.605190792227E+05));
#13515 = VECTOR('',#13516,1.);
#13516 = DIRECTION('',(0.63003675534,-0.707106781186,0.321019760951));
#13517 = ORIENTED_EDGE('',*,*,#12615,.T.);
#13518 = ORIENTED_EDGE('',*,*,#13484,.T.);
#13519 = ORIENTED_EDGE('',*,*,#13520,.F.);
#13520 = EDGE_CURVE('',#13521,#13477,#13523,.T.);
#13521 = VERTEX_POINT('',#13522);
#13522 = CARTESIAN_POINT('',(61.5699999995,187.70097853934,
    7.318747737372));
#13523 = LINE('',#13524,#13525);
#13524 = CARTESIAN_POINT('',(61.569905970053,-3.533638096145E+05,
    -3.535441918453E+05));
#13525 = VECTOR('',#13526,1.);
#13526 = DIRECTION('',(-1.880598497166E-10,-0.707106781187,
    -0.707106781186));
#13527 = ORIENTED_EDGE('',*,*,#13528,.T.);
#13528 = EDGE_CURVE('',#13521,#13501,#13529,.T.);
#13529 = CIRCLE('',#13530,1.88);
#13530 = AXIS2_PLACEMENT_3D('',#13531,#13532,#13533);
#13531 = CARTESIAN_POINT('',(61.57,187.70097853934,9.198747737362));
#13532 = DIRECTION('',(7.598313775141E-13,-1.,-1.402247964964E-13));
#13533 = DIRECTION('',(1.,7.598313775141E-13,3.330669073875E-16));
#13534 = CONICAL_SURFACE('',#13535,0.,0.785398163397);
#13535 = AXIS2_PLACEMENT_3D('',#13536,#13537,#13538);
#13536 = CARTESIAN_POINT('',(61.57,189.58097853934,9.198747737362));
#13537 = DIRECTION('',(7.598366380531E-13,-1.,-1.402211680104E-13));
#13538 = DIRECTION('',(-0.823174193825,-5.458618877871E-13,
    -0.567788910266));
#13539 = ADVANCED_FACE('',(#13540),#13574,.F.);
#13540 = FACE_BOUND('',#13541,.T.);
#13541 = EDGE_LOOP('',(#13542,#13572,#13573));
#13542 = ORIENTED_EDGE('',*,*,#13543,.T.);
#13543 = EDGE_CURVE('',#13503,#12625,#13544,.T.);
#13544 = B_SPLINE_CURVE_WITH_KNOTS('',5,(#13545,#13546,#13547,#13548,
    #13549,#13550,#13551,#13552,#13553,#13554,#13555,#13556,#13557,
    #13558,#13559,#13560,#13561,#13562,#13563,#13564,#13565,#13566,
    #13567,#13568,#13569,#13570,#13571),.UNSPECIFIED.,.F.,.F.,(6,3,3,3,3
    ,3,3,3,6),(0.,2.47423622152,3.21602645683,3.59200178452,
    3.83130021782,4.00145549811,4.04912196577,4.24994021981,
    4.71097368471),.UNSPECIFIED.);
#13545 = CARTESIAN_POINT('',(63.3065065019,187.63205173084,
    10.083541992462));
#13546 = CARTESIAN_POINT('',(63.1474935411,187.63217829324,
    10.395343722262));
#13547 = CARTESIAN_POINT('',(62.9918641729,187.62850659624,
    10.708871162562));
#13548 = CARTESIAN_POINT('',(62.8461498231,187.62071651554,
    11.012010803662));
#13549 = CARTESIAN_POINT('',(62.6523816969,187.60631427334,
    11.424025827962));
#13550 = CARTESIAN_POINT('',(62.4801406647,187.56917109944,
    11.843882757562));
#13551 = CARTESIAN_POINT('',(62.4417473377,187.55915874874,
    11.941288001762));
#13552 = CARTESIAN_POINT('',(62.3862177676,187.54171792394,
    12.088687637162));
#13553 = CARTESIAN_POINT('',(62.3383460598,187.51679919114,
    12.237529378962));
#13554 = CARTESIAN_POINT('',(62.3233430482,187.50726194154,
    12.287982044462));
#13555 = CARTESIAN_POINT('',(62.3010677105,187.48972308404,
    12.370332509362));
#13556 = CARTESIAN_POINT('',(62.2851757483,187.46653028534,
    12.452608770162));
#13557 = CARTESIAN_POINT('',(62.2802488866,187.45641085964,
    12.484568230762));
#13558 = CARTESIAN_POINT('',(62.2745975556,187.43661905314,
    12.539254792362));
#13559 = CARTESIAN_POINT('',(62.2783501372,187.40981576914,
    12.590929242162));
#13560 = CARTESIAN_POINT('',(62.282107508,187.39635721824,
    12.613199992162));
#13561 = CARTESIAN_POINT('',(62.2926438248,187.37654778764,
    12.636155326362));
#13562 = CARTESIAN_POINT('',(62.3095097186,187.35494563604,
    12.650636973462));
#13563 = CARTESIAN_POINT('',(62.3135394363,187.35010099944,
    12.653399435962));
#13564 = CARTESIAN_POINT('',(62.3356631764,187.32508223274,
    12.665087720062));
#13565 = CARTESIAN_POINT('',(62.3635333991,187.30112394354,
    12.663161994762));
#13566 = CARTESIAN_POINT('',(62.3879191519,187.28345090234,
    12.654230478162));
#13567 = CARTESIAN_POINT('',(62.4609339698,187.23453855874,
    12.618669523762));
#13568 = CARTESIAN_POINT('',(62.528689576,187.20033964344,
    12.561021242662));
#13569 = CARTESIAN_POINT('',(62.5729317637,187.17926314644,
    12.520616034162));
#13570 = CARTESIAN_POINT('',(62.6170714718,187.16007835864,
    12.476245105462));
#13571 = CARTESIAN_POINT('',(62.6601238528,187.14263075514,
    12.430181699262));
#13572 = ORIENTED_EDGE('',*,*,#12624,.F.);
#13573 = ORIENTED_EDGE('',*,*,#13512,.F.);
#13574 = PLANE('',#13575);
#13575 = AXIS2_PLACEMENT_3D('',#13576,#13577,#13578);
#13576 = CARTESIAN_POINT('',(81.4189545838,186.70097853934,
    -23.41327397013));
#13577 = DIRECTION('',(-0.630036755335,-0.707106781187,-0.32101976096));
#13578 = DIRECTION('',(-0.45399049974,6.63124111902E-13,0.891006524188)
  );
#13579 = ADVANCED_FACE('',(#13580),#13593,.T.);
#13580 = FACE_BOUND('',#13581,.T.);
#13581 = EDGE_LOOP('',(#13582,#13589,#13590,#13591,#13592));
#13582 = ORIENTED_EDGE('',*,*,#13583,.T.);
#13583 = EDGE_CURVE('',#13501,#12736,#13584,.T.);
#13584 = CIRCLE('',#13585,21.7313111418);
#13585 = AXIS2_PLACEMENT_3D('',#13586,#13587,#13588);
#13586 = CARTESIAN_POINT('',(43.58,187.70097853934,4.874773736204E-02));
#13587 = DIRECTION('',(-4.153439648689E-16,-1.,5.840448446692E-17));
#13588 = DIRECTION('',(1.,-4.153439648689E-16,3.330669073875E-16));
#13589 = ORIENTED_EDGE('',*,*,#12735,.T.);
#13590 = ORIENTED_EDGE('',*,*,#12633,.F.);
#13591 = ORIENTED_EDGE('',*,*,#13543,.F.);
#13592 = ORIENTED_EDGE('',*,*,#13500,.F.);
#13593 = TOROIDAL_SURFACE('',#13594,21.7313111418,1.2);
#13594 = AXIS2_PLACEMENT_3D('',#13595,#13596,#13597);
#13595 = CARTESIAN_POINT('',(43.58,186.50097853934,4.874773736204E-02));
#13596 = DIRECTION('',(-4.440892098501E-16,-1.,1.110223024625E-16));
#13597 = DIRECTION('',(0.479425538604,-3.103389452427E-16,-0.87758256189
    ));
#13598 = ADVANCED_FACE('',(#13599),#13625,.F.);
#13599 = FACE_BOUND('',#13600,.F.);
#13600 = EDGE_LOOP('',(#13601,#13609,#13618,#13624));
#13601 = ORIENTED_EDGE('',*,*,#13602,.F.);
#13602 = EDGE_CURVE('',#13603,#12648,#13605,.T.);
#13603 = VERTEX_POINT('',#13604);
#13604 = CARTESIAN_POINT('',(67.08,162.90313276957,3.339682344452));
#13605 = LINE('',#13606,#13607);
#13606 = CARTESIAN_POINT('',(3.53618595593E+05,-1.693387226545E+05,
    3.102739844967E+05));
#13607 = VECTOR('',#13608,1.);
#13608 = DIRECTION('',(0.707106781187,-0.339005049421,0.620544580563));
#13609 = ORIENTED_EDGE('',*,*,#13610,.T.);
#13610 = EDGE_CURVE('',#13603,#13611,#13613,.T.);
#13611 = VERTEX_POINT('',#13612);
#13612 = CARTESIAN_POINT('',(67.08,166.49882430914,-3.242186869728));
#13613 = CIRCLE('',#13614,3.75);
#13614 = AXIS2_PLACEMENT_3D('',#13615,#13616,#13617);
#13615 = CARTESIAN_POINT('',(67.08,164.70097853934,4.874773736205E-02));
#13616 = DIRECTION('',(1.,-4.557085500432E-16,4.768006468605E-16));
#13617 = DIRECTION('',(4.768006468605E-16,-4.270088556252E-17,-1.));
#13618 = ORIENTED_EDGE('',*,*,#13619,.T.);
#13619 = EDGE_CURVE('',#13611,#12646,#13620,.T.);
#13620 = LINE('',#13621,#13622);
#13621 = CARTESIAN_POINT('',(3.53618595593E+05,1.696681246115E+05,
    -3.102738870013E+05));
#13622 = VECTOR('',#13623,1.);
#13623 = DIRECTION('',(0.707106781187,0.339005049421,-0.620544580563));
#13624 = ORIENTED_EDGE('',*,*,#12645,.T.);
#13625 = CONICAL_SURFACE('',#13626,3.75,0.785398163397);
#13626 = AXIS2_PLACEMENT_3D('',#13627,#13628,#13629);
#13627 = CARTESIAN_POINT('',(67.08,164.70097853934,4.874773736205E-02));
#13628 = DIRECTION('',(1.,-4.440892098501E-16,4.555315873025E-16));
#13629 = DIRECTION('',(-6.126742860276E-16,-0.479425538604,0.87758256189
    ));
#13630 = ADVANCED_FACE('',(#13631),#13643,.F.);
#13631 = FACE_BOUND('',#13632,.F.);
#13632 = EDGE_LOOP('',(#13633,#13634,#13641,#13642));
#13633 = ORIENTED_EDGE('',*,*,#13619,.F.);
#13634 = ORIENTED_EDGE('',*,*,#13635,.T.);
#13635 = EDGE_CURVE('',#13611,#13603,#13636,.T.);
#13636 = CIRCLE('',#13637,3.75);
#13637 = AXIS2_PLACEMENT_3D('',#13638,#13639,#13640);
#13638 = CARTESIAN_POINT('',(67.08,164.70097853934,4.874773736205E-02));
#13639 = DIRECTION('',(1.,-4.557085500432E-16,4.768006468605E-16));
#13640 = DIRECTION('',(4.768006468605E-16,-4.270088556252E-17,-1.));
#13641 = ORIENTED_EDGE('',*,*,#13602,.T.);
#13642 = ORIENTED_EDGE('',*,*,#12688,.T.);
#13643 = CONICAL_SURFACE('',#13644,3.75,0.785398163397);
#13644 = AXIS2_PLACEMENT_3D('',#13645,#13646,#13647);
#13645 = CARTESIAN_POINT('',(67.08,164.70097853934,4.874773736205E-02));
#13646 = DIRECTION('',(1.,-4.440892098501E-16,4.555315873025E-16));
#13647 = DIRECTION('',(6.126742860276E-16,0.479425538604,-0.87758256189)
  );
#13648 = ADVANCED_FACE('',(#13649),#13687,.F.);
#13649 = FACE_BOUND('',#13650,.T.);
#13650 = EDGE_LOOP('',(#13651,#13652,#13653,#13654,#13662,#13671,#13680,
    #13686));
#13651 = ORIENTED_EDGE('',*,*,#12744,.F.);
#13652 = ORIENTED_EDGE('',*,*,#13583,.F.);
#13653 = ORIENTED_EDGE('',*,*,#13528,.F.);
#13654 = ORIENTED_EDGE('',*,*,#13655,.F.);
#13655 = EDGE_CURVE('',#13656,#13521,#13658,.T.);
#13656 = VERTEX_POINT('',#13657);
#13657 = CARTESIAN_POINT('',(60.0894196294,187.70097853934,
    7.318747736912));
#13658 = LINE('',#13659,#13660);
#13659 = CARTESIAN_POINT('',(60.8297098148,187.70097853934,
    7.318747736912));
#13660 = VECTOR('',#13661,1.);
#13661 = DIRECTION('',(1.,-4.440892098501E-16,3.330669073875E-16));
#13662 = ORIENTED_EDGE('',*,*,#13663,.T.);
#13663 = EDGE_CURVE('',#13656,#13664,#13666,.T.);
#13664 = VERTEX_POINT('',#13665);
#13665 = CARTESIAN_POINT('',(34.93153220966,187.70097853934,
    15.879661839862));
#13666 = CIRCLE('',#13667,18.0392304839);
#13667 = AXIS2_PLACEMENT_3D('',#13668,#13669,#13670);
#13668 = CARTESIAN_POINT('',(43.580000001112,187.70097853934,
    4.87477376833E-02));
#13669 = DIRECTION('',(-4.440892098501E-16,-1.,1.110223024625E-16));
#13670 = DIRECTION('',(3.330669073875E-16,-1.110223024625E-16,-1.));
#13671 = ORIENTED_EDGE('',*,*,#13672,.T.);
#13672 = EDGE_CURVE('',#13664,#13673,#13675,.T.);
#13673 = VERTEX_POINT('',#13674);
#13674 = CARTESIAN_POINT('',(27.0705803706,187.70097853934,
    7.318747736912));
#13675 = CIRCLE('',#13676,18.0392304947);
#13676 = AXIS2_PLACEMENT_3D('',#13677,#13678,#13679);
#13677 = CARTESIAN_POINT('',(43.580000006588,187.70097853934,
    4.874772836655E-02));
#13678 = DIRECTION('',(-4.440892098501E-16,-1.,1.110223024625E-16));
#13679 = DIRECTION('',(3.330669073875E-16,-1.110223024625E-16,-1.));
#13680 = ORIENTED_EDGE('',*,*,#13681,.T.);
#13681 = EDGE_CURVE('',#13673,#12816,#13682,.T.);
#13682 = LINE('',#13683,#13684);
#13683 = CARTESIAN_POINT('',(26.3302903342,187.70097853934,
    7.318747736912));
#13684 = VECTOR('',#13685,1.);
#13685 = DIRECTION('',(-1.,4.440892098501E-16,-3.330669073875E-16));
#13686 = ORIENTED_EDGE('',*,*,#12815,.F.);
#13687 = PLANE('',#13688);
#13688 = AXIS2_PLACEMENT_3D('',#13689,#13690,#13691);
#13689 = CARTESIAN_POINT('',(43.58,187.70097853934,4.874773736204E-02));
#13690 = DIRECTION('',(-4.440892098501E-16,-1.,1.110223024625E-16));
#13691 = DIRECTION('',(1.,-4.440892098501E-16,4.555315873025E-16));
#13692 = ADVANCED_FACE('',(#13693),#13742,.F.);
#13693 = FACE_BOUND('',#13694,.T.);
#13694 = EDGE_LOOP('',(#13695,#13703,#13704,#13705,#13719,#13733));
#13695 = ORIENTED_EDGE('',*,*,#13696,.T.);
#13696 = EDGE_CURVE('',#13697,#12825,#13699,.T.);
#13697 = VERTEX_POINT('',#13698);
#13698 = CARTESIAN_POINT('',(27.7785095637,186.70097853934,
    6.318747737352));
#13699 = LINE('',#13700,#13701);
#13700 = CARTESIAN_POINT('',(26.6842547822,186.70097853934,
    6.318747737352));
#13701 = VECTOR('',#13702,1.);
#13702 = DIRECTION('',(-1.,4.440892098501E-16,-7.389040281035E-16));
#13703 = ORIENTED_EDGE('',*,*,#12824,.F.);
#13704 = ORIENTED_EDGE('',*,*,#13681,.F.);
#13705 = ORIENTED_EDGE('',*,*,#13706,.T.);
#13706 = EDGE_CURVE('',#13673,#13707,#13709,.T.);
#13707 = VERTEX_POINT('',#13708);
#13708 = CARTESIAN_POINT('',(27.4605563645,187.59379865184,
    7.211567849842));
#13709 = B_SPLINE_CURVE_WITH_KNOTS('',5,(#13710,#13711,#13712,#13713,
    #13714,#13715,#13716,#13717,#13718),.UNSPECIFIED.,.F.,.F.,(6,3,6),(
    0.,0.487484600418,0.609301430235),.UNSPECIFIED.);
#13710 = CARTESIAN_POINT('',(27.0705803716,187.70097853934,
    7.318747737362));
#13711 = CARTESIAN_POINT('',(27.1393135615,187.70097853934,
    7.318747737362));
#13712 = CARTESIAN_POINT('',(27.2081171847,187.69492763534,
    7.312696833362));
#13713 = CARTESIAN_POINT('',(27.2751259297,187.68145797724,
    7.299227175242));
#13714 = CARTESIAN_POINT('',(27.3536794533,187.65494729364,
    7.272716491662));
#13715 = CARTESIAN_POINT('',(27.4221580291,187.61817422144,
    7.235943419412));
#13716 = CARTESIAN_POINT('',(27.4354688567,187.61039521574,
    7.228164413772));
#13717 = CARTESIAN_POINT('',(27.4482591239,187.60227359694,
    7.220042794972));
#13718 = CARTESIAN_POINT('',(27.4605563645,187.59379865184,
    7.211567849842));
#13719 = ORIENTED_EDGE('',*,*,#13720,.T.);
#13720 = EDGE_CURVE('',#13707,#13721,#13723,.T.);
#13721 = VERTEX_POINT('',#13722);
#13722 = CARTESIAN_POINT('',(27.6520043471,187.30097853934,
    6.918747737362));
#13723 = B_SPLINE_CURVE_WITH_KNOTS('',5,(#13724,#13725,#13726,#13727,
    #13728,#13729,#13730,#13731,#13732),.UNSPECIFIED.,.F.,.F.,(6,3,6),(
    0.,0.527003208389,0.658638942491),.UNSPECIFIED.);
#13724 = CARTESIAN_POINT('',(27.4605563645,187.59379865184,
    7.211567849842));
#13725 = CARTESIAN_POINT('',(27.5138069058,187.55709973484,
    7.174868932872));
#13726 = CARTESIAN_POINT('',(27.55783313,187.51373666254,7.131505860512)
  );
#13727 = CARTESIAN_POINT('',(27.5921963072,187.46623178504,
    7.084000983012));
#13728 = CARTESIAN_POINT('',(27.6236768287,187.40404230224,
    7.021811500212));
#13729 = CARTESIAN_POINT('',(27.6430524733,187.33983055834,
    6.957599756342));
#13730 = CARTESIAN_POINT('',(27.6464674376,187.32691349334,
    6.944682691362));
#13731 = CARTESIAN_POINT('',(27.649440096,187.31396549324,6.931734691272
    ));
#13732 = CARTESIAN_POINT('',(27.6520043471,187.30097853934,
    6.918747737362));
#13733 = ORIENTED_EDGE('',*,*,#13734,.T.);
#13734 = EDGE_CURVE('',#13721,#13697,#13735,.T.);
#13735 = B_SPLINE_CURVE_WITH_KNOTS('',5,(#13736,#13737,#13738,#13739,
    #13740,#13741),.UNSPECIFIED.,.F.,.F.,(6,6),(0.,1.21327613479),
  .PIECEWISE_BEZIER_KNOTS.);
#13736 = CARTESIAN_POINT('',(27.6520043471,187.30097853934,
    6.918747737362));
#13737 = CARTESIAN_POINT('',(27.6757947222,187.18048936174,
    6.798258559742));
#13738 = CARTESIAN_POINT('',(27.7003419541,187.06023843484,
    6.678007632812));
#13739 = CARTESIAN_POINT('',(27.7256462936,186.94022407674,
    6.557993274812));
#13740 = CARTESIAN_POINT('',(27.7517022199,186.82047118104,
    6.438240379082));
#13741 = CARTESIAN_POINT('',(27.7785095637,186.70097853934,
    6.318747737352));
#13742 = PLANE('',#13743);
#13743 = AXIS2_PLACEMENT_3D('',#13744,#13745,#13746);
#13744 = CARTESIAN_POINT('',(45.04161137242,187.70097853934,
    7.318747737362));
#13745 = DIRECTION('',(-6.361279661621E-16,-0.707106781187,
    0.707106781187));
#13746 = DIRECTION('',(-1.,4.440892098494E-16,-4.555315873019E-16));
#13747 = ADVANCED_FACE('',(#13748),#13766,.F.);
#13748 = FACE_BOUND('',#13749,.T.);
#13749 = EDGE_LOOP('',(#13750,#13758,#13764,#13765));
#13750 = ORIENTED_EDGE('',*,*,#13751,.T.);
#13751 = EDGE_CURVE('',#13697,#13752,#13754,.T.);
#13752 = VERTEX_POINT('',#13753);
#13753 = CARTESIAN_POINT('',(27.7785095646,179.20097853934,
    6.318747737362));
#13754 = LINE('',#13755,#13756);
#13755 = CARTESIAN_POINT('',(27.7785095646,182.95097853934,
    6.318747737362));
#13756 = VECTOR('',#13757,1.);
#13757 = DIRECTION('',(-4.440892098501E-16,-1.,1.611246748555E-16));
#13758 = ORIENTED_EDGE('',*,*,#13759,.T.);
#13759 = EDGE_CURVE('',#13752,#12853,#13760,.T.);
#13760 = LINE('',#13761,#13762);
#13761 = CARTESIAN_POINT('',(26.6842547822,179.20097853934,
    6.318747737362));
#13762 = VECTOR('',#13763,1.);
#13763 = DIRECTION('',(-1.,4.440892098501E-16,-3.330669073875E-16));
#13764 = ORIENTED_EDGE('',*,*,#12852,.F.);
#13765 = ORIENTED_EDGE('',*,*,#13696,.F.);
#13766 = PLANE('',#13767);
#13767 = AXIS2_PLACEMENT_3D('',#13768,#13769,#13770);
#13768 = CARTESIAN_POINT('',(35.80464799881,187.70097853934,
    6.318747737362));
#13769 = DIRECTION('',(-4.555315873025E-16,1.110223024625E-16,1.));
#13770 = DIRECTION('',(-1.,4.440892098501E-16,-4.555315873025E-16));
#13771 = ADVANCED_FACE('',(#13772),#13786,.F.);
#13772 = FACE_BOUND('',#13773,.F.);
#13773 = EDGE_LOOP('',(#13774,#13775,#13776,#13777));
#13774 = ORIENTED_EDGE('',*,*,#13759,.T.);
#13775 = ORIENTED_EDGE('',*,*,#12926,.F.);
#13776 = ORIENTED_EDGE('',*,*,#12965,.F.);
#13777 = ORIENTED_EDGE('',*,*,#13778,.F.);
#13778 = EDGE_CURVE('',#13752,#12966,#13779,.T.);
#13779 = B_SPLINE_CURVE_WITH_KNOTS('',5,(#13780,#13781,#13782,#13783,
    #13784,#13785),.UNSPECIFIED.,.F.,.F.,(6,6),(0.,3.51879750039),
  .PIECEWISE_BEZIER_KNOTS.);
#13780 = CARTESIAN_POINT('',(27.7785095644,179.20097853934,
    6.318747737362));
#13781 = CARTESIAN_POINT('',(27.7785095644,178.71629143374,
    6.318747737362));
#13782 = CARTESIAN_POINT('',(27.699083434,178.23072301854,6.119969853332
    ));
#13783 = CARTESIAN_POINT('',(27.5503901881,177.88216328484,
    5.741922365252));
#13784 = CARTESIAN_POINT('',(27.3989174915,177.70097853934,
    5.283964106852));
#13785 = CARTESIAN_POINT('',(27.2629199919,177.70097853934,
    4.818747737362));
#13786 = CYLINDRICAL_SURFACE('',#13787,1.5);
#13787 = AXIS2_PLACEMENT_3D('',#13788,#13789,#13790);
#13788 = CARTESIAN_POINT('',(19.712239565,179.20097853934,4.818747737362
    ));
#13789 = DIRECTION('',(-1.,4.440892098501E-16,-4.555315873025E-16));
#13790 = DIRECTION('',(-4.440892098501E-16,-1.,-7.267471740948E-17));
#13791 = ADVANCED_FACE('',(#13792),#13813,.F.);
#13792 = FACE_BOUND('',#13793,.F.);
#13793 = EDGE_LOOP('',(#13794,#13795,#13796,#13804));
#13794 = ORIENTED_EDGE('',*,*,#12946,.T.);
#13795 = ORIENTED_EDGE('',*,*,#13006,.T.);
#13796 = ORIENTED_EDGE('',*,*,#13797,.F.);
#13797 = EDGE_CURVE('',#13798,#12998,#13800,.T.);
#13798 = VERTEX_POINT('',#13799);
#13799 = CARTESIAN_POINT('',(27.7785095644,179.20097853934,
    -6.221252262638));
#13800 = LINE('',#13801,#13802);
#13801 = CARTESIAN_POINT('',(19.7122395653,179.20097853934,
    -6.221252262638));
#13802 = VECTOR('',#13803,1.);
#13803 = DIRECTION('',(-1.,4.440892098501E-16,-4.555316124315E-16));
#13804 = ORIENTED_EDGE('',*,*,#13805,.T.);
#13805 = EDGE_CURVE('',#13798,#12947,#13806,.T.);
#13806 = B_SPLINE_CURVE_WITH_KNOTS('',5,(#13807,#13808,#13809,#13810,
    #13811,#13812),.UNSPECIFIED.,.F.,.F.,(6,6),(0.,3.51879750168),
  .PIECEWISE_BEZIER_KNOTS.);
#13807 = CARTESIAN_POINT('',(27.7785095644,179.20097853934,
    -6.221252262638));
#13808 = CARTESIAN_POINT('',(27.7785095644,178.71629143334,
    -6.221252262638));
#13809 = CARTESIAN_POINT('',(27.699083434,178.23072301884,
    -6.022474378068));
#13810 = CARTESIAN_POINT('',(27.5503901882,177.88216328574,
    -5.644426892058));
#13811 = CARTESIAN_POINT('',(27.3989174915,177.70097853934,
    -5.186468632498));
#13812 = CARTESIAN_POINT('',(27.2629199919,177.70097853934,
    -4.721252262638));
#13813 = CYLINDRICAL_SURFACE('',#13814,1.5);
#13814 = AXIS2_PLACEMENT_3D('',#13815,#13816,#13817);
#13815 = CARTESIAN_POINT('',(19.712239565,179.20097853934,
    -4.721252262638));
#13816 = DIRECTION('',(-1.,4.440892098501E-16,-4.555315873025E-16));
#13817 = DIRECTION('',(4.555315873025E-16,-1.110223024625E-16,-1.));
#13818 = ADVANCED_FACE('',(#13819),#13918,.F.);
#13819 = FACE_BOUND('',#13820,.F.);
#13820 = EDGE_LOOP('',(#13821,#13832,#13841,#13848,#13849,#13850,#13851,
    #13852,#13860,#13868,#13877,#13886,#13895,#13903,#13912));
#13821 = ORIENTED_EDGE('',*,*,#13822,.T.);
#13822 = EDGE_CURVE('',#13823,#13825,#13827,.T.);
#13823 = VERTEX_POINT('',#13824);
#13824 = CARTESIAN_POINT('',(35.42976584373,186.70097853934,
    14.967651289462));
#13825 = VERTEX_POINT('',#13826);
#13826 = CARTESIAN_POINT('',(32.98317304,186.70097853934,13.341875976462
    ));
#13827 = CIRCLE('',#13828,17.);
#13828 = AXIS2_PLACEMENT_3D('',#13829,#13830,#13831);
#13829 = CARTESIAN_POINT('',(43.58,186.70097853934,4.874773736204E-02));
#13830 = DIRECTION('',(-4.440892098501E-16,-1.,1.110223024625E-16));
#13831 = DIRECTION('',(3.330669073875E-16,-1.110223024625E-16,-1.));
#13832 = ORIENTED_EDGE('',*,*,#13833,.T.);
#13833 = EDGE_CURVE('',#13825,#13834,#13836,.T.);
#13834 = VERTEX_POINT('',#13835);
#13835 = CARTESIAN_POINT('',(30.2868613172,186.70097853934,
    10.645561596262));
#13836 = CIRCLE('',#13837,17.);
#13837 = AXIS2_PLACEMENT_3D('',#13838,#13839,#13840);
#13838 = CARTESIAN_POINT('',(43.58,186.70097853934,4.874773736204E-02));
#13839 = DIRECTION('',(-4.440892098501E-16,-1.,1.110223024625E-16));
#13840 = DIRECTION('',(3.330669073875E-16,-1.110223024625E-16,-1.));
#13841 = ORIENTED_EDGE('',*,*,#13842,.T.);
#13842 = EDGE_CURVE('',#13834,#13697,#13843,.T.);
#13843 = CIRCLE('',#13844,17.);
#13844 = AXIS2_PLACEMENT_3D('',#13845,#13846,#13847);
#13845 = CARTESIAN_POINT('',(43.58,186.70097853934,4.874773736204E-02));
#13846 = DIRECTION('',(-4.440892098501E-16,-1.,1.110223024625E-16));
#13847 = DIRECTION('',(3.330669073875E-16,-1.110223024625E-16,-1.));
#13848 = ORIENTED_EDGE('',*,*,#13751,.T.);
#13849 = ORIENTED_EDGE('',*,*,#13778,.T.);
#13850 = ORIENTED_EDGE('',*,*,#12973,.T.);
#13851 = ORIENTED_EDGE('',*,*,#13805,.F.);
#13852 = ORIENTED_EDGE('',*,*,#13853,.F.);
#13853 = EDGE_CURVE('',#13854,#13798,#13856,.T.);
#13854 = VERTEX_POINT('',#13855);
#13855 = CARTESIAN_POINT('',(27.7785095641,186.30097853894,
    -6.221252262858));
#13856 = LINE('',#13857,#13858);
#13857 = CARTESIAN_POINT('',(27.7785095641,150.70097853934,
    -6.221252262858));
#13858 = VECTOR('',#13859,1.);
#13859 = DIRECTION('',(-4.440892098501E-16,-1.,1.110223229589E-16));
#13860 = ORIENTED_EDGE('',*,*,#13861,.F.);
#13861 = EDGE_CURVE('',#13862,#13854,#13864,.T.);
#13862 = VERTEX_POINT('',#13863);
#13863 = CARTESIAN_POINT('',(27.7785095639,186.70097853934,
    -6.221252262538));
#13864 = LINE('',#13865,#13866);
#13865 = CARTESIAN_POINT('',(27.7785095639,150.70097853934,
    -6.221252262538));
#13866 = VECTOR('',#13867,1.);
#13867 = DIRECTION('',(-4.440892098501E-16,-1.,1.1102227855E-16));
#13868 = ORIENTED_EDGE('',*,*,#13869,.T.);
#13869 = EDGE_CURVE('',#13862,#13870,#13872,.T.);
#13870 = VERTEX_POINT('',#13871);
#13871 = CARTESIAN_POINT('',(41.04945934039,186.70097853934,
    -16.76185498743));
#13872 = CIRCLE('',#13873,17.);
#13873 = AXIS2_PLACEMENT_3D('',#13874,#13875,#13876);
#13874 = CARTESIAN_POINT('',(43.58,186.70097853934,4.874773736204E-02));
#13875 = DIRECTION('',(-4.440892098501E-16,-1.,1.110223024625E-16));
#13876 = DIRECTION('',(3.330669073875E-16,-1.110223024625E-16,-1.));
#13877 = ORIENTED_EDGE('',*,*,#13878,.T.);
#13878 = EDGE_CURVE('',#13870,#13879,#13881,.T.);
#13879 = VERTEX_POINT('',#13880);
#13880 = CARTESIAN_POINT('',(46.11054065962,186.70097853934,
    -16.76185498743));
#13881 = CIRCLE('',#13882,17.);
#13882 = AXIS2_PLACEMENT_3D('',#13883,#13884,#13885);
#13883 = CARTESIAN_POINT('',(43.58,186.70097853934,4.874773736204E-02));
#13884 = DIRECTION('',(-4.440892098501E-16,-1.,1.110223024625E-16));
#13885 = DIRECTION('',(3.330669073875E-16,-1.110223024625E-16,-1.));
#13886 = ORIENTED_EDGE('',*,*,#13887,.T.);
#13887 = EDGE_CURVE('',#13879,#13888,#13890,.T.);
#13888 = VERTEX_POINT('',#13889);
#13889 = CARTESIAN_POINT('',(51.73023415627,186.70097853934,
    -14.87015581473));
#13890 = CIRCLE('',#13891,17.);
#13891 = AXIS2_PLACEMENT_3D('',#13892,#13893,#13894);
#13892 = CARTESIAN_POINT('',(43.58,186.70097853934,4.874773736204E-02));
#13893 = DIRECTION('',(-4.440892098501E-16,-1.,1.110223024625E-16));
#13894 = DIRECTION('',(3.330669073875E-16,-1.110223024625E-16,-1.));
#13895 = ORIENTED_EDGE('',*,*,#13896,.T.);
#13896 = EDGE_CURVE('',#13888,#13897,#13899,.T.);
#13897 = VERTEX_POINT('',#13898);
#13898 = CARTESIAN_POINT('',(51.73023415627,174.69700394334,
    -14.87015581473));
#13899 = LINE('',#13900,#13901);
#13900 = CARTESIAN_POINT('',(51.73023415627,150.70097853934,
    -14.87015581473));
#13901 = VECTOR('',#13902,1.);
#13902 = DIRECTION('',(-4.440892098501E-16,-1.,1.110223229589E-16));
#13903 = ORIENTED_EDGE('',*,*,#13904,.F.);
#13904 = EDGE_CURVE('',#13905,#13897,#13907,.T.);
#13905 = VERTEX_POINT('',#13906);
#13906 = CARTESIAN_POINT('',(35.4297658437,174.69700394334,
    14.967651289462));
#13907 = CIRCLE('',#13908,17.);
#13908 = AXIS2_PLACEMENT_3D('',#13909,#13910,#13911);
#13909 = CARTESIAN_POINT('',(43.58,174.69700394334,4.874773736204E-02));
#13910 = DIRECTION('',(-4.440892098501E-16,-1.,1.110223024625E-16));
#13911 = DIRECTION('',(3.330669073875E-16,-1.110223024625E-16,-1.));
#13912 = ORIENTED_EDGE('',*,*,#13913,.F.);
#13913 = EDGE_CURVE('',#13823,#13905,#13914,.T.);
#13914 = LINE('',#13915,#13916);
#13915 = CARTESIAN_POINT('',(35.42976584373,150.70097853934,
    14.967651289462));
#13916 = VECTOR('',#13917,1.);
#13917 = DIRECTION('',(-4.440892098501E-16,-1.,1.110223229589E-16));
#13918 = CYLINDRICAL_SURFACE('',#13919,17.);
#13919 = AXIS2_PLACEMENT_3D('',#13920,#13921,#13922);
#13920 = CARTESIAN_POINT('',(43.58,150.70097853934,4.874773736204E-02));
#13921 = DIRECTION('',(-4.440892098501E-16,-1.,1.110223024625E-16));
#13922 = DIRECTION('',(-0.479425538604,3.103389452427E-16,0.87758256189)
  );
#13923 = ADVANCED_FACE('',(#13924),#13952,.T.);
#13924 = FACE_BOUND('',#13925,.T.);
#13925 = EDGE_LOOP('',(#13926,#13934,#13942,#13948,#13949,#13950,#13951)
  );
#13926 = ORIENTED_EDGE('',*,*,#13927,.T.);
#13927 = EDGE_CURVE('',#13862,#13928,#13930,.T.);
#13928 = VERTEX_POINT('',#13929);
#13929 = CARTESIAN_POINT('',(27.5303147397,186.70097853934,
    -6.221252262638));
#13930 = LINE('',#13931,#13932);
#13931 = CARTESIAN_POINT('',(27.6544121522,186.70097853934,
    -6.221252262638));
#13932 = VECTOR('',#13933,1.);
#13933 = DIRECTION('',(-1.,4.440892098501E-16,-3.330669073875E-16));
#13934 = ORIENTED_EDGE('',*,*,#13935,.T.);
#13935 = EDGE_CURVE('',#13928,#13936,#13938,.T.);
#13936 = VERTEX_POINT('',#13937);
#13937 = CARTESIAN_POINT('',(27.4941465705,186.70097853934,
    -6.221252262638));
#13938 = LINE('',#13939,#13940);
#13939 = CARTESIAN_POINT('',(27.5122306551,186.70097853934,
    -6.221252262638));
#13940 = VECTOR('',#13941,1.);
#13941 = DIRECTION('',(-1.,4.440892098501E-16,-3.330669073875E-16));
#13942 = ORIENTED_EDGE('',*,*,#13943,.T.);
#13943 = EDGE_CURVE('',#13936,#13060,#13944,.T.);
#13944 = LINE('',#13945,#13946);
#13945 = CARTESIAN_POINT('',(26.5420732851,186.70097853934,
    -6.221252262638));
#13946 = VECTOR('',#13947,1.);
#13947 = DIRECTION('',(-1.,4.440892098501E-16,-3.330669073875E-16));
#13948 = ORIENTED_EDGE('',*,*,#13059,.T.);
#13949 = ORIENTED_EDGE('',*,*,#13797,.F.);
#13950 = ORIENTED_EDGE('',*,*,#13853,.F.);
#13951 = ORIENTED_EDGE('',*,*,#13861,.F.);
#13952 = PLANE('',#13953);
#13953 = AXIS2_PLACEMENT_3D('',#13954,#13955,#13956);
#13954 = CARTESIAN_POINT('',(35.80464799881,187.70097853934,
    -6.221252262638));
#13955 = DIRECTION('',(-4.555315873025E-16,1.110223024625E-16,1.));
#13956 = DIRECTION('',(-1.,4.440892098501E-16,-4.555315873025E-16));
#13957 = ADVANCED_FACE('',(#13958),#14015,.T.);
#13958 = FACE_BOUND('',#13959,.T.);
#13959 = EDGE_LOOP('',(#13960,#13971,#13985,#13996,#14007,#14013,#14014)
  );
#13960 = ORIENTED_EDGE('',*,*,#13961,.T.);
#13961 = EDGE_CURVE('',#13936,#13962,#13964,.T.);
#13962 = VERTEX_POINT('',#13963);
#13963 = CARTESIAN_POINT('',(27.6520028235,187.30097704314,
    -6.821250766418));
#13964 = B_SPLINE_CURVE_WITH_KNOTS('',5,(#13965,#13966,#13967,#13968,
    #13969,#13970),.UNSPECIFIED.,.F.,.F.,(6,6),(0.,1.23881744751),
  .PIECEWISE_BEZIER_KNOTS.);
#13965 = CARTESIAN_POINT('',(27.4941465696,186.70097853934,
    -6.221252262628));
#13966 = CARTESIAN_POINT('',(27.5684730764,186.81242864954,
    -6.332702372828));
#13967 = CARTESIAN_POINT('',(27.6249379344,186.92957482314,
    -6.449848546418));
#13968 = CARTESIAN_POINT('',(27.6632000307,187.05288160344,
    -6.573155326698));
#13969 = CARTESIAN_POINT('',(27.676166737,187.17858762724,
    -6.698861350518));
#13970 = CARTESIAN_POINT('',(27.6520028235,187.30097704314,
    -6.821250766418));
#13971 = ORIENTED_EDGE('',*,*,#13972,.T.);
#13972 = EDGE_CURVE('',#13962,#13973,#13975,.T.);
#13973 = VERTEX_POINT('',#13974);
#13974 = CARTESIAN_POINT('',(27.4605565564,187.59379885864,
    -7.114072581898));
#13975 = B_SPLINE_CURVE_WITH_KNOTS('',5,(#13976,#13977,#13978,#13979,
    #13980,#13981,#13982,#13983,#13984),.UNSPECIFIED.,.F.,.F.,(6,3,6),(
    0.,0.526693443683,0.658364654882),.UNSPECIFIED.);
#13976 = CARTESIAN_POINT('',(27.6520055187,187.30097989594,
    -6.821253619238));
#13977 = CARTESIAN_POINT('',(27.6417269064,187.35303338054,
    -6.873307103808));
#13978 = CARTESIAN_POINT('',(27.6248886234,187.40441436064,
    -6.924688083888));
#13979 = CARTESIAN_POINT('',(27.5996877273,187.45442862024,
    -6.974702343538));
#13980 = CARTESIAN_POINT('',(27.5565887454,187.51352216954,
    -7.033795892808));
#13981 = CARTESIAN_POINT('',(27.4988010014,187.56502966494,
    -7.085303388198));
#13982 = CARTESIAN_POINT('',(27.4866014932,187.57503655294,
    -7.095310276238));
#13983 = CARTESIAN_POINT('',(27.4738673859,187.58462526754,
    -7.104898990808));
#13984 = CARTESIAN_POINT('',(27.4605565564,187.59379885864,
    -7.114072581898));
#13985 = ORIENTED_EDGE('',*,*,#13986,.T.);
#13986 = EDGE_CURVE('',#13973,#13987,#13989,.T.);
#13987 = VERTEX_POINT('',#13988);
#13988 = CARTESIAN_POINT('',(27.3310086549,187.65923610824,
    -7.179509831578));
#13989 = B_SPLINE_CURVE_WITH_KNOTS('',5,(#13990,#13991,#13992,#13993,
    #13994,#13995),.UNSPECIFIED.,.F.,.F.,(6,6),(0.,0.225812194251),
  .PIECEWISE_BEZIER_KNOTS.);
#13990 = CARTESIAN_POINT('',(27.4605565564,187.59379885864,
    -7.114072581898));
#13991 = CARTESIAN_POINT('',(27.4377323943,187.60952887224,
    -7.129802595508));
#13992 = CARTESIAN_POINT('',(27.413223139,187.62403764744,
    -7.144311370748));
#13993 = CARTESIAN_POINT('',(27.386825894,187.63739531074,
    -7.157669034058));
#13994 = CARTESIAN_POINT('',(27.3594782724,187.64910148674,
    -7.169375210058));
#13995 = CARTESIAN_POINT('',(27.3310086549,187.65923610824,
    -7.179509831578));
#13996 = ORIENTED_EDGE('',*,*,#13997,.T.);
#13997 = EDGE_CURVE('',#13987,#13998,#14000,.T.);
#13998 = VERTEX_POINT('',#13999);
#13999 = CARTESIAN_POINT('',(27.0705803716,187.70097853934,
    -7.221252262638));
#14000 = B_SPLINE_CURVE_WITH_KNOTS('',5,(#14001,#14002,#14003,#14004,
    #14005,#14006),.UNSPECIFIED.,.F.,.F.,(6,6),(0.,0.381847717091),
  .PIECEWISE_BEZIER_KNOTS.);
#14001 = CARTESIAN_POINT('',(27.3310086549,187.65923610824,
    -7.179509831578));
#14002 = CARTESIAN_POINT('',(27.282886756,187.67636655404,
    -7.196640277298));
#14003 = CARTESIAN_POINT('',(27.2315861438,187.68893986744,
    -7.209213590698));
#14004 = CARTESIAN_POINT('',(27.1783708804,187.69702941424,
    -7.217303137488));
#14005 = CARTESIAN_POINT('',(27.1244568727,187.70097853934,
    -7.221252262638));
#14006 = CARTESIAN_POINT('',(27.0705803716,187.70097853934,
    -7.221252262638));
#14007 = ORIENTED_EDGE('',*,*,#14008,.T.);
#14008 = EDGE_CURVE('',#13998,#13094,#14009,.T.);
#14009 = LINE('',#14010,#14011);
#14010 = CARTESIAN_POINT('',(26.3302901861,187.70097853934,
    -7.221252262638));
#14011 = VECTOR('',#14012,1.);
#14012 = DIRECTION('',(-1.,4.440892098501E-16,-9.329522207235E-16));
#14013 = ORIENTED_EDGE('',*,*,#13093,.T.);
#14014 = ORIENTED_EDGE('',*,*,#13943,.F.);
#14015 = PLANE('',#14016);
#14016 = AXIS2_PLACEMENT_3D('',#14017,#14018,#14019);
#14017 = CARTESIAN_POINT('',(45.04161137242,187.70097853934,
    -7.221252262638));
#14018 = DIRECTION('',(-8.090982689251E-18,0.707106781187,0.707106781187
    ));
#14019 = DIRECTION('',(-1.,4.440892098503E-16,-4.555315873023E-16));
#14020 = ADVANCED_FACE('',(#14021),#14052,.F.);
#14021 = FACE_BOUND('',#14022,.T.);
#14022 = EDGE_LOOP('',(#14023,#14024,#14025,#14026,#14027,#14036,#14045,
    #14051));
#14023 = ORIENTED_EDGE('',*,*,#13250,.F.);
#14024 = ORIENTED_EDGE('',*,*,#13172,.F.);
#14025 = ORIENTED_EDGE('',*,*,#13101,.F.);
#14026 = ORIENTED_EDGE('',*,*,#14008,.F.);
#14027 = ORIENTED_EDGE('',*,*,#14028,.T.);
#14028 = EDGE_CURVE('',#13998,#14029,#14031,.T.);
#14029 = VERTEX_POINT('',#14030);
#14030 = CARTESIAN_POINT('',(52.22846779034,187.70097853934,
    -15.78216636513));
#14031 = CIRCLE('',#14032,18.0392304839);
#14032 = AXIS2_PLACEMENT_3D('',#14033,#14034,#14035);
#14033 = CARTESIAN_POINT('',(43.579999998888,187.70097853934,
    4.874773704078E-02));
#14034 = DIRECTION('',(-4.440892098501E-16,-1.,1.110223024625E-16));
#14035 = DIRECTION('',(3.330669073875E-16,-1.110223024625E-16,-1.));
#14036 = ORIENTED_EDGE('',*,*,#14037,.T.);
#14037 = EDGE_CURVE('',#14029,#14038,#14040,.T.);
#14038 = VERTEX_POINT('',#14039);
#14039 = CARTESIAN_POINT('',(60.0894196294,187.70097853934,
    -7.221252262188));
#14040 = CIRCLE('',#14041,18.0392304947);
#14041 = AXIS2_PLACEMENT_3D('',#14042,#14043,#14044);
#14042 = CARTESIAN_POINT('',(43.579999993412,187.70097853934,
    4.874774635752E-02));
#14043 = DIRECTION('',(-4.440892098501E-16,-1.,1.110223024625E-16));
#14044 = DIRECTION('',(3.330669073875E-16,-1.110223024625E-16,-1.));
#14045 = ORIENTED_EDGE('',*,*,#14046,.T.);
#14046 = EDGE_CURVE('',#14038,#13323,#14047,.T.);
#14047 = LINE('',#14048,#14049);
#14048 = CARTESIAN_POINT('',(60.8297098148,187.70097853934,
    -7.221252262188));
#14049 = VECTOR('',#14050,1.);
#14050 = DIRECTION('',(1.,-4.440892098501E-16,3.330669073875E-16));
#14051 = ORIENTED_EDGE('',*,*,#13322,.F.);
#14052 = PLANE('',#14053);
#14053 = AXIS2_PLACEMENT_3D('',#14054,#14055,#14056);
#14054 = CARTESIAN_POINT('',(43.58,187.70097853934,4.874773736204E-02));
#14055 = DIRECTION('',(-4.440892098501E-16,-1.,1.110223024625E-16));
#14056 = DIRECTION('',(1.,-4.440892098501E-16,4.555315873025E-16));
#14057 = ADVANCED_FACE('',(#14058),#14098,.F.);
#14058 = FACE_BOUND('',#14059,.F.);
#14059 = EDGE_LOOP('',(#14060,#14085,#14091,#14092));
#14060 = ORIENTED_EDGE('',*,*,#14061,.F.);
#14061 = EDGE_CURVE('',#14062,#14064,#14066,.T.);
#14062 = VERTEX_POINT('',#14063);
#14063 = CARTESIAN_POINT('',(23.8526142276,166.49882430914,
    -3.242186869708));
#14064 = VERTEX_POINT('',#14065);
#14065 = CARTESIAN_POINT('',(23.8526142276,162.90313276957,
    3.339682344452));
#14066 = B_SPLINE_CURVE_WITH_KNOTS('',5,(#14067,#14068,#14069,#14070,
    #14071,#14072,#14073,#14074,#14075,#14076,#14077,#14078,#14079,
    #14080,#14081,#14082,#14083,#14084),.UNSPECIFIED.,.F.,.F.,(6,3,3,3,3
    ,6),(0.,2.69727396632,5.39454793264,10.1055401189,14.1328229084,
    16.7977156184),.UNSPECIFIED.);
#14067 = CARTESIAN_POINT('',(23.8526142276,166.49882430914,
    -3.242186869708));
#14068 = CARTESIAN_POINT('',(23.8223254471,166.83117676554,
    -3.060621895288));
#14069 = CARTESIAN_POINT('',(23.787215842,167.14027044374,
    -2.837286325398));
#14070 = CARTESIAN_POINT('',(23.7500607302,167.41802478474,
    -2.576968638648));
#14071 = CARTESIAN_POINT('',(23.6781267359,167.90210378014,
    -1.993698942338));
#14072 = CARTESIAN_POINT('',(23.621478463,168.22761255714,
    -1.307887137368));
#14073 = CARTESIAN_POINT('',(23.5996090725,168.34698367754,
    -0.945125085579));
#14074 = CARTESIAN_POINT('',(23.5628554042,168.54526853364,
    8.746953982294E-02));
#14075 = CARTESIAN_POINT('',(23.5929526604,168.38143695114,
    1.143959954072));
#14076 = CARTESIAN_POINT('',(23.6412755698,168.13246071754,
    1.770059254352));
#14077 = CARTESIAN_POINT('',(23.7596691936,167.42465230024,
    2.805847372972));
#14078 = CARTESIAN_POINT('',(23.8731081925,166.37361869824,
    3.477272335352));
#14079 = CARTESIAN_POINT('',(23.9142383748,165.83537317634,
    3.691524241202));
#14080 = CARTESIAN_POINT('',(23.9482690404,164.8927530997,3.869729382892
    ));
#14081 = CARTESIAN_POINT('',(23.9257170377,163.95013595279,
    3.751758095852));
#14082 = CARTESIAN_POINT('',(23.9077579837,163.58256147471,
    3.657679172872));
#14083 = CARTESIAN_POINT('',(23.8825393858,163.23149527526,
    3.519067598882));
#14084 = CARTESIAN_POINT('',(23.8526142276,162.90313276957,
    3.339682344452));
#14085 = ORIENTED_EDGE('',*,*,#14086,.F.);
#14086 = EDGE_CURVE('',#13208,#14062,#14087,.T.);
#14087 = LINE('',#14088,#14089);
#14088 = CARTESIAN_POINT('',(43.58,166.49882430914,-3.242186869728));
#14089 = VECTOR('',#14090,1.);
#14090 = DIRECTION('',(1.,-4.440892098501E-16,4.555315902265E-16));
#14091 = ORIENTED_EDGE('',*,*,#13207,.F.);
#14092 = ORIENTED_EDGE('',*,*,#14093,.T.);
#14093 = EDGE_CURVE('',#13200,#14064,#14094,.T.);
#14094 = LINE('',#14095,#14096);
#14095 = CARTESIAN_POINT('',(43.58,162.90313276957,3.339682344452));
#14096 = VECTOR('',#14097,1.);
#14097 = DIRECTION('',(1.,-4.440892098501E-16,4.555315902265E-16));
#14098 = CYLINDRICAL_SURFACE('',#14099,3.75);
#14099 = AXIS2_PLACEMENT_3D('',#14100,#14101,#14102);
#14100 = CARTESIAN_POINT('',(43.58,164.70097853934,4.874773736204E-02));
#14101 = DIRECTION('',(1.,-4.440892098501E-16,4.555315873025E-16));
#14102 = DIRECTION('',(6.126742860276E-16,0.479425538604,-0.87758256189)
  );
#14103 = ADVANCED_FACE('',(#14104),#14130,.F.);
#14104 = FACE_BOUND('',#14105,.F.);
#14105 = EDGE_LOOP('',(#14106,#14107,#14108,#14109));
#14106 = ORIENTED_EDGE('',*,*,#14093,.F.);
#14107 = ORIENTED_EDGE('',*,*,#13232,.F.);
#14108 = ORIENTED_EDGE('',*,*,#14086,.T.);
#14109 = ORIENTED_EDGE('',*,*,#14110,.F.);
#14110 = EDGE_CURVE('',#14064,#14062,#14111,.T.);
#14111 = B_SPLINE_CURVE_WITH_KNOTS('',5,(#14112,#14113,#14114,#14115,
    #14116,#14117,#14118,#14119,#14120,#14121,#14122,#14123,#14124,
    #14125,#14126,#14127,#14128,#14129),.UNSPECIFIED.,.F.,.F.,(6,3,3,3,3
    ,6),(0.,4.73001033651,7.41431667331,10.1188740143,13.4941780086,
    16.8398160863),.UNSPECIFIED.);
#14112 = CARTESIAN_POINT('',(23.8526142276,162.90313276957,
    3.339682344452));
#14113 = CARTESIAN_POINT('',(23.7996715289,162.32220360437,
    3.022319295072));
#14114 = CARTESIAN_POINT('',(23.7319999407,161.81233604592,
    2.577336058382));
#14115 = CARTESIAN_POINT('',(23.6638174052,161.41053609888,
    2.026990638272));
#14116 = CARTESIAN_POINT('',(23.5877992915,160.98984134248,
    1.050887197772));
#14117 = CARTESIAN_POINT('',(23.5746419323,160.92260959714,
    3.561969655441E-03));
#14118 = CARTESIAN_POINT('',(23.5792111333,160.94640456944,
    -0.375738043376));
#14119 = CARTESIAN_POINT('',(23.6062626228,161.08893887805,
    -1.123066692608));
#14120 = CARTESIAN_POINT('',(23.6622087973,161.41110319252,
    -1.810138662358));
#14121 = CARTESIAN_POINT('',(23.6958125261,161.61541286589,
    -2.132616713358));
#14122 = CARTESIAN_POINT('',(23.7771661822,162.16152662428,
    -2.792358975868));
#14123 = CARTESIAN_POINT('',(23.8560704055,162.87261259507,
    -3.276775837438));
#14124 = CARTESIAN_POINT('',(23.8930446825,163.30443062439,
    -3.479772147858));
#14125 = CARTESIAN_POINT('',(23.9424914844,164.21715353371,
    -3.744319679598));
#14126 = CARTESIAN_POINT('',(23.9375655828,165.17154917293,
    -3.716593484208));
#14127 = CARTESIAN_POINT('',(23.92013907,165.64146446909,-3.627293472478
    ));
#14128 = CARTESIAN_POINT('',(23.8900617375,166.08792061174,
    -3.466664582668));
#14129 = CARTESIAN_POINT('',(23.8526142276,166.49882430914,
    -3.242186869728));
#14130 = CYLINDRICAL_SURFACE('',#14131,3.75);
#14131 = AXIS2_PLACEMENT_3D('',#14132,#14133,#14134);
#14132 = CARTESIAN_POINT('',(43.58,164.70097853934,4.874773736204E-02));
#14133 = DIRECTION('',(1.,-4.440892098501E-16,4.555315873025E-16));
#14134 = DIRECTION('',(-6.126742860276E-16,-0.479425538604,0.87758256189
    ));
#14135 = ADVANCED_FACE('',(#14136),#14196,.T.);
#14136 = FACE_BOUND('',#14137,.T.);
#14137 = EDGE_LOOP('',(#14138,#14154,#14160,#14161,#14162,#14173,#14184)
  );
#14138 = ORIENTED_EDGE('',*,*,#14139,.T.);
#14139 = EDGE_CURVE('',#14140,#14142,#14144,.T.);
#14140 = VERTEX_POINT('',#14141);
#14141 = CARTESIAN_POINT('',(59.5079942003,187.30098022124,
    -6.821253944568));
#14142 = VERTEX_POINT('',#14143);
#14143 = CARTESIAN_POINT('',(59.6658534307,186.70097853934,
    -6.221252262638));
#14144 = B_SPLINE_CURVE_WITH_KNOTS('',5,(#14145,#14146,#14147,#14148,
    #14149,#14150,#14151,#14152,#14153),.UNSPECIFIED.,.F.,.F.,(6,3,6),(
    0.,0.99090587471,1.23838893926),.UNSPECIFIED.);
#14145 = CARTESIAN_POINT('',(59.5079971917,187.30097782024,
    -6.821251543508));
#14146 = CARTESIAN_POINT('',(59.4886294847,187.20288057924,
    -6.723154302528));
#14147 = CARTESIAN_POINT('',(59.4931151509,187.10265176954,
    -6.622925492798));
#14148 = CARTESIAN_POINT('',(59.5153995815,187.00348119584,
    -6.523754919128));
#14149 = CARTESIAN_POINT('',(59.5598315379,186.88355244124,
    -6.403826164498));
#14150 = CARTESIAN_POINT('',(59.6233573808,186.76861613464,
    -6.288889857928));
#14151 = CARTESIAN_POINT('',(59.6368112351,186.74582787154,
    -6.266101594798));
#14152 = CARTESIAN_POINT('',(59.6509744641,186.72328905614,
    -6.243562779478));
#14153 = CARTESIAN_POINT('',(59.6658534307,186.70097853934,
    -6.221252262638));
#14154 = ORIENTED_EDGE('',*,*,#14155,.T.);
#14155 = EDGE_CURVE('',#14142,#13332,#14156,.T.);
#14156 = LINE('',#14157,#14158);
#14157 = CARTESIAN_POINT('',(60.6179267151,186.70097853934,
    -6.221252262638));
#14158 = VECTOR('',#14159,1.);
#14159 = DIRECTION('',(1.,-4.440892098501E-16,7.995112632105E-16));
#14160 = ORIENTED_EDGE('',*,*,#13331,.F.);
#14161 = ORIENTED_EDGE('',*,*,#14046,.F.);
#14162 = ORIENTED_EDGE('',*,*,#14163,.T.);
#14163 = EDGE_CURVE('',#14038,#14164,#14166,.T.);
#14164 = VERTEX_POINT('',#14165);
#14165 = CARTESIAN_POINT('',(59.8289913453,187.65923610824,
    -7.179509831588));
#14166 = B_SPLINE_CURVE_WITH_KNOTS('',5,(#14167,#14168,#14169,#14170,
    #14171,#14172),.UNSPECIFIED.,.F.,.F.,(6,6),(0.,0.381847525681),
  .PIECEWISE_BEZIER_KNOTS.);
#14167 = CARTESIAN_POINT('',(60.0894196287,187.70097853934,
    -7.221252262648));
#14168 = CARTESIAN_POINT('',(60.0355433877,187.70097853934,
    -7.221252262648));
#14169 = CARTESIAN_POINT('',(59.9816293007,187.69702917104,
    -7.217302894318));
#14170 = CARTESIAN_POINT('',(59.928413863,187.68893956634,
    -7.209213289648));
#14171 = CARTESIAN_POINT('',(59.8771130119,187.67636647124,
    -7.196640194578));
#14172 = CARTESIAN_POINT('',(59.8289913453,187.65923610824,
    -7.179509831588));
#14173 = ORIENTED_EDGE('',*,*,#14174,.T.);
#14174 = EDGE_CURVE('',#14164,#14175,#14177,.T.);
#14175 = VERTEX_POINT('',#14176);
#14176 = CARTESIAN_POINT('',(59.6994434457,187.59379885994,
    -7.114072583218));
#14177 = B_SPLINE_CURVE_WITH_KNOTS('',5,(#14178,#14179,#14180,#14181,
    #14182,#14183),.UNSPECIFIED.,.F.,.F.,(6,6),(0.,0.225812188047),
  .PIECEWISE_BEZIER_KNOTS.);
#14178 = CARTESIAN_POINT('',(59.8289913453,187.65923610824,
    -7.179509831588));
#14179 = CARTESIAN_POINT('',(59.8005217471,187.64910149354,
    -7.169375216848));
#14180 = CARTESIAN_POINT('',(59.7731741271,187.63739530064,
    -7.157669023958));
#14181 = CARTESIAN_POINT('',(59.7467768699,187.62403763164,
    -7.144311354888));
#14182 = CARTESIAN_POINT('',(59.7222675925,187.60952886284,
    -7.129802586178));
#14183 = CARTESIAN_POINT('',(59.6994434457,187.59379885994,
    -7.114072583218));
#14184 = ORIENTED_EDGE('',*,*,#14185,.T.);
#14185 = EDGE_CURVE('',#14175,#14140,#14186,.T.);
#14186 = B_SPLINE_CURVE_WITH_KNOTS('',5,(#14187,#14188,#14189,#14190,
    #14191,#14192,#14193,#14194,#14195),.UNSPECIFIED.,.F.,.F.,(6,3,6),(
    0.,0.526900955766,0.658630803404),.UNSPECIFIED.);
#14187 = CARTESIAN_POINT('',(59.6994434457,187.59379885994,
    -7.114072583218));
#14188 = CARTESIAN_POINT('',(59.6462114234,187.55711228064,
    -7.077386003938));
#14189 = CARTESIAN_POINT('',(59.602203461,187.51378626254,
    -7.034059985868));
#14190 = CARTESIAN_POINT('',(59.5678568201,187.46630979644,
    -6.986583519708));
#14191 = CARTESIAN_POINT('',(59.5363637358,187.40413903434,
    -6.924412757638));
#14192 = CARTESIAN_POINT('',(59.5169644601,187.33989535734,
    -6.860169080678));
#14193 = CARTESIAN_POINT('',(59.5135423538,187.32696002464,
    -6.847233747948));
#14194 = CARTESIAN_POINT('',(59.5105633764,187.31399113864,
    -6.834264861928));
#14195 = CARTESIAN_POINT('',(59.5079942003,187.30098022124,
    -6.821253944568));
#14196 = PLANE('',#14197);
#14197 = AXIS2_PLACEMENT_3D('',#14198,#14199,#14200);
#14198 = CARTESIAN_POINT('',(42.13668885938,186.70097853934,
    -6.221252262638));
#14199 = DIRECTION('',(-8.090982689251E-18,0.707106781187,0.707106781187
    ));
#14200 = DIRECTION('',(1.,-4.440892098503E-16,4.555315873023E-16));
#14201 = ADVANCED_FACE('',(#14202),#14244,.F.);
#14202 = FACE_BOUND('',#14203,.T.);
#14203 = EDGE_LOOP('',(#14204,#14212,#14220,#14228,#14236,#14242,#14243)
  );
#14204 = ORIENTED_EDGE('',*,*,#14205,.F.);
#14205 = EDGE_CURVE('',#14206,#14142,#14208,.T.);
#14206 = VERTEX_POINT('',#14207);
#14207 = CARTESIAN_POINT('',(59.6296852621,186.70097853934,
    -6.221252262638));
#14208 = LINE('',#14209,#14210);
#14209 = CARTESIAN_POINT('',(59.6477693468,186.70097853934,
    -6.221252262638));
#14210 = VECTOR('',#14211,1.);
#14211 = DIRECTION('',(1.,-4.440892098501E-16,3.330669073875E-16));
#14212 = ORIENTED_EDGE('',*,*,#14213,.F.);
#14213 = EDGE_CURVE('',#14214,#14206,#14216,.T.);
#14214 = VERTEX_POINT('',#14215);
#14215 = CARTESIAN_POINT('',(59.3814904372,186.70097853934,
    -6.221252262638));
#14216 = LINE('',#14217,#14218);
#14217 = CARTESIAN_POINT('',(59.5055878497,186.70097853934,
    -6.221252262638));
#14218 = VECTOR('',#14219,1.);
#14219 = DIRECTION('',(1.,-4.440892098501E-16,3.330669073875E-16));
#14220 = ORIENTED_EDGE('',*,*,#14221,.T.);
#14221 = EDGE_CURVE('',#14214,#14222,#14224,.T.);
#14222 = VERTEX_POINT('',#14223);
#14223 = CARTESIAN_POINT('',(59.3814904354,186.30097853894,
    -6.221252262638));
#14224 = LINE('',#14225,#14226);
#14225 = CARTESIAN_POINT('',(59.3814904363,186.50097853914,
    -6.221252262638));
#14226 = VECTOR('',#14227,1.);
#14227 = DIRECTION('',(-4.656613312829E-09,-1.,4.270088401156E-17));
#14228 = ORIENTED_EDGE('',*,*,#14229,.T.);
#14229 = EDGE_CURVE('',#14222,#14230,#14232,.T.);
#14230 = VERTEX_POINT('',#14231);
#14231 = CARTESIAN_POINT('',(59.3814904354,183.20097853934,
    -6.221252262638));
#14232 = LINE('',#14233,#14234);
#14233 = CARTESIAN_POINT('',(59.3814904354,184.75097853914,
    -6.221252262638));
#14234 = VECTOR('',#14235,1.);
#14235 = DIRECTION('',(-4.440892098501E-16,-1.,4.270088556252E-17));
#14236 = ORIENTED_EDGE('',*,*,#14237,.T.);
#14237 = EDGE_CURVE('',#14230,#13358,#14238,.T.);
#14238 = LINE('',#14239,#14240);
#14239 = CARTESIAN_POINT('',(60.4757452178,183.20097853934,
    -6.221252262638));
#14240 = VECTOR('',#14241,1.);
#14241 = DIRECTION('',(1.,-4.440892098501E-16,3.330669073875E-16));
#14242 = ORIENTED_EDGE('',*,*,#13357,.T.);
#14243 = ORIENTED_EDGE('',*,*,#14155,.F.);
#14244 = PLANE('',#14245);
#14245 = AXIS2_PLACEMENT_3D('',#14246,#14247,#14248);
#14246 = CARTESIAN_POINT('',(51.35535200119,187.70097853934,
    -6.221252262638));
#14247 = DIRECTION('',(4.555315873025E-16,-1.110223024625E-16,-1.));
#14248 = DIRECTION('',(1.,-4.440892098501E-16,4.555315873025E-16));
#14249 = ADVANCED_FACE('',(#14250),#14264,.F.);
#14250 = FACE_BOUND('',#14251,.F.);
#14251 = EDGE_LOOP('',(#14252,#14253,#14254,#14255));
#14252 = ORIENTED_EDGE('',*,*,#14237,.T.);
#14253 = ORIENTED_EDGE('',*,*,#13390,.T.);
#14254 = ORIENTED_EDGE('',*,*,#13435,.F.);
#14255 = ORIENTED_EDGE('',*,*,#14256,.F.);
#14256 = EDGE_CURVE('',#14230,#13410,#14257,.T.);
#14257 = B_SPLINE_CURVE_WITH_KNOTS('',5,(#14258,#14259,#14260,#14261,
    #14262,#14263),.UNSPECIFIED.,.F.,.F.,(6,6),(0.,3.5187975018),
  .PIECEWISE_BEZIER_KNOTS.);
#14258 = CARTESIAN_POINT('',(59.3814904356,183.20097853934,
    -6.221252262638));
#14259 = CARTESIAN_POINT('',(59.3814904356,182.71629143344,
    -6.221252262638));
#14260 = CARTESIAN_POINT('',(59.460916566,182.23072301884,
    -6.022474378138));
#14261 = CARTESIAN_POINT('',(59.6096098117,181.88216328564,
    -5.644426891888));
#14262 = CARTESIAN_POINT('',(59.7610825085,181.70097853934,
    -5.186468632448));
#14263 = CARTESIAN_POINT('',(59.8970800081,181.70097853934,
    -4.721252262638));
#14264 = CYLINDRICAL_SURFACE('',#14265,1.5);
#14265 = AXIS2_PLACEMENT_3D('',#14266,#14267,#14268);
#14266 = CARTESIAN_POINT('',(67.1119793376,183.20097853934,
    -4.721252262638));
#14267 = DIRECTION('',(1.,-4.440892098501E-16,4.555315873025E-16));
#14268 = DIRECTION('',(-4.440892098501E-16,-1.,1.110223024625E-16));
#14269 = ADVANCED_FACE('',(#14270),#14347,.F.);
#14270 = FACE_BOUND('',#14271,.F.);
#14271 = EDGE_LOOP('',(#14272,#14290,#14291,#14298,#14299,#14300,#14301,
    #14302,#14313,#14321,#14330,#14339,#14346));
#14272 = ORIENTED_EDGE('',*,*,#14273,.F.);
#14273 = EDGE_CURVE('',#13897,#13905,#14274,.T.);
#14274 = B_SPLINE_CURVE_WITH_KNOTS('',5,(#14275,#14276,#14277,#14278,
    #14279,#14280,#14281,#14282,#14283,#14284,#14285,#14286,#14287,
    #14288,#14289),.UNSPECIFIED.,.F.,.F.,(6,3,3,3,6),(-26.7035375555,
    -13.3517687777,1.7763568394E-15,13.3517687777,26.7035375555),
  .UNSPECIFIED.);
#14275 = CARTESIAN_POINT('',(51.7302341563,174.69700394334,
    -14.87015581473));
#14276 = CARTESIAN_POINT('',(54.0736900462,174.69700394334,
    -13.58992002723));
#14277 = CARTESIAN_POINT('',(56.1657722271,174.69700394324,
    -11.84954775173));
#14278 = CARTESIAN_POINT('',(57.8856097359,174.69700394324,
    -9.714480631528));
#14279 = CARTESIAN_POINT('',(60.395457395,174.69700394324,
    -4.885041868678));
#14280 = CARTESIAN_POINT('',(60.8928503132,174.69700394324,
    0.534867200738));
#14281 = CARTESIAN_POINT('',(60.5992386392,174.69700394324,
    3.260696404692));
#14282 = CARTESIAN_POINT('',(58.9590400401,174.69700394324,
    8.450355602702));
#14283 = CARTESIAN_POINT('',(55.4782954891,174.69700394324,
    12.634519964462));
#14284 = CARTESIAN_POINT('',(53.34322836891,174.69700394324,
    14.354357473262));
#14285 = CARTESIAN_POINT('',(48.51378960606,174.69700394314,
    16.864205132362));
#14286 = CARTESIAN_POINT('',(43.093880536641,174.69700394314,
    17.361598050562));
#14287 = CARTESIAN_POINT('',(40.36805133268,174.69700394314,
    17.067986376562));
#14288 = CARTESIAN_POINT('',(37.77322173368,174.69700394314,
    16.247887077062));
#14289 = CARTESIAN_POINT('',(35.42976584373,174.69700394314,
    14.967651289462));
#14290 = ORIENTED_EDGE('',*,*,#13896,.F.);
#14291 = ORIENTED_EDGE('',*,*,#14292,.T.);
#14292 = EDGE_CURVE('',#13888,#14214,#14293,.T.);
#14293 = CIRCLE('',#14294,17.);
#14294 = AXIS2_PLACEMENT_3D('',#14295,#14296,#14297);
#14295 = CARTESIAN_POINT('',(43.58,186.70097853934,4.874773736204E-02));
#14296 = DIRECTION('',(-4.440892098501E-16,-1.,1.110223024625E-16));
#14297 = DIRECTION('',(3.330669073875E-16,-1.110223024625E-16,-1.));
#14298 = ORIENTED_EDGE('',*,*,#14221,.T.);
#14299 = ORIENTED_EDGE('',*,*,#14229,.T.);
#14300 = ORIENTED_EDGE('',*,*,#14256,.T.);
#14301 = ORIENTED_EDGE('',*,*,#13407,.F.);
#14302 = ORIENTED_EDGE('',*,*,#14303,.F.);
#14303 = EDGE_CURVE('',#14304,#13408,#14306,.T.);
#14304 = VERTEX_POINT('',#14305);
#14305 = CARTESIAN_POINT('',(59.381490436,183.20097853934,6.318747737382
    ));
#14306 = B_SPLINE_CURVE_WITH_KNOTS('',5,(#14307,#14308,#14309,#14310,
    #14311,#14312),.UNSPECIFIED.,.F.,.F.,(6,6),(0.,3.51713325775),
  .PIECEWISE_BEZIER_KNOTS.);
#14307 = CARTESIAN_POINT('',(59.381490436,183.20097853934,6.318747737382
    ));
#14308 = CARTESIAN_POINT('',(59.381490436,182.71665374724,6.318747737382
    ));
#14309 = CARTESIAN_POINT('',(59.4608046064,182.23029906974,
    6.119690381472));
#14310 = CARTESIAN_POINT('',(59.610037763,181.88142496064,5.741377179202
    ));
#14311 = CARTESIAN_POINT('',(59.7611841696,181.70097853934,
    5.283616348152));
#14312 = CARTESIAN_POINT('',(59.8970800084,181.70097853934,
    4.818747737362));
#14313 = ORIENTED_EDGE('',*,*,#14314,.F.);
#14314 = EDGE_CURVE('',#14315,#14304,#14317,.T.);
#14315 = VERTEX_POINT('',#14316);
#14316 = CARTESIAN_POINT('',(59.3814904361,186.70097853934,
    6.318747737172));
#14317 = LINE('',#14318,#14319);
#14318 = CARTESIAN_POINT('',(59.3814904361,150.70097853934,
    6.318747737172));
#14319 = VECTOR('',#14320,1.);
#14320 = DIRECTION('',(-4.440892098501E-16,-1.,1.110223229589E-16));
#14321 = ORIENTED_EDGE('',*,*,#14322,.T.);
#14322 = EDGE_CURVE('',#14315,#14323,#14325,.T.);
#14323 = VERTEX_POINT('',#14324);
#14324 = CARTESIAN_POINT('',(56.8731386828,186.70097853934,
    10.645561596262));
#14325 = CIRCLE('',#14326,17.);
#14326 = AXIS2_PLACEMENT_3D('',#14327,#14328,#14329);
#14327 = CARTESIAN_POINT('',(43.58,186.70097853934,4.874773736204E-02));
#14328 = DIRECTION('',(-4.440892098501E-16,-1.,1.110223024625E-16));
#14329 = DIRECTION('',(3.330669073875E-16,-1.110223024625E-16,-1.));
#14330 = ORIENTED_EDGE('',*,*,#14331,.T.);
#14331 = EDGE_CURVE('',#14323,#14332,#14334,.T.);
#14332 = VERTEX_POINT('',#14333);
#14333 = CARTESIAN_POINT('',(54.1768002882,186.70097853934,
    13.341897238162));
#14334 = CIRCLE('',#14335,17.);
#14335 = AXIS2_PLACEMENT_3D('',#14336,#14337,#14338);
#14336 = CARTESIAN_POINT('',(43.58,186.70097853934,4.874773736204E-02));
#14337 = DIRECTION('',(-4.440892098501E-16,-1.,1.110223024625E-16));
#14338 = DIRECTION('',(3.330669073875E-16,-1.110223024625E-16,-1.));
#14339 = ORIENTED_EDGE('',*,*,#14340,.T.);
#14340 = EDGE_CURVE('',#14332,#13823,#14341,.T.);
#14341 = CIRCLE('',#14342,17.);
#14342 = AXIS2_PLACEMENT_3D('',#14343,#14344,#14345);
#14343 = CARTESIAN_POINT('',(43.58,186.70097853934,4.874773736204E-02));
#14344 = DIRECTION('',(-4.440892098501E-16,-1.,1.110223024625E-16));
#14345 = DIRECTION('',(3.330669073875E-16,-1.110223024625E-16,-1.));
#14346 = ORIENTED_EDGE('',*,*,#13913,.T.);
#14347 = CYLINDRICAL_SURFACE('',#14348,17.);
#14348 = AXIS2_PLACEMENT_3D('',#14349,#14350,#14351);
#14349 = CARTESIAN_POINT('',(43.58,150.70097853934,4.874773736204E-02));
#14350 = DIRECTION('',(-4.440892098501E-16,-1.,1.110223024625E-16));
#14351 = DIRECTION('',(0.479425538604,-3.103389452427E-16,-0.87758256189
    ));
#14352 = ADVANCED_FACE('',(#14353),#14364,.F.);
#14353 = FACE_BOUND('',#14354,.F.);
#14354 = EDGE_LOOP('',(#14355,#14356,#14357,#14363));
#14355 = ORIENTED_EDGE('',*,*,#13418,.T.);
#14356 = ORIENTED_EDGE('',*,*,#13458,.F.);
#14357 = ORIENTED_EDGE('',*,*,#14358,.F.);
#14358 = EDGE_CURVE('',#14304,#13450,#14359,.T.);
#14359 = LINE('',#14360,#14361);
#14360 = CARTESIAN_POINT('',(67.1119793373,183.20097853934,
    6.318747737362));
#14361 = VECTOR('',#14362,1.);
#14362 = DIRECTION('',(1.,-4.440892098501E-16,4.555316124315E-16));
#14363 = ORIENTED_EDGE('',*,*,#14303,.T.);
#14364 = CYLINDRICAL_SURFACE('',#14365,1.5);
#14365 = AXIS2_PLACEMENT_3D('',#14366,#14367,#14368);
#14366 = CARTESIAN_POINT('',(67.1119793376,183.20097853934,
    4.818747737362));
#14367 = DIRECTION('',(1.,-4.440892098501E-16,4.555315873025E-16));
#14368 = DIRECTION('',(-4.555315873025E-16,2.947193223345E-16,1.));
#14369 = ADVANCED_FACE('',(#14370),#14381,.T.);
#14370 = FACE_BOUND('',#14371,.T.);
#14371 = EDGE_LOOP('',(#14372,#14378,#14379,#14380));
#14372 = ORIENTED_EDGE('',*,*,#14373,.T.);
#14373 = EDGE_CURVE('',#14315,#13477,#14374,.T.);
#14374 = LINE('',#14375,#14376);
#14375 = CARTESIAN_POINT('',(60.4757452187,186.70097853934,
    6.318747737362));
#14376 = VECTOR('',#14377,1.);
#14377 = DIRECTION('',(1.,-4.440892098501E-16,3.330669073875E-16));
#14378 = ORIENTED_EDGE('',*,*,#13476,.F.);
#14379 = ORIENTED_EDGE('',*,*,#14358,.F.);
#14380 = ORIENTED_EDGE('',*,*,#14314,.F.);
#14381 = PLANE('',#14382);
#14382 = AXIS2_PLACEMENT_3D('',#14383,#14384,#14385);
#14383 = CARTESIAN_POINT('',(51.35535200119,187.70097853934,
    6.318747737362));
#14384 = DIRECTION('',(4.555315873025E-16,-1.110223024625E-16,-1.));
#14385 = DIRECTION('',(1.,-4.440892098501E-16,4.555315873025E-16));
#14386 = ADVANCED_FACE('',(#14387),#14429,.F.);
#14387 = FACE_BOUND('',#14388,.T.);
#14388 = EDGE_LOOP('',(#14389,#14405,#14417,#14418,#14419,#14420));
#14389 = ORIENTED_EDGE('',*,*,#14390,.F.);
#14390 = EDGE_CURVE('',#14391,#14393,#14395,.T.);
#14391 = VERTEX_POINT('',#14392);
#14392 = CARTESIAN_POINT('',(59.6994436357,187.59379865184,
    7.211567849842));
#14393 = VERTEX_POINT('',#14394);
#14394 = CARTESIAN_POINT('',(59.5079956513,187.30097853934,
    6.918747737362));
#14395 = B_SPLINE_CURVE_WITH_KNOTS('',5,(#14396,#14397,#14398,#14399,
    #14400,#14401,#14402,#14403,#14404),.UNSPECIFIED.,.F.,.F.,(6,3,6),(
    0.,0.527003202945,0.65863893863),.UNSPECIFIED.);
#14396 = CARTESIAN_POINT('',(59.6994436357,187.59379865184,
    7.211567849842));
#14397 = CARTESIAN_POINT('',(59.6461930948,187.55709973504,
    7.174868933092));
#14398 = CARTESIAN_POINT('',(59.6021668709,187.51373666304,
    7.131505861022));
#14399 = CARTESIAN_POINT('',(59.5678036929,187.46623178564,
    7.084000983702));
#14400 = CARTESIAN_POINT('',(59.5363231715,187.40404230304,
    7.021811501022));
#14401 = CARTESIAN_POINT('',(59.5169475268,187.33983055924,
    6.957599757252));
#14402 = CARTESIAN_POINT('',(59.5135325609,187.32691349374,
    6.944682691802));
#14403 = CARTESIAN_POINT('',(59.5105599024,187.31396549344,
    6.931734691492));
#14404 = CARTESIAN_POINT('',(59.5079956513,187.30097853934,
    6.918747737362));
#14405 = ORIENTED_EDGE('',*,*,#14406,.F.);
#14406 = EDGE_CURVE('',#13656,#14391,#14407,.T.);
#14407 = B_SPLINE_CURVE_WITH_KNOTS('',5,(#14408,#14409,#14410,#14411,
    #14412,#14413,#14414,#14415,#14416),.UNSPECIFIED.,.F.,.F.,(6,3,6),(
    0.,0.487484601905,0.609301431737),.UNSPECIFIED.);
#14408 = CARTESIAN_POINT('',(60.0894196287,187.70097853934,
    7.318747737372));
#14409 = CARTESIAN_POINT('',(60.0206864384,187.70097853934,
    7.318747737372));
#14410 = CARTESIAN_POINT('',(59.951882815,187.69492763534,7.312696833332
    ));
#14411 = CARTESIAN_POINT('',(59.8848740712,187.68145797734,
    7.299227175362));
#14412 = CARTESIAN_POINT('',(59.8063205472,187.65494729374,
    7.272716491772));
#14413 = CARTESIAN_POINT('',(59.7378419711,187.61817422144,
    7.235943419412));
#14414 = CARTESIAN_POINT('',(59.7245311436,187.61039521574,
    7.228164413782));
#14415 = CARTESIAN_POINT('',(59.7117408764,187.60227359694,
    7.220042794972));
#14416 = CARTESIAN_POINT('',(59.6994436357,187.59379865184,
    7.211567849842));
#14417 = ORIENTED_EDGE('',*,*,#13655,.T.);
#14418 = ORIENTED_EDGE('',*,*,#13520,.T.);
#14419 = ORIENTED_EDGE('',*,*,#14373,.F.);
#14420 = ORIENTED_EDGE('',*,*,#14421,.F.);
#14421 = EDGE_CURVE('',#14393,#14315,#14422,.T.);
#14422 = B_SPLINE_CURVE_WITH_KNOTS('',5,(#14423,#14424,#14425,#14426,
    #14427,#14428),.UNSPECIFIED.,.F.,.F.,(6,6),(0.,1.21327613439),
  .PIECEWISE_BEZIER_KNOTS.);
#14423 = CARTESIAN_POINT('',(59.5079956513,187.30097853934,
    6.918747737362));
#14424 = CARTESIAN_POINT('',(59.4842052762,187.18048936174,
    6.798258559782));
#14425 = CARTESIAN_POINT('',(59.4596580443,187.06023843484,
    6.678007632872));
#14426 = CARTESIAN_POINT('',(59.4343537065,186.94022407674,
    6.557993274772));
#14427 = CARTESIAN_POINT('',(59.4082977804,186.82047118104,
    6.438240379072));
#14428 = CARTESIAN_POINT('',(59.3814904366,186.70097853934,
    6.318747737362));
#14429 = PLANE('',#14430);
#14430 = AXIS2_PLACEMENT_3D('',#14431,#14432,#14433);
#14431 = CARTESIAN_POINT('',(42.13668885938,186.70097853934,
    6.318747737362));
#14432 = DIRECTION('',(-6.361279661621E-16,-0.707106781187,
    0.707106781187));
#14433 = DIRECTION('',(1.,-4.440892098494E-16,4.555315873019E-16));
#14434 = ADVANCED_FACE('',(#14435),#14472,.F.);
#14435 = FACE_BOUND('',#14436,.F.);
#14436 = EDGE_LOOP('',(#14437,#14459,#14465,#14466));
#14437 = ORIENTED_EDGE('',*,*,#14438,.F.);
#14438 = EDGE_CURVE('',#14439,#14441,#14443,.T.);
#14439 = VERTEX_POINT('',#14440);
#14440 = CARTESIAN_POINT('',(63.3073857724,166.49882430914,
    -3.242186869728));
#14441 = VERTEX_POINT('',#14442);
#14442 = CARTESIAN_POINT('',(63.3073857724,162.90313276957,
    3.339682344452));
#14443 = B_SPLINE_CURVE_WITH_KNOTS('',5,(#14444,#14445,#14446,#14447,
    #14448,#14449,#14450,#14451,#14452,#14453,#14454,#14455,#14456,
    #14457,#14458),.UNSPECIFIED.,.F.,.F.,(6,3,3,3,6),(0.,6.07111957147,
    10.8036464429,15.5338396692,16.8725746032),.UNSPECIFIED.);
#14444 = CARTESIAN_POINT('',(63.3073857724,166.49882430914,
    -3.242186869728));
#14445 = CARTESIAN_POINT('',(63.2395472361,165.75444623324,
    -3.648842465958));
#14446 = CARTESIAN_POINT('',(63.1958959327,164.8933936219,
    -3.845961371398));
#14447 = CARTESIAN_POINT('',(63.2095961828,164.0003115183,
    -3.786646249578));
#14448 = CARTESIAN_POINT('',(63.3221150568,162.52944582221,
    -3.240017615328));
#14449 = CARTESIAN_POINT('',(63.4768550516,161.50874417151,
    -2.083388835068));
#14450 = CARTESIAN_POINT('',(63.5369850708,161.18160826685,
    -1.486545491138));
#14451 = CARTESIAN_POINT('',(63.6059685841,160.81115442406,
    -0.180417591321));
#14452 = CARTESIAN_POINT('',(63.5660507853,161.02589598913,
    1.161293710442));
#14453 = CARTESIAN_POINT('',(63.5169445124,161.2794358212,1.789351722562
    ));
#14454 = CARTESIAN_POINT('',(63.4347833036,161.7724861306,2.502395000292
    ));
#14455 = CARTESIAN_POINT('',(63.3554745019,162.42854700261,
    3.040577581782));
#14456 = CARTESIAN_POINT('',(63.3384796855,162.58052221627,
    3.150151581422));
#14457 = CARTESIAN_POINT('',(63.3223447626,162.73899089715,
    3.250011230862));
#14458 = CARTESIAN_POINT('',(63.3073857724,162.90313276957,
    3.339682344452));
#14459 = ORIENTED_EDGE('',*,*,#14460,.T.);
#14460 = EDGE_CURVE('',#14439,#13611,#14461,.T.);
#14461 = LINE('',#14462,#14463);
#14462 = CARTESIAN_POINT('',(43.58,166.49882430914,-3.242186869728));
#14463 = VECTOR('',#14464,1.);
#14464 = DIRECTION('',(1.,-4.440892098501E-16,4.555315902265E-16));
#14465 = ORIENTED_EDGE('',*,*,#13610,.F.);
#14466 = ORIENTED_EDGE('',*,*,#14467,.F.);
#14467 = EDGE_CURVE('',#14441,#13603,#14468,.T.);
#14468 = LINE('',#14469,#14470);
#14469 = CARTESIAN_POINT('',(43.58,162.90313276957,3.339682344452));
#14470 = VECTOR('',#14471,1.);
#14471 = DIRECTION('',(1.,-4.440892098501E-16,4.555315902265E-16));
#14472 = CYLINDRICAL_SURFACE('',#14473,3.75);
#14473 = AXIS2_PLACEMENT_3D('',#14474,#14475,#14476);
#14474 = CARTESIAN_POINT('',(43.58,164.70097853934,4.874773736204E-02));
#14475 = DIRECTION('',(1.,-4.440892098501E-16,4.555315873025E-16));
#14476 = DIRECTION('',(-6.126742860276E-16,-0.479425538604,0.87758256189
    ));
#14477 = ADVANCED_FACE('',(#14478),#14504,.F.);
#14478 = FACE_BOUND('',#14479,.F.);
#14479 = EDGE_LOOP('',(#14480,#14481,#14482,#14483));
#14480 = ORIENTED_EDGE('',*,*,#14467,.T.);
#14481 = ORIENTED_EDGE('',*,*,#13635,.F.);
#14482 = ORIENTED_EDGE('',*,*,#14460,.F.);
#14483 = ORIENTED_EDGE('',*,*,#14484,.F.);
#14484 = EDGE_CURVE('',#14441,#14439,#14485,.T.);
#14485 = B_SPLINE_CURVE_WITH_KNOTS('',5,(#14486,#14487,#14488,#14489,
    #14490,#14491,#14492,#14493,#14494,#14495,#14496,#14497,#14498,
    #14499,#14500,#14501,#14502,#14503),.UNSPECIFIED.,.F.,.F.,(6,3,3,3,3
    ,6),(0.,5.37954480651,10.1039356598,12.8029863407,15.5020370217,
    16.835815266),.UNSPECIFIED.);
#14486 = CARTESIAN_POINT('',(63.3073857724,162.90313276957,
    3.339682344452));
#14487 = CARTESIAN_POINT('',(63.2470492989,163.56519227782,
    3.701367102232));
#14488 = CARTESIAN_POINT('',(63.2058462051,164.31954774698,
    3.897296692302));
#14489 = CARTESIAN_POINT('',(63.2062431561,165.10009911078,
    3.895476431842));
#14490 = CARTESIAN_POINT('',(63.284819937,166.51512858704,3.521049518842
    ));
#14491 = CARTESIAN_POINT('',(63.4298917367,167.60209118994,
    2.563282530142));
#14492 = CARTESIAN_POINT('',(63.4976246342,167.99949887184,
    2.014348200152));
#14493 = CARTESIAN_POINT('',(63.5729058137,168.41777758534,
    1.031896068929));
#14494 = CARTESIAN_POINT('',(63.5851874944,168.47942330084,
    -1.914588381545E-02));
#14495 = CARTESIAN_POINT('',(63.580183127,168.45276089174,
    -0.399831373141));
#14496 = CARTESIAN_POINT('',(63.5524648687,168.30596418374,
    -1.143673022068));
#14497 = CARTESIAN_POINT('',(63.4961475551,167.98082914774,
    -1.827046896998));
#14498 = CARTESIAN_POINT('',(63.4625441323,167.77609070644,
    -2.147328219978));
#14499 = CARTESIAN_POINT('',(63.4083757976,167.41101981854,
    -2.584096841308));
#14500 = CARTESIAN_POINT('',(63.3554763891,166.97342709484,
    -2.943069969278));
#14501 = CARTESIAN_POINT('',(63.3384808019,166.82144635554,
    -3.052648864518));
#14502 = CARTESIAN_POINT('',(63.3223453048,166.66297213214,
    -3.152512505308));
#14503 = CARTESIAN_POINT('',(63.3073857724,166.49882430914,
    -3.242186869708));
#14504 = CYLINDRICAL_SURFACE('',#14505,3.75);
#14505 = AXIS2_PLACEMENT_3D('',#14506,#14507,#14508);
#14506 = CARTESIAN_POINT('',(43.58,164.70097853934,4.874773736204E-02));
#14507 = DIRECTION('',(1.,-4.440892098501E-16,4.555315873025E-16));
#14508 = DIRECTION('',(6.126742860276E-16,0.479425538604,-0.87758256189)
  );
#14509 = ADVANCED_FACE('',(#14510),#14530,.T.);
#14510 = FACE_BOUND('',#14511,.T.);
#14511 = EDGE_LOOP('',(#14512,#14513,#14514,#14523));
#14512 = ORIENTED_EDGE('',*,*,#13663,.F.);
#14513 = ORIENTED_EDGE('',*,*,#14406,.T.);
#14514 = ORIENTED_EDGE('',*,*,#14515,.T.);
#14515 = EDGE_CURVE('',#14391,#14516,#14518,.T.);
#14516 = VERTEX_POINT('',#14517);
#14517 = CARTESIAN_POINT('',(35.12330242442,187.59379886234,
    15.528628815762));
#14518 = CIRCLE('',#14519,17.6392304845);
#14519 = AXIS2_PLACEMENT_3D('',#14520,#14521,#14522);
#14520 = CARTESIAN_POINT('',(43.58,187.59379886234,4.874773736204E-02));
#14521 = DIRECTION('',(-4.153439648689E-16,-1.,5.840448446692E-17));
#14522 = DIRECTION('',(1.,-4.153439648689E-16,3.330669073875E-16));
#14523 = ORIENTED_EDGE('',*,*,#14524,.T.);
#14524 = EDGE_CURVE('',#14516,#13664,#14525,.T.);
#14525 = CIRCLE('',#14526,0.8);
#14526 = AXIS2_PLACEMENT_3D('',#14527,#14528,#14529);
#14527 = CARTESIAN_POINT('',(34.93153220896,186.90097853934,
    15.879661840462));
#14528 = DIRECTION('',(0.87758256189,-3.364980193331E-16,0.479425538604)
  );
#14529 = DIRECTION('',(0.479425538604,-2.503812611678E-16,-0.87758256189
    ));
#14530 = TOROIDAL_SURFACE('',#14531,18.0392304845,0.8);
#14531 = AXIS2_PLACEMENT_3D('',#14532,#14533,#14534);
#14532 = CARTESIAN_POINT('',(43.58,186.90097853934,4.874773736204E-02));
#14533 = DIRECTION('',(-4.440892098501E-16,-1.,1.110223024625E-16));
#14534 = DIRECTION('',(0.479425538604,-3.103389452427E-16,-0.87758256189
    ));
#14535 = ADVANCED_FACE('',(#14536),#14548,.T.);
#14536 = FACE_BOUND('',#14537,.T.);
#14537 = EDGE_LOOP('',(#14538,#14545,#14546,#14547));
#14538 = ORIENTED_EDGE('',*,*,#14539,.T.);
#14539 = EDGE_CURVE('',#14516,#13707,#14540,.T.);
#14540 = CIRCLE('',#14541,17.6392304845);
#14541 = AXIS2_PLACEMENT_3D('',#14542,#14543,#14544);
#14542 = CARTESIAN_POINT('',(43.58,187.59379886234,4.874773736204E-02));
#14543 = DIRECTION('',(-4.153439648689E-16,-1.,5.840448446692E-17));
#14544 = DIRECTION('',(1.,-4.153439648689E-16,3.330669073875E-16));
#14545 = ORIENTED_EDGE('',*,*,#13706,.F.);
#14546 = ORIENTED_EDGE('',*,*,#13672,.F.);
#14547 = ORIENTED_EDGE('',*,*,#14524,.F.);
#14548 = TOROIDAL_SURFACE('',#14549,18.0392304845,0.8);
#14549 = AXIS2_PLACEMENT_3D('',#14550,#14551,#14552);
#14550 = CARTESIAN_POINT('',(43.58,186.90097853934,4.874773736204E-02));
#14551 = DIRECTION('',(-4.440892098501E-16,-1.,1.110223024625E-16));
#14552 = DIRECTION('',(-0.479425538604,3.103389452427E-16,0.87758256189)
  );
#14553 = ADVANCED_FACE('',(#14554),#14592,.T.);
#14554 = FACE_BOUND('',#14555,.T.);
#14555 = EDGE_LOOP('',(#14556,#14557,#14558,#14567,#14576,#14585));
#14556 = ORIENTED_EDGE('',*,*,#13720,.F.);
#14557 = ORIENTED_EDGE('',*,*,#14539,.F.);
#14558 = ORIENTED_EDGE('',*,*,#14559,.F.);
#14559 = EDGE_CURVE('',#14560,#14516,#14562,.T.);
#14560 = VERTEX_POINT('',#14561);
#14561 = CARTESIAN_POINT('',(35.26368796549,187.30097853934,
    15.271654806462));
#14562 = CIRCLE('',#14563,0.8);
#14563 = AXIS2_PLACEMENT_3D('',#14564,#14565,#14566);
#14564 = CARTESIAN_POINT('',(34.93153220896,186.90097853934,
    15.879661840462));
#14565 = DIRECTION('',(0.87758256189,-3.364980193331E-16,0.479425538604)
  );
#14566 = DIRECTION('',(0.479425538604,-2.503812611678E-16,-0.87758256189
    ));
#14567 = ORIENTED_EDGE('',*,*,#14568,.T.);
#14568 = EDGE_CURVE('',#14560,#14569,#14571,.T.);
#14569 = VERTEX_POINT('',#14570);
#14570 = CARTESIAN_POINT('',(32.7675685802,187.30097853934,
    13.613012268962));
#14571 = CIRCLE('',#14572,17.3464101615);
#14572 = AXIS2_PLACEMENT_3D('',#14573,#14574,#14575);
#14573 = CARTESIAN_POINT('',(43.58,187.30097853934,4.874773736204E-02));
#14574 = DIRECTION('',(-4.153439648689E-16,-1.,5.840448446692E-17));
#14575 = DIRECTION('',(1.,-4.153439648689E-16,3.330669073875E-16));
#14576 = ORIENTED_EDGE('',*,*,#14577,.T.);
#14577 = EDGE_CURVE('',#14569,#14578,#14580,.T.);
#14578 = VERTEX_POINT('',#14579);
#14579 = CARTESIAN_POINT('',(30.0157473368,187.30097853934,
    10.861194046162));
#14580 = CIRCLE('',#14581,17.3464101615);
#14581 = AXIS2_PLACEMENT_3D('',#14582,#14583,#14584);
#14582 = CARTESIAN_POINT('',(43.58,187.30097853934,4.874773736204E-02));
#14583 = DIRECTION('',(-4.153439648689E-16,-1.,5.840448446692E-17));
#14584 = DIRECTION('',(1.,-4.153439648689E-16,3.330669073875E-16));
#14585 = ORIENTED_EDGE('',*,*,#14586,.T.);
#14586 = EDGE_CURVE('',#14578,#13721,#14587,.T.);
#14587 = CIRCLE('',#14588,17.3464101615);
#14588 = AXIS2_PLACEMENT_3D('',#14589,#14590,#14591);
#14589 = CARTESIAN_POINT('',(43.58,187.30097853934,4.874773736204E-02));
#14590 = DIRECTION('',(-4.153439648689E-16,-1.,5.840448446692E-17));
#14591 = DIRECTION('',(1.,-4.153439648689E-16,3.330669073875E-16));
#14592 = TOROIDAL_SURFACE('',#14593,18.0392304845,0.8);
#14593 = AXIS2_PLACEMENT_3D('',#14594,#14595,#14596);
#14594 = CARTESIAN_POINT('',(43.58,186.90097853934,4.874773736204E-02));
#14595 = DIRECTION('',(-4.440892098501E-16,-1.,1.110223024625E-16));
#14596 = DIRECTION('',(-0.479425538604,3.103389452427E-16,0.87758256189)
  );
#14597 = ADVANCED_FACE('',(#14598),#14613,.F.);
#14598 = FACE_BOUND('',#14599,.F.);
#14599 = EDGE_LOOP('',(#14600,#14601,#14602,#14603,#14604,#14610,#14611,
    #14612));
#14600 = ORIENTED_EDGE('',*,*,#13734,.T.);
#14601 = ORIENTED_EDGE('',*,*,#13842,.F.);
#14602 = ORIENTED_EDGE('',*,*,#13833,.F.);
#14603 = ORIENTED_EDGE('',*,*,#13822,.F.);
#14604 = ORIENTED_EDGE('',*,*,#14605,.T.);
#14605 = EDGE_CURVE('',#13823,#14560,#14606,.T.);
#14606 = LINE('',#14607,#14608);
#14607 = CARTESIAN_POINT('',(-1.19816879768E+05,4.331846804385E+05,
    2.194031486717E+05));
#14608 = VECTOR('',#14609,1.);
#14609 = DIRECTION('',(-0.239712769302,0.866025403785,0.438791280945));
#14610 = ORIENTED_EDGE('',*,*,#14568,.T.);
#14611 = ORIENTED_EDGE('',*,*,#14577,.T.);
#14612 = ORIENTED_EDGE('',*,*,#14586,.T.);
#14613 = CONICAL_SURFACE('',#14614,17.,0.523598775598);
#14614 = AXIS2_PLACEMENT_3D('',#14615,#14616,#14617);
#14615 = CARTESIAN_POINT('',(43.58,186.70097853934,4.874773736204E-02));
#14616 = DIRECTION('',(4.440892098501E-16,1.,-1.110223024625E-16));
#14617 = DIRECTION('',(0.479425538604,-3.103389452427E-16,-0.87758256189
    ));
#14618 = ADVANCED_FACE('',(#14619),#14645,.F.);
#14619 = FACE_BOUND('',#14620,.F.);
#14620 = EDGE_LOOP('',(#14621,#14632,#14638,#14639));
#14621 = ORIENTED_EDGE('',*,*,#14622,.F.);
#14622 = EDGE_CURVE('',#14623,#14625,#14627,.T.);
#14623 = VERTEX_POINT('',#14624);
#14624 = CARTESIAN_POINT('',(34.13531688947,173.13815821634,
    17.337124206562));
#14625 = VERTEX_POINT('',#14626);
#14626 = CARTESIAN_POINT('',(53.02468311049,173.13815821634,
    -17.23962873183));
#14627 = CIRCLE('',#14628,19.7);
#14628 = AXIS2_PLACEMENT_3D('',#14629,#14630,#14631);
#14629 = CARTESIAN_POINT('',(43.58,173.13815821634,4.874773736204E-02));
#14630 = DIRECTION('',(-4.66901222719E-16,-1.,1.527794119265E-16));
#14631 = DIRECTION('',(3.330669073875E-16,-1.527794119265E-16,-1.));
#14632 = ORIENTED_EDGE('',*,*,#14633,.F.);
#14633 = EDGE_CURVE('',#13905,#14623,#14634,.T.);
#14634 = LINE('',#14635,#14636);
#14635 = CARTESIAN_POINT('',(-2.07557842945E+05,-2.498203955175E+05,
    3.800119044577E+05));
#14636 = VECTOR('',#14637,1.);
#14637 = DIRECTION('',(-0.415194695655,-0.499999999997,0.760008792517));
#14638 = ORIENTED_EDGE('',*,*,#13904,.T.);
#14639 = ORIENTED_EDGE('',*,*,#14640,.T.);
#14640 = EDGE_CURVE('',#13897,#14625,#14641,.T.);
#14641 = LINE('',#14642,#14643);
#14642 = CARTESIAN_POINT('',(2.07645002945E+05,-2.498203955175E+05,
    -3.800118069623E+05));
#14643 = VECTOR('',#14644,1.);
#14644 = DIRECTION('',(0.415194695655,-0.499999999997,-0.760008792517));
#14645 = CONICAL_SURFACE('',#14646,17.,1.0471975512);
#14646 = AXIS2_PLACEMENT_3D('',#14647,#14648,#14649);
#14647 = CARTESIAN_POINT('',(43.58,174.69700394314,4.874773736204E-02));
#14648 = DIRECTION('',(-4.440892098501E-16,-1.,1.110223024625E-16));
#14649 = DIRECTION('',(-0.479425538604,3.103389452427E-16,0.87758256189)
  );
#14650 = ADVANCED_FACE('',(#14651),#14696,.F.);
#14651 = FACE_BOUND('',#14652,.F.);
#14652 = EDGE_LOOP('',(#14653,#14660,#14669,#14678,#14687,#14693,#14694,
    #14695));
#14653 = ORIENTED_EDGE('',*,*,#14654,.F.);
#14654 = EDGE_CURVE('',#13962,#13862,#14655,.T.);
#14655 = B_SPLINE_CURVE_WITH_KNOTS('',3,(#14656,#14657,#14658,#14659),
  .UNSPECIFIED.,.F.,.F.,(4,4),(0.,3.14610187693),
  .PIECEWISE_BEZIER_KNOTS.);
#14656 = CARTESIAN_POINT('',(27.6520047817,187.30097634274,
    -6.821250066038));
#14657 = CARTESIAN_POINT('',(27.692020415,187.09831251914,
    -6.618586242448));
#14658 = CARTESIAN_POINT('',(27.734239539,186.89831036994,
    -6.418584093198));
#14659 = CARTESIAN_POINT('',(27.778509564,186.70097853934,
    -6.221252262658));
#14660 = ORIENTED_EDGE('',*,*,#14661,.F.);
#14661 = EDGE_CURVE('',#14662,#13962,#14664,.T.);
#14662 = VERTEX_POINT('',#14663);
#14663 = CARTESIAN_POINT('',(40.99827315117,187.30097853934,
    -17.10446280673));
#14664 = CIRCLE('',#14665,17.3464101615);
#14665 = AXIS2_PLACEMENT_3D('',#14666,#14667,#14668);
#14666 = CARTESIAN_POINT('',(43.58,187.30097853934,4.874773736204E-02));
#14667 = DIRECTION('',(4.153439648689E-16,1.,-5.840448446692E-17));
#14668 = DIRECTION('',(-1.,4.153439648689E-16,-3.330669073875E-16));
#14669 = ORIENTED_EDGE('',*,*,#14670,.F.);
#14670 = EDGE_CURVE('',#14671,#14662,#14673,.T.);
#14671 = VERTEX_POINT('',#14672);
#14672 = CARTESIAN_POINT('',(46.16172684883,187.30097853934,
    -17.10446280673));
#14673 = CIRCLE('',#14674,17.3464101615);
#14674 = AXIS2_PLACEMENT_3D('',#14675,#14676,#14677);
#14675 = CARTESIAN_POINT('',(43.58,187.30097853934,4.874773736204E-02));
#14676 = DIRECTION('',(4.153439648689E-16,1.,-5.840448446692E-17));
#14677 = DIRECTION('',(-1.,4.153439648689E-16,-3.330669073875E-16));
#14678 = ORIENTED_EDGE('',*,*,#14679,.F.);
#14679 = EDGE_CURVE('',#14680,#14671,#14682,.T.);
#14680 = VERTEX_POINT('',#14681);
#14681 = CARTESIAN_POINT('',(51.89631203453,187.30097853934,
    -15.17415933173));
#14682 = CIRCLE('',#14683,17.3464101615);
#14683 = AXIS2_PLACEMENT_3D('',#14684,#14685,#14686);
#14684 = CARTESIAN_POINT('',(43.58,187.30097853934,4.874773736204E-02));
#14685 = DIRECTION('',(4.153439648689E-16,1.,-5.840448446692E-17));
#14686 = DIRECTION('',(-1.,4.153439648689E-16,-3.330669073875E-16));
#14687 = ORIENTED_EDGE('',*,*,#14688,.F.);
#14688 = EDGE_CURVE('',#13888,#14680,#14689,.T.);
#14689 = LINE('',#14690,#14691);
#14690 = CARTESIAN_POINT('',(1.19904039768E+05,4.331846804385E+05,
    -2.194030511763E+05));
#14691 = VECTOR('',#14692,1.);
#14692 = DIRECTION('',(0.239712769302,0.866025403785,-0.438791280945));
#14693 = ORIENTED_EDGE('',*,*,#13887,.F.);
#14694 = ORIENTED_EDGE('',*,*,#13878,.F.);
#14695 = ORIENTED_EDGE('',*,*,#13869,.F.);
#14696 = CONICAL_SURFACE('',#14697,17.,0.523598775598);
#14697 = AXIS2_PLACEMENT_3D('',#14698,#14699,#14700);
#14698 = CARTESIAN_POINT('',(43.58,186.70097853934,4.874773736204E-02));
#14699 = DIRECTION('',(4.440892098501E-16,1.,-1.110223024625E-16));
#14700 = DIRECTION('',(0.479425538604,-3.103389452427E-16,-0.87758256189
    ));
#14701 = ADVANCED_FACE('',(#14702),#14708,.T.);
#14702 = FACE_BOUND('',#14703,.T.);
#14703 = EDGE_LOOP('',(#14704,#14705,#14706,#14707));
#14704 = ORIENTED_EDGE('',*,*,#13935,.F.);
#14705 = ORIENTED_EDGE('',*,*,#13927,.F.);
#14706 = ORIENTED_EDGE('',*,*,#14654,.F.);
#14707 = ORIENTED_EDGE('',*,*,#13961,.F.);
#14708 = PLANE('',#14709);
#14709 = AXIS2_PLACEMENT_3D('',#14710,#14711,#14712);
#14710 = CARTESIAN_POINT('',(45.04161137242,187.70097853934,
    -7.221252262638));
#14711 = DIRECTION('',(-8.090982689251E-18,0.707106781187,0.707106781187
    ));
#14712 = DIRECTION('',(-1.,4.440892098503E-16,-4.555315873023E-16));
#14713 = ADVANCED_FACE('',(#14714),#14730,.T.);
#14714 = FACE_BOUND('',#14715,.T.);
#14715 = EDGE_LOOP('',(#14716,#14717,#14718,#14719,#14720,#14727,#14728,
    #14729));
#14716 = ORIENTED_EDGE('',*,*,#13972,.F.);
#14717 = ORIENTED_EDGE('',*,*,#14661,.F.);
#14718 = ORIENTED_EDGE('',*,*,#14670,.F.);
#14719 = ORIENTED_EDGE('',*,*,#14679,.F.);
#14720 = ORIENTED_EDGE('',*,*,#14721,.T.);
#14721 = EDGE_CURVE('',#14680,#14029,#14722,.T.);
#14722 = CIRCLE('',#14723,0.8);
#14723 = AXIS2_PLACEMENT_3D('',#14724,#14725,#14726);
#14724 = CARTESIAN_POINT('',(52.22846779104,186.90097853934,
    -15.78216636573));
#14725 = DIRECTION('',(-0.87758256189,3.364980193331E-16,-0.479425538604
    ));
#14726 = DIRECTION('',(-0.479425538604,2.503812611678E-16,0.87758256189)
  );
#14727 = ORIENTED_EDGE('',*,*,#14028,.F.);
#14728 = ORIENTED_EDGE('',*,*,#13997,.F.);
#14729 = ORIENTED_EDGE('',*,*,#13986,.F.);
#14730 = TOROIDAL_SURFACE('',#14731,18.0392304845,0.8);
#14731 = AXIS2_PLACEMENT_3D('',#14732,#14733,#14734);
#14732 = CARTESIAN_POINT('',(43.58,186.90097853934,4.874773736204E-02));
#14733 = DIRECTION('',(-4.440892098501E-16,-1.,1.110223024625E-16));
#14734 = DIRECTION('',(-0.479425538604,3.103389452427E-16,0.87758256189)
  );
#14735 = ADVANCED_FACE('',(#14736),#14750,.T.);
#14736 = FACE_BOUND('',#14737,.T.);
#14737 = EDGE_LOOP('',(#14738,#14739,#14740,#14741,#14742,#14749));
#14738 = ORIENTED_EDGE('',*,*,#14174,.F.);
#14739 = ORIENTED_EDGE('',*,*,#14163,.F.);
#14740 = ORIENTED_EDGE('',*,*,#14037,.F.);
#14741 = ORIENTED_EDGE('',*,*,#14721,.F.);
#14742 = ORIENTED_EDGE('',*,*,#14743,.T.);
#14743 = EDGE_CURVE('',#14680,#14140,#14744,.T.);
#14744 = CIRCLE('',#14745,17.3464101615);
#14745 = AXIS2_PLACEMENT_3D('',#14746,#14747,#14748);
#14746 = CARTESIAN_POINT('',(43.58,187.30097853934,4.874773736204E-02));
#14747 = DIRECTION('',(-4.153439648689E-16,-1.,5.840448446692E-17));
#14748 = DIRECTION('',(1.,-4.153439648689E-16,3.330669073875E-16));
#14749 = ORIENTED_EDGE('',*,*,#14185,.F.);
#14750 = TOROIDAL_SURFACE('',#14751,18.0392304845,0.8);
#14751 = AXIS2_PLACEMENT_3D('',#14752,#14753,#14754);
#14752 = CARTESIAN_POINT('',(43.58,186.90097853934,4.874773736204E-02));
#14753 = DIRECTION('',(-4.440892098501E-16,-1.,1.110223024625E-16));
#14754 = DIRECTION('',(0.479425538604,-3.103389452427E-16,-0.87758256189
    ));
#14755 = ADVANCED_FACE('',(#14756,#14792),#14796,.F.);
#14756 = FACE_BOUND('',#14757,.F.);
#14757 = EDGE_LOOP('',(#14758,#14768,#14777,#14785));
#14758 = ORIENTED_EDGE('',*,*,#14759,.F.);
#14759 = EDGE_CURVE('',#14760,#14762,#14764,.T.);
#14760 = VERTEX_POINT('',#14761);
#14761 = CARTESIAN_POINT('',(33.99148922792,172.61854297424,
    17.600398975162));
#14762 = VERTEX_POINT('',#14763);
#14763 = CARTESIAN_POINT('',(33.99148922792,145.70097853934,
    17.600398975162));
#14764 = LINE('',#14765,#14766);
#14765 = CARTESIAN_POINT('',(33.99148922792,150.70097853934,
    17.600398975162));
#14766 = VECTOR('',#14767,1.);
#14767 = DIRECTION('',(-4.440892098501E-16,-1.,1.110224117768E-16));
#14768 = ORIENTED_EDGE('',*,*,#14769,.T.);
#14769 = EDGE_CURVE('',#14760,#14770,#14772,.T.);
#14770 = VERTEX_POINT('',#14771);
#14771 = CARTESIAN_POINT('',(53.16851077208,172.61854297424,
    -17.50290350043));
#14772 = CIRCLE('',#14773,20.);
#14773 = AXIS2_PLACEMENT_3D('',#14774,#14775,#14776);
#14774 = CARTESIAN_POINT('',(43.58,172.61854297424,4.874773736204E-02));
#14775 = DIRECTION('',(-4.440892098501E-16,-1.,1.110223024625E-16));
#14776 = DIRECTION('',(3.330669073875E-16,-1.110223024625E-16,-1.));
#14777 = ORIENTED_EDGE('',*,*,#14778,.T.);
#14778 = EDGE_CURVE('',#14770,#14779,#14781,.T.);
#14779 = VERTEX_POINT('',#14780);
#14780 = CARTESIAN_POINT('',(53.16851077208,145.70097853934,
    -17.50290350043));
#14781 = LINE('',#14782,#14783);
#14782 = CARTESIAN_POINT('',(53.16851077208,150.70097853934,
    -17.50290350043));
#14783 = VECTOR('',#14784,1.);
#14784 = DIRECTION('',(-4.440892098501E-16,-1.,1.110224117768E-16));
#14785 = ORIENTED_EDGE('',*,*,#14786,.F.);
#14786 = EDGE_CURVE('',#14762,#14779,#14787,.T.);
#14787 = CIRCLE('',#14788,20.);
#14788 = AXIS2_PLACEMENT_3D('',#14789,#14790,#14791);
#14789 = CARTESIAN_POINT('',(43.58,145.70097853934,4.874773736204E-02));
#14790 = DIRECTION('',(-4.440892098501E-16,-1.,1.110223024625E-16));
#14791 = DIRECTION('',(3.330669073875E-16,-1.110223024625E-16,-1.));
#14792 = FACE_BOUND('',#14793,.F.);
#14793 = EDGE_LOOP('',(#14794,#14795));
#14794 = ORIENTED_EDGE('',*,*,#14110,.T.);
#14795 = ORIENTED_EDGE('',*,*,#14061,.T.);
#14796 = CYLINDRICAL_SURFACE('',#14797,20.);
#14797 = AXIS2_PLACEMENT_3D('',#14798,#14799,#14800);
#14798 = CARTESIAN_POINT('',(43.58,150.70097853934,4.874773736204E-02));
#14799 = DIRECTION('',(-4.440892098501E-16,-1.,1.110223024625E-16));
#14800 = DIRECTION('',(-0.479425538604,3.103389452427E-16,0.87758256189)
  );
#14801 = ADVANCED_FACE('',(#14802),#14816,.T.);
#14802 = FACE_BOUND('',#14803,.T.);
#14803 = EDGE_LOOP('',(#14804,#14805,#14814,#14815));
#14804 = ORIENTED_EDGE('',*,*,#14139,.F.);
#14805 = ORIENTED_EDGE('',*,*,#14806,.F.);
#14806 = EDGE_CURVE('',#14214,#14140,#14807,.T.);
#14807 = B_SPLINE_CURVE_WITH_KNOTS('',5,(#14808,#14809,#14810,#14811,
    #14812,#14813),.UNSPECIFIED.,.F.,.F.,(6,6),(0.,1.2132733766),
  .PIECEWISE_BEZIER_KNOTS.);
#14808 = CARTESIAN_POINT('',(59.3814904366,186.70097853934,
    -6.221252262638));
#14809 = CARTESIAN_POINT('',(59.4082977196,186.82047091014,
    -6.340744633468));
#14810 = CARTESIAN_POINT('',(59.4343535885,186.94022353384,
    -6.460497257088));
#14811 = CARTESIAN_POINT('',(59.4596578735,187.06023761864,
    -6.580511341938));
#14812 = CARTESIAN_POINT('',(59.484205055,187.18048827124,
    -6.700761994578));
#14813 = CARTESIAN_POINT('',(59.5079953831,187.30097717354,
    -6.821250896818));
#14814 = ORIENTED_EDGE('',*,*,#14213,.T.);
#14815 = ORIENTED_EDGE('',*,*,#14205,.T.);
#14816 = PLANE('',#14817);
#14817 = AXIS2_PLACEMENT_3D('',#14818,#14819,#14820);
#14818 = CARTESIAN_POINT('',(42.13668885938,186.70097853934,
    -6.221252262638));
#14819 = DIRECTION('',(-8.090982689251E-18,0.707106781187,0.707106781187
    ));
#14820 = DIRECTION('',(1.,-4.440892098503E-16,4.555315873023E-16));
#14821 = ADVANCED_FACE('',(#14822),#14854,.F.);
#14822 = FACE_BOUND('',#14823,.F.);
#14823 = EDGE_LOOP('',(#14824,#14833,#14842,#14849,#14850,#14851,#14852,
    #14853));
#14824 = ORIENTED_EDGE('',*,*,#14825,.F.);
#14825 = EDGE_CURVE('',#14826,#14393,#14828,.T.);
#14826 = VERTEX_POINT('',#14827);
#14827 = CARTESIAN_POINT('',(57.1442526632,187.30097853934,
    10.861194046162));
#14828 = CIRCLE('',#14829,17.3464101615);
#14829 = AXIS2_PLACEMENT_3D('',#14830,#14831,#14832);
#14830 = CARTESIAN_POINT('',(43.58,187.30097853934,4.874773736204E-02));
#14831 = DIRECTION('',(4.153439648689E-16,1.,-5.840448446692E-17));
#14832 = DIRECTION('',(-1.,4.153439648689E-16,-3.330669073875E-16));
#14833 = ORIENTED_EDGE('',*,*,#14834,.F.);
#14834 = EDGE_CURVE('',#14835,#14826,#14837,.T.);
#14835 = VERTEX_POINT('',#14836);
#14836 = CARTESIAN_POINT('',(54.3924610426,187.30097853934,
    13.612988655762));
#14837 = CIRCLE('',#14838,17.3464101615);
#14838 = AXIS2_PLACEMENT_3D('',#14839,#14840,#14841);
#14839 = CARTESIAN_POINT('',(43.58,187.30097853934,4.874773736204E-02));
#14840 = DIRECTION('',(4.153439648689E-16,1.,-5.840448446692E-17));
#14841 = DIRECTION('',(-1.,4.153439648689E-16,-3.330669073875E-16));
#14842 = ORIENTED_EDGE('',*,*,#14843,.F.);
#14843 = EDGE_CURVE('',#14560,#14835,#14844,.T.);
#14844 = CIRCLE('',#14845,17.3464101615);
#14845 = AXIS2_PLACEMENT_3D('',#14846,#14847,#14848);
#14846 = CARTESIAN_POINT('',(43.58,187.30097853934,4.874773736204E-02));
#14847 = DIRECTION('',(4.153439648689E-16,1.,-5.840448446692E-17));
#14848 = DIRECTION('',(-1.,4.153439648689E-16,-3.330669073875E-16));
#14849 = ORIENTED_EDGE('',*,*,#14605,.F.);
#14850 = ORIENTED_EDGE('',*,*,#14340,.F.);
#14851 = ORIENTED_EDGE('',*,*,#14331,.F.);
#14852 = ORIENTED_EDGE('',*,*,#14322,.F.);
#14853 = ORIENTED_EDGE('',*,*,#14421,.F.);
#14854 = CONICAL_SURFACE('',#14855,17.,0.523598775598);
#14855 = AXIS2_PLACEMENT_3D('',#14856,#14857,#14858);
#14856 = CARTESIAN_POINT('',(43.58,186.70097853934,4.874773736204E-02));
#14857 = DIRECTION('',(4.440892098501E-16,1.,-1.110223024625E-16));
#14858 = DIRECTION('',(-0.479425538604,3.103389452427E-16,0.87758256189)
  );
#14859 = ADVANCED_FACE('',(#14860),#14866,.F.);
#14860 = FACE_BOUND('',#14861,.F.);
#14861 = EDGE_LOOP('',(#14862,#14863,#14864,#14865));
#14862 = ORIENTED_EDGE('',*,*,#14292,.F.);
#14863 = ORIENTED_EDGE('',*,*,#14688,.T.);
#14864 = ORIENTED_EDGE('',*,*,#14743,.T.);
#14865 = ORIENTED_EDGE('',*,*,#14806,.F.);
#14866 = CONICAL_SURFACE('',#14867,17.,0.523598775598);
#14867 = AXIS2_PLACEMENT_3D('',#14868,#14869,#14870);
#14868 = CARTESIAN_POINT('',(43.58,186.70097853934,4.874773736204E-02));
#14869 = DIRECTION('',(4.440892098501E-16,1.,-1.110223024625E-16));
#14870 = DIRECTION('',(-0.479425538604,3.103389452427E-16,0.87758256189)
  );
#14871 = ADVANCED_FACE('',(#14872),#14884,.F.);
#14872 = FACE_BOUND('',#14873,.F.);
#14873 = EDGE_LOOP('',(#14874,#14881,#14882,#14883));
#14874 = ORIENTED_EDGE('',*,*,#14875,.F.);
#14875 = EDGE_CURVE('',#14625,#14623,#14876,.T.);
#14876 = CIRCLE('',#14877,19.7);
#14877 = AXIS2_PLACEMENT_3D('',#14878,#14879,#14880);
#14878 = CARTESIAN_POINT('',(43.58,173.13815821634,4.874773736204E-02));
#14879 = DIRECTION('',(-4.66901222719E-16,-1.,1.527794119265E-16));
#14880 = DIRECTION('',(3.330669073875E-16,-1.527794119265E-16,-1.));
#14881 = ORIENTED_EDGE('',*,*,#14640,.F.);
#14882 = ORIENTED_EDGE('',*,*,#14273,.T.);
#14883 = ORIENTED_EDGE('',*,*,#14633,.T.);
#14884 = CONICAL_SURFACE('',#14885,17.,1.0471975512);
#14885 = AXIS2_PLACEMENT_3D('',#14886,#14887,#14888);
#14886 = CARTESIAN_POINT('',(43.58,174.69700394314,4.874773736204E-02));
#14887 = DIRECTION('',(-4.440892098501E-16,-1.,1.110223024625E-16));
#14888 = DIRECTION('',(0.479425538604,-3.103389452427E-16,-0.87758256189
    ));
#14889 = ADVANCED_FACE('',(#14890),#14898,.T.);
#14890 = FACE_BOUND('',#14891,.T.);
#14891 = EDGE_LOOP('',(#14892,#14893,#14894,#14895,#14896,#14897));
#14892 = ORIENTED_EDGE('',*,*,#14825,.F.);
#14893 = ORIENTED_EDGE('',*,*,#14834,.F.);
#14894 = ORIENTED_EDGE('',*,*,#14843,.F.);
#14895 = ORIENTED_EDGE('',*,*,#14559,.T.);
#14896 = ORIENTED_EDGE('',*,*,#14515,.F.);
#14897 = ORIENTED_EDGE('',*,*,#14390,.T.);
#14898 = TOROIDAL_SURFACE('',#14899,18.0392304845,0.8);
#14899 = AXIS2_PLACEMENT_3D('',#14900,#14901,#14902);
#14900 = CARTESIAN_POINT('',(43.58,186.90097853934,4.874773736204E-02));
#14901 = DIRECTION('',(-4.440892098501E-16,-1.,1.110223024625E-16));
#14902 = DIRECTION('',(0.479425538604,-3.103389452427E-16,-0.87758256189
    ));
#14903 = ADVANCED_FACE('',(#14904,#14922),#14926,.F.);
#14904 = FACE_BOUND('',#14905,.F.);
#14905 = EDGE_LOOP('',(#14906,#14913,#14914,#14921));
#14906 = ORIENTED_EDGE('',*,*,#14907,.F.);
#14907 = EDGE_CURVE('',#14779,#14762,#14908,.T.);
#14908 = CIRCLE('',#14909,20.);
#14909 = AXIS2_PLACEMENT_3D('',#14910,#14911,#14912);
#14910 = CARTESIAN_POINT('',(43.58,145.70097853934,4.874773736204E-02));
#14911 = DIRECTION('',(-4.440892098501E-16,-1.,1.110223024625E-16));
#14912 = DIRECTION('',(3.330669073875E-16,-1.110223024625E-16,-1.));
#14913 = ORIENTED_EDGE('',*,*,#14778,.F.);
#14914 = ORIENTED_EDGE('',*,*,#14915,.T.);
#14915 = EDGE_CURVE('',#14770,#14760,#14916,.T.);
#14916 = CIRCLE('',#14917,20.);
#14917 = AXIS2_PLACEMENT_3D('',#14918,#14919,#14920);
#14918 = CARTESIAN_POINT('',(43.58,172.61854297424,4.874773736204E-02));
#14919 = DIRECTION('',(-4.440892098501E-16,-1.,1.110223024625E-16));
#14920 = DIRECTION('',(3.330669073875E-16,-1.110223024625E-16,-1.));
#14921 = ORIENTED_EDGE('',*,*,#14759,.T.);
#14922 = FACE_BOUND('',#14923,.F.);
#14923 = EDGE_LOOP('',(#14924,#14925));
#14924 = ORIENTED_EDGE('',*,*,#14438,.T.);
#14925 = ORIENTED_EDGE('',*,*,#14484,.T.);
#14926 = CYLINDRICAL_SURFACE('',#14927,20.);
#14927 = AXIS2_PLACEMENT_3D('',#14928,#14929,#14930);
#14928 = CARTESIAN_POINT('',(43.58,150.70097853934,4.874773736204E-02));
#14929 = DIRECTION('',(-4.440892098501E-16,-1.,1.110223024625E-16));
#14930 = DIRECTION('',(0.479425538604,-3.103389452427E-16,-0.87758256189
    ));
#14931 = ADVANCED_FACE('',(#14932),#14950,.F.);
#14932 = FACE_BOUND('',#14933,.F.);
#14933 = EDGE_LOOP('',(#14934,#14935,#14942,#14943));
#14934 = ORIENTED_EDGE('',*,*,#14769,.F.);
#14935 = ORIENTED_EDGE('',*,*,#14936,.F.);
#14936 = EDGE_CURVE('',#14623,#14760,#14937,.T.);
#14937 = CIRCLE('',#14938,0.6);
#14938 = AXIS2_PLACEMENT_3D('',#14939,#14940,#14941);
#14939 = CARTESIAN_POINT('',(34.27914455108,172.61854297404,
    17.073849438062));
#14940 = DIRECTION('',(0.87758256189,-3.364980193331E-16,0.479425538604)
  );
#14941 = DIRECTION('',(0.479425538604,-2.503812611678E-16,-0.87758256189
    ));
#14942 = ORIENTED_EDGE('',*,*,#14622,.T.);
#14943 = ORIENTED_EDGE('',*,*,#14944,.T.);
#14944 = EDGE_CURVE('',#14625,#14770,#14945,.T.);
#14945 = CIRCLE('',#14946,0.6);
#14946 = AXIS2_PLACEMENT_3D('',#14947,#14948,#14949);
#14947 = CARTESIAN_POINT('',(52.88085544892,172.61854297404,
    -16.97635396333));
#14948 = DIRECTION('',(-0.87758256189,3.364980193331E-16,-0.479425538604
    ));
#14949 = DIRECTION('',(-0.479425538604,2.503812611678E-16,0.87758256189)
  );
#14950 = TOROIDAL_SURFACE('',#14951,19.4,0.6);
#14951 = AXIS2_PLACEMENT_3D('',#14952,#14953,#14954);
#14952 = CARTESIAN_POINT('',(43.58,172.61854297404,4.874773736204E-02));
#14953 = DIRECTION('',(-4.440892098501E-16,-1.,1.110223024625E-16));
#14954 = DIRECTION('',(-0.479425538604,3.103389452427E-16,0.87758256189)
  );
#14955 = ADVANCED_FACE('',(#14956,#14960),#14980,.F.);
#14956 = FACE_BOUND('',#14957,.T.);
#14957 = EDGE_LOOP('',(#14958,#14959));
#14958 = ORIENTED_EDGE('',*,*,#14907,.F.);
#14959 = ORIENTED_EDGE('',*,*,#14786,.F.);
#14960 = FACE_BOUND('',#14961,.T.);
#14961 = EDGE_LOOP('',(#14962,#14973));
#14962 = ORIENTED_EDGE('',*,*,#14963,.T.);
#14963 = EDGE_CURVE('',#14964,#14966,#14968,.T.);
#14964 = VERTEX_POINT('',#14965);
#14965 = CARTESIAN_POINT('',(39.50488292232,145.70097853934,
    7.508199513362));
#14966 = VERTEX_POINT('',#14967);
#14967 = CARTESIAN_POINT('',(47.65511707768,145.70097853934,
    -7.410704038638));
#14968 = CIRCLE('',#14969,8.49999999972);
#14969 = AXIS2_PLACEMENT_3D('',#14970,#14971,#14972);
#14970 = CARTESIAN_POINT('',(43.58,145.70097853934,4.874773736204E-02));
#14971 = DIRECTION('',(-4.440892098501E-16,-1.,1.110223024625E-16));
#14972 = DIRECTION('',(3.330669073875E-16,-1.110223024625E-16,-1.));
#14973 = ORIENTED_EDGE('',*,*,#14974,.T.);
#14974 = EDGE_CURVE('',#14966,#14964,#14975,.T.);
#14975 = CIRCLE('',#14976,8.49999999972);
#14976 = AXIS2_PLACEMENT_3D('',#14977,#14978,#14979);
#14977 = CARTESIAN_POINT('',(43.58,145.70097853934,4.874773736204E-02));
#14978 = DIRECTION('',(-4.440892098501E-16,-1.,1.110223024625E-16));
#14979 = DIRECTION('',(3.330669073875E-16,-1.110223024625E-16,-1.));
#14980 = PLANE('',#14981);
#14981 = AXIS2_PLACEMENT_3D('',#14982,#14983,#14984);
#14982 = CARTESIAN_POINT('',(43.58,145.70097853934,-15.70125226263));
#14983 = DIRECTION('',(-4.440892098501E-16,-1.,1.110223024625E-16));
#14984 = DIRECTION('',(1.,-4.440892098501E-16,4.555315873025E-16));
#14985 = ADVANCED_FACE('',(#14986),#14992,.F.);
#14986 = FACE_BOUND('',#14987,.F.);
#14987 = EDGE_LOOP('',(#14988,#14989,#14990,#14991));
#14988 = ORIENTED_EDGE('',*,*,#14915,.F.);
#14989 = ORIENTED_EDGE('',*,*,#14944,.F.);
#14990 = ORIENTED_EDGE('',*,*,#14875,.T.);
#14991 = ORIENTED_EDGE('',*,*,#14936,.T.);
#14992 = TOROIDAL_SURFACE('',#14993,19.4,0.6);
#14993 = AXIS2_PLACEMENT_3D('',#14994,#14995,#14996);
#14994 = CARTESIAN_POINT('',(43.58,172.61854297404,4.874773736204E-02));
#14995 = DIRECTION('',(-4.440892098501E-16,-1.,1.110223024625E-16));
#14996 = DIRECTION('',(0.479425538604,-3.103389452427E-16,-0.87758256189
    ));
#14997 = ADVANCED_FACE('',(#14998),#15024,.F.);
#14998 = FACE_BOUND('',#14999,.F.);
#14999 = EDGE_LOOP('',(#15000,#15001,#15009,#15018));
#15000 = ORIENTED_EDGE('',*,*,#14963,.T.);
#15001 = ORIENTED_EDGE('',*,*,#15002,.T.);
#15002 = EDGE_CURVE('',#14966,#15003,#15005,.T.);
#15003 = VERTEX_POINT('',#15004);
#15004 = CARTESIAN_POINT('',(47.65511707814,133.70097853935,
    -7.410704038708));
#15005 = LINE('',#15006,#15007);
#15006 = CARTESIAN_POINT('',(47.65511707814,139.70097853935,
    -7.410704038708));
#15007 = VECTOR('',#15008,1.);
#15008 = DIRECTION('',(-4.440892098501E-16,-1.,1.110223229589E-16));
#15009 = ORIENTED_EDGE('',*,*,#15010,.F.);
#15010 = EDGE_CURVE('',#15011,#15003,#15013,.T.);
#15011 = VERTEX_POINT('',#15012);
#15012 = CARTESIAN_POINT('',(39.50488292186,133.70097853935,
    7.508199513432));
#15013 = CIRCLE('',#15014,8.5);
#15014 = AXIS2_PLACEMENT_3D('',#15015,#15016,#15017);
#15015 = CARTESIAN_POINT('',(43.58,133.70097853935,4.874773736204E-02));
#15016 = DIRECTION('',(-4.440892098501E-16,-1.,1.110223024625E-16));
#15017 = DIRECTION('',(3.330669073875E-16,-1.110223024625E-16,-1.));
#15018 = ORIENTED_EDGE('',*,*,#15019,.F.);
#15019 = EDGE_CURVE('',#14964,#15011,#15020,.T.);
#15020 = LINE('',#15021,#15022);
#15021 = CARTESIAN_POINT('',(39.50488292186,139.70097853935,
    7.508199513432));
#15022 = VECTOR('',#15023,1.);
#15023 = DIRECTION('',(-4.440892098501E-16,-1.,1.110223229589E-16));
#15024 = CYLINDRICAL_SURFACE('',#15025,8.5);
#15025 = AXIS2_PLACEMENT_3D('',#15026,#15027,#15028);
#15026 = CARTESIAN_POINT('',(43.58,139.70097853935,4.874773736204E-02));
#15027 = DIRECTION('',(-4.440892098501E-16,-1.,1.110223024625E-16));
#15028 = DIRECTION('',(-0.479425538604,3.103389452427E-16,0.87758256189)
  );
#15029 = ADVANCED_FACE('',(#15030),#15042,.F.);
#15030 = FACE_BOUND('',#15031,.F.);
#15031 = EDGE_LOOP('',(#15032,#15033,#15040,#15041));
#15032 = ORIENTED_EDGE('',*,*,#15019,.T.);
#15033 = ORIENTED_EDGE('',*,*,#15034,.F.);
#15034 = EDGE_CURVE('',#15003,#15011,#15035,.T.);
#15035 = CIRCLE('',#15036,8.5);
#15036 = AXIS2_PLACEMENT_3D('',#15037,#15038,#15039);
#15037 = CARTESIAN_POINT('',(43.58,133.70097853935,4.874773736204E-02));
#15038 = DIRECTION('',(-4.440892098501E-16,-1.,1.110223024625E-16));
#15039 = DIRECTION('',(3.330669073875E-16,-1.110223024625E-16,-1.));
#15040 = ORIENTED_EDGE('',*,*,#15002,.F.);
#15041 = ORIENTED_EDGE('',*,*,#14974,.T.);
#15042 = CYLINDRICAL_SURFACE('',#15043,8.5);
#15043 = AXIS2_PLACEMENT_3D('',#15044,#15045,#15046);
#15044 = CARTESIAN_POINT('',(43.58,139.70097853935,4.874773736204E-02));
#15045 = DIRECTION('',(-4.440892098501E-16,-1.,1.110223024625E-16));
#15046 = DIRECTION('',(0.479425538604,-3.103389452427E-16,-0.87758256189
    ));
#15047 = ADVANCED_FACE('',(#15048,#15052),#15072,.F.);
#15048 = FACE_BOUND('',#15049,.T.);
#15049 = EDGE_LOOP('',(#15050,#15051));
#15050 = ORIENTED_EDGE('',*,*,#15034,.F.);
#15051 = ORIENTED_EDGE('',*,*,#15010,.F.);
#15052 = FACE_BOUND('',#15053,.T.);
#15053 = EDGE_LOOP('',(#15054,#15065));
#15054 = ORIENTED_EDGE('',*,*,#15055,.T.);
#15055 = EDGE_CURVE('',#15056,#15058,#15060,.T.);
#15056 = VERTEX_POINT('',#15057);
#15057 = CARTESIAN_POINT('',(41.56641273752,133.70097853935,
    3.734594497482));
#15058 = VERTEX_POINT('',#15059);
#15059 = CARTESIAN_POINT('',(45.59358726248,133.70097853935,
    -3.637099022388));
#15060 = CIRCLE('',#15061,4.20000000016);
#15061 = AXIS2_PLACEMENT_3D('',#15062,#15063,#15064);
#15062 = CARTESIAN_POINT('',(43.579999999675,133.70097853935,
    4.874773737053E-02));
#15063 = DIRECTION('',(-4.440892098501E-16,-1.,1.110223024625E-16));
#15064 = DIRECTION('',(3.330669073875E-16,-1.110223024625E-16,-1.));
#15065 = ORIENTED_EDGE('',*,*,#15066,.T.);
#15066 = EDGE_CURVE('',#15058,#15056,#15067,.T.);
#15067 = CIRCLE('',#15068,4.20000000016);
#15068 = AXIS2_PLACEMENT_3D('',#15069,#15070,#15071);
#15069 = CARTESIAN_POINT('',(43.580000000325,133.70097853935,
    4.874773772609E-02));
#15070 = DIRECTION('',(-4.440892098501E-16,-1.,1.110223024625E-16));
#15071 = DIRECTION('',(3.330669073875E-16,-1.110223024625E-16,-1.));
#15072 = PLANE('',#15073);
#15073 = AXIS2_PLACEMENT_3D('',#15074,#15075,#15076);
#15074 = CARTESIAN_POINT('',(43.58,133.70097853935,-8.401252262638));
#15075 = DIRECTION('',(-4.440892098501E-16,-1.,1.110223024625E-16));
#15076 = DIRECTION('',(1.,-4.440892098501E-16,4.555315873025E-16));
#15077 = ADVANCED_FACE('',(#15078),#15104,.F.);
#15078 = FACE_BOUND('',#15079,.F.);
#15079 = EDGE_LOOP('',(#15080,#15088,#15089,#15097));
#15080 = ORIENTED_EDGE('',*,*,#15081,.F.);
#15081 = EDGE_CURVE('',#15056,#15082,#15084,.T.);
#15082 = VERTEX_POINT('',#15083);
#15083 = CARTESIAN_POINT('',(41.56641273786,129.70097853935,
    3.734594497302));
#15084 = LINE('',#15085,#15086);
#15085 = CARTESIAN_POINT('',(41.56641273786,150.70097853934,
    3.734594497302));
#15086 = VECTOR('',#15087,1.);
#15087 = DIRECTION('',(-4.440892098501E-16,-1.,1.110223007545E-16));
#15088 = ORIENTED_EDGE('',*,*,#15055,.T.);
#15089 = ORIENTED_EDGE('',*,*,#15090,.T.);
#15090 = EDGE_CURVE('',#15058,#15091,#15093,.T.);
#15091 = VERTEX_POINT('',#15092);
#15092 = CARTESIAN_POINT('',(45.59358726214,129.70097853935,
    -3.637099022578));
#15093 = LINE('',#15094,#15095);
#15094 = CARTESIAN_POINT('',(45.59358726214,150.70097853934,
    -3.637099022578));
#15095 = VECTOR('',#15096,1.);
#15096 = DIRECTION('',(-4.440892098501E-16,-1.,1.110223007545E-16));
#15097 = ORIENTED_EDGE('',*,*,#15098,.F.);
#15098 = EDGE_CURVE('',#15082,#15091,#15099,.T.);
#15099 = CIRCLE('',#15100,4.2);
#15100 = AXIS2_PLACEMENT_3D('',#15101,#15102,#15103);
#15101 = CARTESIAN_POINT('',(43.58,129.70097853935,4.874773736204E-02));
#15102 = DIRECTION('',(-4.440892098501E-16,-1.,1.110223024625E-16));
#15103 = DIRECTION('',(3.330669073875E-16,-1.110223024625E-16,-1.));
#15104 = CYLINDRICAL_SURFACE('',#15105,4.2);
#15105 = AXIS2_PLACEMENT_3D('',#15106,#15107,#15108);
#15106 = CARTESIAN_POINT('',(43.58,150.70097853934,4.874773736204E-02));
#15107 = DIRECTION('',(-4.440892098501E-16,-1.,1.110223024625E-16));
#15108 = DIRECTION('',(-0.479425538604,3.103389452427E-16,0.87758256189)
  );
#15109 = ADVANCED_FACE('',(#15110),#15122,.F.);
#15110 = FACE_BOUND('',#15111,.F.);
#15111 = EDGE_LOOP('',(#15112,#15119,#15120,#15121));
#15112 = ORIENTED_EDGE('',*,*,#15113,.F.);
#15113 = EDGE_CURVE('',#15091,#15082,#15114,.T.);
#15114 = CIRCLE('',#15115,4.2);
#15115 = AXIS2_PLACEMENT_3D('',#15116,#15117,#15118);
#15116 = CARTESIAN_POINT('',(43.58,129.70097853935,4.874773736204E-02));
#15117 = DIRECTION('',(-4.440892098501E-16,-1.,1.110223024625E-16));
#15118 = DIRECTION('',(3.330669073875E-16,-1.110223024625E-16,-1.));
#15119 = ORIENTED_EDGE('',*,*,#15090,.F.);
#15120 = ORIENTED_EDGE('',*,*,#15066,.T.);
#15121 = ORIENTED_EDGE('',*,*,#15081,.T.);
#15122 = CYLINDRICAL_SURFACE('',#15123,4.2);
#15123 = AXIS2_PLACEMENT_3D('',#15124,#15125,#15126);
#15124 = CARTESIAN_POINT('',(43.58,150.70097853934,4.874773736204E-02));
#15125 = DIRECTION('',(-4.440892098501E-16,-1.,1.110223024625E-16));
#15126 = DIRECTION('',(0.479425538604,-3.103389452427E-16,-0.87758256189
    ));
#15127 = ADVANCED_FACE('',(#15128),#15132,.F.);
#15128 = FACE_BOUND('',#15129,.T.);
#15129 = EDGE_LOOP('',(#15130,#15131));
#15130 = ORIENTED_EDGE('',*,*,#15113,.F.);
#15131 = ORIENTED_EDGE('',*,*,#15098,.F.);
#15132 = PLANE('',#15133);
#15133 = AXIS2_PLACEMENT_3D('',#15134,#15135,#15136);
#15134 = CARTESIAN_POINT('',(17.18,129.70097853935,4.874773736203E-02));
#15135 = DIRECTION('',(-4.440892098501E-16,-1.,1.110223024625E-16));
#15136 = DIRECTION('',(1.,-4.440892098501E-16,4.555315873025E-16));
#15137 = ( GEOMETRIC_REPRESENTATION_CONTEXT(3) 
GLOBAL_UNCERTAINTY_ASSIGNED_CONTEXT((#15141)) 
GLOBAL_UNIT_ASSIGNED_CONTEXT((#15138,#15139,#15140)) 
REPRESENTATION_CONTEXT('Context #1',
  '3D Context with UNIT and UNCERTAINTY') );
#15138 = ( LENGTH_UNIT() NAMED_UNIT(*) SI_UNIT(.MILLI.,.METRE.) );
#15139 = ( NAMED_UNIT(*) PLANE_ANGLE_UNIT() SI_UNIT($,.RADIAN.) );
#15140 = ( NAMED_UNIT(*) SI_UNIT($,.STERADIAN.) SOLID_ANGLE_UNIT() );
#15141 = UNCERTAINTY_MEASURE_WITH_UNIT(LENGTH_MEASURE(1.E-04),#15138,
  'distance_accuracy_value','confusion accuracy');
#15142 = PRODUCT_RELATED_PRODUCT_CATEGORY('part',$,(#7));
#15143 = MECHANICAL_DESIGN_GEOMETRIC_PRESENTATION_REPRESENTATION('',(
    #15144),#15137);
#15144 = STYLED_ITEM('color',(#15145),#15);
#15145 = PRESENTATION_STYLE_ASSIGNMENT((#15146));
#15146 = SURFACE_STYLE_USAGE(.BOTH.,#15147);
#15147 = SURFACE_SIDE_STYLE('',(#15148));
#15148 = SURFACE_STYLE_FILL_AREA(#15149);
#15149 = FILL_AREA_STYLE('',(#15150));
#15150 = FILL_AREA_STYLE_COLOUR('',#15151);
#15151 = COLOUR_RGB('',0.29411765933,0.29411765933,0.29411765933);
ENDSEC;
END-ISO-10303-21;
