ISO-10303-21;
HEADER;
FILE_DESCRIPTION(('Open CASCADE Model'),'2;1');
FILE_NAME('Open CASCADE Shape Model','2026-09-18T15:45:45',('Author'),(
    'Open CASCADE'),'Open CASCADE STEP processor 7.3','Open CASCADE 7.3'
  ,'Unknown');
FILE_SCHEMA(('AUTOMOTIVE_DESIGN { 1 0 10303 214 1 1 1 1 }'));
ENDSEC;
DATA;
#1 = APPLICATION_PROTOCOL_DEFINITION('international standard',
  'automotive_design',2000,#2);
#2 = APPLICATION_CONTEXT(
  'core data for automotive mechanical design processes');
#3 = SHAPE_DEFINITION_REPRESENTATION(#4,#10);
#4 = PRODUCT_DEFINITION_SHAPE('','',#5);
#5 = PRODUCT_DEFINITION('design','',#6,#9);
#6 = PRODUCT_DEFINITION_FORMATION('','',#7);
#7 = PRODUCT('Pottmanager 73','Pottmanager 73','',(#8));
#8 = PRODUCT_CONTEXT('',#2,'mechanical');
#9 = PRODUCT_DEFINITION_CONTEXT('part definition',#2,'design');
#10 = SHAPE_REPRESENTATION('',(#11,#15,#4223),#5969);
#11 = AXIS2_PLACEMENT_3D('',#12,#13,#14);
#12 = CARTESIAN_POINT('',(0.,0.,0.));
#13 = DIRECTION('',(0.,0.,1.));
#14 = DIRECTION('',(1.,0.,-0.));
#15 = MANIFOLD_SOLID_BREP('',#16);
#16 = CLOSED_SHELL('',(#17,#116,#164,#210,#283,#327,#359,#429,#509,#541,
    #575,#597,#639,#903,#937,#969,#1056,#1155,#1187,#1221,#1243,#1271,
    #1293,#1342,#1391,#1451,#1501,#1543,#1577,#1601,#1630,#1654,#1666,
    #1700,#1722,#1754,#1788,#1810,#1870,#1920,#2220,#2237,#2279,#2405,
    #2429,#2457,#2481,#2509,#2533,#2553,#2577,#2601,#2621,#2645,#2665,
    #2681,#2713,#2753,#2771,#2789,#2814,#2832,#2857,#2898,#2941,#2968,
    #2985,#3019,#3036,#3072,#3115,#3142,#3159,#3193,#3210,#3246,#3264,
    #3282,#3326,#3352,#3370,#3388,#3432,#3458,#3476,#3494,#3538,#3564,
    #3582,#3600,#3644,#3670,#3703,#3722,#3741,#3760,#3779,#3802,#3821,
    #3835,#3859,#3878,#3892,#3924,#3943,#3962,#3981,#4000,#4022,#4054,
    #4071,#4091,#4115,#4139,#4166,#4183,#4207));
#17 = ADVANCED_FACE('',(#18),#111,.F.);
#18 = FACE_BOUND('',#19,.F.);
#19 = EDGE_LOOP('',(#20,#31,#38,#49,#64,#73,#88,#97,#110));
#20 = ORIENTED_EDGE('',*,*,#21,.T.);
#21 = EDGE_CURVE('',#22,#24,#26,.T.);
#22 = VERTEX_POINT('',#23);
#23 = CARTESIAN_POINT('',(-22.04999973794,122.95000009333,
    -2.278283745918E-14));
#24 = VERTEX_POINT('',#25);
#25 = CARTESIAN_POINT('',(3.950000262055,122.95,26.));
#26 = CIRCLE('',#27,26.);
#27 = AXIS2_PLACEMENT_3D('',#28,#29,#30);
#28 = CARTESIAN_POINT('',(3.950000262055,122.95,-2.278283744881E-14));
#29 = DIRECTION('',(-3.589793573511E-09,-1.,1.110223024625E-16));
#30 = DIRECTION('',(-1.,3.589793573511E-09,-3.985471478963E-25));
#31 = ORIENTED_EDGE('',*,*,#32,.T.);
#32 = EDGE_CURVE('',#24,#22,#33,.T.);
#33 = CIRCLE('',#34,26.);
#34 = AXIS2_PLACEMENT_3D('',#35,#36,#37);
#35 = CARTESIAN_POINT('',(3.950000262055,122.95,-2.278283744881E-14));
#36 = DIRECTION('',(-3.589793573511E-09,-1.,1.110223024625E-16));
#37 = DIRECTION('',(-1.,3.589793573511E-09,-3.985471478963E-25));
#38 = ORIENTED_EDGE('',*,*,#39,.F.);
#39 = EDGE_CURVE('',#40,#22,#42,.T.);
#40 = VERTEX_POINT('',#41);
#41 = CARTESIAN_POINT('',(-22.54999973622,123.81602549971,
    -2.287898559378E-14));
#42 = B_SPLINE_CURVE_WITH_KNOTS('',5,(#43,#44,#45,#46,#47,#48),
  .UNSPECIFIED.,.F.,.F.,(6,6),(2.094395100789,3.14159265359),
  .PIECEWISE_BEZIER_KNOTS.);
#43 = CARTESIAN_POINT('',(-22.54999973622,123.81602549971,
    -2.936961362961E-14));
#44 = CARTESIAN_POINT('',(-22.36861979973,123.71130574407,
    -2.931356212939E-14));
#45 = CARTESIAN_POINT('',(-22.21462122131,123.55912358856,
    -2.925894774274E-14));
#46 = CARTESIAN_POINT('',(-22.10479405949,123.36889736301,
    -2.921092849259E-14));
#47 = CARTESIAN_POINT('',(-22.04999973719,123.15943960389,
    -2.917425327143E-14));
#48 = CARTESIAN_POINT('',(-22.04999973794,122.95000009333,
    -2.915100081474E-14));
#49 = ORIENTED_EDGE('',*,*,#50,.T.);
#50 = EDGE_CURVE('',#40,#51,#53,.T.);
#51 = VERTEX_POINT('',#52);
#52 = CARTESIAN_POINT('',(-22.54999973435,123.95000009513,5.172040216394
    ));
#53 = B_SPLINE_CURVE_WITH_KNOTS('',3,(#54,#55,#56,#57,#58,#59,#60,#61,
    #62,#63),.UNSPECIFIED.,.F.,.F.,(4,2,2,2,4),(0.,2.588078638553E-03,
    5.176157277106E-03,7.764235915659E-03,1.035231455421E-02),
  .UNSPECIFIED.);
#54 = CARTESIAN_POINT('',(-22.54999973435,123.95000009513,
    -5.172040216394));
#55 = CARTESIAN_POINT('',(-22.54999973435,123.95000009513,
    -4.309082785462));
#56 = CARTESIAN_POINT('',(-22.54999973449,123.91111545833,
    -3.447087243983));
#57 = CARTESIAN_POINT('',(-22.54999973473,123.84356238102,
    -1.722830152866));
#58 = CARTESIAN_POINT('',(-22.54999973483,123.81600162049,
    -0.860725610714));
#59 = CARTESIAN_POINT('',(-22.54999973483,123.8160494126,0.863270426821)
  );
#60 = CARTESIAN_POINT('',(-22.54999973473,123.84364806505,1.725161960435
    ));
#61 = CARTESIAN_POINT('',(-22.54999973449,123.91119206011,3.448897348577
    ));
#62 = CARTESIAN_POINT('',(-22.54999973435,123.95000009513,4.31118265535)
  );
#63 = CARTESIAN_POINT('',(-22.54999973435,123.95000009513,5.172040216394
    ));
#64 = ORIENTED_EDGE('',*,*,#65,.T.);
#65 = EDGE_CURVE('',#51,#66,#68,.T.);
#66 = VERTEX_POINT('',#67);
#67 = CARTESIAN_POINT('',(30.450000265645,123.94999990487,5.172040216394
    ));
#68 = CIRCLE('',#69,27.);
#69 = AXIS2_PLACEMENT_3D('',#70,#71,#72);
#70 = CARTESIAN_POINT('',(3.950000265645,123.95,-2.289385975128E-14));
#71 = DIRECTION('',(3.589793573511E-09,1.,-1.110223024625E-16));
#72 = DIRECTION('',(-1.,3.589793573511E-09,-3.985471478963E-25));
#73 = ORIENTED_EDGE('',*,*,#74,.T.);
#74 = EDGE_CURVE('',#66,#75,#77,.T.);
#75 = VERTEX_POINT('',#76);
#76 = CARTESIAN_POINT('',(30.450000265645,123.94999990487,
    -5.172040216394));
#77 = B_SPLINE_CURVE_WITH_KNOTS('',3,(#78,#79,#80,#81,#82,#83,#84,#85,
    #86,#87),.UNSPECIFIED.,.F.,.F.,(4,2,2,2,4),(0.,2.588078638553E-03,
    5.176157277106E-03,7.764235915659E-03,1.035231455421E-02),
  .UNSPECIFIED.);
#78 = CARTESIAN_POINT('',(30.450000265645,123.94999990487,5.172040216394
    ));
#79 = CARTESIAN_POINT('',(30.450000265645,123.94999990487,4.309082785462
    ));
#80 = CARTESIAN_POINT('',(30.450000265505,123.91111526807,3.447087243983
    ));
#81 = CARTESIAN_POINT('',(30.450000265263,123.84356219076,1.722830152866
    ));
#82 = CARTESIAN_POINT('',(30.450000265164,123.81600143024,0.860725610714
    ));
#83 = CARTESIAN_POINT('',(30.450000265164,123.81604922234,
    -0.863270426821));
#84 = CARTESIAN_POINT('',(30.450000265263,123.84364787479,
    -1.725161960435));
#85 = CARTESIAN_POINT('',(30.450000265505,123.91119186985,
    -3.448897348577));
#86 = CARTESIAN_POINT('',(30.450000265645,123.94999990487,-4.31118265535
    ));
#87 = CARTESIAN_POINT('',(30.450000265645,123.94999990487,
    -5.172040216394));
#88 = ORIENTED_EDGE('',*,*,#89,.T.);
#89 = EDGE_CURVE('',#75,#90,#92,.T.);
#90 = VERTEX_POINT('',#91);
#91 = CARTESIAN_POINT('',(-22.54999973435,123.95000009513,
    -5.172040216394));
#92 = CIRCLE('',#93,27.);
#93 = AXIS2_PLACEMENT_3D('',#94,#95,#96);
#94 = CARTESIAN_POINT('',(3.950000265645,123.95,-2.289385975128E-14));
#95 = DIRECTION('',(3.589793573511E-09,1.,-1.110223024625E-16));
#96 = DIRECTION('',(-1.,3.589793573511E-09,-3.985471478963E-25));
#97 = ORIENTED_EDGE('',*,*,#98,.T.);
#98 = EDGE_CURVE('',#90,#40,#99,.T.);
#99 = B_SPLINE_CURVE_WITH_KNOTS('',3,(#100,#101,#102,#103,#104,#105,#106
    ,#107,#108,#109),.UNSPECIFIED.,.F.,.F.,(4,2,2,2,4),(0.,
    2.588078638553E-03,5.176157277106E-03,7.764235915659E-03,
    1.035231455421E-02),.UNSPECIFIED.);
#100 = CARTESIAN_POINT('',(-22.54999973435,123.95000009513,
    -5.172040216394));
#101 = CARTESIAN_POINT('',(-22.54999973435,123.95000009513,
    -4.309082785462));
#102 = CARTESIAN_POINT('',(-22.54999973449,123.91111545833,
    -3.447087243983));
#103 = CARTESIAN_POINT('',(-22.54999973473,123.84356238102,
    -1.722830152866));
#104 = CARTESIAN_POINT('',(-22.54999973483,123.81600162049,
    -0.860725610714));
#105 = CARTESIAN_POINT('',(-22.54999973483,123.8160494126,0.863270426821
    ));
#106 = CARTESIAN_POINT('',(-22.54999973473,123.84364806505,
    1.725161960435));
#107 = CARTESIAN_POINT('',(-22.54999973449,123.91119206011,
    3.448897348577));
#108 = CARTESIAN_POINT('',(-22.54999973435,123.95000009513,4.31118265535
    ));
#109 = CARTESIAN_POINT('',(-22.54999973435,123.95000009513,
    5.172040216394));
#110 = ORIENTED_EDGE('',*,*,#39,.T.);
#111 = TOROIDAL_SURFACE('',#112,27.,1.);
#112 = AXIS2_PLACEMENT_3D('',#113,#114,#115);
#113 = CARTESIAN_POINT('',(3.950000262055,122.95,-2.278283744881E-14));
#114 = DIRECTION('',(3.589793573511E-09,1.,-1.110223024625E-16));
#115 = DIRECTION('',(-1.,3.589793573511E-09,-3.985471478963E-25));
#116 = ADVANCED_FACE('',(#117),#159,.F.);
#117 = FACE_BOUND('',#118,.T.);
#118 = EDGE_LOOP('',(#119,#127,#128,#136,#144,#153));
#119 = ORIENTED_EDGE('',*,*,#120,.T.);
#120 = EDGE_CURVE('',#121,#75,#123,.T.);
#121 = VERTEX_POINT('',#122);
#122 = CARTESIAN_POINT('',(30.450000265645,123.94999990487,-8.));
#123 = LINE('',#124,#125);
#124 = CARTESIAN_POINT('',(30.450000265645,123.94999990487,31.5));
#125 = VECTOR('',#126,1.);
#126 = DIRECTION('',(0.,1.110223024625E-16,1.));
#127 = ORIENTED_EDGE('',*,*,#89,.T.);
#128 = ORIENTED_EDGE('',*,*,#129,.F.);
#129 = EDGE_CURVE('',#130,#90,#132,.T.);
#130 = VERTEX_POINT('',#131);
#131 = CARTESIAN_POINT('',(-22.54999973435,123.95000009513,-9.));
#132 = LINE('',#133,#134);
#133 = CARTESIAN_POINT('',(-22.54999973435,123.95000009513,31.5));
#134 = VECTOR('',#135,1.);
#135 = DIRECTION('',(0.,1.110223024625E-16,1.));
#136 = ORIENTED_EDGE('',*,*,#137,.T.);
#137 = EDGE_CURVE('',#130,#138,#140,.T.);
#138 = VERTEX_POINT('',#139);
#139 = CARTESIAN_POINT('',(-26.2369174306,123.95000010836,-9.));
#140 = LINE('',#141,#142);
#141 = CARTESIAN_POINT('',(3.950000265645,123.95,-9.));
#142 = VECTOR('',#143,1.);
#143 = DIRECTION('',(-1.,3.589793573511E-09,-3.985471478963E-25));
#144 = ORIENTED_EDGE('',*,*,#145,.F.);
#145 = EDGE_CURVE('',#146,#138,#148,.T.);
#146 = VERTEX_POINT('',#147);
#147 = CARTESIAN_POINT('',(34.417195738809,123.94999989062,-8.));
#148 = CIRCLE('',#149,31.5);
#149 = AXIS2_PLACEMENT_3D('',#150,#151,#152);
#150 = CARTESIAN_POINT('',(3.950000265645,123.95,-1.424494987589E-14));
#151 = DIRECTION('',(3.589793573511E-09,1.,-1.110223024625E-16));
#152 = DIRECTION('',(-1.,3.589793573511E-09,-3.985471478963E-25));
#153 = ORIENTED_EDGE('',*,*,#154,.T.);
#154 = EDGE_CURVE('',#146,#121,#155,.T.);
#155 = LINE('',#156,#157);
#156 = CARTESIAN_POINT('',(3.950000265645,123.95,-8.));
#157 = VECTOR('',#158,1.);
#158 = DIRECTION('',(-1.,3.589793573511E-09,-3.985471478963E-25));
#159 = PLANE('',#160);
#160 = AXIS2_PLACEMENT_3D('',#161,#162,#163);
#161 = CARTESIAN_POINT('',(3.950000265645,123.95,31.5));
#162 = DIRECTION('',(3.589793573511E-09,1.,-1.110223024625E-16));
#163 = DIRECTION('',(-1.,3.589793573511E-09,-3.985471478963E-25));
#164 = ADVANCED_FACE('',(#165),#205,.T.);
#165 = FACE_BOUND('',#166,.T.);
#166 = EDGE_LOOP('',(#167,#178,#190,#197,#198));
#167 = ORIENTED_EDGE('',*,*,#168,.F.);
#168 = EDGE_CURVE('',#169,#171,#173,.T.);
#169 = VERTEX_POINT('',#170);
#170 = CARTESIAN_POINT('',(3.950000055392,65.38041344952,19.939509334537
    ));
#171 = VERTEX_POINT('',#172);
#172 = CARTESIAN_POINT('',(3.950000055392,65.38041344952,-19.93950933453
    ));
#173 = CIRCLE('',#174,19.939509334537);
#174 = AXIS2_PLACEMENT_3D('',#175,#176,#177);
#175 = CARTESIAN_POINT('',(3.950000055392,65.38041344952,
    -9.615957512444E-15));
#176 = DIRECTION('',(-3.589793573511E-09,-1.,2.287124283032E-16));
#177 = DIRECTION('',(-4.224832574085E-25,-2.287124283032E-16,-1.));
#178 = ORIENTED_EDGE('',*,*,#179,.F.);
#179 = EDGE_CURVE('',#180,#169,#182,.T.);
#180 = VERTEX_POINT('',#181);
#181 = CARTESIAN_POINT('',(3.950000053847,64.95,20.434643368908));
#182 = B_SPLINE_CURVE_WITH_KNOTS('',6,(#183,#184,#185,#186,#187,#188,
    #189),.UNSPECIFIED.,.F.,.F.,(7,7),(1.570796326795,3.00196631343),
  .PIECEWISE_BEZIER_KNOTS.);
#183 = CARTESIAN_POINT('',(3.950000053847,64.95,20.434643368908));
#184 = CARTESIAN_POINT('',(3.950000053847,64.95,20.315379203355));
#185 = CARTESIAN_POINT('',(3.950000053969,64.984132857938,
    20.196121167445));
#186 = CARTESIAN_POINT('',(3.950000054215,65.052429221484,20.0890403638)
  );
#187 = CARTESIAN_POINT('',(3.950000054561,65.148962905408,
    20.006505888274));
#188 = CARTESIAN_POINT('',(3.950000054968,65.262309954628,
    19.956107698291));
#189 = CARTESIAN_POINT('',(3.950000055392,65.38041344952,19.939509334537
    ));
#190 = ORIENTED_EDGE('',*,*,#191,.F.);
#191 = EDGE_CURVE('',#180,#180,#192,.T.);
#192 = CIRCLE('',#193,20.434643368908);
#193 = AXIS2_PLACEMENT_3D('',#194,#195,#196);
#194 = CARTESIAN_POINT('',(3.950000053847,64.95,-9.51751660723E-15));
#195 = DIRECTION('',(3.589793573511E-09,1.,-2.287124283032E-16));
#196 = DIRECTION('',(4.224832574085E-25,2.287124283032E-16,1.));
#197 = ORIENTED_EDGE('',*,*,#179,.T.);
#198 = ORIENTED_EDGE('',*,*,#199,.F.);
#199 = EDGE_CURVE('',#171,#169,#200,.T.);
#200 = CIRCLE('',#201,19.939509334537);
#201 = AXIS2_PLACEMENT_3D('',#202,#203,#204);
#202 = CARTESIAN_POINT('',(3.950000055392,65.38041344952,
    -9.615957512444E-15));
#203 = DIRECTION('',(-3.589793573511E-09,-1.,2.287124283032E-16));
#204 = DIRECTION('',(-4.224832574085E-25,-2.287124283032E-16,-1.));
#205 = TOROIDAL_SURFACE('',#206,20.434643368908,0.5);
#206 = AXIS2_PLACEMENT_3D('',#207,#208,#209);
#207 = CARTESIAN_POINT('',(3.950000055642,65.45,-9.631872821381E-15));
#208 = DIRECTION('',(-3.589793573511E-09,-1.,2.287124283032E-16));
#209 = DIRECTION('',(4.224832574085E-25,2.287124283032E-16,1.));
#210 = ADVANCED_FACE('',(#211),#278,.F.);
#211 = FACE_BOUND('',#212,.T.);
#212 = EDGE_LOOP('',(#213,#221,#222,#230,#238,#247,#255,#263,#272));
#213 = ORIENTED_EDGE('',*,*,#214,.F.);
#214 = EDGE_CURVE('',#51,#215,#217,.T.);
#215 = VERTEX_POINT('',#216);
#216 = CARTESIAN_POINT('',(-22.54999973435,123.95000009513,9.));
#217 = LINE('',#218,#219);
#218 = CARTESIAN_POINT('',(-22.54999973435,123.95000009513,31.5));
#219 = VECTOR('',#220,1.);
#220 = DIRECTION('',(0.,1.110223024625E-16,1.));
#221 = ORIENTED_EDGE('',*,*,#65,.T.);
#222 = ORIENTED_EDGE('',*,*,#223,.T.);
#223 = EDGE_CURVE('',#66,#224,#226,.T.);
#224 = VERTEX_POINT('',#225);
#225 = CARTESIAN_POINT('',(30.450000265645,123.94999990487,8.));
#226 = LINE('',#227,#228);
#227 = CARTESIAN_POINT('',(30.450000265645,123.94999990487,31.5));
#228 = VECTOR('',#229,1.);
#229 = DIRECTION('',(0.,1.110223024625E-16,1.));
#230 = ORIENTED_EDGE('',*,*,#231,.T.);
#231 = EDGE_CURVE('',#224,#232,#234,.T.);
#232 = VERTEX_POINT('',#233);
#233 = CARTESIAN_POINT('',(34.417195738809,123.94999989062,8.));
#234 = LINE('',#235,#236);
#235 = CARTESIAN_POINT('',(3.950000265645,123.95,8.));
#236 = VECTOR('',#237,1.);
#237 = DIRECTION('',(1.,-3.589793573511E-09,3.985471478963E-25));
#238 = ORIENTED_EDGE('',*,*,#239,.F.);
#239 = EDGE_CURVE('',#240,#232,#242,.T.);
#240 = VERTEX_POINT('',#241);
#241 = CARTESIAN_POINT('',(28.286187312921,123.94999991263,20.));
#242 = CIRCLE('',#243,31.5);
#243 = AXIS2_PLACEMENT_3D('',#244,#245,#246);
#244 = CARTESIAN_POINT('',(3.950000265645,123.95,-1.424494987589E-14));
#245 = DIRECTION('',(3.589793573511E-09,1.,-1.110223024625E-16));
#246 = DIRECTION('',(-1.,3.589793573511E-09,-3.985471478963E-25));
#247 = ORIENTED_EDGE('',*,*,#248,.F.);
#248 = EDGE_CURVE('',#249,#240,#251,.T.);
#249 = VERTEX_POINT('',#250);
#250 = CARTESIAN_POINT('',(23.950000265645,123.9499999282,20.));
#251 = LINE('',#252,#253);
#252 = CARTESIAN_POINT('',(3.950000265645,123.95,20.));
#253 = VECTOR('',#254,1.);
#254 = DIRECTION('',(1.,-3.589793573511E-09,3.985471478963E-25));
#255 = ORIENTED_EDGE('',*,*,#256,.T.);
#256 = EDGE_CURVE('',#249,#257,#259,.T.);
#257 = VERTEX_POINT('',#258);
#258 = CARTESIAN_POINT('',(23.950000265645,123.9499999282,
    24.336187047276));
#259 = LINE('',#260,#261);
#260 = CARTESIAN_POINT('',(23.950000265645,123.9499999282,31.5));
#261 = VECTOR('',#262,1.);
#262 = DIRECTION('',(0.,1.110223024625E-16,1.));
#263 = ORIENTED_EDGE('',*,*,#264,.F.);
#264 = EDGE_CURVE('',#265,#257,#267,.T.);
#265 = VERTEX_POINT('',#266);
#266 = CARTESIAN_POINT('',(-26.2369174306,123.95000010836,9.));
#267 = CIRCLE('',#268,31.5);
#268 = AXIS2_PLACEMENT_3D('',#269,#270,#271);
#269 = CARTESIAN_POINT('',(3.950000265645,123.95,-1.424494987589E-14));
#270 = DIRECTION('',(3.589793573511E-09,1.,-1.110223024625E-16));
#271 = DIRECTION('',(-1.,3.589793573511E-09,-3.985471478963E-25));
#272 = ORIENTED_EDGE('',*,*,#273,.T.);
#273 = EDGE_CURVE('',#265,#215,#274,.T.);
#274 = LINE('',#275,#276);
#275 = CARTESIAN_POINT('',(3.950000265645,123.95,9.));
#276 = VECTOR('',#277,1.);
#277 = DIRECTION('',(1.,-3.589793573511E-09,3.985471478963E-25));
#278 = PLANE('',#279);
#279 = AXIS2_PLACEMENT_3D('',#280,#281,#282);
#280 = CARTESIAN_POINT('',(3.950000265645,123.95,31.5));
#281 = DIRECTION('',(3.589793573511E-09,1.,-1.110223024625E-16));
#282 = DIRECTION('',(-1.,3.589793573511E-09,-3.985471478963E-25));
#283 = ADVANCED_FACE('',(#284),#322,.T.);
#284 = FACE_BOUND('',#285,.T.);
#285 = EDGE_LOOP('',(#286,#297,#306,#315));
#286 = ORIENTED_EDGE('',*,*,#287,.F.);
#287 = EDGE_CURVE('',#288,#290,#292,.T.);
#288 = VERTEX_POINT('',#289);
#289 = CARTESIAN_POINT('',(34.417195779652,135.32749896538,-8.));
#290 = VERTEX_POINT('',#291);
#291 = CARTESIAN_POINT('',(-26.23691738976,135.32749918312,-9.));
#292 = CIRCLE('',#293,31.5);
#293 = AXIS2_PLACEMENT_3D('',#294,#295,#296);
#294 = CARTESIAN_POINT('',(3.950000306488,135.32749907475,
    -1.550810601944E-14));
#295 = DIRECTION('',(3.589793573511E-09,1.,-1.110223024625E-16));
#296 = DIRECTION('',(-1.,3.589793573511E-09,-3.985471478963E-25));
#297 = ORIENTED_EDGE('',*,*,#298,.T.);
#298 = EDGE_CURVE('',#288,#299,#301,.T.);
#299 = VERTEX_POINT('',#300);
#300 = CARTESIAN_POINT('',(31.718165743792,133.82499990031,-8.));
#301 = B_SPLINE_CURVE_WITH_KNOTS('',3,(#302,#303,#304,#305),
  .UNSPECIFIED.,.F.,.F.,(4,4),(1.005519603485E-02,1.314425657659E-02),
  .PIECEWISE_BEZIER_KNOTS.);
#302 = CARTESIAN_POINT('',(34.417195779652,135.32749896538,-8.));
#303 = CARTESIAN_POINT('',(33.518178755693,134.82546949758,-8.));
#304 = CARTESIAN_POINT('',(32.618562517063,134.32452668834,-8.));
#305 = CARTESIAN_POINT('',(31.718165743792,133.82499990031,-8.));
#306 = ORIENTED_EDGE('',*,*,#307,.T.);
#307 = EDGE_CURVE('',#299,#308,#310,.T.);
#308 = VERTEX_POINT('',#309);
#309 = CARTESIAN_POINT('',(-23.51035315717,133.82500009857,-9.));
#310 = CIRCLE('',#311,28.897595264192);
#311 = AXIS2_PLACEMENT_3D('',#312,#313,#314);
#312 = CARTESIAN_POINT('',(3.950000301094,133.825,-1.534129511271E-14));
#313 = DIRECTION('',(3.589793573511E-09,1.,-1.110223024625E-16));
#314 = DIRECTION('',(-1.,3.589793573511E-09,-3.985471478963E-25));
#315 = ORIENTED_EDGE('',*,*,#316,.T.);
#316 = EDGE_CURVE('',#308,#290,#317,.T.);
#317 = B_SPLINE_CURVE_WITH_KNOTS('',3,(#318,#319,#320,#321),
  .UNSPECIFIED.,.F.,.F.,(4,4),(9.999190066625E-03,1.311222173485E-02),
  .PIECEWISE_BEZIER_KNOTS.);
#318 = CARTESIAN_POINT('',(-23.51035315717,133.82500009857,-9.));
#319 = CARTESIAN_POINT('',(-24.42014453869,134.32414382118,-9.));
#320 = CARTESIAN_POINT('',(-25.32892122007,134.82512002977,-9.));
#321 = CARTESIAN_POINT('',(-26.23691738976,135.32749918312,-9.));
#322 = CONICAL_SURFACE('',#323,28.897595264192,1.047197551197);
#323 = AXIS2_PLACEMENT_3D('',#324,#325,#326);
#324 = CARTESIAN_POINT('',(3.950000301094,133.825,-1.534129511271E-14));
#325 = DIRECTION('',(3.589793573511E-09,1.,-1.110223024625E-16));
#326 = DIRECTION('',(-1.,3.589793573511E-09,-3.985471478963E-25));
#327 = ADVANCED_FACE('',(#328),#354,.F.);
#328 = FACE_BOUND('',#329,.T.);
#329 = EDGE_LOOP('',(#330,#331,#339,#348));
#330 = ORIENTED_EDGE('',*,*,#307,.F.);
#331 = ORIENTED_EDGE('',*,*,#332,.T.);
#332 = EDGE_CURVE('',#299,#333,#335,.T.);
#333 = VERTEX_POINT('',#334);
#334 = CARTESIAN_POINT('',(31.512474790878,133.82499990105,-8.));
#335 = LINE('',#336,#337);
#336 = CARTESIAN_POINT('',(3.950000301094,133.825,-8.));
#337 = VECTOR('',#338,1.);
#338 = DIRECTION('',(-1.,3.589793573511E-09,-3.985471478963E-25));
#339 = ORIENTED_EDGE('',*,*,#340,.T.);
#340 = EDGE_CURVE('',#333,#341,#343,.T.);
#341 = VERTEX_POINT('',#342);
#342 = CARTESIAN_POINT('',(-23.30233904803,133.82500009783,-9.));
#343 = CIRCLE('',#344,28.7);
#344 = AXIS2_PLACEMENT_3D('',#345,#346,#347);
#345 = CARTESIAN_POINT('',(3.950000301094,133.825,-1.534129511271E-14));
#346 = DIRECTION('',(3.589793573511E-09,1.,-1.110223024625E-16));
#347 = DIRECTION('',(-1.,3.589793573511E-09,-3.985471478963E-25));
#348 = ORIENTED_EDGE('',*,*,#349,.T.);
#349 = EDGE_CURVE('',#341,#308,#350,.T.);
#350 = LINE('',#351,#352);
#351 = CARTESIAN_POINT('',(3.950000301094,133.825,-9.));
#352 = VECTOR('',#353,1.);
#353 = DIRECTION('',(-1.,3.589793573511E-09,-3.985471478963E-25));
#354 = PLANE('',#355);
#355 = AXIS2_PLACEMENT_3D('',#356,#357,#358);
#356 = CARTESIAN_POINT('',(3.950000301094,133.825,28.897595264192));
#357 = DIRECTION('',(3.589793573511E-09,1.,-1.110223024625E-16));
#358 = DIRECTION('',(-1.,3.589793573511E-09,-3.985471478963E-25));
#359 = ADVANCED_FACE('',(#360),#424,.F.);
#360 = FACE_BOUND('',#361,.F.);
#361 = EDGE_LOOP('',(#362,#373,#388,#397,#410,#423));
#362 = ORIENTED_EDGE('',*,*,#363,.F.);
#363 = EDGE_CURVE('',#364,#341,#366,.T.);
#364 = VERTEX_POINT('',#365);
#365 = CARTESIAN_POINT('',(-22.54999969975,133.58991773885,-9.));
#366 = B_SPLINE_CURVE_WITH_KNOTS('',3,(#367,#368,#369,#370,#371,#372),
  .UNSPECIFIED.,.F.,.F.,(4,2,4),(7.479137407922E-03,7.876508343207E-03,
    8.273879278492E-03),.UNSPECIFIED.);
#367 = CARTESIAN_POINT('',(-22.54999969975,133.58991773885,-9.));
#368 = CARTESIAN_POINT('',(-22.66008108684,133.66698146937,-9.));
#369 = CARTESIAN_POINT('',(-22.7823261012,133.72616377291,-9.));
#370 = CARTESIAN_POINT('',(-23.03546442105,133.80473554581,-9.));
#371 = CARTESIAN_POINT('',(-23.16956290262,133.82500009735,-9.));
#372 = CARTESIAN_POINT('',(-23.30233904803,133.82500009783,-9.));
#373 = ORIENTED_EDGE('',*,*,#374,.T.);
#374 = EDGE_CURVE('',#364,#375,#377,.T.);
#375 = VERTEX_POINT('',#376);
#376 = CARTESIAN_POINT('',(-22.54999970321,132.62500009513,
    -7.34846922835));
#377 = B_SPLINE_CURVE_WITH_KNOTS('',3,(#378,#379,#380,#381,#382,#383,
    #384,#385,#386,#387),.UNSPECIFIED.,.F.,.F.,(4,2,2,2,4),(
    1.379831087568E-02,1.480164861574E-02,1.530331748577E-02,
    1.555415192078E-02,1.580498635579E-02),.UNSPECIFIED.);
#378 = CARTESIAN_POINT('',(-22.54999969975,133.58991773885,-9.));
#379 = CARTESIAN_POINT('',(-22.54999970002,133.5131936082,
    -8.677299819228));
#380 = CARTESIAN_POINT('',(-22.54999970036,133.41921525952,
    -8.359782742334));
#381 = CARTESIAN_POINT('',(-22.54999970109,133.21468960587,
    -7.898652607971));
#382 = CARTESIAN_POINT('',(-22.54999970137,133.13780565768,
    -7.749958410794));
#383 = CARTESIAN_POINT('',(-22.54999970192,132.98512568342,
    -7.548431414538));
#384 = CARTESIAN_POINT('',(-22.54999970212,132.92793042487,
    -7.485053459211));
#385 = CARTESIAN_POINT('',(-22.54999970261,132.7910145186,
    -7.384067810405));
#386 = CARTESIAN_POINT('',(-22.5499997029,132.71038910203,-7.34846922835
    ));
#387 = CARTESIAN_POINT('',(-22.54999970321,132.62500009513,
    -7.34846922835));
#388 = ORIENTED_EDGE('',*,*,#389,.F.);
#389 = EDGE_CURVE('',#390,#375,#392,.T.);
#390 = VERTEX_POINT('',#391);
#391 = CARTESIAN_POINT('',(30.450000296786,132.62499990487,
    -7.34846922835));
#392 = CIRCLE('',#393,27.5);
#393 = AXIS2_PLACEMENT_3D('',#394,#395,#396);
#394 = CARTESIAN_POINT('',(3.950000296786,132.625,-1.520806834975E-14));
#395 = DIRECTION('',(3.589793573511E-09,1.,-1.110223024625E-16));
#396 = DIRECTION('',(-1.,3.589793573511E-09,-3.985471478963E-25));
#397 = ORIENTED_EDGE('',*,*,#398,.F.);
#398 = EDGE_CURVE('',#399,#390,#401,.T.);
#399 = VERTEX_POINT('',#400);
#400 = CARTESIAN_POINT('',(30.450000299063,133.2591051757,-8.));
#401 = B_SPLINE_CURVE_WITH_KNOTS('',3,(#402,#403,#404,#405,#406,#407,
    #408,#409),.UNSPECIFIED.,.F.,.F.,(4,2,2,4),(1.424231057703E-02,
    1.47196426112E-02,1.495830862829E-02,1.519697464538E-02),
  .UNSPECIFIED.);
#402 = CARTESIAN_POINT('',(30.450000299063,133.2591051757,-8.));
#403 = CARTESIAN_POINT('',(30.450000298824,133.19263360624,
    -7.856842996595));
#404 = CARTESIAN_POINT('',(30.450000298552,133.11686853714,
    -7.716751577281));
#405 = CARTESIAN_POINT('',(30.450000298019,132.96833962696,
    -7.529906714063));
#406 = CARTESIAN_POINT('',(30.450000297819,132.91264745392,
    -7.471492183896));
#407 = CARTESIAN_POINT('',(30.45000029735,132.78212241343,-7.3802659299)
  );
#408 = CARTESIAN_POINT('',(30.45000029707,132.70404907733,-7.34846922835
    ));
#409 = CARTESIAN_POINT('',(30.450000296786,132.62499990487,
    -7.34846922835));
#410 = ORIENTED_EDGE('',*,*,#411,.F.);
#411 = EDGE_CURVE('',#333,#399,#412,.T.);
#412 = B_SPLINE_CURVE_WITH_KNOTS('',3,(#413,#414,#415,#416,#417,#418,
    #419,#420,#421,#422),.UNSPECIFIED.,.F.,.F.,(4,2,2,2,4),(
    1.490610758344E-03,1.802908476191E-03,2.115206194038E-03,
    2.427503911885E-03,2.739801629733E-03),.UNSPECIFIED.);
#413 = CARTESIAN_POINT('',(31.512474790878,133.82499990105,-8.));
#414 = CARTESIAN_POINT('',(31.408266468231,133.82499990143,-8.));
#415 = CARTESIAN_POINT('',(31.302459532822,133.81217112412,-8.));
#416 = CARTESIAN_POINT('',(31.100212290111,133.76230158243,-8.));
#417 = CARTESIAN_POINT('',(31.001918068557,133.72512562147,-8.));
#418 = CARTESIAN_POINT('',(30.816014775741,133.62693073732,-8.));
#419 = CARTESIAN_POINT('',(30.730741587375,133.56737404945,-8.));
#420 = CARTESIAN_POINT('',(30.575743877912,133.42708098743,-8.));
#421 = CARTESIAN_POINT('',(30.506686293938,133.34629282943,-8.));
#422 = CARTESIAN_POINT('',(30.450000299063,133.2591051757,-8.));
#423 = ORIENTED_EDGE('',*,*,#340,.T.);
#424 = TOROIDAL_SURFACE('',#425,28.7,1.2);
#425 = AXIS2_PLACEMENT_3D('',#426,#427,#428);
#426 = CARTESIAN_POINT('',(3.950000296786,132.625,-1.520806834975E-14));
#427 = DIRECTION('',(3.589793573511E-09,1.,-1.110223024625E-16));
#428 = DIRECTION('',(-1.,3.589793573511E-09,-3.985471478963E-25));
#429 = ADVANCED_FACE('',(#430),#504,.F.);
#430 = FACE_BOUND('',#431,.F.);
#431 = EDGE_LOOP('',(#432,#443,#460,#471,#480,#493));
#432 = ORIENTED_EDGE('',*,*,#433,.T.);
#433 = EDGE_CURVE('',#434,#436,#438,.T.);
#434 = VERTEX_POINT('',#435);
#435 = CARTESIAN_POINT('',(30.45000029194,131.27499990487,-7.34846922835
    ));
#436 = VERTEX_POINT('',#437);
#437 = CARTESIAN_POINT('',(-22.54999970806,131.27500009513,
    -7.348469228349));
#438 = CIRCLE('',#439,27.5);
#439 = AXIS2_PLACEMENT_3D('',#440,#441,#442);
#440 = CARTESIAN_POINT('',(3.95000029194,131.275,-1.505818824143E-14));
#441 = DIRECTION('',(3.589793573511E-09,1.,-1.110223024625E-16));
#442 = DIRECTION('',(-1.,3.589793573511E-09,-3.985471478963E-25));
#443 = ORIENTED_EDGE('',*,*,#444,.T.);
#444 = EDGE_CURVE('',#436,#445,#447,.T.);
#445 = VERTEX_POINT('',#446);
#446 = CARTESIAN_POINT('',(-22.54999971152,130.3100824514,-9.));
#447 = B_SPLINE_CURVE_WITH_KNOTS('',3,(#448,#449,#450,#451,#452,#453,
    #454,#455,#456,#457,#458,#459),.UNSPECIFIED.,.F.,.F.,(4,2,2,2,2,4),(
    1.319916545144E-02,1.344677847879E-02,1.369439150614E-02,
    1.418961756084E-02,1.468484361554E-02,1.518006967024E-02),
  .UNSPECIFIED.);
#448 = CARTESIAN_POINT('',(-22.54999970806,131.27500009513,
    -7.348469228349));
#449 = CARTESIAN_POINT('',(-22.54999970836,131.19075629954,
    -7.34846922835));
#450 = CARTESIAN_POINT('',(-22.54999970865,131.10879671106,
    -7.384314824924));
#451 = CARTESIAN_POINT('',(-22.54999970914,130.97324698756,
    -7.484078310322));
#452 = CARTESIAN_POINT('',(-22.54999970934,130.9159373789,
    -7.547246361446));
#453 = CARTESIAN_POINT('',(-22.54999970989,130.76378524828,
    -7.747430934129));
#454 = CARTESIAN_POINT('',(-22.54999971017,130.6857873134,
    -7.897848600135));
#455 = CARTESIAN_POINT('',(-22.54999971066,130.55032261103,
    -8.202733658248));
#456 = CARTESIAN_POINT('',(-22.54999971086,130.49292617726,
    -8.360558944333));
#457 = CARTESIAN_POINT('',(-22.54999971123,130.39185359548,
    -8.678734889769));
#458 = CARTESIAN_POINT('',(-22.54999971138,130.34837267753,
    -8.838952063848));
#459 = CARTESIAN_POINT('',(-22.54999971152,130.3100824514,-9.));
#460 = ORIENTED_EDGE('',*,*,#461,.F.);
#461 = EDGE_CURVE('',#462,#445,#464,.T.);
#462 = VERTEX_POINT('',#463);
#463 = CARTESIAN_POINT('',(-23.30233906149,130.07500009783,-9.));
#464 = B_SPLINE_CURVE_WITH_KNOTS('',3,(#465,#466,#467,#468,#469,#470),
  .UNSPECIFIED.,.F.,.F.,(4,2,4),(7.126918761554E-03,7.524756196612E-03,
    7.922593631671E-03),.UNSPECIFIED.);
#465 = CARTESIAN_POINT('',(-23.30233906149,130.07500009783,-9.));
#466 = CARTESIAN_POINT('',(-23.16960289927,130.07500009735,-9.));
#467 = CARTESIAN_POINT('',(-23.03581762461,130.09508229919,-9.));
#468 = CARTESIAN_POINT('',(-22.78066198353,130.17442604589,-9.));
#469 = CARTESIAN_POINT('',(-22.65863971158,130.23402778147,-9.));
#470 = CARTESIAN_POINT('',(-22.54999971152,130.3100824514,-9.));
#471 = ORIENTED_EDGE('',*,*,#472,.F.);
#472 = EDGE_CURVE('',#473,#462,#475,.T.);
#473 = VERTEX_POINT('',#474);
#474 = CARTESIAN_POINT('',(31.512474777416,130.07499990105,-8.));
#475 = CIRCLE('',#476,28.7);
#476 = AXIS2_PLACEMENT_3D('',#477,#478,#479);
#477 = CARTESIAN_POINT('',(3.950000287632,130.075,-1.492496147847E-14));
#478 = DIRECTION('',(3.589793573511E-09,1.,-1.110223024625E-16));
#479 = DIRECTION('',(-1.,3.589793573511E-09,-3.985471478963E-25));
#480 = ORIENTED_EDGE('',*,*,#481,.F.);
#481 = EDGE_CURVE('',#482,#473,#484,.T.);
#482 = VERTEX_POINT('',#483);
#483 = CARTESIAN_POINT('',(30.450000289664,130.64089463403,-8.));
#484 = B_SPLINE_CURVE_WITH_KNOTS('',3,(#485,#486,#487,#488,#489,#490,
    #491,#492),.UNSPECIFIED.,.F.,.F.,(4,2,2,4),(5.492778735662E-03,
    6.11705180018E-03,6.429188332439E-03,6.741324864698E-03),
  .UNSPECIFIED.);
#485 = CARTESIAN_POINT('',(30.450000289664,130.64089463403,-8.));
#486 = CARTESIAN_POINT('',(30.563528402093,130.4662791945,-8.));
#487 = CARTESIAN_POINT('',(30.72393293678,130.32152388823,-8.));
#488 = CARTESIAN_POINT('',(31.00278549472,130.17450823391,-8.));
#489 = CARTESIAN_POINT('',(31.100142151325,130.13767823204,-8.));
#490 = CARTESIAN_POINT('',(31.303401196369,130.08763392572,-8.));
#491 = CARTESIAN_POINT('',(31.408452151132,130.07499990143,-8.));
#492 = CARTESIAN_POINT('',(31.512474777416,130.07499990105,-8.));
#493 = ORIENTED_EDGE('',*,*,#494,.F.);
#494 = EDGE_CURVE('',#434,#482,#495,.T.);
#495 = B_SPLINE_CURVE_WITH_KNOTS('',3,(#496,#497,#498,#499,#500,#501,
    #502,#503),.UNSPECIFIED.,.F.,.F.,(4,2,2,4),(1.413908104349E-02,
    1.437566924723E-02,1.461225745096E-02,1.508543385843E-02),
  .UNSPECIFIED.);
#496 = CARTESIAN_POINT('',(30.45000029194,131.27499990487,-7.34846922835
    ));
#497 = CARTESIAN_POINT('',(30.450000291656,131.19586633622,
    -7.34846922835));
#498 = CARTESIAN_POINT('',(30.450000291375,131.11766631738,
    -7.38044427868));
#499 = CARTESIAN_POINT('',(30.450000290909,130.98786050239,
    -7.47110627974));
#500 = CARTESIAN_POINT('',(30.450000290709,130.93204188166,
    -7.529501245969));
#501 = CARTESIAN_POINT('',(30.450000290176,130.78369735518,
    -7.715891067244));
#502 = CARTESIAN_POINT('',(30.450000289902,130.7073199314,
    -7.856942650826));
#503 = CARTESIAN_POINT('',(30.450000289664,130.64089463403,-8.));
#504 = TOROIDAL_SURFACE('',#505,28.7,1.2);
#505 = AXIS2_PLACEMENT_3D('',#506,#507,#508);
#506 = CARTESIAN_POINT('',(3.95000029194,131.275,-1.505818824143E-14));
#507 = DIRECTION('',(3.589793573511E-09,1.,-1.110223024625E-16));
#508 = DIRECTION('',(-1.,3.589793573511E-09,-3.985471478963E-25));
#509 = ADVANCED_FACE('',(#510),#536,.F.);
#510 = FACE_BOUND('',#511,.T.);
#511 = EDGE_LOOP('',(#512,#513,#521,#530));
#512 = ORIENTED_EDGE('',*,*,#472,.F.);
#513 = ORIENTED_EDGE('',*,*,#514,.T.);
#514 = EDGE_CURVE('',#473,#515,#517,.T.);
#515 = VERTEX_POINT('',#516);
#516 = CARTESIAN_POINT('',(31.71816573033,130.07499990031,-8.));
#517 = LINE('',#518,#519);
#518 = CARTESIAN_POINT('',(3.950000287632,130.075,-8.));
#519 = VECTOR('',#520,1.);
#520 = DIRECTION('',(1.,-3.589793573511E-09,3.985471478963E-25));
#521 = ORIENTED_EDGE('',*,*,#522,.T.);
#522 = EDGE_CURVE('',#515,#523,#525,.T.);
#523 = VERTEX_POINT('',#524);
#524 = CARTESIAN_POINT('',(-23.51035317063,130.07500009857,-9.));
#525 = CIRCLE('',#526,28.897595264192);
#526 = AXIS2_PLACEMENT_3D('',#527,#528,#529);
#527 = CARTESIAN_POINT('',(3.950000287632,130.075,-1.492496147847E-14));
#528 = DIRECTION('',(3.589793573511E-09,1.,-1.110223024625E-16));
#529 = DIRECTION('',(-1.,3.589793573511E-09,-3.985471478963E-25));
#530 = ORIENTED_EDGE('',*,*,#531,.T.);
#531 = EDGE_CURVE('',#523,#462,#532,.T.);
#532 = LINE('',#533,#534);
#533 = CARTESIAN_POINT('',(3.950000287632,130.075,-9.));
#534 = VECTOR('',#535,1.);
#535 = DIRECTION('',(1.,-3.589793573511E-09,3.985471478963E-25));
#536 = PLANE('',#537);
#537 = AXIS2_PLACEMENT_3D('',#538,#539,#540);
#538 = CARTESIAN_POINT('',(3.950000287632,130.075,28.7));
#539 = DIRECTION('',(-3.589793573511E-09,-1.,1.110223024625E-16));
#540 = DIRECTION('',(1.,-3.589793573511E-09,3.985471478963E-25));
#541 = ADVANCED_FACE('',(#542),#570,.T.);
#542 = FACE_BOUND('',#543,.T.);
#543 = EDGE_LOOP('',(#544,#545,#554,#563));
#544 = ORIENTED_EDGE('',*,*,#522,.F.);
#545 = ORIENTED_EDGE('',*,*,#546,.T.);
#546 = EDGE_CURVE('',#515,#547,#549,.T.);
#547 = VERTEX_POINT('',#548);
#548 = CARTESIAN_POINT('',(34.417195755403,128.57250081587,-8.));
#549 = B_SPLINE_CURVE_WITH_KNOTS('',3,(#550,#551,#552,#553),
  .UNSPECIFIED.,.F.,.F.,(4,4),(6.987330496658E-03,1.007636000762E-02),
  .PIECEWISE_BEZIER_KNOTS.);
#550 = CARTESIAN_POINT('',(31.71816573033,130.07499990031,-8.));
#551 = CARTESIAN_POINT('',(32.618562500015,129.57547310582,-8.));
#552 = CARTESIAN_POINT('',(33.518178735049,129.07453029012,-8.));
#553 = CARTESIAN_POINT('',(34.417195755403,128.57250081587,-8.));
#554 = ORIENTED_EDGE('',*,*,#555,.T.);
#555 = EDGE_CURVE('',#547,#556,#558,.T.);
#556 = VERTEX_POINT('',#557);
#557 = CARTESIAN_POINT('',(-26.236917414,128.5725010336,-9.));
#558 = CIRCLE('',#559,31.5);
#559 = AXIS2_PLACEMENT_3D('',#560,#561,#562);
#560 = CARTESIAN_POINT('',(3.950000282239,128.57250092524,
    -1.475815057175E-14));
#561 = DIRECTION('',(3.589793573511E-09,1.,-1.110223024625E-16));
#562 = DIRECTION('',(-1.,3.589793573511E-09,-3.985471478963E-25));
#563 = ORIENTED_EDGE('',*,*,#564,.T.);
#564 = EDGE_CURVE('',#556,#523,#565,.T.);
#565 = B_SPLINE_CURVE_WITH_KNOTS('',3,(#566,#567,#568,#569),
  .UNSPECIFIED.,.F.,.F.,(4,4),(7.019603777237E-03,1.013272973904E-02),
  .PIECEWISE_BEZIER_KNOTS.);
#566 = CARTESIAN_POINT('',(-26.236917414,128.5725010336,-9.));
#567 = CARTESIAN_POINT('',(-25.32892124071,129.07488018043,-9.));
#568 = CARTESIAN_POINT('',(-24.42014455573,129.5758563825,-9.));
#569 = CARTESIAN_POINT('',(-23.51035317063,130.07500009857,-9.));
#570 = CONICAL_SURFACE('',#571,31.5,1.047197551197);
#571 = AXIS2_PLACEMENT_3D('',#572,#573,#574);
#572 = CARTESIAN_POINT('',(3.950000282239,128.57250092524,
    -1.475815057175E-14));
#573 = DIRECTION('',(-3.589793573511E-09,-1.,1.110223024625E-16));
#574 = DIRECTION('',(1.,-3.589793573511E-09,3.985471478963E-25));
#575 = ADVANCED_FACE('',(#576),#592,.T.);
#576 = FACE_BOUND('',#577,.T.);
#577 = EDGE_LOOP('',(#578,#579,#585,#586));
#578 = ORIENTED_EDGE('',*,*,#555,.F.);
#579 = ORIENTED_EDGE('',*,*,#580,.T.);
#580 = EDGE_CURVE('',#547,#146,#581,.T.);
#581 = LINE('',#582,#583);
#582 = CARTESIAN_POINT('',(34.417195947017,181.94999989062,-8.));
#583 = VECTOR('',#584,1.);
#584 = DIRECTION('',(-3.589793573511E-09,-1.,1.110223024625E-16));
#585 = ORIENTED_EDGE('',*,*,#145,.T.);
#586 = ORIENTED_EDGE('',*,*,#587,.T.);
#587 = EDGE_CURVE('',#138,#556,#588,.T.);
#588 = LINE('',#589,#590);
#589 = CARTESIAN_POINT('',(-26.23691722239,181.95000010836,-9.));
#590 = VECTOR('',#591,1.);
#591 = DIRECTION('',(3.589793573511E-09,1.,-1.110223024625E-16));
#592 = CYLINDRICAL_SURFACE('',#593,31.5);
#593 = AXIS2_PLACEMENT_3D('',#594,#595,#596);
#594 = CARTESIAN_POINT('',(3.950000473853,181.95,-2.068424341872E-14));
#595 = DIRECTION('',(3.589793573511E-09,1.,-1.110223024625E-16));
#596 = DIRECTION('',(-1.,3.589793573511E-09,-3.985471478963E-25));
#597 = ADVANCED_FACE('',(#598),#634,.T.);
#598 = FACE_BOUND('',#599,.T.);
#599 = EDGE_LOOP('',(#600,#611,#619,#628));
#600 = ORIENTED_EDGE('',*,*,#601,.T.);
#601 = EDGE_CURVE('',#602,#604,#606,.T.);
#602 = VERTEX_POINT('',#603);
#603 = CARTESIAN_POINT('',(-22.54999970806,131.27500009513,7.34846922835
    ));
#604 = VERTEX_POINT('',#605);
#605 = CARTESIAN_POINT('',(30.45000029194,131.27499990487,7.34846922835)
  );
#606 = CIRCLE('',#607,27.5);
#607 = AXIS2_PLACEMENT_3D('',#608,#609,#610);
#608 = CARTESIAN_POINT('',(3.95000029194,131.275,-1.505818824143E-14));
#609 = DIRECTION('',(3.589793573511E-09,1.,-1.110223024625E-16));
#610 = DIRECTION('',(-1.,3.589793573511E-09,-3.985471478963E-25));
#611 = ORIENTED_EDGE('',*,*,#612,.T.);
#612 = EDGE_CURVE('',#604,#613,#615,.T.);
#613 = VERTEX_POINT('',#614);
#614 = CARTESIAN_POINT('',(30.450000296786,132.62499990487,7.34846922835
    ));
#615 = LINE('',#616,#617);
#616 = CARTESIAN_POINT('',(30.450000473853,181.94999990487,7.34846922835
    ));
#617 = VECTOR('',#618,1.);
#618 = DIRECTION('',(3.589793573511E-09,1.,-1.110223024625E-16));
#619 = ORIENTED_EDGE('',*,*,#620,.F.);
#620 = EDGE_CURVE('',#621,#613,#623,.T.);
#621 = VERTEX_POINT('',#622);
#622 = CARTESIAN_POINT('',(-22.54999970321,132.62500009513,7.34846922835
    ));
#623 = CIRCLE('',#624,27.5);
#624 = AXIS2_PLACEMENT_3D('',#625,#626,#627);
#625 = CARTESIAN_POINT('',(3.950000296786,132.625,-1.520806834975E-14));
#626 = DIRECTION('',(3.589793573511E-09,1.,-1.110223024625E-16));
#627 = DIRECTION('',(-1.,3.589793573511E-09,-3.985471478963E-25));
#628 = ORIENTED_EDGE('',*,*,#629,.F.);
#629 = EDGE_CURVE('',#602,#621,#630,.T.);
#630 = LINE('',#631,#632);
#631 = CARTESIAN_POINT('',(-22.54999952614,181.95000009513,7.34846922835
    ));
#632 = VECTOR('',#633,1.);
#633 = DIRECTION('',(3.589793573511E-09,1.,-1.110223024625E-16));
#634 = CYLINDRICAL_SURFACE('',#635,27.5);
#635 = AXIS2_PLACEMENT_3D('',#636,#637,#638);
#636 = CARTESIAN_POINT('',(3.950000473853,181.95,-2.068424341872E-14));
#637 = DIRECTION('',(3.589793573511E-09,1.,-1.110223024625E-16));
#638 = DIRECTION('',(-1.,3.589793573511E-09,-3.985471478963E-25));
#639 = ADVANCED_FACE('',(#640),#898,.T.);
#640 = FACE_BOUND('',#641,.T.);
#641 = EDGE_LOOP('',(#642,#651,#658,#709,#717,#726,#734,#757,#765,#774,
    #782,#833,#839,#840,#848,#897));
#642 = ORIENTED_EDGE('',*,*,#643,.F.);
#643 = EDGE_CURVE('',#644,#644,#646,.T.);
#644 = VERTEX_POINT('',#645);
#645 = CARTESIAN_POINT('',(-27.54999964102,149.95000011307,
    -1.713152975247E-14));
#646 = CIRCLE('',#647,31.5);
#647 = AXIS2_PLACEMENT_3D('',#648,#649,#650);
#648 = CARTESIAN_POINT('',(3.950000358979,149.95,-1.713152973992E-14));
#649 = DIRECTION('',(3.589793573511E-09,1.,-1.110223024625E-16));
#650 = DIRECTION('',(-1.,3.589793573511E-09,-3.985471478963E-25));
#651 = ORIENTED_EDGE('',*,*,#652,.F.);
#652 = EDGE_CURVE('',#653,#644,#655,.T.);
#653 = VERTEX_POINT('',#654);
#654 = CARTESIAN_POINT('',(-27.54999965897,144.9499985268,
    -2.429169289868E-14));
#655 = B_SPLINE_CURVE_WITH_KNOTS('',1,(#656,#657),.UNSPECIFIED.,.F.,.F.,
  (2,2),(-37.00000158627,-32.),.PIECEWISE_BEZIER_KNOTS.);
#656 = CARTESIAN_POINT('',(-27.54999965897,144.9499985268,
    -2.429169289868E-14));
#657 = CARTESIAN_POINT('',(-27.54999964102,149.95000011307,
    -2.48468045871E-14));
#658 = ORIENTED_EDGE('',*,*,#659,.T.);
#659 = EDGE_CURVE('',#653,#660,#662,.T.);
#660 = VERTEX_POINT('',#661);
#661 = CARTESIAN_POINT('',(-26.23691738752,135.95000010836,9.));
#662 = B_SPLINE_CURVE_WITH_KNOTS('',3,(#663,#664,#665,#666,#667,#668,
    #669,#670,#671,#672,#673,#674,#675,#676,#677,#678,#679,#680,#681,
    #682,#683,#684,#685,#686,#687,#688,#689,#690,#691,#692,#693,#694,
    #695,#696,#697,#698,#699,#700,#701,#702,#703,#704,#705,#706,#707,
    #708),.UNSPECIFIED.,.F.,.F.,(4,2,2,2,2,2,2,2,2,2,2,2,2,2,2,2,2,2,2,2
    ,2,2,4),(1.734723475977E-18,1.767269294573E-03,2.650903941859E-03,
    3.534538589145E-03,5.301807883718E-03,6.185442531004E-03,
    7.06907717829E-03,8.836346472863E-03,1.060361576744E-02,
    1.148725041472E-02,1.237088506201E-02,1.413815435658E-02,
    1.590542365115E-02,1.767269294573E-02,1.855632759301E-02,
    1.94399622403E-02,2.032359688758E-02,2.120723153487E-02,
    2.297450082944E-02,2.474177012402E-02,2.650903941859E-02,
    2.739267406587E-02,2.827630871316E-02),.UNSPECIFIED.);
#663 = CARTESIAN_POINT('',(-26.23691738752,135.95000010836,-9.));
#664 = CARTESIAN_POINT('',(-26.23691738537,136.54783104329,-9.));
#665 = CARTESIAN_POINT('',(-26.25467432331,137.13501415938,
    -8.941031005737));
#666 = CARTESIAN_POINT('',(-26.30511688784,138.00063150586,
    -8.768208728652));
#667 = CARTESIAN_POINT('',(-26.32589934688,138.28662654725,
    -8.696432468277));
#668 = CARTESIAN_POINT('',(-26.37491219959,138.85345355575,
    -8.523949722427));
#669 = CARTESIAN_POINT('',(-26.40319790496,139.13428579847,
    -8.423011033336));
#670 = CARTESIAN_POINT('',(-26.49602456089,139.95032043045,
    -8.083600572066));
#671 = CARTESIAN_POINT('',(-26.56903434324,140.46587481687,
    -7.807136038836));
#672 = CARTESIAN_POINT('',(-26.68870310108,141.19767193776,
    -7.317654321106));
#673 = CARTESIAN_POINT('',(-26.7305221742,141.43583487789,-7.14088441787
    ));
#674 = CARTESIAN_POINT('',(-26.81509668213,141.89063275642,
    -6.767237038407));
#675 = CARTESIAN_POINT('',(-26.85782211006,142.10732770404,
    -6.570574596084));
#676 = CARTESIAN_POINT('',(-26.9855023661,142.72630924101,
    -5.951652630839));
#677 = CARTESIAN_POINT('',(-27.06998026131,143.09781496178,
    -5.500761149898));
#678 = CARTESIAN_POINT('',(-27.22823797578,143.75606219541,
    -4.518298918057));
#679 = CARTESIAN_POINT('',(-27.29977531918,144.0336614626,
    -3.999682732641));
#680 = CARTESIAN_POINT('',(-27.38937975897,144.37131357758,
    -3.188611017418));
#681 = CARTESIAN_POINT('',(-27.41636415899,144.4708985034,
    -2.912303820313));
#682 = CARTESIAN_POINT('',(-27.46369075072,144.64349627281,
    -2.34741292565));
#683 = CARTESIAN_POINT('',(-27.48410510074,144.71676148212,
    -2.057137513475));
#684 = CARTESIAN_POINT('',(-27.53309366758,144.89134724186,
    -1.184900899907));
#685 = CARTESIAN_POINT('',(-27.54983704367,144.94943095931,
    -0.598960740273));
#686 = CARTESIAN_POINT('',(-27.55015991864,144.95056102217,
    0.581732624256));
#687 = CARTESIAN_POINT('',(-27.53316261773,144.89157731418,
    1.181535632827));
#688 = CARTESIAN_POINT('',(-27.46843224696,144.66092194635,
    2.338304964192));
#689 = CARTESIAN_POINT('',(-27.42096234608,144.49020546062,
    2.900924946917));
#690 = CARTESIAN_POINT('',(-27.33063893361,144.15002115763,
    3.721192428425));
#691 = CARTESIAN_POINT('',(-27.29736365086,144.0225323936,3.9900690549)
  );
#692 = CARTESIAN_POINT('',(-27.22680008591,143.7449283215,4.508383602254
    ));
#693 = CARTESIAN_POINT('',(-27.18935284156,143.59422486525,
    4.759330840034));
#694 = CARTESIAN_POINT('',(-27.11120254322,143.26937030275,
    5.245209445769));
#695 = CARTESIAN_POINT('',(-27.07049746377,143.09521918157,
    5.480140484796));
#696 = CARTESIAN_POINT('',(-26.98690244717,142.72309582489,
    5.933908471293));
#697 = CARTESIAN_POINT('',(-26.943782153,142.52397436719,6.153802282971)
  );
#698 = CARTESIAN_POINT('',(-26.81514303286,141.90058085759,
    6.777630043955));
#699 = CARTESIAN_POINT('',(-26.73010789308,141.44988113477,
    7.147972396113));
#700 = CARTESIAN_POINT('',(-26.57090979842,140.47831166682,
    7.799781734198));
#701 = CARTESIAN_POINT('',(-26.49623622406,139.95168526831,
    8.082787733918));
#702 = CARTESIAN_POINT('',(-26.37277082171,138.86729575562,
    8.534303004511));
#703 = CARTESIAN_POINT('',(-26.32320901383,138.30642157005,8.70618188223
    ));
#704 = CARTESIAN_POINT('',(-26.27208583353,137.43605893594,8.88139687374
    ));
#705 = CARTESIAN_POINT('',(-26.25890503296,137.13989871445,
    8.925972779976));
#706 = CARTESIAN_POINT('',(-26.24135847076,136.54669230101,
    8.985143693271));
#707 = CARTESIAN_POINT('',(-26.23691738645,136.24893101135,9.));
#708 = CARTESIAN_POINT('',(-26.23691738752,135.95000010836,9.));
#709 = ORIENTED_EDGE('',*,*,#710,.T.);
#710 = EDGE_CURVE('',#660,#711,#713,.T.);
#711 = VERTEX_POINT('',#712);
#712 = CARTESIAN_POINT('',(-26.23691738976,135.32749918312,9.));
#713 = LINE('',#714,#715);
#714 = CARTESIAN_POINT('',(-26.23691722239,181.95000010836,9.));
#715 = VECTOR('',#716,1.);
#716 = DIRECTION('',(-3.589793573511E-09,-1.,1.110223024625E-16));
#717 = ORIENTED_EDGE('',*,*,#718,.T.);
#718 = EDGE_CURVE('',#711,#719,#721,.T.);
#719 = VERTEX_POINT('',#720);
#720 = CARTESIAN_POINT('',(23.950000306488,135.32749900296,
    24.336187047276));
#721 = CIRCLE('',#722,31.5);
#722 = AXIS2_PLACEMENT_3D('',#723,#724,#725);
#723 = CARTESIAN_POINT('',(3.950000306488,135.32749907475,
    -1.550810601944E-14));
#724 = DIRECTION('',(3.589793573511E-09,1.,-1.110223024625E-16));
#725 = DIRECTION('',(-1.,3.589793573511E-09,-3.985471478963E-25));
#726 = ORIENTED_EDGE('',*,*,#727,.T.);
#727 = EDGE_CURVE('',#719,#728,#730,.T.);
#728 = VERTEX_POINT('',#729);
#729 = CARTESIAN_POINT('',(23.950000337842,144.06171383186,
    24.336187047276));
#730 = LINE('',#731,#732);
#731 = CARTESIAN_POINT('',(23.950000473853,181.9499999282,
    24.336187047276));
#732 = VECTOR('',#733,1.);
#733 = DIRECTION('',(3.589793573511E-09,1.,-1.110223024625E-16));
#734 = ORIENTED_EDGE('',*,*,#735,.F.);
#735 = EDGE_CURVE('',#736,#728,#738,.T.);
#736 = VERTEX_POINT('',#737);
#737 = CARTESIAN_POINT('',(28.286187359588,136.94999991263,20.));
#738 = B_SPLINE_CURVE_WITH_KNOTS('',3,(#739,#740,#741,#742,#743,#744,
    #745,#746,#747,#748,#749,#750,#751,#752,#753,#754,#755,#756),
  .UNSPECIFIED.,.F.,.F.,(4,2,2,2,2,2,2,2,4),(1.734723475977E-18,
    1.252021678389E-03,1.878032517583E-03,2.504043356777E-03,
    3.756065035166E-03,5.008086713555E-03,6.260108391943E-03,
    7.512130070332E-03,1.001617342711E-02),.UNSPECIFIED.);
#739 = CARTESIAN_POINT('',(28.286187359588,136.94999991263,20.));
#740 = CARTESIAN_POINT('',(28.28618736111,137.37395718968,20.));
#741 = CARTESIAN_POINT('',(28.258782927186,137.79018056334,
    20.033475397477));
#742 = CARTESIAN_POINT('',(28.178432769075,138.40360280006,
    20.130445178483));
#743 = CARTESIAN_POINT('',(28.145055724246,138.60624635262,
    20.170602358445));
#744 = CARTESIAN_POINT('',(28.064830146005,139.00785876521,
    20.266447346529));
#745 = CARTESIAN_POINT('',(28.017704858049,139.20761558784,
    20.322458017045));
#746 = CARTESIAN_POINT('',(27.858774548355,139.78921652549,
    20.509688473464));
#747 = CARTESIAN_POINT('',(27.729076626902,140.15702063701,
    20.660566876453));
#748 = CARTESIAN_POINT('',(27.423131618291,140.85607025656,
    21.007512961665));
#749 = CARTESIAN_POINT('',(27.245336925379,141.18890586763,
    21.205187529163));
#750 = CARTESIAN_POINT('',(26.854340093355,141.7999196316,
    21.626925471415));
#751 = CARTESIAN_POINT('',(26.640272953129,142.0808221702,
    21.852030695827));
#752 = CARTESIAN_POINT('',(26.175739631277,142.5988728847,
    22.324341643976));
#753 = CARTESIAN_POINT('',(25.925200171758,142.83535497063,
    22.571458127983));
#754 = CARTESIAN_POINT('',(25.141197878482,143.46917531052,
    23.317454117738));
#755 = CARTESIAN_POINT('',(24.56894763625,143.79966021782,
    23.827522893646));
#756 = CARTESIAN_POINT('',(23.950000337842,144.06171383186,
    24.336187047276));
#757 = ORIENTED_EDGE('',*,*,#758,.F.);
#758 = EDGE_CURVE('',#759,#736,#761,.T.);
#759 = VERTEX_POINT('',#760);
#760 = CARTESIAN_POINT('',(28.286187353764,135.32749898739,20.));
#761 = LINE('',#762,#763);
#762 = CARTESIAN_POINT('',(28.286187521129,181.94999991263,20.));
#763 = VECTOR('',#764,1.);
#764 = DIRECTION('',(3.589793573511E-09,1.,-1.110223024625E-16));
#765 = ORIENTED_EDGE('',*,*,#766,.T.);
#766 = EDGE_CURVE('',#759,#767,#769,.T.);
#767 = VERTEX_POINT('',#768);
#768 = CARTESIAN_POINT('',(34.417195779652,135.32749896538,8.));
#769 = CIRCLE('',#770,31.5);
#770 = AXIS2_PLACEMENT_3D('',#771,#772,#773);
#771 = CARTESIAN_POINT('',(3.950000306488,135.32749907475,
    -1.550810601944E-14));
#772 = DIRECTION('',(3.589793573511E-09,1.,-1.110223024625E-16));
#773 = DIRECTION('',(-1.,3.589793573511E-09,-3.985471478963E-25));
#774 = ORIENTED_EDGE('',*,*,#775,.T.);
#775 = EDGE_CURVE('',#767,#776,#778,.T.);
#776 = VERTEX_POINT('',#777);
#777 = CARTESIAN_POINT('',(34.417195785476,136.94999989062,8.));
#778 = LINE('',#779,#780);
#779 = CARTESIAN_POINT('',(34.417195947017,181.94999989062,8.));
#780 = VECTOR('',#781,1.);
#781 = DIRECTION('',(3.589793573511E-09,1.,-1.110223024625E-16));
#782 = ORIENTED_EDGE('',*,*,#783,.T.);
#783 = EDGE_CURVE('',#776,#784,#786,.T.);
#784 = VERTEX_POINT('',#785);
#785 = CARTESIAN_POINT('',(34.417195785476,136.94999989062,-8.));
#786 = B_SPLINE_CURVE_WITH_KNOTS('',3,(#787,#788,#789,#790,#791,#792,
    #793,#794,#795,#796,#797,#798,#799,#800,#801,#802,#803,#804,#805,
    #806,#807,#808,#809,#810,#811,#812,#813,#814,#815,#816,#817,#818,
    #819,#820,#821,#822,#823,#824,#825,#826,#827,#828,#829,#830,#831,
    #832),.UNSPECIFIED.,.F.,.F.,(4,2,2,2,2,2,2,2,2,2,2,2,2,2,2,2,2,2,2,2
    ,2,2,4),(1.734723475977E-18,1.569181171733E-03,2.353771757599E-03,
    3.138362343465E-03,4.707543515198E-03,5.492134101064E-03,
    6.27672468693E-03,7.845905858663E-03,9.415087030395E-03,
    1.019967761626E-02,1.098426820213E-02,1.255344937386E-02,
    1.412263054559E-02,1.569181171733E-02,1.647640230319E-02,
    1.726099288906E-02,1.804558347492E-02,1.883017406079E-02,
    2.039935523252E-02,2.196853640426E-02,2.353771757599E-02,
    2.432230816185E-02,2.510689874772E-02),.UNSPECIFIED.);
#787 = CARTESIAN_POINT('',(34.417195785476,136.94999989062,8.));
#788 = CARTESIAN_POINT('',(34.417195787382,137.48076972122,8.));
#789 = CARTESIAN_POINT('',(34.431061892635,138.00221704754,
    7.947705858047));
#790 = CARTESIAN_POINT('',(34.470499038279,138.77108572333,
    7.794353323214));
#791 = CARTESIAN_POINT('',(34.486751741456,139.02514237803,
    7.730655827863));
#792 = CARTESIAN_POINT('',(34.525100453114,139.52871604517,
    7.577564177573));
#793 = CARTESIAN_POINT('',(34.547253900418,139.77839930839,
    7.487908075612));
#794 = CARTESIAN_POINT('',(34.620009848885,140.50403298104,
    7.186326687438));
#795 = CARTESIAN_POINT('',(34.677290553376,140.96256913268,
    6.940585257004));
#796 = CARTESIAN_POINT('',(34.771282995168,141.61342695522,
    6.505425190654));
#797 = CARTESIAN_POINT('',(34.804141963122,141.8252382885,6.348284363192
    ));
#798 = CARTESIAN_POINT('',(34.870718018024,142.23021539459,
    6.015645270468));
#799 = CARTESIAN_POINT('',(34.904361456555,142.42312215317,
    5.840579315028));
#800 = CARTESIAN_POINT('',(35.00492232311,142.97399843647,5.289723784327
    ));
#801 = CARTESIAN_POINT('',(35.071485134046,143.30440712775,4.88853937514
    ));
#802 = CARTESIAN_POINT('',(35.196184191446,143.88942931159,
    4.015050169052));
#803 = CARTESIAN_POINT('',(35.252707201404,144.13659985119,3.55300957607
    ));
#804 = CARTESIAN_POINT('',(35.323376137095,144.43653109171,
    2.831894162476));
#805 = CARTESIAN_POINT('',(35.344652347484,144.52493824785,
    2.586333524793));
#806 = CARTESIAN_POINT('',(35.381958074276,144.67809690195,
    2.084545225635));
#807 = CARTESIAN_POINT('',(35.398049271369,144.74309196009,
    1.826784009318));
#808 = CARTESIAN_POINT('',(35.436690743533,144.89806144057,
    1.051671545098));
#809 = CARTESIAN_POINT('',(35.449880162274,144.94952668289,
    0.531242361378));
#810 = CARTESIAN_POINT('',(35.450118885736,144.95046665686,
    -0.516893479407));
#811 = CARTESIAN_POINT('',(35.436718882844,144.89816160776,
    -1.049401809781));
#812 = CARTESIAN_POINT('',(35.385654893914,144.69339755373,
    -2.077092071947));
#813 = CARTESIAN_POINT('',(35.348215758615,144.54184959769,
    -2.576856252529));
#814 = CARTESIAN_POINT('',(35.277052274613,144.23997558298,
    -3.30535125255));
#815 = CARTESIAN_POINT('',(35.250783816014,144.12659444111,
    -3.544702244995));
#816 = CARTESIAN_POINT('',(35.195102342375,143.87970856618,
    -4.005940716482));
#817 = CARTESIAN_POINT('',(35.165564569958,143.74568674315,
    -4.229207371549));
#818 = CARTESIAN_POINT('',(35.103957423893,143.45683872808,
    -4.661394977571));
#819 = CARTESIAN_POINT('',(35.071886480616,143.30201231448,
    -4.870315557811));
#820 = CARTESIAN_POINT('',(35.00606950246,142.97127025363,
    -5.273740483335));
#821 = CARTESIAN_POINT('',(34.972139283361,142.79433354949,
    -5.469220143304));
#822 = CARTESIAN_POINT('',(34.870710653787,142.23893649814,
    -6.02507835684));
#823 = CARTESIAN_POINT('',(34.803791623657,141.83765318014,
    -6.354635743472));
#824 = CARTESIAN_POINT('',(34.678766058213,140.97365008194,
    -6.934031241258));
#825 = CARTESIAN_POINT('',(34.620189262298,140.50540878045,
    -7.185551212702));
#826 = CARTESIAN_POINT('',(34.523354407189,139.54044830243,
    -7.587005709316));
#827 = CARTESIAN_POINT('',(34.484599445841,139.04193924382,
    -7.739488704863));
#828 = CARTESIAN_POINT('',(34.444671912632,138.26951205052,
    -7.894799654038));
#829 = CARTESIAN_POINT('',(34.434380120438,138.00678080192,
    -7.934313101444));
#830 = CARTESIAN_POINT('',(34.420663906007,137.47982397847,
    -7.98682644874));
#831 = CARTESIAN_POINT('',(34.417195786429,137.21539233325,-8.));
#832 = CARTESIAN_POINT('',(34.417195785476,136.94999989062,-8.));
#833 = ORIENTED_EDGE('',*,*,#834,.T.);
#834 = EDGE_CURVE('',#784,#288,#835,.T.);
#835 = LINE('',#836,#837);
#836 = CARTESIAN_POINT('',(34.417195947017,181.94999989062,-8.));
#837 = VECTOR('',#838,1.);
#838 = DIRECTION('',(-3.589793573511E-09,-1.,1.110223024625E-16));
#839 = ORIENTED_EDGE('',*,*,#287,.T.);
#840 = ORIENTED_EDGE('',*,*,#841,.T.);
#841 = EDGE_CURVE('',#290,#842,#844,.T.);
#842 = VERTEX_POINT('',#843);
#843 = CARTESIAN_POINT('',(-26.23691738752,135.95000010836,-9.));
#844 = LINE('',#845,#846);
#845 = CARTESIAN_POINT('',(-26.23691722239,181.95000010836,-9.));
#846 = VECTOR('',#847,1.);
#847 = DIRECTION('',(3.589793573511E-09,1.,-1.110223024625E-16));
#848 = ORIENTED_EDGE('',*,*,#849,.T.);
#849 = EDGE_CURVE('',#842,#653,#850,.T.);
#850 = B_SPLINE_CURVE_WITH_KNOTS('',3,(#851,#852,#853,#854,#855,#856,
    #857,#858,#859,#860,#861,#862,#863,#864,#865,#866,#867,#868,#869,
    #870,#871,#872,#873,#874,#875,#876,#877,#878,#879,#880,#881,#882,
    #883,#884,#885,#886,#887,#888,#889,#890,#891,#892,#893,#894,#895,
    #896),.UNSPECIFIED.,.F.,.F.,(4,2,2,2,2,2,2,2,2,2,2,2,2,2,2,2,2,2,2,2
    ,2,2,4),(1.734723475977E-18,1.767269294573E-03,2.650903941859E-03,
    3.534538589145E-03,5.301807883718E-03,6.185442531004E-03,
    7.06907717829E-03,8.836346472863E-03,1.060361576744E-02,
    1.148725041472E-02,1.237088506201E-02,1.413815435658E-02,
    1.590542365115E-02,1.767269294573E-02,1.855632759301E-02,
    1.94399622403E-02,2.032359688758E-02,2.120723153487E-02,
    2.297450082944E-02,2.474177012402E-02,2.650903941859E-02,
    2.739267406587E-02,2.827630871316E-02),.UNSPECIFIED.);
#851 = CARTESIAN_POINT('',(-26.23691738752,135.95000010836,-9.));
#852 = CARTESIAN_POINT('',(-26.23691738537,136.54783104329,-9.));
#853 = CARTESIAN_POINT('',(-26.25467432331,137.13501415938,
    -8.941031005737));
#854 = CARTESIAN_POINT('',(-26.30511688784,138.00063150586,
    -8.768208728652));
#855 = CARTESIAN_POINT('',(-26.32589934688,138.28662654725,
    -8.696432468277));
#856 = CARTESIAN_POINT('',(-26.37491219959,138.85345355575,
    -8.523949722427));
#857 = CARTESIAN_POINT('',(-26.40319790496,139.13428579847,
    -8.423011033336));
#858 = CARTESIAN_POINT('',(-26.49602456089,139.95032043045,
    -8.083600572066));
#859 = CARTESIAN_POINT('',(-26.56903434324,140.46587481687,
    -7.807136038836));
#860 = CARTESIAN_POINT('',(-26.68870310108,141.19767193776,
    -7.317654321106));
#861 = CARTESIAN_POINT('',(-26.7305221742,141.43583487789,-7.14088441787
    ));
#862 = CARTESIAN_POINT('',(-26.81509668213,141.89063275642,
    -6.767237038407));
#863 = CARTESIAN_POINT('',(-26.85782211006,142.10732770404,
    -6.570574596084));
#864 = CARTESIAN_POINT('',(-26.9855023661,142.72630924101,
    -5.951652630839));
#865 = CARTESIAN_POINT('',(-27.06998026131,143.09781496178,
    -5.500761149898));
#866 = CARTESIAN_POINT('',(-27.22823797578,143.75606219541,
    -4.518298918057));
#867 = CARTESIAN_POINT('',(-27.29977531918,144.0336614626,
    -3.999682732641));
#868 = CARTESIAN_POINT('',(-27.38937975897,144.37131357758,
    -3.188611017418));
#869 = CARTESIAN_POINT('',(-27.41636415899,144.4708985034,
    -2.912303820313));
#870 = CARTESIAN_POINT('',(-27.46369075072,144.64349627281,
    -2.34741292565));
#871 = CARTESIAN_POINT('',(-27.48410510074,144.71676148212,
    -2.057137513475));
#872 = CARTESIAN_POINT('',(-27.53309366758,144.89134724186,
    -1.184900899907));
#873 = CARTESIAN_POINT('',(-27.54983704367,144.94943095931,
    -0.598960740273));
#874 = CARTESIAN_POINT('',(-27.55015991864,144.95056102217,
    0.581732624256));
#875 = CARTESIAN_POINT('',(-27.53316261773,144.89157731418,
    1.181535632827));
#876 = CARTESIAN_POINT('',(-27.46843224696,144.66092194635,
    2.338304964192));
#877 = CARTESIAN_POINT('',(-27.42096234608,144.49020546062,
    2.900924946917));
#878 = CARTESIAN_POINT('',(-27.33063893361,144.15002115763,
    3.721192428425));
#879 = CARTESIAN_POINT('',(-27.29736365086,144.0225323936,3.9900690549)
  );
#880 = CARTESIAN_POINT('',(-27.22680008591,143.7449283215,4.508383602254
    ));
#881 = CARTESIAN_POINT('',(-27.18935284156,143.59422486525,
    4.759330840034));
#882 = CARTESIAN_POINT('',(-27.11120254322,143.26937030275,
    5.245209445769));
#883 = CARTESIAN_POINT('',(-27.07049746377,143.09521918157,
    5.480140484796));
#884 = CARTESIAN_POINT('',(-26.98690244717,142.72309582489,
    5.933908471293));
#885 = CARTESIAN_POINT('',(-26.943782153,142.52397436719,6.153802282971)
  );
#886 = CARTESIAN_POINT('',(-26.81514303286,141.90058085759,
    6.777630043955));
#887 = CARTESIAN_POINT('',(-26.73010789308,141.44988113477,
    7.147972396113));
#888 = CARTESIAN_POINT('',(-26.57090979842,140.47831166682,
    7.799781734198));
#889 = CARTESIAN_POINT('',(-26.49623622406,139.95168526831,
    8.082787733918));
#890 = CARTESIAN_POINT('',(-26.37277082171,138.86729575562,
    8.534303004511));
#891 = CARTESIAN_POINT('',(-26.32320901383,138.30642157005,8.70618188223
    ));
#892 = CARTESIAN_POINT('',(-26.27208583353,137.43605893594,8.88139687374
    ));
#893 = CARTESIAN_POINT('',(-26.25890503296,137.13989871445,
    8.925972779976));
#894 = CARTESIAN_POINT('',(-26.24135847076,136.54669230101,
    8.985143693271));
#895 = CARTESIAN_POINT('',(-26.23691738645,136.24893101135,9.));
#896 = CARTESIAN_POINT('',(-26.23691738752,135.95000010836,9.));
#897 = ORIENTED_EDGE('',*,*,#652,.T.);
#898 = CYLINDRICAL_SURFACE('',#899,31.5);
#899 = AXIS2_PLACEMENT_3D('',#900,#901,#902);
#900 = CARTESIAN_POINT('',(3.950000473853,181.95,-2.068424341872E-14));
#901 = DIRECTION('',(3.589793573511E-09,1.,-1.110223024625E-16));
#902 = DIRECTION('',(-1.,3.589793573511E-09,-3.985471478963E-25));
#903 = ADVANCED_FACE('',(#904),#932,.T.);
#904 = FACE_BOUND('',#905,.T.);
#905 = EDGE_LOOP('',(#906,#917,#924,#925));
#906 = ORIENTED_EDGE('',*,*,#907,.T.);
#907 = EDGE_CURVE('',#908,#910,#912,.T.);
#908 = VERTEX_POINT('',#909);
#909 = CARTESIAN_POINT('',(24.808356229907,133.82499992512,20.));
#910 = VERTEX_POINT('',#911);
#911 = CARTESIAN_POINT('',(31.718165743792,133.82499990031,8.));
#912 = CIRCLE('',#913,28.897595264192);
#913 = AXIS2_PLACEMENT_3D('',#914,#915,#916);
#914 = CARTESIAN_POINT('',(3.950000301094,133.825,-1.534129511271E-14));
#915 = DIRECTION('',(3.589793573511E-09,1.,-1.110223024625E-16));
#916 = DIRECTION('',(-1.,3.589793573511E-09,-3.985471478963E-25));
#917 = ORIENTED_EDGE('',*,*,#918,.T.);
#918 = EDGE_CURVE('',#910,#767,#919,.T.);
#919 = B_SPLINE_CURVE_WITH_KNOTS('',3,(#920,#921,#922,#923),
  .UNSPECIFIED.,.F.,.F.,(4,4),(6.987330496658E-03,1.007636000762E-02),
  .PIECEWISE_BEZIER_KNOTS.);
#920 = CARTESIAN_POINT('',(31.718165743792,133.82499990031,8.));
#921 = CARTESIAN_POINT('',(32.618562517063,134.32452668834,8.));
#922 = CARTESIAN_POINT('',(33.518178755693,134.82546949758,8.));
#923 = CARTESIAN_POINT('',(34.417195779652,135.32749896538,8.));
#924 = ORIENTED_EDGE('',*,*,#766,.F.);
#925 = ORIENTED_EDGE('',*,*,#926,.F.);
#926 = EDGE_CURVE('',#908,#759,#927,.T.);
#927 = B_SPLINE_CURVE_WITH_KNOTS('',3,(#928,#929,#930,#931),
  .UNSPECIFIED.,.F.,.F.,(4,4),(1.789389254851E-02,2.165866547397E-02),
  .PIECEWISE_BEZIER_KNOTS.);
#928 = CARTESIAN_POINT('',(24.808356229907,133.82499992512,20.));
#929 = CARTESIAN_POINT('',(25.974045948778,134.31078112614,20.));
#930 = CARTESIAN_POINT('',(27.132839630203,134.81305083464,20.));
#931 = CARTESIAN_POINT('',(28.286187353764,135.32749898739,20.));
#932 = CONICAL_SURFACE('',#933,28.897595264192,1.047197551197);
#933 = AXIS2_PLACEMENT_3D('',#934,#935,#936);
#934 = CARTESIAN_POINT('',(3.950000301094,133.825,-1.534129511271E-14));
#935 = DIRECTION('',(3.589793573511E-09,1.,-1.110223024625E-16));
#936 = DIRECTION('',(-1.,3.589793573511E-09,-3.985471478963E-25));
#937 = ADVANCED_FACE('',(#938),#964,.F.);
#938 = FACE_BOUND('',#939,.T.);
#939 = EDGE_LOOP('',(#940,#951,#957,#958));
#940 = ORIENTED_EDGE('',*,*,#941,.T.);
#941 = EDGE_CURVE('',#942,#944,#946,.T.);
#942 = VERTEX_POINT('',#943);
#943 = CARTESIAN_POINT('',(24.533731741239,133.8249999261,20.));
#944 = VERTEX_POINT('',#945);
#945 = CARTESIAN_POINT('',(31.512474790878,133.82499990105,8.));
#946 = CIRCLE('',#947,28.7);
#947 = AXIS2_PLACEMENT_3D('',#948,#949,#950);
#948 = CARTESIAN_POINT('',(3.950000301094,133.825,-1.534129511271E-14));
#949 = DIRECTION('',(3.589793573511E-09,1.,-1.110223024625E-16));
#950 = DIRECTION('',(-1.,3.589793573511E-09,-3.985471478963E-25));
#951 = ORIENTED_EDGE('',*,*,#952,.T.);
#952 = EDGE_CURVE('',#944,#910,#953,.T.);
#953 = LINE('',#954,#955);
#954 = CARTESIAN_POINT('',(3.950000301094,133.825,8.));
#955 = VECTOR('',#956,1.);
#956 = DIRECTION('',(1.,-3.589793573511E-09,3.985471478963E-25));
#957 = ORIENTED_EDGE('',*,*,#907,.F.);
#958 = ORIENTED_EDGE('',*,*,#959,.F.);
#959 = EDGE_CURVE('',#942,#908,#960,.T.);
#960 = LINE('',#961,#962);
#961 = CARTESIAN_POINT('',(3.950000301094,133.825,20.));
#962 = VECTOR('',#963,1.);
#963 = DIRECTION('',(1.,-3.589793573511E-09,3.985471478963E-25));
#964 = PLANE('',#965);
#965 = AXIS2_PLACEMENT_3D('',#966,#967,#968);
#966 = CARTESIAN_POINT('',(3.950000301094,133.825,28.897595264192));
#967 = DIRECTION('',(3.589793573511E-09,1.,-1.110223024625E-16));
#968 = DIRECTION('',(-1.,3.589793573511E-09,-3.985471478963E-25));
#969 = ADVANCED_FACE('',(#970),#1051,.F.);
#970 = FACE_BOUND('',#971,.F.);
#971 = EDGE_LOOP('',(#972,#973,#988,#999,#1008,#1019,#1028,#1029,#1040)
  );
#972 = ORIENTED_EDGE('',*,*,#620,.F.);
#973 = ORIENTED_EDGE('',*,*,#974,.T.);
#974 = EDGE_CURVE('',#621,#975,#977,.T.);
#975 = VERTEX_POINT('',#976);
#976 = CARTESIAN_POINT('',(-22.54999969975,133.58991773885,9.));
#977 = B_SPLINE_CURVE_WITH_KNOTS('',3,(#978,#979,#980,#981,#982,#983,
    #984,#985,#986,#987),.UNSPECIFIED.,.F.,.F.,(4,2,2,2,4),(
    1.479688813632E-02,1.504868085942E-02,1.530047358252E-02,
    1.580405902871E-02,1.681122992109E-02),.UNSPECIFIED.);
#978 = CARTESIAN_POINT('',(-22.54999970321,132.62500009513,7.34846922835
    ));
#979 = CARTESIAN_POINT('',(-22.54999970291,132.70940223616,7.34846922835
    ));
#980 = CARTESIAN_POINT('',(-22.54999970261,132.7909269594,7.38415573034)
  );
#981 = CARTESIAN_POINT('',(-22.54999970213,132.92662141638,
    7.483937028449));
#982 = CARTESIAN_POINT('',(-22.54999970192,132.9840317944,7.547201981727
    ));
#983 = CARTESIAN_POINT('',(-22.54999970137,133.13633860876,7.74760078533
    ));
#984 = CARTESIAN_POINT('',(-22.54999970109,133.21430394818,
    7.898084024312));
#985 = CARTESIAN_POINT('',(-22.54999970037,133.41691458572,
    8.354000498066));
#986 = CARTESIAN_POINT('',(-22.54999970002,133.51293289802,
    8.676203277345));
#987 = CARTESIAN_POINT('',(-22.54999969975,133.58991773885,9.));
#988 = ORIENTED_EDGE('',*,*,#989,.F.);
#989 = EDGE_CURVE('',#990,#975,#992,.T.);
#990 = VERTEX_POINT('',#991);
#991 = CARTESIAN_POINT('',(-23.30233904803,133.82500009783,9.));
#992 = B_SPLINE_CURVE_WITH_KNOTS('',3,(#993,#994,#995,#996,#997,#998),
  .UNSPECIFIED.,.F.,.F.,(4,2,4),(7.126918761554E-03,7.524756196613E-03,
    7.922593631672E-03),.UNSPECIFIED.);
#993 = CARTESIAN_POINT('',(-23.30233904803,133.82500009783,9.));
#994 = CARTESIAN_POINT('',(-23.16960288581,133.82500009735,9.));
#995 = CARTESIAN_POINT('',(-23.03581761129,133.80491789454,9.));
#996 = CARTESIAN_POINT('',(-22.78066197078,133.72557414601,9.));
#997 = CARTESIAN_POINT('',(-22.65863969926,133.66597240956,9.));
#998 = CARTESIAN_POINT('',(-22.54999969975,133.58991773885,9.));
#999 = ORIENTED_EDGE('',*,*,#1000,.T.);
#1000 = EDGE_CURVE('',#990,#1001,#1003,.T.);
#1001 = VERTEX_POINT('',#1002);
#1002 = CARTESIAN_POINT('',(23.950000301094,133.8249999282,
    20.583731440145));
#1003 = CIRCLE('',#1004,28.7);
#1004 = AXIS2_PLACEMENT_3D('',#1005,#1006,#1007);
#1005 = CARTESIAN_POINT('',(3.950000301094,133.825,-1.534129511271E-14)
  );
#1006 = DIRECTION('',(3.589793573511E-09,1.,-1.110223024625E-16));
#1007 = DIRECTION('',(-1.,3.589793573511E-09,-3.985471478963E-25));
#1008 = ORIENTED_EDGE('',*,*,#1009,.F.);
#1009 = EDGE_CURVE('',#1010,#1001,#1012,.T.);
#1010 = VERTEX_POINT('',#1011);
#1011 = CARTESIAN_POINT('',(23.950000300827,133.75068620968,20.));
#1012 = B_SPLINE_CURVE_WITH_KNOTS('',3,(#1013,#1014,#1015,#1016,#1017,
    #1018),.UNSPECIFIED.,.F.,.F.,(4,2,4),(8.471124009832E-03,
    8.763314885136E-03,9.055505760439E-03),.UNSPECIFIED.);
#1013 = CARTESIAN_POINT('',(23.950000300827,133.75068620968,20.));
#1014 = CARTESIAN_POINT('',(23.950000300916,133.77534352772,
    20.094420902243));
#1015 = CARTESIAN_POINT('',(23.950000300982,133.79383413421,
    20.190532452701));
#1016 = CARTESIAN_POINT('',(23.950000301071,133.81872378419,
    20.386070542375));
#1017 = CARTESIAN_POINT('',(23.950000301094,133.8249999282,
    20.485271699417));
#1018 = CARTESIAN_POINT('',(23.950000301094,133.8249999282,
    20.583731440145));
#1019 = ORIENTED_EDGE('',*,*,#1020,.T.);
#1020 = EDGE_CURVE('',#1010,#942,#1021,.T.);
#1021 = B_SPLINE_CURVE_WITH_KNOTS('',3,(#1022,#1023,#1024,#1025,#1026,
    #1027),.UNSPECIFIED.,.F.,.F.,(4,2,4),(6.412501270317E-03,
    6.707770906537E-03,7.003040542757E-03),.UNSPECIFIED.);
#1022 = CARTESIAN_POINT('',(23.950000300827,133.75068620968,20.));
#1023 = CARTESIAN_POINT('',(24.044823396783,133.77544855726,20.));
#1024 = CARTESIAN_POINT('',(24.140968140475,133.79389282261,20.));
#1025 = CARTESIAN_POINT('',(24.335788103111,133.81868452123,20.));
#1026 = CARTESIAN_POINT('',(24.435163395483,133.82499992646,20.));
#1027 = CARTESIAN_POINT('',(24.533731741239,133.8249999261,20.));
#1028 = ORIENTED_EDGE('',*,*,#941,.T.);
#1029 = ORIENTED_EDGE('',*,*,#1030,.F.);
#1030 = EDGE_CURVE('',#1031,#944,#1033,.T.);
#1031 = VERTEX_POINT('',#1032);
#1032 = CARTESIAN_POINT('',(30.450000299063,133.2591051757,8.));
#1033 = B_SPLINE_CURVE_WITH_KNOTS('',3,(#1034,#1035,#1036,#1037,#1038,
    #1039),.UNSPECIFIED.,.F.,.F.,(4,2,4),(4.92224248554E-03,
    5.546495219305E-03,6.17074795307E-03),.UNSPECIFIED.);
#1034 = CARTESIAN_POINT('',(30.450000299063,133.2591051757,8.));
#1035 = CARTESIAN_POINT('',(30.564423215498,133.43509689356,8.));
#1036 = CARTESIAN_POINT('',(30.72463222878,133.57867690352,8.));
#1037 = CARTESIAN_POINT('',(31.093441695771,133.77345396877,8.));
#1038 = CARTESIAN_POINT('',(31.303207781322,133.8249999018,8.));
#1039 = CARTESIAN_POINT('',(31.512474790878,133.82499990105,8.));
#1040 = ORIENTED_EDGE('',*,*,#1041,.F.);
#1041 = EDGE_CURVE('',#613,#1031,#1042,.T.);
#1042 = B_SPLINE_CURVE_WITH_KNOTS('',3,(#1043,#1044,#1045,#1046,#1047,
    #1048,#1049,#1050),.UNSPECIFIED.,.F.,.F.,(4,2,2,4),(
    2.483965529328E-05,2.631736097301E-04,5.015075641669E-04,
    9.781754730405E-04),.UNSPECIFIED.);
#1043 = CARTESIAN_POINT('',(30.450000296786,132.62499990487,
    7.34846922835));
#1044 = CARTESIAN_POINT('',(30.450000297073,132.70494503847,
    7.34846922835));
#1045 = CARTESIAN_POINT('',(30.450000297351,132.78239890763,
    7.38032226478));
#1046 = CARTESIAN_POINT('',(30.450000297823,132.91368360958,
    7.472354658917));
#1047 = CARTESIAN_POINT('',(30.450000298021,132.96886984925,
    7.530470269027));
#1048 = CARTESIAN_POINT('',(30.450000298555,133.11766302523,
    7.717959862894));
#1049 = CARTESIAN_POINT('',(30.450000298824,133.19253976177,
    7.856640887739));
#1050 = CARTESIAN_POINT('',(30.450000299063,133.2591051757,8.));
#1051 = TOROIDAL_SURFACE('',#1052,28.7,1.2);
#1052 = AXIS2_PLACEMENT_3D('',#1053,#1054,#1055);
#1053 = CARTESIAN_POINT('',(3.950000296786,132.625,-1.520806834975E-14)
  );
#1054 = DIRECTION('',(3.589793573511E-09,1.,-1.110223024625E-16));
#1055 = DIRECTION('',(-1.,3.589793573511E-09,-3.985471478963E-25));
#1056 = ADVANCED_FACE('',(#1057),#1150,.F.);
#1057 = FACE_BOUND('',#1058,.F.);
#1058 = EDGE_LOOP('',(#1059,#1072,#1083,#1092,#1103,#1116,#1117,#1130,
    #1143));
#1059 = ORIENTED_EDGE('',*,*,#1060,.T.);
#1060 = EDGE_CURVE('',#1061,#1063,#1065,.T.);
#1061 = VERTEX_POINT('',#1062);
#1062 = CARTESIAN_POINT('',(24.533731727777,130.0749999261,20.));
#1063 = VERTEX_POINT('',#1064);
#1064 = CARTESIAN_POINT('',(23.950000287899,130.14931364672,20.));
#1065 = B_SPLINE_CURVE_WITH_KNOTS('',3,(#1066,#1067,#1068,#1069,#1070,
    #1071),.UNSPECIFIED.,.F.,.F.,(4,2,4),(1.772366011593E-03,
    2.066950691315E-03,2.361535371037E-03),.UNSPECIFIED.);
#1066 = CARTESIAN_POINT('',(24.533731727777,130.0749999261,20.));
#1067 = CARTESIAN_POINT('',(24.435229406649,130.07499992646,20.));
#1068 = CARTESIAN_POINT('',(24.337333306993,130.08119027649,20.));
#1069 = CARTESIAN_POINT('',(24.14273979478,130.10581120996,20.));
#1070 = CARTESIAN_POINT('',(24.045933165373,130.1242614872,20.));
#1071 = CARTESIAN_POINT('',(23.950000287899,130.14931364672,20.));
#1072 = ORIENTED_EDGE('',*,*,#1073,.F.);
#1073 = EDGE_CURVE('',#1074,#1063,#1076,.T.);
#1074 = VERTEX_POINT('',#1075);
#1075 = CARTESIAN_POINT('',(23.950000287632,130.0749999282,
    20.583731440145));
#1076 = B_SPLINE_CURVE_WITH_KNOTS('',3,(#1077,#1078,#1079,#1080,#1081,
    #1082),.UNSPECIFIED.,.F.,.F.,(4,2,4),(8.96928294861E-03,
    9.26301864374E-03,9.55675433887E-03),.UNSPECIFIED.);
#1077 = CARTESIAN_POINT('',(23.950000287632,130.0749999282,
    20.583731440145));
#1078 = CARTESIAN_POINT('',(23.950000287632,130.0749999282,
    20.484696618323));
#1079 = CARTESIAN_POINT('',(23.950000287655,130.08132367049,
    20.385738077147));
#1080 = CARTESIAN_POINT('',(23.950000287744,130.1060867572,
    20.191111393496));
#1081 = CARTESIAN_POINT('',(23.95000028781,130.12451819026,
    20.094949879271));
#1082 = CARTESIAN_POINT('',(23.950000287899,130.14931364672,20.));
#1083 = ORIENTED_EDGE('',*,*,#1084,.F.);
#1084 = EDGE_CURVE('',#1085,#1074,#1087,.T.);
#1085 = VERTEX_POINT('',#1086);
#1086 = CARTESIAN_POINT('',(-23.30233906149,130.07500009783,9.));
#1087 = CIRCLE('',#1088,28.7);
#1088 = AXIS2_PLACEMENT_3D('',#1089,#1090,#1091);
#1089 = CARTESIAN_POINT('',(3.950000287632,130.075,-1.492496147847E-14)
  );
#1090 = DIRECTION('',(3.589793573511E-09,1.,-1.110223024625E-16));
#1091 = DIRECTION('',(-1.,3.589793573511E-09,-3.985471478963E-25));
#1092 = ORIENTED_EDGE('',*,*,#1093,.F.);
#1093 = EDGE_CURVE('',#1094,#1085,#1096,.T.);
#1094 = VERTEX_POINT('',#1095);
#1095 = CARTESIAN_POINT('',(-22.54999971152,130.3100824514,9.));
#1096 = B_SPLINE_CURVE_WITH_KNOTS('',3,(#1097,#1098,#1099,#1100,#1101,
    #1102),.UNSPECIFIED.,.F.,.F.,(4,2,4),(7.479137407924E-03,
    7.876508343208E-03,8.273879278493E-03),.UNSPECIFIED.);
#1097 = CARTESIAN_POINT('',(-22.54999971152,130.3100824514,9.));
#1098 = CARTESIAN_POINT('',(-22.66008109917,130.23301872167,9.));
#1099 = CARTESIAN_POINT('',(-22.78232611395,130.17383641901,9.));
#1100 = CARTESIAN_POINT('',(-23.03546443437,130.09526464793,9.));
#1101 = CARTESIAN_POINT('',(-23.16956291608,130.07500009735,9.));
#1102 = CARTESIAN_POINT('',(-23.30233906149,130.07500009783,9.));
#1103 = ORIENTED_EDGE('',*,*,#1104,.T.);
#1104 = EDGE_CURVE('',#1094,#602,#1105,.T.);
#1105 = B_SPLINE_CURVE_WITH_KNOTS('',3,(#1106,#1107,#1108,#1109,#1110,
    #1111,#1112,#1113,#1114,#1115),.UNSPECIFIED.,.F.,.F.,(4,2,2,2,4),(
    1.281560942167E-02,1.382611485277E-02,1.433136756832E-02,
    1.458399392609E-02,1.483662028387E-02),.UNSPECIFIED.);
#1106 = CARTESIAN_POINT('',(-22.54999971152,130.3100824514,9.));
#1107 = CARTESIAN_POINT('',(-22.54999971124,130.38740372824,
    8.674788234133));
#1108 = CARTESIAN_POINT('',(-22.5499997109,130.4835618121,8.352129298362
    ));
#1109 = CARTESIAN_POINT('',(-22.54999971016,130.68751472481,
    7.894397952762));
#1110 = CARTESIAN_POINT('',(-22.54999970988,130.76540031382,
    7.744767188338));
#1111 = CARTESIAN_POINT('',(-22.54999970934,130.91747687319,
    7.545496567717));
#1112 = CARTESIAN_POINT('',(-22.54999970913,130.97472559401,
    7.482766402273));
#1113 = CARTESIAN_POINT('',(-22.54999970865,131.10940894041,
    7.384091394494));
#1114 = CARTESIAN_POINT('',(-22.54999970836,131.18946239692,
    7.34846922835));
#1115 = CARTESIAN_POINT('',(-22.54999970806,131.27500009513,
    7.34846922835));
#1116 = ORIENTED_EDGE('',*,*,#601,.T.);
#1117 = ORIENTED_EDGE('',*,*,#1118,.F.);
#1118 = EDGE_CURVE('',#1119,#604,#1121,.T.);
#1119 = VERTEX_POINT('',#1120);
#1120 = CARTESIAN_POINT('',(30.450000289664,130.64089463403,8.));
#1121 = B_SPLINE_CURVE_WITH_KNOTS('',3,(#1122,#1123,#1124,#1125,#1126,
    #1127,#1128,#1129),.UNSPECIFIED.,.F.,.F.,(4,2,2,4),(
    1.382512982511E-02,1.429979228965E-02,1.453712352192E-02,
    1.477445475418E-02),.UNSPECIFIED.);
#1122 = CARTESIAN_POINT('',(30.450000289664,130.64089463403,8.));
#1123 = CARTESIAN_POINT('',(30.450000289904,130.70775369627,
    7.856008469806));
#1124 = CARTESIAN_POINT('',(30.450000290178,130.78415636998,
    7.715313727253));
#1125 = CARTESIAN_POINT('',(30.450000290708,130.93181508491,
    7.529786510137));
#1126 = CARTESIAN_POINT('',(30.450000290908,130.98755106342,
    7.471298448552));
#1127 = CARTESIAN_POINT('',(30.450000291377,131.11820562741,
    7.380091600162));
#1128 = CARTESIAN_POINT('',(30.450000291652,131.1947865722,7.34846922835
    ));
#1129 = CARTESIAN_POINT('',(30.45000029194,131.27499990487,7.34846922835
    ));
#1130 = ORIENTED_EDGE('',*,*,#1131,.F.);
#1131 = EDGE_CURVE('',#1132,#1119,#1134,.T.);
#1132 = VERTEX_POINT('',#1133);
#1133 = CARTESIAN_POINT('',(31.512474777416,130.07499990105,8.));
#1134 = B_SPLINE_CURVE_WITH_KNOTS('',3,(#1135,#1136,#1137,#1138,#1139,
    #1140,#1141,#1142),.UNSPECIFIED.,.F.,.F.,(4,2,2,4),(
    9.194336796016E-04,1.543969437492E-03,1.856237316438E-03,
    2.168505195383E-03),.UNSPECIFIED.);
#1135 = CARTESIAN_POINT('',(31.512474777416,130.07499990105,8.));
#1136 = CARTESIAN_POINT('',(31.302995579579,130.0749999018,8.));
#1137 = CARTESIAN_POINT('',(31.093971745578,130.12642565005,8.));
#1138 = CARTESIAN_POINT('',(30.817710973589,130.27208641259,8.));
#1139 = CARTESIAN_POINT('',(30.730165793614,130.33309977125,8.));
#1140 = CARTESIAN_POINT('',(30.57570476181,130.47300154964,8.));
#1141 = CARTESIAN_POINT('',(30.507399446519,130.552610078,8.));
#1142 = CARTESIAN_POINT('',(30.450000289664,130.64089463403,8.));
#1143 = ORIENTED_EDGE('',*,*,#1144,.F.);
#1144 = EDGE_CURVE('',#1061,#1132,#1145,.T.);
#1145 = CIRCLE('',#1146,28.7);
#1146 = AXIS2_PLACEMENT_3D('',#1147,#1148,#1149);
#1147 = CARTESIAN_POINT('',(3.950000287632,130.075,-1.492496147847E-14)
  );
#1148 = DIRECTION('',(3.589793573511E-09,1.,-1.110223024625E-16));
#1149 = DIRECTION('',(-1.,3.589793573511E-09,-3.985471478963E-25));
#1150 = TOROIDAL_SURFACE('',#1151,28.7,1.2);
#1151 = AXIS2_PLACEMENT_3D('',#1152,#1153,#1154);
#1152 = CARTESIAN_POINT('',(3.95000029194,131.275,-1.505818824143E-14));
#1153 = DIRECTION('',(3.589793573511E-09,1.,-1.110223024625E-16));
#1154 = DIRECTION('',(-1.,3.589793573511E-09,-3.985471478963E-25));
#1155 = ADVANCED_FACE('',(#1156),#1182,.F.);
#1156 = FACE_BOUND('',#1157,.T.);
#1157 = EDGE_LOOP('',(#1158,#1169,#1175,#1176));
#1158 = ORIENTED_EDGE('',*,*,#1159,.T.);
#1159 = EDGE_CURVE('',#1160,#1162,#1164,.T.);
#1160 = VERTEX_POINT('',#1161);
#1161 = CARTESIAN_POINT('',(24.808356216445,130.07499992512,20.));
#1162 = VERTEX_POINT('',#1163);
#1163 = CARTESIAN_POINT('',(31.71816573033,130.07499990031,8.));
#1164 = CIRCLE('',#1165,28.897595264192);
#1165 = AXIS2_PLACEMENT_3D('',#1166,#1167,#1168);
#1166 = CARTESIAN_POINT('',(3.950000287632,130.075,-1.492496147847E-14)
  );
#1167 = DIRECTION('',(3.589793573511E-09,1.,-1.110223024625E-16));
#1168 = DIRECTION('',(-1.,3.589793573511E-09,-3.985471478963E-25));
#1169 = ORIENTED_EDGE('',*,*,#1170,.T.);
#1170 = EDGE_CURVE('',#1162,#1132,#1171,.T.);
#1171 = LINE('',#1172,#1173);
#1172 = CARTESIAN_POINT('',(3.950000287632,130.075,8.));
#1173 = VECTOR('',#1174,1.);
#1174 = DIRECTION('',(-1.,3.589793573511E-09,-3.985471478963E-25));
#1175 = ORIENTED_EDGE('',*,*,#1144,.F.);
#1176 = ORIENTED_EDGE('',*,*,#1177,.F.);
#1177 = EDGE_CURVE('',#1160,#1061,#1178,.T.);
#1178 = LINE('',#1179,#1180);
#1179 = CARTESIAN_POINT('',(3.950000287632,130.075,20.));
#1180 = VECTOR('',#1181,1.);
#1181 = DIRECTION('',(-1.,3.589793573511E-09,-3.985471478963E-25));
#1182 = PLANE('',#1183);
#1183 = AXIS2_PLACEMENT_3D('',#1184,#1185,#1186);
#1184 = CARTESIAN_POINT('',(3.950000287632,130.075,28.7));
#1185 = DIRECTION('',(-3.589793573511E-09,-1.,1.110223024625E-16));
#1186 = DIRECTION('',(1.,-3.589793573511E-09,3.985471478963E-25));
#1187 = ADVANCED_FACE('',(#1188),#1216,.T.);
#1188 = FACE_BOUND('',#1189,.T.);
#1189 = EDGE_LOOP('',(#1190,#1201,#1208,#1209));
#1190 = ORIENTED_EDGE('',*,*,#1191,.T.);
#1191 = EDGE_CURVE('',#1192,#1194,#1196,.T.);
#1192 = VERTEX_POINT('',#1193);
#1193 = CARTESIAN_POINT('',(28.286187329515,128.57250083787,20.));
#1194 = VERTEX_POINT('',#1195);
#1195 = CARTESIAN_POINT('',(34.417195755403,128.57250081587,8.));
#1196 = CIRCLE('',#1197,31.5);
#1197 = AXIS2_PLACEMENT_3D('',#1198,#1199,#1200);
#1198 = CARTESIAN_POINT('',(3.950000282239,128.57250092524,
    -1.475815057175E-14));
#1199 = DIRECTION('',(3.589793573511E-09,1.,-1.110223024625E-16));
#1200 = DIRECTION('',(-1.,3.589793573511E-09,-3.985471478963E-25));
#1201 = ORIENTED_EDGE('',*,*,#1202,.T.);
#1202 = EDGE_CURVE('',#1194,#1162,#1203,.T.);
#1203 = B_SPLINE_CURVE_WITH_KNOTS('',3,(#1204,#1205,#1206,#1207),
  .UNSPECIFIED.,.F.,.F.,(4,4),(1.005519603485E-02,1.314425657659E-02),
  .PIECEWISE_BEZIER_KNOTS.);
#1204 = CARTESIAN_POINT('',(34.417195755403,128.57250081587,8.));
#1205 = CARTESIAN_POINT('',(33.518178735049,129.07453029012,8.));
#1206 = CARTESIAN_POINT('',(32.618562500015,129.57547310582,8.));
#1207 = CARTESIAN_POINT('',(31.71816573033,130.07499990031,8.));
#1208 = ORIENTED_EDGE('',*,*,#1159,.F.);
#1209 = ORIENTED_EDGE('',*,*,#1210,.F.);
#1210 = EDGE_CURVE('',#1192,#1160,#1211,.T.);
#1211 = B_SPLINE_CURVE_WITH_KNOTS('',3,(#1212,#1213,#1214,#1215),
  .UNSPECIFIED.,.F.,.F.,(4,4),(2.087429567215E-02,2.466412571196E-02),
  .PIECEWISE_BEZIER_KNOTS.);
#1212 = CARTESIAN_POINT('',(28.286187329515,128.57250083787,20.));
#1213 = CARTESIAN_POINT('',(27.131661506394,129.08747448922,20.));
#1214 = CARTESIAN_POINT('',(25.972512651661,129.58985768396,20.));
#1215 = CARTESIAN_POINT('',(24.808356216445,130.07499992512,20.));
#1216 = CONICAL_SURFACE('',#1217,31.5,1.047197551197);
#1217 = AXIS2_PLACEMENT_3D('',#1218,#1219,#1220);
#1218 = CARTESIAN_POINT('',(3.950000282239,128.57250092524,
    -1.475815057175E-14));
#1219 = DIRECTION('',(-3.589793573511E-09,-1.,1.110223024625E-16));
#1220 = DIRECTION('',(1.,-3.589793573511E-09,3.985471478963E-25));
#1221 = ADVANCED_FACE('',(#1222),#1238,.T.);
#1222 = FACE_BOUND('',#1223,.T.);
#1223 = EDGE_LOOP('',(#1224,#1225,#1231,#1232));
#1224 = ORIENTED_EDGE('',*,*,#239,.T.);
#1225 = ORIENTED_EDGE('',*,*,#1226,.T.);
#1226 = EDGE_CURVE('',#232,#1194,#1227,.T.);
#1227 = LINE('',#1228,#1229);
#1228 = CARTESIAN_POINT('',(34.417195947017,181.94999989062,8.));
#1229 = VECTOR('',#1230,1.);
#1230 = DIRECTION('',(3.589793573511E-09,1.,-1.110223024625E-16));
#1231 = ORIENTED_EDGE('',*,*,#1191,.F.);
#1232 = ORIENTED_EDGE('',*,*,#1233,.F.);
#1233 = EDGE_CURVE('',#240,#1192,#1234,.T.);
#1234 = LINE('',#1235,#1236);
#1235 = CARTESIAN_POINT('',(28.286187521129,181.94999991263,20.));
#1236 = VECTOR('',#1237,1.);
#1237 = DIRECTION('',(3.589793573511E-09,1.,-1.110223024625E-16));
#1238 = CYLINDRICAL_SURFACE('',#1239,31.5);
#1239 = AXIS2_PLACEMENT_3D('',#1240,#1241,#1242);
#1240 = CARTESIAN_POINT('',(3.950000473853,181.95,-2.068424341872E-14));
#1241 = DIRECTION('',(3.589793573511E-09,1.,-1.110223024625E-16));
#1242 = DIRECTION('',(-1.,3.589793573511E-09,-3.985471478963E-25));
#1243 = ADVANCED_FACE('',(#1244,#1255),#1266,.F.);
#1244 = FACE_BOUND('',#1245,.T.);
#1245 = EDGE_LOOP('',(#1246));
#1246 = ORIENTED_EDGE('',*,*,#1247,.T.);
#1247 = EDGE_CURVE('',#1248,#1248,#1250,.T.);
#1248 = VERTEX_POINT('',#1249);
#1249 = CARTESIAN_POINT('',(3.950000265645,123.95,6.));
#1250 = CIRCLE('',#1251,6.);
#1251 = AXIS2_PLACEMENT_3D('',#1252,#1253,#1254);
#1252 = CARTESIAN_POINT('',(3.950000265645,123.95,-2.301154987712E-14));
#1253 = DIRECTION('',(-3.589793573511E-09,-1.,2.287124283032E-16));
#1254 = DIRECTION('',(4.224832574085E-25,2.287124283032E-16,1.));
#1255 = FACE_BOUND('',#1256,.T.);
#1256 = EDGE_LOOP('',(#1257));
#1257 = ORIENTED_EDGE('',*,*,#1258,.F.);
#1258 = EDGE_CURVE('',#1259,#1259,#1261,.T.);
#1259 = VERTEX_POINT('',#1260);
#1260 = CARTESIAN_POINT('',(8.150000265645,123.94999998492,
    -1.424494987422E-14));
#1261 = CIRCLE('',#1262,4.2);
#1262 = AXIS2_PLACEMENT_3D('',#1263,#1264,#1265);
#1263 = CARTESIAN_POINT('',(3.950000265645,123.95,-1.424494987589E-14));
#1264 = DIRECTION('',(-3.589793573511E-09,-1.,1.110223024625E-16));
#1265 = DIRECTION('',(1.,-3.589793573511E-09,3.985471478963E-25));
#1266 = PLANE('',#1267);
#1267 = AXIS2_PLACEMENT_3D('',#1268,#1269,#1270);
#1268 = CARTESIAN_POINT('',(3.950000265645,123.95,31.5));
#1269 = DIRECTION('',(3.589793573511E-09,1.,-1.110223024625E-16));
#1270 = DIRECTION('',(-1.,3.589793573511E-09,-3.985471478963E-25));
#1271 = ADVANCED_FACE('',(#1272),#1288,.T.);
#1272 = FACE_BOUND('',#1273,.T.);
#1273 = EDGE_LOOP('',(#1274,#1275,#1281,#1282));
#1274 = ORIENTED_EDGE('',*,*,#389,.F.);
#1275 = ORIENTED_EDGE('',*,*,#1276,.T.);
#1276 = EDGE_CURVE('',#390,#434,#1277,.T.);
#1277 = LINE('',#1278,#1279);
#1278 = CARTESIAN_POINT('',(30.450000473853,181.94999990487,
    -7.34846922835));
#1279 = VECTOR('',#1280,1.);
#1280 = DIRECTION('',(-3.589793573511E-09,-1.,1.110223024625E-16));
#1281 = ORIENTED_EDGE('',*,*,#433,.T.);
#1282 = ORIENTED_EDGE('',*,*,#1283,.F.);
#1283 = EDGE_CURVE('',#375,#436,#1284,.T.);
#1284 = LINE('',#1285,#1286);
#1285 = CARTESIAN_POINT('',(-22.54999952614,181.95000009513,
    -7.34846922835));
#1286 = VECTOR('',#1287,1.);
#1287 = DIRECTION('',(-3.589793573511E-09,-1.,1.110223024625E-16));
#1288 = CYLINDRICAL_SURFACE('',#1289,27.5);
#1289 = AXIS2_PLACEMENT_3D('',#1290,#1291,#1292);
#1290 = CARTESIAN_POINT('',(3.950000473853,181.95,-2.068424341872E-14));
#1291 = DIRECTION('',(3.589793573511E-09,1.,-1.110223024625E-16));
#1292 = DIRECTION('',(-1.,3.589793573511E-09,-3.985471478963E-25));
#1293 = ADVANCED_FACE('',(#1294),#1337,.F.);
#1294 = FACE_BOUND('',#1295,.T.);
#1295 = EDGE_LOOP('',(#1296,#1306,#1314,#1322,#1330));
#1296 = ORIENTED_EDGE('',*,*,#1297,.F.);
#1297 = EDGE_CURVE('',#1298,#1300,#1302,.T.);
#1298 = VERTEX_POINT('',#1299);
#1299 = CARTESIAN_POINT('',(19.751490877576,172.94999994327,-6.27));
#1300 = VERTEX_POINT('',#1301);
#1301 = CARTESIAN_POINT('',(19.751490905792,180.81004211379,-6.27));
#1302 = LINE('',#1303,#1304);
#1303 = CARTESIAN_POINT('',(19.751490795011,149.94999994327,-6.27));
#1304 = VECTOR('',#1305,1.);
#1305 = DIRECTION('',(3.589793573511E-09,1.,-1.110223024625E-16));
#1306 = ORIENTED_EDGE('',*,*,#1307,.T.);
#1307 = EDGE_CURVE('',#1298,#1308,#1310,.T.);
#1308 = VERTEX_POINT('',#1309);
#1309 = CARTESIAN_POINT('',(21.940000441545,172.94999993542,-6.27));
#1310 = LINE('',#1311,#1312);
#1311 = CARTESIAN_POINT('',(21.940000441545,172.94999993542,-6.27));
#1312 = VECTOR('',#1313,1.);
#1313 = DIRECTION('',(1.,-3.589793573511E-09,3.985471478963E-25));
#1314 = ORIENTED_EDGE('',*,*,#1315,.T.);
#1315 = EDGE_CURVE('',#1308,#1316,#1318,.T.);
#1316 = VERTEX_POINT('',#1317);
#1317 = CARTESIAN_POINT('',(21.940000472058,181.44999993542,-6.27));
#1318 = LINE('',#1319,#1320);
#1319 = CARTESIAN_POINT('',(21.940000325256,140.55586335468,-6.27));
#1320 = VECTOR('',#1321,1.);
#1321 = DIRECTION('',(3.589793573511E-09,1.,-1.110223024625E-16));
#1322 = ORIENTED_EDGE('',*,*,#1323,.T.);
#1323 = EDGE_CURVE('',#1316,#1324,#1326,.T.);
#1324 = VERTEX_POINT('',#1325);
#1325 = CARTESIAN_POINT('',(20.438032866065,181.44999994081,-6.27));
#1326 = LINE('',#1327,#1328);
#1327 = CARTESIAN_POINT('',(35.450000472058,181.44999988692,-6.27));
#1328 = VECTOR('',#1329,1.);
#1329 = DIRECTION('',(-1.,3.589793573511E-09,-3.985471478963E-25));
#1330 = ORIENTED_EDGE('',*,*,#1331,.F.);
#1331 = EDGE_CURVE('',#1300,#1324,#1332,.T.);
#1332 = B_SPLINE_CURVE_WITH_KNOTS('',3,(#1333,#1334,#1335,#1336),
  .UNSPECIFIED.,.F.,.F.,(4,4),(7.076587035218E-02,7.169834444867E-02),
  .PIECEWISE_BEZIER_KNOTS.);
#1333 = CARTESIAN_POINT('',(19.751490905792,180.81004211379,-6.27));
#1334 = CARTESIAN_POINT('',(19.980636284103,181.02303261248,-6.27));
#1335 = CARTESIAN_POINT('',(20.209472058189,181.23636462413,-6.27));
#1336 = CARTESIAN_POINT('',(20.438032866065,181.44999994081,-6.27));
#1337 = PLANE('',#1338);
#1338 = AXIS2_PLACEMENT_3D('',#1339,#1340,#1341);
#1339 = CARTESIAN_POINT('',(35.450000437955,171.94999988692,-6.27));
#1340 = DIRECTION('',(-6.55505177461E-25,-2.93624773618E-16,-1.));
#1341 = DIRECTION('',(-3.589793573511E-09,-1.,2.93624773618E-16));
#1342 = ADVANCED_FACE('',(#1343),#1386,.F.);
#1343 = FACE_BOUND('',#1344,.T.);
#1344 = EDGE_LOOP('',(#1345,#1355,#1363,#1371,#1379));
#1345 = ORIENTED_EDGE('',*,*,#1346,.F.);
#1346 = EDGE_CURVE('',#1347,#1349,#1351,.T.);
#1347 = VERTEX_POINT('',#1348);
#1348 = CARTESIAN_POINT('',(-11.85148999448,172.95000005672,6.27));
#1349 = VERTEX_POINT('',#1350);
#1350 = CARTESIAN_POINT('',(-11.85148996627,180.81004222724,6.27));
#1351 = LINE('',#1352,#1353);
#1352 = CARTESIAN_POINT('',(-11.85149007705,149.95000005672,6.27));
#1353 = VECTOR('',#1354,1.);
#1354 = DIRECTION('',(3.589793573511E-09,1.,-1.110223024625E-16));
#1355 = ORIENTED_EDGE('',*,*,#1356,.T.);
#1356 = EDGE_CURVE('',#1347,#1357,#1359,.T.);
#1357 = VERTEX_POINT('',#1358);
#1358 = CARTESIAN_POINT('',(-14.03999955845,172.95000006458,6.27));
#1359 = LINE('',#1360,#1361);
#1360 = CARTESIAN_POINT('',(-14.03999955845,172.95000006458,6.27));
#1361 = VECTOR('',#1362,1.);
#1362 = DIRECTION('',(-1.,3.589793573511E-09,-3.985471478963E-25));
#1363 = ORIENTED_EDGE('',*,*,#1364,.T.);
#1364 = EDGE_CURVE('',#1357,#1365,#1367,.T.);
#1365 = VERTEX_POINT('',#1366);
#1366 = CARTESIAN_POINT('',(-14.03999952794,181.45000006458,6.27));
#1367 = LINE('',#1368,#1369);
#1368 = CARTESIAN_POINT('',(-14.03999967474,140.55586348384,6.27));
#1369 = VECTOR('',#1370,1.);
#1370 = DIRECTION('',(3.589793573511E-09,1.,-1.110223024625E-16));
#1371 = ORIENTED_EDGE('',*,*,#1372,.F.);
#1372 = EDGE_CURVE('',#1373,#1365,#1375,.T.);
#1373 = VERTEX_POINT('',#1374);
#1374 = CARTESIAN_POINT('',(-12.53803192194,181.45000005918,6.27));
#1375 = LINE('',#1376,#1377);
#1376 = CARTESIAN_POINT('',(35.450000472058,181.44999988692,6.27));
#1377 = VECTOR('',#1378,1.);
#1378 = DIRECTION('',(-1.,3.589793573511E-09,-3.985471478963E-25));
#1379 = ORIENTED_EDGE('',*,*,#1380,.F.);
#1380 = EDGE_CURVE('',#1349,#1373,#1381,.T.);
#1381 = B_SPLINE_CURVE_WITH_KNOTS('',3,(#1382,#1383,#1384,#1385),
  .UNSPECIFIED.,.F.,.F.,(4,4),(7.076587035218E-02,7.169834444867E-02),
  .PIECEWISE_BEZIER_KNOTS.);
#1382 = CARTESIAN_POINT('',(-11.85148996627,180.81004222724,6.27));
#1383 = CARTESIAN_POINT('',(-12.08063534305,181.02303272758,6.27));
#1384 = CARTESIAN_POINT('',(-12.3094711156,181.23636474086,6.27));
#1385 = CARTESIAN_POINT('',(-12.53803192194,181.45000005918,6.27));
#1386 = PLANE('',#1387);
#1387 = AXIS2_PLACEMENT_3D('',#1388,#1389,#1390);
#1388 = CARTESIAN_POINT('',(35.450000472058,181.44999988692,6.27));
#1389 = DIRECTION('',(-3.277525887305E-25,1.972106688479E-17,1.));
#1390 = DIRECTION('',(3.589793573511E-09,1.,-1.972106688479E-17));
#1391 = ADVANCED_FACE('',(#1392),#1446,.F.);
#1392 = FACE_BOUND('',#1393,.T.);
#1393 = EDGE_LOOP('',(#1394,#1405,#1414,#1422,#1431,#1439));
#1394 = ORIENTED_EDGE('',*,*,#1395,.T.);
#1395 = EDGE_CURVE('',#1396,#1398,#1400,.T.);
#1396 = VERTEX_POINT('',#1397);
#1397 = CARTESIAN_POINT('',(-16.32060638275,181.95000007276,
    7.39124124292));
#1398 = VERTEX_POINT('',#1399);
#1399 = CARTESIAN_POINT('',(24.220607330458,181.94999992723,
    7.39124124292));
#1400 = CIRCLE('',#1401,21.576096714792);
#1401 = AXIS2_PLACEMENT_3D('',#1402,#1403,#1404);
#1402 = CARTESIAN_POINT('',(3.950000473853,181.95,-2.068424341872E-14));
#1403 = DIRECTION('',(3.589793573511E-09,1.,-1.110223024625E-16));
#1404 = DIRECTION('',(-1.,3.589793573511E-09,-3.985471478963E-25));
#1405 = ORIENTED_EDGE('',*,*,#1406,.F.);
#1406 = EDGE_CURVE('',#1407,#1398,#1409,.T.);
#1407 = VERTEX_POINT('',#1408);
#1408 = CARTESIAN_POINT('',(23.561727947875,181.94999992959,6.77));
#1409 = CIRCLE('',#1410,2.88);
#1410 = AXIS2_PLACEMENT_3D('',#1411,#1412,#1413);
#1411 = CARTESIAN_POINT('',(21.940000473853,181.94999993542,9.15));
#1412 = DIRECTION('',(-3.589793573511E-09,-1.,1.110223024625E-16));
#1413 = DIRECTION('',(-1.,3.589793573511E-09,-3.985471478963E-25));
#1414 = ORIENTED_EDGE('',*,*,#1415,.T.);
#1415 = EDGE_CURVE('',#1407,#1416,#1418,.T.);
#1416 = VERTEX_POINT('',#1417);
#1417 = CARTESIAN_POINT('',(20.779295469642,181.94999993958,6.77));
#1418 = LINE('',#1419,#1420);
#1419 = CARTESIAN_POINT('',(35.450000473853,181.94999988692,6.77));
#1420 = VECTOR('',#1421,1.);
#1421 = DIRECTION('',(-1.,3.589793573511E-09,-3.985471478963E-25));
#1422 = ORIENTED_EDGE('',*,*,#1423,.T.);
#1423 = EDGE_CURVE('',#1416,#1424,#1426,.T.);
#1424 = VERTEX_POINT('',#1425);
#1425 = CARTESIAN_POINT('',(-12.87929452193,181.95000006041,6.77));
#1426 = CIRCLE('',#1427,18.13995782948);
#1427 = AXIS2_PLACEMENT_3D('',#1428,#1429,#1430);
#1428 = CARTESIAN_POINT('',(3.950000473853,181.95,-2.068424341872E-14));
#1429 = DIRECTION('',(-3.589793573511E-09,-1.,1.110223024625E-16));
#1430 = DIRECTION('',(1.,-3.589793573511E-09,3.985471478963E-25));
#1431 = ORIENTED_EDGE('',*,*,#1432,.T.);
#1432 = EDGE_CURVE('',#1424,#1433,#1435,.T.);
#1433 = VERTEX_POINT('',#1434);
#1434 = CARTESIAN_POINT('',(-15.66172700017,181.9500000704,6.77));
#1435 = LINE('',#1436,#1437);
#1436 = CARTESIAN_POINT('',(35.450000473853,181.94999988692,6.77));
#1437 = VECTOR('',#1438,1.);
#1438 = DIRECTION('',(-1.,3.589793573511E-09,-3.985471478963E-25));
#1439 = ORIENTED_EDGE('',*,*,#1440,.F.);
#1440 = EDGE_CURVE('',#1396,#1433,#1441,.T.);
#1441 = CIRCLE('',#1442,2.88);
#1442 = AXIS2_PLACEMENT_3D('',#1443,#1444,#1445);
#1443 = CARTESIAN_POINT('',(-14.03999952614,181.95000006458,9.15));
#1444 = DIRECTION('',(-3.589793573511E-09,-1.,1.110223024625E-16));
#1445 = DIRECTION('',(-1.,3.589793573511E-09,-3.985471478963E-25));
#1446 = PLANE('',#1447);
#1447 = AXIS2_PLACEMENT_3D('',#1448,#1449,#1450);
#1448 = CARTESIAN_POINT('',(3.950000473853,181.95,-2.068424341872E-14));
#1449 = DIRECTION('',(-3.589793573511E-09,-1.,1.110223024625E-16));
#1450 = DIRECTION('',(1.,-3.589793573511E-09,3.985471478963E-25));
#1451 = ADVANCED_FACE('',(#1452),#1496,.T.);
#1452 = FACE_BOUND('',#1453,.T.);
#1453 = EDGE_LOOP('',(#1454,#1465,#1480,#1481));
#1454 = ORIENTED_EDGE('',*,*,#1455,.T.);
#1455 = EDGE_CURVE('',#1456,#1458,#1460,.T.);
#1456 = VERTEX_POINT('',#1457);
#1457 = CARTESIAN_POINT('',(-16.91981859188,180.81004224543,
    9.117717307758));
#1458 = VERTEX_POINT('',#1459);
#1459 = CARTESIAN_POINT('',(24.819819531402,180.8100420956,
    9.117717307755));
#1460 = CIRCLE('',#1461,22.774593664208);
#1461 = AXIS2_PLACEMENT_3D('',#1462,#1463,#1464);
#1462 = CARTESIAN_POINT('',(3.950000469761,180.81004217052,
    -2.055768267578E-14));
#1463 = DIRECTION('',(3.589793573511E-09,1.,-1.110223024625E-16));
#1464 = DIRECTION('',(-1.,3.589793573511E-09,-3.985471478963E-25));
#1465 = ORIENTED_EDGE('',*,*,#1466,.T.);
#1466 = EDGE_CURVE('',#1458,#1398,#1467,.T.);
#1467 = B_SPLINE_CURVE_WITH_KNOTS('',3,(#1468,#1469,#1470,#1471,#1472,
    #1473,#1474,#1475,#1476,#1477,#1478,#1479),.UNSPECIFIED.,.F.,.F.,(4,
    2,2,2,2,4),(1.976197596694E-07,2.894760573789E-04,5.787544949981E-04
    ,1.157311370237E-03,1.735868245475E-03,2.314425120713E-03),
  .UNSPECIFIED.);
#1468 = CARTESIAN_POINT('',(24.819819531402,180.8100420956,
    9.117717307755));
#1469 = CARTESIAN_POINT('',(24.819686071409,180.90762340711,
    9.105811806478));
#1470 = CARTESIAN_POINT('',(24.819249171167,180.99780770049,
    9.065742840821));
#1471 = CARTESIAN_POINT('',(24.814245269675,181.16021760886,
    8.96055558353));
#1472 = CARTESIAN_POINT('',(24.809633848239,181.2327750359,
    8.895963570284));
#1473 = CARTESIAN_POINT('',(24.785950227453,181.43343926732,
    8.686652514205));
#1474 = CARTESIAN_POINT('',(24.757765453318,181.54222137865,
    8.530910601556));
#1475 = CARTESIAN_POINT('',(24.665806030008,181.7311139434,
    8.204984001847));
#1476 = CARTESIAN_POINT('',(24.603788560678,181.80685504316,
    8.039697724985));
#1477 = CARTESIAN_POINT('',(24.440073298743,181.91697180247,
    7.708412685333));
#1478 = CARTESIAN_POINT('',(24.338989231124,181.9499999268,7.54474869428
    ));
#1479 = CARTESIAN_POINT('',(24.220607330458,181.94999992723,
    7.39124124292));
#1480 = ORIENTED_EDGE('',*,*,#1395,.F.);
#1481 = ORIENTED_EDGE('',*,*,#1482,.T.);
#1482 = EDGE_CURVE('',#1396,#1456,#1483,.T.);
#1483 = B_SPLINE_CURVE_WITH_KNOTS('',3,(#1484,#1485,#1486,#1487,#1488,
    #1489,#1490,#1491,#1492,#1493,#1494,#1495),.UNSPECIFIED.,.F.,.F.,(4,
    2,2,2,2,4),(1.896830423249E-03,2.473768332414E-03,3.050706241579E-03
    ,3.627644150745E-03,3.916113105327E-03,4.20458205991E-03),
  .UNSPECIFIED.);
#1484 = CARTESIAN_POINT('',(-16.32060638275,181.95000007276,
    7.39124124292));
#1485 = CARTESIAN_POINT('',(-16.43876560462,181.95000007319,
    7.544459943603));
#1486 = CARTESIAN_POINT('',(-16.5395942335,181.91722792223,
    7.707520057162));
#1487 = CARTESIAN_POINT('',(-16.70380941753,181.80690595887,
    8.03966718899));
#1488 = CARTESIAN_POINT('',(-16.76610058422,181.73040078549,
    8.206141494201));
#1489 = CARTESIAN_POINT('',(-16.85719019502,181.54350721584,
    8.528765264226));
#1490 = CARTESIAN_POINT('',(-16.88606108995,181.43260828749,
    8.687560754389));
#1491 = CARTESIAN_POINT('',(-16.90960824086,181.2329259609,
    8.895785608612));
#1492 = CARTESIAN_POINT('',(-16.91426441536,181.15980355969,
    8.960881940753));
#1493 = CARTESIAN_POINT('',(-16.91925190183,180.99744976918,
    9.065916385604));
#1494 = CARTESIAN_POINT('',(-16.91968551521,180.90734277052,
    9.105846064096));
#1495 = CARTESIAN_POINT('',(-16.91981859188,180.81004224543,
    9.117717307758));
#1496 = TOROIDAL_SURFACE('',#1497,21.576096714792,1.2);
#1497 = AXIS2_PLACEMENT_3D('',#1498,#1499,#1500);
#1498 = CARTESIAN_POINT('',(3.950000469545,180.75,-2.055101665576E-14));
#1499 = DIRECTION('',(3.589793573511E-09,1.,-1.110223024625E-16));
#1500 = DIRECTION('',(-1.,3.589793573511E-09,-3.985471478963E-25));
#1501 = ADVANCED_FACE('',(#1502),#1538,.F.);
#1502 = FACE_BOUND('',#1503,.F.);
#1503 = EDGE_LOOP('',(#1504,#1511,#1512,#1521,#1530,#1537));
#1504 = ORIENTED_EDGE('',*,*,#1505,.F.);
#1505 = EDGE_CURVE('',#1373,#1424,#1506,.T.);
#1506 = B_SPLINE_CURVE_WITH_KNOTS('',3,(#1507,#1508,#1509,#1510),
  .UNSPECIFIED.,.F.,.F.,(4,4),(3.146741682902E-07,7.854644454701E-04),
  .PIECEWISE_BEZIER_KNOTS.);
#1507 = CARTESIAN_POINT('',(-12.53803192194,181.45000005918,6.27));
#1508 = CARTESIAN_POINT('',(-12.65273814307,181.6163401576,
    6.436340098001));
#1509 = CARTESIAN_POINT('',(-12.76647846907,181.78301486337,
    6.603014803365));
#1510 = CARTESIAN_POINT('',(-12.87929452193,181.95000006041,6.77));
#1511 = ORIENTED_EDGE('',*,*,#1380,.F.);
#1512 = ORIENTED_EDGE('',*,*,#1513,.F.);
#1513 = EDGE_CURVE('',#1514,#1349,#1516,.T.);
#1514 = VERTEX_POINT('',#1515);
#1515 = CARTESIAN_POINT('',(19.751490905792,180.81004211379,6.27));
#1516 = CIRCLE('',#1517,17.);
#1517 = AXIS2_PLACEMENT_3D('',#1518,#1519,#1520);
#1518 = CARTESIAN_POINT('',(3.950000469761,180.81004217052,
    -2.055768267578E-14));
#1519 = DIRECTION('',(-3.589793573511E-09,-1.,1.110223024625E-16));
#1520 = DIRECTION('',(1.,-3.589793573511E-09,3.985471478963E-25));
#1521 = ORIENTED_EDGE('',*,*,#1522,.F.);
#1522 = EDGE_CURVE('',#1523,#1514,#1525,.T.);
#1523 = VERTEX_POINT('',#1524);
#1524 = CARTESIAN_POINT('',(20.438032866065,181.44999994081,6.27));
#1525 = B_SPLINE_CURVE_WITH_KNOTS('',3,(#1526,#1527,#1528,#1529),
  .UNSPECIFIED.,.F.,.F.,(4,4),(3.124375221583E-02,3.218230206594E-02),
  .PIECEWISE_BEZIER_KNOTS.);
#1526 = CARTESIAN_POINT('',(20.438032866065,181.44999994081,6.27));
#1527 = CARTESIAN_POINT('',(20.209475325256,181.23636767785,6.27));
#1528 = CARTESIAN_POINT('',(19.980639691619,181.02303577977,6.27));
#1529 = CARTESIAN_POINT('',(19.751490905792,180.81004211379,6.27));
#1530 = ORIENTED_EDGE('',*,*,#1531,.F.);
#1531 = EDGE_CURVE('',#1416,#1523,#1532,.T.);
#1532 = B_SPLINE_CURVE_WITH_KNOTS('',3,(#1533,#1534,#1535,#1536),
  .UNSPECIFIED.,.F.,.F.,(4,4),(3.13458114506E-07,7.854632294164E-04),
  .PIECEWISE_BEZIER_KNOTS.);
#1533 = CARTESIAN_POINT('',(20.779295469642,181.94999993958,6.77));
#1534 = CARTESIAN_POINT('',(20.666479415586,181.78301474335,
    6.603014803365));
#1535 = CARTESIAN_POINT('',(20.552739088388,181.6163400384,
    6.436340098001));
#1536 = CARTESIAN_POINT('',(20.438032866065,181.44999994081,6.27));
#1537 = ORIENTED_EDGE('',*,*,#1423,.T.);
#1538 = CONICAL_SURFACE('',#1539,17.,0.785398163397);
#1539 = AXIS2_PLACEMENT_3D('',#1540,#1541,#1542);
#1540 = CARTESIAN_POINT('',(3.950000469761,180.81004217052,
    -2.055768267578E-14));
#1541 = DIRECTION('',(3.589793573511E-09,1.,-1.110223024625E-16));
#1542 = DIRECTION('',(-1.,3.589793573511E-09,-3.985471478963E-25));
#1543 = ADVANCED_FACE('',(#1544),#1572,.F.);
#1544 = FACE_BOUND('',#1545,.F.);
#1545 = EDGE_LOOP('',(#1546,#1555,#1564,#1571));
#1546 = ORIENTED_EDGE('',*,*,#1547,.T.);
#1547 = EDGE_CURVE('',#1548,#1548,#1550,.T.);
#1548 = VERTEX_POINT('',#1549);
#1549 = CARTESIAN_POINT('',(-19.96581612894,151.40668477209,
    -1.729325423728E-14));
#1550 = CIRCLE('',#1551,23.915816493149);
#1551 = AXIS2_PLACEMENT_3D('',#1552,#1553,#1554);
#1552 = CARTESIAN_POINT('',(3.950000364209,151.40668468623,
    -1.729325422775E-14));
#1553 = DIRECTION('',(3.589793573511E-09,1.,-1.110223024625E-16));
#1554 = DIRECTION('',(-1.,3.589793573511E-09,-3.985471478963E-25));
#1555 = ORIENTED_EDGE('',*,*,#1556,.T.);
#1556 = EDGE_CURVE('',#1548,#1557,#1559,.T.);
#1557 = VERTEX_POINT('',#1558);
#1558 = CARTESIAN_POINT('',(-19.94537162527,151.25139334495,
    -1.727601342548E-14));
#1559 = B_SPLINE_CURVE_WITH_KNOTS('',3,(#1560,#1561,#1562,#1563),
  .UNSPECIFIED.,.F.,.F.,(4,4),(2.879793265791,3.14159265359),
  .PIECEWISE_BEZIER_KNOTS.);
#1560 = CARTESIAN_POINT('',(-19.96581612894,151.40668477209,
    -1.729325423728E-14));
#1561 = CARTESIAN_POINT('',(-19.95226439561,151.35610901404,
    -1.728763920017E-14));
#1562 = CARTESIAN_POINT('',(-19.94537162508,151.30375322251,
    -1.728182653965E-14));
#1563 = CARTESIAN_POINT('',(-19.94537162527,151.25139334495,
    -1.727601342548E-14));
#1564 = ORIENTED_EDGE('',*,*,#1565,.F.);
#1565 = EDGE_CURVE('',#1557,#1557,#1566,.T.);
#1566 = CIRCLE('',#1567,23.895371988922);
#1567 = AXIS2_PLACEMENT_3D('',#1568,#1569,#1570);
#1568 = CARTESIAN_POINT('',(3.950000363651,151.25139325917,
    -1.727601341596E-14));
#1569 = DIRECTION('',(3.589793573511E-09,1.,-1.110223024625E-16));
#1570 = DIRECTION('',(-1.,3.589793573511E-09,-3.985471478963E-25));
#1571 = ORIENTED_EDGE('',*,*,#1556,.F.);
#1572 = TOROIDAL_SURFACE('',#1573,24.495371988922,0.6);
#1573 = AXIS2_PLACEMENT_3D('',#1574,#1575,#1576);
#1574 = CARTESIAN_POINT('',(3.950000363651,151.25139325917,
    -1.727601341596E-14));
#1575 = DIRECTION('',(3.589793573511E-09,1.,-1.110223024625E-16));
#1576 = DIRECTION('',(-1.,3.589793573511E-09,-3.985471478963E-25));
#1577 = ADVANCED_FACE('',(#1578),#1596,.T.);
#1578 = FACE_BOUND('',#1579,.T.);
#1579 = EDGE_LOOP('',(#1580,#1581,#1588,#1595));
#1580 = ORIENTED_EDGE('',*,*,#1565,.F.);
#1581 = ORIENTED_EDGE('',*,*,#1582,.F.);
#1582 = EDGE_CURVE('',#1583,#1557,#1585,.T.);
#1583 = VERTEX_POINT('',#1584);
#1584 = CARTESIAN_POINT('',(-19.94537162852,150.34416092702,
    -1.717529039358E-14));
#1585 = B_SPLINE_CURVE_WITH_KNOTS('',1,(#1586,#1587),.UNSPECIFIED.,.F.,
  .F.,(2,2),(-31.60583915875,-30.69860674082),.PIECEWISE_BEZIER_KNOTS.);
#1586 = CARTESIAN_POINT('',(-19.94537162852,150.34416092702,
    -2.302796855771E-14));
#1587 = CARTESIAN_POINT('',(-19.94537162527,151.25139334495,
    -2.312869158962E-14));
#1588 = ORIENTED_EDGE('',*,*,#1589,.T.);
#1589 = EDGE_CURVE('',#1583,#1583,#1590,.T.);
#1590 = CIRCLE('',#1591,23.895371988922);
#1591 = AXIS2_PLACEMENT_3D('',#1592,#1593,#1594);
#1592 = CARTESIAN_POINT('',(3.950000360394,150.34416084124,
    -1.717529038405E-14));
#1593 = DIRECTION('',(3.589793573511E-09,1.,-1.110223024625E-16));
#1594 = DIRECTION('',(-1.,3.589793573511E-09,-3.985471478963E-25));
#1595 = ORIENTED_EDGE('',*,*,#1582,.T.);
#1596 = CYLINDRICAL_SURFACE('',#1597,23.895371988922);
#1597 = AXIS2_PLACEMENT_3D('',#1598,#1599,#1600);
#1598 = CARTESIAN_POINT('',(3.950000473853,181.95,-2.068424341872E-14));
#1599 = DIRECTION('',(3.589793573511E-09,1.,-1.110223024625E-16));
#1600 = DIRECTION('',(-1.,3.589793573511E-09,-3.985471478963E-25));
#1601 = ADVANCED_FACE('',(#1602),#1625,.F.);
#1602 = FACE_BOUND('',#1603,.F.);
#1603 = EDGE_LOOP('',(#1604,#1605,#1617,#1624));
#1604 = ORIENTED_EDGE('',*,*,#1589,.T.);
#1605 = ORIENTED_EDGE('',*,*,#1606,.T.);
#1606 = EDGE_CURVE('',#1583,#1607,#1609,.T.);
#1607 = VERTEX_POINT('',#1608);
#1608 = CARTESIAN_POINT('',(-20.62887549123,149.75000008823,
    -1.710932528922E-14));
#1609 = B_SPLINE_CURVE_WITH_KNOTS('',6,(#1610,#1611,#1612,#1613,#1614,
    #1615,#1616),.UNSPECIFIED.,.F.,.F.,(7,7),(3.14159265359,
    4.852015320544),.PIECEWISE_BEZIER_KNOTS.);
#1610 = CARTESIAN_POINT('',(-19.94537162852,150.34416092702,
    -1.717529039358E-14));
#1611 = CARTESIAN_POINT('',(-19.94537162914,150.17311866032,
    -1.715630088731E-14));
#1612 = CARTESIAN_POINT('',(-20.00386045282,150.00209920098,
    -1.713731391317E-14));
#1613 = CARTESIAN_POINT('',(-20.12098553082,149.85596056637,
    -1.712108926547E-14));
#1614 = CARTESIAN_POINT('',(-20.28200261527,149.76031390968,
    -1.711047035343E-14));
#1615 = CARTESIAN_POINT('',(-20.4594977962,149.72619560497,
    -1.710668246068E-14));
#1616 = CARTESIAN_POINT('',(-20.62887549123,149.75000008823,
    -1.710932528922E-14));
#1617 = ORIENTED_EDGE('',*,*,#1618,.F.);
#1618 = EDGE_CURVE('',#1607,#1607,#1619,.T.);
#1619 = CIRCLE('',#1620,24.578875849498);
#1620 = AXIS2_PLACEMENT_3D('',#1621,#1622,#1623);
#1621 = CARTESIAN_POINT('',(3.950000358261,149.75,-1.710932527942E-14));
#1622 = DIRECTION('',(3.589793573511E-09,1.,-1.110223024625E-16));
#1623 = DIRECTION('',(-1.,3.589793573511E-09,-3.985471478963E-25));
#1624 = ORIENTED_EDGE('',*,*,#1606,.F.);
#1625 = TOROIDAL_SURFACE('',#1626,24.495371988922,0.6);
#1626 = AXIS2_PLACEMENT_3D('',#1627,#1628,#1629);
#1627 = CARTESIAN_POINT('',(3.950000360394,150.34416084124,
    -1.717529038405E-14));
#1628 = DIRECTION('',(3.589793573511E-09,1.,-1.110223024625E-16));
#1629 = DIRECTION('',(-1.,3.589793573511E-09,-3.985471478963E-25));
#1630 = ADVANCED_FACE('',(#1631),#1649,.F.);
#1631 = FACE_BOUND('',#1632,.F.);
#1632 = EDGE_LOOP('',(#1633,#1634,#1641,#1648));
#1633 = ORIENTED_EDGE('',*,*,#1618,.T.);
#1634 = ORIENTED_EDGE('',*,*,#1635,.T.);
#1635 = EDGE_CURVE('',#1607,#1636,#1638,.T.);
#1636 = VERTEX_POINT('',#1637);
#1637 = CARTESIAN_POINT('',(-22.05194943499,149.95000009334,
    -1.713152975028E-14));
#1638 = B_SPLINE_CURVE_WITH_KNOTS('',1,(#1639,#1640),.UNSPECIFIED.,.F.,
  .F.,(2,2),(-1.437059306866,0.),.PIECEWISE_BEZIER_KNOTS.);
#1639 = CARTESIAN_POINT('',(-20.62887549123,149.75000008823,
    -1.710932528922E-14));
#1640 = CARTESIAN_POINT('',(-22.05194943499,149.95000009334,
    -1.713152975028E-14));
#1641 = ORIENTED_EDGE('',*,*,#1642,.F.);
#1642 = EDGE_CURVE('',#1636,#1636,#1643,.T.);
#1643 = CIRCLE('',#1644,26.001949793975);
#1644 = AXIS2_PLACEMENT_3D('',#1645,#1646,#1647);
#1645 = CARTESIAN_POINT('',(3.950000358979,149.95,-1.713152973992E-14));
#1646 = DIRECTION('',(3.589793573511E-09,1.,-1.110223024625E-16));
#1647 = DIRECTION('',(-1.,3.589793573511E-09,-3.985471478963E-25));
#1648 = ORIENTED_EDGE('',*,*,#1635,.F.);
#1649 = CONICAL_SURFACE('',#1650,26.001949793975,1.431169986635);
#1650 = AXIS2_PLACEMENT_3D('',#1651,#1652,#1653);
#1651 = CARTESIAN_POINT('',(3.950000358979,149.95,-1.713152973992E-14));
#1652 = DIRECTION('',(3.589793573511E-09,1.,-1.110223024625E-16));
#1653 = DIRECTION('',(-1.,3.589793573511E-09,-3.985471478963E-25));
#1654 = ADVANCED_FACE('',(#1655,#1658),#1661,.F.);
#1655 = FACE_BOUND('',#1656,.T.);
#1656 = EDGE_LOOP('',(#1657));
#1657 = ORIENTED_EDGE('',*,*,#1642,.F.);
#1658 = FACE_BOUND('',#1659,.T.);
#1659 = EDGE_LOOP('',(#1660));
#1660 = ORIENTED_EDGE('',*,*,#643,.T.);
#1661 = PLANE('',#1662);
#1662 = AXIS2_PLACEMENT_3D('',#1663,#1664,#1665);
#1663 = CARTESIAN_POINT('',(3.950000358979,149.95,26.001949793975));
#1664 = DIRECTION('',(-3.589793573511E-09,-1.,1.110223024625E-16));
#1665 = DIRECTION('',(1.,-3.589793573511E-09,3.985471478963E-25));
#1666 = ADVANCED_FACE('',(#1667),#1695,.T.);
#1667 = FACE_BOUND('',#1668,.T.);
#1668 = EDGE_LOOP('',(#1669,#1680,#1687,#1688));
#1669 = ORIENTED_EDGE('',*,*,#1670,.T.);
#1670 = EDGE_CURVE('',#1671,#1673,#1675,.T.);
#1671 = VERTEX_POINT('',#1672);
#1672 = CARTESIAN_POINT('',(-23.51035315717,133.82500009857,9.));
#1673 = VERTEX_POINT('',#1674);
#1674 = CARTESIAN_POINT('',(23.950000301094,133.8249999282,
    20.858355928813));
#1675 = CIRCLE('',#1676,28.897595264192);
#1676 = AXIS2_PLACEMENT_3D('',#1677,#1678,#1679);
#1677 = CARTESIAN_POINT('',(3.950000301094,133.825,-1.534129511271E-14)
  );
#1678 = DIRECTION('',(3.589793573511E-09,1.,-1.110223024625E-16));
#1679 = DIRECTION('',(-1.,3.589793573511E-09,-3.985471478963E-25));
#1680 = ORIENTED_EDGE('',*,*,#1681,.T.);
#1681 = EDGE_CURVE('',#1673,#719,#1682,.T.);
#1682 = B_SPLINE_CURVE_WITH_KNOTS('',3,(#1683,#1684,#1685,#1686),
  .UNSPECIFIED.,.F.,.F.,(4,4),(2.059810439733E-02,2.435597836262E-02),
  .PIECEWISE_BEZIER_KNOTS.);
#1683 = CARTESIAN_POINT('',(23.950000301094,133.8249999282,
    20.858355928813));
#1684 = CARTESIAN_POINT('',(23.950000302838,134.3108634752,
    22.024243234862));
#1685 = CARTESIAN_POINT('',(23.950000304642,134.81325254165,
    23.183291509402));
#1686 = CARTESIAN_POINT('',(23.950000306488,135.32749900296,
    24.336187047276));
#1687 = ORIENTED_EDGE('',*,*,#718,.F.);
#1688 = ORIENTED_EDGE('',*,*,#1689,.T.);
#1689 = EDGE_CURVE('',#711,#1671,#1690,.T.);
#1690 = B_SPLINE_CURVE_WITH_KNOTS('',3,(#1691,#1692,#1693,#1694),
  .UNSPECIFIED.,.F.,.F.,(4,4),(7.019603777237E-03,1.013272973904E-02),
  .PIECEWISE_BEZIER_KNOTS.);
#1691 = CARTESIAN_POINT('',(-26.23691738976,135.32749918312,9.));
#1692 = CARTESIAN_POINT('',(-25.32892122007,134.82512002977,9.));
#1693 = CARTESIAN_POINT('',(-24.42014453869,134.32414382118,9.));
#1694 = CARTESIAN_POINT('',(-23.51035315717,133.82500009857,9.));
#1695 = CONICAL_SURFACE('',#1696,28.897595264192,1.047197551197);
#1696 = AXIS2_PLACEMENT_3D('',#1697,#1698,#1699);
#1697 = CARTESIAN_POINT('',(3.950000301094,133.825,-1.534129511271E-14)
  );
#1698 = DIRECTION('',(3.589793573511E-09,1.,-1.110223024625E-16));
#1699 = DIRECTION('',(-1.,3.589793573511E-09,-3.985471478963E-25));
#1700 = ADVANCED_FACE('',(#1701),#1717,.F.);
#1701 = FACE_BOUND('',#1702,.T.);
#1702 = EDGE_LOOP('',(#1703,#1704,#1710,#1711));
#1703 = ORIENTED_EDGE('',*,*,#1000,.T.);
#1704 = ORIENTED_EDGE('',*,*,#1705,.T.);
#1705 = EDGE_CURVE('',#1001,#1673,#1706,.T.);
#1706 = LINE('',#1707,#1708);
#1707 = CARTESIAN_POINT('',(23.950000301094,133.8249999282,
    28.897595264192));
#1708 = VECTOR('',#1709,1.);
#1709 = DIRECTION('',(0.,1.110223024625E-16,1.));
#1710 = ORIENTED_EDGE('',*,*,#1670,.F.);
#1711 = ORIENTED_EDGE('',*,*,#1712,.T.);
#1712 = EDGE_CURVE('',#1671,#990,#1713,.T.);
#1713 = LINE('',#1714,#1715);
#1714 = CARTESIAN_POINT('',(3.950000301094,133.825,9.));
#1715 = VECTOR('',#1716,1.);
#1716 = DIRECTION('',(1.,-3.589793573511E-09,3.985471478963E-25));
#1717 = PLANE('',#1718);
#1718 = AXIS2_PLACEMENT_3D('',#1719,#1720,#1721);
#1719 = CARTESIAN_POINT('',(3.950000301094,133.825,28.897595264192));
#1720 = DIRECTION('',(3.589793573511E-09,1.,-1.110223024625E-16));
#1721 = DIRECTION('',(-1.,3.589793573511E-09,-3.985471478963E-25));
#1722 = ADVANCED_FACE('',(#1723),#1749,.F.);
#1723 = FACE_BOUND('',#1724,.T.);
#1724 = EDGE_LOOP('',(#1725,#1736,#1742,#1743));
#1725 = ORIENTED_EDGE('',*,*,#1726,.T.);
#1726 = EDGE_CURVE('',#1727,#1729,#1731,.T.);
#1727 = VERTEX_POINT('',#1728);
#1728 = CARTESIAN_POINT('',(-23.51035317063,130.07500009857,9.));
#1729 = VERTEX_POINT('',#1730);
#1730 = CARTESIAN_POINT('',(23.950000287632,130.0749999282,
    20.858355928813));
#1731 = CIRCLE('',#1732,28.897595264192);
#1732 = AXIS2_PLACEMENT_3D('',#1733,#1734,#1735);
#1733 = CARTESIAN_POINT('',(3.950000287632,130.075,-1.492496147847E-14)
  );
#1734 = DIRECTION('',(3.589793573511E-09,1.,-1.110223024625E-16));
#1735 = DIRECTION('',(-1.,3.589793573511E-09,-3.985471478963E-25));
#1736 = ORIENTED_EDGE('',*,*,#1737,.T.);
#1737 = EDGE_CURVE('',#1729,#1074,#1738,.T.);
#1738 = LINE('',#1739,#1740);
#1739 = CARTESIAN_POINT('',(23.950000287632,130.0749999282,28.7));
#1740 = VECTOR('',#1741,1.);
#1741 = DIRECTION('',(0.,-1.110223024625E-16,-1.));
#1742 = ORIENTED_EDGE('',*,*,#1084,.F.);
#1743 = ORIENTED_EDGE('',*,*,#1744,.T.);
#1744 = EDGE_CURVE('',#1085,#1727,#1745,.T.);
#1745 = LINE('',#1746,#1747);
#1746 = CARTESIAN_POINT('',(3.950000287632,130.075,9.));
#1747 = VECTOR('',#1748,1.);
#1748 = DIRECTION('',(-1.,3.589793573511E-09,-3.985471478963E-25));
#1749 = PLANE('',#1750);
#1750 = AXIS2_PLACEMENT_3D('',#1751,#1752,#1753);
#1751 = CARTESIAN_POINT('',(3.950000287632,130.075,28.7));
#1752 = DIRECTION('',(-3.589793573511E-09,-1.,1.110223024625E-16));
#1753 = DIRECTION('',(1.,-3.589793573511E-09,3.985471478963E-25));
#1754 = ADVANCED_FACE('',(#1755),#1783,.T.);
#1755 = FACE_BOUND('',#1756,.T.);
#1756 = EDGE_LOOP('',(#1757,#1768,#1775,#1776));
#1757 = ORIENTED_EDGE('',*,*,#1758,.T.);
#1758 = EDGE_CURVE('',#1759,#1761,#1763,.T.);
#1759 = VERTEX_POINT('',#1760);
#1760 = CARTESIAN_POINT('',(-26.236917414,128.5725010336,9.));
#1761 = VERTEX_POINT('',#1762);
#1762 = CARTESIAN_POINT('',(23.950000282239,128.57250085344,
    24.336187047276));
#1763 = CIRCLE('',#1764,31.5);
#1764 = AXIS2_PLACEMENT_3D('',#1765,#1766,#1767);
#1765 = CARTESIAN_POINT('',(3.950000282239,128.57250092524,
    -1.475815057175E-14));
#1766 = DIRECTION('',(3.589793573511E-09,1.,-1.110223024625E-16));
#1767 = DIRECTION('',(-1.,3.589793573511E-09,-3.985471478963E-25));
#1768 = ORIENTED_EDGE('',*,*,#1769,.T.);
#1769 = EDGE_CURVE('',#1761,#1729,#1770,.T.);
#1770 = B_SPLINE_CURVE_WITH_KNOTS('',3,(#1771,#1772,#1773,#1774),
  .UNSPECIFIED.,.F.,.F.,(4,4),(1.824833523019E-02,2.203419682372E-02),
  .PIECEWISE_BEZIER_KNOTS.);
#1771 = CARTESIAN_POINT('',(23.950000282239,128.57250085344,
    24.336187047276));
#1772 = CARTESIAN_POINT('',(23.950000284085,129.08678519973,
    23.183206574582));
#1773 = CARTESIAN_POINT('',(23.950000285889,129.58943247115,
    22.023532731841));
#1774 = CARTESIAN_POINT('',(23.950000287632,130.0749999282,
    20.858355928813));
#1775 = ORIENTED_EDGE('',*,*,#1726,.F.);
#1776 = ORIENTED_EDGE('',*,*,#1777,.T.);
#1777 = EDGE_CURVE('',#1727,#1759,#1778,.T.);
#1778 = B_SPLINE_CURVE_WITH_KNOTS('',3,(#1779,#1780,#1781,#1782),
  .UNSPECIFIED.,.F.,.F.,(4,4),(9.999190066625E-03,1.311222173485E-02),
  .PIECEWISE_BEZIER_KNOTS.);
#1779 = CARTESIAN_POINT('',(-23.51035317063,130.07500009857,9.));
#1780 = CARTESIAN_POINT('',(-24.42014455573,129.5758563825,9.));
#1781 = CARTESIAN_POINT('',(-25.32892124071,129.07488018043,9.));
#1782 = CARTESIAN_POINT('',(-26.236917414,128.5725010336,9.));
#1783 = CONICAL_SURFACE('',#1784,31.5,1.047197551197);
#1784 = AXIS2_PLACEMENT_3D('',#1785,#1786,#1787);
#1785 = CARTESIAN_POINT('',(3.950000282239,128.57250092524,
    -1.475815057175E-14));
#1786 = DIRECTION('',(-3.589793573511E-09,-1.,1.110223024625E-16));
#1787 = DIRECTION('',(1.,-3.589793573511E-09,3.985471478963E-25));
#1788 = ADVANCED_FACE('',(#1789),#1805,.T.);
#1789 = FACE_BOUND('',#1790,.T.);
#1790 = EDGE_LOOP('',(#1791,#1792,#1798,#1799));
#1791 = ORIENTED_EDGE('',*,*,#264,.T.);
#1792 = ORIENTED_EDGE('',*,*,#1793,.T.);
#1793 = EDGE_CURVE('',#257,#1761,#1794,.T.);
#1794 = LINE('',#1795,#1796);
#1795 = CARTESIAN_POINT('',(23.950000473853,181.9499999282,
    24.336187047276));
#1796 = VECTOR('',#1797,1.);
#1797 = DIRECTION('',(3.589793573511E-09,1.,-1.110223024625E-16));
#1798 = ORIENTED_EDGE('',*,*,#1758,.F.);
#1799 = ORIENTED_EDGE('',*,*,#1800,.T.);
#1800 = EDGE_CURVE('',#1759,#265,#1801,.T.);
#1801 = LINE('',#1802,#1803);
#1802 = CARTESIAN_POINT('',(-26.23691722239,181.95000010836,9.));
#1803 = VECTOR('',#1804,1.);
#1804 = DIRECTION('',(-3.589793573511E-09,-1.,1.110223024625E-16));
#1805 = CYLINDRICAL_SURFACE('',#1806,31.5);
#1806 = AXIS2_PLACEMENT_3D('',#1807,#1808,#1809);
#1807 = CARTESIAN_POINT('',(3.950000473853,181.95,-2.068424341872E-14));
#1808 = DIRECTION('',(3.589793573511E-09,1.,-1.110223024625E-16));
#1809 = DIRECTION('',(-1.,3.589793573511E-09,-3.985471478963E-25));
#1810 = ADVANCED_FACE('',(#1811),#1865,.F.);
#1811 = FACE_BOUND('',#1812,.T.);
#1812 = EDGE_LOOP('',(#1813,#1823,#1832,#1841,#1850,#1858));
#1813 = ORIENTED_EDGE('',*,*,#1814,.F.);
#1814 = EDGE_CURVE('',#1815,#1817,#1819,.T.);
#1815 = VERTEX_POINT('',#1816);
#1816 = CARTESIAN_POINT('',(23.561727947875,181.94999992959,-6.77));
#1817 = VERTEX_POINT('',#1818);
#1818 = CARTESIAN_POINT('',(20.779295469642,181.94999993958,-6.77));
#1819 = LINE('',#1820,#1821);
#1820 = CARTESIAN_POINT('',(35.450000473853,181.94999988692,-6.77));
#1821 = VECTOR('',#1822,1.);
#1822 = DIRECTION('',(-1.,3.589793573511E-09,-3.985471478963E-25));
#1823 = ORIENTED_EDGE('',*,*,#1824,.F.);
#1824 = EDGE_CURVE('',#1825,#1815,#1827,.T.);
#1825 = VERTEX_POINT('',#1826);
#1826 = CARTESIAN_POINT('',(24.220607330458,181.94999992723,
    -7.39124124292));
#1827 = CIRCLE('',#1828,2.88);
#1828 = AXIS2_PLACEMENT_3D('',#1829,#1830,#1831);
#1829 = CARTESIAN_POINT('',(21.940000473853,181.94999993542,-9.15));
#1830 = DIRECTION('',(-3.589793573511E-09,-1.,1.110223024625E-16));
#1831 = DIRECTION('',(1.,-3.589793573511E-09,3.985471478963E-25));
#1832 = ORIENTED_EDGE('',*,*,#1833,.T.);
#1833 = EDGE_CURVE('',#1825,#1834,#1836,.T.);
#1834 = VERTEX_POINT('',#1835);
#1835 = CARTESIAN_POINT('',(-16.32060638275,181.95000007276,
    -7.39124124292));
#1836 = CIRCLE('',#1837,21.576096714792);
#1837 = AXIS2_PLACEMENT_3D('',#1838,#1839,#1840);
#1838 = CARTESIAN_POINT('',(3.950000473853,181.95,-2.068424341872E-14));
#1839 = DIRECTION('',(3.589793573511E-09,1.,-1.110223024625E-16));
#1840 = DIRECTION('',(-1.,3.589793573511E-09,-3.985471478963E-25));
#1841 = ORIENTED_EDGE('',*,*,#1842,.F.);
#1842 = EDGE_CURVE('',#1843,#1834,#1845,.T.);
#1843 = VERTEX_POINT('',#1844);
#1844 = CARTESIAN_POINT('',(-15.66172700017,181.9500000704,-6.77));
#1845 = CIRCLE('',#1846,2.88);
#1846 = AXIS2_PLACEMENT_3D('',#1847,#1848,#1849);
#1847 = CARTESIAN_POINT('',(-14.03999952614,181.95000006458,-9.15));
#1848 = DIRECTION('',(-3.589793573511E-09,-1.,1.110223024625E-16));
#1849 = DIRECTION('',(1.,-3.589793573511E-09,3.985471478963E-25));
#1850 = ORIENTED_EDGE('',*,*,#1851,.F.);
#1851 = EDGE_CURVE('',#1852,#1843,#1854,.T.);
#1852 = VERTEX_POINT('',#1853);
#1853 = CARTESIAN_POINT('',(-12.87929452193,181.95000006041,-6.77));
#1854 = LINE('',#1855,#1856);
#1855 = CARTESIAN_POINT('',(35.450000473853,181.94999988692,-6.77));
#1856 = VECTOR('',#1857,1.);
#1857 = DIRECTION('',(-1.,3.589793573511E-09,-3.985471478963E-25));
#1858 = ORIENTED_EDGE('',*,*,#1859,.T.);
#1859 = EDGE_CURVE('',#1852,#1817,#1860,.T.);
#1860 = CIRCLE('',#1861,18.13995782948);
#1861 = AXIS2_PLACEMENT_3D('',#1862,#1863,#1864);
#1862 = CARTESIAN_POINT('',(3.950000473853,181.95,-2.068424341872E-14));
#1863 = DIRECTION('',(-3.589793573511E-09,-1.,1.110223024625E-16));
#1864 = DIRECTION('',(1.,-3.589793573511E-09,3.985471478963E-25));
#1865 = PLANE('',#1866);
#1866 = AXIS2_PLACEMENT_3D('',#1867,#1868,#1869);
#1867 = CARTESIAN_POINT('',(3.950000473853,181.95,-2.068424341872E-14));
#1868 = DIRECTION('',(-3.589793573511E-09,-1.,1.110223024625E-16));
#1869 = DIRECTION('',(1.,-3.589793573511E-09,3.985471478963E-25));
#1870 = ADVANCED_FACE('',(#1871),#1915,.T.);
#1871 = FACE_BOUND('',#1872,.T.);
#1872 = EDGE_LOOP('',(#1873,#1874,#1891,#1900));
#1873 = ORIENTED_EDGE('',*,*,#1833,.F.);
#1874 = ORIENTED_EDGE('',*,*,#1875,.T.);
#1875 = EDGE_CURVE('',#1825,#1876,#1878,.T.);
#1876 = VERTEX_POINT('',#1877);
#1877 = CARTESIAN_POINT('',(24.819819531401,180.8100420956,
    -9.117717307758));
#1878 = B_SPLINE_CURVE_WITH_KNOTS('',3,(#1879,#1880,#1881,#1882,#1883,
    #1884,#1885,#1886,#1887,#1888,#1889,#1890),.UNSPECIFIED.,.F.,.F.,(4,
    2,2,2,2,4),(1.896830423249E-03,2.473768332414E-03,3.050706241579E-03
    ,3.627644150745E-03,3.916113105327E-03,4.20458205991E-03),
  .UNSPECIFIED.);
#1879 = CARTESIAN_POINT('',(24.220607330458,181.94999992723,
    -7.39124124292));
#1880 = CARTESIAN_POINT('',(24.338766552331,181.9499999268,
    -7.544459943603));
#1881 = CARTESIAN_POINT('',(24.439595180971,181.91722777512,
    -7.707520057162));
#1882 = CARTESIAN_POINT('',(24.603810364214,181.80690581059,
    -8.03966718899));
#1883 = CARTESIAN_POINT('',(24.666101530352,181.73040063676,
    -8.206141494201));
#1884 = CARTESIAN_POINT('',(24.757191139811,181.54350706645,
    -8.528765264226));
#1885 = CARTESIAN_POINT('',(24.786062033949,181.4326081379,
    -8.687560754389));
#1886 = CARTESIAN_POINT('',(24.809609183418,181.23292581114,
    -8.895785608612));
#1887 = CARTESIAN_POINT('',(24.814265357395,181.1598034099,
    -8.960881940753));
#1888 = CARTESIAN_POINT('',(24.819252842699,180.99744961935,
    -9.065916385604));
#1889 = CARTESIAN_POINT('',(24.819686455435,180.90734262068,
    -9.105846064096));
#1890 = CARTESIAN_POINT('',(24.819819531401,180.8100420956,
    -9.117717307758));
#1891 = ORIENTED_EDGE('',*,*,#1892,.T.);
#1892 = EDGE_CURVE('',#1876,#1893,#1895,.T.);
#1893 = VERTEX_POINT('',#1894);
#1894 = CARTESIAN_POINT('',(-16.91981859188,180.81004224543,
    -9.117717307755));
#1895 = CIRCLE('',#1896,22.774593664208);
#1896 = AXIS2_PLACEMENT_3D('',#1897,#1898,#1899);
#1897 = CARTESIAN_POINT('',(3.950000469761,180.81004217052,
    -2.055768267578E-14));
#1898 = DIRECTION('',(3.589793573511E-09,1.,-1.110223024625E-16));
#1899 = DIRECTION('',(-1.,3.589793573511E-09,-3.985471478963E-25));
#1900 = ORIENTED_EDGE('',*,*,#1901,.T.);
#1901 = EDGE_CURVE('',#1893,#1834,#1902,.T.);
#1902 = B_SPLINE_CURVE_WITH_KNOTS('',3,(#1903,#1904,#1905,#1906,#1907,
    #1908,#1909,#1910,#1911,#1912,#1913,#1914),.UNSPECIFIED.,.F.,.F.,(4,
    2,2,2,2,4),(1.976197596694E-07,2.894760573789E-04,5.787544949981E-04
    ,1.157311370237E-03,1.735868245475E-03,2.314425120713E-03),
  .UNSPECIFIED.);
#1903 = CARTESIAN_POINT('',(-16.91981859188,180.81004224543,
    -9.117717307755));
#1904 = CARTESIAN_POINT('',(-16.91968513118,180.90762355695,
    -9.105811806478));
#1905 = CARTESIAN_POINT('',(-16.91924823029,180.99780785032,
    -9.065742840821));
#1906 = CARTESIAN_POINT('',(-16.91424432764,181.16021775866,
    -8.96055558353));
#1907 = CARTESIAN_POINT('',(-16.90963290568,181.23277518566,
    -8.895963570284));
#1908 = CARTESIAN_POINT('',(-16.88594928345,181.43343941691,
    -8.686652514205));
#1909 = CARTESIAN_POINT('',(-16.85776450854,181.54222152804,
    -8.530910601556));
#1910 = CARTESIAN_POINT('',(-16.76580508387,181.73111409213,
    -8.204984001847));
#1911 = CARTESIAN_POINT('',(-16.703787614,181.80685519145,
    -8.039697724985));
#1912 = CARTESIAN_POINT('',(-16.54007235127,181.91697194958,
    -7.708412685333));
#1913 = CARTESIAN_POINT('',(-16.43898828341,181.95000007319,
    -7.54474869428));
#1914 = CARTESIAN_POINT('',(-16.32060638275,181.95000007276,
    -7.39124124292));
#1915 = TOROIDAL_SURFACE('',#1916,21.576096714792,1.2);
#1916 = AXIS2_PLACEMENT_3D('',#1917,#1918,#1919);
#1917 = CARTESIAN_POINT('',(3.950000469545,180.75,-2.055101665576E-14));
#1918 = DIRECTION('',(3.589793573511E-09,1.,-1.110223024625E-16));
#1919 = DIRECTION('',(-1.,3.589793573511E-09,-3.985471478963E-25));
#1920 = ADVANCED_FACE('',(#1921),#2215,.T.);
#1921 = FACE_BOUND('',#1922,.T.);
#1922 = EDGE_LOOP('',(#1923,#1934,#1943,#1950,#1959,#1966,#1967,#1976,
    #1985,#1994,#2003,#2020,#2037,#2038,#2057,#2074,#2083,#2092,#2101,
    #2110,#2119,#2128,#2137,#2154,#2171,#2172,#2191,#2208));
#1923 = ORIENTED_EDGE('',*,*,#1924,.T.);
#1924 = EDGE_CURVE('',#1925,#1927,#1929,.T.);
#1925 = VERTEX_POINT('',#1926);
#1926 = CARTESIAN_POINT('',(23.660666737605,171.94999992924,
    -12.27137574502));
#1927 = VERTEX_POINT('',#1928);
#1928 = CARTESIAN_POINT('',(24.644185286661,171.94999992571,
    -10.52842543305));
#1929 = CIRCLE('',#1930,23.218463098401);
#1930 = AXIS2_PLACEMENT_3D('',#1931,#1932,#1933);
#1931 = CARTESIAN_POINT('',(3.950000437955,171.95,-1.957402039409E-14));
#1932 = DIRECTION('',(-3.589793573511E-09,-1.,1.110223024625E-16));
#1933 = DIRECTION('',(1.,-3.589793573511E-09,3.985471478963E-25));
#1934 = ORIENTED_EDGE('',*,*,#1935,.T.);
#1935 = EDGE_CURVE('',#1927,#1936,#1938,.T.);
#1936 = VERTEX_POINT('',#1937);
#1937 = CARTESIAN_POINT('',(25.689816981795,171.94999992195,
    -8.15336772702));
#1938 = CIRCLE('',#1939,23.218463098401);
#1939 = AXIS2_PLACEMENT_3D('',#1940,#1941,#1942);
#1940 = CARTESIAN_POINT('',(3.950000437955,171.95,-1.957402039409E-14));
#1941 = DIRECTION('',(-3.589793573511E-09,-1.,1.110223024625E-16));
#1942 = DIRECTION('',(1.,-3.589793573511E-09,3.985471478963E-25));
#1943 = ORIENTED_EDGE('',*,*,#1944,.T.);
#1944 = EDGE_CURVE('',#1936,#1945,#1947,.T.);
#1945 = VERTEX_POINT('',#1946);
#1946 = CARTESIAN_POINT('',(26.604512254459,152.44999991867,
    -8.496417884408));
#1947 = B_SPLINE_CURVE_WITH_KNOTS('',1,(#1948,#1949),.UNSPECIFIED.,.F.,
  .F.,(2,2),(-19.52445520316,0.),.PIECEWISE_BEZIER_KNOTS.);
#1948 = CARTESIAN_POINT('',(25.689816981795,171.94999992195,
    -8.15336772702));
#1949 = CARTESIAN_POINT('',(26.604512254459,152.44999991867,
    -8.496417884408));
#1950 = ORIENTED_EDGE('',*,*,#1951,.T.);
#1951 = EDGE_CURVE('',#1945,#1952,#1954,.T.);
#1952 = VERTEX_POINT('',#1953);
#1953 = CARTESIAN_POINT('',(-20.24537162096,152.45000008685,
    -1.740908550572E-14));
#1954 = CIRCLE('',#1955,24.195371988922);
#1955 = AXIS2_PLACEMENT_3D('',#1956,#1957,#1958);
#1956 = CARTESIAN_POINT('',(3.950000367954,152.45,-1.740908549607E-14));
#1957 = DIRECTION('',(3.589793573511E-09,1.,-1.110223024625E-16));
#1958 = DIRECTION('',(-1.,3.589793573511E-09,-3.985471478963E-25));
#1959 = ORIENTED_EDGE('',*,*,#1960,.T.);
#1960 = EDGE_CURVE('',#1952,#1945,#1961,.T.);
#1961 = CIRCLE('',#1962,24.195371988922);
#1962 = AXIS2_PLACEMENT_3D('',#1963,#1964,#1965);
#1963 = CARTESIAN_POINT('',(3.950000367954,152.45,-1.740908549607E-14));
#1964 = DIRECTION('',(3.589793573511E-09,1.,-1.110223024625E-16));
#1965 = DIRECTION('',(-1.,3.589793573511E-09,-3.985471478963E-25));
#1966 = ORIENTED_EDGE('',*,*,#1944,.F.);
#1967 = ORIENTED_EDGE('',*,*,#1968,.T.);
#1968 = EDGE_CURVE('',#1936,#1969,#1971,.T.);
#1969 = VERTEX_POINT('',#1970);
#1970 = CARTESIAN_POINT('',(25.689816981795,171.94999992195,
    8.15336772702));
#1971 = CIRCLE('',#1972,23.218463098401);
#1972 = AXIS2_PLACEMENT_3D('',#1973,#1974,#1975);
#1973 = CARTESIAN_POINT('',(3.950000437955,171.95,-1.957402039409E-14));
#1974 = DIRECTION('',(-3.589793573511E-09,-1.,1.110223024625E-16));
#1975 = DIRECTION('',(1.,-3.589793573511E-09,3.985471478963E-25));
#1976 = ORIENTED_EDGE('',*,*,#1977,.T.);
#1977 = EDGE_CURVE('',#1969,#1978,#1980,.T.);
#1978 = VERTEX_POINT('',#1979);
#1979 = CARTESIAN_POINT('',(24.644185286661,171.94999992571,
    10.528425433056));
#1980 = CIRCLE('',#1981,23.218463098401);
#1981 = AXIS2_PLACEMENT_3D('',#1982,#1983,#1984);
#1982 = CARTESIAN_POINT('',(3.950000437955,171.95,-1.957402039409E-14));
#1983 = DIRECTION('',(-3.589793573511E-09,-1.,1.110223024625E-16));
#1984 = DIRECTION('',(1.,-3.589793573511E-09,3.985471478963E-25));
#1985 = ORIENTED_EDGE('',*,*,#1986,.T.);
#1986 = EDGE_CURVE('',#1978,#1987,#1989,.T.);
#1987 = VERTEX_POINT('',#1988);
#1988 = CARTESIAN_POINT('',(23.660666737605,171.94999992924,
    12.271375745028));
#1989 = CIRCLE('',#1990,23.218463098401);
#1990 = AXIS2_PLACEMENT_3D('',#1991,#1992,#1993);
#1991 = CARTESIAN_POINT('',(3.950000437955,171.95,-1.957402039409E-14));
#1992 = DIRECTION('',(-3.589793573511E-09,-1.,1.110223024625E-16));
#1993 = DIRECTION('',(1.,-3.589793573511E-09,3.985471478963E-25));
#1994 = ORIENTED_EDGE('',*,*,#1995,.T.);
#1995 = EDGE_CURVE('',#1987,#1996,#1998,.T.);
#1996 = VERTEX_POINT('',#1997);
#1997 = CARTESIAN_POINT('',(23.59811823315,173.34610523097,
    12.239505687627));
#1998 = B_SPLINE_CURVE_WITH_KNOTS('',3,(#1999,#2000,#2001,#2002),
  .UNSPECIFIED.,.F.,.F.,(4,4),(2.002526689612E-07,1.398069355802E-03),
  .PIECEWISE_BEZIER_KNOTS.);
#1999 = CARTESIAN_POINT('',(23.660666737605,171.94999992924,
    12.271375745028));
#2000 = CARTESIAN_POINT('',(23.639817467547,172.41536837621,
    12.260752510479));
#2001 = CARTESIAN_POINT('',(23.618967966766,172.88073681016,
    12.25012915837));
#2002 = CARTESIAN_POINT('',(23.59811823315,173.34610523097,
    12.239505687627));
#2003 = ORIENTED_EDGE('',*,*,#2004,.T.);
#2004 = EDGE_CURVE('',#1996,#2005,#2007,.T.);
#2005 = VERTEX_POINT('',#2006);
#2006 = CARTESIAN_POINT('',(24.506099238741,175.048694139,10.45749263925
    ));
#2007 = B_SPLINE_CURVE_WITH_KNOTS('',3,(#2008,#2009,#2010,#2011,#2012,
    #2013,#2014,#2015,#2016,#2017,#2018,#2019),.UNSPECIFIED.,.F.,.F.,(4,
    2,2,2,2,4),(4.441578653224E-07,6.852444544E-04,1.370044750935E-03,
    1.712444899202E-03,2.054845047469E-03,2.739645344004E-03),
  .UNSPECIFIED.);
#2008 = CARTESIAN_POINT('',(23.59811823315,173.34610523097,
    12.239505687627));
#2009 = CARTESIAN_POINT('',(23.650492589982,173.54361189537,
    12.13671522608));
#2010 = CARTESIAN_POINT('',(23.706024922395,173.73643722357,
    12.027726888449));
#2011 = CARTESIAN_POINT('',(23.826888756576,174.10756173652,
    11.790518260366));
#2012 = CARTESIAN_POINT('',(23.892349030204,174.28640875003,
    11.662045240909));
#2013 = CARTESIAN_POINT('',(24.000679281222,174.52942339655,
    11.449435153911));
#2014 = CARTESIAN_POINT('',(24.03856500129,174.60637086908,
    11.375080242238));
#2015 = CARTESIAN_POINT('',(24.11932385033,174.74886935871,
    11.216582077703));
#2016 = CARTESIAN_POINT('',(24.162621597275,174.81491990893,
    11.13160546515));
#2017 = CARTESIAN_POINT('',(24.298821620276,174.9815498797,
    10.864297870332));
#2018 = CARTESIAN_POINT('',(24.400978791192,175.05161587168,
    10.663803133974));
#2019 = CARTESIAN_POINT('',(24.506099238741,175.048694139,10.45749263925
    ));
#2020 = ORIENTED_EDGE('',*,*,#2021,.T.);
#2021 = EDGE_CURVE('',#2005,#1458,#2022,.T.);
#2022 = B_SPLINE_CURVE_WITH_KNOTS('',3,(#2023,#2024,#2025,#2026,#2027,
    #2028,#2029,#2030,#2031,#2032,#2033,#2034,#2035,#2036),
  .UNSPECIFIED.,.F.,.F.,(4,2,2,2,2,2,4),(2.208917595565E-07,
    1.912055044602E-04,3.821901171609E-04,7.641593425623E-04,
    1.528097793365E-03,3.055974694971E-03,6.111728498182E-03),
  .UNSPECIFIED.);
#2023 = CARTESIAN_POINT('',(24.506099238741,175.048694139,10.45749263925
    ));
#2024 = CARTESIAN_POINT('',(24.535465752246,175.04787792195,
    10.399857611328));
#2025 = CARTESIAN_POINT('',(24.559632409245,175.08644724191,
    10.347472625207));
#2026 = CARTESIAN_POINT('',(24.59565601426,175.17627215693,
    10.265305256729));
#2027 = CARTESIAN_POINT('',(24.609380182759,175.22956289947,
    10.231594714206));
#2028 = CARTESIAN_POINT('',(24.644627502585,175.39247763977,
    10.14173264934));
#2029 = CARTESIAN_POINT('',(24.660846082969,175.50855391849,
    10.095199896313));
#2030 = CARTESIAN_POINT('',(24.7029376672,175.86352145766,9.967675448301
    ));
#2031 = CARTESIAN_POINT('',(24.72071187859,176.10563968603,9.9022173759)
  );
#2032 = CARTESIAN_POINT('',(24.765102068706,176.83566301665,
    9.723017390583));
#2033 = CARTESIAN_POINT('',(24.781104489755,177.32897433694,
    9.629535681753));
#2034 = CARTESIAN_POINT('',(24.816488419413,178.81511329335,
    9.373435467975));
#2035 = CARTESIAN_POINT('',(24.821184764182,179.81183128724,
    9.239504972558));
#2036 = CARTESIAN_POINT('',(24.819819531402,180.8100420956,
    9.117717307755));
#2037 = ORIENTED_EDGE('',*,*,#1455,.F.);
#2038 = ORIENTED_EDGE('',*,*,#2039,.T.);
#2039 = EDGE_CURVE('',#1456,#2040,#2042,.T.);
#2040 = VERTEX_POINT('',#2041);
#2041 = CARTESIAN_POINT('',(-16.60609834058,175.04869428659,
    10.45749263925));
#2042 = B_SPLINE_CURVE_WITH_KNOTS('',3,(#2043,#2044,#2045,#2046,#2047,
    #2048,#2049,#2050,#2051,#2052,#2053,#2054,#2055,#2056),
  .UNSPECIFIED.,.F.,.F.,(4,2,2,2,2,2,4),(2.01466005314E-07,
    3.018969343979E-03,4.528353282966E-03,5.28304525246E-03,
    5.660391237206E-03,5.84906422958E-03,6.037737221953E-03),
  .UNSPECIFIED.);
#2043 = CARTESIAN_POINT('',(-16.91981859188,180.81004224543,
    9.117717307758));
#2044 = CARTESIAN_POINT('',(-16.92118482039,179.81110863481,
    9.239593158745));
#2045 = CARTESIAN_POINT('',(-16.91648103034,178.81340467851,
    9.373662008735));
#2046 = CARTESIAN_POINT('',(-16.88102235749,177.32628452018,
    9.630033315931));
#2047 = CARTESIAN_POINT('',(-16.86496691986,176.83164590182,
    9.723786493977));
#2048 = CARTESIAN_POINT('',(-16.82031611714,176.10006514449,
    9.903696008813));
#2049 = CARTESIAN_POINT('',(-16.80236130723,175.85725920456,
    9.969596352359));
#2050 = CARTESIAN_POINT('',(-16.76028044705,175.50451791988,
    10.096819414998));
#2051 = CARTESIAN_POINT('',(-16.7439167062,175.38814470682,
    10.143675163693));
#2052 = CARTESIAN_POINT('',(-16.70852754153,175.22617960758,
    10.233696424272));
#2053 = CARTESIAN_POINT('',(-16.69510159159,175.17443452849,
    10.266625556688));
#2054 = CARTESIAN_POINT('',(-16.658970506,175.08527239129,
    10.348920605517));
#2055 = CARTESIAN_POINT('',(-16.63504683518,175.04788968822,
    10.400678019643));
#2056 = CARTESIAN_POINT('',(-16.60609834058,175.04869428659,
    10.45749263925));
#2057 = ORIENTED_EDGE('',*,*,#2058,.T.);
#2058 = EDGE_CURVE('',#2040,#2059,#2061,.T.);
#2059 = VERTEX_POINT('',#2060);
#2060 = CARTESIAN_POINT('',(-15.69811734721,173.34610537204,
    12.239505687627));
#2061 = B_SPLINE_CURVE_WITH_KNOTS('',3,(#2062,#2063,#2064,#2065,#2066,
    #2067,#2068,#2069,#2070,#2071,#2072,#2073),.UNSPECIFIED.,.F.,.F.,(4,
    2,2,2,2,4),(2.209055052842E-07,3.423011109757E-04,6.843813164461E-04
    ,1.368541727387E-03,2.052702138328E-03,2.736862549269E-03),
  .UNSPECIFIED.);
#2062 = CARTESIAN_POINT('',(-16.60609834058,175.04869428659,
    10.45749263925));
#2063 = CARTESIAN_POINT('',(-16.55349795335,175.05015626885,
    10.5607267118));
#2064 = CARTESIAN_POINT('',(-16.50222282788,175.03420168746,
    10.661359811843));
#2065 = CARTESIAN_POINT('',(-16.40196553562,174.97215850697,
    10.858125827325));
#2066 = CARTESIAN_POINT('',(-16.35358678715,174.92614716803,
    10.95307446764));
#2067 = CARTESIAN_POINT('',(-16.21787647219,174.76030376049,
    11.219420958652));
#2068 = CARTESIAN_POINT('',(-16.13688814385,174.61064696172,
    11.378369503729));
#2069 = CARTESIAN_POINT('',(-15.99228190496,174.28626537157,
    11.662175229621));
#2070 = CARTESIAN_POINT('',(-15.92721785467,174.10852360019,
    11.789870619497));
#2071 = CARTESIAN_POINT('',(-15.80610173445,173.73672732517,
    12.027574392044));
#2072 = CARTESIAN_POINT('',(-15.75051545977,173.54370162634,
    12.136668600065));
#2073 = CARTESIAN_POINT('',(-15.69811734721,173.34610537204,
    12.239505687627));
#2074 = ORIENTED_EDGE('',*,*,#2075,.T.);
#2075 = EDGE_CURVE('',#2059,#2076,#2078,.T.);
#2076 = VERTEX_POINT('',#2077);
#2077 = CARTESIAN_POINT('',(-15.76066586169,171.95000007075,
    12.271375745028));
#2078 = B_SPLINE_CURVE_WITH_KNOTS('',3,(#2079,#2080,#2081,#2082),
  .UNSPECIFIED.,.F.,.F.,(4,4),(4.469662033379E-06,1.402338765166E-03),
  .PIECEWISE_BEZIER_KNOTS.);
#2079 = CARTESIAN_POINT('',(-15.69811734721,173.34610537204,
    12.239505687627));
#2080 = CARTESIAN_POINT('',(-15.71896708417,172.88073695138,
    12.25012915837));
#2081 = CARTESIAN_POINT('',(-15.73981658829,172.41536851757,
    12.260752510479));
#2082 = CARTESIAN_POINT('',(-15.76066586169,171.95000007075,
    12.271375745028));
#2083 = ORIENTED_EDGE('',*,*,#2084,.T.);
#2084 = EDGE_CURVE('',#2076,#2085,#2087,.T.);
#2085 = VERTEX_POINT('',#2086);
#2086 = CARTESIAN_POINT('',(-16.74418441075,171.95000007428,
    10.528425433056));
#2087 = CIRCLE('',#2088,23.218463098401);
#2088 = AXIS2_PLACEMENT_3D('',#2089,#2090,#2091);
#2089 = CARTESIAN_POINT('',(3.950000437955,171.95,-1.957402039409E-14));
#2090 = DIRECTION('',(-3.589793573511E-09,-1.,1.110223024625E-16));
#2091 = DIRECTION('',(1.,-3.589793573511E-09,3.985471478963E-25));
#2092 = ORIENTED_EDGE('',*,*,#2093,.T.);
#2093 = EDGE_CURVE('',#2085,#2094,#2096,.T.);
#2094 = VERTEX_POINT('',#2095);
#2095 = CARTESIAN_POINT('',(-17.78981610588,171.95000007804,
    8.15336772702));
#2096 = CIRCLE('',#2097,23.218463098401);
#2097 = AXIS2_PLACEMENT_3D('',#2098,#2099,#2100);
#2098 = CARTESIAN_POINT('',(3.950000437955,171.95,-1.957402039409E-14));
#2099 = DIRECTION('',(-3.589793573511E-09,-1.,1.110223024625E-16));
#2100 = DIRECTION('',(1.,-3.589793573511E-09,3.985471478963E-25));
#2101 = ORIENTED_EDGE('',*,*,#2102,.T.);
#2102 = EDGE_CURVE('',#2094,#2103,#2105,.T.);
#2103 = VERTEX_POINT('',#2104);
#2104 = CARTESIAN_POINT('',(-17.78981610588,171.95000007804,
    -8.15336772702));
#2105 = CIRCLE('',#2106,23.218463098401);
#2106 = AXIS2_PLACEMENT_3D('',#2107,#2108,#2109);
#2107 = CARTESIAN_POINT('',(3.950000437955,171.95,-1.957402039409E-14));
#2108 = DIRECTION('',(-3.589793573511E-09,-1.,1.110223024625E-16));
#2109 = DIRECTION('',(1.,-3.589793573511E-09,3.985471478963E-25));
#2110 = ORIENTED_EDGE('',*,*,#2111,.T.);
#2111 = EDGE_CURVE('',#2103,#2112,#2114,.T.);
#2112 = VERTEX_POINT('',#2113);
#2113 = CARTESIAN_POINT('',(-16.74418441075,171.95000007428,
    -10.52842543305));
#2114 = CIRCLE('',#2115,23.218463098401);
#2115 = AXIS2_PLACEMENT_3D('',#2116,#2117,#2118);
#2116 = CARTESIAN_POINT('',(3.950000437955,171.95,-1.957402039409E-14));
#2117 = DIRECTION('',(-3.589793573511E-09,-1.,1.110223024625E-16));
#2118 = DIRECTION('',(1.,-3.589793573511E-09,3.985471478963E-25));
#2119 = ORIENTED_EDGE('',*,*,#2120,.T.);
#2120 = EDGE_CURVE('',#2112,#2121,#2123,.T.);
#2121 = VERTEX_POINT('',#2122);
#2122 = CARTESIAN_POINT('',(-15.76066586169,171.95000007075,
    -12.27137574502));
#2123 = CIRCLE('',#2124,23.218463098401);
#2124 = AXIS2_PLACEMENT_3D('',#2125,#2126,#2127);
#2125 = CARTESIAN_POINT('',(3.950000437955,171.95,-1.957402039409E-14));
#2126 = DIRECTION('',(-3.589793573511E-09,-1.,1.110223024625E-16));
#2127 = DIRECTION('',(1.,-3.589793573511E-09,3.985471478963E-25));
#2128 = ORIENTED_EDGE('',*,*,#2129,.T.);
#2129 = EDGE_CURVE('',#2121,#2130,#2132,.T.);
#2130 = VERTEX_POINT('',#2131);
#2131 = CARTESIAN_POINT('',(-15.69811734721,173.34610537204,
    -12.23950568762));
#2132 = B_SPLINE_CURVE_WITH_KNOTS('',3,(#2133,#2134,#2135,#2136),
  .UNSPECIFIED.,.F.,.F.,(4,4),(2.002526689612E-07,1.398069355802E-03),
  .PIECEWISE_BEZIER_KNOTS.);
#2133 = CARTESIAN_POINT('',(-15.76066586169,171.95000007075,
    -12.27137574502));
#2134 = CARTESIAN_POINT('',(-15.73981658829,172.41536851757,
    -12.26075251047));
#2135 = CARTESIAN_POINT('',(-15.71896708417,172.88073695138,
    -12.25012915837));
#2136 = CARTESIAN_POINT('',(-15.69811734721,173.34610537204,
    -12.23950568762));
#2137 = ORIENTED_EDGE('',*,*,#2138,.T.);
#2138 = EDGE_CURVE('',#2130,#2139,#2141,.T.);
#2139 = VERTEX_POINT('',#2140);
#2140 = CARTESIAN_POINT('',(-16.60609834058,175.04869428659,
    -10.45749263925));
#2141 = B_SPLINE_CURVE_WITH_KNOTS('',3,(#2142,#2143,#2144,#2145,#2146,
    #2147,#2148,#2149,#2150,#2151,#2152,#2153),.UNSPECIFIED.,.F.,.F.,(4,
    2,2,2,2,4),(4.441578653224E-07,6.852444544E-04,1.370044750935E-03,
    1.712444899202E-03,2.054845047469E-03,2.739645344004E-03),
  .UNSPECIFIED.);
#2142 = CARTESIAN_POINT('',(-15.69811734721,173.34610537204,
    -12.23950568762));
#2143 = CARTESIAN_POINT('',(-15.75049170263,173.54361203681,
    -12.13671522608));
#2144 = CARTESIAN_POINT('',(-15.80602403366,173.73643736541,
    -12.02772688844));
#2145 = CARTESIAN_POINT('',(-15.92688786517,174.10756187923,
    -11.79051826036));
#2146 = CARTESIAN_POINT('',(-15.99234813752,174.2864088932,
    -11.6620452409));
#2147 = CARTESIAN_POINT('',(-16.10067838679,174.52942354051,
    -11.44943515391));
#2148 = CARTESIAN_POINT('',(-16.1385641063,174.6063710133,
    -11.37508024223));
#2149 = CARTESIAN_POINT('',(-16.21932295432,174.74886950352,
    -11.2165820777));
#2150 = CARTESIAN_POINT('',(-16.26262070079,174.81492005405,
    -11.13160546515));
#2151 = CARTESIAN_POINT('',(-16.3988207226,174.9815500258,
    -10.86429787033));
#2152 = CARTESIAN_POINT('',(-16.50097789301,175.05161601851,
    -10.66380313397));
#2153 = CARTESIAN_POINT('',(-16.60609834058,175.04869428659,
    -10.45749263925));
#2154 = ORIENTED_EDGE('',*,*,#2155,.T.);
#2155 = EDGE_CURVE('',#2139,#1893,#2156,.T.);
#2156 = B_SPLINE_CURVE_WITH_KNOTS('',3,(#2157,#2158,#2159,#2160,#2161,
    #2162,#2163,#2164,#2165,#2166,#2167,#2168,#2169,#2170),
  .UNSPECIFIED.,.F.,.F.,(4,2,2,2,2,2,4),(2.208917595565E-07,
    1.912055044602E-04,3.821901171609E-04,7.641593425623E-04,
    1.528097793365E-03,3.055974694971E-03,6.111728498182E-03),
  .UNSPECIFIED.);
#2157 = CARTESIAN_POINT('',(-16.60609834058,175.04869428659,
    -10.45749263925));
#2158 = CARTESIAN_POINT('',(-16.63546485409,175.04787806974,
    -10.39985761132));
#2159 = CARTESIAN_POINT('',(-16.65963151081,175.08644738988,
    -10.3474726252));
#2160 = CARTESIAN_POINT('',(-16.69565511518,175.17627230516,
    -10.26530525672));
#2161 = CARTESIAN_POINT('',(-16.7093792833,175.22956304779,
    -10.2315947142));
#2162 = CARTESIAN_POINT('',(-16.74462660196,175.39247778835,
    -10.14173264934));
#2163 = CARTESIAN_POINT('',(-16.76084518151,175.50855406719,
    -10.09519989631));
#2164 = CARTESIAN_POINT('',(-16.80293676319,175.86352160665,
    -9.967675448301));
#2165 = CARTESIAN_POINT('',(-16.82071097284,176.10563983515,
    -9.9022173759));
#2166 = CARTESIAN_POINT('',(-16.86510115771,176.83566316609,
    -9.723017390583));
#2167 = CARTESIAN_POINT('',(-16.88110357522,177.3289744865,
    -9.629535681753));
#2168 = CARTESIAN_POINT('',(-16.91648749421,178.81511344317,
    -9.373435467975));
#2169 = CARTESIAN_POINT('',(-16.92118383182,179.81183143709,
    -9.239504972558));
#2170 = CARTESIAN_POINT('',(-16.91981859188,180.81004224543,
    -9.117717307755));
#2171 = ORIENTED_EDGE('',*,*,#1892,.F.);
#2172 = ORIENTED_EDGE('',*,*,#2173,.T.);
#2173 = EDGE_CURVE('',#1876,#2174,#2176,.T.);
#2174 = VERTEX_POINT('',#2175);
#2175 = CARTESIAN_POINT('',(24.506099238741,175.048694139,
    -10.45749263925));
#2176 = B_SPLINE_CURVE_WITH_KNOTS('',3,(#2177,#2178,#2179,#2180,#2181,
    #2182,#2183,#2184,#2185,#2186,#2187,#2188,#2189,#2190),
  .UNSPECIFIED.,.F.,.F.,(4,2,2,2,2,2,4),(2.01466005314E-07,
    3.018969343979E-03,4.528353282966E-03,5.28304525246E-03,
    5.660391237206E-03,5.84906422958E-03,6.037737221953E-03),
  .UNSPECIFIED.);
#2177 = CARTESIAN_POINT('',(24.819819531401,180.8100420956,
    -9.117717307758));
#2178 = CARTESIAN_POINT('',(24.821185752743,179.81110848496,
    -9.239593158745));
#2179 = CARTESIAN_POINT('',(24.816481955526,178.8134045287,
    -9.373662008735));
#2180 = CARTESIAN_POINT('',(24.781023272005,177.32628437062,
    -9.630033315931));
#2181 = CARTESIAN_POINT('',(24.764967830822,176.83164575238,
    -9.723786493977));
#2182 = CARTESIAN_POINT('',(24.72031702285,176.10006499537,
    -9.903696008813));
#2183 = CARTESIAN_POINT('',(24.702362211198,175.85725905556,
    -9.969596352359));
#2184 = CARTESIAN_POINT('',(24.660281348486,175.50451777119,
    -10.09681941499));
#2185 = CARTESIAN_POINT('',(24.643917606802,175.38814455824,
    -10.14367516369));
#2186 = CARTESIAN_POINT('',(24.608528440964,175.22617945926,
    -10.23369642427));
#2187 = CARTESIAN_POINT('',(24.59510249065,175.17443438027,
    -10.26662555668));
#2188 = CARTESIAN_POINT('',(24.558971404428,175.08527224332,
    -10.34892060551));
#2189 = CARTESIAN_POINT('',(24.535047733331,175.04788954042,
    -10.40067801964));
#2190 = CARTESIAN_POINT('',(24.506099238741,175.048694139,
    -10.45749263925));
#2191 = ORIENTED_EDGE('',*,*,#2192,.T.);
#2192 = EDGE_CURVE('',#2174,#2193,#2195,.T.);
#2193 = VERTEX_POINT('',#2194);
#2194 = CARTESIAN_POINT('',(23.59811823315,173.34610523097,
    -12.23950568762));
#2195 = B_SPLINE_CURVE_WITH_KNOTS('',3,(#2196,#2197,#2198,#2199,#2200,
    #2201,#2202,#2203,#2204,#2205,#2206,#2207),.UNSPECIFIED.,.F.,.F.,(4,
    2,2,2,2,4),(2.209055052842E-07,3.423011109757E-04,6.843813164461E-04
    ,1.368541727387E-03,2.052702138328E-03,2.736862549269E-03),
  .UNSPECIFIED.);
#2196 = CARTESIAN_POINT('',(24.506099238741,175.048694139,
    -10.45749263925));
#2197 = CARTESIAN_POINT('',(24.453498851527,175.05015612165,
    -10.5607267118));
#2198 = CARTESIAN_POINT('',(24.402223725936,175.03420154062,
    -10.66135981184));
#2199 = CARTESIAN_POINT('',(24.30196643323,174.97215836085,
    -10.85812582732));
#2200 = CARTESIAN_POINT('',(24.25358768443,174.92614702226,
    -10.95307446764));
#2201 = CARTESIAN_POINT('',(24.11787736828,174.76030361569,
    -11.21942095865));
#2202 = CARTESIAN_POINT('',(24.036889038866,174.61064681751,
    -11.37836950372));
#2203 = CARTESIAN_POINT('',(23.892282797647,174.2862652284,
    -11.66217522962));
#2204 = CARTESIAN_POINT('',(23.827218746084,174.10852345748,
    -11.78987061949));
#2205 = CARTESIAN_POINT('',(23.706102623196,173.73672718333,
    -12.02757439204));
#2206 = CARTESIAN_POINT('',(23.650516347124,173.5437014849,
    -12.13666860006));
#2207 = CARTESIAN_POINT('',(23.59811823315,173.34610523097,
    -12.23950568762));
#2208 = ORIENTED_EDGE('',*,*,#2209,.T.);
#2209 = EDGE_CURVE('',#2193,#1925,#2210,.T.);
#2210 = B_SPLINE_CURVE_WITH_KNOTS('',3,(#2211,#2212,#2213,#2214),
  .UNSPECIFIED.,.F.,.F.,(4,4),(4.469662033379E-06,1.402338765166E-03),
  .PIECEWISE_BEZIER_KNOTS.);
#2211 = CARTESIAN_POINT('',(23.59811823315,173.34610523097,
    -12.23950568762));
#2212 = CARTESIAN_POINT('',(23.618967966766,172.88073681016,
    -12.25012915837));
#2213 = CARTESIAN_POINT('',(23.639817467547,172.41536837621,
    -12.26075251047));
#2214 = CARTESIAN_POINT('',(23.660666737605,171.94999992924,
    -12.27137574502));
#2215 = CONICAL_SURFACE('',#2216,24.195371988922,5.005604294719E-02);
#2216 = AXIS2_PLACEMENT_3D('',#2217,#2218,#2219);
#2217 = CARTESIAN_POINT('',(3.950000367954,152.45,-1.740908549607E-14));
#2218 = DIRECTION('',(-3.589793573511E-09,-1.,1.110223024625E-16));
#2219 = DIRECTION('',(1.,-3.589793573511E-09,3.985471478963E-25));
#2220 = ADVANCED_FACE('',(#2221),#2232,.T.);
#2221 = FACE_BOUND('',#2222,.T.);
#2222 = EDGE_LOOP('',(#2223,#2224,#2229,#2230,#2231));
#2223 = ORIENTED_EDGE('',*,*,#1960,.F.);
#2224 = ORIENTED_EDGE('',*,*,#2225,.F.);
#2225 = EDGE_CURVE('',#1548,#1952,#2226,.T.);
#2226 = B_SPLINE_CURVE_WITH_KNOTS('',1,(#2227,#2228),.UNSPECIFIED.,.F.,
  .F.,(2,2),(2.465190328816E-32,1.080119492994),
  .PIECEWISE_BEZIER_KNOTS.);
#2227 = CARTESIAN_POINT('',(-19.96581612894,151.40668477209,
    -2.315093986074E-14));
#2228 = CARTESIAN_POINT('',(-20.24537162096,152.45000008685,
    -2.33352424778E-14));
#2229 = ORIENTED_EDGE('',*,*,#1547,.T.);
#2230 = ORIENTED_EDGE('',*,*,#2225,.T.);
#2231 = ORIENTED_EDGE('',*,*,#1951,.F.);
#2232 = CONICAL_SURFACE('',#2233,23.915816493149,0.261799387799);
#2233 = AXIS2_PLACEMENT_3D('',#2234,#2235,#2236);
#2234 = CARTESIAN_POINT('',(3.950000364209,151.40668468623,
    -1.729325422775E-14));
#2235 = DIRECTION('',(3.589793573511E-09,1.,-1.110223024625E-16));
#2236 = DIRECTION('',(-1.,3.589793573511E-09,-3.985471478963E-25));
#2237 = ADVANCED_FACE('',(#2238),#2274,.F.);
#2238 = FACE_BOUND('',#2239,.F.);
#2239 = EDGE_LOOP('',(#2240,#2251,#2258,#2259,#2266,#2267));
#2240 = ORIENTED_EDGE('',*,*,#2241,.F.);
#2241 = EDGE_CURVE('',#2242,#2244,#2246,.T.);
#2242 = VERTEX_POINT('',#2243);
#2243 = CARTESIAN_POINT('',(-12.53803192194,181.45000005918,-6.27));
#2244 = VERTEX_POINT('',#2245);
#2245 = CARTESIAN_POINT('',(-11.85148996627,180.81004222724,-6.27));
#2246 = B_SPLINE_CURVE_WITH_KNOTS('',3,(#2247,#2248,#2249,#2250),
  .UNSPECIFIED.,.F.,.F.,(4,4),(3.124375221583E-02,3.218230206594E-02),
  .PIECEWISE_BEZIER_KNOTS.);
#2247 = CARTESIAN_POINT('',(-12.53803192194,181.45000005918,-6.27));
#2248 = CARTESIAN_POINT('',(-12.30947438267,181.23636779458,-6.27));
#2249 = CARTESIAN_POINT('',(-12.08063875056,181.02303589486,-6.27));
#2250 = CARTESIAN_POINT('',(-11.85148996627,180.81004222724,-6.27));
#2251 = ORIENTED_EDGE('',*,*,#2252,.F.);
#2252 = EDGE_CURVE('',#1852,#2242,#2253,.T.);
#2253 = B_SPLINE_CURVE_WITH_KNOTS('',3,(#2254,#2255,#2256,#2257),
  .UNSPECIFIED.,.F.,.F.,(4,4),(3.134581145054E-07,7.854632294163E-04),
  .PIECEWISE_BEZIER_KNOTS.);
#2254 = CARTESIAN_POINT('',(-12.87929452193,181.95000006041,-6.77));
#2255 = CARTESIAN_POINT('',(-12.76647846907,181.78301486337,
    -6.603014803365));
#2256 = CARTESIAN_POINT('',(-12.65273814307,181.6163401576,
    -6.436340098001));
#2257 = CARTESIAN_POINT('',(-12.53803192194,181.45000005918,-6.27));
#2258 = ORIENTED_EDGE('',*,*,#1859,.T.);
#2259 = ORIENTED_EDGE('',*,*,#2260,.F.);
#2260 = EDGE_CURVE('',#1324,#1817,#2261,.T.);
#2261 = B_SPLINE_CURVE_WITH_KNOTS('',3,(#2262,#2263,#2264,#2265),
  .UNSPECIFIED.,.F.,.F.,(4,4),(3.146741682928E-07,7.854644454701E-04),
  .PIECEWISE_BEZIER_KNOTS.);
#2262 = CARTESIAN_POINT('',(20.438032866065,181.44999994081,-6.27));
#2263 = CARTESIAN_POINT('',(20.552739088388,181.6163400384,
    -6.436340098001));
#2264 = CARTESIAN_POINT('',(20.666479415586,181.78301474335,
    -6.603014803365));
#2265 = CARTESIAN_POINT('',(20.779295469642,181.94999993958,-6.77));
#2266 = ORIENTED_EDGE('',*,*,#1331,.F.);
#2267 = ORIENTED_EDGE('',*,*,#2268,.F.);
#2268 = EDGE_CURVE('',#2244,#1300,#2269,.T.);
#2269 = CIRCLE('',#2270,17.);
#2270 = AXIS2_PLACEMENT_3D('',#2271,#2272,#2273);
#2271 = CARTESIAN_POINT('',(3.950000469761,180.81004217052,
    -2.055768267578E-14));
#2272 = DIRECTION('',(-3.589793573511E-09,-1.,1.110223024625E-16));
#2273 = DIRECTION('',(1.,-3.589793573511E-09,3.985471478963E-25));
#2274 = CONICAL_SURFACE('',#2275,17.,0.785398163397);
#2275 = AXIS2_PLACEMENT_3D('',#2276,#2277,#2278);
#2276 = CARTESIAN_POINT('',(3.950000469761,180.81004217052,
    -2.055768267578E-14));
#2277 = DIRECTION('',(3.589793573511E-09,1.,-1.110223024625E-16));
#2278 = DIRECTION('',(-1.,3.589793573511E-09,-3.985471478963E-25));
#2279 = ADVANCED_FACE('',(#2280),#2400,.F.);
#2280 = FACE_BOUND('',#2281,.F.);
#2281 = EDGE_LOOP('',(#2282,#2283,#2298,#2307,#2322,#2328,#2329,#2330,
    #2345,#2354,#2361,#2368,#2369,#2378,#2393,#2399));
#2282 = ORIENTED_EDGE('',*,*,#1346,.F.);
#2283 = ORIENTED_EDGE('',*,*,#2284,.F.);
#2284 = EDGE_CURVE('',#2285,#1347,#2287,.T.);
#2285 = VERTEX_POINT('',#2286);
#2286 = CARTESIAN_POINT('',(-12.21252102374,171.95000005802,5.27));
#2287 = B_SPLINE_CURVE_WITH_KNOTS('',3,(#2288,#2289,#2290,#2291,#2292,
    #2293,#2294,#2295,#2296,#2297),.UNSPECIFIED.,.F.,.F.,(4,2,2,2,4),(0.
    ,4.026906377729E-04,8.053812755458E-04,1.208071913319E-03,
    1.610762551092E-03),.UNSPECIFIED.);
#2288 = CARTESIAN_POINT('',(-12.21252102374,171.95000005802,5.27));
#2289 = CARTESIAN_POINT('',(-12.17031268621,171.95000005786,
    5.399448417687));
#2290 = CARTESIAN_POINT('',(-12.12746416934,171.97464256435,
    5.52550171283));
#2291 = CARTESIAN_POINT('',(-12.04336179258,172.07127149063,
    5.76440820284));
#2292 = CARTESIAN_POINT('',(-12.00331476488,172.14228169417,
    5.873814492749));
#2293 = CARTESIAN_POINT('',(-11.93324263827,172.32411395776,
    6.060738570261));
#2294 = CARTESIAN_POINT('',(-11.90364243034,172.43458158106,
    6.137194684806));
#2295 = CARTESIAN_POINT('',(-11.86276828069,172.67911910773,
    6.241754258056));
#2296 = CARTESIAN_POINT('',(-11.85148999497,172.81359833255,6.27));
#2297 = CARTESIAN_POINT('',(-11.85148999448,172.95000005672,6.27));
#2298 = ORIENTED_EDGE('',*,*,#2299,.F.);
#2299 = EDGE_CURVE('',#2300,#2285,#2302,.T.);
#2300 = VERTEX_POINT('',#2301);
#2301 = CARTESIAN_POINT('',(-12.21252102374,171.95000005802,-5.27));
#2302 = CIRCLE('',#2303,17.);
#2303 = AXIS2_PLACEMENT_3D('',#2304,#2305,#2306);
#2304 = CARTESIAN_POINT('',(3.950000437955,171.95,-1.957402039409E-14));
#2305 = DIRECTION('',(3.589793573511E-09,1.,-1.110223024625E-16));
#2306 = DIRECTION('',(1.,-3.589793573511E-09,3.985471478963E-25));
#2307 = ORIENTED_EDGE('',*,*,#2308,.F.);
#2308 = EDGE_CURVE('',#2309,#2300,#2311,.T.);
#2309 = VERTEX_POINT('',#2310);
#2310 = CARTESIAN_POINT('',(-11.85148999448,172.95000005672,-6.27));
#2311 = B_SPLINE_CURVE_WITH_KNOTS('',3,(#2312,#2313,#2314,#2315,#2316,
    #2317,#2318,#2319,#2320,#2321),.UNSPECIFIED.,.F.,.F.,(4,2,2,2,4),(0.
    ,4.026727858769E-04,8.053455717538E-04,1.208018357631E-03,
    1.610691143508E-03),.UNSPECIFIED.);
#2312 = CARTESIAN_POINT('',(-11.85148999448,172.95000005672,-6.27));
#2313 = CARTESIAN_POINT('',(-11.85148999497,172.81377233056,-6.27));
#2314 = CARTESIAN_POINT('',(-11.86265698296,172.68002730981,
    -6.242036157101));
#2315 = CARTESIAN_POINT('',(-11.90352869067,172.43502103842,
    -6.137488435268));
#2316 = CARTESIAN_POINT('',(-11.93326774314,172.3241445311,
    -6.060664373751));
#2317 = CARTESIAN_POINT('',(-12.00298543363,172.14304098368,
    -5.874700210677));
#2318 = CARTESIAN_POINT('',(-12.04344788461,172.07126564652,
    -5.764147875726));
#2319 = CARTESIAN_POINT('',(-12.12690892533,171.9751879595,
    -5.527094654095));
#2320 = CARTESIAN_POINT('',(-12.17035588204,171.95000005786,
    -5.399315940731));
#2321 = CARTESIAN_POINT('',(-12.21252102374,171.95000005802,-5.27));
#2322 = ORIENTED_EDGE('',*,*,#2323,.F.);
#2323 = EDGE_CURVE('',#2244,#2309,#2324,.T.);
#2324 = LINE('',#2325,#2326);
#2325 = CARTESIAN_POINT('',(-11.85149007705,149.95000005672,-6.27));
#2326 = VECTOR('',#2327,1.);
#2327 = DIRECTION('',(-3.589793573511E-09,-1.,1.110223024625E-16));
#2328 = ORIENTED_EDGE('',*,*,#2268,.T.);
#2329 = ORIENTED_EDGE('',*,*,#1297,.F.);
#2330 = ORIENTED_EDGE('',*,*,#2331,.F.);
#2331 = EDGE_CURVE('',#2332,#1298,#2334,.T.);
#2332 = VERTEX_POINT('',#2333);
#2333 = CARTESIAN_POINT('',(20.112521899658,171.94999994198,-5.27));
#2334 = B_SPLINE_CURVE_WITH_KNOTS('',3,(#2335,#2336,#2337,#2338,#2339,
    #2340,#2341,#2342,#2343,#2344),.UNSPECIFIED.,.F.,.F.,(4,2,2,2,4),(0.
    ,4.026906377729E-04,8.053812755458E-04,1.208071913319E-03,
    1.610762551092E-03),.UNSPECIFIED.);
#2335 = CARTESIAN_POINT('',(20.112521899658,171.94999994198,-5.27));
#2336 = CARTESIAN_POINT('',(20.070313562126,171.94999994213,
    -5.399448417687));
#2337 = CARTESIAN_POINT('',(20.027465045427,171.97464244892,
    -5.52550171283));
#2338 = CARTESIAN_POINT('',(19.943362669366,172.07127137581,
    -5.76440820284));
#2339 = CARTESIAN_POINT('',(19.903315642175,172.14228157963,
    -5.873814492749));
#2340 = CARTESIAN_POINT('',(19.833243516873,172.32411384373,
    -6.060738570261));
#2341 = CARTESIAN_POINT('',(19.803643309738,172.43458146724,
    -6.137194684806));
#2342 = CARTESIAN_POINT('',(19.762769161835,172.67911899421,
    -6.241754258056));
#2343 = CARTESIAN_POINT('',(19.751490877087,172.8135982191,-6.27));
#2344 = CARTESIAN_POINT('',(19.751490877576,172.94999994327,-6.27));
#2345 = ORIENTED_EDGE('',*,*,#2346,.F.);
#2346 = EDGE_CURVE('',#2347,#2332,#2349,.T.);
#2347 = VERTEX_POINT('',#2348);
#2348 = CARTESIAN_POINT('',(20.950000437955,171.94999993897,
    -2.373781950442E-14));
#2349 = CIRCLE('',#2350,17.);
#2350 = AXIS2_PLACEMENT_3D('',#2351,#2352,#2353);
#2351 = CARTESIAN_POINT('',(3.950000437955,171.95,-1.957402039409E-14));
#2352 = DIRECTION('',(3.589793573511E-09,1.,-1.110223024625E-16));
#2353 = DIRECTION('',(1.,-3.589793573511E-09,3.985471478963E-25));
#2354 = ORIENTED_EDGE('',*,*,#2355,.T.);
#2355 = EDGE_CURVE('',#2347,#2356,#2358,.T.);
#2356 = VERTEX_POINT('',#2357);
#2357 = CARTESIAN_POINT('',(20.950000427171,168.94602534275,
    -1.924051221111E-14));
#2358 = B_SPLINE_CURVE_WITH_KNOTS('',1,(#2359,#2360),.UNSPECIFIED.,.F.,
  .F.,(2,2),(-22.,-18.99602540378),.PIECEWISE_BEZIER_KNOTS.);
#2359 = CARTESIAN_POINT('',(20.950000437955,171.94999993897,
    -1.957402038732E-14));
#2360 = CARTESIAN_POINT('',(20.950000427171,168.94602534275,
    -1.924051221111E-14));
#2361 = ORIENTED_EDGE('',*,*,#2362,.F.);
#2362 = EDGE_CURVE('',#2356,#2356,#2363,.T.);
#2363 = CIRCLE('',#2364,17.);
#2364 = AXIS2_PLACEMENT_3D('',#2365,#2366,#2367);
#2365 = CARTESIAN_POINT('',(3.950000427171,168.94602540378,
    -1.924051221788E-14));
#2366 = DIRECTION('',(-3.589793573511E-09,-1.,1.110223024625E-16));
#2367 = DIRECTION('',(1.,-3.589793573511E-09,3.985471478963E-25));
#2368 = ORIENTED_EDGE('',*,*,#2355,.F.);
#2369 = ORIENTED_EDGE('',*,*,#2370,.F.);
#2370 = EDGE_CURVE('',#2371,#2347,#2373,.T.);
#2371 = VERTEX_POINT('',#2372);
#2372 = CARTESIAN_POINT('',(20.112521899658,171.94999994198,5.27));
#2373 = CIRCLE('',#2374,17.);
#2374 = AXIS2_PLACEMENT_3D('',#2375,#2376,#2377);
#2375 = CARTESIAN_POINT('',(3.950000437955,171.95,-1.957402039409E-14));
#2376 = DIRECTION('',(3.589793573511E-09,1.,-1.110223024625E-16));
#2377 = DIRECTION('',(1.,-3.589793573511E-09,3.985471478963E-25));
#2378 = ORIENTED_EDGE('',*,*,#2379,.F.);
#2379 = EDGE_CURVE('',#2380,#2371,#2382,.T.);
#2380 = VERTEX_POINT('',#2381);
#2381 = CARTESIAN_POINT('',(19.751490877576,172.94999994327,6.27));
#2382 = B_SPLINE_CURVE_WITH_KNOTS('',3,(#2383,#2384,#2385,#2386,#2387,
    #2388,#2389,#2390,#2391,#2392),.UNSPECIFIED.,.F.,.F.,(4,2,2,2,4),(0.
    ,4.026727858769E-04,8.053455717538E-04,1.208018357631E-03,
    1.610691143508E-03),.UNSPECIFIED.);
#2383 = CARTESIAN_POINT('',(19.751490877576,172.94999994327,6.27));
#2384 = CARTESIAN_POINT('',(19.751490877087,172.81377221711,6.27));
#2385 = CARTESIAN_POINT('',(19.762657864111,172.68002719628,
    6.242036157101));
#2386 = CARTESIAN_POINT('',(19.803529570069,172.43502092459,
    6.137488435268));
#2387 = CARTESIAN_POINT('',(19.833268621738,172.32414441707,
    6.060664373751));
#2388 = CARTESIAN_POINT('',(19.90298631093,172.14304086914,
    5.874700210677));
#2389 = CARTESIAN_POINT('',(19.943448761392,172.07126553169,
    5.764147875726));
#2390 = CARTESIAN_POINT('',(20.026909801429,171.97518784408,
    5.527094654095));
#2391 = CARTESIAN_POINT('',(20.070356757958,171.94999994213,
    5.399315940731));
#2392 = CARTESIAN_POINT('',(20.112521899658,171.94999994198,5.27));
#2393 = ORIENTED_EDGE('',*,*,#2394,.F.);
#2394 = EDGE_CURVE('',#1514,#2380,#2395,.T.);
#2395 = LINE('',#2396,#2397);
#2396 = CARTESIAN_POINT('',(19.751490795011,149.94999994327,6.27));
#2397 = VECTOR('',#2398,1.);
#2398 = DIRECTION('',(-3.589793573511E-09,-1.,1.110223024625E-16));
#2399 = ORIENTED_EDGE('',*,*,#1513,.T.);
#2400 = CYLINDRICAL_SURFACE('',#2401,17.);
#2401 = AXIS2_PLACEMENT_3D('',#2402,#2403,#2404);
#2402 = CARTESIAN_POINT('',(3.950000358979,149.95,-1.713152973992E-14));
#2403 = DIRECTION('',(-3.589793573511E-09,-1.,1.110223024625E-16));
#2404 = DIRECTION('',(1.,-3.589793573511E-09,3.985471478963E-25));
#2405 = ADVANCED_FACE('',(#2406),#2424,.F.);
#2406 = FACE_BOUND('',#2407,.F.);
#2407 = EDGE_LOOP('',(#2408,#2409,#2416,#2423));
#2408 = ORIENTED_EDGE('',*,*,#2362,.T.);
#2409 = ORIENTED_EDGE('',*,*,#2410,.T.);
#2410 = EDGE_CURVE('',#2356,#2411,#2413,.T.);
#2411 = VERTEX_POINT('',#2412);
#2412 = CARTESIAN_POINT('',(23.650000421575,167.38717960625,
    -1.906744556826E-14));
#2413 = B_SPLINE_CURVE_WITH_KNOTS('',1,(#2414,#2415),.UNSPECIFIED.,.F.,
  .F.,(2,2),(-3.117691453624,0.),.PIECEWISE_BEZIER_KNOTS.);
#2414 = CARTESIAN_POINT('',(20.950000427171,168.94602534275,
    -1.924051221111E-14));
#2415 = CARTESIAN_POINT('',(23.650000421575,167.38717960625,
    -1.906744556826E-14));
#2416 = ORIENTED_EDGE('',*,*,#2417,.F.);
#2417 = EDGE_CURVE('',#2411,#2411,#2418,.T.);
#2418 = CIRCLE('',#2419,19.7);
#2419 = AXIS2_PLACEMENT_3D('',#2420,#2421,#2422);
#2420 = CARTESIAN_POINT('',(3.950000421575,167.38717967697,
    -1.906744557611E-14));
#2421 = DIRECTION('',(-3.589793573511E-09,-1.,1.110223024625E-16));
#2422 = DIRECTION('',(1.,-3.589793573511E-09,3.985471478963E-25));
#2423 = ORIENTED_EDGE('',*,*,#2410,.F.);
#2424 = CONICAL_SURFACE('',#2425,19.7,1.047197551197);
#2425 = AXIS2_PLACEMENT_3D('',#2426,#2427,#2428);
#2426 = CARTESIAN_POINT('',(3.950000421575,167.38717967697,
    -1.906744557611E-14));
#2427 = DIRECTION('',(-3.589793573511E-09,-1.,1.110223024625E-16));
#2428 = DIRECTION('',(1.,-3.589793573511E-09,3.985471478963E-25));
#2429 = ADVANCED_FACE('',(#2430),#2452,.F.);
#2430 = FACE_BOUND('',#2431,.F.);
#2431 = EDGE_LOOP('',(#2432,#2433,#2444,#2451));
#2432 = ORIENTED_EDGE('',*,*,#2417,.T.);
#2433 = ORIENTED_EDGE('',*,*,#2434,.T.);
#2434 = EDGE_CURVE('',#2411,#2435,#2437,.T.);
#2435 = VERTEX_POINT('',#2436);
#2436 = CARTESIAN_POINT('',(23.95000041971,166.8675643629,
    -1.900975668754E-14));
#2437 = B_SPLINE_CURVE_WITH_KNOTS('',5,(#2438,#2439,#2440,#2441,#2442,
    #2443),.UNSPECIFIED.,.F.,.F.,(6,6),(5.235987755983,6.28318530718),
  .PIECEWISE_BEZIER_KNOTS.);
#2438 = CARTESIAN_POINT('',(23.650000421575,167.38717960625,
    -1.906744556826E-14));
#2439 = CARTESIAN_POINT('',(23.758828383204,167.32434775279,
    -1.906046983122E-14));
#2440 = CARTESIAN_POINT('',(23.851227529991,167.23303845951,
    -1.905033246324E-14));
#2441 = CARTESIAN_POINT('',(23.917123826882,167.11890272432,
    -1.903766085113E-14));
#2442 = CARTESIAN_POINT('',(23.950000420161,166.99322806905,
    -1.902370816154E-14));
#2443 = CARTESIAN_POINT('',(23.95000041971,166.8675643629,
    -1.900975668754E-14));
#2444 = ORIENTED_EDGE('',*,*,#2445,.F.);
#2445 = EDGE_CURVE('',#2435,#2435,#2446,.T.);
#2446 = CIRCLE('',#2447,20.);
#2447 = AXIS2_PLACEMENT_3D('',#2448,#2449,#2450);
#2448 = CARTESIAN_POINT('',(3.95000041971,166.8675644347,
    -1.900975669552E-14));
#2449 = DIRECTION('',(-3.589793573511E-09,-1.,1.110223024625E-16));
#2450 = DIRECTION('',(1.,-3.589793573511E-09,3.985471478963E-25));
#2451 = ORIENTED_EDGE('',*,*,#2434,.F.);
#2452 = TOROIDAL_SURFACE('',#2453,19.4,0.6);
#2453 = AXIS2_PLACEMENT_3D('',#2454,#2455,#2456);
#2454 = CARTESIAN_POINT('',(3.95000041971,166.8675644347,
    -1.900975669552E-14));
#2455 = DIRECTION('',(-3.589793573511E-09,-1.,1.110223024625E-16));
#2456 = DIRECTION('',(1.,-3.589793573511E-09,3.985471478963E-25));
#2457 = ADVANCED_FACE('',(#2458),#2476,.F.);
#2458 = FACE_BOUND('',#2459,.F.);
#2459 = EDGE_LOOP('',(#2460,#2461,#2468,#2475));
#2460 = ORIENTED_EDGE('',*,*,#2445,.T.);
#2461 = ORIENTED_EDGE('',*,*,#2462,.T.);
#2462 = EDGE_CURVE('',#2435,#2463,#2465,.T.);
#2463 = VERTEX_POINT('',#2464);
#2464 = CARTESIAN_POINT('',(23.950000380649,155.98634816202,
    -1.780169901133E-14));
#2465 = B_SPLINE_CURVE_WITH_KNOTS('',1,(#2466,#2467),.UNSPECIFIED.,.F.,
  .F.,(2,2),(-16.9175644347,-6.036348233825),.PIECEWISE_BEZIER_KNOTS.);
#2466 = CARTESIAN_POINT('',(23.95000041971,166.8675643629,
    -1.900975668754E-14));
#2467 = CARTESIAN_POINT('',(23.950000380649,155.98634816202,
    -1.780169901133E-14));
#2468 = ORIENTED_EDGE('',*,*,#2469,.F.);
#2469 = EDGE_CURVE('',#2463,#2463,#2470,.T.);
#2470 = CIRCLE('',#2471,20.);
#2471 = AXIS2_PLACEMENT_3D('',#2472,#2473,#2474);
#2472 = CARTESIAN_POINT('',(3.950000380649,155.98634823382,
    -1.78016990193E-14));
#2473 = DIRECTION('',(-3.589793573511E-09,-1.,1.110223024625E-16));
#2474 = DIRECTION('',(1.,-3.589793573511E-09,3.985471478963E-25));
#2475 = ORIENTED_EDGE('',*,*,#2462,.F.);
#2476 = CYLINDRICAL_SURFACE('',#2477,20.);
#2477 = AXIS2_PLACEMENT_3D('',#2478,#2479,#2480);
#2478 = CARTESIAN_POINT('',(3.950000358979,149.95,-1.713152973992E-14));
#2479 = DIRECTION('',(-3.589793573511E-09,-1.,1.110223024625E-16));
#2480 = DIRECTION('',(1.,-3.589793573511E-09,3.985471478963E-25));
#2481 = ADVANCED_FACE('',(#2482),#2504,.F.);
#2482 = FACE_BOUND('',#2483,.F.);
#2483 = EDGE_LOOP('',(#2484,#2485,#2496,#2503));
#2484 = ORIENTED_EDGE('',*,*,#2469,.T.);
#2485 = ORIENTED_EDGE('',*,*,#2486,.T.);
#2486 = EDGE_CURVE('',#2463,#2487,#2489,.T.);
#2487 = VERTEX_POINT('',#2488);
#2488 = CARTESIAN_POINT('',(21.200000358979,149.94999993807,
    -1.713152973304E-14));
#2489 = B_SPLINE_CURVE_WITH_KNOTS('',5,(#2490,#2491,#2492,#2493,#2494,
    #2495),.UNSPECIFIED.,.F.,.F.,(6,6),(0.,0.85495826657),
  .PIECEWISE_BEZIER_KNOTS.);
#2490 = CARTESIAN_POINT('',(23.950000380649,155.98634816202,
    -1.780169901133E-14));
#2491 = CARTESIAN_POINT('',(23.950000375738,154.61841493551,
    -1.764982791491E-14));
#2492 = CARTESIAN_POINT('',(23.657709861509,153.25044583233,
    -1.749795283538E-14));
#2493 = CARTESIAN_POINT('',(23.072542119738,151.96598174836,
    -1.735534867534E-14));
#2494 = CARTESIAN_POINT('',(22.232165526682,150.84770611426,
    -1.723119513966E-14));
#2495 = CARTESIAN_POINT('',(21.200000358979,149.94999993807,
    -1.713152973304E-14));
#2496 = ORIENTED_EDGE('',*,*,#2497,.F.);
#2497 = EDGE_CURVE('',#2487,#2487,#2498,.T.);
#2498 = CIRCLE('',#2499,17.25);
#2499 = AXIS2_PLACEMENT_3D('',#2500,#2501,#2502);
#2500 = CARTESIAN_POINT('',(3.950000358979,149.95,-1.713152973992E-14));
#2501 = DIRECTION('',(-3.589793573511E-09,-1.,1.110223024625E-16));
#2502 = DIRECTION('',(1.,-3.589793573511E-09,3.985471478963E-25));
#2503 = ORIENTED_EDGE('',*,*,#2486,.F.);
#2504 = TOROIDAL_SURFACE('',#2505,12.,8.);
#2505 = AXIS2_PLACEMENT_3D('',#2506,#2507,#2508);
#2506 = CARTESIAN_POINT('',(3.950000380649,155.98634823382,
    -1.78016990193E-14));
#2507 = DIRECTION('',(-3.589793573511E-09,-1.,1.110223024625E-16));
#2508 = DIRECTION('',(1.,-3.589793573511E-09,3.985471478963E-25));
#2509 = ADVANCED_FACE('',(#2510),#2528,.F.);
#2510 = FACE_BOUND('',#2511,.F.);
#2511 = EDGE_LOOP('',(#2512,#2513,#2520,#2527));
#2512 = ORIENTED_EDGE('',*,*,#2497,.T.);
#2513 = ORIENTED_EDGE('',*,*,#2514,.T.);
#2514 = EDGE_CURVE('',#2487,#2515,#2517,.T.);
#2515 = VERTEX_POINT('',#2516);
#2516 = CARTESIAN_POINT('',(21.200000323081,139.94999993807,
    -1.602130670842E-14));
#2517 = B_SPLINE_CURVE_WITH_KNOTS('',1,(#2518,#2519),.UNSPECIFIED.,.F.,
  .F.,(2,2),(-1.734723475977E-15,10.),.PIECEWISE_BEZIER_KNOTS.);
#2518 = CARTESIAN_POINT('',(21.200000358979,149.94999993807,
    -1.713152973304E-14));
#2519 = CARTESIAN_POINT('',(21.200000323081,139.94999993807,
    -1.602130670842E-14));
#2520 = ORIENTED_EDGE('',*,*,#2521,.F.);
#2521 = EDGE_CURVE('',#2515,#2515,#2522,.T.);
#2522 = CIRCLE('',#2523,17.25);
#2523 = AXIS2_PLACEMENT_3D('',#2524,#2525,#2526);
#2524 = CARTESIAN_POINT('',(3.950000323081,139.95,-1.602130671529E-14));
#2525 = DIRECTION('',(-3.589793573511E-09,-1.,1.110223024625E-16));
#2526 = DIRECTION('',(1.,-3.589793573511E-09,3.985471478963E-25));
#2527 = ORIENTED_EDGE('',*,*,#2514,.F.);
#2528 = CYLINDRICAL_SURFACE('',#2529,17.25);
#2529 = AXIS2_PLACEMENT_3D('',#2530,#2531,#2532);
#2530 = CARTESIAN_POINT('',(3.950000358979,149.95,-1.713152973992E-14));
#2531 = DIRECTION('',(-3.589793573511E-09,-1.,1.110223024625E-16));
#2532 = DIRECTION('',(1.,-3.589793573511E-09,3.985471478963E-25));
#2533 = ADVANCED_FACE('',(#2534,#2537),#2548,.F.);
#2534 = FACE_BOUND('',#2535,.T.);
#2535 = EDGE_LOOP('',(#2536));
#2536 = ORIENTED_EDGE('',*,*,#2521,.F.);
#2537 = FACE_BOUND('',#2538,.T.);
#2538 = EDGE_LOOP('',(#2539));
#2539 = ORIENTED_EDGE('',*,*,#2540,.T.);
#2540 = EDGE_CURVE('',#2541,#2541,#2543,.T.);
#2541 = VERTEX_POINT('',#2542);
#2542 = CARTESIAN_POINT('',(12.950000323081,139.94999996769,
    -1.602130671171E-14));
#2543 = CIRCLE('',#2544,9.);
#2544 = AXIS2_PLACEMENT_3D('',#2545,#2546,#2547);
#2545 = CARTESIAN_POINT('',(3.950000323081,139.95,-1.602130671529E-14));
#2546 = DIRECTION('',(-3.589793573511E-09,-1.,1.110223024625E-16));
#2547 = DIRECTION('',(1.,-3.589793573511E-09,3.985471478963E-25));
#2548 = PLANE('',#2549);
#2549 = AXIS2_PLACEMENT_3D('',#2550,#2551,#2552);
#2550 = CARTESIAN_POINT('',(3.950000323081,139.95,17.25));
#2551 = DIRECTION('',(-3.589793573511E-09,-1.,1.110223024625E-16));
#2552 = DIRECTION('',(1.,-3.589793573511E-09,3.985471478963E-25));
#2553 = ADVANCED_FACE('',(#2554),#2572,.F.);
#2554 = FACE_BOUND('',#2555,.F.);
#2555 = EDGE_LOOP('',(#2556,#2557,#2564,#2571));
#2556 = ORIENTED_EDGE('',*,*,#2540,.T.);
#2557 = ORIENTED_EDGE('',*,*,#2558,.F.);
#2558 = EDGE_CURVE('',#2559,#2541,#2561,.T.);
#2559 = VERTEX_POINT('',#2560);
#2560 = CARTESIAN_POINT('',(12.450000321287,139.44999996948,
    -1.596579556067E-14));
#2561 = B_SPLINE_CURVE_WITH_KNOTS('',1,(#2562,#2563),.UNSPECIFIED.,.F.,
  .F.,(2,2),(2.971788999376E-33,0.707106781187),
  .PIECEWISE_BEZIER_KNOTS.);
#2562 = CARTESIAN_POINT('',(12.450000321287,139.44999996948,
    -1.284294622285E-14));
#2563 = CARTESIAN_POINT('',(12.950000323081,139.94999996769,
    -1.271476035401E-14));
#2564 = ORIENTED_EDGE('',*,*,#2565,.F.);
#2565 = EDGE_CURVE('',#2559,#2559,#2566,.T.);
#2566 = CIRCLE('',#2567,8.5);
#2567 = AXIS2_PLACEMENT_3D('',#2568,#2569,#2570);
#2568 = CARTESIAN_POINT('',(3.950000321287,139.45,-1.596579556406E-14));
#2569 = DIRECTION('',(-3.589793573511E-09,-1.,1.110223024625E-16));
#2570 = DIRECTION('',(1.,-3.589793573511E-09,3.985471478963E-25));
#2571 = ORIENTED_EDGE('',*,*,#2558,.T.);
#2572 = CONICAL_SURFACE('',#2573,8.5,0.785398163397);
#2573 = AXIS2_PLACEMENT_3D('',#2574,#2575,#2576);
#2574 = CARTESIAN_POINT('',(3.950000321287,139.45,-1.596579556406E-14));
#2575 = DIRECTION('',(3.589793573511E-09,1.,-1.110223024625E-16));
#2576 = DIRECTION('',(-1.,3.589793573511E-09,-3.985471478963E-25));
#2577 = ADVANCED_FACE('',(#2578),#2596,.F.);
#2578 = FACE_BOUND('',#2579,.F.);
#2579 = EDGE_LOOP('',(#2580,#2581,#2588,#2595));
#2580 = ORIENTED_EDGE('',*,*,#2565,.T.);
#2581 = ORIENTED_EDGE('',*,*,#2582,.T.);
#2582 = EDGE_CURVE('',#2559,#2583,#2585,.T.);
#2583 = VERTEX_POINT('',#2584);
#2584 = CARTESIAN_POINT('',(12.450000283594,128.94999996948,
    -1.480006138482E-14));
#2585 = B_SPLINE_CURVE_WITH_KNOTS('',1,(#2586,#2587),.UNSPECIFIED.,.F.,
  .F.,(2,2),(10.5,21.),.PIECEWISE_BEZIER_KNOTS.);
#2586 = CARTESIAN_POINT('',(12.450000321287,139.44999996948,
    -1.596579556067E-14));
#2587 = CARTESIAN_POINT('',(12.450000283594,128.94999996948,
    -1.480006138482E-14));
#2588 = ORIENTED_EDGE('',*,*,#2589,.F.);
#2589 = EDGE_CURVE('',#2583,#2583,#2590,.T.);
#2590 = CIRCLE('',#2591,8.5);
#2591 = AXIS2_PLACEMENT_3D('',#2592,#2593,#2594);
#2592 = CARTESIAN_POINT('',(3.950000283594,128.95,-1.48000613882E-14));
#2593 = DIRECTION('',(-3.589793573511E-09,-1.,1.110223024625E-16));
#2594 = DIRECTION('',(1.,-3.589793573511E-09,3.985471478963E-25));
#2595 = ORIENTED_EDGE('',*,*,#2582,.F.);
#2596 = CYLINDRICAL_SURFACE('',#2597,8.5);
#2597 = AXIS2_PLACEMENT_3D('',#2598,#2599,#2600);
#2598 = CARTESIAN_POINT('',(3.950000358979,149.95,-1.713152973992E-14));
#2599 = DIRECTION('',(-3.589793573511E-09,-1.,1.110223024625E-16));
#2600 = DIRECTION('',(1.,-3.589793573511E-09,3.985471478963E-25));
#2601 = ADVANCED_FACE('',(#2602,#2605),#2616,.F.);
#2602 = FACE_BOUND('',#2603,.T.);
#2603 = EDGE_LOOP('',(#2604));
#2604 = ORIENTED_EDGE('',*,*,#2589,.F.);
#2605 = FACE_BOUND('',#2606,.T.);
#2606 = EDGE_LOOP('',(#2607));
#2607 = ORIENTED_EDGE('',*,*,#2608,.T.);
#2608 = EDGE_CURVE('',#2609,#2609,#2611,.T.);
#2609 = VERTEX_POINT('',#2610);
#2610 = CARTESIAN_POINT('',(13.250000283594,128.94999996661,
    -1.48000613845E-14));
#2611 = CIRCLE('',#2612,9.3);
#2612 = AXIS2_PLACEMENT_3D('',#2613,#2614,#2615);
#2613 = CARTESIAN_POINT('',(3.950000283594,128.95,-1.48000613882E-14));
#2614 = DIRECTION('',(-3.589793573511E-09,-1.,1.110223024625E-16));
#2615 = DIRECTION('',(1.,-3.589793573511E-09,3.985471478963E-25));
#2616 = PLANE('',#2617);
#2617 = AXIS2_PLACEMENT_3D('',#2618,#2619,#2620);
#2618 = CARTESIAN_POINT('',(3.950000283594,128.95,8.5));
#2619 = DIRECTION('',(3.589793573511E-09,1.,-1.110223024625E-16));
#2620 = DIRECTION('',(-1.,3.589793573511E-09,-3.985471478963E-25));
#2621 = ADVANCED_FACE('',(#2622),#2640,.F.);
#2622 = FACE_BOUND('',#2623,.F.);
#2623 = EDGE_LOOP('',(#2624,#2625,#2632,#2639));
#2624 = ORIENTED_EDGE('',*,*,#2608,.T.);
#2625 = ORIENTED_EDGE('',*,*,#2626,.T.);
#2626 = EDGE_CURVE('',#2609,#2627,#2629,.T.);
#2627 = VERTEX_POINT('',#2628);
#2628 = CARTESIAN_POINT('',(13.250000280004,127.94999996661,
    -1.468903908204E-14));
#2629 = B_SPLINE_CURVE_WITH_KNOTS('',1,(#2630,#2631),.UNSPECIFIED.,.F.,
  .F.,(2,2),(21.,22.),.PIECEWISE_BEZIER_KNOTS.);
#2630 = CARTESIAN_POINT('',(13.250000283594,128.94999996661,
    -1.48000613845E-14));
#2631 = CARTESIAN_POINT('',(13.250000280004,127.94999996661,
    -1.468903908204E-14));
#2632 = ORIENTED_EDGE('',*,*,#2633,.F.);
#2633 = EDGE_CURVE('',#2627,#2627,#2634,.T.);
#2634 = CIRCLE('',#2635,9.3);
#2635 = AXIS2_PLACEMENT_3D('',#2636,#2637,#2638);
#2636 = CARTESIAN_POINT('',(3.950000280004,127.95,-1.468903908574E-14));
#2637 = DIRECTION('',(-3.589793573511E-09,-1.,1.110223024625E-16));
#2638 = DIRECTION('',(1.,-3.589793573511E-09,3.985471478963E-25));
#2639 = ORIENTED_EDGE('',*,*,#2626,.F.);
#2640 = CYLINDRICAL_SURFACE('',#2641,9.3);
#2641 = AXIS2_PLACEMENT_3D('',#2642,#2643,#2644);
#2642 = CARTESIAN_POINT('',(3.950000358979,149.95,-1.713152973992E-14));
#2643 = DIRECTION('',(-3.589793573511E-09,-1.,1.110223024625E-16));
#2644 = DIRECTION('',(1.,-3.589793573511E-09,3.985471478963E-25));
#2645 = ADVANCED_FACE('',(#2646,#2649),#2660,.F.);
#2646 = FACE_BOUND('',#2647,.T.);
#2647 = EDGE_LOOP('',(#2648));
#2648 = ORIENTED_EDGE('',*,*,#2633,.F.);
#2649 = FACE_BOUND('',#2650,.T.);
#2650 = EDGE_LOOP('',(#2651));
#2651 = ORIENTED_EDGE('',*,*,#2652,.T.);
#2652 = EDGE_CURVE('',#2653,#2653,#2655,.T.);
#2653 = VERTEX_POINT('',#2654);
#2654 = CARTESIAN_POINT('',(8.150000280004,127.94999998492,
    -1.468903908407E-14));
#2655 = CIRCLE('',#2656,4.2);
#2656 = AXIS2_PLACEMENT_3D('',#2657,#2658,#2659);
#2657 = CARTESIAN_POINT('',(3.950000280004,127.95,-1.468903908574E-14));
#2658 = DIRECTION('',(-3.589793573511E-09,-1.,1.110223024625E-16));
#2659 = DIRECTION('',(1.,-3.589793573511E-09,3.985471478963E-25));
#2660 = PLANE('',#2661);
#2661 = AXIS2_PLACEMENT_3D('',#2662,#2663,#2664);
#2662 = CARTESIAN_POINT('',(3.950000280004,127.95,9.3));
#2663 = DIRECTION('',(-3.589793573511E-09,-1.,1.110223024625E-16));
#2664 = DIRECTION('',(1.,-3.589793573511E-09,3.985471478963E-25));
#2665 = ADVANCED_FACE('',(#2666),#2676,.F.);
#2666 = FACE_BOUND('',#2667,.F.);
#2667 = EDGE_LOOP('',(#2668,#2669,#2674,#2675));
#2668 = ORIENTED_EDGE('',*,*,#2652,.T.);
#2669 = ORIENTED_EDGE('',*,*,#2670,.T.);
#2670 = EDGE_CURVE('',#2653,#1259,#2671,.T.);
#2671 = B_SPLINE_CURVE_WITH_KNOTS('',1,(#2672,#2673),.UNSPECIFIED.,.F.,
  .F.,(2,2),(22.,26.),.PIECEWISE_BEZIER_KNOTS.);
#2672 = CARTESIAN_POINT('',(8.150000280004,127.94999998492,
    -1.468903908407E-14));
#2673 = CARTESIAN_POINT('',(8.150000265645,123.94999998492,
    -1.424494987422E-14));
#2674 = ORIENTED_EDGE('',*,*,#1258,.F.);
#2675 = ORIENTED_EDGE('',*,*,#2670,.F.);
#2676 = CYLINDRICAL_SURFACE('',#2677,4.2);
#2677 = AXIS2_PLACEMENT_3D('',#2678,#2679,#2680);
#2678 = CARTESIAN_POINT('',(3.950000358979,149.95,-1.713152973992E-14));
#2679 = DIRECTION('',(-3.589793573511E-09,-1.,1.110223024625E-16));
#2680 = DIRECTION('',(1.,-3.589793573511E-09,3.985471478963E-25));
#2681 = ADVANCED_FACE('',(#2682),#2708,.F.);
#2682 = FACE_BOUND('',#2683,.T.);
#2683 = EDGE_LOOP('',(#2684,#2694,#2700,#2701,#2702));
#2684 = ORIENTED_EDGE('',*,*,#2685,.F.);
#2685 = EDGE_CURVE('',#2686,#2688,#2690,.T.);
#2686 = VERTEX_POINT('',#2687);
#2687 = CARTESIAN_POINT('',(-14.03999955845,172.95000006458,-6.27));
#2688 = VERTEX_POINT('',#2689);
#2689 = CARTESIAN_POINT('',(-14.03999952794,181.45000006458,-6.27));
#2690 = LINE('',#2691,#2692);
#2691 = CARTESIAN_POINT('',(-14.03999967474,140.55586348384,-6.27));
#2692 = VECTOR('',#2693,1.);
#2693 = DIRECTION('',(3.589793573511E-09,1.,-1.110223024625E-16));
#2694 = ORIENTED_EDGE('',*,*,#2695,.T.);
#2695 = EDGE_CURVE('',#2686,#2309,#2696,.T.);
#2696 = LINE('',#2697,#2698);
#2697 = CARTESIAN_POINT('',(-11.85148999448,172.95000005672,-6.27));
#2698 = VECTOR('',#2699,1.);
#2699 = DIRECTION('',(1.,-3.589793573511E-09,3.985471478963E-25));
#2700 = ORIENTED_EDGE('',*,*,#2323,.F.);
#2701 = ORIENTED_EDGE('',*,*,#2241,.F.);
#2702 = ORIENTED_EDGE('',*,*,#2703,.T.);
#2703 = EDGE_CURVE('',#2242,#2688,#2704,.T.);
#2704 = LINE('',#2705,#2706);
#2705 = CARTESIAN_POINT('',(35.450000472058,181.44999988692,-6.27));
#2706 = VECTOR('',#2707,1.);
#2707 = DIRECTION('',(-1.,3.589793573511E-09,-3.985471478963E-25));
#2708 = PLANE('',#2709);
#2709 = AXIS2_PLACEMENT_3D('',#2710,#2711,#2712);
#2710 = CARTESIAN_POINT('',(35.450000437955,171.94999988692,-6.27));
#2711 = DIRECTION('',(-6.55505177461E-25,-2.93624773618E-16,-1.));
#2712 = DIRECTION('',(-3.589793573511E-09,-1.,2.93624773618E-16));
#2713 = ADVANCED_FACE('',(#2714),#2748,.F.);
#2714 = FACE_BOUND('',#2715,.T.);
#2715 = EDGE_LOOP('',(#2716,#2724,#2731,#2732,#2741,#2747));
#2716 = ORIENTED_EDGE('',*,*,#2717,.T.);
#2717 = EDGE_CURVE('',#2300,#2718,#2720,.T.);
#2718 = VERTEX_POINT('',#2719);
#2719 = CARTESIAN_POINT('',(-14.03999956204,171.95000006458,-5.27));
#2720 = LINE('',#2721,#2722);
#2721 = CARTESIAN_POINT('',(-14.03999956204,171.95000006458,-5.27));
#2722 = VECTOR('',#2723,1.);
#2723 = DIRECTION('',(-1.,3.589793573511E-09,-3.985471478963E-25));
#2724 = ORIENTED_EDGE('',*,*,#2725,.T.);
#2725 = EDGE_CURVE('',#2718,#2103,#2726,.T.);
#2726 = CIRCLE('',#2727,3.88);
#2727 = AXIS2_PLACEMENT_3D('',#2728,#2729,#2730);
#2728 = CARTESIAN_POINT('',(-14.03999956204,171.95000006458,-9.15));
#2729 = DIRECTION('',(-3.589793573511E-09,-1.,1.110223024625E-16));
#2730 = DIRECTION('',(1.,-3.589793573511E-09,3.985471478963E-25));
#2731 = ORIENTED_EDGE('',*,*,#2102,.F.);
#2732 = ORIENTED_EDGE('',*,*,#2733,.T.);
#2733 = EDGE_CURVE('',#2094,#2734,#2736,.T.);
#2734 = VERTEX_POINT('',#2735);
#2735 = CARTESIAN_POINT('',(-14.03999956204,171.95000006458,5.27));
#2736 = CIRCLE('',#2737,3.88);
#2737 = AXIS2_PLACEMENT_3D('',#2738,#2739,#2740);
#2738 = CARTESIAN_POINT('',(-14.03999956204,171.95000006458,9.15));
#2739 = DIRECTION('',(-3.589793573511E-09,-1.,1.110223024625E-16));
#2740 = DIRECTION('',(1.,-3.589793573511E-09,3.985471478963E-25));
#2741 = ORIENTED_EDGE('',*,*,#2742,.T.);
#2742 = EDGE_CURVE('',#2734,#2285,#2743,.T.);
#2743 = LINE('',#2744,#2745);
#2744 = CARTESIAN_POINT('',(-11.85148999807,171.95000005672,5.27));
#2745 = VECTOR('',#2746,1.);
#2746 = DIRECTION('',(1.,-3.589793573511E-09,3.985471478963E-25));
#2747 = ORIENTED_EDGE('',*,*,#2299,.F.);
#2748 = PLANE('',#2749);
#2749 = AXIS2_PLACEMENT_3D('',#2750,#2751,#2752);
#2750 = CARTESIAN_POINT('',(35.450000437955,171.94999988692,6.27));
#2751 = DIRECTION('',(-3.589793573511E-09,-1.,1.110223024625E-16));
#2752 = DIRECTION('',(1.,-3.589793573511E-09,3.985471478963E-25));
#2753 = ADVANCED_FACE('',(#2754),#2766,.F.);
#2754 = FACE_BOUND('',#2755,.T.);
#2755 = EDGE_LOOP('',(#2756,#2757,#2764,#2765));
#2756 = ORIENTED_EDGE('',*,*,#1851,.T.);
#2757 = ORIENTED_EDGE('',*,*,#2758,.T.);
#2758 = EDGE_CURVE('',#1843,#2688,#2759,.T.);
#2759 = ( BOUNDED_CURVE() B_SPLINE_CURVE(3,(#2760,#2761,#2762,#2763),
.UNSPECIFIED.,.F.,.F.) B_SPLINE_CURVE_WITH_KNOTS((4,4),(2.543460586861,
3.14159265359),.PIECEWISE_BEZIER_KNOTS.) CURVE() 
GEOMETRIC_REPRESENTATION_ITEM() RATIONAL_B_SPLINE_CURVE((1.,
0.970408052288,0.970408052288,1.)) REPRESENTATION_ITEM('') );
#2760 = CARTESIAN_POINT('',(-15.66172700017,181.9500000704,-6.77));
#2761 = CARTESIAN_POINT('',(-15.17999547749,181.62174912441,
    -6.441749055744));
#2762 = CARTESIAN_POINT('',(-14.62293515344,181.45000006667,-6.27));
#2763 = CARTESIAN_POINT('',(-14.03999952794,181.45000006458,-6.27));
#2764 = ORIENTED_EDGE('',*,*,#2703,.F.);
#2765 = ORIENTED_EDGE('',*,*,#2252,.F.);
#2766 = PLANE('',#2767);
#2767 = AXIS2_PLACEMENT_3D('',#2768,#2769,#2770);
#2768 = CARTESIAN_POINT('',(35.450000472058,181.44999988692,-6.27));
#2769 = DIRECTION('',(-2.538367378887E-09,-0.707106781187,
    -0.707106781187));
#2770 = DIRECTION('',(-2.538367378887E-09,-0.707106781187,0.707106781187
    ));
#2771 = ADVANCED_FACE('',(#2772),#2784,.F.);
#2772 = FACE_BOUND('',#2773,.T.);
#2773 = EDGE_LOOP('',(#2774,#2775,#2782,#2783));
#2774 = ORIENTED_EDGE('',*,*,#1372,.T.);
#2775 = ORIENTED_EDGE('',*,*,#2776,.T.);
#2776 = EDGE_CURVE('',#1365,#1433,#2777,.T.);
#2777 = ( BOUNDED_CURVE() B_SPLINE_CURVE(3,(#2778,#2779,#2780,#2781),
.UNSPECIFIED.,.F.,.F.) B_SPLINE_CURVE_WITH_KNOTS((4,4),(3.14159265359,
3.739724720319),.PIECEWISE_BEZIER_KNOTS.) CURVE() 
GEOMETRIC_REPRESENTATION_ITEM() RATIONAL_B_SPLINE_CURVE((1.,
0.970408052288,0.970408052288,1.)) REPRESENTATION_ITEM('') );
#2778 = CARTESIAN_POINT('',(-14.03999952794,181.45000006458,6.27));
#2779 = CARTESIAN_POINT('',(-14.62293515344,181.45000006667,6.27));
#2780 = CARTESIAN_POINT('',(-15.17999547749,181.62174912441,
    6.441749055744));
#2781 = CARTESIAN_POINT('',(-15.66172700017,181.9500000704,6.77));
#2782 = ORIENTED_EDGE('',*,*,#1432,.F.);
#2783 = ORIENTED_EDGE('',*,*,#1505,.F.);
#2784 = PLANE('',#2785);
#2785 = AXIS2_PLACEMENT_3D('',#2786,#2787,#2788);
#2786 = CARTESIAN_POINT('',(35.450000473853,181.94999988692,6.77));
#2787 = DIRECTION('',(-2.538367378887E-09,-0.707106781187,0.707106781187
    ));
#2788 = DIRECTION('',(2.538367378887E-09,0.707106781187,0.707106781187)
  );
#2789 = ADVANCED_FACE('',(#2790),#2809,.F.);
#2790 = FACE_BOUND('',#2791,.T.);
#2791 = EDGE_LOOP('',(#2792,#2793,#2802,#2808));
#2792 = ORIENTED_EDGE('',*,*,#1415,.F.);
#2793 = ORIENTED_EDGE('',*,*,#2794,.T.);
#2794 = EDGE_CURVE('',#1407,#2795,#2797,.T.);
#2795 = VERTEX_POINT('',#2796);
#2796 = CARTESIAN_POINT('',(21.940000472058,181.44999993542,6.27));
#2797 = ( BOUNDED_CURVE() B_SPLINE_CURVE(3,(#2798,#2799,#2800,#2801),
.UNSPECIFIED.,.F.,.F.) B_SPLINE_CURVE_WITH_KNOTS((4,4),(2.543460586861,
3.14159265359),.PIECEWISE_BEZIER_KNOTS.) CURVE() 
GEOMETRIC_REPRESENTATION_ITEM() RATIONAL_B_SPLINE_CURVE((1.,
0.970408052288,0.970408052288,1.)) REPRESENTATION_ITEM('') );
#2798 = CARTESIAN_POINT('',(23.561727947875,181.94999992959,6.77));
#2799 = CARTESIAN_POINT('',(23.079996422848,181.62174898707,
    6.441749055744));
#2800 = CARTESIAN_POINT('',(22.522936097556,181.44999993332,6.27));
#2801 = CARTESIAN_POINT('',(21.940000472058,181.44999993542,6.27));
#2802 = ORIENTED_EDGE('',*,*,#2803,.T.);
#2803 = EDGE_CURVE('',#2795,#1523,#2804,.T.);
#2804 = LINE('',#2805,#2806);
#2805 = CARTESIAN_POINT('',(35.450000472058,181.44999988692,6.27));
#2806 = VECTOR('',#2807,1.);
#2807 = DIRECTION('',(-1.,3.589793573511E-09,-3.985471478963E-25));
#2808 = ORIENTED_EDGE('',*,*,#1531,.F.);
#2809 = PLANE('',#2810);
#2810 = AXIS2_PLACEMENT_3D('',#2811,#2812,#2813);
#2811 = CARTESIAN_POINT('',(35.450000473853,181.94999988692,6.77));
#2812 = DIRECTION('',(-2.538367378887E-09,-0.707106781187,0.707106781187
    ));
#2813 = DIRECTION('',(2.538367378887E-09,0.707106781187,0.707106781187)
  );
#2814 = ADVANCED_FACE('',(#2815),#2827,.F.);
#2815 = FACE_BOUND('',#2816,.T.);
#2816 = EDGE_LOOP('',(#2817,#2818,#2825,#2826));
#2817 = ORIENTED_EDGE('',*,*,#1323,.F.);
#2818 = ORIENTED_EDGE('',*,*,#2819,.T.);
#2819 = EDGE_CURVE('',#1316,#1815,#2820,.T.);
#2820 = ( BOUNDED_CURVE() B_SPLINE_CURVE(3,(#2821,#2822,#2823,#2824),
.UNSPECIFIED.,.F.,.F.) B_SPLINE_CURVE_WITH_KNOTS((4,4),(3.14159265359,
3.739724720319),.PIECEWISE_BEZIER_KNOTS.) CURVE() 
GEOMETRIC_REPRESENTATION_ITEM() RATIONAL_B_SPLINE_CURVE((1.,
0.970408052288,0.970408052288,1.)) REPRESENTATION_ITEM('') );
#2821 = CARTESIAN_POINT('',(21.940000472058,181.44999993542,-6.27));
#2822 = CARTESIAN_POINT('',(22.522936097556,181.44999993332,-6.27));
#2823 = CARTESIAN_POINT('',(23.079996422848,181.62174898707,
    -6.441749055744));
#2824 = CARTESIAN_POINT('',(23.561727947875,181.94999992959,-6.77));
#2825 = ORIENTED_EDGE('',*,*,#1814,.T.);
#2826 = ORIENTED_EDGE('',*,*,#2260,.F.);
#2827 = PLANE('',#2828);
#2828 = AXIS2_PLACEMENT_3D('',#2829,#2830,#2831);
#2829 = CARTESIAN_POINT('',(35.450000472058,181.44999988692,-6.27));
#2830 = DIRECTION('',(-2.538367378887E-09,-0.707106781187,
    -0.707106781187));
#2831 = DIRECTION('',(-2.538367378887E-09,-0.707106781187,0.707106781187
    ));
#2832 = ADVANCED_FACE('',(#2833),#2852,.F.);
#2833 = FACE_BOUND('',#2834,.T.);
#2834 = EDGE_LOOP('',(#2835,#2843,#2849,#2850,#2851));
#2835 = ORIENTED_EDGE('',*,*,#2836,.F.);
#2836 = EDGE_CURVE('',#2837,#2795,#2839,.T.);
#2837 = VERTEX_POINT('',#2838);
#2838 = CARTESIAN_POINT('',(21.940000441545,172.94999993542,6.27));
#2839 = LINE('',#2840,#2841);
#2840 = CARTESIAN_POINT('',(21.940000325256,140.55586335468,6.27));
#2841 = VECTOR('',#2842,1.);
#2842 = DIRECTION('',(3.589793573511E-09,1.,-1.110223024625E-16));
#2843 = ORIENTED_EDGE('',*,*,#2844,.T.);
#2844 = EDGE_CURVE('',#2837,#2380,#2845,.T.);
#2845 = LINE('',#2846,#2847);
#2846 = CARTESIAN_POINT('',(19.751490877576,172.94999994327,6.27));
#2847 = VECTOR('',#2848,1.);
#2848 = DIRECTION('',(-1.,3.589793573511E-09,-3.985471478963E-25));
#2849 = ORIENTED_EDGE('',*,*,#2394,.F.);
#2850 = ORIENTED_EDGE('',*,*,#1522,.F.);
#2851 = ORIENTED_EDGE('',*,*,#2803,.F.);
#2852 = PLANE('',#2853);
#2853 = AXIS2_PLACEMENT_3D('',#2854,#2855,#2856);
#2854 = CARTESIAN_POINT('',(35.450000472058,181.44999988692,6.27));
#2855 = DIRECTION('',(-3.277525887305E-25,1.972106688479E-17,1.));
#2856 = DIRECTION('',(3.589793573511E-09,1.,-1.972106688479E-17));
#2857 = ADVANCED_FACE('',(#2858),#2893,.F.);
#2858 = FACE_BOUND('',#2859,.F.);
#2859 = EDGE_LOOP('',(#2860,#2869,#2875,#2876,#2877,#2885,#2892));
#2860 = ORIENTED_EDGE('',*,*,#2861,.F.);
#2861 = EDGE_CURVE('',#2862,#1969,#2864,.T.);
#2862 = VERTEX_POINT('',#2863);
#2863 = CARTESIAN_POINT('',(21.940000437955,171.94999993542,5.27));
#2864 = CIRCLE('',#2865,3.88);
#2865 = AXIS2_PLACEMENT_3D('',#2866,#2867,#2868);
#2866 = CARTESIAN_POINT('',(21.940000437955,171.94999993542,9.15));
#2867 = DIRECTION('',(-3.589793573511E-09,-1.,1.110223024625E-16));
#2868 = DIRECTION('',(1.,-3.589793573511E-09,3.985471478963E-25));
#2869 = ORIENTED_EDGE('',*,*,#2870,.F.);
#2870 = EDGE_CURVE('',#2371,#2862,#2871,.T.);
#2871 = LINE('',#2872,#2873);
#2872 = CARTESIAN_POINT('',(21.940000437955,171.94999993542,5.27));
#2873 = VECTOR('',#2874,1.);
#2874 = DIRECTION('',(1.,-3.589793573511E-09,3.985471478963E-25));
#2875 = ORIENTED_EDGE('',*,*,#2370,.T.);
#2876 = ORIENTED_EDGE('',*,*,#2346,.T.);
#2877 = ORIENTED_EDGE('',*,*,#2878,.F.);
#2878 = EDGE_CURVE('',#2879,#2332,#2881,.T.);
#2879 = VERTEX_POINT('',#2880);
#2880 = CARTESIAN_POINT('',(21.940000437955,171.94999993542,-5.27));
#2881 = LINE('',#2882,#2883);
#2882 = CARTESIAN_POINT('',(19.751490873986,171.94999994327,-5.27));
#2883 = VECTOR('',#2884,1.);
#2884 = DIRECTION('',(-1.,3.589793573511E-09,-3.985471478963E-25));
#2885 = ORIENTED_EDGE('',*,*,#2886,.F.);
#2886 = EDGE_CURVE('',#1936,#2879,#2887,.T.);
#2887 = CIRCLE('',#2888,3.88);
#2888 = AXIS2_PLACEMENT_3D('',#2889,#2890,#2891);
#2889 = CARTESIAN_POINT('',(21.940000437955,171.94999993542,-9.15));
#2890 = DIRECTION('',(-3.589793573511E-09,-1.,1.110223024625E-16));
#2891 = DIRECTION('',(1.,-3.589793573511E-09,3.985471478963E-25));
#2892 = ORIENTED_EDGE('',*,*,#1968,.T.);
#2893 = PLANE('',#2894);
#2894 = AXIS2_PLACEMENT_3D('',#2895,#2896,#2897);
#2895 = CARTESIAN_POINT('',(35.450000437955,171.94999988692,6.27));
#2896 = DIRECTION('',(-3.589793573511E-09,-1.,1.110223024625E-16));
#2897 = DIRECTION('',(1.,-3.589793573511E-09,3.985471478963E-25));
#2898 = ADVANCED_FACE('',(#2899),#2936,.T.);
#2899 = FACE_BOUND('',#2900,.T.);
#2900 = EDGE_LOOP('',(#2901,#2902,#2911,#2926,#2932,#2933,#2934,#2935));
#2901 = ORIENTED_EDGE('',*,*,#1364,.F.);
#2902 = ORIENTED_EDGE('',*,*,#2903,.T.);
#2903 = EDGE_CURVE('',#1357,#2904,#2906,.T.);
#2904 = VERTEX_POINT('',#2905);
#2905 = CARTESIAN_POINT('',(-16.82336853945,172.95000007457,
    8.410231714902));
#2906 = CIRCLE('',#2907,2.88);
#2907 = AXIS2_PLACEMENT_3D('',#2908,#2909,#2910);
#2908 = CARTESIAN_POINT('',(-14.03999955845,172.95000006458,9.15));
#2909 = DIRECTION('',(3.589793573511E-09,1.,-1.110223024625E-16));
#2910 = DIRECTION('',(1.,-3.589793573511E-09,1.807003621208E-15));
#2911 = ORIENTED_EDGE('',*,*,#2912,.T.);
#2912 = EDGE_CURVE('',#2904,#2913,#2915,.T.);
#2913 = VERTEX_POINT('',#2914);
#2914 = CARTESIAN_POINT('',(-16.60609834978,172.48514264086,
    10.45749263925));
#2915 = B_SPLINE_CURVE_WITH_KNOTS('',3,(#2916,#2917,#2918,#2919,#2920,
    #2921,#2922,#2923,#2924,#2925),.UNSPECIFIED.,.F.,.F.,(4,2,2,2,4),(0.
    ,5.475012936804E-04,1.095002587361E-03,1.642503881041E-03,
    2.190005174722E-03),.UNSPECIFIED.);
#2916 = CARTESIAN_POINT('',(-16.82336853945,172.95000007457,
    8.410231714902));
#2917 = CARTESIAN_POINT('',(-16.87027093097,172.95000007474,
    8.586701380264));
#2918 = CARTESIAN_POINT('',(-16.89928801815,172.92059926039,
    8.763551441783));
#2919 = CARTESIAN_POINT('',(-16.92503135936,172.83766251796,
    9.111731300083));
#2920 = CARTESIAN_POINT('',(-16.92185660598,172.78256998723,
    9.285985199085));
#2921 = CARTESIAN_POINT('',(-16.885564323,172.66988073809,9.625765898069
    ));
#2922 = CARTESIAN_POINT('',(-16.85286194878,172.61138047263,
    9.792294816537));
#2923 = CARTESIAN_POINT('',(-16.75495415585,172.51793390591,
    10.126605853925));
#2924 = CARTESIAN_POINT('',(-16.68895572469,172.48490747543,
    10.294875884791));
#2925 = CARTESIAN_POINT('',(-16.60609834978,172.48514264086,
    10.45749263925));
#2926 = ORIENTED_EDGE('',*,*,#2927,.T.);
#2927 = EDGE_CURVE('',#2913,#2040,#2928,.T.);
#2928 = LINE('',#2929,#2930);
#2929 = CARTESIAN_POINT('',(-16.6060984644,140.55586349306,
    10.45749263925));
#2930 = VECTOR('',#2931,1.);
#2931 = DIRECTION('',(3.589793573511E-09,1.,-1.110223024625E-16));
#2932 = ORIENTED_EDGE('',*,*,#2039,.F.);
#2933 = ORIENTED_EDGE('',*,*,#1482,.F.);
#2934 = ORIENTED_EDGE('',*,*,#1440,.T.);
#2935 = ORIENTED_EDGE('',*,*,#2776,.F.);
#2936 = CYLINDRICAL_SURFACE('',#2937,2.88);
#2937 = AXIS2_PLACEMENT_3D('',#2938,#2939,#2940);
#2938 = CARTESIAN_POINT('',(-14.03999967474,140.55586348384,9.15));
#2939 = DIRECTION('',(3.589793573511E-09,1.,-1.110223024625E-16));
#2940 = DIRECTION('',(-1.,3.589793573511E-09,-3.985471478963E-25));
#2941 = ADVANCED_FACE('',(#2942),#2963,.F.);
#2942 = FACE_BOUND('',#2943,.T.);
#2943 = EDGE_LOOP('',(#2944,#2945,#2956,#2962));
#2944 = ORIENTED_EDGE('',*,*,#2927,.F.);
#2945 = ORIENTED_EDGE('',*,*,#2946,.T.);
#2946 = EDGE_CURVE('',#2913,#2947,#2949,.T.);
#2947 = VERTEX_POINT('',#2948);
#2948 = CARTESIAN_POINT('',(-15.69811735087,172.32623211319,
    12.239505687627));
#2949 = B_SPLINE_CURVE_WITH_KNOTS('',3,(#2950,#2951,#2952,#2953,#2954,
    #2955),.UNSPECIFIED.,.F.,.F.,(4,2,4),(0.,1.004389599488E-03,
    2.008779198975E-03),.UNSPECIFIED.);
#2950 = CARTESIAN_POINT('',(-16.60609834978,172.48514264086,
    10.45749263925));
#2951 = CARTESIAN_POINT('',(-16.4540354142,172.48546299199,
    10.75593295411));
#2952 = CARTESIAN_POINT('',(-16.30203835761,172.47529337838,
    11.054243974258));
#2953 = CARTESIAN_POINT('',(-15.9987215208,172.42796750439,
    11.649536785015));
#2954 = CARTESIAN_POINT('',(-15.84720892578,172.39273392007,
    11.94689699597));
#2955 = CARTESIAN_POINT('',(-15.69811735087,172.32623211319,
    12.239505687627));
#2956 = ORIENTED_EDGE('',*,*,#2957,.T.);
#2957 = EDGE_CURVE('',#2947,#2059,#2958,.T.);
#2958 = LINE('',#2959,#2960);
#2959 = CARTESIAN_POINT('',(-15.69811746492,140.5558634898,
    12.239505687627));
#2960 = VECTOR('',#2961,1.);
#2961 = DIRECTION('',(3.589793573511E-09,1.,-1.110223024625E-16));
#2962 = ORIENTED_EDGE('',*,*,#2058,.F.);
#2963 = PLANE('',#2964);
#2964 = AXIS2_PLACEMENT_3D('',#2965,#2966,#2967);
#2965 = CARTESIAN_POINT('',(-16.6060984644,140.55586349306,
    10.45749263925));
#2966 = DIRECTION('',(0.891006524188,-3.198529544891E-09,-0.45399049974)
  );
#2967 = DIRECTION('',(-0.45399049974,1.629732079479E-09,-0.891006524188)
  );
#2968 = ADVANCED_FACE('',(#2969),#2980,.F.);
#2969 = FACE_BOUND('',#2970,.T.);
#2970 = EDGE_LOOP('',(#2971,#2972,#2979));
#2971 = ORIENTED_EDGE('',*,*,#2957,.F.);
#2972 = ORIENTED_EDGE('',*,*,#2973,.T.);
#2973 = EDGE_CURVE('',#2947,#2076,#2974,.T.);
#2974 = B_SPLINE_CURVE_WITH_KNOTS('',3,(#2975,#2976,#2977,#2978),
  .UNSPECIFIED.,.F.,.F.,(4,4),(3.469446951954E-18,3.82725184067E-04),
  .PIECEWISE_BEZIER_KNOTS.);
#2975 = CARTESIAN_POINT('',(-15.69811735087,172.32623211319,
    12.239505687627));
#2976 = CARTESIAN_POINT('',(-15.69811735134,172.19645531774,
    12.239505687627));
#2977 = CARTESIAN_POINT('',(-15.71898654558,172.07104876037,
    12.250139072973));
#2978 = CARTESIAN_POINT('',(-15.76066586169,171.95000007075,
    12.271375745028));
#2979 = ORIENTED_EDGE('',*,*,#2075,.F.);
#2980 = PLANE('',#2981);
#2981 = AXIS2_PLACEMENT_3D('',#2982,#2983,#2984);
#2982 = CARTESIAN_POINT('',(-15.69811746492,140.5558634898,
    12.239505687627));
#2983 = DIRECTION('',(0.45399049974,-1.629732079479E-09,0.891006524188)
  );
#2984 = DIRECTION('',(0.891006524188,-3.198529544891E-09,-0.45399049974)
  );
#2985 = ADVANCED_FACE('',(#2986),#3014,.F.);
#2986 = FACE_BOUND('',#2987,.T.);
#2987 = EDGE_LOOP('',(#2988,#2996,#3007,#3013));
#2988 = ORIENTED_EDGE('',*,*,#2989,.F.);
#2989 = EDGE_CURVE('',#2990,#2130,#2992,.T.);
#2990 = VERTEX_POINT('',#2991);
#2991 = CARTESIAN_POINT('',(-15.69811735087,172.32623211319,
    -12.23950568762));
#2992 = LINE('',#2993,#2994);
#2993 = CARTESIAN_POINT('',(-15.69811746492,140.5558634898,
    -12.23950568762));
#2994 = VECTOR('',#2995,1.);
#2995 = DIRECTION('',(3.589793573511E-09,1.,-1.110223024625E-16));
#2996 = ORIENTED_EDGE('',*,*,#2997,.T.);
#2997 = EDGE_CURVE('',#2990,#2998,#3000,.T.);
#2998 = VERTEX_POINT('',#2999);
#2999 = CARTESIAN_POINT('',(-16.60609834978,172.48514264086,
    -10.45749263925));
#3000 = B_SPLINE_CURVE_WITH_KNOTS('',3,(#3001,#3002,#3003,#3004,#3005,
    #3006),.UNSPECIFIED.,.F.,.F.,(4,2,4),(1.408548461812E-16,
    1.005181468086E-03,2.010362936173E-03),.UNSPECIFIED.);
#3001 = CARTESIAN_POINT('',(-15.69811735087,172.32623211319,
    -12.23950568762));
#3002 = CARTESIAN_POINT('',(-15.84720892578,172.39273392007,
    -11.94689699597));
#3003 = CARTESIAN_POINT('',(-15.9987215208,172.42796750439,
    -11.64953678501));
#3004 = CARTESIAN_POINT('',(-16.30203835761,172.47529337838,
    -11.05424397425));
#3005 = CARTESIAN_POINT('',(-16.4540354142,172.48546299199,
    -10.75593295411));
#3006 = CARTESIAN_POINT('',(-16.60609834978,172.48514264086,
    -10.45749263925));
#3007 = ORIENTED_EDGE('',*,*,#3008,.T.);
#3008 = EDGE_CURVE('',#2998,#2139,#3009,.T.);
#3009 = LINE('',#3010,#3011);
#3010 = CARTESIAN_POINT('',(-16.6060984644,140.55586349306,
    -10.45749263925));
#3011 = VECTOR('',#3012,1.);
#3012 = DIRECTION('',(3.589793573511E-09,1.,-1.110223024625E-16));
#3013 = ORIENTED_EDGE('',*,*,#2138,.F.);
#3014 = PLANE('',#3015);
#3015 = AXIS2_PLACEMENT_3D('',#3016,#3017,#3018);
#3016 = CARTESIAN_POINT('',(-16.6060984644,140.55586349306,
    -10.45749263925));
#3017 = DIRECTION('',(0.891006524188,-3.198529444085E-09,0.45399049974)
  );
#3018 = DIRECTION('',(0.45399049974,-1.629732277322E-09,-0.891006524188)
  );
#3019 = ADVANCED_FACE('',(#3020),#3031,.F.);
#3020 = FACE_BOUND('',#3021,.T.);
#3021 = EDGE_LOOP('',(#3022,#3023,#3030));
#3022 = ORIENTED_EDGE('',*,*,#2129,.F.);
#3023 = ORIENTED_EDGE('',*,*,#3024,.T.);
#3024 = EDGE_CURVE('',#2121,#2990,#3025,.T.);
#3025 = B_SPLINE_CURVE_WITH_KNOTS('',3,(#3026,#3027,#3028,#3029),
  .UNSPECIFIED.,.F.,.F.,(4,4),(0.,3.827251840669E-04),
  .PIECEWISE_BEZIER_KNOTS.);
#3026 = CARTESIAN_POINT('',(-15.76066586169,171.95000007075,
    -12.27137574502));
#3027 = CARTESIAN_POINT('',(-15.71898654558,172.07104876037,
    -12.25013907297));
#3028 = CARTESIAN_POINT('',(-15.69811735134,172.19645531774,
    -12.23950568762));
#3029 = CARTESIAN_POINT('',(-15.69811735087,172.32623211319,
    -12.23950568762));
#3030 = ORIENTED_EDGE('',*,*,#2989,.T.);
#3031 = PLANE('',#3032);
#3032 = AXIS2_PLACEMENT_3D('',#3033,#3034,#3035);
#3033 = CARTESIAN_POINT('',(-15.69811746492,140.5558634898,
    -12.23950568762));
#3034 = DIRECTION('',(0.45399049974,-1.629732277322E-09,-0.891006524188)
  );
#3035 = DIRECTION('',(-0.891006524188,3.198529444085E-09,-0.45399049974)
  );
#3036 = ADVANCED_FACE('',(#3037),#3067,.T.);
#3037 = FACE_BOUND('',#3038,.T.);
#3038 = EDGE_LOOP('',(#3039,#3040,#3055,#3062,#3063,#3064,#3065,#3066));
#3039 = ORIENTED_EDGE('',*,*,#3008,.F.);
#3040 = ORIENTED_EDGE('',*,*,#3041,.T.);
#3041 = EDGE_CURVE('',#2998,#3042,#3044,.T.);
#3042 = VERTEX_POINT('',#3043);
#3043 = CARTESIAN_POINT('',(-16.82336853945,172.95000007457,
    -8.410231714902));
#3044 = B_SPLINE_CURVE_WITH_KNOTS('',3,(#3045,#3046,#3047,#3048,#3049,
    #3050,#3051,#3052,#3053,#3054),.UNSPECIFIED.,.F.,.F.,(4,2,2,2,4),(
    1.734723475977E-18,5.430851888297E-04,1.086170377659E-03,
    1.629255566489E-03,2.172340755319E-03),.UNSPECIFIED.);
#3045 = CARTESIAN_POINT('',(-16.60609834978,172.48514264086,
    -10.45749263925));
#3046 = CARTESIAN_POINT('',(-16.68895572469,172.48490747542,
    -10.29487588479));
#3047 = CARTESIAN_POINT('',(-16.75495415585,172.51793390591,
    -10.12660585392));
#3048 = CARTESIAN_POINT('',(-16.85286194878,172.61138047263,
    -9.792294816537));
#3049 = CARTESIAN_POINT('',(-16.885564323,172.66988073809,
    -9.625765898069));
#3050 = CARTESIAN_POINT('',(-16.92185660598,172.78256998723,
    -9.285985199085));
#3051 = CARTESIAN_POINT('',(-16.92503135936,172.83766251796,
    -9.111731300083));
#3052 = CARTESIAN_POINT('',(-16.89928801815,172.92059926039,
    -8.763551441783));
#3053 = CARTESIAN_POINT('',(-16.87027093097,172.95000007474,
    -8.586701380264));
#3054 = CARTESIAN_POINT('',(-16.82336853945,172.95000007457,
    -8.410231714902));
#3055 = ORIENTED_EDGE('',*,*,#3056,.T.);
#3056 = EDGE_CURVE('',#3042,#2686,#3057,.T.);
#3057 = CIRCLE('',#3058,2.88);
#3058 = AXIS2_PLACEMENT_3D('',#3059,#3060,#3061);
#3059 = CARTESIAN_POINT('',(-14.03999955845,172.95000006458,-9.15));
#3060 = DIRECTION('',(3.589793573511E-09,1.,-1.110223024625E-16));
#3061 = DIRECTION('',(1.,-3.589793573511E-09,1.807003621208E-15));
#3062 = ORIENTED_EDGE('',*,*,#2685,.T.);
#3063 = ORIENTED_EDGE('',*,*,#2758,.F.);
#3064 = ORIENTED_EDGE('',*,*,#1842,.T.);
#3065 = ORIENTED_EDGE('',*,*,#1901,.F.);
#3066 = ORIENTED_EDGE('',*,*,#2155,.F.);
#3067 = CYLINDRICAL_SURFACE('',#3068,2.88);
#3068 = AXIS2_PLACEMENT_3D('',#3069,#3070,#3071);
#3069 = CARTESIAN_POINT('',(-14.03999967474,140.55586348384,-9.15));
#3070 = DIRECTION('',(3.589793573511E-09,1.,-1.110223024625E-16));
#3071 = DIRECTION('',(-1.,3.589793573511E-09,-3.985471478963E-25));
#3072 = ADVANCED_FACE('',(#3073),#3110,.T.);
#3073 = FACE_BOUND('',#3074,.T.);
#3074 = EDGE_LOOP('',(#3075,#3076,#3085,#3100,#3106,#3107,#3108,#3109));
#3075 = ORIENTED_EDGE('',*,*,#1315,.F.);
#3076 = ORIENTED_EDGE('',*,*,#3077,.T.);
#3077 = EDGE_CURVE('',#1308,#3078,#3080,.T.);
#3078 = VERTEX_POINT('',#3079);
#3079 = CARTESIAN_POINT('',(24.723369422539,172.94999992542,
    -8.410231714902));
#3080 = CIRCLE('',#3081,2.88);
#3081 = AXIS2_PLACEMENT_3D('',#3082,#3083,#3084);
#3082 = CARTESIAN_POINT('',(21.940000441545,172.94999993542,-9.15));
#3083 = DIRECTION('',(3.589793573511E-09,1.,-1.110223024625E-16));
#3084 = DIRECTION('',(1.,-3.589793573511E-09,6.023345406682E-16));
#3085 = ORIENTED_EDGE('',*,*,#3086,.T.);
#3086 = EDGE_CURVE('',#3078,#3087,#3089,.T.);
#3087 = VERTEX_POINT('',#3088);
#3088 = CARTESIAN_POINT('',(24.506099229538,172.48514249327,
    -10.45749263925));
#3089 = B_SPLINE_CURVE_WITH_KNOTS('',3,(#3090,#3091,#3092,#3093,#3094,
    #3095,#3096,#3097,#3098,#3099),.UNSPECIFIED.,.F.,.F.,(4,2,2,2,4),(0.
    ,5.475012936804E-04,1.095002587361E-03,1.642503881041E-03,
    2.190005174722E-03),.UNSPECIFIED.);
#3090 = CARTESIAN_POINT('',(24.723369422539,172.94999992542,
    -8.410231714902));
#3091 = CARTESIAN_POINT('',(24.770271814068,172.94999992526,
    -8.586701380264));
#3092 = CARTESIAN_POINT('',(24.799288901036,172.9205991107,
    -8.763551441783));
#3093 = CARTESIAN_POINT('',(24.825032241649,172.83766236808,
    -9.111731300083));
#3094 = CARTESIAN_POINT('',(24.821857487874,172.78256983737,
    -9.285985199085));
#3095 = CARTESIAN_POINT('',(24.785565204087,172.6698805885,
    -9.625765898069));
#3096 = CARTESIAN_POINT('',(24.75286282944,172.61138032327,
    -9.792294816537));
#3097 = CARTESIAN_POINT('',(24.654955035839,172.51793375725,
    -10.12660585392));
#3098 = CARTESIAN_POINT('',(24.588956604449,172.48490732725,
    -10.29487588479));
#3099 = CARTESIAN_POINT('',(24.506099229538,172.48514249327,
    -10.45749263925));
#3100 = ORIENTED_EDGE('',*,*,#3101,.T.);
#3101 = EDGE_CURVE('',#3087,#2174,#3102,.T.);
#3102 = LINE('',#3103,#3104);
#3103 = CARTESIAN_POINT('',(24.506099114919,140.55586334547,
    -10.45749263925));
#3104 = VECTOR('',#3105,1.);
#3105 = DIRECTION('',(3.589793573511E-09,1.,-1.110223024625E-16));
#3106 = ORIENTED_EDGE('',*,*,#2173,.F.);
#3107 = ORIENTED_EDGE('',*,*,#1875,.F.);
#3108 = ORIENTED_EDGE('',*,*,#1824,.T.);
#3109 = ORIENTED_EDGE('',*,*,#2819,.F.);
#3110 = CYLINDRICAL_SURFACE('',#3111,2.88);
#3111 = AXIS2_PLACEMENT_3D('',#3112,#3113,#3114);
#3112 = CARTESIAN_POINT('',(21.940000325256,140.55586335468,-9.15));
#3113 = DIRECTION('',(3.589793573511E-09,1.,-1.110223024625E-16));
#3114 = DIRECTION('',(-1.,3.589793573511E-09,-3.985471478963E-25));
#3115 = ADVANCED_FACE('',(#3116),#3137,.F.);
#3116 = FACE_BOUND('',#3117,.T.);
#3117 = EDGE_LOOP('',(#3118,#3119,#3130,#3136));
#3118 = ORIENTED_EDGE('',*,*,#3101,.F.);
#3119 = ORIENTED_EDGE('',*,*,#3120,.T.);
#3120 = EDGE_CURVE('',#3087,#3121,#3123,.T.);
#3121 = VERTEX_POINT('',#3122);
#3122 = CARTESIAN_POINT('',(23.598118229489,172.32623197212,
    -12.23950568762));
#3123 = B_SPLINE_CURVE_WITH_KNOTS('',3,(#3124,#3125,#3126,#3127,#3128,
    #3129),.UNSPECIFIED.,.F.,.F.,(4,2,4),(0.,1.004389599488E-03,
    2.008779198975E-03),.UNSPECIFIED.);
#3124 = CARTESIAN_POINT('',(24.506099229538,172.48514249327,
    -10.45749263925));
#3125 = CARTESIAN_POINT('',(24.354036293963,172.48546284549,
    -10.75593295411));
#3126 = CARTESIAN_POINT('',(24.202039237297,172.47529323298,
    -11.05424397425));
#3127 = CARTESIAN_POINT('',(23.898722400145,172.42796736117,
    -11.64953678501));
#3128 = CARTESIAN_POINT('',(23.74720980487,172.39273377793,
    -11.94689699597));
#3129 = CARTESIAN_POINT('',(23.598118229489,172.32623197212,
    -12.23950568762));
#3130 = ORIENTED_EDGE('',*,*,#3131,.T.);
#3131 = EDGE_CURVE('',#3121,#2193,#3132,.T.);
#3132 = LINE('',#3133,#3134);
#3133 = CARTESIAN_POINT('',(23.59811811544,140.55586334873,
    -12.23950568762));
#3134 = VECTOR('',#3135,1.);
#3135 = DIRECTION('',(3.589793573511E-09,1.,-1.110223024625E-16));
#3136 = ORIENTED_EDGE('',*,*,#2192,.F.);
#3137 = PLANE('',#3138);
#3138 = AXIS2_PLACEMENT_3D('',#3139,#3140,#3141);
#3139 = CARTESIAN_POINT('',(24.506099114919,140.55586334547,
    -10.45749263925));
#3140 = DIRECTION('',(-0.891006524188,3.198529544891E-09,0.45399049974)
  );
#3141 = DIRECTION('',(0.45399049974,-1.629732079479E-09,0.891006524188)
  );
#3142 = ADVANCED_FACE('',(#3143),#3154,.F.);
#3143 = FACE_BOUND('',#3144,.T.);
#3144 = EDGE_LOOP('',(#3145,#3146,#3153));
#3145 = ORIENTED_EDGE('',*,*,#3131,.F.);
#3146 = ORIENTED_EDGE('',*,*,#3147,.T.);
#3147 = EDGE_CURVE('',#3121,#1925,#3148,.T.);
#3148 = B_SPLINE_CURVE_WITH_KNOTS('',3,(#3149,#3150,#3151,#3152),
  .UNSPECIFIED.,.F.,.F.,(4,4),(3.469446951954E-18,3.82725184067E-04),
  .PIECEWISE_BEZIER_KNOTS.);
#3149 = CARTESIAN_POINT('',(23.598118229489,172.32623197212,
    -12.23950568762));
#3150 = CARTESIAN_POINT('',(23.598118229023,172.19645517668,
    -12.23950568762));
#3151 = CARTESIAN_POINT('',(23.618987422362,172.07104861915,
    -12.25013907297));
#3152 = CARTESIAN_POINT('',(23.660666737605,171.94999992924,
    -12.27137574502));
#3153 = ORIENTED_EDGE('',*,*,#2209,.F.);
#3154 = PLANE('',#3155);
#3155 = AXIS2_PLACEMENT_3D('',#3156,#3157,#3158);
#3156 = CARTESIAN_POINT('',(23.59811811544,140.55586334873,
    -12.23950568762));
#3157 = DIRECTION('',(-0.45399049974,1.629732079479E-09,-0.891006524188)
  );
#3158 = DIRECTION('',(-0.891006524188,3.198529544891E-09,0.45399049974)
  );
#3159 = ADVANCED_FACE('',(#3160),#3188,.F.);
#3160 = FACE_BOUND('',#3161,.T.);
#3161 = EDGE_LOOP('',(#3162,#3170,#3181,#3187));
#3162 = ORIENTED_EDGE('',*,*,#3163,.F.);
#3163 = EDGE_CURVE('',#3164,#1996,#3166,.T.);
#3164 = VERTEX_POINT('',#3165);
#3165 = CARTESIAN_POINT('',(23.598118229489,172.32623197212,
    12.239505687627));
#3166 = LINE('',#3167,#3168);
#3167 = CARTESIAN_POINT('',(23.59811811544,140.55586334873,
    12.239505687627));
#3168 = VECTOR('',#3169,1.);
#3169 = DIRECTION('',(3.589793573511E-09,1.,-1.110223024625E-16));
#3170 = ORIENTED_EDGE('',*,*,#3171,.T.);
#3171 = EDGE_CURVE('',#3164,#3172,#3174,.T.);
#3172 = VERTEX_POINT('',#3173);
#3173 = CARTESIAN_POINT('',(24.506099229538,172.48514249327,
    10.45749263925));
#3174 = B_SPLINE_CURVE_WITH_KNOTS('',3,(#3175,#3176,#3177,#3178,#3179,
    #3180),.UNSPECIFIED.,.F.,.F.,(4,2,4),(1.408548461812E-16,
    1.005181468086E-03,2.010362936173E-03),.UNSPECIFIED.);
#3175 = CARTESIAN_POINT('',(23.598118229489,172.32623197212,
    12.239505687627));
#3176 = CARTESIAN_POINT('',(23.74720980487,172.39273377793,
    11.94689699597));
#3177 = CARTESIAN_POINT('',(23.898722400145,172.42796736117,
    11.649536785015));
#3178 = CARTESIAN_POINT('',(24.202039237297,172.47529323298,
    11.054243974258));
#3179 = CARTESIAN_POINT('',(24.354036293963,172.48546284549,
    10.75593295411));
#3180 = CARTESIAN_POINT('',(24.506099229538,172.48514249327,
    10.45749263925));
#3181 = ORIENTED_EDGE('',*,*,#3182,.T.);
#3182 = EDGE_CURVE('',#3172,#2005,#3183,.T.);
#3183 = LINE('',#3184,#3185);
#3184 = CARTESIAN_POINT('',(24.506099114919,140.55586334547,
    10.45749263925));
#3185 = VECTOR('',#3186,1.);
#3186 = DIRECTION('',(3.589793573511E-09,1.,-1.110223024625E-16));
#3187 = ORIENTED_EDGE('',*,*,#2004,.F.);
#3188 = PLANE('',#3189);
#3189 = AXIS2_PLACEMENT_3D('',#3190,#3191,#3192);
#3190 = CARTESIAN_POINT('',(24.506099114919,140.55586334547,
    10.45749263925));
#3191 = DIRECTION('',(-0.891006524188,3.198529444085E-09,-0.45399049974)
  );
#3192 = DIRECTION('',(-0.45399049974,1.629732277322E-09,0.891006524188)
  );
#3193 = ADVANCED_FACE('',(#3194),#3205,.F.);
#3194 = FACE_BOUND('',#3195,.T.);
#3195 = EDGE_LOOP('',(#3196,#3197,#3204));
#3196 = ORIENTED_EDGE('',*,*,#1995,.F.);
#3197 = ORIENTED_EDGE('',*,*,#3198,.T.);
#3198 = EDGE_CURVE('',#1987,#3164,#3199,.T.);
#3199 = B_SPLINE_CURVE_WITH_KNOTS('',3,(#3200,#3201,#3202,#3203),
  .UNSPECIFIED.,.F.,.F.,(4,4),(0.,3.827251840669E-04),
  .PIECEWISE_BEZIER_KNOTS.);
#3200 = CARTESIAN_POINT('',(23.660666737605,171.94999992924,
    12.271375745028));
#3201 = CARTESIAN_POINT('',(23.618987422362,172.07104861915,
    12.250139072973));
#3202 = CARTESIAN_POINT('',(23.598118229023,172.19645517668,
    12.239505687627));
#3203 = CARTESIAN_POINT('',(23.598118229489,172.32623197212,
    12.239505687627));
#3204 = ORIENTED_EDGE('',*,*,#3163,.T.);
#3205 = PLANE('',#3206);
#3206 = AXIS2_PLACEMENT_3D('',#3207,#3208,#3209);
#3207 = CARTESIAN_POINT('',(23.59811811544,140.55586334873,
    12.239505687627));
#3208 = DIRECTION('',(-0.45399049974,1.629732277322E-09,0.891006524188)
  );
#3209 = DIRECTION('',(0.891006524188,-3.198529444085E-09,0.45399049974)
  );
#3210 = ADVANCED_FACE('',(#3211),#3241,.T.);
#3211 = FACE_BOUND('',#3212,.T.);
#3212 = EDGE_LOOP('',(#3213,#3214,#3229,#3236,#3237,#3238,#3239,#3240));
#3213 = ORIENTED_EDGE('',*,*,#3182,.F.);
#3214 = ORIENTED_EDGE('',*,*,#3215,.T.);
#3215 = EDGE_CURVE('',#3172,#3216,#3218,.T.);
#3216 = VERTEX_POINT('',#3217);
#3217 = CARTESIAN_POINT('',(24.723369422539,172.94999992542,
    8.410231714902));
#3218 = B_SPLINE_CURVE_WITH_KNOTS('',3,(#3219,#3220,#3221,#3222,#3223,
    #3224,#3225,#3226,#3227,#3228),.UNSPECIFIED.,.F.,.F.,(4,2,2,2,4),(
    1.734723475977E-18,5.430851888297E-04,1.086170377659E-03,
    1.629255566489E-03,2.172340755319E-03),.UNSPECIFIED.);
#3219 = CARTESIAN_POINT('',(24.506099229538,172.48514249327,
    10.45749263925));
#3220 = CARTESIAN_POINT('',(24.588956604449,172.48490732725,
    10.29487588479));
#3221 = CARTESIAN_POINT('',(24.654955035839,172.51793375725,
    10.126605853925));
#3222 = CARTESIAN_POINT('',(24.75286282944,172.61138032327,
    9.792294816537));
#3223 = CARTESIAN_POINT('',(24.785565204087,172.6698805885,
    9.625765898069));
#3224 = CARTESIAN_POINT('',(24.821857487874,172.78256983737,
    9.285985199085));
#3225 = CARTESIAN_POINT('',(24.825032241649,172.83766236808,
    9.111731300083));
#3226 = CARTESIAN_POINT('',(24.799288901036,172.9205991107,
    8.763551441783));
#3227 = CARTESIAN_POINT('',(24.770271814068,172.94999992526,
    8.586701380264));
#3228 = CARTESIAN_POINT('',(24.723369422539,172.94999992542,
    8.410231714902));
#3229 = ORIENTED_EDGE('',*,*,#3230,.T.);
#3230 = EDGE_CURVE('',#3216,#2837,#3231,.T.);
#3231 = CIRCLE('',#3232,2.88);
#3232 = AXIS2_PLACEMENT_3D('',#3233,#3234,#3235);
#3233 = CARTESIAN_POINT('',(21.940000441545,172.94999993542,9.15));
#3234 = DIRECTION('',(3.589793573511E-09,1.,-1.110223024625E-16));
#3235 = DIRECTION('',(1.,-3.589793573511E-09,3.985471478963E-25));
#3236 = ORIENTED_EDGE('',*,*,#2836,.T.);
#3237 = ORIENTED_EDGE('',*,*,#2794,.F.);
#3238 = ORIENTED_EDGE('',*,*,#1406,.T.);
#3239 = ORIENTED_EDGE('',*,*,#1466,.F.);
#3240 = ORIENTED_EDGE('',*,*,#2021,.F.);
#3241 = CYLINDRICAL_SURFACE('',#3242,2.88);
#3242 = AXIS2_PLACEMENT_3D('',#3243,#3244,#3245);
#3243 = CARTESIAN_POINT('',(21.940000325256,140.55586335468,9.15));
#3244 = DIRECTION('',(3.589793573511E-09,1.,-1.110223024625E-16));
#3245 = DIRECTION('',(-1.,3.589793573511E-09,-3.985471478963E-25));
#3246 = ADVANCED_FACE('',(#3247),#3259,.F.);
#3247 = FACE_BOUND('',#3248,.F.);
#3248 = EDGE_LOOP('',(#3249,#3250,#3257,#3258));
#3249 = ORIENTED_EDGE('',*,*,#1307,.T.);
#3250 = ORIENTED_EDGE('',*,*,#3251,.T.);
#3251 = EDGE_CURVE('',#1308,#2879,#3252,.T.);
#3252 = CIRCLE('',#3253,1.);
#3253 = AXIS2_PLACEMENT_3D('',#3254,#3255,#3256);
#3254 = CARTESIAN_POINT('',(21.940000441545,172.94999993542,-5.27));
#3255 = DIRECTION('',(-1.,3.589793573511E-09,-3.985471478963E-25));
#3256 = DIRECTION('',(-3.589793573511E-09,-1.,1.110223024625E-16));
#3257 = ORIENTED_EDGE('',*,*,#2878,.T.);
#3258 = ORIENTED_EDGE('',*,*,#2331,.T.);
#3259 = CYLINDRICAL_SURFACE('',#3260,1.);
#3260 = AXIS2_PLACEMENT_3D('',#3261,#3262,#3263);
#3261 = CARTESIAN_POINT('',(35.450000441545,172.94999988692,-5.27));
#3262 = DIRECTION('',(1.,-3.589793573511E-09,3.985471478963E-25));
#3263 = DIRECTION('',(3.589793573511E-09,1.,-1.110223024625E-16));
#3264 = ADVANCED_FACE('',(#3265),#3277,.F.);
#3265 = FACE_BOUND('',#3266,.F.);
#3266 = EDGE_LOOP('',(#3267,#3268,#3275,#3276));
#3267 = ORIENTED_EDGE('',*,*,#3077,.T.);
#3268 = ORIENTED_EDGE('',*,*,#3269,.T.);
#3269 = EDGE_CURVE('',#3078,#1936,#3270,.T.);
#3270 = CIRCLE('',#3271,1.);
#3271 = AXIS2_PLACEMENT_3D('',#3272,#3273,#3274);
#3272 = CARTESIAN_POINT('',(25.689816985384,172.94999992195,
    -8.15336772702));
#3273 = DIRECTION('',(-0.256863987881,9.220879090846E-10,0.966447562845)
  );
#3274 = DIRECTION('',(0.966447562845,-3.469347221721E-09,0.256863987881)
  );
#3275 = ORIENTED_EDGE('',*,*,#2886,.T.);
#3276 = ORIENTED_EDGE('',*,*,#3251,.F.);
#3277 = TOROIDAL_SURFACE('',#3278,3.88,1.);
#3278 = AXIS2_PLACEMENT_3D('',#3279,#3280,#3281);
#3279 = CARTESIAN_POINT('',(21.940000441545,172.94999993542,-9.15));
#3280 = DIRECTION('',(-3.589793573511E-09,-1.,1.110223024625E-16));
#3281 = DIRECTION('',(1.,-3.589793573511E-09,3.985471478963E-25));
#3282 = ADVANCED_FACE('',(#3283),#3295,.F.);
#3283 = FACE_BOUND('',#3284,.F.);
#3284 = EDGE_LOOP('',(#3285,#3286,#3293,#3294));
#3285 = ORIENTED_EDGE('',*,*,#3086,.T.);
#3286 = ORIENTED_EDGE('',*,*,#3287,.T.);
#3287 = EDGE_CURVE('',#3087,#1927,#3288,.T.);
#3288 = CIRCLE('',#3289,1.);
#3289 = AXIS2_PLACEMENT_3D('',#3290,#3291,#3292);
#3290 = CARTESIAN_POINT('',(25.397105753727,172.48514249008,
    -10.91148313898));
#3291 = DIRECTION('',(0.453990292093,-9.564250310305E-04,0.891006116666)
  );
#3292 = DIRECTION('',(-0.891006524188,3.198530173835E-09,0.453990499739)
  );
#3293 = ORIENTED_EDGE('',*,*,#1935,.T.);
#3294 = ORIENTED_EDGE('',*,*,#3269,.F.);
#3295 = ( BOUNDED_SURFACE() B_SPLINE_SURFACE(3,2,(
    (#3296,#3297,#3298)
    ,(#3299,#3300,#3301)
    ,(#3302,#3303,#3304)
    ,(#3305,#3306,#3307)
    ,(#3308,#3309,#3310)
    ,(#3311,#3312,#3313)
    ,(#3314,#3315,#3316)
    ,(#3317,#3318,#3319)
    ,(#3320,#3321,#3322)
    ,(#3323,#3324,#3325
)),.UNSPECIFIED.,.F.,.F.,.F.) B_SPLINE_SURFACE_WITH_KNOTS((4,2,2,2,4),(3
    ,3),(1.405194171118E-03,2.124981423049E-03,2.84476867498E-03,
    3.564555926911E-03,4.284343178842E-03),(0.,1.),.UNSPECIFIED.) 
GEOMETRIC_REPRESENTATION_ITEM() RATIONAL_B_SPLINE_SURFACE((
    (1.,0.960406582127,1.)
    ,(1.,0.960532504488,1.)
    ,(1.,0.954678381851,1.)
    ,(1.,0.93245241817,1.)
    ,(1.,0.916216288443,1.)
    ,(1.,0.873483189079,1.)
    ,(1.,0.846701906922,1.)
    ,(1.,0.783969759495,1.)
    ,(1.,0.74775907864,1.)
,(1.,0.707106781187,1.))) REPRESENTATION_ITEM('') SURFACE() );
#3296 = CARTESIAN_POINT('',(24.64418528666,171.94999992571,
    -10.52842543305));
#3297 = CARTESIAN_POINT('',(24.505973270309,172.19505483895,
    -10.45773984611));
#3298 = CARTESIAN_POINT('',(24.506099229538,172.48514249327,
    -10.45749263925));
#3299 = CARTESIAN_POINT('',(24.747945663332,171.94999992537,
    -10.32447884778));
#3300 = CARTESIAN_POINT('',(24.59655933126,172.19497769648,
    -10.27999204204));
#3301 = CARTESIAN_POINT('',(24.586019965825,172.48491566261,
    -10.3006393626));
#3302 = CARTESIAN_POINT('',(24.850847214941,171.94999992516,
    -10.11446364983));
#3303 = CARTESIAN_POINT('',(24.670704118438,172.20660666162,
    -10.08646426827));
#3304 = CARTESIAN_POINT('',(24.65277085929,172.51649570156,
    -10.13279692086));
#3305 = CARTESIAN_POINT('',(25.043151183442,171.94999992408,
    -9.707047056711));
#3306 = CARTESIAN_POINT('',(24.773615164017,172.23126505,-9.708415713101
    ));
#3307 = CARTESIAN_POINT('',(24.751794675035,172.60973518085,
    -9.797167920357));
#3308 = CARTESIAN_POINT('',(25.133415480158,171.94999992402,
    -9.508241756125));
#3309 = CARTESIAN_POINT('',(24.803994418073,172.2431310862,-9.5185007778
    ));
#3310 = CARTESIAN_POINT('',(24.785220633088,172.66895921332,
    -9.628518545939));
#3311 = CARTESIAN_POINT('',(25.306732992204,171.94999992327,
    -9.112283399716));
#3312 = CARTESIAN_POINT('',(24.82911391276,172.23966398508,
    -9.150240950056));
#3313 = CARTESIAN_POINT('',(24.822024266341,172.78293987507,
    -9.284894821113));
#3314 = CARTESIAN_POINT('',(25.390111054896,171.94999992312,
    -8.914144555162));
#3315 = CARTESIAN_POINT('',(24.821598853458,172.22242629611,
    -8.967298517888));
#3316 = CARTESIAN_POINT('',(24.82502505818,172.8384981573,
    -9.108936036988));
#3317 = CARTESIAN_POINT('',(25.546411969889,171.94999992237,
    -8.52850076992));
#3318 = CARTESIAN_POINT('',(24.782328913186,172.13520053123,
    -8.644031953591));
#3319 = CARTESIAN_POINT('',(24.798805096492,172.92132964879,
    -8.759757467435));
#3320 = CARTESIAN_POINT('',(25.620208648548,171.9499999222,
    -8.338968631172));
#3321 = CARTESIAN_POINT('',(24.747525572912,172.05942846263,
    -8.501118794993));
#3322 = CARTESIAN_POINT('',(24.769750910186,172.9499999026,
    -8.584741485877));
#3323 = CARTESIAN_POINT('',(25.689816981795,171.94999992195,
    -8.15336772702));
#3324 = CARTESIAN_POINT('',(24.723369418949,171.94999992542,
    -8.410231714902));
#3325 = CARTESIAN_POINT('',(24.723369422539,172.94999992542,
    -8.410231714902));
#3326 = ADVANCED_FACE('',(#3327),#3333,.F.);
#3327 = FACE_BOUND('',#3328,.F.);
#3328 = EDGE_LOOP('',(#3329,#3330,#3331,#3332));
#3329 = ORIENTED_EDGE('',*,*,#1924,.T.);
#3330 = ORIENTED_EDGE('',*,*,#3287,.F.);
#3331 = ORIENTED_EDGE('',*,*,#3120,.T.);
#3332 = ORIENTED_EDGE('',*,*,#3147,.T.);
#3333 = ( BOUNDED_SURFACE() B_SPLINE_SURFACE(3,2,(
    (#3334,#3335,#3336)
    ,(#3337,#3338,#3339)
    ,(#3340,#3341,#3342)
    ,(#3343,#3344,#3345)
    ,(#3346,#3347,#3348)
    ,(#3349,#3350,#3351
)),.UNSPECIFIED.,.F.,.F.,.F.) B_SPLINE_SURFACE_WITH_KNOTS((4,2,4),(3,3),
  (2.052709419541E-03,3.100985263232E-03,4.149261106923E-03),(0.,1.),
.UNSPECIFIED.) GEOMETRIC_REPRESENTATION_ITEM() RATIONAL_B_SPLINE_SURFACE
((
    (1.,0.960406582127,1.)
    ,(1.,0.960348202053,1.)
    ,(1.,0.962235987945,1.)
    ,(1.,0.96973312052,1.)
    ,(1.,0.975356333208,1.)
,(1.,0.982549185677,1.))) REPRESENTATION_ITEM('') SURFACE() );
#3334 = CARTESIAN_POINT('',(24.506099229538,172.48514249327,
    -10.45749263925));
#3335 = CARTESIAN_POINT('',(24.505973270309,172.19505483895,
    -10.45773984611));
#3336 = CARTESIAN_POINT('',(24.644185286661,171.94999992571,
    -10.52842543305));
#3337 = CARTESIAN_POINT('',(24.346992133345,172.48547768539,
    -10.76975789774));
#3338 = CARTESIAN_POINT('',(24.349883816949,172.19517612197,
    -10.76408264707));
#3339 = CARTESIAN_POINT('',(24.490845692959,171.94999992627,
    -10.82982262836));
#3340 = CARTESIAN_POINT('',(24.187787253687,172.47438526497,
    -11.082215067));
#3341 = CARTESIAN_POINT('',(24.194324386469,172.19136953193,
    -11.06938521953));
#3342 = CARTESIAN_POINT('',(24.330800349636,171.94999992687,
    -11.12804489701));
#3343 = CARTESIAN_POINT('',(23.870369863047,172.42203941159,
    -11.70518177214));
#3344 = CARTESIAN_POINT('',(23.883187716221,172.17121582623,
    -11.68002531707));
#3345 = CARTESIAN_POINT('',(23.999564881643,171.94999992799,
    -11.71432259629));
#3346 = CARTESIAN_POINT('',(23.71174100086,172.38371847846,
    -12.01650844327));
#3347 = CARTESIAN_POINT('',(23.728485814119,172.15667626607,
    -11.98364489525));
#3348 = CARTESIAN_POINT('',(23.828096547822,171.94999992836,
    -12.00275282642));
#3349 = CARTESIAN_POINT('',(23.556331820785,172.3065709081,
    -12.32151613219));
#3350 = CARTESIAN_POINT('',(23.575226816659,172.12189621022,
    -12.28443261349));
#3351 = CARTESIAN_POINT('',(23.654466868081,171.94999992926,
    -12.28132856639));
#3352 = ADVANCED_FACE('',(#3353),#3365,.F.);
#3353 = FACE_BOUND('',#3354,.F.);
#3354 = EDGE_LOOP('',(#3355,#3356,#3363,#3364));
#3355 = ORIENTED_EDGE('',*,*,#2870,.T.);
#3356 = ORIENTED_EDGE('',*,*,#3357,.T.);
#3357 = EDGE_CURVE('',#2862,#2837,#3358,.T.);
#3358 = CIRCLE('',#3359,1.);
#3359 = AXIS2_PLACEMENT_3D('',#3360,#3361,#3362);
#3360 = CARTESIAN_POINT('',(21.940000441545,172.94999993542,5.27));
#3361 = DIRECTION('',(-1.,3.589793573511E-09,-3.985471478963E-25));
#3362 = DIRECTION('',(-3.589793573511E-09,-1.,1.110223024625E-16));
#3363 = ORIENTED_EDGE('',*,*,#2844,.T.);
#3364 = ORIENTED_EDGE('',*,*,#2379,.T.);
#3365 = CYLINDRICAL_SURFACE('',#3366,1.);
#3366 = AXIS2_PLACEMENT_3D('',#3367,#3368,#3369);
#3367 = CARTESIAN_POINT('',(35.450000441545,172.94999988692,5.27));
#3368 = DIRECTION('',(1.,-3.589793573511E-09,3.985471478963E-25));
#3369 = DIRECTION('',(3.589793573511E-09,1.,-1.110223024625E-16));
#3370 = ADVANCED_FACE('',(#3371),#3383,.F.);
#3371 = FACE_BOUND('',#3372,.F.);
#3372 = EDGE_LOOP('',(#3373,#3374,#3381,#3382));
#3373 = ORIENTED_EDGE('',*,*,#2861,.T.);
#3374 = ORIENTED_EDGE('',*,*,#3375,.T.);
#3375 = EDGE_CURVE('',#1969,#3216,#3376,.T.);
#3376 = CIRCLE('',#3377,1.);
#3377 = AXIS2_PLACEMENT_3D('',#3378,#3379,#3380);
#3378 = CARTESIAN_POINT('',(25.689816985384,172.94999992195,
    8.15336772702));
#3379 = DIRECTION('',(-0.256863987881,9.220885856661E-10,-0.966447562845
    ));
#3380 = DIRECTION('',(-0.966447562845,3.469347278756E-09,0.256863987881)
  );
#3381 = ORIENTED_EDGE('',*,*,#3230,.T.);
#3382 = ORIENTED_EDGE('',*,*,#3357,.F.);
#3383 = TOROIDAL_SURFACE('',#3384,3.88,1.);
#3384 = AXIS2_PLACEMENT_3D('',#3385,#3386,#3387);
#3385 = CARTESIAN_POINT('',(21.940000441545,172.94999993542,9.15));
#3386 = DIRECTION('',(-3.589793573511E-09,-1.,1.110223024625E-16));
#3387 = DIRECTION('',(1.,-3.589793573511E-09,3.985471478963E-25));
#3388 = ADVANCED_FACE('',(#3389),#3401,.F.);
#3389 = FACE_BOUND('',#3390,.F.);
#3390 = EDGE_LOOP('',(#3391,#3392,#3399,#3400));
#3391 = ORIENTED_EDGE('',*,*,#1977,.T.);
#3392 = ORIENTED_EDGE('',*,*,#3393,.T.);
#3393 = EDGE_CURVE('',#1978,#3172,#3394,.T.);
#3394 = CIRCLE('',#3395,1.);
#3395 = AXIS2_PLACEMENT_3D('',#3396,#3397,#3398);
#3396 = CARTESIAN_POINT('',(25.397105753727,172.48514249008,
    10.911483138989));
#3397 = DIRECTION('',(0.453990292093,-9.564250310287E-04,-0.891006116666
    ));
#3398 = DIRECTION('',(0.891006524188,-3.198526601685E-09,0.453990499739)
  );
#3399 = ORIENTED_EDGE('',*,*,#3215,.T.);
#3400 = ORIENTED_EDGE('',*,*,#3375,.F.);
#3401 = ( BOUNDED_SURFACE() B_SPLINE_SURFACE(3,2,(
    (#3402,#3403,#3404)
    ,(#3405,#3406,#3407)
    ,(#3408,#3409,#3410)
    ,(#3411,#3412,#3413)
    ,(#3414,#3415,#3416)
    ,(#3417,#3418,#3419)
    ,(#3420,#3421,#3422)
    ,(#3423,#3424,#3425)
    ,(#3426,#3427,#3428)
    ,(#3429,#3430,#3431
)),.UNSPECIFIED.,.F.,.F.,.F.) B_SPLINE_SURFACE_WITH_KNOTS((4,2,2,2,4),(3
    ,3),(1.405194171118E-03,2.124981423049E-03,2.84476867498E-03,
    3.564555926911E-03,4.284343178842E-03),(0.,1.),.UNSPECIFIED.) 
GEOMETRIC_REPRESENTATION_ITEM() RATIONAL_B_SPLINE_SURFACE((
    (1.,0.960406582127,1.)
    ,(1.,0.960532504489,1.)
    ,(1.,0.954678381851,1.)
    ,(1.,0.93245241817,1.)
    ,(1.,0.916216288443,1.)
    ,(1.,0.873483189079,1.)
    ,(1.,0.846701906922,1.)
    ,(1.,0.783969759495,1.)
    ,(1.,0.747759078639,1.)
,(1.,0.707106781187,1.))) REPRESENTATION_ITEM('') SURFACE() );
#3402 = CARTESIAN_POINT('',(24.506099229538,172.48514249327,
    10.45749263925));
#3403 = CARTESIAN_POINT('',(24.505973270309,172.19505483895,
    10.457739846112));
#3404 = CARTESIAN_POINT('',(24.644185286661,171.94999992571,
    10.528425433056));
#3405 = CARTESIAN_POINT('',(24.586019965825,172.48491566261,
    10.300639362604));
#3406 = CARTESIAN_POINT('',(24.596559331262,172.19497769648,
    10.279992042042));
#3407 = CARTESIAN_POINT('',(24.747945663332,171.94999992537,
    10.324478847783));
#3408 = CARTESIAN_POINT('',(24.65277085929,172.51649570156,
    10.132796920865));
#3409 = CARTESIAN_POINT('',(24.670704118437,172.20660666162,
    10.086464268273));
#3410 = CARTESIAN_POINT('',(24.850847214942,171.94999992516,
    10.114463649836));
#3411 = CARTESIAN_POINT('',(24.751794675035,172.60973518085,
    9.797167920357));
#3412 = CARTESIAN_POINT('',(24.773615164018,172.23126505,9.708415713102)
  );
#3413 = CARTESIAN_POINT('',(25.043151183441,171.94999992408,
    9.707047056712));
#3414 = CARTESIAN_POINT('',(24.785220633088,172.66895921332,
    9.628518545939));
#3415 = CARTESIAN_POINT('',(24.803994418072,172.2431310862,
    9.518500777801));
#3416 = CARTESIAN_POINT('',(25.133415480158,171.94999992402,
    9.508241756127));
#3417 = CARTESIAN_POINT('',(24.822024266341,172.78293987507,
    9.284894821113));
#3418 = CARTESIAN_POINT('',(24.82911391276,172.23966398508,
    9.150240950055));
#3419 = CARTESIAN_POINT('',(25.306732992205,171.94999992327,
    9.112283399715));
#3420 = CARTESIAN_POINT('',(24.82502505818,172.8384981573,9.108936036989
    ));
#3421 = CARTESIAN_POINT('',(24.821598853457,172.22242629611,
    8.967298517887));
#3422 = CARTESIAN_POINT('',(25.390111054897,171.94999992312,
    8.914144555161));
#3423 = CARTESIAN_POINT('',(24.798805096492,172.92132964879,
    8.759757467434));
#3424 = CARTESIAN_POINT('',(24.782328913187,172.13520053123,
    8.644031953592));
#3425 = CARTESIAN_POINT('',(25.546411969889,171.94999992237,
    8.528500769921));
#3426 = CARTESIAN_POINT('',(24.769750910186,172.9499999026,
    8.584741485878));
#3427 = CARTESIAN_POINT('',(24.747525572913,172.05942846263,
    8.501118794994));
#3428 = CARTESIAN_POINT('',(25.62020864855,171.9499999222,8.338968631171
    ));
#3429 = CARTESIAN_POINT('',(24.723369422539,172.94999992542,
    8.410231714902));
#3430 = CARTESIAN_POINT('',(24.723369418949,171.94999992542,
    8.410231714902));
#3431 = CARTESIAN_POINT('',(25.689816981795,171.94999992195,
    8.15336772702));
#3432 = ADVANCED_FACE('',(#3433),#3439,.F.);
#3433 = FACE_BOUND('',#3434,.F.);
#3434 = EDGE_LOOP('',(#3435,#3436,#3437,#3438));
#3435 = ORIENTED_EDGE('',*,*,#1986,.T.);
#3436 = ORIENTED_EDGE('',*,*,#3198,.T.);
#3437 = ORIENTED_EDGE('',*,*,#3171,.T.);
#3438 = ORIENTED_EDGE('',*,*,#3393,.F.);
#3439 = ( BOUNDED_SURFACE() B_SPLINE_SURFACE(3,2,(
    (#3440,#3441,#3442)
    ,(#3443,#3444,#3445)
    ,(#3446,#3447,#3448)
    ,(#3449,#3450,#3451)
    ,(#3452,#3453,#3454)
    ,(#3455,#3456,#3457
)),.UNSPECIFIED.,.F.,.F.,.F.) B_SPLINE_SURFACE_WITH_KNOTS((4,2,4),(3,3),
  (2.05270941954E-03,3.100985263232E-03,4.149261106923E-03),(0.,1.),
.UNSPECIFIED.) GEOMETRIC_REPRESENTATION_ITEM() RATIONAL_B_SPLINE_SURFACE
((
    (1.,0.960406582127,1.)
    ,(1.,0.960348202053,1.)
    ,(1.,0.962235987945,1.)
    ,(1.,0.969733120519,1.)
    ,(1.,0.975356333208,1.)
,(1.,0.982549185677,1.))) REPRESENTATION_ITEM('') SURFACE() );
#3440 = CARTESIAN_POINT('',(24.644185286661,171.94999992571,
    10.528425433056));
#3441 = CARTESIAN_POINT('',(24.505973270309,172.19505483895,
    10.457739846112));
#3442 = CARTESIAN_POINT('',(24.506099229538,172.48514249327,
    10.45749263925));
#3443 = CARTESIAN_POINT('',(24.490845692958,171.94999992627,
    10.829822628365));
#3444 = CARTESIAN_POINT('',(24.349883816949,172.19517612197,
    10.764082647076));
#3445 = CARTESIAN_POINT('',(24.346992133345,172.48547768539,
    10.769757897742));
#3446 = CARTESIAN_POINT('',(24.330800349636,171.94999992687,
    11.128044897012));
#3447 = CARTESIAN_POINT('',(24.194324386469,172.19136953193,
    11.069385219538));
#3448 = CARTESIAN_POINT('',(24.187787253687,172.47438526497,
    11.082215067008));
#3449 = CARTESIAN_POINT('',(23.999564881643,171.94999992799,
    11.714322596297));
#3450 = CARTESIAN_POINT('',(23.883187716221,172.17121582624,
    11.680025317078));
#3451 = CARTESIAN_POINT('',(23.870369863047,172.42203941159,
    11.70518177214));
#3452 = CARTESIAN_POINT('',(23.828096547822,171.94999992836,
    12.002752826423));
#3453 = CARTESIAN_POINT('',(23.728485814118,172.15667626607,
    11.983644895256));
#3454 = CARTESIAN_POINT('',(23.71174100086,172.38371847846,
    12.016508443275));
#3455 = CARTESIAN_POINT('',(23.654466868081,171.94999992926,
    12.281328566399));
#3456 = CARTESIAN_POINT('',(23.575226816659,172.12189621022,
    12.284432613492));
#3457 = CARTESIAN_POINT('',(23.556331820785,172.3065709081,
    12.321516132198));
#3458 = ADVANCED_FACE('',(#3459),#3471,.F.);
#3459 = FACE_BOUND('',#3460,.F.);
#3460 = EDGE_LOOP('',(#3461,#3462,#3469,#3470));
#3461 = ORIENTED_EDGE('',*,*,#2717,.T.);
#3462 = ORIENTED_EDGE('',*,*,#3463,.T.);
#3463 = EDGE_CURVE('',#2718,#2686,#3464,.T.);
#3464 = CIRCLE('',#3465,1.);
#3465 = AXIS2_PLACEMENT_3D('',#3466,#3467,#3468);
#3466 = CARTESIAN_POINT('',(-14.03999955845,172.95000006458,-5.27));
#3467 = DIRECTION('',(1.,-3.589793573511E-09,3.985471478963E-25));
#3468 = DIRECTION('',(3.589793573511E-09,1.,-1.110223024625E-16));
#3469 = ORIENTED_EDGE('',*,*,#2695,.T.);
#3470 = ORIENTED_EDGE('',*,*,#2308,.T.);
#3471 = CYLINDRICAL_SURFACE('',#3472,1.);
#3472 = AXIS2_PLACEMENT_3D('',#3473,#3474,#3475);
#3473 = CARTESIAN_POINT('',(35.450000441545,172.94999988692,-5.27));
#3474 = DIRECTION('',(1.,-3.589793573511E-09,3.985471478963E-25));
#3475 = DIRECTION('',(3.589793573511E-09,1.,-1.110223024625E-16));
#3476 = ADVANCED_FACE('',(#3477),#3489,.F.);
#3477 = FACE_BOUND('',#3478,.F.);
#3478 = EDGE_LOOP('',(#3479,#3480,#3487,#3488));
#3479 = ORIENTED_EDGE('',*,*,#2725,.T.);
#3480 = ORIENTED_EDGE('',*,*,#3481,.T.);
#3481 = EDGE_CURVE('',#2103,#3042,#3482,.T.);
#3482 = CIRCLE('',#3483,1.);
#3483 = AXIS2_PLACEMENT_3D('',#3484,#3485,#3486);
#3484 = CARTESIAN_POINT('',(-17.78981610229,172.95000007804,
    -8.15336772702));
#3485 = DIRECTION('',(0.256863987881,-9.220885856661E-10,0.966447562845)
  );
#3486 = DIRECTION('',(0.966447562845,-3.469347278756E-09,-0.256863987881
    ));
#3487 = ORIENTED_EDGE('',*,*,#3056,.T.);
#3488 = ORIENTED_EDGE('',*,*,#3463,.F.);
#3489 = TOROIDAL_SURFACE('',#3490,3.88,1.);
#3490 = AXIS2_PLACEMENT_3D('',#3491,#3492,#3493);
#3491 = CARTESIAN_POINT('',(-14.03999955845,172.95000006458,-9.15));
#3492 = DIRECTION('',(-3.589793573511E-09,-1.,1.110223024625E-16));
#3493 = DIRECTION('',(1.,-3.589793573511E-09,3.985471478963E-25));
#3494 = ADVANCED_FACE('',(#3495),#3507,.F.);
#3495 = FACE_BOUND('',#3496,.F.);
#3496 = EDGE_LOOP('',(#3497,#3498,#3505,#3506));
#3497 = ORIENTED_EDGE('',*,*,#2111,.T.);
#3498 = ORIENTED_EDGE('',*,*,#3499,.T.);
#3499 = EDGE_CURVE('',#2112,#2998,#3500,.T.);
#3500 = CIRCLE('',#3501,1.);
#3501 = AXIS2_PLACEMENT_3D('',#3502,#3503,#3504);
#3502 = CARTESIAN_POINT('',(-17.49710487397,172.48514264406,
    -10.91148313898));
#3503 = DIRECTION('',(-0.4539902921,-9.564217715657E-04,0.891006116666)
  );
#3504 = DIRECTION('',(-0.891006524188,3.198532400215E-09,-0.45399049974)
  );
#3505 = ORIENTED_EDGE('',*,*,#3041,.T.);
#3506 = ORIENTED_EDGE('',*,*,#3481,.F.);
#3507 = ( BOUNDED_SURFACE() B_SPLINE_SURFACE(3,2,(
    (#3508,#3509,#3510)
    ,(#3511,#3512,#3513)
    ,(#3514,#3515,#3516)
    ,(#3517,#3518,#3519)
    ,(#3520,#3521,#3522)
    ,(#3523,#3524,#3525)
    ,(#3526,#3527,#3528)
    ,(#3529,#3530,#3531)
    ,(#3532,#3533,#3534)
    ,(#3535,#3536,#3537
)),.UNSPECIFIED.,.F.,.F.,.F.) B_SPLINE_SURFACE_WITH_KNOTS((4,2,2,2,4),(3
    ,3),(1.405194171118E-03,2.124981423049E-03,2.84476867498E-03,
    3.564555926911E-03,4.284343178842E-03),(0.,1.),.UNSPECIFIED.) 
GEOMETRIC_REPRESENTATION_ITEM() RATIONAL_B_SPLINE_SURFACE((
    (1.,0.960406582127,1.)
    ,(1.,0.960532504489,1.)
    ,(1.,0.954678381851,1.)
    ,(1.,0.93245241817,1.)
    ,(1.,0.916216288443,1.)
    ,(1.,0.873483189079,1.)
    ,(1.,0.846701906922,1.)
    ,(1.,0.783969759495,1.)
    ,(1.,0.747759078639,1.)
,(1.,0.707106781187,1.))) REPRESENTATION_ITEM('') SURFACE() );
#3508 = CARTESIAN_POINT('',(-16.60609834978,172.48514264086,
    -10.45749263925));
#3509 = CARTESIAN_POINT('',(-16.60597239264,172.19505498653,
    -10.45773984611));
#3510 = CARTESIAN_POINT('',(-16.74418441075,171.95000007428,
    -10.52842543305));
#3511 = CARTESIAN_POINT('',(-16.68601908607,172.48491581077,
    -10.3006393626));
#3512 = CARTESIAN_POINT('',(-16.69655845359,172.19497784471,
    -10.27999204204));
#3513 = CARTESIAN_POINT('',(-16.84794478742,171.95000007469,
    -10.32447884778));
#3514 = CARTESIAN_POINT('',(-16.75276997931,172.5164958502,
    -10.13279692086));
#3515 = CARTESIAN_POINT('',(-16.77070324068,172.20660681039,
    -10.08646426827));
#3516 = CARTESIAN_POINT('',(-16.95084633903,171.95000007522,
    -10.11446364983));
#3517 = CARTESIAN_POINT('',(-16.85179379438,172.6097353302,
    -9.797167920357));
#3518 = CARTESIAN_POINT('',(-16.87361428608,172.2312651995,
    -9.708415713102));
#3519 = CARTESIAN_POINT('',(-17.14315030753,171.95000007552,
    -9.707047056712));
#3520 = CARTESIAN_POINT('',(-16.88521975201,172.66895936291,
    -9.628518545939));
#3521 = CARTESIAN_POINT('',(-16.90399354005,172.24313123592,
    -9.518500777801));
#3522 = CARTESIAN_POINT('',(-17.23341460424,171.9500000761,
    -9.508241756128));
#3523 = CARTESIAN_POINT('',(-16.92202338445,172.78294002492,
    -9.284894821113));
#3524 = CARTESIAN_POINT('',(-16.92911303477,172.23966413498,
    -9.150240950054));
#3525 = CARTESIAN_POINT('',(-17.40673211629,171.9500000766,
    -9.112283399714));
#3526 = CARTESIAN_POINT('',(-16.92502417589,172.83849830717,
    -9.108936036988));
#3527 = CARTESIAN_POINT('',(-16.92159797559,172.22242644596,
    -8.967298517887));
#3528 = CARTESIAN_POINT('',(-17.49011017898,171.95000007706,
    -8.914144555161));
#3529 = CARTESIAN_POINT('',(-16.8988042136,172.92132979848,
    -8.759757467435));
#3530 = CARTESIAN_POINT('',(-16.88232803594,172.1352006808,
    -8.644031953592));
#3531 = CARTESIAN_POINT('',(-17.64641109397,171.95000007743,
    -8.528500769921));
#3532 = CARTESIAN_POINT('',(-16.86975002709,172.95000005208,
    -8.584741485877));
#3533 = CARTESIAN_POINT('',(-16.84752469621,172.05942861195,
    -8.501118794993));
#3534 = CARTESIAN_POINT('',(-17.72020777263,171.95000007779,
    -8.338968631171));
#3535 = CARTESIAN_POINT('',(-16.82336853945,172.95000007457,
    -8.410231714902));
#3536 = CARTESIAN_POINT('',(-16.82336854304,171.95000007457,
    -8.410231714902));
#3537 = CARTESIAN_POINT('',(-17.78981610588,171.95000007804,
    -8.15336772702));
#3538 = ADVANCED_FACE('',(#3539),#3545,.F.);
#3539 = FACE_BOUND('',#3540,.F.);
#3540 = EDGE_LOOP('',(#3541,#3542,#3543,#3544));
#3541 = ORIENTED_EDGE('',*,*,#2120,.T.);
#3542 = ORIENTED_EDGE('',*,*,#3024,.T.);
#3543 = ORIENTED_EDGE('',*,*,#2997,.T.);
#3544 = ORIENTED_EDGE('',*,*,#3499,.F.);
#3545 = ( BOUNDED_SURFACE() B_SPLINE_SURFACE(3,2,(
    (#3546,#3547,#3548)
    ,(#3549,#3550,#3551)
    ,(#3552,#3553,#3554)
    ,(#3555,#3556,#3557)
    ,(#3558,#3559,#3560)
    ,(#3561,#3562,#3563
)),.UNSPECIFIED.,.F.,.F.,.F.) B_SPLINE_SURFACE_WITH_KNOTS((4,2,4),(3,3),
  (2.05270941954E-03,3.100985263232E-03,4.149261106923E-03),(0.,1.),
.UNSPECIFIED.) GEOMETRIC_REPRESENTATION_ITEM() RATIONAL_B_SPLINE_SURFACE
((
    (1.,0.960406582127,1.)
    ,(1.,0.960348202053,1.)
    ,(1.,0.962235987945,1.)
    ,(1.,0.969733120519,1.)
    ,(1.,0.975356333208,1.)
,(1.,0.982549185677,1.))) REPRESENTATION_ITEM('') SURFACE() );
#3546 = CARTESIAN_POINT('',(-16.74418441075,171.95000007428,
    -10.52842543305));
#3547 = CARTESIAN_POINT('',(-16.60597239264,172.19505498653,
    -10.45773984611));
#3548 = CARTESIAN_POINT('',(-16.60609834978,172.48514264086,
    -10.45749263925));
#3549 = CARTESIAN_POINT('',(-16.59084481704,171.95000007374,
    -10.82982262836));
#3550 = CARTESIAN_POINT('',(-16.44988293928,172.19517626843,
    -10.76408264707));
#3551 = CARTESIAN_POINT('',(-16.44699125359,172.48547783183,
    -10.76975789774));
#3552 = CARTESIAN_POINT('',(-16.43079947372,171.95000007319,
    -11.12804489701));
#3553 = CARTESIAN_POINT('',(-16.29432350882,172.19136967727,
    -11.06938521953));
#3554 = CARTESIAN_POINT('',(-16.28778637401,172.47438541027,
    -11.082215067));
#3555 = CARTESIAN_POINT('',(-16.09956400573,171.95000007194,
    -11.71432259629));
#3556 = CARTESIAN_POINT('',(-15.98318683872,172.17121596935,
    -11.68002531707));
#3557 = CARTESIAN_POINT('',(-15.97036898374,172.42203955461,
    -11.70518177214));
#3558 = CARTESIAN_POINT('',(-15.92809567191,171.95000007108,
    -12.00275282642));
#3559 = CARTESIAN_POINT('',(-15.82848493672,172.15667640808,
    -11.98364489525));
#3560 = CARTESIAN_POINT('',(-15.81174012183,172.38371862034,
    -12.01650844327));
#3561 = CARTESIAN_POINT('',(-15.75446599217,171.95000007073,
    -12.28132856639));
#3562 = CARTESIAN_POINT('',(-15.67522593951,172.12189635112,
    -12.28443261349));
#3563 = CARTESIAN_POINT('',(-15.65633094231,172.30657104887,
    -12.32151613219));
#3564 = ADVANCED_FACE('',(#3565),#3577,.F.);
#3565 = FACE_BOUND('',#3566,.F.);
#3566 = EDGE_LOOP('',(#3567,#3568,#3575,#3576));
#3567 = ORIENTED_EDGE('',*,*,#1356,.T.);
#3568 = ORIENTED_EDGE('',*,*,#3569,.T.);
#3569 = EDGE_CURVE('',#1357,#2734,#3570,.T.);
#3570 = CIRCLE('',#3571,1.);
#3571 = AXIS2_PLACEMENT_3D('',#3572,#3573,#3574);
#3572 = CARTESIAN_POINT('',(-14.03999955845,172.95000006458,5.27));
#3573 = DIRECTION('',(1.,-3.589793573511E-09,3.985471478963E-25));
#3574 = DIRECTION('',(3.589793573511E-09,1.,-1.110223024625E-16));
#3575 = ORIENTED_EDGE('',*,*,#2742,.T.);
#3576 = ORIENTED_EDGE('',*,*,#2284,.T.);
#3577 = CYLINDRICAL_SURFACE('',#3578,1.);
#3578 = AXIS2_PLACEMENT_3D('',#3579,#3580,#3581);
#3579 = CARTESIAN_POINT('',(35.450000441545,172.94999988692,5.27));
#3580 = DIRECTION('',(1.,-3.589793573511E-09,3.985471478963E-25));
#3581 = DIRECTION('',(3.589793573511E-09,1.,-1.110223024625E-16));
#3582 = ADVANCED_FACE('',(#3583),#3595,.F.);
#3583 = FACE_BOUND('',#3584,.F.);
#3584 = EDGE_LOOP('',(#3585,#3586,#3593,#3594));
#3585 = ORIENTED_EDGE('',*,*,#2903,.T.);
#3586 = ORIENTED_EDGE('',*,*,#3587,.T.);
#3587 = EDGE_CURVE('',#2904,#2094,#3588,.T.);
#3588 = CIRCLE('',#3589,1.);
#3589 = AXIS2_PLACEMENT_3D('',#3590,#3591,#3592);
#3590 = CARTESIAN_POINT('',(-17.78981610229,172.95000007804,
    8.15336772702));
#3591 = DIRECTION('',(0.256863987881,-9.220896914366E-10,-0.966447562845
    ));
#3592 = DIRECTION('',(-0.966447562845,3.469347221721E-09,-0.256863987881
    ));
#3593 = ORIENTED_EDGE('',*,*,#2733,.T.);
#3594 = ORIENTED_EDGE('',*,*,#3569,.F.);
#3595 = TOROIDAL_SURFACE('',#3596,3.88,1.);
#3596 = AXIS2_PLACEMENT_3D('',#3597,#3598,#3599);
#3597 = CARTESIAN_POINT('',(-14.03999955845,172.95000006458,9.15));
#3598 = DIRECTION('',(-3.589793573511E-09,-1.,1.110223024625E-16));
#3599 = DIRECTION('',(1.,-3.589793573511E-09,3.985471478963E-25));
#3600 = ADVANCED_FACE('',(#3601),#3613,.F.);
#3601 = FACE_BOUND('',#3602,.F.);
#3602 = EDGE_LOOP('',(#3603,#3604,#3611,#3612));
#3603 = ORIENTED_EDGE('',*,*,#2912,.T.);
#3604 = ORIENTED_EDGE('',*,*,#3605,.T.);
#3605 = EDGE_CURVE('',#2913,#2085,#3606,.T.);
#3606 = CIRCLE('',#3607,1.);
#3607 = AXIS2_PLACEMENT_3D('',#3608,#3609,#3610);
#3608 = CARTESIAN_POINT('',(-17.49710487397,172.48514264406,
    10.911483138989));
#3609 = DIRECTION('',(-0.4539902921,-9.564217715678E-04,-0.891006116666)
  );
#3610 = DIRECTION('',(0.891006524188,-3.198529029622E-09,-0.45399049974)
  );
#3611 = ORIENTED_EDGE('',*,*,#2093,.T.);
#3612 = ORIENTED_EDGE('',*,*,#3587,.F.);
#3613 = ( BOUNDED_SURFACE() B_SPLINE_SURFACE(3,2,(
    (#3614,#3615,#3616)
    ,(#3617,#3618,#3619)
    ,(#3620,#3621,#3622)
    ,(#3623,#3624,#3625)
    ,(#3626,#3627,#3628)
    ,(#3629,#3630,#3631)
    ,(#3632,#3633,#3634)
    ,(#3635,#3636,#3637)
    ,(#3638,#3639,#3640)
    ,(#3641,#3642,#3643
)),.UNSPECIFIED.,.F.,.F.,.F.) B_SPLINE_SURFACE_WITH_KNOTS((4,2,2,2,4),(3
    ,3),(1.405194171118E-03,2.124981423049E-03,2.84476867498E-03,
    3.564555926911E-03,4.284343178842E-03),(0.,1.),.UNSPECIFIED.) 
GEOMETRIC_REPRESENTATION_ITEM() RATIONAL_B_SPLINE_SURFACE((
    (1.,0.960406582127,1.)
    ,(1.,0.960532504488,1.)
    ,(1.,0.954678381851,1.)
    ,(1.,0.93245241817,1.)
    ,(1.,0.916216288443,1.)
    ,(1.,0.873483189079,1.)
    ,(1.,0.846701906922,1.)
    ,(1.,0.783969759495,1.)
    ,(1.,0.747759078639,1.)
,(1.,0.707106781187,1.))) REPRESENTATION_ITEM('') SURFACE() );
#3614 = CARTESIAN_POINT('',(-16.74418441075,171.95000007428,
    10.528425433056));
#3615 = CARTESIAN_POINT('',(-16.60597239264,172.19505498653,
    10.457739846112));
#3616 = CARTESIAN_POINT('',(-16.60609834978,172.48514264086,
    10.45749263925));
#3617 = CARTESIAN_POINT('',(-16.84794478742,171.95000007469,
    10.324478847783));
#3618 = CARTESIAN_POINT('',(-16.69655845359,172.19497784471,
    10.279992042042));
#3619 = CARTESIAN_POINT('',(-16.68601908607,172.48491581077,
    10.300639362604));
#3620 = CARTESIAN_POINT('',(-16.95084633903,171.95000007522,
    10.114463649837));
#3621 = CARTESIAN_POINT('',(-16.77070324068,172.20660681038,
    10.086464268273));
#3622 = CARTESIAN_POINT('',(-16.75276997931,172.5164958502,
    10.132796920865));
#3623 = CARTESIAN_POINT('',(-17.14315030753,171.95000007552,
    9.707047056712));
#3624 = CARTESIAN_POINT('',(-16.87361428608,172.2312651995,
    9.708415713102));
#3625 = CARTESIAN_POINT('',(-16.85179379438,172.6097353302,
    9.797167920357));
#3626 = CARTESIAN_POINT('',(-17.23341460424,171.9500000761,
    9.508241756127));
#3627 = CARTESIAN_POINT('',(-16.90399354005,172.24313123592,
    9.518500777801));
#3628 = CARTESIAN_POINT('',(-16.88521975201,172.66895936291,
    9.628518545939));
#3629 = CARTESIAN_POINT('',(-17.40673211629,171.9500000766,
    9.112283399715));
#3630 = CARTESIAN_POINT('',(-16.92911303477,172.23966413498,
    9.150240950055));
#3631 = CARTESIAN_POINT('',(-16.92202338445,172.78294002492,
    9.284894821113));
#3632 = CARTESIAN_POINT('',(-17.49011017898,171.95000007706,
    8.914144555161));
#3633 = CARTESIAN_POINT('',(-16.92159797559,172.22242644596,
    8.967298517887));
#3634 = CARTESIAN_POINT('',(-16.92502417589,172.83849830717,
    9.108936036988));
#3635 = CARTESIAN_POINT('',(-17.64641109397,171.95000007743,
    8.528500769921));
#3636 = CARTESIAN_POINT('',(-16.88232803594,172.1352006808,
    8.644031953592));
#3637 = CARTESIAN_POINT('',(-16.8988042136,172.92132979848,
    8.759757467435));
#3638 = CARTESIAN_POINT('',(-17.72020777263,171.95000007779,
    8.338968631171));
#3639 = CARTESIAN_POINT('',(-16.84752469621,172.05942861195,
    8.501118794993));
#3640 = CARTESIAN_POINT('',(-16.86975002709,172.95000005208,
    8.584741485877));
#3641 = CARTESIAN_POINT('',(-17.78981610588,171.95000007804,
    8.15336772702));
#3642 = CARTESIAN_POINT('',(-16.82336854304,171.95000007457,
    8.410231714902));
#3643 = CARTESIAN_POINT('',(-16.82336853945,172.95000007457,
    8.410231714902));
#3644 = ADVANCED_FACE('',(#3645),#3651,.F.);
#3645 = FACE_BOUND('',#3646,.F.);
#3646 = EDGE_LOOP('',(#3647,#3648,#3649,#3650));
#3647 = ORIENTED_EDGE('',*,*,#2084,.T.);
#3648 = ORIENTED_EDGE('',*,*,#3605,.F.);
#3649 = ORIENTED_EDGE('',*,*,#2946,.T.);
#3650 = ORIENTED_EDGE('',*,*,#2973,.T.);
#3651 = ( BOUNDED_SURFACE() B_SPLINE_SURFACE(3,2,(
    (#3652,#3653,#3654)
    ,(#3655,#3656,#3657)
    ,(#3658,#3659,#3660)
    ,(#3661,#3662,#3663)
    ,(#3664,#3665,#3666)
    ,(#3667,#3668,#3669
)),.UNSPECIFIED.,.F.,.F.,.F.) B_SPLINE_SURFACE_WITH_KNOTS((4,2,4),(3,3),
  (2.052709419541E-03,3.100985263232E-03,4.149261106923E-03),(0.,1.),
.UNSPECIFIED.) GEOMETRIC_REPRESENTATION_ITEM() RATIONAL_B_SPLINE_SURFACE
((
    (1.,0.960406582127,1.)
    ,(1.,0.960348202053,1.)
    ,(1.,0.962235987945,1.)
    ,(1.,0.96973312052,1.)
    ,(1.,0.975356333208,1.)
,(1.,0.982549185677,1.))) REPRESENTATION_ITEM('') SURFACE() );
#3652 = CARTESIAN_POINT('',(-16.60609834978,172.48514264086,
    10.45749263925));
#3653 = CARTESIAN_POINT('',(-16.60597239264,172.19505498653,
    10.457739846112));
#3654 = CARTESIAN_POINT('',(-16.74418441075,171.95000007428,
    10.528425433056));
#3655 = CARTESIAN_POINT('',(-16.44699125359,172.48547783184,
    10.769757897742));
#3656 = CARTESIAN_POINT('',(-16.44988293928,172.19517626844,
    10.764082647077));
#3657 = CARTESIAN_POINT('',(-16.59084481704,171.95000007374,
    10.829822628364));
#3658 = CARTESIAN_POINT('',(-16.28778637401,172.47438541027,
    11.082215067008));
#3659 = CARTESIAN_POINT('',(-16.29432350882,172.19136967728,
    11.069385219538));
#3660 = CARTESIAN_POINT('',(-16.43079947372,171.95000007319,
    11.128044897013));
#3661 = CARTESIAN_POINT('',(-15.97036898374,172.42203955461,
    11.70518177214));
#3662 = CARTESIAN_POINT('',(-15.98318683872,172.17121596935,
    11.680025317077));
#3663 = CARTESIAN_POINT('',(-16.09956400573,171.95000007194,
    11.714322596296));
#3664 = CARTESIAN_POINT('',(-15.81174012183,172.38371862034,
    12.016508443275));
#3665 = CARTESIAN_POINT('',(-15.82848493672,172.15667640807,
    11.983644895258));
#3666 = CARTESIAN_POINT('',(-15.92809567191,171.95000007108,
    12.002752826424));
#3667 = CARTESIAN_POINT('',(-15.65633094231,172.30657104887,
    12.321516132198));
#3668 = CARTESIAN_POINT('',(-15.67522593951,172.12189635112,
    12.284432613492));
#3669 = CARTESIAN_POINT('',(-15.75446599217,171.95000007073,
    12.281328566399));
#3670 = ADVANCED_FACE('',(#3671),#3698,.F.);
#3671 = FACE_BOUND('',#3672,.F.);
#3672 = EDGE_LOOP('',(#3673,#3674,#3682,#3691,#3697));
#3673 = ORIENTED_EDGE('',*,*,#659,.T.);
#3674 = ORIENTED_EDGE('',*,*,#3675,.F.);
#3675 = EDGE_CURVE('',#3676,#660,#3678,.T.);
#3676 = VERTEX_POINT('',#3677);
#3677 = CARTESIAN_POINT('',(-22.54999969127,135.95000009513,9.));
#3678 = LINE('',#3679,#3680);
#3679 = CARTESIAN_POINT('',(-22.54999969127,135.95000009513,9.));
#3680 = VECTOR('',#3681,1.);
#3681 = DIRECTION('',(-1.,3.589793573511E-09,-3.985471478963E-25));
#3682 = ORIENTED_EDGE('',*,*,#3683,.T.);
#3683 = EDGE_CURVE('',#3676,#3684,#3686,.T.);
#3684 = VERTEX_POINT('',#3685);
#3685 = CARTESIAN_POINT('',(-22.54999969127,135.95000009513,-9.));
#3686 = CIRCLE('',#3687,9.);
#3687 = AXIS2_PLACEMENT_3D('',#3688,#3689,#3690);
#3688 = CARTESIAN_POINT('',(-22.54999969127,135.95000009513,
    -1.282176221792E-14));
#3689 = DIRECTION('',(-1.,3.589793573511E-09,-3.985471478963E-25));
#3690 = DIRECTION('',(-3.589793573511E-09,-1.,1.110223024625E-16));
#3691 = ORIENTED_EDGE('',*,*,#3692,.T.);
#3692 = EDGE_CURVE('',#3684,#842,#3693,.T.);
#3693 = LINE('',#3694,#3695);
#3694 = CARTESIAN_POINT('',(-22.54999969127,135.95000009513,-9.));
#3695 = VECTOR('',#3696,1.);
#3696 = DIRECTION('',(-1.,3.589793573511E-09,-3.985471478963E-25));
#3697 = ORIENTED_EDGE('',*,*,#849,.T.);
#3698 = CYLINDRICAL_SURFACE('',#3699,9.);
#3699 = AXIS2_PLACEMENT_3D('',#3700,#3701,#3702);
#3700 = CARTESIAN_POINT('',(-22.54999969127,135.95000009513,
    -1.282176221792E-14));
#3701 = DIRECTION('',(-1.,3.589793573511E-09,-3.985471478963E-25));
#3702 = DIRECTION('',(-3.589793573511E-09,-1.,1.110223024625E-16));
#3703 = ADVANCED_FACE('',(#3704),#3717,.F.);
#3704 = FACE_BOUND('',#3705,.T.);
#3705 = EDGE_LOOP('',(#3706,#3707,#3713,#3714,#3715,#3716));
#3706 = ORIENTED_EDGE('',*,*,#3675,.F.);
#3707 = ORIENTED_EDGE('',*,*,#3708,.F.);
#3708 = EDGE_CURVE('',#975,#3676,#3709,.T.);
#3709 = LINE('',#3710,#3711);
#3710 = CARTESIAN_POINT('',(-22.54999974153,121.95000009513,9.));
#3711 = VECTOR('',#3712,1.);
#3712 = DIRECTION('',(3.589793573511E-09,1.,1.288651725008E-17));
#3713 = ORIENTED_EDGE('',*,*,#989,.F.);
#3714 = ORIENTED_EDGE('',*,*,#1712,.F.);
#3715 = ORIENTED_EDGE('',*,*,#1689,.F.);
#3716 = ORIENTED_EDGE('',*,*,#710,.F.);
#3717 = PLANE('',#3718);
#3718 = AXIS2_PLACEMENT_3D('',#3719,#3720,#3721);
#3719 = CARTESIAN_POINT('',(-22.54999974153,121.95000009513,9.));
#3720 = DIRECTION('',(-4.448070847057E-25,-1.288651725008E-17,1.));
#3721 = DIRECTION('',(3.589793573511E-09,1.,1.288651725008E-17));
#3722 = ADVANCED_FACE('',(#3723),#3736,.F.);
#3723 = FACE_BOUND('',#3724,.T.);
#3724 = EDGE_LOOP('',(#3725,#3731,#3732,#3733,#3734,#3735));
#3725 = ORIENTED_EDGE('',*,*,#3726,.F.);
#3726 = EDGE_CURVE('',#215,#1094,#3727,.T.);
#3727 = LINE('',#3728,#3729);
#3728 = CARTESIAN_POINT('',(-22.54999974153,121.95000009513,9.));
#3729 = VECTOR('',#3730,1.);
#3730 = DIRECTION('',(3.589793573511E-09,1.,1.288651725008E-17));
#3731 = ORIENTED_EDGE('',*,*,#273,.F.);
#3732 = ORIENTED_EDGE('',*,*,#1800,.F.);
#3733 = ORIENTED_EDGE('',*,*,#1777,.F.);
#3734 = ORIENTED_EDGE('',*,*,#1744,.F.);
#3735 = ORIENTED_EDGE('',*,*,#1093,.F.);
#3736 = PLANE('',#3737);
#3737 = AXIS2_PLACEMENT_3D('',#3738,#3739,#3740);
#3738 = CARTESIAN_POINT('',(-22.54999974153,121.95000009513,9.));
#3739 = DIRECTION('',(-4.448070847057E-25,-1.288651725008E-17,1.));
#3740 = DIRECTION('',(3.589793573511E-09,1.,1.288651725008E-17));
#3741 = ADVANCED_FACE('',(#3742),#3755,.F.);
#3742 = FACE_BOUND('',#3743,.T.);
#3743 = EDGE_LOOP('',(#3744,#3745,#3746,#3747,#3753,#3754));
#3744 = ORIENTED_EDGE('',*,*,#316,.F.);
#3745 = ORIENTED_EDGE('',*,*,#349,.F.);
#3746 = ORIENTED_EDGE('',*,*,#363,.F.);
#3747 = ORIENTED_EDGE('',*,*,#3748,.F.);
#3748 = EDGE_CURVE('',#3684,#364,#3749,.T.);
#3749 = LINE('',#3750,#3751);
#3750 = CARTESIAN_POINT('',(-22.54999969127,135.95000009513,-9.));
#3751 = VECTOR('',#3752,1.);
#3752 = DIRECTION('',(-3.589793573511E-09,-1.,2.349311221751E-16));
#3753 = ORIENTED_EDGE('',*,*,#3692,.T.);
#3754 = ORIENTED_EDGE('',*,*,#841,.F.);
#3755 = PLANE('',#3756);
#3756 = AXIS2_PLACEMENT_3D('',#3757,#3758,#3759);
#3757 = CARTESIAN_POINT('',(-22.54999969127,135.95000009513,-9.));
#3758 = DIRECTION('',(-4.448070847057E-25,-2.349311221751E-16,-1.));
#3759 = DIRECTION('',(-3.589793573511E-09,-1.,2.349311221751E-16));
#3760 = ADVANCED_FACE('',(#3761),#3774,.F.);
#3761 = FACE_BOUND('',#3762,.T.);
#3762 = EDGE_LOOP('',(#3763,#3764,#3765,#3766,#3767,#3773));
#3763 = ORIENTED_EDGE('',*,*,#531,.F.);
#3764 = ORIENTED_EDGE('',*,*,#564,.F.);
#3765 = ORIENTED_EDGE('',*,*,#587,.F.);
#3766 = ORIENTED_EDGE('',*,*,#137,.F.);
#3767 = ORIENTED_EDGE('',*,*,#3768,.F.);
#3768 = EDGE_CURVE('',#445,#130,#3769,.T.);
#3769 = LINE('',#3770,#3771);
#3770 = CARTESIAN_POINT('',(-22.54999969127,135.95000009513,-9.));
#3771 = VECTOR('',#3772,1.);
#3772 = DIRECTION('',(-3.589793573511E-09,-1.,2.349311221751E-16));
#3773 = ORIENTED_EDGE('',*,*,#461,.F.);
#3774 = PLANE('',#3775);
#3775 = AXIS2_PLACEMENT_3D('',#3776,#3777,#3778);
#3776 = CARTESIAN_POINT('',(-22.54999969127,135.95000009513,-9.));
#3777 = DIRECTION('',(-4.448070847057E-25,-2.349311221751E-16,-1.));
#3778 = DIRECTION('',(-3.589793573511E-09,-1.,2.349311221751E-16));
#3779 = ADVANCED_FACE('',(#3780),#3797,.T.);
#3780 = FACE_BOUND('',#3781,.T.);
#3781 = EDGE_LOOP('',(#3782,#3783,#3784,#3785,#3786,#3787,#3788,#3789,
    #3790,#3791,#3792,#3793,#3794,#3795,#3796));
#3782 = ORIENTED_EDGE('',*,*,#374,.T.);
#3783 = ORIENTED_EDGE('',*,*,#1283,.T.);
#3784 = ORIENTED_EDGE('',*,*,#444,.T.);
#3785 = ORIENTED_EDGE('',*,*,#3768,.T.);
#3786 = ORIENTED_EDGE('',*,*,#129,.T.);
#3787 = ORIENTED_EDGE('',*,*,#98,.T.);
#3788 = ORIENTED_EDGE('',*,*,#50,.T.);
#3789 = ORIENTED_EDGE('',*,*,#214,.T.);
#3790 = ORIENTED_EDGE('',*,*,#3726,.T.);
#3791 = ORIENTED_EDGE('',*,*,#1104,.T.);
#3792 = ORIENTED_EDGE('',*,*,#629,.T.);
#3793 = ORIENTED_EDGE('',*,*,#974,.T.);
#3794 = ORIENTED_EDGE('',*,*,#3708,.T.);
#3795 = ORIENTED_EDGE('',*,*,#3683,.T.);
#3796 = ORIENTED_EDGE('',*,*,#3748,.T.);
#3797 = PLANE('',#3798);
#3798 = AXIS2_PLACEMENT_3D('',#3799,#3800,#3801);
#3799 = CARTESIAN_POINT('',(-22.54999969127,135.95000009513,
    -1.282176221792E-14));
#3800 = DIRECTION('',(-1.,3.589793573511E-09,-3.985471478963E-25));
#3801 = DIRECTION('',(-3.589793573511E-09,-1.,1.110223024625E-16));
#3802 = ADVANCED_FACE('',(#3803),#3816,.F.);
#3803 = FACE_BOUND('',#3804,.T.);
#3804 = EDGE_LOOP('',(#3805,#3806,#3807,#3808,#3809,#3815));
#3805 = ORIENTED_EDGE('',*,*,#1737,.F.);
#3806 = ORIENTED_EDGE('',*,*,#1769,.F.);
#3807 = ORIENTED_EDGE('',*,*,#1793,.F.);
#3808 = ORIENTED_EDGE('',*,*,#256,.F.);
#3809 = ORIENTED_EDGE('',*,*,#3810,.F.);
#3810 = EDGE_CURVE('',#1063,#249,#3811,.T.);
#3811 = LINE('',#3812,#3813);
#3812 = CARTESIAN_POINT('',(23.950000258465,121.9499999282,20.));
#3813 = VECTOR('',#3814,1.);
#3814 = DIRECTION('',(-3.589793573511E-09,-1.,1.036208156317E-15));
#3815 = ORIENTED_EDGE('',*,*,#1073,.F.);
#3816 = PLANE('',#3817);
#3817 = AXIS2_PLACEMENT_3D('',#3818,#3819,#3820);
#3818 = CARTESIAN_POINT('',(23.950000312312,136.9499999282,28.));
#3819 = DIRECTION('',(-1.,3.589793573511E-09,-3.985471478963E-25));
#3820 = DIRECTION('',(-3.589793573511E-09,-1.,1.110223024625E-16));
#3821 = ADVANCED_FACE('',(#3822),#3830,.T.);
#3822 = FACE_BOUND('',#3823,.T.);
#3823 = EDGE_LOOP('',(#3824,#3825,#3826,#3827,#3828,#3829));
#3824 = ORIENTED_EDGE('',*,*,#1060,.T.);
#3825 = ORIENTED_EDGE('',*,*,#3810,.T.);
#3826 = ORIENTED_EDGE('',*,*,#248,.T.);
#3827 = ORIENTED_EDGE('',*,*,#1233,.T.);
#3828 = ORIENTED_EDGE('',*,*,#1210,.T.);
#3829 = ORIENTED_EDGE('',*,*,#1177,.T.);
#3830 = PLANE('',#3831);
#3831 = AXIS2_PLACEMENT_3D('',#3832,#3833,#3834);
#3832 = CARTESIAN_POINT('',(23.950000258465,121.9499999282,20.));
#3833 = DIRECTION('',(3.321226232469E-24,1.036208156317E-15,1.));
#3834 = DIRECTION('',(3.589793573511E-09,1.,-1.036208156317E-15));
#3835 = ADVANCED_FACE('',(#3836),#3854,.F.);
#3836 = FACE_BOUND('',#3837,.F.);
#3837 = EDGE_LOOP('',(#3838,#3846,#3853));
#3838 = ORIENTED_EDGE('',*,*,#3839,.F.);
#3839 = EDGE_CURVE('',#3840,#736,#3842,.T.);
#3840 = VERTEX_POINT('',#3841);
#3841 = CARTESIAN_POINT('',(23.950000312312,136.9499999282,20.));
#3842 = LINE('',#3843,#3844);
#3843 = CARTESIAN_POINT('',(23.950000312312,136.9499999282,20.));
#3844 = VECTOR('',#3845,1.);
#3845 = DIRECTION('',(1.,-3.589793573511E-09,3.985471478963E-25));
#3846 = ORIENTED_EDGE('',*,*,#3847,.F.);
#3847 = EDGE_CURVE('',#728,#3840,#3848,.T.);
#3848 = CIRCLE('',#3849,8.);
#3849 = AXIS2_PLACEMENT_3D('',#3850,#3851,#3852);
#3850 = CARTESIAN_POINT('',(23.950000312312,136.9499999282,28.));
#3851 = DIRECTION('',(-1.,3.589793573511E-09,-3.985471478963E-25));
#3852 = DIRECTION('',(-3.589793573511E-09,-1.,1.110223024625E-16));
#3853 = ORIENTED_EDGE('',*,*,#735,.F.);
#3854 = CYLINDRICAL_SURFACE('',#3855,8.);
#3855 = AXIS2_PLACEMENT_3D('',#3856,#3857,#3858);
#3856 = CARTESIAN_POINT('',(23.950000312312,136.9499999282,28.));
#3857 = DIRECTION('',(1.,-3.589793573511E-09,3.985471478963E-25));
#3858 = DIRECTION('',(3.589793573511E-09,1.,-1.110223024625E-16));
#3859 = ADVANCED_FACE('',(#3860),#3873,.T.);
#3860 = FACE_BOUND('',#3861,.T.);
#3861 = EDGE_LOOP('',(#3862,#3863,#3864,#3870,#3871,#3872));
#3862 = ORIENTED_EDGE('',*,*,#758,.T.);
#3863 = ORIENTED_EDGE('',*,*,#3839,.F.);
#3864 = ORIENTED_EDGE('',*,*,#3865,.T.);
#3865 = EDGE_CURVE('',#3840,#1010,#3866,.T.);
#3866 = LINE('',#3867,#3868);
#3867 = CARTESIAN_POINT('',(23.950000258465,121.9499999282,20.));
#3868 = VECTOR('',#3869,1.);
#3869 = DIRECTION('',(-3.589793573511E-09,-1.,1.036208156317E-15));
#3870 = ORIENTED_EDGE('',*,*,#1020,.T.);
#3871 = ORIENTED_EDGE('',*,*,#959,.T.);
#3872 = ORIENTED_EDGE('',*,*,#926,.T.);
#3873 = PLANE('',#3874);
#3874 = AXIS2_PLACEMENT_3D('',#3875,#3876,#3877);
#3875 = CARTESIAN_POINT('',(23.950000258465,121.9499999282,20.));
#3876 = DIRECTION('',(3.321226232469E-24,1.036208156317E-15,1.));
#3877 = DIRECTION('',(3.589793573511E-09,1.,-1.036208156317E-15));
#3878 = ADVANCED_FACE('',(#3879),#3887,.F.);
#3879 = FACE_BOUND('',#3880,.T.);
#3880 = EDGE_LOOP('',(#3881,#3882,#3883,#3884,#3885,#3886));
#3881 = ORIENTED_EDGE('',*,*,#1681,.F.);
#3882 = ORIENTED_EDGE('',*,*,#1705,.F.);
#3883 = ORIENTED_EDGE('',*,*,#1009,.F.);
#3884 = ORIENTED_EDGE('',*,*,#3865,.F.);
#3885 = ORIENTED_EDGE('',*,*,#3847,.F.);
#3886 = ORIENTED_EDGE('',*,*,#727,.F.);
#3887 = PLANE('',#3888);
#3888 = AXIS2_PLACEMENT_3D('',#3889,#3890,#3891);
#3889 = CARTESIAN_POINT('',(23.950000312312,136.9499999282,28.));
#3890 = DIRECTION('',(-1.,3.589793573511E-09,-3.985471478963E-25));
#3891 = DIRECTION('',(-3.589793573511E-09,-1.,1.110223024625E-16));
#3892 = ADVANCED_FACE('',(#3893),#3919,.F.);
#3893 = FACE_BOUND('',#3894,.F.);
#3894 = EDGE_LOOP('',(#3895,#3896,#3904,#3913));
#3895 = ORIENTED_EDGE('',*,*,#783,.T.);
#3896 = ORIENTED_EDGE('',*,*,#3897,.F.);
#3897 = EDGE_CURVE('',#3898,#784,#3900,.T.);
#3898 = VERTEX_POINT('',#3899);
#3899 = CARTESIAN_POINT('',(30.450000312312,136.94999990487,-8.));
#3900 = LINE('',#3901,#3902);
#3901 = CARTESIAN_POINT('',(30.450000312312,136.94999990487,-8.));
#3902 = VECTOR('',#3903,1.);
#3903 = DIRECTION('',(1.,-3.589793573511E-09,3.985471478963E-25));
#3904 = ORIENTED_EDGE('',*,*,#3905,.T.);
#3905 = EDGE_CURVE('',#3898,#3906,#3908,.T.);
#3906 = VERTEX_POINT('',#3907);
#3907 = CARTESIAN_POINT('',(30.450000312312,136.94999990487,8.));
#3908 = CIRCLE('',#3909,8.);
#3909 = AXIS2_PLACEMENT_3D('',#3910,#3911,#3912);
#3910 = CARTESIAN_POINT('',(30.450000312312,136.94999990487,
    -1.874985679521E-14));
#3911 = DIRECTION('',(1.,-3.589793573511E-09,3.985471478963E-25));
#3912 = DIRECTION('',(-3.589793573511E-09,-1.,1.110223024625E-16));
#3913 = ORIENTED_EDGE('',*,*,#3914,.T.);
#3914 = EDGE_CURVE('',#3906,#776,#3915,.T.);
#3915 = LINE('',#3916,#3917);
#3916 = CARTESIAN_POINT('',(30.450000312312,136.94999990487,8.));
#3917 = VECTOR('',#3918,1.);
#3918 = DIRECTION('',(1.,-3.589793573511E-09,3.985471478963E-25));
#3919 = CYLINDRICAL_SURFACE('',#3920,8.);
#3920 = AXIS2_PLACEMENT_3D('',#3921,#3922,#3923);
#3921 = CARTESIAN_POINT('',(30.450000312312,136.94999990487,
    -1.874985679521E-14));
#3922 = DIRECTION('',(1.,-3.589793573511E-09,3.985471478963E-25));
#3923 = DIRECTION('',(3.589793573511E-09,1.,-1.110223024625E-16));
#3924 = ADVANCED_FACE('',(#3925),#3938,.F.);
#3925 = FACE_BOUND('',#3926,.T.);
#3926 = EDGE_LOOP('',(#3927,#3928,#3934,#3935,#3936,#3937));
#3927 = ORIENTED_EDGE('',*,*,#3897,.F.);
#3928 = ORIENTED_EDGE('',*,*,#3929,.F.);
#3929 = EDGE_CURVE('',#399,#3898,#3930,.T.);
#3930 = LINE('',#3931,#3932);
#3931 = CARTESIAN_POINT('',(30.450000258465,121.94999990487,-8.));
#3932 = VECTOR('',#3933,1.);
#3933 = DIRECTION('',(3.589793573511E-09,1.,-1.110223024625E-16));
#3934 = ORIENTED_EDGE('',*,*,#411,.F.);
#3935 = ORIENTED_EDGE('',*,*,#332,.F.);
#3936 = ORIENTED_EDGE('',*,*,#298,.F.);
#3937 = ORIENTED_EDGE('',*,*,#834,.F.);
#3938 = PLANE('',#3939);
#3939 = AXIS2_PLACEMENT_3D('',#3940,#3941,#3942);
#3940 = CARTESIAN_POINT('',(30.450000258465,121.94999990487,-8.));
#3941 = DIRECTION('',(0.,-1.110223024625E-16,-1.));
#3942 = DIRECTION('',(-3.589793573511E-09,-1.,1.110223024625E-16));
#3943 = ADVANCED_FACE('',(#3944),#3957,.F.);
#3944 = FACE_BOUND('',#3945,.T.);
#3945 = EDGE_LOOP('',(#3946,#3952,#3953,#3954,#3955,#3956));
#3946 = ORIENTED_EDGE('',*,*,#3947,.F.);
#3947 = EDGE_CURVE('',#121,#482,#3948,.T.);
#3948 = LINE('',#3949,#3950);
#3949 = CARTESIAN_POINT('',(30.450000258465,121.94999990487,-8.));
#3950 = VECTOR('',#3951,1.);
#3951 = DIRECTION('',(3.589793573511E-09,1.,-1.110223024625E-16));
#3952 = ORIENTED_EDGE('',*,*,#154,.F.);
#3953 = ORIENTED_EDGE('',*,*,#580,.F.);
#3954 = ORIENTED_EDGE('',*,*,#546,.F.);
#3955 = ORIENTED_EDGE('',*,*,#514,.F.);
#3956 = ORIENTED_EDGE('',*,*,#481,.F.);
#3957 = PLANE('',#3958);
#3958 = AXIS2_PLACEMENT_3D('',#3959,#3960,#3961);
#3959 = CARTESIAN_POINT('',(30.450000258465,121.94999990487,-8.));
#3960 = DIRECTION('',(0.,-1.110223024625E-16,-1.));
#3961 = DIRECTION('',(-3.589793573511E-09,-1.,1.110223024625E-16));
#3962 = ADVANCED_FACE('',(#3963),#3976,.F.);
#3963 = FACE_BOUND('',#3964,.T.);
#3964 = EDGE_LOOP('',(#3965,#3966,#3967,#3968,#3974,#3975));
#3965 = ORIENTED_EDGE('',*,*,#918,.F.);
#3966 = ORIENTED_EDGE('',*,*,#952,.F.);
#3967 = ORIENTED_EDGE('',*,*,#1030,.F.);
#3968 = ORIENTED_EDGE('',*,*,#3969,.F.);
#3969 = EDGE_CURVE('',#3906,#1031,#3970,.T.);
#3970 = LINE('',#3971,#3972);
#3971 = CARTESIAN_POINT('',(30.450000312312,136.94999990487,8.));
#3972 = VECTOR('',#3973,1.);
#3973 = DIRECTION('',(-3.589793573511E-09,-1.,-1.202741610011E-16));
#3974 = ORIENTED_EDGE('',*,*,#3914,.T.);
#3975 = ORIENTED_EDGE('',*,*,#775,.F.);
#3976 = PLANE('',#3977);
#3977 = AXIS2_PLACEMENT_3D('',#3978,#3979,#3980);
#3978 = CARTESIAN_POINT('',(30.450000312312,136.94999990487,8.));
#3979 = DIRECTION('',(-8.303065581173E-25,-1.202741610011E-16,1.));
#3980 = DIRECTION('',(3.589793573511E-09,1.,1.202741610011E-16));
#3981 = ADVANCED_FACE('',(#3982),#3995,.F.);
#3982 = FACE_BOUND('',#3983,.T.);
#3983 = EDGE_LOOP('',(#3984,#3985,#3986,#3987,#3988,#3994));
#3984 = ORIENTED_EDGE('',*,*,#1170,.F.);
#3985 = ORIENTED_EDGE('',*,*,#1202,.F.);
#3986 = ORIENTED_EDGE('',*,*,#1226,.F.);
#3987 = ORIENTED_EDGE('',*,*,#231,.F.);
#3988 = ORIENTED_EDGE('',*,*,#3989,.F.);
#3989 = EDGE_CURVE('',#1119,#224,#3990,.T.);
#3990 = LINE('',#3991,#3992);
#3991 = CARTESIAN_POINT('',(30.450000312312,136.94999990487,8.));
#3992 = VECTOR('',#3993,1.);
#3993 = DIRECTION('',(-3.589793573511E-09,-1.,-1.202741610011E-16));
#3994 = ORIENTED_EDGE('',*,*,#1131,.F.);
#3995 = PLANE('',#3996);
#3996 = AXIS2_PLACEMENT_3D('',#3997,#3998,#3999);
#3997 = CARTESIAN_POINT('',(30.450000312312,136.94999990487,8.));
#3998 = DIRECTION('',(-8.303065581173E-25,-1.202741610011E-16,1.));
#3999 = DIRECTION('',(3.589793573511E-09,1.,1.202741610011E-16));
#4000 = ADVANCED_FACE('',(#4001),#4017,.F.);
#4001 = FACE_BOUND('',#4002,.T.);
#4002 = EDGE_LOOP('',(#4003,#4004,#4005,#4006,#4007,#4008,#4009,#4010,
    #4011,#4012,#4013,#4014,#4015,#4016));
#4003 = ORIENTED_EDGE('',*,*,#3947,.T.);
#4004 = ORIENTED_EDGE('',*,*,#494,.F.);
#4005 = ORIENTED_EDGE('',*,*,#1276,.F.);
#4006 = ORIENTED_EDGE('',*,*,#398,.F.);
#4007 = ORIENTED_EDGE('',*,*,#3929,.T.);
#4008 = ORIENTED_EDGE('',*,*,#3905,.T.);
#4009 = ORIENTED_EDGE('',*,*,#3969,.T.);
#4010 = ORIENTED_EDGE('',*,*,#1041,.F.);
#4011 = ORIENTED_EDGE('',*,*,#612,.F.);
#4012 = ORIENTED_EDGE('',*,*,#1118,.F.);
#4013 = ORIENTED_EDGE('',*,*,#3989,.T.);
#4014 = ORIENTED_EDGE('',*,*,#223,.F.);
#4015 = ORIENTED_EDGE('',*,*,#74,.T.);
#4016 = ORIENTED_EDGE('',*,*,#120,.F.);
#4017 = PLANE('',#4018);
#4018 = AXIS2_PLACEMENT_3D('',#4019,#4020,#4021);
#4019 = CARTESIAN_POINT('',(30.450000312312,136.94999990487,
    -1.874985679521E-14));
#4020 = DIRECTION('',(-1.,3.589793573511E-09,-3.985471478963E-25));
#4021 = DIRECTION('',(-3.589793573511E-09,-1.,1.110223024625E-16));
#4022 = ADVANCED_FACE('',(#4023),#4049,.F.);
#4023 = FACE_BOUND('',#4024,.F.);
#4024 = EDGE_LOOP('',(#4025,#4034,#4041,#4048));
#4025 = ORIENTED_EDGE('',*,*,#4026,.F.);
#4026 = EDGE_CURVE('',#4027,#4027,#4029,.T.);
#4027 = VERTEX_POINT('',#4028);
#4028 = CARTESIAN_POINT('',(3.950000175175,98.748006181325,15.25));
#4029 = CIRCLE('',#4030,15.25);
#4030 = AXIS2_PLACEMENT_3D('',#4031,#4032,#4033);
#4031 = CARTESIAN_POINT('',(3.950000175175,98.748006181325,
    -1.724754067277E-14));
#4032 = DIRECTION('',(-3.589793573511E-09,-1.,2.287124283032E-16));
#4033 = DIRECTION('',(4.224832574085E-25,2.287124283032E-16,1.));
#4034 = ORIENTED_EDGE('',*,*,#4035,.F.);
#4035 = EDGE_CURVE('',#4036,#4027,#4038,.T.);
#4036 = VERTEX_POINT('',#4037);
#4037 = CARTESIAN_POINT('',(3.950000190259,102.95,15.25));
#4038 = B_SPLINE_CURVE_WITH_KNOTS('',1,(#4039,#4040),.UNSPECIFIED.,.F.,
  .F.,(2,2),(-53.48883191011,-49.28683809143),.PIECEWISE_BEZIER_KNOTS.);
#4039 = CARTESIAN_POINT('',(3.950000190259,102.95,15.25));
#4040 = CARTESIAN_POINT('',(3.950000175175,98.748006181325,15.25));
#4041 = ORIENTED_EDGE('',*,*,#4042,.T.);
#4042 = EDGE_CURVE('',#4036,#4036,#4043,.T.);
#4043 = CIRCLE('',#4044,15.25);
#4044 = AXIS2_PLACEMENT_3D('',#4045,#4046,#4047);
#4045 = CARTESIAN_POINT('',(3.950000190259,102.95,-1.820858888275E-14));
#4046 = DIRECTION('',(-3.589793573511E-09,-1.,2.287124283032E-16));
#4047 = DIRECTION('',(4.224832574085E-25,2.287124283032E-16,1.));
#4048 = ORIENTED_EDGE('',*,*,#4035,.T.);
#4049 = CYLINDRICAL_SURFACE('',#4050,15.25);
#4050 = AXIS2_PLACEMENT_3D('',#4051,#4052,#4053);
#4051 = CARTESIAN_POINT('',(3.949999998245,49.46116808989,
    -5.975028249488E-15));
#4052 = DIRECTION('',(-3.589793573511E-09,-1.,2.287124283032E-16));
#4053 = DIRECTION('',(4.224832574085E-25,2.287124283032E-16,1.));
#4054 = ADVANCED_FACE('',(#4055),#4066,.F.);
#4055 = FACE_BOUND('',#4056,.F.);
#4056 = EDGE_LOOP('',(#4057,#4058,#4063,#4064,#4065));
#4057 = ORIENTED_EDGE('',*,*,#168,.F.);
#4058 = ORIENTED_EDGE('',*,*,#4059,.F.);
#4059 = EDGE_CURVE('',#4027,#169,#4060,.T.);
#4060 = B_SPLINE_CURVE_WITH_KNOTS('',1,(#4061,#4062),.UNSPECIFIED.,.F.,
  .F.,(2,2),(2.47221089751E-16,33.695515169148),
  .PIECEWISE_BEZIER_KNOTS.);
#4061 = CARTESIAN_POINT('',(3.950000175175,98.748006181325,15.25));
#4062 = CARTESIAN_POINT('',(3.950000055392,65.38041344952,
    19.939509334537));
#4063 = ORIENTED_EDGE('',*,*,#4026,.T.);
#4064 = ORIENTED_EDGE('',*,*,#4059,.T.);
#4065 = ORIENTED_EDGE('',*,*,#199,.F.);
#4066 = CONICAL_SURFACE('',#4067,15.25,0.13962634016);
#4067 = AXIS2_PLACEMENT_3D('',#4068,#4069,#4070);
#4068 = CARTESIAN_POINT('',(3.950000175175,98.748006181325,
    -1.724754067277E-14));
#4069 = DIRECTION('',(-3.589793573511E-09,-1.,2.287124283032E-16));
#4070 = DIRECTION('',(4.224832574085E-25,2.287124283032E-16,1.));
#4071 = ADVANCED_FACE('',(#4072,#4075),#4086,.T.);
#4072 = FACE_BOUND('',#4073,.T.);
#4073 = EDGE_LOOP('',(#4074));
#4074 = ORIENTED_EDGE('',*,*,#191,.T.);
#4075 = FACE_BOUND('',#4076,.T.);
#4076 = EDGE_LOOP('',(#4077));
#4077 = ORIENTED_EDGE('',*,*,#4078,.T.);
#4078 = EDGE_CURVE('',#4079,#4079,#4081,.T.);
#4079 = VERTEX_POINT('',#4080);
#4080 = CARTESIAN_POINT('',(3.950000053847,64.95,23.391710445918));
#4081 = CIRCLE('',#4082,23.391710445918);
#4082 = AXIS2_PLACEMENT_3D('',#4083,#4084,#4085);
#4083 = CARTESIAN_POINT('',(3.950000053847,64.95,-9.51751660723E-15));
#4084 = DIRECTION('',(-3.589793573511E-09,-1.,2.287124283032E-16));
#4085 = DIRECTION('',(4.224832574085E-25,2.287124283032E-16,1.));
#4086 = PLANE('',#4087);
#4087 = AXIS2_PLACEMENT_3D('',#4088,#4089,#4090);
#4088 = CARTESIAN_POINT('',(3.950000053847,64.95,20.));
#4089 = DIRECTION('',(-3.589793573511E-09,-1.,2.287124283032E-16));
#4090 = DIRECTION('',(4.224832574085E-25,2.287124283032E-16,1.));
#4091 = ADVANCED_FACE('',(#4092),#4110,.T.);
#4092 = FACE_BOUND('',#4093,.T.);
#4093 = EDGE_LOOP('',(#4094,#4103,#4108,#4109));
#4094 = ORIENTED_EDGE('',*,*,#4095,.T.);
#4095 = EDGE_CURVE('',#4096,#4096,#4098,.T.);
#4096 = VERTEX_POINT('',#4097);
#4097 = CARTESIAN_POINT('',(3.95000005962,66.558289554082,25.));
#4098 = CIRCLE('',#4099,25.);
#4099 = AXIS2_PLACEMENT_3D('',#4100,#4101,#4102);
#4100 = CARTESIAN_POINT('',(3.95000005962,66.558289554082,
    -9.885352416558E-15));
#4101 = DIRECTION('',(-3.589793573511E-09,-1.,2.287124283032E-16));
#4102 = DIRECTION('',(4.224832574085E-25,2.287124283032E-16,1.));
#4103 = ORIENTED_EDGE('',*,*,#4104,.F.);
#4104 = EDGE_CURVE('',#4079,#4096,#4105,.T.);
#4105 = B_SPLINE_CURVE_WITH_KNOTS('',1,(#4106,#4107),.UNSPECIFIED.,.F.,
  .F.,(2,2),(-2.512147933894E-15,2.274464899606),
  .PIECEWISE_BEZIER_KNOTS.);
#4106 = CARTESIAN_POINT('',(3.950000053847,64.95,23.391710445918));
#4107 = CARTESIAN_POINT('',(3.95000005962,66.558289554082,25.));
#4108 = ORIENTED_EDGE('',*,*,#4078,.F.);
#4109 = ORIENTED_EDGE('',*,*,#4104,.T.);
#4110 = CONICAL_SURFACE('',#4111,23.391710445918,0.785398163397);
#4111 = AXIS2_PLACEMENT_3D('',#4112,#4113,#4114);
#4112 = CARTESIAN_POINT('',(3.950000053847,64.95,-9.51751660723E-15));
#4113 = DIRECTION('',(3.589793573511E-09,1.,-2.287124283032E-16));
#4114 = DIRECTION('',(-4.224832574085E-25,-2.287124283032E-16,-1.));
#4115 = ADVANCED_FACE('',(#4116),#4134,.T.);
#4116 = FACE_BOUND('',#4117,.T.);
#4117 = EDGE_LOOP('',(#4118,#4127,#4132,#4133));
#4118 = ORIENTED_EDGE('',*,*,#4119,.T.);
#4119 = EDGE_CURVE('',#4120,#4120,#4122,.T.);
#4120 = VERTEX_POINT('',#4121);
#4121 = CARTESIAN_POINT('',(3.950000129733,86.089428900508,25.));
#4122 = CIRCLE('',#4123,25.);
#4123 = AXIS2_PLACEMENT_3D('',#4124,#4125,#4126);
#4124 = CARTESIAN_POINT('',(3.950000129733,86.089428900508,
    -1.435236672401E-14));
#4125 = DIRECTION('',(-3.589793573511E-09,-1.,2.287124283032E-16));
#4126 = DIRECTION('',(4.224832574085E-25,2.287124283032E-16,1.));
#4127 = ORIENTED_EDGE('',*,*,#4128,.T.);
#4128 = EDGE_CURVE('',#4120,#4096,#4129,.T.);
#4129 = B_SPLINE_CURVE_WITH_KNOTS('',1,(#4130,#4131),.UNSPECIFIED.,.F.,
  .F.,(2,2),(-36.62826081062,-17.09712146419),.PIECEWISE_BEZIER_KNOTS.);
#4130 = CARTESIAN_POINT('',(3.950000129733,86.089428900508,25.));
#4131 = CARTESIAN_POINT('',(3.95000005962,66.558289554082,25.));
#4132 = ORIENTED_EDGE('',*,*,#4095,.F.);
#4133 = ORIENTED_EDGE('',*,*,#4128,.F.);
#4134 = CYLINDRICAL_SURFACE('',#4135,25.);
#4135 = AXIS2_PLACEMENT_3D('',#4136,#4137,#4138);
#4136 = CARTESIAN_POINT('',(3.949999998245,49.46116808989,
    -5.975028249488E-15));
#4137 = DIRECTION('',(-3.589793573511E-09,-1.,2.287124283032E-16));
#4138 = DIRECTION('',(4.224832574085E-25,2.287124283032E-16,1.));
#4139 = ADVANCED_FACE('',(#4140),#4161,.F.);
#4140 = FACE_BOUND('',#4141,.F.);
#4141 = EDGE_LOOP('',(#4142,#4151,#4159,#4160));
#4142 = ORIENTED_EDGE('',*,*,#4143,.F.);
#4143 = EDGE_CURVE('',#4144,#4144,#4146,.T.);
#4144 = VERTEX_POINT('',#4145);
#4145 = CARTESIAN_POINT('',(3.950000193849,103.95,26.));
#4146 = CIRCLE('',#4147,26.);
#4147 = AXIS2_PLACEMENT_3D('',#4148,#4149,#4150);
#4148 = CARTESIAN_POINT('',(3.950000193849,103.95,-1.843730131105E-14));
#4149 = DIRECTION('',(-3.589793573511E-09,-1.,2.287124283032E-16));
#4150 = DIRECTION('',(4.224832574085E-25,2.287124283032E-16,1.));
#4151 = ORIENTED_EDGE('',*,*,#4152,.F.);
#4152 = EDGE_CURVE('',#4120,#4144,#4153,.T.);
#4153 = B_SPLINE_CURVE_WITH_KNOTS('',4,(#4154,#4155,#4156,#4157,#4158),
  .UNSPECIFIED.,.F.,.F.,(5,5),(3.14159265359,3.253454365442),
  .PIECEWISE_BEZIER_KNOTS.);
#4154 = CARTESIAN_POINT('',(3.950000129733,86.089428900508,25.));
#4155 = CARTESIAN_POINT('',(3.950000145796,90.56389737458,25.));
#4156 = CARTESIAN_POINT('',(3.950000161858,95.038367792195,
    25.166840660015));
#4157 = CARTESIAN_POINT('',(3.950000177887,99.503496953891,
    25.50052148554));
#4158 = CARTESIAN_POINT('',(3.950000193849,103.95,26.));
#4159 = ORIENTED_EDGE('',*,*,#4119,.T.);
#4160 = ORIENTED_EDGE('',*,*,#4152,.T.);
#4161 = TOROIDAL_SURFACE('',#4162,185.,160.);
#4162 = AXIS2_PLACEMENT_3D('',#4163,#4164,#4165);
#4163 = CARTESIAN_POINT('',(3.950000129733,86.089428900508,
    -1.004158209988E-14));
#4164 = DIRECTION('',(-3.589793573511E-09,-1.,2.287124283032E-16));
#4165 = DIRECTION('',(4.224832574085E-25,2.287124283032E-16,1.));
#4166 = ADVANCED_FACE('',(#4167),#4178,.T.);
#4167 = FACE_BOUND('',#4168,.T.);
#4168 = EDGE_LOOP('',(#4169,#4170,#4175,#4176,#4177));
#4169 = ORIENTED_EDGE('',*,*,#21,.T.);
#4170 = ORIENTED_EDGE('',*,*,#4171,.T.);
#4171 = EDGE_CURVE('',#24,#4144,#4172,.T.);
#4172 = B_SPLINE_CURVE_WITH_KNOTS('',1,(#4173,#4174),.UNSPECIFIED.,.F.,
  .F.,(2,2),(-73.48883191011,-54.48883191011),.PIECEWISE_BEZIER_KNOTS.);
#4173 = CARTESIAN_POINT('',(3.950000262055,122.95,26.));
#4174 = CARTESIAN_POINT('',(3.950000193849,103.95,26.));
#4175 = ORIENTED_EDGE('',*,*,#4143,.F.);
#4176 = ORIENTED_EDGE('',*,*,#4171,.F.);
#4177 = ORIENTED_EDGE('',*,*,#32,.T.);
#4178 = CYLINDRICAL_SURFACE('',#4179,26.);
#4179 = AXIS2_PLACEMENT_3D('',#4180,#4181,#4182);
#4180 = CARTESIAN_POINT('',(3.949999998245,49.46116808989,
    -5.975028249488E-15));
#4181 = DIRECTION('',(-3.589793573511E-09,-1.,2.287124283032E-16));
#4182 = DIRECTION('',(4.224832574085E-25,2.287124283032E-16,1.));
#4183 = ADVANCED_FACE('',(#4184),#4202,.F.);
#4184 = FACE_BOUND('',#4185,.F.);
#4185 = EDGE_LOOP('',(#4186,#4195,#4200,#4201));
#4186 = ORIENTED_EDGE('',*,*,#4187,.F.);
#4187 = EDGE_CURVE('',#4188,#4188,#4190,.T.);
#4188 = VERTEX_POINT('',#4189);
#4189 = CARTESIAN_POINT('',(3.95000020943,108.29048999,6.));
#4190 = CIRCLE('',#4191,6.);
#4191 = AXIS2_PLACEMENT_3D('',#4192,#4193,#4194);
#4192 = CARTESIAN_POINT('',(3.95000020943,108.29048999,
    -1.943002531669E-14));
#4193 = DIRECTION('',(-3.589793573511E-09,-1.,2.287124283032E-16));
#4194 = DIRECTION('',(4.224832574085E-25,2.287124283032E-16,1.));
#4195 = ORIENTED_EDGE('',*,*,#4196,.F.);
#4196 = EDGE_CURVE('',#1248,#4188,#4197,.T.);
#4197 = B_SPLINE_CURVE_WITH_KNOTS('',1,(#4198,#4199),.UNSPECIFIED.,.F.,
  .F.,(2,2),(-74.48883191011,-58.82932190011),.PIECEWISE_BEZIER_KNOTS.);
#4198 = CARTESIAN_POINT('',(3.950000265645,123.95,6.));
#4199 = CARTESIAN_POINT('',(3.95000020943,108.29048999,6.));
#4200 = ORIENTED_EDGE('',*,*,#1247,.T.);
#4201 = ORIENTED_EDGE('',*,*,#4196,.T.);
#4202 = CYLINDRICAL_SURFACE('',#4203,6.);
#4203 = AXIS2_PLACEMENT_3D('',#4204,#4205,#4206);
#4204 = CARTESIAN_POINT('',(3.949999998245,49.46116808989,
    -5.975028249488E-15));
#4205 = DIRECTION('',(-3.589793573511E-09,-1.,2.287124283032E-16));
#4206 = DIRECTION('',(4.224832574085E-25,2.287124283032E-16,1.));
#4207 = ADVANCED_FACE('',(#4208),#4218,.F.);
#4208 = FACE_BOUND('',#4209,.F.);
#4209 = EDGE_LOOP('',(#4210,#4211,#4216,#4217));
#4210 = ORIENTED_EDGE('',*,*,#4042,.F.);
#4211 = ORIENTED_EDGE('',*,*,#4212,.F.);
#4212 = EDGE_CURVE('',#4188,#4036,#4213,.T.);
#4213 = B_SPLINE_CURVE_WITH_KNOTS('',1,(#4214,#4215),.UNSPECIFIED.,.F.,
  .F.,(2,2),(-7.691850745534E-16,10.680979980008),
  .PIECEWISE_BEZIER_KNOTS.);
#4214 = CARTESIAN_POINT('',(3.95000020943,108.29048999,6.));
#4215 = CARTESIAN_POINT('',(3.950000190259,102.95,15.25));
#4216 = ORIENTED_EDGE('',*,*,#4187,.T.);
#4217 = ORIENTED_EDGE('',*,*,#4212,.T.);
#4218 = CONICAL_SURFACE('',#4219,6.,1.047197551197);
#4219 = AXIS2_PLACEMENT_3D('',#4220,#4221,#4222);
#4220 = CARTESIAN_POINT('',(3.95000020943,108.29048999,
    -1.943002531669E-14));
#4221 = DIRECTION('',(-3.589793573511E-09,-1.,2.287124283032E-16));
#4222 = DIRECTION('',(4.224832574085E-25,2.287124283032E-16,1.));
#4223 = MANIFOLD_SOLID_BREP('',#4224);
#4224 = CLOSED_SHELL('',(#4225,#4489,#4525,#4569,#4939,#4965,#4991,#5015
    ,#5041,#5077,#5097,#5116,#5145,#5165,#5189,#5213,#5237,#5261,#5288,
    #5312,#5341,#5361,#5385,#5405,#5429,#5449,#5473,#5489,#5521,#5539,
    #5556,#5569,#5601,#5619,#5636,#5649,#5681,#5699,#5716,#5729,#5761,
    #5779,#5796,#5809,#5841,#5859,#5876,#5889,#5921,#5939,#5956));
#4225 = ADVANCED_FACE('',(#4226),#4484,.T.);
#4226 = FACE_BOUND('',#4227,.T.);
#4227 = EDGE_LOOP('',(#4228,#4237,#4244,#4253,#4262,#4271,#4280,#4289,
    #4301,#4312,#4324,#4333,#4342,#4351,#4360,#4369,#4378,#4387,#4396,
    #4405,#4417,#4428,#4440,#4449,#4458,#4467,#4476,#4483));
#4228 = ORIENTED_EDGE('',*,*,#4229,.T.);
#4229 = EDGE_CURVE('',#4230,#4230,#4232,.T.);
#4230 = VERTEX_POINT('',#4231);
#4231 = CARTESIAN_POINT('',(-20.23564064561,50.057179763794,
    -6.04119883782E-15));
#4232 = CIRCLE('',#4233,24.185640646003);
#4233 = AXIS2_PLACEMENT_3D('',#4234,#4235,#4236);
#4234 = CARTESIAN_POINT('',(3.950000000385,50.057179676972,
    -6.04119882818E-15));
#4235 = DIRECTION('',(3.589793573511E-09,1.,-1.110223024625E-16));
#4236 = DIRECTION('',(-1.,3.589793573511E-09,-3.985471478963E-25));
#4237 = ORIENTED_EDGE('',*,*,#4238,.T.);
#4238 = EDGE_CURVE('',#4230,#4239,#4241,.T.);
#4239 = VERTEX_POINT('',#4240);
#4240 = CARTESIAN_POINT('',(-27.44999998466,54.222392104753,
    -1.41944122008E-14));
#4241 = B_SPLINE_CURVE_WITH_KNOTS('',1,(#4242,#4243),.UNSPECIFIED.,.F.,
  .F.,(2,2),(0.,8.330424630122),.PIECEWISE_BEZIER_KNOTS.);
#4242 = CARTESIAN_POINT('',(-20.23564064561,50.057179763794,
    -6.04119883782E-15));
#4243 = CARTESIAN_POINT('',(-27.44999998466,54.222392104753,
    -6.503630302158E-15));
#4244 = ORIENTED_EDGE('',*,*,#4245,.F.);
#4245 = EDGE_CURVE('',#4246,#4239,#4248,.T.);
#4246 = VERTEX_POINT('',#4247);
#4247 = CARTESIAN_POINT('',(-24.40687180713,54.222392093829,
    -13.48509623413));
#4248 = CIRCLE('',#4249,31.4);
#4249 = AXIS2_PLACEMENT_3D('',#4250,#4251,#4252);
#4250 = CARTESIAN_POINT('',(3.950000015337,54.222391992033,
    -6.503630289644E-15));
#4251 = DIRECTION('',(3.589793573511E-09,1.,-1.110223024625E-16));
#4252 = DIRECTION('',(-1.,3.589793573511E-09,-3.985471478963E-25));
#4253 = ORIENTED_EDGE('',*,*,#4254,.F.);
#4254 = EDGE_CURVE('',#4255,#4246,#4257,.T.);
#4255 = VERTEX_POINT('',#4256);
#4256 = CARTESIAN_POINT('',(-21.9817239983,52.611260941645,
    -12.08493649053));
#4257 = B_SPLINE_CURVE_WITH_KNOTS('',3,(#4258,#4259,#4260,#4261),
  .UNSPECIFIED.,.F.,.F.,(4,4),(2.664120094728E-07,3.230983482848E-03),
  .PIECEWISE_BEZIER_KNOTS.);
#4258 = CARTESIAN_POINT('',(-21.9817239983,52.611260941645,
    -12.08493649053));
#4259 = CARTESIAN_POINT('',(-22.79017529132,53.148166774926,
    -12.5516960633));
#4260 = CARTESIAN_POINT('',(-23.59855179487,53.68522277687,
    -13.01841245634));
#4261 = CARTESIAN_POINT('',(-24.40687180713,54.222392093829,
    -13.48509623413));
#4262 = ORIENTED_EDGE('',*,*,#4263,.F.);
#4263 = EDGE_CURVE('',#4264,#4255,#4266,.T.);
#4264 = VERTEX_POINT('',#4265);
#4265 = CARTESIAN_POINT('',(-19.4817239983,52.611260932671,
    -16.41506350946));
#4266 = B_SPLINE_CURVE_WITH_KNOTS('',3,(#4267,#4268,#4269,#4270),
  .UNSPECIFIED.,.F.,.F.,(4,4),(2.309401076749E-07,5.000230940108E-03),
  .PIECEWISE_BEZIER_KNOTS.);
#4267 = CARTESIAN_POINT('',(-19.4817239983,52.611260932671,
    -16.41506350946));
#4268 = CARTESIAN_POINT('',(-20.31505733193,52.527175885219,
    -14.97168783648));
#4269 = CARTESIAN_POINT('',(-21.14839066527,52.52717588821,
    -13.52831216351));
#4270 = CARTESIAN_POINT('',(-21.9817239983,52.611260941645,
    -12.08493649053));
#4271 = ORIENTED_EDGE('',*,*,#4272,.F.);
#4272 = EDGE_CURVE('',#4273,#4264,#4275,.T.);
#4273 = VERTEX_POINT('',#4274);
#4274 = CARTESIAN_POINT('',(-21.90687180713,54.222392084854,
    -17.81522325305));
#4275 = B_SPLINE_CURVE_WITH_KNOTS('',3,(#4276,#4277,#4278,#4279),
  .UNSPECIFIED.,.F.,.F.,(4,4),(4.009557596935E-07,3.231118026598E-03),
  .PIECEWISE_BEZIER_KNOTS.);
#4276 = CARTESIAN_POINT('',(-21.90687180713,54.222392084854,
    -17.81522325305));
#4277 = CARTESIAN_POINT('',(-21.09855179487,53.685222767895,
    -17.34853947526));
#4278 = CARTESIAN_POINT('',(-20.29017529132,53.148166765951,
    -16.88182308222));
#4279 = CARTESIAN_POINT('',(-19.4817239983,52.611260932671,
    -16.41506350946));
#4280 = ORIENTED_EDGE('',*,*,#4281,.F.);
#4281 = EDGE_CURVE('',#4282,#4273,#4284,.T.);
#4282 = VERTEX_POINT('',#4283);
#4283 = CARTESIAN_POINT('',(1.450000015337,54.222392001008,
    -31.30031948718));
#4284 = CIRCLE('',#4285,31.4);
#4285 = AXIS2_PLACEMENT_3D('',#4286,#4287,#4288);
#4286 = CARTESIAN_POINT('',(3.950000015337,54.222391992033,
    -6.503630289644E-15));
#4287 = DIRECTION('',(3.589793573511E-09,1.,-1.110223024625E-16));
#4288 = DIRECTION('',(-1.,3.589793573511E-09,-3.985471478963E-25));
#4289 = ORIENTED_EDGE('',*,*,#4290,.F.);
#4290 = EDGE_CURVE('',#4291,#4282,#4293,.T.);
#4291 = VERTEX_POINT('',#4292);
#4292 = CARTESIAN_POINT('',(1.450000009553,52.61126085753,-28.5));
#4293 = B_SPLINE_CURVE_WITH_KNOTS('',3,(#4294,#4295,#4296,#4297,#4298,
    #4299,#4300),.UNSPECIFIED.,.F.,.F.,(4,3,4),(7.320376156377E-03,
    9.749423463665E-03,1.055109288659E-02),.UNSPECIFIED.);
#4294 = CARTESIAN_POINT('',(1.450000009553,52.61126085753,-28.5));
#4295 = CARTESIAN_POINT('',(1.450000011003,53.014938975709,
    -29.20187587958));
#4296 = CARTESIAN_POINT('',(1.450000012452,53.418702260045,
    -29.90370278095));
#4297 = CARTESIAN_POINT('',(1.450000013902,53.822534331309,
    -30.60549009321));
#4298 = CARTESIAN_POINT('',(1.45000001438,53.95581285429,-30.83710413053
    ));
#4299 = CARTESIAN_POINT('',(1.450000014859,54.089098907069,
    -31.06871383509));
#4300 = CARTESIAN_POINT('',(1.450000015337,54.222392001008,
    -31.30031948718));
#4301 = ORIENTED_EDGE('',*,*,#4302,.F.);
#4302 = EDGE_CURVE('',#4303,#4291,#4305,.T.);
#4303 = VERTEX_POINT('',#4304);
#4304 = CARTESIAN_POINT('',(6.450000009553,52.611260839581,-28.5));
#4305 = B_SPLINE_CURVE_WITH_KNOTS('',3,(#4306,#4307,#4308,#4309,#4310,
    #4311),.UNSPECIFIED.,.F.,.F.,(4,2,4),(1.161032534714E-02,
    1.410456336461E-02,1.659880138208E-02),.UNSPECIFIED.);
#4306 = CARTESIAN_POINT('',(6.450000009553,52.611260839581,-28.5));
#4307 = CARTESIAN_POINT('',(5.615460103123,52.569157444507,-28.5));
#4308 = CARTESIAN_POINT('',(4.778699436278,52.547995759601,-28.5));
#4309 = CARTESIAN_POINT('',(3.111743886272,52.548157125741,-28.5));
#4310 = CARTESIAN_POINT('',(2.280017166439,52.56938563384,-28.5));
#4311 = CARTESIAN_POINT('',(1.450000009553,52.61126085753,-28.5));
#4312 = ORIENTED_EDGE('',*,*,#4313,.F.);
#4313 = EDGE_CURVE('',#4314,#4303,#4316,.T.);
#4314 = VERTEX_POINT('',#4315);
#4315 = CARTESIAN_POINT('',(6.450000015337,54.222391983059,
    -31.30031948718));
#4316 = B_SPLINE_CURVE_WITH_KNOTS('',3,(#4317,#4318,#4319,#4320,#4321,
    #4322,#4323),.UNSPECIFIED.,.F.,.F.,(4,3,4),(8.947752979834E-03,
    9.74942248337E-03,1.21784700349E-02),.UNSPECIFIED.);
#4317 = CARTESIAN_POINT('',(6.450000015337,54.222391983059,
    -31.30031948718));
#4318 = CARTESIAN_POINT('',(6.450000014859,54.08909888912,
    -31.06871383509));
#4319 = CARTESIAN_POINT('',(6.45000001438,53.955812836341,
    -30.83710413053));
#4320 = CARTESIAN_POINT('',(6.450000013902,53.822534313361,
    -30.60549009321));
#4321 = CARTESIAN_POINT('',(6.450000012452,53.418702242096,
    -29.90370278095));
#4322 = CARTESIAN_POINT('',(6.450000011003,53.01493895776,
    -29.20187587958));
#4323 = CARTESIAN_POINT('',(6.450000009553,52.611260839581,-28.5));
#4324 = ORIENTED_EDGE('',*,*,#4325,.F.);
#4325 = EDGE_CURVE('',#4326,#4314,#4328,.T.);
#4326 = VERTEX_POINT('',#4327);
#4327 = CARTESIAN_POINT('',(29.80687183781,54.222391899213,
    -17.81522325305));
#4328 = CIRCLE('',#4329,31.4);
#4329 = AXIS2_PLACEMENT_3D('',#4330,#4331,#4332);
#4330 = CARTESIAN_POINT('',(3.950000015337,54.222391992033,
    -6.503630289644E-15));
#4331 = DIRECTION('',(3.589793573511E-09,1.,-1.110223024625E-16));
#4332 = DIRECTION('',(-1.,3.589793573511E-09,-3.985471478963E-25));
#4333 = ORIENTED_EDGE('',*,*,#4334,.F.);
#4334 = EDGE_CURVE('',#4335,#4326,#4337,.T.);
#4335 = VERTEX_POINT('',#4336);
#4336 = CARTESIAN_POINT('',(27.38172401741,52.611260764441,
    -16.41506350946));
#4337 = B_SPLINE_CURVE_WITH_KNOTS('',3,(#4338,#4339,#4340,#4341),
  .UNSPECIFIED.,.F.,.F.,(4,4),(2.664120094797E-07,3.230983482848E-03),
  .PIECEWISE_BEZIER_KNOTS.);
#4338 = CARTESIAN_POINT('',(27.38172401741,52.611260764441,
    -16.41506350946));
#4339 = CARTESIAN_POINT('',(28.190175314281,53.148166591917,
    -16.88182308222));
#4340 = CARTESIAN_POINT('',(28.99855182169,53.685222588057,
    -17.34853947527));
#4341 = CARTESIAN_POINT('',(29.80687183781,54.222391899213,
    -17.81522325305));
#4342 = ORIENTED_EDGE('',*,*,#4343,.F.);
#4343 = EDGE_CURVE('',#4344,#4335,#4346,.T.);
#4344 = VERTEX_POINT('',#4345);
#4345 = CARTESIAN_POINT('',(29.88172401741,52.611260755466,
    -12.08493649053));
#4346 = B_SPLINE_CURVE_WITH_KNOTS('',3,(#4347,#4348,#4349,#4350),
  .UNSPECIFIED.,.F.,.F.,(4,4),(2.309401076764E-07,5.000230940108E-03),
  .PIECEWISE_BEZIER_KNOTS.);
#4347 = CARTESIAN_POINT('',(29.88172401741,52.611260755466,
    -12.08493649053));
#4348 = CARTESIAN_POINT('',(29.048390683775,52.527175708014,
    -13.52831216351));
#4349 = CARTESIAN_POINT('',(28.215057350441,52.527175711006,
    -14.97168783648));
#4350 = CARTESIAN_POINT('',(27.38172401741,52.611260764441,
    -16.41506350946));
#4351 = ORIENTED_EDGE('',*,*,#4352,.F.);
#4352 = EDGE_CURVE('',#4353,#4344,#4355,.T.);
#4353 = VERTEX_POINT('',#4354);
#4354 = CARTESIAN_POINT('',(32.30687183781,54.222391890238,
    -13.48509623413));
#4355 = B_SPLINE_CURVE_WITH_KNOTS('',3,(#4356,#4357,#4358,#4359),
  .UNSPECIFIED.,.F.,.F.,(4,4),(4.009557596902E-07,3.231118026598E-03),
  .PIECEWISE_BEZIER_KNOTS.);
#4356 = CARTESIAN_POINT('',(32.30687183781,54.222391890238,
    -13.48509623413));
#4357 = CARTESIAN_POINT('',(31.49855182169,53.685222579083,
    -13.01841245634));
#4358 = CARTESIAN_POINT('',(30.690175314281,53.148166582942,
    -12.5516960633));
#4359 = CARTESIAN_POINT('',(29.88172401741,52.611260755466,
    -12.08493649053));
#4360 = ORIENTED_EDGE('',*,*,#4361,.F.);
#4361 = EDGE_CURVE('',#4362,#4353,#4364,.T.);
#4362 = VERTEX_POINT('',#4363);
#4363 = CARTESIAN_POINT('',(32.30687183781,54.222391890238,
    13.485096234133));
#4364 = CIRCLE('',#4365,31.4);
#4365 = AXIS2_PLACEMENT_3D('',#4366,#4367,#4368);
#4366 = CARTESIAN_POINT('',(3.950000015337,54.222391992033,
    -6.503630289644E-15));
#4367 = DIRECTION('',(3.589793573511E-09,1.,-1.110223024625E-16));
#4368 = DIRECTION('',(-1.,3.589793573511E-09,-3.985471478963E-25));
#4369 = ORIENTED_EDGE('',*,*,#4370,.F.);
#4370 = EDGE_CURVE('',#4371,#4362,#4373,.T.);
#4371 = VERTEX_POINT('',#4372);
#4372 = CARTESIAN_POINT('',(29.88172401741,52.611260755466,
    12.084936490539));
#4373 = B_SPLINE_CURVE_WITH_KNOTS('',3,(#4374,#4375,#4376,#4377),
  .UNSPECIFIED.,.F.,.F.,(4,4),(2.664120094797E-07,3.230983482848E-03),
  .PIECEWISE_BEZIER_KNOTS.);
#4374 = CARTESIAN_POINT('',(29.88172401741,52.611260755466,
    12.084936490539));
#4375 = CARTESIAN_POINT('',(30.690175314281,53.148166582942,
    12.551696063301));
#4376 = CARTESIAN_POINT('',(31.49855182169,53.685222579083,
    13.018412456347));
#4377 = CARTESIAN_POINT('',(32.30687183781,54.222391890238,
    13.485096234133));
#4378 = ORIENTED_EDGE('',*,*,#4379,.F.);
#4379 = EDGE_CURVE('',#4380,#4371,#4382,.T.);
#4380 = VERTEX_POINT('',#4381);
#4381 = CARTESIAN_POINT('',(27.38172401741,52.611260764441,
    16.415063509461));
#4382 = B_SPLINE_CURVE_WITH_KNOTS('',3,(#4383,#4384,#4385,#4386),
  .UNSPECIFIED.,.F.,.F.,(4,4),(2.309401076749E-07,5.000230940108E-03),
  .PIECEWISE_BEZIER_KNOTS.);
#4383 = CARTESIAN_POINT('',(27.38172401741,52.611260764441,
    16.415063509461));
#4384 = CARTESIAN_POINT('',(28.215057350441,52.527175711006,
    14.971687836487));
#4385 = CARTESIAN_POINT('',(29.048390683775,52.527175708014,
    13.528312163513));
#4386 = CARTESIAN_POINT('',(29.88172401741,52.611260755466,
    12.084936490539));
#4387 = ORIENTED_EDGE('',*,*,#4388,.F.);
#4388 = EDGE_CURVE('',#4389,#4380,#4391,.T.);
#4389 = VERTEX_POINT('',#4390);
#4390 = CARTESIAN_POINT('',(29.80687183781,54.222391899213,
    17.815223253055));
#4391 = B_SPLINE_CURVE_WITH_KNOTS('',3,(#4392,#4393,#4394,#4395),
  .UNSPECIFIED.,.F.,.F.,(4,4),(4.009557596976E-07,3.231118026598E-03),
  .PIECEWISE_BEZIER_KNOTS.);
#4392 = CARTESIAN_POINT('',(29.80687183781,54.222391899213,
    17.815223253055));
#4393 = CARTESIAN_POINT('',(28.99855182169,53.685222588057,
    17.34853947527));
#4394 = CARTESIAN_POINT('',(28.190175314281,53.148166591917,
    16.881823082224));
#4395 = CARTESIAN_POINT('',(27.38172401741,52.611260764441,
    16.415063509461));
#4396 = ORIENTED_EDGE('',*,*,#4397,.F.);
#4397 = EDGE_CURVE('',#4398,#4389,#4400,.T.);
#4398 = VERTEX_POINT('',#4399);
#4399 = CARTESIAN_POINT('',(6.450000015337,54.222391983059,
    31.300319487187));
#4400 = CIRCLE('',#4401,31.4);
#4401 = AXIS2_PLACEMENT_3D('',#4402,#4403,#4404);
#4402 = CARTESIAN_POINT('',(3.950000015337,54.222391992033,
    -6.503630289644E-15));
#4403 = DIRECTION('',(3.589793573511E-09,1.,-1.110223024625E-16));
#4404 = DIRECTION('',(-1.,3.589793573511E-09,-3.985471478963E-25));
#4405 = ORIENTED_EDGE('',*,*,#4406,.F.);
#4406 = EDGE_CURVE('',#4407,#4398,#4409,.T.);
#4407 = VERTEX_POINT('',#4408);
#4408 = CARTESIAN_POINT('',(6.450000009553,52.611260839581,28.5));
#4409 = B_SPLINE_CURVE_WITH_KNOTS('',3,(#4410,#4411,#4412,#4413,#4414,
    #4415,#4416),.UNSPECIFIED.,.F.,.F.,(4,3,4),(9.096463791235E-03,
    9.749424067333E-03,1.232718028816E-02),.UNSPECIFIED.);
#4410 = CARTESIAN_POINT('',(6.450000009553,52.611260839581,28.5));
#4411 = CARTESIAN_POINT('',(6.450000009943,52.719774905776,
    28.688673604606));
#4412 = CARTESIAN_POINT('',(6.450000010332,52.82829515266,
    28.877343654559));
#4413 = CARTESIAN_POINT('',(6.450000010722,52.936821227672,
    29.066010351885));
#4414 = CARTESIAN_POINT('',(6.45000001226,53.365260401165,
    29.810828625825));
#4415 = CARTESIAN_POINT('',(6.450000013798,53.793789986988,
    30.55559489679));
#4416 = CARTESIAN_POINT('',(6.450000015337,54.222391983059,
    31.300319487187));
#4417 = ORIENTED_EDGE('',*,*,#4418,.F.);
#4418 = EDGE_CURVE('',#4419,#4407,#4421,.T.);
#4419 = VERTEX_POINT('',#4420);
#4420 = CARTESIAN_POINT('',(1.450000009553,52.61126085753,28.5));
#4421 = B_SPLINE_CURVE_WITH_KNOTS('',3,(#4422,#4423,#4424,#4425,#4426,
    #4427),.UNSPECIFIED.,.F.,.F.,(4,2,4),(7.875608521727E-03,
    1.036753420921E-02,1.285945989669E-02),.UNSPECIFIED.);
#4422 = CARTESIAN_POINT('',(1.450000009553,52.61126085753,28.5));
#4423 = CARTESIAN_POINT('',(2.280017166439,52.56938563384,28.5));
#4424 = CARTESIAN_POINT('',(3.111743886272,52.548157125741,28.5));
#4425 = CARTESIAN_POINT('',(4.778699436278,52.547995759601,28.5));
#4426 = CARTESIAN_POINT('',(5.615460103123,52.569157444507,28.5));
#4427 = CARTESIAN_POINT('',(6.450000009553,52.611260839581,28.5));
#4428 = ORIENTED_EDGE('',*,*,#4429,.F.);
#4429 = EDGE_CURVE('',#4430,#4419,#4432,.T.);
#4430 = VERTEX_POINT('',#4431);
#4431 = CARTESIAN_POINT('',(1.450000015337,54.222392001008,
    31.300319487187));
#4432 = B_SPLINE_CURVE_WITH_KNOTS('',3,(#4433,#4434,#4435,#4436,#4437,
    #4438,#4439),.UNSPECIFIED.,.F.,.F.,(4,3,4),(7.171666039852E-03,
    9.749422638471E-03,1.040238301027E-02),.UNSPECIFIED.);
#4433 = CARTESIAN_POINT('',(1.450000015337,54.222392001008,
    31.300319487187));
#4434 = CARTESIAN_POINT('',(1.450000013798,53.793790004937,
    30.55559489679));
#4435 = CARTESIAN_POINT('',(1.45000001226,53.365260419114,
    29.810828625825));
#4436 = CARTESIAN_POINT('',(1.450000010722,52.936821245621,
    29.066010351885));
#4437 = CARTESIAN_POINT('',(1.450000010332,52.828295170609,
    28.877343654559));
#4438 = CARTESIAN_POINT('',(1.450000009943,52.719774923725,
    28.688673604606));
#4439 = CARTESIAN_POINT('',(1.450000009553,52.61126085753,28.5));
#4440 = ORIENTED_EDGE('',*,*,#4441,.F.);
#4441 = EDGE_CURVE('',#4442,#4430,#4444,.T.);
#4442 = VERTEX_POINT('',#4443);
#4443 = CARTESIAN_POINT('',(-21.90687180713,54.222392084854,
    17.815223253055));
#4444 = CIRCLE('',#4445,31.4);
#4445 = AXIS2_PLACEMENT_3D('',#4446,#4447,#4448);
#4446 = CARTESIAN_POINT('',(3.950000015337,54.222391992033,
    -6.503630289644E-15));
#4447 = DIRECTION('',(3.589793573511E-09,1.,-1.110223024625E-16));
#4448 = DIRECTION('',(-1.,3.589793573511E-09,-3.985471478963E-25));
#4449 = ORIENTED_EDGE('',*,*,#4450,.F.);
#4450 = EDGE_CURVE('',#4451,#4442,#4453,.T.);
#4451 = VERTEX_POINT('',#4452);
#4452 = CARTESIAN_POINT('',(-19.4817239983,52.611260932671,
    16.415063509461));
#4453 = B_SPLINE_CURVE_WITH_KNOTS('',3,(#4454,#4455,#4456,#4457),
  .UNSPECIFIED.,.F.,.F.,(4,4),(2.664120094728E-07,3.230983482848E-03),
  .PIECEWISE_BEZIER_KNOTS.);
#4454 = CARTESIAN_POINT('',(-19.4817239983,52.611260932671,
    16.415063509461));
#4455 = CARTESIAN_POINT('',(-20.29017529132,53.148166765951,
    16.881823082224));
#4456 = CARTESIAN_POINT('',(-21.09855179487,53.685222767895,
    17.34853947527));
#4457 = CARTESIAN_POINT('',(-21.90687180713,54.222392084854,
    17.815223253055));
#4458 = ORIENTED_EDGE('',*,*,#4459,.F.);
#4459 = EDGE_CURVE('',#4460,#4451,#4462,.T.);
#4460 = VERTEX_POINT('',#4461);
#4461 = CARTESIAN_POINT('',(-21.9817239983,52.611260941645,
    12.084936490539));
#4462 = B_SPLINE_CURVE_WITH_KNOTS('',3,(#4463,#4464,#4465,#4466),
  .UNSPECIFIED.,.F.,.F.,(4,4),(2.309401076764E-07,5.000230940108E-03),
  .PIECEWISE_BEZIER_KNOTS.);
#4463 = CARTESIAN_POINT('',(-21.9817239983,52.611260941645,
    12.084936490539));
#4464 = CARTESIAN_POINT('',(-21.14839066527,52.52717588821,
    13.528312163513));
#4465 = CARTESIAN_POINT('',(-20.31505733193,52.527175885219,
    14.971687836487));
#4466 = CARTESIAN_POINT('',(-19.4817239983,52.611260932671,
    16.415063509461));
#4467 = ORIENTED_EDGE('',*,*,#4468,.F.);
#4468 = EDGE_CURVE('',#4469,#4460,#4471,.T.);
#4469 = VERTEX_POINT('',#4470);
#4470 = CARTESIAN_POINT('',(-24.40687180713,54.222392093829,
    13.485096234133));
#4471 = B_SPLINE_CURVE_WITH_KNOTS('',3,(#4472,#4473,#4474,#4475),
  .UNSPECIFIED.,.F.,.F.,(4,4),(4.009557596902E-07,3.231118026598E-03),
  .PIECEWISE_BEZIER_KNOTS.);
#4472 = CARTESIAN_POINT('',(-24.40687180713,54.222392093829,
    13.485096234133));
#4473 = CARTESIAN_POINT('',(-23.59855179487,53.68522277687,
    13.018412456348));
#4474 = CARTESIAN_POINT('',(-22.79017529132,53.148166774926,
    12.551696063302));
#4475 = CARTESIAN_POINT('',(-21.9817239983,52.611260941645,
    12.084936490539));
#4476 = ORIENTED_EDGE('',*,*,#4477,.F.);
#4477 = EDGE_CURVE('',#4239,#4469,#4478,.T.);
#4478 = CIRCLE('',#4479,31.4);
#4479 = AXIS2_PLACEMENT_3D('',#4480,#4481,#4482);
#4480 = CARTESIAN_POINT('',(3.950000015337,54.222391992033,
    -6.503630289644E-15));
#4481 = DIRECTION('',(3.589793573511E-09,1.,-1.110223024625E-16));
#4482 = DIRECTION('',(-1.,3.589793573511E-09,-3.985471478963E-25));
#4483 = ORIENTED_EDGE('',*,*,#4238,.F.);
#4484 = CONICAL_SURFACE('',#4485,24.185640646003,1.047197551197);
#4485 = AXIS2_PLACEMENT_3D('',#4486,#4487,#4488);
#4486 = CARTESIAN_POINT('',(3.950000000385,50.057179676972,
    -6.04119882818E-15));
#4487 = DIRECTION('',(3.589793573511E-09,1.,-1.110223024625E-16));
#4488 = DIRECTION('',(-1.,3.589793573511E-09,-3.985471478963E-25));
#4489 = ADVANCED_FACE('',(#4490),#4520,.T.);
#4490 = FACE_BOUND('',#4491,.T.);
#4491 = EDGE_LOOP('',(#4492,#4501,#4502,#4513));
#4492 = ORIENTED_EDGE('',*,*,#4493,.F.);
#4493 = EDGE_CURVE('',#4442,#4494,#4496,.T.);
#4494 = VERTEX_POINT('',#4495);
#4495 = CARTESIAN_POINT('',(-21.99374926581,54.395597165923,
    17.865381977569));
#4496 = B_SPLINE_CURVE_WITH_KNOTS('',3,(#4497,#4498,#4499,#4500),
  .UNSPECIFIED.,.F.,.F.,(4,4),(3.960358431566E-07,2.092209692328E-04),
  .PIECEWISE_BEZIER_KNOTS.);
#4497 = CARTESIAN_POINT('',(-21.90687180713,54.222392084854,
    17.815223253055));
#4498 = CARTESIAN_POINT('',(-21.95985170818,54.257599894664,
    17.845811213258));
#4499 = CARTESIAN_POINT('',(-21.99374926606,54.324997781512,
    17.865381977569));
#4500 = CARTESIAN_POINT('',(-21.99374926581,54.395597165923,
    17.865381977569));
#4501 = ORIENTED_EDGE('',*,*,#4441,.T.);
#4502 = ORIENTED_EDGE('',*,*,#4503,.F.);
#4503 = EDGE_CURVE('',#4504,#4430,#4506,.T.);
#4504 = VERTEX_POINT('',#4505);
#4505 = CARTESIAN_POINT('',(1.450000015959,54.395597081765,
    31.400636936215));
#4506 = B_SPLINE_CURVE_WITH_KNOTS('',3,(#4507,#4508,#4509,#4510,#4511,
    #4512),.UNSPECIFIED.,.F.,.F.,(4,2,4),(7.211239251419E-04,
    8.254445567522E-04,9.297651883625E-04),.UNSPECIFIED.);
#4507 = CARTESIAN_POINT('',(1.450000015959,54.395597081765,
    31.400636936215));
#4508 = CARTESIAN_POINT('',(1.450000015834,54.360723494333,
    31.400636936215));
#4509 = CARTESIAN_POINT('',(1.450000015707,54.325594255343,
    31.391167587956));
#4510 = CARTESIAN_POINT('',(1.450000015491,54.265284486046,
    31.356163844659));
#4511 = CARTESIAN_POINT('',(1.4500000154,54.239851279908,31.330656150214
    ));
#4512 = CARTESIAN_POINT('',(1.450000015337,54.222392001008,
    31.300319487187));
#4513 = ORIENTED_EDGE('',*,*,#4514,.F.);
#4514 = EDGE_CURVE('',#4494,#4504,#4515,.T.);
#4515 = CIRCLE('',#4516,31.5);
#4516 = AXIS2_PLACEMENT_3D('',#4517,#4518,#4519);
#4517 = CARTESIAN_POINT('',(3.950000015959,54.39559707279,
    -6.522859916508E-15));
#4518 = DIRECTION('',(3.589793573511E-09,1.,-1.110223024625E-16));
#4519 = DIRECTION('',(-1.,3.589793573511E-09,-3.985471478963E-25));
#4520 = TOROIDAL_SURFACE('',#4521,31.3,0.2);
#4521 = AXIS2_PLACEMENT_3D('',#4522,#4523,#4524);
#4522 = CARTESIAN_POINT('',(3.950000015959,54.39559707279,
    -6.522859916508E-15));
#4523 = DIRECTION('',(3.589793573511E-09,1.,-1.110223024625E-16));
#4524 = DIRECTION('',(-1.,3.589793573511E-09,-3.985471478963E-25));
#4525 = ADVANCED_FACE('',(#4526),#4564,.T.);
#4526 = FACE_BOUND('',#4527,.T.);
#4527 = EDGE_LOOP('',(#4528,#4537,#4546,#4555,#4562,#4563));
#4528 = ORIENTED_EDGE('',*,*,#4529,.F.);
#4529 = EDGE_CURVE('',#4530,#4469,#4532,.T.);
#4530 = VERTEX_POINT('',#4531);
#4531 = CARTESIAN_POINT('',(-24.49374926581,54.395597174898,
    13.535254958647));
#4532 = B_SPLINE_CURVE_WITH_KNOTS('',3,(#4533,#4534,#4535,#4536),
  .UNSPECIFIED.,.F.,.F.,(4,4),(1.971745596069E-07,2.087649043643E-04),
  .PIECEWISE_BEZIER_KNOTS.);
#4533 = CARTESIAN_POINT('',(-24.49374926581,54.395597174898,
    13.535254958647));
#4534 = CARTESIAN_POINT('',(-24.49374926606,54.325084356006,
    13.535254958647));
#4535 = CARTESIAN_POINT('',(-24.45980187332,54.257566785866,
    13.515655422166));
#4536 = CARTESIAN_POINT('',(-24.40687180713,54.222392093829,
    13.485096234133));
#4537 = ORIENTED_EDGE('',*,*,#4538,.F.);
#4538 = EDGE_CURVE('',#4539,#4530,#4541,.T.);
#4539 = VERTEX_POINT('',#4540);
#4540 = CARTESIAN_POINT('',(-27.54999998404,54.395597185869,
    -1.423813476369E-14));
#4541 = CIRCLE('',#4542,31.5);
#4542 = AXIS2_PLACEMENT_3D('',#4543,#4544,#4545);
#4543 = CARTESIAN_POINT('',(3.950000015959,54.39559707279,
    -6.522859916508E-15));
#4544 = DIRECTION('',(3.589793573511E-09,1.,-1.110223024625E-16));
#4545 = DIRECTION('',(-1.,3.589793573511E-09,-3.985471478963E-25));
#4546 = ORIENTED_EDGE('',*,*,#4547,.F.);
#4547 = EDGE_CURVE('',#4548,#4539,#4550,.T.);
#4548 = VERTEX_POINT('',#4549);
#4549 = CARTESIAN_POINT('',(-24.49374926581,54.395597174898,
    -13.53525495864));
#4550 = CIRCLE('',#4551,31.5);
#4551 = AXIS2_PLACEMENT_3D('',#4552,#4553,#4554);
#4552 = CARTESIAN_POINT('',(3.950000015959,54.39559707279,
    -6.522859916508E-15));
#4553 = DIRECTION('',(3.589793573511E-09,1.,-1.110223024625E-16));
#4554 = DIRECTION('',(-1.,3.589793573511E-09,-3.985471478963E-25));
#4555 = ORIENTED_EDGE('',*,*,#4556,.F.);
#4556 = EDGE_CURVE('',#4246,#4548,#4557,.T.);
#4557 = B_SPLINE_CURVE_WITH_KNOTS('',3,(#4558,#4559,#4560,#4561),
  .UNSPECIFIED.,.F.,.F.,(4,4),(3.960358424842E-07,2.092209692321E-04),
  .PIECEWISE_BEZIER_KNOTS.);
#4558 = CARTESIAN_POINT('',(-24.40687180713,54.222392093829,
    -13.48509623413));
#4559 = CARTESIAN_POINT('',(-24.45985170818,54.257599903638,
    -13.51568419433));
#4560 = CARTESIAN_POINT('',(-24.49374926606,54.324997790487,
    -13.53525495864));
#4561 = CARTESIAN_POINT('',(-24.49374926581,54.395597174898,
    -13.53525495864));
#4562 = ORIENTED_EDGE('',*,*,#4245,.T.);
#4563 = ORIENTED_EDGE('',*,*,#4477,.T.);
#4564 = TOROIDAL_SURFACE('',#4565,31.3,0.2);
#4565 = AXIS2_PLACEMENT_3D('',#4566,#4567,#4568);
#4566 = CARTESIAN_POINT('',(3.950000015959,54.39559707279,
    -6.522859916508E-15));
#4567 = DIRECTION('',(3.589793573511E-09,1.,-1.110223024625E-16));
#4568 = DIRECTION('',(-1.,3.589793573511E-09,-3.985471478963E-25));
#4569 = ADVANCED_FACE('',(#4570),#4934,.T.);
#4570 = FACE_BOUND('',#4571,.T.);
#4571 = EDGE_LOOP('',(#4572,#4581,#4586,#4587,#4595,#4630,#4636,#4637,
    #4645,#4684,#4692,#4701,#4709,#4744,#4752,#4761,#4769,#4804,#4812,
    #4821,#4829,#4866,#4874,#4883,#4891,#4926,#4932,#4933));
#4572 = ORIENTED_EDGE('',*,*,#4573,.F.);
#4573 = EDGE_CURVE('',#4574,#4574,#4576,.T.);
#4574 = VERTEX_POINT('',#4575);
#4575 = CARTESIAN_POINT('',(-27.54999991384,73.950000113078,
    -8.69383476532E-15));
#4576 = CIRCLE('',#4577,31.5);
#4577 = AXIS2_PLACEMENT_3D('',#4578,#4579,#4580);
#4578 = CARTESIAN_POINT('',(3.950000086155,73.95,-8.693834752766E-15));
#4579 = DIRECTION('',(3.589793573511E-09,1.,-1.110223024625E-16));
#4580 = DIRECTION('',(-1.,3.589793573511E-09,-3.985471478963E-25));
#4581 = ORIENTED_EDGE('',*,*,#4582,.F.);
#4582 = EDGE_CURVE('',#4539,#4574,#4583,.T.);
#4583 = B_SPLINE_CURVE_WITH_KNOTS('',1,(#4584,#4585),.UNSPECIFIED.,.F.,
  .F.,(2,2),(-127.5544029272,-108.),.PIECEWISE_BEZIER_KNOTS.);
#4584 = CARTESIAN_POINT('',(-27.54999998404,54.395597185869,
    -1.423813476369E-14));
#4585 = CARTESIAN_POINT('',(-27.54999991384,73.950000113078,
    -1.640910959995E-14));
#4586 = ORIENTED_EDGE('',*,*,#4538,.T.);
#4587 = ORIENTED_EDGE('',*,*,#4588,.F.);
#4588 = EDGE_CURVE('',#4589,#4530,#4591,.T.);
#4589 = VERTEX_POINT('',#4590);
#4590 = CARTESIAN_POINT('',(-24.49374922036,67.05717977908,
    13.535254958647));
#4591 = LINE('',#4592,#4593);
#4592 = CARTESIAN_POINT('',(-24.49374880792,181.9500001021,
    13.535254958647));
#4593 = VECTOR('',#4594,1.);
#4594 = DIRECTION('',(-3.589793573511E-09,-1.,1.110223024625E-16));
#4595 = ORIENTED_EDGE('',*,*,#4596,.F.);
#4596 = EDGE_CURVE('',#4597,#4589,#4599,.T.);
#4597 = VERTEX_POINT('',#4598);
#4598 = CARTESIAN_POINT('',(-21.99374922036,67.057179770105,
    17.865381977569));
#4599 = B_SPLINE_CURVE_WITH_KNOTS('',3,(#4600,#4601,#4602,#4603,#4604,
    #4605,#4606,#4607,#4608,#4609,#4610,#4611,#4612,#4613,#4614,#4615,
    #4616,#4617,#4618,#4619,#4620,#4621,#4622,#4623,#4624,#4625,#4626,
    #4627,#4628,#4629),.UNSPECIFIED.,.F.,.F.,(4,2,2,2,2,2,2,2,2,2,2,2,2,
    2,4),(7.819212197523E-03,8.307799928509E-03,8.796387659495E-03,
    9.773563121467E-03,1.026215085245E-02,1.075073858344E-02,
    1.123932631442E-02,1.172791404541E-02,1.22165017764E-02,
    1.270508950738E-02,1.319367723837E-02,1.368226496935E-02,
    1.417085270034E-02,1.465944043133E-02,1.56366158933E-02),
  .UNSPECIFIED.);
#4600 = CARTESIAN_POINT('',(-21.99374922036,67.057179770105,
    17.865381977569));
#4601 = CARTESIAN_POINT('',(-21.99374921977,67.220336692482,
    17.865381977569));
#4602 = CARTESIAN_POINT('',(-22.0027597516,67.382536499661,
    17.852318831533));
#4603 = CARTESIAN_POINT('',(-22.03907689691,67.704979743878,
    17.799407528586));
#4604 = CARTESIAN_POINT('',(-22.06628648494,67.862884933226,
    17.759694042042));
#4605 = CARTESIAN_POINT('',(-22.17158399517,68.314185357993,
    17.604784555815));
#4606 = CARTESIAN_POINT('',(-22.27588344438,68.59309818556,
    17.450107152841));
#4607 = CARTESIAN_POINT('',(-22.46543534698,68.939027677883,
    17.160654801797));
#4608 = CARTESIAN_POINT('',(-22.53536464918,69.044624026214,
    17.052681350404));
#4609 = CARTESIAN_POINT('',(-22.68158171438,69.226256936684,
    16.823416334801));
#4610 = CARTESIAN_POINT('',(-22.7580512476,69.30310895277,
    16.701882447367));
#4611 = CARTESIAN_POINT('',(-22.91722744014,69.428722791921,
    16.444603016306));
#4612 = CARTESIAN_POINT('',(-22.99989530442,69.476979735505,
    16.30885266102));
#4613 = CARTESIAN_POINT('',(-23.1639733686,69.54073758078,16.03458699716
    ));
#4614 = CARTESIAN_POINT('',(-23.24628151801,69.557047643069,
    15.894637538689));
#4615 = CARTESIAN_POINT('',(-23.41132902969,69.557310323258,
    15.608808557964));
#4616 = CARTESIAN_POINT('',(-23.49165200446,69.541189934596,
    15.467102758178));
#4617 = CARTESIAN_POINT('',(-23.64716613154,69.477898601315,
    15.187888397162));
#4618 = CARTESIAN_POINT('',(-23.72328682489,69.429998869215,
    15.048659996404));
#4619 = CARTESIAN_POINT('',(-23.86682825672,69.30465316837,
    14.781645277886));
#4620 = CARTESIAN_POINT('',(-23.93391832149,69.227955428624,
    14.654541432561));
#4621 = CARTESIAN_POINT('',(-24.05939509905,69.046858862608,
    14.413267213307));
#4622 = CARTESIAN_POINT('',(-24.11805588682,68.941402244677,
    14.298517027646));
#4623 = CARTESIAN_POINT('',(-24.22220990081,68.710967654694,
    14.092194285936));
#4624 = CARTESIAN_POINT('',(-24.26838653003,68.585269230104,
    13.999323207474));
#4625 = CARTESIAN_POINT('',(-24.34933572455,68.312439762471,
    13.834955230106));
#4626 = CARTESIAN_POINT('',(-24.38347878845,68.166864834437,
    13.764733913191));
#4627 = CARTESIAN_POINT('',(-24.46525769938,67.715874636189,
    13.595544156225));
#4628 = CARTESIAN_POINT('',(-24.49374921917,67.387604852343,
    13.535254958647));
#4629 = CARTESIAN_POINT('',(-24.49374922036,67.05717977908,
    13.535254958647));
#4630 = ORIENTED_EDGE('',*,*,#4631,.F.);
#4631 = EDGE_CURVE('',#4494,#4597,#4632,.T.);
#4632 = LINE('',#4633,#4634);
#4633 = CARTESIAN_POINT('',(-21.99374880792,181.95000009313,
    17.865381977569));
#4634 = VECTOR('',#4635,1.);
#4635 = DIRECTION('',(3.589793573511E-09,1.,-1.110223024625E-16));
#4636 = ORIENTED_EDGE('',*,*,#4514,.T.);
#4637 = ORIENTED_EDGE('',*,*,#4638,.F.);
#4638 = EDGE_CURVE('',#4639,#4504,#4641,.T.);
#4639 = VERTEX_POINT('',#4640);
#4640 = CARTESIAN_POINT('',(1.450000061411,67.057179685947,
    31.400636936215));
#4641 = LINE('',#4642,#4643);
#4642 = CARTESIAN_POINT('',(1.450000473853,181.95000000897,
    31.400636936215));
#4643 = VECTOR('',#4644,1.);
#4644 = DIRECTION('',(-3.589793573511E-09,-1.,1.110223024625E-16));
#4645 = ORIENTED_EDGE('',*,*,#4646,.F.);
#4646 = EDGE_CURVE('',#4647,#4639,#4649,.T.);
#4647 = VERTEX_POINT('',#4648);
#4648 = CARTESIAN_POINT('',(6.450000061411,67.057179667998,
    31.400636936215));
#4649 = B_SPLINE_CURVE_WITH_KNOTS('',3,(#4650,#4651,#4652,#4653,#4654,
    #4655,#4656,#4657,#4658,#4659,#4660,#4661,#4662,#4663,#4664,#4665,
    #4666,#4667,#4668,#4669,#4670,#4671,#4672,#4673,#4674,#4675,#4676,
    #4677,#4678,#4679,#4680,#4681,#4682,#4683),.UNSPECIFIED.,.F.,.F.,(4,
    2,2,2,2,2,2,2,2,2,2,2,2,2,2,2,4),(0.,4.885955535771E-04,
    9.771911071541E-04,1.465786660731E-03,1.954382214308E-03,
    2.442977767885E-03,2.931573321462E-03,3.420168875039E-03,
    3.908764428617E-03,4.397359982194E-03,4.885955535771E-03,
    5.374551089348E-03,5.863146642925E-03,6.351742196502E-03,
    6.840337750079E-03,7.328933303656E-03,7.817528857233E-03),
  .UNSPECIFIED.);
#4650 = CARTESIAN_POINT('',(6.450000061411,67.057179667998,
    31.400636936215));
#4651 = CARTESIAN_POINT('',(6.450000062004,67.222394849784,
    31.400636936215));
#4652 = CARTESIAN_POINT('',(6.43378360969,67.384836411219,
    31.401939977717));
#4653 = CARTESIAN_POINT('',(6.370256536153,67.70440316748,
    31.406900096646));
#4654 = CARTESIAN_POINT('',(6.322170605014,67.863188346614,
    31.410615476523));
#4655 = CARTESIAN_POINT('',(6.196688891743,68.165887196175,
    31.419840021963));
#4656 = CARTESIAN_POINT('',(6.119910852758,68.309443960182,
    31.425304263973));
#4657 = CARTESIAN_POINT('',(5.938528229917,68.581133219724,
    31.437302948106));
#4658 = CARTESIAN_POINT('',(5.832994459027,68.709723527606,
    31.443881107968));
#4659 = CARTESIAN_POINT('',(5.60247295964,68.940236341106,
    31.456838053976));
#4660 = CARTESIAN_POINT('',(5.476679364166,69.043699557734,
    31.463279337684));
#4661 = CARTESIAN_POINT('',(5.203476558347,69.226467025793,
    31.475347385596));
#4662 = CARTESIAN_POINT('',(5.058076566456,69.3041037196,31.480864020988
    ));
#4663 = CARTESIAN_POINT('',(4.757330095458,69.4288287679,31.490011928562
    ));
#4664 = CARTESIAN_POINT('',(4.599764460805,69.476864131628,
    31.493711214382));
#4665 = CARTESIAN_POINT('',(4.277066100162,69.541147156856,
    31.498715333017));
#4666 = CARTESIAN_POINT('',(4.114834191039,69.557065429694,
    31.499990932805));
#4667 = CARTESIAN_POINT('',(3.788649862555,69.557292710473,
    31.500008970865));
#4668 = CARTESIAN_POINT('',(3.62298107705,69.541083941862,31.49871062552
    ));
#4669 = CARTESIAN_POINT('',(3.302317155938,69.477350883153,
    31.493748892994));
#4670 = CARTESIAN_POINT('',(3.146454848538,69.430182435097,
    31.490113514267));
#4671 = CARTESIAN_POINT('',(2.843714113023,69.305058321294,
    31.480931775391));
#4672 = CARTESIAN_POINT('',(2.697376517998,69.22684603232,
    31.475376296529));
#4673 = CARTESIAN_POINT('',(2.426503248168,69.046017351364,
    31.463428551374));
#4674 = CARTESIAN_POINT('',(2.300227168323,68.942776549217,
    31.456985305635));
#4675 = CARTESIAN_POINT('',(2.066713726883,68.70958965805,
    31.443869159184));
#4676 = CARTESIAN_POINT('',(1.963179356169,68.583301753157,
    31.437410562494));
#4677 = CARTESIAN_POINT('',(1.782032167266,68.312735456758,
    31.42543801766));
#4678 = CARTESIAN_POINT('',(1.703692402761,68.166668070823,
    31.419867418917));
#4679 = CARTESIAN_POINT('',(1.578067220825,67.863899698512,
    31.410633570871));
#4680 = CARTESIAN_POINT('',(1.530705110469,67.708099540174,
    31.406974487007));
#4681 = CARTESIAN_POINT('',(1.466572951897,67.387746644001,
    31.401968477856));
#4682 = CARTESIAN_POINT('',(1.450000062004,67.222394635858,
    31.400636936215));
#4683 = CARTESIAN_POINT('',(1.450000061411,67.057179685947,
    31.400636936215));
#4684 = ORIENTED_EDGE('',*,*,#4685,.F.);
#4685 = EDGE_CURVE('',#4686,#4647,#4688,.T.);
#4686 = VERTEX_POINT('',#4687);
#4687 = CARTESIAN_POINT('',(6.450000015959,54.395597063816,
    31.400636936215));
#4688 = LINE('',#4689,#4690);
#4689 = CARTESIAN_POINT('',(6.450000473853,181.94999999102,
    31.400636936215));
#4690 = VECTOR('',#4691,1.);
#4691 = DIRECTION('',(3.589793573511E-09,1.,-1.110223024625E-16));
#4692 = ORIENTED_EDGE('',*,*,#4693,.T.);
#4693 = EDGE_CURVE('',#4686,#4694,#4696,.T.);
#4694 = VERTEX_POINT('',#4695);
#4695 = CARTESIAN_POINT('',(29.893749297733,54.395596979658,
    17.865381977569));
#4696 = CIRCLE('',#4697,31.5);
#4697 = AXIS2_PLACEMENT_3D('',#4698,#4699,#4700);
#4698 = CARTESIAN_POINT('',(3.950000015959,54.39559707279,
    -6.522859916508E-15));
#4699 = DIRECTION('',(3.589793573511E-09,1.,-1.110223024625E-16));
#4700 = DIRECTION('',(-1.,3.589793573511E-09,-3.985471478963E-25));
#4701 = ORIENTED_EDGE('',*,*,#4702,.F.);
#4702 = EDGE_CURVE('',#4703,#4694,#4705,.T.);
#4703 = VERTEX_POINT('',#4704);
#4704 = CARTESIAN_POINT('',(29.893749343186,67.05717958384,
    17.865381977569));
#4705 = LINE('',#4706,#4707);
#4706 = CARTESIAN_POINT('',(29.893749755627,181.94999990686,
    17.865381977569));
#4707 = VECTOR('',#4708,1.);
#4708 = DIRECTION('',(-3.589793573511E-09,-1.,1.110223024625E-16));
#4709 = ORIENTED_EDGE('',*,*,#4710,.F.);
#4710 = EDGE_CURVE('',#4711,#4703,#4713,.T.);
#4711 = VERTEX_POINT('',#4712);
#4712 = CARTESIAN_POINT('',(32.393749343186,67.057179574865,
    13.535254958646));
#4713 = B_SPLINE_CURVE_WITH_KNOTS('',3,(#4714,#4715,#4716,#4717,#4718,
    #4719,#4720,#4721,#4722,#4723,#4724,#4725,#4726,#4727,#4728,#4729,
    #4730,#4731,#4732,#4733,#4734,#4735,#4736,#4737,#4738,#4739,#4740,
    #4741,#4742,#4743),.UNSPECIFIED.,.F.,.F.,(4,2,2,2,2,2,2,2,2,2,2,2,2,
    2,4),(7.819212197523E-03,8.307799928509E-03,8.796387659495E-03,
    9.773563121467E-03,1.026215085245E-02,1.075073858344E-02,
    1.123932631442E-02,1.172791404541E-02,1.22165017764E-02,
    1.270508950738E-02,1.319367723837E-02,1.368226496935E-02,
    1.417085270034E-02,1.465944043133E-02,1.56366158933E-02),
  .UNSPECIFIED.);
#4714 = CARTESIAN_POINT('',(32.393749343186,67.057179574865,
    13.535254958646));
#4715 = CARTESIAN_POINT('',(32.393749343771,67.220336497242,
    13.535254958646));
#4716 = CARTESIAN_POINT('',(32.386941594236,67.382536304413,
    13.549589881631));
#4717 = CARTESIAN_POINT('',(32.359277636129,67.704979548599,
    13.607497104539));
#4718 = CARTESIAN_POINT('',(32.338489542774,67.862884737924,
    13.650918042762));
#4719 = CARTESIAN_POINT('',(32.256982749961,68.314185162605,
    13.819563106096));
#4720 = CARTESIAN_POINT('',(32.175177915702,68.593097990092,
    13.987227781067));
#4721 = CARTESIAN_POINT('',(32.019280779676,68.939027482294,
    14.296110720652));
#4722 = CARTESIAN_POINT('',(31.9607376795,69.044623830584,
    14.410657998845));
#4723 = CARTESIAN_POINT('',(31.835296885366,69.22625674098,
    14.651918200141));
#4724 = CARTESIAN_POINT('',(31.768280218456,69.303108757032,
    14.778909702487));
#4725 = CARTESIAN_POINT('',(31.625057792228,69.428722596125,
    15.04540004482));
#4726 = CARTESIAN_POINT('',(31.548828468378,69.476979539686,
    15.184867693157));
#4727 = CARTESIAN_POINT('',(31.393346468523,69.54073738493,
    15.464096297069));
#4728 = CARTESIAN_POINT('',(31.313300757035,69.557047447211,
    15.605351974685));
#4729 = CARTESIAN_POINT('',(31.148289354429,69.5573101274,
    15.891201802991));
#4730 = CARTESIAN_POINT('',(31.065730019249,69.541189738746,
    16.031616439492));
#4731 = CARTESIAN_POINT('',(30.901680352708,69.477898405495,
    16.305902804504));
#4732 = CARTESIAN_POINT('',(30.819165367141,69.429998673419,
    16.441439458931));
#4733 = CARTESIAN_POINT('',(30.659694552959,69.304652972631,
    16.699257344259));
#4734 = CARTESIAN_POINT('',(30.583164425961,69.227955232919,
    16.820910967114));
#4735 = CARTESIAN_POINT('',(30.436953210616,69.046858666977,
    17.050214153136));
#4736 = CARTESIAN_POINT('',(30.366907028062,68.941402049087,
    17.158390978052));
#4737 = CARTESIAN_POINT('',(30.240303298118,68.710967459184,
    17.351752370214));
#4738 = CARTESIAN_POINT('',(30.182962898822,68.585269034635,
    17.438178043013));
#4739 = CARTESIAN_POINT('',(30.081090650646,68.312439567076,
    17.590466089723));
#4740 = CARTESIAN_POINT('',(30.037348737478,68.166864639077,
    17.65514550843));
#4741 = CARTESIAN_POINT('',(29.931715562919,67.715874440915,
    17.810562999866));
#4742 = CARTESIAN_POINT('',(29.893749344372,67.387604657103,
    17.865381977569));
#4743 = CARTESIAN_POINT('',(29.893749343186,67.05717958384,
    17.865381977569));
#4744 = ORIENTED_EDGE('',*,*,#4745,.F.);
#4745 = EDGE_CURVE('',#4746,#4711,#4748,.T.);
#4746 = VERTEX_POINT('',#4747);
#4747 = CARTESIAN_POINT('',(32.393749297733,54.395596970683,
    13.535254958646));
#4748 = LINE('',#4749,#4750);
#4749 = CARTESIAN_POINT('',(32.393749755627,181.94999989789,
    13.535254958646));
#4750 = VECTOR('',#4751,1.);
#4751 = DIRECTION('',(3.589793573511E-09,1.,-1.110223024625E-16));
#4752 = ORIENTED_EDGE('',*,*,#4753,.T.);
#4753 = EDGE_CURVE('',#4746,#4754,#4756,.T.);
#4754 = VERTEX_POINT('',#4755);
#4755 = CARTESIAN_POINT('',(32.393749297733,54.395596970683,
    -13.53525495864));
#4756 = CIRCLE('',#4757,31.5);
#4757 = AXIS2_PLACEMENT_3D('',#4758,#4759,#4760);
#4758 = CARTESIAN_POINT('',(3.950000015959,54.39559707279,
    -6.522859916508E-15));
#4759 = DIRECTION('',(3.589793573511E-09,1.,-1.110223024625E-16));
#4760 = DIRECTION('',(-1.,3.589793573511E-09,-3.985471478963E-25));
#4761 = ORIENTED_EDGE('',*,*,#4762,.F.);
#4762 = EDGE_CURVE('',#4763,#4754,#4765,.T.);
#4763 = VERTEX_POINT('',#4764);
#4764 = CARTESIAN_POINT('',(32.393749343186,67.057179574865,
    -13.53525495864));
#4765 = LINE('',#4766,#4767);
#4766 = CARTESIAN_POINT('',(32.393749755627,181.94999989789,
    -13.53525495864));
#4767 = VECTOR('',#4768,1.);
#4768 = DIRECTION('',(-3.589793573511E-09,-1.,1.110223024625E-16));
#4769 = ORIENTED_EDGE('',*,*,#4770,.F.);
#4770 = EDGE_CURVE('',#4771,#4763,#4773,.T.);
#4771 = VERTEX_POINT('',#4772);
#4772 = CARTESIAN_POINT('',(29.893749343185,67.05717958384,
    -17.86538197756));
#4773 = B_SPLINE_CURVE_WITH_KNOTS('',3,(#4774,#4775,#4776,#4777,#4778,
    #4779,#4780,#4781,#4782,#4783,#4784,#4785,#4786,#4787,#4788,#4789,
    #4790,#4791,#4792,#4793,#4794,#4795,#4796,#4797,#4798,#4799,#4800,
    #4801,#4802,#4803),.UNSPECIFIED.,.F.,.F.,(4,2,2,2,2,2,2,2,2,2,2,2,2,
    2,4),(7.819212197523E-03,8.307799928509E-03,8.796387659495E-03,
    9.773563121467E-03,1.026215085245E-02,1.075073858344E-02,
    1.123932631442E-02,1.172791404541E-02,1.22165017764E-02,
    1.270508950738E-02,1.319367723837E-02,1.368226496935E-02,
    1.417085270034E-02,1.465944043133E-02,1.56366158933E-02),
  .UNSPECIFIED.);
#4774 = CARTESIAN_POINT('',(29.893749343185,67.05717958384,
    -17.86538197756));
#4775 = CARTESIAN_POINT('',(29.893749343771,67.220336506217,
    -17.86538197756));
#4776 = CARTESIAN_POINT('',(29.902759876761,67.382536313331,
    -17.85231883153));
#4777 = CARTESIAN_POINT('',(29.939077024387,67.704979557287,
    -17.79940752858));
#4778 = CARTESIAN_POINT('',(29.96628661355,67.862884746439,
    -17.75969404204));
#4779 = CARTESIAN_POINT('',(30.071584127023,68.31418517045,
    -17.60478455581));
#4780 = CARTESIAN_POINT('',(30.175883578237,68.593097997269,
    -17.45010715284));
#4781 = CARTESIAN_POINT('',(30.365435483321,68.939027488231,
    -17.16065480179));
#4782 = CARTESIAN_POINT('',(30.435364786273,69.04462383606,
    -17.0526813504));
#4783 = CARTESIAN_POINT('',(30.581581852776,69.22625674548,
    -16.8234163348));
#4784 = CARTESIAN_POINT('',(30.658051386555,69.303108761017,
    -16.70188244736));
#4785 = CARTESIAN_POINT('',(30.81722757999,69.428722599025,
    -16.4446030163));
#4786 = CARTESIAN_POINT('',(30.899895444617,69.476979542015,
    -16.30885266102));
#4787 = CARTESIAN_POINT('',(31.063973509255,69.540737386113,
    -16.03458699716));
#4788 = CARTESIAN_POINT('',(31.146281658785,69.557047447811,
    -15.89463753868));
#4789 = CARTESIAN_POINT('',(31.311329170463,69.557310126815,
    -15.60880855796));
#4790 = CARTESIAN_POINT('',(31.391652145117,69.541189737576,
    -15.46710275817));
#4791 = CARTESIAN_POINT('',(31.547166271745,69.477898403178,
    -15.18788839716));
#4792 = CARTESIAN_POINT('',(31.623286964753,69.429998670533,
    -15.0486599964));
#4793 = CARTESIAN_POINT('',(31.766828395681,69.304652968657,
    -14.78164527788));
#4794 = CARTESIAN_POINT('',(31.833918459899,69.227955228429,
    -14.65454143256));
#4795 = CARTESIAN_POINT('',(31.959395236166,69.046858661512,
    -14.4132672133));
#4796 = CARTESIAN_POINT('',(32.018056023178,68.94140204316,
    -14.29851702764));
#4797 = CARTESIAN_POINT('',(32.122210035515,68.710967452429,
    -14.09219428593));
#4798 = CARTESIAN_POINT('',(32.168386663824,68.585269027508,
    -13.99932320747));
#4799 = CARTESIAN_POINT('',(32.249335856391,68.312439559293,
    -13.8349552301));
#4800 = CARTESIAN_POINT('',(32.283478919247,68.166864631014,
    -13.76473391319));
#4801 = CARTESIAN_POINT('',(32.365257826935,67.715874432179,
    -13.59554415622));
#4802 = CARTESIAN_POINT('',(32.393749344372,67.387604648129,
    -13.53525495864));
#4803 = CARTESIAN_POINT('',(32.393749343186,67.057179574865,
    -13.53525495864));
#4804 = ORIENTED_EDGE('',*,*,#4805,.F.);
#4805 = EDGE_CURVE('',#4806,#4771,#4808,.T.);
#4806 = VERTEX_POINT('',#4807);
#4807 = CARTESIAN_POINT('',(29.893749297733,54.395596979658,
    -17.86538197756));
#4808 = LINE('',#4809,#4810);
#4809 = CARTESIAN_POINT('',(29.893749755627,181.94999990686,
    -17.86538197756));
#4810 = VECTOR('',#4811,1.);
#4811 = DIRECTION('',(3.589793573511E-09,1.,-1.110223024625E-16));
#4812 = ORIENTED_EDGE('',*,*,#4813,.T.);
#4813 = EDGE_CURVE('',#4806,#4814,#4816,.T.);
#4814 = VERTEX_POINT('',#4815);
#4815 = CARTESIAN_POINT('',(6.450000015959,54.395597063816,
    -31.40063693621));
#4816 = CIRCLE('',#4817,31.5);
#4817 = AXIS2_PLACEMENT_3D('',#4818,#4819,#4820);
#4818 = CARTESIAN_POINT('',(3.950000015959,54.39559707279,
    -6.522859916508E-15));
#4819 = DIRECTION('',(3.589793573511E-09,1.,-1.110223024625E-16));
#4820 = DIRECTION('',(-1.,3.589793573511E-09,-3.985471478963E-25));
#4821 = ORIENTED_EDGE('',*,*,#4822,.F.);
#4822 = EDGE_CURVE('',#4823,#4814,#4825,.T.);
#4823 = VERTEX_POINT('',#4824);
#4824 = CARTESIAN_POINT('',(6.450000061411,67.057179667998,
    -31.40063693621));
#4825 = LINE('',#4826,#4827);
#4826 = CARTESIAN_POINT('',(6.450000473853,181.94999999102,
    -31.40063693621));
#4827 = VECTOR('',#4828,1.);
#4828 = DIRECTION('',(-3.589793573511E-09,-1.,1.110223024625E-16));
#4829 = ORIENTED_EDGE('',*,*,#4830,.F.);
#4830 = EDGE_CURVE('',#4831,#4823,#4833,.T.);
#4831 = VERTEX_POINT('',#4832);
#4832 = CARTESIAN_POINT('',(1.450000061411,67.057179685947,
    -31.40063693621));
#4833 = B_SPLINE_CURVE_WITH_KNOTS('',3,(#4834,#4835,#4836,#4837,#4838,
    #4839,#4840,#4841,#4842,#4843,#4844,#4845,#4846,#4847,#4848,#4849,
    #4850,#4851,#4852,#4853,#4854,#4855,#4856,#4857,#4858,#4859,#4860,
    #4861,#4862,#4863,#4864,#4865),.UNSPECIFIED.,.F.,.F.,(4,2,2,2,2,2,2,
    2,2,2,2,2,2,2,2,4),(1.172987882747E-02,1.221845651321E-02,
    1.270703419896E-02,1.31956118847E-02,1.368418957044E-02,
    1.417276725618E-02,1.466134494192E-02,1.56385003134E-02,
    1.612707799914E-02,1.661565568488E-02,1.710423337062E-02,
    1.759281105636E-02,1.80813887421E-02,1.856996642784E-02,
    1.905854411359E-02,1.954712179933E-02),.UNSPECIFIED.);
#4834 = CARTESIAN_POINT('',(1.450000061411,67.057179685947,
    -31.40063693621));
#4835 = CARTESIAN_POINT('',(1.450000062004,67.22222736893,
    -31.40063693621));
#4836 = CARTESIAN_POINT('',(1.466245512331,67.38504364444,
    -31.40194227819));
#4837 = CARTESIAN_POINT('',(1.529786239982,67.704556305996,
    -31.40690339012));
#4838 = CARTESIAN_POINT('',(1.577818025363,67.863174793522,
    -31.41061469491));
#4839 = CARTESIAN_POINT('',(1.703386118917,68.166053670464,
    -31.41984546291));
#4840 = CARTESIAN_POINT('',(1.780190517695,68.309609775801,
    -31.42531115464));
#4841 = CARTESIAN_POINT('',(1.961504383715,68.581167717685,
    -31.43730490293));
#4842 = CARTESIAN_POINT('',(2.067056562614,68.709785928721,
    -31.4438842925));
#4843 = CARTESIAN_POINT('',(2.297652739349,68.940350399518,
    -31.4568447869));
#4844 = CARTESIAN_POINT('',(2.423430179218,69.043773222687,
    -31.4632841916));
#4845 = CARTESIAN_POINT('',(2.696423917836,69.226399899392,
    -31.47534296209));
#4846 = CARTESIAN_POINT('',(2.842027325562,69.304154732113,
    -31.48086767652));
#4847 = CARTESIAN_POINT('',(3.293149438407,69.491219361592,
    -31.49458811159));
#4848 = CARTESIAN_POINT('',(3.621535076645,69.557431357838,
    -31.50001997457));
#4849 = CARTESIAN_POINT('',(4.11709759833,69.557052742075,
    -31.49998992585));
#4850 = CARTESIAN_POINT('',(4.27951284125,69.540717506614,
    -31.49868171585));
#4851 = CARTESIAN_POINT('',(4.599027120818,69.476952951372,
    -31.49371830048));
#4852 = CARTESIAN_POINT('',(4.757790408793,69.428742748927,
    -31.4900044943));
#4853 = CARTESIAN_POINT('',(5.060359718479,69.303051018242,
    -31.4807879465));
#4854 = CARTESIAN_POINT('',(5.203854231471,69.226172473696,
    -31.4753287876));
#4855 = CARTESIAN_POINT('',(5.475417096945,69.044585750155,
    -31.46333700416));
#4856 = CARTESIAN_POINT('',(5.603919225066,68.938965103847,
    -31.45676169122));
#4857 = CARTESIAN_POINT('',(5.83424692208,68.708294076631,
    -31.44380572492));
#4858 = CARTESIAN_POINT('',(5.937619794768,68.58242791334,
    -31.43736213877));
#4859 = CARTESIAN_POINT('',(6.120200937287,68.30907525781,-31.4252859749
    ));
#4860 = CARTESIAN_POINT('',(6.197712850685,68.163654432197,
    -31.41976581176));
#4861 = CARTESIAN_POINT('',(6.322219521208,67.862830967281,
    -31.41061080717));
#4862 = CARTESIAN_POINT('',(6.37014978326,67.705203182,-31.40690858755)
  );
#4863 = CARTESIAN_POINT('',(6.434194752094,67.382503942921,
    -31.40190771969));
#4864 = CARTESIAN_POINT('',(6.450000061997,67.220271943807,
    -31.40063693621));
#4865 = CARTESIAN_POINT('',(6.450000061411,67.057179667998,
    -31.40063693621));
#4866 = ORIENTED_EDGE('',*,*,#4867,.F.);
#4867 = EDGE_CURVE('',#4868,#4831,#4870,.T.);
#4868 = VERTEX_POINT('',#4869);
#4869 = CARTESIAN_POINT('',(1.450000015959,54.395597081765,
    -31.40063693621));
#4870 = LINE('',#4871,#4872);
#4871 = CARTESIAN_POINT('',(1.450000473853,181.95000000897,
    -31.40063693621));
#4872 = VECTOR('',#4873,1.);
#4873 = DIRECTION('',(3.589793573511E-09,1.,-1.110223024625E-16));
#4874 = ORIENTED_EDGE('',*,*,#4875,.T.);
#4875 = EDGE_CURVE('',#4868,#4876,#4878,.T.);
#4876 = VERTEX_POINT('',#4877);
#4877 = CARTESIAN_POINT('',(-21.99374926581,54.395597165923,
    -17.86538197756));
#4878 = CIRCLE('',#4879,31.5);
#4879 = AXIS2_PLACEMENT_3D('',#4880,#4881,#4882);
#4880 = CARTESIAN_POINT('',(3.950000015959,54.39559707279,
    -6.522859916508E-15));
#4881 = DIRECTION('',(3.589793573511E-09,1.,-1.110223024625E-16));
#4882 = DIRECTION('',(-1.,3.589793573511E-09,-3.985471478963E-25));
#4883 = ORIENTED_EDGE('',*,*,#4884,.F.);
#4884 = EDGE_CURVE('',#4885,#4876,#4887,.T.);
#4885 = VERTEX_POINT('',#4886);
#4886 = CARTESIAN_POINT('',(-21.99374922036,67.057179770105,
    -17.86538197756));
#4887 = LINE('',#4888,#4889);
#4888 = CARTESIAN_POINT('',(-21.99374880792,181.95000009313,
    -17.86538197756));
#4889 = VECTOR('',#4890,1.);
#4890 = DIRECTION('',(-3.589793573511E-09,-1.,1.110223024625E-16));
#4891 = ORIENTED_EDGE('',*,*,#4892,.F.);
#4892 = EDGE_CURVE('',#4893,#4885,#4895,.T.);
#4893 = VERTEX_POINT('',#4894);
#4894 = CARTESIAN_POINT('',(-24.49374922036,67.05717977908,
    -13.53525495864));
#4895 = B_SPLINE_CURVE_WITH_KNOTS('',3,(#4896,#4897,#4898,#4899,#4900,
    #4901,#4902,#4903,#4904,#4905,#4906,#4907,#4908,#4909,#4910,#4911,
    #4912,#4913,#4914,#4915,#4916,#4917,#4918,#4919,#4920,#4921,#4922,
    #4923,#4924,#4925),.UNSPECIFIED.,.F.,.F.,(4,2,2,2,2,2,2,2,2,2,2,2,2,
    2,4),(7.819212197523E-03,8.307799928509E-03,8.796387659495E-03,
    9.773563121467E-03,1.026215085245E-02,1.075073858344E-02,
    1.123932631442E-02,1.172791404541E-02,1.22165017764E-02,
    1.270508950738E-02,1.319367723837E-02,1.368226496935E-02,
    1.417085270034E-02,1.465944043133E-02,1.56366158933E-02),
  .UNSPECIFIED.);
#4896 = CARTESIAN_POINT('',(-24.49374922036,67.05717977908,
    -13.53525495864));
#4897 = CARTESIAN_POINT('',(-24.49374921977,67.220336701456,
    -13.53525495864));
#4898 = CARTESIAN_POINT('',(-24.48694146907,67.382536508579,
    -13.54958988163));
#4899 = CARTESIAN_POINT('',(-24.45927750865,67.704979752566,
    -13.60749710453));
#4900 = CARTESIAN_POINT('',(-24.43848941416,67.862884941741,
    -13.65091804276));
#4901 = CARTESIAN_POINT('',(-24.35698261811,68.314185365838,
    -13.81956310609));
#4902 = CARTESIAN_POINT('',(-24.27517778185,68.593098192737,
    -13.98722778106));
#4903 = CARTESIAN_POINT('',(-24.11928064334,68.93902768382,
    -14.29611072065));
#4904 = CARTESIAN_POINT('',(-24.0607375424,69.04462403169,
    -14.41065799884));
#4905 = CARTESIAN_POINT('',(-23.93529674697,69.226256941184,
    -14.65191820014));
#4906 = CARTESIAN_POINT('',(-23.8682800795,69.303108956755,
    -14.77890970248));
#4907 = CARTESIAN_POINT('',(-23.72505765237,69.428722794821,
    -15.04540004482));
#4908 = CARTESIAN_POINT('',(-23.64882832818,69.476979737834,
    -15.18486769315));
#4909 = CARTESIAN_POINT('',(-23.49334632786,69.540737581962,
    -15.46409629706));
#4910 = CARTESIAN_POINT('',(-23.41330061626,69.557047643668,
    -15.60535197468));
#4911 = CARTESIAN_POINT('',(-23.24828921365,69.557310322673,
    -15.89120180299));
#4912 = CARTESIAN_POINT('',(-23.16572987859,69.541189933426,
    -16.03161643949));
#4913 = CARTESIAN_POINT('',(-23.0016802125,69.477898598997,
    -16.3059028045));
#4914 = CARTESIAN_POINT('',(-22.91916522728,69.429998866329,
    -16.44143945893));
#4915 = CARTESIAN_POINT('',(-22.759694414,69.304653164396,
    -16.69925734425));
#4916 = CARTESIAN_POINT('',(-22.68316428755,69.227955424134,
    -16.82091096711));
#4917 = CARTESIAN_POINT('',(-22.5369530735,69.046858857143,
    -17.05021415313));
#4918 = CARTESIAN_POINT('',(-22.46690689171,68.941402238749,
    -17.15839097805));
#4919 = CARTESIAN_POINT('',(-22.34030316342,68.710967647938,
    -17.35175237021));
#4920 = CARTESIAN_POINT('',(-22.28296276502,68.585269222977,
    -17.43817804301));
#4921 = CARTESIAN_POINT('',(-22.18109051881,68.312439754687,
    -17.59046608972));
#4922 = CARTESIAN_POINT('',(-22.13734860668,68.166864826373,
    -17.65514550843));
#4923 = CARTESIAN_POINT('',(-22.03171543536,67.715874627453,
    -17.81056299986));
#4924 = CARTESIAN_POINT('',(-21.99374921917,67.387604843369,
    -17.86538197756));
#4925 = CARTESIAN_POINT('',(-21.99374922036,67.057179770105,
    -17.86538197756));
#4926 = ORIENTED_EDGE('',*,*,#4927,.F.);
#4927 = EDGE_CURVE('',#4548,#4893,#4928,.T.);
#4928 = LINE('',#4929,#4930);
#4929 = CARTESIAN_POINT('',(-24.49374880792,181.9500001021,
    -13.53525495864));
#4930 = VECTOR('',#4931,1.);
#4931 = DIRECTION('',(3.589793573511E-09,1.,-1.110223024625E-16));
#4932 = ORIENTED_EDGE('',*,*,#4547,.T.);
#4933 = ORIENTED_EDGE('',*,*,#4582,.T.);
#4934 = CYLINDRICAL_SURFACE('',#4935,31.5);
#4935 = AXIS2_PLACEMENT_3D('',#4936,#4937,#4938);
#4936 = CARTESIAN_POINT('',(3.950000473853,181.95,-2.068424341872E-14));
#4937 = DIRECTION('',(3.589793573511E-09,1.,-1.110223024625E-16));
#4938 = DIRECTION('',(-1.,3.589793573511E-09,-3.985471478963E-25));
#4939 = ADVANCED_FACE('',(#4940),#4960,.T.);
#4940 = FACE_BOUND('',#4941,.T.);
#4941 = EDGE_LOOP('',(#4942,#4949,#4950,#4959));
#4942 = ORIENTED_EDGE('',*,*,#4943,.F.);
#4943 = EDGE_CURVE('',#4876,#4273,#4944,.T.);
#4944 = B_SPLINE_CURVE_WITH_KNOTS('',3,(#4945,#4946,#4947,#4948),
  .UNSPECIFIED.,.F.,.F.,(4,4),(1.97174559663E-07,2.087649043643E-04),
  .PIECEWISE_BEZIER_KNOTS.);
#4945 = CARTESIAN_POINT('',(-21.99374926581,54.395597165923,
    -17.86538197756));
#4946 = CARTESIAN_POINT('',(-21.99374926606,54.325084347032,
    -17.86538197756));
#4947 = CARTESIAN_POINT('',(-21.95980187332,54.257566776892,
    -17.84578244108));
#4948 = CARTESIAN_POINT('',(-21.90687180713,54.222392084854,
    -17.81522325305));
#4949 = ORIENTED_EDGE('',*,*,#4875,.F.);
#4950 = ORIENTED_EDGE('',*,*,#4951,.F.);
#4951 = EDGE_CURVE('',#4282,#4868,#4952,.T.);
#4952 = B_SPLINE_CURVE_WITH_KNOTS('',3,(#4953,#4954,#4955,#4956,#4957,
    #4958),.UNSPECIFIED.,.F.,.F.,(4,2,4),(1.123461950873E-03,
    1.227608129833E-03,1.331754308793E-03),.UNSPECIFIED.);
#4953 = CARTESIAN_POINT('',(1.450000015337,54.222392001008,
    -31.30031948718));
#4954 = CARTESIAN_POINT('',(1.450000015399,54.239749387556,
    -31.33047910544));
#4955 = CARTESIAN_POINT('',(1.450000015491,54.265218973481,
    -31.35614423412));
#4956 = CARTESIAN_POINT('',(1.450000015708,54.325817172034,
    -31.39127850783));
#4957 = CARTESIAN_POINT('',(1.450000015833,54.360684159735,
    -31.40063693621));
#4958 = CARTESIAN_POINT('',(1.450000015959,54.395597081765,
    -31.40063693621));
#4959 = ORIENTED_EDGE('',*,*,#4281,.T.);
#4960 = TOROIDAL_SURFACE('',#4961,31.3,0.2);
#4961 = AXIS2_PLACEMENT_3D('',#4962,#4963,#4964);
#4962 = CARTESIAN_POINT('',(3.950000015959,54.39559707279,
    -6.522859916508E-15));
#4963 = DIRECTION('',(3.589793573511E-09,1.,-1.110223024625E-16));
#4964 = DIRECTION('',(-1.,3.589793573511E-09,-3.985471478963E-25));
#4965 = ADVANCED_FACE('',(#4966),#4986,.T.);
#4966 = FACE_BOUND('',#4967,.T.);
#4967 = EDGE_LOOP('',(#4968,#4977,#4978,#4985));
#4968 = ORIENTED_EDGE('',*,*,#4969,.F.);
#4969 = EDGE_CURVE('',#4814,#4314,#4970,.T.);
#4970 = B_SPLINE_CURVE_WITH_KNOTS('',3,(#4971,#4972,#4973,#4974,#4975,
    #4976),.UNSPECIFIED.,.F.,.F.,(4,2,4),(1.173354500014E-03,
    1.277579093751E-03,1.381803687488E-03),.UNSPECIFIED.);
#4971 = CARTESIAN_POINT('',(6.450000015959,54.395597063816,
    -31.40063693621));
#4972 = CARTESIAN_POINT('',(6.450000015834,54.36084654957,
    -31.40063693621));
#4973 = CARTESIAN_POINT('',(6.450000015707,54.325460202581,
    -31.39110105429));
#4974 = CARTESIAN_POINT('',(6.450000015491,54.265321619554,
    -31.35617412913));
#4975 = CARTESIAN_POINT('',(6.4500000154,54.239901163365,-31.33074285723
    ));
#4976 = CARTESIAN_POINT('',(6.450000015337,54.222391983059,
    -31.30031948718));
#4977 = ORIENTED_EDGE('',*,*,#4813,.F.);
#4978 = ORIENTED_EDGE('',*,*,#4979,.F.);
#4979 = EDGE_CURVE('',#4326,#4806,#4980,.T.);
#4980 = B_SPLINE_CURVE_WITH_KNOTS('',3,(#4981,#4982,#4983,#4984),
  .UNSPECIFIED.,.F.,.F.,(4,4),(3.960358431566E-07,2.092209692328E-04),
  .PIECEWISE_BEZIER_KNOTS.);
#4981 = CARTESIAN_POINT('',(29.80687183781,54.222391899213,
    -17.81522325305));
#4982 = CARTESIAN_POINT('',(29.859851739108,54.257599708641,
    -17.84581121325));
#4983 = CARTESIAN_POINT('',(29.89374929748,54.324997595247,
    -17.86538197756));
#4984 = CARTESIAN_POINT('',(29.893749297733,54.395596979658,
    -17.86538197756));
#4985 = ORIENTED_EDGE('',*,*,#4325,.T.);
#4986 = TOROIDAL_SURFACE('',#4987,31.3,0.2);
#4987 = AXIS2_PLACEMENT_3D('',#4988,#4989,#4990);
#4988 = CARTESIAN_POINT('',(3.950000015959,54.39559707279,
    -6.522859916508E-15));
#4989 = DIRECTION('',(3.589793573511E-09,1.,-1.110223024625E-16));
#4990 = DIRECTION('',(-1.,3.589793573511E-09,-3.985471478963E-25));
#4991 = ADVANCED_FACE('',(#4992),#5010,.T.);
#4992 = FACE_BOUND('',#4993,.T.);
#4993 = EDGE_LOOP('',(#4994,#5001,#5002,#5009));
#4994 = ORIENTED_EDGE('',*,*,#4995,.F.);
#4995 = EDGE_CURVE('',#4754,#4353,#4996,.T.);
#4996 = B_SPLINE_CURVE_WITH_KNOTS('',3,(#4997,#4998,#4999,#5000),
  .UNSPECIFIED.,.F.,.F.,(4,4),(1.971745596069E-07,2.087649043643E-04),
  .PIECEWISE_BEZIER_KNOTS.);
#4997 = CARTESIAN_POINT('',(32.393749297733,54.395596970683,
    -13.53525495864));
#4998 = CARTESIAN_POINT('',(32.39374929748,54.325084151792,
    -13.53525495864));
#4999 = CARTESIAN_POINT('',(32.359801904248,54.257566581895,
    -13.51565542216));
#5000 = CARTESIAN_POINT('',(32.30687183781,54.222391890238,
    -13.48509623413));
#5001 = ORIENTED_EDGE('',*,*,#4753,.F.);
#5002 = ORIENTED_EDGE('',*,*,#5003,.F.);
#5003 = EDGE_CURVE('',#4362,#4746,#5004,.T.);
#5004 = B_SPLINE_CURVE_WITH_KNOTS('',3,(#5005,#5006,#5007,#5008),
  .UNSPECIFIED.,.F.,.F.,(4,4),(3.960358431358E-07,2.092209692328E-04),
  .PIECEWISE_BEZIER_KNOTS.);
#5005 = CARTESIAN_POINT('',(32.30687183781,54.222391890238,
    13.485096234133));
#5006 = CARTESIAN_POINT('',(32.359851739108,54.257599699667,
    13.515684194335));
#5007 = CARTESIAN_POINT('',(32.39374929748,54.324997586272,
    13.535254958646));
#5008 = CARTESIAN_POINT('',(32.393749297733,54.395596970683,
    13.535254958646));
#5009 = ORIENTED_EDGE('',*,*,#4361,.T.);
#5010 = TOROIDAL_SURFACE('',#5011,31.3,0.2);
#5011 = AXIS2_PLACEMENT_3D('',#5012,#5013,#5014);
#5012 = CARTESIAN_POINT('',(3.950000015959,54.39559707279,
    -6.522859916508E-15));
#5013 = DIRECTION('',(3.589793573511E-09,1.,-1.110223024625E-16));
#5014 = DIRECTION('',(-1.,3.589793573511E-09,-3.985471478963E-25));
#5015 = ADVANCED_FACE('',(#5016),#5036,.T.);
#5016 = FACE_BOUND('',#5017,.T.);
#5017 = EDGE_LOOP('',(#5018,#5025,#5026,#5035));
#5018 = ORIENTED_EDGE('',*,*,#5019,.F.);
#5019 = EDGE_CURVE('',#4694,#4389,#5020,.T.);
#5020 = B_SPLINE_CURVE_WITH_KNOTS('',3,(#5021,#5022,#5023,#5024),
  .UNSPECIFIED.,.F.,.F.,(4,4),(1.97174559663E-07,2.087649043643E-04),
  .PIECEWISE_BEZIER_KNOTS.);
#5021 = CARTESIAN_POINT('',(29.893749297733,54.395596979658,
    17.865381977569));
#5022 = CARTESIAN_POINT('',(29.89374929748,54.325084160766,
    17.865381977569));
#5023 = CARTESIAN_POINT('',(29.859801904248,54.25756659087,
    17.845782441088));
#5024 = CARTESIAN_POINT('',(29.80687183781,54.222391899213,
    17.815223253055));
#5025 = ORIENTED_EDGE('',*,*,#4693,.F.);
#5026 = ORIENTED_EDGE('',*,*,#5027,.F.);
#5027 = EDGE_CURVE('',#4398,#4686,#5028,.T.);
#5028 = B_SPLINE_CURVE_WITH_KNOTS('',3,(#5029,#5030,#5031,#5032,#5033,
    #5034),.UNSPECIFIED.,.F.,.F.,(4,2,4),(3.23072660171E-04,
    4.273885281191E-04,5.317043960673E-04),.UNSPECIFIED.);
#5029 = CARTESIAN_POINT('',(6.450000015337,54.222391983059,
    31.300319487187));
#5030 = CARTESIAN_POINT('',(6.4500000154,54.239821189168,31.330603896731
    ));
#5031 = CARTESIAN_POINT('',(6.450000015492,54.265489242842,
    31.356325353268));
#5032 = CARTESIAN_POINT('',(6.450000015708,54.325756960367,
    31.391219113746));
#5033 = CARTESIAN_POINT('',(6.450000015833,54.360515081102,
    31.400636936215));
#5034 = CARTESIAN_POINT('',(6.450000015959,54.395597063816,
    31.400636936215));
#5035 = ORIENTED_EDGE('',*,*,#4397,.T.);
#5036 = TOROIDAL_SURFACE('',#5037,31.3,0.2);
#5037 = AXIS2_PLACEMENT_3D('',#5038,#5039,#5040);
#5038 = CARTESIAN_POINT('',(3.950000015959,54.39559707279,
    -6.522859916508E-15));
#5039 = DIRECTION('',(3.589793573511E-09,1.,-1.110223024625E-16));
#5040 = DIRECTION('',(-1.,3.589793573511E-09,-3.985471478963E-25));
#5041 = ADVANCED_FACE('',(#5042),#5072,.T.);
#5042 = FACE_BOUND('',#5043,.T.);
#5043 = EDGE_LOOP('',(#5044,#5053,#5064,#5071));
#5044 = ORIENTED_EDGE('',*,*,#5045,.F.);
#5045 = EDGE_CURVE('',#5046,#5046,#5048,.T.);
#5046 = VERTEX_POINT('',#5047);
#5047 = CARTESIAN_POINT('',(-13.,49.950000060847,-6.029299500421E-15));
#5048 = CIRCLE('',#5049,16.950000000003);
#5049 = AXIS2_PLACEMENT_3D('',#5050,#5051,#5052);
#5050 = CARTESIAN_POINT('',(3.95,49.95,-6.029299493666E-15));
#5051 = DIRECTION('',(3.589793573511E-09,1.,-1.110223024625E-16));
#5052 = DIRECTION('',(-1.,3.589793573511E-09,-3.985471478963E-25));
#5053 = ORIENTED_EDGE('',*,*,#5054,.F.);
#5054 = EDGE_CURVE('',#5055,#5046,#5057,.T.);
#5055 = VERTEX_POINT('',#5056);
#5056 = CARTESIAN_POINT('',(-12.79999999928,50.150000060129,
    -6.051503960834E-15));
#5057 = B_SPLINE_CURVE_WITH_KNOTS('',5,(#5058,#5059,#5060,#5061,#5062,
    #5063),.UNSPECIFIED.,.F.,.F.,(6,6),(3.14159265359,4.712388980385),
  .PIECEWISE_BEZIER_KNOTS.);
#5058 = CARTESIAN_POINT('',(-12.79999999928,50.150000060129,
    -1.015407073798E-14));
#5059 = CARTESIAN_POINT('',(-12.79999999951,50.087168207058,
    -1.014709500098E-14));
#5060 = CARTESIAN_POINT('',(-12.82460300054,50.024277731544,
    -1.014613875283E-14));
#5061 = CARTESIAN_POINT('',(-12.87427767124,49.974603061205,
    -1.01527905418E-14));
#5062 = CARTESIAN_POINT('',(-12.93716814693,49.950000060621,
    -1.016546278396E-14));
#5063 = CARTESIAN_POINT('',(-13.,49.950000060847,-1.018085214953E-14));
#5064 = ORIENTED_EDGE('',*,*,#5065,.T.);
#5065 = EDGE_CURVE('',#5055,#5055,#5066,.T.);
#5066 = CIRCLE('',#5067,16.750000000003);
#5067 = AXIS2_PLACEMENT_3D('',#5068,#5069,#5070);
#5068 = CARTESIAN_POINT('',(3.950000000718,50.15,-6.051503954158E-15));
#5069 = DIRECTION('',(3.589793573511E-09,1.,-1.110223024625E-16));
#5070 = DIRECTION('',(-1.,3.589793573511E-09,-3.985471478963E-25));
#5071 = ORIENTED_EDGE('',*,*,#5054,.T.);
#5072 = TOROIDAL_SURFACE('',#5073,16.950000000003,0.2);
#5073 = AXIS2_PLACEMENT_3D('',#5074,#5075,#5076);
#5074 = CARTESIAN_POINT('',(3.950000000718,50.15,-6.051503954158E-15));
#5075 = DIRECTION('',(3.589793573511E-09,1.,-1.110223024625E-16));
#5076 = DIRECTION('',(-1.,3.589793573511E-09,-3.985471478963E-25));
#5077 = ADVANCED_FACE('',(#5078,#5089),#5092,.F.);
#5078 = FACE_BOUND('',#5079,.T.);
#5079 = EDGE_LOOP('',(#5080));
#5080 = ORIENTED_EDGE('',*,*,#5081,.F.);
#5081 = EDGE_CURVE('',#5082,#5082,#5084,.T.);
#5082 = VERTEX_POINT('',#5083);
#5083 = CARTESIAN_POINT('',(-19.835640646,49.950000085386,
    -6.029299503146E-15));
#5084 = CIRCLE('',#5085,23.785640646003);
#5085 = AXIS2_PLACEMENT_3D('',#5086,#5087,#5088);
#5086 = CARTESIAN_POINT('',(3.95,49.95,-6.029299493666E-15));
#5087 = DIRECTION('',(3.589793573511E-09,1.,-1.110223024625E-16));
#5088 = DIRECTION('',(-1.,3.589793573511E-09,-3.985471478963E-25));
#5089 = FACE_BOUND('',#5090,.T.);
#5090 = EDGE_LOOP('',(#5091));
#5091 = ORIENTED_EDGE('',*,*,#5045,.T.);
#5092 = PLANE('',#5093);
#5093 = AXIS2_PLACEMENT_3D('',#5094,#5095,#5096);
#5094 = CARTESIAN_POINT('',(3.95,49.95,16.950000000003));
#5095 = DIRECTION('',(3.589793573511E-09,1.,-1.110223024625E-16));
#5096 = DIRECTION('',(-1.,3.589793573511E-09,-3.985471478963E-25));
#5097 = ADVANCED_FACE('',(#5098),#5111,.T.);
#5098 = FACE_BOUND('',#5099,.T.);
#5099 = EDGE_LOOP('',(#5100,#5101,#5109,#5110));
#5100 = ORIENTED_EDGE('',*,*,#4229,.F.);
#5101 = ORIENTED_EDGE('',*,*,#5102,.F.);
#5102 = EDGE_CURVE('',#5082,#4230,#5103,.T.);
#5103 = B_SPLINE_CURVE_WITH_KNOTS('',4,(#5104,#5105,#5106,#5107,#5108),
  .UNSPECIFIED.,.F.,.F.,(5,5),(4.712388980385,5.235987755983),
  .PIECEWISE_BEZIER_KNOTS.);
#5104 = CARTESIAN_POINT('',(-19.835640646,49.950000085386,
    -1.18551012397E-14));
#5105 = CARTESIAN_POINT('',(-19.94036040112,49.950000085761,
    -1.188075018233E-14));
#5106 = CARTESIAN_POINT('',(-20.04510139516,49.968281927825,
    -1.190843401916E-14));
#5107 = CARTESIAN_POINT('',(-20.14495067759,50.004819885909,
    -1.193694656825E-14));
#5108 = CARTESIAN_POINT('',(-20.23564064561,50.057179763794,
    -1.196497231831E-14));
#5109 = ORIENTED_EDGE('',*,*,#5081,.T.);
#5110 = ORIENTED_EDGE('',*,*,#5102,.T.);
#5111 = TOROIDAL_SURFACE('',#5112,23.785640646003,0.8);
#5112 = AXIS2_PLACEMENT_3D('',#5113,#5114,#5115);
#5113 = CARTESIAN_POINT('',(3.950000002872,50.75,-6.118117335636E-15));
#5114 = DIRECTION('',(3.589793573511E-09,1.,-1.110223024625E-16));
#5115 = DIRECTION('',(-1.,3.589793573511E-09,-3.985471478963E-25));
#5116 = ADVANCED_FACE('',(#5117),#5140,.T.);
#5117 = FACE_BOUND('',#5118,.T.);
#5118 = EDGE_LOOP('',(#5119,#5128,#5138,#5139));
#5119 = ORIENTED_EDGE('',*,*,#5120,.F.);
#5120 = EDGE_CURVE('',#5121,#5121,#5123,.T.);
#5121 = VERTEX_POINT('',#5122);
#5122 = CARTESIAN_POINT('',(-26.04999990846,75.450000107694,
    -8.860368218416E-15));
#5123 = CIRCLE('',#5124,30.);
#5124 = AXIS2_PLACEMENT_3D('',#5125,#5126,#5127);
#5125 = CARTESIAN_POINT('',(3.95000009154,75.45,-8.86036820646E-15));
#5126 = DIRECTION('',(3.589793573511E-09,1.,-1.110223024625E-16));
#5127 = DIRECTION('',(-1.,3.589793573511E-09,-3.985471478963E-25));
#5128 = ORIENTED_EDGE('',*,*,#5129,.F.);
#5129 = EDGE_CURVE('',#4574,#5121,#5130,.T.);
#5130 = B_SPLINE_CURVE_WITH_KNOTS('',6,(#5131,#5132,#5133,#5134,#5135,
    #5136,#5137),.UNSPECIFIED.,.F.,.F.,(7,7),(0.,1.570796326795),
  .PIECEWISE_BEZIER_KNOTS.);
#5131 = CARTESIAN_POINT('',(-27.54999991384,73.950000113078,
    -1.640910959995E-14));
#5132 = CARTESIAN_POINT('',(-27.54999991243,74.342699194777,
    -1.645270795617E-14));
#5133 = CARTESIAN_POINT('',(-27.42665838199,74.735364863694,
    -1.646609264109E-14));
#5134 = CARTESIAN_POINT('',(-27.17978513425,75.079785336209,
    -1.644386448874E-14));
#5135 = CARTESIAN_POINT('',(-26.83536465996,75.326658581483,
    -1.638691423878E-14));
#5136 = CARTESIAN_POINT('',(-26.44269899015,75.450000109103,
    -1.630443254814E-14));
#5137 = CARTESIAN_POINT('',(-26.04999990846,75.450000107694,
    -1.62082490133E-14));
#5138 = ORIENTED_EDGE('',*,*,#4573,.T.);
#5139 = ORIENTED_EDGE('',*,*,#5129,.T.);
#5140 = TOROIDAL_SURFACE('',#5141,30.,1.5);
#5141 = AXIS2_PLACEMENT_3D('',#5142,#5143,#5144);
#5142 = CARTESIAN_POINT('',(3.950000086155,73.95,-8.693834752766E-15));
#5143 = DIRECTION('',(3.589793573511E-09,1.,-1.110223024625E-16));
#5144 = DIRECTION('',(-1.,3.589793573511E-09,-3.985471478963E-25));
#5145 = ADVANCED_FACE('',(#5146,#5157),#5160,.F.);
#5146 = FACE_BOUND('',#5147,.T.);
#5147 = EDGE_LOOP('',(#5148));
#5148 = ORIENTED_EDGE('',*,*,#5149,.F.);
#5149 = EDGE_CURVE('',#5150,#5150,#5152,.T.);
#5150 = VERTEX_POINT('',#5151);
#5151 = CARTESIAN_POINT('',(-20.29999990846,75.450000087052,
    -8.860368216125E-15));
#5152 = CIRCLE('',#5153,24.25);
#5153 = AXIS2_PLACEMENT_3D('',#5154,#5155,#5156);
#5154 = CARTESIAN_POINT('',(3.95000009154,75.45,-8.86036820646E-15));
#5155 = DIRECTION('',(3.589793573511E-09,1.,-1.110223024625E-16));
#5156 = DIRECTION('',(-1.,3.589793573511E-09,-3.985471478963E-25));
#5157 = FACE_BOUND('',#5158,.T.);
#5158 = EDGE_LOOP('',(#5159));
#5159 = ORIENTED_EDGE('',*,*,#5120,.T.);
#5160 = PLANE('',#5161);
#5161 = AXIS2_PLACEMENT_3D('',#5162,#5163,#5164);
#5162 = CARTESIAN_POINT('',(3.95000009154,75.45,30.));
#5163 = DIRECTION('',(-3.589793573511E-09,-1.,1.110223024625E-16));
#5164 = DIRECTION('',(1.,-3.589793573511E-09,3.985471478963E-25));
#5165 = ADVANCED_FACE('',(#5166),#5184,.F.);
#5166 = FACE_BOUND('',#5167,.F.);
#5167 = EDGE_LOOP('',(#5168,#5177,#5182,#5183));
#5168 = ORIENTED_EDGE('',*,*,#5169,.T.);
#5169 = EDGE_CURVE('',#5170,#5170,#5172,.T.);
#5170 = VERTEX_POINT('',#5171);
#5171 = CARTESIAN_POINT('',(-20.29999994525,65.200000087064,
    -7.722389615885E-15));
#5172 = CIRCLE('',#5173,24.25);
#5173 = AXIS2_PLACEMENT_3D('',#5174,#5175,#5176);
#5174 = CARTESIAN_POINT('',(3.950000054744,65.200000000011,
    -7.72238960622E-15));
#5175 = DIRECTION('',(3.589793573511E-09,1.,-1.110223024625E-16));
#5176 = DIRECTION('',(-1.,3.589793573511E-09,-3.985471478963E-25));
#5177 = ORIENTED_EDGE('',*,*,#5178,.T.);
#5178 = EDGE_CURVE('',#5170,#5150,#5179,.T.);
#5179 = B_SPLINE_CURVE_WITH_KNOTS('',1,(#5180,#5181),.UNSPECIFIED.,.F.,
  .F.,(2,2),(-116.7499999999,-106.5),.PIECEWISE_BEZIER_KNOTS.);
#5180 = CARTESIAN_POINT('',(-20.29999994525,65.200000087064,
    -7.722389615885E-15));
#5181 = CARTESIAN_POINT('',(-20.29999990846,75.450000087052,
    -8.860368216125E-15));
#5182 = ORIENTED_EDGE('',*,*,#5149,.F.);
#5183 = ORIENTED_EDGE('',*,*,#5178,.F.);
#5184 = CYLINDRICAL_SURFACE('',#5185,24.25);
#5185 = AXIS2_PLACEMENT_3D('',#5186,#5187,#5188);
#5186 = CARTESIAN_POINT('',(3.950000473853,181.95,-2.068424341872E-14));
#5187 = DIRECTION('',(3.589793573511E-09,1.,-1.110223024625E-16));
#5188 = DIRECTION('',(-1.,3.589793573511E-09,-3.985471478963E-25));
#5189 = ADVANCED_FACE('',(#5190),#5208,.F.);
#5190 = FACE_BOUND('',#5191,.F.);
#5191 = EDGE_LOOP('',(#5192,#5201,#5206,#5207));
#5192 = ORIENTED_EDGE('',*,*,#5193,.T.);
#5193 = EDGE_CURVE('',#5194,#5194,#5196,.T.);
#5194 = VERTEX_POINT('',#5195);
#5195 = CARTESIAN_POINT('',(-20.04999994615,64.950000086166,
    -7.69463404017E-15));
#5196 = CIRCLE('',#5197,24.);
#5197 = AXIS2_PLACEMENT_3D('',#5198,#5199,#5200);
#5198 = CARTESIAN_POINT('',(3.950000053847,64.950000000011,
    -7.694634030605E-15));
#5199 = DIRECTION('',(3.589793573511E-09,1.,-1.110223024625E-16));
#5200 = DIRECTION('',(-1.,3.589793573511E-09,-3.985471478963E-25));
#5201 = ORIENTED_EDGE('',*,*,#5202,.T.);
#5202 = EDGE_CURVE('',#5194,#5170,#5203,.T.);
#5203 = B_SPLINE_CURVE_WITH_KNOTS('',1,(#5204,#5205),.UNSPECIFIED.,.F.,
  .F.,(2,2),(-0.353553390593,0.),.PIECEWISE_BEZIER_KNOTS.);
#5204 = CARTESIAN_POINT('',(-20.04999994615,64.950000086166,
    -7.69463404017E-15));
#5205 = CARTESIAN_POINT('',(-20.29999994525,65.200000087064,
    -7.722389615885E-15));
#5206 = ORIENTED_EDGE('',*,*,#5169,.F.);
#5207 = ORIENTED_EDGE('',*,*,#5202,.F.);
#5208 = CONICAL_SURFACE('',#5209,24.25,0.785398163397);
#5209 = AXIS2_PLACEMENT_3D('',#5210,#5211,#5212);
#5210 = CARTESIAN_POINT('',(3.950000054744,65.200000000011,
    -7.72238960622E-15));
#5211 = DIRECTION('',(3.589793573511E-09,1.,-1.110223024625E-16));
#5212 = DIRECTION('',(-1.,3.589793573511E-09,-3.985471478963E-25));
#5213 = ADVANCED_FACE('',(#5214),#5232,.F.);
#5214 = FACE_BOUND('',#5215,.F.);
#5215 = EDGE_LOOP('',(#5216,#5225,#5230,#5231));
#5216 = ORIENTED_EDGE('',*,*,#5217,.T.);
#5217 = EDGE_CURVE('',#5218,#5218,#5220,.T.);
#5218 = VERTEX_POINT('',#5219);
#5219 = CARTESIAN_POINT('',(-20.04999995153,63.450000086166,
    -7.528100586476E-15));
#5220 = CIRCLE('',#5221,24.);
#5221 = AXIS2_PLACEMENT_3D('',#5222,#5223,#5224);
#5222 = CARTESIAN_POINT('',(3.950000048462,63.450000000011,
    -7.528100576911E-15));
#5223 = DIRECTION('',(3.589793573511E-09,1.,-1.110223024625E-16));
#5224 = DIRECTION('',(-1.,3.589793573511E-09,-3.985471478963E-25));
#5225 = ORIENTED_EDGE('',*,*,#5226,.T.);
#5226 = EDGE_CURVE('',#5218,#5194,#5227,.T.);
#5227 = B_SPLINE_CURVE_WITH_KNOTS('',1,(#5228,#5229),.UNSPECIFIED.,.F.,
  .F.,(2,2),(-118.4999999999,-116.9999999999),.PIECEWISE_BEZIER_KNOTS.);
#5228 = CARTESIAN_POINT('',(-20.04999995153,63.450000086166,
    -7.528100586476E-15));
#5229 = CARTESIAN_POINT('',(-20.04999994615,64.950000086166,
    -7.69463404017E-15));
#5230 = ORIENTED_EDGE('',*,*,#5193,.F.);
#5231 = ORIENTED_EDGE('',*,*,#5226,.F.);
#5232 = CYLINDRICAL_SURFACE('',#5233,24.);
#5233 = AXIS2_PLACEMENT_3D('',#5234,#5235,#5236);
#5234 = CARTESIAN_POINT('',(3.950000473853,181.95,-2.068424341872E-14));
#5235 = DIRECTION('',(3.589793573511E-09,1.,-1.110223024625E-16));
#5236 = DIRECTION('',(-1.,3.589793573511E-09,-3.985471478963E-25));
#5237 = ADVANCED_FACE('',(#5238),#5256,.F.);
#5238 = FACE_BOUND('',#5239,.F.);
#5239 = EDGE_LOOP('',(#5240,#5249,#5254,#5255));
#5240 = ORIENTED_EDGE('',*,*,#5241,.T.);
#5241 = EDGE_CURVE('',#5242,#5242,#5244,.T.);
#5242 = VERTEX_POINT('',#5243);
#5243 = CARTESIAN_POINT('',(-21.21961520107,61.42416706546,
    -7.303187940113E-15));
#5244 = CIRCLE('',#5245,25.169615242262);
#5245 = AXIS2_PLACEMENT_3D('',#5246,#5247,#5248);
#5246 = CARTESIAN_POINT('',(3.95000004119,61.424166975106,
    -7.303187930081E-15));
#5247 = DIRECTION('',(3.589793573511E-09,1.,-1.110223024625E-16));
#5248 = DIRECTION('',(-1.,3.589793573511E-09,-3.985471478963E-25));
#5249 = ORIENTED_EDGE('',*,*,#5250,.F.);
#5250 = EDGE_CURVE('',#5218,#5242,#5251,.T.);
#5251 = B_SPLINE_CURVE_WITH_KNOTS('',1,(#5252,#5253),.UNSPECIFIED.,.F.,
  .F.,(2,2),(2.465190328816E-32,2.339230484524),
  .PIECEWISE_BEZIER_KNOTS.);
#5252 = CARTESIAN_POINT('',(-20.04999995153,63.450000086166,
    1.289356367385E-15));
#5253 = CARTESIAN_POINT('',(-21.21961520107,61.42416706546,
    1.943978682549E-15));
#5254 = ORIENTED_EDGE('',*,*,#5217,.F.);
#5255 = ORIENTED_EDGE('',*,*,#5250,.T.);
#5256 = CONICAL_SURFACE('',#5257,24.,0.523598775598);
#5257 = AXIS2_PLACEMENT_3D('',#5258,#5259,#5260);
#5258 = CARTESIAN_POINT('',(3.950000048462,63.450000000011,
    -7.528100576911E-15));
#5259 = DIRECTION('',(-3.589793573511E-09,-1.,1.110223024625E-16));
#5260 = DIRECTION('',(1.,-3.589793573511E-09,3.985471478963E-25));
#5261 = ADVANCED_FACE('',(#5262),#5283,.F.);
#5262 = FACE_BOUND('',#5263,.F.);
#5263 = EDGE_LOOP('',(#5264,#5273,#5281,#5282));
#5264 = ORIENTED_EDGE('',*,*,#5265,.T.);
#5265 = EDGE_CURVE('',#5266,#5266,#5268,.T.);
#5266 = VERTEX_POINT('',#5267);
#5267 = CARTESIAN_POINT('',(-21.29999995987,61.124167065749,
    -7.269881249406E-15));
#5268 = CIRCLE('',#5269,25.249999999991);
#5269 = AXIS2_PLACEMENT_3D('',#5270,#5271,#5272);
#5270 = CARTESIAN_POINT('',(3.950000040113,61.124166975106,
    -7.269881239343E-15));
#5271 = DIRECTION('',(3.589793573511E-09,1.,-1.110223024625E-16));
#5272 = DIRECTION('',(-1.,3.589793573511E-09,-3.985471478963E-25));
#5273 = ORIENTED_EDGE('',*,*,#5274,.T.);
#5274 = EDGE_CURVE('',#5266,#5242,#5275,.T.);
#5275 = B_SPLINE_CURVE_WITH_KNOTS('',4,(#5276,#5277,#5278,#5279,#5280),
  .UNSPECIFIED.,.F.,.F.,(5,5),(0.,0.523598775598),
  .PIECEWISE_BEZIER_KNOTS.);
#5276 = CARTESIAN_POINT('',(-21.29999995987,61.124167065749,
    -7.269881249406E-15));
#5277 = CARTESIAN_POINT('',(-21.29999995959,61.202706882088,
    -7.278600920651E-15));
#5278 = CARTESIAN_POINT('',(-21.28628857804,61.281262627621,
    -7.287322360392E-15));
#5279 = CARTESIAN_POINT('',(-21.25888510948,61.356149589442,
    -7.295636483318E-15));
#5280 = CARTESIAN_POINT('',(-21.21961520107,61.42416706546,
    -7.303187940113E-15));
#5281 = ORIENTED_EDGE('',*,*,#5241,.F.);
#5282 = ORIENTED_EDGE('',*,*,#5274,.F.);
#5283 = TOROIDAL_SURFACE('',#5284,24.649999999991,0.6);
#5284 = AXIS2_PLACEMENT_3D('',#5285,#5286,#5287);
#5285 = CARTESIAN_POINT('',(3.950000040113,61.124166975106,
    -7.269881239343E-15));
#5286 = DIRECTION('',(3.589793573511E-09,1.,-1.110223024625E-16));
#5287 = DIRECTION('',(-1.,3.589793573511E-09,-3.985471478963E-25));
#5288 = ADVANCED_FACE('',(#5289),#5307,.F.);
#5289 = FACE_BOUND('',#5290,.F.);
#5290 = EDGE_LOOP('',(#5291,#5300,#5305,#5306));
#5291 = ORIENTED_EDGE('',*,*,#5292,.T.);
#5292 = EDGE_CURVE('',#5293,#5293,#5295,.T.);
#5293 = VERTEX_POINT('',#5294);
#5294 = CARTESIAN_POINT('',(-21.29999996373,60.050000090649,
    -7.150624758601E-15));
#5295 = CIRCLE('',#5296,25.249999999991);
#5296 = AXIS2_PLACEMENT_3D('',#5297,#5298,#5299);
#5297 = CARTESIAN_POINT('',(3.950000036257,60.050000000007,
    -7.150624748538E-15));
#5298 = DIRECTION('',(3.589793573511E-09,1.,-1.110223024625E-16));
#5299 = DIRECTION('',(-1.,3.589793573511E-09,-3.985471478963E-25));
#5300 = ORIENTED_EDGE('',*,*,#5301,.T.);
#5301 = EDGE_CURVE('',#5293,#5266,#5302,.T.);
#5302 = B_SPLINE_CURVE_WITH_KNOTS('',1,(#5303,#5304),.UNSPECIFIED.,.F.,
  .F.,(2,2),(-121.8999999999,-120.8258330248),.PIECEWISE_BEZIER_KNOTS.);
#5303 = CARTESIAN_POINT('',(-21.29999996373,60.050000090649,
    -7.150624758601E-15));
#5304 = CARTESIAN_POINT('',(-21.29999995987,61.124167065749,
    -7.269881249406E-15));
#5305 = ORIENTED_EDGE('',*,*,#5265,.F.);
#5306 = ORIENTED_EDGE('',*,*,#5301,.F.);
#5307 = CYLINDRICAL_SURFACE('',#5308,25.249999999991);
#5308 = AXIS2_PLACEMENT_3D('',#5309,#5310,#5311);
#5309 = CARTESIAN_POINT('',(3.950000473853,181.95,-2.068424341872E-14));
#5310 = DIRECTION('',(3.589793573511E-09,1.,-1.110223024625E-16));
#5311 = DIRECTION('',(-1.,3.589793573511E-09,-3.985471478963E-25));
#5312 = ADVANCED_FACE('',(#5313),#5336,.F.);
#5313 = FACE_BOUND('',#5314,.F.);
#5314 = EDGE_LOOP('',(#5315,#5324,#5334,#5335));
#5315 = ORIENTED_EDGE('',*,*,#5316,.T.);
#5316 = EDGE_CURVE('',#5317,#5317,#5319,.T.);
#5317 = VERTEX_POINT('',#5318);
#5318 = CARTESIAN_POINT('',(-20.69999996588,59.450000088495,
    -7.084011376885E-15));
#5319 = CIRCLE('',#5320,24.649999999991);
#5320 = AXIS2_PLACEMENT_3D('',#5321,#5322,#5323);
#5321 = CARTESIAN_POINT('',(3.950000034103,59.450000000007,
    -7.084011367061E-15));
#5322 = DIRECTION('',(3.589793573511E-09,1.,-1.110223024625E-16));
#5323 = DIRECTION('',(-1.,3.589793573511E-09,-3.985471478963E-25));
#5324 = ORIENTED_EDGE('',*,*,#5325,.T.);
#5325 = EDGE_CURVE('',#5317,#5293,#5326,.T.);
#5326 = B_SPLINE_CURVE_WITH_KNOTS('',6,(#5327,#5328,#5329,#5330,#5331,
    #5332,#5333),.UNSPECIFIED.,.F.,.F.,(7,7),(4.712388980385,
    6.28318530718),.PIECEWISE_BEZIER_KNOTS.);
#5327 = CARTESIAN_POINT('',(-20.69999996588,59.450000088495,
    -7.084011376885E-15));
#5328 = CARTESIAN_POINT('',(-20.85707959856,59.450000089059,
    -7.084011376947E-15));
#5329 = CARTESIAN_POINT('',(-21.01414586613,59.499336701235,
    -7.089488841227E-15));
#5330 = CARTESIAN_POINT('',(-21.15191405514,59.598086000334,
    -7.100452215779E-15));
#5331 = CARTESIAN_POINT('',(-21.25066335325,59.735854190048,
    -7.115747557407E-15));
#5332 = CARTESIAN_POINT('',(-21.29999996429,59.892920457969,
    -7.133185416111E-15));
#5333 = CARTESIAN_POINT('',(-21.29999996373,60.050000090649,
    -7.150624758601E-15));
#5334 = ORIENTED_EDGE('',*,*,#5292,.F.);
#5335 = ORIENTED_EDGE('',*,*,#5325,.F.);
#5336 = TOROIDAL_SURFACE('',#5337,24.649999999991,0.6);
#5337 = AXIS2_PLACEMENT_3D('',#5338,#5339,#5340);
#5338 = CARTESIAN_POINT('',(3.950000036257,60.050000000007,
    -7.150624748538E-15));
#5339 = DIRECTION('',(3.589793573511E-09,1.,-1.110223024625E-16));
#5340 = DIRECTION('',(-1.,3.589793573511E-09,-3.985471478963E-25));
#5341 = ADVANCED_FACE('',(#5342,#5353),#5356,.F.);
#5342 = FACE_BOUND('',#5343,.T.);
#5343 = EDGE_LOOP('',(#5344));
#5344 = ORIENTED_EDGE('',*,*,#5345,.F.);
#5345 = EDGE_CURVE('',#5346,#5346,#5348,.T.);
#5346 = VERTEX_POINT('',#5347);
#5347 = CARTESIAN_POINT('',(-14.89999996588,59.450000067674,
    -7.084011374573E-15));
#5348 = CIRCLE('',#5349,18.849999999991);
#5349 = AXIS2_PLACEMENT_3D('',#5350,#5351,#5352);
#5350 = CARTESIAN_POINT('',(3.950000034103,59.450000000007,
    -7.084011367061E-15));
#5351 = DIRECTION('',(3.589793573511E-09,1.,-1.110223024625E-16));
#5352 = DIRECTION('',(-1.,3.589793573511E-09,-3.985471478963E-25));
#5353 = FACE_BOUND('',#5354,.T.);
#5354 = EDGE_LOOP('',(#5355));
#5355 = ORIENTED_EDGE('',*,*,#5316,.T.);
#5356 = PLANE('',#5357);
#5357 = AXIS2_PLACEMENT_3D('',#5358,#5359,#5360);
#5358 = CARTESIAN_POINT('',(3.950000034103,59.450000000007,
    24.649999999991));
#5359 = DIRECTION('',(-3.589793573511E-09,-1.,1.110223024625E-16));
#5360 = DIRECTION('',(1.,-3.589793573511E-09,3.985471478963E-25));
#5361 = ADVANCED_FACE('',(#5362),#5380,.F.);
#5362 = FACE_BOUND('',#5363,.F.);
#5363 = EDGE_LOOP('',(#5364,#5373,#5378,#5379));
#5364 = ORIENTED_EDGE('',*,*,#5365,.T.);
#5365 = EDGE_CURVE('',#5366,#5366,#5368,.T.);
#5366 = VERTEX_POINT('',#5367);
#5367 = CARTESIAN_POINT('',(-14.89999997235,57.650000067674,
    -6.884171230141E-15));
#5368 = CIRCLE('',#5369,18.849999999991);
#5369 = AXIS2_PLACEMENT_3D('',#5370,#5371,#5372);
#5370 = CARTESIAN_POINT('',(3.950000027641,57.650000000007,
    -6.884171222628E-15));
#5371 = DIRECTION('',(3.589793573511E-09,1.,-1.110223024625E-16));
#5372 = DIRECTION('',(-1.,3.589793573511E-09,-3.985471478963E-25));
#5373 = ORIENTED_EDGE('',*,*,#5374,.T.);
#5374 = EDGE_CURVE('',#5366,#5346,#5375,.T.);
#5375 = B_SPLINE_CURVE_WITH_KNOTS('',1,(#5376,#5377),.UNSPECIFIED.,.F.,
  .F.,(2,2),(-124.2999999999,-122.4999999999),.PIECEWISE_BEZIER_KNOTS.);
#5376 = CARTESIAN_POINT('',(-14.89999997235,57.650000067674,
    -6.884171230141E-15));
#5377 = CARTESIAN_POINT('',(-14.89999996588,59.450000067674,
    -7.084011374573E-15));
#5378 = ORIENTED_EDGE('',*,*,#5345,.F.);
#5379 = ORIENTED_EDGE('',*,*,#5374,.F.);
#5380 = CYLINDRICAL_SURFACE('',#5381,18.849999999991);
#5381 = AXIS2_PLACEMENT_3D('',#5382,#5383,#5384);
#5382 = CARTESIAN_POINT('',(3.950000473853,181.95,-2.068424341872E-14));
#5383 = DIRECTION('',(3.589793573511E-09,1.,-1.110223024625E-16));
#5384 = DIRECTION('',(-1.,3.589793573511E-09,-3.985471478963E-25));
#5385 = ADVANCED_FACE('',(#5386,#5397),#5400,.F.);
#5386 = FACE_BOUND('',#5387,.T.);
#5387 = EDGE_LOOP('',(#5388));
#5388 = ORIENTED_EDGE('',*,*,#5389,.F.);
#5389 = EDGE_CURVE('',#5390,#5390,#5392,.T.);
#5390 = VERTEX_POINT('',#5391);
#5391 = CARTESIAN_POINT('',(-16.54999997235,57.650000073597,
    -6.884171230798E-15));
#5392 = CIRCLE('',#5393,20.499999999991);
#5393 = AXIS2_PLACEMENT_3D('',#5394,#5395,#5396);
#5394 = CARTESIAN_POINT('',(3.950000027641,57.650000000007,
    -6.884171222628E-15));
#5395 = DIRECTION('',(3.589793573511E-09,1.,-1.110223024625E-16));
#5396 = DIRECTION('',(-1.,3.589793573511E-09,-3.985471478963E-25));
#5397 = FACE_BOUND('',#5398,.T.);
#5398 = EDGE_LOOP('',(#5399));
#5399 = ORIENTED_EDGE('',*,*,#5365,.T.);
#5400 = PLANE('',#5401);
#5401 = AXIS2_PLACEMENT_3D('',#5402,#5403,#5404);
#5402 = CARTESIAN_POINT('',(3.950000027641,57.650000000007,
    20.499999999991));
#5403 = DIRECTION('',(3.589793573511E-09,1.,-1.110223024625E-16));
#5404 = DIRECTION('',(-1.,3.589793573511E-09,-3.985471478963E-25));
#5405 = ADVANCED_FACE('',(#5406),#5424,.F.);
#5406 = FACE_BOUND('',#5407,.F.);
#5407 = EDGE_LOOP('',(#5408,#5417,#5422,#5423));
#5408 = ORIENTED_EDGE('',*,*,#5409,.T.);
#5409 = EDGE_CURVE('',#5410,#5410,#5412,.T.);
#5410 = VERTEX_POINT('',#5411);
#5411 = CARTESIAN_POINT('',(-16.54999997665,56.450000073597,
    -6.750944467843E-15));
#5412 = CIRCLE('',#5413,20.499999999991);
#5413 = AXIS2_PLACEMENT_3D('',#5414,#5415,#5416);
#5414 = CARTESIAN_POINT('',(3.950000023334,56.450000000007,
    -6.750944459673E-15));
#5415 = DIRECTION('',(3.589793573511E-09,1.,-1.110223024625E-16));
#5416 = DIRECTION('',(-1.,3.589793573511E-09,-3.985471478963E-25));
#5417 = ORIENTED_EDGE('',*,*,#5418,.T.);
#5418 = EDGE_CURVE('',#5410,#5390,#5419,.T.);
#5419 = B_SPLINE_CURVE_WITH_KNOTS('',1,(#5420,#5421),.UNSPECIFIED.,.F.,
  .F.,(2,2),(-125.4999999999,-124.2999999999),.PIECEWISE_BEZIER_KNOTS.);
#5420 = CARTESIAN_POINT('',(-16.54999997665,56.450000073597,
    -6.750944467843E-15));
#5421 = CARTESIAN_POINT('',(-16.54999997235,57.650000073597,
    -6.884171230798E-15));
#5422 = ORIENTED_EDGE('',*,*,#5389,.F.);
#5423 = ORIENTED_EDGE('',*,*,#5418,.F.);
#5424 = CYLINDRICAL_SURFACE('',#5425,20.499999999991);
#5425 = AXIS2_PLACEMENT_3D('',#5426,#5427,#5428);
#5426 = CARTESIAN_POINT('',(3.950000473853,181.95,-2.068424341872E-14));
#5427 = DIRECTION('',(3.589793573511E-09,1.,-1.110223024625E-16));
#5428 = DIRECTION('',(-1.,3.589793573511E-09,-3.985471478963E-25));
#5429 = ADVANCED_FACE('',(#5430,#5441),#5444,.F.);
#5430 = FACE_BOUND('',#5431,.T.);
#5431 = EDGE_LOOP('',(#5432));
#5432 = ORIENTED_EDGE('',*,*,#5433,.F.);
#5433 = EDGE_CURVE('',#5434,#5434,#5436,.T.);
#5434 = VERTEX_POINT('',#5435);
#5435 = CARTESIAN_POINT('',(-16.26499997665,56.450000072574,
    -6.75094446773E-15));
#5436 = CIRCLE('',#5437,20.214999999991);
#5437 = AXIS2_PLACEMENT_3D('',#5438,#5439,#5440);
#5438 = CARTESIAN_POINT('',(3.950000023334,56.450000000007,
    -6.750944459673E-15));
#5439 = DIRECTION('',(3.589793573511E-09,1.,-1.110223024625E-16));
#5440 = DIRECTION('',(-1.,3.589793573511E-09,-3.985471478963E-25));
#5441 = FACE_BOUND('',#5442,.T.);
#5442 = EDGE_LOOP('',(#5443));
#5443 = ORIENTED_EDGE('',*,*,#5409,.T.);
#5444 = PLANE('',#5445);
#5445 = AXIS2_PLACEMENT_3D('',#5446,#5447,#5448);
#5446 = CARTESIAN_POINT('',(3.950000023334,56.450000000007,
    20.499999999991));
#5447 = DIRECTION('',(-3.589793573511E-09,-1.,1.110223024625E-16));
#5448 = DIRECTION('',(1.,-3.589793573511E-09,3.985471478963E-25));
#5449 = ADVANCED_FACE('',(#5450),#5468,.F.);
#5450 = FACE_BOUND('',#5451,.F.);
#5451 = EDGE_LOOP('',(#5452,#5461,#5466,#5467));
#5452 = ORIENTED_EDGE('',*,*,#5453,.T.);
#5453 = EDGE_CURVE('',#5454,#5454,#5456,.T.);
#5454 = VERTEX_POINT('',#5455);
#5455 = CARTESIAN_POINT('',(-12.79999999821,50.448444011929,
    -6.084637895519E-15));
#5456 = CIRCLE('',#5457,16.750000000003);
#5457 = AXIS2_PLACEMENT_3D('',#5458,#5459,#5460);
#5458 = CARTESIAN_POINT('',(3.950000001789,50.4484439518,
    -6.084637888843E-15));
#5459 = DIRECTION('',(3.589793573511E-09,1.,-1.110223024625E-16));
#5460 = DIRECTION('',(-1.,3.589793573511E-09,-3.985471478963E-25));
#5461 = ORIENTED_EDGE('',*,*,#5462,.T.);
#5462 = EDGE_CURVE('',#5454,#5434,#5463,.T.);
#5463 = B_SPLINE_CURVE_WITH_KNOTS('',1,(#5464,#5465),.UNSPECIFIED.,.F.,
  .F.,(2,2),(-6.929999999977,0.),.PIECEWISE_BEZIER_KNOTS.);
#5464 = CARTESIAN_POINT('',(-12.79999999821,50.448444011929,
    -6.084637895519E-15));
#5465 = CARTESIAN_POINT('',(-16.26499997665,56.450000072574,
    -6.75094446773E-15));
#5466 = ORIENTED_EDGE('',*,*,#5433,.F.);
#5467 = ORIENTED_EDGE('',*,*,#5462,.F.);
#5468 = CONICAL_SURFACE('',#5469,20.214999999991,0.523598775598);
#5469 = AXIS2_PLACEMENT_3D('',#5470,#5471,#5472);
#5470 = CARTESIAN_POINT('',(3.950000023334,56.450000000007,
    -6.750944459673E-15));
#5471 = DIRECTION('',(3.589793573511E-09,1.,-1.110223024625E-16));
#5472 = DIRECTION('',(-1.,3.589793573511E-09,-3.985471478963E-25));
#5473 = ADVANCED_FACE('',(#5474),#5484,.F.);
#5474 = FACE_BOUND('',#5475,.F.);
#5475 = EDGE_LOOP('',(#5476,#5477,#5482,#5483));
#5476 = ORIENTED_EDGE('',*,*,#5065,.T.);
#5477 = ORIENTED_EDGE('',*,*,#5478,.T.);
#5478 = EDGE_CURVE('',#5055,#5454,#5479,.T.);
#5479 = B_SPLINE_CURVE_WITH_KNOTS('',1,(#5480,#5481),.UNSPECIFIED.,.F.,
  .F.,(2,2),(-131.8,-131.5015560482),.PIECEWISE_BEZIER_KNOTS.);
#5480 = CARTESIAN_POINT('',(-12.79999999928,50.150000060129,
    -6.051503960834E-15));
#5481 = CARTESIAN_POINT('',(-12.79999999821,50.448444011929,
    -6.084637895519E-15));
#5482 = ORIENTED_EDGE('',*,*,#5453,.F.);
#5483 = ORIENTED_EDGE('',*,*,#5478,.F.);
#5484 = CYLINDRICAL_SURFACE('',#5485,16.750000000003);
#5485 = AXIS2_PLACEMENT_3D('',#5486,#5487,#5488);
#5486 = CARTESIAN_POINT('',(3.950000473853,181.95,-2.068424341872E-14));
#5487 = DIRECTION('',(3.589793573511E-09,1.,-1.110223024625E-16));
#5488 = DIRECTION('',(-1.,3.589793573511E-09,-3.985471478963E-25));
#5489 = ADVANCED_FACE('',(#5490),#5516,.T.);
#5490 = FACE_BOUND('',#5491,.T.);
#5491 = EDGE_LOOP('',(#5492,#5493,#5501,#5510));
#5492 = ORIENTED_EDGE('',*,*,#4418,.T.);
#5493 = ORIENTED_EDGE('',*,*,#5494,.T.);
#5494 = EDGE_CURVE('',#4407,#5495,#5497,.T.);
#5495 = VERTEX_POINT('',#5496);
#5496 = CARTESIAN_POINT('',(6.450000061411,67.057179667998,28.5));
#5497 = LINE('',#5498,#5499);
#5498 = CARTESIAN_POINT('',(6.450000000385,50.057179667998,28.5));
#5499 = VECTOR('',#5500,1.);
#5500 = DIRECTION('',(3.589793573511E-09,1.,-1.110223024625E-16));
#5501 = ORIENTED_EDGE('',*,*,#5502,.T.);
#5502 = EDGE_CURVE('',#5495,#5503,#5505,.T.);
#5503 = VERTEX_POINT('',#5504);
#5504 = CARTESIAN_POINT('',(1.450000061411,67.057179685947,28.5));
#5505 = CIRCLE('',#5506,2.5);
#5506 = AXIS2_PLACEMENT_3D('',#5507,#5508,#5509);
#5507 = CARTESIAN_POINT('',(3.950000061411,67.057179676972,28.5));
#5508 = DIRECTION('',(0.,1.110223024625E-16,1.));
#5509 = DIRECTION('',(3.589793573511E-09,1.,-1.110223024625E-16));
#5510 = ORIENTED_EDGE('',*,*,#5511,.T.);
#5511 = EDGE_CURVE('',#5503,#4419,#5512,.T.);
#5512 = LINE('',#5513,#5514);
#5513 = CARTESIAN_POINT('',(1.450000000385,50.057179685947,28.5));
#5514 = VECTOR('',#5515,1.);
#5515 = DIRECTION('',(-3.589793573511E-09,-1.,1.110223024625E-16));
#5516 = PLANE('',#5517);
#5517 = AXIS2_PLACEMENT_3D('',#5518,#5519,#5520);
#5518 = CARTESIAN_POINT('',(3.950000000385,50.057179676972,28.5));
#5519 = DIRECTION('',(0.,1.110223024625E-16,1.));
#5520 = DIRECTION('',(3.589793573511E-09,1.,-1.110223024625E-16));
#5521 = ADVANCED_FACE('',(#5522),#5534,.T.);
#5522 = FACE_BOUND('',#5523,.T.);
#5523 = EDGE_LOOP('',(#5524,#5525,#5526,#5527,#5533));
#5524 = ORIENTED_EDGE('',*,*,#4406,.T.);
#5525 = ORIENTED_EDGE('',*,*,#5027,.T.);
#5526 = ORIENTED_EDGE('',*,*,#4685,.T.);
#5527 = ORIENTED_EDGE('',*,*,#5528,.T.);
#5528 = EDGE_CURVE('',#4647,#5495,#5529,.T.);
#5529 = LINE('',#5530,#5531);
#5530 = CARTESIAN_POINT('',(6.450000061411,67.057179667998,38.5));
#5531 = VECTOR('',#5532,1.);
#5532 = DIRECTION('',(0.,-1.110223024625E-16,-1.));
#5533 = ORIENTED_EDGE('',*,*,#5494,.F.);
#5534 = PLANE('',#5535);
#5535 = AXIS2_PLACEMENT_3D('',#5536,#5537,#5538);
#5536 = CARTESIAN_POINT('',(6.450000000385,50.057179667998,38.5));
#5537 = DIRECTION('',(-1.,3.589793573511E-09,-3.985471478963E-25));
#5538 = DIRECTION('',(-3.589793573511E-09,-1.,1.110223024625E-16));
#5539 = ADVANCED_FACE('',(#5540),#5551,.F.);
#5540 = FACE_BOUND('',#5541,.F.);
#5541 = EDGE_LOOP('',(#5542,#5543,#5544,#5550));
#5542 = ORIENTED_EDGE('',*,*,#5528,.T.);
#5543 = ORIENTED_EDGE('',*,*,#5502,.T.);
#5544 = ORIENTED_EDGE('',*,*,#5545,.F.);
#5545 = EDGE_CURVE('',#4639,#5503,#5546,.T.);
#5546 = LINE('',#5547,#5548);
#5547 = CARTESIAN_POINT('',(1.450000061411,67.057179685947,38.5));
#5548 = VECTOR('',#5549,1.);
#5549 = DIRECTION('',(0.,-1.110223024625E-16,-1.));
#5550 = ORIENTED_EDGE('',*,*,#4646,.F.);
#5551 = CYLINDRICAL_SURFACE('',#5552,2.5);
#5552 = AXIS2_PLACEMENT_3D('',#5553,#5554,#5555);
#5553 = CARTESIAN_POINT('',(3.950000061411,67.057179676972,38.5));
#5554 = DIRECTION('',(0.,-1.110223024625E-16,-1.));
#5555 = DIRECTION('',(-3.589793573511E-09,-1.,1.110223024625E-16));
#5556 = ADVANCED_FACE('',(#5557),#5564,.T.);
#5557 = FACE_BOUND('',#5558,.T.);
#5558 = EDGE_LOOP('',(#5559,#5560,#5561,#5562,#5563));
#5559 = ORIENTED_EDGE('',*,*,#4429,.T.);
#5560 = ORIENTED_EDGE('',*,*,#5511,.F.);
#5561 = ORIENTED_EDGE('',*,*,#5545,.F.);
#5562 = ORIENTED_EDGE('',*,*,#4638,.T.);
#5563 = ORIENTED_EDGE('',*,*,#4503,.T.);
#5564 = PLANE('',#5565);
#5565 = AXIS2_PLACEMENT_3D('',#5566,#5567,#5568);
#5566 = CARTESIAN_POINT('',(1.450000000385,50.057179685947,38.5));
#5567 = DIRECTION('',(1.,-3.589793573511E-09,3.985471478963E-25));
#5568 = DIRECTION('',(3.589793573511E-09,1.,-1.110223024625E-16));
#5569 = ADVANCED_FACE('',(#5570),#5596,.T.);
#5570 = FACE_BOUND('',#5571,.T.);
#5571 = EDGE_LOOP('',(#5572,#5573,#5581,#5590));
#5572 = ORIENTED_EDGE('',*,*,#4379,.T.);
#5573 = ORIENTED_EDGE('',*,*,#5574,.T.);
#5574 = EDGE_CURVE('',#4371,#5575,#5577,.T.);
#5575 = VERTEX_POINT('',#5576);
#5576 = CARTESIAN_POINT('',(29.881724069268,67.057179583883,
    12.084936490539));
#5577 = LINE('',#5578,#5579);
#5578 = CARTESIAN_POINT('',(29.881724008241,50.057179583883,
    12.084936490539));
#5579 = VECTOR('',#5580,1.);
#5580 = DIRECTION('',(3.589793573511E-09,1.,-1.110223024625E-16));
#5581 = ORIENTED_EDGE('',*,*,#5582,.T.);
#5582 = EDGE_CURVE('',#5575,#5583,#5585,.T.);
#5583 = VERTEX_POINT('',#5584);
#5584 = CARTESIAN_POINT('',(27.381724069268,67.057179592857,
    16.415063509461));
#5585 = CIRCLE('',#5586,2.5);
#5586 = AXIS2_PLACEMENT_3D('',#5587,#5588,#5589);
#5587 = CARTESIAN_POINT('',(28.631724069268,67.05717958837,14.25));
#5588 = DIRECTION('',(0.866025403784,-3.108852373492E-09,0.5));
#5589 = DIRECTION('',(3.589793573512E-09,1.,-1.11021838621E-16));
#5590 = ORIENTED_EDGE('',*,*,#5591,.T.);
#5591 = EDGE_CURVE('',#5583,#4380,#5592,.T.);
#5592 = LINE('',#5593,#5594);
#5593 = CARTESIAN_POINT('',(27.381724008241,50.057179592857,
    16.415063509461));
#5594 = VECTOR('',#5595,1.);
#5595 = DIRECTION('',(-3.589793573511E-09,-1.,1.110223024625E-16));
#5596 = PLANE('',#5597);
#5597 = AXIS2_PLACEMENT_3D('',#5598,#5599,#5600);
#5598 = CARTESIAN_POINT('',(28.631724008241,50.05717958837,14.25));
#5599 = DIRECTION('',(0.866025403784,-3.108852373492E-09,0.5));
#5600 = DIRECTION('',(3.589793573512E-09,1.,-1.11021838621E-16));
#5601 = ADVANCED_FACE('',(#5602),#5614,.T.);
#5602 = FACE_BOUND('',#5603,.T.);
#5603 = EDGE_LOOP('',(#5604,#5605,#5606,#5607,#5613));
#5604 = ORIENTED_EDGE('',*,*,#4370,.T.);
#5605 = ORIENTED_EDGE('',*,*,#5003,.T.);
#5606 = ORIENTED_EDGE('',*,*,#4745,.T.);
#5607 = ORIENTED_EDGE('',*,*,#5608,.T.);
#5608 = EDGE_CURVE('',#4711,#5575,#5609,.T.);
#5609 = LINE('',#5610,#5611);
#5610 = CARTESIAN_POINT('',(38.541978107112,67.057179552794,
    17.084936490539));
#5611 = VECTOR('',#5612,1.);
#5612 = DIRECTION('',(-0.866025403784,3.108852373492E-09,-0.5));
#5613 = ORIENTED_EDGE('',*,*,#5574,.F.);
#5614 = PLANE('',#5615);
#5615 = AXIS2_PLACEMENT_3D('',#5616,#5617,#5618);
#5616 = CARTESIAN_POINT('',(38.541978046086,50.057179552794,
    17.084936490539));
#5617 = DIRECTION('',(-0.5,1.794896882904E-09,0.866025403784));
#5618 = DIRECTION('',(0.866025403784,-3.108852373492E-09,0.5));
#5619 = ADVANCED_FACE('',(#5620),#5631,.F.);
#5620 = FACE_BOUND('',#5621,.F.);
#5621 = EDGE_LOOP('',(#5622,#5623,#5624,#5630));
#5622 = ORIENTED_EDGE('',*,*,#5608,.T.);
#5623 = ORIENTED_EDGE('',*,*,#5582,.T.);
#5624 = ORIENTED_EDGE('',*,*,#5625,.F.);
#5625 = EDGE_CURVE('',#4703,#5583,#5626,.T.);
#5626 = LINE('',#5627,#5628);
#5627 = CARTESIAN_POINT('',(36.041978107112,67.057179561769,
    21.415063509461));
#5628 = VECTOR('',#5629,1.);
#5629 = DIRECTION('',(-0.866025403784,3.108852373492E-09,-0.5));
#5630 = ORIENTED_EDGE('',*,*,#4710,.F.);
#5631 = CYLINDRICAL_SURFACE('',#5632,2.5);
#5632 = AXIS2_PLACEMENT_3D('',#5633,#5634,#5635);
#5633 = CARTESIAN_POINT('',(37.291978107112,67.057179557282,19.25));
#5634 = DIRECTION('',(-0.866025403784,3.108852373492E-09,-0.5));
#5635 = DIRECTION('',(-0.5,1.794896882904E-09,0.866025403784));
#5636 = ADVANCED_FACE('',(#5637),#5644,.T.);
#5637 = FACE_BOUND('',#5638,.T.);
#5638 = EDGE_LOOP('',(#5639,#5640,#5641,#5642,#5643));
#5639 = ORIENTED_EDGE('',*,*,#4388,.T.);
#5640 = ORIENTED_EDGE('',*,*,#5591,.F.);
#5641 = ORIENTED_EDGE('',*,*,#5625,.F.);
#5642 = ORIENTED_EDGE('',*,*,#4702,.T.);
#5643 = ORIENTED_EDGE('',*,*,#5019,.T.);
#5644 = PLANE('',#5645);
#5645 = AXIS2_PLACEMENT_3D('',#5646,#5647,#5648);
#5646 = CARTESIAN_POINT('',(36.041978046086,50.057179561769,
    21.415063509461));
#5647 = DIRECTION('',(0.5,-1.794896882904E-09,-0.866025403784));
#5648 = DIRECTION('',(-0.866025403784,3.108852373492E-09,-0.5));
#5649 = ADVANCED_FACE('',(#5650),#5676,.T.);
#5650 = FACE_BOUND('',#5651,.T.);
#5651 = EDGE_LOOP('',(#5652,#5653,#5661,#5670));
#5652 = ORIENTED_EDGE('',*,*,#4343,.T.);
#5653 = ORIENTED_EDGE('',*,*,#5654,.T.);
#5654 = EDGE_CURVE('',#4335,#5655,#5657,.T.);
#5655 = VERTEX_POINT('',#5656);
#5656 = CARTESIAN_POINT('',(27.381724069268,67.057179592857,
    -16.41506350946));
#5657 = LINE('',#5658,#5659);
#5658 = CARTESIAN_POINT('',(27.381724008241,50.057179592857,
    -16.41506350946));
#5659 = VECTOR('',#5660,1.);
#5660 = DIRECTION('',(3.589793573511E-09,1.,-1.110223024625E-16));
#5661 = ORIENTED_EDGE('',*,*,#5662,.T.);
#5662 = EDGE_CURVE('',#5655,#5663,#5665,.T.);
#5663 = VERTEX_POINT('',#5664);
#5664 = CARTESIAN_POINT('',(29.881724069268,67.057179583883,
    -12.08493649053));
#5665 = CIRCLE('',#5666,2.5);
#5666 = AXIS2_PLACEMENT_3D('',#5667,#5668,#5669);
#5667 = CARTESIAN_POINT('',(28.631724069268,67.05717958837,-14.25));
#5668 = DIRECTION('',(0.866025403784,-3.108852484514E-09,-0.5));
#5669 = DIRECTION('',(3.589793573512E-09,1.,-1.11022766304E-16));
#5670 = ORIENTED_EDGE('',*,*,#5671,.T.);
#5671 = EDGE_CURVE('',#5663,#4344,#5672,.T.);
#5672 = LINE('',#5673,#5674);
#5673 = CARTESIAN_POINT('',(29.881724008241,50.057179583883,
    -12.08493649053));
#5674 = VECTOR('',#5675,1.);
#5675 = DIRECTION('',(-3.589793573511E-09,-1.,1.110223024625E-16));
#5676 = PLANE('',#5677);
#5677 = AXIS2_PLACEMENT_3D('',#5678,#5679,#5680);
#5678 = CARTESIAN_POINT('',(28.631724008241,50.05717958837,-14.25));
#5679 = DIRECTION('',(0.866025403784,-3.108852484514E-09,-0.5));
#5680 = DIRECTION('',(3.589793573512E-09,1.,-1.11022766304E-16));
#5681 = ADVANCED_FACE('',(#5682),#5694,.T.);
#5682 = FACE_BOUND('',#5683,.T.);
#5683 = EDGE_LOOP('',(#5684,#5685,#5686,#5687,#5693));
#5684 = ORIENTED_EDGE('',*,*,#4334,.T.);
#5685 = ORIENTED_EDGE('',*,*,#4979,.T.);
#5686 = ORIENTED_EDGE('',*,*,#4805,.T.);
#5687 = ORIENTED_EDGE('',*,*,#5688,.T.);
#5688 = EDGE_CURVE('',#4771,#5655,#5689,.T.);
#5689 = LINE('',#5690,#5691);
#5690 = CARTESIAN_POINT('',(36.041978107112,67.057179561769,
    -21.41506350946));
#5691 = VECTOR('',#5692,1.);
#5692 = DIRECTION('',(-0.866025403784,3.108852484514E-09,0.5));
#5693 = ORIENTED_EDGE('',*,*,#5654,.F.);
#5694 = PLANE('',#5695);
#5695 = AXIS2_PLACEMENT_3D('',#5696,#5697,#5698);
#5696 = CARTESIAN_POINT('',(36.041978046086,50.057179561769,
    -21.41506350946));
#5697 = DIRECTION('',(0.5,-1.794896690608E-09,0.866025403784));
#5698 = DIRECTION('',(0.866025403784,-3.108852484514E-09,-0.5));
#5699 = ADVANCED_FACE('',(#5700),#5711,.F.);
#5700 = FACE_BOUND('',#5701,.F.);
#5701 = EDGE_LOOP('',(#5702,#5703,#5704,#5710));
#5702 = ORIENTED_EDGE('',*,*,#5688,.T.);
#5703 = ORIENTED_EDGE('',*,*,#5662,.T.);
#5704 = ORIENTED_EDGE('',*,*,#5705,.F.);
#5705 = EDGE_CURVE('',#4763,#5663,#5706,.T.);
#5706 = LINE('',#5707,#5708);
#5707 = CARTESIAN_POINT('',(38.541978107112,67.057179552794,
    -17.08493649053));
#5708 = VECTOR('',#5709,1.);
#5709 = DIRECTION('',(-0.866025403784,3.108852484514E-09,0.5));
#5710 = ORIENTED_EDGE('',*,*,#4770,.F.);
#5711 = CYLINDRICAL_SURFACE('',#5712,2.5);
#5712 = AXIS2_PLACEMENT_3D('',#5713,#5714,#5715);
#5713 = CARTESIAN_POINT('',(37.291978107112,67.057179557282,-19.25));
#5714 = DIRECTION('',(-0.866025403784,3.108852484514E-09,0.5));
#5715 = DIRECTION('',(0.5,-1.794896690608E-09,0.866025403784));
#5716 = ADVANCED_FACE('',(#5717),#5724,.T.);
#5717 = FACE_BOUND('',#5718,.T.);
#5718 = EDGE_LOOP('',(#5719,#5720,#5721,#5722,#5723));
#5719 = ORIENTED_EDGE('',*,*,#4352,.T.);
#5720 = ORIENTED_EDGE('',*,*,#5671,.F.);
#5721 = ORIENTED_EDGE('',*,*,#5705,.F.);
#5722 = ORIENTED_EDGE('',*,*,#4762,.T.);
#5723 = ORIENTED_EDGE('',*,*,#4995,.T.);
#5724 = PLANE('',#5725);
#5725 = AXIS2_PLACEMENT_3D('',#5726,#5727,#5728);
#5726 = CARTESIAN_POINT('',(38.541978046086,50.057179552794,
    -17.08493649053));
#5727 = DIRECTION('',(-0.5,1.794896690608E-09,-0.866025403784));
#5728 = DIRECTION('',(-0.866025403784,3.108852484514E-09,0.5));
#5729 = ADVANCED_FACE('',(#5730),#5756,.T.);
#5730 = FACE_BOUND('',#5731,.T.);
#5731 = EDGE_LOOP('',(#5732,#5733,#5741,#5750));
#5732 = ORIENTED_EDGE('',*,*,#4302,.T.);
#5733 = ORIENTED_EDGE('',*,*,#5734,.T.);
#5734 = EDGE_CURVE('',#4291,#5735,#5737,.T.);
#5735 = VERTEX_POINT('',#5736);
#5736 = CARTESIAN_POINT('',(1.450000061411,67.057179685947,-28.5));
#5737 = LINE('',#5738,#5739);
#5738 = CARTESIAN_POINT('',(1.450000000385,50.057179685947,-28.5));
#5739 = VECTOR('',#5740,1.);
#5740 = DIRECTION('',(3.589793573511E-09,1.,-1.110223024625E-16));
#5741 = ORIENTED_EDGE('',*,*,#5742,.T.);
#5742 = EDGE_CURVE('',#5735,#5743,#5745,.T.);
#5743 = VERTEX_POINT('',#5744);
#5744 = CARTESIAN_POINT('',(6.450000061411,67.057179667998,-28.5));
#5745 = CIRCLE('',#5746,2.5);
#5746 = AXIS2_PLACEMENT_3D('',#5747,#5748,#5749);
#5747 = CARTESIAN_POINT('',(3.950000061411,67.057179676972,-28.5));
#5748 = DIRECTION('',(0.,-1.110223024625E-16,-1.));
#5749 = DIRECTION('',(3.589793573511E-09,1.,-1.110223024625E-16));
#5750 = ORIENTED_EDGE('',*,*,#5751,.T.);
#5751 = EDGE_CURVE('',#5743,#4303,#5752,.T.);
#5752 = LINE('',#5753,#5754);
#5753 = CARTESIAN_POINT('',(6.450000000385,50.057179667998,-28.5));
#5754 = VECTOR('',#5755,1.);
#5755 = DIRECTION('',(-3.589793573511E-09,-1.,1.110223024625E-16));
#5756 = PLANE('',#5757);
#5757 = AXIS2_PLACEMENT_3D('',#5758,#5759,#5760);
#5758 = CARTESIAN_POINT('',(3.950000000385,50.057179676972,-28.5));
#5759 = DIRECTION('',(0.,-1.110223024625E-16,-1.));
#5760 = DIRECTION('',(3.589793573511E-09,1.,-1.110223024625E-16));
#5761 = ADVANCED_FACE('',(#5762),#5774,.T.);
#5762 = FACE_BOUND('',#5763,.T.);
#5763 = EDGE_LOOP('',(#5764,#5765,#5766,#5767,#5773));
#5764 = ORIENTED_EDGE('',*,*,#4290,.T.);
#5765 = ORIENTED_EDGE('',*,*,#4951,.T.);
#5766 = ORIENTED_EDGE('',*,*,#4867,.T.);
#5767 = ORIENTED_EDGE('',*,*,#5768,.T.);
#5768 = EDGE_CURVE('',#4831,#5735,#5769,.T.);
#5769 = LINE('',#5770,#5771);
#5770 = CARTESIAN_POINT('',(1.450000061411,67.057179685947,-38.5));
#5771 = VECTOR('',#5772,1.);
#5772 = DIRECTION('',(0.,1.110223024625E-16,1.));
#5773 = ORIENTED_EDGE('',*,*,#5734,.F.);
#5774 = PLANE('',#5775);
#5775 = AXIS2_PLACEMENT_3D('',#5776,#5777,#5778);
#5776 = CARTESIAN_POINT('',(1.450000000385,50.057179685947,-38.5));
#5777 = DIRECTION('',(1.,-3.589793573511E-09,3.985471478963E-25));
#5778 = DIRECTION('',(3.589793573511E-09,1.,-1.110223024625E-16));
#5779 = ADVANCED_FACE('',(#5780),#5791,.F.);
#5780 = FACE_BOUND('',#5781,.F.);
#5781 = EDGE_LOOP('',(#5782,#5783,#5784,#5790));
#5782 = ORIENTED_EDGE('',*,*,#5768,.T.);
#5783 = ORIENTED_EDGE('',*,*,#5742,.T.);
#5784 = ORIENTED_EDGE('',*,*,#5785,.F.);
#5785 = EDGE_CURVE('',#4823,#5743,#5786,.T.);
#5786 = LINE('',#5787,#5788);
#5787 = CARTESIAN_POINT('',(6.450000061411,67.057179667998,-38.5));
#5788 = VECTOR('',#5789,1.);
#5789 = DIRECTION('',(0.,1.110223024625E-16,1.));
#5790 = ORIENTED_EDGE('',*,*,#4830,.F.);
#5791 = CYLINDRICAL_SURFACE('',#5792,2.5);
#5792 = AXIS2_PLACEMENT_3D('',#5793,#5794,#5795);
#5793 = CARTESIAN_POINT('',(3.950000061411,67.057179676972,-38.5));
#5794 = DIRECTION('',(0.,1.110223024625E-16,1.));
#5795 = DIRECTION('',(3.589793573511E-09,1.,-1.110223024625E-16));
#5796 = ADVANCED_FACE('',(#5797),#5804,.T.);
#5797 = FACE_BOUND('',#5798,.T.);
#5798 = EDGE_LOOP('',(#5799,#5800,#5801,#5802,#5803));
#5799 = ORIENTED_EDGE('',*,*,#4313,.T.);
#5800 = ORIENTED_EDGE('',*,*,#5751,.F.);
#5801 = ORIENTED_EDGE('',*,*,#5785,.F.);
#5802 = ORIENTED_EDGE('',*,*,#4822,.T.);
#5803 = ORIENTED_EDGE('',*,*,#4969,.T.);
#5804 = PLANE('',#5805);
#5805 = AXIS2_PLACEMENT_3D('',#5806,#5807,#5808);
#5806 = CARTESIAN_POINT('',(6.450000000385,50.057179667998,-38.5));
#5807 = DIRECTION('',(-1.,3.589793573511E-09,-3.985471478963E-25));
#5808 = DIRECTION('',(-3.589793573511E-09,-1.,1.110223024625E-16));
#5809 = ADVANCED_FACE('',(#5810),#5836,.T.);
#5810 = FACE_BOUND('',#5811,.T.);
#5811 = EDGE_LOOP('',(#5812,#5813,#5821,#5830));
#5812 = ORIENTED_EDGE('',*,*,#4263,.T.);
#5813 = ORIENTED_EDGE('',*,*,#5814,.T.);
#5814 = EDGE_CURVE('',#4255,#5815,#5817,.T.);
#5815 = VERTEX_POINT('',#5816);
#5816 = CARTESIAN_POINT('',(-21.98172394644,67.057179770062,
    -12.08493649053));
#5817 = LINE('',#5818,#5819);
#5818 = CARTESIAN_POINT('',(-21.98172400747,50.057179770062,
    -12.08493649053));
#5819 = VECTOR('',#5820,1.);
#5820 = DIRECTION('',(3.589793573511E-09,1.,-1.110223024625E-16));
#5821 = ORIENTED_EDGE('',*,*,#5822,.T.);
#5822 = EDGE_CURVE('',#5815,#5823,#5825,.T.);
#5823 = VERTEX_POINT('',#5824);
#5824 = CARTESIAN_POINT('',(-19.48172394644,67.057179761087,
    -16.41506350946));
#5825 = CIRCLE('',#5826,2.5);
#5826 = AXIS2_PLACEMENT_3D('',#5827,#5828,#5829);
#5827 = CARTESIAN_POINT('',(-20.73172394644,67.057179765575,-14.25));
#5828 = DIRECTION('',(-0.866025403784,3.108852373492E-09,-0.5));
#5829 = DIRECTION('',(3.589793573512E-09,1.,-1.11021838621E-16));
#5830 = ORIENTED_EDGE('',*,*,#5831,.T.);
#5831 = EDGE_CURVE('',#5823,#4264,#5832,.T.);
#5832 = LINE('',#5833,#5834);
#5833 = CARTESIAN_POINT('',(-19.48172400747,50.057179761087,
    -16.41506350946));
#5834 = VECTOR('',#5835,1.);
#5835 = DIRECTION('',(-3.589793573511E-09,-1.,1.110223024625E-16));
#5836 = PLANE('',#5837);
#5837 = AXIS2_PLACEMENT_3D('',#5838,#5839,#5840);
#5838 = CARTESIAN_POINT('',(-20.73172400747,50.057179765575,-14.25));
#5839 = DIRECTION('',(-0.866025403784,3.108852373492E-09,-0.5));
#5840 = DIRECTION('',(3.589793573512E-09,1.,-1.11021838621E-16));
#5841 = ADVANCED_FACE('',(#5842),#5854,.T.);
#5842 = FACE_BOUND('',#5843,.T.);
#5843 = EDGE_LOOP('',(#5844,#5845,#5846,#5847,#5853));
#5844 = ORIENTED_EDGE('',*,*,#4254,.T.);
#5845 = ORIENTED_EDGE('',*,*,#4556,.T.);
#5846 = ORIENTED_EDGE('',*,*,#4927,.T.);
#5847 = ORIENTED_EDGE('',*,*,#5848,.T.);
#5848 = EDGE_CURVE('',#4893,#5815,#5849,.T.);
#5849 = LINE('',#5850,#5851);
#5850 = CARTESIAN_POINT('',(-30.64197798429,67.05717980115,
    -17.08493649053));
#5851 = VECTOR('',#5852,1.);
#5852 = DIRECTION('',(0.866025403784,-3.108852373492E-09,0.5));
#5853 = ORIENTED_EDGE('',*,*,#5814,.F.);
#5854 = PLANE('',#5855);
#5855 = AXIS2_PLACEMENT_3D('',#5856,#5857,#5858);
#5856 = CARTESIAN_POINT('',(-30.64197804531,50.05717980115,
    -17.08493649053));
#5857 = DIRECTION('',(0.5,-1.794896882904E-09,-0.866025403784));
#5858 = DIRECTION('',(-0.866025403784,3.108852373492E-09,-0.5));
#5859 = ADVANCED_FACE('',(#5860),#5871,.F.);
#5860 = FACE_BOUND('',#5861,.F.);
#5861 = EDGE_LOOP('',(#5862,#5863,#5864,#5870));
#5862 = ORIENTED_EDGE('',*,*,#5848,.T.);
#5863 = ORIENTED_EDGE('',*,*,#5822,.T.);
#5864 = ORIENTED_EDGE('',*,*,#5865,.F.);
#5865 = EDGE_CURVE('',#4885,#5823,#5866,.T.);
#5866 = LINE('',#5867,#5868);
#5867 = CARTESIAN_POINT('',(-28.14197798429,67.057179792176,
    -21.41506350946));
#5868 = VECTOR('',#5869,1.);
#5869 = DIRECTION('',(0.866025403784,-3.108852373492E-09,0.5));
#5870 = ORIENTED_EDGE('',*,*,#4892,.F.);
#5871 = CYLINDRICAL_SURFACE('',#5872,2.5);
#5872 = AXIS2_PLACEMENT_3D('',#5873,#5874,#5875);
#5873 = CARTESIAN_POINT('',(-29.39197798429,67.057179796663,-19.25));
#5874 = DIRECTION('',(0.866025403784,-3.108852373492E-09,0.5));
#5875 = DIRECTION('',(0.5,-1.794896882904E-09,-0.866025403784));
#5876 = ADVANCED_FACE('',(#5877),#5884,.T.);
#5877 = FACE_BOUND('',#5878,.T.);
#5878 = EDGE_LOOP('',(#5879,#5880,#5881,#5882,#5883));
#5879 = ORIENTED_EDGE('',*,*,#4272,.T.);
#5880 = ORIENTED_EDGE('',*,*,#5831,.F.);
#5881 = ORIENTED_EDGE('',*,*,#5865,.F.);
#5882 = ORIENTED_EDGE('',*,*,#4884,.T.);
#5883 = ORIENTED_EDGE('',*,*,#4943,.T.);
#5884 = PLANE('',#5885);
#5885 = AXIS2_PLACEMENT_3D('',#5886,#5887,#5888);
#5886 = CARTESIAN_POINT('',(-28.14197804531,50.057179792176,
    -21.41506350946));
#5887 = DIRECTION('',(-0.5,1.794896882904E-09,0.866025403784));
#5888 = DIRECTION('',(0.866025403784,-3.108852373492E-09,0.5));
#5889 = ADVANCED_FACE('',(#5890),#5916,.T.);
#5890 = FACE_BOUND('',#5891,.T.);
#5891 = EDGE_LOOP('',(#5892,#5893,#5901,#5910));
#5892 = ORIENTED_EDGE('',*,*,#4459,.T.);
#5893 = ORIENTED_EDGE('',*,*,#5894,.T.);
#5894 = EDGE_CURVE('',#4451,#5895,#5897,.T.);
#5895 = VERTEX_POINT('',#5896);
#5896 = CARTESIAN_POINT('',(-19.48172394644,67.057179761087,
    16.415063509461));
#5897 = LINE('',#5898,#5899);
#5898 = CARTESIAN_POINT('',(-19.48172400747,50.057179761087,
    16.415063509461));
#5899 = VECTOR('',#5900,1.);
#5900 = DIRECTION('',(3.589793573511E-09,1.,-1.110223024625E-16));
#5901 = ORIENTED_EDGE('',*,*,#5902,.T.);
#5902 = EDGE_CURVE('',#5895,#5903,#5905,.T.);
#5903 = VERTEX_POINT('',#5904);
#5904 = CARTESIAN_POINT('',(-21.98172394644,67.057179770062,
    12.084936490539));
#5905 = CIRCLE('',#5906,2.5);
#5906 = AXIS2_PLACEMENT_3D('',#5907,#5908,#5909);
#5907 = CARTESIAN_POINT('',(-20.73172394644,67.057179765575,14.25));
#5908 = DIRECTION('',(-0.866025403784,3.108852484514E-09,0.5));
#5909 = DIRECTION('',(3.589793573512E-09,1.,-1.11022766304E-16));
#5910 = ORIENTED_EDGE('',*,*,#5911,.T.);
#5911 = EDGE_CURVE('',#5903,#4460,#5912,.T.);
#5912 = LINE('',#5913,#5914);
#5913 = CARTESIAN_POINT('',(-21.98172400747,50.057179770062,
    12.084936490539));
#5914 = VECTOR('',#5915,1.);
#5915 = DIRECTION('',(-3.589793573511E-09,-1.,1.110223024625E-16));
#5916 = PLANE('',#5917);
#5917 = AXIS2_PLACEMENT_3D('',#5918,#5919,#5920);
#5918 = CARTESIAN_POINT('',(-20.73172400747,50.057179765575,14.25));
#5919 = DIRECTION('',(-0.866025403784,3.108852484514E-09,0.5));
#5920 = DIRECTION('',(3.589793573512E-09,1.,-1.11022766304E-16));
#5921 = ADVANCED_FACE('',(#5922),#5934,.T.);
#5922 = FACE_BOUND('',#5923,.T.);
#5923 = EDGE_LOOP('',(#5924,#5925,#5926,#5927,#5933));
#5924 = ORIENTED_EDGE('',*,*,#4450,.T.);
#5925 = ORIENTED_EDGE('',*,*,#4493,.T.);
#5926 = ORIENTED_EDGE('',*,*,#4631,.T.);
#5927 = ORIENTED_EDGE('',*,*,#5928,.T.);
#5928 = EDGE_CURVE('',#4597,#5895,#5929,.T.);
#5929 = LINE('',#5930,#5931);
#5930 = CARTESIAN_POINT('',(-28.14197798428,67.057179792176,
    21.415063509461));
#5931 = VECTOR('',#5932,1.);
#5932 = DIRECTION('',(0.866025403784,-3.108852484514E-09,-0.5));
#5933 = ORIENTED_EDGE('',*,*,#5894,.F.);
#5934 = PLANE('',#5935);
#5935 = AXIS2_PLACEMENT_3D('',#5936,#5937,#5938);
#5936 = CARTESIAN_POINT('',(-28.14197804531,50.057179792176,
    21.415063509461));
#5937 = DIRECTION('',(-0.5,1.794896690608E-09,-0.866025403784));
#5938 = DIRECTION('',(-0.866025403784,3.108852484514E-09,0.5));
#5939 = ADVANCED_FACE('',(#5940),#5951,.F.);
#5940 = FACE_BOUND('',#5941,.F.);
#5941 = EDGE_LOOP('',(#5942,#5943,#5944,#5950));
#5942 = ORIENTED_EDGE('',*,*,#5928,.T.);
#5943 = ORIENTED_EDGE('',*,*,#5902,.T.);
#5944 = ORIENTED_EDGE('',*,*,#5945,.F.);
#5945 = EDGE_CURVE('',#4589,#5903,#5946,.T.);
#5946 = LINE('',#5947,#5948);
#5947 = CARTESIAN_POINT('',(-30.64197798428,67.05717980115,
    17.084936490539));
#5948 = VECTOR('',#5949,1.);
#5949 = DIRECTION('',(0.866025403784,-3.108852484514E-09,-0.5));
#5950 = ORIENTED_EDGE('',*,*,#4596,.F.);
#5951 = CYLINDRICAL_SURFACE('',#5952,2.5);
#5952 = AXIS2_PLACEMENT_3D('',#5953,#5954,#5955);
#5953 = CARTESIAN_POINT('',(-29.39197798428,67.057179796663,19.25));
#5954 = DIRECTION('',(0.866025403784,-3.108852484514E-09,-0.5));
#5955 = DIRECTION('',(-0.5,1.794896690608E-09,-0.866025403784));
#5956 = ADVANCED_FACE('',(#5957),#5964,.T.);
#5957 = FACE_BOUND('',#5958,.T.);
#5958 = EDGE_LOOP('',(#5959,#5960,#5961,#5962,#5963));
#5959 = ORIENTED_EDGE('',*,*,#4468,.T.);
#5960 = ORIENTED_EDGE('',*,*,#5911,.F.);
#5961 = ORIENTED_EDGE('',*,*,#5945,.F.);
#5962 = ORIENTED_EDGE('',*,*,#4588,.T.);
#5963 = ORIENTED_EDGE('',*,*,#4529,.T.);
#5964 = PLANE('',#5965);
#5965 = AXIS2_PLACEMENT_3D('',#5966,#5967,#5968);
#5966 = CARTESIAN_POINT('',(-30.64197804531,50.05717980115,
    17.084936490539));
#5967 = DIRECTION('',(0.5,-1.794896690608E-09,0.866025403784));
#5968 = DIRECTION('',(0.866025403784,-3.108852484514E-09,-0.5));
#5969 = ( GEOMETRIC_REPRESENTATION_CONTEXT(3) 
GLOBAL_UNCERTAINTY_ASSIGNED_CONTEXT((#5973)) 
GLOBAL_UNIT_ASSIGNED_CONTEXT((#5970,#5971,#5972)) REPRESENTATION_CONTEXT
('Context #1','3D Context with UNIT and UNCERTAINTY') );
#5970 = ( LENGTH_UNIT() NAMED_UNIT(*) SI_UNIT(.MILLI.,.METRE.) );
#5971 = ( NAMED_UNIT(*) PLANE_ANGLE_UNIT() SI_UNIT($,.RADIAN.) );
#5972 = ( NAMED_UNIT(*) SI_UNIT($,.STERADIAN.) SOLID_ANGLE_UNIT() );
#5973 = UNCERTAINTY_MEASURE_WITH_UNIT(LENGTH_MEASURE(1.E-04),#5970,
  'distance_accuracy_value','confusion accuracy');
#5974 = PRODUCT_RELATED_PRODUCT_CATEGORY('part',$,(#7));
#5975 = MECHANICAL_DESIGN_GEOMETRIC_PRESENTATION_REPRESENTATION('',(
    #5976,#5984),#5969);
#5976 = STYLED_ITEM('color',(#5977),#15);
#5977 = PRESENTATION_STYLE_ASSIGNMENT((#5978));
#5978 = SURFACE_STYLE_USAGE(.BOTH.,#5979);
#5979 = SURFACE_SIDE_STYLE('',(#5980));
#5980 = SURFACE_STYLE_FILL_AREA(#5981);
#5981 = FILL_AREA_STYLE('',(#5982));
#5982 = FILL_AREA_STYLE_COLOUR('',#5983);
#5983 = COLOUR_RGB('',0.588235318661,0.588235318661,0.588235318661);
#5984 = STYLED_ITEM('color',(#5985),#4223);
#5985 = PRESENTATION_STYLE_ASSIGNMENT((#5986));
#5986 = SURFACE_STYLE_USAGE(.BOTH.,#5987);
#5987 = SURFACE_SIDE_STYLE('',(#5988));
#5988 = SURFACE_STYLE_FILL_AREA(#5989);
#5989 = FILL_AREA_STYLE('',(#5990));
#5990 = FILL_AREA_STYLE_COLOUR('',#5983);
ENDSEC;
END-ISO-10303-21;
