ISO-10303-21;
HEADER;
FILE_DESCRIPTION(('Open CASCADE Model'),'2;1');
FILE_NAME('Open CASCADE Shape Model','2026-09-18T15:44:48',('Author'),(
    'Open CASCADE'),'Open CASCADE STEP processor 7.3','Open CASCADE 7.3'
  ,'Unknown');
FILE_SCHEMA(('AUTOMOTIVE_DESIGN { 1 0 10303 214 1 1 1 1 }'));
ENDSEC;
DATA;
#1 = APPLICATION_PROTOCOL_DEFINITION('international standard',
  'automotive_design',2000,#2);
#2 = APPLICATION_CONTEXT(
  'core data for automotive mechanical design processes');
#3 = SHAPE_DEFINITION_REPRESENTATION(#4,#10);
#4 = PRODUCT_DEFINITION_SHAPE('','',#5);
#5 = PRODUCT_DEFINITION('design','',#6,#9);
#6 = PRODUCT_DEFINITION_FORMATION('','',#7);
#7 = PRODUCT('Pottmanager 76','Pottmanager 76','',(#8));
#8 = PRODUCT_CONTEXT('',#2,'mechanical');
#9 = PRODUCT_DEFINITION_CONTEXT('part definition',#2,'design');
#10 = ADVANCED_BREP_SHAPE_REPRESENTATION('',(#11,#15),#2933);
#11 = AXIS2_PLACEMENT_3D('',#12,#13,#14);
#12 = CARTESIAN_POINT('',(0.,0.,0.));
#13 = DIRECTION('',(0.,0.,1.));
#14 = DIRECTION('',(1.,0.,-0.));
#15 = MANIFOLD_SOLID_BREP('',#16);
#16 = CLOSED_SHELL('',(#17,#391,#433,#461,#496,#520,#536,#570,#595,#611,
    #669,#691,#703,#715,#730,#745,#762,#779,#791,#813,#830,#847,#857,
    #867,#891,#916,#933,#945,#1407,#1417,#1441,#1465,#1475,#1516,#1541,
    #1575,#1600,#1631,#1659,#1690,#1715,#1752,#1777,#1811,#1836,#1867,
    #1887,#1918,#1943,#1977,#2002,#2039,#2064,#2095,#2123,#2154,#2179,
    #2216,#2241,#2278,#2303,#2334,#2362,#2393,#2418,#2455,#2480,#2514,
    #2539,#2563,#2590,#2621,#2646,#2680,#2705,#2742,#2767,#2798,#2826,
    #2857,#2875));
#17 = ADVANCED_FACE('',(#18,#170,#278),#386,.T.);
#18 = FACE_BOUND('',#19,.T.);
#19 = EDGE_LOOP('',(#20,#31,#40,#47,#86,#93,#100,#101,#138,#139,#148,
    #157));
#20 = ORIENTED_EDGE('',*,*,#21,.F.);
#21 = EDGE_CURVE('',#22,#24,#26,.T.);
#22 = VERTEX_POINT('',#23);
#23 = CARTESIAN_POINT('',(12.519075933823,17.95,5.154700538379));
#24 = VERTEX_POINT('',#25);
#25 = CARTESIAN_POINT('',(1.95,25.992359518202,9.797958971133));
#26 = ELLIPSE('',#27,20.,10.);
#27 = AXIS2_PLACEMENT_3D('',#28,#29,#30);
#28 = CARTESIAN_POINT('',(3.95,9.021796769724,-1.485356135387E-15));
#29 = DIRECTION('',(1.060575238725E-16,-0.5,0.866025403784));
#30 = DIRECTION('',(6.123233995739E-17,0.866025403784,0.5));
#31 = ORIENTED_EDGE('',*,*,#32,.T.);
#32 = EDGE_CURVE('',#22,#33,#35,.T.);
#33 = VERTEX_POINT('',#34);
#34 = CARTESIAN_POINT('',(13.95,17.95,-3.701232614013E-15));
#35 = CIRCLE('',#36,10.);
#36 = AXIS2_PLACEMENT_3D('',#37,#38,#39);
#37 = CARTESIAN_POINT('',(3.95,17.95,-2.476585814865E-15));
#38 = DIRECTION('',(0.,1.,-1.110223024625E-16));
#39 = DIRECTION('',(-1.,1.359631073447E-32,1.224646799147E-16));
#40 = ORIENTED_EDGE('',*,*,#41,.T.);
#41 = EDGE_CURVE('',#33,#42,#44,.T.);
#42 = VERTEX_POINT('',#43);
#43 = CARTESIAN_POINT('',(13.95,19.45,-3.867766067706E-15));
#44 = B_SPLINE_CURVE_WITH_KNOTS('',1,(#45,#46),.UNSPECIFIED.,.F.,.F.,(2,
    2),(2.,3.5),.PIECEWISE_BEZIER_KNOTS.);
#45 = CARTESIAN_POINT('',(13.95,17.95,-3.701232614013E-15));
#46 = CARTESIAN_POINT('',(13.95,19.45,-3.867766067706E-15));
#47 = ORIENTED_EDGE('',*,*,#48,.T.);
#48 = EDGE_CURVE('',#42,#49,#51,.T.);
#49 = VERTEX_POINT('',#50);
#50 = CARTESIAN_POINT('',(13.95,24.45,-4.422877580019E-15));
#51 = B_SPLINE_CURVE_WITH_KNOTS('',3,(#52,#53,#54,#55,#56,#57,#58,#59,
    #60,#61,#62,#63,#64,#65,#66,#67,#68,#69,#70,#71,#72,#73,#74,#75,#76,
    #77,#78,#79,#80,#81,#82,#83,#84,#85),.UNSPECIFIED.,.F.,.F.,(4,3,3,3,
    3,3,3,3,3,3,3,4),(0.,4.382532092077E-02,0.168086763813,0.24855284176
    ,0.34166169997,0.429730209731,0.51859377447,0.596362772748,
    0.676426170661,0.770730740802,0.882985834853,1.),.UNSPECIFIED.);
#52 = CARTESIAN_POINT('',(13.95,19.45,-3.867766067706E-15));
#53 = CARTESIAN_POINT('',(13.95,19.45,0.125677615571));
#54 = CARTESIAN_POINT('',(13.947614823504,19.457131969459,0.251577505317
    ));
#55 = CARTESIAN_POINT('',(13.942915050954,19.471325725853,0.376362570421
    ));
#56 = CARTESIAN_POINT('',(13.929667933407,19.511333270342,0.728090746181
    ));
#57 = CARTESIAN_POINT('',(13.89697837786,19.609358397271,1.077398357823)
  );
#58 = CARTESIAN_POINT('',(13.852157241055,19.758766323098,1.395450455378
    ));
#59 = CARTESIAN_POINT('',(13.822899513624,19.856294781355,1.603064144865
    ));
#60 = CARTESIAN_POINT('',(13.78823592301,19.97691386969,1.800764142826)
  );
#61 = CARTESIAN_POINT('',(13.751911794035,20.117745982344,1.980536589399
    ));
#62 = CARTESIAN_POINT('',(13.710123221725,20.279764263013,2.187353217769
    ));
#63 = CARTESIAN_POINT('',(13.665350713373,20.471711607025,2.37414506192)
  );
#64 = CARTESIAN_POINT('',(13.625729838281,20.686572182601,2.525916090569
    ));
#65 = CARTESIAN_POINT('',(13.588319403993,20.889445729059,2.669219843476
    ));
#66 = CARTESIAN_POINT('',(13.554892100288,21.11800069002,2.78417177841)
  );
#67 = CARTESIAN_POINT('',(13.533589641357,21.35785154402,2.855662722746)
  );
#68 = CARTESIAN_POINT('',(13.51217162919,21.59900344698,2.927541463153)
  );
#69 = CARTESIAN_POINT('',(13.503028465111,21.859086134716,2.956362741491
    ));
#70 = CARTESIAN_POINT('',(13.509142470979,22.11077246801,2.936459640372)
  );
#71 = CARTESIAN_POINT('',(13.51452053618,22.332163408762,2.918952268306)
  );
#72 = CARTESIAN_POINT('',(13.531516916914,22.552812851474,2.863967255591
    ));
#73 = CARTESIAN_POINT('',(13.556023156629,22.756711135206,2.779265930835
    ));
#74 = CARTESIAN_POINT('',(13.581301436101,22.967032990364,2.691896192204
    ));
#75 = CARTESIAN_POINT('',(13.614809484784,23.164668874183,2.57154917021)
  );
#76 = CARTESIAN_POINT('',(13.650358002688,23.341021456854,2.429620262446
    ));
#77 = CARTESIAN_POINT('',(13.692190032338,23.548545902373,2.26260417773)
  );
#78 = CARTESIAN_POINT('',(13.737576319914,23.731466035518,2.062270640541
    ));
#79 = CARTESIAN_POINT('',(13.778634062769,23.883453777678,1.843353590655
    ));
#80 = CARTESIAN_POINT('',(13.827387608834,24.063929879711,1.583403049444
    ));
#81 = CARTESIAN_POINT('',(13.871049072995,24.205085600192,1.29084454692)
  );
#82 = CARTESIAN_POINT('',(13.90121520405,24.300103821831,0.986567768923)
  );
#83 = CARTESIAN_POINT('',(13.932590600211,24.398931024463,0.670093494026
    ));
#84 = CARTESIAN_POINT('',(13.95,24.45,0.333027323407));
#85 = CARTESIAN_POINT('',(13.95,24.45,-4.422877580019E-15));
#86 = ORIENTED_EDGE('',*,*,#87,.T.);
#87 = EDGE_CURVE('',#49,#88,#90,.T.);
#88 = VERTEX_POINT('',#89);
#89 = CARTESIAN_POINT('',(13.95,103.95,-1.324915062579E-14));
#90 = B_SPLINE_CURVE_WITH_KNOTS('',1,(#91,#92),.UNSPECIFIED.,.F.,.F.,(2,
    2),(8.5,88.),.PIECEWISE_BEZIER_KNOTS.);
#91 = CARTESIAN_POINT('',(13.95,24.45,-4.422877580019E-15));
#92 = CARTESIAN_POINT('',(13.95,103.95,-1.324915062579E-14));
#93 = ORIENTED_EDGE('',*,*,#94,.T.);
#94 = EDGE_CURVE('',#88,#88,#95,.T.);
#95 = CIRCLE('',#96,10.);
#96 = AXIS2_PLACEMENT_3D('',#97,#98,#99);
#97 = CARTESIAN_POINT('',(3.95,103.95,-1.202450382664E-14));
#98 = DIRECTION('',(0.,-1.,1.110223024625E-16));
#99 = DIRECTION('',(1.,-1.359631073447E-32,-1.224646799147E-16));
#100 = ORIENTED_EDGE('',*,*,#87,.F.);
#101 = ORIENTED_EDGE('',*,*,#102,.T.);
#102 = EDGE_CURVE('',#49,#42,#103,.T.);
#103 = B_SPLINE_CURVE_WITH_KNOTS('',3,(#104,#105,#106,#107,#108,#109,
    #110,#111,#112,#113,#114,#115,#116,#117,#118,#119,#120,#121,#122,
    #123,#124,#125,#126,#127,#128,#129,#130,#131,#132,#133,#134,#135,
    #136,#137),.UNSPECIFIED.,.F.,.F.,(4,3,3,3,3,3,3,3,3,3,3,4),(0.,
    6.26694253162E-03,0.130893399859,0.255640848463,0.378676828565,
    0.460988459865,0.543762687093,0.620333064892,0.703612827785,
    0.8031824524,0.91969245201,1.),.UNSPECIFIED.);
#104 = CARTESIAN_POINT('',(13.95,24.45,-4.422877580019E-15));
#105 = CARTESIAN_POINT('',(13.95,24.45,-1.806419953866E-02));
#106 = CARTESIAN_POINT('',(13.949951045877,24.449853147692,
    -3.612906215691E-02));
#107 = CARTESIAN_POINT('',(13.949853167816,24.449559473259,
    -5.419060916111E-02));
#108 = CARTESIAN_POINT('',(13.94793168139,24.443794223791,
    -0.408764628927));
#109 = CARTESIAN_POINT('',(13.926144343167,24.379893553425,
    -0.767147913665));
#110 = CARTESIAN_POINT('',(13.889344616167,24.262472139005,
    -1.099740242549));
#111 = CARTESIAN_POINT('',(13.852521231553,24.14497523733,
    -1.432546386621));
#112 = CARTESIAN_POINT('',(13.799715811344,23.970753438168,
    -1.749338329419));
#113 = CARTESIAN_POINT('',(13.743596986128,23.749766429342,
    -2.021251610589));
#114 = CARTESIAN_POINT('',(13.688406268844,23.532434161956,
    -2.288667918196));
#115 = CARTESIAN_POINT('',(13.628238125662,23.261377612597,
    -2.521963074726));
#116 = CARTESIAN_POINT('',(13.582840473405,22.956091117647,
    -2.684843461719));
#117 = CARTESIAN_POINT('',(13.55221739336,22.750159482275,-2.794714763)
  );
#118 = CARTESIAN_POINT('',(13.527926351191,22.523273453819,
    -2.874892060843));
#119 = CARTESIAN_POINT('',(13.515990920034,22.291455068042,
    -2.914072359746));
#120 = CARTESIAN_POINT('',(13.504012927552,22.058810026114,
    -2.953392374206));
#121 = CARTESIAN_POINT('',(13.504522856846,21.814811172172,
    -2.951786361567));
#122 = CARTESIAN_POINT('',(13.517370205156,21.582726047591,
    -2.909540746834));
#123 = CARTESIAN_POINT('',(13.529302011011,21.367180039077,
    -2.870305687502));
#124 = CARTESIAN_POINT('',(13.551794424622,21.156467398834,
    -2.795792877593));
#125 = CARTESIAN_POINT('',(13.579951069487,20.96352219272,
    -2.695188750214));
#126 = CARTESIAN_POINT('',(13.610599636489,20.753500931112,
    -2.58568094652));
#127 = CARTESIAN_POINT('',(13.648355789923,20.559513332649,
    -2.443335023748));
#128 = CARTESIAN_POINT('',(13.686508729271,20.38907519766,-2.28043806424
    ));
#129 = CARTESIAN_POINT('',(13.732056525565,20.185602501036,
    -2.085968184451));
#130 = CARTESIAN_POINT('',(13.77902423828,20.010901530659,
    -1.857979634915));
#131 = CARTESIAN_POINT('',(13.819115361367,19.871300407042,
    -1.612625804095));
#132 = CARTESIAN_POINT('',(13.865903355377,19.708380138597,
    -1.326287765075));
#133 = CARTESIAN_POINT('',(13.904301406703,19.589411616111,
    -1.008926651171));
#134 = CARTESIAN_POINT('',(13.926577236249,19.521058708931,
    -0.684037023233));
#135 = CARTESIAN_POINT('',(13.941932545146,19.473941271551,
    -0.46008214946));
#136 = CARTESIAN_POINT('',(13.95,19.45,-0.229372238737));
#137 = CARTESIAN_POINT('',(13.95,19.45,-3.867766067706E-15));
#138 = ORIENTED_EDGE('',*,*,#41,.F.);
#139 = ORIENTED_EDGE('',*,*,#140,.T.);
#140 = EDGE_CURVE('',#33,#141,#143,.T.);
#141 = VERTEX_POINT('',#142);
#142 = CARTESIAN_POINT('',(12.519075933823,17.95,-5.154700538379));
#143 = CIRCLE('',#144,10.);
#144 = AXIS2_PLACEMENT_3D('',#145,#146,#147);
#145 = CARTESIAN_POINT('',(3.95,17.95,-2.476585814865E-15));
#146 = DIRECTION('',(0.,1.,-1.110223024625E-16));
#147 = DIRECTION('',(-1.,1.359631073447E-32,1.224646799147E-16));
#148 = ORIENTED_EDGE('',*,*,#149,.T.);
#149 = EDGE_CURVE('',#141,#150,#152,.T.);
#150 = VERTEX_POINT('',#151);
#151 = CARTESIAN_POINT('',(1.95,25.992359518202,-9.797958971133));
#152 = ELLIPSE('',#153,20.,10.);
#153 = AXIS2_PLACEMENT_3D('',#154,#155,#156);
#154 = CARTESIAN_POINT('',(3.95,9.021796769724,-1.485356135387E-15));
#155 = DIRECTION('',(1.060575238725E-16,0.5,0.866025403784));
#156 = DIRECTION('',(-6.123233995739E-17,0.866025403784,-0.5));
#157 = ORIENTED_EDGE('',*,*,#158,.F.);
#158 = EDGE_CURVE('',#24,#150,#159,.T.);
#159 = B_SPLINE_CURVE_WITH_KNOTS('',3,(#160,#161,#162,#163,#164,#165,
    #166,#167,#168,#169),.UNSPECIFIED.,.F.,.F.,(4,2,2,2,4),(0.,0.25,0.5,
    0.75,1.),.UNSPECIFIED.);
#160 = CARTESIAN_POINT('',(1.95,25.992359518202,9.797958971133));
#161 = CARTESIAN_POINT('',(-0.245650788552,25.21607973735,9.349773630692
    ));
#162 = CARTESIAN_POINT('',(-2.239371473497,24.451750617477,8.18317605961
    ));
#163 = CARTESIAN_POINT('',(-5.189238529137,23.25854749017,4.663368821685
    ));
#164 = CARTESIAN_POINT('',(-6.046491512157,22.879722449562,
    2.389364101168));
#165 = CARTESIAN_POINT('',(-6.05348679303,22.876693405117,-2.35990579097
    ));
#166 = CARTESIAN_POINT('',(-5.181982416704,23.261356093453,
    -4.667693033822));
#167 = CARTESIAN_POINT('',(-2.262286206126,24.442607522111,
    -8.160144680713));
#168 = CARTESIAN_POINT('',(-0.246565640128,25.215756288474,
    -9.349586887396));
#169 = CARTESIAN_POINT('',(1.95,25.992359518202,-9.797958971133));
#170 = FACE_BOUND('',#171,.T.);
#171 = EDGE_LOOP('',(#172,#182,#200,#209,#227,#235,#253,#262));
#172 = ORIENTED_EDGE('',*,*,#173,.F.);
#173 = EDGE_CURVE('',#174,#176,#178,.T.);
#174 = VERTEX_POINT('',#175);
#175 = CARTESIAN_POINT('',(-0.408898943541,46.157106781186,-9.));
#176 = VERTEX_POINT('',#177);
#177 = CARTESIAN_POINT('',(-0.408898943541,100.74289321881,-9.));
#178 = LINE('',#179,#180);
#179 = CARTESIAN_POINT('',(-0.408898943541,15.95,-9.));
#180 = VECTOR('',#181,1.);
#181 = DIRECTION('',(-0.,1.,-1.110223024625E-16));
#182 = ORIENTED_EDGE('',*,*,#183,.T.);
#183 = EDGE_CURVE('',#174,#184,#186,.T.);
#184 = VERTEX_POINT('',#185);
#185 = CARTESIAN_POINT('',(-9.2587589808E-02,45.803553390593,
    -9.146446609407));
#186 = B_SPLINE_CURVE_WITH_KNOTS('',3,(#187,#188,#189,#190,#191,#192,
    #193,#194,#195,#196,#197,#198,#199),.UNSPECIFIED.,.F.,.F.,(4,3,3,3,4
    ),(0.,0.151308629206,0.337219568705,0.631303240765,1.),
  .UNSPECIFIED.);
#187 = CARTESIAN_POINT('',(-0.408898943541,46.157106781186,-9.));
#188 = CARTESIAN_POINT('',(-0.408898943541,46.130682671498,-9.));
#189 = CARTESIAN_POINT('',(-0.404361469861,46.103927634303,
    -9.002200712057));
#190 = CARTESIAN_POINT('',(-0.396232458043,46.079092916646,
    -9.006123662301));
#191 = CARTESIAN_POINT('',(-0.386249827239,46.048595259234,
    -9.010941143788));
#192 = CARTESIAN_POINT('',(-0.370748664424,46.020064478631,
    -9.018400122526));
#193 = CARTESIAN_POINT('',(-0.352474817519,45.994703543002,
    -9.027109750336));
#194 = CARTESIAN_POINT('',(-0.323645583371,45.954693557404,
    -9.040850256142));
#195 = CARTESIAN_POINT('',(-0.28732546642,45.920998623952,
    -9.057973106945));
#196 = CARTESIAN_POINT('',(-0.248778234453,45.892418723958,
    -9.075806373975));
#197 = CARTESIAN_POINT('',(-0.200314782778,45.856486685998,
    -9.098227223173));
#198 = CARTESIAN_POINT('',(-0.147165269384,45.827675878763,
    -9.122324121237));
#199 = CARTESIAN_POINT('',(-9.2587589808E-02,45.803553390593,
    -9.146446609407));
#200 = ORIENTED_EDGE('',*,*,#201,.F.);
#201 = EDGE_CURVE('',#202,#184,#204,.T.);
#202 = VERTEX_POINT('',#203);
#203 = CARTESIAN_POINT('',(7.992587589808,45.803553390593,
    -9.146446609407));
#204 = ELLIPSE('',#205,14.142135623731,10.);
#205 = AXIS2_PLACEMENT_3D('',#206,#207,#208);
#206 = CARTESIAN_POINT('',(3.95,54.95,-6.584411005978E-15));
#207 = DIRECTION('',(-8.659560562355E-17,0.707106781187,-0.707106781187)
  );
#208 = DIRECTION('',(8.659560562355E-17,0.707106781187,0.707106781187));
#209 = ORIENTED_EDGE('',*,*,#210,.T.);
#210 = EDGE_CURVE('',#202,#211,#213,.T.);
#211 = VERTEX_POINT('',#212);
#212 = CARTESIAN_POINT('',(8.308898943541,46.157106781186,-9.));
#213 = B_SPLINE_CURVE_WITH_KNOTS('',3,(#214,#215,#216,#217,#218,#219,
    #220,#221,#222,#223,#224,#225,#226),.UNSPECIFIED.,.F.,.F.,(4,3,3,3,4
    ),(0.,0.483927693621,0.685223357923,0.889982258381,1.),
  .UNSPECIFIED.);
#214 = CARTESIAN_POINT('',(7.992587589808,45.803553390593,
    -9.146446609407));
#215 = CARTESIAN_POINT('',(8.063874908461,45.83506128016,-9.11493871984)
  );
#216 = CARTESIAN_POINT('',(8.133453894498,45.874588523455,
    -9.083112198083));
#217 = CARTESIAN_POINT('',(8.192236295544,45.928008422878,
    -9.055574593187));
#218 = CARTESIAN_POINT('',(8.216903272357,45.950425122383,
    -9.044018932829));
#219 = CARTESIAN_POINT('',(8.239848756983,45.975655412739,
    -9.033141387676));
#220 = CARTESIAN_POINT('',(8.258899700139,46.003918709041,
    -9.024044734715));
#221 = CARTESIAN_POINT('',(8.278134832719,46.03245526217,-9.014860132971
    ));
#222 = CARTESIAN_POINT('',(8.293748816682,46.06505663658,-9.0073264862)
  );
#223 = CARTESIAN_POINT('',(8.302010885223,46.099472776412,
    -9.003332785969));
#224 = CARTESIAN_POINT('',(8.30650624384,46.118198461144,-9.001159829565
    ));
#225 = CARTESIAN_POINT('',(8.308898943541,46.137726862267,-9.));
#226 = CARTESIAN_POINT('',(8.308898943541,46.157106781186,-9.));
#227 = ORIENTED_EDGE('',*,*,#228,.F.);
#228 = EDGE_CURVE('',#229,#211,#231,.T.);
#229 = VERTEX_POINT('',#230);
#230 = CARTESIAN_POINT('',(8.308898943541,100.74289321881,-9.));
#231 = LINE('',#232,#233);
#232 = CARTESIAN_POINT('',(8.308898943541,15.95,-9.));
#233 = VECTOR('',#234,1.);
#234 = DIRECTION('',(0.,-1.,1.110223024625E-16));
#235 = ORIENTED_EDGE('',*,*,#236,.T.);
#236 = EDGE_CURVE('',#229,#237,#239,.T.);
#237 = VERTEX_POINT('',#238);
#238 = CARTESIAN_POINT('',(7.992587589808,101.0964466094,-9.146446609407
    ));
#239 = B_SPLINE_CURVE_WITH_KNOTS('',3,(#240,#241,#242,#243,#244,#245,
    #246,#247,#248,#249,#250,#251,#252),.UNSPECIFIED.,.F.,.F.,(4,3,3,3,4
    ),(0.,0.151308629206,0.337219568705,0.631303240765,1.),
  .UNSPECIFIED.);
#240 = CARTESIAN_POINT('',(8.308898943541,100.74289321881,-9.));
#241 = CARTESIAN_POINT('',(8.308898943541,100.7693173285,-9.));
#242 = CARTESIAN_POINT('',(8.304361469861,100.79607236569,
    -9.002200712057));
#243 = CARTESIAN_POINT('',(8.296232458043,100.82090708335,
    -9.006123662301));
#244 = CARTESIAN_POINT('',(8.286249827239,100.85140474076,
    -9.010941143788));
#245 = CARTESIAN_POINT('',(8.270748664424,100.87993552136,
    -9.018400122526));
#246 = CARTESIAN_POINT('',(8.252474817519,100.90529645699,
    -9.027109750336));
#247 = CARTESIAN_POINT('',(8.223645583371,100.94530644259,
    -9.040850256142));
#248 = CARTESIAN_POINT('',(8.187325466419,100.97900137604,
    -9.057973106945));
#249 = CARTESIAN_POINT('',(8.148778234453,101.00758127604,
    -9.075806373975));
#250 = CARTESIAN_POINT('',(8.100314782778,101.043513314,-9.098227223173)
  );
#251 = CARTESIAN_POINT('',(8.047165269384,101.07232412123,
    -9.122324121237));
#252 = CARTESIAN_POINT('',(7.992587589808,101.0964466094,-9.146446609407
    ));
#253 = ORIENTED_EDGE('',*,*,#254,.F.);
#254 = EDGE_CURVE('',#255,#237,#257,.T.);
#255 = VERTEX_POINT('',#256);
#256 = CARTESIAN_POINT('',(-9.2587589808E-02,101.0964466094,
    -9.146446609407));
#257 = ELLIPSE('',#258,14.142135623731,10.);
#258 = AXIS2_PLACEMENT_3D('',#259,#260,#261);
#259 = CARTESIAN_POINT('',(3.95,91.95,-1.069223619709E-14));
#260 = DIRECTION('',(-8.659560562355E-17,-0.707106781187,-0.707106781187
    ));
#261 = DIRECTION('',(-8.659560562355E-17,0.707106781187,-0.707106781187)
  );
#262 = ORIENTED_EDGE('',*,*,#263,.T.);
#263 = EDGE_CURVE('',#255,#176,#264,.T.);
#264 = B_SPLINE_CURVE_WITH_KNOTS('',3,(#265,#266,#267,#268,#269,#270,
    #271,#272,#273,#274,#275,#276,#277),.UNSPECIFIED.,.F.,.F.,(4,3,3,3,4
    ),(0.,0.483927693621,0.685223357923,0.889982258381,1.),
  .UNSPECIFIED.);
#265 = CARTESIAN_POINT('',(-9.2587589808E-02,101.0964466094,
    -9.146446609407));
#266 = CARTESIAN_POINT('',(-0.163874908461,101.06493871984,
    -9.11493871984));
#267 = CARTESIAN_POINT('',(-0.233453894498,101.02541147654,
    -9.083112198083));
#268 = CARTESIAN_POINT('',(-0.292236295544,100.97199157712,
    -9.055574593187));
#269 = CARTESIAN_POINT('',(-0.316903272357,100.94957487761,
    -9.044018932829));
#270 = CARTESIAN_POINT('',(-0.339848756983,100.92434458726,
    -9.033141387676));
#271 = CARTESIAN_POINT('',(-0.358899700139,100.89608129095,
    -9.024044734715));
#272 = CARTESIAN_POINT('',(-0.378134832719,100.86754473783,
    -9.014860132971));
#273 = CARTESIAN_POINT('',(-0.393748816682,100.83494336342,-9.0073264862
    ));
#274 = CARTESIAN_POINT('',(-0.402010885223,100.80052722358,
    -9.003332785969));
#275 = CARTESIAN_POINT('',(-0.40650624384,100.78180153885,
    -9.001159829565));
#276 = CARTESIAN_POINT('',(-0.408898943541,100.76227313773,-9.));
#277 = CARTESIAN_POINT('',(-0.408898943541,100.74289321881,-9.));
#278 = FACE_BOUND('',#279,.T.);
#279 = EDGE_LOOP('',(#280,#291,#309,#317,#335,#344,#362,#370));
#280 = ORIENTED_EDGE('',*,*,#281,.F.);
#281 = EDGE_CURVE('',#282,#284,#286,.T.);
#282 = VERTEX_POINT('',#283);
#283 = CARTESIAN_POINT('',(7.992587589808,101.0964466094,9.146446609407)
  );
#284 = VERTEX_POINT('',#285);
#285 = CARTESIAN_POINT('',(-9.2587589808E-02,101.0964466094,
    9.146446609407));
#286 = ELLIPSE('',#287,14.142135623731,10.);
#287 = AXIS2_PLACEMENT_3D('',#288,#289,#290);
#288 = CARTESIAN_POINT('',(3.95,91.95,-1.069223619709E-14));
#289 = DIRECTION('',(8.659560562355E-17,-0.707106781187,0.707106781187)
  );
#290 = DIRECTION('',(8.659560562355E-17,0.707106781187,0.707106781187));
#291 = ORIENTED_EDGE('',*,*,#292,.T.);
#292 = EDGE_CURVE('',#282,#293,#295,.T.);
#293 = VERTEX_POINT('',#294);
#294 = CARTESIAN_POINT('',(8.308898943541,100.74289321881,9.));
#295 = B_SPLINE_CURVE_WITH_KNOTS('',3,(#296,#297,#298,#299,#300,#301,
    #302,#303,#304,#305,#306,#307,#308),.UNSPECIFIED.,.F.,.F.,(4,3,3,3,4
    ),(0.,0.483927693621,0.685223357923,0.889982258381,1.),
  .UNSPECIFIED.);
#296 = CARTESIAN_POINT('',(7.992587589808,101.0964466094,9.146446609407)
  );
#297 = CARTESIAN_POINT('',(8.063874908461,101.06493871984,9.11493871984)
  );
#298 = CARTESIAN_POINT('',(8.133453894498,101.02541147654,9.083112198083
    ));
#299 = CARTESIAN_POINT('',(8.192236295544,100.97199157712,9.055574593187
    ));
#300 = CARTESIAN_POINT('',(8.216903272357,100.94957487761,9.044018932829
    ));
#301 = CARTESIAN_POINT('',(8.239848756983,100.92434458726,9.033141387676
    ));
#302 = CARTESIAN_POINT('',(8.258899700139,100.89608129095,9.024044734715
    ));
#303 = CARTESIAN_POINT('',(8.278134832719,100.86754473783,9.014860132971
    ));
#304 = CARTESIAN_POINT('',(8.293748816682,100.83494336342,9.0073264862)
  );
#305 = CARTESIAN_POINT('',(8.302010885223,100.80052722358,9.003332785969
    ));
#306 = CARTESIAN_POINT('',(8.30650624384,100.78180153885,9.001159829565)
  );
#307 = CARTESIAN_POINT('',(8.308898943541,100.76227313773,9.));
#308 = CARTESIAN_POINT('',(8.308898943541,100.74289321881,9.));
#309 = ORIENTED_EDGE('',*,*,#310,.F.);
#310 = EDGE_CURVE('',#311,#293,#313,.T.);
#311 = VERTEX_POINT('',#312);
#312 = CARTESIAN_POINT('',(8.308898943541,46.157106781186,9.));
#313 = LINE('',#314,#315);
#314 = CARTESIAN_POINT('',(8.308898943541,15.95,9.));
#315 = VECTOR('',#316,1.);
#316 = DIRECTION('',(-0.,1.,-1.110223024625E-16));
#317 = ORIENTED_EDGE('',*,*,#318,.T.);
#318 = EDGE_CURVE('',#311,#319,#321,.T.);
#319 = VERTEX_POINT('',#320);
#320 = CARTESIAN_POINT('',(7.992587589808,45.803553390593,9.146446609407
    ));
#321 = B_SPLINE_CURVE_WITH_KNOTS('',3,(#322,#323,#324,#325,#326,#327,
    #328,#329,#330,#331,#332,#333,#334),.UNSPECIFIED.,.F.,.F.,(4,3,3,3,4
    ),(0.,0.151308629206,0.337219568705,0.631303240765,1.),
  .UNSPECIFIED.);
#322 = CARTESIAN_POINT('',(8.308898943541,46.157106781186,9.));
#323 = CARTESIAN_POINT('',(8.308898943541,46.130682671498,9.));
#324 = CARTESIAN_POINT('',(8.304361469861,46.103927634303,9.002200712057
    ));
#325 = CARTESIAN_POINT('',(8.296232458044,46.079092916646,9.006123662301
    ));
#326 = CARTESIAN_POINT('',(8.286249827239,46.048595259234,9.010941143788
    ));
#327 = CARTESIAN_POINT('',(8.270748664424,46.020064478631,9.018400122526
    ));
#328 = CARTESIAN_POINT('',(8.252474817519,45.994703543002,9.027109750336
    ));
#329 = CARTESIAN_POINT('',(8.223645583371,45.954693557404,9.040850256142
    ));
#330 = CARTESIAN_POINT('',(8.18732546642,45.920998623952,9.057973106945)
  );
#331 = CARTESIAN_POINT('',(8.148778234453,45.892418723958,9.075806373975
    ));
#332 = CARTESIAN_POINT('',(8.100314782778,45.856486685998,9.098227223173
    ));
#333 = CARTESIAN_POINT('',(8.047165269384,45.827675878763,9.122324121237
    ));
#334 = CARTESIAN_POINT('',(7.992587589808,45.803553390593,9.146446609407
    ));
#335 = ORIENTED_EDGE('',*,*,#336,.F.);
#336 = EDGE_CURVE('',#337,#319,#339,.T.);
#337 = VERTEX_POINT('',#338);
#338 = CARTESIAN_POINT('',(-9.2587589808E-02,45.803553390593,
    9.146446609407));
#339 = ELLIPSE('',#340,14.142135623731,10.);
#340 = AXIS2_PLACEMENT_3D('',#341,#342,#343);
#341 = CARTESIAN_POINT('',(3.95,54.95,-6.584411005978E-15));
#342 = DIRECTION('',(8.659560562355E-17,0.707106781187,0.707106781187));
#343 = DIRECTION('',(-8.659560562355E-17,0.707106781187,-0.707106781187)
  );
#344 = ORIENTED_EDGE('',*,*,#345,.T.);
#345 = EDGE_CURVE('',#337,#346,#348,.T.);
#346 = VERTEX_POINT('',#347);
#347 = CARTESIAN_POINT('',(-0.408898943541,46.157106781186,9.));
#348 = B_SPLINE_CURVE_WITH_KNOTS('',3,(#349,#350,#351,#352,#353,#354,
    #355,#356,#357,#358,#359,#360,#361),.UNSPECIFIED.,.F.,.F.,(4,3,3,3,4
    ),(0.,0.483927693621,0.685223357923,0.889982258381,1.),
  .UNSPECIFIED.);
#349 = CARTESIAN_POINT('',(-9.2587589808E-02,45.803553390593,
    9.146446609407));
#350 = CARTESIAN_POINT('',(-0.163874908461,45.83506128016,9.11493871984)
  );
#351 = CARTESIAN_POINT('',(-0.233453894498,45.874588523455,
    9.083112198083));
#352 = CARTESIAN_POINT('',(-0.292236295544,45.928008422878,
    9.055574593187));
#353 = CARTESIAN_POINT('',(-0.316903272357,45.950425122383,
    9.044018932829));
#354 = CARTESIAN_POINT('',(-0.339848756983,45.975655412739,
    9.033141387676));
#355 = CARTESIAN_POINT('',(-0.358899700139,46.003918709041,
    9.024044734715));
#356 = CARTESIAN_POINT('',(-0.378134832719,46.03245526217,9.014860132971
    ));
#357 = CARTESIAN_POINT('',(-0.393748816682,46.06505663658,9.0073264862)
  );
#358 = CARTESIAN_POINT('',(-0.402010885223,46.099472776412,
    9.003332785969));
#359 = CARTESIAN_POINT('',(-0.40650624384,46.118198461144,9.001159829565
    ));
#360 = CARTESIAN_POINT('',(-0.408898943541,46.137726862267,9.));
#361 = CARTESIAN_POINT('',(-0.408898943541,46.157106781186,9.));
#362 = ORIENTED_EDGE('',*,*,#363,.F.);
#363 = EDGE_CURVE('',#364,#346,#366,.T.);
#364 = VERTEX_POINT('',#365);
#365 = CARTESIAN_POINT('',(-0.408898943541,100.74289321881,9.));
#366 = LINE('',#367,#368);
#367 = CARTESIAN_POINT('',(-0.408898943541,15.95,9.));
#368 = VECTOR('',#369,1.);
#369 = DIRECTION('',(0.,-1.,1.110223024625E-16));
#370 = ORIENTED_EDGE('',*,*,#371,.T.);
#371 = EDGE_CURVE('',#364,#284,#372,.T.);
#372 = B_SPLINE_CURVE_WITH_KNOTS('',3,(#373,#374,#375,#376,#377,#378,
    #379,#380,#381,#382,#383,#384,#385),.UNSPECIFIED.,.F.,.F.,(4,3,3,3,4
    ),(0.,0.151308629206,0.337219568705,0.631303240765,1.),
  .UNSPECIFIED.);
#373 = CARTESIAN_POINT('',(-0.408898943541,100.74289321881,9.));
#374 = CARTESIAN_POINT('',(-0.408898943541,100.7693173285,9.));
#375 = CARTESIAN_POINT('',(-0.404361469861,100.79607236569,
    9.002200712057));
#376 = CARTESIAN_POINT('',(-0.396232458043,100.82090708335,
    9.006123662301));
#377 = CARTESIAN_POINT('',(-0.386249827239,100.85140474076,
    9.010941143788));
#378 = CARTESIAN_POINT('',(-0.370748664424,100.87993552136,
    9.018400122526));
#379 = CARTESIAN_POINT('',(-0.352474817519,100.90529645699,
    9.027109750336));
#380 = CARTESIAN_POINT('',(-0.323645583371,100.94530644259,
    9.040850256142));
#381 = CARTESIAN_POINT('',(-0.28732546642,100.97900137604,9.057973106945
    ));
#382 = CARTESIAN_POINT('',(-0.248778234453,101.00758127604,
    9.075806373975));
#383 = CARTESIAN_POINT('',(-0.200314782778,101.043513314,9.098227223173)
  );
#384 = CARTESIAN_POINT('',(-0.147165269384,101.07232412123,
    9.122324121237));
#385 = CARTESIAN_POINT('',(-9.2587589808E-02,101.0964466094,
    9.146446609407));
#386 = CYLINDRICAL_SURFACE('',#387,10.);
#387 = AXIS2_PLACEMENT_3D('',#388,#389,#390);
#388 = CARTESIAN_POINT('',(3.95,15.95,-2.25454120994E-15));
#389 = DIRECTION('',(-0.,1.,-1.110223024625E-16));
#390 = DIRECTION('',(1.,-1.359631073447E-32,-1.224646799147E-16));
#391 = ADVANCED_FACE('',(#392),#428,.F.);
#392 = FACE_BOUND('',#393,.F.);
#393 = EDGE_LOOP('',(#394,#405,#413,#422));
#394 = ORIENTED_EDGE('',*,*,#395,.T.);
#395 = EDGE_CURVE('',#396,#398,#400,.T.);
#396 = VERTEX_POINT('',#397);
#397 = CARTESIAN_POINT('',(2.861046009672,15.95,2.202400553768));
#398 = VERTEX_POINT('',#399);
#399 = CARTESIAN_POINT('',(2.861046009672,15.95,-2.202400553768));
#400 = CIRCLE('',#401,2.55);
#401 = AXIS2_PLACEMENT_3D('',#402,#403,#404);
#402 = CARTESIAN_POINT('',(4.146321,15.95,-2.251478544054E-15));
#403 = DIRECTION('',(0.,1.,-1.110223024625E-16));
#404 = DIRECTION('',(1.,-1.359631073447E-32,-1.224646799147E-16));
#405 = ORIENTED_EDGE('',*,*,#406,.T.);
#406 = EDGE_CURVE('',#398,#407,#409,.T.);
#407 = VERTEX_POINT('',#408);
#408 = CARTESIAN_POINT('',(2.861046009672,27.95,-2.202400553768));
#409 = LINE('',#410,#411);
#410 = CARTESIAN_POINT('',(2.861046009672,12.95,-2.202400553768));
#411 = VECTOR('',#412,1.);
#412 = DIRECTION('',(-0.,1.,-1.110223024625E-16));
#413 = ORIENTED_EDGE('',*,*,#414,.F.);
#414 = EDGE_CURVE('',#415,#407,#417,.T.);
#415 = VERTEX_POINT('',#416);
#416 = CARTESIAN_POINT('',(2.861046009672,27.95,2.202400553768));
#417 = CIRCLE('',#418,2.55);
#418 = AXIS2_PLACEMENT_3D('',#419,#420,#421);
#419 = CARTESIAN_POINT('',(4.146321,27.95,-3.583746173604E-15));
#420 = DIRECTION('',(0.,1.,-1.110223024625E-16));
#421 = DIRECTION('',(0.867187813559,-5.52870216879E-17,-0.497981220544)
  );
#422 = ORIENTED_EDGE('',*,*,#423,.F.);
#423 = EDGE_CURVE('',#396,#415,#424,.T.);
#424 = LINE('',#425,#426);
#425 = CARTESIAN_POINT('',(2.861046009672,12.95,2.202400553768));
#426 = VECTOR('',#427,1.);
#427 = DIRECTION('',(-0.,1.,-1.110223024625E-16));
#428 = CYLINDRICAL_SURFACE('',#429,2.55);
#429 = AXIS2_PLACEMENT_3D('',#430,#431,#432);
#430 = CARTESIAN_POINT('',(4.146321,12.95,-1.918411636666E-15));
#431 = DIRECTION('',(-0.,1.,-1.110223024625E-16));
#432 = DIRECTION('',(1.,-1.359631073447E-32,-1.224646799147E-16));
#433 = ADVANCED_FACE('',(#434,#445),#456,.T.);
#434 = FACE_BOUND('',#435,.T.);
#435 = EDGE_LOOP('',(#436));
#436 = ORIENTED_EDGE('',*,*,#437,.T.);
#437 = EDGE_CURVE('',#438,#438,#440,.T.);
#438 = VERTEX_POINT('',#439);
#439 = CARTESIAN_POINT('',(7.55,105.95,-1.268742127926E-14));
#440 = CIRCLE('',#441,3.6);
#441 = AXIS2_PLACEMENT_3D('',#442,#443,#444);
#442 = CARTESIAN_POINT('',(3.95,105.95,-1.224654843157E-14));
#443 = DIRECTION('',(0.,-1.,1.110223024625E-16));
#444 = DIRECTION('',(1.,-1.359631073447E-32,-1.224646799147E-16));
#445 = FACE_BOUND('',#446,.T.);
#446 = EDGE_LOOP('',(#447));
#447 = ORIENTED_EDGE('',*,*,#448,.T.);
#448 = EDGE_CURVE('',#449,#449,#451,.T.);
#449 = VERTEX_POINT('',#450);
#450 = CARTESIAN_POINT('',(13.187346038583,105.95,-1.337779705744E-14));
#451 = CIRCLE('',#452,9.237346038583);
#452 = AXIS2_PLACEMENT_3D('',#453,#454,#455);
#453 = CARTESIAN_POINT('',(3.95,105.95,-1.224654843157E-14));
#454 = DIRECTION('',(0.,1.,-1.110223024625E-16));
#455 = DIRECTION('',(1.,-1.359631073447E-32,-1.224646799147E-16));
#456 = PLANE('',#457);
#457 = AXIS2_PLACEMENT_3D('',#458,#459,#460);
#458 = CARTESIAN_POINT('',(3.95,105.95,-1.224654843157E-14));
#459 = DIRECTION('',(-0.,1.,-1.110223024625E-16));
#460 = DIRECTION('',(1.,-1.359631073447E-32,-1.224646799147E-16));
#461 = ADVANCED_FACE('',(#462),#491,.T.);
#462 = FACE_BOUND('',#463,.T.);
#463 = EDGE_LOOP('',(#464,#473,#482,#489,#490));
#464 = ORIENTED_EDGE('',*,*,#465,.F.);
#465 = EDGE_CURVE('',#466,#22,#468,.T.);
#466 = VERTEX_POINT('',#467);
#467 = CARTESIAN_POINT('',(9.118942609204,15.95,4.));
#468 = B_SPLINE_CURVE_WITH_KNOTS('',3,(#469,#470,#471,#472),
  .UNSPECIFIED.,.F.,.F.,(4,4),(0.,1.),.PIECEWISE_BEZIER_KNOTS.);
#469 = CARTESIAN_POINT('',(9.118942609204,15.95,4.));
#470 = CARTESIAN_POINT('',(10.261189996389,16.605214857683,4.37828847446
    ));
#471 = CARTESIAN_POINT('',(11.391276446073,17.276275600525,
    4.765725574983));
#472 = CARTESIAN_POINT('',(12.519075933823,17.95,5.154700538379));
#473 = ORIENTED_EDGE('',*,*,#474,.F.);
#474 = EDGE_CURVE('',#475,#466,#477,.T.);
#475 = VERTEX_POINT('',#476);
#476 = CARTESIAN_POINT('',(9.118942609204,15.95,-4.));
#477 = CIRCLE('',#478,6.535898384862);
#478 = AXIS2_PLACEMENT_3D('',#479,#480,#481);
#479 = CARTESIAN_POINT('',(3.95,15.95,-2.25454120994E-15));
#480 = DIRECTION('',(0.,-1.,1.110223024625E-16));
#481 = DIRECTION('',(1.,-1.359631073447E-32,-1.224646799147E-16));
#482 = ORIENTED_EDGE('',*,*,#483,.T.);
#483 = EDGE_CURVE('',#475,#141,#484,.T.);
#484 = B_SPLINE_CURVE_WITH_KNOTS('',3,(#485,#486,#487,#488),
  .UNSPECIFIED.,.F.,.F.,(4,4),(0.,1.),.PIECEWISE_BEZIER_KNOTS.);
#485 = CARTESIAN_POINT('',(9.118942609204,15.95,-4.));
#486 = CARTESIAN_POINT('',(10.261189996389,16.605214857683,
    -4.37828847446));
#487 = CARTESIAN_POINT('',(11.391276446073,17.276275600525,
    -4.765725574983));
#488 = CARTESIAN_POINT('',(12.519075933823,17.95,-5.154700538379));
#489 = ORIENTED_EDGE('',*,*,#140,.F.);
#490 = ORIENTED_EDGE('',*,*,#32,.F.);
#491 = CONICAL_SURFACE('',#492,10.,1.04719755);
#492 = AXIS2_PLACEMENT_3D('',#493,#494,#495);
#493 = CARTESIAN_POINT('',(3.95,17.95,-2.476585814865E-15));
#494 = DIRECTION('',(-0.,1.,-1.110223024625E-16));
#495 = DIRECTION('',(1.,-1.359631073447E-32,-1.224646799147E-16));
#496 = ADVANCED_FACE('',(#497),#515,.T.);
#497 = FACE_BOUND('',#498,.T.);
#498 = EDGE_LOOP('',(#499,#508,#513,#514));
#499 = ORIENTED_EDGE('',*,*,#500,.T.);
#500 = EDGE_CURVE('',#501,#501,#503,.T.);
#501 = VERTEX_POINT('',#502);
#502 = CARTESIAN_POINT('',(13.685116379965,105.45222965861,
    -1.338349273357E-14));
#503 = CIRCLE('',#504,9.735116379965);
#504 = AXIS2_PLACEMENT_3D('',#505,#506,#507);
#505 = CARTESIAN_POINT('',(3.95,105.45222965861,-1.219128482217E-14));
#506 = DIRECTION('',(0.,-1.,1.110223024625E-16));
#507 = DIRECTION('',(1.,-1.359631073447E-32,-1.224646799147E-16));
#508 = ORIENTED_EDGE('',*,*,#509,.T.);
#509 = EDGE_CURVE('',#501,#88,#510,.T.);
#510 = B_SPLINE_CURVE_WITH_KNOTS('',1,(#511,#512),.UNSPECIFIED.,.F.,.F.,
  (2,2),(0.505449251247,2.030853223771),.PIECEWISE_BEZIER_KNOTS.);
#511 = CARTESIAN_POINT('',(13.685116379866,105.4522296586,
    -1.457570064495E-14));
#512 = CARTESIAN_POINT('',(13.949999999601,103.94999999993,
    -1.447379742483E-14));
#513 = ORIENTED_EDGE('',*,*,#94,.F.);
#514 = ORIENTED_EDGE('',*,*,#509,.F.);
#515 = CONICAL_SURFACE('',#516,9.647346038583,0.174532925);
#516 = AXIS2_PLACEMENT_3D('',#517,#518,#519);
#517 = CARTESIAN_POINT('',(3.95,105.95,-1.224654843157E-14));
#518 = DIRECTION('',(0.,-1.,1.110223024625E-16));
#519 = DIRECTION('',(-1.,1.359631073447E-32,1.224646799147E-16));
#520 = ADVANCED_FACE('',(#521),#531,.T.);
#521 = FACE_BOUND('',#522,.T.);
#522 = EDGE_LOOP('',(#523,#524,#529,#530));
#523 = ORIENTED_EDGE('',*,*,#500,.F.);
#524 = ORIENTED_EDGE('',*,*,#525,.F.);
#525 = EDGE_CURVE('',#449,#501,#526,.T.);
#526 = B_SPLINE_CURVE_WITH_KNOTS('',1,(#527,#528),.UNSPECIFIED.,.F.,.F.,
  (2,2),(0.,0.70395356773),.PIECEWISE_BEZIER_KNOTS.);
#527 = CARTESIAN_POINT('',(13.187346038583,105.95,-1.677154293507E-14));
#528 = CARTESIAN_POINT('',(13.685116379518,105.45222965817,
    -1.696011646752E-14));
#529 = ORIENTED_EDGE('',*,*,#448,.F.);
#530 = ORIENTED_EDGE('',*,*,#525,.T.);
#531 = CONICAL_SURFACE('',#532,9.237346038583,0.7853981625);
#532 = AXIS2_PLACEMENT_3D('',#533,#534,#535);
#533 = CARTESIAN_POINT('',(3.95,105.95,-1.224654843157E-14));
#534 = DIRECTION('',(0.,-1.,1.110223024625E-16));
#535 = DIRECTION('',(-1.,1.359631073447E-32,1.224646799147E-16));
#536 = ADVANCED_FACE('',(#537),#565,.F.);
#537 = FACE_BOUND('',#538,.F.);
#538 = EDGE_LOOP('',(#539,#550,#557,#558));
#539 = ORIENTED_EDGE('',*,*,#540,.T.);
#540 = EDGE_CURVE('',#541,#543,#545,.T.);
#541 = VERTEX_POINT('',#542);
#542 = CARTESIAN_POINT('',(0.85,32.95,-3.762279844067E-15));
#543 = VERTEX_POINT('',#544);
#544 = CARTESIAN_POINT('',(7.05,32.95,-4.521560859539E-15));
#545 = CIRCLE('',#546,3.1);
#546 = AXIS2_PLACEMENT_3D('',#547,#548,#549);
#547 = CARTESIAN_POINT('',(3.95,32.95,-4.141920351803E-15));
#548 = DIRECTION('',(0.,-1.,1.110223024625E-16));
#549 = DIRECTION('',(-1.,1.359631073447E-32,1.224646799147E-16));
#550 = ORIENTED_EDGE('',*,*,#551,.F.);
#551 = EDGE_CURVE('',#552,#543,#554,.T.);
#552 = VERTEX_POINT('',#553);
#553 = CARTESIAN_POINT('',(3.95,31.087332081015,-3.935122670714E-15));
#554 = B_SPLINE_CURVE_WITH_KNOTS('',1,(#555,#556),.UNSPECIFIED.,.F.,.F.,
  (2,2),(-3.616563533924,0.),.PIECEWISE_BEZIER_KNOTS.);
#555 = CARTESIAN_POINT('',(3.95,31.08733207605,-3.935122670163E-15));
#556 = CARTESIAN_POINT('',(7.05,32.95,-3.762279844067E-15));
#557 = ORIENTED_EDGE('',*,*,#551,.T.);
#558 = ORIENTED_EDGE('',*,*,#559,.T.);
#559 = EDGE_CURVE('',#543,#541,#560,.T.);
#560 = CIRCLE('',#561,3.1);
#561 = AXIS2_PLACEMENT_3D('',#562,#563,#564);
#562 = CARTESIAN_POINT('',(3.95,32.95,-4.141920351803E-15));
#563 = DIRECTION('',(0.,-1.,1.110223024625E-16));
#564 = DIRECTION('',(-1.,1.359631073447E-32,1.224646799147E-16));
#565 = CONICAL_SURFACE('',#566,3.1,1.0297442575);
#566 = AXIS2_PLACEMENT_3D('',#567,#568,#569);
#567 = CARTESIAN_POINT('',(3.95,32.95,-4.141920351803E-15));
#568 = DIRECTION('',(-0.,1.,-1.110223024625E-16));
#569 = DIRECTION('',(1.,-1.359631073447E-32,-1.224646799147E-16));
#570 = ADVANCED_FACE('',(#571),#590,.F.);
#571 = FACE_BOUND('',#572,.F.);
#572 = EDGE_LOOP('',(#573,#582,#587,#588,#589));
#573 = ORIENTED_EDGE('',*,*,#574,.F.);
#574 = EDGE_CURVE('',#575,#575,#577,.T.);
#575 = VERTEX_POINT('',#576);
#576 = CARTESIAN_POINT('',(7.05,105.08397459621,-1.253004080498E-14));
#577 = CIRCLE('',#578,3.1);
#578 = AXIS2_PLACEMENT_3D('',#579,#580,#581);
#579 = CARTESIAN_POINT('',(3.95,105.08397459621,-1.215040029725E-14));
#580 = DIRECTION('',(0.,1.,-1.110223024625E-16));
#581 = DIRECTION('',(1.,-1.359631073447E-32,-1.224646799147E-16));
#582 = ORIENTED_EDGE('',*,*,#583,.T.);
#583 = EDGE_CURVE('',#575,#543,#584,.T.);
#584 = B_SPLINE_CURVE_WITH_KNOTS('',1,(#585,#586),.UNSPECIFIED.,.F.,.F.,
  (2,2),(0.866025403784,73.),.PIECEWISE_BEZIER_KNOTS.);
#585 = CARTESIAN_POINT('',(7.05,105.08397459621,-1.290968131272E-14));
#586 = CARTESIAN_POINT('',(7.05,32.95,-4.901201367274E-15));
#587 = ORIENTED_EDGE('',*,*,#540,.F.);
#588 = ORIENTED_EDGE('',*,*,#559,.F.);
#589 = ORIENTED_EDGE('',*,*,#583,.F.);
#590 = CYLINDRICAL_SURFACE('',#591,3.1);
#591 = AXIS2_PLACEMENT_3D('',#592,#593,#594);
#592 = CARTESIAN_POINT('',(3.95,105.95,-1.224654843157E-14));
#593 = DIRECTION('',(0.,-1.,1.110223024625E-16));
#594 = DIRECTION('',(-1.,1.359631073447E-32,1.224646799147E-16));
#595 = ADVANCED_FACE('',(#596),#606,.F.);
#596 = FACE_BOUND('',#597,.F.);
#597 = EDGE_LOOP('',(#598,#599,#604,#605));
#598 = ORIENTED_EDGE('',*,*,#574,.T.);
#599 = ORIENTED_EDGE('',*,*,#600,.T.);
#600 = EDGE_CURVE('',#575,#438,#601,.T.);
#601 = B_SPLINE_CURVE_WITH_KNOTS('',1,(#602,#603),.UNSPECIFIED.,.F.,.F.,
  (2,2),(-1.,0.),.PIECEWISE_BEZIER_KNOTS.);
#602 = CARTESIAN_POINT('',(7.050000000518,105.08397459591,
    -1.253004080501E-14));
#603 = CARTESIAN_POINT('',(7.55,105.95,-1.268742127926E-14));
#604 = ORIENTED_EDGE('',*,*,#437,.T.);
#605 = ORIENTED_EDGE('',*,*,#600,.F.);
#606 = CONICAL_SURFACE('',#607,3.6,0.523598775);
#607 = AXIS2_PLACEMENT_3D('',#608,#609,#610);
#608 = CARTESIAN_POINT('',(3.95,105.95,-1.224654843157E-14));
#609 = DIRECTION('',(-0.,1.,-1.110223024625E-16));
#610 = DIRECTION('',(1.,-1.359631073447E-32,-1.224646799147E-16));
#611 = ADVANCED_FACE('',(#612,#638),#664,.F.);
#612 = FACE_BOUND('',#613,.T.);
#613 = EDGE_LOOP('',(#614,#622,#623,#631));
#614 = ORIENTED_EDGE('',*,*,#615,.T.);
#615 = EDGE_CURVE('',#616,#396,#618,.T.);
#616 = VERTEX_POINT('',#617);
#617 = CARTESIAN_POINT('',(3.7230540647E-02,15.95,1.174615775982));
#618 = LINE('',#619,#620);
#619 = CARTESIAN_POINT('',(3.114778687623,15.95,2.294751696003));
#620 = VECTOR('',#621,1.);
#621 = DIRECTION('',(0.939692620786,3.79718638006E-17,0.342020143326));
#622 = ORIENTED_EDGE('',*,*,#395,.T.);
#623 = ORIENTED_EDGE('',*,*,#624,.T.);
#624 = EDGE_CURVE('',#398,#625,#627,.T.);
#625 = VERTEX_POINT('',#626);
#626 = CARTESIAN_POINT('',(3.7230540647E-02,15.95,-1.174615775982));
#627 = LINE('',#628,#629);
#628 = CARTESIAN_POINT('',(3.114778687623,15.95,-2.294751696003));
#629 = VECTOR('',#630,1.);
#630 = DIRECTION('',(-0.939692620786,3.79718638006E-17,0.342020143326));
#631 = ORIENTED_EDGE('',*,*,#632,.T.);
#632 = EDGE_CURVE('',#625,#616,#633,.T.);
#633 = CIRCLE('',#634,1.25);
#634 = AXIS2_PLACEMENT_3D('',#635,#636,#637);
#635 = CARTESIAN_POINT('',(0.464755719804,15.95,3.810129412184E-15));
#636 = DIRECTION('',(0.,1.,-1.110223024625E-16));
#637 = DIRECTION('',(1.,-1.359631073447E-32,-1.224646799147E-16));
#638 = FACE_BOUND('',#639,.T.);
#639 = EDGE_LOOP('',(#640,#641,#649,#658));
#640 = ORIENTED_EDGE('',*,*,#474,.T.);
#641 = ORIENTED_EDGE('',*,*,#642,.T.);
#642 = EDGE_CURVE('',#466,#643,#645,.T.);
#643 = VERTEX_POINT('',#644);
#644 = CARTESIAN_POINT('',(1.95,15.95,4.));
#645 = LINE('',#646,#647);
#646 = CARTESIAN_POINT('',(3.95,15.95,4.));
#647 = VECTOR('',#648,1.);
#648 = DIRECTION('',(-1.,1.359631073447E-32,1.224646799147E-16));
#649 = ORIENTED_EDGE('',*,*,#650,.T.);
#650 = EDGE_CURVE('',#643,#651,#653,.T.);
#651 = VERTEX_POINT('',#652);
#652 = CARTESIAN_POINT('',(1.95,15.95,-4.));
#653 = CIRCLE('',#654,4.);
#654 = AXIS2_PLACEMENT_3D('',#655,#656,#657);
#655 = CARTESIAN_POINT('',(1.95,15.95,-2.009611850111E-15));
#656 = DIRECTION('',(0.,-1.,1.110223024625E-16));
#657 = DIRECTION('',(1.,-1.359631073447E-32,-1.224646799147E-16));
#658 = ORIENTED_EDGE('',*,*,#659,.F.);
#659 = EDGE_CURVE('',#475,#651,#660,.T.);
#660 = LINE('',#661,#662);
#661 = CARTESIAN_POINT('',(3.95,15.95,-4.));
#662 = VECTOR('',#663,1.);
#663 = DIRECTION('',(-1.,1.359631073447E-32,1.224646799147E-16));
#664 = PLANE('',#665);
#665 = AXIS2_PLACEMENT_3D('',#666,#667,#668);
#666 = CARTESIAN_POINT('',(3.95,15.95,-2.25454120994E-15));
#667 = DIRECTION('',(-0.,1.,-1.110223024625E-16));
#668 = DIRECTION('',(1.,-1.359631073447E-32,-1.224646799147E-16));
#669 = ADVANCED_FACE('',(#670),#686,.T.);
#670 = FACE_BOUND('',#671,.T.);
#671 = EDGE_LOOP('',(#672,#673,#679,#680));
#672 = ORIENTED_EDGE('',*,*,#158,.T.);
#673 = ORIENTED_EDGE('',*,*,#674,.T.);
#674 = EDGE_CURVE('',#150,#651,#675,.T.);
#675 = LINE('',#676,#677);
#676 = CARTESIAN_POINT('',(1.95,15.95,-4.));
#677 = VECTOR('',#678,1.);
#678 = DIRECTION('',(6.469600222491E-16,-0.866025403784,0.5));
#679 = ORIENTED_EDGE('',*,*,#650,.F.);
#680 = ORIENTED_EDGE('',*,*,#681,.F.);
#681 = EDGE_CURVE('',#24,#643,#682,.T.);
#682 = LINE('',#683,#684);
#683 = CARTESIAN_POINT('',(1.95,15.95,4.));
#684 = VECTOR('',#685,1.);
#685 = DIRECTION('',(5.244953423343E-16,-0.866025403784,-0.5));
#686 = CONICAL_SURFACE('',#687,4.,0.523598775);
#687 = AXIS2_PLACEMENT_3D('',#688,#689,#690);
#688 = CARTESIAN_POINT('',(1.95,15.95,-2.009611850111E-15));
#689 = DIRECTION('',(-0.,1.,-1.110223024625E-16));
#690 = DIRECTION('',(1.,-1.359631073447E-32,-1.224646799147E-16));
#691 = ADVANCED_FACE('',(#692),#698,.F.);
#692 = FACE_BOUND('',#693,.T.);
#693 = EDGE_LOOP('',(#694,#695,#696,#697));
#694 = ORIENTED_EDGE('',*,*,#21,.T.);
#695 = ORIENTED_EDGE('',*,*,#681,.T.);
#696 = ORIENTED_EDGE('',*,*,#642,.F.);
#697 = ORIENTED_EDGE('',*,*,#465,.T.);
#698 = PLANE('',#699);
#699 = AXIS2_PLACEMENT_3D('',#700,#701,#702);
#700 = CARTESIAN_POINT('',(51.95,15.95,4.));
#701 = DIRECTION('',(-1.060575238725E-16,0.5,-0.866025403784));
#702 = DIRECTION('',(6.123233995739E-17,0.866025403784,0.5));
#703 = ADVANCED_FACE('',(#704),#710,.T.);
#704 = FACE_BOUND('',#705,.T.);
#705 = EDGE_LOOP('',(#706,#707,#708,#709));
#706 = ORIENTED_EDGE('',*,*,#483,.F.);
#707 = ORIENTED_EDGE('',*,*,#659,.T.);
#708 = ORIENTED_EDGE('',*,*,#674,.F.);
#709 = ORIENTED_EDGE('',*,*,#149,.F.);
#710 = PLANE('',#711);
#711 = AXIS2_PLACEMENT_3D('',#712,#713,#714);
#712 = CARTESIAN_POINT('',(51.95,15.95,-4.));
#713 = DIRECTION('',(-1.060575238725E-16,-0.5,-0.866025403784));
#714 = DIRECTION('',(-6.123233995739E-17,0.866025403784,-0.5));
#715 = ADVANCED_FACE('',(#716),#725,.F.);
#716 = FACE_BOUND('',#717,.T.);
#717 = EDGE_LOOP('',(#718,#719));
#718 = ORIENTED_EDGE('',*,*,#254,.T.);
#719 = ORIENTED_EDGE('',*,*,#720,.T.);
#720 = EDGE_CURVE('',#237,#255,#721,.T.);
#721 = LINE('',#722,#723);
#722 = CARTESIAN_POINT('',(23.95,101.0964466094,-9.146446609407));
#723 = VECTOR('',#724,1.);
#724 = DIRECTION('',(-1.,1.359631073447E-32,1.224646799147E-16));
#725 = PLANE('',#726);
#726 = AXIS2_PLACEMENT_3D('',#727,#728,#729);
#727 = CARTESIAN_POINT('',(23.95,101.0964466094,-9.146446609407));
#728 = DIRECTION('',(8.659560562355E-17,0.707106781187,0.707106781187));
#729 = DIRECTION('',(8.659560562355E-17,-0.707106781187,0.707106781187)
  );
#730 = ADVANCED_FACE('',(#731),#740,.F.);
#731 = FACE_BOUND('',#732,.T.);
#732 = EDGE_LOOP('',(#733,#734));
#733 = ORIENTED_EDGE('',*,*,#201,.T.);
#734 = ORIENTED_EDGE('',*,*,#735,.F.);
#735 = EDGE_CURVE('',#202,#184,#736,.T.);
#736 = LINE('',#737,#738);
#737 = CARTESIAN_POINT('',(23.95,45.803553390593,-9.146446609407));
#738 = VECTOR('',#739,1.);
#739 = DIRECTION('',(-1.,1.359631073447E-32,1.224646799147E-16));
#740 = PLANE('',#741);
#741 = AXIS2_PLACEMENT_3D('',#742,#743,#744);
#742 = CARTESIAN_POINT('',(23.95,20.95,-34.));
#743 = DIRECTION('',(8.659560562355E-17,-0.707106781187,0.707106781187)
  );
#744 = DIRECTION('',(-8.659560562355E-17,-0.707106781187,-0.707106781187
    ));
#745 = ADVANCED_FACE('',(#746),#757,.F.);
#746 = FACE_BOUND('',#747,.F.);
#747 = EDGE_LOOP('',(#748,#749,#750,#751));
#748 = ORIENTED_EDGE('',*,*,#183,.T.);
#749 = ORIENTED_EDGE('',*,*,#735,.F.);
#750 = ORIENTED_EDGE('',*,*,#210,.T.);
#751 = ORIENTED_EDGE('',*,*,#752,.T.);
#752 = EDGE_CURVE('',#211,#174,#753,.T.);
#753 = LINE('',#754,#755);
#754 = CARTESIAN_POINT('',(23.95,46.157106781186,-9.));
#755 = VECTOR('',#756,1.);
#756 = DIRECTION('',(-1.,1.359631073447E-32,1.224646799147E-16));
#757 = CYLINDRICAL_SURFACE('',#758,0.5);
#758 = AXIS2_PLACEMENT_3D('',#759,#760,#761);
#759 = CARTESIAN_POINT('',(23.95,46.157106781186,-9.5));
#760 = DIRECTION('',(-1.,1.359631073447E-32,1.224646799147E-16));
#761 = DIRECTION('',(1.224646799147E-16,1.110223024625E-16,1.));
#762 = ADVANCED_FACE('',(#763),#774,.F.);
#763 = FACE_BOUND('',#764,.T.);
#764 = EDGE_LOOP('',(#765,#766,#767,#768));
#765 = ORIENTED_EDGE('',*,*,#228,.T.);
#766 = ORIENTED_EDGE('',*,*,#752,.T.);
#767 = ORIENTED_EDGE('',*,*,#173,.T.);
#768 = ORIENTED_EDGE('',*,*,#769,.F.);
#769 = EDGE_CURVE('',#229,#176,#770,.T.);
#770 = LINE('',#771,#772);
#771 = CARTESIAN_POINT('',(23.95,100.74289321881,-9.));
#772 = VECTOR('',#773,1.);
#773 = DIRECTION('',(-1.,1.359631073447E-32,1.224646799147E-16));
#774 = PLANE('',#775);
#775 = AXIS2_PLACEMENT_3D('',#776,#777,#778);
#776 = CARTESIAN_POINT('',(23.95,46.157106781186,-9.));
#777 = DIRECTION('',(1.224646799147E-16,1.110223024625E-16,1.));
#778 = DIRECTION('',(1.,-1.359631073447E-32,-1.224646799147E-16));
#779 = ADVANCED_FACE('',(#780),#786,.F.);
#780 = FACE_BOUND('',#781,.F.);
#781 = EDGE_LOOP('',(#782,#783,#784,#785));
#782 = ORIENTED_EDGE('',*,*,#263,.T.);
#783 = ORIENTED_EDGE('',*,*,#769,.F.);
#784 = ORIENTED_EDGE('',*,*,#236,.T.);
#785 = ORIENTED_EDGE('',*,*,#720,.T.);
#786 = CYLINDRICAL_SURFACE('',#787,0.5);
#787 = AXIS2_PLACEMENT_3D('',#788,#789,#790);
#788 = CARTESIAN_POINT('',(23.95,100.74289321881,-9.5));
#789 = DIRECTION('',(-1.,1.359631073447E-32,1.224646799147E-16));
#790 = DIRECTION('',(1.224646799147E-16,1.110223024625E-16,1.));
#791 = ADVANCED_FACE('',(#792),#808,.F.);
#792 = FACE_BOUND('',#793,.F.);
#793 = EDGE_LOOP('',(#794,#795,#801,#802));
#794 = ORIENTED_EDGE('',*,*,#345,.T.);
#795 = ORIENTED_EDGE('',*,*,#796,.F.);
#796 = EDGE_CURVE('',#311,#346,#797,.T.);
#797 = LINE('',#798,#799);
#798 = CARTESIAN_POINT('',(23.95,46.157106781186,9.));
#799 = VECTOR('',#800,1.);
#800 = DIRECTION('',(-1.,1.359631073447E-32,1.224646799147E-16));
#801 = ORIENTED_EDGE('',*,*,#318,.T.);
#802 = ORIENTED_EDGE('',*,*,#803,.T.);
#803 = EDGE_CURVE('',#319,#337,#804,.T.);
#804 = LINE('',#805,#806);
#805 = CARTESIAN_POINT('',(23.95,45.803553390593,9.146446609407));
#806 = VECTOR('',#807,1.);
#807 = DIRECTION('',(-1.,1.359631073447E-32,1.224646799147E-16));
#808 = CYLINDRICAL_SURFACE('',#809,0.5);
#809 = AXIS2_PLACEMENT_3D('',#810,#811,#812);
#810 = CARTESIAN_POINT('',(23.95,46.157106781186,9.5));
#811 = DIRECTION('',(-1.,1.359631073447E-32,1.224646799147E-16));
#812 = DIRECTION('',(1.224646799147E-16,1.110223024625E-16,1.));
#813 = ADVANCED_FACE('',(#814),#825,.F.);
#814 = FACE_BOUND('',#815,.T.);
#815 = EDGE_LOOP('',(#816,#817,#818,#819));
#816 = ORIENTED_EDGE('',*,*,#363,.T.);
#817 = ORIENTED_EDGE('',*,*,#796,.F.);
#818 = ORIENTED_EDGE('',*,*,#310,.T.);
#819 = ORIENTED_EDGE('',*,*,#820,.T.);
#820 = EDGE_CURVE('',#293,#364,#821,.T.);
#821 = LINE('',#822,#823);
#822 = CARTESIAN_POINT('',(23.95,100.74289321881,9.));
#823 = VECTOR('',#824,1.);
#824 = DIRECTION('',(-1.,1.359631073447E-32,1.224646799147E-16));
#825 = PLANE('',#826);
#826 = AXIS2_PLACEMENT_3D('',#827,#828,#829);
#827 = CARTESIAN_POINT('',(23.95,100.74289321881,9.));
#828 = DIRECTION('',(-1.224646799147E-16,4.787652351288E-17,-1.));
#829 = DIRECTION('',(1.94594938619E-32,1.,4.787652351288E-17));
#830 = ADVANCED_FACE('',(#831),#842,.F.);
#831 = FACE_BOUND('',#832,.F.);
#832 = EDGE_LOOP('',(#833,#834,#840,#841));
#833 = ORIENTED_EDGE('',*,*,#371,.T.);
#834 = ORIENTED_EDGE('',*,*,#835,.F.);
#835 = EDGE_CURVE('',#282,#284,#836,.T.);
#836 = LINE('',#837,#838);
#837 = CARTESIAN_POINT('',(23.95,101.0964466094,9.146446609407));
#838 = VECTOR('',#839,1.);
#839 = DIRECTION('',(-1.,1.359631073447E-32,1.224646799147E-16));
#840 = ORIENTED_EDGE('',*,*,#292,.T.);
#841 = ORIENTED_EDGE('',*,*,#820,.T.);
#842 = CYLINDRICAL_SURFACE('',#843,0.5);
#843 = AXIS2_PLACEMENT_3D('',#844,#845,#846);
#844 = CARTESIAN_POINT('',(23.95,100.74289321881,9.5));
#845 = DIRECTION('',(-1.,1.359631073447E-32,1.224646799147E-16));
#846 = DIRECTION('',(1.224646799147E-16,1.110223024625E-16,1.));
#847 = ADVANCED_FACE('',(#848),#852,.F.);
#848 = FACE_BOUND('',#849,.T.);
#849 = EDGE_LOOP('',(#850,#851));
#850 = ORIENTED_EDGE('',*,*,#281,.T.);
#851 = ORIENTED_EDGE('',*,*,#835,.F.);
#852 = PLANE('',#853);
#853 = AXIS2_PLACEMENT_3D('',#854,#855,#856);
#854 = CARTESIAN_POINT('',(23.95,125.95,34.));
#855 = DIRECTION('',(-8.659560562355E-17,0.707106781187,-0.707106781187)
  );
#856 = DIRECTION('',(8.659560562355E-17,0.707106781187,0.707106781187));
#857 = ADVANCED_FACE('',(#858),#862,.F.);
#858 = FACE_BOUND('',#859,.T.);
#859 = EDGE_LOOP('',(#860,#861));
#860 = ORIENTED_EDGE('',*,*,#336,.T.);
#861 = ORIENTED_EDGE('',*,*,#803,.T.);
#862 = PLANE('',#863);
#863 = AXIS2_PLACEMENT_3D('',#864,#865,#866);
#864 = CARTESIAN_POINT('',(23.95,45.803553390593,9.146446609407));
#865 = DIRECTION('',(-8.659560562355E-17,-0.707106781187,-0.707106781187
    ));
#866 = DIRECTION('',(-8.659560562355E-17,0.707106781187,-0.707106781187)
  );
#867 = ADVANCED_FACE('',(#868),#886,.F.);
#868 = FACE_BOUND('',#869,.T.);
#869 = EDGE_LOOP('',(#870,#871,#879,#885));
#870 = ORIENTED_EDGE('',*,*,#406,.T.);
#871 = ORIENTED_EDGE('',*,*,#872,.T.);
#872 = EDGE_CURVE('',#407,#873,#875,.T.);
#873 = VERTEX_POINT('',#874);
#874 = CARTESIAN_POINT('',(3.7230540647E-02,27.95,-1.174615775982));
#875 = LINE('',#876,#877);
#876 = CARTESIAN_POINT('',(2.861046009672,27.95,-2.202400553768));
#877 = VECTOR('',#878,1.);
#878 = DIRECTION('',(-0.939692620786,3.79718638006E-17,0.342020143326));
#879 = ORIENTED_EDGE('',*,*,#880,.F.);
#880 = EDGE_CURVE('',#625,#873,#881,.T.);
#881 = LINE('',#882,#883);
#882 = CARTESIAN_POINT('',(3.7230540647E-02,12.95,-1.174615775982));
#883 = VECTOR('',#884,1.);
#884 = DIRECTION('',(-0.,1.,-1.110223024625E-16));
#885 = ORIENTED_EDGE('',*,*,#624,.F.);
#886 = PLANE('',#887);
#887 = AXIS2_PLACEMENT_3D('',#888,#889,#890);
#888 = CARTESIAN_POINT('',(2.861046009672,12.95,-2.202400553768));
#889 = DIRECTION('',(-0.342020143326,-1.043268383667E-16,-0.939692620786
    ));
#890 = DIRECTION('',(-0.939692620786,3.79718638006E-17,0.342020143326));
#891 = ADVANCED_FACE('',(#892),#911,.F.);
#892 = FACE_BOUND('',#893,.F.);
#893 = EDGE_LOOP('',(#894,#895,#903,#910));
#894 = ORIENTED_EDGE('',*,*,#632,.T.);
#895 = ORIENTED_EDGE('',*,*,#896,.T.);
#896 = EDGE_CURVE('',#616,#897,#899,.T.);
#897 = VERTEX_POINT('',#898);
#898 = CARTESIAN_POINT('',(3.7230540647E-02,27.95,1.174615775982));
#899 = LINE('',#900,#901);
#900 = CARTESIAN_POINT('',(3.7230540647E-02,12.95,1.174615775982));
#901 = VECTOR('',#902,1.);
#902 = DIRECTION('',(-0.,1.,-1.110223024625E-16));
#903 = ORIENTED_EDGE('',*,*,#904,.F.);
#904 = EDGE_CURVE('',#873,#897,#905,.T.);
#905 = CIRCLE('',#906,1.25);
#906 = AXIS2_PLACEMENT_3D('',#907,#908,#909);
#907 = CARTESIAN_POINT('',(0.464755719804,27.95,2.477861782633E-15));
#908 = DIRECTION('',(-4.669840206764E-16,1.,-4.380080339636E-16));
#909 = DIRECTION('',(-0.573576436351,9.094414602387E-17,0.819152044289)
  );
#910 = ORIENTED_EDGE('',*,*,#880,.F.);
#911 = CYLINDRICAL_SURFACE('',#912,1.25);
#912 = AXIS2_PLACEMENT_3D('',#913,#914,#915);
#913 = CARTESIAN_POINT('',(0.464755719804,12.95,4.143196319571E-15));
#914 = DIRECTION('',(-0.,1.,-1.110223024625E-16));
#915 = DIRECTION('',(1.,-1.359631073447E-32,-1.224646799147E-16));
#916 = ADVANCED_FACE('',(#917),#928,.F.);
#917 = FACE_BOUND('',#918,.T.);
#918 = EDGE_LOOP('',(#919,#920,#926,#927));
#919 = ORIENTED_EDGE('',*,*,#896,.T.);
#920 = ORIENTED_EDGE('',*,*,#921,.T.);
#921 = EDGE_CURVE('',#897,#415,#922,.T.);
#922 = LINE('',#923,#924);
#923 = CARTESIAN_POINT('',(3.7230540647E-02,27.95,1.174615775982));
#924 = VECTOR('',#925,1.);
#925 = DIRECTION('',(0.939692620786,3.79718638006E-17,0.342020143326));
#926 = ORIENTED_EDGE('',*,*,#423,.F.);
#927 = ORIENTED_EDGE('',*,*,#615,.F.);
#928 = PLANE('',#929);
#929 = AXIS2_PLACEMENT_3D('',#930,#931,#932);
#930 = CARTESIAN_POINT('',(3.7230540647E-02,12.95,1.174615775982));
#931 = DIRECTION('',(-0.342020143326,1.043268383667E-16,0.939692620786)
  );
#932 = DIRECTION('',(0.939692620786,3.79718638006E-17,0.342020143326));
#933 = ADVANCED_FACE('',(#934),#940,.F.);
#934 = FACE_BOUND('',#935,.T.);
#935 = EDGE_LOOP('',(#936,#937,#938,#939));
#936 = ORIENTED_EDGE('',*,*,#414,.F.);
#937 = ORIENTED_EDGE('',*,*,#921,.F.);
#938 = ORIENTED_EDGE('',*,*,#904,.F.);
#939 = ORIENTED_EDGE('',*,*,#872,.F.);
#940 = PLANE('',#941);
#941 = AXIS2_PLACEMENT_3D('',#942,#943,#944);
#942 = CARTESIAN_POINT('',(4.146321,27.95,-3.583746173604E-15));
#943 = DIRECTION('',(-0.,1.,-1.110223024625E-16));
#944 = DIRECTION('',(1.,-1.359631073447E-32,-1.224646799147E-16));
#945 = ADVANCED_FACE('',(#946,#1386),#1402,.F.);
#946 = FACE_BOUND('',#947,.T.);
#947 = EDGE_LOOP('',(#948,#959,#968,#977,#985,#994,#1003,#1012,#1020,
    #1029,#1038,#1047,#1055,#1064,#1073,#1082,#1090,#1099,#1108,#1117,
    #1125,#1134,#1143,#1152,#1160,#1169,#1178,#1187,#1196,#1204,#1213,
    #1222,#1231,#1239,#1248,#1257,#1266,#1274,#1283,#1292,#1301,#1309,
    #1318,#1327,#1336,#1344,#1353,#1362,#1371,#1379));
#948 = ORIENTED_EDGE('',*,*,#949,.F.);
#949 = EDGE_CURVE('',#950,#952,#954,.T.);
#950 = VERTEX_POINT('',#951);
#951 = CARTESIAN_POINT('',(13.95,23.3875,6.706893390157E-15));
#952 = VERTEX_POINT('',#953);
#953 = CARTESIAN_POINT('',(13.95,23.446502470915,0.427076593874));
#954 = CIRCLE('',#955,1.575151902385);
#955 = AXIS2_PLACEMENT_3D('',#956,#957,#958);
#956 = CARTESIAN_POINT('',(13.95,24.962651902385,-7.876654927358E-12));
#957 = DIRECTION('',(-1.,-1.479114197289E-31,-9.877583447103E-16));
#958 = DIRECTION('',(-4.938791723553E-16,-0.866025403784,0.5));
#959 = ORIENTED_EDGE('',*,*,#960,.F.);
#960 = EDGE_CURVE('',#961,#950,#963,.T.);
#961 = VERTEX_POINT('',#962);
#962 = CARTESIAN_POINT('',(13.95,23.446502470916,-0.427076593892));
#963 = CIRCLE('',#964,1.575151902385);
#964 = AXIS2_PLACEMENT_3D('',#965,#966,#967);
#965 = CARTESIAN_POINT('',(13.95,24.962651902385,-7.876654927358E-12));
#966 = DIRECTION('',(-1.,-1.479114197289E-31,-9.877583447103E-16));
#967 = DIRECTION('',(-4.938791723553E-16,-0.866025403784,0.5));
#968 = ORIENTED_EDGE('',*,*,#969,.F.);
#969 = EDGE_CURVE('',#970,#961,#972,.T.);
#970 = VERTEX_POINT('',#971);
#971 = CARTESIAN_POINT('',(13.95,23.492756643557,-0.48656577503));
#972 = CIRCLE('',#973,0.1);
#973 = AXIS2_PLACEMENT_3D('',#974,#975,#976);
#974 = CARTESIAN_POINT('',(13.95,23.542756643557,-0.399963234651));
#975 = DIRECTION('',(-1.,-1.479114197289E-31,-9.877583447103E-16));
#976 = DIRECTION('',(-4.938791723553E-16,-0.866025403784,0.5));
#977 = ORIENTED_EDGE('',*,*,#978,.F.);
#978 = EDGE_CURVE('',#979,#970,#981,.T.);
#979 = VERTEX_POINT('',#980);
#980 = CARTESIAN_POINT('',(13.95,23.508101135131,-0.495424921371));
#981 = LINE('',#982,#983);
#982 = CARTESIAN_POINT('',(13.95,23.508101135131,-0.495424921371));
#983 = VECTOR('',#984,1.);
#984 = DIRECTION('',(6.123233995725E-17,-0.866025403785,0.499999999999)
  );
#985 = ORIENTED_EDGE('',*,*,#986,.T.);
#986 = EDGE_CURVE('',#979,#987,#989,.T.);
#987 = VERTEX_POINT('',#988);
#988 = CARTESIAN_POINT('',(13.95,23.53027347775,-0.555302382069));
#989 = CIRCLE('',#990,5.E-02);
#990 = AXIS2_PLACEMENT_3D('',#991,#992,#993);
#991 = CARTESIAN_POINT('',(13.95,23.483101135131,-0.53872619156));
#992 = DIRECTION('',(-1.,-1.479114197289E-31,-9.877583447103E-16));
#993 = DIRECTION('',(-4.938791723553E-16,-0.866025403784,0.5));
#994 = ORIENTED_EDGE('',*,*,#995,.F.);
#995 = EDGE_CURVE('',#996,#987,#998,.T.);
#996 = VERTEX_POINT('',#997);
#997 = CARTESIAN_POINT('',(13.95,23.221042708519,-1.09090578564));
#998 = CIRCLE('',#999,1.674999999996);
#999 = AXIS2_PLACEMENT_3D('',#1000,#1001,#1002);
#1000 = CARTESIAN_POINT('',(13.95,21.950000000002,-1.366592140086E-11));
#1001 = DIRECTION('',(1.,-1.972152263053E-31,9.877583447103E-16));
#1002 = DIRECTION('',(-4.938791723553E-16,-0.866025403784,0.5));
#1003 = ORIENTED_EDGE('',*,*,#1004,.F.);
#1004 = EDGE_CURVE('',#1005,#996,#1007,.T.);
#1005 = VERTEX_POINT('',#1006);
#1006 = CARTESIAN_POINT('',(13.95,23.158101135131,-1.10164270402));
#1007 = CIRCLE('',#1008,5.E-02);
#1008 = AXIS2_PLACEMENT_3D('',#1009,#1010,#1011);
#1009 = CARTESIAN_POINT('',(13.95,23.183101135131,-1.058341433831));
#1010 = DIRECTION('',(1.,-1.972152263053E-31,9.877583447103E-16));
#1011 = DIRECTION('',(-4.938791723553E-16,-0.866025403784,0.5));
#1012 = ORIENTED_EDGE('',*,*,#1013,.T.);
#1013 = EDGE_CURVE('',#1005,#1014,#1016,.T.);
#1014 = VERTEX_POINT('',#1015);
#1015 = CARTESIAN_POINT('',(13.95,23.142756643557,-1.092783557679));
#1016 = LINE('',#1017,#1018);
#1017 = CARTESIAN_POINT('',(13.95,23.158101135131,-1.10164270402));
#1018 = VECTOR('',#1019,1.);
#1019 = DIRECTION('',(6.123233995725E-17,-0.866025403785,0.499999999999)
  );
#1020 = ORIENTED_EDGE('',*,*,#1021,.T.);
#1021 = EDGE_CURVE('',#1014,#1022,#1024,.T.);
#1022 = VERTEX_POINT('',#1023);
#1023 = CARTESIAN_POINT('',(13.95,23.068110415121,-1.08247085971));
#1024 = CIRCLE('',#1025,0.1);
#1025 = AXIS2_PLACEMENT_3D('',#1026,#1027,#1028);
#1026 = CARTESIAN_POINT('',(13.95,23.092756643557,-1.179386098058));
#1027 = DIRECTION('',(1.,-1.972152263053E-31,9.877583447103E-16));
#1028 = DIRECTION('',(-4.938791723553E-16,-0.866025403784,0.5));
#1029 = ORIENTED_EDGE('',*,*,#1030,.T.);
#1030 = EDGE_CURVE('',#1022,#1031,#1033,.T.);
#1031 = VERTEX_POINT('',#1032);
#1032 = CARTESIAN_POINT('',(13.95,22.328392055793,-1.509547453594));
#1033 = CIRCLE('',#1034,1.575151902385);
#1034 = AXIS2_PLACEMENT_3D('',#1035,#1036,#1037);
#1035 = CARTESIAN_POINT('',(13.95,23.456325951193,-2.609033080237));
#1036 = DIRECTION('',(1.,-1.972152263053E-31,9.877583447103E-16));
#1037 = DIRECTION('',(-4.938791723553E-16,-0.866025403784,0.5));
#1038 = ORIENTED_EDGE('',*,*,#1039,.T.);
#1039 = EDGE_CURVE('',#1031,#1040,#1042,.T.);
#1040 = VERTEX_POINT('',#1041);
#1041 = CARTESIAN_POINT('',(13.95,22.299999999998,-1.579349332701));
#1042 = CIRCLE('',#1043,0.1);
#1043 = AXIS2_PLACEMENT_3D('',#1044,#1045,#1046);
#1044 = CARTESIAN_POINT('',(13.95,22.399999999998,-1.5793493327));
#1045 = DIRECTION('',(1.,9.860761315263E-32,9.877583447103E-16));
#1046 = DIRECTION('',(-4.938791723553E-16,-0.866025403784,0.5));
#1047 = ORIENTED_EDGE('',*,*,#1048,.F.);
#1048 = EDGE_CURVE('',#1049,#1040,#1051,.T.);
#1049 = VERTEX_POINT('',#1050);
#1050 = CARTESIAN_POINT('',(13.95,22.299999999998,-1.597067625382));
#1051 = LINE('',#1052,#1053);
#1052 = CARTESIAN_POINT('',(13.95,22.299999999998,-1.597067625382));
#1053 = VECTOR('',#1054,1.);
#1054 = DIRECTION('',(1.224646799147E-16,-1.339974504232E-12,1.));
#1055 = ORIENTED_EDGE('',*,*,#1056,.F.);
#1056 = EDGE_CURVE('',#1057,#1049,#1059,.T.);
#1057 = VERTEX_POINT('',#1058);
#1058 = CARTESIAN_POINT('',(13.95,22.259230769228,-1.646208167698));
#1059 = CIRCLE('',#1060,4.999999999708E-02);
#1060 = AXIS2_PLACEMENT_3D('',#1061,#1062,#1063);
#1061 = CARTESIAN_POINT('',(13.95,22.249999999998,-1.597067625382));
#1062 = DIRECTION('',(1.,-1.972152263053E-31,9.877583447103E-16));
#1063 = DIRECTION('',(-4.938791723553E-16,-0.866025403784,0.5));
#1064 = ORIENTED_EDGE('',*,*,#1065,.T.);
#1065 = EDGE_CURVE('',#1057,#1066,#1068,.T.);
#1066 = VERTEX_POINT('',#1067);
#1067 = CARTESIAN_POINT('',(13.95,21.640769230772,-1.646208167701));
#1068 = CIRCLE('',#1069,1.675);
#1069 = AXIS2_PLACEMENT_3D('',#1070,#1071,#1072);
#1070 = CARTESIAN_POINT('',(13.95,21.950000000002,-1.366591827803E-11));
#1071 = DIRECTION('',(-1.,-4.930380657631E-32,-9.877583447103E-16));
#1072 = DIRECTION('',(-4.938791723553E-16,0.866025403784,0.5));
#1073 = ORIENTED_EDGE('',*,*,#1074,.T.);
#1074 = EDGE_CURVE('',#1066,#1075,#1077,.T.);
#1075 = VERTEX_POINT('',#1076);
#1076 = CARTESIAN_POINT('',(13.95,21.600000000005,-1.597067625382));
#1077 = CIRCLE('',#1078,4.999999999708E-02);
#1078 = AXIS2_PLACEMENT_3D('',#1079,#1080,#1081);
#1079 = CARTESIAN_POINT('',(13.95,21.650000000002,-1.597067625382));
#1080 = DIRECTION('',(-1.,-1.479114197289E-31,-9.877583447103E-16));
#1081 = DIRECTION('',(-4.938791723553E-16,0.866025403784,0.5));
#1082 = ORIENTED_EDGE('',*,*,#1083,.T.);
#1083 = EDGE_CURVE('',#1075,#1084,#1086,.T.);
#1084 = VERTEX_POINT('',#1085);
#1085 = CARTESIAN_POINT('',(13.95,21.600000000002,-1.579349332701));
#1086 = LINE('',#1087,#1088);
#1087 = CARTESIAN_POINT('',(13.95,21.600000000002,-1.597067625382));
#1088 = VECTOR('',#1089,1.);
#1089 = DIRECTION('',(1.224646799147E-16,1.340196548836E-12,1.));
#1090 = ORIENTED_EDGE('',*,*,#1091,.F.);
#1091 = EDGE_CURVE('',#1092,#1084,#1094,.T.);
#1092 = VERTEX_POINT('',#1093);
#1093 = CARTESIAN_POINT('',(13.95,21.571607944207,-1.509547453594));
#1094 = CIRCLE('',#1095,0.1);
#1095 = AXIS2_PLACEMENT_3D('',#1096,#1097,#1098);
#1096 = CARTESIAN_POINT('',(13.95,21.500000000002,-1.5793493327));
#1097 = DIRECTION('',(-1.,-1.479114197289E-31,-9.877583447103E-16));
#1098 = DIRECTION('',(-4.938791723553E-16,0.866025403784,0.5));
#1099 = ORIENTED_EDGE('',*,*,#1100,.F.);
#1100 = EDGE_CURVE('',#1101,#1092,#1103,.T.);
#1101 = VERTEX_POINT('',#1102);
#1102 = CARTESIAN_POINT('',(13.95,20.831889584879,-1.08247085971));
#1103 = CIRCLE('',#1104,1.575151902385);
#1104 = AXIS2_PLACEMENT_3D('',#1105,#1106,#1107);
#1105 = CARTESIAN_POINT('',(13.95,20.443674048807,-2.609033080237));
#1106 = DIRECTION('',(-1.,-4.930380657631E-32,-9.877583447103E-16));
#1107 = DIRECTION('',(-4.938791723553E-16,0.866025403784,0.5));
#1108 = ORIENTED_EDGE('',*,*,#1109,.F.);
#1109 = EDGE_CURVE('',#1110,#1101,#1112,.T.);
#1110 = VERTEX_POINT('',#1111);
#1111 = CARTESIAN_POINT('',(13.95,20.757243356443,-1.092783557679));
#1112 = CIRCLE('',#1113,0.1);
#1113 = AXIS2_PLACEMENT_3D('',#1114,#1115,#1116);
#1114 = CARTESIAN_POINT('',(13.95,20.807243356443,-1.179386098058));
#1115 = DIRECTION('',(-1.,-1.479114197289E-31,-9.877583447103E-16));
#1116 = DIRECTION('',(-4.938791723553E-16,0.866025403784,0.5));
#1117 = ORIENTED_EDGE('',*,*,#1118,.F.);
#1118 = EDGE_CURVE('',#1119,#1110,#1121,.T.);
#1119 = VERTEX_POINT('',#1120);
#1120 = CARTESIAN_POINT('',(13.95,20.741898864869,-1.10164270402));
#1121 = LINE('',#1122,#1123);
#1122 = CARTESIAN_POINT('',(13.95,20.741898864869,-1.10164270402));
#1123 = VECTOR('',#1124,1.);
#1124 = DIRECTION('',(6.123233995725E-17,0.866025403785,0.499999999999)
  );
#1125 = ORIENTED_EDGE('',*,*,#1126,.T.);
#1126 = EDGE_CURVE('',#1119,#1127,#1129,.T.);
#1127 = VERTEX_POINT('',#1128);
#1128 = CARTESIAN_POINT('',(13.95,20.67895729148,-1.090905785641));
#1129 = CIRCLE('',#1130,5.E-02);
#1130 = AXIS2_PLACEMENT_3D('',#1131,#1132,#1133);
#1131 = CARTESIAN_POINT('',(13.95,20.716898864869,-1.058341433831));
#1132 = DIRECTION('',(-1.,-1.479114197289E-31,-9.877583447103E-16));
#1133 = DIRECTION('',(-4.938791723553E-16,0.866025403784,0.5));
#1134 = ORIENTED_EDGE('',*,*,#1135,.F.);
#1135 = EDGE_CURVE('',#1136,#1127,#1138,.T.);
#1136 = VERTEX_POINT('',#1137);
#1137 = CARTESIAN_POINT('',(13.95,20.369726522251,-0.555302382069));
#1138 = CIRCLE('',#1139,1.675);
#1139 = AXIS2_PLACEMENT_3D('',#1140,#1141,#1142);
#1140 = CARTESIAN_POINT('',(13.95,21.950000000002,-1.366642459202E-11));
#1141 = DIRECTION('',(1.,4.930380657631E-31,9.877583447103E-16));
#1142 = DIRECTION('',(-4.938791723553E-16,0.866025403784,0.5));
#1143 = ORIENTED_EDGE('',*,*,#1144,.F.);
#1144 = EDGE_CURVE('',#1145,#1136,#1147,.T.);
#1145 = VERTEX_POINT('',#1146);
#1146 = CARTESIAN_POINT('',(13.95,20.391898864869,-0.495424921371));
#1147 = CIRCLE('',#1148,5.E-02);
#1148 = AXIS2_PLACEMENT_3D('',#1149,#1150,#1151);
#1149 = CARTESIAN_POINT('',(13.95,20.416898864869,-0.53872619156));
#1150 = DIRECTION('',(1.,4.930380657631E-31,9.877583447103E-16));
#1151 = DIRECTION('',(-4.938791723553E-16,0.866025403784,0.5));
#1152 = ORIENTED_EDGE('',*,*,#1153,.T.);
#1153 = EDGE_CURVE('',#1145,#1154,#1156,.T.);
#1154 = VERTEX_POINT('',#1155);
#1155 = CARTESIAN_POINT('',(13.95,20.407243356443,-0.48656577503));
#1156 = LINE('',#1157,#1158);
#1157 = CARTESIAN_POINT('',(13.95,20.391898864869,-0.495424921371));
#1158 = VECTOR('',#1159,1.);
#1159 = DIRECTION('',(6.123233995725E-17,0.866025403785,0.499999999999)
  );
#1160 = ORIENTED_EDGE('',*,*,#1161,.T.);
#1161 = EDGE_CURVE('',#1154,#1162,#1164,.T.);
#1162 = VERTEX_POINT('',#1163);
#1163 = CARTESIAN_POINT('',(13.95,20.453497529084,-0.427076593892));
#1164 = CIRCLE('',#1165,0.1);
#1165 = AXIS2_PLACEMENT_3D('',#1166,#1167,#1168);
#1166 = CARTESIAN_POINT('',(13.95,20.357243356443,-0.399963234651));
#1167 = DIRECTION('',(1.,4.930380657631E-31,9.877583447103E-16));
#1168 = DIRECTION('',(-4.938791723553E-16,0.866025403784,0.5));
#1169 = ORIENTED_EDGE('',*,*,#1170,.T.);
#1170 = EDGE_CURVE('',#1162,#1171,#1173,.T.);
#1171 = VERTEX_POINT('',#1172);
#1172 = CARTESIAN_POINT('',(13.95,20.5125,7.087642841887E-15));
#1173 = CIRCLE('',#1174,1.575151902385);
#1174 = AXIS2_PLACEMENT_3D('',#1175,#1176,#1177);
#1175 = CARTESIAN_POINT('',(13.95,18.937348097615,-7.876419665125E-12));
#1176 = DIRECTION('',(1.,4.930380657631E-31,9.877583447103E-16));
#1177 = DIRECTION('',(-4.938791723553E-16,0.866025403784,0.5));
#1178 = ORIENTED_EDGE('',*,*,#1179,.T.);
#1179 = EDGE_CURVE('',#1171,#1180,#1182,.T.);
#1180 = VERTEX_POINT('',#1181);
#1181 = CARTESIAN_POINT('',(13.95,20.453497529085,0.427076593874));
#1182 = CIRCLE('',#1183,1.575151902385);
#1183 = AXIS2_PLACEMENT_3D('',#1184,#1185,#1186);
#1184 = CARTESIAN_POINT('',(13.95,18.937348097615,-7.876419665125E-12));
#1185 = DIRECTION('',(1.,4.930380657631E-31,9.877583447103E-16));
#1186 = DIRECTION('',(-4.938791723553E-16,0.866025403784,0.5));
#1187 = ORIENTED_EDGE('',*,*,#1188,.T.);
#1188 = EDGE_CURVE('',#1180,#1189,#1191,.T.);
#1189 = VERTEX_POINT('',#1190);
#1190 = CARTESIAN_POINT('',(13.95,20.407243356444,0.486565775012));
#1191 = CIRCLE('',#1192,0.1);
#1192 = AXIS2_PLACEMENT_3D('',#1193,#1194,#1195);
#1193 = CARTESIAN_POINT('',(13.95,20.357243356444,0.399963234633));
#1194 = DIRECTION('',(1.,4.930380657631E-31,9.877583447103E-16));
#1195 = DIRECTION('',(-4.938791723553E-16,0.866025403784,0.5));
#1196 = ORIENTED_EDGE('',*,*,#1197,.F.);
#1197 = EDGE_CURVE('',#1198,#1189,#1200,.T.);
#1198 = VERTEX_POINT('',#1199);
#1199 = CARTESIAN_POINT('',(13.95,20.39189886487,0.495424921352));
#1200 = LINE('',#1201,#1202);
#1201 = CARTESIAN_POINT('',(13.95,20.39189886487,0.495424921352));
#1202 = VECTOR('',#1203,1.);
#1203 = DIRECTION('',(-6.123233995739E-17,0.866025403784,-0.5));
#1204 = ORIENTED_EDGE('',*,*,#1205,.F.);
#1205 = EDGE_CURVE('',#1206,#1198,#1208,.T.);
#1206 = VERTEX_POINT('',#1207);
#1207 = CARTESIAN_POINT('',(13.95,20.369726522254,0.55530238205));
#1208 = CIRCLE('',#1209,4.999999999708E-02);
#1209 = AXIS2_PLACEMENT_3D('',#1210,#1211,#1212);
#1210 = CARTESIAN_POINT('',(13.95,20.41689886487,0.538726191542));
#1211 = DIRECTION('',(1.,4.930380657631E-31,9.877583447103E-16));
#1212 = DIRECTION('',(-4.938791723553E-16,0.866025403784,0.5));
#1213 = ORIENTED_EDGE('',*,*,#1214,.T.);
#1214 = EDGE_CURVE('',#1206,#1215,#1217,.T.);
#1215 = VERTEX_POINT('',#1216);
#1216 = CARTESIAN_POINT('',(13.95,20.678957291477,1.090905785614));
#1217 = CIRCLE('',#1218,1.675000000003);
#1218 = AXIS2_PLACEMENT_3D('',#1219,#1220,#1221);
#1219 = CARTESIAN_POINT('',(13.95,21.950000000002,-1.366642763984E-11));
#1220 = DIRECTION('',(-1.,1.359631073447E-32,1.224646799147E-16));
#1221 = DIRECTION('',(-1.224646799147E-16,-1.110223024625E-16,-1.));
#1222 = ORIENTED_EDGE('',*,*,#1223,.T.);
#1223 = EDGE_CURVE('',#1215,#1224,#1226,.T.);
#1224 = VERTEX_POINT('',#1225);
#1225 = CARTESIAN_POINT('',(13.95,20.741898864865,1.101642703991));
#1226 = CIRCLE('',#1227,4.999999999708E-02);
#1227 = AXIS2_PLACEMENT_3D('',#1228,#1229,#1230);
#1228 = CARTESIAN_POINT('',(13.95,20.716898864866,1.058341433804));
#1229 = DIRECTION('',(-1.,1.359631073447E-32,1.224646799147E-16));
#1230 = DIRECTION('',(-1.224646799147E-16,-1.110223024625E-16,-1.));
#1231 = ORIENTED_EDGE('',*,*,#1232,.T.);
#1232 = EDGE_CURVE('',#1224,#1233,#1235,.T.);
#1233 = VERTEX_POINT('',#1234);
#1234 = CARTESIAN_POINT('',(13.95,20.75724335644,1.092783557653));
#1235 = LINE('',#1236,#1237);
#1236 = CARTESIAN_POINT('',(13.95,20.741898864866,1.101642703994));
#1237 = VECTOR('',#1238,1.);
#1238 = DIRECTION('',(-6.123233995739E-17,0.866025403784,-0.5));
#1239 = ORIENTED_EDGE('',*,*,#1240,.F.);
#1240 = EDGE_CURVE('',#1241,#1233,#1243,.T.);
#1241 = VERTEX_POINT('',#1242);
#1242 = CARTESIAN_POINT('',(13.95,20.831889584876,1.082470859684));
#1243 = CIRCLE('',#1244,0.1);
#1244 = AXIS2_PLACEMENT_3D('',#1245,#1246,#1247);
#1245 = CARTESIAN_POINT('',(13.95,20.80724335644,1.179386098031));
#1246 = DIRECTION('',(-1.,1.359631073447E-32,1.224646799147E-16));
#1247 = DIRECTION('',(-1.224646799147E-16,-1.110223024625E-16,-1.));
#1248 = ORIENTED_EDGE('',*,*,#1249,.F.);
#1249 = EDGE_CURVE('',#1250,#1241,#1252,.T.);
#1250 = VERTEX_POINT('',#1251);
#1251 = CARTESIAN_POINT('',(13.95,21.571607944205,1.509547453567));
#1252 = CIRCLE('',#1253,1.575151902384);
#1253 = AXIS2_PLACEMENT_3D('',#1254,#1255,#1256);
#1254 = CARTESIAN_POINT('',(13.95,20.443674048806,2.609033080211));
#1255 = DIRECTION('',(-1.,1.359631073447E-32,1.224646799147E-16));
#1256 = DIRECTION('',(-1.224646799147E-16,-1.110223024625E-16,-1.));
#1257 = ORIENTED_EDGE('',*,*,#1258,.F.);
#1258 = EDGE_CURVE('',#1259,#1250,#1261,.T.);
#1259 = VERTEX_POINT('',#1260);
#1260 = CARTESIAN_POINT('',(13.95,21.6,1.579349332674));
#1261 = CIRCLE('',#1262,9.999999999998E-02);
#1262 = AXIS2_PLACEMENT_3D('',#1263,#1264,#1265);
#1263 = CARTESIAN_POINT('',(13.95,21.5,1.579349332674));
#1264 = DIRECTION('',(-1.,1.359631073447E-32,1.224646799147E-16));
#1265 = DIRECTION('',(-1.224646799147E-16,-1.110223024625E-16,-1.));
#1266 = ORIENTED_EDGE('',*,*,#1267,.F.);
#1267 = EDGE_CURVE('',#1268,#1259,#1270,.T.);
#1268 = VERTEX_POINT('',#1269);
#1269 = CARTESIAN_POINT('',(13.95,21.6,1.597067625355));
#1270 = LINE('',#1271,#1272);
#1271 = CARTESIAN_POINT('',(13.95,21.6,1.597067625355));
#1272 = VECTOR('',#1273,1.);
#1273 = DIRECTION('',(-1.224646799147E-16,-1.110223024625E-16,-1.));
#1274 = ORIENTED_EDGE('',*,*,#1275,.T.);
#1275 = EDGE_CURVE('',#1268,#1276,#1278,.T.);
#1276 = VERTEX_POINT('',#1277);
#1277 = CARTESIAN_POINT('',(13.95,21.640769230769,1.646208167674));
#1278 = CIRCLE('',#1279,5.E-02);
#1279 = AXIS2_PLACEMENT_3D('',#1280,#1281,#1282);
#1280 = CARTESIAN_POINT('',(13.95,21.65,1.597067625355));
#1281 = DIRECTION('',(-1.,1.359631073447E-32,1.224646799147E-16));
#1282 = DIRECTION('',(-1.224646799147E-16,-1.110223024625E-16,-1.));
#1283 = ORIENTED_EDGE('',*,*,#1284,.F.);
#1284 = EDGE_CURVE('',#1285,#1276,#1287,.T.);
#1285 = VERTEX_POINT('',#1286);
#1286 = CARTESIAN_POINT('',(13.95,22.259230769231,1.646208167673));
#1287 = CIRCLE('',#1288,1.674999999999);
#1288 = AXIS2_PLACEMENT_3D('',#1289,#1290,#1291);
#1289 = CARTESIAN_POINT('',(13.95,21.950000000002,-1.366642756485E-11));
#1290 = DIRECTION('',(1.,-1.359631073447E-32,-1.224646799147E-16));
#1291 = DIRECTION('',(-1.224646799147E-16,-1.110223024625E-16,-1.));
#1292 = ORIENTED_EDGE('',*,*,#1293,.F.);
#1293 = EDGE_CURVE('',#1294,#1285,#1296,.T.);
#1294 = VERTEX_POINT('',#1295);
#1295 = CARTESIAN_POINT('',(13.95,22.3,1.597067625355));
#1296 = CIRCLE('',#1297,5.E-02);
#1297 = AXIS2_PLACEMENT_3D('',#1298,#1299,#1300);
#1298 = CARTESIAN_POINT('',(13.95,22.25,1.597067625355));
#1299 = DIRECTION('',(1.,-1.359631073447E-32,-1.224646799147E-16));
#1300 = DIRECTION('',(-1.224646799147E-16,-1.110223024625E-16,-1.));
#1301 = ORIENTED_EDGE('',*,*,#1302,.T.);
#1302 = EDGE_CURVE('',#1294,#1303,#1305,.T.);
#1303 = VERTEX_POINT('',#1304);
#1304 = CARTESIAN_POINT('',(13.95,22.3,1.579349332674));
#1305 = LINE('',#1306,#1307);
#1306 = CARTESIAN_POINT('',(13.95,22.3,1.597067625355));
#1307 = VECTOR('',#1308,1.);
#1308 = DIRECTION('',(-1.224646799147E-16,-1.110223024625E-16,-1.));
#1309 = ORIENTED_EDGE('',*,*,#1310,.T.);
#1310 = EDGE_CURVE('',#1303,#1311,#1313,.T.);
#1311 = VERTEX_POINT('',#1312);
#1312 = CARTESIAN_POINT('',(13.95,22.328392055795,1.509547453567));
#1313 = CIRCLE('',#1314,9.999999999998E-02);
#1314 = AXIS2_PLACEMENT_3D('',#1315,#1316,#1317);
#1315 = CARTESIAN_POINT('',(13.95,22.4,1.579349332674));
#1316 = DIRECTION('',(1.,-1.359631073447E-32,-1.224646799147E-16));
#1317 = DIRECTION('',(-1.224646799147E-16,-1.110223024625E-16,-1.));
#1318 = ORIENTED_EDGE('',*,*,#1319,.T.);
#1319 = EDGE_CURVE('',#1311,#1320,#1322,.T.);
#1320 = VERTEX_POINT('',#1321);
#1321 = CARTESIAN_POINT('',(13.95,23.068110415124,1.082470859684));
#1322 = CIRCLE('',#1323,1.575151902384);
#1323 = AXIS2_PLACEMENT_3D('',#1324,#1325,#1326);
#1324 = CARTESIAN_POINT('',(13.95,23.456325951194,2.609033080211));
#1325 = DIRECTION('',(1.,-1.359631073447E-32,-1.224646799147E-16));
#1326 = DIRECTION('',(-1.224646799147E-16,-1.110223024625E-16,-1.));
#1327 = ORIENTED_EDGE('',*,*,#1328,.T.);
#1328 = EDGE_CURVE('',#1320,#1329,#1331,.T.);
#1329 = VERTEX_POINT('',#1330);
#1330 = CARTESIAN_POINT('',(13.95,23.14275664356,1.092783557653));
#1331 = CIRCLE('',#1332,0.1);
#1332 = AXIS2_PLACEMENT_3D('',#1333,#1334,#1335);
#1333 = CARTESIAN_POINT('',(13.95,23.09275664356,1.179386098031));
#1334 = DIRECTION('',(1.,-1.359631073447E-32,-1.224646799147E-16));
#1335 = DIRECTION('',(-1.224646799147E-16,-1.110223024625E-16,-1.));
#1336 = ORIENTED_EDGE('',*,*,#1337,.F.);
#1337 = EDGE_CURVE('',#1338,#1329,#1340,.T.);
#1338 = VERTEX_POINT('',#1339);
#1339 = CARTESIAN_POINT('',(13.95,23.158101135134,1.101642703994));
#1340 = LINE('',#1341,#1342);
#1341 = CARTESIAN_POINT('',(13.95,23.158101135134,1.101642703994));
#1342 = VECTOR('',#1343,1.);
#1343 = DIRECTION('',(-6.123233995739E-17,-0.866025403784,-0.5));
#1344 = ORIENTED_EDGE('',*,*,#1345,.F.);
#1345 = EDGE_CURVE('',#1346,#1338,#1348,.T.);
#1346 = VERTEX_POINT('',#1347);
#1347 = CARTESIAN_POINT('',(13.95,23.22104270852,1.090905785612));
#1348 = CIRCLE('',#1349,4.999999999708E-02);
#1349 = AXIS2_PLACEMENT_3D('',#1350,#1351,#1352);
#1350 = CARTESIAN_POINT('',(13.95,23.183101135134,1.058341433804));
#1351 = DIRECTION('',(1.,-1.359631073447E-32,-1.224646799147E-16));
#1352 = DIRECTION('',(-1.224646799147E-16,-1.110223024625E-16,-1.));
#1353 = ORIENTED_EDGE('',*,*,#1354,.T.);
#1354 = EDGE_CURVE('',#1346,#1355,#1357,.T.);
#1355 = VERTEX_POINT('',#1356);
#1356 = CARTESIAN_POINT('',(13.95,23.53027347775,0.555302382051));
#1357 = CIRCLE('',#1358,1.675);
#1358 = AXIS2_PLACEMENT_3D('',#1359,#1360,#1361);
#1359 = CARTESIAN_POINT('',(13.95,21.950000000002,-1.366642763985E-11));
#1360 = DIRECTION('',(-1.,-1.479114197289E-31,-9.877583447103E-16));
#1361 = DIRECTION('',(-4.938791723553E-16,-0.866025403784,0.5));
#1362 = ORIENTED_EDGE('',*,*,#1363,.T.);
#1363 = EDGE_CURVE('',#1355,#1364,#1366,.T.);
#1364 = VERTEX_POINT('',#1365);
#1365 = CARTESIAN_POINT('',(13.95,23.508101135128,0.495424921355));
#1366 = CIRCLE('',#1367,4.999999999708E-02);
#1367 = AXIS2_PLACEMENT_3D('',#1368,#1369,#1370);
#1368 = CARTESIAN_POINT('',(13.95,23.48310113513,0.538726191542));
#1369 = DIRECTION('',(-1.,-1.479114197289E-31,-9.877583447103E-16));
#1370 = DIRECTION('',(-4.938791723553E-16,-0.866025403784,0.5));
#1371 = ORIENTED_EDGE('',*,*,#1372,.T.);
#1372 = EDGE_CURVE('',#1364,#1373,#1375,.T.);
#1373 = VERTEX_POINT('',#1374);
#1374 = CARTESIAN_POINT('',(13.95,23.492756643556,0.486565775012));
#1375 = LINE('',#1376,#1377);
#1376 = CARTESIAN_POINT('',(13.95,23.50810113513,0.495424921352));
#1377 = VECTOR('',#1378,1.);
#1378 = DIRECTION('',(-6.123233995739E-17,-0.866025403784,-0.5));
#1379 = ORIENTED_EDGE('',*,*,#1380,.F.);
#1380 = EDGE_CURVE('',#952,#1373,#1381,.T.);
#1381 = CIRCLE('',#1382,0.1);
#1382 = AXIS2_PLACEMENT_3D('',#1383,#1384,#1385);
#1383 = CARTESIAN_POINT('',(13.95,23.542756643556,0.399963234633));
#1384 = DIRECTION('',(-1.,-2.465190328816E-31,-9.877583447103E-16));
#1385 = DIRECTION('',(-4.938791723553E-16,-0.866025403784,0.5));
#1386 = FACE_BOUND('',#1387,.T.);
#1387 = EDGE_LOOP('',(#1388,#1395));
#1388 = ORIENTED_EDGE('',*,*,#1389,.F.);
#1389 = EDGE_CURVE('',#49,#42,#1390,.T.);
#1390 = CIRCLE('',#1391,2.5);
#1391 = AXIS2_PLACEMENT_3D('',#1392,#1393,#1394);
#1392 = CARTESIAN_POINT('',(13.95,21.95,-4.145321823863E-15));
#1393 = DIRECTION('',(-1.,1.359631073447E-32,1.224646799147E-16));
#1394 = DIRECTION('',(1.224646799147E-16,1.110223024625E-16,1.));
#1395 = ORIENTED_EDGE('',*,*,#1396,.F.);
#1396 = EDGE_CURVE('',#42,#49,#1397,.T.);
#1397 = CIRCLE('',#1398,2.5);
#1398 = AXIS2_PLACEMENT_3D('',#1399,#1400,#1401);
#1399 = CARTESIAN_POINT('',(13.95,21.95,-4.145321823863E-15));
#1400 = DIRECTION('',(-1.,1.359631073447E-32,1.224646799147E-16));
#1401 = DIRECTION('',(1.224646799147E-16,1.110223024625E-16,1.));
#1402 = PLANE('',#1403);
#1403 = AXIS2_PLACEMENT_3D('',#1404,#1405,#1406);
#1404 = CARTESIAN_POINT('',(13.95,21.95,-4.145321823863E-15));
#1405 = DIRECTION('',(-1.,1.359631073447E-32,1.224646799147E-16));
#1406 = DIRECTION('',(1.224646799147E-16,1.110223024625E-16,1.));
#1407 = ADVANCED_FACE('',(#1408),#1412,.T.);
#1408 = FACE_BOUND('',#1409,.T.);
#1409 = EDGE_LOOP('',(#1410,#1411));
#1410 = ORIENTED_EDGE('',*,*,#102,.F.);
#1411 = ORIENTED_EDGE('',*,*,#1389,.T.);
#1412 = CONICAL_SURFACE('',#1413,2.5,0.7853981625);
#1413 = AXIS2_PLACEMENT_3D('',#1414,#1415,#1416);
#1414 = CARTESIAN_POINT('',(13.95,21.95,-4.145321823863E-15));
#1415 = DIRECTION('',(-1.,1.359631073447E-32,1.224646799147E-16));
#1416 = DIRECTION('',(1.224646799147E-16,1.110223024625E-16,1.));
#1417 = ADVANCED_FACE('',(#1418),#1436,.T.);
#1418 = FACE_BOUND('',#1419,.T.);
#1419 = EDGE_LOOP('',(#1420,#1429,#1435));
#1420 = ORIENTED_EDGE('',*,*,#1421,.F.);
#1421 = EDGE_CURVE('',#1422,#950,#1424,.T.);
#1422 = VERTEX_POINT('',#1423);
#1423 = CARTESIAN_POINT('',(13.940876116885,23.446502470916,
    -0.427076593892));
#1424 = B_SPLINE_CURVE_WITH_KNOTS('',3,(#1425,#1426,#1427,#1428),
  .UNSPECIFIED.,.F.,.F.,(4,4),(0.,1.),.PIECEWISE_BEZIER_KNOTS.);
#1425 = CARTESIAN_POINT('',(13.940876116885,23.446502470916,
    -0.427076593892));
#1426 = CARTESIAN_POINT('',(13.946785494548,23.407561810498,
    -0.288834739857));
#1427 = CARTESIAN_POINT('',(13.95,23.387499999999,-0.14374319457));
#1428 = CARTESIAN_POINT('',(13.95,23.3875,6.706893390157E-15));
#1429 = ORIENTED_EDGE('',*,*,#1430,.T.);
#1430 = EDGE_CURVE('',#1422,#961,#1431,.T.);
#1431 = LINE('',#1432,#1433);
#1432 = CARTESIAN_POINT('',(12.35,23.446502470916,-0.427076593892));
#1433 = VECTOR('',#1434,1.);
#1434 = DIRECTION('',(1.,-1.359631073447E-32,-1.224646799147E-16));
#1435 = ORIENTED_EDGE('',*,*,#960,.T.);
#1436 = CYLINDRICAL_SURFACE('',#1437,1.575151902385);
#1437 = AXIS2_PLACEMENT_3D('',#1438,#1439,#1440);
#1438 = CARTESIAN_POINT('',(12.35,24.962651902385,-7.87645898387E-12));
#1439 = DIRECTION('',(1.,-1.359631073447E-32,-1.224646799147E-16));
#1440 = DIRECTION('',(-1.224646799147E-16,-1.110223024625E-16,-1.));
#1441 = ADVANCED_FACE('',(#1442),#1460,.T.);
#1442 = FACE_BOUND('',#1443,.T.);
#1443 = EDGE_LOOP('',(#1444,#1452,#1459));
#1444 = ORIENTED_EDGE('',*,*,#1445,.F.);
#1445 = EDGE_CURVE('',#1446,#1162,#1448,.T.);
#1446 = VERTEX_POINT('',#1447);
#1447 = CARTESIAN_POINT('',(13.940876116885,20.453497529084,
    -0.427076593892));
#1448 = LINE('',#1449,#1450);
#1449 = CARTESIAN_POINT('',(12.35,20.453497529084,-0.427076593892));
#1450 = VECTOR('',#1451,1.);
#1451 = DIRECTION('',(1.,-1.359631073447E-32,-1.224646799147E-16));
#1452 = ORIENTED_EDGE('',*,*,#1453,.T.);
#1453 = EDGE_CURVE('',#1446,#1171,#1454,.T.);
#1454 = B_SPLINE_CURVE_WITH_KNOTS('',3,(#1455,#1456,#1457,#1458),
  .UNSPECIFIED.,.F.,.F.,(4,4),(0.,1.),.PIECEWISE_BEZIER_KNOTS.);
#1455 = CARTESIAN_POINT('',(13.940876116885,20.453497529084,
    -0.427076593892));
#1456 = CARTESIAN_POINT('',(13.946785494548,20.492438189502,
    -0.288834739857));
#1457 = CARTESIAN_POINT('',(13.95,20.512500000001,-0.14374319457));
#1458 = CARTESIAN_POINT('',(13.95,20.5125,7.087642841887E-15));
#1459 = ORIENTED_EDGE('',*,*,#1170,.F.);
#1460 = CYLINDRICAL_SURFACE('',#1461,1.575151902385);
#1461 = AXIS2_PLACEMENT_3D('',#1462,#1463,#1464);
#1462 = CARTESIAN_POINT('',(12.35,18.937348097615,-7.876223721637E-12));
#1463 = DIRECTION('',(1.,-1.359631073447E-32,-1.224646799147E-16));
#1464 = DIRECTION('',(-1.224646799147E-16,-1.110223024625E-16,-1.));
#1465 = ADVANCED_FACE('',(#1466),#1470,.T.);
#1466 = FACE_BOUND('',#1467,.T.);
#1467 = EDGE_LOOP('',(#1468,#1469));
#1468 = ORIENTED_EDGE('',*,*,#48,.F.);
#1469 = ORIENTED_EDGE('',*,*,#1396,.T.);
#1470 = CONICAL_SURFACE('',#1471,2.5,0.7853981625);
#1471 = AXIS2_PLACEMENT_3D('',#1472,#1473,#1474);
#1472 = CARTESIAN_POINT('',(13.95,21.95,-4.145321823863E-15));
#1473 = DIRECTION('',(-1.,1.359631073447E-32,1.224646799147E-16));
#1474 = DIRECTION('',(1.224646799147E-16,1.110223024625E-16,1.));
#1475 = ADVANCED_FACE('',(#1476),#1511,.F.);
#1476 = FACE_BOUND('',#1477,.F.);
#1477 = EDGE_LOOP('',(#1478,#1479,#1487,#1505));
#1478 = ORIENTED_EDGE('',*,*,#1275,.T.);
#1479 = ORIENTED_EDGE('',*,*,#1480,.F.);
#1480 = EDGE_CURVE('',#1481,#1276,#1483,.T.);
#1481 = VERTEX_POINT('',#1482);
#1482 = CARTESIAN_POINT('',(13.813569266178,21.640769230769,
    1.646208167674));
#1483 = LINE('',#1484,#1485);
#1484 = CARTESIAN_POINT('',(12.35,21.640769230769,1.646208167674));
#1485 = VECTOR('',#1486,1.);
#1486 = DIRECTION('',(1.,-1.359631073447E-32,-1.224646799147E-16));
#1487 = ORIENTED_EDGE('',*,*,#1488,.F.);
#1488 = EDGE_CURVE('',#1489,#1481,#1491,.T.);
#1489 = VERTEX_POINT('',#1490);
#1490 = CARTESIAN_POINT('',(13.821644999697,21.6,1.597067625355));
#1491 = B_SPLINE_CURVE_WITH_KNOTS('',3,(#1492,#1493,#1494,#1495,#1496,
    #1497,#1498,#1499,#1500,#1501,#1502,#1503,#1504),.UNSPECIFIED.,.F.,
  .F.,(4,3,3,3,4),(0.,0.24730312418,0.494691107439,0.740680838367,1.),
  .UNSPECIFIED.);
#1492 = CARTESIAN_POINT('',(13.821644999697,21.6,1.597067625355));
#1493 = CARTESIAN_POINT('',(13.820730308861,21.6,1.60272142678));
#1494 = CARTESIAN_POINT('',(13.819797873177,21.600985432815,
    1.608452412117));
#1495 = CARTESIAN_POINT('',(13.818925540709,21.602878237117,
    1.613787059042));
#1496 = CARTESIAN_POINT('',(13.818053043594,21.604771398675,
    1.619122712851));
#1497 = CARTESIAN_POINT('',(13.817216517065,21.607625763446,
    1.624210012563));
#1498 = CARTESIAN_POINT('',(13.816488913752,21.61121114445,1.62861797694
    ));
#1499 = CARTESIAN_POINT('',(13.815765485698,21.614775951197,
    1.633000646768));
#1500 = CARTESIAN_POINT('',(13.815129666245,21.619164427266,
    1.636834019351));
#1501 = CARTESIAN_POINT('',(13.814639408313,21.62401213287,
    1.639783322259));
#1502 = CARTESIAN_POINT('',(13.814123560459,21.629112873456,
    1.642886569501));
#1503 = CARTESIAN_POINT('',(13.813753828543,21.634882223849,
    1.645102327165));
#1504 = CARTESIAN_POINT('',(13.813569266178,21.640769230769,
    1.646208167674));
#1505 = ORIENTED_EDGE('',*,*,#1506,.T.);
#1506 = EDGE_CURVE('',#1489,#1268,#1507,.T.);
#1507 = LINE('',#1508,#1509);
#1508 = CARTESIAN_POINT('',(12.35,21.6,1.597067625355));
#1509 = VECTOR('',#1510,1.);
#1510 = DIRECTION('',(1.,-1.359631073447E-32,-1.224646799147E-16));
#1511 = CYLINDRICAL_SURFACE('',#1512,5.E-02);
#1512 = AXIS2_PLACEMENT_3D('',#1513,#1514,#1515);
#1513 = CARTESIAN_POINT('',(12.35,21.65,1.597067625355));
#1514 = DIRECTION('',(1.,-1.359631073447E-32,-1.224646799147E-16));
#1515 = DIRECTION('',(-1.224646799147E-16,-1.110223024625E-16,-1.));
#1516 = ADVANCED_FACE('',(#1517),#1536,.F.);
#1517 = FACE_BOUND('',#1518,.F.);
#1518 = EDGE_LOOP('',(#1519,#1520,#1521,#1529));
#1519 = ORIENTED_EDGE('',*,*,#1480,.T.);
#1520 = ORIENTED_EDGE('',*,*,#1284,.F.);
#1521 = ORIENTED_EDGE('',*,*,#1522,.F.);
#1522 = EDGE_CURVE('',#1523,#1285,#1525,.T.);
#1523 = VERTEX_POINT('',#1524);
#1524 = CARTESIAN_POINT('',(13.813569266178,22.259230769231,
    1.646208167673));
#1525 = LINE('',#1526,#1527);
#1526 = CARTESIAN_POINT('',(12.35,22.259230769231,1.646208167673));
#1527 = VECTOR('',#1528,1.);
#1528 = DIRECTION('',(1.,-1.359631073447E-32,-1.224646799147E-16));
#1529 = ORIENTED_EDGE('',*,*,#1530,.T.);
#1530 = EDGE_CURVE('',#1523,#1481,#1531,.T.);
#1531 = B_SPLINE_CURVE_WITH_KNOTS('',3,(#1532,#1533,#1534,#1535),
  .UNSPECIFIED.,.F.,.F.,(4,4),(0.,1.),.PIECEWISE_BEZIER_KNOTS.);
#1532 = CARTESIAN_POINT('',(13.813569266178,22.259230769231,
    1.646208167673));
#1533 = CARTESIAN_POINT('',(13.807220286624,22.056716641171,
    1.684249285941));
#1534 = CARTESIAN_POINT('',(13.807220286624,21.843283358829,
    1.68424928594));
#1535 = CARTESIAN_POINT('',(13.813569266178,21.640769230769,
    1.646208167673));
#1536 = CYLINDRICAL_SURFACE('',#1537,1.674999999999);
#1537 = AXIS2_PLACEMENT_3D('',#1538,#1539,#1540);
#1538 = CARTESIAN_POINT('',(12.35,21.950000000002,-1.366623162137E-11));
#1539 = DIRECTION('',(1.,-1.359631073447E-32,-1.224646799147E-16));
#1540 = DIRECTION('',(-1.224646799147E-16,-1.110223024625E-16,-1.));
#1541 = ADVANCED_FACE('',(#1542),#1570,.F.);
#1542 = FACE_BOUND('',#1543,.F.);
#1543 = EDGE_LOOP('',(#1544,#1545,#1546,#1554));
#1544 = ORIENTED_EDGE('',*,*,#1522,.T.);
#1545 = ORIENTED_EDGE('',*,*,#1293,.F.);
#1546 = ORIENTED_EDGE('',*,*,#1547,.F.);
#1547 = EDGE_CURVE('',#1548,#1294,#1550,.T.);
#1548 = VERTEX_POINT('',#1549);
#1549 = CARTESIAN_POINT('',(13.821644999697,22.3,1.597067625355));
#1550 = LINE('',#1551,#1552);
#1551 = CARTESIAN_POINT('',(12.35,22.3,1.597067625355));
#1552 = VECTOR('',#1553,1.);
#1553 = DIRECTION('',(1.,-1.359631073447E-32,-1.224646799147E-16));
#1554 = ORIENTED_EDGE('',*,*,#1555,.T.);
#1555 = EDGE_CURVE('',#1548,#1523,#1556,.T.);
#1556 = B_SPLINE_CURVE_WITH_KNOTS('',3,(#1557,#1558,#1559,#1560,#1561,
    #1562,#1563,#1564,#1565,#1566,#1567,#1568,#1569),.UNSPECIFIED.,.F.,
  .F.,(4,3,3,3,4),(0.,0.24730312418,0.49469110744,0.740680838369,1.),
  .UNSPECIFIED.);
#1557 = CARTESIAN_POINT('',(13.821644999697,22.3,1.597067625355));
#1558 = CARTESIAN_POINT('',(13.820730308861,22.3,1.60272142678));
#1559 = CARTESIAN_POINT('',(13.819797873177,22.299014567185,
    1.608452412117));
#1560 = CARTESIAN_POINT('',(13.818925540709,22.297121762883,
    1.613787059042));
#1561 = CARTESIAN_POINT('',(13.818053043594,22.295228601325,
    1.619122712851));
#1562 = CARTESIAN_POINT('',(13.817216517065,22.292374236554,
    1.624210012563));
#1563 = CARTESIAN_POINT('',(13.816488913752,22.28878885555,1.62861797694
    ));
#1564 = CARTESIAN_POINT('',(13.815765485698,22.285224048803,
    1.633000646768));
#1565 = CARTESIAN_POINT('',(13.815129666245,22.280835572734,
    1.636834019351));
#1566 = CARTESIAN_POINT('',(13.814639408313,22.27598786713,
    1.639783322259));
#1567 = CARTESIAN_POINT('',(13.814123560459,22.270887126545,
    1.642886569501));
#1568 = CARTESIAN_POINT('',(13.813753828543,22.265117776151,
    1.645102327164));
#1569 = CARTESIAN_POINT('',(13.813569266178,22.259230769231,
    1.646208167673));
#1570 = CYLINDRICAL_SURFACE('',#1571,5.E-02);
#1571 = AXIS2_PLACEMENT_3D('',#1572,#1573,#1574);
#1572 = CARTESIAN_POINT('',(12.35,22.25,1.597067625355));
#1573 = DIRECTION('',(1.,-1.359631073447E-32,-1.224646799147E-16));
#1574 = DIRECTION('',(-1.224646799147E-16,-1.110223024625E-16,-1.));
#1575 = ADVANCED_FACE('',(#1576),#1595,.T.);
#1576 = FACE_BOUND('',#1577,.T.);
#1577 = EDGE_LOOP('',(#1578,#1579,#1588,#1594));
#1578 = ORIENTED_EDGE('',*,*,#1547,.F.);
#1579 = ORIENTED_EDGE('',*,*,#1580,.T.);
#1580 = EDGE_CURVE('',#1548,#1581,#1583,.T.);
#1581 = VERTEX_POINT('',#1582);
#1582 = CARTESIAN_POINT('',(13.824495211675,22.3,1.579349332674));
#1583 = CIRCLE('',#1584,10.);
#1584 = AXIS2_PLACEMENT_3D('',#1585,#1586,#1587);
#1585 = CARTESIAN_POINT('',(3.95,22.3,-2.959532830577E-15));
#1586 = DIRECTION('',(0.,1.,-1.110223024625E-16));
#1587 = DIRECTION('',(-1.,1.359631073447E-32,1.224646799147E-16));
#1588 = ORIENTED_EDGE('',*,*,#1589,.T.);
#1589 = EDGE_CURVE('',#1581,#1303,#1590,.T.);
#1590 = LINE('',#1591,#1592);
#1591 = CARTESIAN_POINT('',(12.35,22.3,1.579349332674));
#1592 = VECTOR('',#1593,1.);
#1593 = DIRECTION('',(1.,-1.359631073447E-32,-1.224646799147E-16));
#1594 = ORIENTED_EDGE('',*,*,#1302,.F.);
#1595 = PLANE('',#1596);
#1596 = AXIS2_PLACEMENT_3D('',#1597,#1598,#1599);
#1597 = CARTESIAN_POINT('',(12.35,22.3,1.597067625355));
#1598 = DIRECTION('',(0.,-1.,1.110223024625E-16));
#1599 = DIRECTION('',(-1.,1.359631073447E-32,1.224646799147E-16));
#1600 = ADVANCED_FACE('',(#1601),#1626,.T.);
#1601 = FACE_BOUND('',#1602,.T.);
#1602 = EDGE_LOOP('',(#1603,#1604,#1619,#1625));
#1603 = ORIENTED_EDGE('',*,*,#1589,.F.);
#1604 = ORIENTED_EDGE('',*,*,#1605,.T.);
#1605 = EDGE_CURVE('',#1581,#1606,#1608,.T.);
#1606 = VERTEX_POINT('',#1607);
#1607 = CARTESIAN_POINT('',(13.83540674355,22.328392055795,
    1.509547453567));
#1608 = B_SPLINE_CURVE_WITH_KNOTS('',3,(#1609,#1610,#1611,#1612,#1613,
    #1614,#1615,#1616,#1617,#1618),.UNSPECIFIED.,.F.,.F.,(4,3,3,4),(0.,
    0.441961054327,0.884100797504,1.),.UNSPECIFIED.);
#1609 = CARTESIAN_POINT('',(13.824495211675,22.3,1.579349332674));
#1610 = CARTESIAN_POINT('',(13.826300548814,22.3,1.568061904001));
#1611 = CARTESIAN_POINT('',(13.828110414157,22.301964063082,
    1.556615254469));
#1612 = CARTESIAN_POINT('',(13.829778361703,22.305740379599,
    1.545955860829));
#1613 = CARTESIAN_POINT('',(13.831446690926,22.309517560253,
    1.535294027991));
#1614 = CARTESIAN_POINT('',(13.833019561003,22.315214780904,
    1.525124211376));
#1615 = CARTESIAN_POINT('',(13.834371573801,22.322371721734,
    1.516310849082));
#1616 = CARTESIAN_POINT('',(13.834730805593,22.32427333146,
    1.513969125732));
#1617 = CARTESIAN_POINT('',(13.835076521688,22.326284109681,
    1.511709941019));
#1618 = CARTESIAN_POINT('',(13.83540674355,22.328392055795,
    1.509547453567));
#1619 = ORIENTED_EDGE('',*,*,#1620,.T.);
#1620 = EDGE_CURVE('',#1606,#1311,#1621,.T.);
#1621 = LINE('',#1622,#1623);
#1622 = CARTESIAN_POINT('',(12.35,22.328392055795,1.509547453567));
#1623 = VECTOR('',#1624,1.);
#1624 = DIRECTION('',(1.,-1.359631073447E-32,-1.224646799147E-16));
#1625 = ORIENTED_EDGE('',*,*,#1310,.F.);
#1626 = CYLINDRICAL_SURFACE('',#1627,9.999999999998E-02);
#1627 = AXIS2_PLACEMENT_3D('',#1628,#1629,#1630);
#1628 = CARTESIAN_POINT('',(12.35,22.4,1.579349332674));
#1629 = DIRECTION('',(1.,-1.359631073447E-32,-1.224646799147E-16));
#1630 = DIRECTION('',(-1.224646799147E-16,-1.110223024625E-16,-1.));
#1631 = ADVANCED_FACE('',(#1632),#1654,.T.);
#1632 = FACE_BOUND('',#1633,.T.);
#1633 = EDGE_LOOP('',(#1634,#1635,#1647,#1653));
#1634 = ORIENTED_EDGE('',*,*,#1620,.F.);
#1635 = ORIENTED_EDGE('',*,*,#1636,.T.);
#1636 = EDGE_CURVE('',#1606,#1637,#1639,.T.);
#1637 = VERTEX_POINT('',#1638);
#1638 = CARTESIAN_POINT('',(13.891240206229,23.068110415124,
    1.082470859684));
#1639 = B_SPLINE_CURVE_WITH_KNOTS('',3,(#1640,#1641,#1642,#1643,#1644,
    #1645,#1646),.UNSPECIFIED.,.F.,.F.,(4,3,4),(0.,0.61041821053,1.),
  .UNSPECIFIED.);
#1640 = CARTESIAN_POINT('',(13.83540674355,22.328392055795,
    1.509547453567));
#1641 = CARTESIAN_POINT('',(13.854450397049,22.449955767771,
    1.384838382466));
#1642 = CARTESIAN_POINT('',(13.868218151257,22.594920733683,
    1.278736989901));
#1643 = CARTESIAN_POINT('',(13.877685366194,22.751359744054,
    1.200442947356));
#1644 = CARTESIAN_POINT('',(13.883778729697,22.852048253028,
    1.150050718547));
#1645 = CARTESIAN_POINT('',(13.888215226085,22.95886870741,1.11025179619
    ));
#1646 = CARTESIAN_POINT('',(13.891240206229,23.068110415124,
    1.082470859684));
#1647 = ORIENTED_EDGE('',*,*,#1648,.T.);
#1648 = EDGE_CURVE('',#1637,#1320,#1649,.T.);
#1649 = LINE('',#1650,#1651);
#1650 = CARTESIAN_POINT('',(12.35,23.068110415124,1.082470859684));
#1651 = VECTOR('',#1652,1.);
#1652 = DIRECTION('',(1.,-1.359631073447E-32,-1.224646799147E-16));
#1653 = ORIENTED_EDGE('',*,*,#1319,.F.);
#1654 = CYLINDRICAL_SURFACE('',#1655,1.575151902384);
#1655 = AXIS2_PLACEMENT_3D('',#1656,#1657,#1658);
#1656 = CARTESIAN_POINT('',(12.35,23.456325951194,2.609033080211));
#1657 = DIRECTION('',(1.,-1.359631073447E-32,-1.224646799147E-16));
#1658 = DIRECTION('',(-1.224646799147E-16,-1.110223024625E-16,-1.));
#1659 = ADVANCED_FACE('',(#1660),#1685,.T.);
#1660 = FACE_BOUND('',#1661,.T.);
#1661 = EDGE_LOOP('',(#1662,#1663,#1678,#1684));
#1662 = ORIENTED_EDGE('',*,*,#1648,.F.);
#1663 = ORIENTED_EDGE('',*,*,#1664,.T.);
#1664 = EDGE_CURVE('',#1637,#1665,#1667,.T.);
#1665 = VERTEX_POINT('',#1666);
#1666 = CARTESIAN_POINT('',(13.890111875433,23.14275664356,
    1.092783557653));
#1667 = B_SPLINE_CURVE_WITH_KNOTS('',3,(#1668,#1669,#1670,#1671,#1672,
    #1673,#1674,#1675,#1676,#1677),.UNSPECIFIED.,.F.,.F.,(4,3,3,4),(0.,
    0.434583968398,0.869155892454,1.),.UNSPECIFIED.);
#1668 = CARTESIAN_POINT('',(13.891240206229,23.068110415124,
    1.082470859684));
#1669 = CARTESIAN_POINT('',(13.891538815581,23.078894153881,
    1.079728478885));
#1670 = CARTESIAN_POINT('',(13.891639439987,23.090302898701,
    1.078798489051));
#1671 = CARTESIAN_POINT('',(13.891535049881,23.101391819218,
    1.079759626944));
#1672 = CARTESIAN_POINT('',(13.891430660789,23.112480632153,
    1.080720755512));
#1673 = CARTESIAN_POINT('',(13.891118332939,23.123554724405,
    1.083599218537));
#1674 = CARTESIAN_POINT('',(13.890619965105,23.133699699667,
    1.088151969787));
#1675 = CARTESIAN_POINT('',(13.890467956469,23.136794048357,
    1.089540617812));
#1676 = CARTESIAN_POINT('',(13.890298215148,23.139820865816,
    1.091088585582));
#1677 = CARTESIAN_POINT('',(13.890111875433,23.14275664356,
    1.092783557653));
#1678 = ORIENTED_EDGE('',*,*,#1679,.T.);
#1679 = EDGE_CURVE('',#1665,#1329,#1680,.T.);
#1680 = LINE('',#1681,#1682);
#1681 = CARTESIAN_POINT('',(12.35,23.14275664356,1.092783557653));
#1682 = VECTOR('',#1683,1.);
#1683 = DIRECTION('',(1.,-1.359631073447E-32,-1.224646799147E-16));
#1684 = ORIENTED_EDGE('',*,*,#1328,.F.);
#1685 = CYLINDRICAL_SURFACE('',#1686,0.1);
#1686 = AXIS2_PLACEMENT_3D('',#1687,#1688,#1689);
#1687 = CARTESIAN_POINT('',(12.35,23.09275664356,1.179386098031));
#1688 = DIRECTION('',(1.,-1.359631073447E-32,-1.224646799147E-16));
#1689 = DIRECTION('',(-1.224646799147E-16,-1.110223024625E-16,-1.));
#1690 = ADVANCED_FACE('',(#1691),#1710,.F.);
#1691 = FACE_BOUND('',#1692,.T.);
#1692 = EDGE_LOOP('',(#1693,#1702,#1708,#1709));
#1693 = ORIENTED_EDGE('',*,*,#1694,.F.);
#1694 = EDGE_CURVE('',#1695,#1665,#1697,.T.);
#1695 = VERTEX_POINT('',#1696);
#1696 = CARTESIAN_POINT('',(13.889133933736,23.158101135134,
    1.101642703994));
#1697 = ELLIPSE('',#1698,19.999999999982,10.);
#1698 = AXIS2_PLACEMENT_3D('',#1699,#1700,#1701);
#1699 = CARTESIAN_POINT('',(3.95,21.250000000031,-2.842959412995E-15));
#1700 = DIRECTION('',(-1.060575238725E-16,0.5,-0.866025403784));
#1701 = DIRECTION('',(6.123233995739E-17,0.866025403784,0.5));
#1702 = ORIENTED_EDGE('',*,*,#1703,.T.);
#1703 = EDGE_CURVE('',#1695,#1338,#1704,.T.);
#1704 = LINE('',#1705,#1706);
#1705 = CARTESIAN_POINT('',(12.35,23.158101135134,1.101642703994));
#1706 = VECTOR('',#1707,1.);
#1707 = DIRECTION('',(1.,-1.359631073447E-32,-1.224646799147E-16));
#1708 = ORIENTED_EDGE('',*,*,#1337,.T.);
#1709 = ORIENTED_EDGE('',*,*,#1679,.F.);
#1710 = PLANE('',#1711);
#1711 = AXIS2_PLACEMENT_3D('',#1712,#1713,#1714);
#1712 = CARTESIAN_POINT('',(12.35,23.158101135134,1.101642703994));
#1713 = DIRECTION('',(1.060575238725E-16,-0.5,0.866025403784));
#1714 = DIRECTION('',(-6.123233995739E-17,-0.866025403784,-0.5));
#1715 = ADVANCED_FACE('',(#1716),#1747,.F.);
#1716 = FACE_BOUND('',#1717,.F.);
#1717 = EDGE_LOOP('',(#1718,#1719,#1720,#1728));
#1718 = ORIENTED_EDGE('',*,*,#1703,.T.);
#1719 = ORIENTED_EDGE('',*,*,#1345,.F.);
#1720 = ORIENTED_EDGE('',*,*,#1721,.F.);
#1721 = EDGE_CURVE('',#1722,#1346,#1724,.T.);
#1722 = VERTEX_POINT('',#1723);
#1723 = CARTESIAN_POINT('',(13.890318132078,23.22104270852,
    1.090905785612));
#1724 = LINE('',#1725,#1726);
#1725 = CARTESIAN_POINT('',(12.35,23.22104270852,1.090905785612));
#1726 = VECTOR('',#1727,1.);
#1727 = DIRECTION('',(1.,-1.359631073447E-32,-1.224646799147E-16));
#1728 = ORIENTED_EDGE('',*,*,#1729,.T.);
#1729 = EDGE_CURVE('',#1722,#1695,#1730,.T.);
#1730 = B_SPLINE_CURVE_WITH_KNOTS('',3,(#1731,#1732,#1733,#1734,#1735,
    #1736,#1737,#1738,#1739,#1740,#1741,#1742,#1743,#1744,#1745,#1746),
  .UNSPECIFIED.,.F.,.F.,(4,3,3,3,3,4),(0.,0.243398770995,0.486864687127,
    0.729383163718,0.971289900357,1.),.UNSPECIFIED.);
#1731 = CARTESIAN_POINT('',(13.890318132078,23.22104270852,
    1.090905785612));
#1732 = CARTESIAN_POINT('',(13.889853670322,23.217410338358,
    1.095137954577));
#1733 = CARTESIAN_POINT('',(13.889448143565,23.212995941229,
    1.098807781664));
#1734 = CARTESIAN_POINT('',(13.889137739001,23.208160505892,
    1.101608371955));
#1735 = CARTESIAN_POINT('',(13.888827282723,23.203324264947,
    1.104409428838));
#1736 = CARTESIAN_POINT('',(13.888603562871,23.197932925154,
    1.106417789551));
#1737 = CARTESIAN_POINT('',(13.888487150366,23.1924350544,1.107462487853
    ));
#1738 = CARTESIAN_POINT('',(13.888371183192,23.18695821546,
    1.108503189717));
#1739 = CARTESIAN_POINT('',(13.888358547053,23.181224250318,
    1.108616289727));
#1740 = CARTESIAN_POINT('',(13.888450409016,23.175710209745,
    1.107792158992));
#1741 = CARTESIAN_POINT('',(13.888542049003,23.170209493343,
    1.106970019694));
#1742 = CARTESIAN_POINT('',(13.888740131416,23.164776287989,
    1.105192902233));
#1743 = CARTESIAN_POINT('',(13.889026618423,23.159857829853,
    1.102610483482));
#1744 = CARTESIAN_POINT('',(13.889061099508,23.159265852651,
    1.102299667982));
#1745 = CARTESIAN_POINT('',(13.889096887179,23.158680052086,
    1.101976941848));
#1746 = CARTESIAN_POINT('',(13.889133933736,23.158101135135,
    1.101642703991));
#1747 = CYLINDRICAL_SURFACE('',#1748,4.999999999708E-02);
#1748 = AXIS2_PLACEMENT_3D('',#1749,#1750,#1751);
#1749 = CARTESIAN_POINT('',(12.35,23.183101135134,1.058341433804));
#1750 = DIRECTION('',(1.,-1.359631073447E-32,-1.224646799147E-16));
#1751 = DIRECTION('',(-1.224646799147E-16,-1.110223024625E-16,-1.));
#1752 = ADVANCED_FACE('',(#1753),#1772,.F.);
#1753 = FACE_BOUND('',#1754,.F.);
#1754 = EDGE_LOOP('',(#1755,#1756,#1764,#1771));
#1755 = ORIENTED_EDGE('',*,*,#1354,.T.);
#1756 = ORIENTED_EDGE('',*,*,#1757,.F.);
#1757 = EDGE_CURVE('',#1758,#1355,#1760,.T.);
#1758 = VERTEX_POINT('',#1759);
#1759 = CARTESIAN_POINT('',(13.934570059071,23.53027347775,
    0.555302382051));
#1760 = LINE('',#1761,#1762);
#1761 = CARTESIAN_POINT('',(12.35,23.53027347775,0.555302382051));
#1762 = VECTOR('',#1763,1.);
#1763 = DIRECTION('',(1.,-1.359631073447E-32,-1.224646799147E-16));
#1764 = ORIENTED_EDGE('',*,*,#1765,.F.);
#1765 = EDGE_CURVE('',#1722,#1758,#1766,.T.);
#1766 = B_SPLINE_CURVE_WITH_KNOTS('',3,(#1767,#1768,#1769,#1770),
  .UNSPECIFIED.,.F.,.F.,(4,4),(0.,1.),.PIECEWISE_BEZIER_KNOTS.);
#1767 = CARTESIAN_POINT('',(13.890318132078,23.22104270852,
    1.090905785612));
#1768 = CARTESIAN_POINT('',(13.907470806047,23.355186931152,
    0.934610862336));
#1769 = CARTESIAN_POINT('',(13.923740247432,23.461847971308,
    0.750026943881));
#1770 = CARTESIAN_POINT('',(13.934570059071,23.53027347775,
    0.555302382051));
#1771 = ORIENTED_EDGE('',*,*,#1721,.T.);
#1772 = CYLINDRICAL_SURFACE('',#1773,1.675);
#1773 = AXIS2_PLACEMENT_3D('',#1774,#1775,#1776);
#1774 = CARTESIAN_POINT('',(12.35,21.950000000002,-1.366623169637E-11));
#1775 = DIRECTION('',(1.,-1.359631073447E-32,-1.224646799147E-16));
#1776 = DIRECTION('',(-1.224646799147E-16,-1.110223024625E-16,-1.));
#1777 = ADVANCED_FACE('',(#1778),#1806,.F.);
#1778 = FACE_BOUND('',#1779,.F.);
#1779 = EDGE_LOOP('',(#1780,#1781,#1789,#1805));
#1780 = ORIENTED_EDGE('',*,*,#1363,.T.);
#1781 = ORIENTED_EDGE('',*,*,#1782,.F.);
#1782 = EDGE_CURVE('',#1783,#1364,#1785,.T.);
#1783 = VERTEX_POINT('',#1784);
#1784 = CARTESIAN_POINT('',(13.937720167651,23.508101135128,
    0.495424921355));
#1785 = LINE('',#1786,#1787);
#1786 = CARTESIAN_POINT('',(12.35,23.508101135128,0.495424921355));
#1787 = VECTOR('',#1788,1.);
#1788 = DIRECTION('',(1.,-1.359631073447E-32,-1.224646799147E-16));
#1789 = ORIENTED_EDGE('',*,*,#1790,.F.);
#1790 = EDGE_CURVE('',#1758,#1783,#1791,.T.);
#1791 = B_SPLINE_CURVE_WITH_KNOTS('',3,(#1792,#1793,#1794,#1795,#1796,
    #1797,#1798,#1799,#1800,#1801,#1802,#1803,#1804),.UNSPECIFIED.,.F.,
  .F.,(4,3,3,3,4),(0.,0.243862513867,0.487726963199,0.731546820969,1.),
  .UNSPECIFIED.);
#1792 = CARTESIAN_POINT('',(13.934570059071,23.53027347775,
    0.555302382051));
#1793 = CARTESIAN_POINT('',(13.934864123521,23.532131451798,
    0.550014979718));
#1794 = CARTESIAN_POINT('',(13.935175604667,23.533100683565,
    0.544334124526));
#1795 = CARTESIAN_POINT('',(13.935477943045,23.533101134965,
    0.538730219085));
#1796 = CARTESIAN_POINT('',(13.935780282273,23.533101586365,
    0.533126297889));
#1797 = CARTESIAN_POINT('',(13.936081823058,23.532133225574,
    0.527444658614));
#1798 = CARTESIAN_POINT('',(13.936358342676,23.530275640267,
    0.522156156396));
#1799 = CARTESIAN_POINT('',(13.936634807803,23.528418421016,
    0.516868696329));
#1800 = CARTESIAN_POINT('',(13.936893964634,23.525620925686,
    0.511828218866));
#1801 = CARTESIAN_POINT('',(13.937116241318,23.522114294906,
    0.507453625865));
#1802 = CARTESIAN_POINT('',(13.93736023666,23.518265031183,
    0.502651591322));
#1803 = CARTESIAN_POINT('',(13.937567455654,23.513433529975,
    0.498503580955));
#1804 = CARTESIAN_POINT('',(13.937720167651,23.508101135128,
    0.495424921355));
#1805 = ORIENTED_EDGE('',*,*,#1757,.T.);
#1806 = CYLINDRICAL_SURFACE('',#1807,4.999999999708E-02);
#1807 = AXIS2_PLACEMENT_3D('',#1808,#1809,#1810);
#1808 = CARTESIAN_POINT('',(12.35,23.48310113513,0.538726191542));
#1809 = DIRECTION('',(1.,-1.359631073447E-32,-1.224646799147E-16));
#1810 = DIRECTION('',(-1.224646799147E-16,-1.110223024625E-16,-1.));
#1811 = ADVANCED_FACE('',(#1812),#1831,.T.);
#1812 = FACE_BOUND('',#1813,.T.);
#1813 = EDGE_LOOP('',(#1814,#1815,#1824,#1830));
#1814 = ORIENTED_EDGE('',*,*,#1782,.F.);
#1815 = ORIENTED_EDGE('',*,*,#1816,.T.);
#1816 = EDGE_CURVE('',#1783,#1817,#1819,.T.);
#1817 = VERTEX_POINT('',#1818);
#1818 = CARTESIAN_POINT('',(13.938155672925,23.492756643556,
    0.486565775012));
#1819 = ELLIPSE('',#1820,19.999999999986,10.);
#1820 = AXIS2_PLACEMENT_3D('',#1821,#1822,#1823);
#1821 = CARTESIAN_POINT('',(3.95,22.650000000012,-2.998390636441E-15));
#1822 = DIRECTION('',(-1.060575238725E-16,0.5,-0.866025403784));
#1823 = DIRECTION('',(6.123233995739E-17,0.866025403784,0.5));
#1824 = ORIENTED_EDGE('',*,*,#1825,.T.);
#1825 = EDGE_CURVE('',#1817,#1373,#1826,.T.);
#1826 = LINE('',#1827,#1828);
#1827 = CARTESIAN_POINT('',(12.35,23.492756643556,0.486565775012));
#1828 = VECTOR('',#1829,1.);
#1829 = DIRECTION('',(1.,-1.359631073447E-32,-1.224646799147E-16));
#1830 = ORIENTED_EDGE('',*,*,#1372,.F.);
#1831 = PLANE('',#1832);
#1832 = AXIS2_PLACEMENT_3D('',#1833,#1834,#1835);
#1833 = CARTESIAN_POINT('',(12.35,23.50810113513,0.495424921352));
#1834 = DIRECTION('',(1.060575238725E-16,-0.5,0.866025403784));
#1835 = DIRECTION('',(-6.123233995739E-17,-0.866025403784,-0.5));
#1836 = ADVANCED_FACE('',(#1837),#1862,.T.);
#1837 = FACE_BOUND('',#1838,.T.);
#1838 = EDGE_LOOP('',(#1839,#1854,#1860,#1861));
#1839 = ORIENTED_EDGE('',*,*,#1840,.F.);
#1840 = EDGE_CURVE('',#1841,#1817,#1843,.T.);
#1841 = VERTEX_POINT('',#1842);
#1842 = CARTESIAN_POINT('',(13.940876116886,23.446502470915,
    0.427076593874));
#1843 = B_SPLINE_CURVE_WITH_KNOTS('',3,(#1844,#1845,#1846,#1847,#1848,
    #1849,#1850,#1851,#1852,#1853),.UNSPECIFIED.,.F.,.F.,(4,3,3,4),(0.,
    0.437431294754,0.874878990771,1.),.UNSPECIFIED.);
#1844 = CARTESIAN_POINT('',(13.940876116886,23.446502470915,
    0.427076593874));
#1845 = CARTESIAN_POINT('',(13.94041538297,23.449538540703,0.43785483728
    ));
#1846 = CARTESIAN_POINT('',(13.939952422365,23.454478174631,
    0.448257502365));
#1847 = CARTESIAN_POINT('',(13.939532714156,23.460913310516,
    0.457423384623));
#1848 = CARTESIAN_POINT('',(13.939112997116,23.467348581801,
    0.46658945974));
#1849 = CARTESIAN_POINT('',(13.938725369904,23.475457203675,
    0.474771606751));
#1850 = CARTESIAN_POINT('',(13.938411260361,23.484568288977,
    0.481290446508));
#1851 = CARTESIAN_POINT('',(13.938320229682,23.487208731761,
    0.483179642233));
#1852 = CARTESIAN_POINT('',(13.938234760633,23.48994465623,
    0.484942273372));
#1853 = CARTESIAN_POINT('',(13.938155672925,23.492756643556,
    0.486565775012));
#1854 = ORIENTED_EDGE('',*,*,#1855,.T.);
#1855 = EDGE_CURVE('',#1841,#952,#1856,.T.);
#1856 = LINE('',#1857,#1858);
#1857 = CARTESIAN_POINT('',(12.35,23.446502470915,0.427076593874));
#1858 = VECTOR('',#1859,1.);
#1859 = DIRECTION('',(1.,-1.359631073447E-32,-1.224646799147E-16));
#1860 = ORIENTED_EDGE('',*,*,#1380,.T.);
#1861 = ORIENTED_EDGE('',*,*,#1825,.F.);
#1862 = CYLINDRICAL_SURFACE('',#1863,0.1);
#1863 = AXIS2_PLACEMENT_3D('',#1864,#1865,#1866);
#1864 = CARTESIAN_POINT('',(12.35,23.542756643556,0.399963234633));
#1865 = DIRECTION('',(1.,-1.359631073447E-32,-1.224646799147E-16));
#1866 = DIRECTION('',(-1.224646799147E-16,-1.110223024625E-16,-1.));
#1867 = ADVANCED_FACE('',(#1868),#1882,.T.);
#1868 = FACE_BOUND('',#1869,.T.);
#1869 = EDGE_LOOP('',(#1870,#1880,#1881));
#1870 = ORIENTED_EDGE('',*,*,#1871,.F.);
#1871 = EDGE_CURVE('',#950,#1841,#1872,.T.);
#1872 = B_SPLINE_CURVE_WITH_KNOTS('',3,(#1873,#1874,#1875,#1876,#1877,
    #1878,#1879),.UNSPECIFIED.,.F.,.F.,(4,3,4),(0.,0.215553951356,1.),
  .UNSPECIFIED.);
#1873 = CARTESIAN_POINT('',(13.95,23.3875,6.706893390157E-15));
#1874 = CARTESIAN_POINT('',(13.95,23.3875,3.106659105891E-02));
#1875 = CARTESIAN_POINT('',(13.949854973726,23.388419929889,
    6.214709945725E-02));
#1876 = CARTESIAN_POINT('',(13.949566070221,23.390257197389,
    9.315796953398E-02));
#1877 = CARTESIAN_POINT('',(13.948516052348,23.396934733931,
    0.205866771062));
#1878 = CARTESIAN_POINT('',(13.945517975784,23.415914300489,
    0.318486617588));
#1879 = CARTESIAN_POINT('',(13.940876116886,23.446502470915,
    0.427076593874));
#1880 = ORIENTED_EDGE('',*,*,#949,.T.);
#1881 = ORIENTED_EDGE('',*,*,#1855,.F.);
#1882 = CYLINDRICAL_SURFACE('',#1883,1.575151902385);
#1883 = AXIS2_PLACEMENT_3D('',#1884,#1885,#1886);
#1884 = CARTESIAN_POINT('',(12.35,24.962651902385,-7.87645898387E-12));
#1885 = DIRECTION('',(1.,-1.359631073447E-32,-1.224646799147E-16));
#1886 = DIRECTION('',(-1.224646799147E-16,-1.110223024625E-16,-1.));
#1887 = ADVANCED_FACE('',(#1888),#1913,.T.);
#1888 = FACE_BOUND('',#1889,.T.);
#1889 = EDGE_LOOP('',(#1890,#1905,#1911,#1912));
#1890 = ORIENTED_EDGE('',*,*,#1891,.F.);
#1891 = EDGE_CURVE('',#1892,#1422,#1894,.T.);
#1892 = VERTEX_POINT('',#1893);
#1893 = CARTESIAN_POINT('',(13.938155672924,23.492756643557,
    -0.48656577503));
#1894 = B_SPLINE_CURVE_WITH_KNOTS('',3,(#1895,#1896,#1897,#1898,#1899,
    #1900,#1901,#1902,#1903,#1904),.UNSPECIFIED.,.F.,.F.,(4,3,3,4),(0.,
    0.437154037003,0.874285966176,1.),.UNSPECIFIED.);
#1895 = CARTESIAN_POINT('',(13.938155672924,23.492756643557,
    -0.48656577503));
#1896 = CARTESIAN_POINT('',(13.938428389257,23.48306013197,
    -0.480967491455));
#1897 = CARTESIAN_POINT('',(13.938781606317,23.474198506905,
    -0.473618262369));
#1898 = CARTESIAN_POINT('',(13.939176930108,23.466904649717,
    -0.465128217814));
#1899 = CARTESIAN_POINT('',(13.939572241719,23.459611017255,
    -0.45663843484));
#1900 = CARTESIAN_POINT('',(13.940020115369,23.453683744489,
    -0.446773929589));
#1901 = CARTESIAN_POINT('',(13.940475364632,23.449611875828,
    -0.436350763351));
#1902 = CARTESIAN_POINT('',(13.940608012214,23.448425441113,
    -0.433313728686));
#1903 = CARTESIAN_POINT('',(13.940741962512,23.447386499692,
    -0.430214953017));
#1904 = CARTESIAN_POINT('',(13.940876116885,23.446502470916,
    -0.427076593892));
#1905 = ORIENTED_EDGE('',*,*,#1906,.T.);
#1906 = EDGE_CURVE('',#1892,#970,#1907,.T.);
#1907 = LINE('',#1908,#1909);
#1908 = CARTESIAN_POINT('',(12.35,23.492756643557,-0.48656577503));
#1909 = VECTOR('',#1910,1.);
#1910 = DIRECTION('',(1.,-1.359631073447E-32,-1.224646799147E-16));
#1911 = ORIENTED_EDGE('',*,*,#969,.T.);
#1912 = ORIENTED_EDGE('',*,*,#1430,.F.);
#1913 = CYLINDRICAL_SURFACE('',#1914,0.1);
#1914 = AXIS2_PLACEMENT_3D('',#1915,#1916,#1917);
#1915 = CARTESIAN_POINT('',(12.35,23.542756643557,-0.399963234651));
#1916 = DIRECTION('',(1.,-1.359631073447E-32,-1.224646799147E-16));
#1917 = DIRECTION('',(-1.224646799147E-16,-1.110223024625E-16,-1.));
#1918 = ADVANCED_FACE('',(#1919),#1938,.F.);
#1919 = FACE_BOUND('',#1920,.T.);
#1920 = EDGE_LOOP('',(#1921,#1930,#1936,#1937));
#1921 = ORIENTED_EDGE('',*,*,#1922,.F.);
#1922 = EDGE_CURVE('',#1923,#1892,#1925,.T.);
#1923 = VERTEX_POINT('',#1924);
#1924 = CARTESIAN_POINT('',(13.93772016765,23.508101135131,
    -0.495424921371));
#1925 = ELLIPSE('',#1926,20.00000000003,10.);
#1926 = AXIS2_PLACEMENT_3D('',#1927,#1928,#1929);
#1927 = CARTESIAN_POINT('',(3.95,22.649999999979,-2.998390636437E-15));
#1928 = DIRECTION('',(-1.060575238726E-16,-0.499999999999,
    -0.866025403785));
#1929 = DIRECTION('',(-6.123233995725E-17,0.866025403785,-0.499999999999
    ));
#1930 = ORIENTED_EDGE('',*,*,#1931,.T.);
#1931 = EDGE_CURVE('',#1923,#979,#1932,.T.);
#1932 = LINE('',#1933,#1934);
#1933 = CARTESIAN_POINT('',(12.35,23.508101135131,-0.495424921371));
#1934 = VECTOR('',#1935,1.);
#1935 = DIRECTION('',(1.,-1.359631073447E-32,-1.224646799147E-16));
#1936 = ORIENTED_EDGE('',*,*,#978,.T.);
#1937 = ORIENTED_EDGE('',*,*,#1906,.F.);
#1938 = PLANE('',#1939);
#1939 = AXIS2_PLACEMENT_3D('',#1940,#1941,#1942);
#1940 = CARTESIAN_POINT('',(12.35,23.508101135131,-0.495424921371));
#1941 = DIRECTION('',(1.060575238726E-16,0.499999999999,0.866025403785)
  );
#1942 = DIRECTION('',(6.123233995725E-17,-0.866025403785,0.499999999999)
  );
#1943 = ADVANCED_FACE('',(#1944),#1972,.F.);
#1944 = FACE_BOUND('',#1945,.F.);
#1945 = EDGE_LOOP('',(#1946,#1947,#1955,#1971));
#1946 = ORIENTED_EDGE('',*,*,#986,.T.);
#1947 = ORIENTED_EDGE('',*,*,#1948,.F.);
#1948 = EDGE_CURVE('',#1949,#987,#1951,.T.);
#1949 = VERTEX_POINT('',#1950);
#1950 = CARTESIAN_POINT('',(13.93457005907,23.53027347775,
    -0.555302382069));
#1951 = LINE('',#1952,#1953);
#1952 = CARTESIAN_POINT('',(12.35,23.53027347775,-0.555302382069));
#1953 = VECTOR('',#1954,1.);
#1954 = DIRECTION('',(1.,-1.359631073447E-32,-1.224646799147E-16));
#1955 = ORIENTED_EDGE('',*,*,#1956,.F.);
#1956 = EDGE_CURVE('',#1923,#1949,#1957,.T.);
#1957 = B_SPLINE_CURVE_WITH_KNOTS('',3,(#1958,#1959,#1960,#1961,#1962,
    #1963,#1964,#1965,#1966,#1967,#1968,#1969,#1970),.UNSPECIFIED.,.F.,
  .F.,(4,3,3,3,4),(0.,0.243302686778,0.486589962506,0.730103890848,1.),
  .UNSPECIFIED.);
#1958 = CARTESIAN_POINT('',(13.93772016765,23.508101135131,
    -0.495424921371));
#1959 = CARTESIAN_POINT('',(13.937581338554,23.512948767109,
    -0.498223702998));
#1960 = CARTESIAN_POINT('',(13.937397896647,23.517378950239,
    -0.501897709066));
#1961 = CARTESIAN_POINT('',(13.937182823291,23.521025272604,
    -0.50614153571));
#1962 = CARTESIAN_POINT('',(13.936967757985,23.524671458469,
    -0.510385203484));
#1963 = CARTESIAN_POINT('',(13.936715031498,23.527634452514,
    -0.515315519354));
#1964 = CARTESIAN_POINT('',(13.93644353514,23.529670332936,
    -0.520524273644));
#1965 = CARTESIAN_POINT('',(13.936171787465,23.531708097926,
    -0.525737849562));
#1966 = CARTESIAN_POINT('',(13.935873676636,23.532873234952,
    -0.531373957947));
#1967 = CARTESIAN_POINT('',(13.935572932513,23.533070166535,
    -0.536966674436));
#1968 = CARTESIAN_POINT('',(13.935240668495,23.533287737799,
    -0.543145543157));
#1969 = CARTESIAN_POINT('',(13.934894491949,23.532323327259,
    -0.549468942637));
#1970 = CARTESIAN_POINT('',(13.93457005907,23.53027347775,
    -0.555302382069));
#1971 = ORIENTED_EDGE('',*,*,#1931,.T.);
#1972 = CYLINDRICAL_SURFACE('',#1973,5.E-02);
#1973 = AXIS2_PLACEMENT_3D('',#1974,#1975,#1976);
#1974 = CARTESIAN_POINT('',(12.35,23.483101135131,-0.53872619156));
#1975 = DIRECTION('',(1.,-1.359631073447E-32,-1.224646799147E-16));
#1976 = DIRECTION('',(-1.224646799147E-16,-1.110223024625E-16,-1.));
#1977 = ADVANCED_FACE('',(#1978),#1997,.F.);
#1978 = FACE_BOUND('',#1979,.F.);
#1979 = EDGE_LOOP('',(#1980,#1981,#1982,#1990));
#1980 = ORIENTED_EDGE('',*,*,#1948,.T.);
#1981 = ORIENTED_EDGE('',*,*,#995,.F.);
#1982 = ORIENTED_EDGE('',*,*,#1983,.F.);
#1983 = EDGE_CURVE('',#1984,#996,#1986,.T.);
#1984 = VERTEX_POINT('',#1985);
#1985 = CARTESIAN_POINT('',(13.890318132075,23.221042708519,
    -1.09090578564));
#1986 = LINE('',#1987,#1988);
#1987 = CARTESIAN_POINT('',(12.35,23.221042708519,-1.09090578564));
#1988 = VECTOR('',#1989,1.);
#1989 = DIRECTION('',(1.,-1.359631073447E-32,-1.224646799147E-16));
#1990 = ORIENTED_EDGE('',*,*,#1991,.T.);
#1991 = EDGE_CURVE('',#1984,#1949,#1992,.T.);
#1992 = B_SPLINE_CURVE_WITH_KNOTS('',3,(#1993,#1994,#1995,#1996),
  .UNSPECIFIED.,.F.,.F.,(4,4),(0.,1.),.PIECEWISE_BEZIER_KNOTS.);
#1993 = CARTESIAN_POINT('',(13.890318132075,23.221042708519,
    -1.09090578564));
#1994 = CARTESIAN_POINT('',(13.907470806044,23.355186931153,
    -0.934610862361));
#1995 = CARTESIAN_POINT('',(13.923740247431,23.461847971308,
    -0.750026943902));
#1996 = CARTESIAN_POINT('',(13.93457005907,23.530273477749,
    -0.555302382069));
#1997 = CYLINDRICAL_SURFACE('',#1998,1.674999999996);
#1998 = AXIS2_PLACEMENT_3D('',#1999,#2000,#2001);
#1999 = CARTESIAN_POINT('',(12.35,21.950000000002,-1.366572545738E-11));
#2000 = DIRECTION('',(1.,-1.359631073447E-32,-1.224646799147E-16));
#2001 = DIRECTION('',(-1.224646799147E-16,-1.110223024625E-16,-1.));
#2002 = ADVANCED_FACE('',(#2003),#2034,.F.);
#2003 = FACE_BOUND('',#2004,.F.);
#2004 = EDGE_LOOP('',(#2005,#2006,#2007,#2015));
#2005 = ORIENTED_EDGE('',*,*,#1983,.T.);
#2006 = ORIENTED_EDGE('',*,*,#1004,.F.);
#2007 = ORIENTED_EDGE('',*,*,#2008,.F.);
#2008 = EDGE_CURVE('',#2009,#1005,#2011,.T.);
#2009 = VERTEX_POINT('',#2010);
#2010 = CARTESIAN_POINT('',(13.889133933733,23.158101135131,
    -1.10164270402));
#2011 = LINE('',#2012,#2013);
#2012 = CARTESIAN_POINT('',(12.35,23.158101135131,-1.10164270402));
#2013 = VECTOR('',#2014,1.);
#2014 = DIRECTION('',(1.,-1.359631073447E-32,-1.224646799147E-16));
#2015 = ORIENTED_EDGE('',*,*,#2016,.T.);
#2016 = EDGE_CURVE('',#2009,#1984,#2017,.T.);
#2017 = B_SPLINE_CURVE_WITH_KNOTS('',3,(#2018,#2019,#2020,#2021,#2022,
    #2023,#2024,#2025,#2026,#2027,#2028,#2029,#2030,#2031,#2032,#2033),
  .UNSPECIFIED.,.F.,.F.,(4,3,3,3,3,4),(0.,0.242300772787,0.484634359819,
    0.726556957076,0.968882191358,1.),.UNSPECIFIED.);
#2018 = CARTESIAN_POINT('',(13.889133933733,23.158101135131,
    -1.10164270402));
#2019 = CARTESIAN_POINT('',(13.888825660997,23.162918433264,
    -1.104423972394));
#2020 = CARTESIAN_POINT('',(13.888603396965,23.168284102739,
    -1.106419276347));
#2021 = CARTESIAN_POINT('',(13.888487391951,23.173755813478,
    -1.107460319844));
#2022 = CARTESIAN_POINT('',(13.888371376776,23.179228003515,
    -1.108501454532));
#2023 = CARTESIAN_POINT('',(13.888358515332,23.184957057505,
    -1.108616571509));
#2024 = CARTESIAN_POINT('',(13.88844999363,23.19046708392,
    -1.107795885586));
#2025 = CARTESIAN_POINT('',(13.888541324341,23.195968220711,
    -1.10697652372));
#2026 = CARTESIAN_POINT('',(13.888739102841,23.201402335351,
    -1.105202146078));
#2027 = CARTESIAN_POINT('',(13.889025318438,23.206322108543,
    -1.102622201595));
#2028 = CARTESIAN_POINT('',(13.889312024376,23.211250310227,
    -1.100037837185));
#2029 = CARTESIAN_POINT('',(13.889695183661,23.215797612452,
    -1.096574798295));
#2030 = CARTESIAN_POINT('',(13.890140744082,23.219594447864,
    -1.092520932448));
#2031 = CARTESIAN_POINT('',(13.890198759935,23.22008882895,
    -1.091993083758));
#2032 = CARTESIAN_POINT('',(13.890257919031,23.220571806316,
    -1.091454446047));
#2033 = CARTESIAN_POINT('',(13.890318132075,23.221042708519,
    -1.09090578564));
#2034 = CYLINDRICAL_SURFACE('',#2035,5.E-02);
#2035 = AXIS2_PLACEMENT_3D('',#2036,#2037,#2038);
#2036 = CARTESIAN_POINT('',(12.35,23.183101135131,-1.058341433831));
#2037 = DIRECTION('',(1.,-1.359631073447E-32,-1.224646799147E-16));
#2038 = DIRECTION('',(-1.224646799147E-16,-1.110223024625E-16,-1.));
#2039 = ADVANCED_FACE('',(#2040),#2059,.T.);
#2040 = FACE_BOUND('',#2041,.T.);
#2041 = EDGE_LOOP('',(#2042,#2043,#2052,#2058));
#2042 = ORIENTED_EDGE('',*,*,#2008,.F.);
#2043 = ORIENTED_EDGE('',*,*,#2044,.T.);
#2044 = EDGE_CURVE('',#2009,#2045,#2047,.T.);
#2045 = VERTEX_POINT('',#2046);
#2046 = CARTESIAN_POINT('',(13.89011187543,23.142756643557,
    -1.092783557679));
#2047 = ELLIPSE('',#2048,20.00000000003,10.);
#2048 = AXIS2_PLACEMENT_3D('',#2049,#2050,#2051);
#2049 = CARTESIAN_POINT('',(3.95,21.249999999977,-2.842959412989E-15));
#2050 = DIRECTION('',(-1.060575238726E-16,-0.499999999999,
    -0.866025403785));
#2051 = DIRECTION('',(-6.123233995725E-17,0.866025403785,-0.499999999999
    ));
#2052 = ORIENTED_EDGE('',*,*,#2053,.T.);
#2053 = EDGE_CURVE('',#2045,#1014,#2054,.T.);
#2054 = LINE('',#2055,#2056);
#2055 = CARTESIAN_POINT('',(12.35,23.142756643557,-1.092783557679));
#2056 = VECTOR('',#2057,1.);
#2057 = DIRECTION('',(1.,-1.359631073447E-32,-1.224646799147E-16));
#2058 = ORIENTED_EDGE('',*,*,#1013,.F.);
#2059 = PLANE('',#2060);
#2060 = AXIS2_PLACEMENT_3D('',#2061,#2062,#2063);
#2061 = CARTESIAN_POINT('',(12.35,23.158101135131,-1.10164270402));
#2062 = DIRECTION('',(1.060575238726E-16,0.499999999999,0.866025403785)
  );
#2063 = DIRECTION('',(6.123233995725E-17,-0.866025403785,0.499999999999)
  );
#2064 = ADVANCED_FACE('',(#2065),#2090,.T.);
#2065 = FACE_BOUND('',#2066,.T.);
#2066 = EDGE_LOOP('',(#2067,#2068,#2083,#2089));
#2067 = ORIENTED_EDGE('',*,*,#2053,.F.);
#2068 = ORIENTED_EDGE('',*,*,#2069,.T.);
#2069 = EDGE_CURVE('',#2045,#2070,#2072,.T.);
#2070 = VERTEX_POINT('',#2071);
#2071 = CARTESIAN_POINT('',(13.891240206226,23.068110415121,
    -1.08247085971));
#2072 = B_SPLINE_CURVE_WITH_KNOTS('',3,(#2073,#2074,#2075,#2076,#2077,
    #2078,#2079,#2080,#2081,#2082),.UNSPECIFIED.,.F.,.F.,(4,3,3,4),(0.,
    0.435036162216,0.870122392599,1.),.UNSPECIFIED.);
#2073 = CARTESIAN_POINT('',(13.89011187543,23.142756643557,
    -1.092783557679));
#2074 = CARTESIAN_POINT('',(13.890723456084,23.133121204989,
    -1.087220534628));
#2075 = CARTESIAN_POINT('',(13.891157770192,23.122388686497,
    -1.083229695769));
#2076 = CARTESIAN_POINT('',(13.891384183424,23.11144440545,
    -1.081147777859));
#2077 = CARTESIAN_POINT('',(13.89161061358,23.100499306302,
    -1.079065704322));
#2078 = CARTESIAN_POINT('',(13.891635470309,23.089040769415,
    -1.078835901992));
#2079 = CARTESIAN_POINT('',(13.891457013919,23.078020171835,
    -1.080477875947));
#2080 = CARTESIAN_POINT('',(13.891403043578,23.074687226415,
    -1.080974456058));
#2081 = CARTESIAN_POINT('',(13.891330617228,23.071375445578,
    -1.081640539444));
#2082 = CARTESIAN_POINT('',(13.891240206226,23.068110415121,
    -1.08247085971));
#2083 = ORIENTED_EDGE('',*,*,#2084,.T.);
#2084 = EDGE_CURVE('',#2070,#1022,#2085,.T.);
#2085 = LINE('',#2086,#2087);
#2086 = CARTESIAN_POINT('',(12.35,23.068110415121,-1.08247085971));
#2087 = VECTOR('',#2088,1.);
#2088 = DIRECTION('',(1.,-1.359631073447E-32,-1.224646799147E-16));
#2089 = ORIENTED_EDGE('',*,*,#1021,.F.);
#2090 = CYLINDRICAL_SURFACE('',#2091,0.1);
#2091 = AXIS2_PLACEMENT_3D('',#2092,#2093,#2094);
#2092 = CARTESIAN_POINT('',(12.35,23.092756643557,-1.179386098058));
#2093 = DIRECTION('',(1.,-1.359631073447E-32,-1.224646799147E-16));
#2094 = DIRECTION('',(-1.224646799147E-16,-1.110223024625E-16,-1.));
#2095 = ADVANCED_FACE('',(#2096),#2118,.T.);
#2096 = FACE_BOUND('',#2097,.T.);
#2097 = EDGE_LOOP('',(#2098,#2099,#2111,#2117));
#2098 = ORIENTED_EDGE('',*,*,#2084,.F.);
#2099 = ORIENTED_EDGE('',*,*,#2100,.T.);
#2100 = EDGE_CURVE('',#2070,#2101,#2103,.T.);
#2101 = VERTEX_POINT('',#2102);
#2102 = CARTESIAN_POINT('',(13.835406743546,22.328392055793,
    -1.509547453594));
#2103 = B_SPLINE_CURVE_WITH_KNOTS('',3,(#2104,#2105,#2106,#2107,#2108,
    #2109,#2110),.UNSPECIFIED.,.F.,.F.,(4,3,4),(0.,0.610415074686,1.),
  .UNSPECIFIED.);
#2104 = CARTESIAN_POINT('',(13.891240206226,23.068110415121,
    -1.08247085971));
#2105 = CARTESIAN_POINT('',(13.886540320438,22.898382507785,
    -1.125633863253));
#2106 = CARTESIAN_POINT('',(13.878395395243,22.733806647797,
    -1.198499901887));
#2107 = CARTESIAN_POINT('',(13.865816805875,22.588013790541,
    -1.294827043403));
#2108 = CARTESIAN_POINT('',(13.857720834921,22.494176977597,
    -1.356826184719));
#2109 = CARTESIAN_POINT('',(13.847663820093,22.406634170579,
    -1.429280889688));
#2110 = CARTESIAN_POINT('',(13.835406743546,22.328392055793,
    -1.509547453594));
#2111 = ORIENTED_EDGE('',*,*,#2112,.T.);
#2112 = EDGE_CURVE('',#2101,#1031,#2113,.T.);
#2113 = LINE('',#2114,#2115);
#2114 = CARTESIAN_POINT('',(12.35,22.328392055793,-1.509547453594));
#2115 = VECTOR('',#2116,1.);
#2116 = DIRECTION('',(1.,-1.359631073447E-32,-1.224646799147E-16));
#2117 = ORIENTED_EDGE('',*,*,#1030,.F.);
#2118 = CYLINDRICAL_SURFACE('',#2119,1.575151902385);
#2119 = AXIS2_PLACEMENT_3D('',#2120,#2121,#2122);
#2120 = CARTESIAN_POINT('',(12.35,23.456325951193,-2.609033080237));
#2121 = DIRECTION('',(1.,-1.359631073447E-32,-1.224646799147E-16));
#2122 = DIRECTION('',(-1.224646799147E-16,-1.110223024625E-16,-1.));
#2123 = ADVANCED_FACE('',(#2124),#2149,.T.);
#2124 = FACE_BOUND('',#2125,.T.);
#2125 = EDGE_LOOP('',(#2126,#2127,#2142,#2148));
#2126 = ORIENTED_EDGE('',*,*,#2112,.F.);
#2127 = ORIENTED_EDGE('',*,*,#2128,.T.);
#2128 = EDGE_CURVE('',#2101,#2129,#2131,.T.);
#2129 = VERTEX_POINT('',#2130);
#2130 = CARTESIAN_POINT('',(13.82449521167,22.299999999998,
    -1.579349332701));
#2131 = B_SPLINE_CURVE_WITH_KNOTS('',3,(#2132,#2133,#2134,#2135,#2136,
    #2137,#2138,#2139,#2140,#2141),.UNSPECIFIED.,.F.,.F.,(4,3,3,4),(0.,
    0.439019355097,0.877815202467,1.),.UNSPECIFIED.);
#2132 = CARTESIAN_POINT('',(13.835406743546,22.328392055793,
    -1.509547453594));
#2133 = CARTESIAN_POINT('',(13.834172665829,22.320514414655,
    -1.517628922092));
#2134 = CARTESIAN_POINT('',(13.832704199983,22.313952118274,
    -1.527175276586));
#2135 = CARTESIAN_POINT('',(13.831116676702,22.309234011103,
    -1.537378685101));
#2136 = CARTESIAN_POINT('',(13.829529645057,22.304517365069,
    -1.547578933751));
#2137 = CARTESIAN_POINT('',(13.827779799441,22.301511891808,
    -1.558715469951));
#2138 = CARTESIAN_POINT('',(13.826005892733,22.300449823857,
    -1.569875029011));
#2139 = CARTESIAN_POINT('',(13.825505501305,22.300150231046,
    -1.573022966647));
#2140 = CARTESIAN_POINT('',(13.825000841754,22.299999999998,
    -1.576188004338));
#2141 = CARTESIAN_POINT('',(13.82449521167,22.299999999998,
    -1.579349332701));
#2142 = ORIENTED_EDGE('',*,*,#2143,.T.);
#2143 = EDGE_CURVE('',#2129,#1040,#2144,.T.);
#2144 = LINE('',#2145,#2146);
#2145 = CARTESIAN_POINT('',(12.35,22.299999999998,-1.579349332701));
#2146 = VECTOR('',#2147,1.);
#2147 = DIRECTION('',(1.,-1.359631073447E-32,-1.224646799147E-16));
#2148 = ORIENTED_EDGE('',*,*,#1039,.F.);
#2149 = CYLINDRICAL_SURFACE('',#2150,0.1);
#2150 = AXIS2_PLACEMENT_3D('',#2151,#2152,#2153);
#2151 = CARTESIAN_POINT('',(12.35,22.399999999998,-1.5793493327));
#2152 = DIRECTION('',(1.,-1.359631073447E-32,-1.224646799147E-16));
#2153 = DIRECTION('',(-1.224646799147E-16,-1.110223024625E-16,-1.));
#2154 = ADVANCED_FACE('',(#2155),#2174,.F.);
#2155 = FACE_BOUND('',#2156,.T.);
#2156 = EDGE_LOOP('',(#2157,#2166,#2172,#2173));
#2157 = ORIENTED_EDGE('',*,*,#2158,.F.);
#2158 = EDGE_CURVE('',#2159,#2129,#2161,.T.);
#2159 = VERTEX_POINT('',#2160);
#2160 = CARTESIAN_POINT('',(13.821644999693,22.299999999998,
    -1.597067625382));
#2161 = CIRCLE('',#2162,10.);
#2162 = AXIS2_PLACEMENT_3D('',#2163,#2164,#2165);
#2163 = CARTESIAN_POINT('',(3.95,22.299999999996,-2.959532830577E-15));
#2164 = DIRECTION('',(-1.641131450654E-28,-1.,-1.339974504232E-12));
#2165 = DIRECTION('',(1.224646799147E-16,-1.339974504232E-12,1.));
#2166 = ORIENTED_EDGE('',*,*,#2167,.T.);
#2167 = EDGE_CURVE('',#2159,#1049,#2168,.T.);
#2168 = LINE('',#2169,#2170);
#2169 = CARTESIAN_POINT('',(12.35,22.299999999998,-1.597067625382));
#2170 = VECTOR('',#2171,1.);
#2171 = DIRECTION('',(1.,-1.359631073447E-32,-1.224646799147E-16));
#2172 = ORIENTED_EDGE('',*,*,#1048,.T.);
#2173 = ORIENTED_EDGE('',*,*,#2143,.F.);
#2174 = PLANE('',#2175);
#2175 = AXIS2_PLACEMENT_3D('',#2176,#2177,#2178);
#2176 = CARTESIAN_POINT('',(12.35,22.299999999998,-1.597067625382));
#2177 = DIRECTION('',(1.641131450654E-28,1.,1.339974504232E-12));
#2178 = DIRECTION('',(1.224646799147E-16,-1.339974504232E-12,1.));
#2179 = ADVANCED_FACE('',(#2180),#2211,.F.);
#2180 = FACE_BOUND('',#2181,.F.);
#2181 = EDGE_LOOP('',(#2182,#2183,#2184,#2192));
#2182 = ORIENTED_EDGE('',*,*,#2167,.T.);
#2183 = ORIENTED_EDGE('',*,*,#1056,.F.);
#2184 = ORIENTED_EDGE('',*,*,#2185,.F.);
#2185 = EDGE_CURVE('',#2186,#1057,#2188,.T.);
#2186 = VERTEX_POINT('',#2187);
#2187 = CARTESIAN_POINT('',(13.813569266174,22.259230769228,
    -1.646208167698));
#2188 = LINE('',#2189,#2190);
#2189 = CARTESIAN_POINT('',(12.35,22.259230769228,-1.646208167698));
#2190 = VECTOR('',#2191,1.);
#2191 = DIRECTION('',(1.,-1.359631073447E-32,-1.224646799147E-16));
#2192 = ORIENTED_EDGE('',*,*,#2193,.T.);
#2193 = EDGE_CURVE('',#2186,#2159,#2194,.T.);
#2194 = B_SPLINE_CURVE_WITH_KNOTS('',3,(#2195,#2196,#2197,#2198,#2199,
    #2200,#2201,#2202,#2203,#2204,#2205,#2206,#2207,#2208,#2209,#2210),
  .UNSPECIFIED.,.F.,.F.,(4,3,3,3,3,4),(0.,0.240544794564,0.480954352487,
    0.723414064594,0.969061128585,1.),.UNSPECIFIED.);
#2195 = CARTESIAN_POINT('',(13.813569266174,22.259230769228,
    -1.646208167698));
#2196 = CARTESIAN_POINT('',(13.813740703372,22.264699121182,
    -1.645180969125));
#2197 = CARTESIAN_POINT('',(13.81407103309,22.270061447855,
    -1.643201290645));
#2198 = CARTESIAN_POINT('',(13.814529988167,22.274873929138,
    -1.640441438321));
#2199 = CARTESIAN_POINT('',(13.814988793982,22.279684845304,
    -1.637682483557));
#2200 = CARTESIAN_POINT('',(13.815588405472,22.284078630529,
    -1.634069529819));
#2201 = CARTESIAN_POINT('',(13.816276342528,22.287705307716,
    -1.629905252727));
#2202 = CARTESIAN_POINT('',(13.816970149399,22.29136292948,
    -1.625705443992));
#2203 = CARTESIAN_POINT('',(13.817772413925,22.294340324731,
    -1.620831520558));
#2204 = CARTESIAN_POINT('',(13.818615531157,22.296405975736,
    -1.615681744095));
#2205 = CARTESIAN_POINT('',(13.819469556515,22.298498351827,
    -1.610465340591));
#2206 = CARTESIAN_POINT('',(13.820388700525,22.299712536297,
    -1.604823716368));
#2207 = CARTESIAN_POINT('',(13.821297022911,22.299953779546,
    -1.59921702263));
#2208 = CARTESIAN_POINT('',(13.82141301474,22.29998458606,
    -1.598501053637));
#2209 = CARTESIAN_POINT('',(13.821529059321,22.299999999995,
    -1.597784265162));
#2210 = CARTESIAN_POINT('',(13.821644999693,22.299999999995,
    -1.597067625382));
#2211 = CYLINDRICAL_SURFACE('',#2212,4.999999999708E-02);
#2212 = AXIS2_PLACEMENT_3D('',#2213,#2214,#2215);
#2213 = CARTESIAN_POINT('',(12.35,22.249999999998,-1.597067625382));
#2214 = DIRECTION('',(1.,-1.359631073447E-32,-1.224646799147E-16));
#2215 = DIRECTION('',(-1.224646799147E-16,-1.110223024625E-16,-1.));
#2216 = ADVANCED_FACE('',(#2217),#2236,.F.);
#2217 = FACE_BOUND('',#2218,.F.);
#2218 = EDGE_LOOP('',(#2219,#2220,#2228,#2235));
#2219 = ORIENTED_EDGE('',*,*,#1065,.T.);
#2220 = ORIENTED_EDGE('',*,*,#2221,.F.);
#2221 = EDGE_CURVE('',#2222,#1066,#2224,.T.);
#2222 = VERTEX_POINT('',#2223);
#2223 = CARTESIAN_POINT('',(13.813569266173,21.640769230772,
    -1.646208167701));
#2224 = LINE('',#2225,#2226);
#2225 = CARTESIAN_POINT('',(12.35,21.640769230772,-1.646208167701));
#2226 = VECTOR('',#2227,1.);
#2227 = DIRECTION('',(1.,-1.359631073447E-32,-1.224646799147E-16));
#2228 = ORIENTED_EDGE('',*,*,#2229,.F.);
#2229 = EDGE_CURVE('',#2186,#2222,#2230,.T.);
#2230 = B_SPLINE_CURVE_WITH_KNOTS('',3,(#2231,#2232,#2233,#2234),
  .UNSPECIFIED.,.F.,.F.,(4,4),(0.,1.),.PIECEWISE_BEZIER_KNOTS.);
#2231 = CARTESIAN_POINT('',(13.813569266174,22.259230769228,
    -1.646208167698));
#2232 = CARTESIAN_POINT('',(13.80722028662,22.05671664117,
    -1.684249285965));
#2233 = CARTESIAN_POINT('',(13.807220286619,21.843283358829,
    -1.684249285968));
#2234 = CARTESIAN_POINT('',(13.813569266173,21.640769230772,
    -1.646208167701));
#2235 = ORIENTED_EDGE('',*,*,#2185,.T.);
#2236 = CYLINDRICAL_SURFACE('',#2237,1.675);
#2237 = AXIS2_PLACEMENT_3D('',#2238,#2239,#2240);
#2238 = CARTESIAN_POINT('',(12.35,21.950000000002,-1.366572233455E-11));
#2239 = DIRECTION('',(1.,-1.359631073447E-32,-1.224646799147E-16));
#2240 = DIRECTION('',(-1.224646799147E-16,-1.110223024625E-16,-1.));
#2241 = ADVANCED_FACE('',(#2242),#2273,.F.);
#2242 = FACE_BOUND('',#2243,.F.);
#2243 = EDGE_LOOP('',(#2244,#2245,#2253,#2272));
#2244 = ORIENTED_EDGE('',*,*,#1074,.T.);
#2245 = ORIENTED_EDGE('',*,*,#2246,.F.);
#2246 = EDGE_CURVE('',#2247,#1075,#2249,.T.);
#2247 = VERTEX_POINT('',#2248);
#2248 = CARTESIAN_POINT('',(13.821644999693,21.600000000002,
    -1.597067625382));
#2249 = LINE('',#2250,#2251);
#2250 = CARTESIAN_POINT('',(12.35,21.600000000005,-1.597067625382));
#2251 = VECTOR('',#2252,1.);
#2252 = DIRECTION('',(1.,-1.359631073447E-32,-1.224646799147E-16));
#2253 = ORIENTED_EDGE('',*,*,#2254,.F.);
#2254 = EDGE_CURVE('',#2222,#2247,#2255,.T.);
#2255 = B_SPLINE_CURVE_WITH_KNOTS('',3,(#2256,#2257,#2258,#2259,#2260,
    #2261,#2262,#2263,#2264,#2265,#2266,#2267,#2268,#2269,#2270,#2271),
  .UNSPECIFIED.,.F.,.F.,(4,3,3,3,3,4),(0.,0.240544794559,0.480954352484,
    0.723414064592,0.969061128585,1.),.UNSPECIFIED.);
#2256 = CARTESIAN_POINT('',(13.813569266173,21.640769230772,
    -1.646208167701));
#2257 = CARTESIAN_POINT('',(13.813740703371,21.635300878817,
    -1.645180969128));
#2258 = CARTESIAN_POINT('',(13.81407103309,21.629938552145,
    -1.643201290645));
#2259 = CARTESIAN_POINT('',(13.814529988167,21.625126070862,
    -1.640441438321));
#2260 = CARTESIAN_POINT('',(13.814988793982,21.620315154696,
    -1.637682483557));
#2261 = CARTESIAN_POINT('',(13.815588405472,21.615921369471,
    -1.634069529819));
#2262 = CARTESIAN_POINT('',(13.816276342528,21.612294692284,
    -1.629905252727));
#2263 = CARTESIAN_POINT('',(13.816970149399,21.60863707052,
    -1.625705443992));
#2264 = CARTESIAN_POINT('',(13.817772413925,21.605659675269,
    -1.620831520558));
#2265 = CARTESIAN_POINT('',(13.818615531157,21.603594024264,
    -1.615681744095));
#2266 = CARTESIAN_POINT('',(13.819469556515,21.601501648173,
    -1.610465340591));
#2267 = CARTESIAN_POINT('',(13.820388700525,21.600287463703,
    -1.604823716368));
#2268 = CARTESIAN_POINT('',(13.821297022911,21.600046220454,
    -1.59921702263));
#2269 = CARTESIAN_POINT('',(13.82141301474,21.60001541394,
    -1.598501053637));
#2270 = CARTESIAN_POINT('',(13.821529059321,21.600000000005,
    -1.597784265162));
#2271 = CARTESIAN_POINT('',(13.821644999693,21.600000000005,
    -1.597067625382));
#2272 = ORIENTED_EDGE('',*,*,#2221,.T.);
#2273 = CYLINDRICAL_SURFACE('',#2274,4.999999999708E-02);
#2274 = AXIS2_PLACEMENT_3D('',#2275,#2276,#2277);
#2275 = CARTESIAN_POINT('',(12.35,21.650000000002,-1.597067625382));
#2276 = DIRECTION('',(1.,-1.359631073447E-32,-1.224646799147E-16));
#2277 = DIRECTION('',(-1.224646799147E-16,-1.110223024625E-16,-1.));
#2278 = ADVANCED_FACE('',(#2279),#2298,.T.);
#2279 = FACE_BOUND('',#2280,.T.);
#2280 = EDGE_LOOP('',(#2281,#2282,#2291,#2297));
#2281 = ORIENTED_EDGE('',*,*,#2246,.F.);
#2282 = ORIENTED_EDGE('',*,*,#2283,.T.);
#2283 = EDGE_CURVE('',#2247,#2284,#2286,.T.);
#2284 = VERTEX_POINT('',#2285);
#2285 = CARTESIAN_POINT('',(13.82449521167,21.600000000002,
    -1.579349332701));
#2286 = CIRCLE('',#2287,10.);
#2287 = AXIS2_PLACEMENT_3D('',#2288,#2289,#2290);
#2288 = CARTESIAN_POINT('',(3.95,21.600000000004,-2.881817218854E-15));
#2289 = DIRECTION('',(1.641131450654E-28,-1.,1.340196548836E-12));
#2290 = DIRECTION('',(1.224646799147E-16,1.340196548836E-12,1.));
#2291 = ORIENTED_EDGE('',*,*,#2292,.T.);
#2292 = EDGE_CURVE('',#2284,#1084,#2293,.T.);
#2293 = LINE('',#2294,#2295);
#2294 = CARTESIAN_POINT('',(12.35,21.600000000002,-1.579349332701));
#2295 = VECTOR('',#2296,1.);
#2296 = DIRECTION('',(1.,-1.359631073447E-32,-1.224646799147E-16));
#2297 = ORIENTED_EDGE('',*,*,#1083,.F.);
#2298 = PLANE('',#2299);
#2299 = AXIS2_PLACEMENT_3D('',#2300,#2301,#2302);
#2300 = CARTESIAN_POINT('',(12.35,21.600000000002,-1.597067625382));
#2301 = DIRECTION('',(-1.641131450654E-28,1.,-1.340196548836E-12));
#2302 = DIRECTION('',(1.224646799147E-16,1.340196548836E-12,1.));
#2303 = ADVANCED_FACE('',(#2304),#2329,.T.);
#2304 = FACE_BOUND('',#2305,.T.);
#2305 = EDGE_LOOP('',(#2306,#2321,#2327,#2328));
#2306 = ORIENTED_EDGE('',*,*,#2307,.F.);
#2307 = EDGE_CURVE('',#2308,#2284,#2310,.T.);
#2308 = VERTEX_POINT('',#2309);
#2309 = CARTESIAN_POINT('',(13.835406743546,21.571607944207,
    -1.509547453594));
#2310 = B_SPLINE_CURVE_WITH_KNOTS('',3,(#2311,#2312,#2313,#2314,#2315,
    #2316,#2317,#2318,#2319,#2320),.UNSPECIFIED.,.F.,.F.,(4,3,3,4),(0.,
    0.439019355097,0.877815202467,1.),.UNSPECIFIED.);
#2311 = CARTESIAN_POINT('',(13.835406743546,21.571607944207,
    -1.509547453594));
#2312 = CARTESIAN_POINT('',(13.834172665829,21.579485585345,
    -1.517628922092));
#2313 = CARTESIAN_POINT('',(13.832704199983,21.586047881726,
    -1.527175276586));
#2314 = CARTESIAN_POINT('',(13.831116676702,21.590765988897,
    -1.537378685101));
#2315 = CARTESIAN_POINT('',(13.829529645057,21.595482634931,
    -1.547578933751));
#2316 = CARTESIAN_POINT('',(13.827779799441,21.598488108192,
    -1.558715469951));
#2317 = CARTESIAN_POINT('',(13.826005892733,21.599550176143,
    -1.569875029011));
#2318 = CARTESIAN_POINT('',(13.825505501305,21.599849768954,
    -1.573022966647));
#2319 = CARTESIAN_POINT('',(13.825000841754,21.600000000002,
    -1.576188004338));
#2320 = CARTESIAN_POINT('',(13.82449521167,21.600000000002,
    -1.579349332701));
#2321 = ORIENTED_EDGE('',*,*,#2322,.T.);
#2322 = EDGE_CURVE('',#2308,#1092,#2323,.T.);
#2323 = LINE('',#2324,#2325);
#2324 = CARTESIAN_POINT('',(12.35,21.571607944207,-1.509547453594));
#2325 = VECTOR('',#2326,1.);
#2326 = DIRECTION('',(1.,-1.359631073447E-32,-1.224646799147E-16));
#2327 = ORIENTED_EDGE('',*,*,#1091,.T.);
#2328 = ORIENTED_EDGE('',*,*,#2292,.F.);
#2329 = CYLINDRICAL_SURFACE('',#2330,0.1);
#2330 = AXIS2_PLACEMENT_3D('',#2331,#2332,#2333);
#2331 = CARTESIAN_POINT('',(12.35,21.500000000002,-1.5793493327));
#2332 = DIRECTION('',(1.,-1.359631073447E-32,-1.224646799147E-16));
#2333 = DIRECTION('',(-1.224646799147E-16,-1.110223024625E-16,-1.));
#2334 = ADVANCED_FACE('',(#2335),#2357,.T.);
#2335 = FACE_BOUND('',#2336,.T.);
#2336 = EDGE_LOOP('',(#2337,#2349,#2355,#2356));
#2337 = ORIENTED_EDGE('',*,*,#2338,.F.);
#2338 = EDGE_CURVE('',#2339,#2308,#2341,.T.);
#2339 = VERTEX_POINT('',#2340);
#2340 = CARTESIAN_POINT('',(13.891240206226,20.831889584879,
    -1.08247085971));
#2341 = B_SPLINE_CURVE_WITH_KNOTS('',3,(#2342,#2343,#2344,#2345,#2346,
    #2347,#2348),.UNSPECIFIED.,.F.,.F.,(4,3,4),(0.,0.610415074686,1.),
  .UNSPECIFIED.);
#2342 = CARTESIAN_POINT('',(13.891240206226,20.831889584879,
    -1.08247085971));
#2343 = CARTESIAN_POINT('',(13.886540320438,21.001617492215,
    -1.125633863253));
#2344 = CARTESIAN_POINT('',(13.878395395243,21.166193352203,
    -1.198499901887));
#2345 = CARTESIAN_POINT('',(13.865816805875,21.311986209459,
    -1.294827043403));
#2346 = CARTESIAN_POINT('',(13.857720834921,21.405823022403,
    -1.356826184719));
#2347 = CARTESIAN_POINT('',(13.847663820093,21.493365829421,
    -1.429280889688));
#2348 = CARTESIAN_POINT('',(13.835406743546,21.571607944207,
    -1.509547453594));
#2349 = ORIENTED_EDGE('',*,*,#2350,.T.);
#2350 = EDGE_CURVE('',#2339,#1101,#2351,.T.);
#2351 = LINE('',#2352,#2353);
#2352 = CARTESIAN_POINT('',(12.35,20.831889584879,-1.08247085971));
#2353 = VECTOR('',#2354,1.);
#2354 = DIRECTION('',(1.,-1.359631073447E-32,-1.224646799147E-16));
#2355 = ORIENTED_EDGE('',*,*,#1100,.T.);
#2356 = ORIENTED_EDGE('',*,*,#2322,.F.);
#2357 = CYLINDRICAL_SURFACE('',#2358,1.575151902385);
#2358 = AXIS2_PLACEMENT_3D('',#2359,#2360,#2361);
#2359 = CARTESIAN_POINT('',(12.35,20.443674048807,-2.609033080237));
#2360 = DIRECTION('',(1.,-1.359631073447E-32,-1.224646799147E-16));
#2361 = DIRECTION('',(-1.224646799147E-16,-1.110223024625E-16,-1.));
#2362 = ADVANCED_FACE('',(#2363),#2388,.T.);
#2363 = FACE_BOUND('',#2364,.T.);
#2364 = EDGE_LOOP('',(#2365,#2380,#2386,#2387));
#2365 = ORIENTED_EDGE('',*,*,#2366,.F.);
#2366 = EDGE_CURVE('',#2367,#2339,#2369,.T.);
#2367 = VERTEX_POINT('',#2368);
#2368 = CARTESIAN_POINT('',(13.89011187543,20.757243356443,
    -1.092783557679));
#2369 = B_SPLINE_CURVE_WITH_KNOTS('',3,(#2370,#2371,#2372,#2373,#2374,
    #2375,#2376,#2377,#2378,#2379),.UNSPECIFIED.,.F.,.F.,(4,3,3,4),(0.,
    0.435036162216,0.870122392599,1.),.UNSPECIFIED.);
#2370 = CARTESIAN_POINT('',(13.89011187543,20.757243356443,
    -1.092783557679));
#2371 = CARTESIAN_POINT('',(13.890723456084,20.766878795011,
    -1.087220534628));
#2372 = CARTESIAN_POINT('',(13.891157770192,20.777611313503,
    -1.083229695769));
#2373 = CARTESIAN_POINT('',(13.891384183424,20.78855559455,
    -1.081147777859));
#2374 = CARTESIAN_POINT('',(13.89161061358,20.799500693698,
    -1.079065704322));
#2375 = CARTESIAN_POINT('',(13.891635470309,20.810959230585,
    -1.078835901992));
#2376 = CARTESIAN_POINT('',(13.891457013919,20.821979828165,
    -1.080477875947));
#2377 = CARTESIAN_POINT('',(13.891403043578,20.825312773585,
    -1.080974456058));
#2378 = CARTESIAN_POINT('',(13.891330617228,20.828624554422,
    -1.081640539444));
#2379 = CARTESIAN_POINT('',(13.891240206226,20.831889584879,
    -1.08247085971));
#2380 = ORIENTED_EDGE('',*,*,#2381,.T.);
#2381 = EDGE_CURVE('',#2367,#1110,#2382,.T.);
#2382 = LINE('',#2383,#2384);
#2383 = CARTESIAN_POINT('',(12.35,20.757243356443,-1.092783557679));
#2384 = VECTOR('',#2385,1.);
#2385 = DIRECTION('',(1.,-1.359631073447E-32,-1.224646799147E-16));
#2386 = ORIENTED_EDGE('',*,*,#1109,.T.);
#2387 = ORIENTED_EDGE('',*,*,#2350,.F.);
#2388 = CYLINDRICAL_SURFACE('',#2389,0.1);
#2389 = AXIS2_PLACEMENT_3D('',#2390,#2391,#2392);
#2390 = CARTESIAN_POINT('',(12.35,20.807243356443,-1.179386098058));
#2391 = DIRECTION('',(1.,-1.359631073447E-32,-1.224646799147E-16));
#2392 = DIRECTION('',(-1.224646799147E-16,-1.110223024625E-16,-1.));
#2393 = ADVANCED_FACE('',(#2394),#2413,.F.);
#2394 = FACE_BOUND('',#2395,.T.);
#2395 = EDGE_LOOP('',(#2396,#2405,#2411,#2412));
#2396 = ORIENTED_EDGE('',*,*,#2397,.F.);
#2397 = EDGE_CURVE('',#2398,#2367,#2400,.T.);
#2398 = VERTEX_POINT('',#2399);
#2399 = CARTESIAN_POINT('',(13.889133933733,20.741898864869,
    -1.10164270402));
#2400 = ELLIPSE('',#2401,20.00000000003,10.);
#2401 = AXIS2_PLACEMENT_3D('',#2402,#2403,#2404);
#2402 = CARTESIAN_POINT('',(3.95,22.650000000023,-2.998390636442E-15));
#2403 = DIRECTION('',(1.060575238726E-16,-0.499999999999,0.866025403785)
  );
#2404 = DIRECTION('',(6.123233995725E-17,0.866025403785,0.499999999999)
  );
#2405 = ORIENTED_EDGE('',*,*,#2406,.T.);
#2406 = EDGE_CURVE('',#2398,#1119,#2407,.T.);
#2407 = LINE('',#2408,#2409);
#2408 = CARTESIAN_POINT('',(12.35,20.741898864869,-1.10164270402));
#2409 = VECTOR('',#2410,1.);
#2410 = DIRECTION('',(1.,-1.359631073447E-32,-1.224646799147E-16));
#2411 = ORIENTED_EDGE('',*,*,#1118,.T.);
#2412 = ORIENTED_EDGE('',*,*,#2381,.F.);
#2413 = PLANE('',#2414);
#2414 = AXIS2_PLACEMENT_3D('',#2415,#2416,#2417);
#2415 = CARTESIAN_POINT('',(12.35,20.741898864869,-1.10164270402));
#2416 = DIRECTION('',(-1.060575238726E-16,0.499999999999,-0.866025403785
    ));
#2417 = DIRECTION('',(6.123233995725E-17,0.866025403785,0.499999999999)
  );
#2418 = ADVANCED_FACE('',(#2419),#2450,.F.);
#2419 = FACE_BOUND('',#2420,.F.);
#2420 = EDGE_LOOP('',(#2421,#2422,#2430,#2449));
#2421 = ORIENTED_EDGE('',*,*,#1126,.T.);
#2422 = ORIENTED_EDGE('',*,*,#2423,.F.);
#2423 = EDGE_CURVE('',#2424,#1127,#2426,.T.);
#2424 = VERTEX_POINT('',#2425);
#2425 = CARTESIAN_POINT('',(13.890318132075,20.67895729148,
    -1.090905785641));
#2426 = LINE('',#2427,#2428);
#2427 = CARTESIAN_POINT('',(12.35,20.67895729148,-1.090905785641));
#2428 = VECTOR('',#2429,1.);
#2429 = DIRECTION('',(1.,-1.359631073447E-32,-1.224646799147E-16));
#2430 = ORIENTED_EDGE('',*,*,#2431,.F.);
#2431 = EDGE_CURVE('',#2398,#2424,#2432,.T.);
#2432 = B_SPLINE_CURVE_WITH_KNOTS('',3,(#2433,#2434,#2435,#2436,#2437,
    #2438,#2439,#2440,#2441,#2442,#2443,#2444,#2445,#2446,#2447,#2448),
  .UNSPECIFIED.,.F.,.F.,(4,3,3,3,3,4),(0.,0.242300772787,0.484634359819,
    0.726556957076,0.968882191358,1.),.UNSPECIFIED.);
#2433 = CARTESIAN_POINT('',(13.889133933733,20.741898864869,
    -1.10164270402));
#2434 = CARTESIAN_POINT('',(13.888825660997,20.737081566736,
    -1.104423972394));
#2435 = CARTESIAN_POINT('',(13.888603396965,20.731715897261,
    -1.106419276347));
#2436 = CARTESIAN_POINT('',(13.888487391951,20.726244186522,
    -1.107460319844));
#2437 = CARTESIAN_POINT('',(13.888371376776,20.720771996485,
    -1.108501454532));
#2438 = CARTESIAN_POINT('',(13.888358515332,20.715042942495,
    -1.108616571509));
#2439 = CARTESIAN_POINT('',(13.88844999363,20.70953291608,
    -1.107795885586));
#2440 = CARTESIAN_POINT('',(13.888541324341,20.704031779289,
    -1.10697652372));
#2441 = CARTESIAN_POINT('',(13.888739102841,20.698597664649,
    -1.105202146078));
#2442 = CARTESIAN_POINT('',(13.889025318438,20.693677891457,
    -1.102622201595));
#2443 = CARTESIAN_POINT('',(13.889312024376,20.688749689773,
    -1.100037837185));
#2444 = CARTESIAN_POINT('',(13.889695183661,20.684202387548,
    -1.096574798295));
#2445 = CARTESIAN_POINT('',(13.890140744082,20.680405552136,
    -1.092520932448));
#2446 = CARTESIAN_POINT('',(13.890198759935,20.67991117105,
    -1.091993083758));
#2447 = CARTESIAN_POINT('',(13.890257919031,20.679428193684,
    -1.091454446047));
#2448 = CARTESIAN_POINT('',(13.890318132075,20.67895729148,
    -1.090905785641));
#2449 = ORIENTED_EDGE('',*,*,#2406,.T.);
#2450 = CYLINDRICAL_SURFACE('',#2451,5.E-02);
#2451 = AXIS2_PLACEMENT_3D('',#2452,#2453,#2454);
#2452 = CARTESIAN_POINT('',(12.35,20.716898864869,-1.058341433831));
#2453 = DIRECTION('',(1.,-1.359631073447E-32,-1.224646799147E-16));
#2454 = DIRECTION('',(-1.224646799147E-16,-1.110223024625E-16,-1.));
#2455 = ADVANCED_FACE('',(#2456),#2475,.F.);
#2456 = FACE_BOUND('',#2457,.F.);
#2457 = EDGE_LOOP('',(#2458,#2459,#2460,#2468));
#2458 = ORIENTED_EDGE('',*,*,#2423,.T.);
#2459 = ORIENTED_EDGE('',*,*,#1135,.F.);
#2460 = ORIENTED_EDGE('',*,*,#2461,.F.);
#2461 = EDGE_CURVE('',#2462,#1136,#2464,.T.);
#2462 = VERTEX_POINT('',#2463);
#2463 = CARTESIAN_POINT('',(13.93457005907,20.369726522251,
    -0.555302382069));
#2464 = LINE('',#2465,#2466);
#2465 = CARTESIAN_POINT('',(12.35,20.369726522251,-0.555302382069));
#2466 = VECTOR('',#2467,1.);
#2467 = DIRECTION('',(1.,-1.359631073447E-32,-1.224646799147E-16));
#2468 = ORIENTED_EDGE('',*,*,#2469,.T.);
#2469 = EDGE_CURVE('',#2462,#2424,#2470,.T.);
#2470 = B_SPLINE_CURVE_WITH_KNOTS('',3,(#2471,#2472,#2473,#2474),
  .UNSPECIFIED.,.F.,.F.,(4,4),(0.,1.),.PIECEWISE_BEZIER_KNOTS.);
#2471 = CARTESIAN_POINT('',(13.93457005907,20.369726522251,
    -0.555302382069));
#2472 = CARTESIAN_POINT('',(13.923740247431,20.438152028692,
    -0.750026943902));
#2473 = CARTESIAN_POINT('',(13.907470806044,20.544813068846,
    -0.934610862361));
#2474 = CARTESIAN_POINT('',(13.890318132075,20.67895729148,
    -1.090905785641));
#2475 = CYLINDRICAL_SURFACE('',#2476,1.675);
#2476 = AXIS2_PLACEMENT_3D('',#2477,#2478,#2479);
#2477 = CARTESIAN_POINT('',(12.35,21.950000000002,-1.366622864854E-11));
#2478 = DIRECTION('',(1.,-1.359631073447E-32,-1.224646799147E-16));
#2479 = DIRECTION('',(-1.224646799147E-16,-1.110223024625E-16,-1.));
#2480 = ADVANCED_FACE('',(#2481),#2509,.F.);
#2481 = FACE_BOUND('',#2482,.F.);
#2482 = EDGE_LOOP('',(#2483,#2484,#2485,#2493));
#2483 = ORIENTED_EDGE('',*,*,#2461,.T.);
#2484 = ORIENTED_EDGE('',*,*,#1144,.F.);
#2485 = ORIENTED_EDGE('',*,*,#2486,.F.);
#2486 = EDGE_CURVE('',#2487,#1145,#2489,.T.);
#2487 = VERTEX_POINT('',#2488);
#2488 = CARTESIAN_POINT('',(13.93772016765,20.391898864869,
    -0.495424921371));
#2489 = LINE('',#2490,#2491);
#2490 = CARTESIAN_POINT('',(12.35,20.391898864869,-0.495424921371));
#2491 = VECTOR('',#2492,1.);
#2492 = DIRECTION('',(1.,-1.359631073447E-32,-1.224646799147E-16));
#2493 = ORIENTED_EDGE('',*,*,#2494,.T.);
#2494 = EDGE_CURVE('',#2487,#2462,#2495,.T.);
#2495 = B_SPLINE_CURVE_WITH_KNOTS('',3,(#2496,#2497,#2498,#2499,#2500,
    #2501,#2502,#2503,#2504,#2505,#2506,#2507,#2508),.UNSPECIFIED.,.F.,
  .F.,(4,3,3,3,4),(0.,0.243302686778,0.486589962507,0.730103890849,1.),
  .UNSPECIFIED.);
#2496 = CARTESIAN_POINT('',(13.93772016765,20.391898864869,
    -0.495424921371));
#2497 = CARTESIAN_POINT('',(13.937581338554,20.387051232891,
    -0.498223702998));
#2498 = CARTESIAN_POINT('',(13.937397896647,20.382621049761,
    -0.501897709066));
#2499 = CARTESIAN_POINT('',(13.937182823291,20.378974727396,
    -0.50614153571));
#2500 = CARTESIAN_POINT('',(13.936967757985,20.375328541531,
    -0.510385203484));
#2501 = CARTESIAN_POINT('',(13.936715031498,20.372365547486,
    -0.515315519354));
#2502 = CARTESIAN_POINT('',(13.93644353514,20.370329667064,
    -0.520524273644));
#2503 = CARTESIAN_POINT('',(13.936171787465,20.368291902074,
    -0.525737849562));
#2504 = CARTESIAN_POINT('',(13.935873676636,20.367126765048,
    -0.531373957947));
#2505 = CARTESIAN_POINT('',(13.935572932513,20.366929833465,
    -0.536966674436));
#2506 = CARTESIAN_POINT('',(13.935240668495,20.366712262201,
    -0.543145543157));
#2507 = CARTESIAN_POINT('',(13.934894491949,20.367676672742,
    -0.549468942637));
#2508 = CARTESIAN_POINT('',(13.93457005907,20.369726522251,
    -0.555302382069));
#2509 = CYLINDRICAL_SURFACE('',#2510,5.E-02);
#2510 = AXIS2_PLACEMENT_3D('',#2511,#2512,#2513);
#2511 = CARTESIAN_POINT('',(12.35,20.416898864869,-0.53872619156));
#2512 = DIRECTION('',(1.,-1.359631073447E-32,-1.224646799147E-16));
#2513 = DIRECTION('',(-1.224646799147E-16,-1.110223024625E-16,-1.));
#2514 = ADVANCED_FACE('',(#2515),#2534,.T.);
#2515 = FACE_BOUND('',#2516,.T.);
#2516 = EDGE_LOOP('',(#2517,#2518,#2527,#2533));
#2517 = ORIENTED_EDGE('',*,*,#2486,.F.);
#2518 = ORIENTED_EDGE('',*,*,#2519,.T.);
#2519 = EDGE_CURVE('',#2487,#2520,#2522,.T.);
#2520 = VERTEX_POINT('',#2521);
#2521 = CARTESIAN_POINT('',(13.938155672924,20.407243356443,
    -0.48656577503));
#2522 = ELLIPSE('',#2523,20.00000000003,10.);
#2523 = AXIS2_PLACEMENT_3D('',#2524,#2525,#2526);
#2524 = CARTESIAN_POINT('',(3.95,21.250000000021,-2.842959412994E-15));
#2525 = DIRECTION('',(1.060575238726E-16,-0.499999999999,0.866025403785)
  );
#2526 = DIRECTION('',(6.123233995725E-17,0.866025403785,0.499999999999)
  );
#2527 = ORIENTED_EDGE('',*,*,#2528,.T.);
#2528 = EDGE_CURVE('',#2520,#1154,#2529,.T.);
#2529 = LINE('',#2530,#2531);
#2530 = CARTESIAN_POINT('',(12.35,20.407243356443,-0.48656577503));
#2531 = VECTOR('',#2532,1.);
#2532 = DIRECTION('',(1.,-1.359631073447E-32,-1.224646799147E-16));
#2533 = ORIENTED_EDGE('',*,*,#1153,.F.);
#2534 = PLANE('',#2535);
#2535 = AXIS2_PLACEMENT_3D('',#2536,#2537,#2538);
#2536 = CARTESIAN_POINT('',(12.35,20.391898864869,-0.495424921371));
#2537 = DIRECTION('',(-1.060575238726E-16,0.499999999999,-0.866025403785
    ));
#2538 = DIRECTION('',(6.123233995725E-17,0.866025403785,0.499999999999)
  );
#2539 = ADVANCED_FACE('',(#2540),#2558,.T.);
#2540 = FACE_BOUND('',#2541,.T.);
#2541 = EDGE_LOOP('',(#2542,#2543,#2556,#2557));
#2542 = ORIENTED_EDGE('',*,*,#2528,.F.);
#2543 = ORIENTED_EDGE('',*,*,#2544,.T.);
#2544 = EDGE_CURVE('',#2520,#1446,#2545,.T.);
#2545 = B_SPLINE_CURVE_WITH_KNOTS('',3,(#2546,#2547,#2548,#2549,#2550,
    #2551,#2552,#2553,#2554,#2555),.UNSPECIFIED.,.F.,.F.,(4,3,3,4),(0.,
    0.437154037003,0.874285966176,1.),.UNSPECIFIED.);
#2546 = CARTESIAN_POINT('',(13.938155672924,20.407243356443,
    -0.48656577503));
#2547 = CARTESIAN_POINT('',(13.938428389257,20.41693986803,
    -0.480967491455));
#2548 = CARTESIAN_POINT('',(13.938781606317,20.425801493095,
    -0.473618262369));
#2549 = CARTESIAN_POINT('',(13.939176930108,20.433095350283,
    -0.465128217814));
#2550 = CARTESIAN_POINT('',(13.939572241719,20.440388982745,
    -0.45663843484));
#2551 = CARTESIAN_POINT('',(13.940020115369,20.446316255511,
    -0.446773929589));
#2552 = CARTESIAN_POINT('',(13.940475364632,20.450388124172,
    -0.436350763351));
#2553 = CARTESIAN_POINT('',(13.940608012214,20.451574558887,
    -0.433313728686));
#2554 = CARTESIAN_POINT('',(13.940741962512,20.452613500308,
    -0.430214953017));
#2555 = CARTESIAN_POINT('',(13.940876116885,20.453497529084,
    -0.427076593892));
#2556 = ORIENTED_EDGE('',*,*,#1445,.T.);
#2557 = ORIENTED_EDGE('',*,*,#1161,.F.);
#2558 = CYLINDRICAL_SURFACE('',#2559,0.1);
#2559 = AXIS2_PLACEMENT_3D('',#2560,#2561,#2562);
#2560 = CARTESIAN_POINT('',(12.35,20.357243356443,-0.399963234651));
#2561 = DIRECTION('',(1.,-1.359631073447E-32,-1.224646799147E-16));
#2562 = DIRECTION('',(-1.224646799147E-16,-1.110223024625E-16,-1.));
#2563 = ADVANCED_FACE('',(#2564),#2585,.T.);
#2564 = FACE_BOUND('',#2565,.T.);
#2565 = EDGE_LOOP('',(#2566,#2567,#2579));
#2566 = ORIENTED_EDGE('',*,*,#1179,.F.);
#2567 = ORIENTED_EDGE('',*,*,#2568,.T.);
#2568 = EDGE_CURVE('',#1171,#2569,#2571,.T.);
#2569 = VERTEX_POINT('',#2570);
#2570 = CARTESIAN_POINT('',(13.940876116886,20.453497529085,
    0.427076593874));
#2571 = B_SPLINE_CURVE_WITH_KNOTS('',3,(#2572,#2573,#2574,#2575,#2576,
    #2577,#2578),.UNSPECIFIED.,.F.,.F.,(4,3,4),(0.,0.215553951356,1.),
  .UNSPECIFIED.);
#2572 = CARTESIAN_POINT('',(13.95,20.5125,7.087642841887E-15));
#2573 = CARTESIAN_POINT('',(13.95,20.5125,3.106659105891E-02));
#2574 = CARTESIAN_POINT('',(13.949854973726,20.511580070111,
    6.214709945725E-02));
#2575 = CARTESIAN_POINT('',(13.949566070221,20.509742802611,
    9.315796953398E-02));
#2576 = CARTESIAN_POINT('',(13.948516052348,20.503065266069,
    0.205866771062));
#2577 = CARTESIAN_POINT('',(13.945517975784,20.484085699511,
    0.318486617588));
#2578 = CARTESIAN_POINT('',(13.940876116886,20.453497529085,
    0.427076593874));
#2579 = ORIENTED_EDGE('',*,*,#2580,.T.);
#2580 = EDGE_CURVE('',#2569,#1180,#2581,.T.);
#2581 = LINE('',#2582,#2583);
#2582 = CARTESIAN_POINT('',(12.35,20.453497529085,0.427076593874));
#2583 = VECTOR('',#2584,1.);
#2584 = DIRECTION('',(1.,-1.359631073447E-32,-1.224646799147E-16));
#2585 = CYLINDRICAL_SURFACE('',#2586,1.575151902385);
#2586 = AXIS2_PLACEMENT_3D('',#2587,#2588,#2589);
#2587 = CARTESIAN_POINT('',(12.35,18.937348097615,-7.876223721637E-12));
#2588 = DIRECTION('',(1.,-1.359631073447E-32,-1.224646799147E-16));
#2589 = DIRECTION('',(-1.224646799147E-16,-1.110223024625E-16,-1.));
#2590 = ADVANCED_FACE('',(#2591),#2616,.T.);
#2591 = FACE_BOUND('',#2592,.T.);
#2592 = EDGE_LOOP('',(#2593,#2594,#2609,#2615));
#2593 = ORIENTED_EDGE('',*,*,#2580,.F.);
#2594 = ORIENTED_EDGE('',*,*,#2595,.T.);
#2595 = EDGE_CURVE('',#2569,#2596,#2598,.T.);
#2596 = VERTEX_POINT('',#2597);
#2597 = CARTESIAN_POINT('',(13.938155672925,20.407243356444,
    0.486565775012));
#2598 = B_SPLINE_CURVE_WITH_KNOTS('',3,(#2599,#2600,#2601,#2602,#2603,
    #2604,#2605,#2606,#2607,#2608),.UNSPECIFIED.,.F.,.F.,(4,3,3,4),(0.,
    0.437431294754,0.874878990771,1.),.UNSPECIFIED.);
#2599 = CARTESIAN_POINT('',(13.940876116886,20.453497529085,
    0.427076593874));
#2600 = CARTESIAN_POINT('',(13.94041538297,20.450461459297,0.43785483728
    ));
#2601 = CARTESIAN_POINT('',(13.939952422365,20.445521825369,
    0.448257502365));
#2602 = CARTESIAN_POINT('',(13.939532714156,20.439086689484,
    0.457423384623));
#2603 = CARTESIAN_POINT('',(13.939112997116,20.432651418199,
    0.46658945974));
#2604 = CARTESIAN_POINT('',(13.938725369904,20.424542796325,
    0.474771606751));
#2605 = CARTESIAN_POINT('',(13.938411260361,20.415431711023,
    0.481290446508));
#2606 = CARTESIAN_POINT('',(13.938320229682,20.412791268239,
    0.483179642233));
#2607 = CARTESIAN_POINT('',(13.938234760633,20.41005534377,
    0.484942273372));
#2608 = CARTESIAN_POINT('',(13.938155672925,20.407243356444,
    0.486565775012));
#2609 = ORIENTED_EDGE('',*,*,#2610,.T.);
#2610 = EDGE_CURVE('',#2596,#1189,#2611,.T.);
#2611 = LINE('',#2612,#2613);
#2612 = CARTESIAN_POINT('',(12.35,20.407243356444,0.486565775012));
#2613 = VECTOR('',#2614,1.);
#2614 = DIRECTION('',(1.,-1.359631073447E-32,-1.224646799147E-16));
#2615 = ORIENTED_EDGE('',*,*,#1188,.F.);
#2616 = CYLINDRICAL_SURFACE('',#2617,0.1);
#2617 = AXIS2_PLACEMENT_3D('',#2618,#2619,#2620);
#2618 = CARTESIAN_POINT('',(12.35,20.357243356444,0.399963234633));
#2619 = DIRECTION('',(1.,-1.359631073447E-32,-1.224646799147E-16));
#2620 = DIRECTION('',(-1.224646799147E-16,-1.110223024625E-16,-1.));
#2621 = ADVANCED_FACE('',(#2622),#2641,.F.);
#2622 = FACE_BOUND('',#2623,.T.);
#2623 = EDGE_LOOP('',(#2624,#2633,#2639,#2640));
#2624 = ORIENTED_EDGE('',*,*,#2625,.F.);
#2625 = EDGE_CURVE('',#2626,#2596,#2628,.T.);
#2626 = VERTEX_POINT('',#2627);
#2627 = CARTESIAN_POINT('',(13.937720167651,20.39189886487,
    0.495424921352));
#2628 = ELLIPSE('',#2629,19.999999999986,10.);
#2629 = AXIS2_PLACEMENT_3D('',#2630,#2631,#2632);
#2630 = CARTESIAN_POINT('',(3.95,21.249999999988,-2.84295941299E-15));
#2631 = DIRECTION('',(1.060575238725E-16,0.5,0.866025403784));
#2632 = DIRECTION('',(-6.123233995739E-17,0.866025403784,-0.5));
#2633 = ORIENTED_EDGE('',*,*,#2634,.T.);
#2634 = EDGE_CURVE('',#2626,#1198,#2635,.T.);
#2635 = LINE('',#2636,#2637);
#2636 = CARTESIAN_POINT('',(12.35,20.39189886487,0.495424921352));
#2637 = VECTOR('',#2638,1.);
#2638 = DIRECTION('',(1.,-1.359631073447E-32,-1.224646799147E-16));
#2639 = ORIENTED_EDGE('',*,*,#1197,.T.);
#2640 = ORIENTED_EDGE('',*,*,#2610,.F.);
#2641 = PLANE('',#2642);
#2642 = AXIS2_PLACEMENT_3D('',#2643,#2644,#2645);
#2643 = CARTESIAN_POINT('',(12.35,20.39189886487,0.495424921352));
#2644 = DIRECTION('',(-1.060575238725E-16,-0.5,-0.866025403784));
#2645 = DIRECTION('',(-6.123233995739E-17,0.866025403784,-0.5));
#2646 = ADVANCED_FACE('',(#2647),#2675,.F.);
#2647 = FACE_BOUND('',#2648,.F.);
#2648 = EDGE_LOOP('',(#2649,#2650,#2651,#2659));
#2649 = ORIENTED_EDGE('',*,*,#2634,.T.);
#2650 = ORIENTED_EDGE('',*,*,#1205,.F.);
#2651 = ORIENTED_EDGE('',*,*,#2652,.F.);
#2652 = EDGE_CURVE('',#2653,#1206,#2655,.T.);
#2653 = VERTEX_POINT('',#2654);
#2654 = CARTESIAN_POINT('',(13.934570059071,20.369726522254,
    0.55530238205));
#2655 = LINE('',#2656,#2657);
#2656 = CARTESIAN_POINT('',(12.35,20.369726522254,0.55530238205));
#2657 = VECTOR('',#2658,1.);
#2658 = DIRECTION('',(1.,-1.359631073447E-32,-1.224646799147E-16));
#2659 = ORIENTED_EDGE('',*,*,#2660,.T.);
#2660 = EDGE_CURVE('',#2653,#2626,#2661,.T.);
#2661 = B_SPLINE_CURVE_WITH_KNOTS('',3,(#2662,#2663,#2664,#2665,#2666,
    #2667,#2668,#2669,#2670,#2671,#2672,#2673,#2674),.UNSPECIFIED.,.F.,
  .F.,(4,3,3,3,4),(0.,0.243862513874,0.487726963203,0.731546820971,1.),
  .UNSPECIFIED.);
#2662 = CARTESIAN_POINT('',(13.934570059071,20.369726522254,
    0.55530238205));
#2663 = CARTESIAN_POINT('',(13.934864123521,20.367868548206,
    0.550014979717));
#2664 = CARTESIAN_POINT('',(13.935175604667,20.366899316435,
    0.544334124526));
#2665 = CARTESIAN_POINT('',(13.935477943045,20.366898865035,
    0.538730219085));
#2666 = CARTESIAN_POINT('',(13.935780282273,20.366898413635,
    0.533126297889));
#2667 = CARTESIAN_POINT('',(13.936081823058,20.367866774426,
    0.527444658614));
#2668 = CARTESIAN_POINT('',(13.936358342676,20.369724359733,
    0.522156156396));
#2669 = CARTESIAN_POINT('',(13.936634807803,20.371581578984,
    0.516868696329));
#2670 = CARTESIAN_POINT('',(13.936893964634,20.374379074314,
    0.511828218866));
#2671 = CARTESIAN_POINT('',(13.937116241318,20.377885705094,
    0.507453625865));
#2672 = CARTESIAN_POINT('',(13.93736023666,20.381734968817,
    0.502651591322));
#2673 = CARTESIAN_POINT('',(13.937567455654,20.386566470025,
    0.498503580955));
#2674 = CARTESIAN_POINT('',(13.937720167651,20.391898864872,
    0.495424921355));
#2675 = CYLINDRICAL_SURFACE('',#2676,4.999999999708E-02);
#2676 = AXIS2_PLACEMENT_3D('',#2677,#2678,#2679);
#2677 = CARTESIAN_POINT('',(12.35,20.41689886487,0.538726191542));
#2678 = DIRECTION('',(1.,-1.359631073447E-32,-1.224646799147E-16));
#2679 = DIRECTION('',(-1.224646799147E-16,-1.110223024625E-16,-1.));
#2680 = ADVANCED_FACE('',(#2681),#2700,.F.);
#2681 = FACE_BOUND('',#2682,.F.);
#2682 = EDGE_LOOP('',(#2683,#2684,#2692,#2699));
#2683 = ORIENTED_EDGE('',*,*,#1214,.T.);
#2684 = ORIENTED_EDGE('',*,*,#2685,.F.);
#2685 = EDGE_CURVE('',#2686,#1215,#2688,.T.);
#2686 = VERTEX_POINT('',#2687);
#2687 = CARTESIAN_POINT('',(13.890318132078,20.678957291477,
    1.090905785614));
#2688 = LINE('',#2689,#2690);
#2689 = CARTESIAN_POINT('',(12.35,20.678957291477,1.090905785614));
#2690 = VECTOR('',#2691,1.);
#2691 = DIRECTION('',(1.,-1.359631073447E-32,-1.224646799147E-16));
#2692 = ORIENTED_EDGE('',*,*,#2693,.F.);
#2693 = EDGE_CURVE('',#2653,#2686,#2694,.T.);
#2694 = B_SPLINE_CURVE_WITH_KNOTS('',3,(#2695,#2696,#2697,#2698),
  .UNSPECIFIED.,.F.,.F.,(4,4),(0.,1.),.PIECEWISE_BEZIER_KNOTS.);
#2695 = CARTESIAN_POINT('',(13.934570059071,20.369726522254,
    0.55530238205));
#2696 = CARTESIAN_POINT('',(13.923740247432,20.438152028695,
    0.75002694388));
#2697 = CARTESIAN_POINT('',(13.907470806046,20.544813068845,
    0.934610862338));
#2698 = CARTESIAN_POINT('',(13.890318132078,20.678957291477,
    1.090905785614));
#2699 = ORIENTED_EDGE('',*,*,#2652,.T.);
#2700 = CYLINDRICAL_SURFACE('',#2701,1.675000000003);
#2701 = AXIS2_PLACEMENT_3D('',#2702,#2703,#2704);
#2702 = CARTESIAN_POINT('',(12.35,21.950000000002,-1.366623169636E-11));
#2703 = DIRECTION('',(1.,-1.359631073447E-32,-1.224646799147E-16));
#2704 = DIRECTION('',(-1.224646799147E-16,-1.110223024625E-16,-1.));
#2705 = ADVANCED_FACE('',(#2706),#2737,.F.);
#2706 = FACE_BOUND('',#2707,.F.);
#2707 = EDGE_LOOP('',(#2708,#2709,#2717,#2736));
#2708 = ORIENTED_EDGE('',*,*,#1223,.T.);
#2709 = ORIENTED_EDGE('',*,*,#2710,.F.);
#2710 = EDGE_CURVE('',#2711,#1224,#2713,.T.);
#2711 = VERTEX_POINT('',#2712);
#2712 = CARTESIAN_POINT('',(13.889133933736,20.741898864865,
    1.101642703991));
#2713 = LINE('',#2714,#2715);
#2714 = CARTESIAN_POINT('',(12.35,20.741898864865,1.101642703991));
#2715 = VECTOR('',#2716,1.);
#2716 = DIRECTION('',(1.,-1.359631073447E-32,-1.224646799147E-16));
#2717 = ORIENTED_EDGE('',*,*,#2718,.F.);
#2718 = EDGE_CURVE('',#2686,#2711,#2719,.T.);
#2719 = B_SPLINE_CURVE_WITH_KNOTS('',3,(#2720,#2721,#2722,#2723,#2724,
    #2725,#2726,#2727,#2728,#2729,#2730,#2731,#2732,#2733,#2734,#2735),
  .UNSPECIFIED.,.F.,.F.,(4,3,3,3,3,4),(0.,0.243398770989,0.486864687123,
    0.729383163716,0.971289900357,1.),.UNSPECIFIED.);
#2720 = CARTESIAN_POINT('',(13.890318132078,20.678957291477,
    1.090905785614));
#2721 = CARTESIAN_POINT('',(13.889853670322,20.68258966164,1.09513795458
    ));
#2722 = CARTESIAN_POINT('',(13.889448143565,20.687004058771,
    1.098807781664));
#2723 = CARTESIAN_POINT('',(13.889137739001,20.691839494108,
    1.101608371955));
#2724 = CARTESIAN_POINT('',(13.888827282723,20.696675735053,
    1.104409428838));
#2725 = CARTESIAN_POINT('',(13.888603562871,20.702067074846,
    1.106417789551));
#2726 = CARTESIAN_POINT('',(13.888487150366,20.7075649456,1.107462487853
    ));
#2727 = CARTESIAN_POINT('',(13.888371183192,20.71304178454,
    1.108503189717));
#2728 = CARTESIAN_POINT('',(13.888358547053,20.718775749682,
    1.108616289727));
#2729 = CARTESIAN_POINT('',(13.888450409016,20.724289790255,
    1.107792158992));
#2730 = CARTESIAN_POINT('',(13.888542049003,20.729790506657,
    1.106970019694));
#2731 = CARTESIAN_POINT('',(13.888740131416,20.735223712011,
    1.105192902233));
#2732 = CARTESIAN_POINT('',(13.889026618423,20.740142170147,
    1.102610483482));
#2733 = CARTESIAN_POINT('',(13.889061099508,20.740734147348,
    1.102299667982));
#2734 = CARTESIAN_POINT('',(13.889096887178,20.741319947914,
    1.101976941848));
#2735 = CARTESIAN_POINT('',(13.889133933736,20.741898864865,
    1.101642703991));
#2736 = ORIENTED_EDGE('',*,*,#2685,.T.);
#2737 = CYLINDRICAL_SURFACE('',#2738,4.999999999708E-02);
#2738 = AXIS2_PLACEMENT_3D('',#2739,#2740,#2741);
#2739 = CARTESIAN_POINT('',(12.35,20.716898864866,1.058341433804));
#2740 = DIRECTION('',(1.,-1.359631073447E-32,-1.224646799147E-16));
#2741 = DIRECTION('',(-1.224646799147E-16,-1.110223024625E-16,-1.));
#2742 = ADVANCED_FACE('',(#2743),#2762,.T.);
#2743 = FACE_BOUND('',#2744,.T.);
#2744 = EDGE_LOOP('',(#2745,#2746,#2755,#2761));
#2745 = ORIENTED_EDGE('',*,*,#2710,.F.);
#2746 = ORIENTED_EDGE('',*,*,#2747,.T.);
#2747 = EDGE_CURVE('',#2711,#2748,#2750,.T.);
#2748 = VERTEX_POINT('',#2749);
#2749 = CARTESIAN_POINT('',(13.890111875433,20.75724335644,
    1.092783557653));
#2750 = ELLIPSE('',#2751,19.999999999985,10.);
#2751 = AXIS2_PLACEMENT_3D('',#2752,#2753,#2754);
#2752 = CARTESIAN_POINT('',(3.95,22.649999999969,-2.998390636436E-15));
#2753 = DIRECTION('',(1.060575238725E-16,0.5,0.866025403784));
#2754 = DIRECTION('',(-6.123233995739E-17,0.866025403784,-0.5));
#2755 = ORIENTED_EDGE('',*,*,#2756,.T.);
#2756 = EDGE_CURVE('',#2748,#1233,#2757,.T.);
#2757 = LINE('',#2758,#2759);
#2758 = CARTESIAN_POINT('',(12.35,20.75724335644,1.092783557653));
#2759 = VECTOR('',#2760,1.);
#2760 = DIRECTION('',(1.,-1.359631073447E-32,-1.224646799147E-16));
#2761 = ORIENTED_EDGE('',*,*,#1232,.F.);
#2762 = PLANE('',#2763);
#2763 = AXIS2_PLACEMENT_3D('',#2764,#2765,#2766);
#2764 = CARTESIAN_POINT('',(12.35,20.741898864866,1.101642703994));
#2765 = DIRECTION('',(-1.060575238725E-16,-0.5,-0.866025403784));
#2766 = DIRECTION('',(-6.123233995739E-17,0.866025403784,-0.5));
#2767 = ADVANCED_FACE('',(#2768),#2793,.T.);
#2768 = FACE_BOUND('',#2769,.T.);
#2769 = EDGE_LOOP('',(#2770,#2785,#2791,#2792));
#2770 = ORIENTED_EDGE('',*,*,#2771,.F.);
#2771 = EDGE_CURVE('',#2772,#2748,#2774,.T.);
#2772 = VERTEX_POINT('',#2773);
#2773 = CARTESIAN_POINT('',(13.891240206229,20.831889584876,
    1.082470859684));
#2774 = B_SPLINE_CURVE_WITH_KNOTS('',3,(#2775,#2776,#2777,#2778,#2779,
    #2780,#2781,#2782,#2783,#2784),.UNSPECIFIED.,.F.,.F.,(4,3,3,4),(0.,
    0.434583968398,0.869155892454,1.),.UNSPECIFIED.);
#2775 = CARTESIAN_POINT('',(13.891240206229,20.831889584876,
    1.082470859684));
#2776 = CARTESIAN_POINT('',(13.891538815581,20.821105846119,
    1.079728478885));
#2777 = CARTESIAN_POINT('',(13.891639439987,20.809697101299,
    1.078798489051));
#2778 = CARTESIAN_POINT('',(13.891535049881,20.798608180782,
    1.079759626944));
#2779 = CARTESIAN_POINT('',(13.891430660789,20.787519367847,
    1.080720755512));
#2780 = CARTESIAN_POINT('',(13.891118332939,20.776445275595,
    1.083599218537));
#2781 = CARTESIAN_POINT('',(13.890619965105,20.766300300333,
    1.088151969787));
#2782 = CARTESIAN_POINT('',(13.890467956469,20.763205951643,
    1.089540617812));
#2783 = CARTESIAN_POINT('',(13.890298215148,20.760179134184,
    1.091088585582));
#2784 = CARTESIAN_POINT('',(13.890111875433,20.75724335644,
    1.092783557653));
#2785 = ORIENTED_EDGE('',*,*,#2786,.T.);
#2786 = EDGE_CURVE('',#2772,#1241,#2787,.T.);
#2787 = LINE('',#2788,#2789);
#2788 = CARTESIAN_POINT('',(12.35,20.831889584876,1.082470859684));
#2789 = VECTOR('',#2790,1.);
#2790 = DIRECTION('',(1.,-1.359631073447E-32,-1.224646799147E-16));
#2791 = ORIENTED_EDGE('',*,*,#1240,.T.);
#2792 = ORIENTED_EDGE('',*,*,#2756,.F.);
#2793 = CYLINDRICAL_SURFACE('',#2794,0.1);
#2794 = AXIS2_PLACEMENT_3D('',#2795,#2796,#2797);
#2795 = CARTESIAN_POINT('',(12.35,20.80724335644,1.179386098031));
#2796 = DIRECTION('',(1.,-1.359631073447E-32,-1.224646799147E-16));
#2797 = DIRECTION('',(-1.224646799147E-16,-1.110223024625E-16,-1.));
#2798 = ADVANCED_FACE('',(#2799),#2821,.T.);
#2799 = FACE_BOUND('',#2800,.T.);
#2800 = EDGE_LOOP('',(#2801,#2813,#2819,#2820));
#2801 = ORIENTED_EDGE('',*,*,#2802,.F.);
#2802 = EDGE_CURVE('',#2803,#2772,#2805,.T.);
#2803 = VERTEX_POINT('',#2804);
#2804 = CARTESIAN_POINT('',(13.83540674355,21.571607944205,
    1.509547453567));
#2805 = B_SPLINE_CURVE_WITH_KNOTS('',3,(#2806,#2807,#2808,#2809,#2810,
    #2811,#2812),.UNSPECIFIED.,.F.,.F.,(4,3,4),(0.,0.61041821053,1.),
  .UNSPECIFIED.);
#2806 = CARTESIAN_POINT('',(13.83540674355,21.571607944205,
    1.509547453567));
#2807 = CARTESIAN_POINT('',(13.854450397049,21.450044232229,
    1.384838382466));
#2808 = CARTESIAN_POINT('',(13.868218151257,21.305079266317,
    1.278736989901));
#2809 = CARTESIAN_POINT('',(13.877685366194,21.148640255946,
    1.200442947356));
#2810 = CARTESIAN_POINT('',(13.883778729697,21.047951746972,
    1.150050718547));
#2811 = CARTESIAN_POINT('',(13.888215226085,20.94113129259,1.11025179619
    ));
#2812 = CARTESIAN_POINT('',(13.891240206229,20.831889584876,
    1.082470859684));
#2813 = ORIENTED_EDGE('',*,*,#2814,.T.);
#2814 = EDGE_CURVE('',#2803,#1250,#2815,.T.);
#2815 = LINE('',#2816,#2817);
#2816 = CARTESIAN_POINT('',(12.35,21.571607944205,1.509547453567));
#2817 = VECTOR('',#2818,1.);
#2818 = DIRECTION('',(1.,-1.359631073447E-32,-1.224646799147E-16));
#2819 = ORIENTED_EDGE('',*,*,#1249,.T.);
#2820 = ORIENTED_EDGE('',*,*,#2786,.F.);
#2821 = CYLINDRICAL_SURFACE('',#2822,1.575151902384);
#2822 = AXIS2_PLACEMENT_3D('',#2823,#2824,#2825);
#2823 = CARTESIAN_POINT('',(12.35,20.443674048806,2.609033080211));
#2824 = DIRECTION('',(1.,-1.359631073447E-32,-1.224646799147E-16));
#2825 = DIRECTION('',(-1.224646799147E-16,-1.110223024625E-16,-1.));
#2826 = ADVANCED_FACE('',(#2827),#2852,.T.);
#2827 = FACE_BOUND('',#2828,.T.);
#2828 = EDGE_LOOP('',(#2829,#2844,#2850,#2851));
#2829 = ORIENTED_EDGE('',*,*,#2830,.F.);
#2830 = EDGE_CURVE('',#2831,#2803,#2833,.T.);
#2831 = VERTEX_POINT('',#2832);
#2832 = CARTESIAN_POINT('',(13.824495211675,21.6,1.579349332674));
#2833 = B_SPLINE_CURVE_WITH_KNOTS('',3,(#2834,#2835,#2836,#2837,#2838,
    #2839,#2840,#2841,#2842,#2843),.UNSPECIFIED.,.F.,.F.,(4,3,3,4),(0.,
    0.441961054327,0.884100797504,1.),.UNSPECIFIED.);
#2834 = CARTESIAN_POINT('',(13.824495211675,21.6,1.579349332674));
#2835 = CARTESIAN_POINT('',(13.826300548814,21.6,1.568061904001));
#2836 = CARTESIAN_POINT('',(13.828110414157,21.598035936918,
    1.556615254469));
#2837 = CARTESIAN_POINT('',(13.829778361703,21.594259620401,
    1.545955860829));
#2838 = CARTESIAN_POINT('',(13.831446690926,21.590482439747,
    1.535294027991));
#2839 = CARTESIAN_POINT('',(13.833019561003,21.584785219096,
    1.525124211376));
#2840 = CARTESIAN_POINT('',(13.834371573801,21.577628278266,
    1.516310849082));
#2841 = CARTESIAN_POINT('',(13.834730805593,21.57572666854,
    1.513969125732));
#2842 = CARTESIAN_POINT('',(13.835076521688,21.573715890319,
    1.511709941019));
#2843 = CARTESIAN_POINT('',(13.83540674355,21.571607944205,
    1.509547453567));
#2844 = ORIENTED_EDGE('',*,*,#2845,.T.);
#2845 = EDGE_CURVE('',#2831,#1259,#2846,.T.);
#2846 = LINE('',#2847,#2848);
#2847 = CARTESIAN_POINT('',(12.35,21.6,1.579349332674));
#2848 = VECTOR('',#2849,1.);
#2849 = DIRECTION('',(1.,-1.359631073447E-32,-1.224646799147E-16));
#2850 = ORIENTED_EDGE('',*,*,#1258,.T.);
#2851 = ORIENTED_EDGE('',*,*,#2814,.F.);
#2852 = CYLINDRICAL_SURFACE('',#2853,9.999999999998E-02);
#2853 = AXIS2_PLACEMENT_3D('',#2854,#2855,#2856);
#2854 = CARTESIAN_POINT('',(12.35,21.5,1.579349332674));
#2855 = DIRECTION('',(1.,-1.359631073447E-32,-1.224646799147E-16));
#2856 = DIRECTION('',(-1.224646799147E-16,-1.110223024625E-16,-1.));
#2857 = ADVANCED_FACE('',(#2858),#2870,.F.);
#2858 = FACE_BOUND('',#2859,.T.);
#2859 = EDGE_LOOP('',(#2860,#2867,#2868,#2869));
#2860 = ORIENTED_EDGE('',*,*,#2861,.F.);
#2861 = EDGE_CURVE('',#1489,#2831,#2862,.T.);
#2862 = CIRCLE('',#2863,10.);
#2863 = AXIS2_PLACEMENT_3D('',#2864,#2865,#2866);
#2864 = CARTESIAN_POINT('',(3.95,21.6,-2.881817218854E-15));
#2865 = DIRECTION('',(0.,1.,-1.110223024625E-16));
#2866 = DIRECTION('',(-1.,1.359631073447E-32,1.224646799147E-16));
#2867 = ORIENTED_EDGE('',*,*,#1506,.T.);
#2868 = ORIENTED_EDGE('',*,*,#1267,.T.);
#2869 = ORIENTED_EDGE('',*,*,#2845,.F.);
#2870 = PLANE('',#2871);
#2871 = AXIS2_PLACEMENT_3D('',#2872,#2873,#2874);
#2872 = CARTESIAN_POINT('',(12.35,21.6,1.597067625355));
#2873 = DIRECTION('',(0.,-1.,1.110223024625E-16));
#2874 = DIRECTION('',(-1.,1.359631073447E-32,1.224646799147E-16));
#2875 = ADVANCED_FACE('',(#2876),#2928,.T.);
#2876 = FACE_BOUND('',#2877,.T.);
#2877 = EDGE_LOOP('',(#2878,#2879,#2880,#2881,#2882,#2883,#2884,#2885,
    #2886,#2887,#2888,#2889,#2890,#2891,#2892,#2893,#2894,#2895,#2896,
    #2897,#2898,#2899,#2900,#2901,#2902,#2903,#2904,#2905,#2906,#2907,
    #2908,#2909,#2910,#2911,#2912,#2913,#2914,#2915,#2916,#2917,#2918,
    #2919,#2920,#2921,#2922,#2923,#2924,#2925,#2926,#2927));
#2878 = ORIENTED_EDGE('',*,*,#1421,.T.);
#2879 = ORIENTED_EDGE('',*,*,#1871,.T.);
#2880 = ORIENTED_EDGE('',*,*,#1840,.T.);
#2881 = ORIENTED_EDGE('',*,*,#1816,.F.);
#2882 = ORIENTED_EDGE('',*,*,#1790,.F.);
#2883 = ORIENTED_EDGE('',*,*,#1765,.F.);
#2884 = ORIENTED_EDGE('',*,*,#1729,.T.);
#2885 = ORIENTED_EDGE('',*,*,#1694,.T.);
#2886 = ORIENTED_EDGE('',*,*,#1664,.F.);
#2887 = ORIENTED_EDGE('',*,*,#1636,.F.);
#2888 = ORIENTED_EDGE('',*,*,#1605,.F.);
#2889 = ORIENTED_EDGE('',*,*,#1580,.F.);
#2890 = ORIENTED_EDGE('',*,*,#1555,.T.);
#2891 = ORIENTED_EDGE('',*,*,#1530,.T.);
#2892 = ORIENTED_EDGE('',*,*,#1488,.F.);
#2893 = ORIENTED_EDGE('',*,*,#2861,.T.);
#2894 = ORIENTED_EDGE('',*,*,#2830,.T.);
#2895 = ORIENTED_EDGE('',*,*,#2802,.T.);
#2896 = ORIENTED_EDGE('',*,*,#2771,.T.);
#2897 = ORIENTED_EDGE('',*,*,#2747,.F.);
#2898 = ORIENTED_EDGE('',*,*,#2718,.F.);
#2899 = ORIENTED_EDGE('',*,*,#2693,.F.);
#2900 = ORIENTED_EDGE('',*,*,#2660,.T.);
#2901 = ORIENTED_EDGE('',*,*,#2625,.T.);
#2902 = ORIENTED_EDGE('',*,*,#2595,.F.);
#2903 = ORIENTED_EDGE('',*,*,#2568,.F.);
#2904 = ORIENTED_EDGE('',*,*,#1453,.F.);
#2905 = ORIENTED_EDGE('',*,*,#2544,.F.);
#2906 = ORIENTED_EDGE('',*,*,#2519,.F.);
#2907 = ORIENTED_EDGE('',*,*,#2494,.T.);
#2908 = ORIENTED_EDGE('',*,*,#2469,.T.);
#2909 = ORIENTED_EDGE('',*,*,#2431,.F.);
#2910 = ORIENTED_EDGE('',*,*,#2397,.T.);
#2911 = ORIENTED_EDGE('',*,*,#2366,.T.);
#2912 = ORIENTED_EDGE('',*,*,#2338,.T.);
#2913 = ORIENTED_EDGE('',*,*,#2307,.T.);
#2914 = ORIENTED_EDGE('',*,*,#2283,.F.);
#2915 = ORIENTED_EDGE('',*,*,#2254,.F.);
#2916 = ORIENTED_EDGE('',*,*,#2229,.F.);
#2917 = ORIENTED_EDGE('',*,*,#2193,.T.);
#2918 = ORIENTED_EDGE('',*,*,#2158,.T.);
#2919 = ORIENTED_EDGE('',*,*,#2128,.F.);
#2920 = ORIENTED_EDGE('',*,*,#2100,.F.);
#2921 = ORIENTED_EDGE('',*,*,#2069,.F.);
#2922 = ORIENTED_EDGE('',*,*,#2044,.F.);
#2923 = ORIENTED_EDGE('',*,*,#2016,.T.);
#2924 = ORIENTED_EDGE('',*,*,#1991,.T.);
#2925 = ORIENTED_EDGE('',*,*,#1956,.F.);
#2926 = ORIENTED_EDGE('',*,*,#1922,.T.);
#2927 = ORIENTED_EDGE('',*,*,#1891,.T.);
#2928 = CYLINDRICAL_SURFACE('',#2929,10.);
#2929 = AXIS2_PLACEMENT_3D('',#2930,#2931,#2932);
#2930 = CARTESIAN_POINT('',(3.95,15.95,-2.25454120994E-15));
#2931 = DIRECTION('',(-0.,1.,-1.110223024625E-16));
#2932 = DIRECTION('',(1.,-1.359631073447E-32,-1.224646799147E-16));
#2933 = ( GEOMETRIC_REPRESENTATION_CONTEXT(3) 
GLOBAL_UNCERTAINTY_ASSIGNED_CONTEXT((#2937)) 
GLOBAL_UNIT_ASSIGNED_CONTEXT((#2934,#2935,#2936)) REPRESENTATION_CONTEXT
('Context #1','3D Context with UNIT and UNCERTAINTY') );
#2934 = ( LENGTH_UNIT() NAMED_UNIT(*) SI_UNIT(.MILLI.,.METRE.) );
#2935 = ( NAMED_UNIT(*) PLANE_ANGLE_UNIT() SI_UNIT($,.RADIAN.) );
#2936 = ( NAMED_UNIT(*) SI_UNIT($,.STERADIAN.) SOLID_ANGLE_UNIT() );
#2937 = UNCERTAINTY_MEASURE_WITH_UNIT(LENGTH_MEASURE(1.E-04),#2934,
  'distance_accuracy_value','confusion accuracy');
#2938 = PRODUCT_RELATED_PRODUCT_CATEGORY('part',$,(#7));
#2939 = MECHANICAL_DESIGN_GEOMETRIC_PRESENTATION_REPRESENTATION('',(
    #2940),#2933);
#2940 = STYLED_ITEM('color',(#2941),#15);
#2941 = PRESENTATION_STYLE_ASSIGNMENT((#2942));
#2942 = SURFACE_STYLE_USAGE(.BOTH.,#2943);
#2943 = SURFACE_SIDE_STYLE('',(#2944));
#2944 = SURFACE_STYLE_FILL_AREA(#2945);
#2945 = FILL_AREA_STYLE('',(#2946));
#2946 = FILL_AREA_STYLE_COLOUR('',#2947);
#2947 = COLOUR_RGB('',0.588235318661,0.588235318661,0.588235318661);
ENDSEC;
END-ISO-10303-21;
