ISO-10303-21;
HEADER;
FILE_DESCRIPTION(('Open CASCADE Model'),'2;1');
FILE_NAME('Open CASCADE Shape Model','2026-09-18T15:53:17',('Author'),(
    'Open CASCADE'),'Open CASCADE STEP processor 7.3','Open CASCADE 7.3'
  ,'Unknown');
FILE_SCHEMA(('AUTOMOTIVE_DESIGN { 1 0 10303 214 1 1 1 1 }'));
ENDSEC;
DATA;
#1 = APPLICATION_PROTOCOL_DEFINITION('international standard',
  'automotive_design',2000,#2);
#2 = APPLICATION_CONTEXT(
  'core data for automotive mechanical design processes');
#3 = SHAPE_DEFINITION_REPRESENTATION(#4,#10);
#4 = PRODUCT_DEFINITION_SHAPE('','',#5);
#5 = PRODUCT_DEFINITION('design','',#6,#9);
#6 = PRODUCT_DEFINITION_FORMATION('','',#7);
#7 = PRODUCT('Pottmanager 125','Pottmanager 125','',(#8));
#8 = PRODUCT_CONTEXT('',#2,'mechanical');
#9 = PRODUCT_DEFINITION_CONTEXT('part definition',#2,'design');
#10 = ADVANCED_BREP_SHAPE_REPRESENTATION('',(#11,#15),#2265);
#11 = AXIS2_PLACEMENT_3D('',#12,#13,#14);
#12 = CARTESIAN_POINT('',(0.,0.,0.));
#13 = DIRECTION('',(0.,0.,1.));
#14 = DIRECTION('',(1.,0.,-0.));
#15 = MANIFOLD_SOLID_BREP('',#16);
#16 = CLOSED_SHELL('',(#17,#65,#120,#185,#243,#279,#315,#342,#370,#403,
    #438,#472,#483,#548,#582,#615,#642,#687,#711,#735,#778,#795,#830,
    #1092,#1173,#1199,#1287,#1304,#1382,#1410,#1426,#1437,#1473,#1498,
    #1561,#1610,#1640,#1663,#1688,#1705,#1727,#1739,#1782,#1811,#1823,
    #1874,#1900,#1967,#2007,#2024,#2042,#2086,#2114,#2159,#2176,#2188,
    #2216,#2234,#2252));
#17 = ADVANCED_FACE('',(#18),#60,.F.);
#18 = FACE_BOUND('',#19,.F.);
#19 = EDGE_LOOP('',(#20,#29,#38,#47,#54));
#20 = ORIENTED_EDGE('',*,*,#21,.F.);
#21 = EDGE_CURVE('',#22,#24,#26,.T.);
#22 = VERTEX_POINT('',#23);
#23 = CARTESIAN_POINT('',(-6.931102061812,13.611960319872,
    -0.517831596981));
#24 = VERTEX_POINT('',#25);
#25 = CARTESIAN_POINT('',(-6.933282677132,13.611803707572,
    -0.517566650781));
#26 = B_SPLINE_CURVE_WITH_KNOTS('',1,(#27,#28),.UNSPECIFIED.,.F.,.F.,(2,
    2),(-1.10111387865E-03,1.10111387865E-03),.PIECEWISE_BEZIER_KNOTS.);
#27 = CARTESIAN_POINT('',(-6.931102061842,13.611960319772,
    -0.517831597281));
#28 = CARTESIAN_POINT('',(-6.933282677162,13.611803707472,
    -0.517566651081));
#29 = ORIENTED_EDGE('',*,*,#30,.F.);
#30 = EDGE_CURVE('',#31,#22,#33,.T.);
#31 = VERTEX_POINT('',#32);
#32 = CARTESIAN_POINT('',(-7.147111186232,13.228292131572,
    -0.399485268081));
#33 = B_SPLINE_CURVE_WITH_KNOTS('',3,(#34,#35,#36,#37),.UNSPECIFIED.,.F.
  ,.F.,(4,4),(0.,0.644983770611),.PIECEWISE_BEZIER_KNOTS.);
#34 = CARTESIAN_POINT('',(-7.147111186232,13.228292131572,
    -0.399485268081));
#35 = CARTESIAN_POINT('',(-7.070381753642,13.352676075472,
    -0.441194206281));
#36 = CARTESIAN_POINT('',(-6.998037599082,13.480629253772,
    -0.480814869381));
#37 = CARTESIAN_POINT('',(-6.931102129072,13.611960188172,
    -0.517831559881));
#38 = ORIENTED_EDGE('',*,*,#39,.T.);
#39 = EDGE_CURVE('',#31,#40,#42,.T.);
#40 = VERTEX_POINT('',#41);
#41 = CARTESIAN_POINT('',(-7.383005460352,13.611960108272,
    -0.470334587581));
#42 = B_SPLINE_CURVE_WITH_KNOTS('',3,(#43,#44,#45,#46),.UNSPECIFIED.,.F.
  ,.F.,(4,4),(0.,0.644983639842),.PIECEWISE_BEZIER_KNOTS.);
#43 = CARTESIAN_POINT('',(-7.147111186232,13.228292131572,
    -0.399485268081));
#44 = CARTESIAN_POINT('',(-7.230835655522,13.352676050272,
    -0.424329814781));
#45 = CARTESIAN_POINT('',(-7.309836500702,13.480629201972,
    -0.448043471281));
#46 = CARTESIAN_POINT('',(-7.383005460352,13.611960108272,
    -0.470334587581));
#47 = ORIENTED_EDGE('',*,*,#48,.T.);
#48 = EDGE_CURVE('',#40,#49,#51,.T.);
#49 = VERTEX_POINT('',#50);
#50 = CARTESIAN_POINT('',(-7.380817529312,13.611803707572,
    -0.470528842381));
#51 = B_SPLINE_CURVE_WITH_KNOTS('',1,(#52,#53),.UNSPECIFIED.,.F.,.F.,(2,
    2),(-1.10111387888E-03,1.10111387888E-03),.PIECEWISE_BEZIER_KNOTS.);
#52 = CARTESIAN_POINT('',(-7.383005578402,13.611960319772,
    -0.470334623781));
#53 = CARTESIAN_POINT('',(-7.380817529342,13.611803707472,
    -0.470528842681));
#54 = ORIENTED_EDGE('',*,*,#55,.F.);
#55 = EDGE_CURVE('',#24,#49,#56,.T.);
#56 = LINE('',#57,#58);
#57 = CARTESIAN_POINT('',(-5.665267261822,13.611803707572,
    -0.650840441581));
#58 = VECTOR('',#59,1.);
#59 = DIRECTION('',(-0.994521895368,2.324332120112E-16,0.104528463268));
#60 = CYLINDRICAL_SURFACE('',#61,10.);
#61 = AXIS2_PLACEMENT_3D('',#62,#63,#64);
#62 = CARTESIAN_POINT('',(-4.645928127942,15.826004089772,9.047523564919
    ));
#63 = DIRECTION('',(-0.994521895368,2.324332120112E-16,0.104528463268));
#64 = DIRECTION('',(-0.104528463268,-2.597178938597E-17,-0.994521895368)
  );
#65 = ADVANCED_FACE('',(#66),#115,.F.);
#66 = FACE_BOUND('',#67,.F.);
#67 = EDGE_LOOP('',(#68,#78,#87,#95,#96,#97,#98,#108));
#68 = ORIENTED_EDGE('',*,*,#69,.F.);
#69 = EDGE_CURVE('',#70,#72,#74,.T.);
#70 = VERTEX_POINT('',#71);
#71 = CARTESIAN_POINT('',(-6.310960100242,15.826004089772,
    -0.832557318581));
#72 = VERTEX_POINT('',#73);
#73 = CARTESIAN_POINT('',(-8.055031233072,15.826004089772,
    -0.649248055881));
#74 = LINE('',#75,#76);
#75 = CARTESIAN_POINT('',(-5.691212761362,15.826004089772,
    -0.897695388681));
#76 = VECTOR('',#77,1.);
#77 = DIRECTION('',(-0.994521895368,2.324332120112E-16,0.104528463268));
#78 = ORIENTED_EDGE('',*,*,#79,.F.);
#79 = EDGE_CURVE('',#80,#70,#82,.T.);
#80 = VERTEX_POINT('',#81);
#81 = CARTESIAN_POINT('',(-6.450595892312,15.309011193072,
    -0.804434318381));
#82 = B_SPLINE_CURVE_WITH_KNOTS('',3,(#83,#84,#85,#86),.UNSPECIFIED.,.F.
  ,.F.,(4,4),(0.,0.765223965544),.PIECEWISE_BEZIER_KNOTS.);
#83 = CARTESIAN_POINT('',(-6.450595892312,15.309011193072,
    -0.804434318381));
#84 = CARTESIAN_POINT('',(-6.439479989472,15.485698076372,
    -0.814799848581));
#85 = CARTESIAN_POINT('',(-6.389272980552,15.660344630972,
    -0.824326303181));
#86 = CARTESIAN_POINT('',(-6.310959974272,15.826004089772,
    -0.832557331781));
#87 = ORIENTED_EDGE('',*,*,#88,.T.);
#88 = EDGE_CURVE('',#80,#22,#89,.T.);
#89 = B_SPLINE_CURVE_WITH_KNOTS('',4,(#90,#91,#92,#93,#94),
  .UNSPECIFIED.,.F.,.F.,(5,5),(0.,2.55578082934),
  .PIECEWISE_BEZIER_KNOTS.);
#90 = CARTESIAN_POINT('',(-6.450600239182,15.308941555272,
    -0.804430236381));
#91 = CARTESIAN_POINT('',(-6.478414148632,14.860022452672,
    -0.778135831481));
#92 = CARTESIAN_POINT('',(-6.575511091992,14.417429336672,
    -0.717464214381));
#93 = CARTESIAN_POINT('',(-6.732672757622,14.001289054872,
    -0.627567078581));
#94 = CARTESIAN_POINT('',(-6.931102277762,13.611959896772,
    -0.517831477681));
#95 = ORIENTED_EDGE('',*,*,#21,.T.);
#96 = ORIENTED_EDGE('',*,*,#55,.T.);
#97 = ORIENTED_EDGE('',*,*,#48,.F.);
#98 = ORIENTED_EDGE('',*,*,#99,.F.);
#99 = EDGE_CURVE('',#100,#40,#102,.T.);
#100 = VERTEX_POINT('',#101);
#101 = CARTESIAN_POINT('',(-7.912594491022,15.308941555272,
    -0.650768448581));
#102 = B_SPLINE_CURVE_WITH_KNOTS('',4,(#103,#104,#105,#106,#107),
  .UNSPECIFIED.,.F.,.F.,(5,5),(0.,2.55578082936),
  .PIECEWISE_BEZIER_KNOTS.);
#103 = CARTESIAN_POINT('',(-7.912594491022,15.308941555272,
    -0.650768448581));
#104 = CARTESIAN_POINT('',(-7.879921468022,14.860022452672,
    -0.630831476481));
#105 = CARTESIAN_POINT('',(-7.772331987352,14.417429336672,
    -0.591673269481));
#106 = CARTESIAN_POINT('',(-7.599914015682,14.001289054872,
    -0.536416349381));
#107 = CARTESIAN_POINT('',(-7.383005342332,13.611959896772,
    -0.470334551681));
#108 = ORIENTED_EDGE('',*,*,#109,.T.);
#109 = EDGE_CURVE('',#100,#72,#110,.T.);
#110 = B_SPLINE_CURVE_WITH_KNOTS('',3,(#111,#112,#113,#114),
  .UNSPECIFIED.,.F.,.F.,(4,4),(0.,0.765223965577),
  .PIECEWISE_BEZIER_KNOTS.);
#111 = CARTESIAN_POINT('',(-7.912599591602,15.309011193072,
    -0.650771537681));
#112 = CARTESIAN_POINT('',(-7.925627700202,15.485698076472,
    -0.658599429881));
#113 = CARTESIAN_POINT('',(-7.976718226732,15.660344630972,
    -0.657479084581));
#114 = CARTESIAN_POINT('',(-8.055031233072,15.826004089772,
    -0.649248055881));
#115 = CYLINDRICAL_SURFACE('',#116,10.);
#116 = AXIS2_PLACEMENT_3D('',#117,#118,#119);
#117 = CARTESIAN_POINT('',(-4.645928127942,15.826004089772,
    9.047523564919));
#118 = DIRECTION('',(-0.994521895368,2.324332120112E-16,0.104528463268)
  );
#119 = DIRECTION('',(-0.104528463268,-2.597178938597E-17,-0.994521895368
    ));
#120 = ADVANCED_FACE('',(#121),#180,.F.);
#121 = FACE_BOUND('',#122,.T.);
#122 = EDGE_LOOP('',(#123,#131,#142,#150,#173,#179));
#123 = ORIENTED_EDGE('',*,*,#124,.T.);
#124 = EDGE_CURVE('',#40,#125,#127,.T.);
#125 = VERTEX_POINT('',#126);
#126 = CARTESIAN_POINT('',(-9.186841216172,13.594714349372,
    -0.936617701881));
#127 = LINE('',#128,#129);
#128 = CARTESIAN_POINT('',(-8.284923338072,13.603337228572,
    -0.703476144581));
#129 = VECTOR('',#130,1.);
#130 = DIRECTION('',(-0.96813485253,-9.255953519418E-03,-0.250258335808)
  );
#131 = ORIENTED_EDGE('',*,*,#132,.F.);
#132 = EDGE_CURVE('',#133,#125,#135,.T.);
#133 = VERTEX_POINT('',#134);
#134 = CARTESIAN_POINT('',(-9.191292065672,6.365794190272,
    -0.752856638881));
#135 = B_SPLINE_CURVE_WITH_KNOTS('',5,(#136,#137,#138,#139,#140,#141),
  .UNSPECIFIED.,.F.,.F.,(6,6),(0.,10.2265414154),
  .PIECEWISE_BEZIER_KNOTS.);
#136 = CARTESIAN_POINT('',(-9.191292065672,6.365794190272,
    -0.752856638881));
#137 = CARTESIAN_POINT('',(-9.190492971582,7.811577676572,
    -0.789632402481));
#138 = CARTESIAN_POINT('',(-9.189648286272,9.257361437572,
    -0.826396376781));
#139 = CARTESIAN_POINT('',(-9.188758064732,10.703145475272,
    -0.863148576181));
#140 = CARTESIAN_POINT('',(-9.187822356842,12.148929778472,
    -0.899889013281));
#141 = CARTESIAN_POINT('',(-9.186841216172,13.594714349372,
    -0.936617701881));
#142 = ORIENTED_EDGE('',*,*,#143,.T.);
#143 = EDGE_CURVE('',#133,#144,#146,.T.);
#144 = VERTEX_POINT('',#145);
#145 = CARTESIAN_POINT('',(-8.759221746852,6.205367984472,
    -0.636959181281));
#146 = LINE('',#147,#148);
#147 = CARTESIAN_POINT('',(-8.975256906262,6.285581087372,
    -0.694907910081));
#148 = VECTOR('',#149,1.);
#149 = DIRECTION('',(0.909161369389,-0.337568452635,0.243871163109));
#150 = ORIENTED_EDGE('',*,*,#151,.F.);
#151 = EDGE_CURVE('',#152,#144,#154,.T.);
#152 = VERTEX_POINT('',#153);
#153 = CARTESIAN_POINT('',(-7.128141954322,6.364530115172,
    -0.219005084481));
#154 = B_SPLINE_CURVE_WITH_KNOTS('',5,(#155,#156,#157,#158,#159,#160,
    #161,#162,#163,#164,#165,#166,#167,#168,#169,#170,#171,#172),
  .UNSPECIFIED.,.F.,.F.,(6,3,3,3,3,6),(0.,0.168128585009,0.427073708949,
    0.809141690212,1.80176762515,2.48065937262),.UNSPECIFIED.);
#155 = CARTESIAN_POINT('',(-7.128141954322,6.364530115172,
    -0.219005084481));
#156 = CARTESIAN_POINT('',(-7.142759593342,6.346059550772,
    -0.222314781681));
#157 = CARTESIAN_POINT('',(-7.159640609172,6.329452396272,
    -0.226257769781));
#158 = CARTESIAN_POINT('',(-7.178057266942,6.314137401172,
    -0.230631142681));
#159 = CARTESIAN_POINT('',(-7.226142878122,6.279310498272,
    -0.242181950881));
#160 = CARTESIAN_POINT('',(-7.278379630892,6.251383380772,
    -0.254983318581));
#161 = CARTESIAN_POINT('',(-7.311023047372,6.236181605172,
    -0.263040617481));
#162 = CARTESIAN_POINT('',(-7.392818204882,6.202574658372,
    -0.283344635681));
#163 = CARTESIAN_POINT('',(-7.477272582912,6.176916734672,
    -0.304540032981));
#164 = CARTESIAN_POINT('',(-7.528263779122,6.163713588272,
    -0.317395758381));
#165 = CARTESIAN_POINT('',(-7.712490699332,6.123093918172,
    -0.364023576481));
#166 = CARTESIAN_POINT('',(-7.900700523582,6.103936144472,
    -0.412230916981));
#167 = CARTESIAN_POINT('',(-8.035328944482,6.098289355572,
    -0.446920216481));
#168 = CARTESIAN_POINT('',(-8.264705962632,6.102303800772,
    -0.506371887281));
#169 = CARTESIAN_POINT('',(-8.491682526942,6.132999114372,
    -0.565884950081));
#170 = CARTESIAN_POINT('',(-8.581233988592,6.150168754872,
    -0.589494676881));
#171 = CARTESIAN_POINT('',(-8.671929156432,6.172956549572,
    -0.613544035981));
#172 = CARTESIAN_POINT('',(-8.759221746852,6.205367984472,
    -0.636959181281));
#173 = ORIENTED_EDGE('',*,*,#174,.T.);
#174 = EDGE_CURVE('',#152,#31,#175,.T.);
#175 = LINE('',#176,#177);
#176 = CARTESIAN_POINT('',(-7.137626570162,9.796411123172,
    -0.309245176281));
#177 = VECTOR('',#178,1.);
#178 = DIRECTION('',(-2.762713060092E-03,0.999650660013,
    -2.628545893642E-02));
#179 = ORIENTED_EDGE('',*,*,#39,.T.);
#180 = PLANE('',#181);
#181 = AXIS2_PLACEMENT_3D('',#182,#183,#184);
#182 = CARTESIAN_POINT('',(-7.380735437942,13.611981598672,
    -0.469747791781));
#183 = DIRECTION('',(0.25041420755,-2.47564769383E-02,-0.967822215857));
#184 = DIRECTION('',(-0.968134852215,-9.256067445228E-03,-0.250258332812
    ));
#185 = ADVANCED_FACE('',(#186),#238,.T.);
#186 = FACE_BOUND('',#187,.T.);
#187 = EDGE_LOOP('',(#188,#189,#190,#213,#221,#232));
#188 = ORIENTED_EDGE('',*,*,#30,.F.);
#189 = ORIENTED_EDGE('',*,*,#174,.F.);
#190 = ORIENTED_EDGE('',*,*,#191,.T.);
#191 = EDGE_CURVE('',#152,#192,#194,.T.);
#192 = VERTEX_POINT('',#193);
#193 = CARTESIAN_POINT('',(-5.619602712042,6.205367984472,
    -0.966946438981));
#194 = B_SPLINE_CURVE_WITH_KNOTS('',5,(#195,#196,#197,#198,#199,#200,
    #201,#202,#203,#204,#205,#206,#207,#208,#209,#210,#211,#212),
  .UNSPECIFIED.,.F.,.F.,(6,3,3,3,3,6),(0.,0.168128588472,0.427073711872,
    0.809141691984,1.80176762786,2.48065937859),.UNSPECIFIED.);
#195 = CARTESIAN_POINT('',(-7.128141954772,6.364530115172,
    -0.219005084481));
#196 = CARTESIAN_POINT('',(-7.114531870622,6.346059550372,
    -0.225281634981));
#197 = CARTESIAN_POINT('',(-7.098839538492,6.329452395572,
    -0.232648220181));
#198 = CARTESIAN_POINT('',(-7.081734604142,6.314137399672,
    -0.240755062781));
#199 = CARTESIAN_POINT('',(-7.037101326482,6.279310496672,
    -0.262051019181));
#200 = CARTESIAN_POINT('',(-6.988667625562,6.251383379272,
    -0.285433278081));
#201 = CARTESIAN_POINT('',(-6.958412752822,6.236181603172,
    -0.300101453481));
#202 = CARTESIAN_POINT('',(-6.882626458562,6.202574656572,
    -0.336967949681));
#203 = CARTESIAN_POINT('',(-6.804424382252,6.176916732972,
    -0.375259229181));
#204 = CARTESIAN_POINT('',(-6.757220321412,6.163713588072,
    -0.398435692081));
#205 = CARTESIAN_POINT('',(-6.586713669652,6.123093918072,
    -0.482347511181));
#206 = CARTESIAN_POINT('',(-6.412639551032,6.103936144672,
    -0.568632428381));
#207 = CARTESIAN_POINT('',(-6.288165398012,6.098289355272,
    -0.630554504681));
#208 = CARTESIAN_POINT('',(-6.076161514532,6.102303800672,
    -0.736397177981));
#209 = CARTESIAN_POINT('',(-5.866518393462,6.132999114672,
    -0.841800819181));
#210 = CARTESIAN_POINT('',(-5.783832586482,6.150168754572,
    -0.883513411481));
#211 = CARTESIAN_POINT('',(-5.700119468002,6.172956549372,
    -0.925893820481));
#212 = CARTESIAN_POINT('',(-5.619602712042,6.205367984472,
    -0.966946438981));
#213 = ORIENTED_EDGE('',*,*,#214,.F.);
#214 = EDGE_CURVE('',#215,#192,#217,.T.);
#215 = VERTEX_POINT('',#216);
#216 = CARTESIAN_POINT('',(-4.982412426322,6.461864305772,
    -1.291827010981));
#217 = LINE('',#218,#219);
#218 = CARTESIAN_POINT('',(-5.301007569182,6.333616145172,
    -1.129386724981));
#219 = VECTOR('',#220,1.);
#220 = DIRECTION('',(-0.838590346213,-0.337568452849,0.427567270589));
#221 = ORIENTED_EDGE('',*,*,#222,.F.);
#222 = EDGE_CURVE('',#223,#215,#225,.T.);
#223 = VERTEX_POINT('',#224);
#224 = CARTESIAN_POINT('',(-4.976768300432,13.591747454972,
    -1.491946844281));
#225 = B_SPLINE_CURVE_WITH_KNOTS('',5,(#226,#227,#228,#229,#230,#231),
  .UNSPECIFIED.,.F.,.F.,(6,6),(0.,10.0871515874),
  .PIECEWISE_BEZIER_KNOTS.);
#226 = CARTESIAN_POINT('',(-4.976768300432,13.591747454972,
    -1.491946844281));
#227 = CARTESIAN_POINT('',(-4.977976792572,12.165772005172,
    -1.451883178381));
#228 = CARTESIAN_POINT('',(-4.979145367492,10.739795962672,
    -1.411839403781));
#229 = CARTESIAN_POINT('',(-4.980274110482,9.313819326572,
    -1.371815477981));
#230 = CARTESIAN_POINT('',(-4.981363102132,7.887842107872,
    -1.331811360981));
#231 = CARTESIAN_POINT('',(-4.982412426322,6.461864305772,
    -1.291827010981));
#232 = ORIENTED_EDGE('',*,*,#233,.F.);
#233 = EDGE_CURVE('',#22,#223,#234,.T.);
#234 = LINE('',#235,#236);
#235 = CARTESIAN_POINT('',(-5.953935180782,13.601853674772,
    -1.004889214881));
#236 = VECTOR('',#237,1.);
#237 = DIRECTION('',(0.894947150302,-9.256261852226E-03,-0.446076136755)
  );
#238 = PLANE('',#239);
#239 = AXIS2_PLACEMENT_3D('',#240,#241,#242);
#240 = CARTESIAN_POINT('',(-6.933200585032,13.611981598672,
    -0.516785600281));
#241 = DIRECTION('',(0.446163609614,2.475647693832E-02,0.894608937081));
#242 = DIRECTION('',(0.894947149765,-9.256067445222E-03,-0.446076141867)
  );
#243 = ADVANCED_FACE('',(#244),#274,.F.);
#244 = FACE_BOUND('',#245,.F.);
#245 = EDGE_LOOP('',(#246,#247,#256,#265));
#246 = ORIENTED_EDGE('',*,*,#109,.F.);
#247 = ORIENTED_EDGE('',*,*,#248,.T.);
#248 = EDGE_CURVE('',#100,#249,#251,.T.);
#249 = VERTEX_POINT('',#250);
#250 = CARTESIAN_POINT('',(-10.04693399099,15.288887557672,
    -1.202494230081));
#251 = B_SPLINE_CURVE_WITH_KNOTS('',3,(#252,#253,#254,#255),
  .UNSPECIFIED.,.F.,.F.,(4,4),(0.,3.11775836067),
  .PIECEWISE_BEZIER_KNOTS.);
#252 = CARTESIAN_POINT('',(-7.912594488222,15.308941554972,
    -0.650768459381));
#253 = CARTESIAN_POINT('',(-8.624040502172,15.302256894372,
    -0.834676903381));
#254 = CARTESIAN_POINT('',(-9.335487669412,15.295473735072,
    -1.018583158481));
#255 = CARTESIAN_POINT('',(-10.04693375672,15.288796274072,
    -1.202491803281));
#256 = ORIENTED_EDGE('',*,*,#257,.F.);
#257 = EDGE_CURVE('',#258,#249,#260,.T.);
#258 = VERTEX_POINT('',#259);
#259 = CARTESIAN_POINT('',(-9.967656905712,17.466645161772,
    -0.448222949281));
#260 = CIRCLE('',#261,3.26275304967);
#261 = AXIS2_PLACEMENT_3D('',#262,#263,#264);
#262 = CARTESIAN_POINT('',(-9.705999313642,15.373930615672,
    2.041282743819));
#263 = DIRECTION('',(-0.994521895368,2.341679354872E-16,0.104528463268)
  );
#264 = DIRECTION('',(0.104528463268,8.720412934339E-17,0.994521895368));
#265 = ORIENTED_EDGE('',*,*,#266,.T.);
#266 = EDGE_CURVE('',#258,#72,#267,.T.);
#267 = B_SPLINE_CURVE_WITH_KNOTS('',5,(#268,#269,#270,#271,#272,#273),
  .UNSPECIFIED.,.F.,.F.,(6,6),(0.,51.9174648201),
  .PIECEWISE_BEZIER_KNOTS.);
#268 = CARTESIAN_POINT('',(-9.967656905692,17.466645161772,
    -0.448222949281));
#269 = CARTESIAN_POINT('',(-9.217474291952,17.026937000372,
    -0.527070319181));
#270 = CARTESIAN_POINT('',(-8.743620422922,16.681264929572,
    -0.577034508281));
#271 = CARTESIAN_POINT('',(-8.404574034272,16.374663948272,
    -0.612457424481));
#272 = CARTESIAN_POINT('',(-8.181745466512,16.094049382872,
    -0.635929805381));
#273 = CARTESIAN_POINT('',(-8.055031100812,15.826004085472,
    -0.649248021881));
#274 = CONICAL_SURFACE('',#275,2.3,0.357792496659);
#275 = AXIS2_PLACEMENT_3D('',#276,#277,#278);
#276 = CARTESIAN_POINT('',(-7.145105433072,15.373930615672,
    1.772121950919));
#277 = DIRECTION('',(-0.994521895368,2.324332120112E-16,0.104528463268)
  );
#278 = DIRECTION('',(1.30334001962E-02,0.99219605402,0.124004519544));
#279 = ADVANCED_FACE('',(#280),#310,.F.);
#280 = FACE_BOUND('',#281,.T.);
#281 = EDGE_LOOP('',(#282,#283,#284,#285,#293,#301));
#282 = ORIENTED_EDGE('',*,*,#124,.F.);
#283 = ORIENTED_EDGE('',*,*,#99,.F.);
#284 = ORIENTED_EDGE('',*,*,#248,.T.);
#285 = ORIENTED_EDGE('',*,*,#286,.F.);
#286 = EDGE_CURVE('',#287,#249,#289,.T.);
#287 = VERTEX_POINT('',#288);
#288 = CARTESIAN_POINT('',(-10.0450383889,14.602981540172,
    -1.184458580581));
#289 = LINE('',#290,#291);
#290 = CARTESIAN_POINT('',(-10.04598618995,14.945934548872,
    -1.193476405281));
#291 = VECTOR('',#292,1.);
#292 = DIRECTION('',(-2.762681522329E-03,0.999650660315,
    -2.6285450784E-02));
#293 = ORIENTED_EDGE('',*,*,#294,.T.);
#294 = EDGE_CURVE('',#287,#295,#297,.T.);
#295 = VERTEX_POINT('',#296);
#296 = CARTESIAN_POINT('',(-9.186148147012,14.602981539672,
    -0.962229419281));
#297 = LINE('',#298,#299);
#298 = CARTESIAN_POINT('',(-9.615593267952,14.602981539872,
    -1.073343999981));
#299 = VECTOR('',#300,1.);
#300 = DIRECTION('',(0.968118933215,-5.225269205865E-10,0.250490980178)
  );
#301 = ORIENTED_EDGE('',*,*,#302,.T.);
#302 = EDGE_CURVE('',#295,#125,#303,.T.);
#303 = B_SPLINE_CURVE_WITH_KNOTS('',5,(#304,#305,#306,#307,#308,#309),
  .UNSPECIFIED.,.F.,.F.,(6,6),(0.,1.42636557848),
  .PIECEWISE_BEZIER_KNOTS.);
#304 = CARTESIAN_POINT('',(-9.186148147012,14.602981539672,
    -0.962229419281));
#305 = CARTESIAN_POINT('',(-9.186288528132,14.401328070072,
    -0.957107532281));
#306 = CARTESIAN_POINT('',(-9.186428025622,14.199674605572,
    -0.951985416781));
#307 = CARTESIAN_POINT('',(-9.186566639062,13.998021146172,
    -0.946863072681));
#308 = CARTESIAN_POINT('',(-9.186704369302,13.796367692072,
    -0.941740500181));
#309 = CARTESIAN_POINT('',(-9.186841215882,13.594714243172,
    -0.936617699081));
#310 = PLANE('',#311);
#311 = AXIS2_PLACEMENT_3D('',#312,#313,#314);
#312 = CARTESIAN_POINT('',(-7.380735437942,13.611981598672,
    -0.469747791781));
#313 = DIRECTION('',(0.25041420755,-2.47564769383E-02,-0.967822215857));
#314 = DIRECTION('',(-0.968134852215,-9.256067445228E-03,-0.250258332812
    ));
#315 = ADVANCED_FACE('',(#316),#337,.T.);
#316 = FACE_BOUND('',#317,.T.);
#317 = EDGE_LOOP('',(#318,#326,#327,#328));
#318 = ORIENTED_EDGE('',*,*,#319,.F.);
#319 = EDGE_CURVE('',#80,#320,#322,.T.);
#320 = VERTEX_POINT('',#321);
#321 = CARTESIAN_POINT('',(-4.975303179552,15.293683169072,
    -1.539775134481));
#322 = LINE('',#323,#324);
#323 = CARTESIAN_POINT('',(-5.712949428042,15.301487500572,
    -1.172108669881));
#324 = VECTOR('',#325,1.);
#325 = DIRECTION('',(0.894946788748,-9.128091749218E-03,-0.446079503285)
  );
#326 = ORIENTED_EDGE('',*,*,#88,.T.);
#327 = ORIENTED_EDGE('',*,*,#233,.T.);
#328 = ORIENTED_EDGE('',*,*,#329,.F.);
#329 = EDGE_CURVE('',#320,#223,#330,.T.);
#330 = B_SPLINE_CURVE_WITH_KNOTS('',5,(#331,#332,#333,#334,#335,#336),
  .UNSPECIFIED.,.F.,.F.,(6,6),(0.,2.40785228497),
  .PIECEWISE_BEZIER_KNOTS.);
#331 = CARTESIAN_POINT('',(-4.975303179552,15.293683169072,
    -1.539775134481));
#332 = CARTESIAN_POINT('',(-4.975600757352,14.953296008972,
    -1.530207204981));
#333 = CARTESIAN_POINT('',(-4.975896057202,14.612908815072,
    -1.520640410581));
#334 = CARTESIAN_POINT('',(-4.976189080522,14.272521587372,
    -1.511074750581));
#335 = CARTESIAN_POINT('',(-4.976479827992,13.932134325772,
    -1.501510224681));
#336 = CARTESIAN_POINT('',(-4.976768300922,13.591747030472,
    -1.491946832281));
#337 = PLANE('',#338);
#338 = AXIS2_PLACEMENT_3D('',#339,#340,#341);
#339 = CARTESIAN_POINT('',(-6.933200585032,13.611981598672,
    -0.516785600281));
#340 = DIRECTION('',(0.446163609614,2.475647693832E-02,0.894608937081));
#341 = DIRECTION('',(0.894947149765,-9.256067445222E-03,-0.446076141867)
  );
#342 = ADVANCED_FACE('',(#343),#365,.F.);
#343 = FACE_BOUND('',#344,.F.);
#344 = EDGE_LOOP('',(#345,#346,#347,#357));
#345 = ORIENTED_EDGE('',*,*,#319,.F.);
#346 = ORIENTED_EDGE('',*,*,#79,.T.);
#347 = ORIENTED_EDGE('',*,*,#348,.T.);
#348 = EDGE_CURVE('',#70,#349,#351,.T.);
#349 = VERTEX_POINT('',#350);
#350 = CARTESIAN_POINT('',(-4.989815693562,17.099579417572,
    -0.971414867281));
#351 = B_SPLINE_CURVE_WITH_KNOTS('',4,(#352,#353,#354,#355,#356),
  .UNSPECIFIED.,.F.,.F.,(5,5),(0.,42.6364017557),
  .PIECEWISE_BEZIER_KNOTS.);
#352 = CARTESIAN_POINT('',(-6.310960094502,15.826004089772,
    -0.832557271181));
#353 = CARTESIAN_POINT('',(-6.180847909452,16.101236963472,
    -0.846232612881));
#354 = CARTESIAN_POINT('',(-5.939815089242,16.390587117872,
    -0.871567816681));
#355 = CARTESIAN_POINT('',(-5.582439096522,16.707041152772,
    -0.909129697781));
#356 = CARTESIAN_POINT('',(-4.989815693562,17.099579417572,
    -0.971414867281));
#357 = ORIENTED_EDGE('',*,*,#358,.F.);
#358 = EDGE_CURVE('',#320,#349,#359,.T.);
#359 = B_SPLINE_CURVE_WITH_KNOTS('',4,(#360,#361,#362,#363,#364),
  .UNSPECIFIED.,.F.,.F.,(5,5),(0.,62.9928222418),
  .PIECEWISE_BEZIER_KNOTS.);
#360 = CARTESIAN_POINT('',(-4.975302936662,15.293963809172,
    -1.539782967981));
#361 = CARTESIAN_POINT('',(-4.974886745752,15.776704709972,
    -1.553164565781));
#362 = CARTESIAN_POINT('',(-4.977984748782,16.262903431972,
    -1.458570152681));
#363 = CARTESIAN_POINT('',(-4.984131252112,16.713072298472,
    -1.256096360381));
#364 = CARTESIAN_POINT('',(-4.989815693562,17.099579417572,
    -0.971414867281));
#365 = CONICAL_SURFACE('',#366,2.3,0.357792496659);
#366 = AXIS2_PLACEMENT_3D('',#367,#368,#369);
#367 = CARTESIAN_POINT('',(-6.697570580152,15.373930615672,
    1.725084142519));
#368 = DIRECTION('',(0.994521895368,-2.324332120112E-16,-0.104528463268)
  );
#369 = DIRECTION('',(-0.104492950243,-2.60648155457E-02,-0.994184011509)
  );
#370 = ADVANCED_FACE('',(#371),#398,.F.);
#371 = FACE_BOUND('',#372,.F.);
#372 = EDGE_LOOP('',(#373,#374,#375,#383,#391,#397));
#373 = ORIENTED_EDGE('',*,*,#69,.T.);
#374 = ORIENTED_EDGE('',*,*,#266,.F.);
#375 = ORIENTED_EDGE('',*,*,#376,.T.);
#376 = EDGE_CURVE('',#258,#377,#379,.T.);
#377 = VERTEX_POINT('',#378);
#378 = CARTESIAN_POINT('',(-9.967656906442,18.054275816272,
    -0.448222949181));
#379 = LINE('',#380,#381);
#380 = CARTESIAN_POINT('',(-9.967656906442,17.760460489372,
    -0.448222949181));
#381 = VECTOR('',#382,1.);
#382 = DIRECTION('',(2.22044604925E-16,1.,-1.110223024625E-16));
#383 = ORIENTED_EDGE('',*,*,#384,.T.);
#384 = EDGE_CURVE('',#377,#385,#387,.T.);
#385 = VERTEX_POINT('',#386);
#386 = CARTESIAN_POINT('',(-4.989815692402,18.054275816272,
    -0.971415143181));
#387 = LINE('',#388,#389);
#388 = CARTESIAN_POINT('',(-7.478736299422,18.054275816272,
    -0.709819046181));
#389 = VECTOR('',#390,1.);
#390 = DIRECTION('',(0.994521895368,-2.324332120112E-16,-0.104528463268)
  );
#391 = ORIENTED_EDGE('',*,*,#392,.F.);
#392 = EDGE_CURVE('',#349,#385,#393,.T.);
#393 = LINE('',#394,#395);
#394 = CARTESIAN_POINT('',(-4.989815707222,17.576927617172,
    -0.971415141681));
#395 = VECTOR('',#396,1.);
#396 = DIRECTION('',(3.104553764594E-08,1.,-3.263016384692E-09));
#397 = ORIENTED_EDGE('',*,*,#348,.F.);
#398 = PLANE('',#399);
#399 = AXIS2_PLACEMENT_3D('',#400,#401,#402);
#400 = CARTESIAN_POINT('',(-7.182995598672,15.826004089772,
    -0.740902646381));
#401 = DIRECTION('',(-0.104528463268,-8.720412934339E-17,-0.994521895368
    ));
#402 = DIRECTION('',(2.22044604925E-16,1.,-1.110223024625E-16));
#403 = ADVANCED_FACE('',(#404),#433,.T.);
#404 = FACE_BOUND('',#405,.T.);
#405 = EDGE_LOOP('',(#406,#407,#408,#417,#426));
#406 = ORIENTED_EDGE('',*,*,#132,.T.);
#407 = ORIENTED_EDGE('',*,*,#302,.F.);
#408 = ORIENTED_EDGE('',*,*,#409,.T.);
#409 = EDGE_CURVE('',#295,#410,#412,.T.);
#410 = VERTEX_POINT('',#411);
#411 = CARTESIAN_POINT('',(-8.612816984512,14.602981539872,
    -6.507876588481));
#412 = CIRCLE('',#413,36.9);
#413 = AXIS2_PLACEMENT_3D('',#414,#415,#416);
#414 = CARTESIAN_POINT('',(27.70000000115,14.602981539872,
    4.874773851905E-02));
#415 = DIRECTION('',(-2.22044604925E-16,-1.,1.110223024625E-16));
#416 = DIRECTION('',(-1.,2.22044604925E-16,1.224646799147E-16));
#417 = ORIENTED_EDGE('',*,*,#418,.F.);
#418 = EDGE_CURVE('',#419,#410,#421,.T.);
#419 = VERTEX_POINT('',#420);
#420 = CARTESIAN_POINT('',(-9.066948321802,8.669169757972,
    -3.081988758981));
#421 = B_SPLINE_CURVE_WITH_KNOTS('',3,(#422,#423,#424,#425),
  .UNSPECIFIED.,.F.,.F.,(4,4),(0.,9.71249679569),
  .PIECEWISE_BEZIER_KNOTS.);
#422 = CARTESIAN_POINT('',(-9.066948321802,8.669169757972,
    -3.081988758981));
#423 = CARTESIAN_POINT('',(-8.969575798492,10.649821500172,
    -4.225518575581));
#424 = CARTESIAN_POINT('',(-8.818642134862,12.628565325872,
    -5.367946855881));
#425 = CARTESIAN_POINT('',(-8.612816984512,14.602981539872,
    -6.507876588481));
#426 = ORIENTED_EDGE('',*,*,#427,.T.);
#427 = EDGE_CURVE('',#419,#133,#428,.T.);
#428 = B_SPLINE_CURVE_WITH_KNOTS('',3,(#429,#430,#431,#432),
  .UNSPECIFIED.,.F.,.F.,(4,4),(0.,4.63650724022),
  .PIECEWISE_BEZIER_KNOTS.);
#429 = CARTESIAN_POINT('',(-9.066948305802,8.669169804472,
    -3.081988946881));
#430 = CARTESIAN_POINT('',(-9.133099095262,7.903474270972,
    -2.305123020181));
#431 = CARTESIAN_POINT('',(-9.174438635492,7.135409132272,
    -1.528482201081));
#432 = CARTESIAN_POINT('',(-9.191292066512,6.365794191572,
    -0.752856639081));
#433 = CYLINDRICAL_SURFACE('',#434,36.9);
#434 = AXIS2_PLACEMENT_3D('',#435,#436,#437);
#435 = CARTESIAN_POINT('',(27.70000000115,7.602981539872,
    4.874773851905E-02));
#436 = DIRECTION('',(-2.22044604925E-16,-1.,1.110223024625E-16));
#437 = DIRECTION('',(-1.,2.22044604925E-16,1.224646799147E-16));
#438 = ADVANCED_FACE('',(#439),#467,.F.);
#439 = FACE_BOUND('',#440,.T.);
#440 = EDGE_LOOP('',(#441,#442,#450,#459,#460,#466));
#441 = ORIENTED_EDGE('',*,*,#427,.F.);
#442 = ORIENTED_EDGE('',*,*,#443,.T.);
#443 = EDGE_CURVE('',#419,#444,#446,.T.);
#444 = VERTEX_POINT('',#445);
#445 = CARTESIAN_POINT('',(-4.936565361962,7.655242855372,
    -2.496597743781));
#446 = LINE('',#447,#448);
#447 = CARTESIAN_POINT('',(-7.001756844642,8.162206291172,
    -2.789293304481));
#448 = VECTOR('',#449,1.);
#449 = DIRECTION('',(0.962095757316,-0.23617537395,0.13635595511));
#450 = ORIENTED_EDGE('',*,*,#451,.T.);
#451 = EDGE_CURVE('',#444,#215,#452,.T.);
#452 = B_SPLINE_CURVE_WITH_KNOTS('',5,(#453,#454,#455,#456,#457,#458),
  .UNSPECIFIED.,.F.,.F.,(6,6),(0.,2.3990739309),
  .PIECEWISE_BEZIER_KNOTS.);
#453 = CARTESIAN_POINT('',(-4.936565361962,7.655242855372,
    -2.496597743781));
#454 = CARTESIAN_POINT('',(-4.948587466192,7.416775998072,
    -2.255553770281));
#455 = CARTESIAN_POINT('',(-4.959181076812,7.178199678572,
    -2.014549872381));
#456 = CARTESIAN_POINT('',(-4.968348736802,6.939509752972,
    -1.773581616081));
#457 = CARTESIAN_POINT('',(-4.976091617822,6.700733309672,
    -1.532676115781));
#458 = CARTESIAN_POINT('',(-4.982412393422,6.461864318872,
    -1.291827027481));
#459 = ORIENTED_EDGE('',*,*,#214,.T.);
#460 = ORIENTED_EDGE('',*,*,#461,.T.);
#461 = EDGE_CURVE('',#192,#144,#462,.T.);
#462 = LINE('',#463,#464);
#463 = CARTESIAN_POINT('',(-7.189412229382,6.205367984372,
    -0.801952809481));
#464 = VECTOR('',#465,1.);
#465 = DIRECTION('',(-0.994521895368,4.733936741613E-15,0.104528463268)
  );
#466 = ORIENTED_EDGE('',*,*,#143,.F.);
#467 = PLANE('',#468);
#468 = AXIS2_PLACEMENT_3D('',#469,#470,#471);
#469 = CARTESIAN_POINT('',(-8.667926947852,20.349981539872,
    -14.86908069198));
#470 = DIRECTION('',(7.39127852036E-02,0.707106781187,0.703233176253));
#471 = DIRECTION('',(7.391278520366E-02,-0.707106781186,0.703233176254)
  );
#472 = ADVANCED_FACE('',(#473),#478,.T.);
#473 = FACE_BOUND('',#474,.T.);
#474 = EDGE_LOOP('',(#475,#476,#477));
#475 = ORIENTED_EDGE('',*,*,#151,.T.);
#476 = ORIENTED_EDGE('',*,*,#461,.F.);
#477 = ORIENTED_EDGE('',*,*,#191,.F.);
#478 = CYLINDRICAL_SURFACE('',#479,0.35);
#479 = AXIS2_PLACEMENT_3D('',#480,#481,#482);
#480 = CARTESIAN_POINT('',(-5.671759911592,6.452855358472,
    -0.712613893481));
#481 = DIRECTION('',(-0.994521895368,2.601887876268E-16,0.104528463268)
  );
#482 = DIRECTION('',(-7.391278520379E-02,-0.707106781187,-0.703233176253
    ));
#483 = ADVANCED_FACE('',(#484),#543,.F.);
#484 = FACE_BOUND('',#485,.F.);
#485 = EDGE_LOOP('',(#486,#496,#506,#515,#523,#530,#531,#532,#533,#534,
    #535));
#486 = ORIENTED_EDGE('',*,*,#487,.F.);
#487 = EDGE_CURVE('',#488,#490,#492,.T.);
#488 = VERTEX_POINT('',#489);
#489 = CARTESIAN_POINT('',(-4.999999998842,27.994570115172,
    4.874773851905E-02));
#490 = VERTEX_POINT('',#491);
#491 = CARTESIAN_POINT('',(-4.999999998842,19.508469145372,
    4.874773851905E-02));
#492 = LINE('',#493,#494);
#493 = CARTESIAN_POINT('',(-4.999999998842,24.482981540272,
    4.874773851905E-02));
#494 = VECTOR('',#495,1.);
#495 = DIRECTION('',(-2.22044604925E-16,-1.,1.110223024625E-16));
#496 = ORIENTED_EDGE('',*,*,#497,.T.);
#497 = EDGE_CURVE('',#488,#498,#500,.T.);
#498 = VERTEX_POINT('',#499);
#499 = CARTESIAN_POINT('',(-4.855291425902,27.934629860872,
    -3.794203677181));
#500 = B_SPLINE_CURVE_WITH_KNOTS('',4,(#501,#502,#503,#504,#505),
  .UNSPECIFIED.,.F.,.F.,(5,5),(0.,5.44111443519),
  .PIECEWISE_BEZIER_KNOTS.);
#501 = CARTESIAN_POINT('',(-4.999999998842,27.994570115172,
    4.874773851905E-02));
#502 = CARTESIAN_POINT('',(-4.999999998842,27.994570115172,
    -0.913055946481));
#503 = CARTESIAN_POINT('',(-4.975860510502,27.980199175472,
    -1.874727632881));
#504 = CARTESIAN_POINT('',(-4.927608737532,27.954007226172,
    -2.835318359481));
#505 = CARTESIAN_POINT('',(-4.855291425902,27.934629860872,
    -3.794203677181));
#506 = ORIENTED_EDGE('',*,*,#507,.T.);
#507 = EDGE_CURVE('',#498,#508,#510,.T.);
#508 = VERTEX_POINT('',#509);
#509 = CARTESIAN_POINT('',(-4.699999998852,27.893019647872,
    -5.480266640081));
#510 = B_SPLINE_CURVE_WITH_KNOTS('',3,(#511,#512,#513,#514),
  .UNSPECIFIED.,.F.,.F.,(4,4),(0.,2.39544039228),
  .PIECEWISE_BEZIER_KNOTS.);
#511 = CARTESIAN_POINT('',(-4.855291425902,27.934629860872,
    -3.794203677181));
#512 = CARTESIAN_POINT('',(-4.812839835142,27.923254991372,
    -4.357086978181));
#513 = CARTESIAN_POINT('',(-4.761063611982,27.909381593872,
    -4.919220613681));
#514 = CARTESIAN_POINT('',(-4.699999998852,27.893019647872,
    -5.480266640081));
#515 = ORIENTED_EDGE('',*,*,#516,.T.);
#516 = EDGE_CURVE('',#508,#517,#519,.T.);
#517 = VERTEX_POINT('',#518);
#518 = CARTESIAN_POINT('',(-4.699999998852,12.823108776972,
    -5.480266640081));
#519 = LINE('',#520,#521);
#520 = CARTESIAN_POINT('',(-4.699999998852,24.482981540272,
    -5.480266640081));
#521 = VECTOR('',#522,1.);
#522 = DIRECTION('',(-2.22044604925E-16,-1.,1.110223024625E-16));
#523 = ORIENTED_EDGE('',*,*,#524,.T.);
#524 = EDGE_CURVE('',#517,#444,#525,.T.);
#525 = B_SPLINE_CURVE_WITH_KNOTS('',3,(#526,#527,#528,#529),
  .UNSPECIFIED.,.F.,.F.,(4,4),(0.,8.44617522388),
  .PIECEWISE_BEZIER_KNOTS.);
#526 = CARTESIAN_POINT('',(-4.699999998842,12.823108776972,
    -5.480266640181));
#527 = CARTESIAN_POINT('',(-4.808175257342,11.101618463672,
    -4.486363793181));
#528 = CARTESIAN_POINT('',(-4.886940622132,9.378744485272,
    -3.491662041581));
#529 = CARTESIAN_POINT('',(-4.936567435872,7.655242856172,
    -2.496597865881));
#530 = ORIENTED_EDGE('',*,*,#451,.T.);
#531 = ORIENTED_EDGE('',*,*,#222,.F.);
#532 = ORIENTED_EDGE('',*,*,#329,.F.);
#533 = ORIENTED_EDGE('',*,*,#358,.T.);
#534 = ORIENTED_EDGE('',*,*,#392,.T.);
#535 = ORIENTED_EDGE('',*,*,#536,.T.);
#536 = EDGE_CURVE('',#385,#490,#537,.T.);
#537 = B_SPLINE_CURVE_WITH_KNOTS('',4,(#538,#539,#540,#541,#542),
  .UNSPECIFIED.,.F.,.F.,(5,5),(0.,2.73241903071),
  .PIECEWISE_BEZIER_KNOTS.);
#538 = CARTESIAN_POINT('',(-4.989815693312,18.054275815872,
    -0.971415143181));
#539 = CARTESIAN_POINT('',(-4.989815693312,18.527100866872,
    -0.971415143181));
#540 = CARTESIAN_POINT('',(-4.994245858792,19.002253243372,
    -0.775487604281));
#541 = CARTESIAN_POINT('',(-4.999999998842,19.345603543272,
    -0.395142252881));
#542 = CARTESIAN_POINT('',(-4.999999998842,19.508469145372,
    4.874773851905E-02));
#543 = CYLINDRICAL_SURFACE('',#544,51.1);
#544 = AXIS2_PLACEMENT_3D('',#545,#546,#547);
#545 = CARTESIAN_POINT('',(46.10000000115,24.482981539872,
    4.874773851905E-02));
#546 = DIRECTION('',(-2.22044604925E-16,-1.,1.110223024625E-16));
#547 = DIRECTION('',(-1.,2.22044604925E-16,1.224646799147E-16));
#548 = ADVANCED_FACE('',(#549),#577,.F.);
#549 = FACE_BOUND('',#550,.T.);
#550 = EDGE_LOOP('',(#551,#552,#553,#562,#570,#576));
#551 = ORIENTED_EDGE('',*,*,#257,.F.);
#552 = ORIENTED_EDGE('',*,*,#376,.T.);
#553 = ORIENTED_EDGE('',*,*,#554,.F.);
#554 = EDGE_CURVE('',#555,#377,#557,.T.);
#555 = VERTEX_POINT('',#556);
#556 = CARTESIAN_POINT('',(-9.841850217002,19.565064371072,
    0.748747737819));
#557 = CIRCLE('',#558,1.54999999926);
#558 = AXIS2_PLACEMENT_3D('',#559,#560,#561);
#559 = CARTESIAN_POINT('',(-9.805637787692,18.054275818072,
    1.093285988019));
#560 = DIRECTION('',(-0.994521895368,2.324332120112E-16,0.104528463268)
  );
#561 = DIRECTION('',(0.104528463268,8.720412934339E-17,0.994521895368));
#562 = ORIENTED_EDGE('',*,*,#563,.T.);
#563 = EDGE_CURVE('',#555,#564,#566,.T.);
#564 = VERTEX_POINT('',#565);
#565 = CARTESIAN_POINT('',(-9.841850217002,14.602981539872,
    0.748747737819));
#566 = LINE('',#567,#568);
#567 = CARTESIAN_POINT('',(-9.841850217002,17.084022955472,
    0.748747737819));
#568 = VECTOR('',#569,1.);
#569 = DIRECTION('',(-2.22044604925E-16,-1.,1.110223024625E-16));
#570 = ORIENTED_EDGE('',*,*,#571,.T.);
#571 = EDGE_CURVE('',#564,#287,#572,.T.);
#572 = LINE('',#573,#574);
#573 = CARTESIAN_POINT('',(-9.943444302882,14.602981539872,
    -0.217855421581));
#574 = VECTOR('',#575,1.);
#575 = DIRECTION('',(-0.104528463268,-8.720412934339E-17,-0.994521895368
    ));
#576 = ORIENTED_EDGE('',*,*,#286,.T.);
#577 = PLANE('',#578);
#578 = AXIS2_PLACEMENT_3D('',#579,#580,#581);
#579 = CARTESIAN_POINT('',(-9.884661305872,-0.397018460128,
    0.341427435619));
#580 = DIRECTION('',(-0.994521895368,2.324332120112E-16,0.104528463268)
  );
#581 = DIRECTION('',(2.22044604925E-16,1.,-1.110223024625E-16));
#582 = ADVANCED_FACE('',(#583),#610,.T.);
#583 = FACE_BOUND('',#584,.T.);
#584 = EDGE_LOOP('',(#585,#595,#601,#602,#603,#604));
#585 = ORIENTED_EDGE('',*,*,#586,.F.);
#586 = EDGE_CURVE('',#587,#589,#591,.T.);
#587 = VERTEX_POINT('',#588);
#588 = CARTESIAN_POINT('',(-11.59999999884,14.602981539872,
    -6.507876588381));
#589 = VERTEX_POINT('',#590);
#590 = CARTESIAN_POINT('',(-11.59999999884,14.602981539872,
    0.748747737819));
#591 = LINE('',#592,#593);
#592 = CARTESIAN_POINT('',(-11.59999999884,14.602981539872,
    -2.879564425281));
#593 = VECTOR('',#594,1.);
#594 = DIRECTION('',(1.224646799147E-16,1.110223024625E-16,1.));
#595 = ORIENTED_EDGE('',*,*,#596,.F.);
#596 = EDGE_CURVE('',#410,#587,#597,.T.);
#597 = LINE('',#598,#599);
#598 = CARTESIAN_POINT('',(-10.10640849187,14.602981539872,
    -6.507876588381));
#599 = VECTOR('',#600,1.);
#600 = DIRECTION('',(-1.,2.22044604925E-16,1.224646799147E-16));
#601 = ORIENTED_EDGE('',*,*,#409,.F.);
#602 = ORIENTED_EDGE('',*,*,#294,.F.);
#603 = ORIENTED_EDGE('',*,*,#571,.F.);
#604 = ORIENTED_EDGE('',*,*,#605,.T.);
#605 = EDGE_CURVE('',#564,#589,#606,.T.);
#606 = LINE('',#607,#608);
#607 = CARTESIAN_POINT('',(-10.72092510774,14.602981539872,
    0.748747737819));
#608 = VECTOR('',#609,1.);
#609 = DIRECTION('',(-1.,2.22044604925E-16,1.224646799147E-16));
#610 = PLANE('',#611);
#611 = AXIS2_PLACEMENT_3D('',#612,#613,#614);
#612 = CARTESIAN_POINT('',(-7.099999998842,14.602981539872,
    4.874773851905E-02));
#613 = DIRECTION('',(-2.22044604925E-16,-1.,1.110223024625E-16));
#614 = DIRECTION('',(-1.,2.22044604925E-16,1.224646799147E-16));
#615 = ADVANCED_FACE('',(#616),#637,.F.);
#616 = FACE_BOUND('',#617,.F.);
#617 = EDGE_LOOP('',(#618,#627,#628,#629,#630));
#618 = ORIENTED_EDGE('',*,*,#619,.F.);
#619 = EDGE_CURVE('',#490,#620,#622,.T.);
#620 = VERTEX_POINT('',#621);
#621 = CARTESIAN_POINT('',(-4.995204787982,19.595977325272,
    0.748747738519));
#622 = B_SPLINE_CURVE_WITH_KNOTS('',3,(#623,#624,#625,#626),
  .UNSPECIFIED.,.F.,.F.,(4,4),(0.,1.01065454861),
  .PIECEWISE_BEZIER_KNOTS.);
#623 = CARTESIAN_POINT('',(-4.999999998182,19.508469144972,
    4.874773841905E-02));
#624 = CARTESIAN_POINT('',(-4.999999998172,19.590171034172,
    0.271426133319));
#625 = CARTESIAN_POINT('',(-4.998437229482,19.620388432772,
    0.512835646319));
#626 = CARTESIAN_POINT('',(-4.995205253592,19.595977329572,
    0.748747745619));
#627 = ORIENTED_EDGE('',*,*,#536,.F.);
#628 = ORIENTED_EDGE('',*,*,#384,.F.);
#629 = ORIENTED_EDGE('',*,*,#554,.F.);
#630 = ORIENTED_EDGE('',*,*,#631,.F.);
#631 = EDGE_CURVE('',#620,#555,#632,.T.);
#632 = B_SPLINE_CURVE_WITH_KNOTS('',3,(#633,#634,#635,#636),
  .UNSPECIFIED.,.F.,.F.,(4,4),(0.,6.85484793551),
  .PIECEWISE_BEZIER_KNOTS.);
#633 = CARTESIAN_POINT('',(-4.995204787982,19.595977325272,
    0.748747738519));
#634 = CARTESIAN_POINT('',(-6.610763510642,19.613522405972,
    0.748747738519));
#635 = CARTESIAN_POINT('',(-8.226660143282,19.603779223172,
    0.748747738619));
#636 = CARTESIAN_POINT('',(-9.841850217672,19.565064370472,
    0.748747738619));
#637 = CYLINDRICAL_SURFACE('',#638,1.55);
#638 = AXIS2_PLACEMENT_3D('',#639,#640,#641);
#639 = CARTESIAN_POINT('',(-5.529193637562,18.054275816672,
    0.643813596519));
#640 = DIRECTION('',(-0.994521895368,2.254943181073E-16,0.104528463268)
  );
#641 = DIRECTION('',(0.10290995803,0.175294014945,0.979122846666));
#642 = ADVANCED_FACE('',(#643),#682,.T.);
#643 = FACE_BOUND('',#644,.T.);
#644 = EDGE_LOOP('',(#645,#655,#661,#662,#663,#664,#665,#673));
#645 = ORIENTED_EDGE('',*,*,#646,.T.);
#646 = EDGE_CURVE('',#647,#649,#651,.T.);
#647 = VERTEX_POINT('',#648);
#648 = CARTESIAN_POINT('',(-8.579425349042,17.102981539372,
    -7.951252261181));
#649 = VERTEX_POINT('',#650);
#650 = CARTESIAN_POINT('',(-4.699999998472,17.102981540972,
    -7.951252262081));
#651 = LINE('',#652,#653);
#652 = CARTESIAN_POINT('',(-6.639712673762,17.102981540172,
    -7.951252261581));
#653 = VECTOR('',#654,1.);
#654 = DIRECTION('',(1.,4.158085233094E-10,-2.400672691307E-10));
#655 = ORIENTED_EDGE('',*,*,#656,.F.);
#656 = EDGE_CURVE('',#517,#649,#657,.T.);
#657 = LINE('',#658,#659);
#658 = CARTESIAN_POINT('',(-4.699999998472,14.963045173772,
    -6.715759424481));
#659 = VECTOR('',#660,1.);
#660 = DIRECTION('',(1.31063928681E-16,0.866025403784,-0.5));
#661 = ORIENTED_EDGE('',*,*,#524,.T.);
#662 = ORIENTED_EDGE('',*,*,#443,.F.);
#663 = ORIENTED_EDGE('',*,*,#418,.T.);
#664 = ORIENTED_EDGE('',*,*,#596,.T.);
#665 = ORIENTED_EDGE('',*,*,#666,.F.);
#666 = EDGE_CURVE('',#667,#587,#669,.T.);
#667 = VERTEX_POINT('',#668);
#668 = CARTESIAN_POINT('',(-11.59999999884,16.286952808472,
    -7.480117853681));
#669 = LINE('',#670,#671);
#670 = CARTESIAN_POINT('',(-11.59999999884,15.444967173772,
    -6.993997220881));
#671 = VECTOR('',#672,1.);
#672 = DIRECTION('',(-1.31063928681E-16,-0.866025403784,0.5));
#673 = ORIENTED_EDGE('',*,*,#674,.T.);
#674 = EDGE_CURVE('',#667,#647,#675,.T.);
#675 = B_SPLINE_CURVE_WITH_KNOTS('',5,(#676,#677,#678,#679,#680,#681),
  .UNSPECIFIED.,.F.,.F.,(6,6),(0.,4.51863015548),
  .PIECEWISE_BEZIER_KNOTS.);
#676 = CARTESIAN_POINT('',(-11.59999999884,16.286952750372,
    -7.480117820181));
#677 = CARTESIAN_POINT('',(-10.96402135403,16.327051859172,
    -7.503269051481));
#678 = CARTESIAN_POINT('',(-10.3340092652,16.437886887972,
    -7.567259685181));
#679 = CARTESIAN_POINT('',(-9.721934189712,16.609425973472,
    -7.666297822381));
#680 = CARTESIAN_POINT('',(-9.135868006382,16.833281255972,
    -7.795540729981));
#681 = CARTESIAN_POINT('',(-8.579425349042,17.102981539372,
    -7.951252261181));
#682 = PLANE('',#683);
#683 = AXIS2_PLACEMENT_3D('',#684,#685,#686);
#684 = CARTESIAN_POINT('',(-7.099999998842,-1.644870456728,
    2.872825135519));
#685 = DIRECTION('',(-2.170798263351E-16,-0.5,-0.866025403784));
#686 = DIRECTION('',(1.31063928681E-16,0.866025403784,-0.5));
#687 = ADVANCED_FACE('',(#688),#706,.T.);
#688 = FACE_BOUND('',#689,.T.);
#689 = EDGE_LOOP('',(#690,#691,#699,#705));
#690 = ORIENTED_EDGE('',*,*,#656,.T.);
#691 = ORIENTED_EDGE('',*,*,#692,.F.);
#692 = EDGE_CURVE('',#693,#649,#695,.T.);
#693 = VERTEX_POINT('',#694);
#694 = CARTESIAN_POINT('',(-4.699999998842,27.893019649472,
    -7.951252261481));
#695 = LINE('',#696,#697);
#696 = CARTESIAN_POINT('',(-4.699999998842,22.498000595072,
    -7.951252261481));
#697 = VECTOR('',#698,1.);
#698 = DIRECTION('',(-2.22044604925E-16,-1.,1.110223024625E-16));
#699 = ORIENTED_EDGE('',*,*,#700,.F.);
#700 = EDGE_CURVE('',#508,#693,#701,.T.);
#701 = LINE('',#702,#703);
#702 = CARTESIAN_POINT('',(-4.699999998842,27.893019648572,
    -6.715759450881));
#703 = VECTOR('',#704,1.);
#704 = DIRECTION('',(-1.224646797474E-16,7.538064401937E-10,-1.));
#705 = ORIENTED_EDGE('',*,*,#516,.T.);
#706 = PLANE('',#707);
#707 = AXIS2_PLACEMENT_3D('',#708,#709,#710);
#708 = CARTESIAN_POINT('',(-4.699999998842,40.053789164252,
    4.874773851905E-02));
#709 = DIRECTION('',(1.,-2.22044604925E-16,-1.224646799147E-16));
#710 = DIRECTION('',(-2.22044604925E-16,-1.,1.110223024625E-16));
#711 = ADVANCED_FACE('',(#712),#730,.F.);
#712 = FACE_BOUND('',#713,.T.);
#713 = EDGE_LOOP('',(#714,#715,#723,#729));
#714 = ORIENTED_EDGE('',*,*,#700,.T.);
#715 = ORIENTED_EDGE('',*,*,#716,.F.);
#716 = EDGE_CURVE('',#717,#693,#719,.T.);
#717 = VERTEX_POINT('',#718);
#718 = CARTESIAN_POINT('',(-4.855291425902,27.934629861272,
    -7.951252261481));
#719 = LINE('',#720,#721);
#720 = CARTESIAN_POINT('',(-4.777645712722,27.913824755172,
    -7.951252261481));
#721 = VECTOR('',#722,1.);
#722 = DIRECTION('',(0.965925826289,-0.258819045103,-8.955711082937E-17)
  );
#723 = ORIENTED_EDGE('',*,*,#724,.T.);
#724 = EDGE_CURVE('',#717,#498,#725,.T.);
#725 = LINE('',#726,#727);
#726 = CARTESIAN_POINT('',(-4.855291425902,27.934629861272,
    -5.872727969081));
#727 = VECTOR('',#728,1.);
#728 = DIRECTION('',(1.224646799147E-16,1.110223024625E-16,1.));
#729 = ORIENTED_EDGE('',*,*,#507,.T.);
#730 = PLANE('',#731);
#731 = AXIS2_PLACEMENT_3D('',#732,#733,#734);
#732 = CARTESIAN_POINT('',(-4.855291425902,27.934629861272,
    4.874773851905E-02));
#733 = DIRECTION('',(-0.258819045103,-0.965925826289,1.38935500757E-16)
  );
#734 = DIRECTION('',(0.965925826289,-0.258819045103,-8.955711082937E-17)
  );
#735 = ADVANCED_FACE('',(#736),#773,.F.);
#736 = FACE_BOUND('',#737,.F.);
#737 = EDGE_LOOP('',(#738,#748,#755,#756,#757,#766));
#738 = ORIENTED_EDGE('',*,*,#739,.T.);
#739 = EDGE_CURVE('',#740,#742,#744,.T.);
#740 = VERTEX_POINT('',#741);
#741 = CARTESIAN_POINT('',(-5.299999998842,28.514185357172,
    0.748747750819));
#742 = VERTEX_POINT('',#743);
#743 = CARTESIAN_POINT('',(-5.299999998842,28.514185357172,
    -7.951252261481));
#744 = LINE('',#745,#746);
#745 = CARTESIAN_POINT('',(-5.299999998842,28.514185357172,
    8.048747738519));
#746 = VECTOR('',#747,1.);
#747 = DIRECTION('',(-1.224646799147E-16,-1.110223024625E-16,-1.));
#748 = ORIENTED_EDGE('',*,*,#749,.F.);
#749 = EDGE_CURVE('',#717,#742,#750,.T.);
#750 = CIRCLE('',#751,0.6);
#751 = AXIS2_PLACEMENT_3D('',#752,#753,#754);
#752 = CARTESIAN_POINT('',(-4.699999998842,28.514185357072,
    -7.951252261481));
#753 = DIRECTION('',(-1.224646799147E-16,-1.110223024625E-16,-1.));
#754 = DIRECTION('',(2.22044604925E-16,1.,-1.110223024625E-16));
#755 = ORIENTED_EDGE('',*,*,#724,.T.);
#756 = ORIENTED_EDGE('',*,*,#497,.F.);
#757 = ORIENTED_EDGE('',*,*,#758,.T.);
#758 = EDGE_CURVE('',#488,#759,#761,.T.);
#759 = VERTEX_POINT('',#760);
#760 = CARTESIAN_POINT('',(-4.995204919942,27.991831018972,
    0.748747745219));
#761 = B_SPLINE_CURVE_WITH_KNOTS('',3,(#762,#763,#764,#765),
  .UNSPECIFIED.,.F.,.F.,(4,4),(0.,0.989990522669),
  .PIECEWISE_BEZIER_KNOTS.);
#762 = CARTESIAN_POINT('',(-4.999999998822,27.994570114772,
    4.874773851905E-02));
#763 = CARTESIAN_POINT('',(-4.999999998822,27.994570114772,
    0.282087042019));
#764 = CARTESIAN_POINT('',(-4.998401465092,27.993637524172,
    0.515432837719));
#765 = CARTESIAN_POINT('',(-4.995204919942,27.991831018972,
    0.748747745219));
#766 = ORIENTED_EDGE('',*,*,#767,.T.);
#767 = EDGE_CURVE('',#759,#740,#768,.T.);
#768 = CIRCLE('',#769,0.6);
#769 = AXIS2_PLACEMENT_3D('',#770,#771,#772);
#770 = CARTESIAN_POINT('',(-4.699999998842,28.514185357072,
    0.748747750819));
#771 = DIRECTION('',(-1.224646799147E-16,-1.110223024625E-16,-1.));
#772 = DIRECTION('',(2.22044604925E-16,1.,-1.110223024625E-16));
#773 = CYLINDRICAL_SURFACE('',#774,0.6);
#774 = AXIS2_PLACEMENT_3D('',#775,#776,#777);
#775 = CARTESIAN_POINT('',(-4.699999998842,28.514185357072,
    8.048747738519));
#776 = DIRECTION('',(-1.224646799147E-16,-1.110223024625E-16,-1.));
#777 = DIRECTION('',(-0.258819045103,-0.965925826289,1.38935500757E-16)
  );
#778 = ADVANCED_FACE('',(#779),#790,.F.);
#779 = FACE_BOUND('',#780,.F.);
#780 = EDGE_LOOP('',(#781,#787,#788,#789));
#781 = ORIENTED_EDGE('',*,*,#782,.F.);
#782 = EDGE_CURVE('',#759,#620,#783,.T.);
#783 = LINE('',#784,#785);
#784 = CARTESIAN_POINT('',(-4.995205253172,24.482981540272,
    0.748747751219));
#785 = VECTOR('',#786,1.);
#786 = DIRECTION('',(-2.22044604925E-16,-1.,1.110223024625E-16));
#787 = ORIENTED_EDGE('',*,*,#758,.F.);
#788 = ORIENTED_EDGE('',*,*,#487,.T.);
#789 = ORIENTED_EDGE('',*,*,#619,.T.);
#790 = CYLINDRICAL_SURFACE('',#791,51.1);
#791 = AXIS2_PLACEMENT_3D('',#792,#793,#794);
#792 = CARTESIAN_POINT('',(46.10000000115,24.482981539872,
    4.874773851905E-02));
#793 = DIRECTION('',(-2.22044604925E-16,-1.,1.110223024625E-16));
#794 = DIRECTION('',(1.,-2.22044604925E-16,-2.449293598297E-16));
#795 = ADVANCED_FACE('',(#796),#825,.T.);
#796 = FACE_BOUND('',#797,.T.);
#797 = EDGE_LOOP('',(#798,#806,#814,#820,#821,#822,#823,#824));
#798 = ORIENTED_EDGE('',*,*,#799,.F.);
#799 = EDGE_CURVE('',#800,#740,#802,.T.);
#800 = VERTEX_POINT('',#801);
#801 = CARTESIAN_POINT('',(-5.299999998092,28.672453011172,
    0.748747738519));
#802 = LINE('',#803,#804);
#803 = CARTESIAN_POINT('',(-5.299999998092,28.593319183972,
    0.748747738519));
#804 = VECTOR('',#805,1.);
#805 = DIRECTION('',(-2.22044604925E-16,-1.,1.110223024625E-16));
#806 = ORIENTED_EDGE('',*,*,#807,.F.);
#807 = EDGE_CURVE('',#808,#800,#810,.T.);
#808 = VERTEX_POINT('',#809);
#809 = CARTESIAN_POINT('',(-11.59999999884,28.672453011172,
    0.748747738519));
#810 = LINE('',#811,#812);
#811 = CARTESIAN_POINT('',(-8.449999998472,28.672453011172,
    0.748747738519));
#812 = VECTOR('',#813,1.);
#813 = DIRECTION('',(1.,-2.22044604925E-16,-1.224646799147E-16));
#814 = ORIENTED_EDGE('',*,*,#815,.T.);
#815 = EDGE_CURVE('',#808,#589,#816,.T.);
#816 = LINE('',#817,#818);
#817 = CARTESIAN_POINT('',(-11.59999999884,21.637717275672,
    0.748747738519));
#818 = VECTOR('',#819,1.);
#819 = DIRECTION('',(-2.22044604925E-16,-1.,1.110223024625E-16));
#820 = ORIENTED_EDGE('',*,*,#605,.F.);
#821 = ORIENTED_EDGE('',*,*,#563,.F.);
#822 = ORIENTED_EDGE('',*,*,#631,.F.);
#823 = ORIENTED_EDGE('',*,*,#782,.F.);
#824 = ORIENTED_EDGE('',*,*,#767,.T.);
#825 = PLANE('',#826);
#826 = AXIS2_PLACEMENT_3D('',#827,#828,#829);
#827 = CARTESIAN_POINT('',(-7.099999998842,30.407388168172,
    0.748747738519));
#828 = DIRECTION('',(1.224646799147E-16,1.110223024625E-16,1.));
#829 = DIRECTION('',(-2.22044604925E-16,-1.,1.110223024625E-16));
#830 = ADVANCED_FACE('',(#831,#1013,#1067),#1087,.T.);
#831 = FACE_BOUND('',#832,.T.);
#832 = EDGE_LOOP('',(#833,#843,#854,#865,#873,#890,#919,#927,#936,#937,
    #938,#939,#948,#957,#966,#974,#982,#990,#999,#1007));
#833 = ORIENTED_EDGE('',*,*,#834,.F.);
#834 = EDGE_CURVE('',#835,#837,#839,.T.);
#835 = VERTEX_POINT('',#836);
#836 = CARTESIAN_POINT('',(-11.59999999884,27.469542934072,
    -7.951252261481));
#837 = VERTEX_POINT('',#838);
#838 = CARTESIAN_POINT('',(-11.59999999884,29.310422657472,
    -7.951252261481));
#839 = LINE('',#840,#841);
#840 = CARTESIAN_POINT('',(-11.59999999884,28.389982795772,
    -7.951252261481));
#841 = VECTOR('',#842,1.);
#842 = DIRECTION('',(2.22044604925E-16,1.,-1.110223024625E-16));
#843 = ORIENTED_EDGE('',*,*,#844,.T.);
#844 = EDGE_CURVE('',#835,#845,#847,.T.);
#845 = VERTEX_POINT('',#846);
#846 = CARTESIAN_POINT('',(-11.59999999884,27.387102146172,
    -6.098058918781));
#847 = B_SPLINE_CURVE_WITH_KNOTS('',5,(#848,#849,#850,#851,#852,#853),
  .UNSPECIFIED.,.F.,.F.,(6,6),(0.,2.62370701184),
  .PIECEWISE_BEZIER_KNOTS.);
#848 = CARTESIAN_POINT('',(-11.59999999884,27.469734410272,
    -7.951249391181));
#849 = CARTESIAN_POINT('',(-11.59999999884,27.464283803772,
    -7.580275412881));
#850 = CARTESIAN_POINT('',(-11.59999999884,27.453341607272,
    -7.209381069081));
#851 = CARTESIAN_POINT('',(-11.59999999884,27.436871909972,
    -6.838433051681));
#852 = CARTESIAN_POINT('',(-11.59999999884,27.414832067972,
    -6.468031381281));
#853 = CARTESIAN_POINT('',(-11.59999999884,27.387102146172,
    -6.098058918781));
#854 = ORIENTED_EDGE('',*,*,#855,.T.);
#855 = EDGE_CURVE('',#845,#856,#858,.T.);
#856 = VERTEX_POINT('',#857);
#857 = CARTESIAN_POINT('',(-11.59999999884,27.340624235972,
    -5.546402503081));
#858 = B_SPLINE_CURVE_WITH_KNOTS('',5,(#859,#860,#861,#862,#863,#864),
  .UNSPECIFIED.,.F.,.F.,(6,6),(0.,0.782932419312),
  .PIECEWISE_BEZIER_KNOTS.);
#859 = CARTESIAN_POINT('',(-11.59999999884,27.387102146172,
    -6.098058918781));
#860 = CARTESIAN_POINT('',(-11.59999999884,27.378826519672,
    -5.987645559281));
#861 = CARTESIAN_POINT('',(-11.59999999884,27.370044107472,
    -5.877270427481));
#862 = CARTESIAN_POINT('',(-11.59999999884,27.360751437272,
    -5.766930707081));
#863 = CARTESIAN_POINT('',(-11.59999999884,27.350946223972,
    -5.656642249581));
#864 = CARTESIAN_POINT('',(-11.59999999884,27.340624235972,
    -5.546402503081));
#865 = ORIENTED_EDGE('',*,*,#866,.T.);
#866 = EDGE_CURVE('',#856,#867,#869,.T.);
#867 = VERTEX_POINT('',#868);
#868 = CARTESIAN_POINT('',(-11.59999999884,24.888313163472,
    -5.546402503081));
#869 = LINE('',#870,#871);
#870 = CARTESIAN_POINT('',(-11.59999999884,26.114468699772,
    -5.546402503081));
#871 = VECTOR('',#872,1.);
#872 = DIRECTION('',(-2.22044604925E-16,-1.,1.110223024625E-16));
#873 = ORIENTED_EDGE('',*,*,#874,.F.);
#874 = EDGE_CURVE('',#875,#867,#877,.T.);
#875 = VERTEX_POINT('',#876);
#876 = CARTESIAN_POINT('',(-11.59999999884,23.431114539972,
    -1.666791929281));
#877 = B_SPLINE_CURVE_WITH_KNOTS('',5,(#878,#879,#880,#881,#882,#883,
    #884,#885,#886,#887,#888,#889),.UNSPECIFIED.,.F.,.F.,(6,3,3,6),(0.,
    2.41082179707,4.5808525307,5.91653410905),.UNSPECIFIED.);
#878 = CARTESIAN_POINT('',(-11.59999999884,23.431114539972,
    -1.666791929281));
#879 = CARTESIAN_POINT('',(-11.59999999884,23.639636819672,
    -1.936340718081));
#880 = CARTESIAN_POINT('',(-11.59999999884,23.819824630972,
    -2.227808271781));
#881 = CARTESIAN_POINT('',(-11.59999999884,23.978126261172,
    -2.529470535981));
#882 = CARTESIAN_POINT('',(-11.59999999884,24.245719566472,
    -3.119979355081));
#883 = CARTESIAN_POINT('',(-11.59999999884,24.457906528572,
    -3.732409574781));
#884 = CARTESIAN_POINT('',(-11.59999999884,24.548062182272,
    -4.026810993381));
#885 = CARTESIAN_POINT('',(-11.59999999884,24.677777583372,
    -4.505347408881));
#886 = CARTESIAN_POINT('',(-11.59999999884,24.784581177672,
    -4.989406587581));
#887 = CARTESIAN_POINT('',(-11.59999999884,24.822148437072,
    -5.174612453881));
#888 = CARTESIAN_POINT('',(-11.59999999884,24.856679105372,
    -5.360261343481));
#889 = CARTESIAN_POINT('',(-11.59999999884,24.888313163472,
    -5.546402503081));
#890 = ORIENTED_EDGE('',*,*,#891,.F.);
#891 = EDGE_CURVE('',#892,#875,#894,.T.);
#892 = VERTEX_POINT('',#893);
#893 = CARTESIAN_POINT('',(-11.59999999884,18.857649915372,
    -5.546402503081));
#894 = B_SPLINE_CURVE_WITH_KNOTS('',5,(#895,#896,#897,#898,#899,#900,
    #901,#902,#903,#904,#905,#906,#907,#908,#909,#910,#911,#912,#913,
    #914,#915,#916,#917,#918),.UNSPECIFIED.,.F.,.F.,(6,3,3,3,3,3,3,6),(
    0.,2.39121108453,5.12305672554,6.95804777739,8.28129272223,
    9.5222803894,10.4921595604,11.2622347355),.UNSPECIFIED.);
#895 = CARTESIAN_POINT('',(-11.59999999884,18.857649915372,
    -5.546402503081));
#896 = CARTESIAN_POINT('',(-11.59999999884,18.914224916072,
    -5.213503820981));
#897 = CARTESIAN_POINT('',(-11.59999999884,18.980064630272,
    -4.882179675181));
#898 = CARTESIAN_POINT('',(-11.59999999884,19.055947644972,
    -4.552347156481));
#899 = CARTESIAN_POINT('',(-11.59999999884,19.241386871872,
    -3.852530392581));
#900 = CARTESIAN_POINT('',(-11.59999999884,19.483423665972,
    -3.170068660981));
#901 = CARTESIAN_POINT('',(-11.59999999884,19.630495752872,
    -2.814056203681));
#902 = CARTESIAN_POINT('',(-11.59999999884,19.913317368372,
    -2.231751711181));
#903 = CARTESIAN_POINT('',(-11.59999999884,20.276792167372,
    -1.697717142681));
#904 = CARTESIAN_POINT('',(-11.59999999884,20.438441597672,
    -1.492978899781));
#905 = CARTESIAN_POINT('',(-11.59999999884,20.748626124172,
    -1.166557815781));
#906 = CARTESIAN_POINT('',(-11.59999999884,21.121851591672,
    -0.918329418181));
#907 = CARTESIAN_POINT('',(-11.59999999884,21.291031421472,
    -0.831719099181));
#908 = CARTESIAN_POINT('',(-11.59999999884,21.639149207972,
    -0.716055399181));
#909 = CARTESIAN_POINT('',(-11.59999999884,22.004641374072,
    -0.714436992481));
#910 = CARTESIAN_POINT('',(-11.59999999884,22.179346031172,
    -0.743470917781));
#911 = CARTESIAN_POINT('',(-11.59999999884,22.478581397972,
    -0.840773628281));
#912 = CARTESIAN_POINT('',(-11.59999999884,22.748697374672,
    -1.001575455681));
#913 = CARTESIAN_POINT('',(-11.59999999884,22.860888590372,
    -1.081901421781));
#914 = CARTESIAN_POINT('',(-11.59999999884,23.050750949372,
    -1.238988544281));
#915 = CARTESIAN_POINT('',(-11.59999999884,23.222325370972,
    -1.415494467581));
#916 = CARTESIAN_POINT('',(-11.59999999884,23.295151491472,
    -1.496999659781));
#917 = CARTESIAN_POINT('',(-11.59999999884,23.364575709772,
    -1.580779724381));
#918 = CARTESIAN_POINT('',(-11.59999999884,23.431114539972,
    -1.666791929281));
#919 = ORIENTED_EDGE('',*,*,#920,.T.);
#920 = EDGE_CURVE('',#892,#921,#923,.T.);
#921 = VERTEX_POINT('',#922);
#922 = CARTESIAN_POINT('',(-11.59999999884,16.405831935272,
    -5.546402503081));
#923 = LINE('',#924,#925);
#924 = CARTESIAN_POINT('',(-11.59999999884,17.631740925372,
    -5.546402503081));
#925 = VECTOR('',#926,1.);
#926 = DIRECTION('',(-2.22044604925E-16,-1.,1.110223024625E-16));
#927 = ORIENTED_EDGE('',*,*,#928,.T.);
#928 = EDGE_CURVE('',#921,#667,#929,.T.);
#929 = B_SPLINE_CURVE_WITH_KNOTS('',5,(#930,#931,#932,#933,#934,#935),
  .UNSPECIFIED.,.F.,.F.,(6,6),(0.,2.74019484079),
  .PIECEWISE_BEZIER_KNOTS.);
#930 = CARTESIAN_POINT('',(-11.59999999884,16.405831935272,
    -5.546402503081));
#931 = CARTESIAN_POINT('',(-11.59999999884,16.369670672672,
    -5.932197836381));
#932 = CARTESIAN_POINT('',(-11.59999999884,16.339830808372,
    -6.318585679681));
#933 = CARTESIAN_POINT('',(-11.59999999884,16.316141125072,
    -6.705671697781));
#934 = CARTESIAN_POINT('',(-11.59999999884,16.298536844772,
    -7.092804800981));
#935 = CARTESIAN_POINT('',(-11.59999999884,16.286952745572,
    -7.480117962081));
#936 = ORIENTED_EDGE('',*,*,#666,.T.);
#937 = ORIENTED_EDGE('',*,*,#586,.T.);
#938 = ORIENTED_EDGE('',*,*,#815,.F.);
#939 = ORIENTED_EDGE('',*,*,#940,.F.);
#940 = EDGE_CURVE('',#941,#808,#943,.T.);
#941 = VERTEX_POINT('',#942);
#942 = CARTESIAN_POINT('',(-11.59999999884,32.907388167872,
    2.548747738519));
#943 = CIRCLE('',#944,2.50000000006);
#944 = AXIS2_PLACEMENT_3D('',#945,#946,#947);
#945 = CARTESIAN_POINT('',(-11.59999999884,30.407388167872,
    2.548747738219));
#946 = DIRECTION('',(-1.,2.22044604925E-16,1.224646799147E-16));
#947 = DIRECTION('',(-2.22044604925E-16,-1.,1.110223024625E-16));
#948 = ORIENTED_EDGE('',*,*,#949,.F.);
#949 = EDGE_CURVE('',#950,#941,#952,.T.);
#950 = VERTEX_POINT('',#951);
#951 = CARTESIAN_POINT('',(-11.59999999884,27.907388167872,
    2.548747738519));
#952 = CIRCLE('',#953,2.5);
#953 = AXIS2_PLACEMENT_3D('',#954,#955,#956);
#954 = CARTESIAN_POINT('',(-11.59999999884,30.407388167872,
    2.548747738519));
#955 = DIRECTION('',(-1.,2.22044604925E-16,1.224646799147E-16));
#956 = DIRECTION('',(-2.22044604925E-16,-1.,1.110223024625E-16));
#957 = ORIENTED_EDGE('',*,*,#958,.F.);
#958 = EDGE_CURVE('',#959,#950,#961,.T.);
#959 = VERTEX_POINT('',#960);
#960 = CARTESIAN_POINT('',(-11.59999999884,27.925453439772,
    2.248747737819));
#961 = CIRCLE('',#962,2.50000003806);
#962 = AXIS2_PLACEMENT_3D('',#963,#964,#965);
#963 = CARTESIAN_POINT('',(-11.59999999884,30.407388205972,
    2.548747749119));
#964 = DIRECTION('',(-1.,2.22044604925E-16,1.224646799147E-16));
#965 = DIRECTION('',(-2.22044604925E-16,-1.,1.110223024625E-16));
#966 = ORIENTED_EDGE('',*,*,#967,.T.);
#967 = EDGE_CURVE('',#959,#968,#970,.T.);
#968 = VERTEX_POINT('',#969);
#969 = CARTESIAN_POINT('',(-11.59999999884,14.602981539872,
    2.248747737819));
#970 = LINE('',#971,#972);
#971 = CARTESIAN_POINT('',(-11.59999999884,21.264217489872,
    2.248747737819));
#972 = VECTOR('',#973,1.);
#973 = DIRECTION('',(-2.22044604925E-16,-1.,1.110223024625E-16));
#974 = ORIENTED_EDGE('',*,*,#975,.T.);
#975 = EDGE_CURVE('',#968,#976,#978,.T.);
#976 = VERTEX_POINT('',#977);
#977 = CARTESIAN_POINT('',(-11.59999999884,14.602981539872,
    23.548747738519));
#978 = LINE('',#979,#980);
#979 = CARTESIAN_POINT('',(-11.59999999884,14.602981539872,
    12.898747738119));
#980 = VECTOR('',#981,1.);
#981 = DIRECTION('',(1.224646799147E-16,1.110223024625E-16,1.));
#982 = ORIENTED_EDGE('',*,*,#983,.F.);
#983 = EDGE_CURVE('',#984,#976,#986,.T.);
#984 = VERTEX_POINT('',#985);
#985 = CARTESIAN_POINT('',(-11.59999999884,36.181413148072,
    23.548747738519));
#986 = LINE('',#987,#988);
#987 = CARTESIAN_POINT('',(-11.59999999884,25.392197343972,
    23.548747738519));
#988 = VECTOR('',#989,1.);
#989 = DIRECTION('',(-2.22044604925E-16,-1.,1.110223024625E-16));
#990 = ORIENTED_EDGE('',*,*,#991,.T.);
#991 = EDGE_CURVE('',#984,#992,#994,.T.);
#992 = VERTEX_POINT('',#993);
#993 = CARTESIAN_POINT('',(-11.59999999884,40.053789163442,
    16.868783939329));
#994 = CIRCLE('',#995,6.3999999986);
#995 = AXIS2_PLACEMENT_3D('',#996,#997,#998);
#996 = CARTESIAN_POINT('',(-11.59999999884,33.701493794672,
    17.648747739959));
#997 = DIRECTION('',(-1.,2.22044604925E-16,1.224646799147E-16));
#998 = DIRECTION('',(-2.22044604925E-16,-1.,1.110223024625E-16));
#999 = ORIENTED_EDGE('',*,*,#1000,.F.);
#1000 = EDGE_CURVE('',#1001,#992,#1003,.T.);
#1001 = VERTEX_POINT('',#1002);
#1002 = CARTESIAN_POINT('',(-11.59999999884,39.085028531462,
    8.978861735819));
#1003 = LINE('',#1004,#1005);
#1004 = CARTESIAN_POINT('',(-11.59999999884,39.569408847452,
    12.923822837619));
#1005 = VECTOR('',#1006,1.);
#1006 = DIRECTION('',(1.48612276936E-16,0.12186934324,0.992546151662));
#1007 = ORIENTED_EDGE('',*,*,#1008,.T.);
#1008 = EDGE_CURVE('',#1001,#837,#1009,.T.);
#1009 = LINE('',#1010,#1011);
#1010 = CARTESIAN_POINT('',(-11.59999999884,34.197725594472,
    0.513804737219));
#1011 = VECTOR('',#1012,1.);
#1012 = DIRECTION('',(-2.170798263362E-16,-0.500000000008,-0.86602540378
    ));
#1013 = FACE_BOUND('',#1014,.T.);
#1014 = EDGE_LOOP('',(#1015,#1043));
#1015 = ORIENTED_EDGE('',*,*,#1016,.T.);
#1016 = EDGE_CURVE('',#1017,#1019,#1021,.T.);
#1017 = VERTEX_POINT('',#1018);
#1018 = CARTESIAN_POINT('',(-11.59999999884,33.649590032272,
    19.605978912059));
#1019 = VERTEX_POINT('',#1020);
#1020 = CARTESIAN_POINT('',(-11.59999999884,36.334373047772,
    14.691516565149));
#1021 = B_SPLINE_CURVE_WITH_KNOTS('',5,(#1022,#1023,#1024,#1025,#1026,
    #1027,#1028,#1029,#1030,#1031,#1032,#1033,#1034,#1035,#1036,#1037,
    #1038,#1039,#1040,#1041,#1042),.UNSPECIFIED.,.F.,.F.,(6,3,3,3,3,3,6)
  ,(0.,2.32638294109,4.65276587352,6.97914882449,9.30553174871,
    11.6319146866,12.4807033946),.UNSPECIFIED.);
#1022 = CARTESIAN_POINT('',(-11.59999999884,33.649590032572,
    19.605978911439));
#1023 = CARTESIAN_POINT('',(-11.59999999884,33.361851097972,
    19.448786414979));
#1024 = CARTESIAN_POINT('',(-11.59999999884,33.097121785872,
    19.249476980859));
#1025 = CARTESIAN_POINT('',(-11.59999999884,32.863557153372,
    19.012445369769));
#1026 = CARTESIAN_POINT('',(-11.59999999884,32.472782389272,
    18.477166672719));
#1027 = CARTESIAN_POINT('',(-11.59999999884,32.251816817772,
    17.852348579319));
#1028 = CARTESIAN_POINT('',(-11.59999999884,32.188154160272,
    17.525724192689));
#1029 = CARTESIAN_POINT('',(-11.59999999884,32.158294379272,
    16.863654259609));
#1030 = CARTESIAN_POINT('',(-11.59999999884,32.319439944372,
    16.220804711719));
#1031 = CARTESIAN_POINT('',(-11.59999999884,32.446889451472,
    15.913407506919));
#1032 = CARTESIAN_POINT('',(-11.59999999884,32.787892899572,
    15.345125137739));
#1033 = CARTESIAN_POINT('',(-11.59999999884,33.277461471672,
    14.898419367969));
#1034 = CARTESIAN_POINT('',(-11.59999999884,33.553561386572,
    14.712663443859));
#1035 = CARTESIAN_POINT('',(-11.59999999884,34.151817511472,
    14.427500664869));
#1036 = CARTESIAN_POINT('',(-11.59999999884,34.806701777072,
    14.325765582559));
#1037 = CARTESIAN_POINT('',(-11.59999999884,35.139465147672,
    14.323538400379));
#1038 = CARTESIAN_POINT('',(-11.59999999884,35.587267104572,
    14.386978957279));
#1039 = CARTESIAN_POINT('',(-11.59999999884,36.009839249872,
    14.536187242309));
#1040 = CARTESIAN_POINT('',(-11.59999999884,36.121345091072,
    14.582418720129));
#1041 = CARTESIAN_POINT('',(-11.59999999884,36.229390521572,
    14.634164349269));
#1042 = CARTESIAN_POINT('',(-11.59999999884,36.334373047972,
    14.691516564859));
#1043 = ORIENTED_EDGE('',*,*,#1044,.T.);
#1044 = EDGE_CURVE('',#1019,#1017,#1045,.T.);
#1045 = B_SPLINE_CURVE_WITH_KNOTS('',5,(#1046,#1047,#1048,#1049,#1050,
    #1051,#1052,#1053,#1054,#1055,#1056,#1057,#1058,#1059,#1060,#1061,
    #1062,#1063,#1064,#1065,#1066),.UNSPECIFIED.,.F.,.F.,(6,3,3,3,3,3,6)
  ,(0.,2.32638291424,4.65276583663,6.9791487633,9.30553171837,
    11.6319146872,12.480703392),.UNSPECIFIED.);
#1046 = CARTESIAN_POINT('',(-11.59999999884,36.334373047972,
    14.691516564859));
#1047 = CARTESIAN_POINT('',(-11.59999999884,36.622111979572,
    14.848709059539));
#1048 = CARTESIAN_POINT('',(-11.59999999884,36.886841288872,
    15.048018490979));
#1049 = CARTESIAN_POINT('',(-11.59999999884,37.120405929372,
    15.285050110809));
#1050 = CARTESIAN_POINT('',(-11.59999999884,37.511180689972,
    15.820328804109));
#1051 = CARTESIAN_POINT('',(-11.59999999884,37.732146260372,
    16.445146892539));
#1052 = CARTESIAN_POINT('',(-11.59999999884,37.795808919872,
    16.771771284309));
#1053 = CARTESIAN_POINT('',(-11.59999999884,37.825668700872,
    17.433841212729));
#1054 = CARTESIAN_POINT('',(-11.59999999884,37.664523138272,
    18.076690756329));
#1055 = CARTESIAN_POINT('',(-11.59999999884,37.537073628572,
    18.384087970749));
#1056 = CARTESIAN_POINT('',(-11.59999999884,37.196070180072,
    18.952370340899));
#1057 = CARTESIAN_POINT('',(-11.59999999884,36.706501606672,
    19.399076111419));
#1058 = CARTESIAN_POINT('',(-11.59999999884,36.430401702072,
    19.584832026119));
#1059 = CARTESIAN_POINT('',(-11.59999999884,35.832145569572,
    19.869994810799));
#1060 = CARTESIAN_POINT('',(-11.59999999884,35.177261294672,
    19.971729893849));
#1061 = CARTESIAN_POINT('',(-11.59999999884,34.844497939972,
    19.973957077689));
#1062 = CARTESIAN_POINT('',(-11.59999999884,34.396695978672,
    19.910516520729));
#1063 = CARTESIAN_POINT('',(-11.59999999884,33.974123829672,
    19.761308234059));
#1064 = CARTESIAN_POINT('',(-11.59999999884,33.862617988972,
    19.715076755789));
#1065 = CARTESIAN_POINT('',(-11.59999999884,33.754572558672,
    19.663331126839));
#1066 = CARTESIAN_POINT('',(-11.59999999884,33.649590032572,
    19.605978911439));
#1067 = FACE_BOUND('',#1068,.T.);
#1068 = EDGE_LOOP('',(#1069,#1080));
#1069 = ORIENTED_EDGE('',*,*,#1070,.F.);
#1070 = EDGE_CURVE('',#1071,#1073,#1075,.T.);
#1071 = VERTEX_POINT('',#1072);
#1072 = CARTESIAN_POINT('',(-11.59999999884,18.268590031572,
    21.505978911809));
#1073 = VERTEX_POINT('',#1074);
#1074 = CARTESIAN_POINT('',(-11.59999999884,20.953373048872,
    16.591516565229));
#1075 = CIRCLE('',#1076,2.80000000026);
#1076 = AXIS2_PLACEMENT_3D('',#1077,#1078,#1079);
#1077 = CARTESIAN_POINT('',(-11.59999999884,19.610981539172,
    19.048747737909));
#1078 = DIRECTION('',(-1.,2.22044604925E-16,1.224646799147E-16));
#1079 = DIRECTION('',(-2.22044604925E-16,-1.,1.110223024625E-16));
#1080 = ORIENTED_EDGE('',*,*,#1081,.F.);
#1081 = EDGE_CURVE('',#1073,#1071,#1082,.T.);
#1082 = CIRCLE('',#1083,2.80000000026);
#1083 = AXIS2_PLACEMENT_3D('',#1084,#1085,#1086);
#1084 = CARTESIAN_POINT('',(-11.59999999884,19.610981539172,
    19.048747737909));
#1085 = DIRECTION('',(-1.,2.22044604925E-16,1.224646799147E-16));
#1086 = DIRECTION('',(-2.22044604925E-16,-1.,1.110223024625E-16));
#1087 = PLANE('',#1088);
#1088 = AXIS2_PLACEMENT_3D('',#1089,#1090,#1091);
#1089 = CARTESIAN_POINT('',(-11.59999999884,-0.397018460128,
    -7.951252261481));
#1090 = DIRECTION('',(-1.,2.22044604925E-16,1.224646799147E-16));
#1091 = DIRECTION('',(1.224646799147E-16,1.110223024625E-16,1.));
#1092 = ADVANCED_FACE('',(#1093),#1168,.F.);
#1093 = FACE_BOUND('',#1094,.T.);
#1094 = EDGE_LOOP('',(#1095,#1112,#1126,#1141,#1142,#1150,#1158,#1164,
    #1165,#1166,#1167));
#1095 = ORIENTED_EDGE('',*,*,#1096,.F.);
#1096 = EDGE_CURVE('',#1097,#647,#1099,.T.);
#1097 = VERTEX_POINT('',#1098);
#1098 = CARTESIAN_POINT('',(-5.637585162332,21.872982915872,
    -7.951252261481));
#1099 = B_SPLINE_CURVE_WITH_KNOTS('',5,(#1100,#1101,#1102,#1103,#1104,
    #1105,#1106,#1107,#1108,#1109,#1110,#1111),.UNSPECIFIED.,.F.,.F.,(6,
    3,3,6),(0.,3.94883083903,8.12045944496,8.33664113624),
  .UNSPECIFIED.);
#1100 = CARTESIAN_POINT('',(-5.637585162332,21.872981539472,
    -7.951252261481));
#1101 = CARTESIAN_POINT('',(-5.637587963082,21.316071971772,
    -7.951252261481));
#1102 = CARTESIAN_POINT('',(-5.713978484862,20.759182567972,
    -7.951252261481));
#1103 = CARTESIAN_POINT('',(-5.866768980552,20.216572121572,
    -7.951252261481));
#1104 = CARTESIAN_POINT('',(-6.325054649082,19.156851659772,
    -7.951252261481));
#1105 = CARTESIAN_POINT('',(-7.042075397632,18.250529402372,
    -7.951252261481));
#1106 = CARTESIAN_POINT('',(-7.468516408622,17.835756542172,
    -7.951252261481));
#1107 = CARTESIAN_POINT('',(-7.964808883582,17.459054509172,
    -7.951252261481));
#1108 = CARTESIAN_POINT('',(-8.499799337312,17.147998716772,
    -7.951252261481));
#1109 = CARTESIAN_POINT('',(-8.526252481802,17.132831787872,
    -7.951252261481));
#1110 = CARTESIAN_POINT('',(-8.552794173482,17.117826399472,
    -7.951252261481));
#1111 = CARTESIAN_POINT('',(-8.579425349042,17.102981539872,
    -7.951252261481));
#1112 = ORIENTED_EDGE('',*,*,#1113,.F.);
#1113 = EDGE_CURVE('',#1114,#1097,#1116,.T.);
#1114 = VERTEX_POINT('',#1115);
#1115 = CARTESIAN_POINT('',(-6.393990748712,24.557764556672,
    -7.951252261481));
#1116 = B_SPLINE_CURVE_WITH_KNOTS('',5,(#1117,#1118,#1119,#1120,#1121,
    #1122,#1123,#1124,#1125),.UNSPECIFIED.,.F.,.F.,(6,3,6),(0.,
    3.94993642709,4.00555237251),.UNSPECIFIED.);
#1117 = CARTESIAN_POINT('',(-6.393990748712,24.557764556672,
    -7.951252261481));
#1118 = CARTESIAN_POINT('',(-6.106455574402,24.080747936072,
    -7.951252261481));
#1119 = CARTESIAN_POINT('',(-5.879740840892,23.567071028972,
    -7.951252261481));
#1120 = CARTESIAN_POINT('',(-5.722736678892,23.025515524472,
    -7.951252261481));
#1121 = CARTESIAN_POINT('',(-5.640900520622,22.461305592672,
    -7.951252261481));
#1122 = CARTESIAN_POINT('',(-5.637630491282,21.896509378572,
    -7.951252261481));
#1123 = CARTESIAN_POINT('',(-5.637600234592,21.888667197372,
    -7.951252261481));
#1124 = CARTESIAN_POINT('',(-5.637585125022,21.880825054772,
    -7.951252261481));
#1125 = CARTESIAN_POINT('',(-5.637585162332,21.872982915872,
    -7.951252261481));
#1126 = ORIENTED_EDGE('',*,*,#1127,.T.);
#1127 = EDGE_CURVE('',#1114,#835,#1128,.T.);
#1128 = B_SPLINE_CURVE_WITH_KNOTS('',5,(#1129,#1130,#1131,#1132,#1133,
    #1134,#1135,#1136,#1137,#1138,#1139,#1140),.UNSPECIFIED.,.F.,.F.,(6,
    3,3,6),(0.,4.17468862457,8.62057370048,8.81192563215),
  .UNSPECIFIED.);
#1129 = CARTESIAN_POINT('',(-6.393990748712,24.557764556672,
    -7.951252261481));
#1130 = CARTESIAN_POINT('',(-6.698017146912,25.062139874772,
    -7.951252261481));
#1131 = CARTESIAN_POINT('',(-7.070039099632,25.525527914572,
    -7.951252261481));
#1132 = CARTESIAN_POINT('',(-7.499800232842,25.937719279672,
    -7.951252261481));
#1133 = CARTESIAN_POINT('',(-8.480111997242,26.671271805972,
    -7.951252261481));
#1134 = CARTESIAN_POINT('',(-9.607979308682,27.150806822972,
    -7.951252261481));
#1135 = CARTESIAN_POINT('',(-10.21618207531,27.327172114472,
    -7.951252261481));
#1136 = CARTESIAN_POINT('',(-10.86560288892,27.436083703572,
    -7.951252261481));
#1137 = CARTESIAN_POINT('',(-11.51907125195,27.466570238972,
    -7.951252261481));
#1138 = CARTESIAN_POINT('',(-11.54604376857,27.467694754672,
    -7.951252261481));
#1139 = CARTESIAN_POINT('',(-11.57301976112,27.468685632072,
    -7.951252261481));
#1140 = CARTESIAN_POINT('',(-11.59999999884,27.469542934072,
    -7.951252261481));
#1141 = ORIENTED_EDGE('',*,*,#834,.T.);
#1142 = ORIENTED_EDGE('',*,*,#1143,.T.);
#1143 = EDGE_CURVE('',#837,#1144,#1146,.T.);
#1144 = VERTEX_POINT('',#1145);
#1145 = CARTESIAN_POINT('',(-11.09999999884,29.887772925672,
    -7.951252261481));
#1146 = LINE('',#1147,#1148);
#1147 = CARTESIAN_POINT('',(-11.34999999884,29.599097791572,
    -7.951252261481));
#1148 = VECTOR('',#1149,1.);
#1149 = DIRECTION('',(0.654653671388,0.75592894543,-1.640969243412E-16)
  );
#1150 = ORIENTED_EDGE('',*,*,#1151,.T.);
#1151 = EDGE_CURVE('',#1144,#1152,#1154,.T.);
#1152 = VERTEX_POINT('',#1153);
#1153 = CARTESIAN_POINT('',(-5.299999998092,29.887772925672,
    -7.951252261481));
#1154 = LINE('',#1155,#1156);
#1155 = CARTESIAN_POINT('',(-8.199999998472,29.887772925672,
    -7.951252261481));
#1156 = VECTOR('',#1157,1.);
#1157 = DIRECTION('',(1.,-2.22044604925E-16,-1.224646799147E-16));
#1158 = ORIENTED_EDGE('',*,*,#1159,.F.);
#1159 = EDGE_CURVE('',#742,#1152,#1160,.T.);
#1160 = LINE('',#1161,#1162);
#1161 = CARTESIAN_POINT('',(-5.299999998092,29.200979140972,
    -7.951252261481));
#1162 = VECTOR('',#1163,1.);
#1163 = DIRECTION('',(2.22044604925E-16,1.,-1.110223024625E-16));
#1164 = ORIENTED_EDGE('',*,*,#749,.F.);
#1165 = ORIENTED_EDGE('',*,*,#716,.T.);
#1166 = ORIENTED_EDGE('',*,*,#692,.T.);
#1167 = ORIENTED_EDGE('',*,*,#646,.F.);
#1168 = PLANE('',#1169);
#1169 = AXIS2_PLACEMENT_3D('',#1170,#1171,#1172);
#1170 = CARTESIAN_POINT('',(-11.59999999884,-0.397018460128,
    -7.951252261481));
#1171 = DIRECTION('',(1.224646799147E-16,1.110223024625E-16,1.));
#1172 = DIRECTION('',(1.,-2.22044604925E-16,-1.224646799147E-16));
#1173 = ADVANCED_FACE('',(#1174),#1194,.F.);
#1174 = FACE_BOUND('',#1175,.F.);
#1175 = EDGE_LOOP('',(#1176,#1184,#1191,#1192,#1193));
#1176 = ORIENTED_EDGE('',*,*,#1177,.T.);
#1177 = EDGE_CURVE('',#1097,#1178,#1180,.T.);
#1178 = VERTEX_POINT('',#1179);
#1179 = CARTESIAN_POINT('',(-7.623619036662,21.872982915872,
    -3.692185608681));
#1180 = LINE('',#1181,#1182);
#1181 = CARTESIAN_POINT('',(-8.087572511432,21.872982915872,
    -2.697234170781));
#1182 = VECTOR('',#1183,1.);
#1183 = DIRECTION('',(-0.422618261741,1.944604822188E-16,0.906307787037)
  );
#1184 = ORIENTED_EDGE('',*,*,#1185,.F.);
#1185 = EDGE_CURVE('',#921,#1178,#1186,.T.);
#1186 = CIRCLE('',#1187,5.6);
#1187 = AXIS2_PLACEMENT_3D('',#1188,#1189,#1190);
#1188 = CARTESIAN_POINT('',(-12.69894264407,21.872981539872,
    -6.058847874381));
#1189 = DIRECTION('',(-0.422618261741,1.944604822188E-16,0.906307787037)
  );
#1190 = DIRECTION('',(-0.906307787037,1.543207020317E-16,-0.422618261741
    ));
#1191 = ORIENTED_EDGE('',*,*,#928,.T.);
#1192 = ORIENTED_EDGE('',*,*,#674,.T.);
#1193 = ORIENTED_EDGE('',*,*,#1096,.F.);
#1194 = CYLINDRICAL_SURFACE('',#1195,5.6);
#1195 = AXIS2_PLACEMENT_3D('',#1196,#1197,#1198);
#1196 = CARTESIAN_POINT('',(-13.16289611883,21.872981539872,
    -5.063896436981));
#1197 = DIRECTION('',(-0.422618261741,1.944604822188E-16,0.906307787037)
  );
#1198 = DIRECTION('',(-0.795359909609,-0.479425538604,-0.37088241684));
#1199 = ADVANCED_FACE('',(#1200,#1262),#1282,.F.);
#1200 = FACE_BOUND('',#1201,.T.);
#1201 = EDGE_LOOP('',(#1202,#1212,#1220,#1229,#1236,#1237,#1238,#1239,
    #1247,#1255));
#1202 = ORIENTED_EDGE('',*,*,#1203,.F.);
#1203 = EDGE_CURVE('',#1204,#1206,#1208,.T.);
#1204 = VERTEX_POINT('',#1205);
#1205 = CARTESIAN_POINT('',(-5.299999998842,28.514185357172,
    24.048747738519));
#1206 = VERTEX_POINT('',#1207);
#1207 = CARTESIAN_POINT('',(-5.299999998842,33.701493793472,
    24.048747738519));
#1208 = LINE('',#1209,#1210);
#1209 = CARTESIAN_POINT('',(-5.299999998842,31.107839575372,
    24.048747738519));
#1210 = VECTOR('',#1211,1.);
#1211 = DIRECTION('',(2.22044604925E-16,1.,-1.110223024625E-16));
#1212 = ORIENTED_EDGE('',*,*,#1213,.F.);
#1213 = EDGE_CURVE('',#1214,#1204,#1216,.T.);
#1214 = VERTEX_POINT('',#1215);
#1215 = CARTESIAN_POINT('',(-5.299999998842,28.514185357172,
    4.181470347219));
#1216 = LINE('',#1217,#1218);
#1217 = CARTESIAN_POINT('',(-5.299999998842,28.514185357172,
    14.115109042889));
#1218 = VECTOR('',#1219,1.);
#1219 = DIRECTION('',(1.224646799147E-16,1.110223024625E-16,1.));
#1220 = ORIENTED_EDGE('',*,*,#1221,.T.);
#1221 = EDGE_CURVE('',#1214,#1222,#1224,.T.);
#1222 = VERTEX_POINT('',#1223);
#1223 = CARTESIAN_POINT('',(-5.299999998842,32.907388168672,
    2.548747738519));
#1224 = CIRCLE('',#1225,2.50000000035);
#1225 = AXIS2_PLACEMENT_3D('',#1226,#1227,#1228);
#1226 = CARTESIAN_POINT('',(-5.299999998842,30.407388168372,
    2.548747738319));
#1227 = DIRECTION('',(-1.,2.22044604925E-16,1.224646799147E-16));
#1228 = DIRECTION('',(-2.22044604925E-16,-1.,1.110223024625E-16));
#1229 = ORIENTED_EDGE('',*,*,#1230,.T.);
#1230 = EDGE_CURVE('',#1222,#800,#1231,.T.);
#1231 = CIRCLE('',#1232,2.50000000053);
#1232 = AXIS2_PLACEMENT_3D('',#1233,#1234,#1235);
#1233 = CARTESIAN_POINT('',(-5.299999998842,30.407388168172,
    2.548747739319));
#1234 = DIRECTION('',(-1.,2.22044604925E-16,1.224646799147E-16));
#1235 = DIRECTION('',(-2.22044604925E-16,-1.,1.110223024625E-16));
#1236 = ORIENTED_EDGE('',*,*,#799,.T.);
#1237 = ORIENTED_EDGE('',*,*,#739,.T.);
#1238 = ORIENTED_EDGE('',*,*,#1159,.T.);
#1239 = ORIENTED_EDGE('',*,*,#1240,.F.);
#1240 = EDGE_CURVE('',#1241,#1152,#1243,.T.);
#1241 = VERTEX_POINT('',#1242);
#1242 = CARTESIAN_POINT('',(-5.299999998842,38.929078140612,
    7.708747738619));
#1243 = LINE('',#1244,#1245);
#1244 = CARTESIAN_POINT('',(-5.299999998842,34.408425533572,
    -0.121252261381));
#1245 = VECTOR('',#1246,1.);
#1246 = DIRECTION('',(-2.17079826326E-16,-0.499999999941,-0.866025403819
    ));
#1247 = ORIENTED_EDGE('',*,*,#1248,.T.);
#1248 = EDGE_CURVE('',#1241,#1249,#1251,.T.);
#1249 = VERTEX_POINT('',#1250);
#1250 = CARTESIAN_POINT('',(-5.299999998842,40.053789164252,
    16.868783939329));
#1251 = LINE('',#1252,#1253);
#1252 = CARTESIAN_POINT('',(-5.299999998842,39.491433652432,
    12.288765839019));
#1253 = VECTOR('',#1254,1.);
#1254 = DIRECTION('',(1.486122769898E-16,0.1218693435,0.99254615163));
#1255 = ORIENTED_EDGE('',*,*,#1256,.F.);
#1256 = EDGE_CURVE('',#1206,#1249,#1257,.T.);
#1257 = CIRCLE('',#1258,6.39999999847);
#1258 = AXIS2_PLACEMENT_3D('',#1259,#1260,#1261);
#1259 = CARTESIAN_POINT('',(-5.299999998842,33.701493795672,
    17.648747740049));
#1260 = DIRECTION('',(-1.,2.22044604925E-16,1.224646799147E-16));
#1261 = DIRECTION('',(-2.22044604925E-16,-1.,1.110223024625E-16));
#1262 = FACE_BOUND('',#1263,.T.);
#1263 = EDGE_LOOP('',(#1264,#1275));
#1264 = ORIENTED_EDGE('',*,*,#1265,.T.);
#1265 = EDGE_CURVE('',#1266,#1268,#1270,.T.);
#1266 = VERTEX_POINT('',#1267);
#1267 = CARTESIAN_POINT('',(-5.299999998842,33.649590031572,
    19.605978911439));
#1268 = VERTEX_POINT('',#1269);
#1269 = CARTESIAN_POINT('',(-5.299999998842,36.334373048772,
    14.691516564859));
#1270 = CIRCLE('',#1271,2.80000000026);
#1271 = AXIS2_PLACEMENT_3D('',#1272,#1273,#1274);
#1272 = CARTESIAN_POINT('',(-5.299999998842,34.991981539072,
    17.148747737539));
#1273 = DIRECTION('',(-1.,2.22044604925E-16,1.224646799147E-16));
#1274 = DIRECTION('',(-2.22044604925E-16,-1.,1.110223024625E-16));
#1275 = ORIENTED_EDGE('',*,*,#1276,.T.);
#1276 = EDGE_CURVE('',#1268,#1266,#1277,.T.);
#1277 = CIRCLE('',#1278,2.80000000026);
#1278 = AXIS2_PLACEMENT_3D('',#1279,#1280,#1281);
#1279 = CARTESIAN_POINT('',(-5.299999998842,34.991981539072,
    17.148747737539));
#1280 = DIRECTION('',(-1.,2.22044604925E-16,1.224646799147E-16));
#1281 = DIRECTION('',(-2.22044604925E-16,-1.,1.110223024625E-16));
#1282 = PLANE('',#1283);
#1283 = AXIS2_PLACEMENT_3D('',#1284,#1285,#1286);
#1284 = CARTESIAN_POINT('',(-5.299999998842,42.053789164252,
    4.874773851905E-02));
#1285 = DIRECTION('',(-1.,2.22044604925E-16,1.224646799147E-16));
#1286 = DIRECTION('',(-2.22044604925E-16,-1.,1.110223024625E-16));
#1287 = ADVANCED_FACE('',(#1288),#1299,.F.);
#1288 = FACE_BOUND('',#1289,.F.);
#1289 = EDGE_LOOP('',(#1290,#1291,#1297,#1298));
#1290 = ORIENTED_EDGE('',*,*,#940,.F.);
#1291 = ORIENTED_EDGE('',*,*,#1292,.T.);
#1292 = EDGE_CURVE('',#941,#1222,#1293,.T.);
#1293 = LINE('',#1294,#1295);
#1294 = CARTESIAN_POINT('',(-5.549999998092,32.907388168172,
    2.548747738519));
#1295 = VECTOR('',#1296,1.);
#1296 = DIRECTION('',(1.,-2.22044604925E-16,-1.224646799147E-16));
#1297 = ORIENTED_EDGE('',*,*,#1230,.T.);
#1298 = ORIENTED_EDGE('',*,*,#807,.F.);
#1299 = CYLINDRICAL_SURFACE('',#1300,2.5);
#1300 = AXIS2_PLACEMENT_3D('',#1301,#1302,#1303);
#1301 = CARTESIAN_POINT('',(-5.549999998842,30.407388168172,
    2.548747738519));
#1302 = DIRECTION('',(1.,-2.22044604925E-16,-1.224646799147E-16));
#1303 = DIRECTION('',(-2.22044604925E-16,-1.,1.110223024625E-16));
#1304 = ADVANCED_FACE('',(#1305),#1327,.F.);
#1305 = FACE_BOUND('',#1306,.F.);
#1306 = EDGE_LOOP('',(#1307,#1308,#1323,#1324,#1325,#1326));
#1307 = ORIENTED_EDGE('',*,*,#855,.T.);
#1308 = ORIENTED_EDGE('',*,*,#1309,.T.);
#1309 = EDGE_CURVE('',#856,#1178,#1310,.T.);
#1310 = B_SPLINE_CURVE_WITH_KNOTS('',5,(#1311,#1312,#1313,#1314,#1315,
    #1316,#1317,#1318,#1319,#1320,#1321,#1322),.UNSPECIFIED.,.F.,.F.,(6,
    3,3,6),(0.,3.35267880697,6.70535761394,11.0502835884),
  .UNSPECIFIED.);
#1311 = CARTESIAN_POINT('',(-11.59999999883,27.340624235972,
    -5.546402502481));
#1312 = CARTESIAN_POINT('',(-11.20073914257,27.243022419972,
    -5.360224107581));
#1313 = CARTESIAN_POINT('',(-10.81048941138,27.101010395872,
    -5.178247669481));
#1314 = CARTESIAN_POINT('',(-10.42616355712,26.913310213372,
    -4.999033254981));
#1315 = CARTESIAN_POINT('',(-9.690119108122,26.443612362972,
    -4.655811600281));
#1316 = CARTESIAN_POINT('',(-9.053232449472,25.811302065372,
    -4.358829202281));
#1317 = CARTESIAN_POINT('',(-8.768502294562,25.460224339572,
    -4.226058302881));
#1318 = CARTESIAN_POINT('',(-8.202393719612,24.601317626372,
    -3.962078435581));
#1319 = CARTESIAN_POINT('',(-7.833286341692,23.624104883672,
    -3.789957703681));
#1320 = CARTESIAN_POINT('',(-7.692250776432,23.037934524772,
    -3.724189115481));
#1321 = CARTESIAN_POINT('',(-7.623619036882,22.455438234672,
    -3.692185608181));
#1322 = CARTESIAN_POINT('',(-7.623619036872,21.872981539872,
    -3.692185608181));
#1323 = ORIENTED_EDGE('',*,*,#1177,.F.);
#1324 = ORIENTED_EDGE('',*,*,#1113,.F.);
#1325 = ORIENTED_EDGE('',*,*,#1127,.T.);
#1326 = ORIENTED_EDGE('',*,*,#844,.T.);
#1327 = B_SPLINE_SURFACE_WITH_KNOTS('',5,5,(
    (#1328,#1329,#1330,#1331,#1332,#1333,#1334,#1335,#1336)
    ,(#1337,#1338,#1339,#1340,#1341,#1342,#1343,#1344,#1345)
    ,(#1346,#1347,#1348,#1349,#1350,#1351,#1352,#1353,#1354)
    ,(#1355,#1356,#1357,#1358,#1359,#1360,#1361,#1362,#1363)
    ,(#1364,#1365,#1366,#1367,#1368,#1369,#1370,#1371,#1372)
    ,(#1373,#1374,#1375,#1376,#1377,#1378,#1379,#1380,#1381
  )),.UNSPECIFIED.,.F.,.F.,.F.,(6,6),(6,3,6),(0.,10.6698015617),(
    -3.0054495627,3.00544955414,6.01089911256),.UNSPECIFIED.);
#1328 = CARTESIAN_POINT('',(-4.871994166142,21.872981539872,
    -9.593064186181));
#1329 = CARTESIAN_POINT('',(-5.380057314112,21.872981539872,
    -8.503519249281));
#1330 = CARTESIAN_POINT('',(-5.888120462092,21.872981539872,
    -7.413974312381));
#1331 = CARTESIAN_POINT('',(-6.396183610062,21.872981539872,
    -6.324429375481));
#1332 = CARTESIAN_POINT('',(-7.158278332022,21.872981539872,
    -4.690111970181));
#1333 = CARTESIAN_POINT('',(-7.920373053982,21.872981539872,
    -3.055794564781));
#1334 = CARTESIAN_POINT('',(-8.174404627972,21.872981539872,
    -2.511022096381));
#1335 = CARTESIAN_POINT('',(-8.428436201962,21.872981539872,
    -1.966249627881));
#1336 = CARTESIAN_POINT('',(-8.682467775952,21.872981539872,
    -1.421477159481));
#1337 = CARTESIAN_POINT('',(-4.900666708752,23.862301302172,
    -9.531575720081));
#1338 = CARTESIAN_POINT('',(-5.408729856722,23.862301302172,
    -8.442030783181));
#1339 = CARTESIAN_POINT('',(-5.916793004692,23.862301302072,
    -7.352485846281));
#1340 = CARTESIAN_POINT('',(-6.424856152672,23.862301302072,
    -6.262940909381));
#1341 = CARTESIAN_POINT('',(-7.186950874632,23.862301302072,
    -4.628623504081));
#1342 = CARTESIAN_POINT('',(-7.949045596592,23.862301301972,
    -2.994306098781));
#1343 = CARTESIAN_POINT('',(-8.203077170582,23.862301301972,
    -2.449533630381));
#1344 = CARTESIAN_POINT('',(-8.457108744562,23.862301301972,
    -1.904761161881));
#1345 = CARTESIAN_POINT('',(-8.711140318552,23.862301301972,
    -1.359988693481));
#1346 = CARTESIAN_POINT('',(-5.729923245692,25.852140394372,
    -9.843405627581));
#1347 = CARTESIAN_POINT('',(-6.237986402372,25.852140394272,
    -8.753860702081));
#1348 = CARTESIAN_POINT('',(-6.746049559062,25.852140394272,
    -7.664315776481));
#1349 = CARTESIAN_POINT('',(-7.254112715742,25.852140394172,
    -6.574770850881));
#1350 = CARTESIAN_POINT('',(-8.016207450772,25.852140394072,
    -4.940453462581));
#1351 = CARTESIAN_POINT('',(-8.778302185802,25.852140394072,
    -3.306136074181));
#1352 = CARTESIAN_POINT('',(-9.032333764152,25.852140393972,
    -2.761363611481));
#1353 = CARTESIAN_POINT('',(-9.286365342492,25.852140393972,
    -2.216591148681));
#1354 = CARTESIAN_POINT('',(-9.540396920832,25.852140393972,
    -1.671818685881));
#1355 = CARTESIAN_POINT('',(-7.367963091862,27.320194631572,
    -10.53152237318));
#1356 = CARTESIAN_POINT('',(-7.876026247402,27.320194631572,
    -9.441977443881));
#1357 = CARTESIAN_POINT('',(-8.384089402942,27.320194631672,
    -8.352432514581));
#1358 = CARTESIAN_POINT('',(-8.892152558472,27.320194631672,
    -7.262887585281));
#1359 = CARTESIAN_POINT('',(-9.654247291782,27.320194631672,
    -5.628570191281));
#1360 = CARTESIAN_POINT('',(-10.41634202508,27.320194631772,
    -3.994252797281));
#1361 = CARTESIAN_POINT('',(-10.67037360285,27.320194631772,
    -3.449480332681));
#1362 = CARTESIAN_POINT('',(-10.92440518062,27.320194631772,
    -2.904707867981));
#1363 = CARTESIAN_POINT('',(-11.17843675839,27.320194631772,
    -2.359935403381));
#1364 = CARTESIAN_POINT('',(-9.354017038372,27.764210939372,
    -11.38277597498));
#1365 = CARTESIAN_POINT('',(-9.862080186362,27.764210939372,
    -10.29323103818));
#1366 = CARTESIAN_POINT('',(-10.37014333435,27.764210939372,
    -9.203686101281));
#1367 = CARTESIAN_POINT('',(-10.87820648233,27.764210939372,
    -8.114141164381));
#1368 = CARTESIAN_POINT('',(-11.64030120432,27.764210939472,
    -6.479823759081));
#1369 = CARTESIAN_POINT('',(-12.4023959263,27.764210939472,
    -4.845506353781));
#1370 = CARTESIAN_POINT('',(-12.65642750029,27.764210939472,
    -4.300733885381));
#1371 = CARTESIAN_POINT('',(-12.91045907429,27.764210939472,
    -3.755961416981));
#1372 = CARTESIAN_POINT('',(-13.16449064828,27.764210939472,
    -3.211188948481));
#1373 = CARTESIAN_POINT('',(-11.14622709519,27.350608103972,
    -12.14363855758));
#1374 = CARTESIAN_POINT('',(-11.65429024317,27.350608103972,
    -11.05409362068));
#1375 = CARTESIAN_POINT('',(-12.16235339114,27.350608103972,
    -9.964548683781));
#1376 = CARTESIAN_POINT('',(-12.67041653912,27.350608103972,
    -8.875003746881));
#1377 = CARTESIAN_POINT('',(-13.43251126108,27.350608103972,
    -7.240686341581));
#1378 = CARTESIAN_POINT('',(-14.19460598304,27.350608103972,
    -5.606368936281));
#1379 = CARTESIAN_POINT('',(-14.44863755703,27.350608103972,
    -5.061596467781));
#1380 = CARTESIAN_POINT('',(-14.70266913102,27.350608103972,
    -4.516823999381));
#1381 = CARTESIAN_POINT('',(-14.95670070501,27.350608103972,
    -3.972051530881));
#1382 = ADVANCED_FACE('',(#1383),#1405,.F.);
#1383 = FACE_BOUND('',#1384,.T.);
#1384 = EDGE_LOOP('',(#1385,#1394,#1395,#1396,#1397,#1398));
#1385 = ORIENTED_EDGE('',*,*,#1386,.T.);
#1386 = EDGE_CURVE('',#1387,#867,#1389,.T.);
#1387 = VERTEX_POINT('',#1388);
#1388 = CARTESIAN_POINT('',(-10.11402293918,23.431114542272,
    -4.853480019681));
#1389 = CIRCLE('',#1390,3.25000000646);
#1390 = AXIS2_PLACEMENT_3D('',#1391,#1392,#1393);
#1391 = CARTESIAN_POINT('',(-12.69894264868,21.872981534872,
    -6.058847875981));
#1392 = DIRECTION('',(-0.422618261741,1.944604822188E-16,0.906307787037)
  );
#1393 = DIRECTION('',(-0.906307787037,1.543207020317E-16,-0.422618261741
    ));
#1394 = ORIENTED_EDGE('',*,*,#866,.F.);
#1395 = ORIENTED_EDGE('',*,*,#1309,.T.);
#1396 = ORIENTED_EDGE('',*,*,#1185,.F.);
#1397 = ORIENTED_EDGE('',*,*,#920,.F.);
#1398 = ORIENTED_EDGE('',*,*,#1399,.T.);
#1399 = EDGE_CURVE('',#892,#1387,#1400,.T.);
#1400 = CIRCLE('',#1401,3.24999999836);
#1401 = AXIS2_PLACEMENT_3D('',#1402,#1403,#1404);
#1402 = CARTESIAN_POINT('',(-12.69894264229,21.872981538972,
    -6.058847872981));
#1403 = DIRECTION('',(-0.422618261741,1.944604822188E-16,0.906307787037)
  );
#1404 = DIRECTION('',(-0.906307787037,1.543207020317E-16,-0.422618261741
    ));
#1405 = PLANE('',#1406);
#1406 = AXIS2_PLACEMENT_3D('',#1407,#1408,#1409);
#1407 = CARTESIAN_POINT('',(-9.753442336422,21.872981539872,
    -4.685338523281));
#1408 = DIRECTION('',(-0.422618261741,1.944604822188E-16,0.906307787037)
  );
#1409 = DIRECTION('',(2.22044604925E-16,1.,-1.110223024625E-16));
#1410 = ADVANCED_FACE('',(#1411),#1421,.F.);
#1411 = FACE_BOUND('',#1412,.F.);
#1412 = EDGE_LOOP('',(#1413,#1419,#1420));
#1413 = ORIENTED_EDGE('',*,*,#1414,.F.);
#1414 = EDGE_CURVE('',#1387,#875,#1415,.T.);
#1415 = LINE('',#1416,#1417);
#1416 = CARTESIAN_POINT('',(-10.57797641322,23.431114540372,
    -3.858528582681));
#1417 = VECTOR('',#1418,1.);
#1418 = DIRECTION('',(-0.422618261741,1.944604822188E-16,0.906307787037)
  );
#1419 = ORIENTED_EDGE('',*,*,#1386,.T.);
#1420 = ORIENTED_EDGE('',*,*,#874,.F.);
#1421 = CYLINDRICAL_SURFACE('',#1422,3.25);
#1422 = AXIS2_PLACEMENT_3D('',#1423,#1424,#1425);
#1423 = CARTESIAN_POINT('',(-13.16289611883,21.872981539872,
    -5.063896436981));
#1424 = DIRECTION('',(-0.422618261741,1.944604822188E-16,0.906307787037)
  );
#1425 = DIRECTION('',(0.795359909609,0.479425538604,0.37088241684));
#1426 = ADVANCED_FACE('',(#1427),#1432,.F.);
#1427 = FACE_BOUND('',#1428,.F.);
#1428 = EDGE_LOOP('',(#1429,#1430,#1431));
#1429 = ORIENTED_EDGE('',*,*,#1399,.T.);
#1430 = ORIENTED_EDGE('',*,*,#1414,.T.);
#1431 = ORIENTED_EDGE('',*,*,#891,.F.);
#1432 = CYLINDRICAL_SURFACE('',#1433,3.25);
#1433 = AXIS2_PLACEMENT_3D('',#1434,#1435,#1436);
#1434 = CARTESIAN_POINT('',(-13.16289611883,21.872981539872,
    -5.063896436981));
#1435 = DIRECTION('',(-0.422618261741,1.944604822188E-16,0.906307787037)
  );
#1436 = DIRECTION('',(-0.795359909609,-0.479425538604,-0.37088241684));
#1437 = ADVANCED_FACE('',(#1438),#1468,.F.);
#1438 = FACE_BOUND('',#1439,.F.);
#1439 = EDGE_LOOP('',(#1440,#1450,#1451,#1452,#1453,#1461));
#1440 = ORIENTED_EDGE('',*,*,#1441,.T.);
#1441 = EDGE_CURVE('',#1442,#1214,#1444,.T.);
#1442 = VERTEX_POINT('',#1443);
#1443 = CARTESIAN_POINT('',(-4.913197591862,27.953347572072,
    3.025910973219));
#1444 = B_SPLINE_CURVE_WITH_KNOTS('',4,(#1445,#1446,#1447,#1448,#1449),
  .UNSPECIFIED.,.F.,.F.,(5,5),(0.,1.94593838026),
  .PIECEWISE_BEZIER_KNOTS.);
#1445 = CARTESIAN_POINT('',(-4.913199914582,27.953348455472,
    3.025915516819));
#1446 = CARTESIAN_POINT('',(-5.066045022742,28.011471592272,
    3.324838646719));
#1447 = CARTESIAN_POINT('',(-5.191157232192,28.119116731072,
    3.626336309319));
#1448 = CARTESIAN_POINT('',(-5.299999998842,28.291484259372,
    3.923240111119));
#1449 = CARTESIAN_POINT('',(-5.299999998842,28.514185357072,
    4.181470346919));
#1450 = ORIENTED_EDGE('',*,*,#1221,.T.);
#1451 = ORIENTED_EDGE('',*,*,#1292,.F.);
#1452 = ORIENTED_EDGE('',*,*,#949,.F.);
#1453 = ORIENTED_EDGE('',*,*,#1454,.T.);
#1454 = EDGE_CURVE('',#950,#1455,#1457,.T.);
#1455 = VERTEX_POINT('',#1456);
#1456 = CARTESIAN_POINT('',(-4.938808761492,27.907388168172,
    2.548747738519));
#1457 = LINE('',#1458,#1459);
#1458 = CARTESIAN_POINT('',(-5.549999998092,27.907388168172,
    2.548747738519));
#1459 = VECTOR('',#1460,1.);
#1460 = DIRECTION('',(1.,-2.22044604925E-16,-1.224646799147E-16));
#1461 = ORIENTED_EDGE('',*,*,#1462,.F.);
#1462 = EDGE_CURVE('',#1442,#1455,#1463,.T.);
#1463 = B_SPLINE_CURVE_WITH_KNOTS('',3,(#1464,#1465,#1466,#1467),
  .UNSPECIFIED.,.F.,.F.,(4,4),(0.,0.680464477786),
  .PIECEWISE_BEZIER_KNOTS.);
#1464 = CARTESIAN_POINT('',(-4.913197591862,27.953347572072,
    3.025910973219));
#1465 = CARTESIAN_POINT('',(-4.922364790502,27.922808551372,
    2.868849424819));
#1466 = CARTESIAN_POINT('',(-4.930968105552,27.907388168172,
    2.708818834519));
#1467 = CARTESIAN_POINT('',(-4.938808761492,27.907388168172,
    2.548747738519));
#1468 = CYLINDRICAL_SURFACE('',#1469,2.5);
#1469 = AXIS2_PLACEMENT_3D('',#1470,#1471,#1472);
#1470 = CARTESIAN_POINT('',(-5.549999998842,30.407388168172,
    2.548747738519));
#1471 = DIRECTION('',(1.,-2.22044604925E-16,-1.224646799147E-16));
#1472 = DIRECTION('',(2.22044604925E-16,1.,-2.334869823775E-16));
#1473 = ADVANCED_FACE('',(#1474),#1493,.F.);
#1474 = FACE_BOUND('',#1475,.F.);
#1475 = EDGE_LOOP('',(#1476,#1485,#1486,#1487));
#1476 = ORIENTED_EDGE('',*,*,#1477,.F.);
#1477 = EDGE_CURVE('',#1455,#1478,#1480,.T.);
#1478 = VERTEX_POINT('',#1479);
#1479 = CARTESIAN_POINT('',(-4.952619615902,27.925453439072,
    2.248747737719));
#1480 = B_SPLINE_CURVE_WITH_KNOTS('',3,(#1481,#1482,#1483,#1484),
  .UNSPECIFIED.,.F.,.F.,(4,4),(0.,0.425866291803),
  .PIECEWISE_BEZIER_KNOTS.);
#1481 = CARTESIAN_POINT('',(-4.938808761492,27.907388168172,
    2.548747738519));
#1482 = CARTESIAN_POINT('',(-4.943718119422,27.907388168172,
    2.448520626619));
#1483 = CARTESIAN_POINT('',(-4.948330747132,27.913422766872,
    2.348278796119));
#1484 = CARTESIAN_POINT('',(-4.952619615902,27.925453469672,
    2.248747484219));
#1485 = ORIENTED_EDGE('',*,*,#1454,.F.);
#1486 = ORIENTED_EDGE('',*,*,#958,.F.);
#1487 = ORIENTED_EDGE('',*,*,#1488,.T.);
#1488 = EDGE_CURVE('',#959,#1478,#1489,.T.);
#1489 = LINE('',#1490,#1491);
#1490 = CARTESIAN_POINT('',(-5.549999998092,27.925453439072,
    2.248747737719));
#1491 = VECTOR('',#1492,1.);
#1492 = DIRECTION('',(1.,-2.22044604925E-16,-1.224646799147E-16));
#1493 = CYLINDRICAL_SURFACE('',#1494,2.5);
#1494 = AXIS2_PLACEMENT_3D('',#1495,#1496,#1497);
#1495 = CARTESIAN_POINT('',(-5.549999998842,30.407388168172,
    2.548747738519));
#1496 = DIRECTION('',(1.,-2.22044604925E-16,-1.224646799147E-16));
#1497 = DIRECTION('',(-2.22044604925E-16,-1.,1.110223024625E-16));
#1498 = ADVANCED_FACE('',(#1499),#1556,.T.);
#1499 = FACE_BOUND('',#1500,.T.);
#1500 = EDGE_LOOP('',(#1501,#1502,#1503,#1511,#1519,#1542,#1550));
#1501 = ORIENTED_EDGE('',*,*,#967,.F.);
#1502 = ORIENTED_EDGE('',*,*,#1488,.T.);
#1503 = ORIENTED_EDGE('',*,*,#1504,.T.);
#1504 = EDGE_CURVE('',#1478,#1505,#1507,.T.);
#1505 = VERTEX_POINT('',#1506);
#1506 = CARTESIAN_POINT('',(-4.952619911322,18.309515562372,
    2.248747738519));
#1507 = LINE('',#1508,#1509);
#1508 = CARTESIAN_POINT('',(-4.952619763242,23.117484501072,
    2.248747738519));
#1509 = VECTOR('',#1510,1.);
#1510 = DIRECTION('',(-3.079892826234E-08,-1.,1.110223062343E-16));
#1511 = ORIENTED_EDGE('',*,*,#1512,.F.);
#1512 = EDGE_CURVE('',#1513,#1505,#1515,.T.);
#1513 = VERTEX_POINT('',#1514);
#1514 = CARTESIAN_POINT('',(-6.200227561552,18.325981539172,
    2.248747738519));
#1515 = LINE('',#1516,#1517);
#1516 = CARTESIAN_POINT('',(-5.576423736432,18.317748550772,
    2.248747738519));
#1517 = VECTOR('',#1518,1.);
#1518 = DIRECTION('',(0.999912917234,-1.31968916096E-02,
    -1.209888660599E-16));
#1519 = ORIENTED_EDGE('',*,*,#1520,.F.);
#1520 = EDGE_CURVE('',#1521,#1513,#1523,.T.);
#1521 = VERTEX_POINT('',#1522);
#1522 = CARTESIAN_POINT('',(-9.684193863682,19.080267783672,
    2.248747738519));
#1523 = B_SPLINE_CURVE_WITH_KNOTS('',5,(#1524,#1525,#1526,#1527,#1528,
    #1529,#1530,#1531,#1532,#1533,#1534,#1535,#1536,#1537,#1538,#1539,
    #1540,#1541),.UNSPECIFIED.,.F.,.F.,(6,3,3,3,3,6),(0.,2.02596504649,
    3.03855421346,4.32581884899,4.70367417935,5.06878874816),
  .UNSPECIFIED.);
#1524 = CARTESIAN_POINT('',(-9.684193863682,19.080267783672,
    2.248747738519));
#1525 = CARTESIAN_POINT('',(-9.399578015562,19.046578567172,
    2.248747738519));
#1526 = CARTESIAN_POINT('',(-9.115249464452,19.010462180972,
    2.248747738519));
#1527 = CARTESIAN_POINT('',(-8.831184390662,18.971500409972,
    2.248747738519));
#1528 = CARTESIAN_POINT('',(-8.405978665272,18.908116208572,
    2.248747738519));
#1529 = CARTESIAN_POINT('',(-7.982446978512,18.834619095372,
    2.248747738519));
#1530 = CARTESIAN_POINT('',(-7.841595046262,18.808861082472,
    2.248747738519));
#1531 = CARTESIAN_POINT('',(-7.522388590772,18.747045966072,
    2.248747738519));
#1532 = CARTESIAN_POINT('',(-7.204935324532,18.675823727572,
    2.248747738519));
#1533 = CARTESIAN_POINT('',(-7.032315753552,18.633192710772,
    2.248747738519));
#1534 = CARTESIAN_POINT('',(-6.805256820382,18.571325832572,
    2.248747738519));
#1535 = CARTESIAN_POINT('',(-6.582286629052,18.495424723872,
    2.248747738519));
#1536 = CARTESIAN_POINT('',(-6.531883943402,18.477342374972,
    2.248747738519));
#1537 = CARTESIAN_POINT('',(-6.433675767182,18.439967619372,
    2.248747738519));
#1538 = CARTESIAN_POINT('',(-6.337517234752,18.397951429872,
    2.248747738519));
#1539 = CARTESIAN_POINT('',(-6.290728770762,18.375867179872,
    2.248747738519));
#1540 = CARTESIAN_POINT('',(-6.244769863762,18.352131014172,
    2.248747738519));
#1541 = CARTESIAN_POINT('',(-6.200227561552,18.325981539172,
    2.248747738519));
#1542 = ORIENTED_EDGE('',*,*,#1543,.F.);
#1543 = EDGE_CURVE('',#1544,#1521,#1546,.T.);
#1544 = VERTEX_POINT('',#1545);
#1545 = CARTESIAN_POINT('',(-9.684193863682,14.602981539872,
    2.248747738519));
#1546 = LINE('',#1547,#1548);
#1547 = CARTESIAN_POINT('',(-9.684193863682,16.841624661772,
    2.248747738519));
#1548 = VECTOR('',#1549,1.);
#1549 = DIRECTION('',(2.22044604925E-16,1.,-1.110223024625E-16));
#1550 = ORIENTED_EDGE('',*,*,#1551,.F.);
#1551 = EDGE_CURVE('',#968,#1544,#1552,.T.);
#1552 = LINE('',#1553,#1554);
#1553 = CARTESIAN_POINT('',(-10.64209693126,14.602981539872,
    2.248747738519));
#1554 = VECTOR('',#1555,1.);
#1555 = DIRECTION('',(1.,-2.22044604925E-16,-1.224646799147E-16));
#1556 = PLANE('',#1557);
#1557 = AXIS2_PLACEMENT_3D('',#1558,#1559,#1560);
#1558 = CARTESIAN_POINT('',(-7.099999998842,-1.397018460128,
    2.248747738519));
#1559 = DIRECTION('',(-1.224646799147E-16,-1.110223024625E-16,-1.));
#1560 = DIRECTION('',(2.22044604925E-16,1.,-1.110223024625E-16));
#1561 = ADVANCED_FACE('',(#1562),#1605,.T.);
#1562 = FACE_BOUND('',#1563,.T.);
#1563 = EDGE_LOOP('',(#1564,#1565,#1573,#1581,#1590,#1598,#1604));
#1564 = ORIENTED_EDGE('',*,*,#1551,.T.);
#1565 = ORIENTED_EDGE('',*,*,#1566,.F.);
#1566 = EDGE_CURVE('',#1567,#1544,#1569,.T.);
#1567 = VERTEX_POINT('',#1568);
#1568 = CARTESIAN_POINT('',(-9.269223527202,14.602981539872,
    6.196926757419));
#1569 = LINE('',#1570,#1571);
#1570 = CARTESIAN_POINT('',(-9.476708695442,14.602981539872,
    4.222837247619));
#1571 = VECTOR('',#1572,1.);
#1572 = DIRECTION('',(-0.104528463251,-8.720412934737E-17,-0.99452189537
    ));
#1573 = ORIENTED_EDGE('',*,*,#1574,.F.);
#1574 = EDGE_CURVE('',#1575,#1567,#1577,.T.);
#1575 = VERTEX_POINT('',#1576);
#1576 = CARTESIAN_POINT('',(-8.728711324892,14.602981539872,
    5.927437314419));
#1577 = LINE('',#1578,#1579);
#1578 = CARTESIAN_POINT('',(-8.998967426042,14.602981539872,
    6.062182035919));
#1579 = VECTOR('',#1580,1.);
#1580 = DIRECTION('',(-0.894934361648,2.482532553209E-16,0.446197813018)
  );
#1581 = ORIENTED_EDGE('',*,*,#1582,.F.);
#1582 = EDGE_CURVE('',#1583,#1575,#1585,.T.);
#1583 = VERTEX_POINT('',#1584);
#1584 = CARTESIAN_POINT('',(-0.32873525395,14.602981539872,
    24.048747738519));
#1585 = CIRCLE('',#1586,36.8999999888);
#1586 = AXIS2_PLACEMENT_3D('',#1587,#1588,#1589);
#1587 = CARTESIAN_POINT('',(27.69999999045,14.602981539872,
    4.874774331905E-02));
#1588 = DIRECTION('',(-2.22044604925E-16,-1.,1.110223024625E-16));
#1589 = DIRECTION('',(-1.,2.22044604925E-16,1.224646799147E-16));
#1590 = ORIENTED_EDGE('',*,*,#1591,.F.);
#1591 = EDGE_CURVE('',#1592,#1583,#1594,.T.);
#1592 = VERTEX_POINT('',#1593);
#1593 = CARTESIAN_POINT('',(-11.09999999884,14.602981539872,
    24.048747738519));
#1594 = LINE('',#1595,#1596);
#1595 = CARTESIAN_POINT('',(-5.714367626382,14.602981539872,
    24.048747738519));
#1596 = VECTOR('',#1597,1.);
#1597 = DIRECTION('',(1.,-2.22044604925E-16,-1.224646799147E-16));
#1598 = ORIENTED_EDGE('',*,*,#1599,.T.);
#1599 = EDGE_CURVE('',#1592,#976,#1600,.T.);
#1600 = LINE('',#1601,#1602);
#1601 = CARTESIAN_POINT('',(-11.34999999884,14.602981539872,
    23.798747738519));
#1602 = VECTOR('',#1603,1.);
#1603 = DIRECTION('',(-0.707106781187,7.850462293411E-17,-0.707106781187
    ));
#1604 = ORIENTED_EDGE('',*,*,#975,.F.);
#1605 = PLANE('',#1606);
#1606 = AXIS2_PLACEMENT_3D('',#1607,#1608,#1609);
#1607 = CARTESIAN_POINT('',(-7.099999998842,14.602981539872,
    4.874773851905E-02));
#1608 = DIRECTION('',(-2.22044604925E-16,-1.,1.110223024625E-16));
#1609 = DIRECTION('',(-1.,2.22044604925E-16,1.224646799147E-16));
#1610 = ADVANCED_FACE('',(#1611),#1635,.T.);
#1611 = FACE_BOUND('',#1612,.T.);
#1612 = EDGE_LOOP('',(#1613,#1621,#1633,#1634));
#1613 = ORIENTED_EDGE('',*,*,#1614,.F.);
#1614 = EDGE_CURVE('',#1615,#1592,#1617,.T.);
#1615 = VERTEX_POINT('',#1616);
#1616 = CARTESIAN_POINT('',(-11.09999999949,33.701493793872,
    24.048747737865));
#1617 = LINE('',#1618,#1619);
#1618 = CARTESIAN_POINT('',(-11.09999999949,24.152237666572,
    24.048747737865));
#1619 = VECTOR('',#1620,1.);
#1620 = DIRECTION('',(-2.22044604925E-16,-1.,1.110223024625E-16));
#1621 = ORIENTED_EDGE('',*,*,#1622,.T.);
#1622 = EDGE_CURVE('',#1615,#984,#1623,.T.);
#1623 = B_SPLINE_CURVE_WITH_KNOTS('',5,(#1624,#1625,#1626,#1627,#1628,
    #1629,#1630,#1631,#1632),.UNSPECIFIED.,.F.,.F.,(6,3,6),(0.,
    3.69898364267,3.70350963332),.UNSPECIFIED.);
#1624 = CARTESIAN_POINT('',(-11.09999999949,33.701493793872,
    24.048747737865));
#1625 = CARTESIAN_POINT('',(-11.09999999949,34.223088626672,
    24.048747737865));
#1626 = CARTESIAN_POINT('',(-11.15356406552,34.744739354072,
    23.995183671832));
#1627 = CARTESIAN_POINT('',(-11.25901879672,35.250656309372,
    23.889728940633));
#1628 = CARTESIAN_POINT('',(-11.41075482275,35.730742732272,
    23.73799291461));
#1629 = CARTESIAN_POINT('',(-11.5993083848,36.179767192672,
    23.549439352555));
#1630 = CARTESIAN_POINT('',(-11.59953886838,36.180315890472,
    23.549208868973));
#1631 = CARTESIAN_POINT('',(-11.59976940616,36.180864542072,
    23.548978331201));
#1632 = CARTESIAN_POINT('',(-11.59999999884,36.181413147372,
    23.548747738519));
#1633 = ORIENTED_EDGE('',*,*,#983,.T.);
#1634 = ORIENTED_EDGE('',*,*,#1599,.F.);
#1635 = PLANE('',#1636);
#1636 = AXIS2_PLACEMENT_3D('',#1637,#1638,#1639);
#1637 = CARTESIAN_POINT('',(-11.59999999884,48.001196244522,
    23.548747738519));
#1638 = DIRECTION('',(-0.707106781187,2.355138688025E-16,0.707106781187)
  );
#1639 = DIRECTION('',(-2.22044604925E-16,-1.,1.110223024625E-16));
#1640 = ADVANCED_FACE('',(#1641),#1658,.T.);
#1641 = FACE_BOUND('',#1642,.T.);
#1642 = EDGE_LOOP('',(#1643,#1649,#1650,#1656,#1657));
#1643 = ORIENTED_EDGE('',*,*,#1644,.T.);
#1644 = EDGE_CURVE('',#1615,#1206,#1645,.T.);
#1645 = LINE('',#1646,#1647);
#1646 = CARTESIAN_POINT('',(-5.549999998092,33.701493793872,
    24.048747738519));
#1647 = VECTOR('',#1648,1.);
#1648 = DIRECTION('',(1.,-2.22044604925E-16,-1.224646799147E-16));
#1649 = ORIENTED_EDGE('',*,*,#1256,.T.);
#1650 = ORIENTED_EDGE('',*,*,#1651,.F.);
#1651 = EDGE_CURVE('',#992,#1249,#1652,.T.);
#1652 = LINE('',#1653,#1654);
#1653 = CARTESIAN_POINT('',(-5.549999998092,40.053789164282,
    16.868783940769));
#1654 = VECTOR('',#1655,1.);
#1655 = DIRECTION('',(1.,-2.22044604925E-16,-1.224646799147E-16));
#1656 = ORIENTED_EDGE('',*,*,#991,.F.);
#1657 = ORIENTED_EDGE('',*,*,#1622,.F.);
#1658 = CYLINDRICAL_SURFACE('',#1659,6.4);
#1659 = AXIS2_PLACEMENT_3D('',#1660,#1661,#1662);
#1660 = CARTESIAN_POINT('',(-5.549999998842,33.701493793772,
    17.648747738519));
#1661 = DIRECTION('',(1.,-2.22044604925E-16,-1.224646799147E-16));
#1662 = DIRECTION('',(2.054648279804E-16,0.992546151642,-0.121869343399)
  );
#1663 = ADVANCED_FACE('',(#1664),#1683,.F.);
#1664 = FACE_BOUND('',#1665,.T.);
#1665 = EDGE_LOOP('',(#1666,#1674,#1675,#1676,#1677));
#1666 = ORIENTED_EDGE('',*,*,#1667,.T.);
#1667 = EDGE_CURVE('',#1668,#1001,#1670,.T.);
#1668 = VERTEX_POINT('',#1669);
#1669 = CARTESIAN_POINT('',(-11.09999999884,38.929078141372,
    7.708747738619));
#1670 = LINE('',#1671,#1672);
#1671 = CARTESIAN_POINT('',(-11.34999999884,39.007053336162,
    8.343804737819));
#1672 = VECTOR('',#1673,1.);
#1673 = DIRECTION('',(-0.363936289583,0.113512012291,0.924481151885));
#1674 = ORIENTED_EDGE('',*,*,#1000,.T.);
#1675 = ORIENTED_EDGE('',*,*,#1651,.T.);
#1676 = ORIENTED_EDGE('',*,*,#1248,.F.);
#1677 = ORIENTED_EDGE('',*,*,#1678,.T.);
#1678 = EDGE_CURVE('',#1241,#1668,#1679,.T.);
#1679 = LINE('',#1680,#1681);
#1680 = CARTESIAN_POINT('',(-8.199999998472,38.929078141372,
    7.708747738619));
#1681 = VECTOR('',#1682,1.);
#1682 = DIRECTION('',(-1.,2.22044604925E-16,1.224646799147E-16));
#1683 = PLANE('',#1684);
#1684 = AXIS2_PLACEMENT_3D('',#1685,#1686,#1687);
#1685 = CARTESIAN_POINT('',(-7.099999998842,38.929078141372,
    7.708747738619));
#1686 = DIRECTION('',(-2.054648279804E-16,-0.992546151642,0.121869343399
    ));
#1687 = DIRECTION('',(1.48612276969E-16,0.121869343399,0.992546151642));
#1688 = ADVANCED_FACE('',(#1689),#1700,.F.);
#1689 = FACE_BOUND('',#1690,.T.);
#1690 = EDGE_LOOP('',(#1691,#1692,#1693,#1699));
#1691 = ORIENTED_EDGE('',*,*,#1008,.F.);
#1692 = ORIENTED_EDGE('',*,*,#1667,.F.);
#1693 = ORIENTED_EDGE('',*,*,#1694,.T.);
#1694 = EDGE_CURVE('',#1668,#1144,#1695,.T.);
#1695 = LINE('',#1696,#1697);
#1696 = CARTESIAN_POINT('',(-11.0999999995,34.408425532772,
    -0.121252261581));
#1697 = VECTOR('',#1698,1.);
#1698 = DIRECTION('',(-4.191184149444E-13,-0.499999999999,
    -0.866025403785));
#1699 = ORIENTED_EDGE('',*,*,#1143,.F.);
#1700 = PLANE('',#1701);
#1701 = AXIS2_PLACEMENT_3D('',#1702,#1703,#1704);
#1702 = CARTESIAN_POINT('',(-11.59999999884,48.001196244522,
    24.422117225542));
#1703 = DIRECTION('',(0.707106781187,-0.612372435696,0.353553390592));
#1704 = DIRECTION('',(-5.238537693908E-13,-0.499999999999,
    -0.866025403785));
#1705 = ADVANCED_FACE('',(#1706),#1722,.F.);
#1706 = FACE_BOUND('',#1707,.F.);
#1707 = EDGE_LOOP('',(#1708,#1709,#1715,#1716));
#1708 = ORIENTED_EDGE('',*,*,#1016,.T.);
#1709 = ORIENTED_EDGE('',*,*,#1710,.T.);
#1710 = EDGE_CURVE('',#1019,#1268,#1711,.T.);
#1711 = LINE('',#1712,#1713);
#1712 = CARTESIAN_POINT('',(-4.944372748172,36.334373047972,
    14.691516565229));
#1713 = VECTOR('',#1714,1.);
#1714 = DIRECTION('',(1.,-2.22044604925E-16,-1.224646799147E-16));
#1715 = ORIENTED_EDGE('',*,*,#1276,.T.);
#1716 = ORIENTED_EDGE('',*,*,#1717,.F.);
#1717 = EDGE_CURVE('',#1017,#1266,#1718,.T.);
#1718 = LINE('',#1719,#1720);
#1719 = CARTESIAN_POINT('',(-4.944372748172,33.649590031772,
    19.605978911809));
#1720 = VECTOR('',#1721,1.);
#1721 = DIRECTION('',(1.,-2.22044604925E-16,-1.224646799147E-16));
#1722 = CYLINDRICAL_SURFACE('',#1723,2.8);
#1723 = AXIS2_PLACEMENT_3D('',#1724,#1725,#1726);
#1724 = CARTESIAN_POINT('',(-4.944372748172,34.991981539872,
    17.148747738519));
#1725 = DIRECTION('',(1.,-2.22044604925E-16,-1.224646799147E-16));
#1726 = DIRECTION('',(1.019013230332E-18,-0.479425538604,0.87758256189)
  );
#1727 = ADVANCED_FACE('',(#1728),#1734,.F.);
#1728 = FACE_BOUND('',#1729,.F.);
#1729 = EDGE_LOOP('',(#1730,#1731,#1732,#1733));
#1730 = ORIENTED_EDGE('',*,*,#1717,.T.);
#1731 = ORIENTED_EDGE('',*,*,#1265,.T.);
#1732 = ORIENTED_EDGE('',*,*,#1710,.F.);
#1733 = ORIENTED_EDGE('',*,*,#1044,.T.);
#1734 = CYLINDRICAL_SURFACE('',#1735,2.8);
#1735 = AXIS2_PLACEMENT_3D('',#1736,#1737,#1738);
#1736 = CARTESIAN_POINT('',(-4.944372748172,34.991981539872,
    17.148747738519));
#1737 = DIRECTION('',(1.,-2.22044604925E-16,-1.224646799147E-16));
#1738 = DIRECTION('',(-1.019013230332E-18,0.479425538604,-0.87758256189)
  );
#1739 = ADVANCED_FACE('',(#1740),#1777,.F.);
#1740 = FACE_BOUND('',#1741,.F.);
#1741 = EDGE_LOOP('',(#1742,#1750,#1770,#1776));
#1742 = ORIENTED_EDGE('',*,*,#1743,.T.);
#1743 = EDGE_CURVE('',#1071,#1744,#1746,.T.);
#1744 = VERTEX_POINT('',#1745);
#1745 = CARTESIAN_POINT('',(-0.27668843525,18.268590031772,
    21.505978911809));
#1746 = LINE('',#1747,#1748);
#1747 = CARTESIAN_POINT('',(-4.944372748172,18.268590031772,
    21.505978911809));
#1748 = VECTOR('',#1749,1.);
#1749 = DIRECTION('',(1.,-2.22044604925E-16,-1.224646799147E-16));
#1750 = ORIENTED_EDGE('',*,*,#1751,.F.);
#1751 = EDGE_CURVE('',#1752,#1744,#1754,.T.);
#1752 = VERTEX_POINT('',#1753);
#1753 = CARTESIAN_POINT('',(-2.248183000052,20.953373047972,
    16.591516565229));
#1754 = B_SPLINE_CURVE_WITH_KNOTS('',5,(#1755,#1756,#1757,#1758,#1759,
    #1760,#1761,#1762,#1763,#1764,#1765,#1766,#1767,#1768,#1769),
  .UNSPECIFIED.,.F.,.F.,(6,3,3,3,6),(0.,2.95897497357,7.30733444065,
    10.1974335989,13.0275421544),.UNSPECIFIED.);
#1755 = CARTESIAN_POINT('',(-2.248183000052,20.953373047972,
    16.591516565229));
#1756 = CARTESIAN_POINT('',(-2.180963121552,21.312986972472,
    16.787974547579));
#1757 = CARTESIAN_POINT('',(-2.090738463452,21.633349462872,
    17.048409660699));
#1758 = CARTESIAN_POINT('',(-1.979845441372,21.898737546372,
    17.361274084729));
#1759 = CARTESIAN_POINT('',(-1.666413939272,22.396992801272,
    18.219248941119));
#1760 = CARTESIAN_POINT('',(-1.28266734065,22.494691661072,
    19.198456859679));
#1761 = CARTESIAN_POINT('',(-1.04294601075,22.404050140972,
    19.779578614689));
#1762 = CARTESIAN_POINT('',(-0.65740103405,22.019626667972,
    20.673426923839));
#1763 = CARTESIAN_POINT('',(-0.35525947215,21.293434744672,
    21.338007695379));
#1764 = CARTESIAN_POINT('',(-0.25415712925,20.952916975472,
    21.555545835089));
#1765 = CARTESIAN_POINT('',(-0.11286162225,20.205750165472,
    21.857760667119));
#1766 = CARTESIAN_POINT('',(-0.10085161245,19.388735944472,
    21.883298383379));
#1767 = CARTESIAN_POINT('',(-0.12956872795,18.986172299272,
    21.821514258009));
#1768 = CARTESIAN_POINT('',(-0.19067987325,18.608868573672,
    21.691873926509));
#1769 = CARTESIAN_POINT('',(-0.27668843575,18.268590031772,
    21.505978911809));
#1770 = ORIENTED_EDGE('',*,*,#1771,.F.);
#1771 = EDGE_CURVE('',#1073,#1752,#1772,.T.);
#1772 = LINE('',#1773,#1774);
#1773 = CARTESIAN_POINT('',(-4.944372748172,20.953373047972,
    16.591516565229));
#1774 = VECTOR('',#1775,1.);
#1775 = DIRECTION('',(1.,-2.22044604925E-16,-1.224646799147E-16));
#1776 = ORIENTED_EDGE('',*,*,#1070,.F.);
#1777 = CYLINDRICAL_SURFACE('',#1778,2.8);
#1778 = AXIS2_PLACEMENT_3D('',#1779,#1780,#1781);
#1779 = CARTESIAN_POINT('',(-4.944372748172,19.610981539872,
    19.048747738519));
#1780 = DIRECTION('',(1.,-2.22044604925E-16,-1.224646799147E-16));
#1781 = DIRECTION('',(-1.019013230332E-18,0.479425538604,-0.87758256189)
  );
#1782 = ADVANCED_FACE('',(#1783),#1806,.F.);
#1783 = FACE_BOUND('',#1784,.F.);
#1784 = EDGE_LOOP('',(#1785,#1786,#1787,#1805));
#1785 = ORIENTED_EDGE('',*,*,#1081,.F.);
#1786 = ORIENTED_EDGE('',*,*,#1771,.T.);
#1787 = ORIENTED_EDGE('',*,*,#1788,.F.);
#1788 = EDGE_CURVE('',#1744,#1752,#1789,.T.);
#1789 = B_SPLINE_CURVE_WITH_KNOTS('',5,(#1790,#1791,#1792,#1793,#1794,
    #1795,#1796,#1797,#1798,#1799,#1800,#1801,#1802,#1803,#1804),
  .UNSPECIFIED.,.F.,.F.,(6,3,3,3,6),(0.,3.01582603473,4.90671036833,
    9.11786817088,13.0832058607),.UNSPECIFIED.);
#1790 = CARTESIAN_POINT('',(-0.27668843525,18.268590031772,
    21.505978911809));
#1791 = CARTESIAN_POINT('',(-0.36784467655,17.907945556472,
    21.308957936999));
#1792 = CARTESIAN_POINT('',(-0.48696615555,17.588890856272,
    21.048746991169));
#1793 = CARTESIAN_POINT('',(-0.62740422235,17.323660772772,
    20.736201461229));
#1794 = CARTESIAN_POINT('',(-0.87336871855,16.995727509972,
    20.173040614999));
#1795 = CARTESIAN_POINT('',(-1.13223891485,16.840469244672,
    19.553297299549));
#1796 = CARTESIAN_POINT('',(-1.23220827635,16.807006911072,
    19.309545075109));
#1797 = CARTESIAN_POINT('',(-1.55168267315,16.785251040372,
    18.515471854119));
#1798 = CARTESIAN_POINT('',(-1.846984303432,17.043918815472,
    17.734393705989));
#1799 = CARTESIAN_POINT('',(-2.024806980852,17.358030962372,
    17.238963636499));
#1800 = CARTESIAN_POINT('',(-2.293984689502,18.207576128572,
    16.463242222109));
#1801 = CARTESIAN_POINT('',(-2.388019602272,19.344514119972,
    16.176717659789));
#1802 = CARTESIAN_POINT('',(-2.386501965942,19.925023791072,
    16.181474414169));
#1803 = CARTESIAN_POINT('',(-2.337776837312,20.474062579772,
    16.329668063019));
#1804 = CARTESIAN_POINT('',(-2.248183000052,20.953373047972,
    16.591516565229));
#1805 = ORIENTED_EDGE('',*,*,#1743,.F.);
#1806 = CYLINDRICAL_SURFACE('',#1807,2.8);
#1807 = AXIS2_PLACEMENT_3D('',#1808,#1809,#1810);
#1808 = CARTESIAN_POINT('',(-4.944372748172,19.610981539872,
    19.048747738519));
#1809 = DIRECTION('',(1.,-2.22044604925E-16,-1.224646799147E-16));
#1810 = DIRECTION('',(1.019013230332E-18,-0.479425538604,0.87758256189)
  );
#1811 = ADVANCED_FACE('',(#1812),#1818,.T.);
#1812 = FACE_BOUND('',#1813,.T.);
#1813 = EDGE_LOOP('',(#1814,#1815,#1816,#1817));
#1814 = ORIENTED_EDGE('',*,*,#1678,.F.);
#1815 = ORIENTED_EDGE('',*,*,#1240,.T.);
#1816 = ORIENTED_EDGE('',*,*,#1151,.F.);
#1817 = ORIENTED_EDGE('',*,*,#1694,.F.);
#1818 = PLANE('',#1819);
#1819 = AXIS2_PLACEMENT_3D('',#1820,#1821,#1822);
#1820 = CARTESIAN_POINT('',(-7.099999998842,38.929078141372,
    7.708747738619));
#1821 = DIRECTION('',(1.310639286813E-16,0.866025403785,-0.499999999999)
  );
#1822 = DIRECTION('',(-2.170798263349E-16,-0.499999999999,
    -0.866025403785));
#1823 = ADVANCED_FACE('',(#1824),#1869,.F.);
#1824 = FACE_BOUND('',#1825,.T.);
#1825 = EDGE_LOOP('',(#1826,#1827,#1828,#1829,#1830,#1838,#1846,#1854,
    #1862));
#1826 = ORIENTED_EDGE('',*,*,#1203,.T.);
#1827 = ORIENTED_EDGE('',*,*,#1644,.F.);
#1828 = ORIENTED_EDGE('',*,*,#1614,.T.);
#1829 = ORIENTED_EDGE('',*,*,#1591,.T.);
#1830 = ORIENTED_EDGE('',*,*,#1831,.F.);
#1831 = EDGE_CURVE('',#1832,#1583,#1834,.T.);
#1832 = VERTEX_POINT('',#1833);
#1833 = CARTESIAN_POINT('',(-0.32873525355,6.062535053572,
    24.048747738519));
#1834 = LINE('',#1835,#1836);
#1835 = CARTESIAN_POINT('',(-0.32873525355,10.332758296672,
    24.048747738519));
#1836 = VECTOR('',#1837,1.);
#1837 = DIRECTION('',(2.22044604925E-16,1.,-1.110223024625E-16));
#1838 = ORIENTED_EDGE('',*,*,#1839,.F.);
#1839 = EDGE_CURVE('',#1840,#1832,#1842,.T.);
#1840 = VERTEX_POINT('',#1841);
#1841 = CARTESIAN_POINT('',(0.50000000115,6.062535053572,24.048747738519
    ));
#1842 = LINE('',#1843,#1844);
#1843 = CARTESIAN_POINT('',(8.563237375001E-02,6.062535053572,
    24.048747738519));
#1844 = VECTOR('',#1845,1.);
#1845 = DIRECTION('',(-1.,2.22044604925E-16,1.224646799147E-16));
#1846 = ORIENTED_EDGE('',*,*,#1847,.T.);
#1847 = EDGE_CURVE('',#1840,#1848,#1850,.T.);
#1848 = VERTEX_POINT('',#1849);
#1849 = CARTESIAN_POINT('',(0.50000000115,26.499683848072,
    24.048747738519));
#1850 = LINE('',#1851,#1852);
#1851 = CARTESIAN_POINT('',(0.50000000115,16.281109450772,
    24.048747738519));
#1852 = VECTOR('',#1853,1.);
#1853 = DIRECTION('',(2.22044604925E-16,1.,-1.110223024625E-16));
#1854 = ORIENTED_EDGE('',*,*,#1855,.F.);
#1855 = EDGE_CURVE('',#1856,#1848,#1858,.T.);
#1856 = VERTEX_POINT('',#1857);
#1857 = CARTESIAN_POINT('',(-4.855291425022,27.934629861672,
    24.048747738519));
#1858 = LINE('',#1859,#1860);
#1859 = CARTESIAN_POINT('',(-2.177645711932,27.217156854872,
    24.048747738519));
#1860 = VECTOR('',#1861,1.);
#1861 = DIRECTION('',(0.965925826256,-0.258819045226,-8.955711081168E-17
    ));
#1862 = ORIENTED_EDGE('',*,*,#1863,.T.);
#1863 = EDGE_CURVE('',#1856,#1204,#1864,.T.);
#1864 = CIRCLE('',#1865,0.600000000577);
#1865 = AXIS2_PLACEMENT_3D('',#1866,#1867,#1868);
#1866 = CARTESIAN_POINT('',(-4.699999999012,28.514185358372,
    24.048747738519));
#1867 = DIRECTION('',(-1.224646799147E-16,-1.110223024625E-16,-1.));
#1868 = DIRECTION('',(2.22044604925E-16,1.,-1.110223024625E-16));
#1869 = PLANE('',#1870);
#1870 = AXIS2_PLACEMENT_3D('',#1871,#1872,#1873);
#1871 = CARTESIAN_POINT('',(0.50000000115,-0.397018460128,
    24.048747738519));
#1872 = DIRECTION('',(-1.224646799147E-16,-1.110223024625E-16,-1.));
#1873 = DIRECTION('',(-1.,2.22044604925E-16,1.224646799147E-16));
#1874 = ADVANCED_FACE('',(#1875),#1895,.F.);
#1875 = FACE_BOUND('',#1876,.F.);
#1876 = EDGE_LOOP('',(#1877,#1885,#1886,#1887,#1888));
#1877 = ORIENTED_EDGE('',*,*,#1878,.F.);
#1878 = EDGE_CURVE('',#1856,#1879,#1881,.T.);
#1879 = VERTEX_POINT('',#1880);
#1880 = CARTESIAN_POINT('',(-4.855291425902,27.934629861272,
    3.891699153619));
#1881 = LINE('',#1882,#1883);
#1882 = CARTESIAN_POINT('',(-4.855291425902,27.934629861272,
    8.048747738519));
#1883 = VECTOR('',#1884,1.);
#1884 = DIRECTION('',(-1.224646799147E-16,-1.110223024625E-16,-1.));
#1885 = ORIENTED_EDGE('',*,*,#1863,.T.);
#1886 = ORIENTED_EDGE('',*,*,#1213,.F.);
#1887 = ORIENTED_EDGE('',*,*,#1441,.F.);
#1888 = ORIENTED_EDGE('',*,*,#1889,.T.);
#1889 = EDGE_CURVE('',#1442,#1879,#1890,.T.);
#1890 = B_SPLINE_CURVE_WITH_KNOTS('',3,(#1891,#1892,#1893,#1894),
  .UNSPECIFIED.,.F.,.F.,(4,4),(0.,1.22743862527),
  .PIECEWISE_BEZIER_KNOTS.);
#1891 = CARTESIAN_POINT('',(-4.913198931032,27.953341158272,
    3.025916654319));
#1892 = CARTESIAN_POINT('',(-4.896347561642,27.946935290172,
    3.314661574919));
#1893 = CARTESIAN_POINT('',(-4.877044207982,27.940458501672,
    3.603269967219));
#1894 = CARTESIAN_POINT('',(-4.855291425902,27.934629861272,
    3.891699153619));
#1895 = CYLINDRICAL_SURFACE('',#1896,0.6);
#1896 = AXIS2_PLACEMENT_3D('',#1897,#1898,#1899);
#1897 = CARTESIAN_POINT('',(-4.699999998842,28.514185357072,
    8.048747738519));
#1898 = DIRECTION('',(-1.224646799147E-16,-1.110223024625E-16,-1.));
#1899 = DIRECTION('',(-0.258819045103,-0.965925826289,1.38935500757E-16)
  );
#1900 = ADVANCED_FACE('',(#1901,#1958),#1962,.F.);
#1901 = FACE_BOUND('',#1902,.F.);
#1902 = EDGE_LOOP('',(#1903,#1914,#1923,#1931,#1939,#1940,#1941,#1942,
    #1943,#1952));
#1903 = ORIENTED_EDGE('',*,*,#1904,.F.);
#1904 = EDGE_CURVE('',#1905,#1907,#1909,.T.);
#1905 = VERTEX_POINT('',#1906);
#1906 = CARTESIAN_POINT('',(-3.498331171732,1.802981540172,
    12.345720734519));
#1907 = VERTEX_POINT('',#1908);
#1908 = CARTESIAN_POINT('',(-4.724632323362,1.802981540172,
    5.346553801119));
#1909 = CIRCLE('',#1910,51.1);
#1910 = AXIS2_PLACEMENT_3D('',#1911,#1912,#1913);
#1911 = CARTESIAN_POINT('',(46.10000000115,1.802981540172,
    4.874773851905E-02));
#1912 = DIRECTION('',(-2.22044604925E-16,-1.,1.110223024625E-16));
#1913 = DIRECTION('',(-1.,2.22044604925E-16,1.224646799147E-16));
#1914 = ORIENTED_EDGE('',*,*,#1915,.F.);
#1915 = EDGE_CURVE('',#1916,#1905,#1918,.T.);
#1916 = VERTEX_POINT('',#1917);
#1917 = CARTESIAN_POINT('',(0.50000000115,5.721084858872,23.110621036237
    ));
#1918 = B_SPLINE_CURVE_WITH_KNOTS('',3,(#1919,#1920,#1921,#1922),
  .UNSPECIFIED.,.F.,.F.,(4,4),(0.,17.2086076624),
  .PIECEWISE_BEZIER_KNOTS.);
#1919 = CARTESIAN_POINT('',(0.50000000115,5.721084858872,23.110621036237
    ));
#1920 = CARTESIAN_POINT('',(-1.23933995335,4.469326205272,
    19.671442401439));
#1921 = CARTESIAN_POINT('',(-2.578880511182,3.152762447872,
    16.054212234019));
#1922 = CARTESIAN_POINT('',(-3.498331264062,1.802981540172,
    12.345720362119));
#1923 = ORIENTED_EDGE('',*,*,#1924,.F.);
#1924 = EDGE_CURVE('',#1925,#1916,#1927,.T.);
#1925 = VERTEX_POINT('',#1926);
#1926 = CARTESIAN_POINT('',(0.50000000145,26.499683847272,
    23.110621036894));
#1927 = LINE('',#1928,#1929);
#1928 = CARTESIAN_POINT('',(0.50000000145,24.482981540272,
    23.110621036894));
#1929 = VECTOR('',#1930,1.);
#1930 = DIRECTION('',(-2.22044604925E-16,-1.,1.110223024625E-16));
#1931 = ORIENTED_EDGE('',*,*,#1932,.F.);
#1932 = EDGE_CURVE('',#1879,#1925,#1933,.T.);
#1933 = B_SPLINE_CURVE_WITH_KNOTS('',4,(#1934,#1935,#1936,#1937,#1938),
  .UNSPECIFIED.,.F.,.F.,(5,5),(0.,28.5478735112),
  .PIECEWISE_BEZIER_KNOTS.);
#1934 = CARTESIAN_POINT('',(-4.855291425902,27.934629860872,
    3.891699154219));
#1935 = CARTESIAN_POINT('',(-4.476704607322,27.833187828572,
    8.911539267919));
#1936 = CARTESIAN_POINT('',(-3.438729945932,27.555056504572,
    13.878266352719));
#1937 = CARTESIAN_POINT('',(-1.755957266342,27.104165773772,
    18.649940411129));
#1938 = CARTESIAN_POINT('',(0.50000000115,26.499683847272,
    23.110621036237));
#1939 = ORIENTED_EDGE('',*,*,#1889,.F.);
#1940 = ORIENTED_EDGE('',*,*,#1462,.T.);
#1941 = ORIENTED_EDGE('',*,*,#1477,.T.);
#1942 = ORIENTED_EDGE('',*,*,#1504,.T.);
#1943 = ORIENTED_EDGE('',*,*,#1944,.F.);
#1944 = EDGE_CURVE('',#1945,#1505,#1947,.T.);
#1945 = VERTEX_POINT('',#1946);
#1946 = CARTESIAN_POINT('',(-4.724632323282,17.917512138872,
    5.346553801919));
#1947 = B_SPLINE_CURVE_WITH_KNOTS('',3,(#1948,#1949,#1950,#1951),
  .UNSPECIFIED.,.F.,.F.,(4,4),(0.,4.42865805881),
  .PIECEWISE_BEZIER_KNOTS.);
#1948 = CARTESIAN_POINT('',(-4.724632323282,17.917512138872,
    5.346553801919));
#1949 = CARTESIAN_POINT('',(-4.831991938592,18.048261763172,
    4.316596701019));
#1950 = CARTESIAN_POINT('',(-4.908035760362,18.179010427972,
    3.283355804719));
#1951 = CARTESIAN_POINT('',(-4.952619911882,18.309515565272,
    2.248747741819));
#1952 = ORIENTED_EDGE('',*,*,#1953,.T.);
#1953 = EDGE_CURVE('',#1945,#1907,#1954,.T.);
#1954 = LINE('',#1955,#1956);
#1955 = CARTESIAN_POINT('',(-4.724632323362,24.482981540272,
    5.346553801119));
#1956 = VECTOR('',#1957,1.);
#1957 = DIRECTION('',(-2.22044604925E-16,-1.,1.110223024625E-16));
#1958 = FACE_BOUND('',#1959,.F.);
#1959 = EDGE_LOOP('',(#1960,#1961));
#1960 = ORIENTED_EDGE('',*,*,#1788,.T.);
#1961 = ORIENTED_EDGE('',*,*,#1751,.T.);
#1962 = CYLINDRICAL_SURFACE('',#1963,51.1);
#1963 = AXIS2_PLACEMENT_3D('',#1964,#1965,#1966);
#1964 = CARTESIAN_POINT('',(46.10000000115,24.482981539872,
    4.874773851905E-02));
#1965 = DIRECTION('',(-2.22044604925E-16,-1.,1.110223024625E-16));
#1966 = DIRECTION('',(1.,-2.22044604925E-16,-2.449293598297E-16));
#1967 = ADVANCED_FACE('',(#1968),#2002,.F.);
#1968 = FACE_BOUND('',#1969,.T.);
#1969 = EDGE_LOOP('',(#1970,#1980,#1986,#1987,#1988,#1996));
#1970 = ORIENTED_EDGE('',*,*,#1971,.T.);
#1971 = EDGE_CURVE('',#1972,#1974,#1976,.T.);
#1972 = VERTEX_POINT('',#1973);
#1973 = CARTESIAN_POINT('',(-9.269223528212,17.870709690172,
    6.196926758319));
#1974 = VERTEX_POINT('',#1975);
#1975 = CARTESIAN_POINT('',(-9.646127353432,18.325981539872,
    2.610926400919));
#1976 = LINE('',#1977,#1978);
#1977 = CARTESIAN_POINT('',(-9.457675440822,18.098345614972,
    4.403926579619));
#1978 = VECTOR('',#1979,1.);
#1979 = DIRECTION('',(-0.103705085673,0.125268047234,-0.986687980847));
#1980 = ORIENTED_EDGE('',*,*,#1981,.F.);
#1981 = EDGE_CURVE('',#1513,#1974,#1982,.T.);
#1982 = LINE('',#1983,#1984);
#1983 = CARTESIAN_POINT('',(-7.923177457172,18.325981539872,
    2.429837069719));
#1984 = VECTOR('',#1985,1.);
#1985 = DIRECTION('',(-0.994521895368,-1.135813584601E-13,0.104528463268
    ));
#1986 = ORIENTED_EDGE('',*,*,#1512,.T.);
#1987 = ORIENTED_EDGE('',*,*,#1944,.F.);
#1988 = ORIENTED_EDGE('',*,*,#1989,.T.);
#1989 = EDGE_CURVE('',#1945,#1990,#1992,.T.);
#1990 = VERTEX_POINT('',#1991);
#1991 = CARTESIAN_POINT('',(-6.593990675112,18.002891142372,
    4.863104861619));
#1992 = LINE('',#1993,#1994);
#1993 = CARTESIAN_POINT('',(-5.659311499512,17.960201640372,
    5.104829331419));
#1994 = VECTOR('',#1995,1.);
#1995 = DIRECTION('',(-0.96720254543,4.417493837578E-02,-0.250135585101)
  );
#1996 = ORIENTED_EDGE('',*,*,#1997,.F.);
#1997 = EDGE_CURVE('',#1972,#1990,#1998,.T.);
#1998 = LINE('',#1999,#2000);
#1999 = CARTESIAN_POINT('',(-7.931607101662,17.936800416272,
    5.530015810019));
#2000 = VECTOR('',#2001,1.);
#2001 = DIRECTION('',(0.894060736609,4.417493842708E-02,-0.445762239394)
  );
#2002 = PLANE('',#2003);
#2003 = AXIS2_PLACEMENT_3D('',#2004,#2005,#2006);
#2004 = CARTESIAN_POINT('',(-6.861466045662,18.325981539872,
    2.318246703719));
#2005 = DIRECTION('',(1.309407647382E-02,0.992122934087,0.124581815764)
  );
#2006 = DIRECTION('',(0.103705085673,-0.125268047234,0.986687980847));
#2007 = ADVANCED_FACE('',(#2008),#2019,.F.);
#2008 = FACE_BOUND('',#2009,.F.);
#2009 = EDGE_LOOP('',(#2010,#2017,#2018));
#2010 = ORIENTED_EDGE('',*,*,#2011,.F.);
#2011 = EDGE_CURVE('',#1974,#1521,#2012,.T.);
#2012 = CIRCLE('',#2013,1.55);
#2013 = AXIS2_PLACEMENT_3D('',#2014,#2015,#2016);
#2014 = CARTESIAN_POINT('',(-9.805637788382,18.054275816672,
    1.093285988619));
#2015 = DIRECTION('',(-0.994521895368,2.254943181073E-16,0.104528463268)
  );
#2016 = DIRECTION('',(0.104528463268,8.720412934339E-17,0.994521895368)
  );
#2017 = ORIENTED_EDGE('',*,*,#1981,.F.);
#2018 = ORIENTED_EDGE('',*,*,#1520,.F.);
#2019 = CYLINDRICAL_SURFACE('',#2020,1.55);
#2020 = AXIS2_PLACEMENT_3D('',#2021,#2022,#2023);
#2021 = CARTESIAN_POINT('',(-5.529193637562,18.054275816672,
    0.643813596519));
#2022 = DIRECTION('',(-0.994521895368,2.254943181073E-16,0.104528463268)
  );
#2023 = DIRECTION('',(0.10290995803,0.175294014945,0.979122846666));
#2024 = ADVANCED_FACE('',(#2025),#2037,.F.);
#2025 = FACE_BOUND('',#2026,.T.);
#2026 = EDGE_LOOP('',(#2027,#2028,#2034,#2035,#2036));
#2027 = ORIENTED_EDGE('',*,*,#1971,.F.);
#2028 = ORIENTED_EDGE('',*,*,#2029,.F.);
#2029 = EDGE_CURVE('',#1567,#1972,#2030,.T.);
#2030 = LINE('',#2031,#2032);
#2031 = CARTESIAN_POINT('',(-9.269223527472,16.236845614772,
    6.196926758219));
#2032 = VECTOR('',#2033,1.);
#2033 = DIRECTION('',(5.95827083496E-11,1.,5.668896884267E-10));
#2034 = ORIENTED_EDGE('',*,*,#1566,.T.);
#2035 = ORIENTED_EDGE('',*,*,#1543,.T.);
#2036 = ORIENTED_EDGE('',*,*,#2011,.F.);
#2037 = PLANE('',#2038);
#2038 = AXIS2_PLACEMENT_3D('',#2039,#2040,#2041);
#2039 = CARTESIAN_POINT('',(-9.884661305872,-0.397018460128,
    0.341427435619));
#2040 = DIRECTION('',(-0.994521895368,2.324332120112E-16,0.104528463268)
  );
#2041 = DIRECTION('',(2.22044604925E-16,1.,-1.110223024625E-16));
#2042 = ADVANCED_FACE('',(#2043),#2081,.F.);
#2043 = FACE_BOUND('',#2044,.T.);
#2044 = EDGE_LOOP('',(#2045,#2058,#2064,#2065,#2066,#2067,#2075));
#2045 = ORIENTED_EDGE('',*,*,#2046,.F.);
#2046 = EDGE_CURVE('',#2047,#2049,#2051,.T.);
#2047 = VERTEX_POINT('',#2048);
#2048 = CARTESIAN_POINT('',(-8.728711324382,1.802981538872,
    5.927437314619));
#2049 = VERTEX_POINT('',#2050);
#2050 = CARTESIAN_POINT('',(-7.601855474502,0.602981539572,
    5.365607713019));
#2051 = B_SPLINE_CURVE_WITH_KNOTS('',5,(#2052,#2053,#2054,#2055,#2056,
    #2057),.UNSPECIFIED.,.F.,.F.,(6,6),(0.,2.45986062065),
  .PIECEWISE_BEZIER_KNOTS.);
#2052 = CARTESIAN_POINT('',(-8.728711324382,1.802981540672,
    5.927437314619));
#2053 = CARTESIAN_POINT('',(-8.503244926022,1.562485773272,
    5.815023915219));
#2054 = CARTESIAN_POINT('',(-8.277822240662,1.322227475472,
    5.702632310219));
#2055 = CARTESIAN_POINT('',(-8.052441273062,1.082210596572,
    5.590261505019));
#2056 = CARTESIAN_POINT('',(-7.827119325082,0.842460006672,
    5.477920125819));
#2057 = CARTESIAN_POINT('',(-7.601855474502,0.602981539572,
    5.365607713019));
#2058 = ORIENTED_EDGE('',*,*,#2059,.F.);
#2059 = EDGE_CURVE('',#1575,#2047,#2060,.T.);
#2060 = LINE('',#2061,#2062);
#2061 = CARTESIAN_POINT('',(-8.728711324382,8.202981539272,
    5.927437314619));
#2062 = VECTOR('',#2063,1.);
#2063 = DIRECTION('',(-2.22044604925E-16,-1.,1.110223024625E-16));
#2064 = ORIENTED_EDGE('',*,*,#1574,.T.);
#2065 = ORIENTED_EDGE('',*,*,#2029,.T.);
#2066 = ORIENTED_EDGE('',*,*,#1997,.T.);
#2067 = ORIENTED_EDGE('',*,*,#2068,.T.);
#2068 = EDGE_CURVE('',#1990,#2069,#2071,.T.);
#2069 = VERTEX_POINT('',#2070);
#2070 = CARTESIAN_POINT('',(-6.593990675002,0.602981539572,
    4.863104860519));
#2071 = LINE('',#2072,#2073);
#2072 = CARTESIAN_POINT('',(-6.593990675002,9.302936340872,
    4.863104860519));
#2073 = VECTOR('',#2074,1.);
#2074 = DIRECTION('',(-2.22044604925E-16,-1.,1.110223024625E-16));
#2075 = ORIENTED_EDGE('',*,*,#2076,.F.);
#2076 = EDGE_CURVE('',#2049,#2069,#2077,.T.);
#2077 = LINE('',#2078,#2079);
#2078 = CARTESIAN_POINT('',(-7.097923074752,0.602981539572,
    5.114356286819));
#2079 = VECTOR('',#2080,1.);
#2080 = DIRECTION('',(0.894934361602,-2.482532553209E-16,-0.44619781311)
  );
#2081 = PLANE('',#2082);
#2082 = AXIS2_PLACEMENT_3D('',#2083,#2084,#2085);
#2083 = CARTESIAN_POINT('',(-6.808964743702,3.973869668472,
    4.970286977419));
#2084 = DIRECTION('',(0.44619781311,2.818562474556E-19,0.894934361602));
#2085 = DIRECTION('',(-0.894934361602,2.482532553209E-16,0.44619781311)
  );
#2086 = ADVANCED_FACE('',(#2087),#2109,.T.);
#2087 = FACE_BOUND('',#2088,.T.);
#2088 = EDGE_LOOP('',(#2089,#2090,#2099,#2107,#2108));
#2089 = ORIENTED_EDGE('',*,*,#2059,.T.);
#2090 = ORIENTED_EDGE('',*,*,#2091,.F.);
#2091 = EDGE_CURVE('',#2092,#2047,#2094,.T.);
#2092 = VERTEX_POINT('',#2093);
#2093 = CARTESIAN_POINT('',(-7.090723724632,1.802981539172,
    12.345720643919));
#2094 = CIRCLE('',#2095,36.9);
#2095 = AXIS2_PLACEMENT_3D('',#2096,#2097,#2098);
#2096 = CARTESIAN_POINT('',(27.70000000115,1.802981539172,
    4.874773851905E-02));
#2097 = DIRECTION('',(-2.22044604925E-16,-1.,1.110223024625E-16));
#2098 = DIRECTION('',(-1.,2.22044604925E-16,1.224646799147E-16));
#2099 = ORIENTED_EDGE('',*,*,#2100,.F.);
#2100 = EDGE_CURVE('',#1832,#2092,#2101,.T.);
#2101 = B_SPLINE_CURVE_WITH_KNOTS('',4,(#2102,#2103,#2104,#2105,#2106),
  .UNSPECIFIED.,.F.,.F.,(5,5),(0.,20.1822466679),
  .PIECEWISE_BEZIER_KNOTS.);
#2102 = CARTESIAN_POINT('',(-0.32873525395,6.062535053572,
    24.048747738512));
#2103 = CARTESIAN_POINT('',(-2.561261207802,5.113560331172,
    21.441461117229));
#2104 = CARTESIAN_POINT('',(-4.453890147472,4.070642718772,
    18.576196485269));
#2105 = CARTESIAN_POINT('',(-5.968181950772,2.958917176772,
    15.521627516309));
#2106 = CARTESIAN_POINT('',(-7.090723728092,1.802981539172,
    12.345720634119));
#2107 = ORIENTED_EDGE('',*,*,#1831,.T.);
#2108 = ORIENTED_EDGE('',*,*,#1582,.T.);
#2109 = CYLINDRICAL_SURFACE('',#2110,36.9);
#2110 = AXIS2_PLACEMENT_3D('',#2111,#2112,#2113);
#2111 = CARTESIAN_POINT('',(27.70000000115,7.602981539872,
    4.874773851905E-02));
#2112 = DIRECTION('',(-2.22044604925E-16,-1.,1.110223024625E-16));
#2113 = DIRECTION('',(1.,-2.22044604925E-16,-2.449293598297E-16));
#2114 = ADVANCED_FACE('',(#2115),#2154,.F.);
#2115 = FACE_BOUND('',#2116,.F.);
#2116 = EDGE_LOOP('',(#2117,#2127,#2136,#2137,#2138,#2144,#2145));
#2117 = ORIENTED_EDGE('',*,*,#2118,.F.);
#2118 = EDGE_CURVE('',#2119,#2121,#2123,.T.);
#2119 = VERTEX_POINT('',#2120);
#2120 = CARTESIAN_POINT('',(-6.846924607792,0.602981540172,
    9.048747739319));
#2121 = VERTEX_POINT('',#2122);
#2122 = CARTESIAN_POINT('',(-5.419802016722,0.602981539572,
    9.048747737519));
#2123 = LINE('',#2124,#2125);
#2124 = CARTESIAN_POINT('',(-6.133363312252,0.602981540172,
    9.048747739319));
#2125 = VECTOR('',#2126,1.);
#2126 = DIRECTION('',(1.,-2.22044604925E-16,-1.224646799147E-16));
#2127 = ORIENTED_EDGE('',*,*,#2128,.T.);
#2128 = EDGE_CURVE('',#2119,#2092,#2129,.T.);
#2129 = B_SPLINE_CURVE_WITH_KNOTS('',5,(#2130,#2131,#2132,#2133,#2134,
    #2135),.UNSPECIFIED.,.F.,.F.,(6,6),(0.,4.97476110262),
  .PIECEWISE_BEZIER_KNOTS.);
#2130 = CARTESIAN_POINT('',(-6.846924607792,0.602981540172,
    9.048747739319));
#2131 = CARTESIAN_POINT('',(-6.922617549622,0.841296411272,
    9.703512466419));
#2132 = CARTESIAN_POINT('',(-6.984944757902,1.080569054172,
    10.360908649819));
#2133 = CARTESIAN_POINT('',(-7.033846190072,1.320892942672,
    11.021193106819));
#2134 = CARTESIAN_POINT('',(-7.069121873862,1.561664590872,
    11.682707773419));
#2135 = CARTESIAN_POINT('',(-7.090723727972,1.802981537072,
    12.345720634219));
#2136 = ORIENTED_EDGE('',*,*,#2100,.F.);
#2137 = ORIENTED_EDGE('',*,*,#1839,.F.);
#2138 = ORIENTED_EDGE('',*,*,#2139,.T.);
#2139 = EDGE_CURVE('',#1840,#1916,#2140,.T.);
#2140 = LINE('',#2141,#2142);
#2141 = CARTESIAN_POINT('',(0.50000000075,5.891809955972,23.579684387015
    ));
#2142 = VECTOR('',#2143,1.);
#2143 = DIRECTION('',(-1.91022883624E-16,-0.342020143326,-0.939692620786
    ));
#2144 = ORIENTED_EDGE('',*,*,#1915,.T.);
#2145 = ORIENTED_EDGE('',*,*,#2146,.F.);
#2146 = EDGE_CURVE('',#2121,#1905,#2147,.T.);
#2147 = B_SPLINE_CURVE_WITH_KNOTS('',5,(#2148,#2149,#2150,#2151,#2152,
    #2153),.UNSPECIFIED.,.F.,.F.,(6,6),(0.,5.65779381115),
  .PIECEWISE_BEZIER_KNOTS.);
#2148 = CARTESIAN_POINT('',(-5.419802016722,0.602981539572,
    9.048747737519));
#2149 = CARTESIAN_POINT('',(-5.054624195782,0.847231173472,
    9.719818091419));
#2150 = CARTESIAN_POINT('',(-4.679811861262,1.089418381272,
    10.385221976019));
#2151 = CARTESIAN_POINT('',(-4.295258562352,1.329594169872,
    11.045099532019));
#2152 = CARTESIAN_POINT('',(-3.901464204922,1.567432566372,
    11.698555155819));
#2153 = CARTESIAN_POINT('',(-3.498331264742,1.802981449172,
    12.345720392719));
#2154 = PLANE('',#2155);
#2155 = AXIS2_PLACEMENT_3D('',#2156,#2157,#2158);
#2156 = CARTESIAN_POINT('',(-7.099999998842,-1.644870456728,
    2.872825135519));
#2157 = DIRECTION('',(1.667682893566E-16,0.939692620786,-0.342020143326)
  );
#2158 = DIRECTION('',(1.91022883624E-16,0.342020143326,0.939692620786));
#2159 = ADVANCED_FACE('',(#2160),#2171,.T.);
#2160 = FACE_BOUND('',#2161,.T.);
#2161 = EDGE_LOOP('',(#2162,#2168,#2169,#2170));
#2162 = ORIENTED_EDGE('',*,*,#2163,.F.);
#2163 = EDGE_CURVE('',#1848,#1925,#2164,.T.);
#2164 = LINE('',#2165,#2166);
#2165 = CARTESIAN_POINT('',(0.50000000115,26.499683848072,
    23.579684387588));
#2166 = VECTOR('',#2167,1.);
#2167 = DIRECTION('',(-1.224646799147E-16,-1.110223024625E-16,-1.));
#2168 = ORIENTED_EDGE('',*,*,#1847,.F.);
#2169 = ORIENTED_EDGE('',*,*,#2139,.T.);
#2170 = ORIENTED_EDGE('',*,*,#1924,.F.);
#2171 = PLANE('',#2172);
#2172 = AXIS2_PLACEMENT_3D('',#2173,#2174,#2175);
#2173 = CARTESIAN_POINT('',(0.50000000115,-0.397018460128,
    24.048747738519));
#2174 = DIRECTION('',(1.,-2.22044604925E-16,-1.224646799147E-16));
#2175 = DIRECTION('',(-1.224646799147E-16,-1.110223024625E-16,-1.));
#2176 = ADVANCED_FACE('',(#2177),#2183,.F.);
#2177 = FACE_BOUND('',#2178,.T.);
#2178 = EDGE_LOOP('',(#2179,#2180,#2181,#2182));
#2179 = ORIENTED_EDGE('',*,*,#1932,.F.);
#2180 = ORIENTED_EDGE('',*,*,#1878,.F.);
#2181 = ORIENTED_EDGE('',*,*,#1855,.T.);
#2182 = ORIENTED_EDGE('',*,*,#2163,.T.);
#2183 = PLANE('',#2184);
#2184 = AXIS2_PLACEMENT_3D('',#2185,#2186,#2187);
#2185 = CARTESIAN_POINT('',(-4.855291425902,27.934629861272,
    4.874773851905E-02));
#2186 = DIRECTION('',(-0.258819045103,-0.965925826289,1.38935500757E-16)
  );
#2187 = DIRECTION('',(0.965925826289,-0.258819045103,-8.955711082937E-17
    ));
#2188 = ADVANCED_FACE('',(#2189),#2211,.T.);
#2189 = FACE_BOUND('',#2190,.T.);
#2190 = EDGE_LOOP('',(#2191,#2199,#2200,#2201,#2202));
#2191 = ORIENTED_EDGE('',*,*,#2192,.T.);
#2192 = EDGE_CURVE('',#2193,#2069,#2195,.T.);
#2193 = VERTEX_POINT('',#2194);
#2194 = CARTESIAN_POINT('',(-5.962587424672,0.602981535872,
    5.026396844119));
#2195 = LINE('',#2196,#2197);
#2196 = CARTESIAN_POINT('',(-6.278289050962,0.602981538672,
    4.944750852219));
#2197 = VECTOR('',#2198,1.);
#2198 = DIRECTION('',(-0.968147640378,2.856044258886E-09,-0.250380004054
    ));
#2199 = ORIENTED_EDGE('',*,*,#2068,.F.);
#2200 = ORIENTED_EDGE('',*,*,#1989,.F.);
#2201 = ORIENTED_EDGE('',*,*,#1953,.T.);
#2202 = ORIENTED_EDGE('',*,*,#2203,.T.);
#2203 = EDGE_CURVE('',#1907,#2193,#2204,.T.);
#2204 = B_SPLINE_CURVE_WITH_KNOTS('',5,(#2205,#2206,#2207,#2208,#2209,
    #2210),.UNSPECIFIED.,.F.,.F.,(6,6),(0.,2.47993297682),
  .PIECEWISE_BEZIER_KNOTS.);
#2205 = CARTESIAN_POINT('',(-4.724632323942,1.802981536972,
    5.346553801819));
#2206 = CARTESIAN_POINT('',(-4.972264633392,1.563323247072,
    5.282511732119));
#2207 = CARTESIAN_POINT('',(-5.219877613112,1.323488333572,
    5.218474661519));
#2208 = CARTESIAN_POINT('',(-5.467470196672,1.083482373872,
    5.154442865619));
#2209 = CARTESIAN_POINT('',(-5.715040471252,0.843311666572,
    5.090416839219));
#2210 = CARTESIAN_POINT('',(-5.962587424672,0.602981535872,
    5.026396844119));
#2211 = PLANE('',#2212);
#2212 = AXIS2_PLACEMENT_3D('',#2213,#2214,#2215);
#2213 = CARTESIAN_POINT('',(-6.361429890792,3.973869668472,
    4.923249169019));
#2214 = DIRECTION('',(0.250380004054,-1.630815092398E-16,-0.968147640378
    ));
#2215 = DIRECTION('',(0.968147640378,-1.871741957763E-16,0.250380004054)
  );
#2216 = ADVANCED_FACE('',(#2217),#2229,.F.);
#2217 = FACE_BOUND('',#2218,.F.);
#2218 = EDGE_LOOP('',(#2219,#2226,#2227,#2228));
#2219 = ORIENTED_EDGE('',*,*,#2220,.F.);
#2220 = EDGE_CURVE('',#2121,#2193,#2221,.T.);
#2221 = CIRCLE('',#2222,52.2999999999);
#2222 = AXIS2_PLACEMENT_3D('',#2223,#2224,#2225);
#2223 = CARTESIAN_POINT('',(46.10000000105,0.602981536072,
    4.874773861905E-02));
#2224 = DIRECTION('',(-7.20019224123E-11,-1.,2.04415373517E-11));
#2225 = DIRECTION('',(-1.,7.20019224123E-11,1.224646799067E-16));
#2226 = ORIENTED_EDGE('',*,*,#2146,.T.);
#2227 = ORIENTED_EDGE('',*,*,#1904,.T.);
#2228 = ORIENTED_EDGE('',*,*,#2203,.T.);
#2229 = CONICAL_SURFACE('',#2230,0.,0.785398163325);
#2230 = AXIS2_PLACEMENT_3D('',#2231,#2232,#2233);
#2231 = CARTESIAN_POINT('',(46.10000000485,52.902981543552,
    4.874773751904E-02));
#2232 = DIRECTION('',(-7.2001885935E-11,-1.,2.04415373517E-11));
#2233 = DIRECTION('',(1.,-7.200188593499E-11,4.672505237751E-13));
#2234 = ADVANCED_FACE('',(#2235),#2247,.T.);
#2235 = FACE_BOUND('',#2236,.T.);
#2236 = EDGE_LOOP('',(#2237,#2238,#2245,#2246));
#2237 = ORIENTED_EDGE('',*,*,#2046,.T.);
#2238 = ORIENTED_EDGE('',*,*,#2239,.T.);
#2239 = EDGE_CURVE('',#2049,#2119,#2240,.T.);
#2240 = CIRCLE('',#2241,35.6999999998);
#2241 = AXIS2_PLACEMENT_3D('',#2242,#2243,#2244);
#2242 = CARTESIAN_POINT('',(27.70000000115,0.602981539772,
    4.874773851905E-02));
#2243 = DIRECTION('',(-2.942036554457E-14,1.,1.617408693124E-14));
#2244 = DIRECTION('',(1.,2.942036554457E-14,-1.224646799147E-16));
#2245 = ORIENTED_EDGE('',*,*,#2128,.T.);
#2246 = ORIENTED_EDGE('',*,*,#2091,.T.);
#2247 = CONICAL_SURFACE('',#2248,0.,0.785398163397);
#2248 = AXIS2_PLACEMENT_3D('',#2249,#2250,#2251);
#2249 = CARTESIAN_POINT('',(27.70000000115,-35.09701846012,
    4.874773851906E-02));
#2250 = DIRECTION('',(-2.938390271837E-14,1.,1.617224872534E-14));
#2251 = DIRECTION('',(-0.99873167431,-3.01608942721E-14,
    5.034920784736E-02));
#2252 = ADVANCED_FACE('',(#2253),#2260,.F.);
#2253 = FACE_BOUND('',#2254,.T.);
#2254 = EDGE_LOOP('',(#2255,#2256,#2257,#2258,#2259));
#2255 = ORIENTED_EDGE('',*,*,#2118,.F.);
#2256 = ORIENTED_EDGE('',*,*,#2239,.F.);
#2257 = ORIENTED_EDGE('',*,*,#2076,.T.);
#2258 = ORIENTED_EDGE('',*,*,#2192,.F.);
#2259 = ORIENTED_EDGE('',*,*,#2220,.F.);
#2260 = PLANE('',#2261);
#2261 = AXIS2_PLACEMENT_3D('',#2262,#2263,#2264);
#2262 = CARTESIAN_POINT('',(-7.099999998842,0.602981539872,
    4.874773851905E-02));
#2263 = DIRECTION('',(2.22044604925E-16,1.,-1.110223024625E-16));
#2264 = DIRECTION('',(1.,-2.22044604925E-16,-1.224646799147E-16));
#2265 = ( GEOMETRIC_REPRESENTATION_CONTEXT(3) 
GLOBAL_UNCERTAINTY_ASSIGNED_CONTEXT((#2269)) 
GLOBAL_UNIT_ASSIGNED_CONTEXT((#2266,#2267,#2268)) REPRESENTATION_CONTEXT
('Context #1','3D Context with UNIT and UNCERTAINTY') );
#2266 = ( LENGTH_UNIT() NAMED_UNIT(*) SI_UNIT(.MILLI.,.METRE.) );
#2267 = ( NAMED_UNIT(*) PLANE_ANGLE_UNIT() SI_UNIT($,.RADIAN.) );
#2268 = ( NAMED_UNIT(*) SI_UNIT($,.STERADIAN.) SOLID_ANGLE_UNIT() );
#2269 = UNCERTAINTY_MEASURE_WITH_UNIT(LENGTH_MEASURE(1.E-04),#2266,
  'distance_accuracy_value','confusion accuracy');
#2270 = PRODUCT_RELATED_PRODUCT_CATEGORY('part',$,(#7));
#2271 = MECHANICAL_DESIGN_GEOMETRIC_PRESENTATION_REPRESENTATION('',(
    #2272),#2265);
#2272 = STYLED_ITEM('color',(#2273),#15);
#2273 = PRESENTATION_STYLE_ASSIGNMENT((#2274));
#2274 = SURFACE_STYLE_USAGE(.BOTH.,#2275);
#2275 = SURFACE_SIDE_STYLE('',(#2276));
#2276 = SURFACE_STYLE_FILL_AREA(#2277);
#2277 = FILL_AREA_STYLE('',(#2278));
#2278 = FILL_AREA_STYLE_COLOUR('',#2279);
#2279 = COLOUR_RGB('',0.588235318661,0.588235318661,0.588235318661);
ENDSEC;
END-ISO-10303-21;
